ISO-10303-21;
HEADER;
/* Generated by software containing ST-Developer
 * from STEP Tools, Inc. (www.steptools.com) 
 */

FILE_DESCRIPTION(
/* description */ ('NOT SPECIFIED'),
/* implementation_level */ '2;1');

FILE_NAME(
/* name */ '2-CD.step',
/* time_stamp */ '2026-07-07T17:42:05+08:00',
/* author */ (''),
/* organization */ (''),
/* preprocessor_version */ 'ST-DEVELOPER v20.1',
/* originating_system */ 'Autodesk Translation Framework v15.8.0.0',
/* authorisation */ '');

FILE_SCHEMA (('AUTOMOTIVE_DESIGN { 1 0 10303 214 3 1 1 }'));
ENDSEC;

DATA;
#10=MECHANICAL_DESIGN_GEOMETRIC_PRESENTATION_REPRESENTATION('',(#13,#14),
#4349);
#11=SHAPE_REPRESENTATION_RELATIONSHIP('SRR','None',#4356,#12);
#12=ADVANCED_BREP_SHAPE_REPRESENTATION('',(#15,#16),#4348);
#13=STYLED_ITEM('',(#4365),#15);
#14=STYLED_ITEM('',(#4365),#16);
#15=MANIFOLD_SOLID_BREP('\X2\5B9E4F53\X0\1',#2402);
#16=MANIFOLD_SOLID_BREP('\X2\5B9E4F53\X0\2',#2403);
#17=(
BOUNDED_SURFACE()
B_SPLINE_SURFACE(2,1,((#4318,#4319),(#4320,#4321),(#4322,#4323),(#4324,
#4325),(#4326,#4327),(#4328,#4329),(#4330,#4331),(#4332,#4333),(#4334,#4335)),
 .UNSPECIFIED.,.T.,.F.,.F.)
B_SPLINE_SURFACE_WITH_KNOTS((3,2,2,2,3),(2,2),(-3.14159265358979,-1.5707963267949,
0.,1.5707963267949,3.14159265358979),(-1.515,0.0149999999999999),
 .UNSPECIFIED.)
GEOMETRIC_REPRESENTATION_ITEM()
RATIONAL_B_SPLINE_SURFACE(((1.,1.),(0.707106781186542,0.707106781186542),
(1.,1.),(0.707106781186542,0.707106781186542),(1.,1.),(0.707106781186548,
0.707106781186548),(1.,1.),(0.707106781186548,0.707106781186548),(1.,1.)))
REPRESENTATION_ITEM('')
SURFACE()
);
#18=ELLIPSE('',#2760,3.00000000000001,1.00000000000002);
#19=ELLIPSE('',#2761,3.00000000000001,1.00000000000002);
#20=CYLINDRICAL_SURFACE('',#2755,20.);
#21=CYLINDRICAL_SURFACE('',#2765,19.75);
#22=FACE_BOUND('',#300,.T.);
#23=PLANE('',#2637);
#24=PLANE('',#2639);
#25=PLANE('',#2759);
#26=PLANE('',#2762);
#27=PLANE('',#2763);
#28=PLANE('',#2767);
#29=FACE_OUTER_BOUND('',#191,.T.);
#30=FACE_OUTER_BOUND('',#192,.T.);
#31=FACE_OUTER_BOUND('',#193,.T.);
#32=FACE_OUTER_BOUND('',#194,.T.);
#33=FACE_OUTER_BOUND('',#195,.T.);
#34=FACE_OUTER_BOUND('',#196,.T.);
#35=FACE_OUTER_BOUND('',#197,.T.);
#36=FACE_OUTER_BOUND('',#198,.T.);
#37=FACE_OUTER_BOUND('',#199,.T.);
#38=FACE_OUTER_BOUND('',#200,.T.);
#39=FACE_OUTER_BOUND('',#201,.T.);
#40=FACE_OUTER_BOUND('',#202,.T.);
#41=FACE_OUTER_BOUND('',#203,.T.);
#42=FACE_OUTER_BOUND('',#204,.T.);
#43=FACE_OUTER_BOUND('',#205,.T.);
#44=FACE_OUTER_BOUND('',#206,.T.);
#45=FACE_OUTER_BOUND('',#207,.T.);
#46=FACE_OUTER_BOUND('',#208,.T.);
#47=FACE_OUTER_BOUND('',#209,.T.);
#48=FACE_OUTER_BOUND('',#210,.T.);
#49=FACE_OUTER_BOUND('',#211,.T.);
#50=FACE_OUTER_BOUND('',#212,.T.);
#51=FACE_OUTER_BOUND('',#213,.T.);
#52=FACE_OUTER_BOUND('',#214,.T.);
#53=FACE_OUTER_BOUND('',#215,.T.);
#54=FACE_OUTER_BOUND('',#216,.T.);
#55=FACE_OUTER_BOUND('',#217,.T.);
#56=FACE_OUTER_BOUND('',#218,.T.);
#57=FACE_OUTER_BOUND('',#219,.T.);
#58=FACE_OUTER_BOUND('',#220,.T.);
#59=FACE_OUTER_BOUND('',#221,.T.);
#60=FACE_OUTER_BOUND('',#222,.T.);
#61=FACE_OUTER_BOUND('',#223,.T.);
#62=FACE_OUTER_BOUND('',#224,.T.);
#63=FACE_OUTER_BOUND('',#225,.T.);
#64=FACE_OUTER_BOUND('',#226,.T.);
#65=FACE_OUTER_BOUND('',#227,.T.);
#66=FACE_OUTER_BOUND('',#228,.T.);
#67=FACE_OUTER_BOUND('',#229,.T.);
#68=FACE_OUTER_BOUND('',#230,.T.);
#69=FACE_OUTER_BOUND('',#231,.T.);
#70=FACE_OUTER_BOUND('',#232,.T.);
#71=FACE_OUTER_BOUND('',#233,.T.);
#72=FACE_OUTER_BOUND('',#234,.T.);
#73=FACE_OUTER_BOUND('',#235,.T.);
#74=FACE_OUTER_BOUND('',#236,.T.);
#75=FACE_OUTER_BOUND('',#237,.T.);
#76=FACE_OUTER_BOUND('',#238,.T.);
#77=FACE_OUTER_BOUND('',#239,.T.);
#78=FACE_OUTER_BOUND('',#240,.T.);
#79=FACE_OUTER_BOUND('',#241,.T.);
#80=FACE_OUTER_BOUND('',#242,.T.);
#81=FACE_OUTER_BOUND('',#243,.T.);
#82=FACE_OUTER_BOUND('',#244,.T.);
#83=FACE_OUTER_BOUND('',#245,.T.);
#84=FACE_OUTER_BOUND('',#246,.T.);
#85=FACE_OUTER_BOUND('',#247,.T.);
#86=FACE_OUTER_BOUND('',#248,.T.);
#87=FACE_OUTER_BOUND('',#249,.T.);
#88=FACE_OUTER_BOUND('',#250,.T.);
#89=FACE_OUTER_BOUND('',#251,.T.);
#90=FACE_OUTER_BOUND('',#252,.T.);
#91=FACE_OUTER_BOUND('',#253,.T.);
#92=FACE_OUTER_BOUND('',#254,.T.);
#93=FACE_OUTER_BOUND('',#255,.T.);
#94=FACE_OUTER_BOUND('',#256,.T.);
#95=FACE_OUTER_BOUND('',#257,.T.);
#96=FACE_OUTER_BOUND('',#258,.T.);
#97=FACE_OUTER_BOUND('',#259,.T.);
#98=FACE_OUTER_BOUND('',#260,.T.);
#99=FACE_OUTER_BOUND('',#261,.T.);
#100=FACE_OUTER_BOUND('',#262,.T.);
#101=FACE_OUTER_BOUND('',#263,.T.);
#102=FACE_OUTER_BOUND('',#264,.T.);
#103=FACE_OUTER_BOUND('',#265,.T.);
#104=FACE_OUTER_BOUND('',#266,.T.);
#105=FACE_OUTER_BOUND('',#267,.T.);
#106=FACE_OUTER_BOUND('',#268,.T.);
#107=FACE_OUTER_BOUND('',#269,.T.);
#108=FACE_OUTER_BOUND('',#270,.T.);
#109=FACE_OUTER_BOUND('',#271,.T.);
#110=FACE_OUTER_BOUND('',#272,.T.);
#111=FACE_OUTER_BOUND('',#273,.T.);
#112=FACE_OUTER_BOUND('',#274,.T.);
#113=FACE_OUTER_BOUND('',#275,.T.);
#114=FACE_OUTER_BOUND('',#276,.T.);
#115=FACE_OUTER_BOUND('',#277,.T.);
#116=FACE_OUTER_BOUND('',#278,.T.);
#117=FACE_OUTER_BOUND('',#279,.T.);
#118=FACE_OUTER_BOUND('',#280,.T.);
#119=FACE_OUTER_BOUND('',#281,.T.);
#120=FACE_OUTER_BOUND('',#282,.T.);
#121=FACE_OUTER_BOUND('',#283,.T.);
#122=FACE_OUTER_BOUND('',#284,.T.);
#123=FACE_OUTER_BOUND('',#285,.T.);
#124=FACE_OUTER_BOUND('',#286,.T.);
#125=FACE_OUTER_BOUND('',#287,.T.);
#126=FACE_OUTER_BOUND('',#288,.T.);
#127=FACE_OUTER_BOUND('',#289,.T.);
#128=FACE_OUTER_BOUND('',#290,.T.);
#129=FACE_OUTER_BOUND('',#291,.T.);
#130=FACE_OUTER_BOUND('',#292,.T.);
#131=FACE_OUTER_BOUND('',#293,.T.);
#132=FACE_OUTER_BOUND('',#294,.T.);
#133=FACE_OUTER_BOUND('',#295,.T.);
#134=FACE_OUTER_BOUND('',#296,.T.);
#135=FACE_OUTER_BOUND('',#297,.T.);
#136=FACE_OUTER_BOUND('',#298,.T.);
#137=FACE_OUTER_BOUND('',#299,.T.);
#138=FACE_OUTER_BOUND('',#301,.T.);
#139=FACE_OUTER_BOUND('',#302,.T.);
#140=FACE_OUTER_BOUND('',#303,.T.);
#141=FACE_OUTER_BOUND('',#304,.T.);
#142=FACE_OUTER_BOUND('',#305,.T.);
#143=FACE_OUTER_BOUND('',#306,.T.);
#144=FACE_OUTER_BOUND('',#307,.T.);
#145=FACE_OUTER_BOUND('',#308,.T.);
#146=FACE_OUTER_BOUND('',#309,.T.);
#147=FACE_OUTER_BOUND('',#310,.T.);
#148=FACE_OUTER_BOUND('',#311,.T.);
#149=FACE_OUTER_BOUND('',#312,.T.);
#150=FACE_OUTER_BOUND('',#313,.T.);
#151=FACE_OUTER_BOUND('',#314,.T.);
#152=FACE_OUTER_BOUND('',#315,.T.);
#153=FACE_OUTER_BOUND('',#316,.T.);
#154=FACE_OUTER_BOUND('',#317,.T.);
#155=FACE_OUTER_BOUND('',#318,.T.);
#156=FACE_OUTER_BOUND('',#319,.T.);
#157=FACE_OUTER_BOUND('',#320,.T.);
#158=FACE_OUTER_BOUND('',#321,.T.);
#159=FACE_OUTER_BOUND('',#322,.T.);
#160=FACE_OUTER_BOUND('',#323,.T.);
#161=FACE_OUTER_BOUND('',#324,.T.);
#162=FACE_OUTER_BOUND('',#325,.T.);
#163=FACE_OUTER_BOUND('',#326,.T.);
#164=FACE_OUTER_BOUND('',#327,.T.);
#165=FACE_OUTER_BOUND('',#328,.T.);
#166=FACE_OUTER_BOUND('',#329,.T.);
#167=FACE_OUTER_BOUND('',#330,.T.);
#168=FACE_OUTER_BOUND('',#331,.T.);
#169=FACE_OUTER_BOUND('',#332,.T.);
#170=FACE_OUTER_BOUND('',#333,.T.);
#171=FACE_OUTER_BOUND('',#334,.T.);
#172=FACE_OUTER_BOUND('',#335,.T.);
#173=FACE_OUTER_BOUND('',#336,.T.);
#174=FACE_OUTER_BOUND('',#337,.T.);
#175=FACE_OUTER_BOUND('',#338,.T.);
#176=FACE_OUTER_BOUND('',#339,.T.);
#177=FACE_OUTER_BOUND('',#340,.T.);
#178=FACE_OUTER_BOUND('',#341,.T.);
#179=FACE_OUTER_BOUND('',#342,.T.);
#180=FACE_OUTER_BOUND('',#343,.T.);
#181=FACE_OUTER_BOUND('',#344,.T.);
#182=FACE_OUTER_BOUND('',#345,.T.);
#183=FACE_OUTER_BOUND('',#346,.T.);
#184=FACE_OUTER_BOUND('',#347,.T.);
#185=FACE_OUTER_BOUND('',#348,.T.);
#186=FACE_OUTER_BOUND('',#349,.T.);
#187=FACE_OUTER_BOUND('',#350,.T.);
#188=FACE_OUTER_BOUND('',#351,.T.);
#189=FACE_OUTER_BOUND('',#352,.T.);
#190=FACE_OUTER_BOUND('',#353,.T.);
#191=EDGE_LOOP('',(#1393,#1394,#1395,#1396,#1397));
#192=EDGE_LOOP('',(#1398,#1399,#1400,#1401,#1402,#1403));
#193=EDGE_LOOP('',(#1404,#1405,#1406,#1407,#1408));
#194=EDGE_LOOP('',(#1409,#1410,#1411,#1412,#1413));
#195=EDGE_LOOP('',(#1414,#1415,#1416,#1417,#1418));
#196=EDGE_LOOP('',(#1419,#1420,#1421,#1422,#1423));
#197=EDGE_LOOP('',(#1424,#1425,#1426,#1427,#1428));
#198=EDGE_LOOP('',(#1429,#1430,#1431,#1432,#1433));
#199=EDGE_LOOP('',(#1434,#1435,#1436,#1437));
#200=EDGE_LOOP('',(#1438,#1439,#1440,#1441));
#201=EDGE_LOOP('',(#1442,#1443,#1444,#1445));
#202=EDGE_LOOP('',(#1446,#1447,#1448,#1449));
#203=EDGE_LOOP('',(#1450,#1451,#1452,#1453));
#204=EDGE_LOOP('',(#1454,#1455,#1456,#1457));
#205=EDGE_LOOP('',(#1458,#1459,#1460,#1461));
#206=EDGE_LOOP('',(#1462,#1463,#1464,#1465));
#207=EDGE_LOOP('',(#1466,#1467,#1468,#1469));
#208=EDGE_LOOP('',(#1470,#1471,#1472,#1473));
#209=EDGE_LOOP('',(#1474,#1475,#1476,#1477));
#210=EDGE_LOOP('',(#1478,#1479,#1480,#1481));
#211=EDGE_LOOP('',(#1482,#1483,#1484,#1485));
#212=EDGE_LOOP('',(#1486,#1487,#1488,#1489));
#213=EDGE_LOOP('',(#1490,#1491,#1492,#1493));
#214=EDGE_LOOP('',(#1494,#1495,#1496,#1497));
#215=EDGE_LOOP('',(#1498,#1499,#1500,#1501));
#216=EDGE_LOOP('',(#1502,#1503,#1504,#1505));
#217=EDGE_LOOP('',(#1506,#1507,#1508,#1509));
#218=EDGE_LOOP('',(#1510,#1511,#1512,#1513));
#219=EDGE_LOOP('',(#1514,#1515,#1516,#1517));
#220=EDGE_LOOP('',(#1518,#1519,#1520,#1521));
#221=EDGE_LOOP('',(#1522,#1523,#1524,#1525));
#222=EDGE_LOOP('',(#1526,#1527,#1528,#1529));
#223=EDGE_LOOP('',(#1530,#1531,#1532,#1533));
#224=EDGE_LOOP('',(#1534,#1535,#1536,#1537));
#225=EDGE_LOOP('',(#1538,#1539,#1540,#1541));
#226=EDGE_LOOP('',(#1542,#1543,#1544,#1545));
#227=EDGE_LOOP('',(#1546,#1547,#1548,#1549));
#228=EDGE_LOOP('',(#1550,#1551,#1552,#1553));
#229=EDGE_LOOP('',(#1554,#1555,#1556,#1557));
#230=EDGE_LOOP('',(#1558,#1559,#1560,#1561));
#231=EDGE_LOOP('',(#1562,#1563,#1564,#1565));
#232=EDGE_LOOP('',(#1566,#1567,#1568,#1569));
#233=EDGE_LOOP('',(#1570,#1571,#1572,#1573));
#234=EDGE_LOOP('',(#1574,#1575,#1576,#1577));
#235=EDGE_LOOP('',(#1578,#1579,#1580,#1581));
#236=EDGE_LOOP('',(#1582,#1583,#1584,#1585));
#237=EDGE_LOOP('',(#1586,#1587,#1588,#1589));
#238=EDGE_LOOP('',(#1590,#1591,#1592,#1593));
#239=EDGE_LOOP('',(#1594,#1595,#1596,#1597));
#240=EDGE_LOOP('',(#1598,#1599,#1600,#1601));
#241=EDGE_LOOP('',(#1602,#1603,#1604,#1605));
#242=EDGE_LOOP('',(#1606,#1607,#1608,#1609));
#243=EDGE_LOOP('',(#1610,#1611,#1612,#1613));
#244=EDGE_LOOP('',(#1614,#1615,#1616,#1617));
#245=EDGE_LOOP('',(#1618,#1619,#1620,#1621));
#246=EDGE_LOOP('',(#1622,#1623,#1624,#1625));
#247=EDGE_LOOP('',(#1626,#1627,#1628,#1629));
#248=EDGE_LOOP('',(#1630,#1631,#1632,#1633));
#249=EDGE_LOOP('',(#1634,#1635,#1636,#1637));
#250=EDGE_LOOP('',(#1638,#1639,#1640,#1641));
#251=EDGE_LOOP('',(#1642,#1643,#1644,#1645));
#252=EDGE_LOOP('',(#1646,#1647,#1648,#1649));
#253=EDGE_LOOP('',(#1650,#1651,#1652,#1653));
#254=EDGE_LOOP('',(#1654,#1655,#1656,#1657));
#255=EDGE_LOOP('',(#1658,#1659,#1660,#1661));
#256=EDGE_LOOP('',(#1662,#1663,#1664,#1665));
#257=EDGE_LOOP('',(#1666,#1667,#1668,#1669));
#258=EDGE_LOOP('',(#1670,#1671,#1672,#1673));
#259=EDGE_LOOP('',(#1674,#1675,#1676,#1677));
#260=EDGE_LOOP('',(#1678,#1679,#1680,#1681));
#261=EDGE_LOOP('',(#1682,#1683,#1684,#1685));
#262=EDGE_LOOP('',(#1686,#1687,#1688,#1689));
#263=EDGE_LOOP('',(#1690,#1691,#1692,#1693));
#264=EDGE_LOOP('',(#1694,#1695,#1696,#1697));
#265=EDGE_LOOP('',(#1698,#1699,#1700,#1701));
#266=EDGE_LOOP('',(#1702,#1703,#1704,#1705));
#267=EDGE_LOOP('',(#1706,#1707,#1708,#1709));
#268=EDGE_LOOP('',(#1710,#1711,#1712,#1713));
#269=EDGE_LOOP('',(#1714,#1715,#1716,#1717));
#270=EDGE_LOOP('',(#1718,#1719,#1720,#1721));
#271=EDGE_LOOP('',(#1722,#1723,#1724,#1725));
#272=EDGE_LOOP('',(#1726,#1727,#1728,#1729));
#273=EDGE_LOOP('',(#1730,#1731,#1732,#1733));
#274=EDGE_LOOP('',(#1734,#1735,#1736,#1737));
#275=EDGE_LOOP('',(#1738,#1739,#1740,#1741));
#276=EDGE_LOOP('',(#1742,#1743,#1744,#1745));
#277=EDGE_LOOP('',(#1746,#1747,#1748,#1749));
#278=EDGE_LOOP('',(#1750,#1751,#1752,#1753));
#279=EDGE_LOOP('',(#1754,#1755,#1756,#1757));
#280=EDGE_LOOP('',(#1758,#1759,#1760,#1761));
#281=EDGE_LOOP('',(#1762,#1763,#1764,#1765));
#282=EDGE_LOOP('',(#1766,#1767,#1768,#1769));
#283=EDGE_LOOP('',(#1770,#1771,#1772,#1773));
#284=EDGE_LOOP('',(#1774,#1775,#1776,#1777));
#285=EDGE_LOOP('',(#1778,#1779,#1780,#1781));
#286=EDGE_LOOP('',(#1782,#1783,#1784,#1785));
#287=EDGE_LOOP('',(#1786,#1787,#1788,#1789));
#288=EDGE_LOOP('',(#1790,#1791,#1792,#1793));
#289=EDGE_LOOP('',(#1794,#1795,#1796,#1797));
#290=EDGE_LOOP('',(#1798,#1799,#1800,#1801));
#291=EDGE_LOOP('',(#1802,#1803,#1804,#1805));
#292=EDGE_LOOP('',(#1806,#1807,#1808,#1809));
#293=EDGE_LOOP('',(#1810,#1811,#1812,#1813));
#294=EDGE_LOOP('',(#1814,#1815,#1816,#1817));
#295=EDGE_LOOP('',(#1818,#1819,#1820,#1821));
#296=EDGE_LOOP('',(#1822,#1823,#1824,#1825));
#297=EDGE_LOOP('',(#1826,#1827,#1828,#1829));
#298=EDGE_LOOP('',(#1830));
#299=EDGE_LOOP('',(#1831));
#300=EDGE_LOOP('',(#1832));
#301=EDGE_LOOP('',(#1833,#1834,#1835,#1836));
#302=EDGE_LOOP('',(#1837,#1838,#1839,#1840,#1841));
#303=EDGE_LOOP('',(#1842,#1843,#1844,#1845,#1846));
#304=EDGE_LOOP('',(#1847,#1848,#1849,#1850,#1851));
#305=EDGE_LOOP('',(#1852,#1853,#1854,#1855,#1856));
#306=EDGE_LOOP('',(#1857,#1858,#1859,#1860,#1861));
#307=EDGE_LOOP('',(#1862,#1863,#1864,#1865,#1866));
#308=EDGE_LOOP('',(#1867,#1868,#1869,#1870,#1871));
#309=EDGE_LOOP('',(#1872,#1873,#1874,#1875,#1876));
#310=EDGE_LOOP('',(#1877,#1878,#1879,#1880,#1881));
#311=EDGE_LOOP('',(#1882,#1883,#1884,#1885,#1886));
#312=EDGE_LOOP('',(#1887,#1888,#1889,#1890,#1891));
#313=EDGE_LOOP('',(#1892,#1893,#1894,#1895,#1896));
#314=EDGE_LOOP('',(#1897,#1898,#1899,#1900,#1901));
#315=EDGE_LOOP('',(#1902,#1903,#1904,#1905,#1906));
#316=EDGE_LOOP('',(#1907,#1908,#1909,#1910,#1911));
#317=EDGE_LOOP('',(#1912,#1913,#1914,#1915,#1916));
#318=EDGE_LOOP('',(#1917,#1918,#1919,#1920,#1921));
#319=EDGE_LOOP('',(#1922,#1923,#1924,#1925,#1926));
#320=EDGE_LOOP('',(#1927,#1928,#1929,#1930,#1931));
#321=EDGE_LOOP('',(#1932,#1933,#1934,#1935,#1936));
#322=EDGE_LOOP('',(#1937,#1938,#1939,#1940,#1941));
#323=EDGE_LOOP('',(#1942,#1943,#1944,#1945,#1946));
#324=EDGE_LOOP('',(#1947,#1948,#1949,#1950,#1951));
#325=EDGE_LOOP('',(#1952,#1953,#1954,#1955,#1956));
#326=EDGE_LOOP('',(#1957,#1958,#1959,#1960,#1961));
#327=EDGE_LOOP('',(#1962,#1963,#1964,#1965,#1966));
#328=EDGE_LOOP('',(#1967,#1968,#1969,#1970,#1971));
#329=EDGE_LOOP('',(#1972,#1973,#1974,#1975,#1976));
#330=EDGE_LOOP('',(#1977,#1978,#1979,#1980,#1981));
#331=EDGE_LOOP('',(#1982,#1983,#1984,#1985,#1986));
#332=EDGE_LOOP('',(#1987,#1988,#1989,#1990,#1991));
#333=EDGE_LOOP('',(#1992,#1993,#1994,#1995,#1996));
#334=EDGE_LOOP('',(#1997,#1998,#1999,#2000,#2001));
#335=EDGE_LOOP('',(#2002,#2003,#2004,#2005,#2006));
#336=EDGE_LOOP('',(#2007,#2008,#2009,#2010,#2011));
#337=EDGE_LOOP('',(#2012,#2013,#2014,#2015,#2016));
#338=EDGE_LOOP('',(#2017,#2018,#2019,#2020,#2021));
#339=EDGE_LOOP('',(#2022,#2023,#2024,#2025,#2026));
#340=EDGE_LOOP('',(#2027,#2028,#2029,#2030,#2031));
#341=EDGE_LOOP('',(#2032,#2033,#2034,#2035,#2036));
#342=EDGE_LOOP('',(#2037,#2038,#2039,#2040,#2041));
#343=EDGE_LOOP('',(#2042,#2043,#2044,#2045,#2046));
#344=EDGE_LOOP('',(#2047,#2048,#2049,#2050,#2051));
#345=EDGE_LOOP('',(#2052,#2053,#2054,#2055,#2056,#2057));
#346=EDGE_LOOP('',(#2058,#2059,#2060,#2061,#2062));
#347=EDGE_LOOP('',(#2063,#2064,#2065,#2066,#2067,#2068,#2069,#2070,#2071));
#348=EDGE_LOOP('',(#2072,#2073,#2074));
#349=EDGE_LOOP('',(#2075,#2076,#2077,#2078));
#350=EDGE_LOOP('',(#2079,#2080));
#351=EDGE_LOOP('',(#2081));
#352=EDGE_LOOP('',(#2082,#2083,#2084,#2085));
#353=EDGE_LOOP('',(#2086));
#354=LINE('',#3634,#511);
#355=LINE('',#3642,#512);
#356=LINE('',#3646,#513);
#357=LINE('',#3653,#514);
#358=LINE('',#3656,#515);
#359=LINE('',#3663,#516);
#360=LINE('',#3666,#517);
#361=LINE('',#3673,#518);
#362=LINE('',#3676,#519);
#363=LINE('',#3681,#520);
#364=LINE('',#3684,#521);
#365=LINE('',#3689,#522);
#366=LINE('',#3692,#523);
#367=LINE('',#3697,#524);
#368=LINE('',#3700,#525);
#369=LINE('',#3705,#526);
#370=LINE('',#3708,#527);
#371=LINE('',#3713,#528);
#372=LINE('',#3716,#529);
#373=LINE('',#3721,#530);
#374=LINE('',#3724,#531);
#375=LINE('',#3729,#532);
#376=LINE('',#3732,#533);
#377=LINE('',#3737,#534);
#378=LINE('',#3740,#535);
#379=LINE('',#3745,#536);
#380=LINE('',#3748,#537);
#381=LINE('',#3753,#538);
#382=LINE('',#3756,#539);
#383=LINE('',#3761,#540);
#384=LINE('',#3764,#541);
#385=LINE('',#3769,#542);
#386=LINE('',#3772,#543);
#387=LINE('',#3777,#544);
#388=LINE('',#3780,#545);
#389=LINE('',#3785,#546);
#390=LINE('',#3788,#547);
#391=LINE('',#3793,#548);
#392=LINE('',#3796,#549);
#393=LINE('',#3801,#550);
#394=LINE('',#3804,#551);
#395=LINE('',#3809,#552);
#396=LINE('',#3812,#553);
#397=LINE('',#3817,#554);
#398=LINE('',#3820,#555);
#399=LINE('',#3825,#556);
#400=LINE('',#3828,#557);
#401=LINE('',#3833,#558);
#402=LINE('',#3836,#559);
#403=LINE('',#3841,#560);
#404=LINE('',#3844,#561);
#405=LINE('',#3849,#562);
#406=LINE('',#3852,#563);
#407=LINE('',#3857,#564);
#408=LINE('',#3860,#565);
#409=LINE('',#3865,#566);
#410=LINE('',#3868,#567);
#411=LINE('',#3873,#568);
#412=LINE('',#3876,#569);
#413=LINE('',#3881,#570);
#414=LINE('',#3884,#571);
#415=LINE('',#3889,#572);
#416=LINE('',#3892,#573);
#417=LINE('',#3897,#574);
#418=LINE('',#3900,#575);
#419=LINE('',#3905,#576);
#420=LINE('',#3908,#577);
#421=LINE('',#3913,#578);
#422=LINE('',#3916,#579);
#423=LINE('',#3921,#580);
#424=LINE('',#3924,#581);
#425=LINE('',#3929,#582);
#426=LINE('',#3932,#583);
#427=LINE('',#3937,#584);
#428=LINE('',#3940,#585);
#429=LINE('',#3945,#586);
#430=LINE('',#3948,#587);
#431=LINE('',#3953,#588);
#432=LINE('',#3956,#589);
#433=LINE('',#3961,#590);
#434=LINE('',#3964,#591);
#435=LINE('',#3969,#592);
#436=LINE('',#3972,#593);
#437=LINE('',#3977,#594);
#438=LINE('',#3980,#595);
#439=LINE('',#3985,#596);
#440=LINE('',#3988,#597);
#441=LINE('',#3993,#598);
#442=LINE('',#3996,#599);
#443=LINE('',#4001,#600);
#444=LINE('',#4004,#601);
#445=LINE('',#4009,#602);
#446=LINE('',#4012,#603);
#447=LINE('',#4017,#604);
#448=LINE('',#4020,#605);
#449=LINE('',#4025,#606);
#450=LINE('',#4028,#607);
#451=LINE('',#4033,#608);
#452=LINE('',#4036,#609);
#453=LINE('',#4041,#610);
#454=LINE('',#4044,#611);
#455=LINE('',#4049,#612);
#456=LINE('',#4052,#613);
#457=LINE('',#4057,#614);
#458=LINE('',#4060,#615);
#459=LINE('',#4065,#616);
#460=LINE('',#4068,#617);
#461=LINE('',#4079,#618);
#462=LINE('',#4082,#619);
#463=LINE('',#4089,#620);
#464=LINE('',#4092,#621);
#465=LINE('',#4099,#622);
#466=LINE('',#4102,#623);
#467=LINE('',#4109,#624);
#468=LINE('',#4112,#625);
#469=LINE('',#4119,#626);
#470=LINE('',#4122,#627);
#471=LINE('',#4129,#628);
#472=LINE('',#4132,#629);
#473=LINE('',#4139,#630);
#474=LINE('',#4142,#631);
#475=LINE('',#4149,#632);
#476=LINE('',#4152,#633);
#477=LINE('',#4159,#634);
#478=LINE('',#4162,#635);
#479=LINE('',#4169,#636);
#480=LINE('',#4172,#637);
#481=LINE('',#4179,#638);
#482=LINE('',#4182,#639);
#483=LINE('',#4189,#640);
#484=LINE('',#4192,#641);
#485=LINE('',#4199,#642);
#486=LINE('',#4202,#643);
#487=LINE('',#4209,#644);
#488=LINE('',#4212,#645);
#489=LINE('',#4219,#646);
#490=LINE('',#4222,#647);
#491=LINE('',#4229,#648);
#492=LINE('',#4232,#649);
#493=LINE('',#4239,#650);
#494=LINE('',#4242,#651);
#495=LINE('',#4249,#652);
#496=LINE('',#4252,#653);
#497=LINE('',#4259,#654);
#498=LINE('',#4262,#655);
#499=LINE('',#4269,#656);
#500=LINE('',#4272,#657);
#501=LINE('',#4279,#658);
#502=LINE('',#4282,#659);
#503=LINE('',#4289,#660);
#504=LINE('',#4292,#661);
#505=LINE('',#4297,#662);
#506=LINE('',#4302,#663);
#507=LINE('',#4306,#664);
#508=LINE('',#4310,#665);
#509=LINE('',#4314,#666);
#510=LINE('',#4344,#667);
#511=VECTOR('',#2774,5.9375);
#512=VECTOR('',#2783,5.8125);
#513=VECTOR('',#2788,6.0625);
#514=VECTOR('',#2797,6.1875);
#515=VECTOR('',#2800,6.3125);
#516=VECTOR('',#2809,6.4375);
#517=VECTOR('',#2812,6.5625);
#518=VECTOR('',#2821,6.6875);
#519=VECTOR('',#2824,6.8125);
#520=VECTOR('',#2831,6.9375);
#521=VECTOR('',#2834,7.0625);
#522=VECTOR('',#2841,7.1875);
#523=VECTOR('',#2844,7.3125);
#524=VECTOR('',#2851,7.4375);
#525=VECTOR('',#2854,7.5625);
#526=VECTOR('',#2861,7.6875);
#527=VECTOR('',#2864,7.8125);
#528=VECTOR('',#2871,7.9375);
#529=VECTOR('',#2874,8.0625);
#530=VECTOR('',#2881,8.1875);
#531=VECTOR('',#2884,8.3125);
#532=VECTOR('',#2891,8.4375);
#533=VECTOR('',#2894,8.5625);
#534=VECTOR('',#2901,8.6875);
#535=VECTOR('',#2904,8.8125);
#536=VECTOR('',#2911,8.9375);
#537=VECTOR('',#2914,9.0625);
#538=VECTOR('',#2921,9.1875);
#539=VECTOR('',#2924,9.3125);
#540=VECTOR('',#2931,9.4375);
#541=VECTOR('',#2934,9.5625);
#542=VECTOR('',#2941,9.6875);
#543=VECTOR('',#2944,9.8125);
#544=VECTOR('',#2951,9.9375);
#545=VECTOR('',#2954,10.0625);
#546=VECTOR('',#2961,10.1875);
#547=VECTOR('',#2964,10.3125);
#548=VECTOR('',#2971,10.4375);
#549=VECTOR('',#2974,10.5625);
#550=VECTOR('',#2981,10.6875);
#551=VECTOR('',#2984,10.8125);
#552=VECTOR('',#2991,10.9375);
#553=VECTOR('',#2994,11.0625);
#554=VECTOR('',#3001,11.1875);
#555=VECTOR('',#3004,11.3125);
#556=VECTOR('',#3011,11.4375);
#557=VECTOR('',#3014,11.5625);
#558=VECTOR('',#3021,11.6875);
#559=VECTOR('',#3024,11.8125);
#560=VECTOR('',#3031,11.9375);
#561=VECTOR('',#3034,12.0625);
#562=VECTOR('',#3041,12.1875);
#563=VECTOR('',#3044,12.3125);
#564=VECTOR('',#3051,12.4375);
#565=VECTOR('',#3054,12.5625);
#566=VECTOR('',#3061,12.6875);
#567=VECTOR('',#3064,12.8125);
#568=VECTOR('',#3071,12.9375);
#569=VECTOR('',#3074,13.0625);
#570=VECTOR('',#3081,13.1875);
#571=VECTOR('',#3084,13.3125);
#572=VECTOR('',#3091,13.4375);
#573=VECTOR('',#3094,13.5625);
#574=VECTOR('',#3101,13.6875);
#575=VECTOR('',#3104,13.8125);
#576=VECTOR('',#3111,13.9375);
#577=VECTOR('',#3114,14.0625);
#578=VECTOR('',#3121,14.1875);
#579=VECTOR('',#3124,14.3125);
#580=VECTOR('',#3131,14.4375);
#581=VECTOR('',#3134,14.5625);
#582=VECTOR('',#3141,14.6875);
#583=VECTOR('',#3144,14.8125);
#584=VECTOR('',#3151,14.9375);
#585=VECTOR('',#3154,15.0625);
#586=VECTOR('',#3161,15.1875);
#587=VECTOR('',#3164,15.3125);
#588=VECTOR('',#3171,15.4375);
#589=VECTOR('',#3174,15.5625);
#590=VECTOR('',#3181,15.6875);
#591=VECTOR('',#3184,15.8125);
#592=VECTOR('',#3191,15.9375);
#593=VECTOR('',#3194,16.0625);
#594=VECTOR('',#3201,16.1875);
#595=VECTOR('',#3204,16.3125);
#596=VECTOR('',#3211,16.4375);
#597=VECTOR('',#3214,16.5625);
#598=VECTOR('',#3221,16.6875);
#599=VECTOR('',#3224,16.8125);
#600=VECTOR('',#3231,16.9375);
#601=VECTOR('',#3234,17.0625);
#602=VECTOR('',#3241,17.1875);
#603=VECTOR('',#3244,17.3125);
#604=VECTOR('',#3251,17.4375);
#605=VECTOR('',#3254,17.5625);
#606=VECTOR('',#3261,17.6875);
#607=VECTOR('',#3264,17.8125);
#608=VECTOR('',#3271,17.9375);
#609=VECTOR('',#3274,18.0625);
#610=VECTOR('',#3281,18.1875);
#611=VECTOR('',#3284,18.3125);
#612=VECTOR('',#3291,18.4375);
#613=VECTOR('',#3294,18.5625);
#614=VECTOR('',#3301,18.6875);
#615=VECTOR('',#3304,18.8125);
#616=VECTOR('',#3311,18.9375);
#617=VECTOR('',#3314,19.0625);
#618=VECTOR('',#3329,0.1875);
#619=VECTOR('',#3332,0.3125);
#620=VECTOR('',#3341,0.4375);
#621=VECTOR('',#3344,0.5625);
#622=VECTOR('',#3353,0.6875);
#623=VECTOR('',#3356,0.8125);
#624=VECTOR('',#3365,0.9375);
#625=VECTOR('',#3368,1.0625);
#626=VECTOR('',#3377,1.1875);
#627=VECTOR('',#3380,1.3125);
#628=VECTOR('',#3389,1.4375);
#629=VECTOR('',#3392,1.5625);
#630=VECTOR('',#3401,1.6875);
#631=VECTOR('',#3404,1.8125);
#632=VECTOR('',#3413,1.9375);
#633=VECTOR('',#3416,2.0625);
#634=VECTOR('',#3425,2.1875);
#635=VECTOR('',#3428,2.3125);
#636=VECTOR('',#3437,2.4375);
#637=VECTOR('',#3440,2.5625);
#638=VECTOR('',#3449,2.6875);
#639=VECTOR('',#3452,2.8125);
#640=VECTOR('',#3461,2.9375);
#641=VECTOR('',#3464,3.0625);
#642=VECTOR('',#3473,3.1875);
#643=VECTOR('',#3476,3.3125);
#644=VECTOR('',#3485,3.4375);
#645=VECTOR('',#3488,3.5625);
#646=VECTOR('',#3497,3.6875);
#647=VECTOR('',#3500,3.8125);
#648=VECTOR('',#3509,3.9375);
#649=VECTOR('',#3512,4.0625);
#650=VECTOR('',#3521,4.1875);
#651=VECTOR('',#3524,4.3125);
#652=VECTOR('',#3533,4.4375);
#653=VECTOR('',#3536,4.5625);
#654=VECTOR('',#3545,4.6875);
#655=VECTOR('',#3548,4.8125);
#656=VECTOR('',#3557,4.9375);
#657=VECTOR('',#3560,5.0625);
#658=VECTOR('',#3569,5.1875);
#659=VECTOR('',#3572,5.3125);
#660=VECTOR('',#3581,5.4375);
#661=VECTOR('',#3584,5.5625);
#662=VECTOR('',#3591,5.6875);
#663=VECTOR('',#3596,19.64999999994);
#664=VECTOR('',#3601,20.);
#665=VECTOR('',#3604,1.5);
#666=VECTOR('',#3607,1.5);
#667=VECTOR('',#3626,19.75);
#668=CIRCLE('',#2418,6.);
#669=CIRCLE('',#2419,5.875);
#670=CIRCLE('',#2420,5.875);
#671=CIRCLE('',#2422,5.75);
#672=CIRCLE('',#2423,5.75);
#673=CIRCLE('',#2425,6.125);
#674=CIRCLE('',#2426,6.125);
#675=CIRCLE('',#2428,6.25);
#676=CIRCLE('',#2430,6.375);
#677=CIRCLE('',#2431,6.375);
#678=CIRCLE('',#2433,6.5);
#679=CIRCLE('',#2435,6.625);
#680=CIRCLE('',#2436,6.625);
#681=CIRCLE('',#2438,6.75);
#682=CIRCLE('',#2440,6.875);
#683=CIRCLE('',#2442,7.);
#684=CIRCLE('',#2444,7.125);
#685=CIRCLE('',#2446,7.25);
#686=CIRCLE('',#2448,7.375);
#687=CIRCLE('',#2450,7.5);
#688=CIRCLE('',#2452,7.625);
#689=CIRCLE('',#2454,7.75);
#690=CIRCLE('',#2456,7.875);
#691=CIRCLE('',#2458,8.);
#692=CIRCLE('',#2460,8.125);
#693=CIRCLE('',#2462,8.25);
#694=CIRCLE('',#2464,8.375);
#695=CIRCLE('',#2466,8.5);
#696=CIRCLE('',#2468,8.625);
#697=CIRCLE('',#2470,8.75);
#698=CIRCLE('',#2472,8.875);
#699=CIRCLE('',#2474,9.);
#700=CIRCLE('',#2476,9.125);
#701=CIRCLE('',#2478,9.25);
#702=CIRCLE('',#2480,9.375);
#703=CIRCLE('',#2482,9.5);
#704=CIRCLE('',#2484,9.625);
#705=CIRCLE('',#2486,9.75);
#706=CIRCLE('',#2488,9.875);
#707=CIRCLE('',#2490,10.);
#708=CIRCLE('',#2492,10.125);
#709=CIRCLE('',#2494,10.25);
#710=CIRCLE('',#2496,10.375);
#711=CIRCLE('',#2498,10.5);
#712=CIRCLE('',#2500,10.625);
#713=CIRCLE('',#2502,10.75);
#714=CIRCLE('',#2504,10.875);
#715=CIRCLE('',#2506,11.);
#716=CIRCLE('',#2508,11.125);
#717=CIRCLE('',#2510,11.25);
#718=CIRCLE('',#2512,11.375);
#719=CIRCLE('',#2514,11.5);
#720=CIRCLE('',#2516,11.625);
#721=CIRCLE('',#2518,11.75);
#722=CIRCLE('',#2520,11.875);
#723=CIRCLE('',#2522,12.);
#724=CIRCLE('',#2524,12.125);
#725=CIRCLE('',#2526,12.25);
#726=CIRCLE('',#2528,12.375);
#727=CIRCLE('',#2530,12.5);
#728=CIRCLE('',#2532,12.625);
#729=CIRCLE('',#2534,12.75);
#730=CIRCLE('',#2536,12.875);
#731=CIRCLE('',#2538,13.);
#732=CIRCLE('',#2540,13.125);
#733=CIRCLE('',#2542,13.25);
#734=CIRCLE('',#2544,13.375);
#735=CIRCLE('',#2546,13.5);
#736=CIRCLE('',#2548,13.625);
#737=CIRCLE('',#2550,13.75);
#738=CIRCLE('',#2552,13.875);
#739=CIRCLE('',#2554,14.);
#740=CIRCLE('',#2556,14.125);
#741=CIRCLE('',#2558,14.25);
#742=CIRCLE('',#2560,14.375);
#743=CIRCLE('',#2562,14.5);
#744=CIRCLE('',#2564,14.625);
#745=CIRCLE('',#2566,14.75);
#746=CIRCLE('',#2568,14.875);
#747=CIRCLE('',#2570,15.);
#748=CIRCLE('',#2572,15.125);
#749=CIRCLE('',#2574,15.25);
#750=CIRCLE('',#2576,15.375);
#751=CIRCLE('',#2578,15.5);
#752=CIRCLE('',#2580,15.625);
#753=CIRCLE('',#2582,15.75);
#754=CIRCLE('',#2584,15.875);
#755=CIRCLE('',#2586,16.);
#756=CIRCLE('',#2588,16.125);
#757=CIRCLE('',#2590,16.25);
#758=CIRCLE('',#2592,16.375);
#759=CIRCLE('',#2594,16.5);
#760=CIRCLE('',#2596,16.625);
#761=CIRCLE('',#2598,16.75);
#762=CIRCLE('',#2600,16.875);
#763=CIRCLE('',#2602,17.);
#764=CIRCLE('',#2604,17.125);
#765=CIRCLE('',#2606,17.25);
#766=CIRCLE('',#2608,17.375);
#767=CIRCLE('',#2610,17.5);
#768=CIRCLE('',#2612,17.625);
#769=CIRCLE('',#2614,17.75);
#770=CIRCLE('',#2616,17.875);
#771=CIRCLE('',#2618,18.);
#772=CIRCLE('',#2620,18.125);
#773=CIRCLE('',#2622,18.25);
#774=CIRCLE('',#2624,18.375);
#775=CIRCLE('',#2626,18.5);
#776=CIRCLE('',#2628,18.625);
#777=CIRCLE('',#2630,18.75);
#778=CIRCLE('',#2632,18.875);
#779=CIRCLE('',#2634,19.);
#780=CIRCLE('',#2636,19.125);
#781=CIRCLE('',#2638,0.125);
#782=CIRCLE('',#2640,19.3);
#783=CIRCLE('',#2642,0.25);
#784=CIRCLE('',#2644,0.375);
#785=CIRCLE('',#2645,0.375);
#786=CIRCLE('',#2647,0.5);
#787=CIRCLE('',#2649,0.625);
#788=CIRCLE('',#2650,0.625);
#789=CIRCLE('',#2652,0.75);
#790=CIRCLE('',#2654,0.875);
#791=CIRCLE('',#2655,0.875);
#792=CIRCLE('',#2657,1.);
#793=CIRCLE('',#2659,1.125);
#794=CIRCLE('',#2660,1.125);
#795=CIRCLE('',#2662,1.25);
#796=CIRCLE('',#2664,1.375);
#797=CIRCLE('',#2665,1.375);
#798=CIRCLE('',#2667,1.5);
#799=CIRCLE('',#2669,1.625);
#800=CIRCLE('',#2670,1.625);
#801=CIRCLE('',#2672,1.75);
#802=CIRCLE('',#2674,1.875);
#803=CIRCLE('',#2675,1.875);
#804=CIRCLE('',#2677,2.);
#805=CIRCLE('',#2679,2.125);
#806=CIRCLE('',#2680,2.125);
#807=CIRCLE('',#2682,2.25);
#808=CIRCLE('',#2684,2.375);
#809=CIRCLE('',#2685,2.375);
#810=CIRCLE('',#2687,2.5);
#811=CIRCLE('',#2689,2.625);
#812=CIRCLE('',#2690,2.625);
#813=CIRCLE('',#2692,2.75);
#814=CIRCLE('',#2694,2.875);
#815=CIRCLE('',#2695,2.875);
#816=CIRCLE('',#2697,3.);
#817=CIRCLE('',#2699,3.125);
#818=CIRCLE('',#2700,3.125);
#819=CIRCLE('',#2702,3.25);
#820=CIRCLE('',#2704,3.375);
#821=CIRCLE('',#2705,3.375);
#822=CIRCLE('',#2707,3.5);
#823=CIRCLE('',#2709,3.625);
#824=CIRCLE('',#2710,3.625);
#825=CIRCLE('',#2712,3.75);
#826=CIRCLE('',#2714,3.875);
#827=CIRCLE('',#2715,3.875);
#828=CIRCLE('',#2717,4.);
#829=CIRCLE('',#2719,4.125);
#830=CIRCLE('',#2720,4.125);
#831=CIRCLE('',#2722,4.25);
#832=CIRCLE('',#2724,4.375);
#833=CIRCLE('',#2725,4.375);
#834=CIRCLE('',#2727,4.5);
#835=CIRCLE('',#2729,4.625);
#836=CIRCLE('',#2730,4.625);
#837=CIRCLE('',#2732,4.75);
#838=CIRCLE('',#2734,4.875);
#839=CIRCLE('',#2735,4.875);
#840=CIRCLE('',#2737,5.);
#841=CIRCLE('',#2739,5.125);
#842=CIRCLE('',#2740,5.125);
#843=CIRCLE('',#2742,5.25);
#844=CIRCLE('',#2744,5.375);
#845=CIRCLE('',#2745,5.375);
#846=CIRCLE('',#2747,5.5);
#847=CIRCLE('',#2749,5.625);
#848=CIRCLE('',#2750,5.625);
#849=CIRCLE('',#2753,20.);
#850=CIRCLE('',#2754,20.);
#851=CIRCLE('',#2756,20.);
#852=CIRCLE('',#2757,20.);
#853=CIRCLE('',#2758,20.);
#854=CIRCLE('',#2764,19.75);
#855=CIRCLE('',#2766,19.75);
#856=VERTEX_POINT('',#3631);
#857=VERTEX_POINT('',#3633);
#858=VERTEX_POINT('',#3635);
#859=VERTEX_POINT('',#3639);
#860=VERTEX_POINT('',#3640);
#861=VERTEX_POINT('',#3645);
#862=VERTEX_POINT('',#3647);
#863=VERTEX_POINT('',#3651);
#864=VERTEX_POINT('',#3655);
#865=VERTEX_POINT('',#3657);
#866=VERTEX_POINT('',#3661);
#867=VERTEX_POINT('',#3665);
#868=VERTEX_POINT('',#3667);
#869=VERTEX_POINT('',#3671);
#870=VERTEX_POINT('',#3675);
#871=VERTEX_POINT('',#3679);
#872=VERTEX_POINT('',#3683);
#873=VERTEX_POINT('',#3687);
#874=VERTEX_POINT('',#3691);
#875=VERTEX_POINT('',#3695);
#876=VERTEX_POINT('',#3699);
#877=VERTEX_POINT('',#3703);
#878=VERTEX_POINT('',#3707);
#879=VERTEX_POINT('',#3711);
#880=VERTEX_POINT('',#3715);
#881=VERTEX_POINT('',#3719);
#882=VERTEX_POINT('',#3723);
#883=VERTEX_POINT('',#3727);
#884=VERTEX_POINT('',#3731);
#885=VERTEX_POINT('',#3735);
#886=VERTEX_POINT('',#3739);
#887=VERTEX_POINT('',#3743);
#888=VERTEX_POINT('',#3747);
#889=VERTEX_POINT('',#3751);
#890=VERTEX_POINT('',#3755);
#891=VERTEX_POINT('',#3759);
#892=VERTEX_POINT('',#3763);
#893=VERTEX_POINT('',#3767);
#894=VERTEX_POINT('',#3771);
#895=VERTEX_POINT('',#3775);
#896=VERTEX_POINT('',#3779);
#897=VERTEX_POINT('',#3783);
#898=VERTEX_POINT('',#3787);
#899=VERTEX_POINT('',#3791);
#900=VERTEX_POINT('',#3795);
#901=VERTEX_POINT('',#3799);
#902=VERTEX_POINT('',#3803);
#903=VERTEX_POINT('',#3807);
#904=VERTEX_POINT('',#3811);
#905=VERTEX_POINT('',#3815);
#906=VERTEX_POINT('',#3819);
#907=VERTEX_POINT('',#3823);
#908=VERTEX_POINT('',#3827);
#909=VERTEX_POINT('',#3831);
#910=VERTEX_POINT('',#3835);
#911=VERTEX_POINT('',#3839);
#912=VERTEX_POINT('',#3843);
#913=VERTEX_POINT('',#3847);
#914=VERTEX_POINT('',#3851);
#915=VERTEX_POINT('',#3855);
#916=VERTEX_POINT('',#3859);
#917=VERTEX_POINT('',#3863);
#918=VERTEX_POINT('',#3867);
#919=VERTEX_POINT('',#3871);
#920=VERTEX_POINT('',#3875);
#921=VERTEX_POINT('',#3879);
#922=VERTEX_POINT('',#3883);
#923=VERTEX_POINT('',#3887);
#924=VERTEX_POINT('',#3891);
#925=VERTEX_POINT('',#3895);
#926=VERTEX_POINT('',#3899);
#927=VERTEX_POINT('',#3903);
#928=VERTEX_POINT('',#3907);
#929=VERTEX_POINT('',#3911);
#930=VERTEX_POINT('',#3915);
#931=VERTEX_POINT('',#3919);
#932=VERTEX_POINT('',#3923);
#933=VERTEX_POINT('',#3927);
#934=VERTEX_POINT('',#3931);
#935=VERTEX_POINT('',#3935);
#936=VERTEX_POINT('',#3939);
#937=VERTEX_POINT('',#3943);
#938=VERTEX_POINT('',#3947);
#939=VERTEX_POINT('',#3951);
#940=VERTEX_POINT('',#3955);
#941=VERTEX_POINT('',#3959);
#942=VERTEX_POINT('',#3963);
#943=VERTEX_POINT('',#3967);
#944=VERTEX_POINT('',#3971);
#945=VERTEX_POINT('',#3975);
#946=VERTEX_POINT('',#3979);
#947=VERTEX_POINT('',#3983);
#948=VERTEX_POINT('',#3987);
#949=VERTEX_POINT('',#3991);
#950=VERTEX_POINT('',#3995);
#951=VERTEX_POINT('',#3999);
#952=VERTEX_POINT('',#4003);
#953=VERTEX_POINT('',#4007);
#954=VERTEX_POINT('',#4011);
#955=VERTEX_POINT('',#4015);
#956=VERTEX_POINT('',#4019);
#957=VERTEX_POINT('',#4023);
#958=VERTEX_POINT('',#4027);
#959=VERTEX_POINT('',#4031);
#960=VERTEX_POINT('',#4035);
#961=VERTEX_POINT('',#4039);
#962=VERTEX_POINT('',#4043);
#963=VERTEX_POINT('',#4047);
#964=VERTEX_POINT('',#4051);
#965=VERTEX_POINT('',#4055);
#966=VERTEX_POINT('',#4059);
#967=VERTEX_POINT('',#4063);
#968=VERTEX_POINT('',#4067);
#969=VERTEX_POINT('',#4071);
#970=VERTEX_POINT('',#4074);
#971=VERTEX_POINT('',#4077);
#972=VERTEX_POINT('',#4081);
#973=VERTEX_POINT('',#4083);
#974=VERTEX_POINT('',#4087);
#975=VERTEX_POINT('',#4091);
#976=VERTEX_POINT('',#4093);
#977=VERTEX_POINT('',#4097);
#978=VERTEX_POINT('',#4101);
#979=VERTEX_POINT('',#4103);
#980=VERTEX_POINT('',#4107);
#981=VERTEX_POINT('',#4111);
#982=VERTEX_POINT('',#4113);
#983=VERTEX_POINT('',#4117);
#984=VERTEX_POINT('',#4121);
#985=VERTEX_POINT('',#4123);
#986=VERTEX_POINT('',#4127);
#987=VERTEX_POINT('',#4131);
#988=VERTEX_POINT('',#4133);
#989=VERTEX_POINT('',#4137);
#990=VERTEX_POINT('',#4141);
#991=VERTEX_POINT('',#4143);
#992=VERTEX_POINT('',#4147);
#993=VERTEX_POINT('',#4151);
#994=VERTEX_POINT('',#4153);
#995=VERTEX_POINT('',#4157);
#996=VERTEX_POINT('',#4161);
#997=VERTEX_POINT('',#4163);
#998=VERTEX_POINT('',#4167);
#999=VERTEX_POINT('',#4171);
#1000=VERTEX_POINT('',#4173);
#1001=VERTEX_POINT('',#4177);
#1002=VERTEX_POINT('',#4181);
#1003=VERTEX_POINT('',#4183);
#1004=VERTEX_POINT('',#4187);
#1005=VERTEX_POINT('',#4191);
#1006=VERTEX_POINT('',#4193);
#1007=VERTEX_POINT('',#4197);
#1008=VERTEX_POINT('',#4201);
#1009=VERTEX_POINT('',#4203);
#1010=VERTEX_POINT('',#4207);
#1011=VERTEX_POINT('',#4211);
#1012=VERTEX_POINT('',#4213);
#1013=VERTEX_POINT('',#4217);
#1014=VERTEX_POINT('',#4221);
#1015=VERTEX_POINT('',#4223);
#1016=VERTEX_POINT('',#4227);
#1017=VERTEX_POINT('',#4231);
#1018=VERTEX_POINT('',#4233);
#1019=VERTEX_POINT('',#4237);
#1020=VERTEX_POINT('',#4241);
#1021=VERTEX_POINT('',#4243);
#1022=VERTEX_POINT('',#4247);
#1023=VERTEX_POINT('',#4251);
#1024=VERTEX_POINT('',#4253);
#1025=VERTEX_POINT('',#4257);
#1026=VERTEX_POINT('',#4261);
#1027=VERTEX_POINT('',#4263);
#1028=VERTEX_POINT('',#4267);
#1029=VERTEX_POINT('',#4271);
#1030=VERTEX_POINT('',#4273);
#1031=VERTEX_POINT('',#4277);
#1032=VERTEX_POINT('',#4281);
#1033=VERTEX_POINT('',#4283);
#1034=VERTEX_POINT('',#4287);
#1035=VERTEX_POINT('',#4291);
#1036=VERTEX_POINT('',#4293);
#1037=VERTEX_POINT('',#4299);
#1038=VERTEX_POINT('',#4300);
#1039=VERTEX_POINT('',#4305);
#1040=VERTEX_POINT('',#4307);
#1041=VERTEX_POINT('',#4309);
#1042=VERTEX_POINT('',#4311);
#1043=VERTEX_POINT('',#4313);
#1044=VERTEX_POINT('',#4339);
#1045=VERTEX_POINT('',#4342);
#1046=EDGE_CURVE('',#856,#856,#668,.T.);
#1047=EDGE_CURVE('',#856,#857,#354,.T.);
#1048=EDGE_CURVE('',#858,#857,#669,.T.);
#1049=EDGE_CURVE('',#857,#858,#670,.T.);
#1050=EDGE_CURVE('',#859,#860,#671,.T.);
#1051=EDGE_CURVE('',#859,#858,#355,.T.);
#1052=EDGE_CURVE('',#860,#859,#672,.T.);
#1053=EDGE_CURVE('',#856,#861,#356,.T.);
#1054=EDGE_CURVE('',#861,#862,#673,.T.);
#1055=EDGE_CURVE('',#862,#861,#674,.T.);
#1056=EDGE_CURVE('',#863,#863,#675,.T.);
#1057=EDGE_CURVE('',#863,#862,#357,.T.);
#1058=EDGE_CURVE('',#863,#864,#358,.T.);
#1059=EDGE_CURVE('',#864,#865,#676,.T.);
#1060=EDGE_CURVE('',#865,#864,#677,.T.);
#1061=EDGE_CURVE('',#866,#866,#678,.T.);
#1062=EDGE_CURVE('',#866,#865,#359,.T.);
#1063=EDGE_CURVE('',#866,#867,#360,.T.);
#1064=EDGE_CURVE('',#867,#868,#679,.T.);
#1065=EDGE_CURVE('',#868,#867,#680,.T.);
#1066=EDGE_CURVE('',#869,#869,#681,.T.);
#1067=EDGE_CURVE('',#869,#868,#361,.T.);
#1068=EDGE_CURVE('',#869,#870,#362,.T.);
#1069=EDGE_CURVE('',#870,#870,#682,.T.);
#1070=EDGE_CURVE('',#871,#871,#683,.T.);
#1071=EDGE_CURVE('',#871,#870,#363,.T.);
#1072=EDGE_CURVE('',#871,#872,#364,.T.);
#1073=EDGE_CURVE('',#872,#872,#684,.T.);
#1074=EDGE_CURVE('',#873,#873,#685,.T.);
#1075=EDGE_CURVE('',#873,#872,#365,.T.);
#1076=EDGE_CURVE('',#873,#874,#366,.T.);
#1077=EDGE_CURVE('',#874,#874,#686,.T.);
#1078=EDGE_CURVE('',#875,#875,#687,.T.);
#1079=EDGE_CURVE('',#875,#874,#367,.T.);
#1080=EDGE_CURVE('',#875,#876,#368,.T.);
#1081=EDGE_CURVE('',#876,#876,#688,.T.);
#1082=EDGE_CURVE('',#877,#877,#689,.T.);
#1083=EDGE_CURVE('',#877,#876,#369,.T.);
#1084=EDGE_CURVE('',#877,#878,#370,.T.);
#1085=EDGE_CURVE('',#878,#878,#690,.T.);
#1086=EDGE_CURVE('',#879,#879,#691,.T.);
#1087=EDGE_CURVE('',#879,#878,#371,.T.);
#1088=EDGE_CURVE('',#879,#880,#372,.T.);
#1089=EDGE_CURVE('',#880,#880,#692,.T.);
#1090=EDGE_CURVE('',#881,#881,#693,.T.);
#1091=EDGE_CURVE('',#881,#880,#373,.T.);
#1092=EDGE_CURVE('',#881,#882,#374,.T.);
#1093=EDGE_CURVE('',#882,#882,#694,.T.);
#1094=EDGE_CURVE('',#883,#883,#695,.T.);
#1095=EDGE_CURVE('',#883,#882,#375,.T.);
#1096=EDGE_CURVE('',#883,#884,#376,.T.);
#1097=EDGE_CURVE('',#884,#884,#696,.T.);
#1098=EDGE_CURVE('',#885,#885,#697,.T.);
#1099=EDGE_CURVE('',#885,#884,#377,.T.);
#1100=EDGE_CURVE('',#885,#886,#378,.T.);
#1101=EDGE_CURVE('',#886,#886,#698,.T.);
#1102=EDGE_CURVE('',#887,#887,#699,.T.);
#1103=EDGE_CURVE('',#887,#886,#379,.T.);
#1104=EDGE_CURVE('',#887,#888,#380,.T.);
#1105=EDGE_CURVE('',#888,#888,#700,.T.);
#1106=EDGE_CURVE('',#889,#889,#701,.T.);
#1107=EDGE_CURVE('',#889,#888,#381,.T.);
#1108=EDGE_CURVE('',#889,#890,#382,.T.);
#1109=EDGE_CURVE('',#890,#890,#702,.T.);
#1110=EDGE_CURVE('',#891,#891,#703,.T.);
#1111=EDGE_CURVE('',#891,#890,#383,.T.);
#1112=EDGE_CURVE('',#891,#892,#384,.T.);
#1113=EDGE_CURVE('',#892,#892,#704,.T.);
#1114=EDGE_CURVE('',#893,#893,#705,.T.);
#1115=EDGE_CURVE('',#893,#892,#385,.T.);
#1116=EDGE_CURVE('',#893,#894,#386,.T.);
#1117=EDGE_CURVE('',#894,#894,#706,.T.);
#1118=EDGE_CURVE('',#895,#895,#707,.T.);
#1119=EDGE_CURVE('',#895,#894,#387,.T.);
#1120=EDGE_CURVE('',#895,#896,#388,.T.);
#1121=EDGE_CURVE('',#896,#896,#708,.T.);
#1122=EDGE_CURVE('',#897,#897,#709,.T.);
#1123=EDGE_CURVE('',#897,#896,#389,.T.);
#1124=EDGE_CURVE('',#897,#898,#390,.T.);
#1125=EDGE_CURVE('',#898,#898,#710,.T.);
#1126=EDGE_CURVE('',#899,#899,#711,.T.);
#1127=EDGE_CURVE('',#899,#898,#391,.T.);
#1128=EDGE_CURVE('',#899,#900,#392,.T.);
#1129=EDGE_CURVE('',#900,#900,#712,.T.);
#1130=EDGE_CURVE('',#901,#901,#713,.T.);
#1131=EDGE_CURVE('',#901,#900,#393,.T.);
#1132=EDGE_CURVE('',#901,#902,#394,.T.);
#1133=EDGE_CURVE('',#902,#902,#714,.T.);
#1134=EDGE_CURVE('',#903,#903,#715,.T.);
#1135=EDGE_CURVE('',#903,#902,#395,.T.);
#1136=EDGE_CURVE('',#903,#904,#396,.T.);
#1137=EDGE_CURVE('',#904,#904,#716,.T.);
#1138=EDGE_CURVE('',#905,#905,#717,.T.);
#1139=EDGE_CURVE('',#905,#904,#397,.T.);
#1140=EDGE_CURVE('',#905,#906,#398,.T.);
#1141=EDGE_CURVE('',#906,#906,#718,.T.);
#1142=EDGE_CURVE('',#907,#907,#719,.T.);
#1143=EDGE_CURVE('',#907,#906,#399,.T.);
#1144=EDGE_CURVE('',#907,#908,#400,.T.);
#1145=EDGE_CURVE('',#908,#908,#720,.T.);
#1146=EDGE_CURVE('',#909,#909,#721,.T.);
#1147=EDGE_CURVE('',#909,#908,#401,.T.);
#1148=EDGE_CURVE('',#909,#910,#402,.T.);
#1149=EDGE_CURVE('',#910,#910,#722,.T.);
#1150=EDGE_CURVE('',#911,#911,#723,.T.);
#1151=EDGE_CURVE('',#911,#910,#403,.T.);
#1152=EDGE_CURVE('',#911,#912,#404,.T.);
#1153=EDGE_CURVE('',#912,#912,#724,.T.);
#1154=EDGE_CURVE('',#913,#913,#725,.T.);
#1155=EDGE_CURVE('',#913,#912,#405,.T.);
#1156=EDGE_CURVE('',#913,#914,#406,.T.);
#1157=EDGE_CURVE('',#914,#914,#726,.T.);
#1158=EDGE_CURVE('',#915,#915,#727,.T.);
#1159=EDGE_CURVE('',#915,#914,#407,.T.);
#1160=EDGE_CURVE('',#915,#916,#408,.T.);
#1161=EDGE_CURVE('',#916,#916,#728,.T.);
#1162=EDGE_CURVE('',#917,#917,#729,.T.);
#1163=EDGE_CURVE('',#917,#916,#409,.T.);
#1164=EDGE_CURVE('',#917,#918,#410,.T.);
#1165=EDGE_CURVE('',#918,#918,#730,.T.);
#1166=EDGE_CURVE('',#919,#919,#731,.T.);
#1167=EDGE_CURVE('',#919,#918,#411,.T.);
#1168=EDGE_CURVE('',#919,#920,#412,.T.);
#1169=EDGE_CURVE('',#920,#920,#732,.T.);
#1170=EDGE_CURVE('',#921,#921,#733,.T.);
#1171=EDGE_CURVE('',#921,#920,#413,.T.);
#1172=EDGE_CURVE('',#921,#922,#414,.T.);
#1173=EDGE_CURVE('',#922,#922,#734,.T.);
#1174=EDGE_CURVE('',#923,#923,#735,.T.);
#1175=EDGE_CURVE('',#923,#922,#415,.T.);
#1176=EDGE_CURVE('',#923,#924,#416,.T.);
#1177=EDGE_CURVE('',#924,#924,#736,.T.);
#1178=EDGE_CURVE('',#925,#925,#737,.T.);
#1179=EDGE_CURVE('',#925,#924,#417,.T.);
#1180=EDGE_CURVE('',#925,#926,#418,.T.);
#1181=EDGE_CURVE('',#926,#926,#738,.T.);
#1182=EDGE_CURVE('',#927,#927,#739,.T.);
#1183=EDGE_CURVE('',#927,#926,#419,.T.);
#1184=EDGE_CURVE('',#927,#928,#420,.T.);
#1185=EDGE_CURVE('',#928,#928,#740,.T.);
#1186=EDGE_CURVE('',#929,#929,#741,.T.);
#1187=EDGE_CURVE('',#929,#928,#421,.T.);
#1188=EDGE_CURVE('',#929,#930,#422,.T.);
#1189=EDGE_CURVE('',#930,#930,#742,.T.);
#1190=EDGE_CURVE('',#931,#931,#743,.T.);
#1191=EDGE_CURVE('',#931,#930,#423,.T.);
#1192=EDGE_CURVE('',#931,#932,#424,.T.);
#1193=EDGE_CURVE('',#932,#932,#744,.T.);
#1194=EDGE_CURVE('',#933,#933,#745,.T.);
#1195=EDGE_CURVE('',#933,#932,#425,.T.);
#1196=EDGE_CURVE('',#933,#934,#426,.T.);
#1197=EDGE_CURVE('',#934,#934,#746,.T.);
#1198=EDGE_CURVE('',#935,#935,#747,.T.);
#1199=EDGE_CURVE('',#935,#934,#427,.T.);
#1200=EDGE_CURVE('',#935,#936,#428,.T.);
#1201=EDGE_CURVE('',#936,#936,#748,.T.);
#1202=EDGE_CURVE('',#937,#937,#749,.T.);
#1203=EDGE_CURVE('',#937,#936,#429,.T.);
#1204=EDGE_CURVE('',#937,#938,#430,.T.);
#1205=EDGE_CURVE('',#938,#938,#750,.T.);
#1206=EDGE_CURVE('',#939,#939,#751,.T.);
#1207=EDGE_CURVE('',#939,#938,#431,.T.);
#1208=EDGE_CURVE('',#939,#940,#432,.T.);
#1209=EDGE_CURVE('',#940,#940,#752,.T.);
#1210=EDGE_CURVE('',#941,#941,#753,.T.);
#1211=EDGE_CURVE('',#941,#940,#433,.T.);
#1212=EDGE_CURVE('',#941,#942,#434,.T.);
#1213=EDGE_CURVE('',#942,#942,#754,.T.);
#1214=EDGE_CURVE('',#943,#943,#755,.T.);
#1215=EDGE_CURVE('',#943,#942,#435,.T.);
#1216=EDGE_CURVE('',#943,#944,#436,.T.);
#1217=EDGE_CURVE('',#944,#944,#756,.T.);
#1218=EDGE_CURVE('',#945,#945,#757,.T.);
#1219=EDGE_CURVE('',#945,#944,#437,.T.);
#1220=EDGE_CURVE('',#945,#946,#438,.T.);
#1221=EDGE_CURVE('',#946,#946,#758,.T.);
#1222=EDGE_CURVE('',#947,#947,#759,.T.);
#1223=EDGE_CURVE('',#947,#946,#439,.T.);
#1224=EDGE_CURVE('',#947,#948,#440,.T.);
#1225=EDGE_CURVE('',#948,#948,#760,.T.);
#1226=EDGE_CURVE('',#949,#949,#761,.T.);
#1227=EDGE_CURVE('',#949,#948,#441,.T.);
#1228=EDGE_CURVE('',#949,#950,#442,.T.);
#1229=EDGE_CURVE('',#950,#950,#762,.T.);
#1230=EDGE_CURVE('',#951,#951,#763,.T.);
#1231=EDGE_CURVE('',#951,#950,#443,.T.);
#1232=EDGE_CURVE('',#951,#952,#444,.T.);
#1233=EDGE_CURVE('',#952,#952,#764,.T.);
#1234=EDGE_CURVE('',#953,#953,#765,.T.);
#1235=EDGE_CURVE('',#953,#952,#445,.T.);
#1236=EDGE_CURVE('',#953,#954,#446,.T.);
#1237=EDGE_CURVE('',#954,#954,#766,.T.);
#1238=EDGE_CURVE('',#955,#955,#767,.T.);
#1239=EDGE_CURVE('',#955,#954,#447,.T.);
#1240=EDGE_CURVE('',#955,#956,#448,.T.);
#1241=EDGE_CURVE('',#956,#956,#768,.T.);
#1242=EDGE_CURVE('',#957,#957,#769,.T.);
#1243=EDGE_CURVE('',#957,#956,#449,.T.);
#1244=EDGE_CURVE('',#957,#958,#450,.T.);
#1245=EDGE_CURVE('',#958,#958,#770,.T.);
#1246=EDGE_CURVE('',#959,#959,#771,.T.);
#1247=EDGE_CURVE('',#959,#958,#451,.T.);
#1248=EDGE_CURVE('',#959,#960,#452,.T.);
#1249=EDGE_CURVE('',#960,#960,#772,.T.);
#1250=EDGE_CURVE('',#961,#961,#773,.T.);
#1251=EDGE_CURVE('',#961,#960,#453,.T.);
#1252=EDGE_CURVE('',#961,#962,#454,.T.);
#1253=EDGE_CURVE('',#962,#962,#774,.T.);
#1254=EDGE_CURVE('',#963,#963,#775,.T.);
#1255=EDGE_CURVE('',#963,#962,#455,.T.);
#1256=EDGE_CURVE('',#963,#964,#456,.T.);
#1257=EDGE_CURVE('',#964,#964,#776,.T.);
#1258=EDGE_CURVE('',#965,#965,#777,.T.);
#1259=EDGE_CURVE('',#965,#964,#457,.T.);
#1260=EDGE_CURVE('',#965,#966,#458,.T.);
#1261=EDGE_CURVE('',#966,#966,#778,.T.);
#1262=EDGE_CURVE('',#967,#967,#779,.T.);
#1263=EDGE_CURVE('',#967,#966,#459,.T.);
#1264=EDGE_CURVE('',#967,#968,#460,.T.);
#1265=EDGE_CURVE('',#968,#968,#780,.T.);
#1266=EDGE_CURVE('',#969,#969,#781,.T.);
#1267=EDGE_CURVE('',#970,#970,#782,.T.);
#1268=EDGE_CURVE('',#971,#971,#783,.T.);
#1269=EDGE_CURVE('',#971,#969,#461,.T.);
#1270=EDGE_CURVE('',#971,#972,#462,.T.);
#1271=EDGE_CURVE('',#972,#973,#784,.T.);
#1272=EDGE_CURVE('',#973,#972,#785,.T.);
#1273=EDGE_CURVE('',#974,#974,#786,.T.);
#1274=EDGE_CURVE('',#974,#973,#463,.T.);
#1275=EDGE_CURVE('',#974,#975,#464,.T.);
#1276=EDGE_CURVE('',#975,#976,#787,.T.);
#1277=EDGE_CURVE('',#976,#975,#788,.T.);
#1278=EDGE_CURVE('',#977,#977,#789,.T.);
#1279=EDGE_CURVE('',#977,#976,#465,.T.);
#1280=EDGE_CURVE('',#977,#978,#466,.T.);
#1281=EDGE_CURVE('',#978,#979,#790,.T.);
#1282=EDGE_CURVE('',#979,#978,#791,.T.);
#1283=EDGE_CURVE('',#980,#980,#792,.T.);
#1284=EDGE_CURVE('',#980,#979,#467,.T.);
#1285=EDGE_CURVE('',#980,#981,#468,.T.);
#1286=EDGE_CURVE('',#981,#982,#793,.T.);
#1287=EDGE_CURVE('',#982,#981,#794,.T.);
#1288=EDGE_CURVE('',#983,#983,#795,.T.);
#1289=EDGE_CURVE('',#983,#982,#469,.T.);
#1290=EDGE_CURVE('',#983,#984,#470,.T.);
#1291=EDGE_CURVE('',#984,#985,#796,.T.);
#1292=EDGE_CURVE('',#985,#984,#797,.T.);
#1293=EDGE_CURVE('',#986,#986,#798,.T.);
#1294=EDGE_CURVE('',#986,#985,#471,.T.);
#1295=EDGE_CURVE('',#986,#987,#472,.T.);
#1296=EDGE_CURVE('',#987,#988,#799,.T.);
#1297=EDGE_CURVE('',#988,#987,#800,.T.);
#1298=EDGE_CURVE('',#989,#989,#801,.T.);
#1299=EDGE_CURVE('',#989,#988,#473,.T.);
#1300=EDGE_CURVE('',#989,#990,#474,.T.);
#1301=EDGE_CURVE('',#990,#991,#802,.T.);
#1302=EDGE_CURVE('',#991,#990,#803,.T.);
#1303=EDGE_CURVE('',#992,#992,#804,.T.);
#1304=EDGE_CURVE('',#992,#991,#475,.T.);
#1305=EDGE_CURVE('',#992,#993,#476,.T.);
#1306=EDGE_CURVE('',#993,#994,#805,.T.);
#1307=EDGE_CURVE('',#994,#993,#806,.T.);
#1308=EDGE_CURVE('',#995,#995,#807,.T.);
#1309=EDGE_CURVE('',#995,#994,#477,.T.);
#1310=EDGE_CURVE('',#995,#996,#478,.T.);
#1311=EDGE_CURVE('',#996,#997,#808,.T.);
#1312=EDGE_CURVE('',#997,#996,#809,.T.);
#1313=EDGE_CURVE('',#998,#998,#810,.T.);
#1314=EDGE_CURVE('',#998,#997,#479,.T.);
#1315=EDGE_CURVE('',#998,#999,#480,.T.);
#1316=EDGE_CURVE('',#999,#1000,#811,.T.);
#1317=EDGE_CURVE('',#1000,#999,#812,.T.);
#1318=EDGE_CURVE('',#1001,#1001,#813,.T.);
#1319=EDGE_CURVE('',#1001,#1000,#481,.T.);
#1320=EDGE_CURVE('',#1001,#1002,#482,.T.);
#1321=EDGE_CURVE('',#1002,#1003,#814,.T.);
#1322=EDGE_CURVE('',#1003,#1002,#815,.T.);
#1323=EDGE_CURVE('',#1004,#1004,#816,.T.);
#1324=EDGE_CURVE('',#1004,#1003,#483,.T.);
#1325=EDGE_CURVE('',#1004,#1005,#484,.T.);
#1326=EDGE_CURVE('',#1005,#1006,#817,.T.);
#1327=EDGE_CURVE('',#1006,#1005,#818,.T.);
#1328=EDGE_CURVE('',#1007,#1007,#819,.T.);
#1329=EDGE_CURVE('',#1007,#1006,#485,.T.);
#1330=EDGE_CURVE('',#1007,#1008,#486,.T.);
#1331=EDGE_CURVE('',#1008,#1009,#820,.T.);
#1332=EDGE_CURVE('',#1009,#1008,#821,.T.);
#1333=EDGE_CURVE('',#1010,#1010,#822,.T.);
#1334=EDGE_CURVE('',#1010,#1009,#487,.T.);
#1335=EDGE_CURVE('',#1010,#1011,#488,.T.);
#1336=EDGE_CURVE('',#1011,#1012,#823,.T.);
#1337=EDGE_CURVE('',#1012,#1011,#824,.T.);
#1338=EDGE_CURVE('',#1013,#1013,#825,.T.);
#1339=EDGE_CURVE('',#1013,#1012,#489,.T.);
#1340=EDGE_CURVE('',#1013,#1014,#490,.T.);
#1341=EDGE_CURVE('',#1014,#1015,#826,.T.);
#1342=EDGE_CURVE('',#1015,#1014,#827,.T.);
#1343=EDGE_CURVE('',#1016,#1016,#828,.T.);
#1344=EDGE_CURVE('',#1016,#1015,#491,.T.);
#1345=EDGE_CURVE('',#1016,#1017,#492,.T.);
#1346=EDGE_CURVE('',#1017,#1018,#829,.T.);
#1347=EDGE_CURVE('',#1018,#1017,#830,.T.);
#1348=EDGE_CURVE('',#1019,#1019,#831,.T.);
#1349=EDGE_CURVE('',#1019,#1018,#493,.T.);
#1350=EDGE_CURVE('',#1019,#1020,#494,.T.);
#1351=EDGE_CURVE('',#1020,#1021,#832,.T.);
#1352=EDGE_CURVE('',#1021,#1020,#833,.T.);
#1353=EDGE_CURVE('',#1022,#1022,#834,.T.);
#1354=EDGE_CURVE('',#1022,#1021,#495,.T.);
#1355=EDGE_CURVE('',#1022,#1023,#496,.T.);
#1356=EDGE_CURVE('',#1023,#1024,#835,.T.);
#1357=EDGE_CURVE('',#1024,#1023,#836,.T.);
#1358=EDGE_CURVE('',#1025,#1025,#837,.T.);
#1359=EDGE_CURVE('',#1025,#1024,#497,.T.);
#1360=EDGE_CURVE('',#1025,#1026,#498,.T.);
#1361=EDGE_CURVE('',#1026,#1027,#838,.T.);
#1362=EDGE_CURVE('',#1027,#1026,#839,.T.);
#1363=EDGE_CURVE('',#1028,#1028,#840,.T.);
#1364=EDGE_CURVE('',#1028,#1027,#499,.T.);
#1365=EDGE_CURVE('',#1028,#1029,#500,.T.);
#1366=EDGE_CURVE('',#1029,#1030,#841,.T.);
#1367=EDGE_CURVE('',#1030,#1029,#842,.T.);
#1368=EDGE_CURVE('',#1031,#1031,#843,.T.);
#1369=EDGE_CURVE('',#1031,#1030,#501,.T.);
#1370=EDGE_CURVE('',#1031,#1032,#502,.T.);
#1371=EDGE_CURVE('',#1032,#1033,#844,.T.);
#1372=EDGE_CURVE('',#1033,#1032,#845,.T.);
#1373=EDGE_CURVE('',#1034,#1034,#846,.T.);
#1374=EDGE_CURVE('',#1034,#1033,#503,.T.);
#1375=EDGE_CURVE('',#1034,#1035,#504,.T.);
#1376=EDGE_CURVE('',#1035,#1036,#847,.T.);
#1377=EDGE_CURVE('',#1036,#1035,#848,.T.);
#1378=EDGE_CURVE('',#860,#1036,#505,.T.);
#1379=EDGE_CURVE('',#1037,#1038,#849,.T.);
#1380=EDGE_CURVE('',#1038,#970,#506,.T.);
#1381=EDGE_CURVE('',#1038,#1037,#850,.T.);
#1382=EDGE_CURVE('',#1037,#1039,#507,.T.);
#1383=EDGE_CURVE('',#1039,#1040,#851,.T.);
#1384=EDGE_CURVE('',#1040,#1041,#508,.T.);
#1385=EDGE_CURVE('',#1041,#1042,#852,.T.);
#1386=EDGE_CURVE('',#1042,#1043,#509,.T.);
#1387=EDGE_CURVE('',#1043,#1039,#853,.T.);
#1388=EDGE_CURVE('',#1043,#1040,#18,.T.);
#1389=EDGE_CURVE('',#1042,#1041,#19,.T.);
#1390=EDGE_CURVE('',#1044,#1044,#854,.T.);
#1391=EDGE_CURVE('',#1045,#1045,#855,.T.);
#1392=EDGE_CURVE('',#1045,#1044,#510,.T.);
#1393=ORIENTED_EDGE('',*,*,#1046,.T.);
#1394=ORIENTED_EDGE('',*,*,#1047,.T.);
#1395=ORIENTED_EDGE('',*,*,#1048,.F.);
#1396=ORIENTED_EDGE('',*,*,#1049,.F.);
#1397=ORIENTED_EDGE('',*,*,#1047,.F.);
#1398=ORIENTED_EDGE('',*,*,#1050,.F.);
#1399=ORIENTED_EDGE('',*,*,#1051,.T.);
#1400=ORIENTED_EDGE('',*,*,#1048,.T.);
#1401=ORIENTED_EDGE('',*,*,#1049,.T.);
#1402=ORIENTED_EDGE('',*,*,#1051,.F.);
#1403=ORIENTED_EDGE('',*,*,#1052,.F.);
#1404=ORIENTED_EDGE('',*,*,#1046,.F.);
#1405=ORIENTED_EDGE('',*,*,#1053,.T.);
#1406=ORIENTED_EDGE('',*,*,#1054,.T.);
#1407=ORIENTED_EDGE('',*,*,#1055,.T.);
#1408=ORIENTED_EDGE('',*,*,#1053,.F.);
#1409=ORIENTED_EDGE('',*,*,#1056,.T.);
#1410=ORIENTED_EDGE('',*,*,#1057,.T.);
#1411=ORIENTED_EDGE('',*,*,#1054,.F.);
#1412=ORIENTED_EDGE('',*,*,#1055,.F.);
#1413=ORIENTED_EDGE('',*,*,#1057,.F.);
#1414=ORIENTED_EDGE('',*,*,#1056,.F.);
#1415=ORIENTED_EDGE('',*,*,#1058,.T.);
#1416=ORIENTED_EDGE('',*,*,#1059,.T.);
#1417=ORIENTED_EDGE('',*,*,#1060,.T.);
#1418=ORIENTED_EDGE('',*,*,#1058,.F.);
#1419=ORIENTED_EDGE('',*,*,#1061,.T.);
#1420=ORIENTED_EDGE('',*,*,#1062,.T.);
#1421=ORIENTED_EDGE('',*,*,#1059,.F.);
#1422=ORIENTED_EDGE('',*,*,#1060,.F.);
#1423=ORIENTED_EDGE('',*,*,#1062,.F.);
#1424=ORIENTED_EDGE('',*,*,#1061,.F.);
#1425=ORIENTED_EDGE('',*,*,#1063,.T.);
#1426=ORIENTED_EDGE('',*,*,#1064,.T.);
#1427=ORIENTED_EDGE('',*,*,#1065,.T.);
#1428=ORIENTED_EDGE('',*,*,#1063,.F.);
#1429=ORIENTED_EDGE('',*,*,#1066,.T.);
#1430=ORIENTED_EDGE('',*,*,#1067,.T.);
#1431=ORIENTED_EDGE('',*,*,#1064,.F.);
#1432=ORIENTED_EDGE('',*,*,#1065,.F.);
#1433=ORIENTED_EDGE('',*,*,#1067,.F.);
#1434=ORIENTED_EDGE('',*,*,#1066,.F.);
#1435=ORIENTED_EDGE('',*,*,#1068,.T.);
#1436=ORIENTED_EDGE('',*,*,#1069,.T.);
#1437=ORIENTED_EDGE('',*,*,#1068,.F.);
#1438=ORIENTED_EDGE('',*,*,#1070,.T.);
#1439=ORIENTED_EDGE('',*,*,#1071,.T.);
#1440=ORIENTED_EDGE('',*,*,#1069,.F.);
#1441=ORIENTED_EDGE('',*,*,#1071,.F.);
#1442=ORIENTED_EDGE('',*,*,#1070,.F.);
#1443=ORIENTED_EDGE('',*,*,#1072,.T.);
#1444=ORIENTED_EDGE('',*,*,#1073,.T.);
#1445=ORIENTED_EDGE('',*,*,#1072,.F.);
#1446=ORIENTED_EDGE('',*,*,#1074,.T.);
#1447=ORIENTED_EDGE('',*,*,#1075,.T.);
#1448=ORIENTED_EDGE('',*,*,#1073,.F.);
#1449=ORIENTED_EDGE('',*,*,#1075,.F.);
#1450=ORIENTED_EDGE('',*,*,#1074,.F.);
#1451=ORIENTED_EDGE('',*,*,#1076,.T.);
#1452=ORIENTED_EDGE('',*,*,#1077,.T.);
#1453=ORIENTED_EDGE('',*,*,#1076,.F.);
#1454=ORIENTED_EDGE('',*,*,#1078,.T.);
#1455=ORIENTED_EDGE('',*,*,#1079,.T.);
#1456=ORIENTED_EDGE('',*,*,#1077,.F.);
#1457=ORIENTED_EDGE('',*,*,#1079,.F.);
#1458=ORIENTED_EDGE('',*,*,#1078,.F.);
#1459=ORIENTED_EDGE('',*,*,#1080,.T.);
#1460=ORIENTED_EDGE('',*,*,#1081,.T.);
#1461=ORIENTED_EDGE('',*,*,#1080,.F.);
#1462=ORIENTED_EDGE('',*,*,#1082,.T.);
#1463=ORIENTED_EDGE('',*,*,#1083,.T.);
#1464=ORIENTED_EDGE('',*,*,#1081,.F.);
#1465=ORIENTED_EDGE('',*,*,#1083,.F.);
#1466=ORIENTED_EDGE('',*,*,#1082,.F.);
#1467=ORIENTED_EDGE('',*,*,#1084,.T.);
#1468=ORIENTED_EDGE('',*,*,#1085,.T.);
#1469=ORIENTED_EDGE('',*,*,#1084,.F.);
#1470=ORIENTED_EDGE('',*,*,#1086,.T.);
#1471=ORIENTED_EDGE('',*,*,#1087,.T.);
#1472=ORIENTED_EDGE('',*,*,#1085,.F.);
#1473=ORIENTED_EDGE('',*,*,#1087,.F.);
#1474=ORIENTED_EDGE('',*,*,#1086,.F.);
#1475=ORIENTED_EDGE('',*,*,#1088,.T.);
#1476=ORIENTED_EDGE('',*,*,#1089,.T.);
#1477=ORIENTED_EDGE('',*,*,#1088,.F.);
#1478=ORIENTED_EDGE('',*,*,#1090,.T.);
#1479=ORIENTED_EDGE('',*,*,#1091,.T.);
#1480=ORIENTED_EDGE('',*,*,#1089,.F.);
#1481=ORIENTED_EDGE('',*,*,#1091,.F.);
#1482=ORIENTED_EDGE('',*,*,#1090,.F.);
#1483=ORIENTED_EDGE('',*,*,#1092,.T.);
#1484=ORIENTED_EDGE('',*,*,#1093,.T.);
#1485=ORIENTED_EDGE('',*,*,#1092,.F.);
#1486=ORIENTED_EDGE('',*,*,#1094,.T.);
#1487=ORIENTED_EDGE('',*,*,#1095,.T.);
#1488=ORIENTED_EDGE('',*,*,#1093,.F.);
#1489=ORIENTED_EDGE('',*,*,#1095,.F.);
#1490=ORIENTED_EDGE('',*,*,#1094,.F.);
#1491=ORIENTED_EDGE('',*,*,#1096,.T.);
#1492=ORIENTED_EDGE('',*,*,#1097,.T.);
#1493=ORIENTED_EDGE('',*,*,#1096,.F.);
#1494=ORIENTED_EDGE('',*,*,#1098,.T.);
#1495=ORIENTED_EDGE('',*,*,#1099,.T.);
#1496=ORIENTED_EDGE('',*,*,#1097,.F.);
#1497=ORIENTED_EDGE('',*,*,#1099,.F.);
#1498=ORIENTED_EDGE('',*,*,#1098,.F.);
#1499=ORIENTED_EDGE('',*,*,#1100,.T.);
#1500=ORIENTED_EDGE('',*,*,#1101,.T.);
#1501=ORIENTED_EDGE('',*,*,#1100,.F.);
#1502=ORIENTED_EDGE('',*,*,#1102,.T.);
#1503=ORIENTED_EDGE('',*,*,#1103,.T.);
#1504=ORIENTED_EDGE('',*,*,#1101,.F.);
#1505=ORIENTED_EDGE('',*,*,#1103,.F.);
#1506=ORIENTED_EDGE('',*,*,#1102,.F.);
#1507=ORIENTED_EDGE('',*,*,#1104,.T.);
#1508=ORIENTED_EDGE('',*,*,#1105,.T.);
#1509=ORIENTED_EDGE('',*,*,#1104,.F.);
#1510=ORIENTED_EDGE('',*,*,#1106,.T.);
#1511=ORIENTED_EDGE('',*,*,#1107,.T.);
#1512=ORIENTED_EDGE('',*,*,#1105,.F.);
#1513=ORIENTED_EDGE('',*,*,#1107,.F.);
#1514=ORIENTED_EDGE('',*,*,#1106,.F.);
#1515=ORIENTED_EDGE('',*,*,#1108,.T.);
#1516=ORIENTED_EDGE('',*,*,#1109,.T.);
#1517=ORIENTED_EDGE('',*,*,#1108,.F.);
#1518=ORIENTED_EDGE('',*,*,#1110,.T.);
#1519=ORIENTED_EDGE('',*,*,#1111,.T.);
#1520=ORIENTED_EDGE('',*,*,#1109,.F.);
#1521=ORIENTED_EDGE('',*,*,#1111,.F.);
#1522=ORIENTED_EDGE('',*,*,#1110,.F.);
#1523=ORIENTED_EDGE('',*,*,#1112,.T.);
#1524=ORIENTED_EDGE('',*,*,#1113,.T.);
#1525=ORIENTED_EDGE('',*,*,#1112,.F.);
#1526=ORIENTED_EDGE('',*,*,#1114,.T.);
#1527=ORIENTED_EDGE('',*,*,#1115,.T.);
#1528=ORIENTED_EDGE('',*,*,#1113,.F.);
#1529=ORIENTED_EDGE('',*,*,#1115,.F.);
#1530=ORIENTED_EDGE('',*,*,#1114,.F.);
#1531=ORIENTED_EDGE('',*,*,#1116,.T.);
#1532=ORIENTED_EDGE('',*,*,#1117,.T.);
#1533=ORIENTED_EDGE('',*,*,#1116,.F.);
#1534=ORIENTED_EDGE('',*,*,#1118,.T.);
#1535=ORIENTED_EDGE('',*,*,#1119,.T.);
#1536=ORIENTED_EDGE('',*,*,#1117,.F.);
#1537=ORIENTED_EDGE('',*,*,#1119,.F.);
#1538=ORIENTED_EDGE('',*,*,#1118,.F.);
#1539=ORIENTED_EDGE('',*,*,#1120,.T.);
#1540=ORIENTED_EDGE('',*,*,#1121,.T.);
#1541=ORIENTED_EDGE('',*,*,#1120,.F.);
#1542=ORIENTED_EDGE('',*,*,#1122,.T.);
#1543=ORIENTED_EDGE('',*,*,#1123,.T.);
#1544=ORIENTED_EDGE('',*,*,#1121,.F.);
#1545=ORIENTED_EDGE('',*,*,#1123,.F.);
#1546=ORIENTED_EDGE('',*,*,#1122,.F.);
#1547=ORIENTED_EDGE('',*,*,#1124,.T.);
#1548=ORIENTED_EDGE('',*,*,#1125,.T.);
#1549=ORIENTED_EDGE('',*,*,#1124,.F.);
#1550=ORIENTED_EDGE('',*,*,#1126,.T.);
#1551=ORIENTED_EDGE('',*,*,#1127,.T.);
#1552=ORIENTED_EDGE('',*,*,#1125,.F.);
#1553=ORIENTED_EDGE('',*,*,#1127,.F.);
#1554=ORIENTED_EDGE('',*,*,#1126,.F.);
#1555=ORIENTED_EDGE('',*,*,#1128,.T.);
#1556=ORIENTED_EDGE('',*,*,#1129,.T.);
#1557=ORIENTED_EDGE('',*,*,#1128,.F.);
#1558=ORIENTED_EDGE('',*,*,#1130,.T.);
#1559=ORIENTED_EDGE('',*,*,#1131,.T.);
#1560=ORIENTED_EDGE('',*,*,#1129,.F.);
#1561=ORIENTED_EDGE('',*,*,#1131,.F.);
#1562=ORIENTED_EDGE('',*,*,#1130,.F.);
#1563=ORIENTED_EDGE('',*,*,#1132,.T.);
#1564=ORIENTED_EDGE('',*,*,#1133,.T.);
#1565=ORIENTED_EDGE('',*,*,#1132,.F.);
#1566=ORIENTED_EDGE('',*,*,#1134,.T.);
#1567=ORIENTED_EDGE('',*,*,#1135,.T.);
#1568=ORIENTED_EDGE('',*,*,#1133,.F.);
#1569=ORIENTED_EDGE('',*,*,#1135,.F.);
#1570=ORIENTED_EDGE('',*,*,#1134,.F.);
#1571=ORIENTED_EDGE('',*,*,#1136,.T.);
#1572=ORIENTED_EDGE('',*,*,#1137,.T.);
#1573=ORIENTED_EDGE('',*,*,#1136,.F.);
#1574=ORIENTED_EDGE('',*,*,#1138,.T.);
#1575=ORIENTED_EDGE('',*,*,#1139,.T.);
#1576=ORIENTED_EDGE('',*,*,#1137,.F.);
#1577=ORIENTED_EDGE('',*,*,#1139,.F.);
#1578=ORIENTED_EDGE('',*,*,#1138,.F.);
#1579=ORIENTED_EDGE('',*,*,#1140,.T.);
#1580=ORIENTED_EDGE('',*,*,#1141,.T.);
#1581=ORIENTED_EDGE('',*,*,#1140,.F.);
#1582=ORIENTED_EDGE('',*,*,#1142,.T.);
#1583=ORIENTED_EDGE('',*,*,#1143,.T.);
#1584=ORIENTED_EDGE('',*,*,#1141,.F.);
#1585=ORIENTED_EDGE('',*,*,#1143,.F.);
#1586=ORIENTED_EDGE('',*,*,#1142,.F.);
#1587=ORIENTED_EDGE('',*,*,#1144,.T.);
#1588=ORIENTED_EDGE('',*,*,#1145,.T.);
#1589=ORIENTED_EDGE('',*,*,#1144,.F.);
#1590=ORIENTED_EDGE('',*,*,#1146,.T.);
#1591=ORIENTED_EDGE('',*,*,#1147,.T.);
#1592=ORIENTED_EDGE('',*,*,#1145,.F.);
#1593=ORIENTED_EDGE('',*,*,#1147,.F.);
#1594=ORIENTED_EDGE('',*,*,#1146,.F.);
#1595=ORIENTED_EDGE('',*,*,#1148,.T.);
#1596=ORIENTED_EDGE('',*,*,#1149,.T.);
#1597=ORIENTED_EDGE('',*,*,#1148,.F.);
#1598=ORIENTED_EDGE('',*,*,#1150,.T.);
#1599=ORIENTED_EDGE('',*,*,#1151,.T.);
#1600=ORIENTED_EDGE('',*,*,#1149,.F.);
#1601=ORIENTED_EDGE('',*,*,#1151,.F.);
#1602=ORIENTED_EDGE('',*,*,#1150,.F.);
#1603=ORIENTED_EDGE('',*,*,#1152,.T.);
#1604=ORIENTED_EDGE('',*,*,#1153,.T.);
#1605=ORIENTED_EDGE('',*,*,#1152,.F.);
#1606=ORIENTED_EDGE('',*,*,#1154,.T.);
#1607=ORIENTED_EDGE('',*,*,#1155,.T.);
#1608=ORIENTED_EDGE('',*,*,#1153,.F.);
#1609=ORIENTED_EDGE('',*,*,#1155,.F.);
#1610=ORIENTED_EDGE('',*,*,#1154,.F.);
#1611=ORIENTED_EDGE('',*,*,#1156,.T.);
#1612=ORIENTED_EDGE('',*,*,#1157,.T.);
#1613=ORIENTED_EDGE('',*,*,#1156,.F.);
#1614=ORIENTED_EDGE('',*,*,#1158,.T.);
#1615=ORIENTED_EDGE('',*,*,#1159,.T.);
#1616=ORIENTED_EDGE('',*,*,#1157,.F.);
#1617=ORIENTED_EDGE('',*,*,#1159,.F.);
#1618=ORIENTED_EDGE('',*,*,#1158,.F.);
#1619=ORIENTED_EDGE('',*,*,#1160,.T.);
#1620=ORIENTED_EDGE('',*,*,#1161,.T.);
#1621=ORIENTED_EDGE('',*,*,#1160,.F.);
#1622=ORIENTED_EDGE('',*,*,#1162,.T.);
#1623=ORIENTED_EDGE('',*,*,#1163,.T.);
#1624=ORIENTED_EDGE('',*,*,#1161,.F.);
#1625=ORIENTED_EDGE('',*,*,#1163,.F.);
#1626=ORIENTED_EDGE('',*,*,#1162,.F.);
#1627=ORIENTED_EDGE('',*,*,#1164,.T.);
#1628=ORIENTED_EDGE('',*,*,#1165,.T.);
#1629=ORIENTED_EDGE('',*,*,#1164,.F.);
#1630=ORIENTED_EDGE('',*,*,#1166,.T.);
#1631=ORIENTED_EDGE('',*,*,#1167,.T.);
#1632=ORIENTED_EDGE('',*,*,#1165,.F.);
#1633=ORIENTED_EDGE('',*,*,#1167,.F.);
#1634=ORIENTED_EDGE('',*,*,#1166,.F.);
#1635=ORIENTED_EDGE('',*,*,#1168,.T.);
#1636=ORIENTED_EDGE('',*,*,#1169,.T.);
#1637=ORIENTED_EDGE('',*,*,#1168,.F.);
#1638=ORIENTED_EDGE('',*,*,#1170,.T.);
#1639=ORIENTED_EDGE('',*,*,#1171,.T.);
#1640=ORIENTED_EDGE('',*,*,#1169,.F.);
#1641=ORIENTED_EDGE('',*,*,#1171,.F.);
#1642=ORIENTED_EDGE('',*,*,#1170,.F.);
#1643=ORIENTED_EDGE('',*,*,#1172,.T.);
#1644=ORIENTED_EDGE('',*,*,#1173,.T.);
#1645=ORIENTED_EDGE('',*,*,#1172,.F.);
#1646=ORIENTED_EDGE('',*,*,#1174,.T.);
#1647=ORIENTED_EDGE('',*,*,#1175,.T.);
#1648=ORIENTED_EDGE('',*,*,#1173,.F.);
#1649=ORIENTED_EDGE('',*,*,#1175,.F.);
#1650=ORIENTED_EDGE('',*,*,#1174,.F.);
#1651=ORIENTED_EDGE('',*,*,#1176,.T.);
#1652=ORIENTED_EDGE('',*,*,#1177,.T.);
#1653=ORIENTED_EDGE('',*,*,#1176,.F.);
#1654=ORIENTED_EDGE('',*,*,#1178,.T.);
#1655=ORIENTED_EDGE('',*,*,#1179,.T.);
#1656=ORIENTED_EDGE('',*,*,#1177,.F.);
#1657=ORIENTED_EDGE('',*,*,#1179,.F.);
#1658=ORIENTED_EDGE('',*,*,#1178,.F.);
#1659=ORIENTED_EDGE('',*,*,#1180,.T.);
#1660=ORIENTED_EDGE('',*,*,#1181,.T.);
#1661=ORIENTED_EDGE('',*,*,#1180,.F.);
#1662=ORIENTED_EDGE('',*,*,#1182,.T.);
#1663=ORIENTED_EDGE('',*,*,#1183,.T.);
#1664=ORIENTED_EDGE('',*,*,#1181,.F.);
#1665=ORIENTED_EDGE('',*,*,#1183,.F.);
#1666=ORIENTED_EDGE('',*,*,#1182,.F.);
#1667=ORIENTED_EDGE('',*,*,#1184,.T.);
#1668=ORIENTED_EDGE('',*,*,#1185,.T.);
#1669=ORIENTED_EDGE('',*,*,#1184,.F.);
#1670=ORIENTED_EDGE('',*,*,#1186,.T.);
#1671=ORIENTED_EDGE('',*,*,#1187,.T.);
#1672=ORIENTED_EDGE('',*,*,#1185,.F.);
#1673=ORIENTED_EDGE('',*,*,#1187,.F.);
#1674=ORIENTED_EDGE('',*,*,#1186,.F.);
#1675=ORIENTED_EDGE('',*,*,#1188,.T.);
#1676=ORIENTED_EDGE('',*,*,#1189,.T.);
#1677=ORIENTED_EDGE('',*,*,#1188,.F.);
#1678=ORIENTED_EDGE('',*,*,#1190,.T.);
#1679=ORIENTED_EDGE('',*,*,#1191,.T.);
#1680=ORIENTED_EDGE('',*,*,#1189,.F.);
#1681=ORIENTED_EDGE('',*,*,#1191,.F.);
#1682=ORIENTED_EDGE('',*,*,#1190,.F.);
#1683=ORIENTED_EDGE('',*,*,#1192,.T.);
#1684=ORIENTED_EDGE('',*,*,#1193,.T.);
#1685=ORIENTED_EDGE('',*,*,#1192,.F.);
#1686=ORIENTED_EDGE('',*,*,#1194,.T.);
#1687=ORIENTED_EDGE('',*,*,#1195,.T.);
#1688=ORIENTED_EDGE('',*,*,#1193,.F.);
#1689=ORIENTED_EDGE('',*,*,#1195,.F.);
#1690=ORIENTED_EDGE('',*,*,#1194,.F.);
#1691=ORIENTED_EDGE('',*,*,#1196,.T.);
#1692=ORIENTED_EDGE('',*,*,#1197,.T.);
#1693=ORIENTED_EDGE('',*,*,#1196,.F.);
#1694=ORIENTED_EDGE('',*,*,#1198,.T.);
#1695=ORIENTED_EDGE('',*,*,#1199,.T.);
#1696=ORIENTED_EDGE('',*,*,#1197,.F.);
#1697=ORIENTED_EDGE('',*,*,#1199,.F.);
#1698=ORIENTED_EDGE('',*,*,#1198,.F.);
#1699=ORIENTED_EDGE('',*,*,#1200,.T.);
#1700=ORIENTED_EDGE('',*,*,#1201,.T.);
#1701=ORIENTED_EDGE('',*,*,#1200,.F.);
#1702=ORIENTED_EDGE('',*,*,#1202,.T.);
#1703=ORIENTED_EDGE('',*,*,#1203,.T.);
#1704=ORIENTED_EDGE('',*,*,#1201,.F.);
#1705=ORIENTED_EDGE('',*,*,#1203,.F.);
#1706=ORIENTED_EDGE('',*,*,#1202,.F.);
#1707=ORIENTED_EDGE('',*,*,#1204,.T.);
#1708=ORIENTED_EDGE('',*,*,#1205,.T.);
#1709=ORIENTED_EDGE('',*,*,#1204,.F.);
#1710=ORIENTED_EDGE('',*,*,#1206,.T.);
#1711=ORIENTED_EDGE('',*,*,#1207,.T.);
#1712=ORIENTED_EDGE('',*,*,#1205,.F.);
#1713=ORIENTED_EDGE('',*,*,#1207,.F.);
#1714=ORIENTED_EDGE('',*,*,#1206,.F.);
#1715=ORIENTED_EDGE('',*,*,#1208,.T.);
#1716=ORIENTED_EDGE('',*,*,#1209,.T.);
#1717=ORIENTED_EDGE('',*,*,#1208,.F.);
#1718=ORIENTED_EDGE('',*,*,#1210,.T.);
#1719=ORIENTED_EDGE('',*,*,#1211,.T.);
#1720=ORIENTED_EDGE('',*,*,#1209,.F.);
#1721=ORIENTED_EDGE('',*,*,#1211,.F.);
#1722=ORIENTED_EDGE('',*,*,#1210,.F.);
#1723=ORIENTED_EDGE('',*,*,#1212,.T.);
#1724=ORIENTED_EDGE('',*,*,#1213,.T.);
#1725=ORIENTED_EDGE('',*,*,#1212,.F.);
#1726=ORIENTED_EDGE('',*,*,#1214,.T.);
#1727=ORIENTED_EDGE('',*,*,#1215,.T.);
#1728=ORIENTED_EDGE('',*,*,#1213,.F.);
#1729=ORIENTED_EDGE('',*,*,#1215,.F.);
#1730=ORIENTED_EDGE('',*,*,#1214,.F.);
#1731=ORIENTED_EDGE('',*,*,#1216,.T.);
#1732=ORIENTED_EDGE('',*,*,#1217,.T.);
#1733=ORIENTED_EDGE('',*,*,#1216,.F.);
#1734=ORIENTED_EDGE('',*,*,#1218,.T.);
#1735=ORIENTED_EDGE('',*,*,#1219,.T.);
#1736=ORIENTED_EDGE('',*,*,#1217,.F.);
#1737=ORIENTED_EDGE('',*,*,#1219,.F.);
#1738=ORIENTED_EDGE('',*,*,#1218,.F.);
#1739=ORIENTED_EDGE('',*,*,#1220,.T.);
#1740=ORIENTED_EDGE('',*,*,#1221,.T.);
#1741=ORIENTED_EDGE('',*,*,#1220,.F.);
#1742=ORIENTED_EDGE('',*,*,#1222,.T.);
#1743=ORIENTED_EDGE('',*,*,#1223,.T.);
#1744=ORIENTED_EDGE('',*,*,#1221,.F.);
#1745=ORIENTED_EDGE('',*,*,#1223,.F.);
#1746=ORIENTED_EDGE('',*,*,#1222,.F.);
#1747=ORIENTED_EDGE('',*,*,#1224,.T.);
#1748=ORIENTED_EDGE('',*,*,#1225,.T.);
#1749=ORIENTED_EDGE('',*,*,#1224,.F.);
#1750=ORIENTED_EDGE('',*,*,#1226,.T.);
#1751=ORIENTED_EDGE('',*,*,#1227,.T.);
#1752=ORIENTED_EDGE('',*,*,#1225,.F.);
#1753=ORIENTED_EDGE('',*,*,#1227,.F.);
#1754=ORIENTED_EDGE('',*,*,#1226,.F.);
#1755=ORIENTED_EDGE('',*,*,#1228,.T.);
#1756=ORIENTED_EDGE('',*,*,#1229,.T.);
#1757=ORIENTED_EDGE('',*,*,#1228,.F.);
#1758=ORIENTED_EDGE('',*,*,#1230,.T.);
#1759=ORIENTED_EDGE('',*,*,#1231,.T.);
#1760=ORIENTED_EDGE('',*,*,#1229,.F.);
#1761=ORIENTED_EDGE('',*,*,#1231,.F.);
#1762=ORIENTED_EDGE('',*,*,#1230,.F.);
#1763=ORIENTED_EDGE('',*,*,#1232,.T.);
#1764=ORIENTED_EDGE('',*,*,#1233,.T.);
#1765=ORIENTED_EDGE('',*,*,#1232,.F.);
#1766=ORIENTED_EDGE('',*,*,#1234,.T.);
#1767=ORIENTED_EDGE('',*,*,#1235,.T.);
#1768=ORIENTED_EDGE('',*,*,#1233,.F.);
#1769=ORIENTED_EDGE('',*,*,#1235,.F.);
#1770=ORIENTED_EDGE('',*,*,#1234,.F.);
#1771=ORIENTED_EDGE('',*,*,#1236,.T.);
#1772=ORIENTED_EDGE('',*,*,#1237,.T.);
#1773=ORIENTED_EDGE('',*,*,#1236,.F.);
#1774=ORIENTED_EDGE('',*,*,#1238,.T.);
#1775=ORIENTED_EDGE('',*,*,#1239,.T.);
#1776=ORIENTED_EDGE('',*,*,#1237,.F.);
#1777=ORIENTED_EDGE('',*,*,#1239,.F.);
#1778=ORIENTED_EDGE('',*,*,#1238,.F.);
#1779=ORIENTED_EDGE('',*,*,#1240,.T.);
#1780=ORIENTED_EDGE('',*,*,#1241,.T.);
#1781=ORIENTED_EDGE('',*,*,#1240,.F.);
#1782=ORIENTED_EDGE('',*,*,#1242,.T.);
#1783=ORIENTED_EDGE('',*,*,#1243,.T.);
#1784=ORIENTED_EDGE('',*,*,#1241,.F.);
#1785=ORIENTED_EDGE('',*,*,#1243,.F.);
#1786=ORIENTED_EDGE('',*,*,#1242,.F.);
#1787=ORIENTED_EDGE('',*,*,#1244,.T.);
#1788=ORIENTED_EDGE('',*,*,#1245,.T.);
#1789=ORIENTED_EDGE('',*,*,#1244,.F.);
#1790=ORIENTED_EDGE('',*,*,#1246,.T.);
#1791=ORIENTED_EDGE('',*,*,#1247,.T.);
#1792=ORIENTED_EDGE('',*,*,#1245,.F.);
#1793=ORIENTED_EDGE('',*,*,#1247,.F.);
#1794=ORIENTED_EDGE('',*,*,#1246,.F.);
#1795=ORIENTED_EDGE('',*,*,#1248,.T.);
#1796=ORIENTED_EDGE('',*,*,#1249,.T.);
#1797=ORIENTED_EDGE('',*,*,#1248,.F.);
#1798=ORIENTED_EDGE('',*,*,#1250,.T.);
#1799=ORIENTED_EDGE('',*,*,#1251,.T.);
#1800=ORIENTED_EDGE('',*,*,#1249,.F.);
#1801=ORIENTED_EDGE('',*,*,#1251,.F.);
#1802=ORIENTED_EDGE('',*,*,#1250,.F.);
#1803=ORIENTED_EDGE('',*,*,#1252,.T.);
#1804=ORIENTED_EDGE('',*,*,#1253,.T.);
#1805=ORIENTED_EDGE('',*,*,#1252,.F.);
#1806=ORIENTED_EDGE('',*,*,#1254,.T.);
#1807=ORIENTED_EDGE('',*,*,#1255,.T.);
#1808=ORIENTED_EDGE('',*,*,#1253,.F.);
#1809=ORIENTED_EDGE('',*,*,#1255,.F.);
#1810=ORIENTED_EDGE('',*,*,#1254,.F.);
#1811=ORIENTED_EDGE('',*,*,#1256,.T.);
#1812=ORIENTED_EDGE('',*,*,#1257,.T.);
#1813=ORIENTED_EDGE('',*,*,#1256,.F.);
#1814=ORIENTED_EDGE('',*,*,#1258,.T.);
#1815=ORIENTED_EDGE('',*,*,#1259,.T.);
#1816=ORIENTED_EDGE('',*,*,#1257,.F.);
#1817=ORIENTED_EDGE('',*,*,#1259,.F.);
#1818=ORIENTED_EDGE('',*,*,#1258,.F.);
#1819=ORIENTED_EDGE('',*,*,#1260,.T.);
#1820=ORIENTED_EDGE('',*,*,#1261,.T.);
#1821=ORIENTED_EDGE('',*,*,#1260,.F.);
#1822=ORIENTED_EDGE('',*,*,#1262,.T.);
#1823=ORIENTED_EDGE('',*,*,#1263,.T.);
#1824=ORIENTED_EDGE('',*,*,#1261,.F.);
#1825=ORIENTED_EDGE('',*,*,#1263,.F.);
#1826=ORIENTED_EDGE('',*,*,#1262,.F.);
#1827=ORIENTED_EDGE('',*,*,#1264,.T.);
#1828=ORIENTED_EDGE('',*,*,#1265,.T.);
#1829=ORIENTED_EDGE('',*,*,#1264,.F.);
#1830=ORIENTED_EDGE('',*,*,#1266,.T.);
#1831=ORIENTED_EDGE('',*,*,#1267,.T.);
#1832=ORIENTED_EDGE('',*,*,#1265,.F.);
#1833=ORIENTED_EDGE('',*,*,#1268,.T.);
#1834=ORIENTED_EDGE('',*,*,#1269,.T.);
#1835=ORIENTED_EDGE('',*,*,#1266,.F.);
#1836=ORIENTED_EDGE('',*,*,#1269,.F.);
#1837=ORIENTED_EDGE('',*,*,#1268,.F.);
#1838=ORIENTED_EDGE('',*,*,#1270,.T.);
#1839=ORIENTED_EDGE('',*,*,#1271,.T.);
#1840=ORIENTED_EDGE('',*,*,#1272,.T.);
#1841=ORIENTED_EDGE('',*,*,#1270,.F.);
#1842=ORIENTED_EDGE('',*,*,#1273,.T.);
#1843=ORIENTED_EDGE('',*,*,#1274,.T.);
#1844=ORIENTED_EDGE('',*,*,#1271,.F.);
#1845=ORIENTED_EDGE('',*,*,#1272,.F.);
#1846=ORIENTED_EDGE('',*,*,#1274,.F.);
#1847=ORIENTED_EDGE('',*,*,#1273,.F.);
#1848=ORIENTED_EDGE('',*,*,#1275,.T.);
#1849=ORIENTED_EDGE('',*,*,#1276,.T.);
#1850=ORIENTED_EDGE('',*,*,#1277,.T.);
#1851=ORIENTED_EDGE('',*,*,#1275,.F.);
#1852=ORIENTED_EDGE('',*,*,#1278,.T.);
#1853=ORIENTED_EDGE('',*,*,#1279,.T.);
#1854=ORIENTED_EDGE('',*,*,#1276,.F.);
#1855=ORIENTED_EDGE('',*,*,#1277,.F.);
#1856=ORIENTED_EDGE('',*,*,#1279,.F.);
#1857=ORIENTED_EDGE('',*,*,#1278,.F.);
#1858=ORIENTED_EDGE('',*,*,#1280,.T.);
#1859=ORIENTED_EDGE('',*,*,#1281,.T.);
#1860=ORIENTED_EDGE('',*,*,#1282,.T.);
#1861=ORIENTED_EDGE('',*,*,#1280,.F.);
#1862=ORIENTED_EDGE('',*,*,#1283,.T.);
#1863=ORIENTED_EDGE('',*,*,#1284,.T.);
#1864=ORIENTED_EDGE('',*,*,#1281,.F.);
#1865=ORIENTED_EDGE('',*,*,#1282,.F.);
#1866=ORIENTED_EDGE('',*,*,#1284,.F.);
#1867=ORIENTED_EDGE('',*,*,#1283,.F.);
#1868=ORIENTED_EDGE('',*,*,#1285,.T.);
#1869=ORIENTED_EDGE('',*,*,#1286,.T.);
#1870=ORIENTED_EDGE('',*,*,#1287,.T.);
#1871=ORIENTED_EDGE('',*,*,#1285,.F.);
#1872=ORIENTED_EDGE('',*,*,#1288,.T.);
#1873=ORIENTED_EDGE('',*,*,#1289,.T.);
#1874=ORIENTED_EDGE('',*,*,#1286,.F.);
#1875=ORIENTED_EDGE('',*,*,#1287,.F.);
#1876=ORIENTED_EDGE('',*,*,#1289,.F.);
#1877=ORIENTED_EDGE('',*,*,#1288,.F.);
#1878=ORIENTED_EDGE('',*,*,#1290,.T.);
#1879=ORIENTED_EDGE('',*,*,#1291,.T.);
#1880=ORIENTED_EDGE('',*,*,#1292,.T.);
#1881=ORIENTED_EDGE('',*,*,#1290,.F.);
#1882=ORIENTED_EDGE('',*,*,#1293,.T.);
#1883=ORIENTED_EDGE('',*,*,#1294,.T.);
#1884=ORIENTED_EDGE('',*,*,#1291,.F.);
#1885=ORIENTED_EDGE('',*,*,#1292,.F.);
#1886=ORIENTED_EDGE('',*,*,#1294,.F.);
#1887=ORIENTED_EDGE('',*,*,#1293,.F.);
#1888=ORIENTED_EDGE('',*,*,#1295,.T.);
#1889=ORIENTED_EDGE('',*,*,#1296,.T.);
#1890=ORIENTED_EDGE('',*,*,#1297,.T.);
#1891=ORIENTED_EDGE('',*,*,#1295,.F.);
#1892=ORIENTED_EDGE('',*,*,#1298,.T.);
#1893=ORIENTED_EDGE('',*,*,#1299,.T.);
#1894=ORIENTED_EDGE('',*,*,#1296,.F.);
#1895=ORIENTED_EDGE('',*,*,#1297,.F.);
#1896=ORIENTED_EDGE('',*,*,#1299,.F.);
#1897=ORIENTED_EDGE('',*,*,#1298,.F.);
#1898=ORIENTED_EDGE('',*,*,#1300,.T.);
#1899=ORIENTED_EDGE('',*,*,#1301,.T.);
#1900=ORIENTED_EDGE('',*,*,#1302,.T.);
#1901=ORIENTED_EDGE('',*,*,#1300,.F.);
#1902=ORIENTED_EDGE('',*,*,#1303,.T.);
#1903=ORIENTED_EDGE('',*,*,#1304,.T.);
#1904=ORIENTED_EDGE('',*,*,#1301,.F.);
#1905=ORIENTED_EDGE('',*,*,#1302,.F.);
#1906=ORIENTED_EDGE('',*,*,#1304,.F.);
#1907=ORIENTED_EDGE('',*,*,#1303,.F.);
#1908=ORIENTED_EDGE('',*,*,#1305,.T.);
#1909=ORIENTED_EDGE('',*,*,#1306,.T.);
#1910=ORIENTED_EDGE('',*,*,#1307,.T.);
#1911=ORIENTED_EDGE('',*,*,#1305,.F.);
#1912=ORIENTED_EDGE('',*,*,#1308,.T.);
#1913=ORIENTED_EDGE('',*,*,#1309,.T.);
#1914=ORIENTED_EDGE('',*,*,#1306,.F.);
#1915=ORIENTED_EDGE('',*,*,#1307,.F.);
#1916=ORIENTED_EDGE('',*,*,#1309,.F.);
#1917=ORIENTED_EDGE('',*,*,#1308,.F.);
#1918=ORIENTED_EDGE('',*,*,#1310,.T.);
#1919=ORIENTED_EDGE('',*,*,#1311,.T.);
#1920=ORIENTED_EDGE('',*,*,#1312,.T.);
#1921=ORIENTED_EDGE('',*,*,#1310,.F.);
#1922=ORIENTED_EDGE('',*,*,#1313,.T.);
#1923=ORIENTED_EDGE('',*,*,#1314,.T.);
#1924=ORIENTED_EDGE('',*,*,#1311,.F.);
#1925=ORIENTED_EDGE('',*,*,#1312,.F.);
#1926=ORIENTED_EDGE('',*,*,#1314,.F.);
#1927=ORIENTED_EDGE('',*,*,#1313,.F.);
#1928=ORIENTED_EDGE('',*,*,#1315,.T.);
#1929=ORIENTED_EDGE('',*,*,#1316,.T.);
#1930=ORIENTED_EDGE('',*,*,#1317,.T.);
#1931=ORIENTED_EDGE('',*,*,#1315,.F.);
#1932=ORIENTED_EDGE('',*,*,#1318,.T.);
#1933=ORIENTED_EDGE('',*,*,#1319,.T.);
#1934=ORIENTED_EDGE('',*,*,#1316,.F.);
#1935=ORIENTED_EDGE('',*,*,#1317,.F.);
#1936=ORIENTED_EDGE('',*,*,#1319,.F.);
#1937=ORIENTED_EDGE('',*,*,#1318,.F.);
#1938=ORIENTED_EDGE('',*,*,#1320,.T.);
#1939=ORIENTED_EDGE('',*,*,#1321,.T.);
#1940=ORIENTED_EDGE('',*,*,#1322,.T.);
#1941=ORIENTED_EDGE('',*,*,#1320,.F.);
#1942=ORIENTED_EDGE('',*,*,#1323,.T.);
#1943=ORIENTED_EDGE('',*,*,#1324,.T.);
#1944=ORIENTED_EDGE('',*,*,#1321,.F.);
#1945=ORIENTED_EDGE('',*,*,#1322,.F.);
#1946=ORIENTED_EDGE('',*,*,#1324,.F.);
#1947=ORIENTED_EDGE('',*,*,#1323,.F.);
#1948=ORIENTED_EDGE('',*,*,#1325,.T.);
#1949=ORIENTED_EDGE('',*,*,#1326,.T.);
#1950=ORIENTED_EDGE('',*,*,#1327,.T.);
#1951=ORIENTED_EDGE('',*,*,#1325,.F.);
#1952=ORIENTED_EDGE('',*,*,#1328,.T.);
#1953=ORIENTED_EDGE('',*,*,#1329,.T.);
#1954=ORIENTED_EDGE('',*,*,#1326,.F.);
#1955=ORIENTED_EDGE('',*,*,#1327,.F.);
#1956=ORIENTED_EDGE('',*,*,#1329,.F.);
#1957=ORIENTED_EDGE('',*,*,#1328,.F.);
#1958=ORIENTED_EDGE('',*,*,#1330,.T.);
#1959=ORIENTED_EDGE('',*,*,#1331,.T.);
#1960=ORIENTED_EDGE('',*,*,#1332,.T.);
#1961=ORIENTED_EDGE('',*,*,#1330,.F.);
#1962=ORIENTED_EDGE('',*,*,#1333,.T.);
#1963=ORIENTED_EDGE('',*,*,#1334,.T.);
#1964=ORIENTED_EDGE('',*,*,#1331,.F.);
#1965=ORIENTED_EDGE('',*,*,#1332,.F.);
#1966=ORIENTED_EDGE('',*,*,#1334,.F.);
#1967=ORIENTED_EDGE('',*,*,#1333,.F.);
#1968=ORIENTED_EDGE('',*,*,#1335,.T.);
#1969=ORIENTED_EDGE('',*,*,#1336,.T.);
#1970=ORIENTED_EDGE('',*,*,#1337,.T.);
#1971=ORIENTED_EDGE('',*,*,#1335,.F.);
#1972=ORIENTED_EDGE('',*,*,#1338,.T.);
#1973=ORIENTED_EDGE('',*,*,#1339,.T.);
#1974=ORIENTED_EDGE('',*,*,#1336,.F.);
#1975=ORIENTED_EDGE('',*,*,#1337,.F.);
#1976=ORIENTED_EDGE('',*,*,#1339,.F.);
#1977=ORIENTED_EDGE('',*,*,#1338,.F.);
#1978=ORIENTED_EDGE('',*,*,#1340,.T.);
#1979=ORIENTED_EDGE('',*,*,#1341,.T.);
#1980=ORIENTED_EDGE('',*,*,#1342,.T.);
#1981=ORIENTED_EDGE('',*,*,#1340,.F.);
#1982=ORIENTED_EDGE('',*,*,#1343,.T.);
#1983=ORIENTED_EDGE('',*,*,#1344,.T.);
#1984=ORIENTED_EDGE('',*,*,#1341,.F.);
#1985=ORIENTED_EDGE('',*,*,#1342,.F.);
#1986=ORIENTED_EDGE('',*,*,#1344,.F.);
#1987=ORIENTED_EDGE('',*,*,#1343,.F.);
#1988=ORIENTED_EDGE('',*,*,#1345,.T.);
#1989=ORIENTED_EDGE('',*,*,#1346,.T.);
#1990=ORIENTED_EDGE('',*,*,#1347,.T.);
#1991=ORIENTED_EDGE('',*,*,#1345,.F.);
#1992=ORIENTED_EDGE('',*,*,#1348,.T.);
#1993=ORIENTED_EDGE('',*,*,#1349,.T.);
#1994=ORIENTED_EDGE('',*,*,#1346,.F.);
#1995=ORIENTED_EDGE('',*,*,#1347,.F.);
#1996=ORIENTED_EDGE('',*,*,#1349,.F.);
#1997=ORIENTED_EDGE('',*,*,#1348,.F.);
#1998=ORIENTED_EDGE('',*,*,#1350,.T.);
#1999=ORIENTED_EDGE('',*,*,#1351,.T.);
#2000=ORIENTED_EDGE('',*,*,#1352,.T.);
#2001=ORIENTED_EDGE('',*,*,#1350,.F.);
#2002=ORIENTED_EDGE('',*,*,#1353,.T.);
#2003=ORIENTED_EDGE('',*,*,#1354,.T.);
#2004=ORIENTED_EDGE('',*,*,#1351,.F.);
#2005=ORIENTED_EDGE('',*,*,#1352,.F.);
#2006=ORIENTED_EDGE('',*,*,#1354,.F.);
#2007=ORIENTED_EDGE('',*,*,#1353,.F.);
#2008=ORIENTED_EDGE('',*,*,#1355,.T.);
#2009=ORIENTED_EDGE('',*,*,#1356,.T.);
#2010=ORIENTED_EDGE('',*,*,#1357,.T.);
#2011=ORIENTED_EDGE('',*,*,#1355,.F.);
#2012=ORIENTED_EDGE('',*,*,#1358,.T.);
#2013=ORIENTED_EDGE('',*,*,#1359,.T.);
#2014=ORIENTED_EDGE('',*,*,#1356,.F.);
#2015=ORIENTED_EDGE('',*,*,#1357,.F.);
#2016=ORIENTED_EDGE('',*,*,#1359,.F.);
#2017=ORIENTED_EDGE('',*,*,#1358,.F.);
#2018=ORIENTED_EDGE('',*,*,#1360,.T.);
#2019=ORIENTED_EDGE('',*,*,#1361,.T.);
#2020=ORIENTED_EDGE('',*,*,#1362,.T.);
#2021=ORIENTED_EDGE('',*,*,#1360,.F.);
#2022=ORIENTED_EDGE('',*,*,#1363,.T.);
#2023=ORIENTED_EDGE('',*,*,#1364,.T.);
#2024=ORIENTED_EDGE('',*,*,#1361,.F.);
#2025=ORIENTED_EDGE('',*,*,#1362,.F.);
#2026=ORIENTED_EDGE('',*,*,#1364,.F.);
#2027=ORIENTED_EDGE('',*,*,#1363,.F.);
#2028=ORIENTED_EDGE('',*,*,#1365,.T.);
#2029=ORIENTED_EDGE('',*,*,#1366,.T.);
#2030=ORIENTED_EDGE('',*,*,#1367,.T.);
#2031=ORIENTED_EDGE('',*,*,#1365,.F.);
#2032=ORIENTED_EDGE('',*,*,#1368,.T.);
#2033=ORIENTED_EDGE('',*,*,#1369,.T.);
#2034=ORIENTED_EDGE('',*,*,#1366,.F.);
#2035=ORIENTED_EDGE('',*,*,#1367,.F.);
#2036=ORIENTED_EDGE('',*,*,#1369,.F.);
#2037=ORIENTED_EDGE('',*,*,#1368,.F.);
#2038=ORIENTED_EDGE('',*,*,#1370,.T.);
#2039=ORIENTED_EDGE('',*,*,#1371,.T.);
#2040=ORIENTED_EDGE('',*,*,#1372,.T.);
#2041=ORIENTED_EDGE('',*,*,#1370,.F.);
#2042=ORIENTED_EDGE('',*,*,#1373,.T.);
#2043=ORIENTED_EDGE('',*,*,#1374,.T.);
#2044=ORIENTED_EDGE('',*,*,#1371,.F.);
#2045=ORIENTED_EDGE('',*,*,#1372,.F.);
#2046=ORIENTED_EDGE('',*,*,#1374,.F.);
#2047=ORIENTED_EDGE('',*,*,#1373,.F.);
#2048=ORIENTED_EDGE('',*,*,#1375,.T.);
#2049=ORIENTED_EDGE('',*,*,#1376,.T.);
#2050=ORIENTED_EDGE('',*,*,#1377,.T.);
#2051=ORIENTED_EDGE('',*,*,#1375,.F.);
#2052=ORIENTED_EDGE('',*,*,#1050,.T.);
#2053=ORIENTED_EDGE('',*,*,#1378,.T.);
#2054=ORIENTED_EDGE('',*,*,#1376,.F.);
#2055=ORIENTED_EDGE('',*,*,#1377,.F.);
#2056=ORIENTED_EDGE('',*,*,#1378,.F.);
#2057=ORIENTED_EDGE('',*,*,#1052,.T.);
#2058=ORIENTED_EDGE('',*,*,#1379,.T.);
#2059=ORIENTED_EDGE('',*,*,#1380,.T.);
#2060=ORIENTED_EDGE('',*,*,#1267,.F.);
#2061=ORIENTED_EDGE('',*,*,#1380,.F.);
#2062=ORIENTED_EDGE('',*,*,#1381,.T.);
#2063=ORIENTED_EDGE('',*,*,#1379,.F.);
#2064=ORIENTED_EDGE('',*,*,#1382,.T.);
#2065=ORIENTED_EDGE('',*,*,#1383,.T.);
#2066=ORIENTED_EDGE('',*,*,#1384,.T.);
#2067=ORIENTED_EDGE('',*,*,#1385,.T.);
#2068=ORIENTED_EDGE('',*,*,#1386,.T.);
#2069=ORIENTED_EDGE('',*,*,#1387,.T.);
#2070=ORIENTED_EDGE('',*,*,#1382,.F.);
#2071=ORIENTED_EDGE('',*,*,#1381,.F.);
#2072=ORIENTED_EDGE('',*,*,#1387,.F.);
#2073=ORIENTED_EDGE('',*,*,#1388,.T.);
#2074=ORIENTED_EDGE('',*,*,#1383,.F.);
#2075=ORIENTED_EDGE('',*,*,#1389,.T.);
#2076=ORIENTED_EDGE('',*,*,#1384,.F.);
#2077=ORIENTED_EDGE('',*,*,#1388,.F.);
#2078=ORIENTED_EDGE('',*,*,#1386,.F.);
#2079=ORIENTED_EDGE('',*,*,#1389,.F.);
#2080=ORIENTED_EDGE('',*,*,#1385,.F.);
#2081=ORIENTED_EDGE('',*,*,#1390,.F.);
#2082=ORIENTED_EDGE('',*,*,#1391,.F.);
#2083=ORIENTED_EDGE('',*,*,#1392,.T.);
#2084=ORIENTED_EDGE('',*,*,#1390,.T.);
#2085=ORIENTED_EDGE('',*,*,#1392,.F.);
#2086=ORIENTED_EDGE('',*,*,#1391,.T.);
#2087=CONICAL_SURFACE('',#2417,5.9375,0.523598775598299);
#2088=CONICAL_SURFACE('',#2421,5.8125,0.523598775598299);
#2089=CONICAL_SURFACE('',#2424,6.0625,0.523598775598299);
#2090=CONICAL_SURFACE('',#2427,6.1875,0.523598775598299);
#2091=CONICAL_SURFACE('',#2429,6.3125,0.523598775598299);
#2092=CONICAL_SURFACE('',#2432,6.4375,0.523598775598299);
#2093=CONICAL_SURFACE('',#2434,6.5625,0.523598775598299);
#2094=CONICAL_SURFACE('',#2437,6.6875,0.523598775598299);
#2095=CONICAL_SURFACE('',#2439,6.8125,0.523598775598299);
#2096=CONICAL_SURFACE('',#2441,6.9375,0.523598775598299);
#2097=CONICAL_SURFACE('',#2443,7.0625,0.523598775598299);
#2098=CONICAL_SURFACE('',#2445,7.1875,0.523598775598299);
#2099=CONICAL_SURFACE('',#2447,7.3125,0.523598775598299);
#2100=CONICAL_SURFACE('',#2449,7.4375,0.523598775598299);
#2101=CONICAL_SURFACE('',#2451,7.5625,0.523598775598299);
#2102=CONICAL_SURFACE('',#2453,7.6875,0.523598775598299);
#2103=CONICAL_SURFACE('',#2455,7.8125,0.523598775598299);
#2104=CONICAL_SURFACE('',#2457,7.9375,0.523598775598299);
#2105=CONICAL_SURFACE('',#2459,8.0625,0.523598775598299);
#2106=CONICAL_SURFACE('',#2461,8.1875,0.523598775598299);
#2107=CONICAL_SURFACE('',#2463,8.3125,0.523598775598299);
#2108=CONICAL_SURFACE('',#2465,8.4375,0.523598775598299);
#2109=CONICAL_SURFACE('',#2467,8.5625,0.523598775598299);
#2110=CONICAL_SURFACE('',#2469,8.6875,0.523598775598299);
#2111=CONICAL_SURFACE('',#2471,8.8125,0.523598775598299);
#2112=CONICAL_SURFACE('',#2473,8.9375,0.523598775598299);
#2113=CONICAL_SURFACE('',#2475,9.0625,0.523598775598299);
#2114=CONICAL_SURFACE('',#2477,9.1875,0.523598775598299);
#2115=CONICAL_SURFACE('',#2479,9.3125,0.523598775598299);
#2116=CONICAL_SURFACE('',#2481,9.4375,0.523598775598299);
#2117=CONICAL_SURFACE('',#2483,9.5625,0.523598775598299);
#2118=CONICAL_SURFACE('',#2485,9.6875,0.523598775598299);
#2119=CONICAL_SURFACE('',#2487,9.8125,0.523598775598299);
#2120=CONICAL_SURFACE('',#2489,9.9375,0.523598775598299);
#2121=CONICAL_SURFACE('',#2491,10.0625,0.523598775598299);
#2122=CONICAL_SURFACE('',#2493,10.1875,0.523598775598299);
#2123=CONICAL_SURFACE('',#2495,10.3125,0.523598775598299);
#2124=CONICAL_SURFACE('',#2497,10.4375,0.523598775598299);
#2125=CONICAL_SURFACE('',#2499,10.5625,0.523598775598299);
#2126=CONICAL_SURFACE('',#2501,10.6875,0.523598775598299);
#2127=CONICAL_SURFACE('',#2503,10.8125,0.523598775598299);
#2128=CONICAL_SURFACE('',#2505,10.9375,0.523598775598299);
#2129=CONICAL_SURFACE('',#2507,11.0625,0.523598775598299);
#2130=CONICAL_SURFACE('',#2509,11.1875,0.523598775598299);
#2131=CONICAL_SURFACE('',#2511,11.3125,0.523598775598299);
#2132=CONICAL_SURFACE('',#2513,11.4375,0.523598775598299);
#2133=CONICAL_SURFACE('',#2515,11.5625,0.523598775598299);
#2134=CONICAL_SURFACE('',#2517,11.6875,0.523598775598299);
#2135=CONICAL_SURFACE('',#2519,11.8125,0.523598775598299);
#2136=CONICAL_SURFACE('',#2521,11.9375,0.523598775598299);
#2137=CONICAL_SURFACE('',#2523,12.0625,0.523598775598299);
#2138=CONICAL_SURFACE('',#2525,12.1875,0.523598775598299);
#2139=CONICAL_SURFACE('',#2527,12.3125,0.523598775598299);
#2140=CONICAL_SURFACE('',#2529,12.4375,0.523598775598299);
#2141=CONICAL_SURFACE('',#2531,12.5625,0.523598775598299);
#2142=CONICAL_SURFACE('',#2533,12.6875,0.523598775598299);
#2143=CONICAL_SURFACE('',#2535,12.8125,0.523598775598299);
#2144=CONICAL_SURFACE('',#2537,12.9375,0.523598775598299);
#2145=CONICAL_SURFACE('',#2539,13.0625,0.523598775598299);
#2146=CONICAL_SURFACE('',#2541,13.1875,0.523598775598299);
#2147=CONICAL_SURFACE('',#2543,13.3125,0.523598775598299);
#2148=CONICAL_SURFACE('',#2545,13.4375,0.523598775598299);
#2149=CONICAL_SURFACE('',#2547,13.5625,0.523598775598299);
#2150=CONICAL_SURFACE('',#2549,13.6875,0.523598775598299);
#2151=CONICAL_SURFACE('',#2551,13.8125,0.523598775598299);
#2152=CONICAL_SURFACE('',#2553,13.9375,0.523598775598299);
#2153=CONICAL_SURFACE('',#2555,14.0625,0.523598775598299);
#2154=CONICAL_SURFACE('',#2557,14.1875,0.523598775598299);
#2155=CONICAL_SURFACE('',#2559,14.3125,0.523598775598299);
#2156=CONICAL_SURFACE('',#2561,14.4375,0.523598775598299);
#2157=CONICAL_SURFACE('',#2563,14.5625,0.523598775598299);
#2158=CONICAL_SURFACE('',#2565,14.6875,0.523598775598299);
#2159=CONICAL_SURFACE('',#2567,14.8125,0.523598775598299);
#2160=CONICAL_SURFACE('',#2569,14.9375,0.523598775598299);
#2161=CONICAL_SURFACE('',#2571,15.0625,0.523598775598299);
#2162=CONICAL_SURFACE('',#2573,15.1875,0.523598775598299);
#2163=CONICAL_SURFACE('',#2575,15.3125,0.523598775598299);
#2164=CONICAL_SURFACE('',#2577,15.4375,0.523598775598299);
#2165=CONICAL_SURFACE('',#2579,15.5625,0.523598775598299);
#2166=CONICAL_SURFACE('',#2581,15.6875,0.523598775598299);
#2167=CONICAL_SURFACE('',#2583,15.8125,0.523598775598299);
#2168=CONICAL_SURFACE('',#2585,15.9375,0.523598775598299);
#2169=CONICAL_SURFACE('',#2587,16.0625,0.523598775598299);
#2170=CONICAL_SURFACE('',#2589,16.1875,0.523598775598299);
#2171=CONICAL_SURFACE('',#2591,16.3125,0.523598775598299);
#2172=CONICAL_SURFACE('',#2593,16.4375,0.523598775598299);
#2173=CONICAL_SURFACE('',#2595,16.5625,0.523598775598299);
#2174=CONICAL_SURFACE('',#2597,16.6875,0.523598775598299);
#2175=CONICAL_SURFACE('',#2599,16.8125,0.523598775598299);
#2176=CONICAL_SURFACE('',#2601,16.9375,0.523598775598299);
#2177=CONICAL_SURFACE('',#2603,17.0625,0.523598775598299);
#2178=CONICAL_SURFACE('',#2605,17.1875,0.523598775598299);
#2179=CONICAL_SURFACE('',#2607,17.3125,0.523598775598299);
#2180=CONICAL_SURFACE('',#2609,17.4375,0.523598775598299);
#2181=CONICAL_SURFACE('',#2611,17.5625,0.523598775598299);
#2182=CONICAL_SURFACE('',#2613,17.6875,0.523598775598299);
#2183=CONICAL_SURFACE('',#2615,17.8125,0.523598775598299);
#2184=CONICAL_SURFACE('',#2617,17.9375,0.523598775598299);
#2185=CONICAL_SURFACE('',#2619,18.0625,0.523598775598299);
#2186=CONICAL_SURFACE('',#2621,18.1875,0.523598775598299);
#2187=CONICAL_SURFACE('',#2623,18.3125,0.523598775598299);
#2188=CONICAL_SURFACE('',#2625,18.4375,0.523598775598299);
#2189=CONICAL_SURFACE('',#2627,18.5625,0.523598775598299);
#2190=CONICAL_SURFACE('',#2629,18.6875,0.523598775598299);
#2191=CONICAL_SURFACE('',#2631,18.8125,0.523598775598299);
#2192=CONICAL_SURFACE('',#2633,18.9375,0.523598775598299);
#2193=CONICAL_SURFACE('',#2635,19.0625,0.523598775598299);
#2194=CONICAL_SURFACE('',#2641,0.1875,0.523598775598299);
#2195=CONICAL_SURFACE('',#2643,0.3125,0.523598775598299);
#2196=CONICAL_SURFACE('',#2646,0.4375,0.523598775598299);
#2197=CONICAL_SURFACE('',#2648,0.5625,0.523598775598299);
#2198=CONICAL_SURFACE('',#2651,0.6875,0.523598775598299);
#2199=CONICAL_SURFACE('',#2653,0.8125,0.523598775598299);
#2200=CONICAL_SURFACE('',#2656,0.9375,0.523598775598299);
#2201=CONICAL_SURFACE('',#2658,1.0625,0.523598775598299);
#2202=CONICAL_SURFACE('',#2661,1.1875,0.523598775598299);
#2203=CONICAL_SURFACE('',#2663,1.3125,0.523598775598299);
#2204=CONICAL_SURFACE('',#2666,1.4375,0.523598775598299);
#2205=CONICAL_SURFACE('',#2668,1.5625,0.523598775598299);
#2206=CONICAL_SURFACE('',#2671,1.6875,0.523598775598299);
#2207=CONICAL_SURFACE('',#2673,1.8125,0.523598775598299);
#2208=CONICAL_SURFACE('',#2676,1.9375,0.523598775598299);
#2209=CONICAL_SURFACE('',#2678,2.0625,0.523598775598299);
#2210=CONICAL_SURFACE('',#2681,2.1875,0.523598775598299);
#2211=CONICAL_SURFACE('',#2683,2.3125,0.523598775598299);
#2212=CONICAL_SURFACE('',#2686,2.4375,0.523598775598299);
#2213=CONICAL_SURFACE('',#2688,2.5625,0.523598775598299);
#2214=CONICAL_SURFACE('',#2691,2.6875,0.523598775598299);
#2215=CONICAL_SURFACE('',#2693,2.8125,0.523598775598299);
#2216=CONICAL_SURFACE('',#2696,2.9375,0.523598775598299);
#2217=CONICAL_SURFACE('',#2698,3.0625,0.523598775598299);
#2218=CONICAL_SURFACE('',#2701,3.1875,0.523598775598299);
#2219=CONICAL_SURFACE('',#2703,3.3125,0.523598775598299);
#2220=CONICAL_SURFACE('',#2706,3.4375,0.523598775598299);
#2221=CONICAL_SURFACE('',#2708,3.5625,0.523598775598299);
#2222=CONICAL_SURFACE('',#2711,3.6875,0.523598775598299);
#2223=CONICAL_SURFACE('',#2713,3.8125,0.523598775598299);
#2224=CONICAL_SURFACE('',#2716,3.9375,0.523598775598299);
#2225=CONICAL_SURFACE('',#2718,4.0625,0.523598775598299);
#2226=CONICAL_SURFACE('',#2721,4.1875,0.523598775598299);
#2227=CONICAL_SURFACE('',#2723,4.3125,0.523598775598299);
#2228=CONICAL_SURFACE('',#2726,4.4375,0.523598775598299);
#2229=CONICAL_SURFACE('',#2728,4.5625,0.523598775598299);
#2230=CONICAL_SURFACE('',#2731,4.6875,0.523598775598299);
#2231=CONICAL_SURFACE('',#2733,4.8125,0.523598775598299);
#2232=CONICAL_SURFACE('',#2736,4.9375,0.523598775598299);
#2233=CONICAL_SURFACE('',#2738,5.0625,0.523598775598299);
#2234=CONICAL_SURFACE('',#2741,5.1875,0.523598775598299);
#2235=CONICAL_SURFACE('',#2743,5.3125,0.523598775598299);
#2236=CONICAL_SURFACE('',#2746,5.4375,0.523598775598299);
#2237=CONICAL_SURFACE('',#2748,5.5625,0.523598775598299);
#2238=CONICAL_SURFACE('',#2751,5.6875,0.523598775598299);
#2239=CONICAL_SURFACE('',#2752,19.64999999994,0.785398163397448);
#2240=ADVANCED_FACE('',(#29),#2087,.T.);
#2241=ADVANCED_FACE('',(#30),#2088,.F.);
#2242=ADVANCED_FACE('',(#31),#2089,.F.);
#2243=ADVANCED_FACE('',(#32),#2090,.T.);
#2244=ADVANCED_FACE('',(#33),#2091,.F.);
#2245=ADVANCED_FACE('',(#34),#2092,.T.);
#2246=ADVANCED_FACE('',(#35),#2093,.F.);
#2247=ADVANCED_FACE('',(#36),#2094,.T.);
#2248=ADVANCED_FACE('',(#37),#2095,.F.);
#2249=ADVANCED_FACE('',(#38),#2096,.T.);
#2250=ADVANCED_FACE('',(#39),#2097,.F.);
#2251=ADVANCED_FACE('',(#40),#2098,.T.);
#2252=ADVANCED_FACE('',(#41),#2099,.F.);
#2253=ADVANCED_FACE('',(#42),#2100,.T.);
#2254=ADVANCED_FACE('',(#43),#2101,.F.);
#2255=ADVANCED_FACE('',(#44),#2102,.T.);
#2256=ADVANCED_FACE('',(#45),#2103,.F.);
#2257=ADVANCED_FACE('',(#46),#2104,.T.);
#2258=ADVANCED_FACE('',(#47),#2105,.F.);
#2259=ADVANCED_FACE('',(#48),#2106,.T.);
#2260=ADVANCED_FACE('',(#49),#2107,.F.);
#2261=ADVANCED_FACE('',(#50),#2108,.T.);
#2262=ADVANCED_FACE('',(#51),#2109,.F.);
#2263=ADVANCED_FACE('',(#52),#2110,.T.);
#2264=ADVANCED_FACE('',(#53),#2111,.F.);
#2265=ADVANCED_FACE('',(#54),#2112,.T.);
#2266=ADVANCED_FACE('',(#55),#2113,.F.);
#2267=ADVANCED_FACE('',(#56),#2114,.T.);
#2268=ADVANCED_FACE('',(#57),#2115,.F.);
#2269=ADVANCED_FACE('',(#58),#2116,.T.);
#2270=ADVANCED_FACE('',(#59),#2117,.F.);
#2271=ADVANCED_FACE('',(#60),#2118,.T.);
#2272=ADVANCED_FACE('',(#61),#2119,.F.);
#2273=ADVANCED_FACE('',(#62),#2120,.T.);
#2274=ADVANCED_FACE('',(#63),#2121,.F.);
#2275=ADVANCED_FACE('',(#64),#2122,.T.);
#2276=ADVANCED_FACE('',(#65),#2123,.F.);
#2277=ADVANCED_FACE('',(#66),#2124,.T.);
#2278=ADVANCED_FACE('',(#67),#2125,.F.);
#2279=ADVANCED_FACE('',(#68),#2126,.T.);
#2280=ADVANCED_FACE('',(#69),#2127,.F.);
#2281=ADVANCED_FACE('',(#70),#2128,.T.);
#2282=ADVANCED_FACE('',(#71),#2129,.F.);
#2283=ADVANCED_FACE('',(#72),#2130,.T.);
#2284=ADVANCED_FACE('',(#73),#2131,.F.);
#2285=ADVANCED_FACE('',(#74),#2132,.T.);
#2286=ADVANCED_FACE('',(#75),#2133,.F.);
#2287=ADVANCED_FACE('',(#76),#2134,.T.);
#2288=ADVANCED_FACE('',(#77),#2135,.F.);
#2289=ADVANCED_FACE('',(#78),#2136,.T.);
#2290=ADVANCED_FACE('',(#79),#2137,.F.);
#2291=ADVANCED_FACE('',(#80),#2138,.T.);
#2292=ADVANCED_FACE('',(#81),#2139,.F.);
#2293=ADVANCED_FACE('',(#82),#2140,.T.);
#2294=ADVANCED_FACE('',(#83),#2141,.F.);
#2295=ADVANCED_FACE('',(#84),#2142,.T.);
#2296=ADVANCED_FACE('',(#85),#2143,.F.);
#2297=ADVANCED_FACE('',(#86),#2144,.T.);
#2298=ADVANCED_FACE('',(#87),#2145,.F.);
#2299=ADVANCED_FACE('',(#88),#2146,.T.);
#2300=ADVANCED_FACE('',(#89),#2147,.F.);
#2301=ADVANCED_FACE('',(#90),#2148,.T.);
#2302=ADVANCED_FACE('',(#91),#2149,.F.);
#2303=ADVANCED_FACE('',(#92),#2150,.T.);
#2304=ADVANCED_FACE('',(#93),#2151,.F.);
#2305=ADVANCED_FACE('',(#94),#2152,.T.);
#2306=ADVANCED_FACE('',(#95),#2153,.F.);
#2307=ADVANCED_FACE('',(#96),#2154,.T.);
#2308=ADVANCED_FACE('',(#97),#2155,.F.);
#2309=ADVANCED_FACE('',(#98),#2156,.T.);
#2310=ADVANCED_FACE('',(#99),#2157,.F.);
#2311=ADVANCED_FACE('',(#100),#2158,.T.);
#2312=ADVANCED_FACE('',(#101),#2159,.F.);
#2313=ADVANCED_FACE('',(#102),#2160,.T.);
#2314=ADVANCED_FACE('',(#103),#2161,.F.);
#2315=ADVANCED_FACE('',(#104),#2162,.T.);
#2316=ADVANCED_FACE('',(#105),#2163,.F.);
#2317=ADVANCED_FACE('',(#106),#2164,.T.);
#2318=ADVANCED_FACE('',(#107),#2165,.F.);
#2319=ADVANCED_FACE('',(#108),#2166,.T.);
#2320=ADVANCED_FACE('',(#109),#2167,.F.);
#2321=ADVANCED_FACE('',(#110),#2168,.T.);
#2322=ADVANCED_FACE('',(#111),#2169,.F.);
#2323=ADVANCED_FACE('',(#112),#2170,.T.);
#2324=ADVANCED_FACE('',(#113),#2171,.F.);
#2325=ADVANCED_FACE('',(#114),#2172,.T.);
#2326=ADVANCED_FACE('',(#115),#2173,.F.);
#2327=ADVANCED_FACE('',(#116),#2174,.T.);
#2328=ADVANCED_FACE('',(#117),#2175,.F.);
#2329=ADVANCED_FACE('',(#118),#2176,.T.);
#2330=ADVANCED_FACE('',(#119),#2177,.F.);
#2331=ADVANCED_FACE('',(#120),#2178,.T.);
#2332=ADVANCED_FACE('',(#121),#2179,.F.);
#2333=ADVANCED_FACE('',(#122),#2180,.T.);
#2334=ADVANCED_FACE('',(#123),#2181,.F.);
#2335=ADVANCED_FACE('',(#124),#2182,.T.);
#2336=ADVANCED_FACE('',(#125),#2183,.F.);
#2337=ADVANCED_FACE('',(#126),#2184,.T.);
#2338=ADVANCED_FACE('',(#127),#2185,.F.);
#2339=ADVANCED_FACE('',(#128),#2186,.T.);
#2340=ADVANCED_FACE('',(#129),#2187,.F.);
#2341=ADVANCED_FACE('',(#130),#2188,.T.);
#2342=ADVANCED_FACE('',(#131),#2189,.F.);
#2343=ADVANCED_FACE('',(#132),#2190,.T.);
#2344=ADVANCED_FACE('',(#133),#2191,.F.);
#2345=ADVANCED_FACE('',(#134),#2192,.T.);
#2346=ADVANCED_FACE('',(#135),#2193,.F.);
#2347=ADVANCED_FACE('',(#136),#23,.T.);
#2348=ADVANCED_FACE('',(#137,#22),#24,.T.);
#2349=ADVANCED_FACE('',(#138),#2194,.T.);
#2350=ADVANCED_FACE('',(#139),#2195,.F.);
#2351=ADVANCED_FACE('',(#140),#2196,.T.);
#2352=ADVANCED_FACE('',(#141),#2197,.F.);
#2353=ADVANCED_FACE('',(#142),#2198,.T.);
#2354=ADVANCED_FACE('',(#143),#2199,.F.);
#2355=ADVANCED_FACE('',(#144),#2200,.T.);
#2356=ADVANCED_FACE('',(#145),#2201,.F.);
#2357=ADVANCED_FACE('',(#146),#2202,.T.);
#2358=ADVANCED_FACE('',(#147),#2203,.F.);
#2359=ADVANCED_FACE('',(#148),#2204,.T.);
#2360=ADVANCED_FACE('',(#149),#2205,.F.);
#2361=ADVANCED_FACE('',(#150),#2206,.T.);
#2362=ADVANCED_FACE('',(#151),#2207,.F.);
#2363=ADVANCED_FACE('',(#152),#2208,.T.);
#2364=ADVANCED_FACE('',(#153),#2209,.F.);
#2365=ADVANCED_FACE('',(#154),#2210,.T.);
#2366=ADVANCED_FACE('',(#155),#2211,.F.);
#2367=ADVANCED_FACE('',(#156),#2212,.T.);
#2368=ADVANCED_FACE('',(#157),#2213,.F.);
#2369=ADVANCED_FACE('',(#158),#2214,.T.);
#2370=ADVANCED_FACE('',(#159),#2215,.F.);
#2371=ADVANCED_FACE('',(#160),#2216,.T.);
#2372=ADVANCED_FACE('',(#161),#2217,.F.);
#2373=ADVANCED_FACE('',(#162),#2218,.T.);
#2374=ADVANCED_FACE('',(#163),#2219,.F.);
#2375=ADVANCED_FACE('',(#164),#2220,.T.);
#2376=ADVANCED_FACE('',(#165),#2221,.F.);
#2377=ADVANCED_FACE('',(#166),#2222,.T.);
#2378=ADVANCED_FACE('',(#167),#2223,.F.);
#2379=ADVANCED_FACE('',(#168),#2224,.T.);
#2380=ADVANCED_FACE('',(#169),#2225,.F.);
#2381=ADVANCED_FACE('',(#170),#2226,.T.);
#2382=ADVANCED_FACE('',(#171),#2227,.F.);
#2383=ADVANCED_FACE('',(#172),#2228,.T.);
#2384=ADVANCED_FACE('',(#173),#2229,.F.);
#2385=ADVANCED_FACE('',(#174),#2230,.T.);
#2386=ADVANCED_FACE('',(#175),#2231,.F.);
#2387=ADVANCED_FACE('',(#176),#2232,.T.);
#2388=ADVANCED_FACE('',(#177),#2233,.F.);
#2389=ADVANCED_FACE('',(#178),#2234,.T.);
#2390=ADVANCED_FACE('',(#179),#2235,.F.);
#2391=ADVANCED_FACE('',(#180),#2236,.T.);
#2392=ADVANCED_FACE('',(#181),#2237,.F.);
#2393=ADVANCED_FACE('',(#182),#2238,.T.);
#2394=ADVANCED_FACE('',(#183),#2239,.T.);
#2395=ADVANCED_FACE('',(#184),#20,.T.);
#2396=ADVANCED_FACE('',(#185),#25,.T.);
#2397=ADVANCED_FACE('',(#186),#17,.F.);
#2398=ADVANCED_FACE('',(#187),#26,.F.);
#2399=ADVANCED_FACE('',(#188),#27,.F.);
#2400=ADVANCED_FACE('',(#189),#21,.T.);
#2401=ADVANCED_FACE('',(#190),#28,.T.);
#2402=CLOSED_SHELL('',(#2240,#2241,#2242,#2243,#2244,#2245,#2246,#2247,
#2248,#2249,#2250,#2251,#2252,#2253,#2254,#2255,#2256,#2257,#2258,#2259,
#2260,#2261,#2262,#2263,#2264,#2265,#2266,#2267,#2268,#2269,#2270,#2271,
#2272,#2273,#2274,#2275,#2276,#2277,#2278,#2279,#2280,#2281,#2282,#2283,
#2284,#2285,#2286,#2287,#2288,#2289,#2290,#2291,#2292,#2293,#2294,#2295,
#2296,#2297,#2298,#2299,#2300,#2301,#2302,#2303,#2304,#2305,#2306,#2307,
#2308,#2309,#2310,#2311,#2312,#2313,#2314,#2315,#2316,#2317,#2318,#2319,
#2320,#2321,#2322,#2323,#2324,#2325,#2326,#2327,#2328,#2329,#2330,#2331,
#2332,#2333,#2334,#2335,#2336,#2337,#2338,#2339,#2340,#2341,#2342,#2343,
#2344,#2345,#2346,#2347,#2348,#2349,#2350,#2351,#2352,#2353,#2354,#2355,
#2356,#2357,#2358,#2359,#2360,#2361,#2362,#2363,#2364,#2365,#2366,#2367,
#2368,#2369,#2370,#2371,#2372,#2373,#2374,#2375,#2376,#2377,#2378,#2379,
#2380,#2381,#2382,#2383,#2384,#2385,#2386,#2387,#2388,#2389,#2390,#2391,
#2392,#2393,#2394,#2395,#2396,#2397,#2398));
#2403=CLOSED_SHELL('',(#2399,#2400,#2401));
#2404=DERIVED_UNIT_ELEMENT(#2406,1.);
#2405=DERIVED_UNIT_ELEMENT(#4351,-3.);
#2406=(
MASS_UNIT()
NAMED_UNIT(*)
SI_UNIT(.KILO.,.GRAM.)
);
#2407=DERIVED_UNIT((#2404,#2405));
#2408=MEASURE_REPRESENTATION_ITEM('density measure',
POSITIVE_RATIO_MEASURE(7850.),#2407);
#2409=PROPERTY_DEFINITION_REPRESENTATION(#2414,#2411);
#2410=PROPERTY_DEFINITION_REPRESENTATION(#2415,#2412);
#2411=REPRESENTATION('material name',(#2413),#4348);
#2412=REPRESENTATION('density',(#2408),#4348);
#2413=DESCRIPTIVE_REPRESENTATION_ITEM('\X2\94A2\X0\','\X2\94A2\X0\');
#2414=PROPERTY_DEFINITION('material property','material name',#4358);
#2415=PROPERTY_DEFINITION('material property','density of part',#4358);
#2416=AXIS2_PLACEMENT_3D('',#3629,#2768,#2769);
#2417=AXIS2_PLACEMENT_3D('',#3630,#2770,#2771);
#2418=AXIS2_PLACEMENT_3D('',#3632,#2772,#2773);
#2419=AXIS2_PLACEMENT_3D('',#3636,#2775,#2776);
#2420=AXIS2_PLACEMENT_3D('',#3637,#2777,#2778);
#2421=AXIS2_PLACEMENT_3D('',#3638,#2779,#2780);
#2422=AXIS2_PLACEMENT_3D('',#3641,#2781,#2782);
#2423=AXIS2_PLACEMENT_3D('',#3643,#2784,#2785);
#2424=AXIS2_PLACEMENT_3D('',#3644,#2786,#2787);
#2425=AXIS2_PLACEMENT_3D('',#3648,#2789,#2790);
#2426=AXIS2_PLACEMENT_3D('',#3649,#2791,#2792);
#2427=AXIS2_PLACEMENT_3D('',#3650,#2793,#2794);
#2428=AXIS2_PLACEMENT_3D('',#3652,#2795,#2796);
#2429=AXIS2_PLACEMENT_3D('',#3654,#2798,#2799);
#2430=AXIS2_PLACEMENT_3D('',#3658,#2801,#2802);
#2431=AXIS2_PLACEMENT_3D('',#3659,#2803,#2804);
#2432=AXIS2_PLACEMENT_3D('',#3660,#2805,#2806);
#2433=AXIS2_PLACEMENT_3D('',#3662,#2807,#2808);
#2434=AXIS2_PLACEMENT_3D('',#3664,#2810,#2811);
#2435=AXIS2_PLACEMENT_3D('',#3668,#2813,#2814);
#2436=AXIS2_PLACEMENT_3D('',#3669,#2815,#2816);
#2437=AXIS2_PLACEMENT_3D('',#3670,#2817,#2818);
#2438=AXIS2_PLACEMENT_3D('',#3672,#2819,#2820);
#2439=AXIS2_PLACEMENT_3D('',#3674,#2822,#2823);
#2440=AXIS2_PLACEMENT_3D('',#3677,#2825,#2826);
#2441=AXIS2_PLACEMENT_3D('',#3678,#2827,#2828);
#2442=AXIS2_PLACEMENT_3D('',#3680,#2829,#2830);
#2443=AXIS2_PLACEMENT_3D('',#3682,#2832,#2833);
#2444=AXIS2_PLACEMENT_3D('',#3685,#2835,#2836);
#2445=AXIS2_PLACEMENT_3D('',#3686,#2837,#2838);
#2446=AXIS2_PLACEMENT_3D('',#3688,#2839,#2840);
#2447=AXIS2_PLACEMENT_3D('',#3690,#2842,#2843);
#2448=AXIS2_PLACEMENT_3D('',#3693,#2845,#2846);
#2449=AXIS2_PLACEMENT_3D('',#3694,#2847,#2848);
#2450=AXIS2_PLACEMENT_3D('',#3696,#2849,#2850);
#2451=AXIS2_PLACEMENT_3D('',#3698,#2852,#2853);
#2452=AXIS2_PLACEMENT_3D('',#3701,#2855,#2856);
#2453=AXIS2_PLACEMENT_3D('',#3702,#2857,#2858);
#2454=AXIS2_PLACEMENT_3D('',#3704,#2859,#2860);
#2455=AXIS2_PLACEMENT_3D('',#3706,#2862,#2863);
#2456=AXIS2_PLACEMENT_3D('',#3709,#2865,#2866);
#2457=AXIS2_PLACEMENT_3D('',#3710,#2867,#2868);
#2458=AXIS2_PLACEMENT_3D('',#3712,#2869,#2870);
#2459=AXIS2_PLACEMENT_3D('',#3714,#2872,#2873);
#2460=AXIS2_PLACEMENT_3D('',#3717,#2875,#2876);
#2461=AXIS2_PLACEMENT_3D('',#3718,#2877,#2878);
#2462=AXIS2_PLACEMENT_3D('',#3720,#2879,#2880);
#2463=AXIS2_PLACEMENT_3D('',#3722,#2882,#2883);
#2464=AXIS2_PLACEMENT_3D('',#3725,#2885,#2886);
#2465=AXIS2_PLACEMENT_3D('',#3726,#2887,#2888);
#2466=AXIS2_PLACEMENT_3D('',#3728,#2889,#2890);
#2467=AXIS2_PLACEMENT_3D('',#3730,#2892,#2893);
#2468=AXIS2_PLACEMENT_3D('',#3733,#2895,#2896);
#2469=AXIS2_PLACEMENT_3D('',#3734,#2897,#2898);
#2470=AXIS2_PLACEMENT_3D('',#3736,#2899,#2900);
#2471=AXIS2_PLACEMENT_3D('',#3738,#2902,#2903);
#2472=AXIS2_PLACEMENT_3D('',#3741,#2905,#2906);
#2473=AXIS2_PLACEMENT_3D('',#3742,#2907,#2908);
#2474=AXIS2_PLACEMENT_3D('',#3744,#2909,#2910);
#2475=AXIS2_PLACEMENT_3D('',#3746,#2912,#2913);
#2476=AXIS2_PLACEMENT_3D('',#3749,#2915,#2916);
#2477=AXIS2_PLACEMENT_3D('',#3750,#2917,#2918);
#2478=AXIS2_PLACEMENT_3D('',#3752,#2919,#2920);
#2479=AXIS2_PLACEMENT_3D('',#3754,#2922,#2923);
#2480=AXIS2_PLACEMENT_3D('',#3757,#2925,#2926);
#2481=AXIS2_PLACEMENT_3D('',#3758,#2927,#2928);
#2482=AXIS2_PLACEMENT_3D('',#3760,#2929,#2930);
#2483=AXIS2_PLACEMENT_3D('',#3762,#2932,#2933);
#2484=AXIS2_PLACEMENT_3D('',#3765,#2935,#2936);
#2485=AXIS2_PLACEMENT_3D('',#3766,#2937,#2938);
#2486=AXIS2_PLACEMENT_3D('',#3768,#2939,#2940);
#2487=AXIS2_PLACEMENT_3D('',#3770,#2942,#2943);
#2488=AXIS2_PLACEMENT_3D('',#3773,#2945,#2946);
#2489=AXIS2_PLACEMENT_3D('',#3774,#2947,#2948);
#2490=AXIS2_PLACEMENT_3D('',#3776,#2949,#2950);
#2491=AXIS2_PLACEMENT_3D('',#3778,#2952,#2953);
#2492=AXIS2_PLACEMENT_3D('',#3781,#2955,#2956);
#2493=AXIS2_PLACEMENT_3D('',#3782,#2957,#2958);
#2494=AXIS2_PLACEMENT_3D('',#3784,#2959,#2960);
#2495=AXIS2_PLACEMENT_3D('',#3786,#2962,#2963);
#2496=AXIS2_PLACEMENT_3D('',#3789,#2965,#2966);
#2497=AXIS2_PLACEMENT_3D('',#3790,#2967,#2968);
#2498=AXIS2_PLACEMENT_3D('',#3792,#2969,#2970);
#2499=AXIS2_PLACEMENT_3D('',#3794,#2972,#2973);
#2500=AXIS2_PLACEMENT_3D('',#3797,#2975,#2976);
#2501=AXIS2_PLACEMENT_3D('',#3798,#2977,#2978);
#2502=AXIS2_PLACEMENT_3D('',#3800,#2979,#2980);
#2503=AXIS2_PLACEMENT_3D('',#3802,#2982,#2983);
#2504=AXIS2_PLACEMENT_3D('',#3805,#2985,#2986);
#2505=AXIS2_PLACEMENT_3D('',#3806,#2987,#2988);
#2506=AXIS2_PLACEMENT_3D('',#3808,#2989,#2990);
#2507=AXIS2_PLACEMENT_3D('',#3810,#2992,#2993);
#2508=AXIS2_PLACEMENT_3D('',#3813,#2995,#2996);
#2509=AXIS2_PLACEMENT_3D('',#3814,#2997,#2998);
#2510=AXIS2_PLACEMENT_3D('',#3816,#2999,#3000);
#2511=AXIS2_PLACEMENT_3D('',#3818,#3002,#3003);
#2512=AXIS2_PLACEMENT_3D('',#3821,#3005,#3006);
#2513=AXIS2_PLACEMENT_3D('',#3822,#3007,#3008);
#2514=AXIS2_PLACEMENT_3D('',#3824,#3009,#3010);
#2515=AXIS2_PLACEMENT_3D('',#3826,#3012,#3013);
#2516=AXIS2_PLACEMENT_3D('',#3829,#3015,#3016);
#2517=AXIS2_PLACEMENT_3D('',#3830,#3017,#3018);
#2518=AXIS2_PLACEMENT_3D('',#3832,#3019,#3020);
#2519=AXIS2_PLACEMENT_3D('',#3834,#3022,#3023);
#2520=AXIS2_PLACEMENT_3D('',#3837,#3025,#3026);
#2521=AXIS2_PLACEMENT_3D('',#3838,#3027,#3028);
#2522=AXIS2_PLACEMENT_3D('',#3840,#3029,#3030);
#2523=AXIS2_PLACEMENT_3D('',#3842,#3032,#3033);
#2524=AXIS2_PLACEMENT_3D('',#3845,#3035,#3036);
#2525=AXIS2_PLACEMENT_3D('',#3846,#3037,#3038);
#2526=AXIS2_PLACEMENT_3D('',#3848,#3039,#3040);
#2527=AXIS2_PLACEMENT_3D('',#3850,#3042,#3043);
#2528=AXIS2_PLACEMENT_3D('',#3853,#3045,#3046);
#2529=AXIS2_PLACEMENT_3D('',#3854,#3047,#3048);
#2530=AXIS2_PLACEMENT_3D('',#3856,#3049,#3050);
#2531=AXIS2_PLACEMENT_3D('',#3858,#3052,#3053);
#2532=AXIS2_PLACEMENT_3D('',#3861,#3055,#3056);
#2533=AXIS2_PLACEMENT_3D('',#3862,#3057,#3058);
#2534=AXIS2_PLACEMENT_3D('',#3864,#3059,#3060);
#2535=AXIS2_PLACEMENT_3D('',#3866,#3062,#3063);
#2536=AXIS2_PLACEMENT_3D('',#3869,#3065,#3066);
#2537=AXIS2_PLACEMENT_3D('',#3870,#3067,#3068);
#2538=AXIS2_PLACEMENT_3D('',#3872,#3069,#3070);
#2539=AXIS2_PLACEMENT_3D('',#3874,#3072,#3073);
#2540=AXIS2_PLACEMENT_3D('',#3877,#3075,#3076);
#2541=AXIS2_PLACEMENT_3D('',#3878,#3077,#3078);
#2542=AXIS2_PLACEMENT_3D('',#3880,#3079,#3080);
#2543=AXIS2_PLACEMENT_3D('',#3882,#3082,#3083);
#2544=AXIS2_PLACEMENT_3D('',#3885,#3085,#3086);
#2545=AXIS2_PLACEMENT_3D('',#3886,#3087,#3088);
#2546=AXIS2_PLACEMENT_3D('',#3888,#3089,#3090);
#2547=AXIS2_PLACEMENT_3D('',#3890,#3092,#3093);
#2548=AXIS2_PLACEMENT_3D('',#3893,#3095,#3096);
#2549=AXIS2_PLACEMENT_3D('',#3894,#3097,#3098);
#2550=AXIS2_PLACEMENT_3D('',#3896,#3099,#3100);
#2551=AXIS2_PLACEMENT_3D('',#3898,#3102,#3103);
#2552=AXIS2_PLACEMENT_3D('',#3901,#3105,#3106);
#2553=AXIS2_PLACEMENT_3D('',#3902,#3107,#3108);
#2554=AXIS2_PLACEMENT_3D('',#3904,#3109,#3110);
#2555=AXIS2_PLACEMENT_3D('',#3906,#3112,#3113);
#2556=AXIS2_PLACEMENT_3D('',#3909,#3115,#3116);
#2557=AXIS2_PLACEMENT_3D('',#3910,#3117,#3118);
#2558=AXIS2_PLACEMENT_3D('',#3912,#3119,#3120);
#2559=AXIS2_PLACEMENT_3D('',#3914,#3122,#3123);
#2560=AXIS2_PLACEMENT_3D('',#3917,#3125,#3126);
#2561=AXIS2_PLACEMENT_3D('',#3918,#3127,#3128);
#2562=AXIS2_PLACEMENT_3D('',#3920,#3129,#3130);
#2563=AXIS2_PLACEMENT_3D('',#3922,#3132,#3133);
#2564=AXIS2_PLACEMENT_3D('',#3925,#3135,#3136);
#2565=AXIS2_PLACEMENT_3D('',#3926,#3137,#3138);
#2566=AXIS2_PLACEMENT_3D('',#3928,#3139,#3140);
#2567=AXIS2_PLACEMENT_3D('',#3930,#3142,#3143);
#2568=AXIS2_PLACEMENT_3D('',#3933,#3145,#3146);
#2569=AXIS2_PLACEMENT_3D('',#3934,#3147,#3148);
#2570=AXIS2_PLACEMENT_3D('',#3936,#3149,#3150);
#2571=AXIS2_PLACEMENT_3D('',#3938,#3152,#3153);
#2572=AXIS2_PLACEMENT_3D('',#3941,#3155,#3156);
#2573=AXIS2_PLACEMENT_3D('',#3942,#3157,#3158);
#2574=AXIS2_PLACEMENT_3D('',#3944,#3159,#3160);
#2575=AXIS2_PLACEMENT_3D('',#3946,#3162,#3163);
#2576=AXIS2_PLACEMENT_3D('',#3949,#3165,#3166);
#2577=AXIS2_PLACEMENT_3D('',#3950,#3167,#3168);
#2578=AXIS2_PLACEMENT_3D('',#3952,#3169,#3170);
#2579=AXIS2_PLACEMENT_3D('',#3954,#3172,#3173);
#2580=AXIS2_PLACEMENT_3D('',#3957,#3175,#3176);
#2581=AXIS2_PLACEMENT_3D('',#3958,#3177,#3178);
#2582=AXIS2_PLACEMENT_3D('',#3960,#3179,#3180);
#2583=AXIS2_PLACEMENT_3D('',#3962,#3182,#3183);
#2584=AXIS2_PLACEMENT_3D('',#3965,#3185,#3186);
#2585=AXIS2_PLACEMENT_3D('',#3966,#3187,#3188);
#2586=AXIS2_PLACEMENT_3D('',#3968,#3189,#3190);
#2587=AXIS2_PLACEMENT_3D('',#3970,#3192,#3193);
#2588=AXIS2_PLACEMENT_3D('',#3973,#3195,#3196);
#2589=AXIS2_PLACEMENT_3D('',#3974,#3197,#3198);
#2590=AXIS2_PLACEMENT_3D('',#3976,#3199,#3200);
#2591=AXIS2_PLACEMENT_3D('',#3978,#3202,#3203);
#2592=AXIS2_PLACEMENT_3D('',#3981,#3205,#3206);
#2593=AXIS2_PLACEMENT_3D('',#3982,#3207,#3208);
#2594=AXIS2_PLACEMENT_3D('',#3984,#3209,#3210);
#2595=AXIS2_PLACEMENT_3D('',#3986,#3212,#3213);
#2596=AXIS2_PLACEMENT_3D('',#3989,#3215,#3216);
#2597=AXIS2_PLACEMENT_3D('',#3990,#3217,#3218);
#2598=AXIS2_PLACEMENT_3D('',#3992,#3219,#3220);
#2599=AXIS2_PLACEMENT_3D('',#3994,#3222,#3223);
#2600=AXIS2_PLACEMENT_3D('',#3997,#3225,#3226);
#2601=AXIS2_PLACEMENT_3D('',#3998,#3227,#3228);
#2602=AXIS2_PLACEMENT_3D('',#4000,#3229,#3230);
#2603=AXIS2_PLACEMENT_3D('',#4002,#3232,#3233);
#2604=AXIS2_PLACEMENT_3D('',#4005,#3235,#3236);
#2605=AXIS2_PLACEMENT_3D('',#4006,#3237,#3238);
#2606=AXIS2_PLACEMENT_3D('',#4008,#3239,#3240);
#2607=AXIS2_PLACEMENT_3D('',#4010,#3242,#3243);
#2608=AXIS2_PLACEMENT_3D('',#4013,#3245,#3246);
#2609=AXIS2_PLACEMENT_3D('',#4014,#3247,#3248);
#2610=AXIS2_PLACEMENT_3D('',#4016,#3249,#3250);
#2611=AXIS2_PLACEMENT_3D('',#4018,#3252,#3253);
#2612=AXIS2_PLACEMENT_3D('',#4021,#3255,#3256);
#2613=AXIS2_PLACEMENT_3D('',#4022,#3257,#3258);
#2614=AXIS2_PLACEMENT_3D('',#4024,#3259,#3260);
#2615=AXIS2_PLACEMENT_3D('',#4026,#3262,#3263);
#2616=AXIS2_PLACEMENT_3D('',#4029,#3265,#3266);
#2617=AXIS2_PLACEMENT_3D('',#4030,#3267,#3268);
#2618=AXIS2_PLACEMENT_3D('',#4032,#3269,#3270);
#2619=AXIS2_PLACEMENT_3D('',#4034,#3272,#3273);
#2620=AXIS2_PLACEMENT_3D('',#4037,#3275,#3276);
#2621=AXIS2_PLACEMENT_3D('',#4038,#3277,#3278);
#2622=AXIS2_PLACEMENT_3D('',#4040,#3279,#3280);
#2623=AXIS2_PLACEMENT_3D('',#4042,#3282,#3283);
#2624=AXIS2_PLACEMENT_3D('',#4045,#3285,#3286);
#2625=AXIS2_PLACEMENT_3D('',#4046,#3287,#3288);
#2626=AXIS2_PLACEMENT_3D('',#4048,#3289,#3290);
#2627=AXIS2_PLACEMENT_3D('',#4050,#3292,#3293);
#2628=AXIS2_PLACEMENT_3D('',#4053,#3295,#3296);
#2629=AXIS2_PLACEMENT_3D('',#4054,#3297,#3298);
#2630=AXIS2_PLACEMENT_3D('',#4056,#3299,#3300);
#2631=AXIS2_PLACEMENT_3D('',#4058,#3302,#3303);
#2632=AXIS2_PLACEMENT_3D('',#4061,#3305,#3306);
#2633=AXIS2_PLACEMENT_3D('',#4062,#3307,#3308);
#2634=AXIS2_PLACEMENT_3D('',#4064,#3309,#3310);
#2635=AXIS2_PLACEMENT_3D('',#4066,#3312,#3313);
#2636=AXIS2_PLACEMENT_3D('',#4069,#3315,#3316);
#2637=AXIS2_PLACEMENT_3D('',#4070,#3317,#3318);
#2638=AXIS2_PLACEMENT_3D('',#4072,#3319,#3320);
#2639=AXIS2_PLACEMENT_3D('',#4073,#3321,#3322);
#2640=AXIS2_PLACEMENT_3D('',#4075,#3323,#3324);
#2641=AXIS2_PLACEMENT_3D('',#4076,#3325,#3326);
#2642=AXIS2_PLACEMENT_3D('',#4078,#3327,#3328);
#2643=AXIS2_PLACEMENT_3D('',#4080,#3330,#3331);
#2644=AXIS2_PLACEMENT_3D('',#4084,#3333,#3334);
#2645=AXIS2_PLACEMENT_3D('',#4085,#3335,#3336);
#2646=AXIS2_PLACEMENT_3D('',#4086,#3337,#3338);
#2647=AXIS2_PLACEMENT_3D('',#4088,#3339,#3340);
#2648=AXIS2_PLACEMENT_3D('',#4090,#3342,#3343);
#2649=AXIS2_PLACEMENT_3D('',#4094,#3345,#3346);
#2650=AXIS2_PLACEMENT_3D('',#4095,#3347,#3348);
#2651=AXIS2_PLACEMENT_3D('',#4096,#3349,#3350);
#2652=AXIS2_PLACEMENT_3D('',#4098,#3351,#3352);
#2653=AXIS2_PLACEMENT_3D('',#4100,#3354,#3355);
#2654=AXIS2_PLACEMENT_3D('',#4104,#3357,#3358);
#2655=AXIS2_PLACEMENT_3D('',#4105,#3359,#3360);
#2656=AXIS2_PLACEMENT_3D('',#4106,#3361,#3362);
#2657=AXIS2_PLACEMENT_3D('',#4108,#3363,#3364);
#2658=AXIS2_PLACEMENT_3D('',#4110,#3366,#3367);
#2659=AXIS2_PLACEMENT_3D('',#4114,#3369,#3370);
#2660=AXIS2_PLACEMENT_3D('',#4115,#3371,#3372);
#2661=AXIS2_PLACEMENT_3D('',#4116,#3373,#3374);
#2662=AXIS2_PLACEMENT_3D('',#4118,#3375,#3376);
#2663=AXIS2_PLACEMENT_3D('',#4120,#3378,#3379);
#2664=AXIS2_PLACEMENT_3D('',#4124,#3381,#3382);
#2665=AXIS2_PLACEMENT_3D('',#4125,#3383,#3384);
#2666=AXIS2_PLACEMENT_3D('',#4126,#3385,#3386);
#2667=AXIS2_PLACEMENT_3D('',#4128,#3387,#3388);
#2668=AXIS2_PLACEMENT_3D('',#4130,#3390,#3391);
#2669=AXIS2_PLACEMENT_3D('',#4134,#3393,#3394);
#2670=AXIS2_PLACEMENT_3D('',#4135,#3395,#3396);
#2671=AXIS2_PLACEMENT_3D('',#4136,#3397,#3398);
#2672=AXIS2_PLACEMENT_3D('',#4138,#3399,#3400);
#2673=AXIS2_PLACEMENT_3D('',#4140,#3402,#3403);
#2674=AXIS2_PLACEMENT_3D('',#4144,#3405,#3406);
#2675=AXIS2_PLACEMENT_3D('',#4145,#3407,#3408);
#2676=AXIS2_PLACEMENT_3D('',#4146,#3409,#3410);
#2677=AXIS2_PLACEMENT_3D('',#4148,#3411,#3412);
#2678=AXIS2_PLACEMENT_3D('',#4150,#3414,#3415);
#2679=AXIS2_PLACEMENT_3D('',#4154,#3417,#3418);
#2680=AXIS2_PLACEMENT_3D('',#4155,#3419,#3420);
#2681=AXIS2_PLACEMENT_3D('',#4156,#3421,#3422);
#2682=AXIS2_PLACEMENT_3D('',#4158,#3423,#3424);
#2683=AXIS2_PLACEMENT_3D('',#4160,#3426,#3427);
#2684=AXIS2_PLACEMENT_3D('',#4164,#3429,#3430);
#2685=AXIS2_PLACEMENT_3D('',#4165,#3431,#3432);
#2686=AXIS2_PLACEMENT_3D('',#4166,#3433,#3434);
#2687=AXIS2_PLACEMENT_3D('',#4168,#3435,#3436);
#2688=AXIS2_PLACEMENT_3D('',#4170,#3438,#3439);
#2689=AXIS2_PLACEMENT_3D('',#4174,#3441,#3442);
#2690=AXIS2_PLACEMENT_3D('',#4175,#3443,#3444);
#2691=AXIS2_PLACEMENT_3D('',#4176,#3445,#3446);
#2692=AXIS2_PLACEMENT_3D('',#4178,#3447,#3448);
#2693=AXIS2_PLACEMENT_3D('',#4180,#3450,#3451);
#2694=AXIS2_PLACEMENT_3D('',#4184,#3453,#3454);
#2695=AXIS2_PLACEMENT_3D('',#4185,#3455,#3456);
#2696=AXIS2_PLACEMENT_3D('',#4186,#3457,#3458);
#2697=AXIS2_PLACEMENT_3D('',#4188,#3459,#3460);
#2698=AXIS2_PLACEMENT_3D('',#4190,#3462,#3463);
#2699=AXIS2_PLACEMENT_3D('',#4194,#3465,#3466);
#2700=AXIS2_PLACEMENT_3D('',#4195,#3467,#3468);
#2701=AXIS2_PLACEMENT_3D('',#4196,#3469,#3470);
#2702=AXIS2_PLACEMENT_3D('',#4198,#3471,#3472);
#2703=AXIS2_PLACEMENT_3D('',#4200,#3474,#3475);
#2704=AXIS2_PLACEMENT_3D('',#4204,#3477,#3478);
#2705=AXIS2_PLACEMENT_3D('',#4205,#3479,#3480);
#2706=AXIS2_PLACEMENT_3D('',#4206,#3481,#3482);
#2707=AXIS2_PLACEMENT_3D('',#4208,#3483,#3484);
#2708=AXIS2_PLACEMENT_3D('',#4210,#3486,#3487);
#2709=AXIS2_PLACEMENT_3D('',#4214,#3489,#3490);
#2710=AXIS2_PLACEMENT_3D('',#4215,#3491,#3492);
#2711=AXIS2_PLACEMENT_3D('',#4216,#3493,#3494);
#2712=AXIS2_PLACEMENT_3D('',#4218,#3495,#3496);
#2713=AXIS2_PLACEMENT_3D('',#4220,#3498,#3499);
#2714=AXIS2_PLACEMENT_3D('',#4224,#3501,#3502);
#2715=AXIS2_PLACEMENT_3D('',#4225,#3503,#3504);
#2716=AXIS2_PLACEMENT_3D('',#4226,#3505,#3506);
#2717=AXIS2_PLACEMENT_3D('',#4228,#3507,#3508);
#2718=AXIS2_PLACEMENT_3D('',#4230,#3510,#3511);
#2719=AXIS2_PLACEMENT_3D('',#4234,#3513,#3514);
#2720=AXIS2_PLACEMENT_3D('',#4235,#3515,#3516);
#2721=AXIS2_PLACEMENT_3D('',#4236,#3517,#3518);
#2722=AXIS2_PLACEMENT_3D('',#4238,#3519,#3520);
#2723=AXIS2_PLACEMENT_3D('',#4240,#3522,#3523);
#2724=AXIS2_PLACEMENT_3D('',#4244,#3525,#3526);
#2725=AXIS2_PLACEMENT_3D('',#4245,#3527,#3528);
#2726=AXIS2_PLACEMENT_3D('',#4246,#3529,#3530);
#2727=AXIS2_PLACEMENT_3D('',#4248,#3531,#3532);
#2728=AXIS2_PLACEMENT_3D('',#4250,#3534,#3535);
#2729=AXIS2_PLACEMENT_3D('',#4254,#3537,#3538);
#2730=AXIS2_PLACEMENT_3D('',#4255,#3539,#3540);
#2731=AXIS2_PLACEMENT_3D('',#4256,#3541,#3542);
#2732=AXIS2_PLACEMENT_3D('',#4258,#3543,#3544);
#2733=AXIS2_PLACEMENT_3D('',#4260,#3546,#3547);
#2734=AXIS2_PLACEMENT_3D('',#4264,#3549,#3550);
#2735=AXIS2_PLACEMENT_3D('',#4265,#3551,#3552);
#2736=AXIS2_PLACEMENT_3D('',#4266,#3553,#3554);
#2737=AXIS2_PLACEMENT_3D('',#4268,#3555,#3556);
#2738=AXIS2_PLACEMENT_3D('',#4270,#3558,#3559);
#2739=AXIS2_PLACEMENT_3D('',#4274,#3561,#3562);
#2740=AXIS2_PLACEMENT_3D('',#4275,#3563,#3564);
#2741=AXIS2_PLACEMENT_3D('',#4276,#3565,#3566);
#2742=AXIS2_PLACEMENT_3D('',#4278,#3567,#3568);
#2743=AXIS2_PLACEMENT_3D('',#4280,#3570,#3571);
#2744=AXIS2_PLACEMENT_3D('',#4284,#3573,#3574);
#2745=AXIS2_PLACEMENT_3D('',#4285,#3575,#3576);
#2746=AXIS2_PLACEMENT_3D('',#4286,#3577,#3578);
#2747=AXIS2_PLACEMENT_3D('',#4288,#3579,#3580);
#2748=AXIS2_PLACEMENT_3D('',#4290,#3582,#3583);
#2749=AXIS2_PLACEMENT_3D('',#4294,#3585,#3586);
#2750=AXIS2_PLACEMENT_3D('',#4295,#3587,#3588);
#2751=AXIS2_PLACEMENT_3D('',#4296,#3589,#3590);
#2752=AXIS2_PLACEMENT_3D('',#4298,#3592,#3593);
#2753=AXIS2_PLACEMENT_3D('',#4301,#3594,#3595);
#2754=AXIS2_PLACEMENT_3D('',#4303,#3597,#3598);
#2755=AXIS2_PLACEMENT_3D('',#4304,#3599,#3600);
#2756=AXIS2_PLACEMENT_3D('',#4308,#3602,#3603);
#2757=AXIS2_PLACEMENT_3D('',#4312,#3605,#3606);
#2758=AXIS2_PLACEMENT_3D('',#4315,#3608,#3609);
#2759=AXIS2_PLACEMENT_3D('',#4316,#3610,#3611);
#2760=AXIS2_PLACEMENT_3D('',#4317,#3612,#3613);
#2761=AXIS2_PLACEMENT_3D('',#4336,#3614,#3615);
#2762=AXIS2_PLACEMENT_3D('',#4337,#3616,#3617);
#2763=AXIS2_PLACEMENT_3D('',#4338,#3618,#3619);
#2764=AXIS2_PLACEMENT_3D('',#4340,#3620,#3621);
#2765=AXIS2_PLACEMENT_3D('',#4341,#3622,#3623);
#2766=AXIS2_PLACEMENT_3D('',#4343,#3624,#3625);
#2767=AXIS2_PLACEMENT_3D('',#4345,#3627,#3628);
#2768=DIRECTION('axis',(0.,0.,1.));
#2769=DIRECTION('refdir',(1.,0.,0.));
#2770=DIRECTION('center_axis',(0.,-1.,0.));
#2771=DIRECTION('ref_axis',(1.,0.,0.));
#2772=DIRECTION('center_axis',(0.,1.,0.));
#2773=DIRECTION('ref_axis',(1.,0.,0.));
#2774=DIRECTION('',(0.5,0.866025403784439,6.12323399573676E-17));
#2775=DIRECTION('center_axis',(0.,1.,0.));
#2776=DIRECTION('ref_axis',(1.,0.,0.));
#2777=DIRECTION('center_axis',(0.,1.,0.));
#2778=DIRECTION('ref_axis',(1.,0.,0.));
#2779=DIRECTION('center_axis',(0.,1.,0.));
#2780=DIRECTION('ref_axis',(-1.,0.,0.));
#2781=DIRECTION('center_axis',(0.,1.,0.));
#2782=DIRECTION('ref_axis',(1.,0.,0.));
#2783=DIRECTION('',(0.5,0.866025403784439,-6.12323399573677E-17));
#2784=DIRECTION('center_axis',(0.,1.,0.));
#2785=DIRECTION('ref_axis',(1.,0.,0.));
#2786=DIRECTION('center_axis',(0.,1.,0.));
#2787=DIRECTION('ref_axis',(1.,0.,0.));
#2788=DIRECTION('',(-0.5,0.866025403784439,6.12323399573676E-17));
#2789=DIRECTION('center_axis',(0.,1.,0.));
#2790=DIRECTION('ref_axis',(-1.,0.,0.));
#2791=DIRECTION('center_axis',(0.,1.,0.));
#2792=DIRECTION('ref_axis',(-1.,0.,0.));
#2793=DIRECTION('center_axis',(0.,-1.,0.));
#2794=DIRECTION('ref_axis',(-1.,0.,0.));
#2795=DIRECTION('center_axis',(0.,1.,0.));
#2796=DIRECTION('ref_axis',(-1.,0.,0.));
#2797=DIRECTION('',(-0.5,0.866025403784439,-6.12323399573676E-17));
#2798=DIRECTION('center_axis',(0.,1.,0.));
#2799=DIRECTION('ref_axis',(-1.,0.,0.));
#2800=DIRECTION('',(0.5,0.866025403784439,-6.12323399573677E-17));
#2801=DIRECTION('center_axis',(0.,1.,0.));
#2802=DIRECTION('ref_axis',(1.,0.,0.));
#2803=DIRECTION('center_axis',(0.,1.,0.));
#2804=DIRECTION('ref_axis',(1.,0.,0.));
#2805=DIRECTION('center_axis',(0.,-1.,0.));
#2806=DIRECTION('ref_axis',(1.,0.,0.));
#2807=DIRECTION('center_axis',(0.,1.,0.));
#2808=DIRECTION('ref_axis',(1.,0.,0.));
#2809=DIRECTION('',(0.5,0.866025403784439,6.12323399573677E-17));
#2810=DIRECTION('center_axis',(0.,1.,0.));
#2811=DIRECTION('ref_axis',(1.,0.,0.));
#2812=DIRECTION('',(-0.5,0.866025403784439,6.12323399573676E-17));
#2813=DIRECTION('center_axis',(0.,1.,0.));
#2814=DIRECTION('ref_axis',(-1.,0.,0.));
#2815=DIRECTION('center_axis',(0.,1.,0.));
#2816=DIRECTION('ref_axis',(-1.,0.,0.));
#2817=DIRECTION('center_axis',(0.,-1.,0.));
#2818=DIRECTION('ref_axis',(-1.,0.,0.));
#2819=DIRECTION('center_axis',(0.,1.,0.));
#2820=DIRECTION('ref_axis',(-1.,0.,0.));
#2821=DIRECTION('',(-0.5,0.866025403784439,-6.12323399573677E-17));
#2822=DIRECTION('center_axis',(0.,1.,0.));
#2823=DIRECTION('ref_axis',(-1.,0.,0.));
#2824=DIRECTION('',(0.5,0.866025403784439,-6.12323399573676E-17));
#2825=DIRECTION('center_axis',(0.,1.,0.));
#2826=DIRECTION('ref_axis',(1.,0.,0.));
#2827=DIRECTION('center_axis',(0.,-1.,0.));
#2828=DIRECTION('ref_axis',(-1.,0.,0.));
#2829=DIRECTION('center_axis',(0.,1.,0.));
#2830=DIRECTION('ref_axis',(-1.,0.,0.));
#2831=DIRECTION('',(-0.5,0.866025403784439,-6.12323399573676E-17));
#2832=DIRECTION('center_axis',(0.,1.,0.));
#2833=DIRECTION('ref_axis',(-1.,0.,0.));
#2834=DIRECTION('',(0.5,0.866025403784439,-6.12323399573676E-17));
#2835=DIRECTION('center_axis',(0.,1.,0.));
#2836=DIRECTION('ref_axis',(1.,0.,0.));
#2837=DIRECTION('center_axis',(0.,-1.,0.));
#2838=DIRECTION('ref_axis',(-1.,0.,0.));
#2839=DIRECTION('center_axis',(0.,1.,0.));
#2840=DIRECTION('ref_axis',(-1.,0.,0.));
#2841=DIRECTION('',(-0.5,0.866025403784439,-6.12323399573676E-17));
#2842=DIRECTION('center_axis',(0.,1.,0.));
#2843=DIRECTION('ref_axis',(-1.,0.,0.));
#2844=DIRECTION('',(0.5,0.866025403784439,-6.12323399573676E-17));
#2845=DIRECTION('center_axis',(0.,1.,0.));
#2846=DIRECTION('ref_axis',(1.,0.,0.));
#2847=DIRECTION('center_axis',(0.,-1.,0.));
#2848=DIRECTION('ref_axis',(-1.,0.,0.));
#2849=DIRECTION('center_axis',(0.,1.,0.));
#2850=DIRECTION('ref_axis',(-1.,0.,0.));
#2851=DIRECTION('',(-0.5,0.866025403784439,-6.12323399573676E-17));
#2852=DIRECTION('center_axis',(0.,1.,0.));
#2853=DIRECTION('ref_axis',(-1.,0.,0.));
#2854=DIRECTION('',(0.5,0.866025403784439,-6.12323399573676E-17));
#2855=DIRECTION('center_axis',(0.,1.,0.));
#2856=DIRECTION('ref_axis',(1.,0.,0.));
#2857=DIRECTION('center_axis',(0.,-1.,0.));
#2858=DIRECTION('ref_axis',(-1.,0.,0.));
#2859=DIRECTION('center_axis',(0.,1.,0.));
#2860=DIRECTION('ref_axis',(-1.,0.,0.));
#2861=DIRECTION('',(-0.5,0.866025403784439,-6.12323399573677E-17));
#2862=DIRECTION('center_axis',(0.,1.,0.));
#2863=DIRECTION('ref_axis',(-1.,0.,0.));
#2864=DIRECTION('',(0.5,0.866025403784439,-6.12323399573676E-17));
#2865=DIRECTION('center_axis',(0.,1.,0.));
#2866=DIRECTION('ref_axis',(1.,0.,0.));
#2867=DIRECTION('center_axis',(0.,-1.,0.));
#2868=DIRECTION('ref_axis',(-1.,0.,0.));
#2869=DIRECTION('center_axis',(0.,1.,0.));
#2870=DIRECTION('ref_axis',(-1.,0.,0.));
#2871=DIRECTION('',(-0.5,0.866025403784439,-6.12323399573676E-17));
#2872=DIRECTION('center_axis',(0.,1.,0.));
#2873=DIRECTION('ref_axis',(-1.,0.,0.));
#2874=DIRECTION('',(0.5,0.866025403784439,-6.12323399573677E-17));
#2875=DIRECTION('center_axis',(0.,1.,0.));
#2876=DIRECTION('ref_axis',(1.,0.,0.));
#2877=DIRECTION('center_axis',(0.,-1.,0.));
#2878=DIRECTION('ref_axis',(-1.,0.,0.));
#2879=DIRECTION('center_axis',(0.,1.,0.));
#2880=DIRECTION('ref_axis',(-1.,0.,0.));
#2881=DIRECTION('',(-0.5,0.866025403784439,-6.12323399573676E-17));
#2882=DIRECTION('center_axis',(0.,1.,0.));
#2883=DIRECTION('ref_axis',(-1.,0.,0.));
#2884=DIRECTION('',(0.5,0.866025403784439,-6.12323399573677E-17));
#2885=DIRECTION('center_axis',(0.,1.,0.));
#2886=DIRECTION('ref_axis',(1.,0.,0.));
#2887=DIRECTION('center_axis',(0.,-1.,0.));
#2888=DIRECTION('ref_axis',(-1.,0.,0.));
#2889=DIRECTION('center_axis',(0.,1.,0.));
#2890=DIRECTION('ref_axis',(-1.,0.,0.));
#2891=DIRECTION('',(-0.5,0.866025403784439,-6.12323399573677E-17));
#2892=DIRECTION('center_axis',(0.,1.,0.));
#2893=DIRECTION('ref_axis',(-1.,0.,0.));
#2894=DIRECTION('',(0.5,0.866025403784439,-6.12323399573677E-17));
#2895=DIRECTION('center_axis',(0.,1.,0.));
#2896=DIRECTION('ref_axis',(1.,0.,0.));
#2897=DIRECTION('center_axis',(0.,-1.,0.));
#2898=DIRECTION('ref_axis',(-1.,0.,0.));
#2899=DIRECTION('center_axis',(0.,1.,0.));
#2900=DIRECTION('ref_axis',(-1.,0.,0.));
#2901=DIRECTION('',(-0.5,0.866025403784439,-6.12323399573676E-17));
#2902=DIRECTION('center_axis',(0.,1.,0.));
#2903=DIRECTION('ref_axis',(-1.,0.,0.));
#2904=DIRECTION('',(0.5,0.866025403784439,-6.12323399573676E-17));
#2905=DIRECTION('center_axis',(0.,1.,0.));
#2906=DIRECTION('ref_axis',(1.,0.,0.));
#2907=DIRECTION('center_axis',(0.,-1.,0.));
#2908=DIRECTION('ref_axis',(-1.,0.,0.));
#2909=DIRECTION('center_axis',(0.,1.,0.));
#2910=DIRECTION('ref_axis',(-1.,0.,0.));
#2911=DIRECTION('',(-0.5,0.866025403784439,-6.12323399573676E-17));
#2912=DIRECTION('center_axis',(0.,1.,0.));
#2913=DIRECTION('ref_axis',(-1.,0.,0.));
#2914=DIRECTION('',(0.5,0.866025403784439,-6.12323399573677E-17));
#2915=DIRECTION('center_axis',(0.,1.,0.));
#2916=DIRECTION('ref_axis',(1.,0.,0.));
#2917=DIRECTION('center_axis',(0.,-1.,0.));
#2918=DIRECTION('ref_axis',(-1.,0.,0.));
#2919=DIRECTION('center_axis',(0.,1.,0.));
#2920=DIRECTION('ref_axis',(-1.,0.,0.));
#2921=DIRECTION('',(-0.5,0.866025403784439,-6.12323399573676E-17));
#2922=DIRECTION('center_axis',(0.,1.,0.));
#2923=DIRECTION('ref_axis',(-1.,0.,0.));
#2924=DIRECTION('',(0.5,0.866025403784439,-6.12323399573676E-17));
#2925=DIRECTION('center_axis',(0.,1.,0.));
#2926=DIRECTION('ref_axis',(1.,0.,0.));
#2927=DIRECTION('center_axis',(0.,-1.,0.));
#2928=DIRECTION('ref_axis',(-1.,0.,0.));
#2929=DIRECTION('center_axis',(0.,1.,0.));
#2930=DIRECTION('ref_axis',(-1.,0.,0.));
#2931=DIRECTION('',(-0.5,0.866025403784439,-6.12323399573676E-17));
#2932=DIRECTION('center_axis',(0.,1.,0.));
#2933=DIRECTION('ref_axis',(-1.,0.,0.));
#2934=DIRECTION('',(0.5,0.866025403784439,-6.12323399573676E-17));
#2935=DIRECTION('center_axis',(0.,1.,0.));
#2936=DIRECTION('ref_axis',(1.,0.,0.));
#2937=DIRECTION('center_axis',(0.,-1.,0.));
#2938=DIRECTION('ref_axis',(-1.,0.,0.));
#2939=DIRECTION('center_axis',(0.,1.,0.));
#2940=DIRECTION('ref_axis',(-1.,0.,0.));
#2941=DIRECTION('',(-0.5,0.866025403784439,-6.12323399573676E-17));
#2942=DIRECTION('center_axis',(0.,1.,0.));
#2943=DIRECTION('ref_axis',(-1.,0.,0.));
#2944=DIRECTION('',(0.5,0.866025403784439,-6.12323399573677E-17));
#2945=DIRECTION('center_axis',(0.,1.,0.));
#2946=DIRECTION('ref_axis',(1.,0.,0.));
#2947=DIRECTION('center_axis',(0.,-1.,0.));
#2948=DIRECTION('ref_axis',(-1.,0.,0.));
#2949=DIRECTION('center_axis',(0.,1.,0.));
#2950=DIRECTION('ref_axis',(-1.,0.,0.));
#2951=DIRECTION('',(-0.5,0.866025403784439,-6.12323399573676E-17));
#2952=DIRECTION('center_axis',(0.,1.,0.));
#2953=DIRECTION('ref_axis',(-1.,0.,0.));
#2954=DIRECTION('',(0.5,0.866025403784439,-6.12323399573676E-17));
#2955=DIRECTION('center_axis',(0.,1.,0.));
#2956=DIRECTION('ref_axis',(1.,0.,0.));
#2957=DIRECTION('center_axis',(0.,-1.,0.));
#2958=DIRECTION('ref_axis',(-1.,0.,0.));
#2959=DIRECTION('center_axis',(0.,1.,0.));
#2960=DIRECTION('ref_axis',(-1.,0.,0.));
#2961=DIRECTION('',(-0.5,0.866025403784439,-6.12323399573676E-17));
#2962=DIRECTION('center_axis',(0.,1.,0.));
#2963=DIRECTION('ref_axis',(-1.,0.,0.));
#2964=DIRECTION('',(0.5,0.866025403784439,-6.12323399573676E-17));
#2965=DIRECTION('center_axis',(0.,1.,0.));
#2966=DIRECTION('ref_axis',(1.,0.,0.));
#2967=DIRECTION('center_axis',(0.,-1.,0.));
#2968=DIRECTION('ref_axis',(-1.,0.,0.));
#2969=DIRECTION('center_axis',(0.,1.,0.));
#2970=DIRECTION('ref_axis',(-1.,0.,0.));
#2971=DIRECTION('',(-0.5,0.866025403784439,-6.12323399573676E-17));
#2972=DIRECTION('center_axis',(0.,1.,0.));
#2973=DIRECTION('ref_axis',(-1.,0.,0.));
#2974=DIRECTION('',(0.5,0.866025403784439,-6.12323399573677E-17));
#2975=DIRECTION('center_axis',(0.,1.,0.));
#2976=DIRECTION('ref_axis',(1.,0.,0.));
#2977=DIRECTION('center_axis',(0.,-1.,0.));
#2978=DIRECTION('ref_axis',(-1.,0.,0.));
#2979=DIRECTION('center_axis',(0.,1.,0.));
#2980=DIRECTION('ref_axis',(-1.,0.,0.));
#2981=DIRECTION('',(-0.5,0.866025403784439,-6.12323399573676E-17));
#2982=DIRECTION('center_axis',(0.,1.,0.));
#2983=DIRECTION('ref_axis',(-1.,0.,0.));
#2984=DIRECTION('',(0.5,0.866025403784439,-6.12323399573676E-17));
#2985=DIRECTION('center_axis',(0.,1.,0.));
#2986=DIRECTION('ref_axis',(1.,0.,0.));
#2987=DIRECTION('center_axis',(0.,-1.,0.));
#2988=DIRECTION('ref_axis',(-1.,0.,0.));
#2989=DIRECTION('center_axis',(0.,1.,0.));
#2990=DIRECTION('ref_axis',(-1.,0.,0.));
#2991=DIRECTION('',(-0.5,0.866025403784439,-6.12323399573677E-17));
#2992=DIRECTION('center_axis',(0.,1.,0.));
#2993=DIRECTION('ref_axis',(-1.,0.,0.));
#2994=DIRECTION('',(0.5,0.866025403784439,-6.12323399573677E-17));
#2995=DIRECTION('center_axis',(0.,1.,0.));
#2996=DIRECTION('ref_axis',(1.,0.,0.));
#2997=DIRECTION('center_axis',(0.,-1.,0.));
#2998=DIRECTION('ref_axis',(-1.,0.,0.));
#2999=DIRECTION('center_axis',(0.,1.,0.));
#3000=DIRECTION('ref_axis',(-1.,0.,0.));
#3001=DIRECTION('',(-0.5,0.866025403784439,-6.12323399573676E-17));
#3002=DIRECTION('center_axis',(0.,1.,0.));
#3003=DIRECTION('ref_axis',(-1.,0.,0.));
#3004=DIRECTION('',(0.5,0.866025403784439,-6.12323399573677E-17));
#3005=DIRECTION('center_axis',(0.,1.,0.));
#3006=DIRECTION('ref_axis',(1.,0.,0.));
#3007=DIRECTION('center_axis',(0.,-1.,0.));
#3008=DIRECTION('ref_axis',(-1.,0.,0.));
#3009=DIRECTION('center_axis',(0.,1.,0.));
#3010=DIRECTION('ref_axis',(-1.,0.,0.));
#3011=DIRECTION('',(-0.5,0.866025403784439,-6.12323399573676E-17));
#3012=DIRECTION('center_axis',(0.,1.,0.));
#3013=DIRECTION('ref_axis',(-1.,0.,0.));
#3014=DIRECTION('',(0.5,0.866025403784439,-6.12323399573676E-17));
#3015=DIRECTION('center_axis',(0.,1.,0.));
#3016=DIRECTION('ref_axis',(1.,0.,0.));
#3017=DIRECTION('center_axis',(0.,-1.,0.));
#3018=DIRECTION('ref_axis',(-1.,0.,0.));
#3019=DIRECTION('center_axis',(0.,1.,0.));
#3020=DIRECTION('ref_axis',(-1.,0.,0.));
#3021=DIRECTION('',(-0.5,0.866025403784439,-6.12323399573676E-17));
#3022=DIRECTION('center_axis',(0.,1.,0.));
#3023=DIRECTION('ref_axis',(-1.,0.,0.));
#3024=DIRECTION('',(0.5,0.866025403784439,-6.12323399573677E-17));
#3025=DIRECTION('center_axis',(0.,1.,0.));
#3026=DIRECTION('ref_axis',(1.,0.,0.));
#3027=DIRECTION('center_axis',(0.,-1.,0.));
#3028=DIRECTION('ref_axis',(-1.,0.,0.));
#3029=DIRECTION('center_axis',(0.,1.,0.));
#3030=DIRECTION('ref_axis',(-1.,0.,0.));
#3031=DIRECTION('',(-0.5,0.866025403784439,-6.12323399573676E-17));
#3032=DIRECTION('center_axis',(0.,1.,0.));
#3033=DIRECTION('ref_axis',(-1.,0.,0.));
#3034=DIRECTION('',(0.5,0.866025403784439,-6.12323399573677E-17));
#3035=DIRECTION('center_axis',(0.,1.,0.));
#3036=DIRECTION('ref_axis',(1.,0.,0.));
#3037=DIRECTION('center_axis',(0.,-1.,0.));
#3038=DIRECTION('ref_axis',(-1.,0.,0.));
#3039=DIRECTION('center_axis',(0.,1.,0.));
#3040=DIRECTION('ref_axis',(-1.,0.,0.));
#3041=DIRECTION('',(-0.5,0.866025403784439,-6.12323399573677E-17));
#3042=DIRECTION('center_axis',(0.,1.,0.));
#3043=DIRECTION('ref_axis',(-1.,0.,0.));
#3044=DIRECTION('',(0.5,0.866025403784439,-6.12323399573676E-17));
#3045=DIRECTION('center_axis',(0.,1.,0.));
#3046=DIRECTION('ref_axis',(1.,0.,0.));
#3047=DIRECTION('center_axis',(0.,-1.,0.));
#3048=DIRECTION('ref_axis',(-1.,0.,0.));
#3049=DIRECTION('center_axis',(0.,1.,0.));
#3050=DIRECTION('ref_axis',(-1.,0.,0.));
#3051=DIRECTION('',(-0.5,0.866025403784439,-6.12323399573676E-17));
#3052=DIRECTION('center_axis',(0.,1.,0.));
#3053=DIRECTION('ref_axis',(-1.,0.,0.));
#3054=DIRECTION('',(0.5,0.866025403784439,-6.12323399573676E-17));
#3055=DIRECTION('center_axis',(0.,1.,0.));
#3056=DIRECTION('ref_axis',(1.,0.,0.));
#3057=DIRECTION('center_axis',(0.,-1.,0.));
#3058=DIRECTION('ref_axis',(-1.,0.,0.));
#3059=DIRECTION('center_axis',(0.,1.,0.));
#3060=DIRECTION('ref_axis',(-1.,0.,0.));
#3061=DIRECTION('',(-0.5,0.866025403784439,-6.12323399573676E-17));
#3062=DIRECTION('center_axis',(0.,1.,0.));
#3063=DIRECTION('ref_axis',(-1.,0.,0.));
#3064=DIRECTION('',(0.5,0.866025403784439,-6.12323399573676E-17));
#3065=DIRECTION('center_axis',(0.,1.,0.));
#3066=DIRECTION('ref_axis',(1.,0.,0.));
#3067=DIRECTION('center_axis',(0.,-1.,0.));
#3068=DIRECTION('ref_axis',(-1.,0.,0.));
#3069=DIRECTION('center_axis',(0.,1.,0.));
#3070=DIRECTION('ref_axis',(-1.,0.,0.));
#3071=DIRECTION('',(-0.5,0.866025403784439,-6.12323399573676E-17));
#3072=DIRECTION('center_axis',(0.,1.,0.));
#3073=DIRECTION('ref_axis',(-1.,0.,0.));
#3074=DIRECTION('',(0.5,0.866025403784439,-6.12323399573676E-17));
#3075=DIRECTION('center_axis',(0.,1.,0.));
#3076=DIRECTION('ref_axis',(1.,0.,0.));
#3077=DIRECTION('center_axis',(0.,-1.,0.));
#3078=DIRECTION('ref_axis',(-1.,0.,0.));
#3079=DIRECTION('center_axis',(0.,1.,0.));
#3080=DIRECTION('ref_axis',(-1.,0.,0.));
#3081=DIRECTION('',(-0.5,0.866025403784439,-6.12323399573676E-17));
#3082=DIRECTION('center_axis',(0.,1.,0.));
#3083=DIRECTION('ref_axis',(-1.,0.,0.));
#3084=DIRECTION('',(0.5,0.866025403784439,-6.12323399573676E-17));
#3085=DIRECTION('center_axis',(0.,1.,0.));
#3086=DIRECTION('ref_axis',(1.,0.,0.));
#3087=DIRECTION('center_axis',(0.,-1.,0.));
#3088=DIRECTION('ref_axis',(-1.,0.,0.));
#3089=DIRECTION('center_axis',(0.,1.,0.));
#3090=DIRECTION('ref_axis',(-1.,0.,0.));
#3091=DIRECTION('',(-0.5,0.866025403784439,-6.12323399573676E-17));
#3092=DIRECTION('center_axis',(0.,1.,0.));
#3093=DIRECTION('ref_axis',(-1.,0.,0.));
#3094=DIRECTION('',(0.5,0.866025403784439,-6.12323399573676E-17));
#3095=DIRECTION('center_axis',(0.,1.,0.));
#3096=DIRECTION('ref_axis',(1.,0.,0.));
#3097=DIRECTION('center_axis',(0.,-1.,0.));
#3098=DIRECTION('ref_axis',(-1.,0.,0.));
#3099=DIRECTION('center_axis',(0.,1.,0.));
#3100=DIRECTION('ref_axis',(-1.,0.,0.));
#3101=DIRECTION('',(-0.5,0.866025403784439,-6.12323399573676E-17));
#3102=DIRECTION('center_axis',(0.,1.,0.));
#3103=DIRECTION('ref_axis',(-1.,0.,0.));
#3104=DIRECTION('',(0.5,0.866025403784439,-6.12323399573677E-17));
#3105=DIRECTION('center_axis',(0.,1.,0.));
#3106=DIRECTION('ref_axis',(1.,0.,0.));
#3107=DIRECTION('center_axis',(0.,-1.,0.));
#3108=DIRECTION('ref_axis',(-1.,0.,0.));
#3109=DIRECTION('center_axis',(0.,1.,0.));
#3110=DIRECTION('ref_axis',(-1.,0.,0.));
#3111=DIRECTION('',(-0.5,0.866025403784439,-6.12323399573676E-17));
#3112=DIRECTION('center_axis',(0.,1.,0.));
#3113=DIRECTION('ref_axis',(-1.,0.,0.));
#3114=DIRECTION('',(0.5,0.866025403784439,-6.12323399573676E-17));
#3115=DIRECTION('center_axis',(0.,1.,0.));
#3116=DIRECTION('ref_axis',(1.,0.,0.));
#3117=DIRECTION('center_axis',(0.,-1.,0.));
#3118=DIRECTION('ref_axis',(-1.,0.,0.));
#3119=DIRECTION('center_axis',(0.,1.,0.));
#3120=DIRECTION('ref_axis',(-1.,0.,0.));
#3121=DIRECTION('',(-0.5,0.866025403784439,-6.12323399573677E-17));
#3122=DIRECTION('center_axis',(0.,1.,0.));
#3123=DIRECTION('ref_axis',(-1.,0.,0.));
#3124=DIRECTION('',(0.5,0.866025403784439,-6.12323399573676E-17));
#3125=DIRECTION('center_axis',(0.,1.,0.));
#3126=DIRECTION('ref_axis',(1.,0.,0.));
#3127=DIRECTION('center_axis',(0.,-1.,0.));
#3128=DIRECTION('ref_axis',(-1.,0.,0.));
#3129=DIRECTION('center_axis',(0.,1.,0.));
#3130=DIRECTION('ref_axis',(-1.,0.,0.));
#3131=DIRECTION('',(-0.5,0.866025403784439,-6.12323399573677E-17));
#3132=DIRECTION('center_axis',(0.,1.,0.));
#3133=DIRECTION('ref_axis',(-1.,0.,0.));
#3134=DIRECTION('',(0.5,0.866025403784439,-6.12323399573677E-17));
#3135=DIRECTION('center_axis',(0.,1.,0.));
#3136=DIRECTION('ref_axis',(1.,0.,0.));
#3137=DIRECTION('center_axis',(0.,-1.,0.));
#3138=DIRECTION('ref_axis',(-1.,0.,0.));
#3139=DIRECTION('center_axis',(0.,1.,0.));
#3140=DIRECTION('ref_axis',(-1.,0.,0.));
#3141=DIRECTION('',(-0.5,0.866025403784439,-6.12323399573676E-17));
#3142=DIRECTION('center_axis',(0.,1.,0.));
#3143=DIRECTION('ref_axis',(-1.,0.,0.));
#3144=DIRECTION('',(0.5,0.866025403784439,-6.12323399573676E-17));
#3145=DIRECTION('center_axis',(0.,1.,0.));
#3146=DIRECTION('ref_axis',(1.,0.,0.));
#3147=DIRECTION('center_axis',(0.,-1.,0.));
#3148=DIRECTION('ref_axis',(-1.,0.,0.));
#3149=DIRECTION('center_axis',(0.,1.,0.));
#3150=DIRECTION('ref_axis',(-1.,0.,0.));
#3151=DIRECTION('',(-0.5,0.866025403784439,-6.12323399573676E-17));
#3152=DIRECTION('center_axis',(0.,1.,0.));
#3153=DIRECTION('ref_axis',(-1.,0.,0.));
#3154=DIRECTION('',(0.5,0.866025403784439,-6.12323399573676E-17));
#3155=DIRECTION('center_axis',(0.,1.,0.));
#3156=DIRECTION('ref_axis',(1.,0.,0.));
#3157=DIRECTION('center_axis',(0.,-1.,0.));
#3158=DIRECTION('ref_axis',(-1.,0.,0.));
#3159=DIRECTION('center_axis',(0.,1.,0.));
#3160=DIRECTION('ref_axis',(-1.,0.,0.));
#3161=DIRECTION('',(-0.5,0.866025403784439,-6.12323399573677E-17));
#3162=DIRECTION('center_axis',(0.,1.,0.));
#3163=DIRECTION('ref_axis',(-1.,0.,0.));
#3164=DIRECTION('',(0.5,0.866025403784439,-6.12323399573677E-17));
#3165=DIRECTION('center_axis',(0.,1.,0.));
#3166=DIRECTION('ref_axis',(1.,0.,0.));
#3167=DIRECTION('center_axis',(0.,-1.,0.));
#3168=DIRECTION('ref_axis',(-1.,0.,0.));
#3169=DIRECTION('center_axis',(0.,1.,0.));
#3170=DIRECTION('ref_axis',(-1.,0.,0.));
#3171=DIRECTION('',(-0.5,0.866025403784439,-6.12323399573676E-17));
#3172=DIRECTION('center_axis',(0.,1.,0.));
#3173=DIRECTION('ref_axis',(-1.,0.,0.));
#3174=DIRECTION('',(0.5,0.866025403784439,-6.12323399573676E-17));
#3175=DIRECTION('center_axis',(0.,1.,0.));
#3176=DIRECTION('ref_axis',(1.,0.,0.));
#3177=DIRECTION('center_axis',(0.,-1.,0.));
#3178=DIRECTION('ref_axis',(-1.,0.,0.));
#3179=DIRECTION('center_axis',(0.,1.,0.));
#3180=DIRECTION('ref_axis',(-1.,0.,0.));
#3181=DIRECTION('',(-0.5,0.866025403784439,-6.12323399573676E-17));
#3182=DIRECTION('center_axis',(0.,1.,0.));
#3183=DIRECTION('ref_axis',(-1.,0.,0.));
#3184=DIRECTION('',(0.5,0.866025403784439,-6.12323399573676E-17));
#3185=DIRECTION('center_axis',(0.,1.,0.));
#3186=DIRECTION('ref_axis',(1.,0.,0.));
#3187=DIRECTION('center_axis',(0.,-1.,0.));
#3188=DIRECTION('ref_axis',(-1.,0.,0.));
#3189=DIRECTION('center_axis',(0.,1.,0.));
#3190=DIRECTION('ref_axis',(-1.,0.,0.));
#3191=DIRECTION('',(-0.5,0.866025403784439,-6.12323399573676E-17));
#3192=DIRECTION('center_axis',(0.,1.,0.));
#3193=DIRECTION('ref_axis',(-1.,0.,0.));
#3194=DIRECTION('',(0.5,0.866025403784439,-6.12323399573676E-17));
#3195=DIRECTION('center_axis',(0.,1.,0.));
#3196=DIRECTION('ref_axis',(1.,0.,0.));
#3197=DIRECTION('center_axis',(0.,-1.,0.));
#3198=DIRECTION('ref_axis',(-1.,0.,0.));
#3199=DIRECTION('center_axis',(0.,1.,0.));
#3200=DIRECTION('ref_axis',(-1.,0.,0.));
#3201=DIRECTION('',(-0.5,0.866025403784439,-6.12323399573677E-17));
#3202=DIRECTION('center_axis',(0.,1.,0.));
#3203=DIRECTION('ref_axis',(-1.,0.,0.));
#3204=DIRECTION('',(0.5,0.866025403784439,-6.12323399573677E-17));
#3205=DIRECTION('center_axis',(0.,1.,0.));
#3206=DIRECTION('ref_axis',(1.,0.,0.));
#3207=DIRECTION('center_axis',(0.,-1.,0.));
#3208=DIRECTION('ref_axis',(-1.,0.,0.));
#3209=DIRECTION('center_axis',(0.,1.,0.));
#3210=DIRECTION('ref_axis',(-1.,0.,0.));
#3211=DIRECTION('',(-0.5,0.866025403784439,-6.12323399573676E-17));
#3212=DIRECTION('center_axis',(0.,1.,0.));
#3213=DIRECTION('ref_axis',(-1.,0.,0.));
#3214=DIRECTION('',(0.5,0.866025403784439,-6.12323399573677E-17));
#3215=DIRECTION('center_axis',(0.,1.,0.));
#3216=DIRECTION('ref_axis',(1.,0.,0.));
#3217=DIRECTION('center_axis',(0.,-1.,0.));
#3218=DIRECTION('ref_axis',(-1.,0.,0.));
#3219=DIRECTION('center_axis',(0.,1.,0.));
#3220=DIRECTION('ref_axis',(-1.,0.,0.));
#3221=DIRECTION('',(-0.5,0.866025403784439,-6.12323399573676E-17));
#3222=DIRECTION('center_axis',(0.,1.,0.));
#3223=DIRECTION('ref_axis',(-1.,0.,0.));
#3224=DIRECTION('',(0.5,0.866025403784439,-6.12323399573676E-17));
#3225=DIRECTION('center_axis',(0.,1.,0.));
#3226=DIRECTION('ref_axis',(1.,0.,0.));
#3227=DIRECTION('center_axis',(0.,-1.,0.));
#3228=DIRECTION('ref_axis',(-1.,0.,0.));
#3229=DIRECTION('center_axis',(0.,1.,0.));
#3230=DIRECTION('ref_axis',(-1.,0.,0.));
#3231=DIRECTION('',(-0.5,0.866025403784439,-6.12323399573677E-17));
#3232=DIRECTION('center_axis',(0.,1.,0.));
#3233=DIRECTION('ref_axis',(-1.,0.,0.));
#3234=DIRECTION('',(0.5,0.866025403784439,-6.12323399573677E-17));
#3235=DIRECTION('center_axis',(0.,1.,0.));
#3236=DIRECTION('ref_axis',(1.,0.,0.));
#3237=DIRECTION('center_axis',(0.,-1.,0.));
#3238=DIRECTION('ref_axis',(-1.,0.,0.));
#3239=DIRECTION('center_axis',(0.,1.,0.));
#3240=DIRECTION('ref_axis',(-1.,0.,0.));
#3241=DIRECTION('',(-0.5,0.866025403784439,-6.12323399573676E-17));
#3242=DIRECTION('center_axis',(0.,1.,0.));
#3243=DIRECTION('ref_axis',(-1.,0.,0.));
#3244=DIRECTION('',(0.5,0.866025403784439,-6.12323399573676E-17));
#3245=DIRECTION('center_axis',(0.,1.,0.));
#3246=DIRECTION('ref_axis',(1.,0.,0.));
#3247=DIRECTION('center_axis',(0.,-1.,0.));
#3248=DIRECTION('ref_axis',(-1.,0.,0.));
#3249=DIRECTION('center_axis',(0.,1.,0.));
#3250=DIRECTION('ref_axis',(-1.,0.,0.));
#3251=DIRECTION('',(-0.5,0.866025403784439,-6.12323399573676E-17));
#3252=DIRECTION('center_axis',(0.,1.,0.));
#3253=DIRECTION('ref_axis',(-1.,0.,0.));
#3254=DIRECTION('',(0.5,0.866025403784439,-6.12323399573676E-17));
#3255=DIRECTION('center_axis',(0.,1.,0.));
#3256=DIRECTION('ref_axis',(1.,0.,0.));
#3257=DIRECTION('center_axis',(0.,-1.,0.));
#3258=DIRECTION('ref_axis',(-1.,0.,0.));
#3259=DIRECTION('center_axis',(0.,1.,0.));
#3260=DIRECTION('ref_axis',(-1.,0.,0.));
#3261=DIRECTION('',(-0.5,0.866025403784439,-6.12323399573677E-17));
#3262=DIRECTION('center_axis',(0.,1.,0.));
#3263=DIRECTION('ref_axis',(-1.,0.,0.));
#3264=DIRECTION('',(0.5,0.866025403784439,-6.12323399573676E-17));
#3265=DIRECTION('center_axis',(0.,1.,0.));
#3266=DIRECTION('ref_axis',(1.,0.,0.));
#3267=DIRECTION('center_axis',(0.,-1.,0.));
#3268=DIRECTION('ref_axis',(-1.,0.,0.));
#3269=DIRECTION('center_axis',(0.,1.,0.));
#3270=DIRECTION('ref_axis',(-1.,0.,0.));
#3271=DIRECTION('',(-0.5,0.866025403784439,-6.12323399573676E-17));
#3272=DIRECTION('center_axis',(0.,1.,0.));
#3273=DIRECTION('ref_axis',(-1.,0.,0.));
#3274=DIRECTION('',(0.5,0.866025403784439,-6.12323399573676E-17));
#3275=DIRECTION('center_axis',(0.,1.,0.));
#3276=DIRECTION('ref_axis',(1.,0.,0.));
#3277=DIRECTION('center_axis',(0.,-1.,0.));
#3278=DIRECTION('ref_axis',(-1.,0.,0.));
#3279=DIRECTION('center_axis',(0.,1.,0.));
#3280=DIRECTION('ref_axis',(-1.,0.,0.));
#3281=DIRECTION('',(-0.5,0.866025403784439,-6.12323399573676E-17));
#3282=DIRECTION('center_axis',(0.,1.,0.));
#3283=DIRECTION('ref_axis',(-1.,0.,0.));
#3284=DIRECTION('',(0.5,0.866025403784439,-6.12323399573676E-17));
#3285=DIRECTION('center_axis',(0.,1.,0.));
#3286=DIRECTION('ref_axis',(1.,0.,0.));
#3287=DIRECTION('center_axis',(0.,-1.,0.));
#3288=DIRECTION('ref_axis',(-1.,0.,0.));
#3289=DIRECTION('center_axis',(0.,1.,0.));
#3290=DIRECTION('ref_axis',(-1.,0.,0.));
#3291=DIRECTION('',(-0.5,0.866025403784439,-6.12323399573676E-17));
#3292=DIRECTION('center_axis',(0.,1.,0.));
#3293=DIRECTION('ref_axis',(-1.,0.,0.));
#3294=DIRECTION('',(0.5,0.866025403784439,-6.12323399573676E-17));
#3295=DIRECTION('center_axis',(0.,1.,0.));
#3296=DIRECTION('ref_axis',(1.,0.,0.));
#3297=DIRECTION('center_axis',(0.,-1.,0.));
#3298=DIRECTION('ref_axis',(-1.,0.,0.));
#3299=DIRECTION('center_axis',(0.,1.,0.));
#3300=DIRECTION('ref_axis',(-1.,0.,0.));
#3301=DIRECTION('',(-0.5,0.866025403784439,-6.12323399573677E-17));
#3302=DIRECTION('center_axis',(0.,1.,0.));
#3303=DIRECTION('ref_axis',(-1.,0.,0.));
#3304=DIRECTION('',(0.5,0.866025403784439,-6.12323399573676E-17));
#3305=DIRECTION('center_axis',(0.,1.,0.));
#3306=DIRECTION('ref_axis',(1.,0.,0.));
#3307=DIRECTION('center_axis',(0.,-1.,0.));
#3308=DIRECTION('ref_axis',(-1.,0.,0.));
#3309=DIRECTION('center_axis',(0.,1.,0.));
#3310=DIRECTION('ref_axis',(-1.,0.,0.));
#3311=DIRECTION('',(-0.5,0.866025403784439,-6.12323399573676E-17));
#3312=DIRECTION('center_axis',(0.,1.,0.));
#3313=DIRECTION('ref_axis',(-1.,0.,0.));
#3314=DIRECTION('',(0.5,0.866025403784439,-6.12323399573677E-17));
#3315=DIRECTION('center_axis',(0.,1.,0.));
#3316=DIRECTION('ref_axis',(1.,0.,0.));
#3317=DIRECTION('center_axis',(0.,1.,0.));
#3318=DIRECTION('ref_axis',(1.,0.,0.));
#3319=DIRECTION('center_axis',(0.,1.,0.));
#3320=DIRECTION('ref_axis',(1.,0.,0.));
#3321=DIRECTION('center_axis',(0.,1.,0.));
#3322=DIRECTION('ref_axis',(1.,0.,0.));
#3323=DIRECTION('center_axis',(0.,1.,0.));
#3324=DIRECTION('ref_axis',(1.,0.,0.));
#3325=DIRECTION('center_axis',(0.,-1.,0.));
#3326=DIRECTION('ref_axis',(1.,0.,0.));
#3327=DIRECTION('center_axis',(0.,1.,0.));
#3328=DIRECTION('ref_axis',(1.,0.,0.));
#3329=DIRECTION('',(0.5,0.866025403784439,6.12323399573677E-17));
#3330=DIRECTION('center_axis',(0.,1.,0.));
#3331=DIRECTION('ref_axis',(1.,0.,0.));
#3332=DIRECTION('',(-0.5,0.866025403784439,6.12323399573676E-17));
#3333=DIRECTION('center_axis',(0.,1.,0.));
#3334=DIRECTION('ref_axis',(-1.,0.,0.));
#3335=DIRECTION('center_axis',(0.,1.,0.));
#3336=DIRECTION('ref_axis',(-1.,0.,0.));
#3337=DIRECTION('center_axis',(0.,-1.,0.));
#3338=DIRECTION('ref_axis',(-1.,0.,0.));
#3339=DIRECTION('center_axis',(0.,1.,0.));
#3340=DIRECTION('ref_axis',(-1.,0.,0.));
#3341=DIRECTION('',(-0.5,0.866025403784439,-6.12323399573676E-17));
#3342=DIRECTION('center_axis',(0.,1.,0.));
#3343=DIRECTION('ref_axis',(-1.,0.,0.));
#3344=DIRECTION('',(0.5,0.866025403784439,-6.12323399573676E-17));
#3345=DIRECTION('center_axis',(0.,1.,0.));
#3346=DIRECTION('ref_axis',(1.,0.,0.));
#3347=DIRECTION('center_axis',(0.,1.,0.));
#3348=DIRECTION('ref_axis',(1.,0.,0.));
#3349=DIRECTION('center_axis',(0.,-1.,0.));
#3350=DIRECTION('ref_axis',(1.,0.,0.));
#3351=DIRECTION('center_axis',(0.,1.,0.));
#3352=DIRECTION('ref_axis',(1.,0.,0.));
#3353=DIRECTION('',(0.5,0.866025403784439,6.12323399573677E-17));
#3354=DIRECTION('center_axis',(0.,1.,0.));
#3355=DIRECTION('ref_axis',(1.,0.,0.));
#3356=DIRECTION('',(-0.5,0.866025403784439,6.12323399573677E-17));
#3357=DIRECTION('center_axis',(0.,1.,0.));
#3358=DIRECTION('ref_axis',(-1.,0.,0.));
#3359=DIRECTION('center_axis',(0.,1.,0.));
#3360=DIRECTION('ref_axis',(-1.,0.,0.));
#3361=DIRECTION('center_axis',(0.,-1.,0.));
#3362=DIRECTION('ref_axis',(-1.,0.,0.));
#3363=DIRECTION('center_axis',(0.,1.,0.));
#3364=DIRECTION('ref_axis',(-1.,0.,0.));
#3365=DIRECTION('',(-0.5,0.866025403784439,-6.12323399573676E-17));
#3366=DIRECTION('center_axis',(0.,1.,0.));
#3367=DIRECTION('ref_axis',(-1.,0.,0.));
#3368=DIRECTION('',(0.5,0.866025403784439,-6.12323399573677E-17));
#3369=DIRECTION('center_axis',(0.,1.,0.));
#3370=DIRECTION('ref_axis',(1.,0.,0.));
#3371=DIRECTION('center_axis',(0.,1.,0.));
#3372=DIRECTION('ref_axis',(1.,0.,0.));
#3373=DIRECTION('center_axis',(0.,-1.,0.));
#3374=DIRECTION('ref_axis',(1.,0.,0.));
#3375=DIRECTION('center_axis',(0.,1.,0.));
#3376=DIRECTION('ref_axis',(1.,0.,0.));
#3377=DIRECTION('',(0.5,0.866025403784439,6.12323399573676E-17));
#3378=DIRECTION('center_axis',(0.,1.,0.));
#3379=DIRECTION('ref_axis',(1.,0.,0.));
#3380=DIRECTION('',(-0.5,0.866025403784439,6.12323399573676E-17));
#3381=DIRECTION('center_axis',(0.,1.,0.));
#3382=DIRECTION('ref_axis',(-1.,0.,0.));
#3383=DIRECTION('center_axis',(0.,1.,0.));
#3384=DIRECTION('ref_axis',(-1.,0.,0.));
#3385=DIRECTION('center_axis',(0.,-1.,0.));
#3386=DIRECTION('ref_axis',(-1.,0.,0.));
#3387=DIRECTION('center_axis',(0.,1.,0.));
#3388=DIRECTION('ref_axis',(-1.,0.,0.));
#3389=DIRECTION('',(-0.5,0.866025403784439,-6.12323399573676E-17));
#3390=DIRECTION('center_axis',(0.,1.,0.));
#3391=DIRECTION('ref_axis',(-1.,0.,0.));
#3392=DIRECTION('',(0.5,0.866025403784439,-6.12323399573676E-17));
#3393=DIRECTION('center_axis',(0.,1.,0.));
#3394=DIRECTION('ref_axis',(1.,0.,0.));
#3395=DIRECTION('center_axis',(0.,1.,0.));
#3396=DIRECTION('ref_axis',(1.,0.,0.));
#3397=DIRECTION('center_axis',(0.,-1.,0.));
#3398=DIRECTION('ref_axis',(1.,0.,0.));
#3399=DIRECTION('center_axis',(0.,1.,0.));
#3400=DIRECTION('ref_axis',(1.,0.,0.));
#3401=DIRECTION('',(0.5,0.866025403784439,6.12323399573677E-17));
#3402=DIRECTION('center_axis',(0.,1.,0.));
#3403=DIRECTION('ref_axis',(1.,0.,0.));
#3404=DIRECTION('',(-0.5,0.866025403784439,6.12323399573677E-17));
#3405=DIRECTION('center_axis',(0.,1.,0.));
#3406=DIRECTION('ref_axis',(-1.,0.,0.));
#3407=DIRECTION('center_axis',(0.,1.,0.));
#3408=DIRECTION('ref_axis',(-1.,0.,0.));
#3409=DIRECTION('center_axis',(0.,-1.,0.));
#3410=DIRECTION('ref_axis',(-1.,0.,0.));
#3411=DIRECTION('center_axis',(0.,1.,0.));
#3412=DIRECTION('ref_axis',(-1.,0.,0.));
#3413=DIRECTION('',(-0.5,0.866025403784439,-6.12323399573676E-17));
#3414=DIRECTION('center_axis',(0.,1.,0.));
#3415=DIRECTION('ref_axis',(-1.,0.,0.));
#3416=DIRECTION('',(0.5,0.866025403784439,-6.12323399573677E-17));
#3417=DIRECTION('center_axis',(0.,1.,0.));
#3418=DIRECTION('ref_axis',(1.,0.,0.));
#3419=DIRECTION('center_axis',(0.,1.,0.));
#3420=DIRECTION('ref_axis',(1.,0.,0.));
#3421=DIRECTION('center_axis',(0.,-1.,0.));
#3422=DIRECTION('ref_axis',(1.,0.,0.));
#3423=DIRECTION('center_axis',(0.,1.,0.));
#3424=DIRECTION('ref_axis',(1.,0.,0.));
#3425=DIRECTION('',(0.5,0.866025403784439,6.12323399573676E-17));
#3426=DIRECTION('center_axis',(0.,1.,0.));
#3427=DIRECTION('ref_axis',(1.,0.,0.));
#3428=DIRECTION('',(-0.5,0.866025403784439,6.12323399573676E-17));
#3429=DIRECTION('center_axis',(0.,1.,0.));
#3430=DIRECTION('ref_axis',(-1.,0.,0.));
#3431=DIRECTION('center_axis',(0.,1.,0.));
#3432=DIRECTION('ref_axis',(-1.,0.,0.));
#3433=DIRECTION('center_axis',(0.,-1.,0.));
#3434=DIRECTION('ref_axis',(-1.,0.,0.));
#3435=DIRECTION('center_axis',(0.,1.,0.));
#3436=DIRECTION('ref_axis',(-1.,0.,0.));
#3437=DIRECTION('',(-0.5,0.866025403784439,-6.12323399573676E-17));
#3438=DIRECTION('center_axis',(0.,1.,0.));
#3439=DIRECTION('ref_axis',(-1.,0.,0.));
#3440=DIRECTION('',(0.5,0.866025403784439,-6.12323399573676E-17));
#3441=DIRECTION('center_axis',(0.,1.,0.));
#3442=DIRECTION('ref_axis',(1.,0.,0.));
#3443=DIRECTION('center_axis',(0.,1.,0.));
#3444=DIRECTION('ref_axis',(1.,0.,0.));
#3445=DIRECTION('center_axis',(0.,-1.,0.));
#3446=DIRECTION('ref_axis',(1.,0.,0.));
#3447=DIRECTION('center_axis',(0.,1.,0.));
#3448=DIRECTION('ref_axis',(1.,0.,0.));
#3449=DIRECTION('',(0.5,0.866025403784439,6.12323399573676E-17));
#3450=DIRECTION('center_axis',(0.,1.,0.));
#3451=DIRECTION('ref_axis',(1.,0.,0.));
#3452=DIRECTION('',(-0.5,0.866025403784439,6.12323399573676E-17));
#3453=DIRECTION('center_axis',(0.,1.,0.));
#3454=DIRECTION('ref_axis',(-1.,0.,0.));
#3455=DIRECTION('center_axis',(0.,1.,0.));
#3456=DIRECTION('ref_axis',(-1.,0.,0.));
#3457=DIRECTION('center_axis',(0.,-1.,0.));
#3458=DIRECTION('ref_axis',(-1.,0.,0.));
#3459=DIRECTION('center_axis',(0.,1.,0.));
#3460=DIRECTION('ref_axis',(-1.,0.,0.));
#3461=DIRECTION('',(-0.5,0.866025403784439,-6.12323399573677E-17));
#3462=DIRECTION('center_axis',(0.,1.,0.));
#3463=DIRECTION('ref_axis',(-1.,0.,0.));
#3464=DIRECTION('',(0.5,0.866025403784439,-6.12323399573676E-17));
#3465=DIRECTION('center_axis',(0.,1.,0.));
#3466=DIRECTION('ref_axis',(1.,0.,0.));
#3467=DIRECTION('center_axis',(0.,1.,0.));
#3468=DIRECTION('ref_axis',(1.,0.,0.));
#3469=DIRECTION('center_axis',(0.,-1.,0.));
#3470=DIRECTION('ref_axis',(1.,0.,0.));
#3471=DIRECTION('center_axis',(0.,1.,0.));
#3472=DIRECTION('ref_axis',(1.,0.,0.));
#3473=DIRECTION('',(0.5,0.866025403784439,6.12323399573676E-17));
#3474=DIRECTION('center_axis',(0.,1.,0.));
#3475=DIRECTION('ref_axis',(1.,0.,0.));
#3476=DIRECTION('',(-0.5,0.866025403784439,6.12323399573677E-17));
#3477=DIRECTION('center_axis',(0.,1.,0.));
#3478=DIRECTION('ref_axis',(-1.,0.,0.));
#3479=DIRECTION('center_axis',(0.,1.,0.));
#3480=DIRECTION('ref_axis',(-1.,0.,0.));
#3481=DIRECTION('center_axis',(0.,-1.,0.));
#3482=DIRECTION('ref_axis',(-1.,0.,0.));
#3483=DIRECTION('center_axis',(0.,1.,0.));
#3484=DIRECTION('ref_axis',(-1.,0.,0.));
#3485=DIRECTION('',(-0.5,0.866025403784439,-6.12323399573676E-17));
#3486=DIRECTION('center_axis',(0.,1.,0.));
#3487=DIRECTION('ref_axis',(-1.,0.,0.));
#3488=DIRECTION('',(0.5,0.866025403784439,-6.12323399573676E-17));
#3489=DIRECTION('center_axis',(0.,1.,0.));
#3490=DIRECTION('ref_axis',(1.,0.,0.));
#3491=DIRECTION('center_axis',(0.,1.,0.));
#3492=DIRECTION('ref_axis',(1.,0.,0.));
#3493=DIRECTION('center_axis',(0.,-1.,0.));
#3494=DIRECTION('ref_axis',(1.,0.,0.));
#3495=DIRECTION('center_axis',(0.,1.,0.));
#3496=DIRECTION('ref_axis',(1.,0.,0.));
#3497=DIRECTION('',(0.5,0.866025403784439,6.12323399573677E-17));
#3498=DIRECTION('center_axis',(0.,1.,0.));
#3499=DIRECTION('ref_axis',(1.,0.,0.));
#3500=DIRECTION('',(-0.5,0.866025403784439,6.12323399573676E-17));
#3501=DIRECTION('center_axis',(0.,1.,0.));
#3502=DIRECTION('ref_axis',(-1.,0.,0.));
#3503=DIRECTION('center_axis',(0.,1.,0.));
#3504=DIRECTION('ref_axis',(-1.,0.,0.));
#3505=DIRECTION('center_axis',(0.,-1.,0.));
#3506=DIRECTION('ref_axis',(-1.,0.,0.));
#3507=DIRECTION('center_axis',(0.,1.,0.));
#3508=DIRECTION('ref_axis',(-1.,0.,0.));
#3509=DIRECTION('',(-0.5,0.866025403784439,-6.12323399573677E-17));
#3510=DIRECTION('center_axis',(0.,1.,0.));
#3511=DIRECTION('ref_axis',(-1.,0.,0.));
#3512=DIRECTION('',(0.5,0.866025403784439,-6.12323399573676E-17));
#3513=DIRECTION('center_axis',(0.,1.,0.));
#3514=DIRECTION('ref_axis',(1.,0.,0.));
#3515=DIRECTION('center_axis',(0.,1.,0.));
#3516=DIRECTION('ref_axis',(1.,0.,0.));
#3517=DIRECTION('center_axis',(0.,-1.,0.));
#3518=DIRECTION('ref_axis',(1.,0.,0.));
#3519=DIRECTION('center_axis',(0.,1.,0.));
#3520=DIRECTION('ref_axis',(1.,0.,0.));
#3521=DIRECTION('',(0.5,0.866025403784439,6.12323399573676E-17));
#3522=DIRECTION('center_axis',(0.,1.,0.));
#3523=DIRECTION('ref_axis',(1.,0.,0.));
#3524=DIRECTION('',(-0.5,0.866025403784439,6.12323399573676E-17));
#3525=DIRECTION('center_axis',(0.,1.,0.));
#3526=DIRECTION('ref_axis',(-1.,0.,0.));
#3527=DIRECTION('center_axis',(0.,1.,0.));
#3528=DIRECTION('ref_axis',(-1.,0.,0.));
#3529=DIRECTION('center_axis',(0.,-1.,0.));
#3530=DIRECTION('ref_axis',(-1.,0.,0.));
#3531=DIRECTION('center_axis',(0.,1.,0.));
#3532=DIRECTION('ref_axis',(-1.,0.,0.));
#3533=DIRECTION('',(-0.5,0.866025403784439,-6.12323399573676E-17));
#3534=DIRECTION('center_axis',(0.,1.,0.));
#3535=DIRECTION('ref_axis',(-1.,0.,0.));
#3536=DIRECTION('',(0.5,0.866025403784439,-6.12323399573676E-17));
#3537=DIRECTION('center_axis',(0.,1.,0.));
#3538=DIRECTION('ref_axis',(1.,0.,0.));
#3539=DIRECTION('center_axis',(0.,1.,0.));
#3540=DIRECTION('ref_axis',(1.,0.,0.));
#3541=DIRECTION('center_axis',(0.,-1.,0.));
#3542=DIRECTION('ref_axis',(1.,0.,0.));
#3543=DIRECTION('center_axis',(0.,1.,0.));
#3544=DIRECTION('ref_axis',(1.,0.,0.));
#3545=DIRECTION('',(0.5,0.866025403784439,6.12323399573677E-17));
#3546=DIRECTION('center_axis',(0.,1.,0.));
#3547=DIRECTION('ref_axis',(1.,0.,0.));
#3548=DIRECTION('',(-0.5,0.866025403784439,6.12323399573676E-17));
#3549=DIRECTION('center_axis',(0.,1.,0.));
#3550=DIRECTION('ref_axis',(-1.,0.,0.));
#3551=DIRECTION('center_axis',(0.,1.,0.));
#3552=DIRECTION('ref_axis',(-1.,0.,0.));
#3553=DIRECTION('center_axis',(0.,-1.,0.));
#3554=DIRECTION('ref_axis',(-1.,0.,0.));
#3555=DIRECTION('center_axis',(0.,1.,0.));
#3556=DIRECTION('ref_axis',(-1.,0.,0.));
#3557=DIRECTION('',(-0.5,0.866025403784439,-6.12323399573676E-17));
#3558=DIRECTION('center_axis',(0.,1.,0.));
#3559=DIRECTION('ref_axis',(-1.,0.,0.));
#3560=DIRECTION('',(0.5,0.866025403784439,-6.12323399573676E-17));
#3561=DIRECTION('center_axis',(0.,1.,0.));
#3562=DIRECTION('ref_axis',(1.,0.,0.));
#3563=DIRECTION('center_axis',(0.,1.,0.));
#3564=DIRECTION('ref_axis',(1.,0.,0.));
#3565=DIRECTION('center_axis',(0.,-1.,0.));
#3566=DIRECTION('ref_axis',(1.,0.,0.));
#3567=DIRECTION('center_axis',(0.,1.,0.));
#3568=DIRECTION('ref_axis',(1.,0.,0.));
#3569=DIRECTION('',(0.5,0.866025403784439,6.12323399573676E-17));
#3570=DIRECTION('center_axis',(0.,1.,0.));
#3571=DIRECTION('ref_axis',(1.,0.,0.));
#3572=DIRECTION('',(-0.5,0.866025403784439,6.12323399573676E-17));
#3573=DIRECTION('center_axis',(0.,1.,0.));
#3574=DIRECTION('ref_axis',(-1.,0.,0.));
#3575=DIRECTION('center_axis',(0.,1.,0.));
#3576=DIRECTION('ref_axis',(-1.,0.,0.));
#3577=DIRECTION('center_axis',(0.,-1.,0.));
#3578=DIRECTION('ref_axis',(-1.,0.,0.));
#3579=DIRECTION('center_axis',(0.,1.,0.));
#3580=DIRECTION('ref_axis',(-1.,0.,0.));
#3581=DIRECTION('',(-0.5,0.866025403784439,-6.12323399573676E-17));
#3582=DIRECTION('center_axis',(0.,1.,0.));
#3583=DIRECTION('ref_axis',(-1.,0.,0.));
#3584=DIRECTION('',(0.5,0.866025403784439,-6.12323399573676E-17));
#3585=DIRECTION('center_axis',(0.,1.,0.));
#3586=DIRECTION('ref_axis',(1.,0.,0.));
#3587=DIRECTION('center_axis',(0.,1.,0.));
#3588=DIRECTION('ref_axis',(1.,0.,0.));
#3589=DIRECTION('center_axis',(0.,-1.,0.));
#3590=DIRECTION('ref_axis',(1.,0.,0.));
#3591=DIRECTION('',(0.5,0.866025403784439,6.12323399573677E-17));
#3592=DIRECTION('center_axis',(0.,-1.,0.));
#3593=DIRECTION('ref_axis',(0.,0.,-1.));
#3594=DIRECTION('center_axis',(0.,1.,0.));
#3595=DIRECTION('ref_axis',(1.,0.,0.));
#3596=DIRECTION('',(8.65956056235494E-17,0.707106781186548,-0.707106781186548));
#3597=DIRECTION('center_axis',(0.,1.,0.));
#3598=DIRECTION('ref_axis',(1.,0.,0.));
#3599=DIRECTION('center_axis',(0.,1.,0.));
#3600=DIRECTION('ref_axis',(1.,0.,0.));
#3601=DIRECTION('',(0.,-1.,0.));
#3602=DIRECTION('center_axis',(0.,1.,0.));
#3603=DIRECTION('ref_axis',(-1.,0.,0.));
#3604=DIRECTION('',(0.,-1.,0.));
#3605=DIRECTION('center_axis',(0.,1.,0.));
#3606=DIRECTION('ref_axis',(1.,0.,0.));
#3607=DIRECTION('',(0.,1.,0.));
#3608=DIRECTION('center_axis',(0.,1.,0.));
#3609=DIRECTION('ref_axis',(-1.,0.,0.));
#3610=DIRECTION('center_axis',(0.,-1.,0.));
#3611=DIRECTION('ref_axis',(0.,0.,-1.));
#3612=DIRECTION('center_axis',(0.,-1.,0.));
#3613=DIRECTION('ref_axis',(-2.62003610321013E-18,0.,-1.));
#3614=DIRECTION('center_axis',(0.,-1.,0.));
#3615=DIRECTION('ref_axis',(-2.62003610321013E-18,0.,-1.));
#3616=DIRECTION('center_axis',(0.,1.,0.));
#3617=DIRECTION('ref_axis',(1.,0.,0.));
#3618=DIRECTION('center_axis',(0.,-1.,0.));
#3619=DIRECTION('ref_axis',(0.,0.,-1.));
#3620=DIRECTION('center_axis',(0.,-1.,0.));
#3621=DIRECTION('ref_axis',(0.,0.,-1.));
#3622=DIRECTION('center_axis',(0.,-1.,0.));
#3623=DIRECTION('ref_axis',(0.,0.,-1.));
#3624=DIRECTION('center_axis',(0.,-1.,0.));
#3625=DIRECTION('ref_axis',(0.,0.,-1.));
#3626=DIRECTION('',(0.,1.,0.));
#3627=DIRECTION('center_axis',(0.,-1.,0.));
#3628=DIRECTION('ref_axis',(0.,0.,-1.));
#3629=CARTESIAN_POINT('',(0.,0.,0.));
#3630=CARTESIAN_POINT('Origin',(0.,2.391746824527,0.));
#3631=CARTESIAN_POINT('',(-6.,2.283493649054,0.));
#3632=CARTESIAN_POINT('Origin',(0.,2.283493649054,0.));
#3633=CARTESIAN_POINT('',(-5.875,2.5,0.));
#3634=CARTESIAN_POINT('',(-5.9375,2.391746824527,-7.27134036993741E-16));
#3635=CARTESIAN_POINT('',(5.87499999999998,2.50000000000001,-7.19479994499067E-16));
#3636=CARTESIAN_POINT('Origin',(0.,2.5,0.));
#3637=CARTESIAN_POINT('Origin',(0.,2.5,0.));
#3638=CARTESIAN_POINT('Origin',(0.,2.391746824527,0.));
#3639=CARTESIAN_POINT('',(5.75,2.283493649054,0.));
#3640=CARTESIAN_POINT('',(-5.74999999999998,2.28349364905399,-7.04171909509725E-16));
#3641=CARTESIAN_POINT('Origin',(0.,2.283493649054,0.));
#3642=CARTESIAN_POINT('',(5.8125,2.391746824527,-7.11825952004399E-16));
#3643=CARTESIAN_POINT('Origin',(0.,2.283493649054,0.));
#3644=CARTESIAN_POINT('Origin',(0.,2.391746824527,0.));
#3645=CARTESIAN_POINT('',(-6.125,2.5,0.));
#3646=CARTESIAN_POINT('',(-6.0625,2.391746824527,7.42442121983083E-16));
#3647=CARTESIAN_POINT('',(6.12500000000002,2.50000000000001,7.50096164477757E-16));
#3648=CARTESIAN_POINT('Origin',(0.,2.5,0.));
#3649=CARTESIAN_POINT('Origin',(0.,2.5,0.));
#3650=CARTESIAN_POINT('Origin',(0.,2.391746824527,0.));
#3651=CARTESIAN_POINT('',(6.25,2.283493649054,0.));
#3652=CARTESIAN_POINT('Origin',(0.,2.283493649054,0.));
#3653=CARTESIAN_POINT('',(6.1875,2.391746824527,7.57750206972425E-16));
#3654=CARTESIAN_POINT('Origin',(0.,2.391746824527,0.));
#3655=CARTESIAN_POINT('',(6.375,2.5,0.));
#3656=CARTESIAN_POINT('',(6.3125,2.391746824527,-7.73058291961767E-16));
#3657=CARTESIAN_POINT('',(-6.37500000000002,2.50000000000001,-7.80712334456441E-16));
#3658=CARTESIAN_POINT('Origin',(0.,2.5,0.));
#3659=CARTESIAN_POINT('Origin',(0.,2.5,0.));
#3660=CARTESIAN_POINT('Origin',(0.,2.391746824527,0.));
#3661=CARTESIAN_POINT('',(-6.5,2.283493649054,0.));
#3662=CARTESIAN_POINT('Origin',(0.,2.283493649054,0.));
#3663=CARTESIAN_POINT('',(-6.4375,2.391746824527,-7.88366376951109E-16));
#3664=CARTESIAN_POINT('Origin',(0.,2.391746824527,0.));
#3665=CARTESIAN_POINT('',(-6.625,2.5,0.));
#3666=CARTESIAN_POINT('',(-6.5625,2.391746824527,8.0367446194045E-16));
#3667=CARTESIAN_POINT('',(6.62500000000002,2.50000000000001,8.11328504435125E-16));
#3668=CARTESIAN_POINT('Origin',(0.,2.5,0.));
#3669=CARTESIAN_POINT('Origin',(0.,2.5,0.));
#3670=CARTESIAN_POINT('Origin',(0.,2.391746824527,0.));
#3671=CARTESIAN_POINT('',(6.75,2.283493649054,0.));
#3672=CARTESIAN_POINT('Origin',(0.,2.283493649054,0.));
#3673=CARTESIAN_POINT('',(6.6875,2.391746824527,8.18982546929793E-16));
#3674=CARTESIAN_POINT('Origin',(0.,2.391746824527,0.));
#3675=CARTESIAN_POINT('',(6.87499999999998,2.50000000000001,-8.41944674413802E-16));
#3676=CARTESIAN_POINT('',(6.8125,2.391746824527,-8.34290631919134E-16));
#3677=CARTESIAN_POINT('Origin',(0.,2.5,0.));
#3678=CARTESIAN_POINT('Origin',(0.,2.391746824527,0.));
#3679=CARTESIAN_POINT('',(7.,2.283493649054,0.));
#3680=CARTESIAN_POINT('Origin',(0.,2.283493649054,0.));
#3681=CARTESIAN_POINT('',(6.9375,2.391746824527,8.49598716908476E-16));
#3682=CARTESIAN_POINT('Origin',(0.,2.391746824527,0.));
#3683=CARTESIAN_POINT('',(7.12499999999998,2.50000000000001,-8.72560844392486E-16));
#3684=CARTESIAN_POINT('',(7.0625,2.391746824527,-8.64906801897818E-16));
#3685=CARTESIAN_POINT('Origin',(0.,2.5,0.));
#3686=CARTESIAN_POINT('Origin',(0.,2.391746824527,0.));
#3687=CARTESIAN_POINT('',(7.25,2.283493649054,0.));
#3688=CARTESIAN_POINT('Origin',(0.,2.283493649054,0.));
#3689=CARTESIAN_POINT('',(7.1875,2.391746824527,8.8021488688716E-16));
#3690=CARTESIAN_POINT('Origin',(0.,2.391746824527,0.));
#3691=CARTESIAN_POINT('',(7.37499999999998,2.50000000000001,-9.0317701437117E-16));
#3692=CARTESIAN_POINT('',(7.3125,2.391746824527,-8.95522971876502E-16));
#3693=CARTESIAN_POINT('Origin',(0.,2.5,0.));
#3694=CARTESIAN_POINT('Origin',(0.,2.391746824527,0.));
#3695=CARTESIAN_POINT('',(7.5,2.283493649054,0.));
#3696=CARTESIAN_POINT('Origin',(0.,2.283493649054,0.));
#3697=CARTESIAN_POINT('',(7.4375,2.391746824527,9.10831056865844E-16));
#3698=CARTESIAN_POINT('Origin',(0.,2.391746824527,0.));
#3699=CARTESIAN_POINT('',(7.62499999999998,2.50000000000001,-9.33793184349854E-16));
#3700=CARTESIAN_POINT('',(7.5625,2.391746824527,-9.26139141855186E-16));
#3701=CARTESIAN_POINT('Origin',(0.,2.5,0.));
#3702=CARTESIAN_POINT('Origin',(0.,2.391746824527,0.));
#3703=CARTESIAN_POINT('',(7.75,2.283493649054,0.));
#3704=CARTESIAN_POINT('Origin',(0.,2.283493649054,0.));
#3705=CARTESIAN_POINT('',(7.6875,2.391746824527,9.41447226844528E-16));
#3706=CARTESIAN_POINT('Origin',(0.,2.391746824527,0.));
#3707=CARTESIAN_POINT('',(7.87499999999998,2.50000000000001,-9.64409354328538E-16));
#3708=CARTESIAN_POINT('',(7.8125,2.391746824527,-9.5675531183387E-16));
#3709=CARTESIAN_POINT('Origin',(0.,2.5,0.));
#3710=CARTESIAN_POINT('Origin',(0.,2.391746824527,0.));
#3711=CARTESIAN_POINT('',(8.,2.283493649054,0.));
#3712=CARTESIAN_POINT('Origin',(0.,2.283493649054,0.));
#3713=CARTESIAN_POINT('',(7.9375,2.391746824527,9.72063396823212E-16));
#3714=CARTESIAN_POINT('Origin',(0.,2.391746824527,0.));
#3715=CARTESIAN_POINT('',(8.12499999999998,2.50000000000001,-9.95025524307222E-16));
#3716=CARTESIAN_POINT('',(8.0625,2.391746824527,-9.87371481812554E-16));
#3717=CARTESIAN_POINT('Origin',(0.,2.5,0.));
#3718=CARTESIAN_POINT('Origin',(0.,2.391746824527,0.));
#3719=CARTESIAN_POINT('',(8.25,2.283493649054,0.));
#3720=CARTESIAN_POINT('Origin',(0.,2.283493649054,0.));
#3721=CARTESIAN_POINT('',(8.1875,2.391746824527,1.0026795668019E-15));
#3722=CARTESIAN_POINT('Origin',(0.,2.391746824527,0.));
#3723=CARTESIAN_POINT('',(8.37499999999998,2.50000000000001,-1.02564169428591E-15));
#3724=CARTESIAN_POINT('',(8.3125,2.391746824527,-1.01798765179124E-15));
#3725=CARTESIAN_POINT('Origin',(0.,2.5,0.));
#3726=CARTESIAN_POINT('Origin',(0.,2.391746824527,0.));
#3727=CARTESIAN_POINT('',(8.5,2.283493649054,0.));
#3728=CARTESIAN_POINT('Origin',(0.,2.283493649054,0.));
#3729=CARTESIAN_POINT('',(8.4375,2.391746824527,1.03329573678058E-15));
#3730=CARTESIAN_POINT('Origin',(0.,2.391746824527,0.));
#3731=CARTESIAN_POINT('',(8.62499999999998,2.50000000000001,-1.05625786426459E-15));
#3732=CARTESIAN_POINT('',(8.5625,2.391746824527,-1.04860382176992E-15));
#3733=CARTESIAN_POINT('Origin',(0.,2.5,0.));
#3734=CARTESIAN_POINT('Origin',(0.,2.391746824527,0.));
#3735=CARTESIAN_POINT('',(8.75,2.283493649054,0.));
#3736=CARTESIAN_POINT('Origin',(0.,2.283493649054,0.));
#3737=CARTESIAN_POINT('',(8.6875,2.391746824527,1.06391190675926E-15));
#3738=CARTESIAN_POINT('Origin',(0.,2.391746824527,0.));
#3739=CARTESIAN_POINT('',(8.87499999999998,2.50000000000001,-1.08687403424327E-15));
#3740=CARTESIAN_POINT('',(8.8125,2.391746824527,-1.07921999174861E-15));
#3741=CARTESIAN_POINT('Origin',(0.,2.5,0.));
#3742=CARTESIAN_POINT('Origin',(0.,2.391746824527,0.));
#3743=CARTESIAN_POINT('',(9.,2.283493649054,0.));
#3744=CARTESIAN_POINT('Origin',(0.,2.283493649054,0.));
#3745=CARTESIAN_POINT('',(8.9375,2.391746824527,1.09452807673795E-15));
#3746=CARTESIAN_POINT('Origin',(0.,2.391746824527,0.));
#3747=CARTESIAN_POINT('',(9.12499999999998,2.50000000000001,-1.11749020422196E-15));
#3748=CARTESIAN_POINT('',(9.0625,2.391746824527,-1.10983616172729E-15));
#3749=CARTESIAN_POINT('Origin',(0.,2.5,0.));
#3750=CARTESIAN_POINT('Origin',(0.,2.391746824527,0.));
#3751=CARTESIAN_POINT('',(9.25,2.283493649054,0.));
#3752=CARTESIAN_POINT('Origin',(0.,2.283493649054,0.));
#3753=CARTESIAN_POINT('',(9.1875,2.391746824527,1.12514424671663E-15));
#3754=CARTESIAN_POINT('Origin',(0.,2.391746824527,0.));
#3755=CARTESIAN_POINT('',(9.37499999999998,2.50000000000001,-1.14810637420064E-15));
#3756=CARTESIAN_POINT('',(9.3125,2.391746824527,-1.14045233170597E-15));
#3757=CARTESIAN_POINT('Origin',(0.,2.5,0.));
#3758=CARTESIAN_POINT('Origin',(0.,2.391746824527,0.));
#3759=CARTESIAN_POINT('',(9.5,2.283493649054,0.));
#3760=CARTESIAN_POINT('Origin',(0.,2.283493649054,0.));
#3761=CARTESIAN_POINT('',(9.4375,2.391746824527,1.15576041669531E-15));
#3762=CARTESIAN_POINT('Origin',(0.,2.391746824527,0.));
#3763=CARTESIAN_POINT('',(9.62499999999998,2.50000000000001,-1.17872254417932E-15));
#3764=CARTESIAN_POINT('',(9.5625,2.391746824527,-1.17106850168466E-15));
#3765=CARTESIAN_POINT('Origin',(0.,2.5,0.));
#3766=CARTESIAN_POINT('Origin',(0.,2.391746824527,0.));
#3767=CARTESIAN_POINT('',(9.75,2.283493649054,0.));
#3768=CARTESIAN_POINT('Origin',(0.,2.283493649054,0.));
#3769=CARTESIAN_POINT('',(9.6875,2.391746824527,1.186376586674E-15));
#3770=CARTESIAN_POINT('Origin',(0.,2.391746824527,0.));
#3771=CARTESIAN_POINT('',(9.87499999999998,2.50000000000001,-1.20933871415801E-15));
#3772=CARTESIAN_POINT('',(9.8125,2.391746824527,-1.20168467166334E-15));
#3773=CARTESIAN_POINT('Origin',(0.,2.5,0.));
#3774=CARTESIAN_POINT('Origin',(0.,2.391746824527,0.));
#3775=CARTESIAN_POINT('',(10.,2.283493649054,0.));
#3776=CARTESIAN_POINT('Origin',(0.,2.283493649054,0.));
#3777=CARTESIAN_POINT('',(9.9375,2.391746824527,1.21699275665268E-15));
#3778=CARTESIAN_POINT('Origin',(0.,2.391746824527,0.));
#3779=CARTESIAN_POINT('',(10.125,2.50000000000001,-1.23995488413669E-15));
#3780=CARTESIAN_POINT('',(10.0625,2.391746824527,-1.23230084164202E-15));
#3781=CARTESIAN_POINT('Origin',(0.,2.5,0.));
#3782=CARTESIAN_POINT('Origin',(0.,2.391746824527,0.));
#3783=CARTESIAN_POINT('',(10.25,2.283493649054,0.));
#3784=CARTESIAN_POINT('Origin',(0.,2.283493649054,0.));
#3785=CARTESIAN_POINT('',(10.1875,2.391746824527,1.24760892663137E-15));
#3786=CARTESIAN_POINT('Origin',(0.,2.391746824527,0.));
#3787=CARTESIAN_POINT('',(10.375,2.50000000000001,-1.27057105411538E-15));
#3788=CARTESIAN_POINT('',(10.3125,2.391746824527,-1.26291701162071E-15));
#3789=CARTESIAN_POINT('Origin',(0.,2.5,0.));
#3790=CARTESIAN_POINT('Origin',(0.,2.391746824527,0.));
#3791=CARTESIAN_POINT('',(10.5,2.283493649054,0.));
#3792=CARTESIAN_POINT('Origin',(0.,2.283493649054,0.));
#3793=CARTESIAN_POINT('',(10.4375,2.391746824527,1.27822509661005E-15));
#3794=CARTESIAN_POINT('Origin',(0.,2.391746824527,0.));
#3795=CARTESIAN_POINT('',(10.625,2.50000000000001,-1.30118722409406E-15));
#3796=CARTESIAN_POINT('',(10.5625,2.391746824527,-1.29353318159939E-15));
#3797=CARTESIAN_POINT('Origin',(0.,2.5,0.));
#3798=CARTESIAN_POINT('Origin',(0.,2.391746824527,0.));
#3799=CARTESIAN_POINT('',(10.75,2.283493649054,0.));
#3800=CARTESIAN_POINT('Origin',(0.,2.283493649054,0.));
#3801=CARTESIAN_POINT('',(10.6875,2.391746824527,1.30884126658873E-15));
#3802=CARTESIAN_POINT('Origin',(0.,2.391746824527,0.));
#3803=CARTESIAN_POINT('',(10.875,2.50000000000001,-1.33180339407274E-15));
#3804=CARTESIAN_POINT('',(10.8125,2.391746824527,-1.32414935157808E-15));
#3805=CARTESIAN_POINT('Origin',(0.,2.5,0.));
#3806=CARTESIAN_POINT('Origin',(0.,2.391746824527,0.));
#3807=CARTESIAN_POINT('',(11.,2.283493649054,0.));
#3808=CARTESIAN_POINT('Origin',(0.,2.283493649054,0.));
#3809=CARTESIAN_POINT('',(10.9375,2.391746824527,1.33945743656742E-15));
#3810=CARTESIAN_POINT('Origin',(0.,2.391746824527,0.));
#3811=CARTESIAN_POINT('',(11.125,2.50000000000001,-1.36241956405143E-15));
#3812=CARTESIAN_POINT('',(11.0625,2.391746824527,-1.35476552155676E-15));
#3813=CARTESIAN_POINT('Origin',(0.,2.5,0.));
#3814=CARTESIAN_POINT('Origin',(0.,2.391746824527,0.));
#3815=CARTESIAN_POINT('',(11.25,2.283493649054,0.));
#3816=CARTESIAN_POINT('Origin',(0.,2.283493649054,0.));
#3817=CARTESIAN_POINT('',(11.1875,2.391746824527,1.3700736065461E-15));
#3818=CARTESIAN_POINT('Origin',(0.,2.391746824527,0.));
#3819=CARTESIAN_POINT('',(11.375,2.50000000000001,-1.39303573403011E-15));
#3820=CARTESIAN_POINT('',(11.3125,2.391746824527,-1.38538169153544E-15));
#3821=CARTESIAN_POINT('Origin',(0.,2.5,0.));
#3822=CARTESIAN_POINT('Origin',(0.,2.391746824527,0.));
#3823=CARTESIAN_POINT('',(11.5,2.283493649054,0.));
#3824=CARTESIAN_POINT('Origin',(0.,2.283493649054,0.));
#3825=CARTESIAN_POINT('',(11.4375,2.391746824527,1.40068977652479E-15));
#3826=CARTESIAN_POINT('Origin',(0.,2.391746824527,0.));
#3827=CARTESIAN_POINT('',(11.625,2.50000000000001,-1.4236519040088E-15));
#3828=CARTESIAN_POINT('',(11.5625,2.391746824527,-1.41599786151413E-15));
#3829=CARTESIAN_POINT('Origin',(0.,2.5,0.));
#3830=CARTESIAN_POINT('Origin',(0.,2.391746824527,0.));
#3831=CARTESIAN_POINT('',(11.75,2.283493649054,0.));
#3832=CARTESIAN_POINT('Origin',(0.,2.283493649054,0.));
#3833=CARTESIAN_POINT('',(11.6875,2.391746824527,1.43130594650347E-15));
#3834=CARTESIAN_POINT('Origin',(0.,2.391746824527,0.));
#3835=CARTESIAN_POINT('',(11.875,2.50000000000001,-1.45426807398748E-15));
#3836=CARTESIAN_POINT('',(11.8125,2.391746824527,-1.44661403149281E-15));
#3837=CARTESIAN_POINT('Origin',(0.,2.5,0.));
#3838=CARTESIAN_POINT('Origin',(0.,2.391746824527,0.));
#3839=CARTESIAN_POINT('',(12.,2.283493649054,0.));
#3840=CARTESIAN_POINT('Origin',(0.,2.283493649054,0.));
#3841=CARTESIAN_POINT('',(11.9375,2.391746824527,1.46192211648215E-15));
#3842=CARTESIAN_POINT('Origin',(0.,2.391746824527,0.));
#3843=CARTESIAN_POINT('',(12.125,2.50000000000001,-1.48488424396616E-15));
#3844=CARTESIAN_POINT('',(12.0625,2.391746824527,-1.47723020147149E-15));
#3845=CARTESIAN_POINT('Origin',(0.,2.5,0.));
#3846=CARTESIAN_POINT('Origin',(0.,2.391746824527,0.));
#3847=CARTESIAN_POINT('',(12.25,2.283493649054,0.));
#3848=CARTESIAN_POINT('Origin',(0.,2.283493649054,0.));
#3849=CARTESIAN_POINT('',(12.1875,2.391746824527,1.49253828646084E-15));
#3850=CARTESIAN_POINT('Origin',(0.,2.391746824527,0.));
#3851=CARTESIAN_POINT('',(12.375,2.50000000000001,-1.51550041394485E-15));
#3852=CARTESIAN_POINT('',(12.3125,2.391746824527,-1.50784637145018E-15));
#3853=CARTESIAN_POINT('Origin',(0.,2.5,0.));
#3854=CARTESIAN_POINT('Origin',(0.,2.391746824527,0.));
#3855=CARTESIAN_POINT('',(12.5,2.283493649054,0.));
#3856=CARTESIAN_POINT('Origin',(0.,2.283493649054,0.));
#3857=CARTESIAN_POINT('',(12.4375,2.391746824527,1.52315445643952E-15));
#3858=CARTESIAN_POINT('Origin',(0.,2.391746824527,0.));
#3859=CARTESIAN_POINT('',(12.625,2.50000000000001,-1.54611658392353E-15));
#3860=CARTESIAN_POINT('',(12.5625,2.391746824527,-1.53846254142886E-15));
#3861=CARTESIAN_POINT('Origin',(0.,2.5,0.));
#3862=CARTESIAN_POINT('Origin',(0.,2.391746824527,0.));
#3863=CARTESIAN_POINT('',(12.75,2.283493649054,0.));
#3864=CARTESIAN_POINT('Origin',(0.,2.283493649054,0.));
#3865=CARTESIAN_POINT('',(12.6875,2.391746824527,1.5537706264182E-15));
#3866=CARTESIAN_POINT('Origin',(0.,2.391746824527,0.));
#3867=CARTESIAN_POINT('',(12.875,2.50000000000001,-1.57673275390221E-15));
#3868=CARTESIAN_POINT('',(12.8125,2.391746824527,-1.56907871140755E-15));
#3869=CARTESIAN_POINT('Origin',(0.,2.5,0.));
#3870=CARTESIAN_POINT('Origin',(0.,2.391746824527,0.));
#3871=CARTESIAN_POINT('',(13.,2.283493649054,0.));
#3872=CARTESIAN_POINT('Origin',(0.,2.283493649054,0.));
#3873=CARTESIAN_POINT('',(12.9375,2.391746824527,1.58438679639689E-15));
#3874=CARTESIAN_POINT('Origin',(0.,2.391746824527,0.));
#3875=CARTESIAN_POINT('',(13.125,2.50000000000001,-1.6073489238809E-15));
#3876=CARTESIAN_POINT('',(13.0625,2.391746824527,-1.59969488138623E-15));
#3877=CARTESIAN_POINT('Origin',(0.,2.5,0.));
#3878=CARTESIAN_POINT('Origin',(0.,2.391746824527,0.));
#3879=CARTESIAN_POINT('',(13.25,2.283493649054,0.));
#3880=CARTESIAN_POINT('Origin',(0.,2.283493649054,0.));
#3881=CARTESIAN_POINT('',(13.1875,2.391746824527,1.61500296637557E-15));
#3882=CARTESIAN_POINT('Origin',(0.,2.391746824527,0.));
#3883=CARTESIAN_POINT('',(13.375,2.50000000000001,-1.63796509385958E-15));
#3884=CARTESIAN_POINT('',(13.3125,2.391746824527,-1.63031105136491E-15));
#3885=CARTESIAN_POINT('Origin',(0.,2.5,0.));
#3886=CARTESIAN_POINT('Origin',(0.,2.391746824527,0.));
#3887=CARTESIAN_POINT('',(13.5,2.283493649054,0.));
#3888=CARTESIAN_POINT('Origin',(0.,2.283493649054,0.));
#3889=CARTESIAN_POINT('',(13.4375,2.391746824527,1.64561913635426E-15));
#3890=CARTESIAN_POINT('Origin',(0.,2.391746824527,0.));
#3891=CARTESIAN_POINT('',(13.625,2.50000000000001,-1.66858126383827E-15));
#3892=CARTESIAN_POINT('',(13.5625,2.391746824527,-1.6609272213436E-15));
#3893=CARTESIAN_POINT('Origin',(0.,2.5,0.));
#3894=CARTESIAN_POINT('Origin',(0.,2.391746824527,0.));
#3895=CARTESIAN_POINT('',(13.75,2.283493649054,0.));
#3896=CARTESIAN_POINT('Origin',(0.,2.283493649054,0.));
#3897=CARTESIAN_POINT('',(13.6875,2.391746824527,1.67623530633294E-15));
#3898=CARTESIAN_POINT('Origin',(0.,2.391746824527,0.));
#3899=CARTESIAN_POINT('',(13.875,2.50000000000002,-1.69919743381695E-15));
#3900=CARTESIAN_POINT('',(13.8125,2.391746824527,-1.69154339132228E-15));
#3901=CARTESIAN_POINT('Origin',(0.,2.5,0.));
#3902=CARTESIAN_POINT('Origin',(0.,2.391746824527,0.));
#3903=CARTESIAN_POINT('',(14.,2.283493649054,0.));
#3904=CARTESIAN_POINT('Origin',(0.,2.283493649054,0.));
#3905=CARTESIAN_POINT('',(13.9375,2.391746824527,1.70685147631162E-15));
#3906=CARTESIAN_POINT('Origin',(0.,2.391746824527,0.));
#3907=CARTESIAN_POINT('',(14.125,2.50000000000002,-1.72981360379563E-15));
#3908=CARTESIAN_POINT('',(14.0625,2.391746824527,-1.72215956130097E-15));
#3909=CARTESIAN_POINT('Origin',(0.,2.5,0.));
#3910=CARTESIAN_POINT('Origin',(0.,2.391746824527,0.));
#3911=CARTESIAN_POINT('',(14.25,2.283493649054,0.));
#3912=CARTESIAN_POINT('Origin',(0.,2.283493649054,0.));
#3913=CARTESIAN_POINT('',(14.1875,2.391746824527,1.73746764629031E-15));
#3914=CARTESIAN_POINT('Origin',(0.,2.391746824527,0.));
#3915=CARTESIAN_POINT('',(14.375,2.50000000000001,-1.76042977377432E-15));
#3916=CARTESIAN_POINT('',(14.3125,2.391746824527,-1.75277573127965E-15));
#3917=CARTESIAN_POINT('Origin',(0.,2.5,0.));
#3918=CARTESIAN_POINT('Origin',(0.,2.391746824527,0.));
#3919=CARTESIAN_POINT('',(14.5,2.283493649054,0.));
#3920=CARTESIAN_POINT('Origin',(0.,2.283493649054,0.));
#3921=CARTESIAN_POINT('',(14.4375,2.391746824527,1.76808381626899E-15));
#3922=CARTESIAN_POINT('Origin',(0.,2.391746824527,0.));
#3923=CARTESIAN_POINT('',(14.625,2.50000000000001,-1.791045943753E-15));
#3924=CARTESIAN_POINT('',(14.5625,2.391746824527,-1.78339190125833E-15));
#3925=CARTESIAN_POINT('Origin',(0.,2.5,0.));
#3926=CARTESIAN_POINT('Origin',(0.,2.391746824527,0.));
#3927=CARTESIAN_POINT('',(14.75,2.283493649054,0.));
#3928=CARTESIAN_POINT('Origin',(0.,2.283493649054,0.));
#3929=CARTESIAN_POINT('',(14.6875,2.391746824527,1.79869998624767E-15));
#3930=CARTESIAN_POINT('Origin',(0.,2.391746824527,0.));
#3931=CARTESIAN_POINT('',(14.875,2.50000000000001,-1.82166211373169E-15));
#3932=CARTESIAN_POINT('',(14.8125,2.391746824527,-1.81400807123702E-15));
#3933=CARTESIAN_POINT('Origin',(0.,2.5,0.));
#3934=CARTESIAN_POINT('Origin',(0.,2.391746824527,0.));
#3935=CARTESIAN_POINT('',(15.,2.283493649054,0.));
#3936=CARTESIAN_POINT('Origin',(0.,2.283493649054,0.));
#3937=CARTESIAN_POINT('',(14.9375,2.391746824527,1.82931615622636E-15));
#3938=CARTESIAN_POINT('Origin',(0.,2.391746824527,0.));
#3939=CARTESIAN_POINT('',(15.125,2.50000000000001,-1.85227828371037E-15));
#3940=CARTESIAN_POINT('',(15.0625,2.391746824527,-1.8446242412157E-15));
#3941=CARTESIAN_POINT('Origin',(0.,2.5,0.));
#3942=CARTESIAN_POINT('Origin',(0.,2.391746824527,0.));
#3943=CARTESIAN_POINT('',(15.25,2.283493649054,0.));
#3944=CARTESIAN_POINT('Origin',(0.,2.283493649054,0.));
#3945=CARTESIAN_POINT('',(15.1875,2.391746824527,1.85993232620504E-15));
#3946=CARTESIAN_POINT('Origin',(0.,2.391746824527,0.));
#3947=CARTESIAN_POINT('',(15.375,2.50000000000001,-1.88289445368905E-15));
#3948=CARTESIAN_POINT('',(15.3125,2.391746824527,-1.87524041119438E-15));
#3949=CARTESIAN_POINT('Origin',(0.,2.5,0.));
#3950=CARTESIAN_POINT('Origin',(0.,2.391746824527,0.));
#3951=CARTESIAN_POINT('',(15.5,2.283493649054,0.));
#3952=CARTESIAN_POINT('Origin',(0.,2.283493649054,0.));
#3953=CARTESIAN_POINT('',(15.4375,2.391746824527,1.89054849618373E-15));
#3954=CARTESIAN_POINT('Origin',(0.,2.391746824527,0.));
#3955=CARTESIAN_POINT('',(15.625,2.50000000000001,-1.91351062366774E-15));
#3956=CARTESIAN_POINT('',(15.5625,2.391746824527,-1.90585658117307E-15));
#3957=CARTESIAN_POINT('Origin',(0.,2.5,0.));
#3958=CARTESIAN_POINT('Origin',(0.,2.391746824527,0.));
#3959=CARTESIAN_POINT('',(15.75,2.283493649054,0.));
#3960=CARTESIAN_POINT('Origin',(0.,2.283493649054,0.));
#3961=CARTESIAN_POINT('',(15.6875,2.391746824527,1.92116466616241E-15));
#3962=CARTESIAN_POINT('Origin',(0.,2.391746824527,0.));
#3963=CARTESIAN_POINT('',(15.875,2.50000000000002,-1.94412679364642E-15));
#3964=CARTESIAN_POINT('',(15.8125,2.391746824527,-1.93647275115175E-15));
#3965=CARTESIAN_POINT('Origin',(0.,2.5,0.));
#3966=CARTESIAN_POINT('Origin',(0.,2.391746824527,0.));
#3967=CARTESIAN_POINT('',(16.,2.283493649054,0.));
#3968=CARTESIAN_POINT('Origin',(0.,2.283493649054,0.));
#3969=CARTESIAN_POINT('',(15.9375,2.391746824527,1.95178083614109E-15));
#3970=CARTESIAN_POINT('Origin',(0.,2.391746824527,0.));
#3971=CARTESIAN_POINT('',(16.125,2.50000000000001,-1.9747429636251E-15));
#3972=CARTESIAN_POINT('',(16.0625,2.391746824527,-1.96708892113044E-15));
#3973=CARTESIAN_POINT('Origin',(0.,2.5,0.));
#3974=CARTESIAN_POINT('Origin',(0.,2.391746824527,0.));
#3975=CARTESIAN_POINT('',(16.25,2.283493649054,0.));
#3976=CARTESIAN_POINT('Origin',(0.,2.283493649054,0.));
#3977=CARTESIAN_POINT('',(16.1875,2.391746824527,1.98239700611978E-15));
#3978=CARTESIAN_POINT('Origin',(0.,2.391746824527,0.));
#3979=CARTESIAN_POINT('',(16.375,2.50000000000002,-2.00535913360379E-15));
#3980=CARTESIAN_POINT('',(16.3125,2.391746824527,-1.99770509110912E-15));
#3981=CARTESIAN_POINT('Origin',(0.,2.5,0.));
#3982=CARTESIAN_POINT('Origin',(0.,2.391746824527,0.));
#3983=CARTESIAN_POINT('',(16.5,2.283493649054,0.));
#3984=CARTESIAN_POINT('Origin',(0.,2.283493649054,0.));
#3985=CARTESIAN_POINT('',(16.4375,2.391746824527,2.01301317609846E-15));
#3986=CARTESIAN_POINT('Origin',(0.,2.391746824527,0.));
#3987=CARTESIAN_POINT('',(16.625,2.50000000000001,-2.03597530358247E-15));
#3988=CARTESIAN_POINT('',(16.5625,2.391746824527,-2.0283212610878E-15));
#3989=CARTESIAN_POINT('Origin',(0.,2.5,0.));
#3990=CARTESIAN_POINT('Origin',(0.,2.391746824527,0.));
#3991=CARTESIAN_POINT('',(16.75,2.283493649054,0.));
#3992=CARTESIAN_POINT('Origin',(0.,2.283493649054,0.));
#3993=CARTESIAN_POINT('',(16.6875,2.391746824527,2.04362934607715E-15));
#3994=CARTESIAN_POINT('Origin',(0.,2.391746824527,0.));
#3995=CARTESIAN_POINT('',(16.875,2.50000000000001,-2.06659147356116E-15));
#3996=CARTESIAN_POINT('',(16.8125,2.391746824527,-2.05893743106649E-15));
#3997=CARTESIAN_POINT('Origin',(0.,2.5,0.));
#3998=CARTESIAN_POINT('Origin',(0.,2.391746824527,0.));
#3999=CARTESIAN_POINT('',(17.,2.283493649054,0.));
#4000=CARTESIAN_POINT('Origin',(0.,2.283493649054,0.));
#4001=CARTESIAN_POINT('',(16.9375,2.391746824527,2.07424551605583E-15));
#4002=CARTESIAN_POINT('Origin',(0.,2.391746824527,0.));
#4003=CARTESIAN_POINT('',(17.125,2.50000000000001,-2.09720764353984E-15));
#4004=CARTESIAN_POINT('',(17.0625,2.391746824527,-2.08955360104517E-15));
#4005=CARTESIAN_POINT('Origin',(0.,2.5,0.));
#4006=CARTESIAN_POINT('Origin',(0.,2.391746824527,0.));
#4007=CARTESIAN_POINT('',(17.25,2.283493649054,0.));
#4008=CARTESIAN_POINT('Origin',(0.,2.283493649054,0.));
#4009=CARTESIAN_POINT('',(17.1875,2.391746824527,2.10486168603451E-15));
#4010=CARTESIAN_POINT('Origin',(0.,2.391746824527,0.));
#4011=CARTESIAN_POINT('',(17.375,2.50000000000001,-2.12782381351852E-15));
#4012=CARTESIAN_POINT('',(17.3125,2.391746824527,-2.12016977102386E-15));
#4013=CARTESIAN_POINT('Origin',(0.,2.5,0.));
#4014=CARTESIAN_POINT('Origin',(0.,2.391746824527,0.));
#4015=CARTESIAN_POINT('',(17.5,2.283493649054,0.));
#4016=CARTESIAN_POINT('Origin',(0.,2.283493649054,0.));
#4017=CARTESIAN_POINT('',(17.4375,2.391746824527,2.1354778560132E-15));
#4018=CARTESIAN_POINT('Origin',(0.,2.391746824527,0.));
#4019=CARTESIAN_POINT('',(17.625,2.50000000000002,-2.15843998349721E-15));
#4020=CARTESIAN_POINT('',(17.5625,2.391746824527,-2.15078594100254E-15));
#4021=CARTESIAN_POINT('Origin',(0.,2.5,0.));
#4022=CARTESIAN_POINT('Origin',(0.,2.391746824527,0.));
#4023=CARTESIAN_POINT('',(17.75,2.283493649054,0.));
#4024=CARTESIAN_POINT('Origin',(0.,2.283493649054,0.));
#4025=CARTESIAN_POINT('',(17.6875,2.391746824527,2.16609402599188E-15));
#4026=CARTESIAN_POINT('Origin',(0.,2.391746824527,0.));
#4027=CARTESIAN_POINT('',(17.875,2.50000000000002,-2.18905615347589E-15));
#4028=CARTESIAN_POINT('',(17.8125,2.391746824527,-2.18140211098122E-15));
#4029=CARTESIAN_POINT('Origin',(0.,2.5,0.));
#4030=CARTESIAN_POINT('Origin',(0.,2.391746824527,0.));
#4031=CARTESIAN_POINT('',(18.,2.283493649054,0.));
#4032=CARTESIAN_POINT('Origin',(0.,2.283493649054,0.));
#4033=CARTESIAN_POINT('',(17.9375,2.391746824527,2.19671019597056E-15));
#4034=CARTESIAN_POINT('Origin',(0.,2.391746824527,0.));
#4035=CARTESIAN_POINT('',(18.125,2.50000000000001,-2.21967232345457E-15));
#4036=CARTESIAN_POINT('',(18.0625,2.391746824527,-2.21201828095991E-15));
#4037=CARTESIAN_POINT('Origin',(0.,2.5,0.));
#4038=CARTESIAN_POINT('Origin',(0.,2.391746824527,0.));
#4039=CARTESIAN_POINT('',(18.25,2.283493649054,0.));
#4040=CARTESIAN_POINT('Origin',(0.,2.283493649054,0.));
#4041=CARTESIAN_POINT('',(18.1875,2.391746824527,2.22732636594925E-15));
#4042=CARTESIAN_POINT('Origin',(0.,2.391746824527,0.));
#4043=CARTESIAN_POINT('',(18.375,2.50000000000002,-2.25028849343326E-15));
#4044=CARTESIAN_POINT('',(18.3125,2.391746824527,-2.24263445093859E-15));
#4045=CARTESIAN_POINT('Origin',(0.,2.5,0.));
#4046=CARTESIAN_POINT('Origin',(0.,2.391746824527,0.));
#4047=CARTESIAN_POINT('',(18.5,2.283493649054,0.));
#4048=CARTESIAN_POINT('Origin',(0.,2.283493649054,0.));
#4049=CARTESIAN_POINT('',(18.4375,2.391746824527,2.25794253592793E-15));
#4050=CARTESIAN_POINT('Origin',(0.,2.391746824527,0.));
#4051=CARTESIAN_POINT('',(18.625,2.50000000000001,-2.28090466341194E-15));
#4052=CARTESIAN_POINT('',(18.5625,2.391746824527,-2.27325062091727E-15));
#4053=CARTESIAN_POINT('Origin',(0.,2.5,0.));
#4054=CARTESIAN_POINT('Origin',(0.,2.391746824527,0.));
#4055=CARTESIAN_POINT('',(18.75,2.283493649054,0.));
#4056=CARTESIAN_POINT('Origin',(0.,2.283493649054,0.));
#4057=CARTESIAN_POINT('',(18.6875,2.391746824527,2.28855870590662E-15));
#4058=CARTESIAN_POINT('Origin',(0.,2.391746824527,0.));
#4059=CARTESIAN_POINT('',(18.875,2.50000000000002,-2.31152083339063E-15));
#4060=CARTESIAN_POINT('',(18.8125,2.391746824527,-2.30386679089596E-15));
#4061=CARTESIAN_POINT('Origin',(0.,2.5,0.));
#4062=CARTESIAN_POINT('Origin',(0.,2.391746824527,0.));
#4063=CARTESIAN_POINT('',(19.,2.283493649054,0.));
#4064=CARTESIAN_POINT('Origin',(0.,2.283493649054,0.));
#4065=CARTESIAN_POINT('',(18.9375,2.391746824527,2.3191748758853E-15));
#4066=CARTESIAN_POINT('Origin',(0.,2.391746824527,0.));
#4067=CARTESIAN_POINT('',(19.125,2.5,0.));
#4068=CARTESIAN_POINT('',(19.0625,2.391746824527,-2.33448296087464E-15));
#4069=CARTESIAN_POINT('Origin',(0.,2.5,0.));
#4070=CARTESIAN_POINT('Origin',(0.,2.5,0.));
#4071=CARTESIAN_POINT('',(-0.125,2.5,0.));
#4072=CARTESIAN_POINT('Origin',(0.,2.5,0.));
#4073=CARTESIAN_POINT('Origin',(0.,2.5,0.));
#4074=CARTESIAN_POINT('',(-2.36356832235427E-15,2.499999999999,19.299999999999));
#4075=CARTESIAN_POINT('Origin',(0.,2.5,0.));
#4076=CARTESIAN_POINT('Origin',(0.,2.391746824527,0.));
#4077=CARTESIAN_POINT('',(-0.25,2.283493649054,0.));
#4078=CARTESIAN_POINT('Origin',(0.,2.283493649054,0.));
#4079=CARTESIAN_POINT('',(-0.1875,2.391746824527,-2.29621274840129E-17));
#4080=CARTESIAN_POINT('Origin',(0.,2.391746824527,0.));
#4081=CARTESIAN_POINT('',(-0.375,2.5,0.));
#4082=CARTESIAN_POINT('',(-0.3125,2.391746824527,3.82702124733548E-17));
#4083=CARTESIAN_POINT('',(0.375000000000024,2.50000000000001,4.59242549680287E-17));
#4084=CARTESIAN_POINT('Origin',(0.,2.5,0.));
#4085=CARTESIAN_POINT('Origin',(0.,2.5,0.));
#4086=CARTESIAN_POINT('Origin',(0.,2.391746824527,0.));
#4087=CARTESIAN_POINT('',(0.5,2.283493649054,0.));
#4088=CARTESIAN_POINT('Origin',(0.,2.283493649054,0.));
#4089=CARTESIAN_POINT('',(0.4375,2.391746824527,5.35782974626967E-17));
#4090=CARTESIAN_POINT('Origin',(0.,2.391746824527,0.));
#4091=CARTESIAN_POINT('',(0.625,2.5,0.));
#4092=CARTESIAN_POINT('',(0.5625,2.391746824527,-6.88863824520386E-17));
#4093=CARTESIAN_POINT('',(-0.625000000000024,2.50000000000001,-7.65404249467125E-17));
#4094=CARTESIAN_POINT('Origin',(0.,2.5,0.));
#4095=CARTESIAN_POINT('Origin',(0.,2.5,0.));
#4096=CARTESIAN_POINT('Origin',(0.,2.391746824527,0.));
#4097=CARTESIAN_POINT('',(-0.75,2.283493649054,0.));
#4098=CARTESIAN_POINT('Origin',(0.,2.283493649054,0.));
#4099=CARTESIAN_POINT('',(-0.6875,2.391746824527,-8.41944674413805E-17));
#4100=CARTESIAN_POINT('Origin',(0.,2.391746824527,0.));
#4101=CARTESIAN_POINT('',(-0.875,2.5,0.));
#4102=CARTESIAN_POINT('',(-0.8125,2.391746824527,9.95025524307225E-17));
#4103=CARTESIAN_POINT('',(0.875000000000024,2.50000000000001,1.07156594925396E-16));
#4104=CARTESIAN_POINT('Origin',(0.,2.5,0.));
#4105=CARTESIAN_POINT('Origin',(0.,2.5,0.));
#4106=CARTESIAN_POINT('Origin',(0.,2.391746824527,0.));
#4107=CARTESIAN_POINT('',(1.,2.283493649054,0.));
#4108=CARTESIAN_POINT('Origin',(0.,2.283493649054,0.));
#4109=CARTESIAN_POINT('',(0.9375,2.391746824527,1.14810637420064E-16));
#4110=CARTESIAN_POINT('Origin',(0.,2.391746824527,0.));
#4111=CARTESIAN_POINT('',(1.125,2.5,0.));
#4112=CARTESIAN_POINT('',(1.0625,2.391746824527,-1.30118722409406E-16));
#4113=CARTESIAN_POINT('',(-1.12500000000002,2.50000000000001,-1.3777276490408E-16));
#4114=CARTESIAN_POINT('Origin',(0.,2.5,0.));
#4115=CARTESIAN_POINT('Origin',(0.,2.5,0.));
#4116=CARTESIAN_POINT('Origin',(0.,2.391746824527,0.));
#4117=CARTESIAN_POINT('',(-1.25,2.283493649054,0.));
#4118=CARTESIAN_POINT('Origin',(0.,2.283493649054,0.));
#4119=CARTESIAN_POINT('',(-1.1875,2.391746824527,-1.45426807398748E-16));
#4120=CARTESIAN_POINT('Origin',(0.,2.391746824527,0.));
#4121=CARTESIAN_POINT('',(-1.375,2.5,0.));
#4122=CARTESIAN_POINT('',(-1.3125,2.391746824527,1.6073489238809E-16));
#4123=CARTESIAN_POINT('',(1.37500000000002,2.50000000000001,1.68388934882764E-16));
#4124=CARTESIAN_POINT('Origin',(0.,2.5,0.));
#4125=CARTESIAN_POINT('Origin',(0.,2.5,0.));
#4126=CARTESIAN_POINT('Origin',(0.,2.391746824527,0.));
#4127=CARTESIAN_POINT('',(1.5,2.283493649054,0.));
#4128=CARTESIAN_POINT('Origin',(0.,2.283493649054,0.));
#4129=CARTESIAN_POINT('',(1.4375,2.391746824527,1.76042977377432E-16));
#4130=CARTESIAN_POINT('Origin',(0.,2.391746824527,0.));
#4131=CARTESIAN_POINT('',(1.625,2.5,0.));
#4132=CARTESIAN_POINT('',(1.5625,2.391746824527,-1.91351062366774E-16));
#4133=CARTESIAN_POINT('',(-1.62500000000002,2.50000000000001,-1.99005104861448E-16));
#4134=CARTESIAN_POINT('Origin',(0.,2.5,0.));
#4135=CARTESIAN_POINT('Origin',(0.,2.5,0.));
#4136=CARTESIAN_POINT('Origin',(0.,2.391746824527,0.));
#4137=CARTESIAN_POINT('',(-1.75,2.283493649054,0.));
#4138=CARTESIAN_POINT('Origin',(0.,2.283493649054,0.));
#4139=CARTESIAN_POINT('',(-1.6875,2.391746824527,-2.06659147356116E-16));
#4140=CARTESIAN_POINT('Origin',(0.,2.391746824527,0.));
#4141=CARTESIAN_POINT('',(-1.875,2.5,0.));
#4142=CARTESIAN_POINT('',(-1.8125,2.391746824527,2.21967232345458E-16));
#4143=CARTESIAN_POINT('',(1.87500000000002,2.50000000000001,2.29621274840132E-16));
#4144=CARTESIAN_POINT('Origin',(0.,2.5,0.));
#4145=CARTESIAN_POINT('Origin',(0.,2.5,0.));
#4146=CARTESIAN_POINT('Origin',(0.,2.391746824527,0.));
#4147=CARTESIAN_POINT('',(2.,2.283493649054,0.));
#4148=CARTESIAN_POINT('Origin',(0.,2.283493649054,0.));
#4149=CARTESIAN_POINT('',(1.9375,2.391746824527,2.372753173348E-16));
#4150=CARTESIAN_POINT('Origin',(0.,2.391746824527,0.));
#4151=CARTESIAN_POINT('',(2.125,2.5,0.));
#4152=CARTESIAN_POINT('',(2.0625,2.391746824527,-2.52583402324142E-16));
#4153=CARTESIAN_POINT('',(-2.12500000000002,2.50000000000001,-2.60237444818815E-16));
#4154=CARTESIAN_POINT('Origin',(0.,2.5,0.));
#4155=CARTESIAN_POINT('Origin',(0.,2.5,0.));
#4156=CARTESIAN_POINT('Origin',(0.,2.391746824527,0.));
#4157=CARTESIAN_POINT('',(-2.25,2.283493649054,0.));
#4158=CARTESIAN_POINT('Origin',(0.,2.283493649054,0.));
#4159=CARTESIAN_POINT('',(-2.1875,2.391746824527,-2.67891487313484E-16));
#4160=CARTESIAN_POINT('Origin',(0.,2.391746824527,0.));
#4161=CARTESIAN_POINT('',(-2.375,2.5,0.));
#4162=CARTESIAN_POINT('',(-2.3125,2.391746824527,2.83199572302825E-16));
#4163=CARTESIAN_POINT('',(2.37500000000002,2.50000000000001,2.90853614797499E-16));
#4164=CARTESIAN_POINT('Origin',(0.,2.5,0.));
#4165=CARTESIAN_POINT('Origin',(0.,2.5,0.));
#4166=CARTESIAN_POINT('Origin',(0.,2.391746824527,0.));
#4167=CARTESIAN_POINT('',(2.5,2.283493649054,0.));
#4168=CARTESIAN_POINT('Origin',(0.,2.283493649054,0.));
#4169=CARTESIAN_POINT('',(2.4375,2.391746824527,2.98507657292167E-16));
#4170=CARTESIAN_POINT('Origin',(0.,2.391746824527,0.));
#4171=CARTESIAN_POINT('',(2.625,2.5,0.));
#4172=CARTESIAN_POINT('',(2.5625,2.391746824527,-3.13815742281509E-16));
#4173=CARTESIAN_POINT('',(-2.62500000000002,2.50000000000001,-3.21469784776183E-16));
#4174=CARTESIAN_POINT('Origin',(0.,2.5,0.));
#4175=CARTESIAN_POINT('Origin',(0.,2.5,0.));
#4176=CARTESIAN_POINT('Origin',(0.,2.391746824527,0.));
#4177=CARTESIAN_POINT('',(-2.75,2.283493649054,0.));
#4178=CARTESIAN_POINT('Origin',(0.,2.283493649054,0.));
#4179=CARTESIAN_POINT('',(-2.6875,2.391746824527,-3.29123827270851E-16));
#4180=CARTESIAN_POINT('Origin',(0.,2.391746824527,0.));
#4181=CARTESIAN_POINT('',(-2.875,2.5,0.));
#4182=CARTESIAN_POINT('',(-2.8125,2.391746824527,3.44431912260193E-16));
#4183=CARTESIAN_POINT('',(2.87500000000002,2.50000000000001,3.52085954754867E-16));
#4184=CARTESIAN_POINT('Origin',(0.,2.5,0.));
#4185=CARTESIAN_POINT('Origin',(0.,2.5,0.));
#4186=CARTESIAN_POINT('Origin',(0.,2.391746824527,0.));
#4187=CARTESIAN_POINT('',(3.,2.283493649054,0.));
#4188=CARTESIAN_POINT('Origin',(0.,2.283493649054,0.));
#4189=CARTESIAN_POINT('',(2.9375,2.391746824527,3.59739997249535E-16));
#4190=CARTESIAN_POINT('Origin',(0.,2.391746824527,0.));
#4191=CARTESIAN_POINT('',(3.125,2.5,0.));
#4192=CARTESIAN_POINT('',(3.0625,2.391746824527,-3.75048082238877E-16));
#4193=CARTESIAN_POINT('',(-3.12500000000002,2.50000000000001,-3.82702124733551E-16));
#4194=CARTESIAN_POINT('Origin',(0.,2.5,0.));
#4195=CARTESIAN_POINT('Origin',(0.,2.5,0.));
#4196=CARTESIAN_POINT('Origin',(0.,2.391746824527,0.));
#4197=CARTESIAN_POINT('',(-3.25,2.283493649054,0.));
#4198=CARTESIAN_POINT('Origin',(0.,2.283493649054,0.));
#4199=CARTESIAN_POINT('',(-3.1875,2.391746824527,-3.90356167228219E-16));
#4200=CARTESIAN_POINT('Origin',(0.,2.391746824527,0.));
#4201=CARTESIAN_POINT('',(-3.375,2.5,0.));
#4202=CARTESIAN_POINT('',(-3.3125,2.391746824527,4.05664252217561E-16));
#4203=CARTESIAN_POINT('',(3.37500000000002,2.50000000000001,4.13318294712235E-16));
#4204=CARTESIAN_POINT('Origin',(0.,2.5,0.));
#4205=CARTESIAN_POINT('Origin',(0.,2.5,0.));
#4206=CARTESIAN_POINT('Origin',(0.,2.391746824527,0.));
#4207=CARTESIAN_POINT('',(3.5,2.283493649054,0.));
#4208=CARTESIAN_POINT('Origin',(0.,2.283493649054,0.));
#4209=CARTESIAN_POINT('',(3.4375,2.391746824527,4.20972337206903E-16));
#4210=CARTESIAN_POINT('Origin',(0.,2.391746824527,0.));
#4211=CARTESIAN_POINT('',(3.625,2.5,0.));
#4212=CARTESIAN_POINT('',(3.5625,2.391746824527,-4.36280422196245E-16));
#4213=CARTESIAN_POINT('',(-3.62500000000002,2.50000000000001,-4.43934464690918E-16));
#4214=CARTESIAN_POINT('Origin',(0.,2.5,0.));
#4215=CARTESIAN_POINT('Origin',(0.,2.5,0.));
#4216=CARTESIAN_POINT('Origin',(0.,2.391746824527,0.));
#4217=CARTESIAN_POINT('',(-3.75,2.283493649054,0.));
#4218=CARTESIAN_POINT('Origin',(0.,2.283493649054,0.));
#4219=CARTESIAN_POINT('',(-3.6875,2.391746824527,-4.51588507185587E-16));
#4220=CARTESIAN_POINT('Origin',(0.,2.391746824527,0.));
#4221=CARTESIAN_POINT('',(-3.875,2.5,0.));
#4222=CARTESIAN_POINT('',(-3.8125,2.391746824527,4.66896592174928E-16));
#4223=CARTESIAN_POINT('',(3.87500000000002,2.50000000000001,4.74550634669602E-16));
#4224=CARTESIAN_POINT('Origin',(0.,2.5,0.));
#4225=CARTESIAN_POINT('Origin',(0.,2.5,0.));
#4226=CARTESIAN_POINT('Origin',(0.,2.391746824527,0.));
#4227=CARTESIAN_POINT('',(4.,2.283493649054,0.));
#4228=CARTESIAN_POINT('Origin',(0.,2.283493649054,0.));
#4229=CARTESIAN_POINT('',(3.9375,2.391746824527,4.8220467716427E-16));
#4230=CARTESIAN_POINT('Origin',(0.,2.391746824527,0.));
#4231=CARTESIAN_POINT('',(4.125,2.5,0.));
#4232=CARTESIAN_POINT('',(4.0625,2.391746824527,-4.97512762153612E-16));
#4233=CARTESIAN_POINT('',(-4.12500000000002,2.50000000000001,-5.05166804648286E-16));
#4234=CARTESIAN_POINT('Origin',(0.,2.5,0.));
#4235=CARTESIAN_POINT('Origin',(0.,2.5,0.));
#4236=CARTESIAN_POINT('Origin',(0.,2.391746824527,0.));
#4237=CARTESIAN_POINT('',(-4.25,2.283493649054,0.));
#4238=CARTESIAN_POINT('Origin',(0.,2.283493649054,0.));
#4239=CARTESIAN_POINT('',(-4.1875,2.391746824527,-5.12820847142954E-16));
#4240=CARTESIAN_POINT('Origin',(0.,2.391746824527,0.));
#4241=CARTESIAN_POINT('',(-4.375,2.5,0.));
#4242=CARTESIAN_POINT('',(-4.3125,2.391746824527,5.28128932132296E-16));
#4243=CARTESIAN_POINT('',(4.37500000000002,2.50000000000001,5.3578297462697E-16));
#4244=CARTESIAN_POINT('Origin',(0.,2.5,0.));
#4245=CARTESIAN_POINT('Origin',(0.,2.5,0.));
#4246=CARTESIAN_POINT('Origin',(0.,2.391746824527,0.));
#4247=CARTESIAN_POINT('',(4.5,2.283493649054,0.));
#4248=CARTESIAN_POINT('Origin',(0.,2.283493649054,0.));
#4249=CARTESIAN_POINT('',(4.4375,2.391746824527,5.43437017121638E-16));
#4250=CARTESIAN_POINT('Origin',(0.,2.391746824527,0.));
#4251=CARTESIAN_POINT('',(4.625,2.5,0.));
#4252=CARTESIAN_POINT('',(4.5625,2.391746824527,-5.5874510211098E-16));
#4253=CARTESIAN_POINT('',(-4.62500000000002,2.50000000000001,-5.66399144605654E-16));
#4254=CARTESIAN_POINT('Origin',(0.,2.5,0.));
#4255=CARTESIAN_POINT('Origin',(0.,2.5,0.));
#4256=CARTESIAN_POINT('Origin',(0.,2.391746824527,0.));
#4257=CARTESIAN_POINT('',(-4.75,2.283493649054,0.));
#4258=CARTESIAN_POINT('Origin',(0.,2.283493649054,0.));
#4259=CARTESIAN_POINT('',(-4.6875,2.391746824527,-5.74053187100322E-16));
#4260=CARTESIAN_POINT('Origin',(0.,2.391746824527,0.));
#4261=CARTESIAN_POINT('',(-4.875,2.5,0.));
#4262=CARTESIAN_POINT('',(-4.8125,2.391746824527,5.89361272089664E-16));
#4263=CARTESIAN_POINT('',(4.87500000000002,2.50000000000001,5.97015314584338E-16));
#4264=CARTESIAN_POINT('Origin',(0.,2.5,0.));
#4265=CARTESIAN_POINT('Origin',(0.,2.5,0.));
#4266=CARTESIAN_POINT('Origin',(0.,2.391746824527,0.));
#4267=CARTESIAN_POINT('',(5.,2.283493649054,0.));
#4268=CARTESIAN_POINT('Origin',(0.,2.283493649054,0.));
#4269=CARTESIAN_POINT('',(4.9375,2.391746824527,6.04669357079006E-16));
#4270=CARTESIAN_POINT('Origin',(0.,2.391746824527,0.));
#4271=CARTESIAN_POINT('',(5.125,2.5,0.));
#4272=CARTESIAN_POINT('',(5.0625,2.391746824527,-6.19977442068348E-16));
#4273=CARTESIAN_POINT('',(-5.12500000000002,2.50000000000001,-6.27631484563021E-16));
#4274=CARTESIAN_POINT('Origin',(0.,2.5,0.));
#4275=CARTESIAN_POINT('Origin',(0.,2.5,0.));
#4276=CARTESIAN_POINT('Origin',(0.,2.391746824527,0.));
#4277=CARTESIAN_POINT('',(-5.25,2.283493649054,0.));
#4278=CARTESIAN_POINT('Origin',(0.,2.283493649054,0.));
#4279=CARTESIAN_POINT('',(-5.1875,2.391746824527,-6.3528552705769E-16));
#4280=CARTESIAN_POINT('Origin',(0.,2.391746824527,0.));
#4281=CARTESIAN_POINT('',(-5.375,2.5,0.));
#4282=CARTESIAN_POINT('',(-5.3125,2.391746824527,6.50593612047031E-16));
#4283=CARTESIAN_POINT('',(5.37500000000002,2.50000000000001,6.58247654541705E-16));
#4284=CARTESIAN_POINT('Origin',(0.,2.5,0.));
#4285=CARTESIAN_POINT('Origin',(0.,2.5,0.));
#4286=CARTESIAN_POINT('Origin',(0.,2.391746824527,0.));
#4287=CARTESIAN_POINT('',(5.5,2.283493649054,0.));
#4288=CARTESIAN_POINT('Origin',(0.,2.283493649054,0.));
#4289=CARTESIAN_POINT('',(5.4375,2.391746824527,6.65901697036373E-16));
#4290=CARTESIAN_POINT('Origin',(0.,2.391746824527,0.));
#4291=CARTESIAN_POINT('',(5.625,2.5,0.));
#4292=CARTESIAN_POINT('',(5.5625,2.391746824527,-6.81209782025715E-16));
#4293=CARTESIAN_POINT('',(-5.62500000000002,2.50000000000001,-6.88863824520389E-16));
#4294=CARTESIAN_POINT('Origin',(0.,2.5,0.));
#4295=CARTESIAN_POINT('Origin',(0.,2.5,0.));
#4296=CARTESIAN_POINT('Origin',(0.,2.391746824527,0.));
#4297=CARTESIAN_POINT('',(-5.6875,2.391746824527,-6.96517867015057E-16));
#4298=CARTESIAN_POINT('Origin',(0.,2.150000000058,0.));
#4299=CARTESIAN_POINT('',(-20.,1.8,0.));
#4300=CARTESIAN_POINT('',(-2.44929359829458E-15,1.799999999999,19.999999999999));
#4301=CARTESIAN_POINT('Origin',(0.,1.8,0.));
#4302=CARTESIAN_POINT('',(-2.4064309603172E-15,2.150000000058,19.64999999994));
#4303=CARTESIAN_POINT('Origin',(0.,1.8,0.));
#4304=CARTESIAN_POINT('Origin',(0.,0.,0.));
#4305=CARTESIAN_POINT('',(-20.,1.5,2.44929359829471E-15));
#4306=CARTESIAN_POINT('',(-20.,0.,2.44929359829471E-15));
#4307=CARTESIAN_POINT('',(-19.7843048772,1.5,2.929382277205));
#4308=CARTESIAN_POINT('Origin',(0.,1.5,0.));
#4309=CARTESIAN_POINT('',(-19.7843048772,0.,2.929382277205));
#4310=CARTESIAN_POINT('',(-19.7843048772,1.5,2.929382277205));
#4311=CARTESIAN_POINT('',(-19.7843048772,0.,-2.929382277205));
#4312=CARTESIAN_POINT('Origin',(0.,0.,0.));
#4313=CARTESIAN_POINT('',(-19.7843048772,1.5,-2.929382277205));
#4314=CARTESIAN_POINT('',(-19.7843048772,0.,-2.929382277205));
#4315=CARTESIAN_POINT('Origin',(0.,1.5,0.));
#4316=CARTESIAN_POINT('Origin',(0.,1.5,0.));
#4317=CARTESIAN_POINT('Origin',(-20.,1.5,-5.55111512312578E-16));
#4318=CARTESIAN_POINT('Ctrl Pts',(-20.,1.515,3.));
#4319=CARTESIAN_POINT('Ctrl Pts',(-20.,-0.015,3.));
#4320=CARTESIAN_POINT('Ctrl Pts',(-21.,1.515,3.));
#4321=CARTESIAN_POINT('Ctrl Pts',(-21.,-0.015,3.));
#4322=CARTESIAN_POINT('Ctrl Pts',(-21.,1.515,-1.83697019872103E-16));
#4323=CARTESIAN_POINT('Ctrl Pts',(-21.,-0.015,-1.83697019872103E-16));
#4324=CARTESIAN_POINT('Ctrl Pts',(-21.,1.515,-3.));
#4325=CARTESIAN_POINT('Ctrl Pts',(-21.,-0.015,-3.));
#4326=CARTESIAN_POINT('Ctrl Pts',(-20.,1.515,-3.));
#4327=CARTESIAN_POINT('Ctrl Pts',(-20.,-0.015,-3.));
#4328=CARTESIAN_POINT('Ctrl Pts',(-19.,1.515,-3.));
#4329=CARTESIAN_POINT('Ctrl Pts',(-19.,-0.015,-3.));
#4330=CARTESIAN_POINT('Ctrl Pts',(-19.,1.515,-1.83697019872103E-16));
#4331=CARTESIAN_POINT('Ctrl Pts',(-19.,-0.015,-1.83697019872103E-16));
#4332=CARTESIAN_POINT('Ctrl Pts',(-19.,1.515,3.));
#4333=CARTESIAN_POINT('Ctrl Pts',(-19.,-0.015,3.));
#4334=CARTESIAN_POINT('Ctrl Pts',(-20.,1.515,3.));
#4335=CARTESIAN_POINT('Ctrl Pts',(-20.,-0.015,3.));
#4336=CARTESIAN_POINT('Origin',(-20.,0.,-5.55111512312578E-16));
#4337=CARTESIAN_POINT('Origin',(0.,0.,0.));
#4338=CARTESIAN_POINT('Origin',(0.,0.,0.));
#4339=CARTESIAN_POINT('',(-2.41867742831602E-15,0.,19.75));
#4340=CARTESIAN_POINT('Origin',(0.,0.,0.));
#4341=CARTESIAN_POINT('Origin',(0.,0.,0.));
#4342=CARTESIAN_POINT('',(-2.41867742831602E-15,-0.5,19.75));
#4343=CARTESIAN_POINT('Origin',(0.,-0.5,0.));
#4344=CARTESIAN_POINT('',(-2.41867742831602E-15,0.,19.75));
#4345=CARTESIAN_POINT('Origin',(0.,-0.5,0.));
#4346=UNCERTAINTY_MEASURE_WITH_UNIT(LENGTH_MEASURE(0.01),#4350,
'DISTANCE_ACCURACY_VALUE',
'Maximum model space distance between geometric entities at asserted c
onnectivities');
#4347=UNCERTAINTY_MEASURE_WITH_UNIT(LENGTH_MEASURE(0.01),#4350,
'DISTANCE_ACCURACY_VALUE',
'Maximum model space distance between geometric entities at asserted c
onnectivities');
#4348=(
GEOMETRIC_REPRESENTATION_CONTEXT(3)
GLOBAL_UNCERTAINTY_ASSIGNED_CONTEXT((#4346))
GLOBAL_UNIT_ASSIGNED_CONTEXT((#4350,#4352,#4353))
REPRESENTATION_CONTEXT('','3D')
);
#4349=(
GEOMETRIC_REPRESENTATION_CONTEXT(3)
GLOBAL_UNCERTAINTY_ASSIGNED_CONTEXT((#4347))
GLOBAL_UNIT_ASSIGNED_CONTEXT((#4350,#4352,#4353))
REPRESENTATION_CONTEXT('','3D')
);
#4350=(
LENGTH_UNIT()
NAMED_UNIT(*)
SI_UNIT(.MILLI.,.METRE.)
);
#4351=(
LENGTH_UNIT()
NAMED_UNIT(*)
SI_UNIT($,.METRE.)
);
#4352=(
NAMED_UNIT(*)
PLANE_ANGLE_UNIT()
SI_UNIT($,.RADIAN.)
);
#4353=(
NAMED_UNIT(*)
SI_UNIT($,.STERADIAN.)
SOLID_ANGLE_UNIT()
);
#4354=SHAPE_DEFINITION_REPRESENTATION(#4355,#4356);
#4355=PRODUCT_DEFINITION_SHAPE('',$,#4358);
#4356=SHAPE_REPRESENTATION('',(#2416),#4348);
#4357=PRODUCT_DEFINITION_CONTEXT('part definition',#4362,'design');
#4358=PRODUCT_DEFINITION('2026-07-07-17-42-05-104','2-CD',#4359,#4357);
#4359=PRODUCT_DEFINITION_FORMATION('',$,#4364);
#4360=PRODUCT_RELATED_PRODUCT_CATEGORY('2-CD','2-CD',(#4364));
#4361=APPLICATION_PROTOCOL_DEFINITION('international standard',
'automotive_design',2009,#4362);
#4362=APPLICATION_CONTEXT(
'Core Data for Automotive Mechanical Design Process');
#4363=PRODUCT_CONTEXT('part definition',#4362,'mechanical');
#4364=PRODUCT('2026-07-07-17-42-05-104','2-CD','NOT SPECIFIED',(#4363));
#4365=PRESENTATION_STYLE_ASSIGNMENT((#4366));
#4366=SURFACE_STYLE_USAGE(.BOTH.,#4367);
#4367=SURFACE_SIDE_STYLE('',(#4368));
#4368=SURFACE_STYLE_FILL_AREA(#4369);
#4369=FILL_AREA_STYLE('\X2\94A2\X0\ - \X2\7F0E5149\X0\',(#4370));
#4370=FILL_AREA_STYLE_COLOUR('\X2\94A2\X0\ - \X2\7F0E5149\X0\',#4371);
#4371=COLOUR_RGB('\X2\94A2\X0\ - \X2\7F0E5149\X0\',0.627450980392157,0.627450980392157,
0.627450980392157);
ENDSEC;
END-ISO-10303-21;
