ISO-10303-21;
HEADER;
/* Generated by software containing ST-Developer
 * from STEP Tools, Inc. (www.steptools.com) 
 */

FILE_DESCRIPTION(
/* description */ ('NOT SPECIFIED'),
/* implementation_level */ '2;1');

FILE_NAME(
/* name */ '2-LINK-2_3.step',
/* time_stamp */ '2026-07-09T11:08:52+08:00',
/* author */ (''),
/* organization */ (''),
/* preprocessor_version */ 'ST-DEVELOPER v20.1',
/* originating_system */ 'Autodesk Translation Framework v15.8.0.0',
/* authorisation */ '');

FILE_SCHEMA (('AUTOMOTIVE_DESIGN { 1 0 10303 214 3 1 1 }'));
ENDSEC;

DATA;
#10=MECHANICAL_DESIGN_GEOMETRIC_PRESENTATION_REPRESENTATION('',(#13),#3928);
#11=SHAPE_REPRESENTATION_RELATIONSHIP('SRR','None',#3935,#12);
#12=ADVANCED_BREP_SHAPE_REPRESENTATION('',(#14),#3927);
#13=STYLED_ITEM('',(#3944),#14);
#14=MANIFOLD_SOLID_BREP('\X2\5B9E4F53\X0\1',#2259);
#15=CONICAL_SURFACE('',#2288,0.74999999473,0.785398163397448);
#16=CONICAL_SURFACE('',#2293,0.7499999943787,0.785398163397448);
#17=CONICAL_SURFACE('',#2300,3.249999969044,0.785398163397448);
#18=CONICAL_SURFACE('',#2305,3.249999969044,0.785398163397448);
#19=CONICAL_SURFACE('',#2342,20.24999997829,0.785398163397448);
#20=CONICAL_SURFACE('',#2345,3.249999969044,0.785398163397448);
#21=CONICAL_SURFACE('',#2350,3.249999969044,0.785398163397448);
#22=CONICAL_SURFACE('',#2353,20.24999999382,0.785398163397448);
#23=CONICAL_SURFACE('',#2355,33.24999999678,0.785398163397448);
#24=CONICAL_SURFACE('',#2406,0.74999999473,0.785398163397448);
#25=CONICAL_SURFACE('',#2410,0.7499999943788,0.785398163397448);
#26=CONICAL_SURFACE('',#2418,33.24999999678,0.785398163397448);
#27=CONICAL_SURFACE('',#2419,20.24999999382,0.785398163397448);
#28=CONICAL_SURFACE('',#2424,20.24999997829,0.785398163397448);
#29=CONICAL_SURFACE('',#2429,2.3,0.785398163397448);
#30=CONICAL_SURFACE('',#2436,2.3,0.785398163397448);
#31=CONICAL_SURFACE('',#2443,2.3,0.785398163397448);
#32=CONICAL_SURFACE('',#2450,2.3,0.785398163397448);
#33=CONICAL_SURFACE('',#2457,2.3,0.785398163397448);
#34=CONICAL_SURFACE('',#2464,2.3,0.785398163397448);
#35=CONICAL_SURFACE('',#2471,2.3,0.785398163397448);
#36=CONICAL_SURFACE('',#2478,2.3,0.785398163397448);
#37=CONICAL_SURFACE('',#2488,2.3,0.785398163397448);
#38=CONICAL_SURFACE('',#2495,2.3,0.785398163397448);
#39=CONICAL_SURFACE('',#2502,2.3,0.785398163397448);
#40=CONICAL_SURFACE('',#2509,2.3,0.785398163397448);
#41=CONICAL_SURFACE('',#2516,2.3,0.785398163397448);
#42=CONICAL_SURFACE('',#2523,2.3,0.785398163397448);
#43=CONICAL_SURFACE('',#2530,2.3,0.785398163397448);
#44=CONICAL_SURFACE('',#2537,2.3,0.785398163397448);
#45=CONICAL_SURFACE('',#2545,2.3,0.785398163397448);
#46=CONICAL_SURFACE('',#2552,2.3,0.785398163397448);
#47=CONICAL_SURFACE('',#2559,2.3,0.785398163397448);
#48=FACE_BOUND('',#463,.T.);
#49=FACE_BOUND('',#464,.T.);
#50=FACE_BOUND('',#465,.T.);
#51=FACE_BOUND('',#469,.T.);
#52=FACE_BOUND('',#470,.T.);
#53=FACE_BOUND('',#471,.T.);
#54=FACE_BOUND('',#490,.T.);
#55=FACE_BOUND('',#491,.T.);
#56=FACE_BOUND('',#492,.T.);
#57=FACE_BOUND('',#493,.T.);
#58=FACE_BOUND('',#494,.T.);
#59=FACE_BOUND('',#495,.T.);
#60=FACE_BOUND('',#496,.T.);
#61=FACE_BOUND('',#497,.T.);
#62=FACE_BOUND('',#498,.T.);
#63=FACE_BOUND('',#499,.T.);
#64=FACE_BOUND('',#501,.T.);
#65=FACE_BOUND('',#502,.T.);
#66=FACE_BOUND('',#503,.T.);
#67=FACE_BOUND('',#504,.T.);
#68=FACE_BOUND('',#505,.T.);
#69=FACE_BOUND('',#506,.T.);
#70=FACE_BOUND('',#507,.T.);
#71=FACE_BOUND('',#508,.T.);
#72=FACE_BOUND('',#509,.T.);
#73=FACE_BOUND('',#510,.T.);
#74=FACE_BOUND('',#532,.T.);
#75=FACE_BOUND('',#533,.T.);
#76=FACE_BOUND('',#534,.T.);
#77=FACE_BOUND('',#535,.T.);
#78=FACE_BOUND('',#536,.T.);
#79=FACE_BOUND('',#537,.T.);
#80=FACE_BOUND('',#538,.T.);
#81=FACE_BOUND('',#539,.T.);
#82=FACE_BOUND('',#540,.T.);
#83=FACE_BOUND('',#541,.T.);
#84=FACE_BOUND('',#543,.T.);
#85=FACE_BOUND('',#544,.T.);
#86=FACE_BOUND('',#545,.T.);
#87=FACE_BOUND('',#546,.T.);
#88=FACE_BOUND('',#547,.T.);
#89=FACE_BOUND('',#548,.T.);
#90=FACE_BOUND('',#549,.T.);
#91=FACE_BOUND('',#550,.T.);
#92=FACE_BOUND('',#551,.T.);
#93=FACE_BOUND('',#552,.T.);
#94=FACE_BOUND('',#575,.T.);
#95=FACE_BOUND('',#580,.T.);
#96=FACE_BOUND('',#585,.T.);
#97=FACE_BOUND('',#590,.T.);
#98=FACE_BOUND('',#595,.T.);
#99=FACE_BOUND('',#600,.T.);
#100=FACE_BOUND('',#605,.T.);
#101=FACE_BOUND('',#610,.T.);
#102=FACE_BOUND('',#618,.T.);
#103=FACE_BOUND('',#623,.T.);
#104=FACE_BOUND('',#628,.T.);
#105=FACE_BOUND('',#633,.T.);
#106=FACE_BOUND('',#638,.T.);
#107=FACE_BOUND('',#643,.T.);
#108=FACE_BOUND('',#648,.T.);
#109=FACE_BOUND('',#653,.T.);
#110=FACE_BOUND('',#659,.T.);
#111=FACE_BOUND('',#664,.T.);
#112=FACE_BOUND('',#669,.T.);
#113=CIRCLE('',#2275,3.5);
#114=CIRCLE('',#2276,3.5);
#115=CIRCLE('',#2278,3.25);
#116=CIRCLE('',#2279,3.25);
#117=CIRCLE('',#2280,3.25);
#118=CIRCLE('',#2284,1.6);
#119=CIRCLE('',#2285,1.6);
#120=CIRCLE('',#2286,1.6);
#121=CIRCLE('',#2289,0.5);
#122=CIRCLE('',#2290,1.);
#123=CIRCLE('',#2292,0.5);
#124=CIRCLE('',#2294,1.);
#125=CIRCLE('',#2301,3.5);
#126=CIRCLE('',#2302,3.);
#127=CIRCLE('',#2304,3.5);
#128=CIRCLE('',#2306,3.);
#129=CIRCLE('',#2308,0.5);
#130=CIRCLE('',#2310,0.5);
#131=CIRCLE('',#2315,20.5);
#132=CIRCLE('',#2316,20.5);
#133=CIRCLE('',#2317,33.);
#134=CIRCLE('',#2318,22.5);
#135=CIRCLE('',#2319,3.25);
#136=CIRCLE('',#2320,3.25);
#137=CIRCLE('',#2321,3.25);
#138=CIRCLE('',#2322,3.25);
#139=CIRCLE('',#2323,3.25);
#140=CIRCLE('',#2324,3.25);
#141=CIRCLE('',#2325,3.25);
#142=CIRCLE('',#2326,3.25);
#143=CIRCLE('',#2327,3.5);
#144=CIRCLE('',#2329,20.5);
#145=CIRCLE('',#2330,33.);
#146=CIRCLE('',#2331,20.5);
#147=CIRCLE('',#2332,22.5);
#148=CIRCLE('',#2333,3.25);
#149=CIRCLE('',#2334,3.25);
#150=CIRCLE('',#2335,3.25);
#151=CIRCLE('',#2336,3.25);
#152=CIRCLE('',#2337,3.25);
#153=CIRCLE('',#2338,3.25);
#154=CIRCLE('',#2339,3.25);
#155=CIRCLE('',#2340,3.25);
#156=CIRCLE('',#2341,3.5);
#157=CIRCLE('',#2343,20.);
#158=CIRCLE('',#2346,3.5);
#159=CIRCLE('',#2347,3.);
#160=CIRCLE('',#2349,3.5);
#161=CIRCLE('',#2351,3.);
#162=CIRCLE('',#2354,20.);
#163=CIRCLE('',#2356,33.5);
#164=CIRCLE('',#2358,33.5);
#165=CIRCLE('',#2360,20.);
#166=CIRCLE('',#2363,0.5);
#167=CIRCLE('',#2370,0.5);
#168=CIRCLE('',#2373,20.);
#169=CIRCLE('',#2375,22.5);
#170=CIRCLE('',#2376,1.6);
#171=CIRCLE('',#2377,1.6);
#172=CIRCLE('',#2378,1.6);
#173=CIRCLE('',#2379,1.6);
#174=CIRCLE('',#2380,1.6);
#175=CIRCLE('',#2381,1.6);
#176=CIRCLE('',#2382,1.6);
#177=CIRCLE('',#2383,1.6);
#178=CIRCLE('',#2384,3.5);
#179=CIRCLE('',#2386,33.5);
#180=CIRCLE('',#2387,20.);
#181=CIRCLE('',#2388,20.);
#182=CIRCLE('',#2389,1.6);
#183=CIRCLE('',#2390,1.6);
#184=CIRCLE('',#2391,1.6);
#185=CIRCLE('',#2392,1.6);
#186=CIRCLE('',#2393,1.6);
#187=CIRCLE('',#2394,1.6);
#188=CIRCLE('',#2395,1.6);
#189=CIRCLE('',#2396,1.6);
#190=CIRCLE('',#2397,3.5);
#191=CIRCLE('',#2398,22.5);
#192=CIRCLE('',#2402,3.5);
#193=CIRCLE('',#2403,3.5);
#194=CIRCLE('',#2405,1.);
#195=CIRCLE('',#2407,0.5);
#196=CIRCLE('',#2409,0.5);
#197=CIRCLE('',#2411,1.);
#198=CIRCLE('',#2417,33.5);
#199=CIRCLE('',#2420,20.);
#200=CIRCLE('',#2425,20.);
#201=CIRCLE('',#2428,1.6);
#202=CIRCLE('',#2430,3.);
#203=CIRCLE('',#2432,3.25);
#204=CIRCLE('',#2435,1.6);
#205=CIRCLE('',#2437,3.);
#206=CIRCLE('',#2439,3.25);
#207=CIRCLE('',#2442,1.6);
#208=CIRCLE('',#2444,3.);
#209=CIRCLE('',#2446,3.25);
#210=CIRCLE('',#2449,1.6);
#211=CIRCLE('',#2451,3.);
#212=CIRCLE('',#2453,3.25);
#213=CIRCLE('',#2456,1.6);
#214=CIRCLE('',#2458,3.);
#215=CIRCLE('',#2460,3.25);
#216=CIRCLE('',#2463,1.6);
#217=CIRCLE('',#2465,3.);
#218=CIRCLE('',#2467,3.25);
#219=CIRCLE('',#2470,1.6);
#220=CIRCLE('',#2472,3.);
#221=CIRCLE('',#2474,3.25);
#222=CIRCLE('',#2477,1.6);
#223=CIRCLE('',#2479,3.);
#224=CIRCLE('',#2481,3.25);
#225=CIRCLE('',#2487,1.6);
#226=CIRCLE('',#2489,3.);
#227=CIRCLE('',#2491,3.25);
#228=CIRCLE('',#2494,1.6);
#229=CIRCLE('',#2496,3.);
#230=CIRCLE('',#2498,3.25);
#231=CIRCLE('',#2501,1.6);
#232=CIRCLE('',#2503,3.);
#233=CIRCLE('',#2505,3.25);
#234=CIRCLE('',#2508,1.6);
#235=CIRCLE('',#2510,3.);
#236=CIRCLE('',#2512,3.25);
#237=CIRCLE('',#2515,1.6);
#238=CIRCLE('',#2517,3.);
#239=CIRCLE('',#2519,3.25);
#240=CIRCLE('',#2522,1.6);
#241=CIRCLE('',#2524,3.);
#242=CIRCLE('',#2526,3.25);
#243=CIRCLE('',#2529,1.6);
#244=CIRCLE('',#2531,3.);
#245=CIRCLE('',#2533,3.25);
#246=CIRCLE('',#2536,1.6);
#247=CIRCLE('',#2538,3.);
#248=CIRCLE('',#2540,3.25);
#249=CIRCLE('',#2544,1.6);
#250=CIRCLE('',#2546,3.);
#251=CIRCLE('',#2548,3.25);
#252=CIRCLE('',#2551,1.6);
#253=CIRCLE('',#2553,3.);
#254=CIRCLE('',#2555,3.25);
#255=CIRCLE('',#2558,1.6);
#256=CIRCLE('',#2560,3.);
#257=CIRCLE('',#2562,3.25);
#258=CYLINDRICAL_SURFACE('',#2274,3.5);
#259=CYLINDRICAL_SURFACE('',#2291,0.5);
#260=CYLINDRICAL_SURFACE('',#2303,3.5);
#261=CYLINDRICAL_SURFACE('',#2309,0.5);
#262=CYLINDRICAL_SURFACE('',#2348,3.5);
#263=CYLINDRICAL_SURFACE('',#2357,33.5);
#264=CYLINDRICAL_SURFACE('',#2359,20.);
#265=CYLINDRICAL_SURFACE('',#2372,20.);
#266=CYLINDRICAL_SURFACE('',#2399,0.5);
#267=CYLINDRICAL_SURFACE('',#2401,3.5);
#268=CYLINDRICAL_SURFACE('',#2408,0.5);
#269=CYLINDRICAL_SURFACE('',#2416,33.5);
#270=CYLINDRICAL_SURFACE('',#2423,20.);
#271=CYLINDRICAL_SURFACE('',#2426,20.);
#272=CYLINDRICAL_SURFACE('',#2427,1.6);
#273=CYLINDRICAL_SURFACE('',#2433,3.25);
#274=CYLINDRICAL_SURFACE('',#2434,1.6);
#275=CYLINDRICAL_SURFACE('',#2440,3.25);
#276=CYLINDRICAL_SURFACE('',#2441,1.6);
#277=CYLINDRICAL_SURFACE('',#2447,3.25);
#278=CYLINDRICAL_SURFACE('',#2448,1.6);
#279=CYLINDRICAL_SURFACE('',#2454,3.25);
#280=CYLINDRICAL_SURFACE('',#2455,1.6);
#281=CYLINDRICAL_SURFACE('',#2461,3.25);
#282=CYLINDRICAL_SURFACE('',#2462,1.6);
#283=CYLINDRICAL_SURFACE('',#2468,3.25);
#284=CYLINDRICAL_SURFACE('',#2469,1.6);
#285=CYLINDRICAL_SURFACE('',#2475,3.25);
#286=CYLINDRICAL_SURFACE('',#2476,1.6);
#287=CYLINDRICAL_SURFACE('',#2482,3.25);
#288=CYLINDRICAL_SURFACE('',#2483,3.5);
#289=CYLINDRICAL_SURFACE('',#2484,22.5);
#290=CYLINDRICAL_SURFACE('',#2485,22.5);
#291=CYLINDRICAL_SURFACE('',#2486,1.6);
#292=CYLINDRICAL_SURFACE('',#2492,3.25);
#293=CYLINDRICAL_SURFACE('',#2493,1.6);
#294=CYLINDRICAL_SURFACE('',#2499,3.25);
#295=CYLINDRICAL_SURFACE('',#2500,1.6);
#296=CYLINDRICAL_SURFACE('',#2506,3.25);
#297=CYLINDRICAL_SURFACE('',#2507,1.6);
#298=CYLINDRICAL_SURFACE('',#2513,3.25);
#299=CYLINDRICAL_SURFACE('',#2514,1.6);
#300=CYLINDRICAL_SURFACE('',#2520,3.25);
#301=CYLINDRICAL_SURFACE('',#2521,1.6);
#302=CYLINDRICAL_SURFACE('',#2527,3.25);
#303=CYLINDRICAL_SURFACE('',#2528,1.6);
#304=CYLINDRICAL_SURFACE('',#2534,3.25);
#305=CYLINDRICAL_SURFACE('',#2535,1.6);
#306=CYLINDRICAL_SURFACE('',#2541,3.25);
#307=CYLINDRICAL_SURFACE('',#2542,3.5);
#308=CYLINDRICAL_SURFACE('',#2543,1.6);
#309=CYLINDRICAL_SURFACE('',#2549,3.25);
#310=CYLINDRICAL_SURFACE('',#2550,1.6);
#311=CYLINDRICAL_SURFACE('',#2556,3.25);
#312=CYLINDRICAL_SURFACE('',#2557,1.6);
#313=CYLINDRICAL_SURFACE('',#2563,3.25);
#314=FACE_OUTER_BOUND('',#460,.T.);
#315=FACE_OUTER_BOUND('',#461,.T.);
#316=FACE_OUTER_BOUND('',#462,.T.);
#317=FACE_OUTER_BOUND('',#466,.T.);
#318=FACE_OUTER_BOUND('',#467,.T.);
#319=FACE_OUTER_BOUND('',#468,.T.);
#320=FACE_OUTER_BOUND('',#472,.T.);
#321=FACE_OUTER_BOUND('',#473,.T.);
#322=FACE_OUTER_BOUND('',#474,.T.);
#323=FACE_OUTER_BOUND('',#475,.T.);
#324=FACE_OUTER_BOUND('',#476,.T.);
#325=FACE_OUTER_BOUND('',#477,.T.);
#326=FACE_OUTER_BOUND('',#478,.T.);
#327=FACE_OUTER_BOUND('',#479,.T.);
#328=FACE_OUTER_BOUND('',#480,.T.);
#329=FACE_OUTER_BOUND('',#481,.T.);
#330=FACE_OUTER_BOUND('',#482,.T.);
#331=FACE_OUTER_BOUND('',#483,.T.);
#332=FACE_OUTER_BOUND('',#484,.T.);
#333=FACE_OUTER_BOUND('',#485,.T.);
#334=FACE_OUTER_BOUND('',#486,.T.);
#335=FACE_OUTER_BOUND('',#487,.T.);
#336=FACE_OUTER_BOUND('',#488,.T.);
#337=FACE_OUTER_BOUND('',#489,.T.);
#338=FACE_OUTER_BOUND('',#500,.T.);
#339=FACE_OUTER_BOUND('',#511,.T.);
#340=FACE_OUTER_BOUND('',#512,.T.);
#341=FACE_OUTER_BOUND('',#513,.T.);
#342=FACE_OUTER_BOUND('',#514,.T.);
#343=FACE_OUTER_BOUND('',#515,.T.);
#344=FACE_OUTER_BOUND('',#516,.T.);
#345=FACE_OUTER_BOUND('',#517,.T.);
#346=FACE_OUTER_BOUND('',#518,.T.);
#347=FACE_OUTER_BOUND('',#519,.T.);
#348=FACE_OUTER_BOUND('',#520,.T.);
#349=FACE_OUTER_BOUND('',#521,.T.);
#350=FACE_OUTER_BOUND('',#522,.T.);
#351=FACE_OUTER_BOUND('',#523,.T.);
#352=FACE_OUTER_BOUND('',#524,.T.);
#353=FACE_OUTER_BOUND('',#525,.T.);
#354=FACE_OUTER_BOUND('',#526,.T.);
#355=FACE_OUTER_BOUND('',#527,.T.);
#356=FACE_OUTER_BOUND('',#528,.T.);
#357=FACE_OUTER_BOUND('',#529,.T.);
#358=FACE_OUTER_BOUND('',#530,.T.);
#359=FACE_OUTER_BOUND('',#531,.T.);
#360=FACE_OUTER_BOUND('',#542,.T.);
#361=FACE_OUTER_BOUND('',#553,.T.);
#362=FACE_OUTER_BOUND('',#554,.T.);
#363=FACE_OUTER_BOUND('',#555,.T.);
#364=FACE_OUTER_BOUND('',#556,.T.);
#365=FACE_OUTER_BOUND('',#557,.T.);
#366=FACE_OUTER_BOUND('',#558,.T.);
#367=FACE_OUTER_BOUND('',#559,.T.);
#368=FACE_OUTER_BOUND('',#560,.T.);
#369=FACE_OUTER_BOUND('',#561,.T.);
#370=FACE_OUTER_BOUND('',#562,.T.);
#371=FACE_OUTER_BOUND('',#563,.T.);
#372=FACE_OUTER_BOUND('',#564,.T.);
#373=FACE_OUTER_BOUND('',#565,.T.);
#374=FACE_OUTER_BOUND('',#566,.T.);
#375=FACE_OUTER_BOUND('',#567,.T.);
#376=FACE_OUTER_BOUND('',#568,.T.);
#377=FACE_OUTER_BOUND('',#569,.T.);
#378=FACE_OUTER_BOUND('',#570,.T.);
#379=FACE_OUTER_BOUND('',#571,.T.);
#380=FACE_OUTER_BOUND('',#572,.T.);
#381=FACE_OUTER_BOUND('',#573,.T.);
#382=FACE_OUTER_BOUND('',#574,.T.);
#383=FACE_OUTER_BOUND('',#576,.T.);
#384=FACE_OUTER_BOUND('',#577,.T.);
#385=FACE_OUTER_BOUND('',#578,.T.);
#386=FACE_OUTER_BOUND('',#579,.T.);
#387=FACE_OUTER_BOUND('',#581,.T.);
#388=FACE_OUTER_BOUND('',#582,.T.);
#389=FACE_OUTER_BOUND('',#583,.T.);
#390=FACE_OUTER_BOUND('',#584,.T.);
#391=FACE_OUTER_BOUND('',#586,.T.);
#392=FACE_OUTER_BOUND('',#587,.T.);
#393=FACE_OUTER_BOUND('',#588,.T.);
#394=FACE_OUTER_BOUND('',#589,.T.);
#395=FACE_OUTER_BOUND('',#591,.T.);
#396=FACE_OUTER_BOUND('',#592,.T.);
#397=FACE_OUTER_BOUND('',#593,.T.);
#398=FACE_OUTER_BOUND('',#594,.T.);
#399=FACE_OUTER_BOUND('',#596,.T.);
#400=FACE_OUTER_BOUND('',#597,.T.);
#401=FACE_OUTER_BOUND('',#598,.T.);
#402=FACE_OUTER_BOUND('',#599,.T.);
#403=FACE_OUTER_BOUND('',#601,.T.);
#404=FACE_OUTER_BOUND('',#602,.T.);
#405=FACE_OUTER_BOUND('',#603,.T.);
#406=FACE_OUTER_BOUND('',#604,.T.);
#407=FACE_OUTER_BOUND('',#606,.T.);
#408=FACE_OUTER_BOUND('',#607,.T.);
#409=FACE_OUTER_BOUND('',#608,.T.);
#410=FACE_OUTER_BOUND('',#609,.T.);
#411=FACE_OUTER_BOUND('',#611,.T.);
#412=FACE_OUTER_BOUND('',#612,.T.);
#413=FACE_OUTER_BOUND('',#613,.T.);
#414=FACE_OUTER_BOUND('',#614,.T.);
#415=FACE_OUTER_BOUND('',#615,.T.);
#416=FACE_OUTER_BOUND('',#616,.T.);
#417=FACE_OUTER_BOUND('',#617,.T.);
#418=FACE_OUTER_BOUND('',#619,.T.);
#419=FACE_OUTER_BOUND('',#620,.T.);
#420=FACE_OUTER_BOUND('',#621,.T.);
#421=FACE_OUTER_BOUND('',#622,.T.);
#422=FACE_OUTER_BOUND('',#624,.T.);
#423=FACE_OUTER_BOUND('',#625,.T.);
#424=FACE_OUTER_BOUND('',#626,.T.);
#425=FACE_OUTER_BOUND('',#627,.T.);
#426=FACE_OUTER_BOUND('',#629,.T.);
#427=FACE_OUTER_BOUND('',#630,.T.);
#428=FACE_OUTER_BOUND('',#631,.T.);
#429=FACE_OUTER_BOUND('',#632,.T.);
#430=FACE_OUTER_BOUND('',#634,.T.);
#431=FACE_OUTER_BOUND('',#635,.T.);
#432=FACE_OUTER_BOUND('',#636,.T.);
#433=FACE_OUTER_BOUND('',#637,.T.);
#434=FACE_OUTER_BOUND('',#639,.T.);
#435=FACE_OUTER_BOUND('',#640,.T.);
#436=FACE_OUTER_BOUND('',#641,.T.);
#437=FACE_OUTER_BOUND('',#642,.T.);
#438=FACE_OUTER_BOUND('',#644,.T.);
#439=FACE_OUTER_BOUND('',#645,.T.);
#440=FACE_OUTER_BOUND('',#646,.T.);
#441=FACE_OUTER_BOUND('',#647,.T.);
#442=FACE_OUTER_BOUND('',#649,.T.);
#443=FACE_OUTER_BOUND('',#650,.T.);
#444=FACE_OUTER_BOUND('',#651,.T.);
#445=FACE_OUTER_BOUND('',#652,.T.);
#446=FACE_OUTER_BOUND('',#654,.T.);
#447=FACE_OUTER_BOUND('',#655,.T.);
#448=FACE_OUTER_BOUND('',#656,.T.);
#449=FACE_OUTER_BOUND('',#657,.T.);
#450=FACE_OUTER_BOUND('',#658,.T.);
#451=FACE_OUTER_BOUND('',#660,.T.);
#452=FACE_OUTER_BOUND('',#661,.T.);
#453=FACE_OUTER_BOUND('',#662,.T.);
#454=FACE_OUTER_BOUND('',#663,.T.);
#455=FACE_OUTER_BOUND('',#665,.T.);
#456=FACE_OUTER_BOUND('',#666,.T.);
#457=FACE_OUTER_BOUND('',#667,.T.);
#458=FACE_OUTER_BOUND('',#668,.T.);
#459=FACE_OUTER_BOUND('',#670,.T.);
#460=EDGE_LOOP('',(#1456,#1457,#1458,#1459));
#461=EDGE_LOOP('',(#1460,#1461,#1462,#1463));
#462=EDGE_LOOP('',(#1464,#1465,#1466,#1467));
#463=EDGE_LOOP('',(#1468));
#464=EDGE_LOOP('',(#1469));
#465=EDGE_LOOP('',(#1470));
#466=EDGE_LOOP('',(#1471,#1472,#1473,#1474));
#467=EDGE_LOOP('',(#1475,#1476,#1477,#1478));
#468=EDGE_LOOP('',(#1479,#1480,#1481,#1482));
#469=EDGE_LOOP('',(#1483));
#470=EDGE_LOOP('',(#1484));
#471=EDGE_LOOP('',(#1485));
#472=EDGE_LOOP('',(#1486,#1487,#1488,#1489));
#473=EDGE_LOOP('',(#1490,#1491,#1492,#1493));
#474=EDGE_LOOP('',(#1494,#1495,#1496,#1497));
#475=EDGE_LOOP('',(#1498,#1499,#1500,#1501));
#476=EDGE_LOOP('',(#1502,#1503,#1504,#1505));
#477=EDGE_LOOP('',(#1506,#1507,#1508,#1509));
#478=EDGE_LOOP('',(#1510,#1511,#1512,#1513));
#479=EDGE_LOOP('',(#1514,#1515,#1516,#1517));
#480=EDGE_LOOP('',(#1518,#1519,#1520,#1521));
#481=EDGE_LOOP('',(#1522,#1523,#1524,#1525));
#482=EDGE_LOOP('',(#1526,#1527,#1528,#1529));
#483=EDGE_LOOP('',(#1530,#1531,#1532,#1533));
#484=EDGE_LOOP('',(#1534,#1535,#1536,#1537));
#485=EDGE_LOOP('',(#1538,#1539,#1540,#1541));
#486=EDGE_LOOP('',(#1542,#1543,#1544,#1545));
#487=EDGE_LOOP('',(#1546,#1547,#1548,#1549));
#488=EDGE_LOOP('',(#1550,#1551,#1552,#1553));
#489=EDGE_LOOP('',(#1554,#1555,#1556,#1557,#1558,#1559));
#490=EDGE_LOOP('',(#1560));
#491=EDGE_LOOP('',(#1561));
#492=EDGE_LOOP('',(#1562));
#493=EDGE_LOOP('',(#1563));
#494=EDGE_LOOP('',(#1564));
#495=EDGE_LOOP('',(#1565));
#496=EDGE_LOOP('',(#1566));
#497=EDGE_LOOP('',(#1567));
#498=EDGE_LOOP('',(#1568));
#499=EDGE_LOOP('',(#1569));
#500=EDGE_LOOP('',(#1570,#1571,#1572,#1573,#1574,#1575));
#501=EDGE_LOOP('',(#1576));
#502=EDGE_LOOP('',(#1577));
#503=EDGE_LOOP('',(#1578));
#504=EDGE_LOOP('',(#1579));
#505=EDGE_LOOP('',(#1580));
#506=EDGE_LOOP('',(#1581));
#507=EDGE_LOOP('',(#1582));
#508=EDGE_LOOP('',(#1583));
#509=EDGE_LOOP('',(#1584));
#510=EDGE_LOOP('',(#1585));
#511=EDGE_LOOP('',(#1586,#1587,#1588,#1589));
#512=EDGE_LOOP('',(#1590,#1591,#1592,#1593));
#513=EDGE_LOOP('',(#1594,#1595,#1596,#1597));
#514=EDGE_LOOP('',(#1598,#1599,#1600,#1601));
#515=EDGE_LOOP('',(#1602,#1603,#1604,#1605));
#516=EDGE_LOOP('',(#1606,#1607,#1608,#1609));
#517=EDGE_LOOP('',(#1610,#1611,#1612,#1613));
#518=EDGE_LOOP('',(#1614,#1615,#1616,#1617));
#519=EDGE_LOOP('',(#1618,#1619,#1620,#1621));
#520=EDGE_LOOP('',(#1622,#1623,#1624,#1625));
#521=EDGE_LOOP('',(#1626,#1627,#1628,#1629));
#522=EDGE_LOOP('',(#1630,#1631,#1632,#1633));
#523=EDGE_LOOP('',(#1634,#1635,#1636,#1637));
#524=EDGE_LOOP('',(#1638,#1639,#1640,#1641));
#525=EDGE_LOOP('',(#1642,#1643,#1644,#1645));
#526=EDGE_LOOP('',(#1646,#1647,#1648,#1649));
#527=EDGE_LOOP('',(#1650,#1651,#1652,#1653));
#528=EDGE_LOOP('',(#1654,#1655,#1656,#1657));
#529=EDGE_LOOP('',(#1658,#1659,#1660,#1661));
#530=EDGE_LOOP('',(#1662,#1663,#1664,#1665));
#531=EDGE_LOOP('',(#1666,#1667,#1668,#1669,#1670,#1671));
#532=EDGE_LOOP('',(#1672));
#533=EDGE_LOOP('',(#1673));
#534=EDGE_LOOP('',(#1674));
#535=EDGE_LOOP('',(#1675));
#536=EDGE_LOOP('',(#1676));
#537=EDGE_LOOP('',(#1677));
#538=EDGE_LOOP('',(#1678));
#539=EDGE_LOOP('',(#1679));
#540=EDGE_LOOP('',(#1680));
#541=EDGE_LOOP('',(#1681));
#542=EDGE_LOOP('',(#1682,#1683,#1684,#1685,#1686,#1687));
#543=EDGE_LOOP('',(#1688));
#544=EDGE_LOOP('',(#1689));
#545=EDGE_LOOP('',(#1690));
#546=EDGE_LOOP('',(#1691));
#547=EDGE_LOOP('',(#1692));
#548=EDGE_LOOP('',(#1693));
#549=EDGE_LOOP('',(#1694));
#550=EDGE_LOOP('',(#1695));
#551=EDGE_LOOP('',(#1696));
#552=EDGE_LOOP('',(#1697));
#553=EDGE_LOOP('',(#1698,#1699,#1700,#1701));
#554=EDGE_LOOP('',(#1702,#1703,#1704,#1705));
#555=EDGE_LOOP('',(#1706,#1707,#1708,#1709));
#556=EDGE_LOOP('',(#1710,#1711,#1712,#1713));
#557=EDGE_LOOP('',(#1714,#1715,#1716,#1717));
#558=EDGE_LOOP('',(#1718,#1719,#1720,#1721));
#559=EDGE_LOOP('',(#1722,#1723,#1724,#1725));
#560=EDGE_LOOP('',(#1726,#1727,#1728,#1729));
#561=EDGE_LOOP('',(#1730,#1731,#1732,#1733));
#562=EDGE_LOOP('',(#1734,#1735,#1736,#1737));
#563=EDGE_LOOP('',(#1738,#1739,#1740,#1741));
#564=EDGE_LOOP('',(#1742,#1743,#1744,#1745));
#565=EDGE_LOOP('',(#1746,#1747,#1748,#1749));
#566=EDGE_LOOP('',(#1750,#1751,#1752,#1753));
#567=EDGE_LOOP('',(#1754,#1755,#1756,#1757));
#568=EDGE_LOOP('',(#1758,#1759,#1760,#1761));
#569=EDGE_LOOP('',(#1762,#1763,#1764,#1765));
#570=EDGE_LOOP('',(#1766,#1767,#1768,#1769));
#571=EDGE_LOOP('',(#1770,#1771,#1772,#1773));
#572=EDGE_LOOP('',(#1774,#1775,#1776,#1777));
#573=EDGE_LOOP('',(#1778,#1779,#1780,#1781));
#574=EDGE_LOOP('',(#1782));
#575=EDGE_LOOP('',(#1783));
#576=EDGE_LOOP('',(#1784,#1785,#1786,#1787));
#577=EDGE_LOOP('',(#1788,#1789,#1790,#1791));
#578=EDGE_LOOP('',(#1792,#1793,#1794,#1795));
#579=EDGE_LOOP('',(#1796));
#580=EDGE_LOOP('',(#1797));
#581=EDGE_LOOP('',(#1798,#1799,#1800,#1801));
#582=EDGE_LOOP('',(#1802,#1803,#1804,#1805));
#583=EDGE_LOOP('',(#1806,#1807,#1808,#1809));
#584=EDGE_LOOP('',(#1810));
#585=EDGE_LOOP('',(#1811));
#586=EDGE_LOOP('',(#1812,#1813,#1814,#1815));
#587=EDGE_LOOP('',(#1816,#1817,#1818,#1819));
#588=EDGE_LOOP('',(#1820,#1821,#1822,#1823));
#589=EDGE_LOOP('',(#1824));
#590=EDGE_LOOP('',(#1825));
#591=EDGE_LOOP('',(#1826,#1827,#1828,#1829));
#592=EDGE_LOOP('',(#1830,#1831,#1832,#1833));
#593=EDGE_LOOP('',(#1834,#1835,#1836,#1837));
#594=EDGE_LOOP('',(#1838));
#595=EDGE_LOOP('',(#1839));
#596=EDGE_LOOP('',(#1840,#1841,#1842,#1843));
#597=EDGE_LOOP('',(#1844,#1845,#1846,#1847));
#598=EDGE_LOOP('',(#1848,#1849,#1850,#1851));
#599=EDGE_LOOP('',(#1852));
#600=EDGE_LOOP('',(#1853));
#601=EDGE_LOOP('',(#1854,#1855,#1856,#1857));
#602=EDGE_LOOP('',(#1858,#1859,#1860,#1861));
#603=EDGE_LOOP('',(#1862,#1863,#1864,#1865));
#604=EDGE_LOOP('',(#1866));
#605=EDGE_LOOP('',(#1867));
#606=EDGE_LOOP('',(#1868,#1869,#1870,#1871));
#607=EDGE_LOOP('',(#1872,#1873,#1874,#1875));
#608=EDGE_LOOP('',(#1876,#1877,#1878,#1879));
#609=EDGE_LOOP('',(#1880));
#610=EDGE_LOOP('',(#1881));
#611=EDGE_LOOP('',(#1882,#1883,#1884,#1885));
#612=EDGE_LOOP('',(#1886,#1887,#1888,#1889));
#613=EDGE_LOOP('',(#1890,#1891,#1892,#1893));
#614=EDGE_LOOP('',(#1894,#1895,#1896,#1897));
#615=EDGE_LOOP('',(#1898,#1899,#1900,#1901));
#616=EDGE_LOOP('',(#1902,#1903,#1904,#1905));
#617=EDGE_LOOP('',(#1906));
#618=EDGE_LOOP('',(#1907));
#619=EDGE_LOOP('',(#1908,#1909,#1910,#1911));
#620=EDGE_LOOP('',(#1912,#1913,#1914,#1915));
#621=EDGE_LOOP('',(#1916,#1917,#1918,#1919));
#622=EDGE_LOOP('',(#1920));
#623=EDGE_LOOP('',(#1921));
#624=EDGE_LOOP('',(#1922,#1923,#1924,#1925));
#625=EDGE_LOOP('',(#1926,#1927,#1928,#1929));
#626=EDGE_LOOP('',(#1930,#1931,#1932,#1933));
#627=EDGE_LOOP('',(#1934));
#628=EDGE_LOOP('',(#1935));
#629=EDGE_LOOP('',(#1936,#1937,#1938,#1939));
#630=EDGE_LOOP('',(#1940,#1941,#1942,#1943));
#631=EDGE_LOOP('',(#1944,#1945,#1946,#1947));
#632=EDGE_LOOP('',(#1948));
#633=EDGE_LOOP('',(#1949));
#634=EDGE_LOOP('',(#1950,#1951,#1952,#1953));
#635=EDGE_LOOP('',(#1954,#1955,#1956,#1957));
#636=EDGE_LOOP('',(#1958,#1959,#1960,#1961));
#637=EDGE_LOOP('',(#1962));
#638=EDGE_LOOP('',(#1963));
#639=EDGE_LOOP('',(#1964,#1965,#1966,#1967));
#640=EDGE_LOOP('',(#1968,#1969,#1970,#1971));
#641=EDGE_LOOP('',(#1972,#1973,#1974,#1975));
#642=EDGE_LOOP('',(#1976));
#643=EDGE_LOOP('',(#1977));
#644=EDGE_LOOP('',(#1978,#1979,#1980,#1981));
#645=EDGE_LOOP('',(#1982,#1983,#1984,#1985));
#646=EDGE_LOOP('',(#1986,#1987,#1988,#1989));
#647=EDGE_LOOP('',(#1990));
#648=EDGE_LOOP('',(#1991));
#649=EDGE_LOOP('',(#1992,#1993,#1994,#1995));
#650=EDGE_LOOP('',(#1996,#1997,#1998,#1999));
#651=EDGE_LOOP('',(#2000,#2001,#2002,#2003));
#652=EDGE_LOOP('',(#2004));
#653=EDGE_LOOP('',(#2005));
#654=EDGE_LOOP('',(#2006,#2007,#2008,#2009));
#655=EDGE_LOOP('',(#2010,#2011,#2012,#2013));
#656=EDGE_LOOP('',(#2014,#2015,#2016,#2017));
#657=EDGE_LOOP('',(#2018,#2019,#2020,#2021));
#658=EDGE_LOOP('',(#2022));
#659=EDGE_LOOP('',(#2023));
#660=EDGE_LOOP('',(#2024,#2025,#2026,#2027));
#661=EDGE_LOOP('',(#2028,#2029,#2030,#2031));
#662=EDGE_LOOP('',(#2032,#2033,#2034,#2035));
#663=EDGE_LOOP('',(#2036));
#664=EDGE_LOOP('',(#2037));
#665=EDGE_LOOP('',(#2038,#2039,#2040,#2041));
#666=EDGE_LOOP('',(#2042,#2043,#2044,#2045));
#667=EDGE_LOOP('',(#2046,#2047,#2048,#2049));
#668=EDGE_LOOP('',(#2050));
#669=EDGE_LOOP('',(#2051));
#670=EDGE_LOOP('',(#2052,#2053,#2054,#2055));
#671=LINE('',#3307,#826);
#672=LINE('',#3309,#827);
#673=LINE('',#3311,#828);
#674=LINE('',#3312,#829);
#675=LINE('',#3316,#830);
#676=LINE('',#3321,#831);
#677=LINE('',#3323,#832);
#678=LINE('',#3324,#833);
#679=LINE('',#3334,#834);
#680=LINE('',#3335,#835);
#681=LINE('',#3336,#836);
#682=LINE('',#3340,#837);
#683=LINE('',#3341,#838);
#684=LINE('',#3342,#839);
#685=LINE('',#3346,#840);
#686=LINE('',#3347,#841);
#687=LINE('',#3348,#842);
#688=LINE('',#3357,#843);
#689=LINE('',#3359,#844);
#690=LINE('',#3360,#845);
#691=LINE('',#3366,#846);
#692=LINE('',#3369,#847);
#693=LINE('',#3373,#848);
#694=LINE('',#3376,#849);
#695=LINE('',#3379,#850);
#696=LINE('',#3380,#851);
#697=LINE('',#3383,#852);
#698=LINE('',#3384,#853);
#699=LINE('',#3387,#854);
#700=LINE('',#3388,#855);
#701=LINE('',#3391,#856);
#702=LINE('',#3392,#857);
#703=LINE('',#3398,#858);
#704=LINE('',#3401,#859);
#705=LINE('',#3405,#860);
#706=LINE('',#3409,#861);
#707=LINE('',#3413,#862);
#708=LINE('',#3416,#863);
#709=LINE('',#3417,#864);
#710=LINE('',#3420,#865);
#711=LINE('',#3422,#866);
#712=LINE('',#3423,#867);
#713=LINE('',#3426,#868);
#714=LINE('',#3427,#869);
#715=LINE('',#3433,#870);
#716=LINE('',#3435,#871);
#717=LINE('',#3437,#872);
#718=LINE('',#3468,#873);
#719=LINE('',#3491,#874);
#720=LINE('',#3494,#875);
#721=LINE('',#3497,#876);
#722=LINE('',#3498,#877);
#723=LINE('',#3504,#878);
#724=LINE('',#3507,#879);
#725=LINE('',#3511,#880);
#726=LINE('',#3514,#881);
#727=LINE('',#3517,#882);
#728=LINE('',#3518,#883);
#729=LINE('',#3522,#884);
#730=LINE('',#3527,#885);
#731=LINE('',#3530,#886);
#732=LINE('',#3534,#887);
#733=LINE('',#3537,#888);
#734=LINE('',#3538,#889);
#735=LINE('',#3542,#890);
#736=LINE('',#3545,#891);
#737=LINE('',#3547,#892);
#738=LINE('',#3548,#893);
#739=LINE('',#3551,#894);
#740=LINE('',#3552,#895);
#741=LINE('',#3555,#896);
#742=LINE('',#3556,#897);
#743=LINE('',#3559,#898);
#744=LINE('',#3560,#899);
#745=LINE('',#3563,#900);
#746=LINE('',#3565,#901);
#747=LINE('',#3566,#902);
#748=LINE('',#3570,#903);
#749=LINE('',#3573,#904);
#750=LINE('',#3574,#905);
#751=LINE('',#3578,#906);
#752=LINE('',#3605,#907);
#753=LINE('',#3628,#908);
#754=LINE('',#3630,#909);
#755=LINE('',#3643,#910);
#756=LINE('',#3645,#911);
#757=LINE('',#3647,#912);
#758=LINE('',#3653,#913);
#759=LINE('',#3654,#914);
#760=LINE('',#3656,#915);
#761=LINE('',#3657,#916);
#762=LINE('',#3661,#917);
#763=LINE('',#3663,#918);
#764=LINE('',#3665,#919);
#765=LINE('',#3672,#920);
#766=LINE('',#3676,#921);
#767=LINE('',#3682,#922);
#768=LINE('',#3685,#923);
#769=LINE('',#3689,#924);
#770=LINE('',#3695,#925);
#771=LINE('',#3698,#926);
#772=LINE('',#3702,#927);
#773=LINE('',#3708,#928);
#774=LINE('',#3711,#929);
#775=LINE('',#3715,#930);
#776=LINE('',#3721,#931);
#777=LINE('',#3724,#932);
#778=LINE('',#3728,#933);
#779=LINE('',#3734,#934);
#780=LINE('',#3737,#935);
#781=LINE('',#3741,#936);
#782=LINE('',#3747,#937);
#783=LINE('',#3750,#938);
#784=LINE('',#3754,#939);
#785=LINE('',#3760,#940);
#786=LINE('',#3763,#941);
#787=LINE('',#3767,#942);
#788=LINE('',#3773,#943);
#789=LINE('',#3775,#944);
#790=LINE('',#3777,#945);
#791=LINE('',#3779,#946);
#792=LINE('',#3782,#947);
#793=LINE('',#3786,#948);
#794=LINE('',#3792,#949);
#795=LINE('',#3795,#950);
#796=LINE('',#3799,#951);
#797=LINE('',#3805,#952);
#798=LINE('',#3808,#953);
#799=LINE('',#3812,#954);
#800=LINE('',#3818,#955);
#801=LINE('',#3821,#956);
#802=LINE('',#3825,#957);
#803=LINE('',#3831,#958);
#804=LINE('',#3834,#959);
#805=LINE('',#3838,#960);
#806=LINE('',#3844,#961);
#807=LINE('',#3847,#962);
#808=LINE('',#3851,#963);
#809=LINE('',#3857,#964);
#810=LINE('',#3860,#965);
#811=LINE('',#3864,#966);
#812=LINE('',#3870,#967);
#813=LINE('',#3873,#968);
#814=LINE('',#3877,#969);
#815=LINE('',#3883,#970);
#816=LINE('',#3885,#971);
#817=LINE('',#3888,#972);
#818=LINE('',#3892,#973);
#819=LINE('',#3898,#974);
#820=LINE('',#3901,#975);
#821=LINE('',#3905,#976);
#822=LINE('',#3911,#977);
#823=LINE('',#3914,#978);
#824=LINE('',#3918,#979);
#825=LINE('',#3924,#980);
#826=VECTOR('',#2568,40.);
#827=VECTOR('',#2569,19.5563491860987);
#828=VECTOR('',#2570,40.);
#829=VECTOR('',#2571,19.5563491860987);
#830=VECTOR('',#2574,40.);
#831=VECTOR('',#2581,65.58578643763);
#832=VECTOR('',#2582,40.);
#833=VECTOR('',#2583,65.58578643763);
#834=VECTOR('',#2592,65.58578646894);
#835=VECTOR('',#2593,2.500000000783);
#836=VECTOR('',#2594,2.500000006553);
#837=VECTOR('',#2597,65.58578645328);
#838=VECTOR('',#2598,0.707106780632703);
#839=VECTOR('',#2599,0.707106776552552);
#840=VECTOR('',#2602,65.58578645328);
#841=VECTOR('',#2603,38.99999999633);
#842=VECTOR('',#2604,38.99999999633);
#843=VECTOR('',#2613,0.707106780632653);
#844=VECTOR('',#2614,65.58578646894);
#845=VECTOR('',#2615,0.707106776552552);
#846=VECTOR('',#2622,0.707106781032826);
#847=VECTOR('',#2625,38.99999999636);
#848=VECTOR('',#2630,0.707106776194776);
#849=VECTOR('',#2635,2.50000000706001);
#850=VECTOR('',#2638,19.5563493953601);
#851=VECTOR('',#2639,2.49999998255302);
#852=VECTOR('',#2642,19.5563494176301);
#853=VECTOR('',#2643,0.707106777074177);
#854=VECTOR('',#2646,19.5563494145701);
#855=VECTOR('',#2647,39.00000004071);
#856=VECTOR('',#2650,19.5563493892301);
#857=VECTOR('',#2651,0.707106777074177);
#858=VECTOR('',#2658,0.707106781148002);
#859=VECTOR('',#2661,39.00000000038);
#860=VECTOR('',#2666,0.707106781147953);
#861=VECTOR('',#2671,2.499999999837);
#862=VECTOR('',#2676,40.);
#863=VECTOR('',#2681,2.49999998255202);
#864=VECTOR('',#2682,2.499999999837);
#865=VECTOR('',#2685,27.66015553922);
#866=VECTOR('',#2686,27.66015593117);
#867=VECTOR('',#2687,2.49999998795503);
#868=VECTOR('',#2690,27.66015539564);
#869=VECTOR('',#2691,0.707106774940667);
#870=VECTOR('',#2696,27.66015531505);
#871=VECTOR('',#2697,39.00000000038);
#872=VECTOR('',#2698,40.40775778486);
#873=VECTOR('',#2731,40.40775778326);
#874=VECTOR('',#2754,0.707106775744591);
#875=VECTOR('',#2757,0.707106777181872);
#876=VECTOR('',#2760,27.66015548025);
#877=VECTOR('',#2761,0.707106781147953);
#878=VECTOR('',#2768,0.707106777074077);
#879=VECTOR('',#2771,39.00000004071);
#880=VECTOR('',#2776,0.707106777074077);
#881=VECTOR('',#2779,0.707106781147953);
#882=VECTOR('',#2782,40.40775783516);
#883=VECTOR('',#2783,0.707106779333854);
#884=VECTOR('',#2788,0.707106780529912);
#885=VECTOR('',#2795,2.499999998886);
#886=VECTOR('',#2798,2.49999998976901);
#887=VECTOR('',#2803,2.49999999227704);
#888=VECTOR('',#2806,27.66015593117);
#889=VECTOR('',#2807,2.499999999837);
#890=VECTOR('',#2812,2.49999998255302);
#891=VECTOR('',#2815,19.5563493953601);
#892=VECTOR('',#2816,19.5563491860987);
#893=VECTOR('',#2817,2.50000000705901);
#894=VECTOR('',#2820,19.5563494176301);
#895=VECTOR('',#2821,0.707106776194676);
#896=VECTOR('',#2824,38.99999999636);
#897=VECTOR('',#2825,19.5563494145701);
#898=VECTOR('',#2828,0.707106781032926);
#899=VECTOR('',#2829,19.5563493892301);
#900=VECTOR('',#2832,2.50000000021701);
#901=VECTOR('',#2833,19.5563491860987);
#902=VECTOR('',#2834,2.49999998255302);
#903=VECTOR('',#2839,2.499999999837);
#904=VECTOR('',#2842,40.40775797275);
#905=VECTOR('',#2843,2.499999996427);
#906=VECTOR('',#2850,40.);
#907=VECTOR('',#2877,40.40775797275);
#908=VECTOR('',#2902,40.);
#909=VECTOR('',#2905,40.);
#910=VECTOR('',#2930,2.500000000783);
#911=VECTOR('',#2933,2.500000006553);
#912=VECTOR('',#2936,2.50000000021701);
#913=VECTOR('',#2943,2.49999999332602);
#914=VECTOR('',#2944,2.499999998241);
#915=VECTOR('',#2947,0.707106777647062);
#916=VECTOR('',#2948,0.707106780138022);
#917=VECTOR('',#2953,0.707106780064804);
#918=VECTOR('',#2956,40.40775783399);
#919=VECTOR('',#2959,2.499999997837);
#920=VECTOR('',#2970,1.6);
#921=VECTOR('',#2975,2.3);
#922=VECTOR('',#2984,3.25);
#923=VECTOR('',#2987,1.6);
#924=VECTOR('',#2992,2.3);
#925=VECTOR('',#3001,3.25);
#926=VECTOR('',#3004,1.6);
#927=VECTOR('',#3009,2.3);
#928=VECTOR('',#3018,3.25);
#929=VECTOR('',#3021,1.6);
#930=VECTOR('',#3026,2.3);
#931=VECTOR('',#3035,3.25);
#932=VECTOR('',#3038,1.6);
#933=VECTOR('',#3043,2.3);
#934=VECTOR('',#3052,3.25);
#935=VECTOR('',#3055,1.6);
#936=VECTOR('',#3060,2.3);
#937=VECTOR('',#3069,3.25);
#938=VECTOR('',#3072,1.6);
#939=VECTOR('',#3077,2.3);
#940=VECTOR('',#3086,3.25);
#941=VECTOR('',#3089,1.6);
#942=VECTOR('',#3094,2.3);
#943=VECTOR('',#3103,3.25);
#944=VECTOR('',#3106,3.5);
#945=VECTOR('',#3109,22.5);
#946=VECTOR('',#3112,22.5);
#947=VECTOR('',#3115,1.6);
#948=VECTOR('',#3120,2.3);
#949=VECTOR('',#3129,3.25);
#950=VECTOR('',#3132,1.6);
#951=VECTOR('',#3137,2.3);
#952=VECTOR('',#3146,3.25);
#953=VECTOR('',#3149,1.6);
#954=VECTOR('',#3154,2.3);
#955=VECTOR('',#3163,3.25);
#956=VECTOR('',#3166,1.6);
#957=VECTOR('',#3171,2.3);
#958=VECTOR('',#3180,3.25);
#959=VECTOR('',#3183,1.6);
#960=VECTOR('',#3188,2.3);
#961=VECTOR('',#3197,3.25);
#962=VECTOR('',#3200,1.6);
#963=VECTOR('',#3205,2.3);
#964=VECTOR('',#3214,3.25);
#965=VECTOR('',#3217,1.6);
#966=VECTOR('',#3222,2.3);
#967=VECTOR('',#3231,3.25);
#968=VECTOR('',#3234,1.6);
#969=VECTOR('',#3239,2.3);
#970=VECTOR('',#3248,3.25);
#971=VECTOR('',#3251,3.5);
#972=VECTOR('',#3254,1.6);
#973=VECTOR('',#3259,2.3);
#974=VECTOR('',#3268,3.25);
#975=VECTOR('',#3271,1.6);
#976=VECTOR('',#3276,2.3);
#977=VECTOR('',#3285,3.25);
#978=VECTOR('',#3288,1.6);
#979=VECTOR('',#3293,2.3);
#980=VECTOR('',#3302,3.25);
#981=VERTEX_POINT('',#3305);
#982=VERTEX_POINT('',#3306);
#983=VERTEX_POINT('',#3308);
#984=VERTEX_POINT('',#3310);
#985=VERTEX_POINT('',#3314);
#986=VERTEX_POINT('',#3315);
#987=VERTEX_POINT('',#3320);
#988=VERTEX_POINT('',#3322);
#989=VERTEX_POINT('',#3325);
#990=VERTEX_POINT('',#3327);
#991=VERTEX_POINT('',#3329);
#992=VERTEX_POINT('',#3332);
#993=VERTEX_POINT('',#3333);
#994=VERTEX_POINT('',#3338);
#995=VERTEX_POINT('',#3339);
#996=VERTEX_POINT('',#3344);
#997=VERTEX_POINT('',#3345);
#998=VERTEX_POINT('',#3349);
#999=VERTEX_POINT('',#3351);
#1000=VERTEX_POINT('',#3353);
#1001=VERTEX_POINT('',#3356);
#1002=VERTEX_POINT('',#3358);
#1003=VERTEX_POINT('',#3362);
#1004=VERTEX_POINT('',#3364);
#1005=VERTEX_POINT('',#3368);
#1006=VERTEX_POINT('',#3372);
#1007=VERTEX_POINT('',#3378);
#1008=VERTEX_POINT('',#3382);
#1009=VERTEX_POINT('',#3386);
#1010=VERTEX_POINT('',#3390);
#1011=VERTEX_POINT('',#3394);
#1012=VERTEX_POINT('',#3396);
#1013=VERTEX_POINT('',#3400);
#1014=VERTEX_POINT('',#3404);
#1015=VERTEX_POINT('',#3408);
#1016=VERTEX_POINT('',#3412);
#1017=VERTEX_POINT('',#3419);
#1018=VERTEX_POINT('',#3421);
#1019=VERTEX_POINT('',#3425);
#1020=VERTEX_POINT('',#3429);
#1021=VERTEX_POINT('',#3430);
#1022=VERTEX_POINT('',#3432);
#1023=VERTEX_POINT('',#3434);
#1024=VERTEX_POINT('',#3436);
#1025=VERTEX_POINT('',#3438);
#1026=VERTEX_POINT('',#3441);
#1027=VERTEX_POINT('',#3443);
#1028=VERTEX_POINT('',#3445);
#1029=VERTEX_POINT('',#3447);
#1030=VERTEX_POINT('',#3449);
#1031=VERTEX_POINT('',#3451);
#1032=VERTEX_POINT('',#3453);
#1033=VERTEX_POINT('',#3455);
#1034=VERTEX_POINT('',#3457);
#1035=VERTEX_POINT('',#3459);
#1036=VERTEX_POINT('',#3462);
#1037=VERTEX_POINT('',#3464);
#1038=VERTEX_POINT('',#3466);
#1039=VERTEX_POINT('',#3469);
#1040=VERTEX_POINT('',#3471);
#1041=VERTEX_POINT('',#3473);
#1042=VERTEX_POINT('',#3475);
#1043=VERTEX_POINT('',#3477);
#1044=VERTEX_POINT('',#3479);
#1045=VERTEX_POINT('',#3481);
#1046=VERTEX_POINT('',#3483);
#1047=VERTEX_POINT('',#3485);
#1048=VERTEX_POINT('',#3487);
#1049=VERTEX_POINT('',#3490);
#1050=VERTEX_POINT('',#3492);
#1051=VERTEX_POINT('',#3496);
#1052=VERTEX_POINT('',#3500);
#1053=VERTEX_POINT('',#3502);
#1054=VERTEX_POINT('',#3506);
#1055=VERTEX_POINT('',#3510);
#1056=VERTEX_POINT('',#3512);
#1057=VERTEX_POINT('',#3516);
#1058=VERTEX_POINT('',#3520);
#1059=VERTEX_POINT('',#3526);
#1060=VERTEX_POINT('',#3528);
#1061=VERTEX_POINT('',#3532);
#1062=VERTEX_POINT('',#3536);
#1063=VERTEX_POINT('',#3540);
#1064=VERTEX_POINT('',#3544);
#1065=VERTEX_POINT('',#3546);
#1066=VERTEX_POINT('',#3550);
#1067=VERTEX_POINT('',#3554);
#1068=VERTEX_POINT('',#3558);
#1069=VERTEX_POINT('',#3562);
#1070=VERTEX_POINT('',#3564);
#1071=VERTEX_POINT('',#3568);
#1072=VERTEX_POINT('',#3572);
#1073=VERTEX_POINT('',#3579);
#1074=VERTEX_POINT('',#3581);
#1075=VERTEX_POINT('',#3583);
#1076=VERTEX_POINT('',#3585);
#1077=VERTEX_POINT('',#3587);
#1078=VERTEX_POINT('',#3589);
#1079=VERTEX_POINT('',#3591);
#1080=VERTEX_POINT('',#3593);
#1081=VERTEX_POINT('',#3595);
#1082=VERTEX_POINT('',#3597);
#1083=VERTEX_POINT('',#3600);
#1084=VERTEX_POINT('',#3601);
#1085=VERTEX_POINT('',#3604);
#1086=VERTEX_POINT('',#3607);
#1087=VERTEX_POINT('',#3609);
#1088=VERTEX_POINT('',#3611);
#1089=VERTEX_POINT('',#3613);
#1090=VERTEX_POINT('',#3615);
#1091=VERTEX_POINT('',#3617);
#1092=VERTEX_POINT('',#3619);
#1093=VERTEX_POINT('',#3621);
#1094=VERTEX_POINT('',#3623);
#1095=VERTEX_POINT('',#3625);
#1096=VERTEX_POINT('',#3650);
#1097=VERTEX_POINT('',#3651);
#1098=VERTEX_POINT('',#3659);
#1099=VERTEX_POINT('',#3671);
#1100=VERTEX_POINT('',#3675);
#1101=VERTEX_POINT('',#3679);
#1102=VERTEX_POINT('',#3684);
#1103=VERTEX_POINT('',#3688);
#1104=VERTEX_POINT('',#3692);
#1105=VERTEX_POINT('',#3697);
#1106=VERTEX_POINT('',#3701);
#1107=VERTEX_POINT('',#3705);
#1108=VERTEX_POINT('',#3710);
#1109=VERTEX_POINT('',#3714);
#1110=VERTEX_POINT('',#3718);
#1111=VERTEX_POINT('',#3723);
#1112=VERTEX_POINT('',#3727);
#1113=VERTEX_POINT('',#3731);
#1114=VERTEX_POINT('',#3736);
#1115=VERTEX_POINT('',#3740);
#1116=VERTEX_POINT('',#3744);
#1117=VERTEX_POINT('',#3749);
#1118=VERTEX_POINT('',#3753);
#1119=VERTEX_POINT('',#3757);
#1120=VERTEX_POINT('',#3762);
#1121=VERTEX_POINT('',#3766);
#1122=VERTEX_POINT('',#3770);
#1123=VERTEX_POINT('',#3781);
#1124=VERTEX_POINT('',#3785);
#1125=VERTEX_POINT('',#3789);
#1126=VERTEX_POINT('',#3794);
#1127=VERTEX_POINT('',#3798);
#1128=VERTEX_POINT('',#3802);
#1129=VERTEX_POINT('',#3807);
#1130=VERTEX_POINT('',#3811);
#1131=VERTEX_POINT('',#3815);
#1132=VERTEX_POINT('',#3820);
#1133=VERTEX_POINT('',#3824);
#1134=VERTEX_POINT('',#3828);
#1135=VERTEX_POINT('',#3833);
#1136=VERTEX_POINT('',#3837);
#1137=VERTEX_POINT('',#3841);
#1138=VERTEX_POINT('',#3846);
#1139=VERTEX_POINT('',#3850);
#1140=VERTEX_POINT('',#3854);
#1141=VERTEX_POINT('',#3859);
#1142=VERTEX_POINT('',#3863);
#1143=VERTEX_POINT('',#3867);
#1144=VERTEX_POINT('',#3872);
#1145=VERTEX_POINT('',#3876);
#1146=VERTEX_POINT('',#3880);
#1147=VERTEX_POINT('',#3887);
#1148=VERTEX_POINT('',#3891);
#1149=VERTEX_POINT('',#3895);
#1150=VERTEX_POINT('',#3900);
#1151=VERTEX_POINT('',#3904);
#1152=VERTEX_POINT('',#3908);
#1153=VERTEX_POINT('',#3913);
#1154=VERTEX_POINT('',#3917);
#1155=VERTEX_POINT('',#3921);
#1156=EDGE_CURVE('',#981,#982,#671,.T.);
#1157=EDGE_CURVE('',#983,#982,#672,.T.);
#1158=EDGE_CURVE('',#984,#983,#673,.T.);
#1159=EDGE_CURVE('',#981,#984,#674,.T.);
#1160=EDGE_CURVE('',#985,#986,#675,.T.);
#1161=EDGE_CURVE('',#982,#986,#113,.T.);
#1162=EDGE_CURVE('',#985,#981,#114,.T.);
#1163=EDGE_CURVE('',#985,#987,#676,.T.);
#1164=EDGE_CURVE('',#988,#987,#677,.T.);
#1165=EDGE_CURVE('',#988,#986,#678,.T.);
#1166=EDGE_CURVE('',#989,#989,#115,.T.);
#1167=EDGE_CURVE('',#990,#990,#116,.T.);
#1168=EDGE_CURVE('',#991,#991,#117,.T.);
#1169=EDGE_CURVE('',#992,#993,#679,.T.);
#1170=EDGE_CURVE('',#986,#992,#680,.T.);
#1171=EDGE_CURVE('',#988,#993,#681,.T.);
#1172=EDGE_CURVE('',#994,#995,#682,.T.);
#1173=EDGE_CURVE('',#994,#992,#683,.T.);
#1174=EDGE_CURVE('',#995,#993,#684,.T.);
#1175=EDGE_CURVE('',#996,#997,#685,.T.);
#1176=EDGE_CURVE('',#997,#994,#686,.T.);
#1177=EDGE_CURVE('',#995,#996,#687,.T.);
#1178=EDGE_CURVE('',#998,#998,#118,.T.);
#1179=EDGE_CURVE('',#999,#999,#119,.T.);
#1180=EDGE_CURVE('',#1000,#1000,#120,.T.);
#1181=EDGE_CURVE('',#996,#1001,#688,.T.);
#1182=EDGE_CURVE('',#1001,#1002,#689,.T.);
#1183=EDGE_CURVE('',#997,#1002,#690,.T.);
#1184=EDGE_CURVE('',#997,#1003,#121,.T.);
#1185=EDGE_CURVE('',#1002,#1004,#122,.T.);
#1186=EDGE_CURVE('',#1003,#1004,#691,.T.);
#1187=EDGE_CURVE('',#1003,#1005,#692,.T.);
#1188=EDGE_CURVE('',#1005,#994,#123,.T.);
#1189=EDGE_CURVE('',#1005,#1006,#693,.T.);
#1190=EDGE_CURVE('',#1006,#992,#124,.T.);
#1191=EDGE_CURVE('',#982,#1006,#694,.T.);
#1192=EDGE_CURVE('',#1007,#1006,#695,.T.);
#1193=EDGE_CURVE('',#1007,#983,#696,.T.);
#1194=EDGE_CURVE('',#1008,#1005,#697,.T.);
#1195=EDGE_CURVE('',#1008,#1007,#698,.T.);
#1196=EDGE_CURVE('',#1003,#1009,#699,.T.);
#1197=EDGE_CURVE('',#1009,#1008,#700,.T.);
#1198=EDGE_CURVE('',#1004,#1010,#701,.T.);
#1199=EDGE_CURVE('',#1009,#1010,#702,.T.);
#1200=EDGE_CURVE('',#1009,#1011,#125,.T.);
#1201=EDGE_CURVE('',#1010,#1012,#126,.T.);
#1202=EDGE_CURVE('',#1011,#1012,#703,.T.);
#1203=EDGE_CURVE('',#1011,#1013,#704,.T.);
#1204=EDGE_CURVE('',#1013,#1008,#127,.T.);
#1205=EDGE_CURVE('',#1013,#1014,#705,.T.);
#1206=EDGE_CURVE('',#1014,#1007,#128,.T.);
#1207=EDGE_CURVE('',#1014,#1015,#706,.T.);
#1208=EDGE_CURVE('',#983,#1015,#129,.T.);
#1209=EDGE_CURVE('',#1016,#1015,#707,.T.);
#1210=EDGE_CURVE('',#984,#1016,#130,.T.);
#1211=EDGE_CURVE('',#1010,#984,#708,.T.);
#1212=EDGE_CURVE('',#1012,#1016,#709,.T.);
#1213=EDGE_CURVE('',#1012,#1017,#710,.T.);
#1214=EDGE_CURVE('',#1016,#1018,#711,.T.);
#1215=EDGE_CURVE('',#1018,#1017,#712,.T.);
#1216=EDGE_CURVE('',#1011,#1019,#713,.T.);
#1217=EDGE_CURVE('',#1019,#1017,#714,.T.);
#1218=EDGE_CURVE('',#1020,#1021,#131,.T.);
#1219=EDGE_CURVE('',#1021,#1022,#715,.T.);
#1220=EDGE_CURVE('',#1023,#1022,#716,.T.);
#1221=EDGE_CURVE('',#1023,#1024,#717,.T.);
#1222=EDGE_CURVE('',#1024,#1025,#132,.T.);
#1223=EDGE_CURVE('',#1025,#1020,#133,.T.);
#1224=EDGE_CURVE('',#1026,#1026,#134,.T.);
#1225=EDGE_CURVE('',#1027,#1027,#135,.T.);
#1226=EDGE_CURVE('',#1028,#1028,#136,.T.);
#1227=EDGE_CURVE('',#1029,#1029,#137,.T.);
#1228=EDGE_CURVE('',#1030,#1030,#138,.T.);
#1229=EDGE_CURVE('',#1031,#1031,#139,.T.);
#1230=EDGE_CURVE('',#1032,#1032,#140,.T.);
#1231=EDGE_CURVE('',#1033,#1033,#141,.T.);
#1232=EDGE_CURVE('',#1034,#1034,#142,.T.);
#1233=EDGE_CURVE('',#1035,#1035,#143,.T.);
#1234=EDGE_CURVE('',#1019,#1036,#144,.T.);
#1235=EDGE_CURVE('',#1036,#1037,#145,.T.);
#1236=EDGE_CURVE('',#1037,#1038,#146,.T.);
#1237=EDGE_CURVE('',#1038,#1013,#718,.T.);
#1238=EDGE_CURVE('',#1039,#1039,#147,.T.);
#1239=EDGE_CURVE('',#1040,#1040,#148,.T.);
#1240=EDGE_CURVE('',#1041,#1041,#149,.T.);
#1241=EDGE_CURVE('',#1042,#1042,#150,.T.);
#1242=EDGE_CURVE('',#1043,#1043,#151,.T.);
#1243=EDGE_CURVE('',#1044,#1044,#152,.T.);
#1244=EDGE_CURVE('',#1045,#1045,#153,.T.);
#1245=EDGE_CURVE('',#1046,#1046,#154,.T.);
#1246=EDGE_CURVE('',#1047,#1047,#155,.T.);
#1247=EDGE_CURVE('',#1048,#1048,#156,.T.);
#1248=EDGE_CURVE('',#1020,#1049,#719,.T.);
#1249=EDGE_CURVE('',#1049,#1050,#157,.T.);
#1250=EDGE_CURVE('',#1021,#1050,#720,.T.);
#1251=EDGE_CURVE('',#1050,#1051,#721,.T.);
#1252=EDGE_CURVE('',#1022,#1051,#722,.T.);
#1253=EDGE_CURVE('',#1022,#1052,#158,.T.);
#1254=EDGE_CURVE('',#1051,#1053,#159,.T.);
#1255=EDGE_CURVE('',#1052,#1053,#723,.T.);
#1256=EDGE_CURVE('',#1054,#1052,#724,.T.);
#1257=EDGE_CURVE('',#1054,#1023,#160,.T.);
#1258=EDGE_CURVE('',#1054,#1055,#725,.T.);
#1259=EDGE_CURVE('',#1055,#1056,#161,.T.);
#1260=EDGE_CURVE('',#1023,#1056,#726,.T.);
#1261=EDGE_CURVE('',#1056,#1057,#727,.T.);
#1262=EDGE_CURVE('',#1024,#1057,#728,.T.);
#1263=EDGE_CURVE('',#1057,#1058,#162,.T.);
#1264=EDGE_CURVE('',#1025,#1058,#729,.T.);
#1265=EDGE_CURVE('',#1058,#1049,#163,.T.);
#1266=EDGE_CURVE('',#1059,#1058,#730,.T.);
#1267=EDGE_CURVE('',#1059,#1060,#164,.T.);
#1268=EDGE_CURVE('',#1060,#1049,#731,.T.);
#1269=EDGE_CURVE('',#1061,#1060,#165,.T.);
#1270=EDGE_CURVE('',#1061,#1050,#732,.T.);
#1271=EDGE_CURVE('',#1061,#1062,#733,.T.);
#1272=EDGE_CURVE('',#1051,#1062,#734,.T.);
#1273=EDGE_CURVE('',#1063,#1062,#166,.T.);
#1274=EDGE_CURVE('',#1053,#1063,#735,.T.);
#1275=EDGE_CURVE('',#1053,#1064,#736,.T.);
#1276=EDGE_CURVE('',#1063,#1065,#737,.T.);
#1277=EDGE_CURVE('',#1065,#1064,#738,.T.);
#1278=EDGE_CURVE('',#1052,#1066,#739,.T.);
#1279=EDGE_CURVE('',#1066,#1064,#740,.T.);
#1280=EDGE_CURVE('',#1067,#1066,#741,.T.);
#1281=EDGE_CURVE('',#1067,#1054,#742,.T.);
#1282=EDGE_CURVE('',#1067,#1068,#743,.T.);
#1283=EDGE_CURVE('',#1068,#1055,#744,.T.);
#1284=EDGE_CURVE('',#1069,#1068,#745,.T.);
#1285=EDGE_CURVE('',#1069,#1070,#746,.T.);
#1286=EDGE_CURVE('',#1055,#1070,#747,.T.);
#1287=EDGE_CURVE('',#1070,#1071,#167,.T.);
#1288=EDGE_CURVE('',#1056,#1071,#748,.T.);
#1289=EDGE_CURVE('',#1071,#1072,#749,.T.);
#1290=EDGE_CURVE('',#1072,#1057,#750,.T.);
#1291=EDGE_CURVE('',#1059,#1072,#168,.T.);
#1292=EDGE_CURVE('',#1071,#1062,#751,.T.);
#1293=EDGE_CURVE('',#1073,#1073,#169,.T.);
#1294=EDGE_CURVE('',#1074,#1074,#170,.T.);
#1295=EDGE_CURVE('',#1075,#1075,#171,.T.);
#1296=EDGE_CURVE('',#1076,#1076,#172,.T.);
#1297=EDGE_CURVE('',#1077,#1077,#173,.T.);
#1298=EDGE_CURVE('',#1078,#1078,#174,.T.);
#1299=EDGE_CURVE('',#1079,#1079,#175,.T.);
#1300=EDGE_CURVE('',#1080,#1080,#176,.T.);
#1301=EDGE_CURVE('',#1081,#1081,#177,.T.);
#1302=EDGE_CURVE('',#1082,#1082,#178,.T.);
#1303=EDGE_CURVE('',#1083,#1084,#179,.T.);
#1304=EDGE_CURVE('',#1083,#1018,#180,.T.);
#1305=EDGE_CURVE('',#1085,#1015,#752,.T.);
#1306=EDGE_CURVE('',#1085,#1084,#181,.T.);
#1307=EDGE_CURVE('',#1086,#1086,#182,.T.);
#1308=EDGE_CURVE('',#1087,#1087,#183,.T.);
#1309=EDGE_CURVE('',#1088,#1088,#184,.T.);
#1310=EDGE_CURVE('',#1089,#1089,#185,.T.);
#1311=EDGE_CURVE('',#1090,#1090,#186,.T.);
#1312=EDGE_CURVE('',#1091,#1091,#187,.T.);
#1313=EDGE_CURVE('',#1092,#1092,#188,.T.);
#1314=EDGE_CURVE('',#1093,#1093,#189,.T.);
#1315=EDGE_CURVE('',#1094,#1094,#190,.T.);
#1316=EDGE_CURVE('',#1095,#1095,#191,.T.);
#1317=EDGE_CURVE('',#1070,#1063,#753,.T.);
#1318=EDGE_CURVE('',#1069,#1065,#754,.T.);
#1319=EDGE_CURVE('',#1065,#987,#192,.T.);
#1320=EDGE_CURVE('',#988,#1069,#193,.T.);
#1321=EDGE_CURVE('',#993,#1068,#194,.T.);
#1322=EDGE_CURVE('',#995,#1067,#195,.T.);
#1323=EDGE_CURVE('',#1066,#996,#196,.T.);
#1324=EDGE_CURVE('',#1064,#1001,#197,.T.);
#1325=EDGE_CURVE('',#987,#1001,#755,.T.);
#1326=EDGE_CURVE('',#985,#1002,#756,.T.);
#1327=EDGE_CURVE('',#981,#1004,#757,.T.);
#1328=EDGE_CURVE('',#1096,#1097,#198,.T.);
#1329=EDGE_CURVE('',#1083,#1096,#758,.T.);
#1330=EDGE_CURVE('',#1084,#1097,#759,.T.);
#1331=EDGE_CURVE('',#1036,#1096,#760,.T.);
#1332=EDGE_CURVE('',#1037,#1097,#761,.T.);
#1333=EDGE_CURVE('',#1097,#1098,#199,.T.);
#1334=EDGE_CURVE('',#1038,#1098,#762,.T.);
#1335=EDGE_CURVE('',#1098,#1014,#763,.T.);
#1336=EDGE_CURVE('',#1085,#1098,#764,.T.);
#1337=EDGE_CURVE('',#1017,#1096,#200,.T.);
#1338=EDGE_CURVE('',#1086,#1099,#765,.T.);
#1339=EDGE_CURVE('',#1099,#1099,#201,.T.);
#1340=EDGE_CURVE('',#1099,#1100,#766,.T.);
#1341=EDGE_CURVE('',#1100,#1100,#202,.T.);
#1342=EDGE_CURVE('',#1101,#1101,#203,.T.);
#1343=EDGE_CURVE('',#1101,#1040,#767,.T.);
#1344=EDGE_CURVE('',#1087,#1102,#768,.T.);
#1345=EDGE_CURVE('',#1102,#1102,#204,.T.);
#1346=EDGE_CURVE('',#1102,#1103,#769,.T.);
#1347=EDGE_CURVE('',#1103,#1103,#205,.T.);
#1348=EDGE_CURVE('',#1104,#1104,#206,.T.);
#1349=EDGE_CURVE('',#1104,#1041,#770,.T.);
#1350=EDGE_CURVE('',#1088,#1105,#771,.T.);
#1351=EDGE_CURVE('',#1105,#1105,#207,.T.);
#1352=EDGE_CURVE('',#1105,#1106,#772,.T.);
#1353=EDGE_CURVE('',#1106,#1106,#208,.T.);
#1354=EDGE_CURVE('',#1107,#1107,#209,.T.);
#1355=EDGE_CURVE('',#1107,#1042,#773,.T.);
#1356=EDGE_CURVE('',#1089,#1108,#774,.T.);
#1357=EDGE_CURVE('',#1108,#1108,#210,.T.);
#1358=EDGE_CURVE('',#1108,#1109,#775,.T.);
#1359=EDGE_CURVE('',#1109,#1109,#211,.T.);
#1360=EDGE_CURVE('',#1110,#1110,#212,.T.);
#1361=EDGE_CURVE('',#1110,#1043,#776,.T.);
#1362=EDGE_CURVE('',#1090,#1111,#777,.T.);
#1363=EDGE_CURVE('',#1111,#1111,#213,.T.);
#1364=EDGE_CURVE('',#1111,#1112,#778,.T.);
#1365=EDGE_CURVE('',#1112,#1112,#214,.T.);
#1366=EDGE_CURVE('',#1113,#1113,#215,.T.);
#1367=EDGE_CURVE('',#1113,#1044,#779,.T.);
#1368=EDGE_CURVE('',#1091,#1114,#780,.T.);
#1369=EDGE_CURVE('',#1114,#1114,#216,.T.);
#1370=EDGE_CURVE('',#1114,#1115,#781,.T.);
#1371=EDGE_CURVE('',#1115,#1115,#217,.T.);
#1372=EDGE_CURVE('',#1116,#1116,#218,.T.);
#1373=EDGE_CURVE('',#1116,#1045,#782,.T.);
#1374=EDGE_CURVE('',#1092,#1117,#783,.T.);
#1375=EDGE_CURVE('',#1117,#1117,#219,.T.);
#1376=EDGE_CURVE('',#1117,#1118,#784,.T.);
#1377=EDGE_CURVE('',#1118,#1118,#220,.T.);
#1378=EDGE_CURVE('',#1119,#1119,#221,.T.);
#1379=EDGE_CURVE('',#1119,#1046,#785,.T.);
#1380=EDGE_CURVE('',#1093,#1120,#786,.T.);
#1381=EDGE_CURVE('',#1120,#1120,#222,.T.);
#1382=EDGE_CURVE('',#1120,#1121,#787,.T.);
#1383=EDGE_CURVE('',#1121,#1121,#223,.T.);
#1384=EDGE_CURVE('',#1122,#1122,#224,.T.);
#1385=EDGE_CURVE('',#1122,#1047,#788,.T.);
#1386=EDGE_CURVE('',#1048,#1094,#789,.T.);
#1387=EDGE_CURVE('',#1073,#1026,#790,.T.);
#1388=EDGE_CURVE('',#1095,#1039,#791,.T.);
#1389=EDGE_CURVE('',#1074,#1123,#792,.T.);
#1390=EDGE_CURVE('',#1123,#1123,#225,.T.);
#1391=EDGE_CURVE('',#1123,#1124,#793,.T.);
#1392=EDGE_CURVE('',#1124,#1124,#226,.T.);
#1393=EDGE_CURVE('',#1125,#1125,#227,.T.);
#1394=EDGE_CURVE('',#1125,#1027,#794,.T.);
#1395=EDGE_CURVE('',#1075,#1126,#795,.T.);
#1396=EDGE_CURVE('',#1126,#1126,#228,.T.);
#1397=EDGE_CURVE('',#1126,#1127,#796,.T.);
#1398=EDGE_CURVE('',#1127,#1127,#229,.T.);
#1399=EDGE_CURVE('',#1128,#1128,#230,.T.);
#1400=EDGE_CURVE('',#1128,#1028,#797,.T.);
#1401=EDGE_CURVE('',#1076,#1129,#798,.T.);
#1402=EDGE_CURVE('',#1129,#1129,#231,.T.);
#1403=EDGE_CURVE('',#1129,#1130,#799,.T.);
#1404=EDGE_CURVE('',#1130,#1130,#232,.T.);
#1405=EDGE_CURVE('',#1131,#1131,#233,.T.);
#1406=EDGE_CURVE('',#1131,#1029,#800,.T.);
#1407=EDGE_CURVE('',#1077,#1132,#801,.T.);
#1408=EDGE_CURVE('',#1132,#1132,#234,.T.);
#1409=EDGE_CURVE('',#1132,#1133,#802,.T.);
#1410=EDGE_CURVE('',#1133,#1133,#235,.T.);
#1411=EDGE_CURVE('',#1134,#1134,#236,.T.);
#1412=EDGE_CURVE('',#1134,#1030,#803,.T.);
#1413=EDGE_CURVE('',#1078,#1135,#804,.T.);
#1414=EDGE_CURVE('',#1135,#1135,#237,.T.);
#1415=EDGE_CURVE('',#1135,#1136,#805,.T.);
#1416=EDGE_CURVE('',#1136,#1136,#238,.T.);
#1417=EDGE_CURVE('',#1137,#1137,#239,.T.);
#1418=EDGE_CURVE('',#1137,#1031,#806,.T.);
#1419=EDGE_CURVE('',#1079,#1138,#807,.T.);
#1420=EDGE_CURVE('',#1138,#1138,#240,.T.);
#1421=EDGE_CURVE('',#1138,#1139,#808,.T.);
#1422=EDGE_CURVE('',#1139,#1139,#241,.T.);
#1423=EDGE_CURVE('',#1140,#1140,#242,.T.);
#1424=EDGE_CURVE('',#1140,#1032,#809,.T.);
#1425=EDGE_CURVE('',#1080,#1141,#810,.T.);
#1426=EDGE_CURVE('',#1141,#1141,#243,.T.);
#1427=EDGE_CURVE('',#1141,#1142,#811,.T.);
#1428=EDGE_CURVE('',#1142,#1142,#244,.T.);
#1429=EDGE_CURVE('',#1143,#1143,#245,.T.);
#1430=EDGE_CURVE('',#1143,#1033,#812,.T.);
#1431=EDGE_CURVE('',#1081,#1144,#813,.T.);
#1432=EDGE_CURVE('',#1144,#1144,#246,.T.);
#1433=EDGE_CURVE('',#1144,#1145,#814,.T.);
#1434=EDGE_CURVE('',#1145,#1145,#247,.T.);
#1435=EDGE_CURVE('',#1146,#1146,#248,.T.);
#1436=EDGE_CURVE('',#1146,#1034,#815,.T.);
#1437=EDGE_CURVE('',#1035,#1082,#816,.T.);
#1438=EDGE_CURVE('',#998,#1147,#817,.T.);
#1439=EDGE_CURVE('',#1147,#1147,#249,.T.);
#1440=EDGE_CURVE('',#1147,#1148,#818,.T.);
#1441=EDGE_CURVE('',#1148,#1148,#250,.T.);
#1442=EDGE_CURVE('',#1149,#1149,#251,.T.);
#1443=EDGE_CURVE('',#1149,#989,#819,.T.);
#1444=EDGE_CURVE('',#999,#1150,#820,.T.);
#1445=EDGE_CURVE('',#1150,#1150,#252,.T.);
#1446=EDGE_CURVE('',#1150,#1151,#821,.T.);
#1447=EDGE_CURVE('',#1151,#1151,#253,.T.);
#1448=EDGE_CURVE('',#1152,#1152,#254,.T.);
#1449=EDGE_CURVE('',#1152,#990,#822,.T.);
#1450=EDGE_CURVE('',#1000,#1153,#823,.T.);
#1451=EDGE_CURVE('',#1153,#1153,#255,.T.);
#1452=EDGE_CURVE('',#1153,#1154,#824,.T.);
#1453=EDGE_CURVE('',#1154,#1154,#256,.T.);
#1454=EDGE_CURVE('',#1155,#1155,#257,.T.);
#1455=EDGE_CURVE('',#1155,#991,#825,.T.);
#1456=ORIENTED_EDGE('',*,*,#1156,.T.);
#1457=ORIENTED_EDGE('',*,*,#1157,.F.);
#1458=ORIENTED_EDGE('',*,*,#1158,.F.);
#1459=ORIENTED_EDGE('',*,*,#1159,.F.);
#1460=ORIENTED_EDGE('',*,*,#1160,.T.);
#1461=ORIENTED_EDGE('',*,*,#1161,.F.);
#1462=ORIENTED_EDGE('',*,*,#1156,.F.);
#1463=ORIENTED_EDGE('',*,*,#1162,.F.);
#1464=ORIENTED_EDGE('',*,*,#1160,.F.);
#1465=ORIENTED_EDGE('',*,*,#1163,.T.);
#1466=ORIENTED_EDGE('',*,*,#1164,.F.);
#1467=ORIENTED_EDGE('',*,*,#1165,.T.);
#1468=ORIENTED_EDGE('',*,*,#1166,.F.);
#1469=ORIENTED_EDGE('',*,*,#1167,.F.);
#1470=ORIENTED_EDGE('',*,*,#1168,.F.);
#1471=ORIENTED_EDGE('',*,*,#1169,.F.);
#1472=ORIENTED_EDGE('',*,*,#1170,.F.);
#1473=ORIENTED_EDGE('',*,*,#1165,.F.);
#1474=ORIENTED_EDGE('',*,*,#1171,.T.);
#1475=ORIENTED_EDGE('',*,*,#1172,.F.);
#1476=ORIENTED_EDGE('',*,*,#1173,.T.);
#1477=ORIENTED_EDGE('',*,*,#1169,.T.);
#1478=ORIENTED_EDGE('',*,*,#1174,.F.);
#1479=ORIENTED_EDGE('',*,*,#1175,.T.);
#1480=ORIENTED_EDGE('',*,*,#1176,.T.);
#1481=ORIENTED_EDGE('',*,*,#1172,.T.);
#1482=ORIENTED_EDGE('',*,*,#1177,.T.);
#1483=ORIENTED_EDGE('',*,*,#1178,.T.);
#1484=ORIENTED_EDGE('',*,*,#1179,.T.);
#1485=ORIENTED_EDGE('',*,*,#1180,.T.);
#1486=ORIENTED_EDGE('',*,*,#1175,.F.);
#1487=ORIENTED_EDGE('',*,*,#1181,.T.);
#1488=ORIENTED_EDGE('',*,*,#1182,.T.);
#1489=ORIENTED_EDGE('',*,*,#1183,.F.);
#1490=ORIENTED_EDGE('',*,*,#1184,.F.);
#1491=ORIENTED_EDGE('',*,*,#1183,.T.);
#1492=ORIENTED_EDGE('',*,*,#1185,.T.);
#1493=ORIENTED_EDGE('',*,*,#1186,.F.);
#1494=ORIENTED_EDGE('',*,*,#1184,.T.);
#1495=ORIENTED_EDGE('',*,*,#1187,.T.);
#1496=ORIENTED_EDGE('',*,*,#1188,.T.);
#1497=ORIENTED_EDGE('',*,*,#1176,.F.);
#1498=ORIENTED_EDGE('',*,*,#1188,.F.);
#1499=ORIENTED_EDGE('',*,*,#1189,.T.);
#1500=ORIENTED_EDGE('',*,*,#1190,.T.);
#1501=ORIENTED_EDGE('',*,*,#1173,.F.);
#1502=ORIENTED_EDGE('',*,*,#1190,.F.);
#1503=ORIENTED_EDGE('',*,*,#1191,.F.);
#1504=ORIENTED_EDGE('',*,*,#1161,.T.);
#1505=ORIENTED_EDGE('',*,*,#1170,.T.);
#1506=ORIENTED_EDGE('',*,*,#1192,.F.);
#1507=ORIENTED_EDGE('',*,*,#1193,.T.);
#1508=ORIENTED_EDGE('',*,*,#1157,.T.);
#1509=ORIENTED_EDGE('',*,*,#1191,.T.);
#1510=ORIENTED_EDGE('',*,*,#1194,.F.);
#1511=ORIENTED_EDGE('',*,*,#1195,.T.);
#1512=ORIENTED_EDGE('',*,*,#1192,.T.);
#1513=ORIENTED_EDGE('',*,*,#1189,.F.);
#1514=ORIENTED_EDGE('',*,*,#1196,.T.);
#1515=ORIENTED_EDGE('',*,*,#1197,.T.);
#1516=ORIENTED_EDGE('',*,*,#1194,.T.);
#1517=ORIENTED_EDGE('',*,*,#1187,.F.);
#1518=ORIENTED_EDGE('',*,*,#1196,.F.);
#1519=ORIENTED_EDGE('',*,*,#1186,.T.);
#1520=ORIENTED_EDGE('',*,*,#1198,.T.);
#1521=ORIENTED_EDGE('',*,*,#1199,.F.);
#1522=ORIENTED_EDGE('',*,*,#1200,.F.);
#1523=ORIENTED_EDGE('',*,*,#1199,.T.);
#1524=ORIENTED_EDGE('',*,*,#1201,.T.);
#1525=ORIENTED_EDGE('',*,*,#1202,.F.);
#1526=ORIENTED_EDGE('',*,*,#1200,.T.);
#1527=ORIENTED_EDGE('',*,*,#1203,.T.);
#1528=ORIENTED_EDGE('',*,*,#1204,.T.);
#1529=ORIENTED_EDGE('',*,*,#1197,.F.);
#1530=ORIENTED_EDGE('',*,*,#1204,.F.);
#1531=ORIENTED_EDGE('',*,*,#1205,.T.);
#1532=ORIENTED_EDGE('',*,*,#1206,.T.);
#1533=ORIENTED_EDGE('',*,*,#1195,.F.);
#1534=ORIENTED_EDGE('',*,*,#1206,.F.);
#1535=ORIENTED_EDGE('',*,*,#1207,.T.);
#1536=ORIENTED_EDGE('',*,*,#1208,.F.);
#1537=ORIENTED_EDGE('',*,*,#1193,.F.);
#1538=ORIENTED_EDGE('',*,*,#1158,.T.);
#1539=ORIENTED_EDGE('',*,*,#1208,.T.);
#1540=ORIENTED_EDGE('',*,*,#1209,.F.);
#1541=ORIENTED_EDGE('',*,*,#1210,.F.);
#1542=ORIENTED_EDGE('',*,*,#1201,.F.);
#1543=ORIENTED_EDGE('',*,*,#1211,.T.);
#1544=ORIENTED_EDGE('',*,*,#1210,.T.);
#1545=ORIENTED_EDGE('',*,*,#1212,.F.);
#1546=ORIENTED_EDGE('',*,*,#1213,.F.);
#1547=ORIENTED_EDGE('',*,*,#1212,.T.);
#1548=ORIENTED_EDGE('',*,*,#1214,.T.);
#1549=ORIENTED_EDGE('',*,*,#1215,.T.);
#1550=ORIENTED_EDGE('',*,*,#1216,.F.);
#1551=ORIENTED_EDGE('',*,*,#1202,.T.);
#1552=ORIENTED_EDGE('',*,*,#1213,.T.);
#1553=ORIENTED_EDGE('',*,*,#1217,.F.);
#1554=ORIENTED_EDGE('',*,*,#1218,.T.);
#1555=ORIENTED_EDGE('',*,*,#1219,.T.);
#1556=ORIENTED_EDGE('',*,*,#1220,.F.);
#1557=ORIENTED_EDGE('',*,*,#1221,.T.);
#1558=ORIENTED_EDGE('',*,*,#1222,.T.);
#1559=ORIENTED_EDGE('',*,*,#1223,.T.);
#1560=ORIENTED_EDGE('',*,*,#1224,.T.);
#1561=ORIENTED_EDGE('',*,*,#1225,.F.);
#1562=ORIENTED_EDGE('',*,*,#1226,.F.);
#1563=ORIENTED_EDGE('',*,*,#1227,.F.);
#1564=ORIENTED_EDGE('',*,*,#1228,.F.);
#1565=ORIENTED_EDGE('',*,*,#1229,.F.);
#1566=ORIENTED_EDGE('',*,*,#1230,.F.);
#1567=ORIENTED_EDGE('',*,*,#1231,.F.);
#1568=ORIENTED_EDGE('',*,*,#1232,.F.);
#1569=ORIENTED_EDGE('',*,*,#1233,.T.);
#1570=ORIENTED_EDGE('',*,*,#1216,.T.);
#1571=ORIENTED_EDGE('',*,*,#1234,.T.);
#1572=ORIENTED_EDGE('',*,*,#1235,.T.);
#1573=ORIENTED_EDGE('',*,*,#1236,.T.);
#1574=ORIENTED_EDGE('',*,*,#1237,.T.);
#1575=ORIENTED_EDGE('',*,*,#1203,.F.);
#1576=ORIENTED_EDGE('',*,*,#1238,.T.);
#1577=ORIENTED_EDGE('',*,*,#1239,.F.);
#1578=ORIENTED_EDGE('',*,*,#1240,.F.);
#1579=ORIENTED_EDGE('',*,*,#1241,.F.);
#1580=ORIENTED_EDGE('',*,*,#1242,.F.);
#1581=ORIENTED_EDGE('',*,*,#1243,.F.);
#1582=ORIENTED_EDGE('',*,*,#1244,.F.);
#1583=ORIENTED_EDGE('',*,*,#1245,.F.);
#1584=ORIENTED_EDGE('',*,*,#1246,.F.);
#1585=ORIENTED_EDGE('',*,*,#1247,.T.);
#1586=ORIENTED_EDGE('',*,*,#1218,.F.);
#1587=ORIENTED_EDGE('',*,*,#1248,.T.);
#1588=ORIENTED_EDGE('',*,*,#1249,.T.);
#1589=ORIENTED_EDGE('',*,*,#1250,.F.);
#1590=ORIENTED_EDGE('',*,*,#1219,.F.);
#1591=ORIENTED_EDGE('',*,*,#1250,.T.);
#1592=ORIENTED_EDGE('',*,*,#1251,.T.);
#1593=ORIENTED_EDGE('',*,*,#1252,.F.);
#1594=ORIENTED_EDGE('',*,*,#1253,.F.);
#1595=ORIENTED_EDGE('',*,*,#1252,.T.);
#1596=ORIENTED_EDGE('',*,*,#1254,.T.);
#1597=ORIENTED_EDGE('',*,*,#1255,.F.);
#1598=ORIENTED_EDGE('',*,*,#1253,.T.);
#1599=ORIENTED_EDGE('',*,*,#1256,.F.);
#1600=ORIENTED_EDGE('',*,*,#1257,.T.);
#1601=ORIENTED_EDGE('',*,*,#1220,.T.);
#1602=ORIENTED_EDGE('',*,*,#1257,.F.);
#1603=ORIENTED_EDGE('',*,*,#1258,.T.);
#1604=ORIENTED_EDGE('',*,*,#1259,.T.);
#1605=ORIENTED_EDGE('',*,*,#1260,.F.);
#1606=ORIENTED_EDGE('',*,*,#1221,.F.);
#1607=ORIENTED_EDGE('',*,*,#1260,.T.);
#1608=ORIENTED_EDGE('',*,*,#1261,.T.);
#1609=ORIENTED_EDGE('',*,*,#1262,.F.);
#1610=ORIENTED_EDGE('',*,*,#1222,.F.);
#1611=ORIENTED_EDGE('',*,*,#1262,.T.);
#1612=ORIENTED_EDGE('',*,*,#1263,.T.);
#1613=ORIENTED_EDGE('',*,*,#1264,.F.);
#1614=ORIENTED_EDGE('',*,*,#1223,.F.);
#1615=ORIENTED_EDGE('',*,*,#1264,.T.);
#1616=ORIENTED_EDGE('',*,*,#1265,.T.);
#1617=ORIENTED_EDGE('',*,*,#1248,.F.);
#1618=ORIENTED_EDGE('',*,*,#1265,.F.);
#1619=ORIENTED_EDGE('',*,*,#1266,.F.);
#1620=ORIENTED_EDGE('',*,*,#1267,.T.);
#1621=ORIENTED_EDGE('',*,*,#1268,.T.);
#1622=ORIENTED_EDGE('',*,*,#1249,.F.);
#1623=ORIENTED_EDGE('',*,*,#1268,.F.);
#1624=ORIENTED_EDGE('',*,*,#1269,.F.);
#1625=ORIENTED_EDGE('',*,*,#1270,.T.);
#1626=ORIENTED_EDGE('',*,*,#1251,.F.);
#1627=ORIENTED_EDGE('',*,*,#1270,.F.);
#1628=ORIENTED_EDGE('',*,*,#1271,.T.);
#1629=ORIENTED_EDGE('',*,*,#1272,.F.);
#1630=ORIENTED_EDGE('',*,*,#1254,.F.);
#1631=ORIENTED_EDGE('',*,*,#1272,.T.);
#1632=ORIENTED_EDGE('',*,*,#1273,.F.);
#1633=ORIENTED_EDGE('',*,*,#1274,.F.);
#1634=ORIENTED_EDGE('',*,*,#1275,.F.);
#1635=ORIENTED_EDGE('',*,*,#1274,.T.);
#1636=ORIENTED_EDGE('',*,*,#1276,.T.);
#1637=ORIENTED_EDGE('',*,*,#1277,.T.);
#1638=ORIENTED_EDGE('',*,*,#1278,.F.);
#1639=ORIENTED_EDGE('',*,*,#1255,.T.);
#1640=ORIENTED_EDGE('',*,*,#1275,.T.);
#1641=ORIENTED_EDGE('',*,*,#1279,.F.);
#1642=ORIENTED_EDGE('',*,*,#1278,.T.);
#1643=ORIENTED_EDGE('',*,*,#1280,.F.);
#1644=ORIENTED_EDGE('',*,*,#1281,.T.);
#1645=ORIENTED_EDGE('',*,*,#1256,.T.);
#1646=ORIENTED_EDGE('',*,*,#1281,.F.);
#1647=ORIENTED_EDGE('',*,*,#1282,.T.);
#1648=ORIENTED_EDGE('',*,*,#1283,.T.);
#1649=ORIENTED_EDGE('',*,*,#1258,.F.);
#1650=ORIENTED_EDGE('',*,*,#1283,.F.);
#1651=ORIENTED_EDGE('',*,*,#1284,.F.);
#1652=ORIENTED_EDGE('',*,*,#1285,.T.);
#1653=ORIENTED_EDGE('',*,*,#1286,.F.);
#1654=ORIENTED_EDGE('',*,*,#1259,.F.);
#1655=ORIENTED_EDGE('',*,*,#1286,.T.);
#1656=ORIENTED_EDGE('',*,*,#1287,.T.);
#1657=ORIENTED_EDGE('',*,*,#1288,.F.);
#1658=ORIENTED_EDGE('',*,*,#1261,.F.);
#1659=ORIENTED_EDGE('',*,*,#1288,.T.);
#1660=ORIENTED_EDGE('',*,*,#1289,.T.);
#1661=ORIENTED_EDGE('',*,*,#1290,.T.);
#1662=ORIENTED_EDGE('',*,*,#1263,.F.);
#1663=ORIENTED_EDGE('',*,*,#1290,.F.);
#1664=ORIENTED_EDGE('',*,*,#1291,.F.);
#1665=ORIENTED_EDGE('',*,*,#1266,.T.);
#1666=ORIENTED_EDGE('',*,*,#1289,.F.);
#1667=ORIENTED_EDGE('',*,*,#1292,.T.);
#1668=ORIENTED_EDGE('',*,*,#1271,.F.);
#1669=ORIENTED_EDGE('',*,*,#1269,.T.);
#1670=ORIENTED_EDGE('',*,*,#1267,.F.);
#1671=ORIENTED_EDGE('',*,*,#1291,.T.);
#1672=ORIENTED_EDGE('',*,*,#1293,.T.);
#1673=ORIENTED_EDGE('',*,*,#1294,.T.);
#1674=ORIENTED_EDGE('',*,*,#1295,.T.);
#1675=ORIENTED_EDGE('',*,*,#1296,.T.);
#1676=ORIENTED_EDGE('',*,*,#1297,.T.);
#1677=ORIENTED_EDGE('',*,*,#1298,.T.);
#1678=ORIENTED_EDGE('',*,*,#1299,.T.);
#1679=ORIENTED_EDGE('',*,*,#1300,.T.);
#1680=ORIENTED_EDGE('',*,*,#1301,.T.);
#1681=ORIENTED_EDGE('',*,*,#1302,.F.);
#1682=ORIENTED_EDGE('',*,*,#1303,.F.);
#1683=ORIENTED_EDGE('',*,*,#1304,.T.);
#1684=ORIENTED_EDGE('',*,*,#1214,.F.);
#1685=ORIENTED_EDGE('',*,*,#1209,.T.);
#1686=ORIENTED_EDGE('',*,*,#1305,.F.);
#1687=ORIENTED_EDGE('',*,*,#1306,.T.);
#1688=ORIENTED_EDGE('',*,*,#1307,.T.);
#1689=ORIENTED_EDGE('',*,*,#1308,.T.);
#1690=ORIENTED_EDGE('',*,*,#1309,.T.);
#1691=ORIENTED_EDGE('',*,*,#1310,.T.);
#1692=ORIENTED_EDGE('',*,*,#1311,.T.);
#1693=ORIENTED_EDGE('',*,*,#1312,.T.);
#1694=ORIENTED_EDGE('',*,*,#1313,.T.);
#1695=ORIENTED_EDGE('',*,*,#1314,.T.);
#1696=ORIENTED_EDGE('',*,*,#1315,.F.);
#1697=ORIENTED_EDGE('',*,*,#1316,.F.);
#1698=ORIENTED_EDGE('',*,*,#1317,.T.);
#1699=ORIENTED_EDGE('',*,*,#1273,.T.);
#1700=ORIENTED_EDGE('',*,*,#1292,.F.);
#1701=ORIENTED_EDGE('',*,*,#1287,.F.);
#1702=ORIENTED_EDGE('',*,*,#1318,.T.);
#1703=ORIENTED_EDGE('',*,*,#1276,.F.);
#1704=ORIENTED_EDGE('',*,*,#1317,.F.);
#1705=ORIENTED_EDGE('',*,*,#1285,.F.);
#1706=ORIENTED_EDGE('',*,*,#1164,.T.);
#1707=ORIENTED_EDGE('',*,*,#1319,.F.);
#1708=ORIENTED_EDGE('',*,*,#1318,.F.);
#1709=ORIENTED_EDGE('',*,*,#1320,.F.);
#1710=ORIENTED_EDGE('',*,*,#1321,.F.);
#1711=ORIENTED_EDGE('',*,*,#1171,.F.);
#1712=ORIENTED_EDGE('',*,*,#1320,.T.);
#1713=ORIENTED_EDGE('',*,*,#1284,.T.);
#1714=ORIENTED_EDGE('',*,*,#1322,.F.);
#1715=ORIENTED_EDGE('',*,*,#1174,.T.);
#1716=ORIENTED_EDGE('',*,*,#1321,.T.);
#1717=ORIENTED_EDGE('',*,*,#1282,.F.);
#1718=ORIENTED_EDGE('',*,*,#1323,.T.);
#1719=ORIENTED_EDGE('',*,*,#1177,.F.);
#1720=ORIENTED_EDGE('',*,*,#1322,.T.);
#1721=ORIENTED_EDGE('',*,*,#1280,.T.);
#1722=ORIENTED_EDGE('',*,*,#1323,.F.);
#1723=ORIENTED_EDGE('',*,*,#1279,.T.);
#1724=ORIENTED_EDGE('',*,*,#1324,.T.);
#1725=ORIENTED_EDGE('',*,*,#1181,.F.);
#1726=ORIENTED_EDGE('',*,*,#1324,.F.);
#1727=ORIENTED_EDGE('',*,*,#1277,.F.);
#1728=ORIENTED_EDGE('',*,*,#1319,.T.);
#1729=ORIENTED_EDGE('',*,*,#1325,.T.);
#1730=ORIENTED_EDGE('',*,*,#1182,.F.);
#1731=ORIENTED_EDGE('',*,*,#1325,.F.);
#1732=ORIENTED_EDGE('',*,*,#1163,.F.);
#1733=ORIENTED_EDGE('',*,*,#1326,.T.);
#1734=ORIENTED_EDGE('',*,*,#1185,.F.);
#1735=ORIENTED_EDGE('',*,*,#1326,.F.);
#1736=ORIENTED_EDGE('',*,*,#1162,.T.);
#1737=ORIENTED_EDGE('',*,*,#1327,.T.);
#1738=ORIENTED_EDGE('',*,*,#1198,.F.);
#1739=ORIENTED_EDGE('',*,*,#1327,.F.);
#1740=ORIENTED_EDGE('',*,*,#1159,.T.);
#1741=ORIENTED_EDGE('',*,*,#1211,.F.);
#1742=ORIENTED_EDGE('',*,*,#1328,.F.);
#1743=ORIENTED_EDGE('',*,*,#1329,.F.);
#1744=ORIENTED_EDGE('',*,*,#1303,.T.);
#1745=ORIENTED_EDGE('',*,*,#1330,.T.);
#1746=ORIENTED_EDGE('',*,*,#1235,.F.);
#1747=ORIENTED_EDGE('',*,*,#1331,.T.);
#1748=ORIENTED_EDGE('',*,*,#1328,.T.);
#1749=ORIENTED_EDGE('',*,*,#1332,.F.);
#1750=ORIENTED_EDGE('',*,*,#1236,.F.);
#1751=ORIENTED_EDGE('',*,*,#1332,.T.);
#1752=ORIENTED_EDGE('',*,*,#1333,.T.);
#1753=ORIENTED_EDGE('',*,*,#1334,.F.);
#1754=ORIENTED_EDGE('',*,*,#1237,.F.);
#1755=ORIENTED_EDGE('',*,*,#1334,.T.);
#1756=ORIENTED_EDGE('',*,*,#1335,.T.);
#1757=ORIENTED_EDGE('',*,*,#1205,.F.);
#1758=ORIENTED_EDGE('',*,*,#1335,.F.);
#1759=ORIENTED_EDGE('',*,*,#1336,.F.);
#1760=ORIENTED_EDGE('',*,*,#1305,.T.);
#1761=ORIENTED_EDGE('',*,*,#1207,.F.);
#1762=ORIENTED_EDGE('',*,*,#1333,.F.);
#1763=ORIENTED_EDGE('',*,*,#1330,.F.);
#1764=ORIENTED_EDGE('',*,*,#1306,.F.);
#1765=ORIENTED_EDGE('',*,*,#1336,.T.);
#1766=ORIENTED_EDGE('',*,*,#1234,.F.);
#1767=ORIENTED_EDGE('',*,*,#1217,.T.);
#1768=ORIENTED_EDGE('',*,*,#1337,.T.);
#1769=ORIENTED_EDGE('',*,*,#1331,.F.);
#1770=ORIENTED_EDGE('',*,*,#1337,.F.);
#1771=ORIENTED_EDGE('',*,*,#1215,.F.);
#1772=ORIENTED_EDGE('',*,*,#1304,.F.);
#1773=ORIENTED_EDGE('',*,*,#1329,.T.);
#1774=ORIENTED_EDGE('',*,*,#1307,.F.);
#1775=ORIENTED_EDGE('',*,*,#1338,.T.);
#1776=ORIENTED_EDGE('',*,*,#1339,.T.);
#1777=ORIENTED_EDGE('',*,*,#1338,.F.);
#1778=ORIENTED_EDGE('',*,*,#1339,.F.);
#1779=ORIENTED_EDGE('',*,*,#1340,.T.);
#1780=ORIENTED_EDGE('',*,*,#1341,.T.);
#1781=ORIENTED_EDGE('',*,*,#1340,.F.);
#1782=ORIENTED_EDGE('',*,*,#1342,.T.);
#1783=ORIENTED_EDGE('',*,*,#1341,.F.);
#1784=ORIENTED_EDGE('',*,*,#1342,.F.);
#1785=ORIENTED_EDGE('',*,*,#1343,.T.);
#1786=ORIENTED_EDGE('',*,*,#1239,.T.);
#1787=ORIENTED_EDGE('',*,*,#1343,.F.);
#1788=ORIENTED_EDGE('',*,*,#1308,.F.);
#1789=ORIENTED_EDGE('',*,*,#1344,.T.);
#1790=ORIENTED_EDGE('',*,*,#1345,.T.);
#1791=ORIENTED_EDGE('',*,*,#1344,.F.);
#1792=ORIENTED_EDGE('',*,*,#1345,.F.);
#1793=ORIENTED_EDGE('',*,*,#1346,.T.);
#1794=ORIENTED_EDGE('',*,*,#1347,.T.);
#1795=ORIENTED_EDGE('',*,*,#1346,.F.);
#1796=ORIENTED_EDGE('',*,*,#1348,.T.);
#1797=ORIENTED_EDGE('',*,*,#1347,.F.);
#1798=ORIENTED_EDGE('',*,*,#1348,.F.);
#1799=ORIENTED_EDGE('',*,*,#1349,.T.);
#1800=ORIENTED_EDGE('',*,*,#1240,.T.);
#1801=ORIENTED_EDGE('',*,*,#1349,.F.);
#1802=ORIENTED_EDGE('',*,*,#1309,.F.);
#1803=ORIENTED_EDGE('',*,*,#1350,.T.);
#1804=ORIENTED_EDGE('',*,*,#1351,.T.);
#1805=ORIENTED_EDGE('',*,*,#1350,.F.);
#1806=ORIENTED_EDGE('',*,*,#1351,.F.);
#1807=ORIENTED_EDGE('',*,*,#1352,.T.);
#1808=ORIENTED_EDGE('',*,*,#1353,.T.);
#1809=ORIENTED_EDGE('',*,*,#1352,.F.);
#1810=ORIENTED_EDGE('',*,*,#1354,.T.);
#1811=ORIENTED_EDGE('',*,*,#1353,.F.);
#1812=ORIENTED_EDGE('',*,*,#1354,.F.);
#1813=ORIENTED_EDGE('',*,*,#1355,.T.);
#1814=ORIENTED_EDGE('',*,*,#1241,.T.);
#1815=ORIENTED_EDGE('',*,*,#1355,.F.);
#1816=ORIENTED_EDGE('',*,*,#1310,.F.);
#1817=ORIENTED_EDGE('',*,*,#1356,.T.);
#1818=ORIENTED_EDGE('',*,*,#1357,.T.);
#1819=ORIENTED_EDGE('',*,*,#1356,.F.);
#1820=ORIENTED_EDGE('',*,*,#1357,.F.);
#1821=ORIENTED_EDGE('',*,*,#1358,.T.);
#1822=ORIENTED_EDGE('',*,*,#1359,.T.);
#1823=ORIENTED_EDGE('',*,*,#1358,.F.);
#1824=ORIENTED_EDGE('',*,*,#1360,.T.);
#1825=ORIENTED_EDGE('',*,*,#1359,.F.);
#1826=ORIENTED_EDGE('',*,*,#1360,.F.);
#1827=ORIENTED_EDGE('',*,*,#1361,.T.);
#1828=ORIENTED_EDGE('',*,*,#1242,.T.);
#1829=ORIENTED_EDGE('',*,*,#1361,.F.);
#1830=ORIENTED_EDGE('',*,*,#1311,.F.);
#1831=ORIENTED_EDGE('',*,*,#1362,.T.);
#1832=ORIENTED_EDGE('',*,*,#1363,.T.);
#1833=ORIENTED_EDGE('',*,*,#1362,.F.);
#1834=ORIENTED_EDGE('',*,*,#1363,.F.);
#1835=ORIENTED_EDGE('',*,*,#1364,.T.);
#1836=ORIENTED_EDGE('',*,*,#1365,.T.);
#1837=ORIENTED_EDGE('',*,*,#1364,.F.);
#1838=ORIENTED_EDGE('',*,*,#1366,.T.);
#1839=ORIENTED_EDGE('',*,*,#1365,.F.);
#1840=ORIENTED_EDGE('',*,*,#1366,.F.);
#1841=ORIENTED_EDGE('',*,*,#1367,.T.);
#1842=ORIENTED_EDGE('',*,*,#1243,.T.);
#1843=ORIENTED_EDGE('',*,*,#1367,.F.);
#1844=ORIENTED_EDGE('',*,*,#1312,.F.);
#1845=ORIENTED_EDGE('',*,*,#1368,.T.);
#1846=ORIENTED_EDGE('',*,*,#1369,.T.);
#1847=ORIENTED_EDGE('',*,*,#1368,.F.);
#1848=ORIENTED_EDGE('',*,*,#1369,.F.);
#1849=ORIENTED_EDGE('',*,*,#1370,.T.);
#1850=ORIENTED_EDGE('',*,*,#1371,.T.);
#1851=ORIENTED_EDGE('',*,*,#1370,.F.);
#1852=ORIENTED_EDGE('',*,*,#1372,.T.);
#1853=ORIENTED_EDGE('',*,*,#1371,.F.);
#1854=ORIENTED_EDGE('',*,*,#1372,.F.);
#1855=ORIENTED_EDGE('',*,*,#1373,.T.);
#1856=ORIENTED_EDGE('',*,*,#1244,.T.);
#1857=ORIENTED_EDGE('',*,*,#1373,.F.);
#1858=ORIENTED_EDGE('',*,*,#1313,.F.);
#1859=ORIENTED_EDGE('',*,*,#1374,.T.);
#1860=ORIENTED_EDGE('',*,*,#1375,.T.);
#1861=ORIENTED_EDGE('',*,*,#1374,.F.);
#1862=ORIENTED_EDGE('',*,*,#1375,.F.);
#1863=ORIENTED_EDGE('',*,*,#1376,.T.);
#1864=ORIENTED_EDGE('',*,*,#1377,.T.);
#1865=ORIENTED_EDGE('',*,*,#1376,.F.);
#1866=ORIENTED_EDGE('',*,*,#1378,.T.);
#1867=ORIENTED_EDGE('',*,*,#1377,.F.);
#1868=ORIENTED_EDGE('',*,*,#1378,.F.);
#1869=ORIENTED_EDGE('',*,*,#1379,.T.);
#1870=ORIENTED_EDGE('',*,*,#1245,.T.);
#1871=ORIENTED_EDGE('',*,*,#1379,.F.);
#1872=ORIENTED_EDGE('',*,*,#1314,.F.);
#1873=ORIENTED_EDGE('',*,*,#1380,.T.);
#1874=ORIENTED_EDGE('',*,*,#1381,.T.);
#1875=ORIENTED_EDGE('',*,*,#1380,.F.);
#1876=ORIENTED_EDGE('',*,*,#1381,.F.);
#1877=ORIENTED_EDGE('',*,*,#1382,.T.);
#1878=ORIENTED_EDGE('',*,*,#1383,.T.);
#1879=ORIENTED_EDGE('',*,*,#1382,.F.);
#1880=ORIENTED_EDGE('',*,*,#1384,.T.);
#1881=ORIENTED_EDGE('',*,*,#1383,.F.);
#1882=ORIENTED_EDGE('',*,*,#1384,.F.);
#1883=ORIENTED_EDGE('',*,*,#1385,.T.);
#1884=ORIENTED_EDGE('',*,*,#1246,.T.);
#1885=ORIENTED_EDGE('',*,*,#1385,.F.);
#1886=ORIENTED_EDGE('',*,*,#1247,.F.);
#1887=ORIENTED_EDGE('',*,*,#1386,.T.);
#1888=ORIENTED_EDGE('',*,*,#1315,.T.);
#1889=ORIENTED_EDGE('',*,*,#1386,.F.);
#1890=ORIENTED_EDGE('',*,*,#1293,.F.);
#1891=ORIENTED_EDGE('',*,*,#1387,.T.);
#1892=ORIENTED_EDGE('',*,*,#1224,.F.);
#1893=ORIENTED_EDGE('',*,*,#1387,.F.);
#1894=ORIENTED_EDGE('',*,*,#1316,.T.);
#1895=ORIENTED_EDGE('',*,*,#1388,.T.);
#1896=ORIENTED_EDGE('',*,*,#1238,.F.);
#1897=ORIENTED_EDGE('',*,*,#1388,.F.);
#1898=ORIENTED_EDGE('',*,*,#1294,.F.);
#1899=ORIENTED_EDGE('',*,*,#1389,.T.);
#1900=ORIENTED_EDGE('',*,*,#1390,.T.);
#1901=ORIENTED_EDGE('',*,*,#1389,.F.);
#1902=ORIENTED_EDGE('',*,*,#1390,.F.);
#1903=ORIENTED_EDGE('',*,*,#1391,.T.);
#1904=ORIENTED_EDGE('',*,*,#1392,.T.);
#1905=ORIENTED_EDGE('',*,*,#1391,.F.);
#1906=ORIENTED_EDGE('',*,*,#1393,.T.);
#1907=ORIENTED_EDGE('',*,*,#1392,.F.);
#1908=ORIENTED_EDGE('',*,*,#1393,.F.);
#1909=ORIENTED_EDGE('',*,*,#1394,.T.);
#1910=ORIENTED_EDGE('',*,*,#1225,.T.);
#1911=ORIENTED_EDGE('',*,*,#1394,.F.);
#1912=ORIENTED_EDGE('',*,*,#1295,.F.);
#1913=ORIENTED_EDGE('',*,*,#1395,.T.);
#1914=ORIENTED_EDGE('',*,*,#1396,.T.);
#1915=ORIENTED_EDGE('',*,*,#1395,.F.);
#1916=ORIENTED_EDGE('',*,*,#1396,.F.);
#1917=ORIENTED_EDGE('',*,*,#1397,.T.);
#1918=ORIENTED_EDGE('',*,*,#1398,.T.);
#1919=ORIENTED_EDGE('',*,*,#1397,.F.);
#1920=ORIENTED_EDGE('',*,*,#1399,.T.);
#1921=ORIENTED_EDGE('',*,*,#1398,.F.);
#1922=ORIENTED_EDGE('',*,*,#1399,.F.);
#1923=ORIENTED_EDGE('',*,*,#1400,.T.);
#1924=ORIENTED_EDGE('',*,*,#1226,.T.);
#1925=ORIENTED_EDGE('',*,*,#1400,.F.);
#1926=ORIENTED_EDGE('',*,*,#1296,.F.);
#1927=ORIENTED_EDGE('',*,*,#1401,.T.);
#1928=ORIENTED_EDGE('',*,*,#1402,.T.);
#1929=ORIENTED_EDGE('',*,*,#1401,.F.);
#1930=ORIENTED_EDGE('',*,*,#1402,.F.);
#1931=ORIENTED_EDGE('',*,*,#1403,.T.);
#1932=ORIENTED_EDGE('',*,*,#1404,.T.);
#1933=ORIENTED_EDGE('',*,*,#1403,.F.);
#1934=ORIENTED_EDGE('',*,*,#1405,.T.);
#1935=ORIENTED_EDGE('',*,*,#1404,.F.);
#1936=ORIENTED_EDGE('',*,*,#1405,.F.);
#1937=ORIENTED_EDGE('',*,*,#1406,.T.);
#1938=ORIENTED_EDGE('',*,*,#1227,.T.);
#1939=ORIENTED_EDGE('',*,*,#1406,.F.);
#1940=ORIENTED_EDGE('',*,*,#1297,.F.);
#1941=ORIENTED_EDGE('',*,*,#1407,.T.);
#1942=ORIENTED_EDGE('',*,*,#1408,.T.);
#1943=ORIENTED_EDGE('',*,*,#1407,.F.);
#1944=ORIENTED_EDGE('',*,*,#1408,.F.);
#1945=ORIENTED_EDGE('',*,*,#1409,.T.);
#1946=ORIENTED_EDGE('',*,*,#1410,.T.);
#1947=ORIENTED_EDGE('',*,*,#1409,.F.);
#1948=ORIENTED_EDGE('',*,*,#1411,.T.);
#1949=ORIENTED_EDGE('',*,*,#1410,.F.);
#1950=ORIENTED_EDGE('',*,*,#1411,.F.);
#1951=ORIENTED_EDGE('',*,*,#1412,.T.);
#1952=ORIENTED_EDGE('',*,*,#1228,.T.);
#1953=ORIENTED_EDGE('',*,*,#1412,.F.);
#1954=ORIENTED_EDGE('',*,*,#1298,.F.);
#1955=ORIENTED_EDGE('',*,*,#1413,.T.);
#1956=ORIENTED_EDGE('',*,*,#1414,.T.);
#1957=ORIENTED_EDGE('',*,*,#1413,.F.);
#1958=ORIENTED_EDGE('',*,*,#1414,.F.);
#1959=ORIENTED_EDGE('',*,*,#1415,.T.);
#1960=ORIENTED_EDGE('',*,*,#1416,.T.);
#1961=ORIENTED_EDGE('',*,*,#1415,.F.);
#1962=ORIENTED_EDGE('',*,*,#1417,.T.);
#1963=ORIENTED_EDGE('',*,*,#1416,.F.);
#1964=ORIENTED_EDGE('',*,*,#1417,.F.);
#1965=ORIENTED_EDGE('',*,*,#1418,.T.);
#1966=ORIENTED_EDGE('',*,*,#1229,.T.);
#1967=ORIENTED_EDGE('',*,*,#1418,.F.);
#1968=ORIENTED_EDGE('',*,*,#1299,.F.);
#1969=ORIENTED_EDGE('',*,*,#1419,.T.);
#1970=ORIENTED_EDGE('',*,*,#1420,.T.);
#1971=ORIENTED_EDGE('',*,*,#1419,.F.);
#1972=ORIENTED_EDGE('',*,*,#1420,.F.);
#1973=ORIENTED_EDGE('',*,*,#1421,.T.);
#1974=ORIENTED_EDGE('',*,*,#1422,.T.);
#1975=ORIENTED_EDGE('',*,*,#1421,.F.);
#1976=ORIENTED_EDGE('',*,*,#1423,.T.);
#1977=ORIENTED_EDGE('',*,*,#1422,.F.);
#1978=ORIENTED_EDGE('',*,*,#1423,.F.);
#1979=ORIENTED_EDGE('',*,*,#1424,.T.);
#1980=ORIENTED_EDGE('',*,*,#1230,.T.);
#1981=ORIENTED_EDGE('',*,*,#1424,.F.);
#1982=ORIENTED_EDGE('',*,*,#1300,.F.);
#1983=ORIENTED_EDGE('',*,*,#1425,.T.);
#1984=ORIENTED_EDGE('',*,*,#1426,.T.);
#1985=ORIENTED_EDGE('',*,*,#1425,.F.);
#1986=ORIENTED_EDGE('',*,*,#1426,.F.);
#1987=ORIENTED_EDGE('',*,*,#1427,.T.);
#1988=ORIENTED_EDGE('',*,*,#1428,.T.);
#1989=ORIENTED_EDGE('',*,*,#1427,.F.);
#1990=ORIENTED_EDGE('',*,*,#1429,.T.);
#1991=ORIENTED_EDGE('',*,*,#1428,.F.);
#1992=ORIENTED_EDGE('',*,*,#1429,.F.);
#1993=ORIENTED_EDGE('',*,*,#1430,.T.);
#1994=ORIENTED_EDGE('',*,*,#1231,.T.);
#1995=ORIENTED_EDGE('',*,*,#1430,.F.);
#1996=ORIENTED_EDGE('',*,*,#1301,.F.);
#1997=ORIENTED_EDGE('',*,*,#1431,.T.);
#1998=ORIENTED_EDGE('',*,*,#1432,.T.);
#1999=ORIENTED_EDGE('',*,*,#1431,.F.);
#2000=ORIENTED_EDGE('',*,*,#1432,.F.);
#2001=ORIENTED_EDGE('',*,*,#1433,.T.);
#2002=ORIENTED_EDGE('',*,*,#1434,.T.);
#2003=ORIENTED_EDGE('',*,*,#1433,.F.);
#2004=ORIENTED_EDGE('',*,*,#1435,.T.);
#2005=ORIENTED_EDGE('',*,*,#1434,.F.);
#2006=ORIENTED_EDGE('',*,*,#1435,.F.);
#2007=ORIENTED_EDGE('',*,*,#1436,.T.);
#2008=ORIENTED_EDGE('',*,*,#1232,.T.);
#2009=ORIENTED_EDGE('',*,*,#1436,.F.);
#2010=ORIENTED_EDGE('',*,*,#1233,.F.);
#2011=ORIENTED_EDGE('',*,*,#1437,.T.);
#2012=ORIENTED_EDGE('',*,*,#1302,.T.);
#2013=ORIENTED_EDGE('',*,*,#1437,.F.);
#2014=ORIENTED_EDGE('',*,*,#1178,.F.);
#2015=ORIENTED_EDGE('',*,*,#1438,.T.);
#2016=ORIENTED_EDGE('',*,*,#1439,.T.);
#2017=ORIENTED_EDGE('',*,*,#1438,.F.);
#2018=ORIENTED_EDGE('',*,*,#1439,.F.);
#2019=ORIENTED_EDGE('',*,*,#1440,.T.);
#2020=ORIENTED_EDGE('',*,*,#1441,.T.);
#2021=ORIENTED_EDGE('',*,*,#1440,.F.);
#2022=ORIENTED_EDGE('',*,*,#1442,.T.);
#2023=ORIENTED_EDGE('',*,*,#1441,.F.);
#2024=ORIENTED_EDGE('',*,*,#1442,.F.);
#2025=ORIENTED_EDGE('',*,*,#1443,.T.);
#2026=ORIENTED_EDGE('',*,*,#1166,.T.);
#2027=ORIENTED_EDGE('',*,*,#1443,.F.);
#2028=ORIENTED_EDGE('',*,*,#1179,.F.);
#2029=ORIENTED_EDGE('',*,*,#1444,.T.);
#2030=ORIENTED_EDGE('',*,*,#1445,.T.);
#2031=ORIENTED_EDGE('',*,*,#1444,.F.);
#2032=ORIENTED_EDGE('',*,*,#1445,.F.);
#2033=ORIENTED_EDGE('',*,*,#1446,.T.);
#2034=ORIENTED_EDGE('',*,*,#1447,.T.);
#2035=ORIENTED_EDGE('',*,*,#1446,.F.);
#2036=ORIENTED_EDGE('',*,*,#1448,.T.);
#2037=ORIENTED_EDGE('',*,*,#1447,.F.);
#2038=ORIENTED_EDGE('',*,*,#1448,.F.);
#2039=ORIENTED_EDGE('',*,*,#1449,.T.);
#2040=ORIENTED_EDGE('',*,*,#1167,.T.);
#2041=ORIENTED_EDGE('',*,*,#1449,.F.);
#2042=ORIENTED_EDGE('',*,*,#1180,.F.);
#2043=ORIENTED_EDGE('',*,*,#1450,.T.);
#2044=ORIENTED_EDGE('',*,*,#1451,.T.);
#2045=ORIENTED_EDGE('',*,*,#1450,.F.);
#2046=ORIENTED_EDGE('',*,*,#1451,.F.);
#2047=ORIENTED_EDGE('',*,*,#1452,.T.);
#2048=ORIENTED_EDGE('',*,*,#1453,.T.);
#2049=ORIENTED_EDGE('',*,*,#1452,.F.);
#2050=ORIENTED_EDGE('',*,*,#1454,.T.);
#2051=ORIENTED_EDGE('',*,*,#1453,.F.);
#2052=ORIENTED_EDGE('',*,*,#1454,.F.);
#2053=ORIENTED_EDGE('',*,*,#1455,.T.);
#2054=ORIENTED_EDGE('',*,*,#1168,.T.);
#2055=ORIENTED_EDGE('',*,*,#1455,.F.);
#2056=PLANE('',#2273);
#2057=PLANE('',#2277);
#2058=PLANE('',#2281);
#2059=PLANE('',#2282);
#2060=PLANE('',#2283);
#2061=PLANE('',#2287);
#2062=PLANE('',#2295);
#2063=PLANE('',#2296);
#2064=PLANE('',#2297);
#2065=PLANE('',#2298);
#2066=PLANE('',#2299);
#2067=PLANE('',#2307);
#2068=PLANE('',#2311);
#2069=PLANE('',#2312);
#2070=PLANE('',#2313);
#2071=PLANE('',#2314);
#2072=PLANE('',#2328);
#2073=PLANE('',#2344);
#2074=PLANE('',#2352);
#2075=PLANE('',#2361);
#2076=PLANE('',#2362);
#2077=PLANE('',#2364);
#2078=PLANE('',#2365);
#2079=PLANE('',#2366);
#2080=PLANE('',#2367);
#2081=PLANE('',#2368);
#2082=PLANE('',#2369);
#2083=PLANE('',#2371);
#2084=PLANE('',#2374);
#2085=PLANE('',#2385);
#2086=PLANE('',#2400);
#2087=PLANE('',#2404);
#2088=PLANE('',#2412);
#2089=PLANE('',#2413);
#2090=PLANE('',#2414);
#2091=PLANE('',#2415);
#2092=PLANE('',#2421);
#2093=PLANE('',#2422);
#2094=PLANE('',#2431);
#2095=PLANE('',#2438);
#2096=PLANE('',#2445);
#2097=PLANE('',#2452);
#2098=PLANE('',#2459);
#2099=PLANE('',#2466);
#2100=PLANE('',#2473);
#2101=PLANE('',#2480);
#2102=PLANE('',#2490);
#2103=PLANE('',#2497);
#2104=PLANE('',#2504);
#2105=PLANE('',#2511);
#2106=PLANE('',#2518);
#2107=PLANE('',#2525);
#2108=PLANE('',#2532);
#2109=PLANE('',#2539);
#2110=PLANE('',#2547);
#2111=PLANE('',#2554);
#2112=PLANE('',#2561);
#2113=ADVANCED_FACE('',(#314),#2056,.F.);
#2114=ADVANCED_FACE('',(#315),#258,.T.);
#2115=ADVANCED_FACE('',(#316,#48,#49,#50),#2057,.T.);
#2116=ADVANCED_FACE('',(#317),#2058,.T.);
#2117=ADVANCED_FACE('',(#318),#2059,.T.);
#2118=ADVANCED_FACE('',(#319,#51,#52,#53),#2060,.F.);
#2119=ADVANCED_FACE('',(#320),#2061,.T.);
#2120=ADVANCED_FACE('',(#321),#15,.F.);
#2121=ADVANCED_FACE('',(#322),#259,.F.);
#2122=ADVANCED_FACE('',(#323),#16,.F.);
#2123=ADVANCED_FACE('',(#324),#2062,.F.);
#2124=ADVANCED_FACE('',(#325),#2063,.T.);
#2125=ADVANCED_FACE('',(#326),#2064,.T.);
#2126=ADVANCED_FACE('',(#327),#2065,.T.);
#2127=ADVANCED_FACE('',(#328),#2066,.T.);
#2128=ADVANCED_FACE('',(#329),#17,.T.);
#2129=ADVANCED_FACE('',(#330),#260,.T.);
#2130=ADVANCED_FACE('',(#331),#18,.T.);
#2131=ADVANCED_FACE('',(#332),#2067,.F.);
#2132=ADVANCED_FACE('',(#333),#261,.F.);
#2133=ADVANCED_FACE('',(#334),#2068,.T.);
#2134=ADVANCED_FACE('',(#335),#2069,.F.);
#2135=ADVANCED_FACE('',(#336),#2070,.T.);
#2136=ADVANCED_FACE('',(#337,#54,#55,#56,#57,#58,#59,#60,#61,#62,#63),#2071,
 .T.);
#2137=ADVANCED_FACE('',(#338,#64,#65,#66,#67,#68,#69,#70,#71,#72,#73),#2072,
 .T.);
#2138=ADVANCED_FACE('',(#339),#19,.F.);
#2139=ADVANCED_FACE('',(#340),#2073,.T.);
#2140=ADVANCED_FACE('',(#341),#20,.T.);
#2141=ADVANCED_FACE('',(#342),#262,.T.);
#2142=ADVANCED_FACE('',(#343),#21,.T.);
#2143=ADVANCED_FACE('',(#344),#2074,.T.);
#2144=ADVANCED_FACE('',(#345),#22,.F.);
#2145=ADVANCED_FACE('',(#346),#23,.T.);
#2146=ADVANCED_FACE('',(#347),#263,.T.);
#2147=ADVANCED_FACE('',(#348),#264,.F.);
#2148=ADVANCED_FACE('',(#349),#2075,.F.);
#2149=ADVANCED_FACE('',(#350),#2076,.F.);
#2150=ADVANCED_FACE('',(#351),#2077,.T.);
#2151=ADVANCED_FACE('',(#352),#2078,.T.);
#2152=ADVANCED_FACE('',(#353),#2079,.T.);
#2153=ADVANCED_FACE('',(#354),#2080,.T.);
#2154=ADVANCED_FACE('',(#355),#2081,.T.);
#2155=ADVANCED_FACE('',(#356),#2082,.T.);
#2156=ADVANCED_FACE('',(#357),#2083,.F.);
#2157=ADVANCED_FACE('',(#358),#265,.F.);
#2158=ADVANCED_FACE('',(#359,#74,#75,#76,#77,#78,#79,#80,#81,#82,#83),#2084,
 .F.);
#2159=ADVANCED_FACE('',(#360,#84,#85,#86,#87,#88,#89,#90,#91,#92,#93),#2085,
 .F.);
#2160=ADVANCED_FACE('',(#361),#266,.F.);
#2161=ADVANCED_FACE('',(#362),#2086,.F.);
#2162=ADVANCED_FACE('',(#363),#267,.T.);
#2163=ADVANCED_FACE('',(#364),#2087,.F.);
#2164=ADVANCED_FACE('',(#365),#24,.F.);
#2165=ADVANCED_FACE('',(#366),#268,.F.);
#2166=ADVANCED_FACE('',(#367),#25,.F.);
#2167=ADVANCED_FACE('',(#368),#2088,.F.);
#2168=ADVANCED_FACE('',(#369),#2089,.T.);
#2169=ADVANCED_FACE('',(#370),#2090,.F.);
#2170=ADVANCED_FACE('',(#371),#2091,.T.);
#2171=ADVANCED_FACE('',(#372),#269,.T.);
#2172=ADVANCED_FACE('',(#373),#26,.T.);
#2173=ADVANCED_FACE('',(#374),#27,.F.);
#2174=ADVANCED_FACE('',(#375),#2092,.T.);
#2175=ADVANCED_FACE('',(#376),#2093,.F.);
#2176=ADVANCED_FACE('',(#377),#270,.F.);
#2177=ADVANCED_FACE('',(#378),#28,.F.);
#2178=ADVANCED_FACE('',(#379),#271,.F.);
#2179=ADVANCED_FACE('',(#380),#272,.F.);
#2180=ADVANCED_FACE('',(#381),#29,.F.);
#2181=ADVANCED_FACE('',(#382,#94),#2094,.T.);
#2182=ADVANCED_FACE('',(#383),#273,.F.);
#2183=ADVANCED_FACE('',(#384),#274,.F.);
#2184=ADVANCED_FACE('',(#385),#30,.F.);
#2185=ADVANCED_FACE('',(#386,#95),#2095,.T.);
#2186=ADVANCED_FACE('',(#387),#275,.F.);
#2187=ADVANCED_FACE('',(#388),#276,.F.);
#2188=ADVANCED_FACE('',(#389),#31,.F.);
#2189=ADVANCED_FACE('',(#390,#96),#2096,.T.);
#2190=ADVANCED_FACE('',(#391),#277,.F.);
#2191=ADVANCED_FACE('',(#392),#278,.F.);
#2192=ADVANCED_FACE('',(#393),#32,.F.);
#2193=ADVANCED_FACE('',(#394,#97),#2097,.T.);
#2194=ADVANCED_FACE('',(#395),#279,.F.);
#2195=ADVANCED_FACE('',(#396),#280,.F.);
#2196=ADVANCED_FACE('',(#397),#33,.F.);
#2197=ADVANCED_FACE('',(#398,#98),#2098,.T.);
#2198=ADVANCED_FACE('',(#399),#281,.F.);
#2199=ADVANCED_FACE('',(#400),#282,.F.);
#2200=ADVANCED_FACE('',(#401),#34,.F.);
#2201=ADVANCED_FACE('',(#402,#99),#2099,.T.);
#2202=ADVANCED_FACE('',(#403),#283,.F.);
#2203=ADVANCED_FACE('',(#404),#284,.F.);
#2204=ADVANCED_FACE('',(#405),#35,.F.);
#2205=ADVANCED_FACE('',(#406,#100),#2100,.T.);
#2206=ADVANCED_FACE('',(#407),#285,.F.);
#2207=ADVANCED_FACE('',(#408),#286,.F.);
#2208=ADVANCED_FACE('',(#409),#36,.F.);
#2209=ADVANCED_FACE('',(#410,#101),#2101,.T.);
#2210=ADVANCED_FACE('',(#411),#287,.F.);
#2211=ADVANCED_FACE('',(#412),#288,.F.);
#2212=ADVANCED_FACE('',(#413),#289,.F.);
#2213=ADVANCED_FACE('',(#414),#290,.F.);
#2214=ADVANCED_FACE('',(#415),#291,.F.);
#2215=ADVANCED_FACE('',(#416),#37,.F.);
#2216=ADVANCED_FACE('',(#417,#102),#2102,.T.);
#2217=ADVANCED_FACE('',(#418),#292,.F.);
#2218=ADVANCED_FACE('',(#419),#293,.F.);
#2219=ADVANCED_FACE('',(#420),#38,.F.);
#2220=ADVANCED_FACE('',(#421,#103),#2103,.T.);
#2221=ADVANCED_FACE('',(#422),#294,.F.);
#2222=ADVANCED_FACE('',(#423),#295,.F.);
#2223=ADVANCED_FACE('',(#424),#39,.F.);
#2224=ADVANCED_FACE('',(#425,#104),#2104,.T.);
#2225=ADVANCED_FACE('',(#426),#296,.F.);
#2226=ADVANCED_FACE('',(#427),#297,.F.);
#2227=ADVANCED_FACE('',(#428),#40,.F.);
#2228=ADVANCED_FACE('',(#429,#105),#2105,.T.);
#2229=ADVANCED_FACE('',(#430),#298,.F.);
#2230=ADVANCED_FACE('',(#431),#299,.F.);
#2231=ADVANCED_FACE('',(#432),#41,.F.);
#2232=ADVANCED_FACE('',(#433,#106),#2106,.T.);
#2233=ADVANCED_FACE('',(#434),#300,.F.);
#2234=ADVANCED_FACE('',(#435),#301,.F.);
#2235=ADVANCED_FACE('',(#436),#42,.F.);
#2236=ADVANCED_FACE('',(#437,#107),#2107,.T.);
#2237=ADVANCED_FACE('',(#438),#302,.F.);
#2238=ADVANCED_FACE('',(#439),#303,.F.);
#2239=ADVANCED_FACE('',(#440),#43,.F.);
#2240=ADVANCED_FACE('',(#441,#108),#2108,.T.);
#2241=ADVANCED_FACE('',(#442),#304,.F.);
#2242=ADVANCED_FACE('',(#443),#305,.F.);
#2243=ADVANCED_FACE('',(#444),#44,.F.);
#2244=ADVANCED_FACE('',(#445,#109),#2109,.T.);
#2245=ADVANCED_FACE('',(#446),#306,.F.);
#2246=ADVANCED_FACE('',(#447),#307,.F.);
#2247=ADVANCED_FACE('',(#448),#308,.F.);
#2248=ADVANCED_FACE('',(#449),#45,.F.);
#2249=ADVANCED_FACE('',(#450,#110),#2110,.T.);
#2250=ADVANCED_FACE('',(#451),#309,.F.);
#2251=ADVANCED_FACE('',(#452),#310,.F.);
#2252=ADVANCED_FACE('',(#453),#46,.F.);
#2253=ADVANCED_FACE('',(#454,#111),#2111,.T.);
#2254=ADVANCED_FACE('',(#455),#311,.F.);
#2255=ADVANCED_FACE('',(#456),#312,.F.);
#2256=ADVANCED_FACE('',(#457),#47,.F.);
#2257=ADVANCED_FACE('',(#458,#112),#2112,.T.);
#2258=ADVANCED_FACE('',(#459),#313,.F.);
#2259=CLOSED_SHELL('',(#2113,#2114,#2115,#2116,#2117,#2118,#2119,#2120,
#2121,#2122,#2123,#2124,#2125,#2126,#2127,#2128,#2129,#2130,#2131,#2132,
#2133,#2134,#2135,#2136,#2137,#2138,#2139,#2140,#2141,#2142,#2143,#2144,
#2145,#2146,#2147,#2148,#2149,#2150,#2151,#2152,#2153,#2154,#2155,#2156,
#2157,#2158,#2159,#2160,#2161,#2162,#2163,#2164,#2165,#2166,#2167,#2168,
#2169,#2170,#2171,#2172,#2173,#2174,#2175,#2176,#2177,#2178,#2179,#2180,
#2181,#2182,#2183,#2184,#2185,#2186,#2187,#2188,#2189,#2190,#2191,#2192,
#2193,#2194,#2195,#2196,#2197,#2198,#2199,#2200,#2201,#2202,#2203,#2204,
#2205,#2206,#2207,#2208,#2209,#2210,#2211,#2212,#2213,#2214,#2215,#2216,
#2217,#2218,#2219,#2220,#2221,#2222,#2223,#2224,#2225,#2226,#2227,#2228,
#2229,#2230,#2231,#2232,#2233,#2234,#2235,#2236,#2237,#2238,#2239,#2240,
#2241,#2242,#2243,#2244,#2245,#2246,#2247,#2248,#2249,#2250,#2251,#2252,
#2253,#2254,#2255,#2256,#2257,#2258));
#2260=DERIVED_UNIT_ELEMENT(#2262,1.);
#2261=DERIVED_UNIT_ELEMENT(#3930,-3.);
#2262=(
MASS_UNIT()
NAMED_UNIT(*)
SI_UNIT(.KILO.,.GRAM.)
);
#2263=DERIVED_UNIT((#2260,#2261));
#2264=MEASURE_REPRESENTATION_ITEM('density measure',
POSITIVE_RATIO_MEASURE(7850.),#2263);
#2265=PROPERTY_DEFINITION_REPRESENTATION(#2270,#2267);
#2266=PROPERTY_DEFINITION_REPRESENTATION(#2271,#2268);
#2267=REPRESENTATION('material name',(#2269),#3927);
#2268=REPRESENTATION('density',(#2264),#3927);
#2269=DESCRIPTIVE_REPRESENTATION_ITEM('\X2\94A2\X0\','\X2\94A2\X0\');
#2270=PROPERTY_DEFINITION('material property','material name',#3937);
#2271=PROPERTY_DEFINITION('material property','density of part',#3937);
#2272=AXIS2_PLACEMENT_3D('',#3303,#2564,#2565);
#2273=AXIS2_PLACEMENT_3D('',#3304,#2566,#2567);
#2274=AXIS2_PLACEMENT_3D('',#3313,#2572,#2573);
#2275=AXIS2_PLACEMENT_3D('',#3317,#2575,#2576);
#2276=AXIS2_PLACEMENT_3D('',#3318,#2577,#2578);
#2277=AXIS2_PLACEMENT_3D('',#3319,#2579,#2580);
#2278=AXIS2_PLACEMENT_3D('',#3326,#2584,#2585);
#2279=AXIS2_PLACEMENT_3D('',#3328,#2586,#2587);
#2280=AXIS2_PLACEMENT_3D('',#3330,#2588,#2589);
#2281=AXIS2_PLACEMENT_3D('',#3331,#2590,#2591);
#2282=AXIS2_PLACEMENT_3D('',#3337,#2595,#2596);
#2283=AXIS2_PLACEMENT_3D('',#3343,#2600,#2601);
#2284=AXIS2_PLACEMENT_3D('',#3350,#2605,#2606);
#2285=AXIS2_PLACEMENT_3D('',#3352,#2607,#2608);
#2286=AXIS2_PLACEMENT_3D('',#3354,#2609,#2610);
#2287=AXIS2_PLACEMENT_3D('',#3355,#2611,#2612);
#2288=AXIS2_PLACEMENT_3D('',#3361,#2616,#2617);
#2289=AXIS2_PLACEMENT_3D('',#3363,#2618,#2619);
#2290=AXIS2_PLACEMENT_3D('',#3365,#2620,#2621);
#2291=AXIS2_PLACEMENT_3D('',#3367,#2623,#2624);
#2292=AXIS2_PLACEMENT_3D('',#3370,#2626,#2627);
#2293=AXIS2_PLACEMENT_3D('',#3371,#2628,#2629);
#2294=AXIS2_PLACEMENT_3D('',#3374,#2631,#2632);
#2295=AXIS2_PLACEMENT_3D('',#3375,#2633,#2634);
#2296=AXIS2_PLACEMENT_3D('',#3377,#2636,#2637);
#2297=AXIS2_PLACEMENT_3D('',#3381,#2640,#2641);
#2298=AXIS2_PLACEMENT_3D('',#3385,#2644,#2645);
#2299=AXIS2_PLACEMENT_3D('',#3389,#2648,#2649);
#2300=AXIS2_PLACEMENT_3D('',#3393,#2652,#2653);
#2301=AXIS2_PLACEMENT_3D('',#3395,#2654,#2655);
#2302=AXIS2_PLACEMENT_3D('',#3397,#2656,#2657);
#2303=AXIS2_PLACEMENT_3D('',#3399,#2659,#2660);
#2304=AXIS2_PLACEMENT_3D('',#3402,#2662,#2663);
#2305=AXIS2_PLACEMENT_3D('',#3403,#2664,#2665);
#2306=AXIS2_PLACEMENT_3D('',#3406,#2667,#2668);
#2307=AXIS2_PLACEMENT_3D('',#3407,#2669,#2670);
#2308=AXIS2_PLACEMENT_3D('',#3410,#2672,#2673);
#2309=AXIS2_PLACEMENT_3D('',#3411,#2674,#2675);
#2310=AXIS2_PLACEMENT_3D('',#3414,#2677,#2678);
#2311=AXIS2_PLACEMENT_3D('',#3415,#2679,#2680);
#2312=AXIS2_PLACEMENT_3D('',#3418,#2683,#2684);
#2313=AXIS2_PLACEMENT_3D('',#3424,#2688,#2689);
#2314=AXIS2_PLACEMENT_3D('',#3428,#2692,#2693);
#2315=AXIS2_PLACEMENT_3D('',#3431,#2694,#2695);
#2316=AXIS2_PLACEMENT_3D('',#3439,#2699,#2700);
#2317=AXIS2_PLACEMENT_3D('',#3440,#2701,#2702);
#2318=AXIS2_PLACEMENT_3D('',#3442,#2703,#2704);
#2319=AXIS2_PLACEMENT_3D('',#3444,#2705,#2706);
#2320=AXIS2_PLACEMENT_3D('',#3446,#2707,#2708);
#2321=AXIS2_PLACEMENT_3D('',#3448,#2709,#2710);
#2322=AXIS2_PLACEMENT_3D('',#3450,#2711,#2712);
#2323=AXIS2_PLACEMENT_3D('',#3452,#2713,#2714);
#2324=AXIS2_PLACEMENT_3D('',#3454,#2715,#2716);
#2325=AXIS2_PLACEMENT_3D('',#3456,#2717,#2718);
#2326=AXIS2_PLACEMENT_3D('',#3458,#2719,#2720);
#2327=AXIS2_PLACEMENT_3D('',#3460,#2721,#2722);
#2328=AXIS2_PLACEMENT_3D('',#3461,#2723,#2724);
#2329=AXIS2_PLACEMENT_3D('',#3463,#2725,#2726);
#2330=AXIS2_PLACEMENT_3D('',#3465,#2727,#2728);
#2331=AXIS2_PLACEMENT_3D('',#3467,#2729,#2730);
#2332=AXIS2_PLACEMENT_3D('',#3470,#2732,#2733);
#2333=AXIS2_PLACEMENT_3D('',#3472,#2734,#2735);
#2334=AXIS2_PLACEMENT_3D('',#3474,#2736,#2737);
#2335=AXIS2_PLACEMENT_3D('',#3476,#2738,#2739);
#2336=AXIS2_PLACEMENT_3D('',#3478,#2740,#2741);
#2337=AXIS2_PLACEMENT_3D('',#3480,#2742,#2743);
#2338=AXIS2_PLACEMENT_3D('',#3482,#2744,#2745);
#2339=AXIS2_PLACEMENT_3D('',#3484,#2746,#2747);
#2340=AXIS2_PLACEMENT_3D('',#3486,#2748,#2749);
#2341=AXIS2_PLACEMENT_3D('',#3488,#2750,#2751);
#2342=AXIS2_PLACEMENT_3D('',#3489,#2752,#2753);
#2343=AXIS2_PLACEMENT_3D('',#3493,#2755,#2756);
#2344=AXIS2_PLACEMENT_3D('',#3495,#2758,#2759);
#2345=AXIS2_PLACEMENT_3D('',#3499,#2762,#2763);
#2346=AXIS2_PLACEMENT_3D('',#3501,#2764,#2765);
#2347=AXIS2_PLACEMENT_3D('',#3503,#2766,#2767);
#2348=AXIS2_PLACEMENT_3D('',#3505,#2769,#2770);
#2349=AXIS2_PLACEMENT_3D('',#3508,#2772,#2773);
#2350=AXIS2_PLACEMENT_3D('',#3509,#2774,#2775);
#2351=AXIS2_PLACEMENT_3D('',#3513,#2777,#2778);
#2352=AXIS2_PLACEMENT_3D('',#3515,#2780,#2781);
#2353=AXIS2_PLACEMENT_3D('',#3519,#2784,#2785);
#2354=AXIS2_PLACEMENT_3D('',#3521,#2786,#2787);
#2355=AXIS2_PLACEMENT_3D('',#3523,#2789,#2790);
#2356=AXIS2_PLACEMENT_3D('',#3524,#2791,#2792);
#2357=AXIS2_PLACEMENT_3D('',#3525,#2793,#2794);
#2358=AXIS2_PLACEMENT_3D('',#3529,#2796,#2797);
#2359=AXIS2_PLACEMENT_3D('',#3531,#2799,#2800);
#2360=AXIS2_PLACEMENT_3D('',#3533,#2801,#2802);
#2361=AXIS2_PLACEMENT_3D('',#3535,#2804,#2805);
#2362=AXIS2_PLACEMENT_3D('',#3539,#2808,#2809);
#2363=AXIS2_PLACEMENT_3D('',#3541,#2810,#2811);
#2364=AXIS2_PLACEMENT_3D('',#3543,#2813,#2814);
#2365=AXIS2_PLACEMENT_3D('',#3549,#2818,#2819);
#2366=AXIS2_PLACEMENT_3D('',#3553,#2822,#2823);
#2367=AXIS2_PLACEMENT_3D('',#3557,#2826,#2827);
#2368=AXIS2_PLACEMENT_3D('',#3561,#2830,#2831);
#2369=AXIS2_PLACEMENT_3D('',#3567,#2835,#2836);
#2370=AXIS2_PLACEMENT_3D('',#3569,#2837,#2838);
#2371=AXIS2_PLACEMENT_3D('',#3571,#2840,#2841);
#2372=AXIS2_PLACEMENT_3D('',#3575,#2844,#2845);
#2373=AXIS2_PLACEMENT_3D('',#3576,#2846,#2847);
#2374=AXIS2_PLACEMENT_3D('',#3577,#2848,#2849);
#2375=AXIS2_PLACEMENT_3D('',#3580,#2851,#2852);
#2376=AXIS2_PLACEMENT_3D('',#3582,#2853,#2854);
#2377=AXIS2_PLACEMENT_3D('',#3584,#2855,#2856);
#2378=AXIS2_PLACEMENT_3D('',#3586,#2857,#2858);
#2379=AXIS2_PLACEMENT_3D('',#3588,#2859,#2860);
#2380=AXIS2_PLACEMENT_3D('',#3590,#2861,#2862);
#2381=AXIS2_PLACEMENT_3D('',#3592,#2863,#2864);
#2382=AXIS2_PLACEMENT_3D('',#3594,#2865,#2866);
#2383=AXIS2_PLACEMENT_3D('',#3596,#2867,#2868);
#2384=AXIS2_PLACEMENT_3D('',#3598,#2869,#2870);
#2385=AXIS2_PLACEMENT_3D('',#3599,#2871,#2872);
#2386=AXIS2_PLACEMENT_3D('',#3602,#2873,#2874);
#2387=AXIS2_PLACEMENT_3D('',#3603,#2875,#2876);
#2388=AXIS2_PLACEMENT_3D('',#3606,#2878,#2879);
#2389=AXIS2_PLACEMENT_3D('',#3608,#2880,#2881);
#2390=AXIS2_PLACEMENT_3D('',#3610,#2882,#2883);
#2391=AXIS2_PLACEMENT_3D('',#3612,#2884,#2885);
#2392=AXIS2_PLACEMENT_3D('',#3614,#2886,#2887);
#2393=AXIS2_PLACEMENT_3D('',#3616,#2888,#2889);
#2394=AXIS2_PLACEMENT_3D('',#3618,#2890,#2891);
#2395=AXIS2_PLACEMENT_3D('',#3620,#2892,#2893);
#2396=AXIS2_PLACEMENT_3D('',#3622,#2894,#2895);
#2397=AXIS2_PLACEMENT_3D('',#3624,#2896,#2897);
#2398=AXIS2_PLACEMENT_3D('',#3626,#2898,#2899);
#2399=AXIS2_PLACEMENT_3D('',#3627,#2900,#2901);
#2400=AXIS2_PLACEMENT_3D('',#3629,#2903,#2904);
#2401=AXIS2_PLACEMENT_3D('',#3631,#2906,#2907);
#2402=AXIS2_PLACEMENT_3D('',#3632,#2908,#2909);
#2403=AXIS2_PLACEMENT_3D('',#3633,#2910,#2911);
#2404=AXIS2_PLACEMENT_3D('',#3634,#2912,#2913);
#2405=AXIS2_PLACEMENT_3D('',#3635,#2914,#2915);
#2406=AXIS2_PLACEMENT_3D('',#3636,#2916,#2917);
#2407=AXIS2_PLACEMENT_3D('',#3637,#2918,#2919);
#2408=AXIS2_PLACEMENT_3D('',#3638,#2920,#2921);
#2409=AXIS2_PLACEMENT_3D('',#3639,#2922,#2923);
#2410=AXIS2_PLACEMENT_3D('',#3640,#2924,#2925);
#2411=AXIS2_PLACEMENT_3D('',#3641,#2926,#2927);
#2412=AXIS2_PLACEMENT_3D('',#3642,#2928,#2929);
#2413=AXIS2_PLACEMENT_3D('',#3644,#2931,#2932);
#2414=AXIS2_PLACEMENT_3D('',#3646,#2934,#2935);
#2415=AXIS2_PLACEMENT_3D('',#3648,#2937,#2938);
#2416=AXIS2_PLACEMENT_3D('',#3649,#2939,#2940);
#2417=AXIS2_PLACEMENT_3D('',#3652,#2941,#2942);
#2418=AXIS2_PLACEMENT_3D('',#3655,#2945,#2946);
#2419=AXIS2_PLACEMENT_3D('',#3658,#2949,#2950);
#2420=AXIS2_PLACEMENT_3D('',#3660,#2951,#2952);
#2421=AXIS2_PLACEMENT_3D('',#3662,#2954,#2955);
#2422=AXIS2_PLACEMENT_3D('',#3664,#2957,#2958);
#2423=AXIS2_PLACEMENT_3D('',#3666,#2960,#2961);
#2424=AXIS2_PLACEMENT_3D('',#3667,#2962,#2963);
#2425=AXIS2_PLACEMENT_3D('',#3668,#2964,#2965);
#2426=AXIS2_PLACEMENT_3D('',#3669,#2966,#2967);
#2427=AXIS2_PLACEMENT_3D('',#3670,#2968,#2969);
#2428=AXIS2_PLACEMENT_3D('',#3673,#2971,#2972);
#2429=AXIS2_PLACEMENT_3D('',#3674,#2973,#2974);
#2430=AXIS2_PLACEMENT_3D('',#3677,#2976,#2977);
#2431=AXIS2_PLACEMENT_3D('',#3678,#2978,#2979);
#2432=AXIS2_PLACEMENT_3D('',#3680,#2980,#2981);
#2433=AXIS2_PLACEMENT_3D('',#3681,#2982,#2983);
#2434=AXIS2_PLACEMENT_3D('',#3683,#2985,#2986);
#2435=AXIS2_PLACEMENT_3D('',#3686,#2988,#2989);
#2436=AXIS2_PLACEMENT_3D('',#3687,#2990,#2991);
#2437=AXIS2_PLACEMENT_3D('',#3690,#2993,#2994);
#2438=AXIS2_PLACEMENT_3D('',#3691,#2995,#2996);
#2439=AXIS2_PLACEMENT_3D('',#3693,#2997,#2998);
#2440=AXIS2_PLACEMENT_3D('',#3694,#2999,#3000);
#2441=AXIS2_PLACEMENT_3D('',#3696,#3002,#3003);
#2442=AXIS2_PLACEMENT_3D('',#3699,#3005,#3006);
#2443=AXIS2_PLACEMENT_3D('',#3700,#3007,#3008);
#2444=AXIS2_PLACEMENT_3D('',#3703,#3010,#3011);
#2445=AXIS2_PLACEMENT_3D('',#3704,#3012,#3013);
#2446=AXIS2_PLACEMENT_3D('',#3706,#3014,#3015);
#2447=AXIS2_PLACEMENT_3D('',#3707,#3016,#3017);
#2448=AXIS2_PLACEMENT_3D('',#3709,#3019,#3020);
#2449=AXIS2_PLACEMENT_3D('',#3712,#3022,#3023);
#2450=AXIS2_PLACEMENT_3D('',#3713,#3024,#3025);
#2451=AXIS2_PLACEMENT_3D('',#3716,#3027,#3028);
#2452=AXIS2_PLACEMENT_3D('',#3717,#3029,#3030);
#2453=AXIS2_PLACEMENT_3D('',#3719,#3031,#3032);
#2454=AXIS2_PLACEMENT_3D('',#3720,#3033,#3034);
#2455=AXIS2_PLACEMENT_3D('',#3722,#3036,#3037);
#2456=AXIS2_PLACEMENT_3D('',#3725,#3039,#3040);
#2457=AXIS2_PLACEMENT_3D('',#3726,#3041,#3042);
#2458=AXIS2_PLACEMENT_3D('',#3729,#3044,#3045);
#2459=AXIS2_PLACEMENT_3D('',#3730,#3046,#3047);
#2460=AXIS2_PLACEMENT_3D('',#3732,#3048,#3049);
#2461=AXIS2_PLACEMENT_3D('',#3733,#3050,#3051);
#2462=AXIS2_PLACEMENT_3D('',#3735,#3053,#3054);
#2463=AXIS2_PLACEMENT_3D('',#3738,#3056,#3057);
#2464=AXIS2_PLACEMENT_3D('',#3739,#3058,#3059);
#2465=AXIS2_PLACEMENT_3D('',#3742,#3061,#3062);
#2466=AXIS2_PLACEMENT_3D('',#3743,#3063,#3064);
#2467=AXIS2_PLACEMENT_3D('',#3745,#3065,#3066);
#2468=AXIS2_PLACEMENT_3D('',#3746,#3067,#3068);
#2469=AXIS2_PLACEMENT_3D('',#3748,#3070,#3071);
#2470=AXIS2_PLACEMENT_3D('',#3751,#3073,#3074);
#2471=AXIS2_PLACEMENT_3D('',#3752,#3075,#3076);
#2472=AXIS2_PLACEMENT_3D('',#3755,#3078,#3079);
#2473=AXIS2_PLACEMENT_3D('',#3756,#3080,#3081);
#2474=AXIS2_PLACEMENT_3D('',#3758,#3082,#3083);
#2475=AXIS2_PLACEMENT_3D('',#3759,#3084,#3085);
#2476=AXIS2_PLACEMENT_3D('',#3761,#3087,#3088);
#2477=AXIS2_PLACEMENT_3D('',#3764,#3090,#3091);
#2478=AXIS2_PLACEMENT_3D('',#3765,#3092,#3093);
#2479=AXIS2_PLACEMENT_3D('',#3768,#3095,#3096);
#2480=AXIS2_PLACEMENT_3D('',#3769,#3097,#3098);
#2481=AXIS2_PLACEMENT_3D('',#3771,#3099,#3100);
#2482=AXIS2_PLACEMENT_3D('',#3772,#3101,#3102);
#2483=AXIS2_PLACEMENT_3D('',#3774,#3104,#3105);
#2484=AXIS2_PLACEMENT_3D('',#3776,#3107,#3108);
#2485=AXIS2_PLACEMENT_3D('',#3778,#3110,#3111);
#2486=AXIS2_PLACEMENT_3D('',#3780,#3113,#3114);
#2487=AXIS2_PLACEMENT_3D('',#3783,#3116,#3117);
#2488=AXIS2_PLACEMENT_3D('',#3784,#3118,#3119);
#2489=AXIS2_PLACEMENT_3D('',#3787,#3121,#3122);
#2490=AXIS2_PLACEMENT_3D('',#3788,#3123,#3124);
#2491=AXIS2_PLACEMENT_3D('',#3790,#3125,#3126);
#2492=AXIS2_PLACEMENT_3D('',#3791,#3127,#3128);
#2493=AXIS2_PLACEMENT_3D('',#3793,#3130,#3131);
#2494=AXIS2_PLACEMENT_3D('',#3796,#3133,#3134);
#2495=AXIS2_PLACEMENT_3D('',#3797,#3135,#3136);
#2496=AXIS2_PLACEMENT_3D('',#3800,#3138,#3139);
#2497=AXIS2_PLACEMENT_3D('',#3801,#3140,#3141);
#2498=AXIS2_PLACEMENT_3D('',#3803,#3142,#3143);
#2499=AXIS2_PLACEMENT_3D('',#3804,#3144,#3145);
#2500=AXIS2_PLACEMENT_3D('',#3806,#3147,#3148);
#2501=AXIS2_PLACEMENT_3D('',#3809,#3150,#3151);
#2502=AXIS2_PLACEMENT_3D('',#3810,#3152,#3153);
#2503=AXIS2_PLACEMENT_3D('',#3813,#3155,#3156);
#2504=AXIS2_PLACEMENT_3D('',#3814,#3157,#3158);
#2505=AXIS2_PLACEMENT_3D('',#3816,#3159,#3160);
#2506=AXIS2_PLACEMENT_3D('',#3817,#3161,#3162);
#2507=AXIS2_PLACEMENT_3D('',#3819,#3164,#3165);
#2508=AXIS2_PLACEMENT_3D('',#3822,#3167,#3168);
#2509=AXIS2_PLACEMENT_3D('',#3823,#3169,#3170);
#2510=AXIS2_PLACEMENT_3D('',#3826,#3172,#3173);
#2511=AXIS2_PLACEMENT_3D('',#3827,#3174,#3175);
#2512=AXIS2_PLACEMENT_3D('',#3829,#3176,#3177);
#2513=AXIS2_PLACEMENT_3D('',#3830,#3178,#3179);
#2514=AXIS2_PLACEMENT_3D('',#3832,#3181,#3182);
#2515=AXIS2_PLACEMENT_3D('',#3835,#3184,#3185);
#2516=AXIS2_PLACEMENT_3D('',#3836,#3186,#3187);
#2517=AXIS2_PLACEMENT_3D('',#3839,#3189,#3190);
#2518=AXIS2_PLACEMENT_3D('',#3840,#3191,#3192);
#2519=AXIS2_PLACEMENT_3D('',#3842,#3193,#3194);
#2520=AXIS2_PLACEMENT_3D('',#3843,#3195,#3196);
#2521=AXIS2_PLACEMENT_3D('',#3845,#3198,#3199);
#2522=AXIS2_PLACEMENT_3D('',#3848,#3201,#3202);
#2523=AXIS2_PLACEMENT_3D('',#3849,#3203,#3204);
#2524=AXIS2_PLACEMENT_3D('',#3852,#3206,#3207);
#2525=AXIS2_PLACEMENT_3D('',#3853,#3208,#3209);
#2526=AXIS2_PLACEMENT_3D('',#3855,#3210,#3211);
#2527=AXIS2_PLACEMENT_3D('',#3856,#3212,#3213);
#2528=AXIS2_PLACEMENT_3D('',#3858,#3215,#3216);
#2529=AXIS2_PLACEMENT_3D('',#3861,#3218,#3219);
#2530=AXIS2_PLACEMENT_3D('',#3862,#3220,#3221);
#2531=AXIS2_PLACEMENT_3D('',#3865,#3223,#3224);
#2532=AXIS2_PLACEMENT_3D('',#3866,#3225,#3226);
#2533=AXIS2_PLACEMENT_3D('',#3868,#3227,#3228);
#2534=AXIS2_PLACEMENT_3D('',#3869,#3229,#3230);
#2535=AXIS2_PLACEMENT_3D('',#3871,#3232,#3233);
#2536=AXIS2_PLACEMENT_3D('',#3874,#3235,#3236);
#2537=AXIS2_PLACEMENT_3D('',#3875,#3237,#3238);
#2538=AXIS2_PLACEMENT_3D('',#3878,#3240,#3241);
#2539=AXIS2_PLACEMENT_3D('',#3879,#3242,#3243);
#2540=AXIS2_PLACEMENT_3D('',#3881,#3244,#3245);
#2541=AXIS2_PLACEMENT_3D('',#3882,#3246,#3247);
#2542=AXIS2_PLACEMENT_3D('',#3884,#3249,#3250);
#2543=AXIS2_PLACEMENT_3D('',#3886,#3252,#3253);
#2544=AXIS2_PLACEMENT_3D('',#3889,#3255,#3256);
#2545=AXIS2_PLACEMENT_3D('',#3890,#3257,#3258);
#2546=AXIS2_PLACEMENT_3D('',#3893,#3260,#3261);
#2547=AXIS2_PLACEMENT_3D('',#3894,#3262,#3263);
#2548=AXIS2_PLACEMENT_3D('',#3896,#3264,#3265);
#2549=AXIS2_PLACEMENT_3D('',#3897,#3266,#3267);
#2550=AXIS2_PLACEMENT_3D('',#3899,#3269,#3270);
#2551=AXIS2_PLACEMENT_3D('',#3902,#3272,#3273);
#2552=AXIS2_PLACEMENT_3D('',#3903,#3274,#3275);
#2553=AXIS2_PLACEMENT_3D('',#3906,#3277,#3278);
#2554=AXIS2_PLACEMENT_3D('',#3907,#3279,#3280);
#2555=AXIS2_PLACEMENT_3D('',#3909,#3281,#3282);
#2556=AXIS2_PLACEMENT_3D('',#3910,#3283,#3284);
#2557=AXIS2_PLACEMENT_3D('',#3912,#3286,#3287);
#2558=AXIS2_PLACEMENT_3D('',#3915,#3289,#3290);
#2559=AXIS2_PLACEMENT_3D('',#3916,#3291,#3292);
#2560=AXIS2_PLACEMENT_3D('',#3919,#3294,#3295);
#2561=AXIS2_PLACEMENT_3D('',#3920,#3296,#3297);
#2562=AXIS2_PLACEMENT_3D('',#3922,#3298,#3299);
#2563=AXIS2_PLACEMENT_3D('',#3923,#3300,#3301);
#2564=DIRECTION('axis',(0.,0.,1.));
#2565=DIRECTION('refdir',(1.,0.,0.));
#2566=DIRECTION('center_axis',(-0.707106781186548,0.,0.707106781186548));
#2567=DIRECTION('ref_axis',(0.,1.,0.));
#2568=DIRECTION('',(0.,1.,0.));
#2569=DIRECTION('',(-0.707106781186548,0.,-0.707106781186548));
#2570=DIRECTION('',(0.,1.,0.));
#2571=DIRECTION('',(0.707106781186548,0.,0.707106781186548));
#2572=DIRECTION('center_axis',(0.,1.,0.));
#2573=DIRECTION('ref_axis',(0.707106781186548,0.,-0.707106781186548));
#2574=DIRECTION('',(0.,1.,0.));
#2575=DIRECTION('center_axis',(0.,1.,0.));
#2576=DIRECTION('ref_axis',(0.707106781186548,0.,-0.707106781186548));
#2577=DIRECTION('center_axis',(0.,-1.,0.));
#2578=DIRECTION('ref_axis',(0.,0.,-1.));
#2579=DIRECTION('center_axis',(0.,0.,-1.));
#2580=DIRECTION('ref_axis',(-1.,0.,0.));
#2581=DIRECTION('',(-1.,0.,0.));
#2582=DIRECTION('',(0.,-1.,0.));
#2583=DIRECTION('',(1.,0.,0.));
#2584=DIRECTION('center_axis',(0.,0.,-1.));
#2585=DIRECTION('ref_axis',(1.,0.,0.));
#2586=DIRECTION('center_axis',(0.,0.,-1.));
#2587=DIRECTION('ref_axis',(1.,0.,0.));
#2588=DIRECTION('center_axis',(0.,0.,-1.));
#2589=DIRECTION('ref_axis',(1.,0.,0.));
#2590=DIRECTION('center_axis',(0.,1.,0.));
#2591=DIRECTION('ref_axis',(1.,0.,0.));
#2592=DIRECTION('',(-1.,-8.797677889124E-11,8.79768330602E-11));
#2593=DIRECTION('',(9.400423547742E-9,-3.133223457481E-10,1.));
#2594=DIRECTION('',(-3.124540618041E-9,-2.621334253895E-9,1.));
#2595=DIRECTION('center_axis',(0.,0.707106781186548,0.707106781186548));
#2596=DIRECTION('ref_axis',(0.,0.707106781186548,-0.707106781186548));
#2597=DIRECTION('',(-1.,-4.398828111821E-11,4.398844362508E-11));
#2598=DIRECTION('',(1.66177581098099E-8,0.707106781186597,-0.707106781186497));
#2599=DIRECTION('',(-5.52344964985837E-9,0.707106781186548,-0.707106781186548));
#2600=DIRECTION('center_axis',(0.,0.,-1.));
#2601=DIRECTION('ref_axis',(-1.,0.,0.));
#2602=DIRECTION('',(1.,4.398844362508E-11,4.398844362508E-11));
#2603=DIRECTION('',(2.011506403228E-10,1.,-7.397474086978E-11));
#2604=DIRECTION('',(-2.01149911561E-10,-1.,-7.397474086978E-11));
#2605=DIRECTION('center_axis',(0.,0.,-1.));
#2606=DIRECTION('ref_axis',(1.,0.,0.));
#2607=DIRECTION('center_axis',(0.,0.,-1.));
#2608=DIRECTION('ref_axis',(1.,0.,0.));
#2609=DIRECTION('center_axis',(0.,0.,-1.));
#2610=DIRECTION('ref_axis',(1.,0.,0.));
#2611=DIRECTION('center_axis',(0.,-0.707106781186548,0.707106781186548));
#2612=DIRECTION('ref_axis',(0.,-0.707106781186548,-0.707106781186548));
#2613=DIRECTION('',(-1.66177380126311E-8,-0.707106781186547,-0.707106781186547));
#2614=DIRECTION('',(1.,8.797688722916E-11,8.797686014468E-11));
#2615=DIRECTION('',(5.52342955267537E-9,-0.707106781186548,-0.707106781186548));
#2616=DIRECTION('center_axis',(0.,-1.,0.));
#2617=DIRECTION('ref_axis',(0.,0.,-1.));
#2618=DIRECTION('center_axis',(0.,-1.,0.));
#2619=DIRECTION('ref_axis',(0.,0.,-1.));
#2620=DIRECTION('center_axis',(0.,-1.,0.));
#2621=DIRECTION('ref_axis',(0.,0.,-1.));
#2622=DIRECTION('',(0.499999993608881,-0.707106781186574,-0.500000006391081));
#2623=DIRECTION('center_axis',(0.,1.,0.));
#2624=DIRECTION('ref_axis',(0.707106781186548,0.,-0.707106781186548));
#2625=DIRECTION('',(-1.175565627858E-10,1.,6.498049961966E-12));
#2626=DIRECTION('center_axis',(0.,1.,0.));
#2627=DIRECTION('ref_axis',(0.707106781186548,0.,-0.707106781186548));
#2628=DIRECTION('center_axis',(0.,1.,0.));
#2629=DIRECTION('ref_axis',(0.,0.,-1.));
#2630=DIRECTION('',(0.499999990546317,0.707106781186524,-0.500000009453717));
#2631=DIRECTION('center_axis',(0.,1.,0.));
#2632=DIRECTION('ref_axis',(0.707106781186598,0.,-0.707106781186498));
#2633=DIRECTION('center_axis',(0.,-1.,0.));
#2634=DIRECTION('ref_axis',(-0.707106781186548,0.,-0.707106781186548));
#2635=DIRECTION('',(-0.707106786534398,-2.82379345774899E-9,0.707106775838698));
#2636=DIRECTION('center_axis',(0.,1.,0.));
#2637=DIRECTION('ref_axis',(-0.707106781186548,0.,-0.707106781186548));
#2638=DIRECTION('',(-0.707106782072698,-1.253145767072E-9,-0.707106780300398));
#2639=DIRECTION('',(0.707106727348395,-6.97898490539296E-9,-0.707106835024696));
#2640=DIRECTION('center_axis',(-0.500000000000017,0.707106781186524,0.500000000000017));
#2641=DIRECTION('ref_axis',(0.499999999999983,0.707106781186571,-0.499999999999983));
#2642=DIRECTION('',(-0.707106782050197,-1.221348674345E-9,-0.707106780322898));
#2643=DIRECTION('',(0.499999968275616,0.707106781186523,-0.500000031724416));
#2644=DIRECTION('center_axis',(-0.707106781186548,0.,0.707106781186548));
#2645=DIRECTION('ref_axis',(0.,1.,0.));
#2646=DIRECTION('',(0.707106781926497,-1.04641389686E-9,0.707106780446598));
#2647=DIRECTION('',(0.,1.,0.));
#2648=DIRECTION('center_axis',(-0.499999999999981,-0.707106781186574,0.499999999999981));
#2649=DIRECTION('ref_axis',(0.500000000000018,-0.707106781186521,-0.500000000000018));
#2650=DIRECTION('',(0.707106781825298,-9.03277119985297E-10,0.707106780547798));
#2651=DIRECTION('',(0.499999968275616,-0.707106781186523,-0.500000031724416));
#2652=DIRECTION('center_axis',(0.,1.,0.));
#2653=DIRECTION('ref_axis',(-0.382683402932785,0.,0.923879544702546));
#2654=DIRECTION('center_axis',(0.,1.,0.));
#2655=DIRECTION('ref_axis',(-0.707106781186597,0.,0.707106781186498));
#2656=DIRECTION('center_axis',(0.,1.,0.));
#2657=DIRECTION('ref_axis',(-0.707106781186597,0.,0.707106781186498));
#2658=DIRECTION('',(-1.71911307421599E-10,-0.707106781186498,-0.707106781186598));
#2659=DIRECTION('center_axis',(0.,1.,0.));
#2660=DIRECTION('ref_axis',(-0.707106781186548,0.,0.707106781186548));
#2661=DIRECTION('',(0.,1.,0.));
#2662=DIRECTION('center_axis',(0.,-1.,0.));
#2663=DIRECTION('ref_axis',(0.,0.,1.));
#2664=DIRECTION('center_axis',(0.,-1.,0.));
#2665=DIRECTION('ref_axis',(-0.382683404764765,0.,0.923879543943715));
#2666=DIRECTION('',(-1.71911307421612E-10,0.707106781186547,-0.707106781186547));
#2667=DIRECTION('center_axis',(0.,-1.,0.));
#2668=DIRECTION('ref_axis',(-6.631732200427E-14,0.,1.));
#2669=DIRECTION('center_axis',(0.,-1.,0.));
#2670=DIRECTION('ref_axis',(0.707106781186548,0.,0.707106781186548));
#2671=DIRECTION('',(-2.917545316641E-10,-6.536708952326E-11,-1.));
#2672=DIRECTION('center_axis',(0.,1.,0.));
#2673=DIRECTION('ref_axis',(-0.707106781186598,0.,0.707106781186498));
#2674=DIRECTION('center_axis',(0.,1.,0.));
#2675=DIRECTION('ref_axis',(-0.707106781186548,0.,0.707106781186548));
#2676=DIRECTION('',(0.,1.,0.));
#2677=DIRECTION('center_axis',(0.,1.,0.));
#2678=DIRECTION('ref_axis',(-0.707106781186598,0.,0.707106781186498));
#2679=DIRECTION('center_axis',(0.,-1.,0.));
#2680=DIRECTION('ref_axis',(0.707106781186548,0.,0.707106781186548));
#2681=DIRECTION('',(0.707106727348395,6.97898490539296E-9,-0.707106835024696));
#2682=DIRECTION('',(-2.917431629803E-10,6.536708952326E-11,-1.));
#2683=DIRECTION('center_axis',(0.,1.,0.));
#2684=DIRECTION('ref_axis',(1.,0.,0.));
#2685=DIRECTION('',(1.,-4.29557017426E-10,-4.295569210949E-10));
#2686=DIRECTION('',(1.,0.,0.));
#2687=DIRECTION('',(-1.56491092483498E-7,-4.81801196817594E-9,0.999999999999988));
#2688=DIRECTION('center_axis',(0.,-0.707106781186548,0.707106781186548));
#2689=DIRECTION('ref_axis',(0.,-0.707106781186548,-0.707106781186548));
#2690=DIRECTION('',(1.,-5.882427213795E-10,-5.882426892691E-10));
#2691=DIRECTION('',(2.02869211595009E-7,-0.707106781186533,-0.707106781186533));
#2692=DIRECTION('center_axis',(0.,0.,1.));
#2693=DIRECTION('ref_axis',(1.,0.,0.));
#2694=DIRECTION('center_axis',(0.,0.,-1.));
#2695=DIRECTION('ref_axis',(-0.7643008710378,0.6448598130841,0.));
#2696=DIRECTION('',(1.,3.746914075871E-10,3.746905245513E-10));
#2697=DIRECTION('',(0.,-1.,0.));
#2698=DIRECTION('',(-1.,1.161213642117E-10,-1.161213971822E-10));
#2699=DIRECTION('center_axis',(0.,0.,-1.));
#2700=DIRECTION('ref_axis',(0.,-1.,0.));
#2701=DIRECTION('center_axis',(0.,0.,1.));
#2702=DIRECTION('ref_axis',(0.526027935681004,0.850467289719706,0.));
#2703=DIRECTION('center_axis',(0.,0.,-1.));
#2704=DIRECTION('ref_axis',(0.626634944991578,-0.779312931828673,0.));
#2705=DIRECTION('center_axis',(0.,0.,1.));
#2706=DIRECTION('ref_axis',(-1.,0.,0.));
#2707=DIRECTION('center_axis',(0.,0.,1.));
#2708=DIRECTION('ref_axis',(-1.,0.,0.));
#2709=DIRECTION('center_axis',(0.,0.,1.));
#2710=DIRECTION('ref_axis',(-1.,0.,0.));
#2711=DIRECTION('center_axis',(0.,0.,1.));
#2712=DIRECTION('ref_axis',(-1.,0.,0.));
#2713=DIRECTION('center_axis',(0.,0.,1.));
#2714=DIRECTION('ref_axis',(-1.,0.,0.));
#2715=DIRECTION('center_axis',(0.,0.,1.));
#2716=DIRECTION('ref_axis',(-1.,0.,0.));
#2717=DIRECTION('center_axis',(0.,0.,1.));
#2718=DIRECTION('ref_axis',(-1.,0.,0.));
#2719=DIRECTION('center_axis',(0.,0.,1.));
#2720=DIRECTION('ref_axis',(-1.,0.,0.));
#2721=DIRECTION('center_axis',(0.,0.,-1.));
#2722=DIRECTION('ref_axis',(-1.,0.,0.));
#2723=DIRECTION('center_axis',(0.,0.,1.));
#2724=DIRECTION('ref_axis',(1.,0.,0.));
#2725=DIRECTION('center_axis',(0.,0.,-1.));
#2726=DIRECTION('ref_axis',(0.,1.,0.));
#2727=DIRECTION('center_axis',(0.,0.,1.));
#2728=DIRECTION('ref_axis',(-0.764300871037709,-0.644859813084208,0.));
#2729=DIRECTION('center_axis',(0.,0.,-1.));
#2730=DIRECTION('ref_axis',(0.526027935681617,-0.850467289719327,0.));
#2731=DIRECTION('',(-1.,-6.845098999582E-11,6.845033058402E-11));
#2732=DIRECTION('center_axis',(0.,0.,-1.));
#2733=DIRECTION('ref_axis',(0.626634944991578,-0.779312931828673,0.));
#2734=DIRECTION('center_axis',(0.,0.,1.));
#2735=DIRECTION('ref_axis',(-1.,0.,0.));
#2736=DIRECTION('center_axis',(0.,0.,1.));
#2737=DIRECTION('ref_axis',(-1.,0.,0.));
#2738=DIRECTION('center_axis',(0.,0.,1.));
#2739=DIRECTION('ref_axis',(-1.,0.,0.));
#2740=DIRECTION('center_axis',(0.,0.,1.));
#2741=DIRECTION('ref_axis',(-1.,0.,0.));
#2742=DIRECTION('center_axis',(0.,0.,1.));
#2743=DIRECTION('ref_axis',(-1.,0.,0.));
#2744=DIRECTION('center_axis',(0.,0.,1.));
#2745=DIRECTION('ref_axis',(-1.,0.,0.));
#2746=DIRECTION('center_axis',(0.,0.,1.));
#2747=DIRECTION('ref_axis',(-1.,0.,0.));
#2748=DIRECTION('center_axis',(0.,0.,1.));
#2749=DIRECTION('ref_axis',(-1.,0.,0.));
#2750=DIRECTION('center_axis',(0.,0.,-1.));
#2751=DIRECTION('ref_axis',(-1.,0.,0.));
#2752=DIRECTION('center_axis',(0.,0.,1.));
#2753=DIRECTION('ref_axis',(-0.421390660499093,0.906879215355682,0.));
#2754=DIRECTION('',(0.540442422244707,-0.455984635967406,-0.707106781186509));
#2755=DIRECTION('center_axis',(0.,0.,-1.));
#2756=DIRECTION('ref_axis',(-0.7643008710378,0.6448598130841,0.));
#2757=DIRECTION('',(-2.33446482909609E-7,-0.707106781186528,-0.707106781186528));
#2758=DIRECTION('center_axis',(0.,-0.707106781186548,0.707106781186548));
#2759=DIRECTION('ref_axis',(0.,-0.707106781186548,-0.707106781186548));
#2760=DIRECTION('',(1.,2.73299761787E-10,2.732991516896E-10));
#2761=DIRECTION('',(1.71911307421612E-10,-0.707106781186547,-0.707106781186547));
#2762=DIRECTION('center_axis',(0.,1.,0.));
#2763=DIRECTION('ref_axis',(0.38268340477579,0.,0.923879543939148));
#2764=DIRECTION('center_axis',(0.,1.,0.));
#2765=DIRECTION('ref_axis',(0.,0.,1.));
#2766=DIRECTION('center_axis',(0.,1.,0.));
#2767=DIRECTION('ref_axis',(0.,0.,1.));
#2768=DIRECTION('',(-0.499999968275616,-0.707106781186523,-0.500000031724416));
#2769=DIRECTION('center_axis',(0.,-1.,0.));
#2770=DIRECTION('ref_axis',(0.707106781186548,0.,0.707106781186548));
#2771=DIRECTION('',(0.,-1.,0.));
#2772=DIRECTION('center_axis',(0.,-1.,0.));
#2773=DIRECTION('ref_axis',(0.707106781186548,0.,0.707106781186548));
#2774=DIRECTION('center_axis',(0.,-1.,0.));
#2775=DIRECTION('ref_axis',(0.382683402944298,0.,0.923879544697777));
#2776=DIRECTION('',(-0.499999968275616,0.707106781186523,-0.500000031724416));
#2777=DIRECTION('center_axis',(0.,-1.,0.));
#2778=DIRECTION('ref_axis',(0.707106781186597,0.,0.707106781186498));
#2779=DIRECTION('',(1.71931404605111E-10,0.707106781186547,-0.707106781186547));
#2780=DIRECTION('center_axis',(0.,0.707106781186548,0.707106781186548));
#2781=DIRECTION('ref_axis',(0.,0.707106781186548,-0.707106781186548));
#2782=DIRECTION('',(-1.,8.437499374089E-11,-8.437503770167E-11));
#2783=DIRECTION('',(-7.09693951980546E-8,0.707106781186546,-0.707106781186546));
#2784=DIRECTION('center_axis',(0.,0.,1.));
#2785=DIRECTION('ref_axis',(0.,-1.,0.));
#2786=DIRECTION('center_axis',(0.,0.,-1.));
#2787=DIRECTION('ref_axis',(0.,-1.,0.));
#2788=DIRECTION('',(0.371957936175394,0.60137117798929,-0.707106781186488));
#2789=DIRECTION('center_axis',(0.,0.,-1.));
#2790=DIRECTION('ref_axis',(-0.987541338159399,-0.157359796092721,0.));
#2791=DIRECTION('center_axis',(0.,0.,1.));
#2792=DIRECTION('ref_axis',(0.526027935681121,0.850467289719633,0.));
#2793=DIRECTION('center_axis',(0.,0.,1.));
#2794=DIRECTION('ref_axis',(-0.987541337594039,-0.157359799640751,0.));
#2795=DIRECTION('',(-6.012545841664E-9,4.242819786285E-9,1.));
#2796=DIRECTION('center_axis',(0.,0.,1.));
#2797=DIRECTION('ref_axis',(0.526027935681121,0.850467289719633,0.));
#2798=DIRECTION('',(-6.40773055018496E-8,-8.22922178215796E-8,0.999999999999994));
#2799=DIRECTION('center_axis',(0.,0.,1.));
#2800=DIRECTION('ref_axis',(0.,1.,0.));
#2801=DIRECTION('center_axis',(0.,0.,1.));
#2802=DIRECTION('ref_axis',(0.,1.,0.));
#2803=DIRECTION('',(1.80078121149197E-7,-3.08917266055895E-9,0.999999999999984));
#2804=DIRECTION('center_axis',(0.,1.,0.));
#2805=DIRECTION('ref_axis',(1.,0.,0.));
#2806=DIRECTION('',(1.,0.,0.));
#2807=DIRECTION('',(2.917431629803E-10,6.536637898052E-11,-1.));
#2808=DIRECTION('center_axis',(0.,1.,0.));
#2809=DIRECTION('ref_axis',(-0.707106781186548,0.,0.707106781186548));
#2810=DIRECTION('center_axis',(0.,-1.,0.));
#2811=DIRECTION('ref_axis',(0.707106781186498,0.,0.707106781186598));
#2812=DIRECTION('',(-0.707106727348395,6.97898632647896E-9,-0.707106835024696));
#2813=DIRECTION('center_axis',(0.,-1.,0.));
#2814=DIRECTION('ref_axis',(0.707106781186548,0.,-0.707106781186548));
#2815=DIRECTION('',(0.707106782072698,1.253145131242E-9,-0.707106780300398));
#2816=DIRECTION('',(0.707106781186548,0.,-0.707106781186548));
#2817=DIRECTION('',(0.707106786534398,2.82379132612099E-9,0.707106775838698));
#2818=DIRECTION('center_axis',(0.500000000000017,-0.707106781186524,0.500000000000017));
#2819=DIRECTION('ref_axis',(-0.499999999999983,-0.707106781186571,-0.499999999999983));
#2820=DIRECTION('',(0.707106782050197,1.221348311014E-9,-0.707106780322898));
#2821=DIRECTION('',(-0.499999990546317,-0.707106781186524,-0.500000009453717));
#2822=DIRECTION('center_axis',(0.707106781186548,0.,0.707106781186548));
#2823=DIRECTION('ref_axis',(0.,-1.,0.));
#2824=DIRECTION('',(1.175561984049E-10,-1.,6.4981866048E-12));
#2825=DIRECTION('',(-0.707106781926497,1.046414260191E-9,0.707106780446598));
#2826=DIRECTION('center_axis',(0.500000000000017,0.707106781186524,0.500000000000017));
#2827=DIRECTION('ref_axis',(-0.499999999999983,0.707106781186571,-0.499999999999983));
#2828=DIRECTION('',(-0.499999993608881,0.707106781186574,-0.500000006391081));
#2829=DIRECTION('',(-0.707106781825298,9.03276574988797E-10,0.707106780547798));
#2830=DIRECTION('center_axis',(0.,1.,0.));
#2831=DIRECTION('ref_axis',(-0.707106781186548,0.,0.707106781186548));
#2832=DIRECTION('',(0.707106784801897,-8.69334826272197E-11,0.707106777571197));
#2833=DIRECTION('',(-0.707106781186548,0.,0.707106781186548));
#2834=DIRECTION('',(-0.707106727348395,-6.97898490539296E-9,-0.707106835024696));
#2835=DIRECTION('center_axis',(0.,1.,0.));
#2836=DIRECTION('ref_axis',(-0.707106781186548,0.,0.707106781186548));
#2837=DIRECTION('center_axis',(0.,-1.,0.));
#2838=DIRECTION('ref_axis',(0.707106781186598,0.,0.707106781186498));
#2839=DIRECTION('',(2.917374786384E-10,-6.536708952326E-11,-1.));
#2840=DIRECTION('center_axis',(0.,-1.,0.));
#2841=DIRECTION('ref_axis',(-1.,0.,0.));
#2842=DIRECTION('',(-1.,0.,0.));
#2843=DIRECTION('',(5.47450256576899E-8,1.429128817331E-9,0.999999999999998));
#2844=DIRECTION('center_axis',(0.,0.,1.));
#2845=DIRECTION('ref_axis',(-0.526027935681121,-0.850467289719633,0.));
#2846=DIRECTION('center_axis',(0.,0.,1.));
#2847=DIRECTION('ref_axis',(-0.526027935681193,-0.850467289719589,0.));
#2848=DIRECTION('center_axis',(0.,0.,1.));
#2849=DIRECTION('ref_axis',(1.,0.,0.));
#2850=DIRECTION('',(0.,-1.,0.));
#2851=DIRECTION('center_axis',(0.,0.,1.));
#2852=DIRECTION('ref_axis',(-0.626634944991578,-0.779312931828673,0.));
#2853=DIRECTION('center_axis',(0.,0.,1.));
#2854=DIRECTION('ref_axis',(-1.,0.,0.));
#2855=DIRECTION('center_axis',(0.,0.,1.));
#2856=DIRECTION('ref_axis',(-1.,0.,0.));
#2857=DIRECTION('center_axis',(0.,0.,1.));
#2858=DIRECTION('ref_axis',(-1.,0.,0.));
#2859=DIRECTION('center_axis',(0.,0.,1.));
#2860=DIRECTION('ref_axis',(-1.,0.,0.));
#2861=DIRECTION('center_axis',(0.,0.,1.));
#2862=DIRECTION('ref_axis',(-1.,0.,0.));
#2863=DIRECTION('center_axis',(0.,0.,1.));
#2864=DIRECTION('ref_axis',(-1.,0.,0.));
#2865=DIRECTION('center_axis',(0.,0.,1.));
#2866=DIRECTION('ref_axis',(-1.,0.,0.));
#2867=DIRECTION('center_axis',(0.,0.,1.));
#2868=DIRECTION('ref_axis',(-1.,0.,0.));
#2869=DIRECTION('center_axis',(0.,0.,-1.));
#2870=DIRECTION('ref_axis',(-1.,0.,0.));
#2871=DIRECTION('center_axis',(0.,0.,1.));
#2872=DIRECTION('ref_axis',(1.,0.,0.));
#2873=DIRECTION('center_axis',(0.,0.,1.));
#2874=DIRECTION('ref_axis',(-0.7643008710378,-0.6448598130841,0.));
#2875=DIRECTION('center_axis',(0.,0.,1.));
#2876=DIRECTION('ref_axis',(0.7643008710378,0.6448598130841,0.));
#2877=DIRECTION('',(-1.,0.,0.));
#2878=DIRECTION('center_axis',(0.,0.,1.));
#2879=DIRECTION('ref_axis',(0.,-1.,0.));
#2880=DIRECTION('center_axis',(0.,0.,1.));
#2881=DIRECTION('ref_axis',(-1.,0.,0.));
#2882=DIRECTION('center_axis',(0.,0.,1.));
#2883=DIRECTION('ref_axis',(-1.,0.,0.));
#2884=DIRECTION('center_axis',(0.,0.,1.));
#2885=DIRECTION('ref_axis',(-1.,0.,0.));
#2886=DIRECTION('center_axis',(0.,0.,1.));
#2887=DIRECTION('ref_axis',(-1.,0.,0.));
#2888=DIRECTION('center_axis',(0.,0.,1.));
#2889=DIRECTION('ref_axis',(-1.,0.,0.));
#2890=DIRECTION('center_axis',(0.,0.,1.));
#2891=DIRECTION('ref_axis',(-1.,0.,0.));
#2892=DIRECTION('center_axis',(0.,0.,1.));
#2893=DIRECTION('ref_axis',(-1.,0.,0.));
#2894=DIRECTION('center_axis',(0.,0.,1.));
#2895=DIRECTION('ref_axis',(-1.,0.,0.));
#2896=DIRECTION('center_axis',(0.,0.,-1.));
#2897=DIRECTION('ref_axis',(-1.,0.,0.));
#2898=DIRECTION('center_axis',(0.,0.,-1.));
#2899=DIRECTION('ref_axis',(0.626634944991578,-0.779312931828673,0.));
#2900=DIRECTION('center_axis',(0.,-1.,0.));
#2901=DIRECTION('ref_axis',(0.707106781186548,0.,0.707106781186548));
#2902=DIRECTION('',(0.,-1.,0.));
#2903=DIRECTION('center_axis',(0.707106781186548,0.,0.707106781186548));
#2904=DIRECTION('ref_axis',(0.,-1.,0.));
#2905=DIRECTION('',(0.,-1.,0.));
#2906=DIRECTION('center_axis',(0.,-1.,0.));
#2907=DIRECTION('ref_axis',(-0.707106781186548,0.,-0.707106781186548));
#2908=DIRECTION('center_axis',(0.,-1.,0.));
#2909=DIRECTION('ref_axis',(-0.707106781186548,0.,-0.707106781186548));
#2910=DIRECTION('center_axis',(0.,1.,0.));
#2911=DIRECTION('ref_axis',(0.,0.,-1.));
#2912=DIRECTION('center_axis',(0.,-1.,0.));
#2913=DIRECTION('ref_axis',(-1.,0.,0.));
#2914=DIRECTION('center_axis',(0.,1.,0.));
#2915=DIRECTION('ref_axis',(0.,0.,-1.));
#2916=DIRECTION('center_axis',(0.,1.,0.));
#2917=DIRECTION('ref_axis',(0.,0.,-1.));
#2918=DIRECTION('center_axis',(0.,1.,0.));
#2919=DIRECTION('ref_axis',(0.,0.,-1.));
#2920=DIRECTION('center_axis',(0.,-1.,0.));
#2921=DIRECTION('ref_axis',(-0.707106781186548,0.,-0.707106781186548));
#2922=DIRECTION('center_axis',(0.,-1.,0.));
#2923=DIRECTION('ref_axis',(-0.707106781186598,0.,-0.707106781186498));
#2924=DIRECTION('center_axis',(0.,-1.,0.));
#2925=DIRECTION('ref_axis',(0.,0.,-1.));
#2926=DIRECTION('center_axis',(0.,-1.,0.));
#2927=DIRECTION('ref_axis',(-0.707106781186598,0.,-0.707106781186498));
#2928=DIRECTION('center_axis',(0.,1.,0.));
#2929=DIRECTION('ref_axis',(0.707106781186548,0.,-0.707106781186548));
#2930=DIRECTION('',(-9.400423547742E-9,3.133209246626E-10,1.));
#2931=DIRECTION('center_axis',(0.,-1.,0.));
#2932=DIRECTION('ref_axis',(-1.,0.,0.));
#2933=DIRECTION('',(3.124534933699E-9,2.62133567498E-9,1.));
#2934=DIRECTION('center_axis',(0.,1.,0.));
#2935=DIRECTION('ref_axis',(1.,0.,0.));
#2936=DIRECTION('',(-0.707106784801897,8.69349037126897E-11,0.707106777571197));
#2937=DIRECTION('center_axis',(0.,-1.,0.));
#2938=DIRECTION('ref_axis',(0.707106781186548,0.,0.707106781186548));
#2939=DIRECTION('center_axis',(0.,0.,1.));
#2940=DIRECTION('ref_axis',(0.987541337593953,-0.157359799641287,0.));
#2941=DIRECTION('center_axis',(0.,0.,1.));
#2942=DIRECTION('ref_axis',(-0.7643008710378,-0.6448598130841,0.));
#2943=DIRECTION('',(8.32169691823293E-8,-1.02769971296399E-7,0.999999999999991));
#2944=DIRECTION('',(1.731189059992E-9,1.898212077748E-9,1.));
#2945=DIRECTION('center_axis',(0.,0.,-1.));
#2946=DIRECTION('ref_axis',(0.987541338354529,-0.157359794868148,0.));
#2947=DIRECTION('',(-0.540442445112929,-0.455984608863625,-0.707106781186438));
#2948=DIRECTION('',(-0.371957931510288,0.601371180874981,-0.707106781186278));
#2949=DIRECTION('center_axis',(0.,0.,1.));
#2950=DIRECTION('ref_axis',(0.,-1.,0.));
#2951=DIRECTION('center_axis',(0.,0.,-1.));
#2952=DIRECTION('ref_axis',(0.526027935681121,-0.850467289719633,0.));
#2953=DIRECTION('',(7.15761994347995E-8,0.707106781186496,-0.707106781186596));
#2954=DIRECTION('center_axis',(0.,0.707106781186548,0.707106781186548));
#2955=DIRECTION('ref_axis',(0.,0.707106781186548,-0.707106781186548));
#2956=DIRECTION('',(-1.,-4.949421929585E-11,4.949382364877E-11));
#2957=DIRECTION('center_axis',(0.,-1.,0.));
#2958=DIRECTION('ref_axis',(-1.,0.,0.));
#2959=DIRECTION('',(-5.52130700748699E-8,8.65347261263499E-10,0.999999999999999));
#2960=DIRECTION('center_axis',(0.,0.,1.));
#2961=DIRECTION('ref_axis',(0.,-1.,0.));
#2962=DIRECTION('center_axis',(0.,0.,1.));
#2963=DIRECTION('ref_axis',(0.421390664382842,0.906879213551059,0.));
#2964=DIRECTION('center_axis',(0.,0.,-1.));
#2965=DIRECTION('ref_axis',(0.,1.,0.));
#2966=DIRECTION('center_axis',(0.,0.,1.));
#2967=DIRECTION('ref_axis',(0.7643008710378,0.6448598130841,0.));
#2968=DIRECTION('center_axis',(0.,0.,1.));
#2969=DIRECTION('ref_axis',(-1.,0.,0.));
#2970=DIRECTION('',(0.,0.,1.));
#2971=DIRECTION('center_axis',(0.,0.,1.));
#2972=DIRECTION('ref_axis',(-1.,0.,0.));
#2973=DIRECTION('center_axis',(0.,0.,1.));
#2974=DIRECTION('ref_axis',(-1.,0.,0.));
#2975=DIRECTION('',(0.707106781186547,8.65956056235493E-17,0.707106781186547));
#2976=DIRECTION('center_axis',(0.,0.,1.));
#2977=DIRECTION('ref_axis',(-1.,0.,0.));
#2978=DIRECTION('center_axis',(0.,0.,1.));
#2979=DIRECTION('ref_axis',(-1.,0.,0.));
#2980=DIRECTION('center_axis',(0.,0.,1.));
#2981=DIRECTION('ref_axis',(-1.,0.,0.));
#2982=DIRECTION('center_axis',(0.,0.,1.));
#2983=DIRECTION('ref_axis',(-1.,0.,0.));
#2984=DIRECTION('',(0.,0.,1.));
#2985=DIRECTION('center_axis',(0.,0.,1.));
#2986=DIRECTION('ref_axis',(-1.,0.,0.));
#2987=DIRECTION('',(0.,0.,1.));
#2988=DIRECTION('center_axis',(0.,0.,1.));
#2989=DIRECTION('ref_axis',(-1.,0.,0.));
#2990=DIRECTION('center_axis',(0.,0.,1.));
#2991=DIRECTION('ref_axis',(-1.,0.,0.));
#2992=DIRECTION('',(0.707106781186547,8.65956056235493E-17,0.707106781186547));
#2993=DIRECTION('center_axis',(0.,0.,1.));
#2994=DIRECTION('ref_axis',(-1.,0.,0.));
#2995=DIRECTION('center_axis',(0.,0.,1.));
#2996=DIRECTION('ref_axis',(-1.,0.,0.));
#2997=DIRECTION('center_axis',(0.,0.,1.));
#2998=DIRECTION('ref_axis',(-1.,0.,0.));
#2999=DIRECTION('center_axis',(0.,0.,1.));
#3000=DIRECTION('ref_axis',(-1.,0.,0.));
#3001=DIRECTION('',(0.,0.,1.));
#3002=DIRECTION('center_axis',(0.,0.,1.));
#3003=DIRECTION('ref_axis',(-1.,0.,0.));
#3004=DIRECTION('',(0.,0.,1.));
#3005=DIRECTION('center_axis',(0.,0.,1.));
#3006=DIRECTION('ref_axis',(-1.,0.,0.));
#3007=DIRECTION('center_axis',(0.,0.,1.));
#3008=DIRECTION('ref_axis',(-1.,0.,0.));
#3009=DIRECTION('',(0.707106781186547,8.65956056235493E-17,0.707106781186547));
#3010=DIRECTION('center_axis',(0.,0.,1.));
#3011=DIRECTION('ref_axis',(-1.,0.,0.));
#3012=DIRECTION('center_axis',(0.,0.,1.));
#3013=DIRECTION('ref_axis',(-1.,0.,0.));
#3014=DIRECTION('center_axis',(0.,0.,1.));
#3015=DIRECTION('ref_axis',(-1.,0.,0.));
#3016=DIRECTION('center_axis',(0.,0.,1.));
#3017=DIRECTION('ref_axis',(-1.,0.,0.));
#3018=DIRECTION('',(0.,0.,1.));
#3019=DIRECTION('center_axis',(0.,0.,1.));
#3020=DIRECTION('ref_axis',(-1.,0.,0.));
#3021=DIRECTION('',(0.,0.,1.));
#3022=DIRECTION('center_axis',(0.,0.,1.));
#3023=DIRECTION('ref_axis',(-1.,0.,0.));
#3024=DIRECTION('center_axis',(0.,0.,1.));
#3025=DIRECTION('ref_axis',(-1.,0.,0.));
#3026=DIRECTION('',(0.707106781186547,8.65956056235493E-17,0.707106781186547));
#3027=DIRECTION('center_axis',(0.,0.,1.));
#3028=DIRECTION('ref_axis',(-1.,0.,0.));
#3029=DIRECTION('center_axis',(0.,0.,1.));
#3030=DIRECTION('ref_axis',(-1.,0.,0.));
#3031=DIRECTION('center_axis',(0.,0.,1.));
#3032=DIRECTION('ref_axis',(-1.,0.,0.));
#3033=DIRECTION('center_axis',(0.,0.,1.));
#3034=DIRECTION('ref_axis',(-1.,0.,0.));
#3035=DIRECTION('',(0.,0.,1.));
#3036=DIRECTION('center_axis',(0.,0.,1.));
#3037=DIRECTION('ref_axis',(-1.,0.,0.));
#3038=DIRECTION('',(0.,0.,1.));
#3039=DIRECTION('center_axis',(0.,0.,1.));
#3040=DIRECTION('ref_axis',(-1.,0.,0.));
#3041=DIRECTION('center_axis',(0.,0.,1.));
#3042=DIRECTION('ref_axis',(-1.,0.,0.));
#3043=DIRECTION('',(0.707106781186547,8.65956056235493E-17,0.707106781186547));
#3044=DIRECTION('center_axis',(0.,0.,1.));
#3045=DIRECTION('ref_axis',(-1.,0.,0.));
#3046=DIRECTION('center_axis',(0.,0.,1.));
#3047=DIRECTION('ref_axis',(-1.,0.,0.));
#3048=DIRECTION('center_axis',(0.,0.,1.));
#3049=DIRECTION('ref_axis',(-1.,0.,0.));
#3050=DIRECTION('center_axis',(0.,0.,1.));
#3051=DIRECTION('ref_axis',(-1.,0.,0.));
#3052=DIRECTION('',(0.,0.,1.));
#3053=DIRECTION('center_axis',(0.,0.,1.));
#3054=DIRECTION('ref_axis',(-1.,0.,0.));
#3055=DIRECTION('',(0.,0.,1.));
#3056=DIRECTION('center_axis',(0.,0.,1.));
#3057=DIRECTION('ref_axis',(-1.,0.,0.));
#3058=DIRECTION('center_axis',(0.,0.,1.));
#3059=DIRECTION('ref_axis',(-1.,0.,0.));
#3060=DIRECTION('',(0.707106781186547,8.65956056235493E-17,0.707106781186547));
#3061=DIRECTION('center_axis',(0.,0.,1.));
#3062=DIRECTION('ref_axis',(-1.,0.,0.));
#3063=DIRECTION('center_axis',(0.,0.,1.));
#3064=DIRECTION('ref_axis',(-1.,0.,0.));
#3065=DIRECTION('center_axis',(0.,0.,1.));
#3066=DIRECTION('ref_axis',(-1.,0.,0.));
#3067=DIRECTION('center_axis',(0.,0.,1.));
#3068=DIRECTION('ref_axis',(-1.,0.,0.));
#3069=DIRECTION('',(0.,0.,1.));
#3070=DIRECTION('center_axis',(0.,0.,1.));
#3071=DIRECTION('ref_axis',(-1.,0.,0.));
#3072=DIRECTION('',(0.,0.,1.));
#3073=DIRECTION('center_axis',(0.,0.,1.));
#3074=DIRECTION('ref_axis',(-1.,0.,0.));
#3075=DIRECTION('center_axis',(0.,0.,1.));
#3076=DIRECTION('ref_axis',(-1.,0.,0.));
#3077=DIRECTION('',(0.707106781186547,8.65956056235493E-17,0.707106781186547));
#3078=DIRECTION('center_axis',(0.,0.,1.));
#3079=DIRECTION('ref_axis',(-1.,0.,0.));
#3080=DIRECTION('center_axis',(0.,0.,1.));
#3081=DIRECTION('ref_axis',(-1.,0.,0.));
#3082=DIRECTION('center_axis',(0.,0.,1.));
#3083=DIRECTION('ref_axis',(-1.,0.,0.));
#3084=DIRECTION('center_axis',(0.,0.,1.));
#3085=DIRECTION('ref_axis',(-1.,0.,0.));
#3086=DIRECTION('',(0.,0.,1.));
#3087=DIRECTION('center_axis',(0.,0.,1.));
#3088=DIRECTION('ref_axis',(-1.,0.,0.));
#3089=DIRECTION('',(0.,0.,1.));
#3090=DIRECTION('center_axis',(0.,0.,1.));
#3091=DIRECTION('ref_axis',(-1.,0.,0.));
#3092=DIRECTION('center_axis',(0.,0.,1.));
#3093=DIRECTION('ref_axis',(-1.,0.,0.));
#3094=DIRECTION('',(0.707106781186547,8.65956056235493E-17,0.707106781186547));
#3095=DIRECTION('center_axis',(0.,0.,1.));
#3096=DIRECTION('ref_axis',(-1.,0.,0.));
#3097=DIRECTION('center_axis',(0.,0.,1.));
#3098=DIRECTION('ref_axis',(-1.,0.,0.));
#3099=DIRECTION('center_axis',(0.,0.,1.));
#3100=DIRECTION('ref_axis',(-1.,0.,0.));
#3101=DIRECTION('center_axis',(0.,0.,1.));
#3102=DIRECTION('ref_axis',(-1.,0.,0.));
#3103=DIRECTION('',(0.,0.,1.));
#3104=DIRECTION('center_axis',(0.,0.,-1.));
#3105=DIRECTION('ref_axis',(-1.,0.,0.));
#3106=DIRECTION('',(0.,0.,-1.));
#3107=DIRECTION('center_axis',(0.,0.,1.));
#3108=DIRECTION('ref_axis',(0.608761429008725,-0.793353340291232,0.));
#3109=DIRECTION('',(0.,0.,1.));
#3110=DIRECTION('center_axis',(0.,0.,1.));
#3111=DIRECTION('ref_axis',(0.608761429008725,-0.793353340291232,0.));
#3112=DIRECTION('',(0.,0.,1.));
#3113=DIRECTION('center_axis',(0.,0.,1.));
#3114=DIRECTION('ref_axis',(-1.,0.,0.));
#3115=DIRECTION('',(0.,0.,1.));
#3116=DIRECTION('center_axis',(0.,0.,1.));
#3117=DIRECTION('ref_axis',(-1.,0.,0.));
#3118=DIRECTION('center_axis',(0.,0.,1.));
#3119=DIRECTION('ref_axis',(-1.,0.,0.));
#3120=DIRECTION('',(0.707106781186547,8.65956056235493E-17,0.707106781186547));
#3121=DIRECTION('center_axis',(0.,0.,1.));
#3122=DIRECTION('ref_axis',(-1.,0.,0.));
#3123=DIRECTION('center_axis',(0.,0.,1.));
#3124=DIRECTION('ref_axis',(-1.,0.,0.));
#3125=DIRECTION('center_axis',(0.,0.,1.));
#3126=DIRECTION('ref_axis',(-1.,0.,0.));
#3127=DIRECTION('center_axis',(0.,0.,1.));
#3128=DIRECTION('ref_axis',(-1.,0.,0.));
#3129=DIRECTION('',(0.,0.,1.));
#3130=DIRECTION('center_axis',(0.,0.,1.));
#3131=DIRECTION('ref_axis',(-1.,0.,0.));
#3132=DIRECTION('',(0.,0.,1.));
#3133=DIRECTION('center_axis',(0.,0.,1.));
#3134=DIRECTION('ref_axis',(-1.,0.,0.));
#3135=DIRECTION('center_axis',(0.,0.,1.));
#3136=DIRECTION('ref_axis',(-1.,0.,0.));
#3137=DIRECTION('',(0.707106781186547,8.65956056235493E-17,0.707106781186547));
#3138=DIRECTION('center_axis',(0.,0.,1.));
#3139=DIRECTION('ref_axis',(-1.,0.,0.));
#3140=DIRECTION('center_axis',(0.,0.,1.));
#3141=DIRECTION('ref_axis',(-1.,0.,0.));
#3142=DIRECTION('center_axis',(0.,0.,1.));
#3143=DIRECTION('ref_axis',(-1.,0.,0.));
#3144=DIRECTION('center_axis',(0.,0.,1.));
#3145=DIRECTION('ref_axis',(-1.,0.,0.));
#3146=DIRECTION('',(0.,0.,1.));
#3147=DIRECTION('center_axis',(0.,0.,1.));
#3148=DIRECTION('ref_axis',(-1.,0.,0.));
#3149=DIRECTION('',(0.,0.,1.));
#3150=DIRECTION('center_axis',(0.,0.,1.));
#3151=DIRECTION('ref_axis',(-1.,0.,0.));
#3152=DIRECTION('center_axis',(0.,0.,1.));
#3153=DIRECTION('ref_axis',(-1.,0.,0.));
#3154=DIRECTION('',(0.707106781186547,8.65956056235493E-17,0.707106781186547));
#3155=DIRECTION('center_axis',(0.,0.,1.));
#3156=DIRECTION('ref_axis',(-1.,0.,0.));
#3157=DIRECTION('center_axis',(0.,0.,1.));
#3158=DIRECTION('ref_axis',(-1.,0.,0.));
#3159=DIRECTION('center_axis',(0.,0.,1.));
#3160=DIRECTION('ref_axis',(-1.,0.,0.));
#3161=DIRECTION('center_axis',(0.,0.,1.));
#3162=DIRECTION('ref_axis',(-1.,0.,0.));
#3163=DIRECTION('',(0.,0.,1.));
#3164=DIRECTION('center_axis',(0.,0.,1.));
#3165=DIRECTION('ref_axis',(-1.,0.,0.));
#3166=DIRECTION('',(0.,0.,1.));
#3167=DIRECTION('center_axis',(0.,0.,1.));
#3168=DIRECTION('ref_axis',(-1.,0.,0.));
#3169=DIRECTION('center_axis',(0.,0.,1.));
#3170=DIRECTION('ref_axis',(-1.,0.,0.));
#3171=DIRECTION('',(0.707106781186547,8.65956056235493E-17,0.707106781186547));
#3172=DIRECTION('center_axis',(0.,0.,1.));
#3173=DIRECTION('ref_axis',(-1.,0.,0.));
#3174=DIRECTION('center_axis',(0.,0.,1.));
#3175=DIRECTION('ref_axis',(-1.,0.,0.));
#3176=DIRECTION('center_axis',(0.,0.,1.));
#3177=DIRECTION('ref_axis',(-1.,0.,0.));
#3178=DIRECTION('center_axis',(0.,0.,1.));
#3179=DIRECTION('ref_axis',(-1.,0.,0.));
#3180=DIRECTION('',(0.,0.,1.));
#3181=DIRECTION('center_axis',(0.,0.,1.));
#3182=DIRECTION('ref_axis',(-1.,0.,0.));
#3183=DIRECTION('',(0.,0.,1.));
#3184=DIRECTION('center_axis',(0.,0.,1.));
#3185=DIRECTION('ref_axis',(-1.,0.,0.));
#3186=DIRECTION('center_axis',(0.,0.,1.));
#3187=DIRECTION('ref_axis',(-1.,0.,0.));
#3188=DIRECTION('',(0.707106781186547,8.65956056235493E-17,0.707106781186547));
#3189=DIRECTION('center_axis',(0.,0.,1.));
#3190=DIRECTION('ref_axis',(-1.,0.,0.));
#3191=DIRECTION('center_axis',(0.,0.,1.));
#3192=DIRECTION('ref_axis',(-1.,0.,0.));
#3193=DIRECTION('center_axis',(0.,0.,1.));
#3194=DIRECTION('ref_axis',(-1.,0.,0.));
#3195=DIRECTION('center_axis',(0.,0.,1.));
#3196=DIRECTION('ref_axis',(-1.,0.,0.));
#3197=DIRECTION('',(0.,0.,1.));
#3198=DIRECTION('center_axis',(0.,0.,1.));
#3199=DIRECTION('ref_axis',(-1.,0.,0.));
#3200=DIRECTION('',(0.,0.,1.));
#3201=DIRECTION('center_axis',(0.,0.,1.));
#3202=DIRECTION('ref_axis',(-1.,0.,0.));
#3203=DIRECTION('center_axis',(0.,0.,1.));
#3204=DIRECTION('ref_axis',(-1.,0.,0.));
#3205=DIRECTION('',(0.707106781186547,8.65956056235493E-17,0.707106781186547));
#3206=DIRECTION('center_axis',(0.,0.,1.));
#3207=DIRECTION('ref_axis',(-1.,0.,0.));
#3208=DIRECTION('center_axis',(0.,0.,1.));
#3209=DIRECTION('ref_axis',(-1.,0.,0.));
#3210=DIRECTION('center_axis',(0.,0.,1.));
#3211=DIRECTION('ref_axis',(-1.,0.,0.));
#3212=DIRECTION('center_axis',(0.,0.,1.));
#3213=DIRECTION('ref_axis',(-1.,0.,0.));
#3214=DIRECTION('',(0.,0.,1.));
#3215=DIRECTION('center_axis',(0.,0.,1.));
#3216=DIRECTION('ref_axis',(-1.,0.,0.));
#3217=DIRECTION('',(0.,0.,1.));
#3218=DIRECTION('center_axis',(0.,0.,1.));
#3219=DIRECTION('ref_axis',(-1.,0.,0.));
#3220=DIRECTION('center_axis',(0.,0.,1.));
#3221=DIRECTION('ref_axis',(-1.,0.,0.));
#3222=DIRECTION('',(0.707106781186547,8.65956056235493E-17,0.707106781186547));
#3223=DIRECTION('center_axis',(0.,0.,1.));
#3224=DIRECTION('ref_axis',(-1.,0.,0.));
#3225=DIRECTION('center_axis',(0.,0.,1.));
#3226=DIRECTION('ref_axis',(-1.,0.,0.));
#3227=DIRECTION('center_axis',(0.,0.,1.));
#3228=DIRECTION('ref_axis',(-1.,0.,0.));
#3229=DIRECTION('center_axis',(0.,0.,1.));
#3230=DIRECTION('ref_axis',(-1.,0.,0.));
#3231=DIRECTION('',(0.,0.,1.));
#3232=DIRECTION('center_axis',(0.,0.,1.));
#3233=DIRECTION('ref_axis',(-1.,0.,0.));
#3234=DIRECTION('',(0.,0.,1.));
#3235=DIRECTION('center_axis',(0.,0.,1.));
#3236=DIRECTION('ref_axis',(-1.,0.,0.));
#3237=DIRECTION('center_axis',(0.,0.,1.));
#3238=DIRECTION('ref_axis',(-1.,0.,0.));
#3239=DIRECTION('',(0.707106781186547,8.65956056235493E-17,0.707106781186547));
#3240=DIRECTION('center_axis',(0.,0.,1.));
#3241=DIRECTION('ref_axis',(-1.,0.,0.));
#3242=DIRECTION('center_axis',(0.,0.,1.));
#3243=DIRECTION('ref_axis',(-1.,0.,0.));
#3244=DIRECTION('center_axis',(0.,0.,1.));
#3245=DIRECTION('ref_axis',(-1.,0.,0.));
#3246=DIRECTION('center_axis',(0.,0.,1.));
#3247=DIRECTION('ref_axis',(-1.,0.,0.));
#3248=DIRECTION('',(0.,0.,1.));
#3249=DIRECTION('center_axis',(0.,0.,-1.));
#3250=DIRECTION('ref_axis',(-1.,0.,0.));
#3251=DIRECTION('',(0.,0.,-1.));
#3252=DIRECTION('center_axis',(0.,0.,-1.));
#3253=DIRECTION('ref_axis',(1.,0.,0.));
#3254=DIRECTION('',(0.,0.,-1.));
#3255=DIRECTION('center_axis',(0.,0.,-1.));
#3256=DIRECTION('ref_axis',(1.,0.,0.));
#3257=DIRECTION('center_axis',(0.,0.,-1.));
#3258=DIRECTION('ref_axis',(1.,0.,0.));
#3259=DIRECTION('',(-0.707106781186547,8.65956056235493E-17,-0.707106781186547));
#3260=DIRECTION('center_axis',(0.,0.,-1.));
#3261=DIRECTION('ref_axis',(1.,0.,0.));
#3262=DIRECTION('center_axis',(0.,0.,-1.));
#3263=DIRECTION('ref_axis',(1.,0.,0.));
#3264=DIRECTION('center_axis',(0.,0.,-1.));
#3265=DIRECTION('ref_axis',(1.,0.,0.));
#3266=DIRECTION('center_axis',(0.,0.,-1.));
#3267=DIRECTION('ref_axis',(1.,0.,0.));
#3268=DIRECTION('',(0.,0.,-1.));
#3269=DIRECTION('center_axis',(0.,0.,-1.));
#3270=DIRECTION('ref_axis',(1.,0.,0.));
#3271=DIRECTION('',(0.,0.,-1.));
#3272=DIRECTION('center_axis',(0.,0.,-1.));
#3273=DIRECTION('ref_axis',(1.,0.,0.));
#3274=DIRECTION('center_axis',(0.,0.,-1.));
#3275=DIRECTION('ref_axis',(1.,0.,0.));
#3276=DIRECTION('',(-0.707106781186547,8.65956056235493E-17,-0.707106781186547));
#3277=DIRECTION('center_axis',(0.,0.,-1.));
#3278=DIRECTION('ref_axis',(1.,0.,0.));
#3279=DIRECTION('center_axis',(0.,0.,-1.));
#3280=DIRECTION('ref_axis',(1.,0.,0.));
#3281=DIRECTION('center_axis',(0.,0.,-1.));
#3282=DIRECTION('ref_axis',(1.,0.,0.));
#3283=DIRECTION('center_axis',(0.,0.,-1.));
#3284=DIRECTION('ref_axis',(1.,0.,0.));
#3285=DIRECTION('',(0.,0.,-1.));
#3286=DIRECTION('center_axis',(0.,0.,-1.));
#3287=DIRECTION('ref_axis',(1.,0.,0.));
#3288=DIRECTION('',(0.,0.,-1.));
#3289=DIRECTION('center_axis',(0.,0.,-1.));
#3290=DIRECTION('ref_axis',(1.,0.,0.));
#3291=DIRECTION('center_axis',(0.,0.,-1.));
#3292=DIRECTION('ref_axis',(1.,0.,0.));
#3293=DIRECTION('',(-0.707106781186547,8.65956056235493E-17,-0.707106781186547));
#3294=DIRECTION('center_axis',(0.,0.,-1.));
#3295=DIRECTION('ref_axis',(1.,0.,0.));
#3296=DIRECTION('center_axis',(0.,0.,-1.));
#3297=DIRECTION('ref_axis',(1.,0.,0.));
#3298=DIRECTION('center_axis',(0.,0.,-1.));
#3299=DIRECTION('ref_axis',(1.,0.,0.));
#3300=DIRECTION('center_axis',(0.,0.,-1.));
#3301=DIRECTION('ref_axis',(1.,0.,0.));
#3302=DIRECTION('',(0.,0.,-1.));
#3303=CARTESIAN_POINT('',(0.,0.,0.));
#3304=CARTESIAN_POINT('Origin',(168.1213203436,25.5,0.8786796564404));
#3305=CARTESIAN_POINT('',(153.267766953,-14.5,-13.97487373415));
#3306=CARTESIAN_POINT('',(153.267766953,25.5,-13.97487373415));
#3307=CARTESIAN_POINT('',(153.267766953,-14.5,-13.97487373415));
#3308=CARTESIAN_POINT('',(167.0961940777,25.5,-0.1464466094067));
#3309=CARTESIAN_POINT('',(167.0961940777,25.5,-0.1464466094067));
#3310=CARTESIAN_POINT('',(167.0961940777,-14.5,-0.1464466094067));
#3311=CARTESIAN_POINT('',(167.0961940777,-14.5,-0.1464466094067));
#3312=CARTESIAN_POINT('',(153.267766953,-14.5,-13.97487373415));
#3313=CARTESIAN_POINT('Origin',(150.7928932188,-120.868728293,-11.5));
#3314=CARTESIAN_POINT('',(150.7928932188,-14.5,-15.));
#3315=CARTESIAN_POINT('',(150.7928932188,25.5,-15.));
#3316=CARTESIAN_POINT('',(150.7928932188,-14.5,-15.));
#3317=CARTESIAN_POINT('Origin',(150.7928932188,25.5,-11.5));
#3318=CARTESIAN_POINT('Origin',(150.7928932188,-14.5,-11.5));
#3319=CARTESIAN_POINT('Origin',(0.,0.,-15.));
#3320=CARTESIAN_POINT('',(85.20710678119,-14.5,-15.));
#3321=CARTESIAN_POINT('',(150.7928932188,-14.5,-15.));
#3322=CARTESIAN_POINT('',(85.20710678119,25.5,-15.));
#3323=CARTESIAN_POINT('',(85.20710678119,25.5,-15.));
#3324=CARTESIAN_POINT('',(85.20710678119,25.5,-15.));
#3325=CARTESIAN_POINT('',(139.75,18.5,-15.));
#3326=CARTESIAN_POINT('Origin',(143.,18.5,-15.));
#3327=CARTESIAN_POINT('',(114.75,-7.5,-15.));
#3328=CARTESIAN_POINT('Origin',(118.,-7.5,-15.));
#3329=CARTESIAN_POINT('',(89.75,18.5,-15.));
#3330=CARTESIAN_POINT('Origin',(93.,18.5,-15.));
#3331=CARTESIAN_POINT('Origin',(96.9132851254,25.5,-13.5));
#3332=CARTESIAN_POINT('',(150.792893241591,25.4999999994974,-12.4999999995944));
#3333=CARTESIAN_POINT('',(85.2071067733782,25.4999999957007,-12.4999999959062));
#3334=CARTESIAN_POINT('',(150.7928932423,25.49999999922,-12.49999999922));
#3335=CARTESIAN_POINT('',(150.7928932188,25.5,-15.));
#3336=CARTESIAN_POINT('',(85.20710678119,25.5,-15.));
#3337=CARTESIAN_POINT('Origin',(118.,25.25,-12.25));
#3338=CARTESIAN_POINT('',(150.792893229837,24.9999999998021,-11.9999999997498));
#3339=CARTESIAN_POINT('',(85.20710677728,24.9999999979512,-11.9999999978487));
#3340=CARTESIAN_POINT('',(150.7928932306,24.99999999961,-11.99999999961));
#3341=CARTESIAN_POINT('',(150.7928932306,24.99999999961,-11.99999999961));
#3342=CARTESIAN_POINT('',(85.20710677728,24.99999999672,-11.99999999672));
#3343=CARTESIAN_POINT('Origin',(0.,0.,-12.));
#3344=CARTESIAN_POINT('',(85.2071067701721,-13.9999999998021,-11.9999999997498));
#3345=CARTESIAN_POINT('',(150.7928932227,-13.9999999979512,-11.9999999978487));
#3346=CARTESIAN_POINT('',(85.20710676944,-13.99999999961,-11.99999999961));
#3347=CARTESIAN_POINT('',(150.7928932227,-13.99999999672,-11.99999999672));
#3348=CARTESIAN_POINT('',(85.20710677728,24.99999999672,-11.99999999672));
#3349=CARTESIAN_POINT('',(141.4,18.5,-12.));
#3350=CARTESIAN_POINT('Origin',(143.,18.5,-12.));
#3351=CARTESIAN_POINT('',(116.4,-7.5,-12.));
#3352=CARTESIAN_POINT('Origin',(118.,-7.5,-12.));
#3353=CARTESIAN_POINT('',(91.4,18.5,-12.));
#3354=CARTESIAN_POINT('Origin',(93.,18.5,-12.));
#3355=CARTESIAN_POINT('Origin',(118.,-14.25,-12.25));
#3356=CARTESIAN_POINT('',(85.2071067584236,-14.4999999994974,-12.4999999995944));
#3357=CARTESIAN_POINT('',(85.20710676944,-13.99999999961,-11.99999999961));
#3358=CARTESIAN_POINT('',(150.792893226604,-14.4999999957007,-12.4999999959062));
#3359=CARTESIAN_POINT('',(85.20710675769,-14.49999999922,-12.49999999922));
#3360=CARTESIAN_POINT('',(150.7928932227,-13.99999999672,-11.99999999672));
#3361=CARTESIAN_POINT('Origin',(150.7928932188,-14.24999999473,-11.5));
#3362=CARTESIAN_POINT('',(151.146446605393,-13.9999999999472,-11.8535533945022));
#3363=CARTESIAN_POINT('Origin',(150.7928932188,-14.,-11.5));
#3364=CARTESIAN_POINT('',(151.499999991449,-14.4999999998602,-12.2071067895723));
#3365=CARTESIAN_POINT('Origin',(150.7928932188,-14.5,-11.5));
#3366=CARTESIAN_POINT('',(151.1464466048,-13.99999999989,-11.85355339504));
#3367=CARTESIAN_POINT('Origin',(150.7928932188,-120.868728293,-11.5));
#3368=CARTESIAN_POINT('',(151.146446601071,24.9999999977944,-11.8535533956489));
#3369=CARTESIAN_POINT('',(151.1464466048,-13.99999999989,-11.85355339504));
#3370=CARTESIAN_POINT('Origin',(150.7928932188,25.,-11.5));
#3371=CARTESIAN_POINT('Origin',(150.7928932188,25.24999999438,-11.5));
#3372=CARTESIAN_POINT('',(151.499999983497,25.499999995367,-12.2071067914367));
#3373=CARTESIAN_POINT('',(151.1464466002,24.99999999647,-11.85355339478));
#3374=CARTESIAN_POINT('Origin',(150.7928932188,25.5,-11.5));
#3375=CARTESIAN_POINT('Origin',(151.5582600835,25.5,-13.34775906502));
#3376=CARTESIAN_POINT('',(153.267766953,25.5,-13.97487373415));
#3377=CARTESIAN_POINT('Origin',(148.8704275092,25.5,-16.25089283437));
#3378=CARTESIAN_POINT('',(165.328427257196,25.5000000111262,1.62132046349505));
#3379=CARTESIAN_POINT('',(165.3284272717,25.50000001745,1.621320465818));
#3380=CARTESIAN_POINT('',(165.3284272717,25.50000001745,1.621320465818));
#3381=CARTESIAN_POINT('Origin',(158.2374368671,25.25,-5.116116523517));
#3382=CARTESIAN_POINT('',(164.974873890567,25.0000000103184,1.97487387219307));
#3383=CARTESIAN_POINT('',(164.9748739056,25.00000002036,1.974873876787));
#3384=CARTESIAN_POINT('',(164.9748739056,25.00000002036,1.974873876787));
#3385=CARTESIAN_POINT('Origin',(166.,25.5,3.));
#3386=CARTESIAN_POINT('',(164.974873900024,-14.0000000106538,1.97487388236283));
#3387=CARTESIAN_POINT('',(151.1464466048,-13.99999999989,-11.85355339504));
#3388=CARTESIAN_POINT('',(164.9748739056,-14.00000002036,1.974873876787));
#3389=CARTESIAN_POINT('Origin',(158.2374368671,-14.25,-5.116116523517));
#3390=CARTESIAN_POINT('',(165.328427265813,-14.5000000106999,1.62132047170623));
#3391=CARTESIAN_POINT('',(151.4999999908,-14.49999999978,-12.20710679007));
#3392=CARTESIAN_POINT('',(164.9748739056,-14.00000002036,1.974873876787));
#3393=CARTESIAN_POINT('Origin',(167.4497474683,-14.25000003096,-0.4999999999998));
#3394=CARTESIAN_POINT('',(167.4497474683,-14.,3.));
#3395=CARTESIAN_POINT('Origin',(167.4497474683,-14.,-0.5));
#3396=CARTESIAN_POINT('',(167.4497474683,-14.5,2.5));
#3397=CARTESIAN_POINT('Origin',(167.4497474683,-14.5,-0.4999999999998));
#3398=CARTESIAN_POINT('',(167.4497474692,-14.00000000019,2.999999999809));
#3399=CARTESIAN_POINT('Origin',(167.4497474683,-14.5,-0.5));
#3400=CARTESIAN_POINT('',(167.4497474692,25.00000000019,2.999999999809));
#3401=CARTESIAN_POINT('',(167.4497474692,-14.00000000019,2.999999999809));
#3402=CARTESIAN_POINT('Origin',(167.4497474683,25.,-0.5));
#3403=CARTESIAN_POINT('Origin',(167.4497474683,25.25000003096,-0.5000000000004));
#3404=CARTESIAN_POINT('',(167.449747469,25.50000000016,2.499999999837));
#3405=CARTESIAN_POINT('',(167.4497474692,25.00000000019,2.999999999809));
#3406=CARTESIAN_POINT('Origin',(167.4497474683,25.5,-0.5000000000004));
#3407=CARTESIAN_POINT('Origin',(166.6843806036,25.5,1.347759065023));
#3408=CARTESIAN_POINT('',(167.4497474683,25.5,0.));
#3409=CARTESIAN_POINT('',(167.449747469,25.50000000016,2.499999999837));
#3410=CARTESIAN_POINT('Origin',(167.4497474683,25.5,-0.5));
#3411=CARTESIAN_POINT('Origin',(167.4497474683,-14.5,-0.5));
#3412=CARTESIAN_POINT('',(167.4497474683,-14.5,0.));
#3413=CARTESIAN_POINT('',(167.4497474683,-14.5,0.));
#3414=CARTESIAN_POINT('Origin',(167.4497474683,-14.5,-0.5));
#3415=CARTESIAN_POINT('Origin',(166.6843806036,-14.5,1.347759065023));
#3416=CARTESIAN_POINT('',(165.3284272717,-14.50000001745,1.621320465818));
#3417=CARTESIAN_POINT('',(167.449747469,-14.50000000016,2.499999999837));
#3418=CARTESIAN_POINT('Origin',(185.9003311295,-14.5,1.5));
#3419=CARTESIAN_POINT('',(195.1099030083,-14.5000000037643,2.49999999096469));
#3420=CARTESIAN_POINT('',(167.449747469,-14.50000000016,2.499999999837));
#3421=CARTESIAN_POINT('',(195.1099033995,-14.5,0.));
#3422=CARTESIAN_POINT('',(167.4497474683,-14.5,0.));
#3423=CARTESIAN_POINT('',(195.1099033995,-14.5,0.));
#3424=CARTESIAN_POINT('Origin',(181.2798254339,-14.25,2.75));
#3425=CARTESIAN_POINT('',(195.1099028648,-14.0000000081171,2.99999999188188));
#3426=CARTESIAN_POINT('',(167.4497474692,-14.00000000019,2.999999999809));
#3427=CARTESIAN_POINT('',(195.1099028648,-14.00000001646,2.999999983538));
#3428=CARTESIAN_POINT('Origin',(0.,0.,3.));
#3429=CARTESIAN_POINT('',(25.2219285113434,-21.2803741078163,2.99999999999952));
#3430=CARTESIAN_POINT('',(40.8900972110479,-14.0000000052746,2.99999999472209));
#3431=CARTESIAN_POINT('Origin',(40.89009660052,-34.5,3.));
#3432=CARTESIAN_POINT('',(68.55025253084,-14.00000000019,2.999999999809));
#3433=CARTESIAN_POINT('',(40.89009721579,-14.00000001055,2.999999989445));
#3434=CARTESIAN_POINT('',(68.55025253169,25.,3.));
#3435=CARTESIAN_POINT('',(68.55025253084,25.00000000019,2.999999999809));
#3436=CARTESIAN_POINT('',(28.14249474599,25.0000000025611,2.99999999743753));
#3437=CARTESIAN_POINT('',(68.55025253084,25.00000000019,2.999999999809));
#3438=CARTESIAN_POINT('',(17.3589218522781,28.0654205763327,2.99999999999921));
#3439=CARTESIAN_POINT('Origin',(28.14249455894,45.5,3.));
#3440=CARTESIAN_POINT('Origin',(1.936228954946E-13,-1.474376176702E-13,
3.));
#3441=CARTESIAN_POINT('',(-13.6971321526963,17.8504501565527,3.));
#3442=CARTESIAN_POINT('Origin',(0.,1.449063325091E-14,3.));
#3443=CARTESIAN_POINT('',(3.25,29.5,3.00000000000001));
#3444=CARTESIAN_POINT('Origin',(0.,29.5,3.));
#3445=CARTESIAN_POINT('',(28.79774941164,14.75,3.00000000000001));
#3446=CARTESIAN_POINT('Origin',(25.54774941164,14.75,3.));
#3447=CARTESIAN_POINT('',(-22.29774941164,14.75,3.00000000000001));
#3448=CARTESIAN_POINT('Origin',(-25.54774941164,14.75,3.));
#3449=CARTESIAN_POINT('',(-22.29774941164,-14.75,3.00000000000001));
#3450=CARTESIAN_POINT('Origin',(-25.54774941164,-14.75,3.));
#3451=CARTESIAN_POINT('',(3.25,-29.5,3.00000000000001));
#3452=CARTESIAN_POINT('Origin',(0.,-29.5,3.));
#3453=CARTESIAN_POINT('',(28.79774941164,-14.75,3.00000000000001));
#3454=CARTESIAN_POINT('Origin',(25.54774941164,-14.75,3.));
#3455=CARTESIAN_POINT('',(60.25,17.5,3.));
#3456=CARTESIAN_POINT('Origin',(57.,17.5,3.));
#3457=CARTESIAN_POINT('',(60.25,-6.5,3.));
#3458=CARTESIAN_POINT('Origin',(57.,-6.5,3.));
#3459=CARTESIAN_POINT('',(44.14923931632,5.35157388102,3.));
#3460=CARTESIAN_POINT('Origin',(40.64923931632,5.35157388102,3.));
#3461=CARTESIAN_POINT('Origin',(0.,0.,3.));
#3462=CARTESIAN_POINT('',(210.778071550127,-21.2803741806717,3.0000000000068));
#3463=CARTESIAN_POINT('Origin',(195.1099033995,-34.5,3.));
#3464=CARTESIAN_POINT('',(218.641078134472,28.0654205681293,3.00000000000274));
#3465=CARTESIAN_POINT('Origin',(236.,4.707345624411E-13,3.));
#3466=CARTESIAN_POINT('',(207.857505253854,25.0000000014802,2.99999999852175));
#3467=CARTESIAN_POINT('Origin',(207.8575054411,45.5,3.));
#3468=CARTESIAN_POINT('',(207.8575052524,25.00000000296,2.999999997043));
#3469=CARTESIAN_POINT('',(222.302867847304,17.8504501565527,3.));
#3470=CARTESIAN_POINT('Origin',(236.,1.449063937415E-14,3.));
#3471=CARTESIAN_POINT('',(239.25,-29.5,3.00000000000001));
#3472=CARTESIAN_POINT('Origin',(236.,-29.5,3.));
#3473=CARTESIAN_POINT('',(264.7977494116,-14.75,3.00000000000001));
#3474=CARTESIAN_POINT('Origin',(261.5477494116,-14.75,3.));
#3475=CARTESIAN_POINT('',(264.7977494116,14.75,3.00000000000001));
#3476=CARTESIAN_POINT('Origin',(261.5477494116,14.75,3.));
#3477=CARTESIAN_POINT('',(239.25,29.5,3.00000000000001));
#3478=CARTESIAN_POINT('Origin',(236.,29.5,3.));
#3479=CARTESIAN_POINT('',(213.7022505884,14.75,3.00000000000001));
#3480=CARTESIAN_POINT('Origin',(210.4522505884,14.75,3.));
#3481=CARTESIAN_POINT('',(213.7022505884,-14.75,3.00000000000001));
#3482=CARTESIAN_POINT('Origin',(210.4522505884,-14.75,3.));
#3483=CARTESIAN_POINT('',(182.25,-6.5,3.));
#3484=CARTESIAN_POINT('Origin',(179.,-6.5,3.));
#3485=CARTESIAN_POINT('',(182.25,17.5,3.));
#3486=CARTESIAN_POINT('Origin',(179.,17.5,3.));
#3487=CARTESIAN_POINT('',(198.8507606837,5.35157388102,3.));
#3488=CARTESIAN_POINT('Origin',(195.3507606837,5.35157388102,3.));
#3489=CARTESIAN_POINT('Origin',(40.89009660052,-34.5,2.749999978288));
#3490=CARTESIAN_POINT('',(25.6040790153641,-21.602803937835,2.49999999940142));
#3491=CARTESIAN_POINT('',(25.2219285209,-21.28037411832,2.99999998592));
#3492=CARTESIAN_POINT('',(40.8900970471997,-14.5000000049901,2.4999999959242));
#3493=CARTESIAN_POINT('Origin',(40.89009660052,-34.5,2.5));
#3494=CARTESIAN_POINT('',(40.89009721579,-14.00000001055,2.999999989445));
#3495=CARTESIAN_POINT('Origin',(54.72017456611,-14.25,2.75));
#3496=CARTESIAN_POINT('',(68.55025253096,-14.50000000016,2.499999999837));
#3497=CARTESIAN_POINT('',(40.89009705072,-14.50000000772,2.499999992277));
#3498=CARTESIAN_POINT('',(68.55025253084,-14.00000000019,2.999999999809));
#3499=CARTESIAN_POINT('Origin',(68.55025253169,-14.25000003096,-0.5));
#3500=CARTESIAN_POINT('',(71.025126109458,-14.0000000103198,1.97487387218666));
#3501=CARTESIAN_POINT('Origin',(68.55025253169,-14.,-0.5));
#3502=CARTESIAN_POINT('',(70.6715727428179,-14.5000000111287,1.62132046348885));
#3503=CARTESIAN_POINT('Origin',(68.55025253169,-14.5,-0.5));
#3504=CARTESIAN_POINT('',(71.02512609443,-14.00000002036,1.974873876787));
#3505=CARTESIAN_POINT('Origin',(68.55025253169,25.5,-0.5));
#3506=CARTESIAN_POINT('',(71.025126099994,25.0000000106562,1.97487388235101));
#3507=CARTESIAN_POINT('',(71.02512609443,25.00000002036,1.974873876787));
#3508=CARTESIAN_POINT('Origin',(68.55025253169,25.,-0.5));
#3509=CARTESIAN_POINT('Origin',(68.55025253169,25.25000003096,-0.5000000000001));
#3510=CARTESIAN_POINT('',(70.6715727342002,25.5000000107013,1.62132047169669));
#3511=CARTESIAN_POINT('',(71.02512609443,25.00000002036,1.974873876787));
#3512=CARTESIAN_POINT('',(68.55025253169,25.5,2.5));
#3513=CARTESIAN_POINT('Origin',(68.55025253169,25.5,-0.5000000000001));
#3514=CARTESIAN_POINT('',(68.55025253084,25.00000000019,2.999999999809));
#3515=CARTESIAN_POINT('Origin',(48.34637354532,25.25,2.75));
#3516=CARTESIAN_POINT('',(28.1424946958024,25.5000000023433,2.4999999977672));
#3517=CARTESIAN_POINT('',(68.55025253096,25.50000000016,2.499999999837));
#3518=CARTESIAN_POINT('',(28.14249474599,25.00000000488,2.999999995117));
#3519=CARTESIAN_POINT('Origin',(28.14249455894,45.5,2.749999993824));
#3520=CARTESIAN_POINT('',(17.6219358303597,28.4906542152438,2.49999999993587));
#3521=CARTESIAN_POINT('Origin',(28.14249455894,45.5,2.5));
#3522=CARTESIAN_POINT('',(17.35892185154,28.06542057864,2.999999998422));
#3523=CARTESIAN_POINT('Origin',(1.936228954946E-13,-1.474376176702E-13,
2.750000003224));
#3524=CARTESIAN_POINT('Origin',(0.,1.449063325091E-14,2.5));
#3525=CARTESIAN_POINT('Origin',(0.,1.449063325091E-14,1.5));
#3526=CARTESIAN_POINT('',(17.62193584532,28.49065420561,0.));
#3527=CARTESIAN_POINT('',(17.62193584532,28.49065420561,0.));
#3528=CARTESIAN_POINT('',(25.60407917977,-21.60280373832,0.));
#3529=CARTESIAN_POINT('Origin',(0.,1.449063325091E-14,0.));
#3530=CARTESIAN_POINT('',(25.60407917977,-21.60280373832,0.));
#3531=CARTESIAN_POINT('Origin',(40.89009660052,-34.5,-41.74118817795));
#3532=CARTESIAN_POINT('',(40.89009660052,-14.5,0.));
#3533=CARTESIAN_POINT('Origin',(40.89009660052,-34.5,0.));
#3534=CARTESIAN_POINT('',(40.89009660052,-14.5,0.));
#3535=CARTESIAN_POINT('Origin',(50.09966887054,-14.5,1.5));
#3536=CARTESIAN_POINT('',(68.55025253169,-14.5,0.));
#3537=CARTESIAN_POINT('',(40.89009660052,-14.5,0.));
#3538=CARTESIAN_POINT('',(68.55025253096,-14.50000000016,2.499999999837));
#3539=CARTESIAN_POINT('Origin',(69.31561939642,-14.5,1.347759065023));
#3540=CARTESIAN_POINT('',(68.90380592229,-14.5,-0.1464466094067));
#3541=CARTESIAN_POINT('Origin',(68.55025253169,-14.5,-0.5));
#3542=CARTESIAN_POINT('',(70.67157272832,-14.50000001745,1.621320465818));
#3543=CARTESIAN_POINT('Origin',(87.12957249081,-14.5,-16.25089283437));
#3544=CARTESIAN_POINT('',(84.5000000164873,-14.4999999953674,-12.2071067914324));
#3545=CARTESIAN_POINT('',(70.67157272832,-14.50000001745,1.621320465818));
#3546=CARTESIAN_POINT('',(82.73223304703,-14.5,-13.97487373415));
#3547=CARTESIAN_POINT('',(68.90380592229,-14.5,-0.1464466094067));
#3548=CARTESIAN_POINT('',(82.73223304703,-14.5,-13.97487373415));
#3549=CARTESIAN_POINT('Origin',(77.76256313292,-14.25,-5.116116523517));
#3550=CARTESIAN_POINT('',(84.8535533989149,-13.9999999977949,-11.853553395638));
#3551=CARTESIAN_POINT('',(71.02512609443,-14.00000002036,1.974873876787));
#3552=CARTESIAN_POINT('',(84.85355339977,-13.99999999647,-11.85355339478));
#3553=CARTESIAN_POINT('Origin',(70.,-14.5,3.));
#3554=CARTESIAN_POINT('',(84.8535533945966,24.9999999999472,-11.8535533945022));
#3555=CARTESIAN_POINT('',(84.85355339519,24.99999999989,-11.85355339504));
#3556=CARTESIAN_POINT('',(84.85355339519,24.99999999989,-11.85355339504));
#3557=CARTESIAN_POINT('Origin',(77.76256313292,25.25,-5.116116523517));
#3558=CARTESIAN_POINT('',(84.5000000085513,25.4999999998601,-12.2071067895818));
#3559=CARTESIAN_POINT('',(84.85355339519,24.99999999989,-11.85355339504));
#3560=CARTESIAN_POINT('',(84.50000000919,25.49999999978,-12.20710679007));
#3561=CARTESIAN_POINT('Origin',(87.12957249081,25.5,-16.25089283437));
#3562=CARTESIAN_POINT('',(82.73223304703,25.5,-13.97487373415));
#3563=CARTESIAN_POINT('',(82.73223304703,25.5,-13.97487373415));
#3564=CARTESIAN_POINT('',(68.90380592229,25.5,-0.1464466094067));
#3565=CARTESIAN_POINT('',(82.73223304703,25.5,-13.97487373415));
#3566=CARTESIAN_POINT('',(70.67157272832,25.50000001745,1.621320465818));
#3567=CARTESIAN_POINT('Origin',(69.31561939642,25.5,1.347759065023));
#3568=CARTESIAN_POINT('',(68.55025253169,25.5,0.));
#3569=CARTESIAN_POINT('Origin',(68.55025253169,25.5,-0.5));
#3570=CARTESIAN_POINT('',(68.55025253096,25.50000000016,2.499999999837));
#3571=CARTESIAN_POINT('Origin',(45.8627804912,25.5,1.5));
#3572=CARTESIAN_POINT('',(28.14249455894,25.5,0.));
#3573=CARTESIAN_POINT('',(68.55025253169,25.5,0.));
#3574=CARTESIAN_POINT('',(28.14249455894,25.5,0.));
#3575=CARTESIAN_POINT('Origin',(28.14249455894,45.5,-41.74118817795));
#3576=CARTESIAN_POINT('Origin',(28.14249455894,45.5,0.));
#3577=CARTESIAN_POINT('Origin',(0.,0.,0.));
#3578=CARTESIAN_POINT('',(68.55025253169,25.5,0.));
#3579=CARTESIAN_POINT('',(-13.6971321526963,17.8504501565527,0.));
#3580=CARTESIAN_POINT('Origin',(0.,1.449063325091E-14,0.));
#3581=CARTESIAN_POINT('',(1.6,29.5,-1.42108547152E-14));
#3582=CARTESIAN_POINT('Origin',(0.,29.5,-1.42108547152E-14));
#3583=CARTESIAN_POINT('',(27.14774941164,14.75,-1.42108547152E-14));
#3584=CARTESIAN_POINT('Origin',(25.54774941164,14.75,-1.42108547152E-14));
#3585=CARTESIAN_POINT('',(-23.94774941164,14.75,-1.42108547152E-14));
#3586=CARTESIAN_POINT('Origin',(-25.54774941164,14.75,-1.42108547152E-14));
#3587=CARTESIAN_POINT('',(-23.94774941164,-14.75,-1.42108547152E-14));
#3588=CARTESIAN_POINT('Origin',(-25.54774941164,-14.75,-1.42108547152E-14));
#3589=CARTESIAN_POINT('',(1.6,-29.5,-1.42108547152E-14));
#3590=CARTESIAN_POINT('Origin',(0.,-29.5,-1.42108547152E-14));
#3591=CARTESIAN_POINT('',(27.14774941164,-14.75,-1.42108547152E-14));
#3592=CARTESIAN_POINT('Origin',(25.54774941164,-14.75,-1.42108547152E-14));
#3593=CARTESIAN_POINT('',(58.6,17.5,1.42108547152E-14));
#3594=CARTESIAN_POINT('Origin',(57.,17.5,1.42108547152E-14));
#3595=CARTESIAN_POINT('',(58.6,-6.5,1.42108547152E-14));
#3596=CARTESIAN_POINT('Origin',(57.,-6.5,1.42108547152E-14));
#3597=CARTESIAN_POINT('',(44.14923931632,5.35157388102,0.));
#3598=CARTESIAN_POINT('Origin',(40.64923931632,5.35157388102,0.));
#3599=CARTESIAN_POINT('Origin',(0.,0.,0.));
#3600=CARTESIAN_POINT('',(210.3959208202,-21.60280373832,0.));
#3601=CARTESIAN_POINT('',(218.3780641547,28.49065420561,0.));
#3602=CARTESIAN_POINT('Origin',(236.,1.449063937415E-14,0.));
#3603=CARTESIAN_POINT('Origin',(195.1099033995,-34.5,0.));
#3604=CARTESIAN_POINT('',(207.8575054411,25.5,0.));
#3605=CARTESIAN_POINT('',(207.8575054411,25.5,0.));
#3606=CARTESIAN_POINT('Origin',(207.8575054411,45.5,0.));
#3607=CARTESIAN_POINT('',(237.6,-29.5,-1.42108547152E-14));
#3608=CARTESIAN_POINT('Origin',(236.,-29.5,-1.42108547152E-14));
#3609=CARTESIAN_POINT('',(263.1477494116,-14.75,-1.42108547152E-14));
#3610=CARTESIAN_POINT('Origin',(261.5477494116,-14.75,-1.42108547152E-14));
#3611=CARTESIAN_POINT('',(263.1477494116,14.75,-1.42108547152E-14));
#3612=CARTESIAN_POINT('Origin',(261.5477494116,14.75,-1.42108547152E-14));
#3613=CARTESIAN_POINT('',(237.6,29.5,-1.42108547152E-14));
#3614=CARTESIAN_POINT('Origin',(236.,29.5,-1.42108547152E-14));
#3615=CARTESIAN_POINT('',(212.0522505884,14.75,-1.42108547152E-14));
#3616=CARTESIAN_POINT('Origin',(210.4522505884,14.75,-1.42108547152E-14));
#3617=CARTESIAN_POINT('',(212.0522505884,-14.75,-1.42108547152E-14));
#3618=CARTESIAN_POINT('Origin',(210.4522505884,-14.75,-1.42108547152E-14));
#3619=CARTESIAN_POINT('',(180.6,-6.5,1.42108547152E-14));
#3620=CARTESIAN_POINT('Origin',(179.,-6.5,1.42108547152E-14));
#3621=CARTESIAN_POINT('',(180.6,17.5,1.42108547152E-14));
#3622=CARTESIAN_POINT('Origin',(179.,17.5,1.42108547152E-14));
#3623=CARTESIAN_POINT('',(198.8507606837,5.35157388102,0.));
#3624=CARTESIAN_POINT('Origin',(195.3507606837,5.35157388102,0.));
#3625=CARTESIAN_POINT('',(222.302867847304,17.8504501565527,0.));
#3626=CARTESIAN_POINT('Origin',(236.,1.449063937415E-14,0.));
#3627=CARTESIAN_POINT('Origin',(68.55025253169,25.5,-0.5));
#3628=CARTESIAN_POINT('',(68.90380592229,25.5,-0.1464466094067));
#3629=CARTESIAN_POINT('Origin',(67.87867965644,-14.5,0.8786796564404));
#3630=CARTESIAN_POINT('',(82.73223304703,25.5,-13.97487373415));
#3631=CARTESIAN_POINT('Origin',(85.20710678119,120.8826438741,-11.5));
#3632=CARTESIAN_POINT('Origin',(85.20710678119,-14.5,-11.5));
#3633=CARTESIAN_POINT('Origin',(85.20710678119,25.5,-11.5));
#3634=CARTESIAN_POINT('Origin',(84.44173991646,25.5,-13.34775906502));
#3635=CARTESIAN_POINT('Origin',(85.20710678119,25.5,-11.5));
#3636=CARTESIAN_POINT('Origin',(85.20710678119,25.24999999473,-11.5));
#3637=CARTESIAN_POINT('Origin',(85.20710678119,25.,-11.5));
#3638=CARTESIAN_POINT('Origin',(85.20710678119,120.8826438741,-11.5));
#3639=CARTESIAN_POINT('Origin',(85.20710678119,-14.,-11.5));
#3640=CARTESIAN_POINT('Origin',(85.20710678119,-14.24999999438,-11.5));
#3641=CARTESIAN_POINT('Origin',(85.20710678119,-14.5,-11.5));
#3642=CARTESIAN_POINT('Origin',(84.44173991646,-14.5,-13.34775906502));
#3643=CARTESIAN_POINT('',(85.20710678119,-14.5,-15.));
#3644=CARTESIAN_POINT('Origin',(96.9132851254,-14.5,-13.5));
#3645=CARTESIAN_POINT('',(150.7928932188,-14.5,-15.));
#3646=CARTESIAN_POINT('Origin',(151.5582600835,-14.5,-13.34775906502));
#3647=CARTESIAN_POINT('',(153.267766953,-14.5,-13.97487373415));
#3648=CARTESIAN_POINT('Origin',(148.8704275092,-14.5,-16.25089283437));
#3649=CARTESIAN_POINT('Origin',(236.,1.449063937415E-14,1.5));
#3650=CARTESIAN_POINT('',(210.395921031023,-21.6028039912031,2.49999999961324));
#3651=CARTESIAN_POINT('',(218.378064159022,28.4906542088807,2.49999999991971));
#3652=CARTESIAN_POINT('Origin',(236.,1.449063937415E-14,2.499999999999));
#3653=CARTESIAN_POINT('',(210.3959208202,-21.60280373832,0.));
#3654=CARTESIAN_POINT('',(218.3780641547,28.49065420561,0.));
#3655=CARTESIAN_POINT('Origin',(236.,4.707345624411E-13,2.750000003224));
#3656=CARTESIAN_POINT('',(210.7780715441,-21.28037418781,2.999999990824));
#3657=CARTESIAN_POINT('',(218.6410781343,28.06542057098,2.999999997499));
#3658=CARTESIAN_POINT('Origin',(207.8575054411,45.5,2.749999993824));
#3659=CARTESIAN_POINT('',(207.857505304118,25.5000000013976,2.49999999885935));
#3660=CARTESIAN_POINT('Origin',(207.8575054411,45.5,2.5));
#3661=CARTESIAN_POINT('',(207.8575052524,25.00000000296,2.999999997043));
#3662=CARTESIAN_POINT('Origin',(187.6536264547,25.25,2.75));
#3663=CARTESIAN_POINT('',(207.857505303,25.50000000216,2.499999997837));
#3664=CARTESIAN_POINT('Origin',(190.1372195088,25.5,1.5));
#3665=CARTESIAN_POINT('',(207.8575054411,25.5,0.));
#3666=CARTESIAN_POINT('Origin',(207.8575054411,45.5,-41.74118817795));
#3667=CARTESIAN_POINT('Origin',(195.1099033995,-34.5,2.749999978288));
#3668=CARTESIAN_POINT('Origin',(195.1099033995,-34.5,2.5));
#3669=CARTESIAN_POINT('Origin',(195.1099033995,-34.5,-41.74118817795));
#3670=CARTESIAN_POINT('Origin',(236.,-29.5,-86.80794583997));
#3671=CARTESIAN_POINT('',(237.6,-29.5,1.1));
#3672=CARTESIAN_POINT('',(237.6,-29.5,-86.80794583997));
#3673=CARTESIAN_POINT('Origin',(236.,-29.5,1.1));
#3674=CARTESIAN_POINT('Origin',(236.,-29.5,1.8));
#3675=CARTESIAN_POINT('',(239.,-29.5,2.5));
#3676=CARTESIAN_POINT('',(238.3,-29.5,1.8));
#3677=CARTESIAN_POINT('Origin',(236.,-29.5,2.5));
#3678=CARTESIAN_POINT('Origin',(236.,-29.5,2.5));
#3679=CARTESIAN_POINT('',(239.25,-29.5,2.5));
#3680=CARTESIAN_POINT('Origin',(236.,-29.5,2.5));
#3681=CARTESIAN_POINT('Origin',(236.,-29.5,-86.80794583997));
#3682=CARTESIAN_POINT('',(239.25,-29.5,-86.80794583997));
#3683=CARTESIAN_POINT('Origin',(261.5477494116,-14.75,-86.80794583997));
#3684=CARTESIAN_POINT('',(263.1477494116,-14.75,1.1));
#3685=CARTESIAN_POINT('',(263.1477494116,-14.75,-86.80794583997));
#3686=CARTESIAN_POINT('Origin',(261.5477494116,-14.75,1.1));
#3687=CARTESIAN_POINT('Origin',(261.5477494116,-14.75,1.8));
#3688=CARTESIAN_POINT('',(264.5477494116,-14.75,2.5));
#3689=CARTESIAN_POINT('',(263.8477494116,-14.75,1.8));
#3690=CARTESIAN_POINT('Origin',(261.5477494116,-14.75,2.5));
#3691=CARTESIAN_POINT('Origin',(261.5477494116,-14.75,2.5));
#3692=CARTESIAN_POINT('',(264.7977494116,-14.75,2.5));
#3693=CARTESIAN_POINT('Origin',(261.5477494116,-14.75,2.5));
#3694=CARTESIAN_POINT('Origin',(261.5477494116,-14.75,-86.80794583997));
#3695=CARTESIAN_POINT('',(264.7977494116,-14.75,-86.80794583997));
#3696=CARTESIAN_POINT('Origin',(261.5477494116,14.75,-86.80794583997));
#3697=CARTESIAN_POINT('',(263.1477494116,14.75,1.1));
#3698=CARTESIAN_POINT('',(263.1477494116,14.75,-86.80794583997));
#3699=CARTESIAN_POINT('Origin',(261.5477494116,14.75,1.1));
#3700=CARTESIAN_POINT('Origin',(261.5477494116,14.75,1.8));
#3701=CARTESIAN_POINT('',(264.5477494116,14.75,2.5));
#3702=CARTESIAN_POINT('',(263.8477494116,14.75,1.8));
#3703=CARTESIAN_POINT('Origin',(261.5477494116,14.75,2.5));
#3704=CARTESIAN_POINT('Origin',(261.5477494116,14.75,2.5));
#3705=CARTESIAN_POINT('',(264.7977494116,14.75,2.5));
#3706=CARTESIAN_POINT('Origin',(261.5477494116,14.75,2.5));
#3707=CARTESIAN_POINT('Origin',(261.5477494116,14.75,-86.80794583997));
#3708=CARTESIAN_POINT('',(264.7977494116,14.75,-86.80794583997));
#3709=CARTESIAN_POINT('Origin',(236.,29.5,-86.80794583997));
#3710=CARTESIAN_POINT('',(237.6,29.5,1.1));
#3711=CARTESIAN_POINT('',(237.6,29.5,-86.80794583997));
#3712=CARTESIAN_POINT('Origin',(236.,29.5,1.1));
#3713=CARTESIAN_POINT('Origin',(236.,29.5,1.8));
#3714=CARTESIAN_POINT('',(239.,29.5,2.5));
#3715=CARTESIAN_POINT('',(238.3,29.5,1.8));
#3716=CARTESIAN_POINT('Origin',(236.,29.5,2.5));
#3717=CARTESIAN_POINT('Origin',(236.,29.5,2.5));
#3718=CARTESIAN_POINT('',(239.25,29.5,2.5));
#3719=CARTESIAN_POINT('Origin',(236.,29.5,2.5));
#3720=CARTESIAN_POINT('Origin',(236.,29.5,-86.80794583997));
#3721=CARTESIAN_POINT('',(239.25,29.5,-86.80794583997));
#3722=CARTESIAN_POINT('Origin',(210.4522505884,14.75,-86.80794583997));
#3723=CARTESIAN_POINT('',(212.0522505884,14.75,1.1));
#3724=CARTESIAN_POINT('',(212.0522505884,14.75,-86.80794583997));
#3725=CARTESIAN_POINT('Origin',(210.4522505884,14.75,1.1));
#3726=CARTESIAN_POINT('Origin',(210.4522505884,14.75,1.8));
#3727=CARTESIAN_POINT('',(213.4522505884,14.75,2.5));
#3728=CARTESIAN_POINT('',(212.7522505884,14.75,1.8));
#3729=CARTESIAN_POINT('Origin',(210.4522505884,14.75,2.5));
#3730=CARTESIAN_POINT('Origin',(210.4522505884,14.75,2.5));
#3731=CARTESIAN_POINT('',(213.7022505884,14.75,2.5));
#3732=CARTESIAN_POINT('Origin',(210.4522505884,14.75,2.5));
#3733=CARTESIAN_POINT('Origin',(210.4522505884,14.75,-86.80794583997));
#3734=CARTESIAN_POINT('',(213.7022505884,14.75,-86.80794583997));
#3735=CARTESIAN_POINT('Origin',(210.4522505884,-14.75,-86.80794583997));
#3736=CARTESIAN_POINT('',(212.0522505884,-14.75,1.1));
#3737=CARTESIAN_POINT('',(212.0522505884,-14.75,-86.80794583997));
#3738=CARTESIAN_POINT('Origin',(210.4522505884,-14.75,1.1));
#3739=CARTESIAN_POINT('Origin',(210.4522505884,-14.75,1.8));
#3740=CARTESIAN_POINT('',(213.4522505884,-14.75,2.5));
#3741=CARTESIAN_POINT('',(212.7522505884,-14.75,1.8));
#3742=CARTESIAN_POINT('Origin',(210.4522505884,-14.75,2.5));
#3743=CARTESIAN_POINT('Origin',(210.4522505884,-14.75,2.5));
#3744=CARTESIAN_POINT('',(213.7022505884,-14.75,2.5));
#3745=CARTESIAN_POINT('Origin',(210.4522505884,-14.75,2.5));
#3746=CARTESIAN_POINT('Origin',(210.4522505884,-14.75,-86.80794583997));
#3747=CARTESIAN_POINT('',(213.7022505884,-14.75,-86.80794583997));
#3748=CARTESIAN_POINT('Origin',(179.,-6.5,-79.62594583997));
#3749=CARTESIAN_POINT('',(180.6,-6.5,1.1));
#3750=CARTESIAN_POINT('',(180.6,-6.5,-79.62594583997));
#3751=CARTESIAN_POINT('Origin',(179.,-6.5,1.1));
#3752=CARTESIAN_POINT('Origin',(179.,-6.5,1.8));
#3753=CARTESIAN_POINT('',(182.,-6.5,2.5));
#3754=CARTESIAN_POINT('',(181.3,-6.5,1.8));
#3755=CARTESIAN_POINT('Origin',(179.,-6.5,2.5));
#3756=CARTESIAN_POINT('Origin',(179.,-6.5,2.5));
#3757=CARTESIAN_POINT('',(182.25,-6.5,2.49999999999999));
#3758=CARTESIAN_POINT('Origin',(179.,-6.5,2.5));
#3759=CARTESIAN_POINT('Origin',(179.,-6.5,-79.62594583997));
#3760=CARTESIAN_POINT('',(182.25,-6.5,-79.62594583997));
#3761=CARTESIAN_POINT('Origin',(179.,17.5,-79.62594583997));
#3762=CARTESIAN_POINT('',(180.6,17.5,1.1));
#3763=CARTESIAN_POINT('',(180.6,17.5,-79.62594583997));
#3764=CARTESIAN_POINT('Origin',(179.,17.5,1.1));
#3765=CARTESIAN_POINT('Origin',(179.,17.5,1.8));
#3766=CARTESIAN_POINT('',(182.,17.5,2.5));
#3767=CARTESIAN_POINT('',(181.3,17.5,1.8));
#3768=CARTESIAN_POINT('Origin',(179.,17.5,2.5));
#3769=CARTESIAN_POINT('Origin',(179.,17.5,2.5));
#3770=CARTESIAN_POINT('',(182.25,17.5,2.49999999999999));
#3771=CARTESIAN_POINT('Origin',(179.,17.5,2.5));
#3772=CARTESIAN_POINT('Origin',(179.,17.5,-79.62594583997));
#3773=CARTESIAN_POINT('',(182.25,17.5,-79.62594583997));
#3774=CARTESIAN_POINT('Origin',(195.3507606837,5.35157388102,3.));
#3775=CARTESIAN_POINT('',(198.8507606837,5.35157388102,3.));
#3776=CARTESIAN_POINT('Origin',(0.,1.449063325091E-14,1.5));
#3777=CARTESIAN_POINT('',(-13.6971321526963,17.8504501565527,1.5));
#3778=CARTESIAN_POINT('Origin',(236.,1.449063937415E-14,1.5));
#3779=CARTESIAN_POINT('',(222.302867847304,17.8504501565527,1.5));
#3780=CARTESIAN_POINT('Origin',(0.,29.5,-86.80794583997));
#3781=CARTESIAN_POINT('',(1.6,29.5,1.1));
#3782=CARTESIAN_POINT('',(1.6,29.5,-86.80794583997));
#3783=CARTESIAN_POINT('Origin',(0.,29.5,1.1));
#3784=CARTESIAN_POINT('Origin',(0.,29.5,1.8));
#3785=CARTESIAN_POINT('',(3.,29.5,2.5));
#3786=CARTESIAN_POINT('',(2.3,29.5,1.8));
#3787=CARTESIAN_POINT('Origin',(0.,29.5,2.5));
#3788=CARTESIAN_POINT('Origin',(0.,29.5,2.5));
#3789=CARTESIAN_POINT('',(3.25,29.5,2.5));
#3790=CARTESIAN_POINT('Origin',(0.,29.5,2.5));
#3791=CARTESIAN_POINT('Origin',(0.,29.5,-86.80794583997));
#3792=CARTESIAN_POINT('',(3.25,29.5,-86.80794583997));
#3793=CARTESIAN_POINT('Origin',(25.54774941164,14.75,-86.80794583997));
#3794=CARTESIAN_POINT('',(27.14774941164,14.75,1.1));
#3795=CARTESIAN_POINT('',(27.14774941164,14.75,-86.80794583997));
#3796=CARTESIAN_POINT('Origin',(25.54774941164,14.75,1.1));
#3797=CARTESIAN_POINT('Origin',(25.54774941164,14.75,1.8));
#3798=CARTESIAN_POINT('',(28.54774941164,14.75,2.5));
#3799=CARTESIAN_POINT('',(27.84774941164,14.75,1.8));
#3800=CARTESIAN_POINT('Origin',(25.54774941164,14.75,2.5));
#3801=CARTESIAN_POINT('Origin',(25.54774941164,14.75,2.5));
#3802=CARTESIAN_POINT('',(28.79774941164,14.75,2.5));
#3803=CARTESIAN_POINT('Origin',(25.54774941164,14.75,2.5));
#3804=CARTESIAN_POINT('Origin',(25.54774941164,14.75,-86.80794583997));
#3805=CARTESIAN_POINT('',(28.79774941164,14.75,-86.80794583997));
#3806=CARTESIAN_POINT('Origin',(-25.54774941164,14.75,-86.80794583997));
#3807=CARTESIAN_POINT('',(-23.94774941164,14.75,1.1));
#3808=CARTESIAN_POINT('',(-23.94774941164,14.75,-86.80794583997));
#3809=CARTESIAN_POINT('Origin',(-25.54774941164,14.75,1.1));
#3810=CARTESIAN_POINT('Origin',(-25.54774941164,14.75,1.8));
#3811=CARTESIAN_POINT('',(-22.54774941164,14.75,2.5));
#3812=CARTESIAN_POINT('',(-23.24774941164,14.75,1.8));
#3813=CARTESIAN_POINT('Origin',(-25.54774941164,14.75,2.5));
#3814=CARTESIAN_POINT('Origin',(-25.54774941164,14.75,2.5));
#3815=CARTESIAN_POINT('',(-22.29774941164,14.75,2.5));
#3816=CARTESIAN_POINT('Origin',(-25.54774941164,14.75,2.5));
#3817=CARTESIAN_POINT('Origin',(-25.54774941164,14.75,-86.80794583997));
#3818=CARTESIAN_POINT('',(-22.29774941164,14.75,-86.80794583997));
#3819=CARTESIAN_POINT('Origin',(-25.54774941164,-14.75,-86.80794583997));
#3820=CARTESIAN_POINT('',(-23.94774941164,-14.75,1.1));
#3821=CARTESIAN_POINT('',(-23.94774941164,-14.75,-86.80794583997));
#3822=CARTESIAN_POINT('Origin',(-25.54774941164,-14.75,1.1));
#3823=CARTESIAN_POINT('Origin',(-25.54774941164,-14.75,1.8));
#3824=CARTESIAN_POINT('',(-22.54774941164,-14.75,2.5));
#3825=CARTESIAN_POINT('',(-23.24774941164,-14.75,1.8));
#3826=CARTESIAN_POINT('Origin',(-25.54774941164,-14.75,2.5));
#3827=CARTESIAN_POINT('Origin',(-25.54774941164,-14.75,2.5));
#3828=CARTESIAN_POINT('',(-22.29774941164,-14.75,2.5));
#3829=CARTESIAN_POINT('Origin',(-25.54774941164,-14.75,2.5));
#3830=CARTESIAN_POINT('Origin',(-25.54774941164,-14.75,-86.80794583997));
#3831=CARTESIAN_POINT('',(-22.29774941164,-14.75,-86.80794583997));
#3832=CARTESIAN_POINT('Origin',(0.,-29.5,-86.80794583997));
#3833=CARTESIAN_POINT('',(1.6,-29.5,1.1));
#3834=CARTESIAN_POINT('',(1.6,-29.5,-86.80794583997));
#3835=CARTESIAN_POINT('Origin',(0.,-29.5,1.1));
#3836=CARTESIAN_POINT('Origin',(0.,-29.5,1.8));
#3837=CARTESIAN_POINT('',(3.,-29.5,2.5));
#3838=CARTESIAN_POINT('',(2.3,-29.5,1.8));
#3839=CARTESIAN_POINT('Origin',(0.,-29.5,2.5));
#3840=CARTESIAN_POINT('Origin',(0.,-29.5,2.5));
#3841=CARTESIAN_POINT('',(3.25,-29.5,2.5));
#3842=CARTESIAN_POINT('Origin',(0.,-29.5,2.5));
#3843=CARTESIAN_POINT('Origin',(0.,-29.5,-86.80794583997));
#3844=CARTESIAN_POINT('',(3.25,-29.5,-86.80794583997));
#3845=CARTESIAN_POINT('Origin',(25.54774941164,-14.75,-86.80794583997));
#3846=CARTESIAN_POINT('',(27.14774941164,-14.75,1.1));
#3847=CARTESIAN_POINT('',(27.14774941164,-14.75,-86.80794583997));
#3848=CARTESIAN_POINT('Origin',(25.54774941164,-14.75,1.1));
#3849=CARTESIAN_POINT('Origin',(25.54774941164,-14.75,1.8));
#3850=CARTESIAN_POINT('',(28.54774941164,-14.75,2.5));
#3851=CARTESIAN_POINT('',(27.84774941164,-14.75,1.8));
#3852=CARTESIAN_POINT('Origin',(25.54774941164,-14.75,2.5));
#3853=CARTESIAN_POINT('Origin',(25.54774941164,-14.75,2.5));
#3854=CARTESIAN_POINT('',(28.79774941164,-14.75,2.5));
#3855=CARTESIAN_POINT('Origin',(25.54774941164,-14.75,2.5));
#3856=CARTESIAN_POINT('Origin',(25.54774941164,-14.75,-86.80794583997));
#3857=CARTESIAN_POINT('',(28.79774941164,-14.75,-86.80794583997));
#3858=CARTESIAN_POINT('Origin',(57.,17.5,-79.62594583997));
#3859=CARTESIAN_POINT('',(58.6,17.5,1.1));
#3860=CARTESIAN_POINT('',(58.6,17.5,-79.62594583997));
#3861=CARTESIAN_POINT('Origin',(57.,17.5,1.1));
#3862=CARTESIAN_POINT('Origin',(57.,17.5,1.8));
#3863=CARTESIAN_POINT('',(60.,17.5,2.5));
#3864=CARTESIAN_POINT('',(59.3,17.5,1.8));
#3865=CARTESIAN_POINT('Origin',(57.,17.5,2.5));
#3866=CARTESIAN_POINT('Origin',(57.,17.5,2.5));
#3867=CARTESIAN_POINT('',(60.25,17.5,2.49999999999999));
#3868=CARTESIAN_POINT('Origin',(57.,17.5,2.5));
#3869=CARTESIAN_POINT('Origin',(57.,17.5,-79.62594583997));
#3870=CARTESIAN_POINT('',(60.25,17.5,-79.62594583997));
#3871=CARTESIAN_POINT('Origin',(57.,-6.5,-79.62594583997));
#3872=CARTESIAN_POINT('',(58.6,-6.5,1.1));
#3873=CARTESIAN_POINT('',(58.6,-6.5,-79.62594583997));
#3874=CARTESIAN_POINT('Origin',(57.,-6.5,1.1));
#3875=CARTESIAN_POINT('Origin',(57.,-6.5,1.8));
#3876=CARTESIAN_POINT('',(60.,-6.5,2.5));
#3877=CARTESIAN_POINT('',(59.3,-6.5,1.8));
#3878=CARTESIAN_POINT('Origin',(57.,-6.5,2.5));
#3879=CARTESIAN_POINT('Origin',(57.,-6.5,2.5));
#3880=CARTESIAN_POINT('',(60.25,-6.5,2.49999999999999));
#3881=CARTESIAN_POINT('Origin',(57.,-6.5,2.5));
#3882=CARTESIAN_POINT('Origin',(57.,-6.5,-79.62594583997));
#3883=CARTESIAN_POINT('',(60.25,-6.5,-79.62594583997));
#3884=CARTESIAN_POINT('Origin',(40.64923931632,5.35157388102,3.));
#3885=CARTESIAN_POINT('',(44.14923931632,5.35157388102,3.));
#3886=CARTESIAN_POINT('Origin',(143.,18.5,67.62594583997));
#3887=CARTESIAN_POINT('',(141.4,18.5,-13.1));
#3888=CARTESIAN_POINT('',(141.4,18.5,67.62594583997));
#3889=CARTESIAN_POINT('Origin',(143.,18.5,-13.1));
#3890=CARTESIAN_POINT('Origin',(143.,18.5,-13.8));
#3891=CARTESIAN_POINT('',(140.,18.5,-14.5));
#3892=CARTESIAN_POINT('',(140.7,18.5,-13.8));
#3893=CARTESIAN_POINT('Origin',(143.,18.5,-14.5));
#3894=CARTESIAN_POINT('Origin',(143.,18.5,-14.5));
#3895=CARTESIAN_POINT('',(139.75,18.5,-14.5));
#3896=CARTESIAN_POINT('Origin',(143.,18.5,-14.5));
#3897=CARTESIAN_POINT('Origin',(143.,18.5,67.62594583997));
#3898=CARTESIAN_POINT('',(139.75,18.5,67.62594583997));
#3899=CARTESIAN_POINT('Origin',(118.,-7.5,67.62594583997));
#3900=CARTESIAN_POINT('',(116.4,-7.5,-13.1));
#3901=CARTESIAN_POINT('',(116.4,-7.5,67.62594583997));
#3902=CARTESIAN_POINT('Origin',(118.,-7.5,-13.1));
#3903=CARTESIAN_POINT('Origin',(118.,-7.5,-13.8));
#3904=CARTESIAN_POINT('',(115.,-7.5,-14.5));
#3905=CARTESIAN_POINT('',(115.7,-7.5,-13.8));
#3906=CARTESIAN_POINT('Origin',(118.,-7.5,-14.5));
#3907=CARTESIAN_POINT('Origin',(118.,-7.5,-14.5));
#3908=CARTESIAN_POINT('',(114.75,-7.5,-14.5));
#3909=CARTESIAN_POINT('Origin',(118.,-7.5,-14.5));
#3910=CARTESIAN_POINT('Origin',(118.,-7.5,67.62594583997));
#3911=CARTESIAN_POINT('',(114.75,-7.5,67.62594583997));
#3912=CARTESIAN_POINT('Origin',(93.,18.5,67.62594583997));
#3913=CARTESIAN_POINT('',(91.4,18.5,-13.1));
#3914=CARTESIAN_POINT('',(91.4,18.5,67.62594583997));
#3915=CARTESIAN_POINT('Origin',(93.,18.5,-13.1));
#3916=CARTESIAN_POINT('Origin',(93.,18.5,-13.8));
#3917=CARTESIAN_POINT('',(90.,18.5,-14.5));
#3918=CARTESIAN_POINT('',(90.7,18.5,-13.8));
#3919=CARTESIAN_POINT('Origin',(93.,18.5,-14.5));
#3920=CARTESIAN_POINT('Origin',(93.,18.5,-14.5));
#3921=CARTESIAN_POINT('',(89.75,18.5,-14.5));
#3922=CARTESIAN_POINT('Origin',(93.,18.5,-14.5));
#3923=CARTESIAN_POINT('Origin',(93.,18.5,67.62594583997));
#3924=CARTESIAN_POINT('',(89.75,18.5,67.62594583997));
#3925=UNCERTAINTY_MEASURE_WITH_UNIT(LENGTH_MEASURE(0.01),#3929,
'DISTANCE_ACCURACY_VALUE',
'Maximum model space distance between geometric entities at asserted c
onnectivities');
#3926=UNCERTAINTY_MEASURE_WITH_UNIT(LENGTH_MEASURE(0.01),#3929,
'DISTANCE_ACCURACY_VALUE',
'Maximum model space distance between geometric entities at asserted c
onnectivities');
#3927=(
GEOMETRIC_REPRESENTATION_CONTEXT(3)
GLOBAL_UNCERTAINTY_ASSIGNED_CONTEXT((#3925))
GLOBAL_UNIT_ASSIGNED_CONTEXT((#3929,#3931,#3932))
REPRESENTATION_CONTEXT('','3D')
);
#3928=(
GEOMETRIC_REPRESENTATION_CONTEXT(3)
GLOBAL_UNCERTAINTY_ASSIGNED_CONTEXT((#3926))
GLOBAL_UNIT_ASSIGNED_CONTEXT((#3929,#3931,#3932))
REPRESENTATION_CONTEXT('','3D')
);
#3929=(
LENGTH_UNIT()
NAMED_UNIT(*)
SI_UNIT(.MILLI.,.METRE.)
);
#3930=(
LENGTH_UNIT()
NAMED_UNIT(*)
SI_UNIT($,.METRE.)
);
#3931=(
NAMED_UNIT(*)
PLANE_ANGLE_UNIT()
SI_UNIT($,.RADIAN.)
);
#3932=(
NAMED_UNIT(*)
SI_UNIT($,.STERADIAN.)
SOLID_ANGLE_UNIT()
);
#3933=SHAPE_DEFINITION_REPRESENTATION(#3934,#3935);
#3934=PRODUCT_DEFINITION_SHAPE('',$,#3937);
#3935=SHAPE_REPRESENTATION('',(#2272),#3927);
#3936=PRODUCT_DEFINITION_CONTEXT('part definition',#3941,'design');
#3937=PRODUCT_DEFINITION('2026-07-09-11-08-52-824','2-LINK-2_3',#3938,#3936);
#3938=PRODUCT_DEFINITION_FORMATION('',$,#3943);
#3939=PRODUCT_RELATED_PRODUCT_CATEGORY('2-LINK-2_3','2-LINK-2_3',(#3943));
#3940=APPLICATION_PROTOCOL_DEFINITION('international standard',
'automotive_design',2009,#3941);
#3941=APPLICATION_CONTEXT(
'Core Data for Automotive Mechanical Design Process');
#3942=PRODUCT_CONTEXT('part definition',#3941,'mechanical');
#3943=PRODUCT('2026-07-09-11-08-52-824','2-LINK-2_3','NOT SPECIFIED',(#3942));
#3944=PRESENTATION_STYLE_ASSIGNMENT((#3945));
#3945=SURFACE_STYLE_USAGE(.BOTH.,#3946);
#3946=SURFACE_SIDE_STYLE('',(#3947));
#3947=SURFACE_STYLE_FILL_AREA(#3948);
#3948=FILL_AREA_STYLE('\X2\94A2\X0\ - \X2\7F0E5149\X0\',(#3949));
#3949=FILL_AREA_STYLE_COLOUR('\X2\94A2\X0\ - \X2\7F0E5149\X0\',#3950);
#3950=COLOUR_RGB('\X2\94A2\X0\ - \X2\7F0E5149\X0\',0.627450980392157,0.627450980392157,
0.627450980392157);
ENDSEC;
END-ISO-10303-21;
