ISO-10303-21;
HEADER;
/* Generated by software containing ST-Developer
 * from STEP Tools, Inc. (www.steptools.com) 
 */

FILE_DESCRIPTION(
/* description */ ('NOT SPECIFIED'),
/* implementation_level */ '2;1');

FILE_NAME(
/* name */ '2-LINK-3_4-R.step',
/* time_stamp */ '2026-07-09T11:09:12+08:00',
/* author */ (''),
/* organization */ (''),
/* preprocessor_version */ 'ST-DEVELOPER v20.1',
/* originating_system */ 'Autodesk Translation Framework v15.8.0.0',
/* authorisation */ '');

FILE_SCHEMA (('AUTOMOTIVE_DESIGN { 1 0 10303 214 3 1 1 }'));
ENDSEC;

DATA;
#10=MECHANICAL_DESIGN_GEOMETRIC_PRESENTATION_REPRESENTATION('',(#13),#5278);
#11=SHAPE_REPRESENTATION_RELATIONSHIP('SRR','None',#5285,#12);
#12=ADVANCED_BREP_SHAPE_REPRESENTATION('',(#14),#5277);
#13=STYLED_ITEM('',(#5294),#14);
#14=MANIFOLD_SOLID_BREP('\X2\5B9E4F53\X0\1',#3002);
#15=B_SPLINE_CURVE_WITH_KNOTS('',3,(#4995,#4996,#4997,#4998,#4999,#5000,
#5001,#5002,#5003,#5004),.UNSPECIFIED.,.F.,.F.,(4,2,2,2,4),(0.507871018645554,
0.572007089539242,0.644710420731208,0.717413751923173,0.781549822816559),
 .UNSPECIFIED.);
#16=B_SPLINE_CURVE_WITH_KNOTS('',3,(#5008,#5009,#5010,#5011,#5012,#5013,
#5014,#5015,#5016,#5017),.UNSPECIFIED.,.F.,.F.,(4,2,2,2,4),(0.507871018645836,
0.572007089539242,0.644710420731208,0.717413751923173,0.78154982281712),
 .UNSPECIFIED.);
#17=B_SPLINE_CURVE_WITH_KNOTS('',3,(#5021,#5022,#5023,#5024,#5025,#5026,
#5027,#5028,#5029,#5030),.UNSPECIFIED.,.F.,.F.,(4,2,2,2,4),(0.507871018644993,
0.572007089539239,0.644710420731204,0.717413751923169,0.781549822817572),
 .UNSPECIFIED.);
#18=B_SPLINE_CURVE_WITH_KNOTS('',3,(#5034,#5035,#5036,#5037,#5038,#5039,
#5040,#5041,#5042,#5043),.UNSPECIFIED.,.F.,.F.,(4,2,2,2,4),(0.507871018645222,
0.572007089539239,0.644710420731204,0.71741375192317,0.781549822816669),
 .UNSPECIFIED.);
#19=B_SPLINE_CURVE_WITH_KNOTS('',3,(#5047,#5048,#5049,#5050,#5051,#5052,
#5053,#5054,#5055,#5056),.UNSPECIFIED.,.F.,.F.,(4,2,2,2,4),(0.507871018645842,
0.572007089539241,0.644710420731206,0.717413751923171,0.781549822816229),
 .UNSPECIFIED.);
#20=CONICAL_SURFACE('',#3033,0.7499999946097,0.785398163397448);
#21=CONICAL_SURFACE('',#3042,3.249999997268,0.785398163397448);
#22=CONICAL_SURFACE('',#3050,3.249999997268,0.785398163397448);
#23=CONICAL_SURFACE('',#3102,9.749999949884,0.785398163397448);
#24=CONICAL_SURFACE('',#3104,2.249999968182,0.785398163397448);
#25=CONICAL_SURFACE('',#3106,24.74999999768,0.785398163397448);
#26=CONICAL_SURFACE('',#3108,2.249999968182,0.785398163397448);
#27=CONICAL_SURFACE('',#3118,10.24999992219,0.785398163397448);
#28=CONICAL_SURFACE('',#3123,1.74999999759,0.785398163397448);
#29=CONICAL_SURFACE('',#3128,4.749999970487,0.785398163397448);
#30=CONICAL_SURFACE('',#3133,2.3,0.785398163397448);
#31=CONICAL_SURFACE('',#3141,2.3,0.785398163397448);
#32=CONICAL_SURFACE('',#3149,2.3,0.785398163397448);
#33=CONICAL_SURFACE('',#3157,2.3,0.785398163397448);
#34=CONICAL_SURFACE('',#3165,1.405,0.785398163397448);
#35=CONICAL_SURFACE('',#3169,1.405,0.785398163397448);
#36=CONICAL_SURFACE('',#3173,1.405,0.785398163397448);
#37=CONICAL_SURFACE('',#3177,1.405,0.785398163397448);
#38=CONICAL_SURFACE('',#3181,2.3,0.785398163397448);
#39=CONICAL_SURFACE('',#3189,2.3,0.785398163397448);
#40=CONICAL_SURFACE('',#3197,2.3,0.785398163397448);
#41=CONICAL_SURFACE('',#3204,2.999999954793,0.785398163397448);
#42=CONICAL_SURFACE('',#3207,2.999999994666,0.785398163397448);
#43=CONICAL_SURFACE('',#3210,2.9999999762,0.785398163397448);
#44=CONICAL_SURFACE('',#3213,2.999999986686,0.785398163397448);
#45=CONICAL_SURFACE('',#3226,0.7499999941107,0.785398163397448);
#46=CONICAL_SURFACE('',#3232,0.7499999946097,0.785398163397448);
#47=CONICAL_SURFACE('',#3236,0.7499999941107,0.785398163397448);
#48=CONICAL_SURFACE('',#3250,3.249999997268,0.785398163397448);
#49=CONICAL_SURFACE('',#3254,3.249999997268,0.785398163397448);
#50=CONICAL_SURFACE('',#3274,28.25016752972,0.785398163397448);
#51=CONICAL_SURFACE('',#3281,10.24999996426,0.785398163397448);
#52=CONICAL_SURFACE('',#3304,2.3,0.785398163397448);
#53=CONICAL_SURFACE('',#3315,10.24999999856,0.785398163397448);
#54=CONICAL_SURFACE('',#3320,2.3,0.785398163397448);
#55=CONICAL_SURFACE('',#3328,2.3,0.785398163397448);
#56=CONICAL_SURFACE('',#3336,2.3,0.785398163397448);
#57=CONICAL_SURFACE('',#3344,2.3,0.785398163397448);
#58=CONICAL_SURFACE('',#3353,2.3,0.785398163397448);
#59=CONICAL_SURFACE('',#3361,2.3,0.785398163397448);
#60=CONICAL_SURFACE('',#3369,2.3,0.785398163397448);
#61=CONICAL_SURFACE('',#3376,2.3,0.785398163397448);
#62=CONICAL_SURFACE('',#3384,2.3,0.785398163397448);
#63=CONICAL_SURFACE('',#3392,2.3,0.785398163397448);
#64=FACE_BOUND('',#572,.T.);
#65=FACE_BOUND('',#573,.T.);
#66=FACE_BOUND('',#574,.T.);
#67=FACE_BOUND('',#578,.T.);
#68=FACE_BOUND('',#579,.T.);
#69=FACE_BOUND('',#580,.T.);
#70=FACE_BOUND('',#595,.T.);
#71=FACE_BOUND('',#596,.T.);
#72=FACE_BOUND('',#597,.T.);
#73=FACE_BOUND('',#598,.T.);
#74=FACE_BOUND('',#599,.T.);
#75=FACE_BOUND('',#600,.T.);
#76=FACE_BOUND('',#601,.T.);
#77=FACE_BOUND('',#602,.T.);
#78=FACE_BOUND('',#603,.T.);
#79=FACE_BOUND('',#604,.T.);
#80=FACE_BOUND('',#605,.T.);
#81=FACE_BOUND('',#606,.T.);
#82=FACE_BOUND('',#610,.T.);
#83=FACE_BOUND('',#611,.T.);
#84=FACE_BOUND('',#612,.T.);
#85=FACE_BOUND('',#613,.T.);
#86=FACE_BOUND('',#614,.T.);
#87=FACE_BOUND('',#615,.T.);
#88=FACE_BOUND('',#616,.T.);
#89=FACE_BOUND('',#617,.T.);
#90=FACE_BOUND('',#618,.T.);
#91=FACE_BOUND('',#619,.T.);
#92=FACE_BOUND('',#620,.T.);
#93=FACE_BOUND('',#621,.T.);
#94=FACE_BOUND('',#648,.T.);
#95=FACE_BOUND('',#653,.T.);
#96=FACE_BOUND('',#658,.T.);
#97=FACE_BOUND('',#663,.T.);
#98=FACE_BOUND('',#676,.T.);
#99=FACE_BOUND('',#681,.T.);
#100=FACE_BOUND('',#686,.T.);
#101=FACE_BOUND('',#729,.T.);
#102=FACE_BOUND('',#730,.T.);
#103=FACE_BOUND('',#731,.T.);
#104=FACE_BOUND('',#732,.T.);
#105=FACE_BOUND('',#733,.T.);
#106=FACE_BOUND('',#734,.T.);
#107=FACE_BOUND('',#735,.T.);
#108=FACE_BOUND('',#736,.T.);
#109=FACE_BOUND('',#737,.T.);
#110=FACE_BOUND('',#742,.T.);
#111=FACE_BOUND('',#743,.T.);
#112=FACE_BOUND('',#744,.T.);
#113=FACE_BOUND('',#745,.T.);
#114=FACE_BOUND('',#748,.T.);
#115=FACE_BOUND('',#760,.T.);
#116=FACE_BOUND('',#765,.T.);
#117=FACE_BOUND('',#770,.T.);
#118=FACE_BOUND('',#775,.T.);
#119=FACE_BOUND('',#781,.T.);
#120=FACE_BOUND('',#786,.T.);
#121=FACE_BOUND('',#791,.T.);
#122=FACE_BOUND('',#797,.T.);
#123=FACE_BOUND('',#802,.T.);
#124=FACE_BOUND('',#807,.T.);
#125=CIRCLE('',#3018,3.5);
#126=CIRCLE('',#3019,3.5);
#127=CIRCLE('',#3021,3.25);
#128=CIRCLE('',#3022,3.25);
#129=CIRCLE('',#3023,3.25);
#130=CIRCLE('',#3027,1.6);
#131=CIRCLE('',#3028,1.6);
#132=CIRCLE('',#3029,1.6);
#133=CIRCLE('',#3031,0.5);
#134=CIRCLE('',#3032,0.5);
#135=CIRCLE('',#3034,1.);
#136=CIRCLE('',#3040,3.5);
#137=CIRCLE('',#3041,3.5);
#138=CIRCLE('',#3043,3.);
#139=CIRCLE('',#3045,0.5);
#140=CIRCLE('',#3047,0.5);
#141=CIRCLE('',#3049,3.);
#142=CIRCLE('',#3053,4.5);
#143=CIRCLE('',#3054,1.5);
#144=CIRCLE('',#3055,10.5);
#145=CIRCLE('',#3056,9.5);
#146=CIRCLE('',#3057,2.5);
#147=CIRCLE('',#3058,24.5);
#148=CIRCLE('',#3059,2.5);
#149=CIRCLE('',#3060,3.25);
#150=CIRCLE('',#3061,3.25);
#151=CIRCLE('',#3062,3.25);
#152=CIRCLE('',#3063,3.25);
#153=CIRCLE('',#3064,1.56);
#154=CIRCLE('',#3065,1.56);
#155=CIRCLE('',#3066,1.56);
#156=CIRCLE('',#3067,1.56);
#157=CIRCLE('',#3068,3.25);
#158=CIRCLE('',#3069,3.25);
#159=CIRCLE('',#3070,3.25);
#160=CIRCLE('',#3071,3.5);
#161=CIRCLE('',#3072,3.5);
#162=CIRCLE('',#3073,3.5);
#163=CIRCLE('',#3074,3.5);
#164=CIRCLE('',#3078,10.);
#165=CIRCLE('',#3079,10.);
#166=CIRCLE('',#3080,2.);
#167=CIRCLE('',#3081,5.);
#168=CIRCLE('',#3082,2.);
#169=CIRCLE('',#3083,25.);
#170=CIRCLE('',#3084,2.);
#171=CIRCLE('',#3085,1.6);
#172=CIRCLE('',#3086,1.6);
#173=CIRCLE('',#3087,1.6);
#174=CIRCLE('',#3088,1.6);
#175=CIRCLE('',#3089,1.25);
#176=CIRCLE('',#3090,1.25);
#177=CIRCLE('',#3091,1.25);
#178=CIRCLE('',#3092,1.25);
#179=CIRCLE('',#3093,1.6);
#180=CIRCLE('',#3094,1.6);
#181=CIRCLE('',#3095,1.6);
#182=CIRCLE('',#3096,2.5);
#183=CIRCLE('',#3097,2.5);
#184=CIRCLE('',#3098,2.5);
#185=CIRCLE('',#3099,2.5);
#186=CIRCLE('',#3101,10.);
#187=CIRCLE('',#3105,2.);
#188=CIRCLE('',#3107,25.);
#189=CIRCLE('',#3109,2.);
#190=CIRCLE('',#3117,10.);
#191=CIRCLE('',#3122,2.);
#192=CIRCLE('',#3127,5.);
#193=CIRCLE('',#3131,1.6);
#194=CIRCLE('',#3132,1.6);
#195=CIRCLE('',#3134,3.);
#196=CIRCLE('',#3136,3.25);
#197=CIRCLE('',#3139,1.6);
#198=CIRCLE('',#3140,1.6);
#199=CIRCLE('',#3142,3.);
#200=CIRCLE('',#3144,3.25);
#201=CIRCLE('',#3147,1.6);
#202=CIRCLE('',#3148,1.6);
#203=CIRCLE('',#3150,3.);
#204=CIRCLE('',#3152,3.25);
#205=CIRCLE('',#3155,1.6);
#206=CIRCLE('',#3156,1.6);
#207=CIRCLE('',#3158,3.);
#208=CIRCLE('',#3160,3.25);
#209=CIRCLE('',#3163,1.25);
#210=CIRCLE('',#3164,1.25);
#211=CIRCLE('',#3167,1.25);
#212=CIRCLE('',#3168,1.25);
#213=CIRCLE('',#3171,1.25);
#214=CIRCLE('',#3172,1.25);
#215=CIRCLE('',#3175,1.25);
#216=CIRCLE('',#3176,1.25);
#217=CIRCLE('',#3179,1.6);
#218=CIRCLE('',#3180,1.6);
#219=CIRCLE('',#3182,3.);
#220=CIRCLE('',#3184,3.25);
#221=CIRCLE('',#3187,1.6);
#222=CIRCLE('',#3188,1.6);
#223=CIRCLE('',#3190,3.);
#224=CIRCLE('',#3192,3.25);
#225=CIRCLE('',#3195,1.6);
#226=CIRCLE('',#3196,1.6);
#227=CIRCLE('',#3198,3.);
#228=CIRCLE('',#3200,3.25);
#229=CIRCLE('',#3205,2.5);
#230=CIRCLE('',#3208,2.5);
#231=CIRCLE('',#3211,2.5);
#232=CIRCLE('',#3214,2.5);
#233=CIRCLE('',#3225,1.);
#234=CIRCLE('',#3230,1.);
#235=CIRCLE('',#3231,3.5);
#236=CIRCLE('',#3233,0.5);
#237=CIRCLE('',#3235,0.5);
#238=CIRCLE('',#3237,1.);
#239=CIRCLE('',#3244,3.5);
#240=CIRCLE('',#3248,3.);
#241=CIRCLE('',#3249,0.5);
#242=CIRCLE('',#3251,3.5);
#243=CIRCLE('',#3253,3.5);
#244=CIRCLE('',#3255,3.);
#245=CIRCLE('',#3257,0.5);
#246=CIRCLE('',#3260,28.5);
#247=CIRCLE('',#3261,10.);
#248=CIRCLE('',#3262,10.);
#249=CIRCLE('',#3263,20.);
#250=CIRCLE('',#3264,1.6);
#251=CIRCLE('',#3265,1.6);
#252=CIRCLE('',#3266,1.6);
#253=CIRCLE('',#3267,1.6);
#254=CIRCLE('',#3268,1.6);
#255=CIRCLE('',#3269,1.6);
#256=CIRCLE('',#3270,1.6);
#257=CIRCLE('',#3271,1.6);
#258=CIRCLE('',#3273,28.5);
#259=CIRCLE('',#3275,28.00000000001);
#260=CIRCLE('',#3276,28.);
#261=CIRCLE('',#3277,28.);
#262=CIRCLE('',#3278,28.);
#263=CIRCLE('',#3279,28.);
#264=CIRCLE('',#3280,28.00000000001);
#265=CIRCLE('',#3282,10.5);
#266=CIRCLE('',#3283,10.);
#267=CIRCLE('',#3285,3.25);
#268=CIRCLE('',#3286,3.25);
#269=CIRCLE('',#3287,3.25);
#270=CIRCLE('',#3288,3.25);
#271=CIRCLE('',#3289,3.25);
#272=CIRCLE('',#3290,3.25);
#273=CIRCLE('',#3291,3.25);
#274=CIRCLE('',#3292,3.25);
#275=CIRCLE('',#3293,10.5);
#276=CIRCLE('',#3294,3.25);
#277=CIRCLE('',#3295,3.25);
#278=CIRCLE('',#3296,20.);
#279=CIRCLE('',#3297,3.25);
#280=CIRCLE('',#3298,3.25);
#281=CIRCLE('',#3299,3.25);
#282=CIRCLE('',#3301,3.25);
#283=CIRCLE('',#3303,3.);
#284=CIRCLE('',#3305,1.6);
#285=CIRCLE('',#3306,1.6);
#286=CIRCLE('',#3314,10.);
#287=CIRCLE('',#3317,3.25);
#288=CIRCLE('',#3319,3.);
#289=CIRCLE('',#3321,1.6);
#290=CIRCLE('',#3322,1.6);
#291=CIRCLE('',#3325,3.25);
#292=CIRCLE('',#3327,3.);
#293=CIRCLE('',#3329,1.6);
#294=CIRCLE('',#3330,1.6);
#295=CIRCLE('',#3333,3.25);
#296=CIRCLE('',#3335,3.);
#297=CIRCLE('',#3337,1.6);
#298=CIRCLE('',#3338,1.6);
#299=CIRCLE('',#3341,3.25);
#300=CIRCLE('',#3343,3.);
#301=CIRCLE('',#3345,1.6);
#302=CIRCLE('',#3346,1.6);
#303=CIRCLE('',#3350,3.25);
#304=CIRCLE('',#3352,3.);
#305=CIRCLE('',#3354,1.6);
#306=CIRCLE('',#3355,1.6);
#307=CIRCLE('',#3358,3.25);
#308=CIRCLE('',#3360,3.);
#309=CIRCLE('',#3362,1.6);
#310=CIRCLE('',#3363,1.6);
#311=CIRCLE('',#3366,3.25);
#312=CIRCLE('',#3368,3.);
#313=CIRCLE('',#3370,1.6);
#314=CIRCLE('',#3371,1.6);
#315=CIRCLE('',#3374,1.6);
#316=CIRCLE('',#3375,1.6);
#317=CIRCLE('',#3377,3.);
#318=CIRCLE('',#3379,3.25);
#319=CIRCLE('',#3382,1.6);
#320=CIRCLE('',#3383,1.6);
#321=CIRCLE('',#3385,3.);
#322=CIRCLE('',#3387,3.25);
#323=CIRCLE('',#3390,1.6);
#324=CIRCLE('',#3391,1.6);
#325=CIRCLE('',#3393,3.);
#326=CIRCLE('',#3395,3.25);
#327=CYLINDRICAL_SURFACE('',#3017,3.5);
#328=CYLINDRICAL_SURFACE('',#3030,0.5);
#329=CYLINDRICAL_SURFACE('',#3039,3.5);
#330=CYLINDRICAL_SURFACE('',#3046,0.5);
#331=CYLINDRICAL_SURFACE('',#3100,10.);
#332=CYLINDRICAL_SURFACE('',#3110,2.);
#333=CYLINDRICAL_SURFACE('',#3111,25.);
#334=CYLINDRICAL_SURFACE('',#3112,2.);
#335=CYLINDRICAL_SURFACE('',#3116,10.);
#336=CYLINDRICAL_SURFACE('',#3121,2.);
#337=CYLINDRICAL_SURFACE('',#3126,5.);
#338=CYLINDRICAL_SURFACE('',#3130,1.6);
#339=CYLINDRICAL_SURFACE('',#3137,3.25);
#340=CYLINDRICAL_SURFACE('',#3138,1.6);
#341=CYLINDRICAL_SURFACE('',#3145,3.25);
#342=CYLINDRICAL_SURFACE('',#3146,1.6);
#343=CYLINDRICAL_SURFACE('',#3153,3.25);
#344=CYLINDRICAL_SURFACE('',#3154,1.6);
#345=CYLINDRICAL_SURFACE('',#3161,3.25);
#346=CYLINDRICAL_SURFACE('',#3162,1.25);
#347=CYLINDRICAL_SURFACE('',#3166,1.25);
#348=CYLINDRICAL_SURFACE('',#3170,1.25);
#349=CYLINDRICAL_SURFACE('',#3174,1.25);
#350=CYLINDRICAL_SURFACE('',#3178,1.6);
#351=CYLINDRICAL_SURFACE('',#3185,3.25);
#352=CYLINDRICAL_SURFACE('',#3186,1.6);
#353=CYLINDRICAL_SURFACE('',#3193,3.25);
#354=CYLINDRICAL_SURFACE('',#3194,1.6);
#355=CYLINDRICAL_SURFACE('',#3201,3.25);
#356=CYLINDRICAL_SURFACE('',#3215,2.5);
#357=CYLINDRICAL_SURFACE('',#3217,2.5);
#358=CYLINDRICAL_SURFACE('',#3219,2.5);
#359=CYLINDRICAL_SURFACE('',#3221,2.5);
#360=CYLINDRICAL_SURFACE('',#3234,0.5);
#361=CYLINDRICAL_SURFACE('',#3243,3.5);
#362=CYLINDRICAL_SURFACE('',#3252,3.5);
#363=CYLINDRICAL_SURFACE('',#3258,0.5);
#364=CYLINDRICAL_SURFACE('',#3272,28.5);
#365=CYLINDRICAL_SURFACE('',#3300,3.25);
#366=CYLINDRICAL_SURFACE('',#3307,1.6);
#367=CYLINDRICAL_SURFACE('',#3310,10.);
#368=CYLINDRICAL_SURFACE('',#3313,10.);
#369=CYLINDRICAL_SURFACE('',#3316,3.25);
#370=CYLINDRICAL_SURFACE('',#3323,1.6);
#371=CYLINDRICAL_SURFACE('',#3324,3.25);
#372=CYLINDRICAL_SURFACE('',#3331,1.6);
#373=CYLINDRICAL_SURFACE('',#3332,3.25);
#374=CYLINDRICAL_SURFACE('',#3339,1.6);
#375=CYLINDRICAL_SURFACE('',#3340,3.25);
#376=CYLINDRICAL_SURFACE('',#3347,1.6);
#377=CYLINDRICAL_SURFACE('',#3348,20.);
#378=CYLINDRICAL_SURFACE('',#3349,3.25);
#379=CYLINDRICAL_SURFACE('',#3356,1.6);
#380=CYLINDRICAL_SURFACE('',#3357,3.25);
#381=CYLINDRICAL_SURFACE('',#3364,1.6);
#382=CYLINDRICAL_SURFACE('',#3365,3.25);
#383=CYLINDRICAL_SURFACE('',#3372,1.6);
#384=CYLINDRICAL_SURFACE('',#3373,1.6);
#385=CYLINDRICAL_SURFACE('',#3380,3.25);
#386=CYLINDRICAL_SURFACE('',#3381,1.6);
#387=CYLINDRICAL_SURFACE('',#3388,3.25);
#388=CYLINDRICAL_SURFACE('',#3389,1.6);
#389=CYLINDRICAL_SURFACE('',#3396,3.25);
#390=FACE_OUTER_BOUND('',#569,.T.);
#391=FACE_OUTER_BOUND('',#570,.T.);
#392=FACE_OUTER_BOUND('',#571,.T.);
#393=FACE_OUTER_BOUND('',#575,.T.);
#394=FACE_OUTER_BOUND('',#576,.T.);
#395=FACE_OUTER_BOUND('',#577,.T.);
#396=FACE_OUTER_BOUND('',#581,.T.);
#397=FACE_OUTER_BOUND('',#582,.T.);
#398=FACE_OUTER_BOUND('',#583,.T.);
#399=FACE_OUTER_BOUND('',#584,.T.);
#400=FACE_OUTER_BOUND('',#585,.T.);
#401=FACE_OUTER_BOUND('',#586,.T.);
#402=FACE_OUTER_BOUND('',#587,.T.);
#403=FACE_OUTER_BOUND('',#588,.T.);
#404=FACE_OUTER_BOUND('',#589,.T.);
#405=FACE_OUTER_BOUND('',#590,.T.);
#406=FACE_OUTER_BOUND('',#591,.T.);
#407=FACE_OUTER_BOUND('',#592,.T.);
#408=FACE_OUTER_BOUND('',#593,.T.);
#409=FACE_OUTER_BOUND('',#594,.T.);
#410=FACE_OUTER_BOUND('',#607,.T.);
#411=FACE_OUTER_BOUND('',#608,.T.);
#412=FACE_OUTER_BOUND('',#609,.T.);
#413=FACE_OUTER_BOUND('',#622,.T.);
#414=FACE_OUTER_BOUND('',#623,.T.);
#415=FACE_OUTER_BOUND('',#624,.T.);
#416=FACE_OUTER_BOUND('',#625,.T.);
#417=FACE_OUTER_BOUND('',#626,.T.);
#418=FACE_OUTER_BOUND('',#627,.T.);
#419=FACE_OUTER_BOUND('',#628,.T.);
#420=FACE_OUTER_BOUND('',#629,.T.);
#421=FACE_OUTER_BOUND('',#630,.T.);
#422=FACE_OUTER_BOUND('',#631,.T.);
#423=FACE_OUTER_BOUND('',#632,.T.);
#424=FACE_OUTER_BOUND('',#633,.T.);
#425=FACE_OUTER_BOUND('',#634,.T.);
#426=FACE_OUTER_BOUND('',#635,.T.);
#427=FACE_OUTER_BOUND('',#636,.T.);
#428=FACE_OUTER_BOUND('',#637,.T.);
#429=FACE_OUTER_BOUND('',#638,.T.);
#430=FACE_OUTER_BOUND('',#639,.T.);
#431=FACE_OUTER_BOUND('',#640,.T.);
#432=FACE_OUTER_BOUND('',#641,.T.);
#433=FACE_OUTER_BOUND('',#642,.T.);
#434=FACE_OUTER_BOUND('',#643,.T.);
#435=FACE_OUTER_BOUND('',#644,.T.);
#436=FACE_OUTER_BOUND('',#645,.T.);
#437=FACE_OUTER_BOUND('',#646,.T.);
#438=FACE_OUTER_BOUND('',#647,.T.);
#439=FACE_OUTER_BOUND('',#649,.T.);
#440=FACE_OUTER_BOUND('',#650,.T.);
#441=FACE_OUTER_BOUND('',#651,.T.);
#442=FACE_OUTER_BOUND('',#652,.T.);
#443=FACE_OUTER_BOUND('',#654,.T.);
#444=FACE_OUTER_BOUND('',#655,.T.);
#445=FACE_OUTER_BOUND('',#656,.T.);
#446=FACE_OUTER_BOUND('',#657,.T.);
#447=FACE_OUTER_BOUND('',#659,.T.);
#448=FACE_OUTER_BOUND('',#660,.T.);
#449=FACE_OUTER_BOUND('',#661,.T.);
#450=FACE_OUTER_BOUND('',#662,.T.);
#451=FACE_OUTER_BOUND('',#664,.T.);
#452=FACE_OUTER_BOUND('',#665,.T.);
#453=FACE_OUTER_BOUND('',#666,.T.);
#454=FACE_OUTER_BOUND('',#667,.T.);
#455=FACE_OUTER_BOUND('',#668,.T.);
#456=FACE_OUTER_BOUND('',#669,.T.);
#457=FACE_OUTER_BOUND('',#670,.T.);
#458=FACE_OUTER_BOUND('',#671,.T.);
#459=FACE_OUTER_BOUND('',#672,.T.);
#460=FACE_OUTER_BOUND('',#673,.T.);
#461=FACE_OUTER_BOUND('',#674,.T.);
#462=FACE_OUTER_BOUND('',#675,.T.);
#463=FACE_OUTER_BOUND('',#677,.T.);
#464=FACE_OUTER_BOUND('',#678,.T.);
#465=FACE_OUTER_BOUND('',#679,.T.);
#466=FACE_OUTER_BOUND('',#680,.T.);
#467=FACE_OUTER_BOUND('',#682,.T.);
#468=FACE_OUTER_BOUND('',#683,.T.);
#469=FACE_OUTER_BOUND('',#684,.T.);
#470=FACE_OUTER_BOUND('',#685,.T.);
#471=FACE_OUTER_BOUND('',#687,.T.);
#472=FACE_OUTER_BOUND('',#688,.T.);
#473=FACE_OUTER_BOUND('',#689,.T.);
#474=FACE_OUTER_BOUND('',#690,.T.);
#475=FACE_OUTER_BOUND('',#691,.T.);
#476=FACE_OUTER_BOUND('',#692,.T.);
#477=FACE_OUTER_BOUND('',#693,.T.);
#478=FACE_OUTER_BOUND('',#694,.T.);
#479=FACE_OUTER_BOUND('',#695,.T.);
#480=FACE_OUTER_BOUND('',#696,.T.);
#481=FACE_OUTER_BOUND('',#697,.T.);
#482=FACE_OUTER_BOUND('',#698,.T.);
#483=FACE_OUTER_BOUND('',#699,.T.);
#484=FACE_OUTER_BOUND('',#700,.T.);
#485=FACE_OUTER_BOUND('',#701,.T.);
#486=FACE_OUTER_BOUND('',#702,.T.);
#487=FACE_OUTER_BOUND('',#703,.T.);
#488=FACE_OUTER_BOUND('',#704,.T.);
#489=FACE_OUTER_BOUND('',#705,.T.);
#490=FACE_OUTER_BOUND('',#706,.T.);
#491=FACE_OUTER_BOUND('',#707,.T.);
#492=FACE_OUTER_BOUND('',#708,.T.);
#493=FACE_OUTER_BOUND('',#709,.T.);
#494=FACE_OUTER_BOUND('',#710,.T.);
#495=FACE_OUTER_BOUND('',#711,.T.);
#496=FACE_OUTER_BOUND('',#712,.T.);
#497=FACE_OUTER_BOUND('',#713,.T.);
#498=FACE_OUTER_BOUND('',#714,.T.);
#499=FACE_OUTER_BOUND('',#715,.T.);
#500=FACE_OUTER_BOUND('',#716,.T.);
#501=FACE_OUTER_BOUND('',#717,.T.);
#502=FACE_OUTER_BOUND('',#718,.T.);
#503=FACE_OUTER_BOUND('',#719,.T.);
#504=FACE_OUTER_BOUND('',#720,.T.);
#505=FACE_OUTER_BOUND('',#721,.T.);
#506=FACE_OUTER_BOUND('',#722,.T.);
#507=FACE_OUTER_BOUND('',#723,.T.);
#508=FACE_OUTER_BOUND('',#724,.T.);
#509=FACE_OUTER_BOUND('',#725,.T.);
#510=FACE_OUTER_BOUND('',#726,.T.);
#511=FACE_OUTER_BOUND('',#727,.T.);
#512=FACE_OUTER_BOUND('',#728,.T.);
#513=FACE_OUTER_BOUND('',#738,.T.);
#514=FACE_OUTER_BOUND('',#739,.T.);
#515=FACE_OUTER_BOUND('',#740,.T.);
#516=FACE_OUTER_BOUND('',#741,.T.);
#517=FACE_OUTER_BOUND('',#746,.T.);
#518=FACE_OUTER_BOUND('',#747,.T.);
#519=FACE_OUTER_BOUND('',#749,.T.);
#520=FACE_OUTER_BOUND('',#750,.T.);
#521=FACE_OUTER_BOUND('',#751,.T.);
#522=FACE_OUTER_BOUND('',#752,.T.);
#523=FACE_OUTER_BOUND('',#753,.T.);
#524=FACE_OUTER_BOUND('',#754,.T.);
#525=FACE_OUTER_BOUND('',#755,.T.);
#526=FACE_OUTER_BOUND('',#756,.T.);
#527=FACE_OUTER_BOUND('',#757,.T.);
#528=FACE_OUTER_BOUND('',#758,.T.);
#529=FACE_OUTER_BOUND('',#759,.T.);
#530=FACE_OUTER_BOUND('',#761,.T.);
#531=FACE_OUTER_BOUND('',#762,.T.);
#532=FACE_OUTER_BOUND('',#763,.T.);
#533=FACE_OUTER_BOUND('',#764,.T.);
#534=FACE_OUTER_BOUND('',#766,.T.);
#535=FACE_OUTER_BOUND('',#767,.T.);
#536=FACE_OUTER_BOUND('',#768,.T.);
#537=FACE_OUTER_BOUND('',#769,.T.);
#538=FACE_OUTER_BOUND('',#771,.T.);
#539=FACE_OUTER_BOUND('',#772,.T.);
#540=FACE_OUTER_BOUND('',#773,.T.);
#541=FACE_OUTER_BOUND('',#774,.T.);
#542=FACE_OUTER_BOUND('',#776,.T.);
#543=FACE_OUTER_BOUND('',#777,.T.);
#544=FACE_OUTER_BOUND('',#778,.T.);
#545=FACE_OUTER_BOUND('',#779,.T.);
#546=FACE_OUTER_BOUND('',#780,.T.);
#547=FACE_OUTER_BOUND('',#782,.T.);
#548=FACE_OUTER_BOUND('',#783,.T.);
#549=FACE_OUTER_BOUND('',#784,.T.);
#550=FACE_OUTER_BOUND('',#785,.T.);
#551=FACE_OUTER_BOUND('',#787,.T.);
#552=FACE_OUTER_BOUND('',#788,.T.);
#553=FACE_OUTER_BOUND('',#789,.T.);
#554=FACE_OUTER_BOUND('',#790,.T.);
#555=FACE_OUTER_BOUND('',#792,.T.);
#556=FACE_OUTER_BOUND('',#793,.T.);
#557=FACE_OUTER_BOUND('',#794,.T.);
#558=FACE_OUTER_BOUND('',#795,.T.);
#559=FACE_OUTER_BOUND('',#796,.T.);
#560=FACE_OUTER_BOUND('',#798,.T.);
#561=FACE_OUTER_BOUND('',#799,.T.);
#562=FACE_OUTER_BOUND('',#800,.T.);
#563=FACE_OUTER_BOUND('',#801,.T.);
#564=FACE_OUTER_BOUND('',#803,.T.);
#565=FACE_OUTER_BOUND('',#804,.T.);
#566=FACE_OUTER_BOUND('',#805,.T.);
#567=FACE_OUTER_BOUND('',#806,.T.);
#568=FACE_OUTER_BOUND('',#808,.T.);
#569=EDGE_LOOP('',(#1911,#1912,#1913,#1914));
#570=EDGE_LOOP('',(#1915,#1916,#1917,#1918));
#571=EDGE_LOOP('',(#1919,#1920,#1921,#1922));
#572=EDGE_LOOP('',(#1923));
#573=EDGE_LOOP('',(#1924));
#574=EDGE_LOOP('',(#1925));
#575=EDGE_LOOP('',(#1926,#1927,#1928,#1929));
#576=EDGE_LOOP('',(#1930,#1931,#1932,#1933));
#577=EDGE_LOOP('',(#1934,#1935,#1936,#1937));
#578=EDGE_LOOP('',(#1938));
#579=EDGE_LOOP('',(#1939));
#580=EDGE_LOOP('',(#1940));
#581=EDGE_LOOP('',(#1941,#1942,#1943,#1944));
#582=EDGE_LOOP('',(#1945,#1946,#1947,#1948));
#583=EDGE_LOOP('',(#1949,#1950,#1951,#1952));
#584=EDGE_LOOP('',(#1953,#1954,#1955,#1956));
#585=EDGE_LOOP('',(#1957,#1958,#1959,#1960));
#586=EDGE_LOOP('',(#1961,#1962,#1963,#1964));
#587=EDGE_LOOP('',(#1965,#1966,#1967,#1968));
#588=EDGE_LOOP('',(#1969,#1970,#1971,#1972));
#589=EDGE_LOOP('',(#1973,#1974,#1975,#1976));
#590=EDGE_LOOP('',(#1977,#1978,#1979,#1980));
#591=EDGE_LOOP('',(#1981,#1982,#1983,#1984));
#592=EDGE_LOOP('',(#1985,#1986,#1987,#1988));
#593=EDGE_LOOP('',(#1989,#1990,#1991,#1992));
#594=EDGE_LOOP('',(#1993,#1994,#1995,#1996,#1997,#1998,#1999,#2000,#2001,
#2002,#2003,#2004,#2005,#2006));
#595=EDGE_LOOP('',(#2007));
#596=EDGE_LOOP('',(#2008));
#597=EDGE_LOOP('',(#2009));
#598=EDGE_LOOP('',(#2010));
#599=EDGE_LOOP('',(#2011));
#600=EDGE_LOOP('',(#2012));
#601=EDGE_LOOP('',(#2013));
#602=EDGE_LOOP('',(#2014));
#603=EDGE_LOOP('',(#2015));
#604=EDGE_LOOP('',(#2016));
#605=EDGE_LOOP('',(#2017));
#606=EDGE_LOOP('',(#2018,#2019,#2020,#2021,#2022,#2023,#2024,#2025));
#607=EDGE_LOOP('',(#2026,#2027,#2028,#2029));
#608=EDGE_LOOP('',(#2030,#2031,#2032,#2033));
#609=EDGE_LOOP('',(#2034,#2035,#2036,#2037,#2038,#2039,#2040,#2041,#2042,
#2043,#2044,#2045,#2046,#2047));
#610=EDGE_LOOP('',(#2048));
#611=EDGE_LOOP('',(#2049));
#612=EDGE_LOOP('',(#2050));
#613=EDGE_LOOP('',(#2051));
#614=EDGE_LOOP('',(#2052));
#615=EDGE_LOOP('',(#2053));
#616=EDGE_LOOP('',(#2054));
#617=EDGE_LOOP('',(#2055));
#618=EDGE_LOOP('',(#2056));
#619=EDGE_LOOP('',(#2057));
#620=EDGE_LOOP('',(#2058));
#621=EDGE_LOOP('',(#2059,#2060,#2061,#2062,#2063,#2064,#2065,#2066));
#622=EDGE_LOOP('',(#2067,#2068,#2069,#2070));
#623=EDGE_LOOP('',(#2071,#2072,#2073,#2074));
#624=EDGE_LOOP('',(#2075,#2076,#2077,#2078));
#625=EDGE_LOOP('',(#2079,#2080,#2081,#2082));
#626=EDGE_LOOP('',(#2083,#2084,#2085,#2086));
#627=EDGE_LOOP('',(#2087,#2088,#2089,#2090));
#628=EDGE_LOOP('',(#2091,#2092,#2093,#2094));
#629=EDGE_LOOP('',(#2095,#2096,#2097,#2098));
#630=EDGE_LOOP('',(#2099,#2100,#2101,#2102));
#631=EDGE_LOOP('',(#2103,#2104,#2105,#2106));
#632=EDGE_LOOP('',(#2107,#2108,#2109,#2110));
#633=EDGE_LOOP('',(#2111,#2112,#2113,#2114));
#634=EDGE_LOOP('',(#2115,#2116,#2117,#2118));
#635=EDGE_LOOP('',(#2119,#2120,#2121,#2122));
#636=EDGE_LOOP('',(#2123,#2124,#2125,#2126));
#637=EDGE_LOOP('',(#2127,#2128,#2129,#2130));
#638=EDGE_LOOP('',(#2131,#2132,#2133,#2134));
#639=EDGE_LOOP('',(#2135,#2136,#2137,#2138));
#640=EDGE_LOOP('',(#2139,#2140,#2141,#2142));
#641=EDGE_LOOP('',(#2143,#2144,#2145,#2146));
#642=EDGE_LOOP('',(#2147,#2148,#2149,#2150));
#643=EDGE_LOOP('',(#2151,#2152,#2153,#2154));
#644=EDGE_LOOP('',(#2155,#2156,#2157,#2158));
#645=EDGE_LOOP('',(#2159,#2160,#2161,#2162,#2163));
#646=EDGE_LOOP('',(#2164,#2165,#2166,#2167,#2168));
#647=EDGE_LOOP('',(#2169));
#648=EDGE_LOOP('',(#2170));
#649=EDGE_LOOP('',(#2171,#2172,#2173,#2174));
#650=EDGE_LOOP('',(#2175,#2176,#2177,#2178,#2179));
#651=EDGE_LOOP('',(#2180,#2181,#2182,#2183,#2184));
#652=EDGE_LOOP('',(#2185));
#653=EDGE_LOOP('',(#2186));
#654=EDGE_LOOP('',(#2187,#2188,#2189,#2190));
#655=EDGE_LOOP('',(#2191,#2192,#2193,#2194,#2195));
#656=EDGE_LOOP('',(#2196,#2197,#2198,#2199,#2200));
#657=EDGE_LOOP('',(#2201));
#658=EDGE_LOOP('',(#2202));
#659=EDGE_LOOP('',(#2203,#2204,#2205,#2206));
#660=EDGE_LOOP('',(#2207,#2208,#2209,#2210,#2211));
#661=EDGE_LOOP('',(#2212,#2213,#2214,#2215,#2216));
#662=EDGE_LOOP('',(#2217));
#663=EDGE_LOOP('',(#2218));
#664=EDGE_LOOP('',(#2219,#2220,#2221,#2222));
#665=EDGE_LOOP('',(#2223,#2224,#2225,#2226,#2227));
#666=EDGE_LOOP('',(#2228,#2229,#2230,#2231,#2232));
#667=EDGE_LOOP('',(#2233,#2234,#2235,#2236,#2237));
#668=EDGE_LOOP('',(#2238,#2239,#2240,#2241,#2242));
#669=EDGE_LOOP('',(#2243,#2244,#2245,#2246,#2247));
#670=EDGE_LOOP('',(#2248,#2249,#2250,#2251,#2252));
#671=EDGE_LOOP('',(#2253,#2254,#2255,#2256,#2257));
#672=EDGE_LOOP('',(#2258,#2259,#2260,#2261,#2262));
#673=EDGE_LOOP('',(#2263,#2264,#2265,#2266,#2267));
#674=EDGE_LOOP('',(#2268,#2269,#2270,#2271,#2272));
#675=EDGE_LOOP('',(#2273));
#676=EDGE_LOOP('',(#2274));
#677=EDGE_LOOP('',(#2275,#2276,#2277,#2278));
#678=EDGE_LOOP('',(#2279,#2280,#2281,#2282,#2283));
#679=EDGE_LOOP('',(#2284,#2285,#2286,#2287,#2288));
#680=EDGE_LOOP('',(#2289));
#681=EDGE_LOOP('',(#2290));
#682=EDGE_LOOP('',(#2291,#2292,#2293,#2294));
#683=EDGE_LOOP('',(#2295,#2296,#2297,#2298,#2299));
#684=EDGE_LOOP('',(#2300,#2301,#2302,#2303,#2304));
#685=EDGE_LOOP('',(#2305));
#686=EDGE_LOOP('',(#2306));
#687=EDGE_LOOP('',(#2307,#2308,#2309,#2310));
#688=EDGE_LOOP('',(#2311,#2312,#2313,#2314));
#689=EDGE_LOOP('',(#2315,#2316,#2317,#2318));
#690=EDGE_LOOP('',(#2319,#2320,#2321,#2322));
#691=EDGE_LOOP('',(#2323,#2324,#2325,#2326));
#692=EDGE_LOOP('',(#2327,#2328,#2329,#2330));
#693=EDGE_LOOP('',(#2331,#2332,#2333,#2334));
#694=EDGE_LOOP('',(#2335,#2336,#2337,#2338));
#695=EDGE_LOOP('',(#2339,#2340,#2341,#2342));
#696=EDGE_LOOP('',(#2343,#2344,#2345,#2346));
#697=EDGE_LOOP('',(#2347,#2348,#2349,#2350));
#698=EDGE_LOOP('',(#2351,#2352,#2353,#2354));
#699=EDGE_LOOP('',(#2355,#2356,#2357,#2358));
#700=EDGE_LOOP('',(#2359,#2360,#2361,#2362));
#701=EDGE_LOOP('',(#2363,#2364,#2365,#2366));
#702=EDGE_LOOP('',(#2367,#2368,#2369,#2370));
#703=EDGE_LOOP('',(#2371,#2372,#2373,#2374));
#704=EDGE_LOOP('',(#2375,#2376,#2377,#2378));
#705=EDGE_LOOP('',(#2379,#2380,#2381,#2382));
#706=EDGE_LOOP('',(#2383,#2384,#2385,#2386));
#707=EDGE_LOOP('',(#2387,#2388,#2389,#2390));
#708=EDGE_LOOP('',(#2391,#2392,#2393,#2394));
#709=EDGE_LOOP('',(#2395,#2396,#2397,#2398));
#710=EDGE_LOOP('',(#2399,#2400,#2401,#2402));
#711=EDGE_LOOP('',(#2403,#2404,#2405,#2406));
#712=EDGE_LOOP('',(#2407,#2408,#2409,#2410));
#713=EDGE_LOOP('',(#2411,#2412,#2413,#2414));
#714=EDGE_LOOP('',(#2415,#2416,#2417,#2418));
#715=EDGE_LOOP('',(#2419,#2420,#2421,#2422));
#716=EDGE_LOOP('',(#2423,#2424,#2425,#2426));
#717=EDGE_LOOP('',(#2427,#2428,#2429,#2430));
#718=EDGE_LOOP('',(#2431,#2432,#2433,#2434));
#719=EDGE_LOOP('',(#2435,#2436,#2437,#2438));
#720=EDGE_LOOP('',(#2439,#2440,#2441,#2442));
#721=EDGE_LOOP('',(#2443,#2444,#2445,#2446));
#722=EDGE_LOOP('',(#2447,#2448,#2449,#2450));
#723=EDGE_LOOP('',(#2451,#2452,#2453,#2454));
#724=EDGE_LOOP('',(#2455,#2456,#2457,#2458));
#725=EDGE_LOOP('',(#2459,#2460,#2461,#2462));
#726=EDGE_LOOP('',(#2463,#2464,#2465,#2466));
#727=EDGE_LOOP('',(#2467,#2468,#2469,#2470));
#728=EDGE_LOOP('',(#2471,#2472,#2473,#2474,#2475,#2476));
#729=EDGE_LOOP('',(#2477));
#730=EDGE_LOOP('',(#2478));
#731=EDGE_LOOP('',(#2479));
#732=EDGE_LOOP('',(#2480));
#733=EDGE_LOOP('',(#2481));
#734=EDGE_LOOP('',(#2482));
#735=EDGE_LOOP('',(#2483));
#736=EDGE_LOOP('',(#2484));
#737=EDGE_LOOP('',(#2485));
#738=EDGE_LOOP('',(#2486,#2487,#2488,#2489));
#739=EDGE_LOOP('',(#2490,#2491,#2492,#2493,#2494,#2495,#2496,#2497,#2498,
#2499,#2500,#2501,#2502,#2503));
#740=EDGE_LOOP('',(#2504,#2505,#2506,#2507));
#741=EDGE_LOOP('',(#2508,#2509,#2510,#2511,#2512,#2513,#2514,#2515,#2516,
#2517,#2518,#2519,#2520,#2521,#2522,#2523,#2524,#2525,#2526,#2527,#2528));
#742=EDGE_LOOP('',(#2529));
#743=EDGE_LOOP('',(#2530));
#744=EDGE_LOOP('',(#2531));
#745=EDGE_LOOP('',(#2532));
#746=EDGE_LOOP('',(#2533,#2534,#2535,#2536,#2537,#2538));
#747=EDGE_LOOP('',(#2539));
#748=EDGE_LOOP('',(#2540));
#749=EDGE_LOOP('',(#2541,#2542,#2543,#2544,#2545));
#750=EDGE_LOOP('',(#2546,#2547,#2548,#2549,#2550));
#751=EDGE_LOOP('',(#2551,#2552,#2553,#2554));
#752=EDGE_LOOP('',(#2555,#2556,#2557,#2558));
#753=EDGE_LOOP('',(#2559,#2560,#2561,#2562));
#754=EDGE_LOOP('',(#2563,#2564,#2565,#2566));
#755=EDGE_LOOP('',(#2567,#2568,#2569,#2570));
#756=EDGE_LOOP('',(#2571,#2572,#2573,#2574));
#757=EDGE_LOOP('',(#2575,#2576,#2577,#2578));
#758=EDGE_LOOP('',(#2579,#2580,#2581,#2582,#2583,#2584));
#759=EDGE_LOOP('',(#2585));
#760=EDGE_LOOP('',(#2586));
#761=EDGE_LOOP('',(#2587,#2588,#2589,#2590,#2591));
#762=EDGE_LOOP('',(#2592,#2593,#2594,#2595,#2596));
#763=EDGE_LOOP('',(#2597,#2598,#2599,#2600,#2601,#2602));
#764=EDGE_LOOP('',(#2603));
#765=EDGE_LOOP('',(#2604));
#766=EDGE_LOOP('',(#2605,#2606,#2607,#2608,#2609));
#767=EDGE_LOOP('',(#2610,#2611,#2612,#2613,#2614));
#768=EDGE_LOOP('',(#2615,#2616,#2617,#2618,#2619,#2620));
#769=EDGE_LOOP('',(#2621));
#770=EDGE_LOOP('',(#2622));
#771=EDGE_LOOP('',(#2623,#2624,#2625,#2626,#2627));
#772=EDGE_LOOP('',(#2628,#2629,#2630,#2631,#2632));
#773=EDGE_LOOP('',(#2633,#2634,#2635,#2636,#2637,#2638));
#774=EDGE_LOOP('',(#2639));
#775=EDGE_LOOP('',(#2640));
#776=EDGE_LOOP('',(#2641,#2642,#2643,#2644,#2645));
#777=EDGE_LOOP('',(#2646,#2647,#2648,#2649,#2650));
#778=EDGE_LOOP('',(#2651,#2652,#2653,#2654));
#779=EDGE_LOOP('',(#2655,#2656,#2657,#2658));
#780=EDGE_LOOP('',(#2659));
#781=EDGE_LOOP('',(#2660));
#782=EDGE_LOOP('',(#2661,#2662,#2663,#2664,#2665));
#783=EDGE_LOOP('',(#2666,#2667,#2668,#2669,#2670));
#784=EDGE_LOOP('',(#2671,#2672,#2673,#2674));
#785=EDGE_LOOP('',(#2675));
#786=EDGE_LOOP('',(#2676));
#787=EDGE_LOOP('',(#2677,#2678,#2679,#2680,#2681));
#788=EDGE_LOOP('',(#2682,#2683,#2684,#2685,#2686));
#789=EDGE_LOOP('',(#2687,#2688,#2689,#2690));
#790=EDGE_LOOP('',(#2691));
#791=EDGE_LOOP('',(#2692));
#792=EDGE_LOOP('',(#2693,#2694,#2695,#2696,#2697));
#793=EDGE_LOOP('',(#2698,#2699,#2700,#2701,#2702));
#794=EDGE_LOOP('',(#2703,#2704,#2705,#2706,#2707));
#795=EDGE_LOOP('',(#2708,#2709,#2710,#2711,#2712));
#796=EDGE_LOOP('',(#2713));
#797=EDGE_LOOP('',(#2714));
#798=EDGE_LOOP('',(#2715,#2716,#2717,#2718));
#799=EDGE_LOOP('',(#2719,#2720,#2721,#2722,#2723));
#800=EDGE_LOOP('',(#2724,#2725,#2726,#2727,#2728));
#801=EDGE_LOOP('',(#2729));
#802=EDGE_LOOP('',(#2730));
#803=EDGE_LOOP('',(#2731,#2732,#2733,#2734));
#804=EDGE_LOOP('',(#2735,#2736,#2737,#2738,#2739));
#805=EDGE_LOOP('',(#2740,#2741,#2742,#2743,#2744));
#806=EDGE_LOOP('',(#2745));
#807=EDGE_LOOP('',(#2746));
#808=EDGE_LOOP('',(#2747,#2748,#2749,#2750));
#809=LINE('',#4378,#1022);
#810=LINE('',#4380,#1023);
#811=LINE('',#4382,#1024);
#812=LINE('',#4383,#1025);
#813=LINE('',#4387,#1026);
#814=LINE('',#4392,#1027);
#815=LINE('',#4394,#1028);
#816=LINE('',#4395,#1029);
#817=LINE('',#4405,#1030);
#818=LINE('',#4406,#1031);
#819=LINE('',#4407,#1032);
#820=LINE('',#4411,#1033);
#821=LINE('',#4412,#1034);
#822=LINE('',#4413,#1035);
#823=LINE('',#4416,#1036);
#824=LINE('',#4418,#1037);
#825=LINE('',#4419,#1038);
#826=LINE('',#4431,#1039);
#827=LINE('',#4434,#1040);
#828=LINE('',#4437,#1041);
#829=LINE('',#4440,#1042);
#830=LINE('',#4441,#1043);
#831=LINE('',#4444,#1044);
#832=LINE('',#4445,#1045);
#833=LINE('',#4448,#1046);
#834=LINE('',#4449,#1047);
#835=LINE('',#4455,#1048);
#836=LINE('',#4458,#1049);
#837=LINE('',#4462,#1050);
#838=LINE('',#4466,#1051);
#839=LINE('',#4472,#1052);
#840=LINE('',#4473,#1053);
#841=LINE('',#4475,#1054);
#842=LINE('',#4476,#1055);
#843=LINE('',#4479,#1056);
#844=LINE('',#4481,#1057);
#845=LINE('',#4482,#1058);
#846=LINE('',#4485,#1059);
#847=LINE('',#4489,#1060);
#848=LINE('',#4493,#1061);
#849=LINE('',#4497,#1062);
#850=LINE('',#4501,#1063);
#851=LINE('',#4533,#1064);
#852=LINE('',#4537,#1065);
#853=LINE('',#4541,#1066);
#854=LINE('',#4544,#1067);
#855=LINE('',#4547,#1068);
#856=LINE('',#4548,#1069);
#857=LINE('',#4551,#1070);
#858=LINE('',#4552,#1071);
#859=LINE('',#4558,#1072);
#860=LINE('',#4562,#1073);
#861=LINE('',#4566,#1074);
#862=LINE('',#4569,#1075);
#863=LINE('',#4576,#1076);
#864=LINE('',#4601,#1077);
#865=LINE('',#4605,#1078);
#866=LINE('',#4609,#1079);
#867=LINE('',#4613,#1080);
#868=LINE('',#4619,#1081);
#869=LINE('',#4620,#1082);
#870=LINE('',#4622,#1083);
#871=LINE('',#4623,#1084);
#872=LINE('',#4626,#1085);
#873=LINE('',#4627,#1086);
#874=LINE('',#4631,#1087);
#875=LINE('',#4635,#1088);
#876=LINE('',#4639,#1089);
#877=LINE('',#4641,#1090);
#878=LINE('',#4643,#1091);
#879=LINE('',#4647,#1092);
#880=LINE('',#4648,#1093);
#881=LINE('',#4650,#1094);
#882=LINE('',#4654,#1095);
#883=LINE('',#4656,#1096);
#884=LINE('',#4659,#1097);
#885=LINE('',#4660,#1098);
#886=LINE('',#4662,#1099);
#887=LINE('',#4666,#1100);
#888=LINE('',#4668,#1101);
#889=LINE('',#4671,#1102);
#890=LINE('',#4672,#1103);
#891=LINE('',#4674,#1104);
#892=LINE('',#4677,#1105);
#893=LINE('',#4685,#1106);
#894=LINE('',#4688,#1107);
#895=LINE('',#4694,#1108);
#896=LINE('',#4700,#1109);
#897=LINE('',#4703,#1110);
#898=LINE('',#4709,#1111);
#899=LINE('',#4715,#1112);
#900=LINE('',#4718,#1113);
#901=LINE('',#4724,#1114);
#902=LINE('',#4730,#1115);
#903=LINE('',#4733,#1116);
#904=LINE('',#4739,#1117);
#905=LINE('',#4745,#1118);
#906=LINE('',#4747,#1119);
#907=LINE('',#4753,#1120);
#908=LINE('',#4755,#1121);
#909=LINE('',#4761,#1122);
#910=LINE('',#4763,#1123);
#911=LINE('',#4769,#1124);
#912=LINE('',#4771,#1125);
#913=LINE('',#4777,#1126);
#914=LINE('',#4780,#1127);
#915=LINE('',#4786,#1128);
#916=LINE('',#4792,#1129);
#917=LINE('',#4795,#1130);
#918=LINE('',#4801,#1131);
#919=LINE('',#4807,#1132);
#920=LINE('',#4810,#1133);
#921=LINE('',#4816,#1134);
#922=LINE('',#4820,#1135);
#923=LINE('',#4821,#1136);
#924=LINE('',#4822,#1137);
#925=LINE('',#4824,#1138);
#926=LINE('',#4825,#1139);
#927=LINE('',#4829,#1140);
#928=LINE('',#4832,#1141);
#929=LINE('',#4833,#1142);
#930=LINE('',#4837,#1143);
#931=LINE('',#4840,#1144);
#932=LINE('',#4841,#1145);
#933=LINE('',#4845,#1146);
#934=LINE('',#4848,#1147);
#935=LINE('',#4849,#1148);
#936=LINE('',#4853,#1149);
#937=LINE('',#4855,#1150);
#938=LINE('',#4857,#1151);
#939=LINE('',#4859,#1152);
#940=LINE('',#4861,#1153);
#941=LINE('',#4863,#1154);
#942=LINE('',#4867,#1155);
#943=LINE('',#4868,#1156);
#944=LINE('',#4870,#1157);
#945=LINE('',#4874,#1158);
#946=LINE('',#4876,#1159);
#947=LINE('',#4879,#1160);
#948=LINE('',#4880,#1161);
#949=LINE('',#4882,#1162);
#950=LINE('',#4887,#1163);
#951=LINE('',#4892,#1164);
#952=LINE('',#4896,#1165);
#953=LINE('',#4900,#1166);
#954=LINE('',#4903,#1167);
#955=LINE('',#4905,#1168);
#956=LINE('',#4906,#1169);
#957=LINE('',#4909,#1170);
#958=LINE('',#4910,#1171);
#959=LINE('',#4913,#1172);
#960=LINE('',#4914,#1173);
#961=LINE('',#4917,#1174);
#962=LINE('',#4918,#1175);
#963=LINE('',#4921,#1176);
#964=LINE('',#4923,#1177);
#965=LINE('',#4924,#1178);
#966=LINE('',#4928,#1179);
#967=LINE('',#4930,#1180);
#968=LINE('',#4936,#1181);
#969=LINE('',#4940,#1182);
#970=LINE('',#4943,#1183);
#971=LINE('',#4947,#1184);
#972=LINE('',#4951,#1185);
#973=LINE('',#4954,#1186);
#974=LINE('',#4961,#1187);
#975=LINE('',#4963,#1188);
#976=LINE('',#4987,#1189);
#977=LINE('',#4988,#1190);
#978=LINE('',#4991,#1191);
#979=LINE('',#5059,#1192);
#980=LINE('',#5064,#1193);
#981=LINE('',#5081,#1194);
#982=LINE('',#5082,#1195);
#983=LINE('',#5096,#1196);
#984=LINE('',#5105,#1197);
#985=LINE('',#5108,#1198);
#986=LINE('',#5110,#1199);
#987=LINE('',#5112,#1200);
#988=LINE('',#5116,#1201);
#989=LINE('',#5117,#1202);
#990=LINE('',#5119,#1203);
#991=LINE('',#5125,#1204);
#992=LINE('',#5134,#1205);
#993=LINE('',#5137,#1206);
#994=LINE('',#5140,#1207);
#995=LINE('',#5149,#1208);
#996=LINE('',#5152,#1209);
#997=LINE('',#5155,#1210);
#998=LINE('',#5164,#1211);
#999=LINE('',#5167,#1212);
#1000=LINE('',#5170,#1213);
#1001=LINE('',#5179,#1214);
#1002=LINE('',#5182,#1215);
#1003=LINE('',#5184,#1216);
#1004=LINE('',#5187,#1217);
#1005=LINE('',#5196,#1218);
#1006=LINE('',#5199,#1219);
#1007=LINE('',#5202,#1220);
#1008=LINE('',#5211,#1221);
#1009=LINE('',#5214,#1222);
#1010=LINE('',#5217,#1223);
#1011=LINE('',#5226,#1224);
#1012=LINE('',#5229,#1225);
#1013=LINE('',#5235,#1226);
#1014=LINE('',#5238,#1227);
#1015=LINE('',#5244,#1228);
#1016=LINE('',#5250,#1229);
#1017=LINE('',#5253,#1230);
#1018=LINE('',#5259,#1231);
#1019=LINE('',#5265,#1232);
#1020=LINE('',#5268,#1233);
#1021=LINE('',#5274,#1234);
#1022=VECTOR('',#3401,40.);
#1023=VECTOR('',#3402,19.5563491860987);
#1024=VECTOR('',#3403,40.);
#1025=VECTOR('',#3404,19.5563491860987);
#1026=VECTOR('',#3407,40.);
#1027=VECTOR('',#3414,65.58570962836);
#1028=VECTOR('',#3415,40.);
#1029=VECTOR('',#3416,65.58570962836);
#1030=VECTOR('',#3425,65.58570961813);
#1031=VECTOR('',#3426,2.500000006687);
#1032=VECTOR('',#3427,2.500000000499);
#1033=VECTOR('',#3430,65.58570962324);
#1034=VECTOR('',#3431,0.707106776457803);
#1035=VECTOR('',#3432,0.707106780833553);
#1036=VECTOR('',#3435,38.99999999641);
#1037=VECTOR('',#3436,65.58570962324);
#1038=VECTOR('',#3437,38.99999999641);
#1039=VECTOR('',#3450,38.99999999627);
#1040=VECTOR('',#3453,0.707106781119411);
#1041=VECTOR('',#3458,2.50000000009501);
#1042=VECTOR('',#3461,19.5563492108101);
#1043=VECTOR('',#3462,2.49999999851301);
#1044=VECTOR('',#3465,19.5563492098801);
#1045=VECTOR('',#3466,0.707106780836076);
#1046=VECTOR('',#3469,19.5563491971501);
#1047=VECTOR('',#3470,39.00000000347);
#1048=VECTOR('',#3477,39.00000000389);
#1049=VECTOR('',#3480,0.707106780794103);
#1050=VECTOR('',#3485,2.499999998335);
#1051=VECTOR('',#3490,40.);
#1052=VECTOR('',#3497,2.49999999851301);
#1053=VECTOR('',#3498,2.499999998335);
#1054=VECTOR('',#3501,0.707106780836076);
#1055=VECTOR('',#3502,0.707106780794103);
#1056=VECTOR('',#3505,88.29873332191);
#1057=VECTOR('',#3506,88.29873332262);
#1058=VECTOR('',#3507,0.707106786379803);
#1059=VECTOR('',#3510,9.579766455993);
#1060=VECTOR('',#3513,17.9604348091501);
#1061=VECTOR('',#3516,13.25103108087);
#1062=VECTOR('',#3519,8.08290267263183);
#1063=VECTOR('',#3522,1.471334385631);
#1064=VECTOR('',#3553,12.58695246419);
#1065=VECTOR('',#3556,9.23760526988499);
#1066=VECTOR('',#3559,1.717865322176);
#1067=VECTOR('',#3562,10.1521462183699);
#1068=VECTOR('',#3565,0.707106780045605);
#1069=VECTOR('',#3566,9.579766514916);
#1070=VECTOR('',#3569,2.49999999879);
#1071=VECTOR('',#3570,9.579766592489);
#1072=VECTOR('',#3575,8.08290376865473);
#1073=VECTOR('',#3578,13.25103213097);
#1074=VECTOR('',#3581,17.9604345616402);
#1075=VECTOR('',#3584,88.2987333238);
#1076=VECTOR('',#3591,1.471333764477);
#1077=VECTOR('',#3614,9.23760430703369);
#1078=VECTOR('',#3617,12.58695211974);
#1079=VECTOR('',#3620,10.1521457205801);
#1080=VECTOR('',#3623,1.717864954169);
#1081=VECTOR('',#3630,2.50000002220005);
#1082=VECTOR('',#3631,2.50000002935201);
#1083=VECTOR('',#3634,0.707106789558803);
#1084=VECTOR('',#3635,0.707106792255855);
#1085=VECTOR('',#3638,1.471334080882);
#1086=VECTOR('',#3639,0.707106764054598);
#1087=VECTOR('',#3644,0.707106780614621);
#1088=VECTOR('',#3649,0.707106764398092);
#1089=VECTOR('',#3656,2.49999998262108);
#1090=VECTOR('',#3659,2.500000000102);
#1091=VECTOR('',#3662,2.49999998182906);
#1092=VECTOR('',#3667,0.707106756703276);
#1093=VECTOR('',#3668,8.08290293759225);
#1094=VECTOR('',#3671,2.49999995671902);
#1095=VECTOR('',#3676,2.49999996697111);
#1096=VECTOR('',#3679,0.707106762502514);
#1097=VECTOR('',#3682,0.707106781186453);
#1098=VECTOR('',#3683,13.25103137588);
#1099=VECTOR('',#3686,2.500000000365);
#1100=VECTOR('',#3691,2.500000001872);
#1101=VECTOR('',#3694,0.707106781186467);
#1102=VECTOR('',#3697,0.707106785525907);
#1103=VECTOR('',#3698,17.9604347790396);
#1104=VECTOR('',#3701,2.500000015342);
#1105=VECTOR('',#3706,2.500000018361);
#1106=VECTOR('',#3717,1.6);
#1107=VECTOR('',#3720,2.3);
#1108=VECTOR('',#3729,3.25);
#1109=VECTOR('',#3736,1.6);
#1110=VECTOR('',#3739,2.3);
#1111=VECTOR('',#3748,3.25);
#1112=VECTOR('',#3755,1.6);
#1113=VECTOR('',#3758,2.3);
#1114=VECTOR('',#3767,3.25);
#1115=VECTOR('',#3774,1.6);
#1116=VECTOR('',#3777,2.3);
#1117=VECTOR('',#3786,3.25);
#1118=VECTOR('',#3793,1.25);
#1119=VECTOR('',#3796,1.405);
#1120=VECTOR('',#3803,1.25);
#1121=VECTOR('',#3806,1.405);
#1122=VECTOR('',#3813,1.25);
#1123=VECTOR('',#3816,1.405);
#1124=VECTOR('',#3823,1.25);
#1125=VECTOR('',#3826,1.405);
#1126=VECTOR('',#3833,1.6);
#1127=VECTOR('',#3836,2.3);
#1128=VECTOR('',#3845,3.25);
#1129=VECTOR('',#3852,1.6);
#1130=VECTOR('',#3855,2.3);
#1131=VECTOR('',#3864,3.25);
#1132=VECTOR('',#3871,1.6);
#1133=VECTOR('',#3874,2.3);
#1134=VECTOR('',#3883,3.25);
#1135=VECTOR('',#3886,9.23760482284703);
#1136=VECTOR('',#3887,1.999999999991);
#1137=VECTOR('',#3888,1.99999997387407);
#1138=VECTOR('',#3891,1.41421356236292);
#1139=VECTOR('',#3892,1.41421353035201);
#1140=VECTOR('',#3897,1.41421356076791);
#1141=VECTOR('',#3900,1.717865151315);
#1142=VECTOR('',#3901,1.41421355859491);
#1143=VECTOR('',#3906,1.41421356237299);
#1144=VECTOR('',#3909,10.1521459872501);
#1145=VECTOR('',#3910,1.4142135455151);
#1146=VECTOR('',#3915,1.41421356185101);
#1147=VECTOR('',#3918,12.58695230426);
#1148=VECTOR('',#3919,1.41421355294301);
#1149=VECTOR('',#3926,1.99999999230601);
#1150=VECTOR('',#3929,1.999999999574);
#1151=VECTOR('',#3932,1.99999998624602);
#1152=VECTOR('',#3935,2.);
#1153=VECTOR('',#3938,1.999999996918);
#1154=VECTOR('',#3941,1.999999998691);
#1155=VECTOR('',#3946,0.707106775985676);
#1156=VECTOR('',#3947,19.5563491853401);
#1157=VECTOR('',#3950,2.50000000735501);
#1158=VECTOR('',#3955,2.500000000499);
#1159=VECTOR('',#3958,0.707106780833603);
#1160=VECTOR('',#3961,0.707106776457803);
#1161=VECTOR('',#3962,65.58570961813);
#1162=VECTOR('',#3965,2.500000006687);
#1163=VECTOR('',#3970,2.50000000009501);
#1164=VECTOR('',#3977,0.707106781119426);
#1165=VECTOR('',#3982,38.99999999627);
#1166=VECTOR('',#3987,0.707106775985676);
#1167=VECTOR('',#3990,19.5563491971501);
#1168=VECTOR('',#3991,19.5563491853401);
#1169=VECTOR('',#3992,0.707106780836126);
#1170=VECTOR('',#3995,39.00000000347);
#1171=VECTOR('',#3996,19.5563492098801);
#1172=VECTOR('',#3999,0.707106780836126);
#1173=VECTOR('',#4000,19.5563492108101);
#1174=VECTOR('',#4003,2.49999999851301);
#1175=VECTOR('',#4004,19.5563491860987);
#1176=VECTOR('',#4007,40.);
#1177=VECTOR('',#4008,40.);
#1178=VECTOR('',#4009,19.5563491860987);
#1179=VECTOR('',#4016,2.50000000735501);
#1180=VECTOR('',#4019,2.49999999851301);
#1181=VECTOR('',#4026,2.499999998335);
#1182=VECTOR('',#4031,0.707106780794053);
#1183=VECTOR('',#4034,39.00000000389);
#1184=VECTOR('',#4039,0.707106780794103);
#1185=VECTOR('',#4044,2.499999998335);
#1186=VECTOR('',#4049,40.);
#1187=VECTOR('',#4056,35.22733800749);
#1188=VECTOR('',#4057,37.71935241803);
#1189=VECTOR('',#4082,2.499999981323);
#1190=VECTOR('',#4083,2.49989392848306);
#1191=VECTOR('',#4086,0.707059986691321);
#1192=VECTOR('',#4099,0.706847781092333);
#1193=VECTOR('',#4104,0.707106771583166);
#1194=VECTOR('',#4127,37.71935243272);
#1195=VECTOR('',#4128,35.22733755163);
#1196=VECTOR('',#4143,3.25);
#1197=VECTOR('',#4154,2.3);
#1198=VECTOR('',#4159,1.6);
#1199=VECTOR('',#4162,35.22733768428);
#1200=VECTOR('',#4165,2.49999998302402);
#1201=VECTOR('',#4170,0.707106780701853);
#1202=VECTOR('',#4171,37.71935243093);
#1203=VECTOR('',#4174,2.499999999143);
#1204=VECTOR('',#4183,3.25);
#1205=VECTOR('',#4194,2.3);
#1206=VECTOR('',#4199,1.6);
#1207=VECTOR('',#4202,3.25);
#1208=VECTOR('',#4213,2.3);
#1209=VECTOR('',#4218,1.6);
#1210=VECTOR('',#4221,3.25);
#1211=VECTOR('',#4232,2.3);
#1212=VECTOR('',#4237,1.6);
#1213=VECTOR('',#4240,3.25);
#1214=VECTOR('',#4251,2.3);
#1215=VECTOR('',#4256,1.6);
#1216=VECTOR('',#4259,20.);
#1217=VECTOR('',#4262,3.25);
#1218=VECTOR('',#4273,2.3);
#1219=VECTOR('',#4278,1.6);
#1220=VECTOR('',#4281,3.25);
#1221=VECTOR('',#4292,2.3);
#1222=VECTOR('',#4297,1.6);
#1223=VECTOR('',#4300,3.25);
#1224=VECTOR('',#4311,2.3);
#1225=VECTOR('',#4316,1.6);
#1226=VECTOR('',#4323,1.6);
#1227=VECTOR('',#4326,2.3);
#1228=VECTOR('',#4335,3.25);
#1229=VECTOR('',#4342,1.6);
#1230=VECTOR('',#4345,2.3);
#1231=VECTOR('',#4354,3.25);
#1232=VECTOR('',#4361,1.6);
#1233=VECTOR('',#4364,2.3);
#1234=VECTOR('',#4373,3.25);
#1235=VERTEX_POINT('',#4376);
#1236=VERTEX_POINT('',#4377);
#1237=VERTEX_POINT('',#4379);
#1238=VERTEX_POINT('',#4381);
#1239=VERTEX_POINT('',#4385);
#1240=VERTEX_POINT('',#4386);
#1241=VERTEX_POINT('',#4391);
#1242=VERTEX_POINT('',#4393);
#1243=VERTEX_POINT('',#4396);
#1244=VERTEX_POINT('',#4398);
#1245=VERTEX_POINT('',#4400);
#1246=VERTEX_POINT('',#4403);
#1247=VERTEX_POINT('',#4404);
#1248=VERTEX_POINT('',#4409);
#1249=VERTEX_POINT('',#4410);
#1250=VERTEX_POINT('',#4415);
#1251=VERTEX_POINT('',#4417);
#1252=VERTEX_POINT('',#4420);
#1253=VERTEX_POINT('',#4422);
#1254=VERTEX_POINT('',#4424);
#1255=VERTEX_POINT('',#4427);
#1256=VERTEX_POINT('',#4429);
#1257=VERTEX_POINT('',#4433);
#1258=VERTEX_POINT('',#4439);
#1259=VERTEX_POINT('',#4443);
#1260=VERTEX_POINT('',#4447);
#1261=VERTEX_POINT('',#4451);
#1262=VERTEX_POINT('',#4453);
#1263=VERTEX_POINT('',#4457);
#1264=VERTEX_POINT('',#4461);
#1265=VERTEX_POINT('',#4465);
#1266=VERTEX_POINT('',#4469);
#1267=VERTEX_POINT('',#4470);
#1268=VERTEX_POINT('',#4478);
#1269=VERTEX_POINT('',#4480);
#1270=VERTEX_POINT('',#4484);
#1271=VERTEX_POINT('',#4486);
#1272=VERTEX_POINT('',#4488);
#1273=VERTEX_POINT('',#4490);
#1274=VERTEX_POINT('',#4492);
#1275=VERTEX_POINT('',#4494);
#1276=VERTEX_POINT('',#4496);
#1277=VERTEX_POINT('',#4498);
#1278=VERTEX_POINT('',#4500);
#1279=VERTEX_POINT('',#4502);
#1280=VERTEX_POINT('',#4504);
#1281=VERTEX_POINT('',#4507);
#1282=VERTEX_POINT('',#4509);
#1283=VERTEX_POINT('',#4511);
#1284=VERTEX_POINT('',#4513);
#1285=VERTEX_POINT('',#4515);
#1286=VERTEX_POINT('',#4517);
#1287=VERTEX_POINT('',#4519);
#1288=VERTEX_POINT('',#4521);
#1289=VERTEX_POINT('',#4523);
#1290=VERTEX_POINT('',#4525);
#1291=VERTEX_POINT('',#4527);
#1292=VERTEX_POINT('',#4529);
#1293=VERTEX_POINT('',#4530);
#1294=VERTEX_POINT('',#4532);
#1295=VERTEX_POINT('',#4534);
#1296=VERTEX_POINT('',#4536);
#1297=VERTEX_POINT('',#4538);
#1298=VERTEX_POINT('',#4540);
#1299=VERTEX_POINT('',#4542);
#1300=VERTEX_POINT('',#4546);
#1301=VERTEX_POINT('',#4550);
#1302=VERTEX_POINT('',#4554);
#1303=VERTEX_POINT('',#4555);
#1304=VERTEX_POINT('',#4557);
#1305=VERTEX_POINT('',#4559);
#1306=VERTEX_POINT('',#4561);
#1307=VERTEX_POINT('',#4563);
#1308=VERTEX_POINT('',#4565);
#1309=VERTEX_POINT('',#4567);
#1310=VERTEX_POINT('',#4570);
#1311=VERTEX_POINT('',#4572);
#1312=VERTEX_POINT('',#4574);
#1313=VERTEX_POINT('',#4577);
#1314=VERTEX_POINT('',#4579);
#1315=VERTEX_POINT('',#4581);
#1316=VERTEX_POINT('',#4583);
#1317=VERTEX_POINT('',#4585);
#1318=VERTEX_POINT('',#4587);
#1319=VERTEX_POINT('',#4589);
#1320=VERTEX_POINT('',#4591);
#1321=VERTEX_POINT('',#4593);
#1322=VERTEX_POINT('',#4595);
#1323=VERTEX_POINT('',#4597);
#1324=VERTEX_POINT('',#4599);
#1325=VERTEX_POINT('',#4600);
#1326=VERTEX_POINT('',#4602);
#1327=VERTEX_POINT('',#4604);
#1328=VERTEX_POINT('',#4606);
#1329=VERTEX_POINT('',#4608);
#1330=VERTEX_POINT('',#4610);
#1331=VERTEX_POINT('',#4612);
#1332=VERTEX_POINT('',#4616);
#1333=VERTEX_POINT('',#4617);
#1334=VERTEX_POINT('',#4625);
#1335=VERTEX_POINT('',#4629);
#1336=VERTEX_POINT('',#4633);
#1337=VERTEX_POINT('',#4646);
#1338=VERTEX_POINT('',#4652);
#1339=VERTEX_POINT('',#4658);
#1340=VERTEX_POINT('',#4664);
#1341=VERTEX_POINT('',#4670);
#1342=VERTEX_POINT('',#4681);
#1343=VERTEX_POINT('',#4682);
#1344=VERTEX_POINT('',#4687);
#1345=VERTEX_POINT('',#4691);
#1346=VERTEX_POINT('',#4696);
#1347=VERTEX_POINT('',#4697);
#1348=VERTEX_POINT('',#4702);
#1349=VERTEX_POINT('',#4706);
#1350=VERTEX_POINT('',#4711);
#1351=VERTEX_POINT('',#4712);
#1352=VERTEX_POINT('',#4717);
#1353=VERTEX_POINT('',#4721);
#1354=VERTEX_POINT('',#4726);
#1355=VERTEX_POINT('',#4727);
#1356=VERTEX_POINT('',#4732);
#1357=VERTEX_POINT('',#4736);
#1358=VERTEX_POINT('',#4741);
#1359=VERTEX_POINT('',#4742);
#1360=VERTEX_POINT('',#4749);
#1361=VERTEX_POINT('',#4750);
#1362=VERTEX_POINT('',#4757);
#1363=VERTEX_POINT('',#4758);
#1364=VERTEX_POINT('',#4765);
#1365=VERTEX_POINT('',#4766);
#1366=VERTEX_POINT('',#4773);
#1367=VERTEX_POINT('',#4774);
#1368=VERTEX_POINT('',#4779);
#1369=VERTEX_POINT('',#4783);
#1370=VERTEX_POINT('',#4788);
#1371=VERTEX_POINT('',#4789);
#1372=VERTEX_POINT('',#4794);
#1373=VERTEX_POINT('',#4798);
#1374=VERTEX_POINT('',#4803);
#1375=VERTEX_POINT('',#4804);
#1376=VERTEX_POINT('',#4809);
#1377=VERTEX_POINT('',#4813);
#1378=VERTEX_POINT('',#4818);
#1379=VERTEX_POINT('',#4819);
#1380=VERTEX_POINT('',#4827);
#1381=VERTEX_POINT('',#4831);
#1382=VERTEX_POINT('',#4835);
#1383=VERTEX_POINT('',#4839);
#1384=VERTEX_POINT('',#4843);
#1385=VERTEX_POINT('',#4847);
#1386=VERTEX_POINT('',#4866);
#1387=VERTEX_POINT('',#4872);
#1388=VERTEX_POINT('',#4878);
#1389=VERTEX_POINT('',#4884);
#1390=VERTEX_POINT('',#4886);
#1391=VERTEX_POINT('',#4890);
#1392=VERTEX_POINT('',#4894);
#1393=VERTEX_POINT('',#4898);
#1394=VERTEX_POINT('',#4902);
#1395=VERTEX_POINT('',#4904);
#1396=VERTEX_POINT('',#4908);
#1397=VERTEX_POINT('',#4912);
#1398=VERTEX_POINT('',#4916);
#1399=VERTEX_POINT('',#4920);
#1400=VERTEX_POINT('',#4922);
#1401=VERTEX_POINT('',#4932);
#1402=VERTEX_POINT('',#4934);
#1403=VERTEX_POINT('',#4938);
#1404=VERTEX_POINT('',#4942);
#1405=VERTEX_POINT('',#4946);
#1406=VERTEX_POINT('',#4950);
#1407=VERTEX_POINT('',#4956);
#1408=VERTEX_POINT('',#4957);
#1409=VERTEX_POINT('',#4959);
#1410=VERTEX_POINT('',#4962);
#1411=VERTEX_POINT('',#4965);
#1412=VERTEX_POINT('',#4967);
#1413=VERTEX_POINT('',#4969);
#1414=VERTEX_POINT('',#4971);
#1415=VERTEX_POINT('',#4973);
#1416=VERTEX_POINT('',#4975);
#1417=VERTEX_POINT('',#4977);
#1418=VERTEX_POINT('',#4979);
#1419=VERTEX_POINT('',#4981);
#1420=VERTEX_POINT('',#4984);
#1421=VERTEX_POINT('',#4985);
#1422=VERTEX_POINT('',#4990);
#1423=VERTEX_POINT('',#4992);
#1424=VERTEX_POINT('',#4994);
#1425=VERTEX_POINT('',#5005);
#1426=VERTEX_POINT('',#5007);
#1427=VERTEX_POINT('',#5018);
#1428=VERTEX_POINT('',#5020);
#1429=VERTEX_POINT('',#5031);
#1430=VERTEX_POINT('',#5033);
#1431=VERTEX_POINT('',#5044);
#1432=VERTEX_POINT('',#5046);
#1433=VERTEX_POINT('',#5057);
#1434=VERTEX_POINT('',#5061);
#1435=VERTEX_POINT('',#5063);
#1436=VERTEX_POINT('',#5067);
#1437=VERTEX_POINT('',#5070);
#1438=VERTEX_POINT('',#5073);
#1439=VERTEX_POINT('',#5076);
#1440=VERTEX_POINT('',#5079);
#1441=VERTEX_POINT('',#5083);
#1442=VERTEX_POINT('',#5086);
#1443=VERTEX_POINT('',#5088);
#1444=VERTEX_POINT('',#5090);
#1445=VERTEX_POINT('',#5092);
#1446=VERTEX_POINT('',#5095);
#1447=VERTEX_POINT('',#5099);
#1448=VERTEX_POINT('',#5102);
#1449=VERTEX_POINT('',#5103);
#1450=VERTEX_POINT('',#5115);
#1451=VERTEX_POINT('',#5124);
#1452=VERTEX_POINT('',#5128);
#1453=VERTEX_POINT('',#5131);
#1454=VERTEX_POINT('',#5132);
#1455=VERTEX_POINT('',#5139);
#1456=VERTEX_POINT('',#5143);
#1457=VERTEX_POINT('',#5146);
#1458=VERTEX_POINT('',#5147);
#1459=VERTEX_POINT('',#5154);
#1460=VERTEX_POINT('',#5158);
#1461=VERTEX_POINT('',#5161);
#1462=VERTEX_POINT('',#5162);
#1463=VERTEX_POINT('',#5169);
#1464=VERTEX_POINT('',#5173);
#1465=VERTEX_POINT('',#5176);
#1466=VERTEX_POINT('',#5177);
#1467=VERTEX_POINT('',#5186);
#1468=VERTEX_POINT('',#5190);
#1469=VERTEX_POINT('',#5193);
#1470=VERTEX_POINT('',#5194);
#1471=VERTEX_POINT('',#5201);
#1472=VERTEX_POINT('',#5205);
#1473=VERTEX_POINT('',#5208);
#1474=VERTEX_POINT('',#5209);
#1475=VERTEX_POINT('',#5216);
#1476=VERTEX_POINT('',#5220);
#1477=VERTEX_POINT('',#5223);
#1478=VERTEX_POINT('',#5224);
#1479=VERTEX_POINT('',#5231);
#1480=VERTEX_POINT('',#5232);
#1481=VERTEX_POINT('',#5237);
#1482=VERTEX_POINT('',#5241);
#1483=VERTEX_POINT('',#5246);
#1484=VERTEX_POINT('',#5247);
#1485=VERTEX_POINT('',#5252);
#1486=VERTEX_POINT('',#5256);
#1487=VERTEX_POINT('',#5261);
#1488=VERTEX_POINT('',#5262);
#1489=VERTEX_POINT('',#5267);
#1490=VERTEX_POINT('',#5271);
#1491=EDGE_CURVE('',#1235,#1236,#809,.T.);
#1492=EDGE_CURVE('',#1235,#1237,#810,.T.);
#1493=EDGE_CURVE('',#1237,#1238,#811,.T.);
#1494=EDGE_CURVE('',#1238,#1236,#812,.T.);
#1495=EDGE_CURVE('',#1239,#1240,#813,.T.);
#1496=EDGE_CURVE('',#1239,#1235,#125,.T.);
#1497=EDGE_CURVE('',#1236,#1240,#126,.T.);
#1498=EDGE_CURVE('',#1240,#1241,#814,.T.);
#1499=EDGE_CURVE('',#1241,#1242,#815,.T.);
#1500=EDGE_CURVE('',#1242,#1239,#816,.T.);
#1501=EDGE_CURVE('',#1243,#1243,#127,.T.);
#1502=EDGE_CURVE('',#1244,#1244,#128,.T.);
#1503=EDGE_CURVE('',#1245,#1245,#129,.T.);
#1504=EDGE_CURVE('',#1246,#1247,#817,.T.);
#1505=EDGE_CURVE('',#1239,#1247,#818,.T.);
#1506=EDGE_CURVE('',#1242,#1246,#819,.T.);
#1507=EDGE_CURVE('',#1248,#1249,#820,.T.);
#1508=EDGE_CURVE('',#1249,#1247,#821,.T.);
#1509=EDGE_CURVE('',#1248,#1246,#822,.T.);
#1510=EDGE_CURVE('',#1250,#1248,#823,.T.);
#1511=EDGE_CURVE('',#1251,#1250,#824,.T.);
#1512=EDGE_CURVE('',#1249,#1251,#825,.T.);
#1513=EDGE_CURVE('',#1252,#1252,#130,.T.);
#1514=EDGE_CURVE('',#1253,#1253,#131,.T.);
#1515=EDGE_CURVE('',#1254,#1254,#132,.T.);
#1516=EDGE_CURVE('',#1249,#1255,#133,.T.);
#1517=EDGE_CURVE('',#1256,#1251,#134,.T.);
#1518=EDGE_CURVE('',#1255,#1256,#826,.T.);
#1519=EDGE_CURVE('',#1255,#1257,#827,.T.);
#1520=EDGE_CURVE('',#1247,#1257,#135,.T.);
#1521=EDGE_CURVE('',#1235,#1257,#828,.T.);
#1522=EDGE_CURVE('',#1257,#1258,#829,.T.);
#1523=EDGE_CURVE('',#1258,#1237,#830,.T.);
#1524=EDGE_CURVE('',#1255,#1259,#831,.T.);
#1525=EDGE_CURVE('',#1259,#1258,#832,.T.);
#1526=EDGE_CURVE('',#1260,#1256,#833,.T.);
#1527=EDGE_CURVE('',#1259,#1260,#834,.T.);
#1528=EDGE_CURVE('',#1259,#1261,#136,.T.);
#1529=EDGE_CURVE('',#1262,#1260,#137,.T.);
#1530=EDGE_CURVE('',#1261,#1262,#835,.T.);
#1531=EDGE_CURVE('',#1261,#1263,#836,.T.);
#1532=EDGE_CURVE('',#1258,#1263,#138,.T.);
#1533=EDGE_CURVE('',#1263,#1264,#837,.T.);
#1534=EDGE_CURVE('',#1237,#1264,#139,.T.);
#1535=EDGE_CURVE('',#1264,#1265,#838,.T.);
#1536=EDGE_CURVE('',#1238,#1265,#140,.T.);
#1537=EDGE_CURVE('',#1266,#1267,#141,.T.);
#1538=EDGE_CURVE('',#1267,#1238,#839,.T.);
#1539=EDGE_CURVE('',#1266,#1265,#840,.T.);
#1540=EDGE_CURVE('',#1260,#1267,#841,.T.);
#1541=EDGE_CURVE('',#1262,#1266,#842,.T.);
#1542=EDGE_CURVE('',#1268,#1262,#843,.T.);
#1543=EDGE_CURVE('',#1269,#1266,#844,.T.);
#1544=EDGE_CURVE('',#1268,#1269,#845,.T.);
#1545=EDGE_CURVE('',#1261,#1270,#846,.T.);
#1546=EDGE_CURVE('',#1271,#1268,#142,.T.);
#1547=EDGE_CURVE('',#1272,#1271,#847,.T.);
#1548=EDGE_CURVE('',#1273,#1272,#143,.T.);
#1549=EDGE_CURVE('',#1274,#1273,#848,.T.);
#1550=EDGE_CURVE('',#1275,#1274,#144,.T.);
#1551=EDGE_CURVE('',#1276,#1275,#849,.T.);
#1552=EDGE_CURVE('',#1277,#1276,#145,.T.);
#1553=EDGE_CURVE('',#1278,#1277,#850,.T.);
#1554=EDGE_CURVE('',#1279,#1278,#146,.T.);
#1555=EDGE_CURVE('',#1280,#1279,#147,.T.);
#1556=EDGE_CURVE('',#1270,#1280,#148,.T.);
#1557=EDGE_CURVE('',#1281,#1281,#149,.T.);
#1558=EDGE_CURVE('',#1282,#1282,#150,.T.);
#1559=EDGE_CURVE('',#1283,#1283,#151,.T.);
#1560=EDGE_CURVE('',#1284,#1284,#152,.T.);
#1561=EDGE_CURVE('',#1285,#1285,#153,.T.);
#1562=EDGE_CURVE('',#1286,#1286,#154,.T.);
#1563=EDGE_CURVE('',#1287,#1287,#155,.T.);
#1564=EDGE_CURVE('',#1288,#1288,#156,.T.);
#1565=EDGE_CURVE('',#1289,#1289,#157,.T.);
#1566=EDGE_CURVE('',#1290,#1290,#158,.T.);
#1567=EDGE_CURVE('',#1291,#1291,#159,.T.);
#1568=EDGE_CURVE('',#1292,#1293,#160,.T.);
#1569=EDGE_CURVE('',#1294,#1292,#851,.T.);
#1570=EDGE_CURVE('',#1295,#1294,#161,.T.);
#1571=EDGE_CURVE('',#1296,#1295,#852,.T.);
#1572=EDGE_CURVE('',#1297,#1296,#162,.T.);
#1573=EDGE_CURVE('',#1298,#1297,#853,.T.);
#1574=EDGE_CURVE('',#1299,#1298,#163,.T.);
#1575=EDGE_CURVE('',#1293,#1299,#854,.T.);
#1576=EDGE_CURVE('',#1270,#1300,#855,.T.);
#1577=EDGE_CURVE('',#1263,#1300,#856,.T.);
#1578=EDGE_CURVE('',#1301,#1300,#857,.T.);
#1579=EDGE_CURVE('',#1264,#1301,#858,.T.);
#1580=EDGE_CURVE('',#1302,#1303,#164,.T.);
#1581=EDGE_CURVE('',#1302,#1304,#859,.T.);
#1582=EDGE_CURVE('',#1305,#1304,#165,.T.);
#1583=EDGE_CURVE('',#1305,#1306,#860,.T.);
#1584=EDGE_CURVE('',#1307,#1306,#166,.T.);
#1585=EDGE_CURVE('',#1307,#1308,#861,.T.);
#1586=EDGE_CURVE('',#1309,#1308,#167,.T.);
#1587=EDGE_CURVE('',#1309,#1265,#862,.T.);
#1588=EDGE_CURVE('',#1310,#1301,#168,.T.);
#1589=EDGE_CURVE('',#1310,#1311,#169,.T.);
#1590=EDGE_CURVE('',#1312,#1311,#170,.T.);
#1591=EDGE_CURVE('',#1312,#1303,#863,.T.);
#1592=EDGE_CURVE('',#1313,#1313,#171,.T.);
#1593=EDGE_CURVE('',#1314,#1314,#172,.T.);
#1594=EDGE_CURVE('',#1315,#1315,#173,.T.);
#1595=EDGE_CURVE('',#1316,#1316,#174,.T.);
#1596=EDGE_CURVE('',#1317,#1317,#175,.T.);
#1597=EDGE_CURVE('',#1318,#1318,#176,.T.);
#1598=EDGE_CURVE('',#1319,#1319,#177,.T.);
#1599=EDGE_CURVE('',#1320,#1320,#178,.T.);
#1600=EDGE_CURVE('',#1321,#1321,#179,.T.);
#1601=EDGE_CURVE('',#1322,#1322,#180,.T.);
#1602=EDGE_CURVE('',#1323,#1323,#181,.T.);
#1603=EDGE_CURVE('',#1324,#1325,#864,.T.);
#1604=EDGE_CURVE('',#1326,#1325,#182,.T.);
#1605=EDGE_CURVE('',#1326,#1327,#865,.T.);
#1606=EDGE_CURVE('',#1328,#1327,#183,.T.);
#1607=EDGE_CURVE('',#1328,#1329,#866,.T.);
#1608=EDGE_CURVE('',#1330,#1329,#184,.T.);
#1609=EDGE_CURVE('',#1330,#1331,#867,.T.);
#1610=EDGE_CURVE('',#1324,#1331,#185,.T.);
#1611=EDGE_CURVE('',#1332,#1333,#186,.T.);
#1612=EDGE_CURVE('',#1333,#1302,#868,.T.);
#1613=EDGE_CURVE('',#1332,#1303,#869,.T.);
#1614=EDGE_CURVE('',#1276,#1333,#870,.T.);
#1615=EDGE_CURVE('',#1277,#1332,#871,.T.);
#1616=EDGE_CURVE('',#1334,#1332,#872,.T.);
#1617=EDGE_CURVE('',#1278,#1334,#873,.T.);
#1618=EDGE_CURVE('',#1335,#1334,#187,.T.);
#1619=EDGE_CURVE('',#1279,#1335,#874,.T.);
#1620=EDGE_CURVE('',#1336,#1335,#188,.T.);
#1621=EDGE_CURVE('',#1280,#1336,#875,.T.);
#1622=EDGE_CURVE('',#1300,#1336,#189,.T.);
#1623=EDGE_CURVE('',#1310,#1336,#876,.T.);
#1624=EDGE_CURVE('',#1311,#1335,#877,.T.);
#1625=EDGE_CURVE('',#1312,#1334,#878,.T.);
#1626=EDGE_CURVE('',#1275,#1337,#879,.T.);
#1627=EDGE_CURVE('',#1333,#1337,#880,.T.);
#1628=EDGE_CURVE('',#1304,#1337,#881,.T.);
#1629=EDGE_CURVE('',#1337,#1338,#190,.T.);
#1630=EDGE_CURVE('',#1305,#1338,#882,.T.);
#1631=EDGE_CURVE('',#1274,#1338,#883,.T.);
#1632=EDGE_CURVE('',#1273,#1339,#884,.T.);
#1633=EDGE_CURVE('',#1338,#1339,#885,.T.);
#1634=EDGE_CURVE('',#1339,#1306,#886,.T.);
#1635=EDGE_CURVE('',#1339,#1340,#191,.T.);
#1636=EDGE_CURVE('',#1340,#1307,#887,.T.);
#1637=EDGE_CURVE('',#1272,#1340,#888,.T.);
#1638=EDGE_CURVE('',#1271,#1341,#889,.T.);
#1639=EDGE_CURVE('',#1340,#1341,#890,.T.);
#1640=EDGE_CURVE('',#1341,#1308,#891,.T.);
#1641=EDGE_CURVE('',#1341,#1269,#192,.T.);
#1642=EDGE_CURVE('',#1269,#1309,#892,.T.);
#1643=EDGE_CURVE('',#1342,#1343,#193,.T.);
#1644=EDGE_CURVE('',#1343,#1342,#194,.T.);
#1645=EDGE_CURVE('',#1343,#1313,#893,.T.);
#1646=EDGE_CURVE('',#1342,#1344,#894,.T.);
#1647=EDGE_CURVE('',#1344,#1344,#195,.T.);
#1648=EDGE_CURVE('',#1345,#1345,#196,.T.);
#1649=EDGE_CURVE('',#1281,#1345,#895,.T.);
#1650=EDGE_CURVE('',#1346,#1347,#197,.T.);
#1651=EDGE_CURVE('',#1347,#1346,#198,.T.);
#1652=EDGE_CURVE('',#1347,#1314,#896,.T.);
#1653=EDGE_CURVE('',#1346,#1348,#897,.T.);
#1654=EDGE_CURVE('',#1348,#1348,#199,.T.);
#1655=EDGE_CURVE('',#1349,#1349,#200,.T.);
#1656=EDGE_CURVE('',#1282,#1349,#898,.T.);
#1657=EDGE_CURVE('',#1350,#1351,#201,.T.);
#1658=EDGE_CURVE('',#1351,#1350,#202,.T.);
#1659=EDGE_CURVE('',#1351,#1315,#899,.T.);
#1660=EDGE_CURVE('',#1350,#1352,#900,.T.);
#1661=EDGE_CURVE('',#1352,#1352,#203,.T.);
#1662=EDGE_CURVE('',#1353,#1353,#204,.T.);
#1663=EDGE_CURVE('',#1283,#1353,#901,.T.);
#1664=EDGE_CURVE('',#1354,#1355,#205,.T.);
#1665=EDGE_CURVE('',#1355,#1354,#206,.T.);
#1666=EDGE_CURVE('',#1355,#1316,#902,.T.);
#1667=EDGE_CURVE('',#1354,#1356,#903,.T.);
#1668=EDGE_CURVE('',#1356,#1356,#207,.T.);
#1669=EDGE_CURVE('',#1357,#1357,#208,.T.);
#1670=EDGE_CURVE('',#1284,#1357,#904,.T.);
#1671=EDGE_CURVE('',#1358,#1359,#209,.T.);
#1672=EDGE_CURVE('',#1359,#1358,#210,.T.);
#1673=EDGE_CURVE('',#1359,#1317,#905,.T.);
#1674=EDGE_CURVE('',#1358,#1285,#906,.T.);
#1675=EDGE_CURVE('',#1360,#1361,#211,.T.);
#1676=EDGE_CURVE('',#1361,#1360,#212,.T.);
#1677=EDGE_CURVE('',#1361,#1318,#907,.T.);
#1678=EDGE_CURVE('',#1360,#1286,#908,.T.);
#1679=EDGE_CURVE('',#1362,#1363,#213,.T.);
#1680=EDGE_CURVE('',#1363,#1362,#214,.T.);
#1681=EDGE_CURVE('',#1363,#1319,#909,.T.);
#1682=EDGE_CURVE('',#1362,#1287,#910,.T.);
#1683=EDGE_CURVE('',#1364,#1365,#215,.T.);
#1684=EDGE_CURVE('',#1365,#1364,#216,.T.);
#1685=EDGE_CURVE('',#1365,#1320,#911,.T.);
#1686=EDGE_CURVE('',#1364,#1288,#912,.T.);
#1687=EDGE_CURVE('',#1366,#1367,#217,.T.);
#1688=EDGE_CURVE('',#1367,#1366,#218,.T.);
#1689=EDGE_CURVE('',#1367,#1321,#913,.T.);
#1690=EDGE_CURVE('',#1366,#1368,#914,.T.);
#1691=EDGE_CURVE('',#1368,#1368,#219,.T.);
#1692=EDGE_CURVE('',#1369,#1369,#220,.T.);
#1693=EDGE_CURVE('',#1289,#1369,#915,.T.);
#1694=EDGE_CURVE('',#1370,#1371,#221,.T.);
#1695=EDGE_CURVE('',#1371,#1370,#222,.T.);
#1696=EDGE_CURVE('',#1371,#1322,#916,.T.);
#1697=EDGE_CURVE('',#1370,#1372,#917,.T.);
#1698=EDGE_CURVE('',#1372,#1372,#223,.T.);
#1699=EDGE_CURVE('',#1373,#1373,#224,.T.);
#1700=EDGE_CURVE('',#1290,#1373,#918,.T.);
#1701=EDGE_CURVE('',#1374,#1375,#225,.T.);
#1702=EDGE_CURVE('',#1375,#1374,#226,.T.);
#1703=EDGE_CURVE('',#1375,#1323,#919,.T.);
#1704=EDGE_CURVE('',#1374,#1376,#920,.T.);
#1705=EDGE_CURVE('',#1376,#1376,#227,.T.);
#1706=EDGE_CURVE('',#1377,#1377,#228,.T.);
#1707=EDGE_CURVE('',#1291,#1377,#921,.T.);
#1708=EDGE_CURVE('',#1378,#1379,#922,.T.);
#1709=EDGE_CURVE('',#1325,#1379,#923,.T.);
#1710=EDGE_CURVE('',#1324,#1378,#924,.T.);
#1711=EDGE_CURVE('',#1295,#1379,#925,.T.);
#1712=EDGE_CURVE('',#1296,#1378,#926,.T.);
#1713=EDGE_CURVE('',#1380,#1378,#229,.T.);
#1714=EDGE_CURVE('',#1297,#1380,#927,.T.);
#1715=EDGE_CURVE('',#1381,#1380,#928,.T.);
#1716=EDGE_CURVE('',#1298,#1381,#929,.T.);
#1717=EDGE_CURVE('',#1382,#1381,#230,.T.);
#1718=EDGE_CURVE('',#1299,#1382,#930,.T.);
#1719=EDGE_CURVE('',#1383,#1382,#931,.T.);
#1720=EDGE_CURVE('',#1293,#1383,#932,.T.);
#1721=EDGE_CURVE('',#1384,#1383,#231,.T.);
#1722=EDGE_CURVE('',#1292,#1384,#933,.T.);
#1723=EDGE_CURVE('',#1385,#1384,#934,.T.);
#1724=EDGE_CURVE('',#1294,#1385,#935,.T.);
#1725=EDGE_CURVE('',#1379,#1385,#232,.T.);
#1726=EDGE_CURVE('',#1326,#1385,#936,.T.);
#1727=EDGE_CURVE('',#1327,#1384,#937,.T.);
#1728=EDGE_CURVE('',#1328,#1383,#938,.T.);
#1729=EDGE_CURVE('',#1329,#1382,#939,.T.);
#1730=EDGE_CURVE('',#1330,#1381,#940,.T.);
#1731=EDGE_CURVE('',#1331,#1380,#941,.T.);
#1732=EDGE_CURVE('',#1256,#1386,#942,.T.);
#1733=EDGE_CURVE('',#1267,#1386,#943,.T.);
#1734=EDGE_CURVE('',#1236,#1386,#944,.T.);
#1735=EDGE_CURVE('',#1386,#1387,#233,.T.);
#1736=EDGE_CURVE('',#1240,#1387,#945,.T.);
#1737=EDGE_CURVE('',#1251,#1387,#946,.T.);
#1738=EDGE_CURVE('',#1250,#1388,#947,.T.);
#1739=EDGE_CURVE('',#1387,#1388,#948,.T.);
#1740=EDGE_CURVE('',#1241,#1388,#949,.T.);
#1741=EDGE_CURVE('',#1388,#1389,#234,.T.);
#1742=EDGE_CURVE('',#1390,#1389,#950,.T.);
#1743=EDGE_CURVE('',#1241,#1390,#235,.T.);
#1744=EDGE_CURVE('',#1250,#1391,#236,.T.);
#1745=EDGE_CURVE('',#1391,#1389,#951,.T.);
#1746=EDGE_CURVE('',#1392,#1248,#237,.T.);
#1747=EDGE_CURVE('',#1391,#1392,#952,.T.);
#1748=EDGE_CURVE('',#1393,#1246,#238,.T.);
#1749=EDGE_CURVE('',#1392,#1393,#953,.T.);
#1750=EDGE_CURVE('',#1394,#1392,#954,.T.);
#1751=EDGE_CURVE('',#1395,#1393,#955,.T.);
#1752=EDGE_CURVE('',#1394,#1395,#956,.T.);
#1753=EDGE_CURVE('',#1396,#1394,#957,.T.);
#1754=EDGE_CURVE('',#1391,#1396,#958,.T.);
#1755=EDGE_CURVE('',#1396,#1397,#959,.T.);
#1756=EDGE_CURVE('',#1389,#1397,#960,.T.);
#1757=EDGE_CURVE('',#1397,#1398,#961,.T.);
#1758=EDGE_CURVE('',#1390,#1398,#962,.T.);
#1759=EDGE_CURVE('',#1390,#1399,#963,.T.);
#1760=EDGE_CURVE('',#1398,#1400,#964,.T.);
#1761=EDGE_CURVE('',#1400,#1399,#965,.T.);
#1762=EDGE_CURVE('',#1399,#1242,#239,.T.);
#1763=EDGE_CURVE('',#1399,#1393,#966,.T.);
#1764=EDGE_CURVE('',#1395,#1400,#967,.T.);
#1765=EDGE_CURVE('',#1401,#1395,#240,.T.);
#1766=EDGE_CURVE('',#1400,#1402,#241,.T.);
#1767=EDGE_CURVE('',#1401,#1402,#968,.T.);
#1768=EDGE_CURVE('',#1403,#1394,#242,.T.);
#1769=EDGE_CURVE('',#1403,#1401,#969,.T.);
#1770=EDGE_CURVE('',#1404,#1403,#970,.T.);
#1771=EDGE_CURVE('',#1396,#1404,#243,.T.);
#1772=EDGE_CURVE('',#1404,#1405,#971,.T.);
#1773=EDGE_CURVE('',#1397,#1405,#244,.T.);
#1774=EDGE_CURVE('',#1405,#1406,#972,.T.);
#1775=EDGE_CURVE('',#1398,#1406,#245,.T.);
#1776=EDGE_CURVE('',#1406,#1402,#973,.T.);
#1777=EDGE_CURVE('',#1407,#1408,#246,.T.);
#1778=EDGE_CURVE('',#1409,#1408,#247,.T.);
#1779=EDGE_CURVE('',#1409,#1402,#974,.T.);
#1780=EDGE_CURVE('',#1406,#1410,#975,.T.);
#1781=EDGE_CURVE('',#1407,#1410,#248,.T.);
#1782=EDGE_CURVE('',#1411,#1411,#249,.T.);
#1783=EDGE_CURVE('',#1412,#1412,#250,.T.);
#1784=EDGE_CURVE('',#1413,#1413,#251,.T.);
#1785=EDGE_CURVE('',#1414,#1414,#252,.T.);
#1786=EDGE_CURVE('',#1415,#1415,#253,.T.);
#1787=EDGE_CURVE('',#1416,#1416,#254,.T.);
#1788=EDGE_CURVE('',#1417,#1417,#255,.T.);
#1789=EDGE_CURVE('',#1418,#1418,#256,.T.);
#1790=EDGE_CURVE('',#1419,#1419,#257,.T.);
#1791=EDGE_CURVE('',#1420,#1421,#258,.T.);
#1792=EDGE_CURVE('',#1408,#1420,#976,.T.);
#1793=EDGE_CURVE('',#1407,#1421,#977,.T.);
#1794=EDGE_CURVE('',#1422,#1421,#978,.T.);
#1795=EDGE_CURVE('',#1422,#1423,#259,.T.);
#1796=EDGE_CURVE('',#1423,#1424,#15,.T.);
#1797=EDGE_CURVE('',#1424,#1425,#260,.T.);
#1798=EDGE_CURVE('',#1425,#1426,#16,.T.);
#1799=EDGE_CURVE('',#1426,#1427,#261,.T.);
#1800=EDGE_CURVE('',#1428,#1427,#17,.F.);
#1801=EDGE_CURVE('',#1428,#1429,#262,.T.);
#1802=EDGE_CURVE('',#1429,#1430,#18,.T.);
#1803=EDGE_CURVE('',#1430,#1431,#263,.T.);
#1804=EDGE_CURVE('',#1431,#1432,#19,.T.);
#1805=EDGE_CURVE('',#1432,#1433,#264,.T.);
#1806=EDGE_CURVE('',#1433,#1420,#979,.T.);
#1807=EDGE_CURVE('',#1433,#1434,#265,.T.);
#1808=EDGE_CURVE('',#1434,#1435,#980,.T.);
#1809=EDGE_CURVE('',#1420,#1435,#266,.T.);
#1810=EDGE_CURVE('',#1430,#1436,#267,.T.);
#1811=EDGE_CURVE('',#1436,#1429,#268,.T.);
#1812=EDGE_CURVE('',#1428,#1437,#269,.T.);
#1813=EDGE_CURVE('',#1437,#1427,#270,.T.);
#1814=EDGE_CURVE('',#1426,#1438,#271,.T.);
#1815=EDGE_CURVE('',#1438,#1425,#272,.T.);
#1816=EDGE_CURVE('',#1424,#1439,#273,.T.);
#1817=EDGE_CURVE('',#1439,#1423,#274,.T.);
#1818=EDGE_CURVE('',#1440,#1422,#275,.T.);
#1819=EDGE_CURVE('',#1404,#1440,#981,.T.);
#1820=EDGE_CURVE('',#1434,#1403,#982,.T.);
#1821=EDGE_CURVE('',#1432,#1441,#276,.T.);
#1822=EDGE_CURVE('',#1441,#1431,#277,.T.);
#1823=EDGE_CURVE('',#1442,#1442,#278,.T.);
#1824=EDGE_CURVE('',#1443,#1443,#279,.T.);
#1825=EDGE_CURVE('',#1444,#1444,#280,.T.);
#1826=EDGE_CURVE('',#1445,#1445,#281,.T.);
#1827=EDGE_CURVE('',#1441,#1446,#983,.T.);
#1828=EDGE_CURVE('',#1446,#1446,#282,.T.);
#1829=EDGE_CURVE('',#1447,#1447,#283,.T.);
#1830=EDGE_CURVE('',#1448,#1449,#284,.T.);
#1831=EDGE_CURVE('',#1449,#1447,#984,.T.);
#1832=EDGE_CURVE('',#1449,#1448,#285,.T.);
#1833=EDGE_CURVE('',#1448,#1416,#985,.T.);
#1834=EDGE_CURVE('',#1435,#1401,#986,.T.);
#1835=EDGE_CURVE('',#1409,#1435,#987,.T.);
#1836=EDGE_CURVE('',#1440,#1450,#988,.T.);
#1837=EDGE_CURVE('',#1405,#1450,#989,.T.);
#1838=EDGE_CURVE('',#1410,#1450,#990,.T.);
#1839=EDGE_CURVE('',#1450,#1421,#286,.T.);
#1840=EDGE_CURVE('',#1439,#1451,#991,.T.);
#1841=EDGE_CURVE('',#1451,#1451,#287,.T.);
#1842=EDGE_CURVE('',#1452,#1452,#288,.T.);
#1843=EDGE_CURVE('',#1453,#1454,#289,.T.);
#1844=EDGE_CURVE('',#1454,#1452,#992,.T.);
#1845=EDGE_CURVE('',#1454,#1453,#290,.T.);
#1846=EDGE_CURVE('',#1453,#1415,#993,.T.);
#1847=EDGE_CURVE('',#1438,#1455,#994,.T.);
#1848=EDGE_CURVE('',#1455,#1455,#291,.T.);
#1849=EDGE_CURVE('',#1456,#1456,#292,.T.);
#1850=EDGE_CURVE('',#1457,#1458,#293,.T.);
#1851=EDGE_CURVE('',#1458,#1456,#995,.T.);
#1852=EDGE_CURVE('',#1458,#1457,#294,.T.);
#1853=EDGE_CURVE('',#1457,#1414,#996,.T.);
#1854=EDGE_CURVE('',#1437,#1459,#997,.T.);
#1855=EDGE_CURVE('',#1459,#1459,#295,.T.);
#1856=EDGE_CURVE('',#1460,#1460,#296,.T.);
#1857=EDGE_CURVE('',#1461,#1462,#297,.T.);
#1858=EDGE_CURVE('',#1462,#1460,#998,.T.);
#1859=EDGE_CURVE('',#1462,#1461,#298,.T.);
#1860=EDGE_CURVE('',#1461,#1413,#999,.T.);
#1861=EDGE_CURVE('',#1436,#1463,#1000,.T.);
#1862=EDGE_CURVE('',#1463,#1463,#299,.T.);
#1863=EDGE_CURVE('',#1464,#1464,#300,.T.);
#1864=EDGE_CURVE('',#1465,#1466,#301,.T.);
#1865=EDGE_CURVE('',#1466,#1464,#1001,.T.);
#1866=EDGE_CURVE('',#1466,#1465,#302,.T.);
#1867=EDGE_CURVE('',#1465,#1417,#1002,.T.);
#1868=EDGE_CURVE('',#1411,#1442,#1003,.T.);
#1869=EDGE_CURVE('',#1443,#1467,#1004,.T.);
#1870=EDGE_CURVE('',#1467,#1467,#303,.T.);
#1871=EDGE_CURVE('',#1468,#1468,#304,.T.);
#1872=EDGE_CURVE('',#1469,#1470,#305,.T.);
#1873=EDGE_CURVE('',#1470,#1468,#1005,.T.);
#1874=EDGE_CURVE('',#1470,#1469,#306,.T.);
#1875=EDGE_CURVE('',#1469,#1412,#1006,.T.);
#1876=EDGE_CURVE('',#1444,#1471,#1007,.T.);
#1877=EDGE_CURVE('',#1471,#1471,#307,.T.);
#1878=EDGE_CURVE('',#1472,#1472,#308,.T.);
#1879=EDGE_CURVE('',#1473,#1474,#309,.T.);
#1880=EDGE_CURVE('',#1474,#1472,#1008,.T.);
#1881=EDGE_CURVE('',#1474,#1473,#310,.T.);
#1882=EDGE_CURVE('',#1473,#1418,#1009,.T.);
#1883=EDGE_CURVE('',#1445,#1475,#1010,.T.);
#1884=EDGE_CURVE('',#1475,#1475,#311,.T.);
#1885=EDGE_CURVE('',#1476,#1476,#312,.T.);
#1886=EDGE_CURVE('',#1477,#1478,#313,.T.);
#1887=EDGE_CURVE('',#1478,#1476,#1011,.T.);
#1888=EDGE_CURVE('',#1478,#1477,#314,.T.);
#1889=EDGE_CURVE('',#1477,#1419,#1012,.T.);
#1890=EDGE_CURVE('',#1479,#1480,#315,.T.);
#1891=EDGE_CURVE('',#1480,#1479,#316,.T.);
#1892=EDGE_CURVE('',#1480,#1252,#1013,.T.);
#1893=EDGE_CURVE('',#1479,#1481,#1014,.T.);
#1894=EDGE_CURVE('',#1481,#1481,#317,.T.);
#1895=EDGE_CURVE('',#1482,#1482,#318,.T.);
#1896=EDGE_CURVE('',#1243,#1482,#1015,.T.);
#1897=EDGE_CURVE('',#1483,#1484,#319,.T.);
#1898=EDGE_CURVE('',#1484,#1483,#320,.T.);
#1899=EDGE_CURVE('',#1484,#1253,#1016,.T.);
#1900=EDGE_CURVE('',#1483,#1485,#1017,.T.);
#1901=EDGE_CURVE('',#1485,#1485,#321,.T.);
#1902=EDGE_CURVE('',#1486,#1486,#322,.T.);
#1903=EDGE_CURVE('',#1244,#1486,#1018,.T.);
#1904=EDGE_CURVE('',#1487,#1488,#323,.T.);
#1905=EDGE_CURVE('',#1488,#1487,#324,.T.);
#1906=EDGE_CURVE('',#1488,#1254,#1019,.T.);
#1907=EDGE_CURVE('',#1487,#1489,#1020,.T.);
#1908=EDGE_CURVE('',#1489,#1489,#325,.T.);
#1909=EDGE_CURVE('',#1490,#1490,#326,.T.);
#1910=EDGE_CURVE('',#1245,#1490,#1021,.T.);
#1911=ORIENTED_EDGE('',*,*,#1491,.F.);
#1912=ORIENTED_EDGE('',*,*,#1492,.T.);
#1913=ORIENTED_EDGE('',*,*,#1493,.T.);
#1914=ORIENTED_EDGE('',*,*,#1494,.T.);
#1915=ORIENTED_EDGE('',*,*,#1495,.F.);
#1916=ORIENTED_EDGE('',*,*,#1496,.T.);
#1917=ORIENTED_EDGE('',*,*,#1491,.T.);
#1918=ORIENTED_EDGE('',*,*,#1497,.T.);
#1919=ORIENTED_EDGE('',*,*,#1495,.T.);
#1920=ORIENTED_EDGE('',*,*,#1498,.T.);
#1921=ORIENTED_EDGE('',*,*,#1499,.T.);
#1922=ORIENTED_EDGE('',*,*,#1500,.T.);
#1923=ORIENTED_EDGE('',*,*,#1501,.T.);
#1924=ORIENTED_EDGE('',*,*,#1502,.T.);
#1925=ORIENTED_EDGE('',*,*,#1503,.T.);
#1926=ORIENTED_EDGE('',*,*,#1504,.T.);
#1927=ORIENTED_EDGE('',*,*,#1505,.F.);
#1928=ORIENTED_EDGE('',*,*,#1500,.F.);
#1929=ORIENTED_EDGE('',*,*,#1506,.T.);
#1930=ORIENTED_EDGE('',*,*,#1507,.T.);
#1931=ORIENTED_EDGE('',*,*,#1508,.T.);
#1932=ORIENTED_EDGE('',*,*,#1504,.F.);
#1933=ORIENTED_EDGE('',*,*,#1509,.F.);
#1934=ORIENTED_EDGE('',*,*,#1507,.F.);
#1935=ORIENTED_EDGE('',*,*,#1510,.F.);
#1936=ORIENTED_EDGE('',*,*,#1511,.F.);
#1937=ORIENTED_EDGE('',*,*,#1512,.F.);
#1938=ORIENTED_EDGE('',*,*,#1513,.F.);
#1939=ORIENTED_EDGE('',*,*,#1514,.F.);
#1940=ORIENTED_EDGE('',*,*,#1515,.F.);
#1941=ORIENTED_EDGE('',*,*,#1516,.F.);
#1942=ORIENTED_EDGE('',*,*,#1512,.T.);
#1943=ORIENTED_EDGE('',*,*,#1517,.F.);
#1944=ORIENTED_EDGE('',*,*,#1518,.F.);
#1945=ORIENTED_EDGE('',*,*,#1516,.T.);
#1946=ORIENTED_EDGE('',*,*,#1519,.T.);
#1947=ORIENTED_EDGE('',*,*,#1520,.F.);
#1948=ORIENTED_EDGE('',*,*,#1508,.F.);
#1949=ORIENTED_EDGE('',*,*,#1520,.T.);
#1950=ORIENTED_EDGE('',*,*,#1521,.F.);
#1951=ORIENTED_EDGE('',*,*,#1496,.F.);
#1952=ORIENTED_EDGE('',*,*,#1505,.T.);
#1953=ORIENTED_EDGE('',*,*,#1522,.T.);
#1954=ORIENTED_EDGE('',*,*,#1523,.T.);
#1955=ORIENTED_EDGE('',*,*,#1492,.F.);
#1956=ORIENTED_EDGE('',*,*,#1521,.T.);
#1957=ORIENTED_EDGE('',*,*,#1524,.T.);
#1958=ORIENTED_EDGE('',*,*,#1525,.T.);
#1959=ORIENTED_EDGE('',*,*,#1522,.F.);
#1960=ORIENTED_EDGE('',*,*,#1519,.F.);
#1961=ORIENTED_EDGE('',*,*,#1524,.F.);
#1962=ORIENTED_EDGE('',*,*,#1518,.T.);
#1963=ORIENTED_EDGE('',*,*,#1526,.F.);
#1964=ORIENTED_EDGE('',*,*,#1527,.F.);
#1965=ORIENTED_EDGE('',*,*,#1528,.F.);
#1966=ORIENTED_EDGE('',*,*,#1527,.T.);
#1967=ORIENTED_EDGE('',*,*,#1529,.F.);
#1968=ORIENTED_EDGE('',*,*,#1530,.F.);
#1969=ORIENTED_EDGE('',*,*,#1528,.T.);
#1970=ORIENTED_EDGE('',*,*,#1531,.T.);
#1971=ORIENTED_EDGE('',*,*,#1532,.F.);
#1972=ORIENTED_EDGE('',*,*,#1525,.F.);
#1973=ORIENTED_EDGE('',*,*,#1532,.T.);
#1974=ORIENTED_EDGE('',*,*,#1533,.T.);
#1975=ORIENTED_EDGE('',*,*,#1534,.F.);
#1976=ORIENTED_EDGE('',*,*,#1523,.F.);
#1977=ORIENTED_EDGE('',*,*,#1493,.F.);
#1978=ORIENTED_EDGE('',*,*,#1534,.T.);
#1979=ORIENTED_EDGE('',*,*,#1535,.T.);
#1980=ORIENTED_EDGE('',*,*,#1536,.F.);
#1981=ORIENTED_EDGE('',*,*,#1537,.T.);
#1982=ORIENTED_EDGE('',*,*,#1538,.T.);
#1983=ORIENTED_EDGE('',*,*,#1536,.T.);
#1984=ORIENTED_EDGE('',*,*,#1539,.F.);
#1985=ORIENTED_EDGE('',*,*,#1529,.T.);
#1986=ORIENTED_EDGE('',*,*,#1540,.T.);
#1987=ORIENTED_EDGE('',*,*,#1537,.F.);
#1988=ORIENTED_EDGE('',*,*,#1541,.F.);
#1989=ORIENTED_EDGE('',*,*,#1542,.T.);
#1990=ORIENTED_EDGE('',*,*,#1541,.T.);
#1991=ORIENTED_EDGE('',*,*,#1543,.F.);
#1992=ORIENTED_EDGE('',*,*,#1544,.F.);
#1993=ORIENTED_EDGE('',*,*,#1545,.F.);
#1994=ORIENTED_EDGE('',*,*,#1530,.T.);
#1995=ORIENTED_EDGE('',*,*,#1542,.F.);
#1996=ORIENTED_EDGE('',*,*,#1546,.F.);
#1997=ORIENTED_EDGE('',*,*,#1547,.F.);
#1998=ORIENTED_EDGE('',*,*,#1548,.F.);
#1999=ORIENTED_EDGE('',*,*,#1549,.F.);
#2000=ORIENTED_EDGE('',*,*,#1550,.F.);
#2001=ORIENTED_EDGE('',*,*,#1551,.F.);
#2002=ORIENTED_EDGE('',*,*,#1552,.F.);
#2003=ORIENTED_EDGE('',*,*,#1553,.F.);
#2004=ORIENTED_EDGE('',*,*,#1554,.F.);
#2005=ORIENTED_EDGE('',*,*,#1555,.F.);
#2006=ORIENTED_EDGE('',*,*,#1556,.F.);
#2007=ORIENTED_EDGE('',*,*,#1557,.T.);
#2008=ORIENTED_EDGE('',*,*,#1558,.T.);
#2009=ORIENTED_EDGE('',*,*,#1559,.T.);
#2010=ORIENTED_EDGE('',*,*,#1560,.T.);
#2011=ORIENTED_EDGE('',*,*,#1561,.T.);
#2012=ORIENTED_EDGE('',*,*,#1562,.T.);
#2013=ORIENTED_EDGE('',*,*,#1563,.T.);
#2014=ORIENTED_EDGE('',*,*,#1564,.T.);
#2015=ORIENTED_EDGE('',*,*,#1565,.T.);
#2016=ORIENTED_EDGE('',*,*,#1566,.T.);
#2017=ORIENTED_EDGE('',*,*,#1567,.T.);
#2018=ORIENTED_EDGE('',*,*,#1568,.F.);
#2019=ORIENTED_EDGE('',*,*,#1569,.F.);
#2020=ORIENTED_EDGE('',*,*,#1570,.F.);
#2021=ORIENTED_EDGE('',*,*,#1571,.F.);
#2022=ORIENTED_EDGE('',*,*,#1572,.F.);
#2023=ORIENTED_EDGE('',*,*,#1573,.F.);
#2024=ORIENTED_EDGE('',*,*,#1574,.F.);
#2025=ORIENTED_EDGE('',*,*,#1575,.F.);
#2026=ORIENTED_EDGE('',*,*,#1545,.T.);
#2027=ORIENTED_EDGE('',*,*,#1576,.T.);
#2028=ORIENTED_EDGE('',*,*,#1577,.F.);
#2029=ORIENTED_EDGE('',*,*,#1531,.F.);
#2030=ORIENTED_EDGE('',*,*,#1577,.T.);
#2031=ORIENTED_EDGE('',*,*,#1578,.F.);
#2032=ORIENTED_EDGE('',*,*,#1579,.F.);
#2033=ORIENTED_EDGE('',*,*,#1533,.F.);
#2034=ORIENTED_EDGE('',*,*,#1580,.F.);
#2035=ORIENTED_EDGE('',*,*,#1581,.T.);
#2036=ORIENTED_EDGE('',*,*,#1582,.F.);
#2037=ORIENTED_EDGE('',*,*,#1583,.T.);
#2038=ORIENTED_EDGE('',*,*,#1584,.F.);
#2039=ORIENTED_EDGE('',*,*,#1585,.T.);
#2040=ORIENTED_EDGE('',*,*,#1586,.F.);
#2041=ORIENTED_EDGE('',*,*,#1587,.T.);
#2042=ORIENTED_EDGE('',*,*,#1535,.F.);
#2043=ORIENTED_EDGE('',*,*,#1579,.T.);
#2044=ORIENTED_EDGE('',*,*,#1588,.F.);
#2045=ORIENTED_EDGE('',*,*,#1589,.T.);
#2046=ORIENTED_EDGE('',*,*,#1590,.F.);
#2047=ORIENTED_EDGE('',*,*,#1591,.T.);
#2048=ORIENTED_EDGE('',*,*,#1592,.F.);
#2049=ORIENTED_EDGE('',*,*,#1593,.F.);
#2050=ORIENTED_EDGE('',*,*,#1594,.F.);
#2051=ORIENTED_EDGE('',*,*,#1595,.F.);
#2052=ORIENTED_EDGE('',*,*,#1596,.F.);
#2053=ORIENTED_EDGE('',*,*,#1597,.F.);
#2054=ORIENTED_EDGE('',*,*,#1598,.F.);
#2055=ORIENTED_EDGE('',*,*,#1599,.F.);
#2056=ORIENTED_EDGE('',*,*,#1600,.F.);
#2057=ORIENTED_EDGE('',*,*,#1601,.F.);
#2058=ORIENTED_EDGE('',*,*,#1602,.F.);
#2059=ORIENTED_EDGE('',*,*,#1603,.T.);
#2060=ORIENTED_EDGE('',*,*,#1604,.F.);
#2061=ORIENTED_EDGE('',*,*,#1605,.T.);
#2062=ORIENTED_EDGE('',*,*,#1606,.F.);
#2063=ORIENTED_EDGE('',*,*,#1607,.T.);
#2064=ORIENTED_EDGE('',*,*,#1608,.F.);
#2065=ORIENTED_EDGE('',*,*,#1609,.T.);
#2066=ORIENTED_EDGE('',*,*,#1610,.F.);
#2067=ORIENTED_EDGE('',*,*,#1611,.T.);
#2068=ORIENTED_EDGE('',*,*,#1612,.T.);
#2069=ORIENTED_EDGE('',*,*,#1580,.T.);
#2070=ORIENTED_EDGE('',*,*,#1613,.F.);
#2071=ORIENTED_EDGE('',*,*,#1552,.T.);
#2072=ORIENTED_EDGE('',*,*,#1614,.T.);
#2073=ORIENTED_EDGE('',*,*,#1611,.F.);
#2074=ORIENTED_EDGE('',*,*,#1615,.F.);
#2075=ORIENTED_EDGE('',*,*,#1553,.T.);
#2076=ORIENTED_EDGE('',*,*,#1615,.T.);
#2077=ORIENTED_EDGE('',*,*,#1616,.F.);
#2078=ORIENTED_EDGE('',*,*,#1617,.F.);
#2079=ORIENTED_EDGE('',*,*,#1554,.T.);
#2080=ORIENTED_EDGE('',*,*,#1617,.T.);
#2081=ORIENTED_EDGE('',*,*,#1618,.F.);
#2082=ORIENTED_EDGE('',*,*,#1619,.F.);
#2083=ORIENTED_EDGE('',*,*,#1555,.T.);
#2084=ORIENTED_EDGE('',*,*,#1619,.T.);
#2085=ORIENTED_EDGE('',*,*,#1620,.F.);
#2086=ORIENTED_EDGE('',*,*,#1621,.F.);
#2087=ORIENTED_EDGE('',*,*,#1556,.T.);
#2088=ORIENTED_EDGE('',*,*,#1621,.T.);
#2089=ORIENTED_EDGE('',*,*,#1622,.F.);
#2090=ORIENTED_EDGE('',*,*,#1576,.F.);
#2091=ORIENTED_EDGE('',*,*,#1622,.T.);
#2092=ORIENTED_EDGE('',*,*,#1623,.F.);
#2093=ORIENTED_EDGE('',*,*,#1588,.T.);
#2094=ORIENTED_EDGE('',*,*,#1578,.T.);
#2095=ORIENTED_EDGE('',*,*,#1620,.T.);
#2096=ORIENTED_EDGE('',*,*,#1624,.F.);
#2097=ORIENTED_EDGE('',*,*,#1589,.F.);
#2098=ORIENTED_EDGE('',*,*,#1623,.T.);
#2099=ORIENTED_EDGE('',*,*,#1618,.T.);
#2100=ORIENTED_EDGE('',*,*,#1625,.F.);
#2101=ORIENTED_EDGE('',*,*,#1590,.T.);
#2102=ORIENTED_EDGE('',*,*,#1624,.T.);
#2103=ORIENTED_EDGE('',*,*,#1616,.T.);
#2104=ORIENTED_EDGE('',*,*,#1613,.T.);
#2105=ORIENTED_EDGE('',*,*,#1591,.F.);
#2106=ORIENTED_EDGE('',*,*,#1625,.T.);
#2107=ORIENTED_EDGE('',*,*,#1551,.T.);
#2108=ORIENTED_EDGE('',*,*,#1626,.T.);
#2109=ORIENTED_EDGE('',*,*,#1627,.F.);
#2110=ORIENTED_EDGE('',*,*,#1614,.F.);
#2111=ORIENTED_EDGE('',*,*,#1627,.T.);
#2112=ORIENTED_EDGE('',*,*,#1628,.F.);
#2113=ORIENTED_EDGE('',*,*,#1581,.F.);
#2114=ORIENTED_EDGE('',*,*,#1612,.F.);
#2115=ORIENTED_EDGE('',*,*,#1629,.T.);
#2116=ORIENTED_EDGE('',*,*,#1630,.F.);
#2117=ORIENTED_EDGE('',*,*,#1582,.T.);
#2118=ORIENTED_EDGE('',*,*,#1628,.T.);
#2119=ORIENTED_EDGE('',*,*,#1550,.T.);
#2120=ORIENTED_EDGE('',*,*,#1631,.T.);
#2121=ORIENTED_EDGE('',*,*,#1629,.F.);
#2122=ORIENTED_EDGE('',*,*,#1626,.F.);
#2123=ORIENTED_EDGE('',*,*,#1549,.T.);
#2124=ORIENTED_EDGE('',*,*,#1632,.T.);
#2125=ORIENTED_EDGE('',*,*,#1633,.F.);
#2126=ORIENTED_EDGE('',*,*,#1631,.F.);
#2127=ORIENTED_EDGE('',*,*,#1633,.T.);
#2128=ORIENTED_EDGE('',*,*,#1634,.T.);
#2129=ORIENTED_EDGE('',*,*,#1583,.F.);
#2130=ORIENTED_EDGE('',*,*,#1630,.T.);
#2131=ORIENTED_EDGE('',*,*,#1635,.T.);
#2132=ORIENTED_EDGE('',*,*,#1636,.T.);
#2133=ORIENTED_EDGE('',*,*,#1584,.T.);
#2134=ORIENTED_EDGE('',*,*,#1634,.F.);
#2135=ORIENTED_EDGE('',*,*,#1548,.T.);
#2136=ORIENTED_EDGE('',*,*,#1637,.T.);
#2137=ORIENTED_EDGE('',*,*,#1635,.F.);
#2138=ORIENTED_EDGE('',*,*,#1632,.F.);
#2139=ORIENTED_EDGE('',*,*,#1547,.T.);
#2140=ORIENTED_EDGE('',*,*,#1638,.T.);
#2141=ORIENTED_EDGE('',*,*,#1639,.F.);
#2142=ORIENTED_EDGE('',*,*,#1637,.F.);
#2143=ORIENTED_EDGE('',*,*,#1639,.T.);
#2144=ORIENTED_EDGE('',*,*,#1640,.T.);
#2145=ORIENTED_EDGE('',*,*,#1585,.F.);
#2146=ORIENTED_EDGE('',*,*,#1636,.F.);
#2147=ORIENTED_EDGE('',*,*,#1641,.T.);
#2148=ORIENTED_EDGE('',*,*,#1642,.T.);
#2149=ORIENTED_EDGE('',*,*,#1586,.T.);
#2150=ORIENTED_EDGE('',*,*,#1640,.F.);
#2151=ORIENTED_EDGE('',*,*,#1546,.T.);
#2152=ORIENTED_EDGE('',*,*,#1544,.T.);
#2153=ORIENTED_EDGE('',*,*,#1641,.F.);
#2154=ORIENTED_EDGE('',*,*,#1638,.F.);
#2155=ORIENTED_EDGE('',*,*,#1543,.T.);
#2156=ORIENTED_EDGE('',*,*,#1539,.T.);
#2157=ORIENTED_EDGE('',*,*,#1587,.F.);
#2158=ORIENTED_EDGE('',*,*,#1642,.F.);
#2159=ORIENTED_EDGE('',*,*,#1643,.F.);
#2160=ORIENTED_EDGE('',*,*,#1644,.F.);
#2161=ORIENTED_EDGE('',*,*,#1645,.T.);
#2162=ORIENTED_EDGE('',*,*,#1592,.T.);
#2163=ORIENTED_EDGE('',*,*,#1645,.F.);
#2164=ORIENTED_EDGE('',*,*,#1643,.T.);
#2165=ORIENTED_EDGE('',*,*,#1644,.T.);
#2166=ORIENTED_EDGE('',*,*,#1646,.T.);
#2167=ORIENTED_EDGE('',*,*,#1647,.T.);
#2168=ORIENTED_EDGE('',*,*,#1646,.F.);
#2169=ORIENTED_EDGE('',*,*,#1648,.F.);
#2170=ORIENTED_EDGE('',*,*,#1647,.F.);
#2171=ORIENTED_EDGE('',*,*,#1557,.F.);
#2172=ORIENTED_EDGE('',*,*,#1649,.T.);
#2173=ORIENTED_EDGE('',*,*,#1648,.T.);
#2174=ORIENTED_EDGE('',*,*,#1649,.F.);
#2175=ORIENTED_EDGE('',*,*,#1650,.F.);
#2176=ORIENTED_EDGE('',*,*,#1651,.F.);
#2177=ORIENTED_EDGE('',*,*,#1652,.T.);
#2178=ORIENTED_EDGE('',*,*,#1593,.T.);
#2179=ORIENTED_EDGE('',*,*,#1652,.F.);
#2180=ORIENTED_EDGE('',*,*,#1650,.T.);
#2181=ORIENTED_EDGE('',*,*,#1651,.T.);
#2182=ORIENTED_EDGE('',*,*,#1653,.T.);
#2183=ORIENTED_EDGE('',*,*,#1654,.T.);
#2184=ORIENTED_EDGE('',*,*,#1653,.F.);
#2185=ORIENTED_EDGE('',*,*,#1655,.F.);
#2186=ORIENTED_EDGE('',*,*,#1654,.F.);
#2187=ORIENTED_EDGE('',*,*,#1558,.F.);
#2188=ORIENTED_EDGE('',*,*,#1656,.T.);
#2189=ORIENTED_EDGE('',*,*,#1655,.T.);
#2190=ORIENTED_EDGE('',*,*,#1656,.F.);
#2191=ORIENTED_EDGE('',*,*,#1657,.F.);
#2192=ORIENTED_EDGE('',*,*,#1658,.F.);
#2193=ORIENTED_EDGE('',*,*,#1659,.T.);
#2194=ORIENTED_EDGE('',*,*,#1594,.T.);
#2195=ORIENTED_EDGE('',*,*,#1659,.F.);
#2196=ORIENTED_EDGE('',*,*,#1657,.T.);
#2197=ORIENTED_EDGE('',*,*,#1658,.T.);
#2198=ORIENTED_EDGE('',*,*,#1660,.T.);
#2199=ORIENTED_EDGE('',*,*,#1661,.T.);
#2200=ORIENTED_EDGE('',*,*,#1660,.F.);
#2201=ORIENTED_EDGE('',*,*,#1662,.F.);
#2202=ORIENTED_EDGE('',*,*,#1661,.F.);
#2203=ORIENTED_EDGE('',*,*,#1559,.F.);
#2204=ORIENTED_EDGE('',*,*,#1663,.T.);
#2205=ORIENTED_EDGE('',*,*,#1662,.T.);
#2206=ORIENTED_EDGE('',*,*,#1663,.F.);
#2207=ORIENTED_EDGE('',*,*,#1664,.F.);
#2208=ORIENTED_EDGE('',*,*,#1665,.F.);
#2209=ORIENTED_EDGE('',*,*,#1666,.T.);
#2210=ORIENTED_EDGE('',*,*,#1595,.T.);
#2211=ORIENTED_EDGE('',*,*,#1666,.F.);
#2212=ORIENTED_EDGE('',*,*,#1664,.T.);
#2213=ORIENTED_EDGE('',*,*,#1665,.T.);
#2214=ORIENTED_EDGE('',*,*,#1667,.T.);
#2215=ORIENTED_EDGE('',*,*,#1668,.T.);
#2216=ORIENTED_EDGE('',*,*,#1667,.F.);
#2217=ORIENTED_EDGE('',*,*,#1669,.F.);
#2218=ORIENTED_EDGE('',*,*,#1668,.F.);
#2219=ORIENTED_EDGE('',*,*,#1560,.F.);
#2220=ORIENTED_EDGE('',*,*,#1670,.T.);
#2221=ORIENTED_EDGE('',*,*,#1669,.T.);
#2222=ORIENTED_EDGE('',*,*,#1670,.F.);
#2223=ORIENTED_EDGE('',*,*,#1671,.F.);
#2224=ORIENTED_EDGE('',*,*,#1672,.F.);
#2225=ORIENTED_EDGE('',*,*,#1673,.T.);
#2226=ORIENTED_EDGE('',*,*,#1596,.T.);
#2227=ORIENTED_EDGE('',*,*,#1673,.F.);
#2228=ORIENTED_EDGE('',*,*,#1671,.T.);
#2229=ORIENTED_EDGE('',*,*,#1672,.T.);
#2230=ORIENTED_EDGE('',*,*,#1674,.T.);
#2231=ORIENTED_EDGE('',*,*,#1561,.F.);
#2232=ORIENTED_EDGE('',*,*,#1674,.F.);
#2233=ORIENTED_EDGE('',*,*,#1675,.F.);
#2234=ORIENTED_EDGE('',*,*,#1676,.F.);
#2235=ORIENTED_EDGE('',*,*,#1677,.T.);
#2236=ORIENTED_EDGE('',*,*,#1597,.T.);
#2237=ORIENTED_EDGE('',*,*,#1677,.F.);
#2238=ORIENTED_EDGE('',*,*,#1675,.T.);
#2239=ORIENTED_EDGE('',*,*,#1676,.T.);
#2240=ORIENTED_EDGE('',*,*,#1678,.T.);
#2241=ORIENTED_EDGE('',*,*,#1562,.F.);
#2242=ORIENTED_EDGE('',*,*,#1678,.F.);
#2243=ORIENTED_EDGE('',*,*,#1679,.F.);
#2244=ORIENTED_EDGE('',*,*,#1680,.F.);
#2245=ORIENTED_EDGE('',*,*,#1681,.T.);
#2246=ORIENTED_EDGE('',*,*,#1598,.T.);
#2247=ORIENTED_EDGE('',*,*,#1681,.F.);
#2248=ORIENTED_EDGE('',*,*,#1679,.T.);
#2249=ORIENTED_EDGE('',*,*,#1680,.T.);
#2250=ORIENTED_EDGE('',*,*,#1682,.T.);
#2251=ORIENTED_EDGE('',*,*,#1563,.F.);
#2252=ORIENTED_EDGE('',*,*,#1682,.F.);
#2253=ORIENTED_EDGE('',*,*,#1683,.F.);
#2254=ORIENTED_EDGE('',*,*,#1684,.F.);
#2255=ORIENTED_EDGE('',*,*,#1685,.T.);
#2256=ORIENTED_EDGE('',*,*,#1599,.T.);
#2257=ORIENTED_EDGE('',*,*,#1685,.F.);
#2258=ORIENTED_EDGE('',*,*,#1683,.T.);
#2259=ORIENTED_EDGE('',*,*,#1684,.T.);
#2260=ORIENTED_EDGE('',*,*,#1686,.T.);
#2261=ORIENTED_EDGE('',*,*,#1564,.F.);
#2262=ORIENTED_EDGE('',*,*,#1686,.F.);
#2263=ORIENTED_EDGE('',*,*,#1687,.F.);
#2264=ORIENTED_EDGE('',*,*,#1688,.F.);
#2265=ORIENTED_EDGE('',*,*,#1689,.T.);
#2266=ORIENTED_EDGE('',*,*,#1600,.T.);
#2267=ORIENTED_EDGE('',*,*,#1689,.F.);
#2268=ORIENTED_EDGE('',*,*,#1687,.T.);
#2269=ORIENTED_EDGE('',*,*,#1688,.T.);
#2270=ORIENTED_EDGE('',*,*,#1690,.T.);
#2271=ORIENTED_EDGE('',*,*,#1691,.T.);
#2272=ORIENTED_EDGE('',*,*,#1690,.F.);
#2273=ORIENTED_EDGE('',*,*,#1692,.F.);
#2274=ORIENTED_EDGE('',*,*,#1691,.F.);
#2275=ORIENTED_EDGE('',*,*,#1565,.F.);
#2276=ORIENTED_EDGE('',*,*,#1693,.T.);
#2277=ORIENTED_EDGE('',*,*,#1692,.T.);
#2278=ORIENTED_EDGE('',*,*,#1693,.F.);
#2279=ORIENTED_EDGE('',*,*,#1694,.F.);
#2280=ORIENTED_EDGE('',*,*,#1695,.F.);
#2281=ORIENTED_EDGE('',*,*,#1696,.T.);
#2282=ORIENTED_EDGE('',*,*,#1601,.T.);
#2283=ORIENTED_EDGE('',*,*,#1696,.F.);
#2284=ORIENTED_EDGE('',*,*,#1694,.T.);
#2285=ORIENTED_EDGE('',*,*,#1695,.T.);
#2286=ORIENTED_EDGE('',*,*,#1697,.T.);
#2287=ORIENTED_EDGE('',*,*,#1698,.T.);
#2288=ORIENTED_EDGE('',*,*,#1697,.F.);
#2289=ORIENTED_EDGE('',*,*,#1699,.F.);
#2290=ORIENTED_EDGE('',*,*,#1698,.F.);
#2291=ORIENTED_EDGE('',*,*,#1566,.F.);
#2292=ORIENTED_EDGE('',*,*,#1700,.T.);
#2293=ORIENTED_EDGE('',*,*,#1699,.T.);
#2294=ORIENTED_EDGE('',*,*,#1700,.F.);
#2295=ORIENTED_EDGE('',*,*,#1701,.F.);
#2296=ORIENTED_EDGE('',*,*,#1702,.F.);
#2297=ORIENTED_EDGE('',*,*,#1703,.T.);
#2298=ORIENTED_EDGE('',*,*,#1602,.T.);
#2299=ORIENTED_EDGE('',*,*,#1703,.F.);
#2300=ORIENTED_EDGE('',*,*,#1701,.T.);
#2301=ORIENTED_EDGE('',*,*,#1702,.T.);
#2302=ORIENTED_EDGE('',*,*,#1704,.T.);
#2303=ORIENTED_EDGE('',*,*,#1705,.T.);
#2304=ORIENTED_EDGE('',*,*,#1704,.F.);
#2305=ORIENTED_EDGE('',*,*,#1706,.F.);
#2306=ORIENTED_EDGE('',*,*,#1705,.F.);
#2307=ORIENTED_EDGE('',*,*,#1567,.F.);
#2308=ORIENTED_EDGE('',*,*,#1707,.T.);
#2309=ORIENTED_EDGE('',*,*,#1706,.T.);
#2310=ORIENTED_EDGE('',*,*,#1707,.F.);
#2311=ORIENTED_EDGE('',*,*,#1708,.T.);
#2312=ORIENTED_EDGE('',*,*,#1709,.F.);
#2313=ORIENTED_EDGE('',*,*,#1603,.F.);
#2314=ORIENTED_EDGE('',*,*,#1710,.T.);
#2315=ORIENTED_EDGE('',*,*,#1571,.T.);
#2316=ORIENTED_EDGE('',*,*,#1711,.T.);
#2317=ORIENTED_EDGE('',*,*,#1708,.F.);
#2318=ORIENTED_EDGE('',*,*,#1712,.F.);
#2319=ORIENTED_EDGE('',*,*,#1572,.T.);
#2320=ORIENTED_EDGE('',*,*,#1712,.T.);
#2321=ORIENTED_EDGE('',*,*,#1713,.F.);
#2322=ORIENTED_EDGE('',*,*,#1714,.F.);
#2323=ORIENTED_EDGE('',*,*,#1573,.T.);
#2324=ORIENTED_EDGE('',*,*,#1714,.T.);
#2325=ORIENTED_EDGE('',*,*,#1715,.F.);
#2326=ORIENTED_EDGE('',*,*,#1716,.F.);
#2327=ORIENTED_EDGE('',*,*,#1574,.T.);
#2328=ORIENTED_EDGE('',*,*,#1716,.T.);
#2329=ORIENTED_EDGE('',*,*,#1717,.F.);
#2330=ORIENTED_EDGE('',*,*,#1718,.F.);
#2331=ORIENTED_EDGE('',*,*,#1575,.T.);
#2332=ORIENTED_EDGE('',*,*,#1718,.T.);
#2333=ORIENTED_EDGE('',*,*,#1719,.F.);
#2334=ORIENTED_EDGE('',*,*,#1720,.F.);
#2335=ORIENTED_EDGE('',*,*,#1568,.T.);
#2336=ORIENTED_EDGE('',*,*,#1720,.T.);
#2337=ORIENTED_EDGE('',*,*,#1721,.F.);
#2338=ORIENTED_EDGE('',*,*,#1722,.F.);
#2339=ORIENTED_EDGE('',*,*,#1569,.T.);
#2340=ORIENTED_EDGE('',*,*,#1722,.T.);
#2341=ORIENTED_EDGE('',*,*,#1723,.F.);
#2342=ORIENTED_EDGE('',*,*,#1724,.F.);
#2343=ORIENTED_EDGE('',*,*,#1570,.T.);
#2344=ORIENTED_EDGE('',*,*,#1724,.T.);
#2345=ORIENTED_EDGE('',*,*,#1725,.F.);
#2346=ORIENTED_EDGE('',*,*,#1711,.F.);
#2347=ORIENTED_EDGE('',*,*,#1725,.T.);
#2348=ORIENTED_EDGE('',*,*,#1726,.F.);
#2349=ORIENTED_EDGE('',*,*,#1604,.T.);
#2350=ORIENTED_EDGE('',*,*,#1709,.T.);
#2351=ORIENTED_EDGE('',*,*,#1723,.T.);
#2352=ORIENTED_EDGE('',*,*,#1727,.F.);
#2353=ORIENTED_EDGE('',*,*,#1605,.F.);
#2354=ORIENTED_EDGE('',*,*,#1726,.T.);
#2355=ORIENTED_EDGE('',*,*,#1721,.T.);
#2356=ORIENTED_EDGE('',*,*,#1728,.F.);
#2357=ORIENTED_EDGE('',*,*,#1606,.T.);
#2358=ORIENTED_EDGE('',*,*,#1727,.T.);
#2359=ORIENTED_EDGE('',*,*,#1719,.T.);
#2360=ORIENTED_EDGE('',*,*,#1729,.F.);
#2361=ORIENTED_EDGE('',*,*,#1607,.F.);
#2362=ORIENTED_EDGE('',*,*,#1728,.T.);
#2363=ORIENTED_EDGE('',*,*,#1717,.T.);
#2364=ORIENTED_EDGE('',*,*,#1730,.F.);
#2365=ORIENTED_EDGE('',*,*,#1608,.T.);
#2366=ORIENTED_EDGE('',*,*,#1729,.T.);
#2367=ORIENTED_EDGE('',*,*,#1715,.T.);
#2368=ORIENTED_EDGE('',*,*,#1731,.F.);
#2369=ORIENTED_EDGE('',*,*,#1609,.F.);
#2370=ORIENTED_EDGE('',*,*,#1730,.T.);
#2371=ORIENTED_EDGE('',*,*,#1713,.T.);
#2372=ORIENTED_EDGE('',*,*,#1710,.F.);
#2373=ORIENTED_EDGE('',*,*,#1610,.T.);
#2374=ORIENTED_EDGE('',*,*,#1731,.T.);
#2375=ORIENTED_EDGE('',*,*,#1526,.T.);
#2376=ORIENTED_EDGE('',*,*,#1732,.T.);
#2377=ORIENTED_EDGE('',*,*,#1733,.F.);
#2378=ORIENTED_EDGE('',*,*,#1540,.F.);
#2379=ORIENTED_EDGE('',*,*,#1733,.T.);
#2380=ORIENTED_EDGE('',*,*,#1734,.F.);
#2381=ORIENTED_EDGE('',*,*,#1494,.F.);
#2382=ORIENTED_EDGE('',*,*,#1538,.F.);
#2383=ORIENTED_EDGE('',*,*,#1735,.T.);
#2384=ORIENTED_EDGE('',*,*,#1736,.F.);
#2385=ORIENTED_EDGE('',*,*,#1497,.F.);
#2386=ORIENTED_EDGE('',*,*,#1734,.T.);
#2387=ORIENTED_EDGE('',*,*,#1517,.T.);
#2388=ORIENTED_EDGE('',*,*,#1737,.T.);
#2389=ORIENTED_EDGE('',*,*,#1735,.F.);
#2390=ORIENTED_EDGE('',*,*,#1732,.F.);
#2391=ORIENTED_EDGE('',*,*,#1511,.T.);
#2392=ORIENTED_EDGE('',*,*,#1738,.T.);
#2393=ORIENTED_EDGE('',*,*,#1739,.F.);
#2394=ORIENTED_EDGE('',*,*,#1737,.F.);
#2395=ORIENTED_EDGE('',*,*,#1739,.T.);
#2396=ORIENTED_EDGE('',*,*,#1740,.F.);
#2397=ORIENTED_EDGE('',*,*,#1498,.F.);
#2398=ORIENTED_EDGE('',*,*,#1736,.T.);
#2399=ORIENTED_EDGE('',*,*,#1741,.T.);
#2400=ORIENTED_EDGE('',*,*,#1742,.F.);
#2401=ORIENTED_EDGE('',*,*,#1743,.F.);
#2402=ORIENTED_EDGE('',*,*,#1740,.T.);
#2403=ORIENTED_EDGE('',*,*,#1744,.T.);
#2404=ORIENTED_EDGE('',*,*,#1745,.T.);
#2405=ORIENTED_EDGE('',*,*,#1741,.F.);
#2406=ORIENTED_EDGE('',*,*,#1738,.F.);
#2407=ORIENTED_EDGE('',*,*,#1746,.F.);
#2408=ORIENTED_EDGE('',*,*,#1747,.F.);
#2409=ORIENTED_EDGE('',*,*,#1744,.F.);
#2410=ORIENTED_EDGE('',*,*,#1510,.T.);
#2411=ORIENTED_EDGE('',*,*,#1746,.T.);
#2412=ORIENTED_EDGE('',*,*,#1509,.T.);
#2413=ORIENTED_EDGE('',*,*,#1748,.F.);
#2414=ORIENTED_EDGE('',*,*,#1749,.F.);
#2415=ORIENTED_EDGE('',*,*,#1750,.T.);
#2416=ORIENTED_EDGE('',*,*,#1749,.T.);
#2417=ORIENTED_EDGE('',*,*,#1751,.F.);
#2418=ORIENTED_EDGE('',*,*,#1752,.F.);
#2419=ORIENTED_EDGE('',*,*,#1750,.F.);
#2420=ORIENTED_EDGE('',*,*,#1753,.F.);
#2421=ORIENTED_EDGE('',*,*,#1754,.F.);
#2422=ORIENTED_EDGE('',*,*,#1747,.T.);
#2423=ORIENTED_EDGE('',*,*,#1754,.T.);
#2424=ORIENTED_EDGE('',*,*,#1755,.T.);
#2425=ORIENTED_EDGE('',*,*,#1756,.F.);
#2426=ORIENTED_EDGE('',*,*,#1745,.F.);
#2427=ORIENTED_EDGE('',*,*,#1756,.T.);
#2428=ORIENTED_EDGE('',*,*,#1757,.T.);
#2429=ORIENTED_EDGE('',*,*,#1758,.F.);
#2430=ORIENTED_EDGE('',*,*,#1742,.T.);
#2431=ORIENTED_EDGE('',*,*,#1759,.F.);
#2432=ORIENTED_EDGE('',*,*,#1758,.T.);
#2433=ORIENTED_EDGE('',*,*,#1760,.T.);
#2434=ORIENTED_EDGE('',*,*,#1761,.T.);
#2435=ORIENTED_EDGE('',*,*,#1499,.F.);
#2436=ORIENTED_EDGE('',*,*,#1743,.T.);
#2437=ORIENTED_EDGE('',*,*,#1759,.T.);
#2438=ORIENTED_EDGE('',*,*,#1762,.T.);
#2439=ORIENTED_EDGE('',*,*,#1748,.T.);
#2440=ORIENTED_EDGE('',*,*,#1506,.F.);
#2441=ORIENTED_EDGE('',*,*,#1762,.F.);
#2442=ORIENTED_EDGE('',*,*,#1763,.T.);
#2443=ORIENTED_EDGE('',*,*,#1751,.T.);
#2444=ORIENTED_EDGE('',*,*,#1763,.F.);
#2445=ORIENTED_EDGE('',*,*,#1761,.F.);
#2446=ORIENTED_EDGE('',*,*,#1764,.F.);
#2447=ORIENTED_EDGE('',*,*,#1765,.T.);
#2448=ORIENTED_EDGE('',*,*,#1764,.T.);
#2449=ORIENTED_EDGE('',*,*,#1766,.T.);
#2450=ORIENTED_EDGE('',*,*,#1767,.F.);
#2451=ORIENTED_EDGE('',*,*,#1768,.T.);
#2452=ORIENTED_EDGE('',*,*,#1752,.T.);
#2453=ORIENTED_EDGE('',*,*,#1765,.F.);
#2454=ORIENTED_EDGE('',*,*,#1769,.F.);
#2455=ORIENTED_EDGE('',*,*,#1768,.F.);
#2456=ORIENTED_EDGE('',*,*,#1770,.F.);
#2457=ORIENTED_EDGE('',*,*,#1771,.F.);
#2458=ORIENTED_EDGE('',*,*,#1753,.T.);
#2459=ORIENTED_EDGE('',*,*,#1771,.T.);
#2460=ORIENTED_EDGE('',*,*,#1772,.T.);
#2461=ORIENTED_EDGE('',*,*,#1773,.F.);
#2462=ORIENTED_EDGE('',*,*,#1755,.F.);
#2463=ORIENTED_EDGE('',*,*,#1773,.T.);
#2464=ORIENTED_EDGE('',*,*,#1774,.T.);
#2465=ORIENTED_EDGE('',*,*,#1775,.F.);
#2466=ORIENTED_EDGE('',*,*,#1757,.F.);
#2467=ORIENTED_EDGE('',*,*,#1760,.F.);
#2468=ORIENTED_EDGE('',*,*,#1775,.T.);
#2469=ORIENTED_EDGE('',*,*,#1776,.T.);
#2470=ORIENTED_EDGE('',*,*,#1766,.F.);
#2471=ORIENTED_EDGE('',*,*,#1777,.T.);
#2472=ORIENTED_EDGE('',*,*,#1778,.F.);
#2473=ORIENTED_EDGE('',*,*,#1779,.T.);
#2474=ORIENTED_EDGE('',*,*,#1776,.F.);
#2475=ORIENTED_EDGE('',*,*,#1780,.T.);
#2476=ORIENTED_EDGE('',*,*,#1781,.F.);
#2477=ORIENTED_EDGE('',*,*,#1782,.F.);
#2478=ORIENTED_EDGE('',*,*,#1783,.F.);
#2479=ORIENTED_EDGE('',*,*,#1784,.F.);
#2480=ORIENTED_EDGE('',*,*,#1785,.F.);
#2481=ORIENTED_EDGE('',*,*,#1786,.F.);
#2482=ORIENTED_EDGE('',*,*,#1787,.F.);
#2483=ORIENTED_EDGE('',*,*,#1788,.F.);
#2484=ORIENTED_EDGE('',*,*,#1789,.F.);
#2485=ORIENTED_EDGE('',*,*,#1790,.F.);
#2486=ORIENTED_EDGE('',*,*,#1791,.F.);
#2487=ORIENTED_EDGE('',*,*,#1792,.F.);
#2488=ORIENTED_EDGE('',*,*,#1777,.F.);
#2489=ORIENTED_EDGE('',*,*,#1793,.T.);
#2490=ORIENTED_EDGE('',*,*,#1791,.T.);
#2491=ORIENTED_EDGE('',*,*,#1794,.F.);
#2492=ORIENTED_EDGE('',*,*,#1795,.T.);
#2493=ORIENTED_EDGE('',*,*,#1796,.T.);
#2494=ORIENTED_EDGE('',*,*,#1797,.T.);
#2495=ORIENTED_EDGE('',*,*,#1798,.T.);
#2496=ORIENTED_EDGE('',*,*,#1799,.T.);
#2497=ORIENTED_EDGE('',*,*,#1800,.F.);
#2498=ORIENTED_EDGE('',*,*,#1801,.T.);
#2499=ORIENTED_EDGE('',*,*,#1802,.T.);
#2500=ORIENTED_EDGE('',*,*,#1803,.T.);
#2501=ORIENTED_EDGE('',*,*,#1804,.T.);
#2502=ORIENTED_EDGE('',*,*,#1805,.T.);
#2503=ORIENTED_EDGE('',*,*,#1806,.T.);
#2504=ORIENTED_EDGE('',*,*,#1807,.T.);
#2505=ORIENTED_EDGE('',*,*,#1808,.T.);
#2506=ORIENTED_EDGE('',*,*,#1809,.F.);
#2507=ORIENTED_EDGE('',*,*,#1806,.F.);
#2508=ORIENTED_EDGE('',*,*,#1803,.F.);
#2509=ORIENTED_EDGE('',*,*,#1810,.T.);
#2510=ORIENTED_EDGE('',*,*,#1811,.T.);
#2511=ORIENTED_EDGE('',*,*,#1801,.F.);
#2512=ORIENTED_EDGE('',*,*,#1812,.T.);
#2513=ORIENTED_EDGE('',*,*,#1813,.T.);
#2514=ORIENTED_EDGE('',*,*,#1799,.F.);
#2515=ORIENTED_EDGE('',*,*,#1814,.T.);
#2516=ORIENTED_EDGE('',*,*,#1815,.T.);
#2517=ORIENTED_EDGE('',*,*,#1797,.F.);
#2518=ORIENTED_EDGE('',*,*,#1816,.T.);
#2519=ORIENTED_EDGE('',*,*,#1817,.T.);
#2520=ORIENTED_EDGE('',*,*,#1795,.F.);
#2521=ORIENTED_EDGE('',*,*,#1818,.F.);
#2522=ORIENTED_EDGE('',*,*,#1819,.F.);
#2523=ORIENTED_EDGE('',*,*,#1770,.T.);
#2524=ORIENTED_EDGE('',*,*,#1820,.F.);
#2525=ORIENTED_EDGE('',*,*,#1807,.F.);
#2526=ORIENTED_EDGE('',*,*,#1805,.F.);
#2527=ORIENTED_EDGE('',*,*,#1821,.T.);
#2528=ORIENTED_EDGE('',*,*,#1822,.T.);
#2529=ORIENTED_EDGE('',*,*,#1823,.F.);
#2530=ORIENTED_EDGE('',*,*,#1824,.T.);
#2531=ORIENTED_EDGE('',*,*,#1825,.T.);
#2532=ORIENTED_EDGE('',*,*,#1826,.T.);
#2533=ORIENTED_EDGE('',*,*,#1821,.F.);
#2534=ORIENTED_EDGE('',*,*,#1804,.F.);
#2535=ORIENTED_EDGE('',*,*,#1822,.F.);
#2536=ORIENTED_EDGE('',*,*,#1827,.T.);
#2537=ORIENTED_EDGE('',*,*,#1828,.T.);
#2538=ORIENTED_EDGE('',*,*,#1827,.F.);
#2539=ORIENTED_EDGE('',*,*,#1828,.F.);
#2540=ORIENTED_EDGE('',*,*,#1829,.F.);
#2541=ORIENTED_EDGE('',*,*,#1830,.T.);
#2542=ORIENTED_EDGE('',*,*,#1831,.T.);
#2543=ORIENTED_EDGE('',*,*,#1829,.T.);
#2544=ORIENTED_EDGE('',*,*,#1831,.F.);
#2545=ORIENTED_EDGE('',*,*,#1832,.T.);
#2546=ORIENTED_EDGE('',*,*,#1830,.F.);
#2547=ORIENTED_EDGE('',*,*,#1833,.T.);
#2548=ORIENTED_EDGE('',*,*,#1787,.T.);
#2549=ORIENTED_EDGE('',*,*,#1833,.F.);
#2550=ORIENTED_EDGE('',*,*,#1832,.F.);
#2551=ORIENTED_EDGE('',*,*,#1820,.T.);
#2552=ORIENTED_EDGE('',*,*,#1769,.T.);
#2553=ORIENTED_EDGE('',*,*,#1834,.F.);
#2554=ORIENTED_EDGE('',*,*,#1808,.F.);
#2555=ORIENTED_EDGE('',*,*,#1834,.T.);
#2556=ORIENTED_EDGE('',*,*,#1767,.T.);
#2557=ORIENTED_EDGE('',*,*,#1779,.F.);
#2558=ORIENTED_EDGE('',*,*,#1835,.T.);
#2559=ORIENTED_EDGE('',*,*,#1809,.T.);
#2560=ORIENTED_EDGE('',*,*,#1835,.F.);
#2561=ORIENTED_EDGE('',*,*,#1778,.T.);
#2562=ORIENTED_EDGE('',*,*,#1792,.T.);
#2563=ORIENTED_EDGE('',*,*,#1819,.T.);
#2564=ORIENTED_EDGE('',*,*,#1836,.T.);
#2565=ORIENTED_EDGE('',*,*,#1837,.F.);
#2566=ORIENTED_EDGE('',*,*,#1772,.F.);
#2567=ORIENTED_EDGE('',*,*,#1837,.T.);
#2568=ORIENTED_EDGE('',*,*,#1838,.F.);
#2569=ORIENTED_EDGE('',*,*,#1780,.F.);
#2570=ORIENTED_EDGE('',*,*,#1774,.F.);
#2571=ORIENTED_EDGE('',*,*,#1839,.T.);
#2572=ORIENTED_EDGE('',*,*,#1793,.F.);
#2573=ORIENTED_EDGE('',*,*,#1781,.T.);
#2574=ORIENTED_EDGE('',*,*,#1838,.T.);
#2575=ORIENTED_EDGE('',*,*,#1818,.T.);
#2576=ORIENTED_EDGE('',*,*,#1794,.T.);
#2577=ORIENTED_EDGE('',*,*,#1839,.F.);
#2578=ORIENTED_EDGE('',*,*,#1836,.F.);
#2579=ORIENTED_EDGE('',*,*,#1816,.F.);
#2580=ORIENTED_EDGE('',*,*,#1796,.F.);
#2581=ORIENTED_EDGE('',*,*,#1817,.F.);
#2582=ORIENTED_EDGE('',*,*,#1840,.T.);
#2583=ORIENTED_EDGE('',*,*,#1841,.F.);
#2584=ORIENTED_EDGE('',*,*,#1840,.F.);
#2585=ORIENTED_EDGE('',*,*,#1841,.T.);
#2586=ORIENTED_EDGE('',*,*,#1842,.F.);
#2587=ORIENTED_EDGE('',*,*,#1843,.T.);
#2588=ORIENTED_EDGE('',*,*,#1844,.T.);
#2589=ORIENTED_EDGE('',*,*,#1842,.T.);
#2590=ORIENTED_EDGE('',*,*,#1844,.F.);
#2591=ORIENTED_EDGE('',*,*,#1845,.T.);
#2592=ORIENTED_EDGE('',*,*,#1843,.F.);
#2593=ORIENTED_EDGE('',*,*,#1846,.T.);
#2594=ORIENTED_EDGE('',*,*,#1786,.T.);
#2595=ORIENTED_EDGE('',*,*,#1846,.F.);
#2596=ORIENTED_EDGE('',*,*,#1845,.F.);
#2597=ORIENTED_EDGE('',*,*,#1814,.F.);
#2598=ORIENTED_EDGE('',*,*,#1798,.F.);
#2599=ORIENTED_EDGE('',*,*,#1815,.F.);
#2600=ORIENTED_EDGE('',*,*,#1847,.T.);
#2601=ORIENTED_EDGE('',*,*,#1848,.F.);
#2602=ORIENTED_EDGE('',*,*,#1847,.F.);
#2603=ORIENTED_EDGE('',*,*,#1848,.T.);
#2604=ORIENTED_EDGE('',*,*,#1849,.F.);
#2605=ORIENTED_EDGE('',*,*,#1850,.T.);
#2606=ORIENTED_EDGE('',*,*,#1851,.T.);
#2607=ORIENTED_EDGE('',*,*,#1849,.T.);
#2608=ORIENTED_EDGE('',*,*,#1851,.F.);
#2609=ORIENTED_EDGE('',*,*,#1852,.T.);
#2610=ORIENTED_EDGE('',*,*,#1850,.F.);
#2611=ORIENTED_EDGE('',*,*,#1853,.T.);
#2612=ORIENTED_EDGE('',*,*,#1785,.T.);
#2613=ORIENTED_EDGE('',*,*,#1853,.F.);
#2614=ORIENTED_EDGE('',*,*,#1852,.F.);
#2615=ORIENTED_EDGE('',*,*,#1800,.T.);
#2616=ORIENTED_EDGE('',*,*,#1813,.F.);
#2617=ORIENTED_EDGE('',*,*,#1854,.T.);
#2618=ORIENTED_EDGE('',*,*,#1855,.F.);
#2619=ORIENTED_EDGE('',*,*,#1854,.F.);
#2620=ORIENTED_EDGE('',*,*,#1812,.F.);
#2621=ORIENTED_EDGE('',*,*,#1855,.T.);
#2622=ORIENTED_EDGE('',*,*,#1856,.F.);
#2623=ORIENTED_EDGE('',*,*,#1857,.T.);
#2624=ORIENTED_EDGE('',*,*,#1858,.T.);
#2625=ORIENTED_EDGE('',*,*,#1856,.T.);
#2626=ORIENTED_EDGE('',*,*,#1858,.F.);
#2627=ORIENTED_EDGE('',*,*,#1859,.T.);
#2628=ORIENTED_EDGE('',*,*,#1857,.F.);
#2629=ORIENTED_EDGE('',*,*,#1860,.T.);
#2630=ORIENTED_EDGE('',*,*,#1784,.T.);
#2631=ORIENTED_EDGE('',*,*,#1860,.F.);
#2632=ORIENTED_EDGE('',*,*,#1859,.F.);
#2633=ORIENTED_EDGE('',*,*,#1810,.F.);
#2634=ORIENTED_EDGE('',*,*,#1802,.F.);
#2635=ORIENTED_EDGE('',*,*,#1811,.F.);
#2636=ORIENTED_EDGE('',*,*,#1861,.T.);
#2637=ORIENTED_EDGE('',*,*,#1862,.T.);
#2638=ORIENTED_EDGE('',*,*,#1861,.F.);
#2639=ORIENTED_EDGE('',*,*,#1862,.F.);
#2640=ORIENTED_EDGE('',*,*,#1863,.F.);
#2641=ORIENTED_EDGE('',*,*,#1864,.T.);
#2642=ORIENTED_EDGE('',*,*,#1865,.T.);
#2643=ORIENTED_EDGE('',*,*,#1863,.T.);
#2644=ORIENTED_EDGE('',*,*,#1865,.F.);
#2645=ORIENTED_EDGE('',*,*,#1866,.T.);
#2646=ORIENTED_EDGE('',*,*,#1864,.F.);
#2647=ORIENTED_EDGE('',*,*,#1867,.T.);
#2648=ORIENTED_EDGE('',*,*,#1788,.T.);
#2649=ORIENTED_EDGE('',*,*,#1867,.F.);
#2650=ORIENTED_EDGE('',*,*,#1866,.F.);
#2651=ORIENTED_EDGE('',*,*,#1782,.T.);
#2652=ORIENTED_EDGE('',*,*,#1868,.T.);
#2653=ORIENTED_EDGE('',*,*,#1823,.T.);
#2654=ORIENTED_EDGE('',*,*,#1868,.F.);
#2655=ORIENTED_EDGE('',*,*,#1824,.F.);
#2656=ORIENTED_EDGE('',*,*,#1869,.T.);
#2657=ORIENTED_EDGE('',*,*,#1870,.T.);
#2658=ORIENTED_EDGE('',*,*,#1869,.F.);
#2659=ORIENTED_EDGE('',*,*,#1870,.F.);
#2660=ORIENTED_EDGE('',*,*,#1871,.F.);
#2661=ORIENTED_EDGE('',*,*,#1872,.T.);
#2662=ORIENTED_EDGE('',*,*,#1873,.T.);
#2663=ORIENTED_EDGE('',*,*,#1871,.T.);
#2664=ORIENTED_EDGE('',*,*,#1873,.F.);
#2665=ORIENTED_EDGE('',*,*,#1874,.T.);
#2666=ORIENTED_EDGE('',*,*,#1872,.F.);
#2667=ORIENTED_EDGE('',*,*,#1875,.T.);
#2668=ORIENTED_EDGE('',*,*,#1783,.T.);
#2669=ORIENTED_EDGE('',*,*,#1875,.F.);
#2670=ORIENTED_EDGE('',*,*,#1874,.F.);
#2671=ORIENTED_EDGE('',*,*,#1825,.F.);
#2672=ORIENTED_EDGE('',*,*,#1876,.T.);
#2673=ORIENTED_EDGE('',*,*,#1877,.T.);
#2674=ORIENTED_EDGE('',*,*,#1876,.F.);
#2675=ORIENTED_EDGE('',*,*,#1877,.F.);
#2676=ORIENTED_EDGE('',*,*,#1878,.F.);
#2677=ORIENTED_EDGE('',*,*,#1879,.T.);
#2678=ORIENTED_EDGE('',*,*,#1880,.T.);
#2679=ORIENTED_EDGE('',*,*,#1878,.T.);
#2680=ORIENTED_EDGE('',*,*,#1880,.F.);
#2681=ORIENTED_EDGE('',*,*,#1881,.T.);
#2682=ORIENTED_EDGE('',*,*,#1879,.F.);
#2683=ORIENTED_EDGE('',*,*,#1882,.T.);
#2684=ORIENTED_EDGE('',*,*,#1789,.T.);
#2685=ORIENTED_EDGE('',*,*,#1882,.F.);
#2686=ORIENTED_EDGE('',*,*,#1881,.F.);
#2687=ORIENTED_EDGE('',*,*,#1826,.F.);
#2688=ORIENTED_EDGE('',*,*,#1883,.T.);
#2689=ORIENTED_EDGE('',*,*,#1884,.T.);
#2690=ORIENTED_EDGE('',*,*,#1883,.F.);
#2691=ORIENTED_EDGE('',*,*,#1884,.F.);
#2692=ORIENTED_EDGE('',*,*,#1885,.F.);
#2693=ORIENTED_EDGE('',*,*,#1886,.T.);
#2694=ORIENTED_EDGE('',*,*,#1887,.T.);
#2695=ORIENTED_EDGE('',*,*,#1885,.T.);
#2696=ORIENTED_EDGE('',*,*,#1887,.F.);
#2697=ORIENTED_EDGE('',*,*,#1888,.T.);
#2698=ORIENTED_EDGE('',*,*,#1886,.F.);
#2699=ORIENTED_EDGE('',*,*,#1889,.T.);
#2700=ORIENTED_EDGE('',*,*,#1790,.T.);
#2701=ORIENTED_EDGE('',*,*,#1889,.F.);
#2702=ORIENTED_EDGE('',*,*,#1888,.F.);
#2703=ORIENTED_EDGE('',*,*,#1890,.F.);
#2704=ORIENTED_EDGE('',*,*,#1891,.F.);
#2705=ORIENTED_EDGE('',*,*,#1892,.T.);
#2706=ORIENTED_EDGE('',*,*,#1513,.T.);
#2707=ORIENTED_EDGE('',*,*,#1892,.F.);
#2708=ORIENTED_EDGE('',*,*,#1890,.T.);
#2709=ORIENTED_EDGE('',*,*,#1891,.T.);
#2710=ORIENTED_EDGE('',*,*,#1893,.T.);
#2711=ORIENTED_EDGE('',*,*,#1894,.T.);
#2712=ORIENTED_EDGE('',*,*,#1893,.F.);
#2713=ORIENTED_EDGE('',*,*,#1895,.F.);
#2714=ORIENTED_EDGE('',*,*,#1894,.F.);
#2715=ORIENTED_EDGE('',*,*,#1501,.F.);
#2716=ORIENTED_EDGE('',*,*,#1896,.T.);
#2717=ORIENTED_EDGE('',*,*,#1895,.T.);
#2718=ORIENTED_EDGE('',*,*,#1896,.F.);
#2719=ORIENTED_EDGE('',*,*,#1897,.F.);
#2720=ORIENTED_EDGE('',*,*,#1898,.F.);
#2721=ORIENTED_EDGE('',*,*,#1899,.T.);
#2722=ORIENTED_EDGE('',*,*,#1514,.T.);
#2723=ORIENTED_EDGE('',*,*,#1899,.F.);
#2724=ORIENTED_EDGE('',*,*,#1897,.T.);
#2725=ORIENTED_EDGE('',*,*,#1898,.T.);
#2726=ORIENTED_EDGE('',*,*,#1900,.T.);
#2727=ORIENTED_EDGE('',*,*,#1901,.T.);
#2728=ORIENTED_EDGE('',*,*,#1900,.F.);
#2729=ORIENTED_EDGE('',*,*,#1902,.F.);
#2730=ORIENTED_EDGE('',*,*,#1901,.F.);
#2731=ORIENTED_EDGE('',*,*,#1502,.F.);
#2732=ORIENTED_EDGE('',*,*,#1903,.T.);
#2733=ORIENTED_EDGE('',*,*,#1902,.T.);
#2734=ORIENTED_EDGE('',*,*,#1903,.F.);
#2735=ORIENTED_EDGE('',*,*,#1904,.F.);
#2736=ORIENTED_EDGE('',*,*,#1905,.F.);
#2737=ORIENTED_EDGE('',*,*,#1906,.T.);
#2738=ORIENTED_EDGE('',*,*,#1515,.T.);
#2739=ORIENTED_EDGE('',*,*,#1906,.F.);
#2740=ORIENTED_EDGE('',*,*,#1904,.T.);
#2741=ORIENTED_EDGE('',*,*,#1905,.T.);
#2742=ORIENTED_EDGE('',*,*,#1907,.T.);
#2743=ORIENTED_EDGE('',*,*,#1908,.T.);
#2744=ORIENTED_EDGE('',*,*,#1907,.F.);
#2745=ORIENTED_EDGE('',*,*,#1909,.F.);
#2746=ORIENTED_EDGE('',*,*,#1908,.F.);
#2747=ORIENTED_EDGE('',*,*,#1503,.F.);
#2748=ORIENTED_EDGE('',*,*,#1910,.T.);
#2749=ORIENTED_EDGE('',*,*,#1909,.T.);
#2750=ORIENTED_EDGE('',*,*,#1910,.F.);
#2751=PLANE('',#3016);
#2752=PLANE('',#3020);
#2753=PLANE('',#3024);
#2754=PLANE('',#3025);
#2755=PLANE('',#3026);
#2756=PLANE('',#3035);
#2757=PLANE('',#3036);
#2758=PLANE('',#3037);
#2759=PLANE('',#3038);
#2760=PLANE('',#3044);
#2761=PLANE('',#3048);
#2762=PLANE('',#3051);
#2763=PLANE('',#3052);
#2764=PLANE('',#3075);
#2765=PLANE('',#3076);
#2766=PLANE('',#3077);
#2767=PLANE('',#3103);
#2768=PLANE('',#3113);
#2769=PLANE('',#3114);
#2770=PLANE('',#3115);
#2771=PLANE('',#3119);
#2772=PLANE('',#3120);
#2773=PLANE('',#3124);
#2774=PLANE('',#3125);
#2775=PLANE('',#3129);
#2776=PLANE('',#3135);
#2777=PLANE('',#3143);
#2778=PLANE('',#3151);
#2779=PLANE('',#3159);
#2780=PLANE('',#3183);
#2781=PLANE('',#3191);
#2782=PLANE('',#3199);
#2783=PLANE('',#3202);
#2784=PLANE('',#3203);
#2785=PLANE('',#3206);
#2786=PLANE('',#3209);
#2787=PLANE('',#3212);
#2788=PLANE('',#3216);
#2789=PLANE('',#3218);
#2790=PLANE('',#3220);
#2791=PLANE('',#3222);
#2792=PLANE('',#3223);
#2793=PLANE('',#3224);
#2794=PLANE('',#3227);
#2795=PLANE('',#3228);
#2796=PLANE('',#3229);
#2797=PLANE('',#3238);
#2798=PLANE('',#3239);
#2799=PLANE('',#3240);
#2800=PLANE('',#3241);
#2801=PLANE('',#3242);
#2802=PLANE('',#3245);
#2803=PLANE('',#3246);
#2804=PLANE('',#3247);
#2805=PLANE('',#3256);
#2806=PLANE('',#3259);
#2807=PLANE('',#3284);
#2808=PLANE('',#3302);
#2809=PLANE('',#3308);
#2810=PLANE('',#3309);
#2811=PLANE('',#3311);
#2812=PLANE('',#3312);
#2813=PLANE('',#3318);
#2814=PLANE('',#3326);
#2815=PLANE('',#3334);
#2816=PLANE('',#3342);
#2817=PLANE('',#3351);
#2818=PLANE('',#3359);
#2819=PLANE('',#3367);
#2820=PLANE('',#3378);
#2821=PLANE('',#3386);
#2822=PLANE('',#3394);
#2823=ADVANCED_FACE('',(#390),#2751,.T.);
#2824=ADVANCED_FACE('',(#391),#327,.T.);
#2825=ADVANCED_FACE('',(#392,#64,#65,#66),#2752,.T.);
#2826=ADVANCED_FACE('',(#393),#2753,.T.);
#2827=ADVANCED_FACE('',(#394),#2754,.F.);
#2828=ADVANCED_FACE('',(#395,#67,#68,#69),#2755,.F.);
#2829=ADVANCED_FACE('',(#396),#328,.F.);
#2830=ADVANCED_FACE('',(#397),#20,.F.);
#2831=ADVANCED_FACE('',(#398),#2756,.T.);
#2832=ADVANCED_FACE('',(#399),#2757,.F.);
#2833=ADVANCED_FACE('',(#400),#2758,.F.);
#2834=ADVANCED_FACE('',(#401),#2759,.F.);
#2835=ADVANCED_FACE('',(#402),#329,.T.);
#2836=ADVANCED_FACE('',(#403),#21,.T.);
#2837=ADVANCED_FACE('',(#404),#2760,.F.);
#2838=ADVANCED_FACE('',(#405),#330,.F.);
#2839=ADVANCED_FACE('',(#406),#2761,.T.);
#2840=ADVANCED_FACE('',(#407),#22,.T.);
#2841=ADVANCED_FACE('',(#408),#2762,.F.);
#2842=ADVANCED_FACE('',(#409,#70,#71,#72,#73,#74,#75,#76,#77,#78,#79,#80,
#81),#2763,.F.);
#2843=ADVANCED_FACE('',(#410),#2764,.F.);
#2844=ADVANCED_FACE('',(#411),#2765,.T.);
#2845=ADVANCED_FACE('',(#412,#82,#83,#84,#85,#86,#87,#88,#89,#90,#91,#92,
#93),#2766,.T.);
#2846=ADVANCED_FACE('',(#413),#331,.T.);
#2847=ADVANCED_FACE('',(#414),#23,.T.);
#2848=ADVANCED_FACE('',(#415),#2767,.F.);
#2849=ADVANCED_FACE('',(#416),#24,.F.);
#2850=ADVANCED_FACE('',(#417),#25,.T.);
#2851=ADVANCED_FACE('',(#418),#26,.F.);
#2852=ADVANCED_FACE('',(#419),#332,.F.);
#2853=ADVANCED_FACE('',(#420),#333,.T.);
#2854=ADVANCED_FACE('',(#421),#334,.F.);
#2855=ADVANCED_FACE('',(#422),#2768,.T.);
#2856=ADVANCED_FACE('',(#423),#2769,.F.);
#2857=ADVANCED_FACE('',(#424),#2770,.T.);
#2858=ADVANCED_FACE('',(#425),#335,.F.);
#2859=ADVANCED_FACE('',(#426),#27,.F.);
#2860=ADVANCED_FACE('',(#427),#2771,.F.);
#2861=ADVANCED_FACE('',(#428),#2772,.T.);
#2862=ADVANCED_FACE('',(#429),#336,.T.);
#2863=ADVANCED_FACE('',(#430),#28,.T.);
#2864=ADVANCED_FACE('',(#431),#2773,.F.);
#2865=ADVANCED_FACE('',(#432),#2774,.T.);
#2866=ADVANCED_FACE('',(#433),#337,.T.);
#2867=ADVANCED_FACE('',(#434),#29,.T.);
#2868=ADVANCED_FACE('',(#435),#2775,.T.);
#2869=ADVANCED_FACE('',(#436),#338,.F.);
#2870=ADVANCED_FACE('',(#437),#30,.F.);
#2871=ADVANCED_FACE('',(#438,#94),#2776,.F.);
#2872=ADVANCED_FACE('',(#439),#339,.F.);
#2873=ADVANCED_FACE('',(#440),#340,.F.);
#2874=ADVANCED_FACE('',(#441),#31,.F.);
#2875=ADVANCED_FACE('',(#442,#95),#2777,.F.);
#2876=ADVANCED_FACE('',(#443),#341,.F.);
#2877=ADVANCED_FACE('',(#444),#342,.F.);
#2878=ADVANCED_FACE('',(#445),#32,.F.);
#2879=ADVANCED_FACE('',(#446,#96),#2778,.F.);
#2880=ADVANCED_FACE('',(#447),#343,.F.);
#2881=ADVANCED_FACE('',(#448),#344,.F.);
#2882=ADVANCED_FACE('',(#449),#33,.F.);
#2883=ADVANCED_FACE('',(#450,#97),#2779,.F.);
#2884=ADVANCED_FACE('',(#451),#345,.F.);
#2885=ADVANCED_FACE('',(#452),#346,.F.);
#2886=ADVANCED_FACE('',(#453),#34,.F.);
#2887=ADVANCED_FACE('',(#454),#347,.F.);
#2888=ADVANCED_FACE('',(#455),#35,.F.);
#2889=ADVANCED_FACE('',(#456),#348,.F.);
#2890=ADVANCED_FACE('',(#457),#36,.F.);
#2891=ADVANCED_FACE('',(#458),#349,.F.);
#2892=ADVANCED_FACE('',(#459),#37,.F.);
#2893=ADVANCED_FACE('',(#460),#350,.F.);
#2894=ADVANCED_FACE('',(#461),#38,.F.);
#2895=ADVANCED_FACE('',(#462,#98),#2780,.F.);
#2896=ADVANCED_FACE('',(#463),#351,.F.);
#2897=ADVANCED_FACE('',(#464),#352,.F.);
#2898=ADVANCED_FACE('',(#465),#39,.F.);
#2899=ADVANCED_FACE('',(#466,#99),#2781,.F.);
#2900=ADVANCED_FACE('',(#467),#353,.F.);
#2901=ADVANCED_FACE('',(#468),#354,.F.);
#2902=ADVANCED_FACE('',(#469),#40,.F.);
#2903=ADVANCED_FACE('',(#470,#100),#2782,.F.);
#2904=ADVANCED_FACE('',(#471),#355,.F.);
#2905=ADVANCED_FACE('',(#472),#2783,.T.);
#2906=ADVANCED_FACE('',(#473),#2784,.F.);
#2907=ADVANCED_FACE('',(#474),#41,.F.);
#2908=ADVANCED_FACE('',(#475),#2785,.F.);
#2909=ADVANCED_FACE('',(#476),#42,.F.);
#2910=ADVANCED_FACE('',(#477),#2786,.F.);
#2911=ADVANCED_FACE('',(#478),#43,.F.);
#2912=ADVANCED_FACE('',(#479),#2787,.F.);
#2913=ADVANCED_FACE('',(#480),#44,.F.);
#2914=ADVANCED_FACE('',(#481),#356,.F.);
#2915=ADVANCED_FACE('',(#482),#2788,.T.);
#2916=ADVANCED_FACE('',(#483),#357,.F.);
#2917=ADVANCED_FACE('',(#484),#2789,.T.);
#2918=ADVANCED_FACE('',(#485),#358,.F.);
#2919=ADVANCED_FACE('',(#486),#2790,.T.);
#2920=ADVANCED_FACE('',(#487),#359,.F.);
#2921=ADVANCED_FACE('',(#488),#2791,.F.);
#2922=ADVANCED_FACE('',(#489),#2792,.F.);
#2923=ADVANCED_FACE('',(#490),#2793,.T.);
#2924=ADVANCED_FACE('',(#491),#45,.F.);
#2925=ADVANCED_FACE('',(#492),#2794,.F.);
#2926=ADVANCED_FACE('',(#493),#2795,.T.);
#2927=ADVANCED_FACE('',(#494),#2796,.T.);
#2928=ADVANCED_FACE('',(#495),#46,.F.);
#2929=ADVANCED_FACE('',(#496),#360,.F.);
#2930=ADVANCED_FACE('',(#497),#47,.F.);
#2931=ADVANCED_FACE('',(#498),#2797,.F.);
#2932=ADVANCED_FACE('',(#499),#2798,.F.);
#2933=ADVANCED_FACE('',(#500),#2799,.F.);
#2934=ADVANCED_FACE('',(#501),#2800,.F.);
#2935=ADVANCED_FACE('',(#502),#2801,.T.);
#2936=ADVANCED_FACE('',(#503),#361,.T.);
#2937=ADVANCED_FACE('',(#504),#2802,.T.);
#2938=ADVANCED_FACE('',(#505),#2803,.F.);
#2939=ADVANCED_FACE('',(#506),#2804,.T.);
#2940=ADVANCED_FACE('',(#507),#48,.T.);
#2941=ADVANCED_FACE('',(#508),#362,.T.);
#2942=ADVANCED_FACE('',(#509),#49,.T.);
#2943=ADVANCED_FACE('',(#510),#2805,.F.);
#2944=ADVANCED_FACE('',(#511),#363,.F.);
#2945=ADVANCED_FACE('',(#512,#101,#102,#103,#104,#105,#106,#107,#108,#109),
#2806,.T.);
#2946=ADVANCED_FACE('',(#513),#364,.T.);
#2947=ADVANCED_FACE('',(#514),#50,.T.);
#2948=ADVANCED_FACE('',(#515),#51,.F.);
#2949=ADVANCED_FACE('',(#516,#110,#111,#112,#113),#2807,.F.);
#2950=ADVANCED_FACE('',(#517),#365,.F.);
#2951=ADVANCED_FACE('',(#518,#114),#2808,.F.);
#2952=ADVANCED_FACE('',(#519),#52,.F.);
#2953=ADVANCED_FACE('',(#520),#366,.F.);
#2954=ADVANCED_FACE('',(#521),#2809,.F.);
#2955=ADVANCED_FACE('',(#522),#2810,.T.);
#2956=ADVANCED_FACE('',(#523),#367,.F.);
#2957=ADVANCED_FACE('',(#524),#2811,.F.);
#2958=ADVANCED_FACE('',(#525),#2812,.T.);
#2959=ADVANCED_FACE('',(#526),#368,.F.);
#2960=ADVANCED_FACE('',(#527),#53,.F.);
#2961=ADVANCED_FACE('',(#528),#369,.F.);
#2962=ADVANCED_FACE('',(#529,#115),#2813,.F.);
#2963=ADVANCED_FACE('',(#530),#54,.F.);
#2964=ADVANCED_FACE('',(#531),#370,.F.);
#2965=ADVANCED_FACE('',(#532),#371,.F.);
#2966=ADVANCED_FACE('',(#533,#116),#2814,.F.);
#2967=ADVANCED_FACE('',(#534),#55,.F.);
#2968=ADVANCED_FACE('',(#535),#372,.F.);
#2969=ADVANCED_FACE('',(#536),#373,.F.);
#2970=ADVANCED_FACE('',(#537,#117),#2815,.F.);
#2971=ADVANCED_FACE('',(#538),#56,.F.);
#2972=ADVANCED_FACE('',(#539),#374,.F.);
#2973=ADVANCED_FACE('',(#540),#375,.F.);
#2974=ADVANCED_FACE('',(#541,#118),#2816,.F.);
#2975=ADVANCED_FACE('',(#542),#57,.F.);
#2976=ADVANCED_FACE('',(#543),#376,.F.);
#2977=ADVANCED_FACE('',(#544),#377,.F.);
#2978=ADVANCED_FACE('',(#545),#378,.F.);
#2979=ADVANCED_FACE('',(#546,#119),#2817,.F.);
#2980=ADVANCED_FACE('',(#547),#58,.F.);
#2981=ADVANCED_FACE('',(#548),#379,.F.);
#2982=ADVANCED_FACE('',(#549),#380,.F.);
#2983=ADVANCED_FACE('',(#550,#120),#2818,.F.);
#2984=ADVANCED_FACE('',(#551),#59,.F.);
#2985=ADVANCED_FACE('',(#552),#381,.F.);
#2986=ADVANCED_FACE('',(#553),#382,.F.);
#2987=ADVANCED_FACE('',(#554,#121),#2819,.F.);
#2988=ADVANCED_FACE('',(#555),#60,.F.);
#2989=ADVANCED_FACE('',(#556),#383,.F.);
#2990=ADVANCED_FACE('',(#557),#384,.F.);
#2991=ADVANCED_FACE('',(#558),#61,.F.);
#2992=ADVANCED_FACE('',(#559,#122),#2820,.F.);
#2993=ADVANCED_FACE('',(#560),#385,.F.);
#2994=ADVANCED_FACE('',(#561),#386,.F.);
#2995=ADVANCED_FACE('',(#562),#62,.F.);
#2996=ADVANCED_FACE('',(#563,#123),#2821,.F.);
#2997=ADVANCED_FACE('',(#564),#387,.F.);
#2998=ADVANCED_FACE('',(#565),#388,.F.);
#2999=ADVANCED_FACE('',(#566),#63,.F.);
#3000=ADVANCED_FACE('',(#567,#124),#2822,.F.);
#3001=ADVANCED_FACE('',(#568),#389,.F.);
#3002=CLOSED_SHELL('',(#2823,#2824,#2825,#2826,#2827,#2828,#2829,#2830,
#2831,#2832,#2833,#2834,#2835,#2836,#2837,#2838,#2839,#2840,#2841,#2842,
#2843,#2844,#2845,#2846,#2847,#2848,#2849,#2850,#2851,#2852,#2853,#2854,
#2855,#2856,#2857,#2858,#2859,#2860,#2861,#2862,#2863,#2864,#2865,#2866,
#2867,#2868,#2869,#2870,#2871,#2872,#2873,#2874,#2875,#2876,#2877,#2878,
#2879,#2880,#2881,#2882,#2883,#2884,#2885,#2886,#2887,#2888,#2889,#2890,
#2891,#2892,#2893,#2894,#2895,#2896,#2897,#2898,#2899,#2900,#2901,#2902,
#2903,#2904,#2905,#2906,#2907,#2908,#2909,#2910,#2911,#2912,#2913,#2914,
#2915,#2916,#2917,#2918,#2919,#2920,#2921,#2922,#2923,#2924,#2925,#2926,
#2927,#2928,#2929,#2930,#2931,#2932,#2933,#2934,#2935,#2936,#2937,#2938,
#2939,#2940,#2941,#2942,#2943,#2944,#2945,#2946,#2947,#2948,#2949,#2950,
#2951,#2952,#2953,#2954,#2955,#2956,#2957,#2958,#2959,#2960,#2961,#2962,
#2963,#2964,#2965,#2966,#2967,#2968,#2969,#2970,#2971,#2972,#2973,#2974,
#2975,#2976,#2977,#2978,#2979,#2980,#2981,#2982,#2983,#2984,#2985,#2986,
#2987,#2988,#2989,#2990,#2991,#2992,#2993,#2994,#2995,#2996,#2997,#2998,
#2999,#3000,#3001));
#3003=DERIVED_UNIT_ELEMENT(#3005,1.);
#3004=DERIVED_UNIT_ELEMENT(#5280,-3.);
#3005=(
MASS_UNIT()
NAMED_UNIT(*)
SI_UNIT(.KILO.,.GRAM.)
);
#3006=DERIVED_UNIT((#3003,#3004));
#3007=MEASURE_REPRESENTATION_ITEM('density measure',
POSITIVE_RATIO_MEASURE(7850.),#3006);
#3008=PROPERTY_DEFINITION_REPRESENTATION(#3013,#3010);
#3009=PROPERTY_DEFINITION_REPRESENTATION(#3014,#3011);
#3010=REPRESENTATION('material name',(#3012),#5277);
#3011=REPRESENTATION('density',(#3007),#5277);
#3012=DESCRIPTIVE_REPRESENTATION_ITEM('\X2\94A2\X0\','\X2\94A2\X0\');
#3013=PROPERTY_DEFINITION('material property','material name',#5287);
#3014=PROPERTY_DEFINITION('material property','density of part',#5287);
#3015=AXIS2_PLACEMENT_3D('',#4374,#3397,#3398);
#3016=AXIS2_PLACEMENT_3D('',#4375,#3399,#3400);
#3017=AXIS2_PLACEMENT_3D('',#4384,#3405,#3406);
#3018=AXIS2_PLACEMENT_3D('',#4388,#3408,#3409);
#3019=AXIS2_PLACEMENT_3D('',#4389,#3410,#3411);
#3020=AXIS2_PLACEMENT_3D('',#4390,#3412,#3413);
#3021=AXIS2_PLACEMENT_3D('',#4397,#3417,#3418);
#3022=AXIS2_PLACEMENT_3D('',#4399,#3419,#3420);
#3023=AXIS2_PLACEMENT_3D('',#4401,#3421,#3422);
#3024=AXIS2_PLACEMENT_3D('',#4402,#3423,#3424);
#3025=AXIS2_PLACEMENT_3D('',#4408,#3428,#3429);
#3026=AXIS2_PLACEMENT_3D('',#4414,#3433,#3434);
#3027=AXIS2_PLACEMENT_3D('',#4421,#3438,#3439);
#3028=AXIS2_PLACEMENT_3D('',#4423,#3440,#3441);
#3029=AXIS2_PLACEMENT_3D('',#4425,#3442,#3443);
#3030=AXIS2_PLACEMENT_3D('',#4426,#3444,#3445);
#3031=AXIS2_PLACEMENT_3D('',#4428,#3446,#3447);
#3032=AXIS2_PLACEMENT_3D('',#4430,#3448,#3449);
#3033=AXIS2_PLACEMENT_3D('',#4432,#3451,#3452);
#3034=AXIS2_PLACEMENT_3D('',#4435,#3454,#3455);
#3035=AXIS2_PLACEMENT_3D('',#4436,#3456,#3457);
#3036=AXIS2_PLACEMENT_3D('',#4438,#3459,#3460);
#3037=AXIS2_PLACEMENT_3D('',#4442,#3463,#3464);
#3038=AXIS2_PLACEMENT_3D('',#4446,#3467,#3468);
#3039=AXIS2_PLACEMENT_3D('',#4450,#3471,#3472);
#3040=AXIS2_PLACEMENT_3D('',#4452,#3473,#3474);
#3041=AXIS2_PLACEMENT_3D('',#4454,#3475,#3476);
#3042=AXIS2_PLACEMENT_3D('',#4456,#3478,#3479);
#3043=AXIS2_PLACEMENT_3D('',#4459,#3481,#3482);
#3044=AXIS2_PLACEMENT_3D('',#4460,#3483,#3484);
#3045=AXIS2_PLACEMENT_3D('',#4463,#3486,#3487);
#3046=AXIS2_PLACEMENT_3D('',#4464,#3488,#3489);
#3047=AXIS2_PLACEMENT_3D('',#4467,#3491,#3492);
#3048=AXIS2_PLACEMENT_3D('',#4468,#3493,#3494);
#3049=AXIS2_PLACEMENT_3D('',#4471,#3495,#3496);
#3050=AXIS2_PLACEMENT_3D('',#4474,#3499,#3500);
#3051=AXIS2_PLACEMENT_3D('',#4477,#3503,#3504);
#3052=AXIS2_PLACEMENT_3D('',#4483,#3508,#3509);
#3053=AXIS2_PLACEMENT_3D('',#4487,#3511,#3512);
#3054=AXIS2_PLACEMENT_3D('',#4491,#3514,#3515);
#3055=AXIS2_PLACEMENT_3D('',#4495,#3517,#3518);
#3056=AXIS2_PLACEMENT_3D('',#4499,#3520,#3521);
#3057=AXIS2_PLACEMENT_3D('',#4503,#3523,#3524);
#3058=AXIS2_PLACEMENT_3D('',#4505,#3525,#3526);
#3059=AXIS2_PLACEMENT_3D('',#4506,#3527,#3528);
#3060=AXIS2_PLACEMENT_3D('',#4508,#3529,#3530);
#3061=AXIS2_PLACEMENT_3D('',#4510,#3531,#3532);
#3062=AXIS2_PLACEMENT_3D('',#4512,#3533,#3534);
#3063=AXIS2_PLACEMENT_3D('',#4514,#3535,#3536);
#3064=AXIS2_PLACEMENT_3D('',#4516,#3537,#3538);
#3065=AXIS2_PLACEMENT_3D('',#4518,#3539,#3540);
#3066=AXIS2_PLACEMENT_3D('',#4520,#3541,#3542);
#3067=AXIS2_PLACEMENT_3D('',#4522,#3543,#3544);
#3068=AXIS2_PLACEMENT_3D('',#4524,#3545,#3546);
#3069=AXIS2_PLACEMENT_3D('',#4526,#3547,#3548);
#3070=AXIS2_PLACEMENT_3D('',#4528,#3549,#3550);
#3071=AXIS2_PLACEMENT_3D('',#4531,#3551,#3552);
#3072=AXIS2_PLACEMENT_3D('',#4535,#3554,#3555);
#3073=AXIS2_PLACEMENT_3D('',#4539,#3557,#3558);
#3074=AXIS2_PLACEMENT_3D('',#4543,#3560,#3561);
#3075=AXIS2_PLACEMENT_3D('',#4545,#3563,#3564);
#3076=AXIS2_PLACEMENT_3D('',#4549,#3567,#3568);
#3077=AXIS2_PLACEMENT_3D('',#4553,#3571,#3572);
#3078=AXIS2_PLACEMENT_3D('',#4556,#3573,#3574);
#3079=AXIS2_PLACEMENT_3D('',#4560,#3576,#3577);
#3080=AXIS2_PLACEMENT_3D('',#4564,#3579,#3580);
#3081=AXIS2_PLACEMENT_3D('',#4568,#3582,#3583);
#3082=AXIS2_PLACEMENT_3D('',#4571,#3585,#3586);
#3083=AXIS2_PLACEMENT_3D('',#4573,#3587,#3588);
#3084=AXIS2_PLACEMENT_3D('',#4575,#3589,#3590);
#3085=AXIS2_PLACEMENT_3D('',#4578,#3592,#3593);
#3086=AXIS2_PLACEMENT_3D('',#4580,#3594,#3595);
#3087=AXIS2_PLACEMENT_3D('',#4582,#3596,#3597);
#3088=AXIS2_PLACEMENT_3D('',#4584,#3598,#3599);
#3089=AXIS2_PLACEMENT_3D('',#4586,#3600,#3601);
#3090=AXIS2_PLACEMENT_3D('',#4588,#3602,#3603);
#3091=AXIS2_PLACEMENT_3D('',#4590,#3604,#3605);
#3092=AXIS2_PLACEMENT_3D('',#4592,#3606,#3607);
#3093=AXIS2_PLACEMENT_3D('',#4594,#3608,#3609);
#3094=AXIS2_PLACEMENT_3D('',#4596,#3610,#3611);
#3095=AXIS2_PLACEMENT_3D('',#4598,#3612,#3613);
#3096=AXIS2_PLACEMENT_3D('',#4603,#3615,#3616);
#3097=AXIS2_PLACEMENT_3D('',#4607,#3618,#3619);
#3098=AXIS2_PLACEMENT_3D('',#4611,#3621,#3622);
#3099=AXIS2_PLACEMENT_3D('',#4614,#3624,#3625);
#3100=AXIS2_PLACEMENT_3D('',#4615,#3626,#3627);
#3101=AXIS2_PLACEMENT_3D('',#4618,#3628,#3629);
#3102=AXIS2_PLACEMENT_3D('',#4621,#3632,#3633);
#3103=AXIS2_PLACEMENT_3D('',#4624,#3636,#3637);
#3104=AXIS2_PLACEMENT_3D('',#4628,#3640,#3641);
#3105=AXIS2_PLACEMENT_3D('',#4630,#3642,#3643);
#3106=AXIS2_PLACEMENT_3D('',#4632,#3645,#3646);
#3107=AXIS2_PLACEMENT_3D('',#4634,#3647,#3648);
#3108=AXIS2_PLACEMENT_3D('',#4636,#3650,#3651);
#3109=AXIS2_PLACEMENT_3D('',#4637,#3652,#3653);
#3110=AXIS2_PLACEMENT_3D('',#4638,#3654,#3655);
#3111=AXIS2_PLACEMENT_3D('',#4640,#3657,#3658);
#3112=AXIS2_PLACEMENT_3D('',#4642,#3660,#3661);
#3113=AXIS2_PLACEMENT_3D('',#4644,#3663,#3664);
#3114=AXIS2_PLACEMENT_3D('',#4645,#3665,#3666);
#3115=AXIS2_PLACEMENT_3D('',#4649,#3669,#3670);
#3116=AXIS2_PLACEMENT_3D('',#4651,#3672,#3673);
#3117=AXIS2_PLACEMENT_3D('',#4653,#3674,#3675);
#3118=AXIS2_PLACEMENT_3D('',#4655,#3677,#3678);
#3119=AXIS2_PLACEMENT_3D('',#4657,#3680,#3681);
#3120=AXIS2_PLACEMENT_3D('',#4661,#3684,#3685);
#3121=AXIS2_PLACEMENT_3D('',#4663,#3687,#3688);
#3122=AXIS2_PLACEMENT_3D('',#4665,#3689,#3690);
#3123=AXIS2_PLACEMENT_3D('',#4667,#3692,#3693);
#3124=AXIS2_PLACEMENT_3D('',#4669,#3695,#3696);
#3125=AXIS2_PLACEMENT_3D('',#4673,#3699,#3700);
#3126=AXIS2_PLACEMENT_3D('',#4675,#3702,#3703);
#3127=AXIS2_PLACEMENT_3D('',#4676,#3704,#3705);
#3128=AXIS2_PLACEMENT_3D('',#4678,#3707,#3708);
#3129=AXIS2_PLACEMENT_3D('',#4679,#3709,#3710);
#3130=AXIS2_PLACEMENT_3D('',#4680,#3711,#3712);
#3131=AXIS2_PLACEMENT_3D('',#4683,#3713,#3714);
#3132=AXIS2_PLACEMENT_3D('',#4684,#3715,#3716);
#3133=AXIS2_PLACEMENT_3D('',#4686,#3718,#3719);
#3134=AXIS2_PLACEMENT_3D('',#4689,#3721,#3722);
#3135=AXIS2_PLACEMENT_3D('',#4690,#3723,#3724);
#3136=AXIS2_PLACEMENT_3D('',#4692,#3725,#3726);
#3137=AXIS2_PLACEMENT_3D('',#4693,#3727,#3728);
#3138=AXIS2_PLACEMENT_3D('',#4695,#3730,#3731);
#3139=AXIS2_PLACEMENT_3D('',#4698,#3732,#3733);
#3140=AXIS2_PLACEMENT_3D('',#4699,#3734,#3735);
#3141=AXIS2_PLACEMENT_3D('',#4701,#3737,#3738);
#3142=AXIS2_PLACEMENT_3D('',#4704,#3740,#3741);
#3143=AXIS2_PLACEMENT_3D('',#4705,#3742,#3743);
#3144=AXIS2_PLACEMENT_3D('',#4707,#3744,#3745);
#3145=AXIS2_PLACEMENT_3D('',#4708,#3746,#3747);
#3146=AXIS2_PLACEMENT_3D('',#4710,#3749,#3750);
#3147=AXIS2_PLACEMENT_3D('',#4713,#3751,#3752);
#3148=AXIS2_PLACEMENT_3D('',#4714,#3753,#3754);
#3149=AXIS2_PLACEMENT_3D('',#4716,#3756,#3757);
#3150=AXIS2_PLACEMENT_3D('',#4719,#3759,#3760);
#3151=AXIS2_PLACEMENT_3D('',#4720,#3761,#3762);
#3152=AXIS2_PLACEMENT_3D('',#4722,#3763,#3764);
#3153=AXIS2_PLACEMENT_3D('',#4723,#3765,#3766);
#3154=AXIS2_PLACEMENT_3D('',#4725,#3768,#3769);
#3155=AXIS2_PLACEMENT_3D('',#4728,#3770,#3771);
#3156=AXIS2_PLACEMENT_3D('',#4729,#3772,#3773);
#3157=AXIS2_PLACEMENT_3D('',#4731,#3775,#3776);
#3158=AXIS2_PLACEMENT_3D('',#4734,#3778,#3779);
#3159=AXIS2_PLACEMENT_3D('',#4735,#3780,#3781);
#3160=AXIS2_PLACEMENT_3D('',#4737,#3782,#3783);
#3161=AXIS2_PLACEMENT_3D('',#4738,#3784,#3785);
#3162=AXIS2_PLACEMENT_3D('',#4740,#3787,#3788);
#3163=AXIS2_PLACEMENT_3D('',#4743,#3789,#3790);
#3164=AXIS2_PLACEMENT_3D('',#4744,#3791,#3792);
#3165=AXIS2_PLACEMENT_3D('',#4746,#3794,#3795);
#3166=AXIS2_PLACEMENT_3D('',#4748,#3797,#3798);
#3167=AXIS2_PLACEMENT_3D('',#4751,#3799,#3800);
#3168=AXIS2_PLACEMENT_3D('',#4752,#3801,#3802);
#3169=AXIS2_PLACEMENT_3D('',#4754,#3804,#3805);
#3170=AXIS2_PLACEMENT_3D('',#4756,#3807,#3808);
#3171=AXIS2_PLACEMENT_3D('',#4759,#3809,#3810);
#3172=AXIS2_PLACEMENT_3D('',#4760,#3811,#3812);
#3173=AXIS2_PLACEMENT_3D('',#4762,#3814,#3815);
#3174=AXIS2_PLACEMENT_3D('',#4764,#3817,#3818);
#3175=AXIS2_PLACEMENT_3D('',#4767,#3819,#3820);
#3176=AXIS2_PLACEMENT_3D('',#4768,#3821,#3822);
#3177=AXIS2_PLACEMENT_3D('',#4770,#3824,#3825);
#3178=AXIS2_PLACEMENT_3D('',#4772,#3827,#3828);
#3179=AXIS2_PLACEMENT_3D('',#4775,#3829,#3830);
#3180=AXIS2_PLACEMENT_3D('',#4776,#3831,#3832);
#3181=AXIS2_PLACEMENT_3D('',#4778,#3834,#3835);
#3182=AXIS2_PLACEMENT_3D('',#4781,#3837,#3838);
#3183=AXIS2_PLACEMENT_3D('',#4782,#3839,#3840);
#3184=AXIS2_PLACEMENT_3D('',#4784,#3841,#3842);
#3185=AXIS2_PLACEMENT_3D('',#4785,#3843,#3844);
#3186=AXIS2_PLACEMENT_3D('',#4787,#3846,#3847);
#3187=AXIS2_PLACEMENT_3D('',#4790,#3848,#3849);
#3188=AXIS2_PLACEMENT_3D('',#4791,#3850,#3851);
#3189=AXIS2_PLACEMENT_3D('',#4793,#3853,#3854);
#3190=AXIS2_PLACEMENT_3D('',#4796,#3856,#3857);
#3191=AXIS2_PLACEMENT_3D('',#4797,#3858,#3859);
#3192=AXIS2_PLACEMENT_3D('',#4799,#3860,#3861);
#3193=AXIS2_PLACEMENT_3D('',#4800,#3862,#3863);
#3194=AXIS2_PLACEMENT_3D('',#4802,#3865,#3866);
#3195=AXIS2_PLACEMENT_3D('',#4805,#3867,#3868);
#3196=AXIS2_PLACEMENT_3D('',#4806,#3869,#3870);
#3197=AXIS2_PLACEMENT_3D('',#4808,#3872,#3873);
#3198=AXIS2_PLACEMENT_3D('',#4811,#3875,#3876);
#3199=AXIS2_PLACEMENT_3D('',#4812,#3877,#3878);
#3200=AXIS2_PLACEMENT_3D('',#4814,#3879,#3880);
#3201=AXIS2_PLACEMENT_3D('',#4815,#3881,#3882);
#3202=AXIS2_PLACEMENT_3D('',#4817,#3884,#3885);
#3203=AXIS2_PLACEMENT_3D('',#4823,#3889,#3890);
#3204=AXIS2_PLACEMENT_3D('',#4826,#3893,#3894);
#3205=AXIS2_PLACEMENT_3D('',#4828,#3895,#3896);
#3206=AXIS2_PLACEMENT_3D('',#4830,#3898,#3899);
#3207=AXIS2_PLACEMENT_3D('',#4834,#3902,#3903);
#3208=AXIS2_PLACEMENT_3D('',#4836,#3904,#3905);
#3209=AXIS2_PLACEMENT_3D('',#4838,#3907,#3908);
#3210=AXIS2_PLACEMENT_3D('',#4842,#3911,#3912);
#3211=AXIS2_PLACEMENT_3D('',#4844,#3913,#3914);
#3212=AXIS2_PLACEMENT_3D('',#4846,#3916,#3917);
#3213=AXIS2_PLACEMENT_3D('',#4850,#3920,#3921);
#3214=AXIS2_PLACEMENT_3D('',#4851,#3922,#3923);
#3215=AXIS2_PLACEMENT_3D('',#4852,#3924,#3925);
#3216=AXIS2_PLACEMENT_3D('',#4854,#3927,#3928);
#3217=AXIS2_PLACEMENT_3D('',#4856,#3930,#3931);
#3218=AXIS2_PLACEMENT_3D('',#4858,#3933,#3934);
#3219=AXIS2_PLACEMENT_3D('',#4860,#3936,#3937);
#3220=AXIS2_PLACEMENT_3D('',#4862,#3939,#3940);
#3221=AXIS2_PLACEMENT_3D('',#4864,#3942,#3943);
#3222=AXIS2_PLACEMENT_3D('',#4865,#3944,#3945);
#3223=AXIS2_PLACEMENT_3D('',#4869,#3948,#3949);
#3224=AXIS2_PLACEMENT_3D('',#4871,#3951,#3952);
#3225=AXIS2_PLACEMENT_3D('',#4873,#3953,#3954);
#3226=AXIS2_PLACEMENT_3D('',#4875,#3956,#3957);
#3227=AXIS2_PLACEMENT_3D('',#4877,#3959,#3960);
#3228=AXIS2_PLACEMENT_3D('',#4881,#3963,#3964);
#3229=AXIS2_PLACEMENT_3D('',#4883,#3966,#3967);
#3230=AXIS2_PLACEMENT_3D('',#4885,#3968,#3969);
#3231=AXIS2_PLACEMENT_3D('',#4888,#3971,#3972);
#3232=AXIS2_PLACEMENT_3D('',#4889,#3973,#3974);
#3233=AXIS2_PLACEMENT_3D('',#4891,#3975,#3976);
#3234=AXIS2_PLACEMENT_3D('',#4893,#3978,#3979);
#3235=AXIS2_PLACEMENT_3D('',#4895,#3980,#3981);
#3236=AXIS2_PLACEMENT_3D('',#4897,#3983,#3984);
#3237=AXIS2_PLACEMENT_3D('',#4899,#3985,#3986);
#3238=AXIS2_PLACEMENT_3D('',#4901,#3988,#3989);
#3239=AXIS2_PLACEMENT_3D('',#4907,#3993,#3994);
#3240=AXIS2_PLACEMENT_3D('',#4911,#3997,#3998);
#3241=AXIS2_PLACEMENT_3D('',#4915,#4001,#4002);
#3242=AXIS2_PLACEMENT_3D('',#4919,#4005,#4006);
#3243=AXIS2_PLACEMENT_3D('',#4925,#4010,#4011);
#3244=AXIS2_PLACEMENT_3D('',#4926,#4012,#4013);
#3245=AXIS2_PLACEMENT_3D('',#4927,#4014,#4015);
#3246=AXIS2_PLACEMENT_3D('',#4929,#4017,#4018);
#3247=AXIS2_PLACEMENT_3D('',#4931,#4020,#4021);
#3248=AXIS2_PLACEMENT_3D('',#4933,#4022,#4023);
#3249=AXIS2_PLACEMENT_3D('',#4935,#4024,#4025);
#3250=AXIS2_PLACEMENT_3D('',#4937,#4027,#4028);
#3251=AXIS2_PLACEMENT_3D('',#4939,#4029,#4030);
#3252=AXIS2_PLACEMENT_3D('',#4941,#4032,#4033);
#3253=AXIS2_PLACEMENT_3D('',#4944,#4035,#4036);
#3254=AXIS2_PLACEMENT_3D('',#4945,#4037,#4038);
#3255=AXIS2_PLACEMENT_3D('',#4948,#4040,#4041);
#3256=AXIS2_PLACEMENT_3D('',#4949,#4042,#4043);
#3257=AXIS2_PLACEMENT_3D('',#4952,#4045,#4046);
#3258=AXIS2_PLACEMENT_3D('',#4953,#4047,#4048);
#3259=AXIS2_PLACEMENT_3D('',#4955,#4050,#4051);
#3260=AXIS2_PLACEMENT_3D('',#4958,#4052,#4053);
#3261=AXIS2_PLACEMENT_3D('',#4960,#4054,#4055);
#3262=AXIS2_PLACEMENT_3D('',#4964,#4058,#4059);
#3263=AXIS2_PLACEMENT_3D('',#4966,#4060,#4061);
#3264=AXIS2_PLACEMENT_3D('',#4968,#4062,#4063);
#3265=AXIS2_PLACEMENT_3D('',#4970,#4064,#4065);
#3266=AXIS2_PLACEMENT_3D('',#4972,#4066,#4067);
#3267=AXIS2_PLACEMENT_3D('',#4974,#4068,#4069);
#3268=AXIS2_PLACEMENT_3D('',#4976,#4070,#4071);
#3269=AXIS2_PLACEMENT_3D('',#4978,#4072,#4073);
#3270=AXIS2_PLACEMENT_3D('',#4980,#4074,#4075);
#3271=AXIS2_PLACEMENT_3D('',#4982,#4076,#4077);
#3272=AXIS2_PLACEMENT_3D('',#4983,#4078,#4079);
#3273=AXIS2_PLACEMENT_3D('',#4986,#4080,#4081);
#3274=AXIS2_PLACEMENT_3D('',#4989,#4084,#4085);
#3275=AXIS2_PLACEMENT_3D('',#4993,#4087,#4088);
#3276=AXIS2_PLACEMENT_3D('',#5006,#4089,#4090);
#3277=AXIS2_PLACEMENT_3D('',#5019,#4091,#4092);
#3278=AXIS2_PLACEMENT_3D('',#5032,#4093,#4094);
#3279=AXIS2_PLACEMENT_3D('',#5045,#4095,#4096);
#3280=AXIS2_PLACEMENT_3D('',#5058,#4097,#4098);
#3281=AXIS2_PLACEMENT_3D('',#5060,#4100,#4101);
#3282=AXIS2_PLACEMENT_3D('',#5062,#4102,#4103);
#3283=AXIS2_PLACEMENT_3D('',#5065,#4105,#4106);
#3284=AXIS2_PLACEMENT_3D('',#5066,#4107,#4108);
#3285=AXIS2_PLACEMENT_3D('',#5068,#4109,#4110);
#3286=AXIS2_PLACEMENT_3D('',#5069,#4111,#4112);
#3287=AXIS2_PLACEMENT_3D('',#5071,#4113,#4114);
#3288=AXIS2_PLACEMENT_3D('',#5072,#4115,#4116);
#3289=AXIS2_PLACEMENT_3D('',#5074,#4117,#4118);
#3290=AXIS2_PLACEMENT_3D('',#5075,#4119,#4120);
#3291=AXIS2_PLACEMENT_3D('',#5077,#4121,#4122);
#3292=AXIS2_PLACEMENT_3D('',#5078,#4123,#4124);
#3293=AXIS2_PLACEMENT_3D('',#5080,#4125,#4126);
#3294=AXIS2_PLACEMENT_3D('',#5084,#4129,#4130);
#3295=AXIS2_PLACEMENT_3D('',#5085,#4131,#4132);
#3296=AXIS2_PLACEMENT_3D('',#5087,#4133,#4134);
#3297=AXIS2_PLACEMENT_3D('',#5089,#4135,#4136);
#3298=AXIS2_PLACEMENT_3D('',#5091,#4137,#4138);
#3299=AXIS2_PLACEMENT_3D('',#5093,#4139,#4140);
#3300=AXIS2_PLACEMENT_3D('',#5094,#4141,#4142);
#3301=AXIS2_PLACEMENT_3D('',#5097,#4144,#4145);
#3302=AXIS2_PLACEMENT_3D('',#5098,#4146,#4147);
#3303=AXIS2_PLACEMENT_3D('',#5100,#4148,#4149);
#3304=AXIS2_PLACEMENT_3D('',#5101,#4150,#4151);
#3305=AXIS2_PLACEMENT_3D('',#5104,#4152,#4153);
#3306=AXIS2_PLACEMENT_3D('',#5106,#4155,#4156);
#3307=AXIS2_PLACEMENT_3D('',#5107,#4157,#4158);
#3308=AXIS2_PLACEMENT_3D('',#5109,#4160,#4161);
#3309=AXIS2_PLACEMENT_3D('',#5111,#4163,#4164);
#3310=AXIS2_PLACEMENT_3D('',#5113,#4166,#4167);
#3311=AXIS2_PLACEMENT_3D('',#5114,#4168,#4169);
#3312=AXIS2_PLACEMENT_3D('',#5118,#4172,#4173);
#3313=AXIS2_PLACEMENT_3D('',#5120,#4175,#4176);
#3314=AXIS2_PLACEMENT_3D('',#5121,#4177,#4178);
#3315=AXIS2_PLACEMENT_3D('',#5122,#4179,#4180);
#3316=AXIS2_PLACEMENT_3D('',#5123,#4181,#4182);
#3317=AXIS2_PLACEMENT_3D('',#5126,#4184,#4185);
#3318=AXIS2_PLACEMENT_3D('',#5127,#4186,#4187);
#3319=AXIS2_PLACEMENT_3D('',#5129,#4188,#4189);
#3320=AXIS2_PLACEMENT_3D('',#5130,#4190,#4191);
#3321=AXIS2_PLACEMENT_3D('',#5133,#4192,#4193);
#3322=AXIS2_PLACEMENT_3D('',#5135,#4195,#4196);
#3323=AXIS2_PLACEMENT_3D('',#5136,#4197,#4198);
#3324=AXIS2_PLACEMENT_3D('',#5138,#4200,#4201);
#3325=AXIS2_PLACEMENT_3D('',#5141,#4203,#4204);
#3326=AXIS2_PLACEMENT_3D('',#5142,#4205,#4206);
#3327=AXIS2_PLACEMENT_3D('',#5144,#4207,#4208);
#3328=AXIS2_PLACEMENT_3D('',#5145,#4209,#4210);
#3329=AXIS2_PLACEMENT_3D('',#5148,#4211,#4212);
#3330=AXIS2_PLACEMENT_3D('',#5150,#4214,#4215);
#3331=AXIS2_PLACEMENT_3D('',#5151,#4216,#4217);
#3332=AXIS2_PLACEMENT_3D('',#5153,#4219,#4220);
#3333=AXIS2_PLACEMENT_3D('',#5156,#4222,#4223);
#3334=AXIS2_PLACEMENT_3D('',#5157,#4224,#4225);
#3335=AXIS2_PLACEMENT_3D('',#5159,#4226,#4227);
#3336=AXIS2_PLACEMENT_3D('',#5160,#4228,#4229);
#3337=AXIS2_PLACEMENT_3D('',#5163,#4230,#4231);
#3338=AXIS2_PLACEMENT_3D('',#5165,#4233,#4234);
#3339=AXIS2_PLACEMENT_3D('',#5166,#4235,#4236);
#3340=AXIS2_PLACEMENT_3D('',#5168,#4238,#4239);
#3341=AXIS2_PLACEMENT_3D('',#5171,#4241,#4242);
#3342=AXIS2_PLACEMENT_3D('',#5172,#4243,#4244);
#3343=AXIS2_PLACEMENT_3D('',#5174,#4245,#4246);
#3344=AXIS2_PLACEMENT_3D('',#5175,#4247,#4248);
#3345=AXIS2_PLACEMENT_3D('',#5178,#4249,#4250);
#3346=AXIS2_PLACEMENT_3D('',#5180,#4252,#4253);
#3347=AXIS2_PLACEMENT_3D('',#5181,#4254,#4255);
#3348=AXIS2_PLACEMENT_3D('',#5183,#4257,#4258);
#3349=AXIS2_PLACEMENT_3D('',#5185,#4260,#4261);
#3350=AXIS2_PLACEMENT_3D('',#5188,#4263,#4264);
#3351=AXIS2_PLACEMENT_3D('',#5189,#4265,#4266);
#3352=AXIS2_PLACEMENT_3D('',#5191,#4267,#4268);
#3353=AXIS2_PLACEMENT_3D('',#5192,#4269,#4270);
#3354=AXIS2_PLACEMENT_3D('',#5195,#4271,#4272);
#3355=AXIS2_PLACEMENT_3D('',#5197,#4274,#4275);
#3356=AXIS2_PLACEMENT_3D('',#5198,#4276,#4277);
#3357=AXIS2_PLACEMENT_3D('',#5200,#4279,#4280);
#3358=AXIS2_PLACEMENT_3D('',#5203,#4282,#4283);
#3359=AXIS2_PLACEMENT_3D('',#5204,#4284,#4285);
#3360=AXIS2_PLACEMENT_3D('',#5206,#4286,#4287);
#3361=AXIS2_PLACEMENT_3D('',#5207,#4288,#4289);
#3362=AXIS2_PLACEMENT_3D('',#5210,#4290,#4291);
#3363=AXIS2_PLACEMENT_3D('',#5212,#4293,#4294);
#3364=AXIS2_PLACEMENT_3D('',#5213,#4295,#4296);
#3365=AXIS2_PLACEMENT_3D('',#5215,#4298,#4299);
#3366=AXIS2_PLACEMENT_3D('',#5218,#4301,#4302);
#3367=AXIS2_PLACEMENT_3D('',#5219,#4303,#4304);
#3368=AXIS2_PLACEMENT_3D('',#5221,#4305,#4306);
#3369=AXIS2_PLACEMENT_3D('',#5222,#4307,#4308);
#3370=AXIS2_PLACEMENT_3D('',#5225,#4309,#4310);
#3371=AXIS2_PLACEMENT_3D('',#5227,#4312,#4313);
#3372=AXIS2_PLACEMENT_3D('',#5228,#4314,#4315);
#3373=AXIS2_PLACEMENT_3D('',#5230,#4317,#4318);
#3374=AXIS2_PLACEMENT_3D('',#5233,#4319,#4320);
#3375=AXIS2_PLACEMENT_3D('',#5234,#4321,#4322);
#3376=AXIS2_PLACEMENT_3D('',#5236,#4324,#4325);
#3377=AXIS2_PLACEMENT_3D('',#5239,#4327,#4328);
#3378=AXIS2_PLACEMENT_3D('',#5240,#4329,#4330);
#3379=AXIS2_PLACEMENT_3D('',#5242,#4331,#4332);
#3380=AXIS2_PLACEMENT_3D('',#5243,#4333,#4334);
#3381=AXIS2_PLACEMENT_3D('',#5245,#4336,#4337);
#3382=AXIS2_PLACEMENT_3D('',#5248,#4338,#4339);
#3383=AXIS2_PLACEMENT_3D('',#5249,#4340,#4341);
#3384=AXIS2_PLACEMENT_3D('',#5251,#4343,#4344);
#3385=AXIS2_PLACEMENT_3D('',#5254,#4346,#4347);
#3386=AXIS2_PLACEMENT_3D('',#5255,#4348,#4349);
#3387=AXIS2_PLACEMENT_3D('',#5257,#4350,#4351);
#3388=AXIS2_PLACEMENT_3D('',#5258,#4352,#4353);
#3389=AXIS2_PLACEMENT_3D('',#5260,#4355,#4356);
#3390=AXIS2_PLACEMENT_3D('',#5263,#4357,#4358);
#3391=AXIS2_PLACEMENT_3D('',#5264,#4359,#4360);
#3392=AXIS2_PLACEMENT_3D('',#5266,#4362,#4363);
#3393=AXIS2_PLACEMENT_3D('',#5269,#4365,#4366);
#3394=AXIS2_PLACEMENT_3D('',#5270,#4367,#4368);
#3395=AXIS2_PLACEMENT_3D('',#5272,#4369,#4370);
#3396=AXIS2_PLACEMENT_3D('',#5273,#4371,#4372);
#3397=DIRECTION('axis',(0.,0.,1.));
#3398=DIRECTION('refdir',(1.,0.,0.));
#3399=DIRECTION('center_axis',(0.707106781186548,0.,0.707106781186548));
#3400=DIRECTION('ref_axis',(0.,1.,0.));
#3401=DIRECTION('',(0.,1.,0.));
#3402=DIRECTION('',(0.707106781186548,0.,-0.707106781186548));
#3403=DIRECTION('',(0.,1.,0.));
#3404=DIRECTION('',(-0.707106781186548,0.,0.707106781186548));
#3405=DIRECTION('center_axis',(0.,-1.,0.));
#3406=DIRECTION('ref_axis',(0.707106781186548,0.,0.707106781186548));
#3407=DIRECTION('',(0.,1.,0.));
#3408=DIRECTION('center_axis',(0.,1.,0.));
#3409=DIRECTION('ref_axis',(0.,0.,1.));
#3410=DIRECTION('center_axis',(0.,-1.,0.));
#3411=DIRECTION('ref_axis',(0.707106781186548,0.,0.707106781186548));
#3412=DIRECTION('center_axis',(0.,0.,1.));
#3413=DIRECTION('ref_axis',(1.,0.,0.));
#3414=DIRECTION('',(-1.,0.,0.));
#3415=DIRECTION('',(0.,-1.,0.));
#3416=DIRECTION('',(1.,0.,0.));
#3417=DIRECTION('center_axis',(0.,0.,-1.));
#3418=DIRECTION('ref_axis',(1.,0.,0.));
#3419=DIRECTION('center_axis',(0.,0.,-1.));
#3420=DIRECTION('ref_axis',(1.,0.,0.));
#3421=DIRECTION('center_axis',(0.,0.,-1.));
#3422=DIRECTION('ref_axis',(1.,0.,0.));
#3423=DIRECTION('center_axis',(0.,-1.,0.));
#3424=DIRECTION('ref_axis',(1.,0.,0.));
#3425=DIRECTION('',(1.,9.435420081634E-11,-9.435420081634E-11));
#3426=DIRECTION('',(-1.127951347082E-8,2.675000125357E-9,-1.));
#3427=DIRECTION('',(-7.189885307909E-9,1.996795617344E-10,-1.));
#3428=DIRECTION('center_axis',(0.,0.707106781186548,0.707106781186548));
#3429=DIRECTION('ref_axis',(0.,-0.707106781186548,0.707106781186548));
#3430=DIRECTION('',(1.,4.717699206645E-11,-4.717707331998E-11));
#3431=DIRECTION('',(-1.99395412973499E-8,-0.707106781186498,0.707106781186597));
#3432=DIRECTION('',(-1.27100215546409E-8,-0.707106781186547,0.707106781186547));
#3433=DIRECTION('center_axis',(0.,0.,1.));
#3434=DIRECTION('ref_axis',(1.,0.,0.));
#3435=DIRECTION('',(-5.919680928328E-10,-1.,7.933701559694E-11));
#3436=DIRECTION('',(-1.,-4.717666705233E-11,-4.7177127489E-11));
#3437=DIRECTION('',(5.919677284519E-10,1.,7.933701559694E-11));
#3438=DIRECTION('center_axis',(0.,0.,-1.));
#3439=DIRECTION('ref_axis',(1.,0.,0.));
#3440=DIRECTION('center_axis',(0.,0.,-1.));
#3441=DIRECTION('ref_axis',(1.,0.,0.));
#3442=DIRECTION('center_axis',(0.,0.,-1.));
#3443=DIRECTION('ref_axis',(1.,0.,0.));
#3444=DIRECTION('center_axis',(0.,-1.,0.));
#3445=DIRECTION('ref_axis',(0.707106781186548,0.,0.707106781186548));
#3446=DIRECTION('center_axis',(0.,1.,0.));
#3447=DIRECTION('ref_axis',(0.,0.,1.));
#3448=DIRECTION('center_axis',(0.,-1.,0.));
#3449=DIRECTION('ref_axis',(0.707106781186598,0.,0.707106781186498));
#3450=DIRECTION('',(1.650743815302E-10,1.,-2.96707388032E-10));
#3451=DIRECTION('center_axis',(0.,-1.,0.));
#3452=DIRECTION('ref_axis',(0.382683416713825,0.,0.923879538994253));
#3453=DIRECTION('',(0.499999996213992,-0.707106781186489,0.500000003786092));
#3454=DIRECTION('center_axis',(0.,1.,0.));
#3455=DIRECTION('ref_axis',(0.,0.,1.));
#3456=DIRECTION('center_axis',(0.,-1.,0.));
#3457=DIRECTION('ref_axis',(1.,0.,0.));
#3458=DIRECTION('',(-0.707106783328297,3.79941411651199E-11,-0.707106779044797));
#3459=DIRECTION('center_axis',(0.,1.,0.));
#3460=DIRECTION('ref_axis',(0.707106781186548,0.,-0.707106781186548));
#3461=DIRECTION('',(0.707106781243697,-8.08876475213197E-11,-0.707106781129398));
#3462=DIRECTION('',(0.707106776339598,5.94764060578098E-10,0.707106786033498));
#3463=DIRECTION('center_axis',(0.500000000000017,0.707106781186524,0.500000000000017));
#3464=DIRECTION('ref_axis',(0.499999999999983,-0.707106781186571,0.499999999999983));
#3465=DIRECTION('',(0.707106781250998,-9.11314009358897E-11,-0.707106781122098));
#3466=DIRECTION('',(0.499999997143917,-0.707106781186524,0.500000002856117));
#3467=DIRECTION('center_axis',(0.707106781186548,0.,0.707106781186548));
#3468=DIRECTION('ref_axis',(0.,1.,0.));
#3469=DIRECTION('',(-0.707106781382197,-2.76753561150499E-10,0.707106780990898));
#3470=DIRECTION('',(0.,1.,0.));
#3471=DIRECTION('center_axis',(0.,-1.,0.));
#3472=DIRECTION('ref_axis',(-0.707106781186548,0.,-0.707106781186548));
#3473=DIRECTION('center_axis',(0.,-1.,0.));
#3474=DIRECTION('ref_axis',(-0.707106781186548,0.,-0.707106781186548));
#3475=DIRECTION('center_axis',(0.,1.,0.));
#3476=DIRECTION('ref_axis',(0.,0.,-1.));
#3477=DIRECTION('',(0.,1.,0.));
#3478=DIRECTION('center_axis',(0.,1.,0.));
#3479=DIRECTION('ref_axis',(0.,0.,-1.));
#3480=DIRECTION('',(3.39736857613399E-9,-0.707106781186598,0.707106781186498));
#3481=DIRECTION('center_axis',(0.,-1.,0.));
#3482=DIRECTION('ref_axis',(-0.707106781186597,0.,-0.707106781186498));
#3483=DIRECTION('center_axis',(0.,1.,0.));
#3484=DIRECTION('ref_axis',(0.707106781186548,0.,-0.707106781186548));
#3485=DIRECTION('',(5.765627978892E-9,6.66071287458E-10,1.));
#3486=DIRECTION('center_axis',(0.,-1.,0.));
#3487=DIRECTION('ref_axis',(-0.707106781186598,0.,-0.707106781186498));
#3488=DIRECTION('center_axis',(0.,-1.,0.));
#3489=DIRECTION('ref_axis',(-0.707106781186548,0.,-0.707106781186548));
#3490=DIRECTION('',(0.,1.,0.));
#3491=DIRECTION('center_axis',(0.,-1.,0.));
#3492=DIRECTION('ref_axis',(-0.707106781186498,0.,-0.707106781186598));
#3493=DIRECTION('center_axis',(0.,1.,0.));
#3494=DIRECTION('ref_axis',(0.707106781186548,0.,-0.707106781186548));
#3495=DIRECTION('center_axis',(0.,1.,0.));
#3496=DIRECTION('ref_axis',(0.,0.,-1.));
#3497=DIRECTION('',(0.707106776339598,-5.94764060578098E-10,0.707106786033498));
#3498=DIRECTION('',(5.765616610208E-9,-6.660684452871E-10,1.));
#3499=DIRECTION('center_axis',(0.,-1.,0.));
#3500=DIRECTION('ref_axis',(0.,0.,-1.));
#3501=DIRECTION('',(0.499999997143917,0.707106781186524,0.500000002856117));
#3502=DIRECTION('',(3.39742886768399E-9,0.707106781186598,0.707106781186498));
#3503=DIRECTION('center_axis',(0.,-0.707106781186548,0.707106781186548));
#3504=DIRECTION('ref_axis',(0.,0.707106781186548,0.707106781186548));
#3505=DIRECTION('',(-1.,2.715287488143E-10,2.715287035498E-10));
#3506=DIRECTION('',(-1.,2.267975508946E-10,2.26797721894E-10));
#3507=DIRECTION('',(4.40875930005398E-9,0.707106781186597,0.707106781186498));
#3508=DIRECTION('center_axis',(0.,0.,1.));
#3509=DIRECTION('ref_axis',(1.,0.,0.));
#3510=DIRECTION('',(1.,-7.756081969196E-12,7.753856833315E-12));
#3511=DIRECTION('center_axis',(0.,0.,1.));
#3512=DIRECTION('ref_axis',(0.788010753606693,-0.615661475325695,0.));
#3513=DIRECTION('',(0.615661474600095,0.788010754173594,-9.20804794380993E-10));
#3514=DIRECTION('center_axis',(0.,0.,1.));
#3515=DIRECTION('ref_axis',(0.,-1.,0.));
#3516=DIRECTION('',(1.,3.517159524706E-9,-3.517147761447E-9));
#3517=DIRECTION('center_axis',(0.,0.,-1.));
#3518=DIRECTION('ref_axis',(-0.866025403784429,0.500000000000017,0.));
#3519=DIRECTION('',(0.50000000950501,0.866025398296718,1.09754109049502E-8));
#3520=DIRECTION('center_axis',(0.,0.,1.));
#3521=DIRECTION('ref_axis',(0.,-1.,0.));
#3522=DIRECTION('',(0.999999999999998,4.58529077412599E-8,-4.58525585268199E-8));
#3523=DIRECTION('center_axis',(0.,0.,-1.));
#3524=DIRECTION('ref_axis',(-0.628539361054693,0.777777777777791,0.));
#3525=DIRECTION('center_axis',(0.,0.,1.));
#3526=DIRECTION('ref_axis',(-0.628539361054693,-0.777777777777791,0.));
#3527=DIRECTION('center_axis',(0.,0.,-1.));
#3528=DIRECTION('ref_axis',(0.,1.,0.));
#3529=DIRECTION('center_axis',(0.,0.,1.));
#3530=DIRECTION('ref_axis',(-1.,0.,0.));
#3531=DIRECTION('center_axis',(0.,0.,1.));
#3532=DIRECTION('ref_axis',(-1.,0.,0.));
#3533=DIRECTION('center_axis',(0.,0.,1.));
#3534=DIRECTION('ref_axis',(-1.,0.,0.));
#3535=DIRECTION('center_axis',(0.,0.,1.));
#3536=DIRECTION('ref_axis',(-1.,0.,0.));
#3537=DIRECTION('center_axis',(0.,0.,1.));
#3538=DIRECTION('ref_axis',(-1.,0.,0.));
#3539=DIRECTION('center_axis',(0.,0.,1.));
#3540=DIRECTION('ref_axis',(-1.,0.,0.));
#3541=DIRECTION('center_axis',(0.,0.,1.));
#3542=DIRECTION('ref_axis',(-1.,0.,0.));
#3543=DIRECTION('center_axis',(0.,0.,1.));
#3544=DIRECTION('ref_axis',(-1.,0.,0.));
#3545=DIRECTION('center_axis',(0.,0.,1.));
#3546=DIRECTION('ref_axis',(-1.,0.,0.));
#3547=DIRECTION('center_axis',(0.,0.,1.));
#3548=DIRECTION('ref_axis',(-1.,0.,0.));
#3549=DIRECTION('center_axis',(0.,0.,1.));
#3550=DIRECTION('ref_axis',(-1.,0.,0.));
#3551=DIRECTION('center_axis',(0.,0.,-1.));
#3552=DIRECTION('ref_axis',(0.,1.,0.));
#3553=DIRECTION('',(1.,1.07785568382E-9,-1.07785279072E-9));
#3554=DIRECTION('center_axis',(0.,0.,-1.));
#3555=DIRECTION('ref_axis',(-0.866025403784429,-0.500000000000017,0.));
#3556=DIRECTION('',(-0.500000004570601,0.866025401145601,-5.27758784935201E-9));
#3557=DIRECTION('center_axis',(0.,0.,-1.));
#3558=DIRECTION('ref_axis',(0.,-1.,0.));
#3559=DIRECTION('',(-1.,-1.926871637941E-9,-1.926872930502E-9));
#3560=DIRECTION('center_axis',(0.,0.,-1.));
#3561=DIRECTION('ref_axis',(0.788010753606693,-0.615661475325695,0.));
#3562=DIRECTION('',(-0.615661473332807,-0.788010755163708,-2.52895552017703E-9));
#3563=DIRECTION('center_axis',(0.,0.707106781186548,0.707106781186548));
#3564=DIRECTION('ref_axis',(0.,-0.707106781186548,0.707106781186548));
#3565=DIRECTION('',(8.67264009293594E-8,-0.707106781186495,0.707106781186595));
#3566=DIRECTION('',(1.,4.749404166384E-11,-4.749394894985E-11));
#3567=DIRECTION('center_axis',(0.,-1.,0.));
#3568=DIRECTION('ref_axis',(1.,0.,0.));
#3569=DIRECTION('',(-3.679490420799E-8,-4.84075713082E-10,-0.999999999999999));
#3570=DIRECTION('',(1.,0.,0.));
#3571=DIRECTION('center_axis',(0.,0.,1.));
#3572=DIRECTION('ref_axis',(1.,0.,0.));
#3573=DIRECTION('center_axis',(0.,0.,-1.));
#3574=DIRECTION('ref_axis',(0.866025403784429,-0.500000000000017,0.));
#3575=DIRECTION('',(0.500000000000017,0.866025403784429,0.));
#3576=DIRECTION('center_axis',(0.,0.,1.));
#3577=DIRECTION('ref_axis',(0.,1.,0.));
#3578=DIRECTION('',(1.,0.,0.));
#3579=DIRECTION('center_axis',(0.,0.,-1.));
#3580=DIRECTION('ref_axis',(0.788010753606693,-0.615661475325695,0.));
#3581=DIRECTION('',(0.615661475325695,0.788010753606693,0.));
#3582=DIRECTION('center_axis',(0.,0.,-1.));
#3583=DIRECTION('ref_axis',(0.,1.,0.));
#3584=DIRECTION('',(-1.,0.,0.));
#3585=DIRECTION('center_axis',(0.,0.,1.));
#3586=DIRECTION('ref_axis',(0.628539361054693,0.777777777777791,0.));
#3587=DIRECTION('center_axis',(0.,0.,1.));
#3588=DIRECTION('ref_axis',(-0.628539361054693,-0.777777777777791,0.));
#3589=DIRECTION('center_axis',(0.,0.,1.));
#3590=DIRECTION('ref_axis',(0.,1.,0.));
#3591=DIRECTION('',(1.,0.,0.));
#3592=DIRECTION('center_axis',(0.,0.,1.));
#3593=DIRECTION('ref_axis',(-1.,0.,0.));
#3594=DIRECTION('center_axis',(0.,0.,1.));
#3595=DIRECTION('ref_axis',(-1.,0.,0.));
#3596=DIRECTION('center_axis',(0.,0.,1.));
#3597=DIRECTION('ref_axis',(-1.,0.,0.));
#3598=DIRECTION('center_axis',(0.,0.,1.));
#3599=DIRECTION('ref_axis',(-1.,0.,0.));
#3600=DIRECTION('center_axis',(0.,0.,1.));
#3601=DIRECTION('ref_axis',(-1.,0.,0.));
#3602=DIRECTION('center_axis',(0.,0.,1.));
#3603=DIRECTION('ref_axis',(-1.,0.,0.));
#3604=DIRECTION('center_axis',(0.,0.,1.));
#3605=DIRECTION('ref_axis',(-1.,0.,0.));
#3606=DIRECTION('center_axis',(0.,0.,1.));
#3607=DIRECTION('ref_axis',(-1.,0.,0.));
#3608=DIRECTION('center_axis',(0.,0.,1.));
#3609=DIRECTION('ref_axis',(-1.,0.,0.));
#3610=DIRECTION('center_axis',(0.,0.,1.));
#3611=DIRECTION('ref_axis',(-1.,0.,0.));
#3612=DIRECTION('center_axis',(0.,0.,1.));
#3613=DIRECTION('ref_axis',(-1.,0.,0.));
#3614=DIRECTION('',(-0.500000000000017,0.866025403784429,0.));
#3615=DIRECTION('center_axis',(0.,0.,1.));
#3616=DIRECTION('ref_axis',(0.,1.,0.));
#3617=DIRECTION('',(1.,0.,0.));
#3618=DIRECTION('center_axis',(0.,0.,1.));
#3619=DIRECTION('ref_axis',(0.788010753606693,-0.615661475325695,0.));
#3620=DIRECTION('',(-0.615661475325695,-0.788010753606693,0.));
#3621=DIRECTION('center_axis',(0.,0.,1.));
#3622=DIRECTION('ref_axis',(0.,-1.,0.));
#3623=DIRECTION('',(-1.,0.,0.));
#3624=DIRECTION('center_axis',(0.,0.,1.));
#3625=DIRECTION('ref_axis',(-0.866025403784429,-0.500000000000017,0.));
#3626=DIRECTION('center_axis',(0.,0.,-1.));
#3627=DIRECTION('ref_axis',(0.866025403784429,-0.500000000000017,0.));
#3628=DIRECTION('center_axis',(0.,0.,1.));
#3629=DIRECTION('ref_axis',(0.,-1.,0.));
#3630=DIRECTION('',(-9.35063502761581E-8,-1.79717888040896E-7,0.999999999999979));
#3631=DIRECTION('',(9.38112879466396E-8,-1.17408289710799E-8,0.999999999999996));
#3632=DIRECTION('center_axis',(0.,0.,1.));
#3633=DIRECTION('ref_axis',(0.500000015673128,-0.866025394735554,0.));
#3634=DIRECTION('',(0.612372340286598,-0.353553555846899,0.707106781186497));
#3635=DIRECTION('',(8.84461254430756E-8,-0.707106781186545,0.707106781186545));
#3636=DIRECTION('center_axis',(0.,0.707106781186548,0.707106781186548));
#3637=DIRECTION('ref_axis',(0.,-0.707106781186548,0.707106781186548));
#3638=DIRECTION('',(0.999999999999999,3.229957899967E-8,-3.229937134229E-8));
#3639=DIRECTION('',(5.19425737182202E-7,-0.707106781186302,0.707106781186602));
#3640=DIRECTION('center_axis',(0.,0.,-1.));
#3641=DIRECTION('ref_axis',(0.,1.,0.));
#3642=DIRECTION('center_axis',(0.,0.,-1.));
#3643=DIRECTION('ref_axis',(-0.628539361054693,0.777777777777791,0.));
#3644=DIRECTION('',(0.444444489168187,-0.549971904780584,0.70710678118658));
#3645=DIRECTION('center_axis',(0.,0.,1.));
#3646=DIRECTION('ref_axis',(-2.1010493023506E-8,-1.,0.));
#3647=DIRECTION('center_axis',(0.,0.,1.));
#3648=DIRECTION('ref_axis',(-0.628539361054693,-0.777777777777791,0.));
#3649=DIRECTION('',(-0.444444017746405,-0.549972285746606,0.707106781186608));
#3650=DIRECTION('center_axis',(0.,0.,-1.));
#3651=DIRECTION('ref_axis',(0.,1.,0.));
#3652=DIRECTION('center_axis',(0.,0.,-1.));
#3653=DIRECTION('ref_axis',(0.,1.,0.));
#3654=DIRECTION('center_axis',(0.,0.,1.));
#3655=DIRECTION('ref_axis',(0.628539361054693,0.777777777777791,0.));
#3656=DIRECTION('',(-1.96707811940994E-7,1.50025872946295E-7,-0.999999999999969));
#3657=DIRECTION('center_axis',(0.,0.,1.));
#3658=DIRECTION('ref_axis',(-0.64992307237089,-0.759999999999989,0.));
#3659=DIRECTION('',(-7.679619784226E-9,-6.153641151945E-9,-1.));
#3660=DIRECTION('center_axis',(0.,0.,1.));
#3661=DIRECTION('ref_axis',(0.,1.,0.));
#3662=DIRECTION('',(-2.20373665807695E-7,-7.26856233822082E-9,-0.999999999999976));
#3663=DIRECTION('center_axis',(0.,-1.,0.));
#3664=DIRECTION('ref_axis',(1.,0.,0.));
#3665=DIRECTION('center_axis',(-0.612372435695813,0.353553390593307,0.707106781186515));
#3666=DIRECTION('ref_axis',(0.612372435695756,-0.353553390593275,0.70710678118658));
#3667=DIRECTION('',(0.612372527641921,-0.353553231337912,0.707106781186524));
#3668=DIRECTION('',(0.500000007015785,0.866025399733873,8.10115577958175E-9));
#3669=DIRECTION('center_axis',(0.866025403784429,-0.500000000000017,0.));
#3670=DIRECTION('ref_axis',(0.500000000000017,0.866025403784429,0.));
#3671=DIRECTION('',(-5.00228546363196E-8,-1.21266716458499E-7,-0.999999999999991));
#3672=DIRECTION('center_axis',(0.,0.,1.));
#3673=DIRECTION('ref_axis',(0.,1.,0.));
#3674=DIRECTION('center_axis',(0.,0.,-1.));
#3675=DIRECTION('ref_axis',(-0.866025403784429,0.500000000000017,0.));
#3676=DIRECTION('',(2.95007663087587E-7,-1.32117067477494E-8,-0.999999999999956));
#3677=DIRECTION('center_axis',(0.,0.,-1.));
#3678=DIRECTION('ref_axis',(0.,1.,0.));
#3679=DIRECTION('',(-4.17203843654492E-7,-0.707106781186486,0.707106781186486));
#3680=DIRECTION('center_axis',(0.,0.707106781186548,0.707106781186548));
#3681=DIRECTION('ref_axis',(0.,-0.707106781186548,0.707106781186548));
#3682=DIRECTION('',(0.,-0.707106781186548,0.707106781186548));
#3683=DIRECTION('',(1.,2.520127339523E-9,-2.520118793565E-9));
#3684=DIRECTION('center_axis',(0.,-1.,0.));
#3685=DIRECTION('ref_axis',(1.,0.,0.));
#3686=DIRECTION('',(7.030457992524E-9,-1.460080056646E-10,1.));
#3687=DIRECTION('center_axis',(0.,0.,-1.));
#3688=DIRECTION('ref_axis',(0.788010753606693,-0.615661475325695,0.));
#3689=DIRECTION('center_axis',(0.,0.,1.));
#3690=DIRECTION('ref_axis',(0.,-1.,0.));
#3691=DIRECTION('',(1.705154958176E-8,2.060853601782E-8,1.));
#3692=DIRECTION('center_axis',(0.,0.,1.));
#3693=DIRECTION('ref_axis',(0.438371126738441,-0.898794056078515,0.));
#3694=DIRECTION('',(0.557207747523226,-0.435338404118121,0.707106781186534));
#3695=DIRECTION('center_axis',(-0.557207747523226,0.435338404118121,0.707106781186534));
#3696=DIRECTION('ref_axis',(0.557207747523204,-0.435338404118104,0.707106781186562));
#3697=DIRECTION('',(0.557207721306895,-0.435338437673396,0.707106781186593));
#3698=DIRECTION('',(0.615661474734714,0.788010754068418,-7.49963065162417E-10));
#3699=DIRECTION('center_axis',(0.788010753606693,-0.615661475325695,0.));
#3700=DIRECTION('ref_axis',(0.615661475325695,0.788010753606693,0.));
#3701=DIRECTION('',(-3.22395939076299E-8,-5.12325922539399E-8,0.999999999999998));
#3702=DIRECTION('center_axis',(0.,0.,-1.));
#3703=DIRECTION('ref_axis',(0.,1.,0.));
#3704=DIRECTION('center_axis',(0.,0.,1.));
#3705=DIRECTION('ref_axis',(0.788010753606693,-0.615661475325695,0.));
#3706=DIRECTION('',(6.234923642662E-9,7.344311771425E-9,1.));
#3707=DIRECTION('center_axis',(0.,0.,1.));
#3708=DIRECTION('ref_axis',(0.,1.,0.));
#3709=DIRECTION('center_axis',(0.,1.,0.));
#3710=DIRECTION('ref_axis',(-1.,0.,0.));
#3711=DIRECTION('center_axis',(0.,0.,1.));
#3712=DIRECTION('ref_axis',(-1.,0.,0.));
#3713=DIRECTION('center_axis',(0.,0.,1.));
#3714=DIRECTION('ref_axis',(-1.,0.,0.));
#3715=DIRECTION('center_axis',(0.,0.,1.));
#3716=DIRECTION('ref_axis',(-1.,0.,0.));
#3717=DIRECTION('',(0.,0.,1.));
#3718=DIRECTION('center_axis',(0.,0.,-1.));
#3719=DIRECTION('ref_axis',(1.,0.,0.));
#3720=DIRECTION('',(-0.707106781186547,8.65956056235493E-17,-0.707106781186547));
#3721=DIRECTION('center_axis',(0.,0.,-1.));
#3722=DIRECTION('ref_axis',(-1.,0.,0.));
#3723=DIRECTION('center_axis',(0.,0.,1.));
#3724=DIRECTION('ref_axis',(-1.,0.,0.));
#3725=DIRECTION('center_axis',(0.,0.,1.));
#3726=DIRECTION('ref_axis',(-1.,0.,0.));
#3727=DIRECTION('center_axis',(0.,0.,1.));
#3728=DIRECTION('ref_axis',(-1.,0.,0.));
#3729=DIRECTION('',(0.,0.,1.));
#3730=DIRECTION('center_axis',(0.,0.,1.));
#3731=DIRECTION('ref_axis',(-1.,0.,0.));
#3732=DIRECTION('center_axis',(0.,0.,1.));
#3733=DIRECTION('ref_axis',(-1.,0.,0.));
#3734=DIRECTION('center_axis',(0.,0.,1.));
#3735=DIRECTION('ref_axis',(-1.,0.,0.));
#3736=DIRECTION('',(0.,0.,1.));
#3737=DIRECTION('center_axis',(0.,0.,-1.));
#3738=DIRECTION('ref_axis',(1.,0.,0.));
#3739=DIRECTION('',(-0.707106781186547,8.65956056235493E-17,-0.707106781186547));
#3740=DIRECTION('center_axis',(0.,0.,-1.));
#3741=DIRECTION('ref_axis',(-1.,0.,0.));
#3742=DIRECTION('center_axis',(0.,0.,1.));
#3743=DIRECTION('ref_axis',(-1.,0.,0.));
#3744=DIRECTION('center_axis',(0.,0.,1.));
#3745=DIRECTION('ref_axis',(-1.,0.,0.));
#3746=DIRECTION('center_axis',(0.,0.,1.));
#3747=DIRECTION('ref_axis',(-1.,0.,0.));
#3748=DIRECTION('',(0.,0.,1.));
#3749=DIRECTION('center_axis',(0.,0.,1.));
#3750=DIRECTION('ref_axis',(-1.,0.,0.));
#3751=DIRECTION('center_axis',(0.,0.,1.));
#3752=DIRECTION('ref_axis',(-1.,0.,0.));
#3753=DIRECTION('center_axis',(0.,0.,1.));
#3754=DIRECTION('ref_axis',(-1.,0.,0.));
#3755=DIRECTION('',(0.,0.,1.));
#3756=DIRECTION('center_axis',(0.,0.,-1.));
#3757=DIRECTION('ref_axis',(1.,0.,0.));
#3758=DIRECTION('',(-0.707106781186547,8.65956056235493E-17,-0.707106781186547));
#3759=DIRECTION('center_axis',(0.,0.,-1.));
#3760=DIRECTION('ref_axis',(-1.,0.,0.));
#3761=DIRECTION('center_axis',(0.,0.,1.));
#3762=DIRECTION('ref_axis',(-1.,0.,0.));
#3763=DIRECTION('center_axis',(0.,0.,1.));
#3764=DIRECTION('ref_axis',(-1.,0.,0.));
#3765=DIRECTION('center_axis',(0.,0.,1.));
#3766=DIRECTION('ref_axis',(-1.,0.,0.));
#3767=DIRECTION('',(0.,0.,1.));
#3768=DIRECTION('center_axis',(0.,0.,1.));
#3769=DIRECTION('ref_axis',(-1.,0.,0.));
#3770=DIRECTION('center_axis',(0.,0.,1.));
#3771=DIRECTION('ref_axis',(-1.,0.,0.));
#3772=DIRECTION('center_axis',(0.,0.,1.));
#3773=DIRECTION('ref_axis',(-1.,0.,0.));
#3774=DIRECTION('',(0.,0.,1.));
#3775=DIRECTION('center_axis',(0.,0.,-1.));
#3776=DIRECTION('ref_axis',(1.,0.,0.));
#3777=DIRECTION('',(-0.707106781186547,8.65956056235493E-17,-0.707106781186547));
#3778=DIRECTION('center_axis',(0.,0.,-1.));
#3779=DIRECTION('ref_axis',(-1.,0.,0.));
#3780=DIRECTION('center_axis',(0.,0.,1.));
#3781=DIRECTION('ref_axis',(-1.,0.,0.));
#3782=DIRECTION('center_axis',(0.,0.,1.));
#3783=DIRECTION('ref_axis',(-1.,0.,0.));
#3784=DIRECTION('center_axis',(0.,0.,1.));
#3785=DIRECTION('ref_axis',(-1.,0.,0.));
#3786=DIRECTION('',(0.,0.,1.));
#3787=DIRECTION('center_axis',(0.,0.,1.));
#3788=DIRECTION('ref_axis',(-1.,0.,0.));
#3789=DIRECTION('center_axis',(0.,0.,1.));
#3790=DIRECTION('ref_axis',(-1.,0.,0.));
#3791=DIRECTION('center_axis',(0.,0.,1.));
#3792=DIRECTION('ref_axis',(-1.,0.,0.));
#3793=DIRECTION('',(0.,0.,1.));
#3794=DIRECTION('center_axis',(0.,0.,-1.));
#3795=DIRECTION('ref_axis',(1.,0.,0.));
#3796=DIRECTION('',(-0.707106781186547,8.65956056235493E-17,-0.707106781186547));
#3797=DIRECTION('center_axis',(0.,0.,1.));
#3798=DIRECTION('ref_axis',(-1.,0.,0.));
#3799=DIRECTION('center_axis',(0.,0.,1.));
#3800=DIRECTION('ref_axis',(-1.,0.,0.));
#3801=DIRECTION('center_axis',(0.,0.,1.));
#3802=DIRECTION('ref_axis',(-1.,0.,0.));
#3803=DIRECTION('',(0.,0.,1.));
#3804=DIRECTION('center_axis',(0.,0.,-1.));
#3805=DIRECTION('ref_axis',(1.,0.,0.));
#3806=DIRECTION('',(-0.707106781186547,8.65956056235493E-17,-0.707106781186547));
#3807=DIRECTION('center_axis',(0.,0.,1.));
#3808=DIRECTION('ref_axis',(-1.,0.,0.));
#3809=DIRECTION('center_axis',(0.,0.,1.));
#3810=DIRECTION('ref_axis',(-1.,0.,0.));
#3811=DIRECTION('center_axis',(0.,0.,1.));
#3812=DIRECTION('ref_axis',(-1.,0.,0.));
#3813=DIRECTION('',(0.,0.,1.));
#3814=DIRECTION('center_axis',(0.,0.,-1.));
#3815=DIRECTION('ref_axis',(1.,0.,0.));
#3816=DIRECTION('',(-0.707106781186547,8.65956056235493E-17,-0.707106781186547));
#3817=DIRECTION('center_axis',(0.,0.,1.));
#3818=DIRECTION('ref_axis',(-1.,0.,0.));
#3819=DIRECTION('center_axis',(0.,0.,1.));
#3820=DIRECTION('ref_axis',(-1.,0.,0.));
#3821=DIRECTION('center_axis',(0.,0.,1.));
#3822=DIRECTION('ref_axis',(-1.,0.,0.));
#3823=DIRECTION('',(0.,0.,1.));
#3824=DIRECTION('center_axis',(0.,0.,-1.));
#3825=DIRECTION('ref_axis',(1.,0.,0.));
#3826=DIRECTION('',(-0.707106781186547,8.65956056235493E-17,-0.707106781186547));
#3827=DIRECTION('center_axis',(0.,0.,1.));
#3828=DIRECTION('ref_axis',(-1.,0.,0.));
#3829=DIRECTION('center_axis',(0.,0.,1.));
#3830=DIRECTION('ref_axis',(-1.,0.,0.));
#3831=DIRECTION('center_axis',(0.,0.,1.));
#3832=DIRECTION('ref_axis',(-1.,0.,0.));
#3833=DIRECTION('',(0.,0.,1.));
#3834=DIRECTION('center_axis',(0.,0.,-1.));
#3835=DIRECTION('ref_axis',(1.,0.,0.));
#3836=DIRECTION('',(-0.707106781186547,8.65956056235493E-17,-0.707106781186547));
#3837=DIRECTION('center_axis',(0.,0.,-1.));
#3838=DIRECTION('ref_axis',(-1.,0.,0.));
#3839=DIRECTION('center_axis',(0.,0.,1.));
#3840=DIRECTION('ref_axis',(-1.,0.,0.));
#3841=DIRECTION('center_axis',(0.,0.,1.));
#3842=DIRECTION('ref_axis',(-1.,0.,0.));
#3843=DIRECTION('center_axis',(0.,0.,1.));
#3844=DIRECTION('ref_axis',(-1.,0.,0.));
#3845=DIRECTION('',(0.,0.,1.));
#3846=DIRECTION('center_axis',(0.,0.,1.));
#3847=DIRECTION('ref_axis',(-1.,0.,0.));
#3848=DIRECTION('center_axis',(0.,0.,1.));
#3849=DIRECTION('ref_axis',(-1.,0.,0.));
#3850=DIRECTION('center_axis',(0.,0.,1.));
#3851=DIRECTION('ref_axis',(-1.,0.,0.));
#3852=DIRECTION('',(0.,0.,1.));
#3853=DIRECTION('center_axis',(0.,0.,-1.));
#3854=DIRECTION('ref_axis',(1.,0.,0.));
#3855=DIRECTION('',(-0.707106781186547,8.65956056235493E-17,-0.707106781186547));
#3856=DIRECTION('center_axis',(0.,0.,-1.));
#3857=DIRECTION('ref_axis',(-1.,0.,0.));
#3858=DIRECTION('center_axis',(0.,0.,1.));
#3859=DIRECTION('ref_axis',(-1.,0.,0.));
#3860=DIRECTION('center_axis',(0.,0.,1.));
#3861=DIRECTION('ref_axis',(-1.,0.,0.));
#3862=DIRECTION('center_axis',(0.,0.,1.));
#3863=DIRECTION('ref_axis',(-1.,0.,0.));
#3864=DIRECTION('',(0.,0.,1.));
#3865=DIRECTION('center_axis',(0.,0.,1.));
#3866=DIRECTION('ref_axis',(-1.,0.,0.));
#3867=DIRECTION('center_axis',(0.,0.,1.));
#3868=DIRECTION('ref_axis',(-1.,0.,0.));
#3869=DIRECTION('center_axis',(0.,0.,1.));
#3870=DIRECTION('ref_axis',(-1.,0.,0.));
#3871=DIRECTION('',(0.,0.,1.));
#3872=DIRECTION('center_axis',(0.,0.,-1.));
#3873=DIRECTION('ref_axis',(1.,0.,0.));
#3874=DIRECTION('',(-0.707106781186547,8.65956056235493E-17,-0.707106781186547));
#3875=DIRECTION('center_axis',(0.,0.,-1.));
#3876=DIRECTION('ref_axis',(-1.,0.,0.));
#3877=DIRECTION('center_axis',(0.,0.,1.));
#3878=DIRECTION('ref_axis',(-1.,0.,0.));
#3879=DIRECTION('center_axis',(0.,0.,1.));
#3880=DIRECTION('ref_axis',(-1.,0.,0.));
#3881=DIRECTION('center_axis',(0.,0.,1.));
#3882=DIRECTION('ref_axis',(-1.,0.,0.));
#3883=DIRECTION('',(0.,0.,1.));
#3884=DIRECTION('center_axis',(0.866025403784429,0.500000000000017,0.));
#3885=DIRECTION('ref_axis',(-0.500000000000017,0.866025403784429,0.));
#3886=DIRECTION('',(-0.500000002448498,0.866025402370798,-2.82727911862999E-9));
#3887=DIRECTION('',(-4.034639289347E-10,7.073381880248E-10,-1.));
#3888=DIRECTION('',(1.39858945808595E-7,-2.16116784182793E-7,-0.999999999999967));
#3889=DIRECTION('center_axis',(-0.612372435695813,-0.353553390593307,0.707106781186515));
#3890=DIRECTION('ref_axis',(0.612372435695756,0.353553390593275,0.70710678118658));
#3891=DIRECTION('',(0.612372436194836,0.353553389728921,0.707106781186541));
#3892=DIRECTION('',(0.612372278142994,0.353553663482497,0.707106781186593));
#3893=DIRECTION('center_axis',(0.,0.,-1.));
#3894=DIRECTION('ref_axis',(0.,1.,0.));
#3895=DIRECTION('center_axis',(0.,0.,-1.));
#3896=DIRECTION('ref_axis',(0.,-1.,0.));
#3897=DIRECTION('',(6.78609134786644E-8,0.707106781186546,0.707106781186546));
#3898=DIRECTION('center_axis',(0.,-0.707106781186548,0.707106781186548));
#3899=DIRECTION('ref_axis',(0.,0.707106781186548,0.707106781186548));
#3900=DIRECTION('',(-1.,-1.032262220014E-9,-1.032254464646E-9));
#3901=DIRECTION('',(-5.29556791564335E-8,0.707106781186546,0.707106781186546));
#3902=DIRECTION('center_axis',(0.,0.,-1.));
#3903=DIRECTION('ref_axis',(0.,1.,0.));
#3904=DIRECTION('center_axis',(0.,0.,-1.));
#3905=DIRECTION('ref_axis',(0.788010753606693,-0.615661475325695,0.));
#3906=DIRECTION('',(-0.557207747270605,0.435338404441504,0.707106781186507));
#3907=DIRECTION('center_axis',(0.557207747523226,-0.435338404118121,0.707106781186534));
#3908=DIRECTION('ref_axis',(-0.557207747523204,0.435338404118103,0.707106781186562));
#3909=DIRECTION('',(-0.615661474258095,-0.788010754440794,-1.35479742003099E-9));
#3910=DIRECTION('',(-0.55720784788366,0.435338275662569,0.707106781186549));
#3911=DIRECTION('center_axis',(0.,0.,-1.));
#3912=DIRECTION('ref_axis',(0.,1.,0.));
#3913=DIRECTION('center_axis',(0.,0.,-1.));
#3914=DIRECTION('ref_axis',(0.,1.,0.));
#3915=DIRECTION('',(-2.08052600076399E-8,-0.707106781186597,0.707106781186497));
#3916=DIRECTION('center_axis',(0.,0.707106781186548,0.707106781186548));
#3917=DIRECTION('ref_axis',(0.,-0.707106781186548,0.707106781186548));
#3918=DIRECTION('',(1.,5.774221709115E-10,-5.774211830236E-10));
#3919=DIRECTION('',(9.22764672257793E-8,-0.707106781186495,0.707106781186595));
#3920=DIRECTION('center_axis',(0.,0.,-1.));
#3921=DIRECTION('ref_axis',(0.,1.,0.));
#3922=DIRECTION('center_axis',(0.,0.,-1.));
#3923=DIRECTION('ref_axis',(-0.866025403784429,-0.500000000000017,0.));
#3924=DIRECTION('center_axis',(0.,0.,1.));
#3925=DIRECTION('ref_axis',(0.,1.,0.));
#3926=DIRECTION('',(-7.52876732744598E-8,-3.84717681415499E-9,-0.999999999999997));
#3927=DIRECTION('center_axis',(0.,-1.,0.));
#3928=DIRECTION('ref_axis',(1.,0.,0.));
#3929=DIRECTION('',(1.697485352643E-8,-2.131770316282E-10,-1.));
#3930=DIRECTION('center_axis',(0.,0.,1.));
#3931=DIRECTION('ref_axis',(0.788010753606693,-0.615661475325695,0.));
#3932=DIRECTION('',(7.64640587221293E-8,1.09039874768799E-7,-0.999999999999991));
#3933=DIRECTION('center_axis',(-0.788010753606693,0.615661475325695,0.));
#3934=DIRECTION('ref_axis',(-0.615661475325695,-0.788010753606693,0.));
#3935=DIRECTION('',(-2.062012782744E-10,-2.638245177877E-10,-1.));
#3936=DIRECTION('center_axis',(0.,0.,1.));
#3937=DIRECTION('ref_axis',(0.,-1.,0.));
#3938=DIRECTION('',(4.320613562478E-8,1.541238250513E-9,-0.999999999999999));
#3939=DIRECTION('center_axis',(0.,1.,0.));
#3940=DIRECTION('ref_axis',(-1.,0.,0.));
#3941=DIRECTION('',(-5.53672112964499E-8,6.54601706602199E-10,-0.999999999999998));
#3942=DIRECTION('center_axis',(0.,0.,1.));
#3943=DIRECTION('ref_axis',(-0.866025403784429,-0.500000000000017,0.));
#3944=DIRECTION('center_axis',(0.499999999999981,-0.707106781186574,0.499999999999981));
#3945=DIRECTION('ref_axis',(0.500000000000018,0.707106781186521,0.500000000000018));
#3946=DIRECTION('',(0.500000008948617,0.707106781186524,0.499999991051417));
#3947=DIRECTION('',(-0.707106781506298,-4.52130514837298E-10,0.707106780866797));
#3948=DIRECTION('center_axis',(0.,-1.,0.));
#3949=DIRECTION('ref_axis',(-0.707106781186548,0.,0.707106781186548));
#3950=DIRECTION('',(-0.707106776124497,-2.94202776829799E-9,-0.707106786248598));
#3951=DIRECTION('center_axis',(0.,1.,0.));
#3952=DIRECTION('ref_axis',(-0.707106781186548,0.,0.707106781186548));
#3953=DIRECTION('center_axis',(0.,-1.,0.));
#3954=DIRECTION('ref_axis',(0.707106781186598,0.,0.707106781186498));
#3955=DIRECTION('',(7.189885307909E-9,-1.996852460763E-10,-1.));
#3956=DIRECTION('center_axis',(0.,1.,0.));
#3957=DIRECTION('ref_axis',(0.,0.,-1.));
#3958=DIRECTION('',(1.271004165182E-8,0.707106781186598,0.707106781186498));
#3959=DIRECTION('center_axis',(0.,-0.707106781186548,0.707106781186548));
#3960=DIRECTION('ref_axis',(0.,0.707106781186548,0.707106781186548));
#3961=DIRECTION('',(1.99395412973499E-8,0.707106781186498,0.707106781186597));
#3962=DIRECTION('',(-1.,-9.435398414026E-11,-9.435417373183E-11));
#3963=DIRECTION('center_axis',(0.,1.,0.));
#3964=DIRECTION('ref_axis',(-1.,0.,0.));
#3965=DIRECTION('',(1.127950778648E-8,-2.674994441015E-9,-1.));
#3966=DIRECTION('center_axis',(0.,1.,0.));
#3967=DIRECTION('ref_axis',(-1.,0.,0.));
#3968=DIRECTION('center_axis',(0.,-1.,0.));
#3969=DIRECTION('ref_axis',(0.,0.,1.));
#3970=DIRECTION('',(0.707106783328297,-3.79884568232299E-11,-0.707106779044797));
#3971=DIRECTION('center_axis',(0.,-1.,0.));
#3972=DIRECTION('ref_axis',(0.,0.,1.));
#3973=DIRECTION('center_axis',(0.,1.,0.));
#3974=DIRECTION('ref_axis',(-0.382683416723607,0.,0.923879538990201));
#3975=DIRECTION('center_axis',(0.,-1.,0.));
#3976=DIRECTION('ref_axis',(0.,0.,1.));
#3977=DIRECTION('',(-0.499999996213882,0.707106781186574,0.500000003786081));
#3978=DIRECTION('center_axis',(0.,1.,0.));
#3979=DIRECTION('ref_axis',(-0.707106781186548,0.,0.707106781186548));
#3980=DIRECTION('center_axis',(0.,1.,0.));
#3981=DIRECTION('ref_axis',(-0.707106781186598,0.,0.707106781186498));
#3982=DIRECTION('',(-1.650747459111E-10,-1.,-2.967075246748E-10));
#3983=DIRECTION('center_axis',(0.,-1.,0.));
#3984=DIRECTION('ref_axis',(0.,0.,-1.));
#3985=DIRECTION('center_axis',(0.,1.,0.));
#3986=DIRECTION('ref_axis',(-0.707106781186498,0.,0.707106781186598));
#3987=DIRECTION('',(-0.500000008948617,-0.707106781186524,0.499999991051417));
#3988=DIRECTION('center_axis',(-0.500000000000017,0.707106781186524,0.500000000000017));
#3989=DIRECTION('ref_axis',(-0.499999999999983,-0.707106781186571,0.499999999999983));
#3990=DIRECTION('',(0.707106781382197,2.76752834488499E-10,0.707106780990898));
#3991=DIRECTION('',(0.707106781506298,4.52129788175398E-10,0.707106780866797));
#3992=DIRECTION('',(-0.499999997143881,-0.707106781186574,0.500000002856081));
#3993=DIRECTION('center_axis',(-0.707106781186548,0.,0.707106781186548));
#3994=DIRECTION('ref_axis',(0.,-1.,0.));
#3995=DIRECTION('',(0.,-1.,0.));
#3996=DIRECTION('',(-0.707106781250998,9.11314009358897E-11,-0.707106781122098));
#3997=DIRECTION('center_axis',(-0.500000000000017,-0.707106781186524,0.500000000000017));
#3998=DIRECTION('ref_axis',(-0.499999999999983,0.707106781186571,0.499999999999983));
#3999=DIRECTION('',(-0.499999997143881,0.707106781186574,0.500000002856081));
#4000=DIRECTION('',(-0.707106781243697,8.08876475213197E-11,-0.707106781129398));
#4001=DIRECTION('center_axis',(0.,-1.,0.));
#4002=DIRECTION('ref_axis',(-0.707106781186548,0.,-0.707106781186548));
#4003=DIRECTION('',(-0.707106776339598,-5.94764060578098E-10,0.707106786033498));
#4004=DIRECTION('',(-0.707106781186548,0.,-0.707106781186548));
#4005=DIRECTION('center_axis',(-0.707106781186548,0.,0.707106781186548));
#4006=DIRECTION('ref_axis',(0.,-1.,0.));
#4007=DIRECTION('',(0.,-1.,0.));
#4008=DIRECTION('',(0.,-1.,0.));
#4009=DIRECTION('',(0.707106781186548,0.,0.707106781186548));
#4010=DIRECTION('center_axis',(0.,1.,0.));
#4011=DIRECTION('ref_axis',(-0.707106781186548,0.,0.707106781186548));
#4012=DIRECTION('center_axis',(0.,1.,0.));
#4013=DIRECTION('ref_axis',(-0.707106781186548,0.,0.707106781186548));
#4014=DIRECTION('center_axis',(0.,-1.,0.));
#4015=DIRECTION('ref_axis',(0.707106781186548,0.,0.707106781186548));
#4016=DIRECTION('',(0.707106776124497,2.94203913698099E-9,-0.707106786248598));
#4017=DIRECTION('center_axis',(0.,1.,0.));
#4018=DIRECTION('ref_axis',(0.707106781186548,0.,0.707106781186548));
#4019=DIRECTION('',(-0.707106776339598,5.94761218407198E-10,0.707106786033498));
#4020=DIRECTION('center_axis',(0.,-1.,0.));
#4021=DIRECTION('ref_axis',(-0.707106781186548,0.,-0.707106781186548));
#4022=DIRECTION('center_axis',(0.,-1.,0.));
#4023=DIRECTION('ref_axis',(0.,0.,-1.));
#4024=DIRECTION('center_axis',(0.,1.,0.));
#4025=DIRECTION('ref_axis',(0.707106781186598,0.,-0.707106781186498));
#4026=DIRECTION('',(-5.765616610208E-9,6.660684452871E-10,1.));
#4027=DIRECTION('center_axis',(0.,1.,0.));
#4028=DIRECTION('ref_axis',(0.,0.,-1.));
#4029=DIRECTION('center_axis',(0.,-1.,0.));
#4030=DIRECTION('ref_axis',(0.,0.,-1.));
#4031=DIRECTION('',(-3.39742886768423E-9,-0.707106781186547,0.707106781186547));
#4032=DIRECTION('center_axis',(0.,1.,0.));
#4033=DIRECTION('ref_axis',(0.707106781186548,0.,-0.707106781186548));
#4034=DIRECTION('',(0.,-1.,0.));
#4035=DIRECTION('center_axis',(0.,1.,0.));
#4036=DIRECTION('ref_axis',(0.707106781186548,0.,-0.707106781186548));
#4037=DIRECTION('center_axis',(0.,-1.,0.));
#4038=DIRECTION('ref_axis',(0.,0.,-1.));
#4039=DIRECTION('',(-3.39742886768399E-9,0.707106781186598,0.707106781186498));
#4040=DIRECTION('center_axis',(0.,1.,0.));
#4041=DIRECTION('ref_axis',(0.707106781186597,0.,-0.707106781186498));
#4042=DIRECTION('center_axis',(0.,-1.,0.));
#4043=DIRECTION('ref_axis',(-0.707106781186548,0.,-0.707106781186548));
#4044=DIRECTION('',(-5.765627978892E-9,-6.660684452871E-10,1.));
#4045=DIRECTION('center_axis',(0.,1.,0.));
#4046=DIRECTION('ref_axis',(0.707106781186598,0.,-0.707106781186498));
#4047=DIRECTION('center_axis',(0.,1.,0.));
#4048=DIRECTION('ref_axis',(0.707106781186548,0.,-0.707106781186548));
#4049=DIRECTION('',(0.,-1.,0.));
#4050=DIRECTION('center_axis',(0.,0.,1.));
#4051=DIRECTION('ref_axis',(1.,0.,0.));
#4052=DIRECTION('center_axis',(0.,0.,1.));
#4053=DIRECTION('ref_axis',(0.593010392562618,0.805194805194824,0.));
#4054=DIRECTION('center_axis',(0.,0.,1.));
#4055=DIRECTION('ref_axis',(0.,1.,0.));
#4056=DIRECTION('',(1.,0.,0.));
#4057=DIRECTION('',(-1.,0.,0.));
#4058=DIRECTION('center_axis',(0.,0.,1.));
#4059=DIRECTION('ref_axis',(-0.593010392562618,-0.805194805194824,0.));
#4060=DIRECTION('center_axis',(0.,0.,1.));
#4061=DIRECTION('ref_axis',(-0.02564102564102,-0.999671214852202,0.));
#4062=DIRECTION('center_axis',(0.,0.,1.));
#4063=DIRECTION('ref_axis',(-1.,0.,0.));
#4064=DIRECTION('center_axis',(0.,0.,1.));
#4065=DIRECTION('ref_axis',(-1.,0.,0.));
#4066=DIRECTION('center_axis',(0.,0.,1.));
#4067=DIRECTION('ref_axis',(-1.,0.,0.));
#4068=DIRECTION('center_axis',(0.,0.,1.));
#4069=DIRECTION('ref_axis',(-1.,0.,0.));
#4070=DIRECTION('center_axis',(0.,0.,1.));
#4071=DIRECTION('ref_axis',(-1.,0.,0.));
#4072=DIRECTION('center_axis',(0.,0.,1.));
#4073=DIRECTION('ref_axis',(-1.,0.,0.));
#4074=DIRECTION('center_axis',(0.,0.,1.));
#4075=DIRECTION('ref_axis',(-1.,0.,0.));
#4076=DIRECTION('center_axis',(0.,0.,1.));
#4077=DIRECTION('ref_axis',(-1.,0.,0.));
#4078=DIRECTION('center_axis',(0.,0.,1.));
#4079=DIRECTION('ref_axis',(-0.999138764217852,-0.0414937325053251,0.));
#4080=DIRECTION('center_axis',(0.,0.,-1.));
#4081=DIRECTION('ref_axis',(0.657738039589914,-0.753246753246516,0.));
#4082=DIRECTION('',(2.286901707326E-8,1.004939072805E-8,-1.));
#4083=DIRECTION('',(9.98527704666976E-5,-2.08392187767995E-5,-0.999999994797576));
#4084=DIRECTION('center_axis',(0.,0.,1.));
#4085=DIRECTION('ref_axis',(-0.999138763923103,-0.0414937396026676,0.));
#4086=DIRECTION('',(0.419585156206488,0.569164604018583,0.707106745989279));
#4087=DIRECTION('center_axis',(0.,0.,1.));
#4088=DIRECTION('ref_axis',(0.593010392562618,0.805194805194824,0.));
#4089=DIRECTION('center_axis',(0.,0.,1.));
#4090=DIRECTION('ref_axis',(0.458537527713806,0.888675045040711,0.));
#4091=DIRECTION('center_axis',(0.,0.,1.));
#4092=DIRECTION('ref_axis',(-0.540346400857504,0.841442670109106,0.));
#4093=DIRECTION('center_axis',(0.,0.,1.));
#4094=DIRECTION('ref_axis',(-0.998883928571441,-0.0472323749316519,0.));
#4095=DIRECTION('center_axis',(0.,0.,1.));
#4096=DIRECTION('ref_axis',(-0.458537527713686,-0.888675045040773,0.));
#4097=DIRECTION('center_axis',(0.,0.,1.));
#4098=DIRECTION('ref_axis',(0.540346400858065,-0.841442670108746,0.));
#4099=DIRECTION('',(0.465090656608578,-0.532626211460275,0.707106781187167));
#4100=DIRECTION('center_axis',(0.,0.,-1.));
#4101=DIRECTION('ref_axis',(0.,1.,0.));
#4102=DIRECTION('center_axis',(0.,0.,-1.));
#4103=DIRECTION('ref_axis',(-0.657738039589595,0.753246753246794,0.));
#4104=DIRECTION('',(-1.90990370162609E-7,-0.707106781186535,0.707106781186535));
#4105=DIRECTION('center_axis',(0.,0.,-1.));
#4106=DIRECTION('ref_axis',(-0.657738039589595,0.753246753246794,0.));
#4107=DIRECTION('center_axis',(0.,0.,1.));
#4108=DIRECTION('ref_axis',(1.,0.,0.));
#4109=DIRECTION('center_axis',(0.,0.,1.));
#4110=DIRECTION('ref_axis',(-1.,0.,0.));
#4111=DIRECTION('center_axis',(0.,0.,1.));
#4112=DIRECTION('ref_axis',(-1.,0.,0.));
#4113=DIRECTION('center_axis',(0.,0.,1.));
#4114=DIRECTION('ref_axis',(1.,0.,0.));
#4115=DIRECTION('center_axis',(0.,0.,1.));
#4116=DIRECTION('ref_axis',(1.,0.,0.));
#4117=DIRECTION('center_axis',(0.,0.,1.));
#4118=DIRECTION('ref_axis',(1.,0.,0.));
#4119=DIRECTION('center_axis',(0.,0.,1.));
#4120=DIRECTION('ref_axis',(1.,0.,0.));
#4121=DIRECTION('center_axis',(0.,0.,1.));
#4122=DIRECTION('ref_axis',(1.,0.,0.));
#4123=DIRECTION('center_axis',(0.,0.,1.));
#4124=DIRECTION('ref_axis',(1.,0.,0.));
#4125=DIRECTION('center_axis',(0.,0.,-1.));
#4126=DIRECTION('ref_axis',(0.,-1.,0.));
#4127=DIRECTION('',(-1.,-1.970377121601E-11,-1.970380653654E-11));
#4128=DIRECTION('',(1.,6.195311747225E-10,-6.195292459463E-10));
#4129=DIRECTION('center_axis',(0.,0.,1.));
#4130=DIRECTION('ref_axis',(-1.,0.,0.));
#4131=DIRECTION('center_axis',(0.,0.,1.));
#4132=DIRECTION('ref_axis',(-1.,0.,0.));
#4133=DIRECTION('center_axis',(0.,0.,-1.));
#4134=DIRECTION('ref_axis',(0.999671214852201,0.02564102564103,0.));
#4135=DIRECTION('center_axis',(0.,0.,1.));
#4136=DIRECTION('ref_axis',(-1.,0.,0.));
#4137=DIRECTION('center_axis',(0.,0.,1.));
#4138=DIRECTION('ref_axis',(-1.,0.,0.));
#4139=DIRECTION('center_axis',(0.,0.,1.));
#4140=DIRECTION('ref_axis',(-1.,0.,0.));
#4141=DIRECTION('center_axis',(0.,0.,1.));
#4142=DIRECTION('ref_axis',(-1.,0.,0.));
#4143=DIRECTION('',(0.,0.,1.));
#4144=DIRECTION('center_axis',(0.,0.,1.));
#4145=DIRECTION('ref_axis',(-1.,0.,0.));
#4146=DIRECTION('center_axis',(0.,0.,1.));
#4147=DIRECTION('ref_axis',(-1.,0.,0.));
#4148=DIRECTION('center_axis',(0.,0.,-1.));
#4149=DIRECTION('ref_axis',(-1.,0.,0.));
#4150=DIRECTION('center_axis',(0.,0.,-1.));
#4151=DIRECTION('ref_axis',(1.,0.,0.));
#4152=DIRECTION('center_axis',(0.,0.,1.));
#4153=DIRECTION('ref_axis',(-1.,0.,0.));
#4154=DIRECTION('',(-0.707106781186547,8.65956056235493E-17,-0.707106781186547));
#4155=DIRECTION('center_axis',(0.,0.,1.));
#4156=DIRECTION('ref_axis',(-1.,0.,0.));
#4157=DIRECTION('center_axis',(0.,0.,1.));
#4158=DIRECTION('ref_axis',(-1.,0.,0.));
#4159=DIRECTION('',(0.,0.,1.));
#4160=DIRECTION('center_axis',(0.,0.707106781186548,0.707106781186548));
#4161=DIRECTION('ref_axis',(0.,-0.707106781186548,0.707106781186548));
#4162=DIRECTION('',(1.,4.34643782666E-10,-4.346426859109E-10));
#4163=DIRECTION('center_axis',(0.,-1.,0.));
#4164=DIRECTION('ref_axis',(1.,0.,0.));
#4165=DIRECTION('',(1.35050584966199E-7,-6.79060297052394E-9,-0.999999999999991));
#4166=DIRECTION('center_axis',(0.,0.,1.));
#4167=DIRECTION('ref_axis',(0.,1.,0.));
#4168=DIRECTION('center_axis',(0.,-0.707106781186548,0.707106781186548));
#4169=DIRECTION('ref_axis',(0.,0.707106781186548,0.707106781186548));
#4170=DIRECTION('',(-8.58873233411958E-10,0.707106781186548,0.707106781186548));
#4171=DIRECTION('',(-1.,-2.143155749968E-11,-2.143176942288E-11));
#4172=DIRECTION('center_axis',(0.,1.,0.));
#4173=DIRECTION('ref_axis',(-1.,0.,0.));
#4174=DIRECTION('',(6.073037186332E-10,3.427146567712E-10,-1.));
#4175=DIRECTION('center_axis',(0.,0.,1.));
#4176=DIRECTION('ref_axis',(-0.593010392562618,-0.805194805194824,0.));
#4177=DIRECTION('center_axis',(0.,0.,-1.));
#4178=DIRECTION('ref_axis',(0.,-1.,0.));
#4179=DIRECTION('center_axis',(0.,0.,-1.));
#4180=DIRECTION('ref_axis',(-0.312093872564169,-0.950051269515441,0.));
#4181=DIRECTION('center_axis',(0.,0.,1.));
#4182=DIRECTION('ref_axis',(-1.,0.,0.));
#4183=DIRECTION('',(0.,0.,1.));
#4184=DIRECTION('center_axis',(0.,0.,-1.));
#4185=DIRECTION('ref_axis',(-1.,0.,0.));
#4186=DIRECTION('center_axis',(0.,0.,1.));
#4187=DIRECTION('ref_axis',(-1.,0.,0.));
#4188=DIRECTION('center_axis',(0.,0.,-1.));
#4189=DIRECTION('ref_axis',(-1.,0.,0.));
#4190=DIRECTION('center_axis',(0.,0.,-1.));
#4191=DIRECTION('ref_axis',(1.,0.,0.));
#4192=DIRECTION('center_axis',(0.,0.,1.));
#4193=DIRECTION('ref_axis',(-1.,0.,0.));
#4194=DIRECTION('',(-0.707106781186547,8.65956056235493E-17,-0.707106781186547));
#4195=DIRECTION('center_axis',(0.,0.,1.));
#4196=DIRECTION('ref_axis',(-1.,0.,0.));
#4197=DIRECTION('center_axis',(0.,0.,1.));
#4198=DIRECTION('ref_axis',(-1.,0.,0.));
#4199=DIRECTION('',(0.,0.,1.));
#4200=DIRECTION('center_axis',(0.,0.,1.));
#4201=DIRECTION('ref_axis',(-1.,0.,0.));
#4202=DIRECTION('',(0.,0.,1.));
#4203=DIRECTION('center_axis',(0.,0.,-1.));
#4204=DIRECTION('ref_axis',(-1.,0.,0.));
#4205=DIRECTION('center_axis',(0.,0.,1.));
#4206=DIRECTION('ref_axis',(-1.,0.,0.));
#4207=DIRECTION('center_axis',(0.,0.,-1.));
#4208=DIRECTION('ref_axis',(-1.,0.,0.));
#4209=DIRECTION('center_axis',(0.,0.,-1.));
#4210=DIRECTION('ref_axis',(1.,0.,0.));
#4211=DIRECTION('center_axis',(0.,0.,1.));
#4212=DIRECTION('ref_axis',(-1.,0.,0.));
#4213=DIRECTION('',(-0.707106781186547,8.65956056235493E-17,-0.707106781186547));
#4214=DIRECTION('center_axis',(0.,0.,1.));
#4215=DIRECTION('ref_axis',(-1.,0.,0.));
#4216=DIRECTION('center_axis',(0.,0.,1.));
#4217=DIRECTION('ref_axis',(-1.,0.,0.));
#4218=DIRECTION('',(0.,0.,1.));
#4219=DIRECTION('center_axis',(0.,0.,1.));
#4220=DIRECTION('ref_axis',(-1.,0.,0.));
#4221=DIRECTION('',(0.,0.,1.));
#4222=DIRECTION('center_axis',(0.,0.,-1.));
#4223=DIRECTION('ref_axis',(-1.,0.,0.));
#4224=DIRECTION('center_axis',(0.,0.,1.));
#4225=DIRECTION('ref_axis',(-1.,0.,0.));
#4226=DIRECTION('center_axis',(0.,0.,-1.));
#4227=DIRECTION('ref_axis',(-1.,0.,0.));
#4228=DIRECTION('center_axis',(0.,0.,-1.));
#4229=DIRECTION('ref_axis',(1.,0.,0.));
#4230=DIRECTION('center_axis',(0.,0.,1.));
#4231=DIRECTION('ref_axis',(-1.,0.,0.));
#4232=DIRECTION('',(-0.707106781186547,8.65956056235493E-17,-0.707106781186547));
#4233=DIRECTION('center_axis',(0.,0.,1.));
#4234=DIRECTION('ref_axis',(-1.,0.,0.));
#4235=DIRECTION('center_axis',(0.,0.,1.));
#4236=DIRECTION('ref_axis',(-1.,0.,0.));
#4237=DIRECTION('',(0.,0.,1.));
#4238=DIRECTION('center_axis',(0.,0.,1.));
#4239=DIRECTION('ref_axis',(-1.,0.,0.));
#4240=DIRECTION('',(0.,0.,1.));
#4241=DIRECTION('center_axis',(0.,0.,1.));
#4242=DIRECTION('ref_axis',(-1.,0.,0.));
#4243=DIRECTION('center_axis',(0.,0.,1.));
#4244=DIRECTION('ref_axis',(-1.,0.,0.));
#4245=DIRECTION('center_axis',(0.,0.,-1.));
#4246=DIRECTION('ref_axis',(-1.,0.,0.));
#4247=DIRECTION('center_axis',(0.,0.,-1.));
#4248=DIRECTION('ref_axis',(1.,0.,0.));
#4249=DIRECTION('center_axis',(0.,0.,1.));
#4250=DIRECTION('ref_axis',(-1.,0.,0.));
#4251=DIRECTION('',(-0.707106781186547,8.65956056235493E-17,-0.707106781186547));
#4252=DIRECTION('center_axis',(0.,0.,1.));
#4253=DIRECTION('ref_axis',(-1.,0.,0.));
#4254=DIRECTION('center_axis',(0.,0.,1.));
#4255=DIRECTION('ref_axis',(-1.,0.,0.));
#4256=DIRECTION('',(0.,0.,1.));
#4257=DIRECTION('center_axis',(0.,0.,-1.));
#4258=DIRECTION('ref_axis',(0.,-1.,0.));
#4259=DIRECTION('',(0.,0.,-1.));
#4260=DIRECTION('center_axis',(0.,0.,1.));
#4261=DIRECTION('ref_axis',(-1.,0.,0.));
#4262=DIRECTION('',(0.,0.,1.));
#4263=DIRECTION('center_axis',(0.,0.,1.));
#4264=DIRECTION('ref_axis',(-1.,0.,0.));
#4265=DIRECTION('center_axis',(0.,0.,1.));
#4266=DIRECTION('ref_axis',(-1.,0.,0.));
#4267=DIRECTION('center_axis',(0.,0.,-1.));
#4268=DIRECTION('ref_axis',(-1.,0.,0.));
#4269=DIRECTION('center_axis',(0.,0.,-1.));
#4270=DIRECTION('ref_axis',(1.,0.,0.));
#4271=DIRECTION('center_axis',(0.,0.,1.));
#4272=DIRECTION('ref_axis',(-1.,0.,0.));
#4273=DIRECTION('',(-0.707106781186547,8.65956056235493E-17,-0.707106781186547));
#4274=DIRECTION('center_axis',(0.,0.,1.));
#4275=DIRECTION('ref_axis',(-1.,0.,0.));
#4276=DIRECTION('center_axis',(0.,0.,1.));
#4277=DIRECTION('ref_axis',(-1.,0.,0.));
#4278=DIRECTION('',(0.,0.,1.));
#4279=DIRECTION('center_axis',(0.,0.,1.));
#4280=DIRECTION('ref_axis',(-1.,0.,0.));
#4281=DIRECTION('',(0.,0.,1.));
#4282=DIRECTION('center_axis',(0.,0.,1.));
#4283=DIRECTION('ref_axis',(-1.,0.,0.));
#4284=DIRECTION('center_axis',(0.,0.,1.));
#4285=DIRECTION('ref_axis',(-1.,0.,0.));
#4286=DIRECTION('center_axis',(0.,0.,-1.));
#4287=DIRECTION('ref_axis',(-1.,0.,0.));
#4288=DIRECTION('center_axis',(0.,0.,-1.));
#4289=DIRECTION('ref_axis',(1.,0.,0.));
#4290=DIRECTION('center_axis',(0.,0.,1.));
#4291=DIRECTION('ref_axis',(-1.,0.,0.));
#4292=DIRECTION('',(-0.707106781186547,8.65956056235493E-17,-0.707106781186547));
#4293=DIRECTION('center_axis',(0.,0.,1.));
#4294=DIRECTION('ref_axis',(-1.,0.,0.));
#4295=DIRECTION('center_axis',(0.,0.,1.));
#4296=DIRECTION('ref_axis',(-1.,0.,0.));
#4297=DIRECTION('',(0.,0.,1.));
#4298=DIRECTION('center_axis',(0.,0.,1.));
#4299=DIRECTION('ref_axis',(-1.,0.,0.));
#4300=DIRECTION('',(0.,0.,1.));
#4301=DIRECTION('center_axis',(0.,0.,1.));
#4302=DIRECTION('ref_axis',(-1.,0.,0.));
#4303=DIRECTION('center_axis',(0.,0.,1.));
#4304=DIRECTION('ref_axis',(-1.,0.,0.));
#4305=DIRECTION('center_axis',(0.,0.,-1.));
#4306=DIRECTION('ref_axis',(-1.,0.,0.));
#4307=DIRECTION('center_axis',(0.,0.,-1.));
#4308=DIRECTION('ref_axis',(1.,0.,0.));
#4309=DIRECTION('center_axis',(0.,0.,1.));
#4310=DIRECTION('ref_axis',(-1.,0.,0.));
#4311=DIRECTION('',(-0.707106781186547,8.65956056235493E-17,-0.707106781186547));
#4312=DIRECTION('center_axis',(0.,0.,1.));
#4313=DIRECTION('ref_axis',(-1.,0.,0.));
#4314=DIRECTION('center_axis',(0.,0.,1.));
#4315=DIRECTION('ref_axis',(-1.,0.,0.));
#4316=DIRECTION('',(0.,0.,1.));
#4317=DIRECTION('center_axis',(0.,0.,-1.));
#4318=DIRECTION('ref_axis',(1.,0.,0.));
#4319=DIRECTION('center_axis',(0.,0.,-1.));
#4320=DIRECTION('ref_axis',(1.,0.,0.));
#4321=DIRECTION('center_axis',(0.,0.,-1.));
#4322=DIRECTION('ref_axis',(1.,0.,0.));
#4323=DIRECTION('',(0.,0.,-1.));
#4324=DIRECTION('center_axis',(0.,0.,1.));
#4325=DIRECTION('ref_axis',(-1.,0.,0.));
#4326=DIRECTION('',(0.707106781186547,8.65956056235493E-17,0.707106781186547));
#4327=DIRECTION('center_axis',(0.,0.,1.));
#4328=DIRECTION('ref_axis',(1.,0.,0.));
#4329=DIRECTION('center_axis',(0.,0.,-1.));
#4330=DIRECTION('ref_axis',(1.,0.,0.));
#4331=DIRECTION('center_axis',(0.,0.,-1.));
#4332=DIRECTION('ref_axis',(1.,0.,0.));
#4333=DIRECTION('center_axis',(0.,0.,-1.));
#4334=DIRECTION('ref_axis',(1.,0.,0.));
#4335=DIRECTION('',(0.,0.,-1.));
#4336=DIRECTION('center_axis',(0.,0.,-1.));
#4337=DIRECTION('ref_axis',(1.,0.,0.));
#4338=DIRECTION('center_axis',(0.,0.,-1.));
#4339=DIRECTION('ref_axis',(1.,0.,0.));
#4340=DIRECTION('center_axis',(0.,0.,-1.));
#4341=DIRECTION('ref_axis',(1.,0.,0.));
#4342=DIRECTION('',(0.,0.,-1.));
#4343=DIRECTION('center_axis',(0.,0.,1.));
#4344=DIRECTION('ref_axis',(-1.,0.,0.));
#4345=DIRECTION('',(0.707106781186547,8.65956056235493E-17,0.707106781186547));
#4346=DIRECTION('center_axis',(0.,0.,1.));
#4347=DIRECTION('ref_axis',(1.,0.,0.));
#4348=DIRECTION('center_axis',(0.,0.,-1.));
#4349=DIRECTION('ref_axis',(1.,0.,0.));
#4350=DIRECTION('center_axis',(0.,0.,-1.));
#4351=DIRECTION('ref_axis',(1.,0.,0.));
#4352=DIRECTION('center_axis',(0.,0.,-1.));
#4353=DIRECTION('ref_axis',(1.,0.,0.));
#4354=DIRECTION('',(0.,0.,-1.));
#4355=DIRECTION('center_axis',(0.,0.,-1.));
#4356=DIRECTION('ref_axis',(1.,0.,0.));
#4357=DIRECTION('center_axis',(0.,0.,-1.));
#4358=DIRECTION('ref_axis',(1.,0.,0.));
#4359=DIRECTION('center_axis',(0.,0.,-1.));
#4360=DIRECTION('ref_axis',(1.,0.,0.));
#4361=DIRECTION('',(0.,0.,-1.));
#4362=DIRECTION('center_axis',(0.,0.,1.));
#4363=DIRECTION('ref_axis',(-1.,0.,0.));
#4364=DIRECTION('',(0.707106781186547,8.65956056235493E-17,0.707106781186547));
#4365=DIRECTION('center_axis',(0.,0.,1.));
#4366=DIRECTION('ref_axis',(1.,0.,0.));
#4367=DIRECTION('center_axis',(0.,0.,-1.));
#4368=DIRECTION('ref_axis',(1.,0.,0.));
#4369=DIRECTION('center_axis',(0.,0.,-1.));
#4370=DIRECTION('ref_axis',(1.,0.,0.));
#4371=DIRECTION('center_axis',(0.,0.,-1.));
#4372=DIRECTION('ref_axis',(1.,0.,0.));
#4373=DIRECTION('',(0.,0.,-1.));
#4374=CARTESIAN_POINT('',(0.,0.,0.));
#4375=CARTESIAN_POINT('Origin',(-81.87875646571,92.01408311032,-0.8786796564404));
#4376=CARTESIAN_POINT('',(-96.73230985631,52.01408311032,13.97487373415));
#4377=CARTESIAN_POINT('',(-96.73230985631,92.01408311032,13.97487373415));
#4378=CARTESIAN_POINT('',(-96.73230985631,52.01408311032,13.97487373415));
#4379=CARTESIAN_POINT('',(-82.90388273156,52.01408311032,0.1464466094067));
#4380=CARTESIAN_POINT('',(-96.73230985631,52.01408311032,13.97487373415));
#4381=CARTESIAN_POINT('',(-82.90388273156,92.01408311032,0.1464466094067));
#4382=CARTESIAN_POINT('',(-82.90388273156,52.01408311032,0.1464466094067));
#4383=CARTESIAN_POINT('',(-82.90388273156,92.01408311032,0.1464466094067));
#4384=CARTESIAN_POINT('Origin',(-99.20718359046,-31.84520237749,11.5));
#4385=CARTESIAN_POINT('',(-99.20718359046,52.01408311032,15.));
#4386=CARTESIAN_POINT('',(-99.20718359046,92.01408311032,15.));
#4387=CARTESIAN_POINT('',(-99.20718359046,52.01408311032,15.));
#4388=CARTESIAN_POINT('Origin',(-99.20718359046,52.01408311032,11.5));
#4389=CARTESIAN_POINT('Origin',(-99.20718359046,92.01408311032,11.5));
#4390=CARTESIAN_POINT('Origin',(0.,0.,15.));
#4391=CARTESIAN_POINT('',(-164.7928932188,92.01408311032,15.));
#4392=CARTESIAN_POINT('',(-99.20718359046,92.01408311032,15.));
#4393=CARTESIAN_POINT('',(-164.7928932188,52.01408311032,15.));
#4394=CARTESIAN_POINT('',(-164.7928932188,92.01408311032,15.));
#4395=CARTESIAN_POINT('',(-164.7928932188,52.01408311032,15.));
#4396=CARTESIAN_POINT('',(-110.2500384046,82.01408311032,15.));
#4397=CARTESIAN_POINT('Origin',(-107.0000384046,82.01408311032,15.));
#4398=CARTESIAN_POINT('',(-135.2500384046,62.01408311032,15.));
#4399=CARTESIAN_POINT('Origin',(-132.0000384046,62.01408311032,15.));
#4400=CARTESIAN_POINT('',(-160.2500384046,82.01408311032,15.));
#4401=CARTESIAN_POINT('Origin',(-157.0000384046,82.01408311032,15.));
#4402=CARTESIAN_POINT('Origin',(-107.9375761966,52.01408311032,13.5));
#4403=CARTESIAN_POINT('',(-164.792893236219,52.0140831106413,12.4999999997402));
#4404=CARTESIAN_POINT('',(-99.2071836186595,52.0140831147105,12.4999999958204));
#4405=CARTESIAN_POINT('',(-164.7928932368,52.01408311082,12.4999999995));
#4406=CARTESIAN_POINT('',(-99.20718359046,52.01408311032,15.));
#4407=CARTESIAN_POINT('',(-164.7928932188,52.01408311032,15.));
#4408=CARTESIAN_POINT('Origin',(-132.0000384046,52.26408311032,12.25));
#4409=CARTESIAN_POINT('',(-164.792893227231,52.5140831104465,11.9999999998418));
#4410=CARTESIAN_POINT('',(-99.20718360456,52.5140831124124,11.9999999978072));
#4411=CARTESIAN_POINT('',(-164.7928932278,52.51408311057,11.99999999975));
#4412=CARTESIAN_POINT('',(-99.20718360456,52.51408311367,11.99999999666));
#4413=CARTESIAN_POINT('',(-164.7928932278,52.51408311057,11.99999999975));
#4414=CARTESIAN_POINT('Origin',(0.,0.,12.));
#4415=CARTESIAN_POINT('',(-164.7928932047,91.5140831082315,11.9999999978071));
#4416=CARTESIAN_POINT('',(-164.7928932047,91.51408310698,11.99999999666));
#4417=CARTESIAN_POINT('',(-99.2071835820334,91.5140831101935,11.9999999998418));
#4418=CARTESIAN_POINT('',(-99.20718358147,91.51408311007,11.99999999975));
#4419=CARTESIAN_POINT('',(-99.20718360456,52.51408311367,11.99999999666));
#4420=CARTESIAN_POINT('',(-108.6000384046,82.01408311032,12.));
#4421=CARTESIAN_POINT('Origin',(-107.0000384046,82.01408311032,12.));
#4422=CARTESIAN_POINT('',(-133.6000384046,62.01408311032,12.));
#4423=CARTESIAN_POINT('Origin',(-132.0000384046,62.01408311032,12.));
#4424=CARTESIAN_POINT('',(-158.6000384046,82.01408311032,12.));
#4425=CARTESIAN_POINT('Origin',(-157.0000384046,82.01408311032,12.));
#4426=CARTESIAN_POINT('Origin',(-99.20718359046,-31.84520237749,11.5));
#4427=CARTESIAN_POINT('',(-98.853630201895,52.5140831103404,11.8535533925825));
#4428=CARTESIAN_POINT('Origin',(-99.20718359046,52.51408311032,11.5));
#4429=CARTESIAN_POINT('',(-98.8536301952468,91.514083108026,11.8535533825634));
#4430=CARTESIAN_POINT('Origin',(-99.20718359046,91.51408311032,11.5));
#4431=CARTESIAN_POINT('',(-98.85363020258,52.51408311037,11.85355339324));
#4432=CARTESIAN_POINT('Origin',(-99.20718359046,52.26408311571,11.5));
#4433=CARTESIAN_POINT('',(-98.5000768139911,52.014083110381,12.2071067858415));
#4434=CARTESIAN_POINT('',(-98.85363020258,52.51408311037,11.85355339324));
#4435=CARTESIAN_POINT('Origin',(-99.20718359046,52.01408311032,11.5));
#4436=CARTESIAN_POINT('Origin',(-98.44181672573,52.01408311032,13.34775906502));
#4437=CARTESIAN_POINT('',(-96.73230985631,52.01408311032,13.97487373415));
#4438=CARTESIAN_POINT('Origin',(-101.1296493001,52.01408311032,16.25089283437));
#4439=CARTESIAN_POINT('',(-84.6716496716871,52.0140831093026,-1.62132035495505));
#4440=CARTESIAN_POINT('',(-98.50007681469,52.01408311042,12.20710678647));
#4441=CARTESIAN_POINT('',(-84.67164967136,52.01408310884,-1.621320354626));
#4442=CARTESIAN_POINT('Origin',(-91.7626399422,52.26408311032,5.116116523517));
#4443=CARTESIAN_POINT('',(-85.0252030601355,52.51408310913,-1.9748737474485));
#4444=CARTESIAN_POINT('',(-98.85363020258,52.51408311037,11.85355339324));
#4445=CARTESIAN_POINT('',(-85.02520305975,52.51408310859,-1.974873747063));
#4446=CARTESIAN_POINT('Origin',(-84.00007680927,92.01408311032,-3.));
#4447=CARTESIAN_POINT('',(-85.0252030610798,91.5140831112018,-1.97487374662532));
#4448=CARTESIAN_POINT('',(-85.02520305975,91.51408311206,-1.974873747063));
#4449=CARTESIAN_POINT('',(-85.02520305975,52.51408310859,-1.974873747063));
#4450=CARTESIAN_POINT('Origin',(-82.55032934097,52.01408311032,0.5));
#4451=CARTESIAN_POINT('',(-82.5503293567294,52.5140831093369,-2.99999999876076));
#4452=CARTESIAN_POINT('Origin',(-82.55032934097,52.51408311032,0.5));
#4453=CARTESIAN_POINT('',(-82.55032935778,91.5140831116598,-2.99999999866428));
#4454=CARTESIAN_POINT('Origin',(-82.55032934097,91.51408311032,0.5));
#4455=CARTESIAN_POINT('',(-82.55032935778,52.51408310838,-2.999999998057));
#4456=CARTESIAN_POINT('Origin',(-82.55032934097,52.26408310759,0.5));
#4457=CARTESIAN_POINT('',(-82.5503293544783,52.0140831092615,-2.49999999915615));
#4458=CARTESIAN_POINT('',(-82.55032935778,52.51408310838,-2.999999998057));
#4459=CARTESIAN_POINT('Origin',(-82.55032934097,52.01408311032,0.5));
#4460=CARTESIAN_POINT('Origin',(-83.3156962057,52.01408311032,-1.347759065023));
#4461=CARTESIAN_POINT('',(-82.55032934097,52.01408311032,0.));
#4462=CARTESIAN_POINT('',(-82.55032935538,52.01408310866,-2.499999998335));
#4463=CARTESIAN_POINT('Origin',(-82.55032934097,52.01408311032,0.5));
#4464=CARTESIAN_POINT('Origin',(-82.55032934097,52.01408311032,0.5));
#4465=CARTESIAN_POINT('',(-82.55032934097,92.01408311032,0.));
#4466=CARTESIAN_POINT('',(-82.55032934097,52.01408311032,0.));
#4467=CARTESIAN_POINT('Origin',(-82.55032934097,92.01408311032,0.5));
#4468=CARTESIAN_POINT('Origin',(-83.3156962057,92.01408311032,-1.347759065023));
#4469=CARTESIAN_POINT('',(-82.5503293553794,92.0140831114674,-2.49999999885583));
#4470=CARTESIAN_POINT('',(-84.6716496726338,92.0140831112698,-1.62132035438872));
#4471=CARTESIAN_POINT('Origin',(-82.55032934097,92.01408311032,0.5));
#4472=CARTESIAN_POINT('',(-84.67164967136,92.01408311181,-1.621320354626));
#4473=CARTESIAN_POINT('',(-82.55032935538,92.01408311199,-2.499999998335));
#4474=CARTESIAN_POINT('Origin',(-82.55032934097,91.76408311306,0.5));
#4475=CARTESIAN_POINT('',(-85.02520305975,91.51408311206,-1.974873747063));
#4476=CARTESIAN_POINT('',(-82.55032935778,91.51408311227,-2.999999998057));
#4477=CARTESIAN_POINT('Origin',(-38.40096267907,91.76408311032,-2.75));
#4478=CARTESIAN_POINT('',(5.74840396782182,91.5140830994412,-3.00000001088075));
#4479=CARTESIAN_POINT('',(5.748403964127,91.51408308829,-3.000000022033));
#4480=CARTESIAN_POINT('',(5.74840397114155,92.0140830994191,-2.50000000745957));
#4481=CARTESIAN_POINT('',(5.748403967245,92.01408309196,-2.500000018361));
#4482=CARTESIAN_POINT('',(5.748403964127,91.51408308829,-3.000000022033));
#4483=CARTESIAN_POINT('Origin',(0.,0.,-3.));
#4484=CARTESIAN_POINT('',(-72.97056290179,52.5140831090906,-2.9999999987673));
#4485=CARTESIAN_POINT('',(-82.55032935778,52.51408310838,-2.999999998057));
#4486=CARTESIAN_POINT('',(9.29445247813705,84.2436066193128,-3.00000000907856));
#4487=CARTESIAN_POINT('Origin',(5.748403982832,87.01408311032,-3.));
#4488=CARTESIAN_POINT('',(-1.76309530646866,70.0905908466039,-3.00000000093592));
#4489=CARTESIAN_POINT('',(-1.763095308277,70.09059084581,-3.000000001872));
#4490=CARTESIAN_POINT('',(-2.945111413634,69.51408311069,-3.000000000365));
#4491=CARTESIAN_POINT('Origin',(-2.945111396058,71.01408311032,-3.));
#4492=CARTESIAN_POINT('',(-16.1961425124056,69.5140830872004,-2.9999999768798));
#4493=CARTESIAN_POINT('',(-16.1961424945,69.51408306408,-2.999999953759));
#4494=CARTESIAN_POINT('',(-25.2894104683173,64.2640827011709,-2.99999996997147));
#4495=CARTESIAN_POINT('Origin',(-16.19614352703,59.01408311032,-3.));
#4496=CARTESIAN_POINT('',(-29.3308618483714,57.2640836627749,-3.00000001405992));
#4497=CARTESIAN_POINT('',(-29.33086185499,57.26408367943,-3.00000002812));
#4498=CARTESIAN_POINT('',(-37.55810378411,52.5140831287799,-3.0000000184577));
#4499=CARTESIAN_POINT('Origin',(-37.55810348705,62.01408311032,-3.));
#4500=CARTESIAN_POINT('',(-39.0294381591344,52.5140830951804,-2.99999998485715));
#4501=CARTESIAN_POINT('',(-39.02943816975,52.51408308004,-2.999999969715));
#4502=CARTESIAN_POINT('',(-40.6007857035986,51.958527514811,-2.99999999999974));
#4503=CARTESIAN_POINT('Origin',(-39.02943725152,50.01408311032,-3.));
#4504=CARTESIAN_POINT('',(-71.3992151272175,51.9585281862127,-2.99999999999884));
#4505=CARTESIAN_POINT('Origin',(-56.,71.01408311032,-3.));
#4506=CARTESIAN_POINT('Origin',(-72.97056274848,50.01408311032,-3.));
#4507=CARTESIAN_POINT('',(-67.75,60.01408311032,-3.));
#4508=CARTESIAN_POINT('Origin',(-71.,60.01408311032,-3.));
#4509=CARTESIAN_POINT('',(-67.75,84.01408311032,-3.));
#4510=CARTESIAN_POINT('Origin',(-71.,84.01408311032,-3.));
#4511=CARTESIAN_POINT('',(-52.75,62.01408311032,-3.));
#4512=CARTESIAN_POINT('Origin',(-56.,62.01408311032,-3.));
#4513=CARTESIAN_POINT('',(-52.75,76.51408311032,-3.));
#4514=CARTESIAN_POINT('Origin',(-56.,76.51408311032,-3.));
#4515=CARTESIAN_POINT('',(-72.56,71.01408311032,-3.));
#4516=CARTESIAN_POINT('Origin',(-71.,71.01408311032,-3.));
#4517=CARTESIAN_POINT('',(-42.56,71.01408311032,-3.));
#4518=CARTESIAN_POINT('Origin',(-41.,71.01408311032,-3.));
#4519=CARTESIAN_POINT('',(-57.56,56.01408311032,-3.));
#4520=CARTESIAN_POINT('Origin',(-56.,56.01408311032,-3.));
#4521=CARTESIAN_POINT('',(-57.56,86.01408311032,-3.));
#4522=CARTESIAN_POINT('Origin',(-56.,86.01408311032,-3.));
#4523=CARTESIAN_POINT('',(-4.75,87.01408311032,-3.));
#4524=CARTESIAN_POINT('Origin',(-8.,87.01408311032,-3.));
#4525=CARTESIAN_POINT('',(8.998403982832,87.01408311032,-3.));
#4526=CARTESIAN_POINT('Origin',(5.748403982832,87.01408311032,-3.));
#4527=CARTESIAN_POINT('',(-4.75,73.26794919243,-3.));
#4528=CARTESIAN_POINT('Origin',(-8.,73.26794919243,-3.));
#4529=CARTESIAN_POINT('',(-17.1436105704084,88.0140831099242,-2.99999999960122));
#4530=CARTESIAN_POINT('',(-14.3855727042238,82.3592683390799,-2.99999998716304));
#4531=CARTESIAN_POINT('Origin',(-17.14361063213,84.51408311032,-3.));
#4532=CARTESIAN_POINT('',(-29.7305630256385,88.0140831031406,-2.99999999281862));
#4533=CARTESIAN_POINT('',(-29.73056303295,88.01408309596,-2.999999985637));
#4534=CARTESIAN_POINT('',(-32.76165166662,82.76408311296,-2.999999999984));
#4535=CARTESIAN_POINT('Origin',(-29.73056275187,84.51408311032,-3.));
#4536=CARTESIAN_POINT('',(-28.1428490188996,74.7640823057124,-2.99999997561637));
#4537=CARTESIAN_POINT('',(-28.14284898946,74.76408230349,-2.999999951232));
#4538=CARTESIAN_POINT('',(-25.11176080506,73.0140831118175,-2.99999999850648));
#4539=CARTESIAN_POINT('Origin',(-25.11176059835,76.51408311032,-3.));
#4540=CARTESIAN_POINT('',(-23.3938954856774,73.0140831132005,-2.99999999712355));
#4541=CARTESIAN_POINT('',(-23.39389548288,73.01408311608,-2.999999994246));
#4542=CARTESIAN_POINT('',(-20.63585800733,74.3592679457,-3.));
#4543=CARTESIAN_POINT('Origin',(-23.39389564419,76.51408311032,-3.));
#4544=CARTESIAN_POINT('',(-14.38557270904,82.35926835377,-2.999999974325));
#4545=CARTESIAN_POINT('Origin',(-77.76044604472,52.26408311032,-2.75));
#4546=CARTESIAN_POINT('',(-72.9705628404631,52.0140831094902,-2.49999999916724));
#4547=CARTESIAN_POINT('',(-72.97056290179,52.51408310831,-2.999999997983));
#4548=CARTESIAN_POINT('',(-82.55032935538,52.01408310866,-2.499999998335));
#4549=CARTESIAN_POINT('Origin',(-78.12407680927,52.01408311032,-1.5));
#4550=CARTESIAN_POINT('',(-72.97056274848,52.01408311032,0.));
#4551=CARTESIAN_POINT('',(-72.97056274848,52.01408311032,0.));
#4552=CARTESIAN_POINT('',(-82.55032934097,52.01408311032,0.));
#4553=CARTESIAN_POINT('Origin',(0.,0.,0.));
#4554=CARTESIAN_POINT('',(-28.8978494492,57.01408311032,0.));
#4555=CARTESIAN_POINT('',(-37.55810348705,52.01408311032,0.));
#4556=CARTESIAN_POINT('Origin',(-37.55810348705,62.01408311032,0.));
#4557=CARTESIAN_POINT('',(-24.85639756487,64.01408311032,0.));
#4558=CARTESIAN_POINT('',(-28.8978494492,57.01408311032,0.));
#4559=CARTESIAN_POINT('',(-16.19614352703,69.01408311032,0.));
#4560=CARTESIAN_POINT('Origin',(-16.19614352703,59.01408311032,0.));
#4561=CARTESIAN_POINT('',(-2.945111396058,69.01408311032,0.));
#4562=CARTESIAN_POINT('',(-16.19614352703,69.01408311032,0.));
#4563=CARTESIAN_POINT('',(-1.369089888844,69.78276015967,0.));
#4564=CARTESIAN_POINT('Origin',(-2.945111396058,71.01408311032,0.));
#4565=CARTESIAN_POINT('',(9.688457750866,83.9357757337,0.));
#4566=CARTESIAN_POINT('',(-1.369089888844,69.78276015967,0.));
#4567=CARTESIAN_POINT('',(5.748403982832,92.01408311032,0.));
#4568=CARTESIAN_POINT('Origin',(5.748403982832,87.01408311032,0.));
#4569=CARTESIAN_POINT('',(5.748403982832,92.01408311032,0.));
#4570=CARTESIAN_POINT('',(-71.71348402637,51.56963866588,0.));
#4571=CARTESIAN_POINT('Origin',(-72.97056274848,50.01408311032,0.));
#4572=CARTESIAN_POINT('',(-40.28651597363,51.56963866588,0.));
#4573=CARTESIAN_POINT('Origin',(-56.,71.01408311032,0.));
#4574=CARTESIAN_POINT('',(-39.02943725152,52.01408311032,0.));
#4575=CARTESIAN_POINT('Origin',(-39.02943725152,50.01408311032,0.));
#4576=CARTESIAN_POINT('',(-39.02943725152,52.01408311032,0.));
#4577=CARTESIAN_POINT('',(-69.4,60.01408311032,0.));
#4578=CARTESIAN_POINT('Origin',(-71.,60.01408311032,0.));
#4579=CARTESIAN_POINT('',(-69.4,84.01408311032,0.));
#4580=CARTESIAN_POINT('Origin',(-71.,84.01408311032,0.));
#4581=CARTESIAN_POINT('',(-54.4,62.01408311032,0.));
#4582=CARTESIAN_POINT('Origin',(-56.,62.01408311032,0.));
#4583=CARTESIAN_POINT('',(-54.4,76.51408311032,0.));
#4584=CARTESIAN_POINT('Origin',(-56.,76.51408311032,0.));
#4585=CARTESIAN_POINT('',(-69.75,71.01408311032,0.));
#4586=CARTESIAN_POINT('Origin',(-71.,71.01408311032,0.));
#4587=CARTESIAN_POINT('',(-39.75,71.01408311032,0.));
#4588=CARTESIAN_POINT('Origin',(-41.,71.01408311032,0.));
#4589=CARTESIAN_POINT('',(-54.75,56.01408311032,0.));
#4590=CARTESIAN_POINT('Origin',(-56.,56.01408311032,0.));
#4591=CARTESIAN_POINT('',(-54.75,86.01408311032,0.));
#4592=CARTESIAN_POINT('Origin',(-56.,86.01408311032,0.));
#4593=CARTESIAN_POINT('',(-6.4,87.01408311032,-1.77635683940025E-14));
#4594=CARTESIAN_POINT('Origin',(-8.,87.01408311032,-1.42108547152E-14));
#4595=CARTESIAN_POINT('',(7.348403982832,87.01408311032,-1.77635683940025E-14));
#4596=CARTESIAN_POINT('Origin',(5.748403982832,87.01408311032,-1.42108547152E-14));
#4597=CARTESIAN_POINT('',(-6.4,73.26794919243,-1.77635683940025E-14));
#4598=CARTESIAN_POINT('Origin',(-8.,73.26794919243,-1.42108547152E-14));
#4599=CARTESIAN_POINT('',(-27.27682410782,75.26408311032,0.));
#4600=CARTESIAN_POINT('',(-31.89562626133,83.26408311032,0.));
#4601=CARTESIAN_POINT('',(-27.27682410782,75.26408311032,0.));
#4602=CARTESIAN_POINT('',(-29.73056275187,87.01408311032,0.));
#4603=CARTESIAN_POINT('Origin',(-29.73056275187,84.51408311032,0.));
#4604=CARTESIAN_POINT('',(-17.14361063213,87.01408311032,0.));
#4605=CARTESIAN_POINT('',(-29.73056275187,87.01408311032,0.));
#4606=CARTESIAN_POINT('',(-15.17358374812,82.97492942201,0.));
#4607=CARTESIAN_POINT('Origin',(-17.14361063213,84.51408311032,0.));
#4608=CARTESIAN_POINT('',(-21.42386876017,74.97492942201,0.));
#4609=CARTESIAN_POINT('',(-15.17358374812,82.97492942201,0.));
#4610=CARTESIAN_POINT('',(-23.39389564419,74.01408311032,0.));
#4611=CARTESIAN_POINT('Origin',(-23.39389564419,76.51408311032,0.));
#4612=CARTESIAN_POINT('',(-25.11176059835,74.01408311032,0.));
#4613=CARTESIAN_POINT('',(-23.39389564419,74.01408311032,0.));
#4614=CARTESIAN_POINT('Origin',(-25.11176059835,76.51408311032,0.));
#4615=CARTESIAN_POINT('Origin',(-37.55810348705,62.01408311032,-29.07956453384));
#4616=CARTESIAN_POINT('',(-37.5581037215698,52.0140831274208,-2.50000001318585));
#4617=CARTESIAN_POINT('',(-28.8978492164823,57.0140835419639,-2.50000001153967));
#4618=CARTESIAN_POINT('Origin',(-37.55810348705,62.01408311032,-2.5));
#4619=CARTESIAN_POINT('',(-28.89784921544,57.01408355962,-2.5000000222));
#4620=CARTESIAN_POINT('',(-37.55810372157,52.01408313968,-2.500000029352));
#4621=CARTESIAN_POINT('Origin',(-37.55810348705,62.01408311032,-2.750000050116));
#4622=CARTESIAN_POINT('',(-29.33086185499,57.26408367943,-3.00000002812));
#4623=CARTESIAN_POINT('',(-37.55810378411,52.5140831475,-3.000000037179));
#4624=CARTESIAN_POINT('Origin',(-38.29377036928,52.26408311032,-2.75));
#4625=CARTESIAN_POINT('',(-39.029437793849,52.014083098594,-2.4999999904539));
#4626=CARTESIAN_POINT('',(-39.02943780246,52.01408309215,-2.499999981829));
#4627=CARTESIAN_POINT('',(-39.02943816975,52.51408308004,-2.999999969715));
#4628=CARTESIAN_POINT('Origin',(-39.02943725152,50.01408311032,-2.749999968182));
#4629=CARTESIAN_POINT('',(-40.2865159921865,51.5696386509201,-2.50000000000567));
#4630=CARTESIAN_POINT('Origin',(-39.02943725152,50.01408311032,-2.5));
#4631=CARTESIAN_POINT('',(-40.60078570473,51.95852751351,-2.999999999698));
#4632=CARTESIAN_POINT('Origin',(-56.,71.01408311032,-2.750000002319));
#4633=CARTESIAN_POINT('',(-71.7134845085496,51.5696390489678,-2.49999999897954));
#4634=CARTESIAN_POINT('Origin',(-56.,71.01408311032,-2.5));
#4635=CARTESIAN_POINT('',(-71.39921514679,51.95852816443,-2.99999997075));
#4636=CARTESIAN_POINT('Origin',(-72.97056274848,50.01408311032,-2.749999968182));
#4637=CARTESIAN_POINT('Origin',(-72.97056274848,50.01408311032,-2.5));
#4638=CARTESIAN_POINT('Origin',(-72.97056274848,50.01408311032,41.07956453384));
#4639=CARTESIAN_POINT('',(-71.71348402637,51.56963866588,0.));
#4640=CARTESIAN_POINT('Origin',(-56.,71.01408311032,-1.5));
#4641=CARTESIAN_POINT('',(-40.28651597363,51.56963866588,0.));
#4642=CARTESIAN_POINT('Origin',(-39.02943725152,50.01408311032,41.07956453384));
#4643=CARTESIAN_POINT('',(-39.02943725152,52.01408311032,0.));
#4644=CARTESIAN_POINT('Origin',(-35.76826199294,52.01408311032,-1.5));
#4645=CARTESIAN_POINT('Origin',(-27.09362985798,60.63908311032,-2.75));
#4646=CARTESIAN_POINT('',(-24.8563977043376,64.014082815474,-2.49999998012862));
#4647=CARTESIAN_POINT('',(-25.28941044185,64.26408268589,-2.999999939407));
#4648=CARTESIAN_POINT('',(-28.89784921544,57.01408355962,-2.5000000222));
#4649=CARTESIAN_POINT('Origin',(-26.87712350704,60.51408311032,-1.5));
#4650=CARTESIAN_POINT('',(-24.85639756487,64.01408311032,0.));
#4651=CARTESIAN_POINT('Origin',(-16.19614352703,59.01408311032,41.07956453384));
#4652=CARTESIAN_POINT('',(-16.1961428125568,69.0140830890799,-2.49999998283206));
#4653=CARTESIAN_POINT('Origin',(-16.19614352703,59.01408311032,-2.5));
#4654=CARTESIAN_POINT('',(-16.19614352703,69.01408311032,0.));
#4655=CARTESIAN_POINT('Origin',(-16.19614352703,59.01408311032,-2.749999922191));
#4656=CARTESIAN_POINT('',(-16.1961424945,69.51408306408,-2.999999953759));
#4657=CARTESIAN_POINT('Origin',(-9.570627461544,69.26408311032,-2.75));
#4658=CARTESIAN_POINT('',(-2.945111413634,69.01408311069,-2.500000000365));
#4659=CARTESIAN_POINT('',(-2.945111413634,69.51408311069,-3.000000000365));
#4660=CARTESIAN_POINT('',(-16.19614278951,69.01408307729,-2.499999966971));
#4661=CARTESIAN_POINT('Origin',(-11.96964621893,69.01408311032,-1.5));
#4662=CARTESIAN_POINT('',(-2.945111413634,69.01408311069,-2.500000000365));
#4663=CARTESIAN_POINT('Origin',(-2.945111396058,71.01408311032,-29.07956453384));
#4664=CARTESIAN_POINT('',(-1.36908993030714,69.7827601085629,-2.50000000098348));
#4665=CARTESIAN_POINT('Origin',(-2.945111396058,71.01408311032,-2.5));
#4666=CARTESIAN_POINT('',(-1.369089931473,69.78276010815,-2.500000001872));
#4667=CARTESIAN_POINT('Origin',(-2.945111396058,71.01408311032,-2.75000000241));
#4668=CARTESIAN_POINT('',(-1.763095308277,70.09059084581,-3.000000001872));
#4669=CARTESIAN_POINT('Origin',(3.962681242609,77.01318331552,-2.75));
#4670=CARTESIAN_POINT('',(9.68845783977898,83.9357758552844,-2.50000001150622));
#4671=CARTESIAN_POINT('',(9.294452470781,84.24360662506,-3.00000001841));
#4672=CARTESIAN_POINT('',(-1.369089931473,69.78276010815,-2.500000001872));
#4673=CARTESIAN_POINT('Origin',(7.015138485901,80.51408311032,-1.5));
#4674=CARTESIAN_POINT('',(9.688457831465,83.93577586178,-2.500000015342));
#4675=CARTESIAN_POINT('Origin',(5.748403982832,87.01408311032,-29.07956453384));
#4676=CARTESIAN_POINT('Origin',(5.748403982832,87.01408311032,-2.5));
#4677=CARTESIAN_POINT('',(5.748403967245,92.01408309196,-2.500000018361));
#4678=CARTESIAN_POINT('Origin',(5.748403982832,87.01408311032,-2.750000029513));
#4679=CARTESIAN_POINT('Origin',(-34.00007680927,92.01408311032,-1.5));
#4680=CARTESIAN_POINT('Origin',(-71.,60.01408311032,74.33394583997));
#4681=CARTESIAN_POINT('',(-72.6,60.01408311032,-1.1));
#4682=CARTESIAN_POINT('',(-69.4,60.01408311032,-1.1));
#4683=CARTESIAN_POINT('Origin',(-71.,60.01408311032,-1.1));
#4684=CARTESIAN_POINT('Origin',(-71.,60.01408311032,-1.1));
#4685=CARTESIAN_POINT('',(-69.4,60.01408311032,74.33394583997));
#4686=CARTESIAN_POINT('Origin',(-71.,60.01408311032,-1.8));
#4687=CARTESIAN_POINT('',(-74.,60.01408311032,-2.5));
#4688=CARTESIAN_POINT('',(-73.3,60.01408311032,-1.8));
#4689=CARTESIAN_POINT('Origin',(-71.,60.01408311032,-2.5));
#4690=CARTESIAN_POINT('Origin',(-71.,60.01408311032,-2.5));
#4691=CARTESIAN_POINT('',(-67.75,60.01408311032,-2.5));
#4692=CARTESIAN_POINT('Origin',(-71.,60.01408311032,-2.5));
#4693=CARTESIAN_POINT('Origin',(-71.,60.01408311032,74.33394583997));
#4694=CARTESIAN_POINT('',(-67.75,60.01408311032,74.33394583997));
#4695=CARTESIAN_POINT('Origin',(-71.,84.01408311032,74.33394583997));
#4696=CARTESIAN_POINT('',(-72.6,84.01408311032,-1.1));
#4697=CARTESIAN_POINT('',(-69.4,84.01408311032,-1.1));
#4698=CARTESIAN_POINT('Origin',(-71.,84.01408311032,-1.1));
#4699=CARTESIAN_POINT('Origin',(-71.,84.01408311032,-1.1));
#4700=CARTESIAN_POINT('',(-69.4,84.01408311032,74.33394583997));
#4701=CARTESIAN_POINT('Origin',(-71.,84.01408311032,-1.8));
#4702=CARTESIAN_POINT('',(-74.,84.01408311032,-2.5));
#4703=CARTESIAN_POINT('',(-73.3,84.01408311032,-1.8));
#4704=CARTESIAN_POINT('Origin',(-71.,84.01408311032,-2.5));
#4705=CARTESIAN_POINT('Origin',(-71.,84.01408311032,-2.5));
#4706=CARTESIAN_POINT('',(-67.75,84.01408311032,-2.5));
#4707=CARTESIAN_POINT('Origin',(-71.,84.01408311032,-2.5));
#4708=CARTESIAN_POINT('Origin',(-71.,84.01408311032,74.33394583997));
#4709=CARTESIAN_POINT('',(-67.75,84.01408311032,74.33394583997));
#4710=CARTESIAN_POINT('Origin',(-56.,62.01408311032,74.33394583997));
#4711=CARTESIAN_POINT('',(-57.6,62.01408311032,-1.1));
#4712=CARTESIAN_POINT('',(-54.4,62.01408311032,-1.1));
#4713=CARTESIAN_POINT('Origin',(-56.,62.01408311032,-1.1));
#4714=CARTESIAN_POINT('Origin',(-56.,62.01408311032,-1.1));
#4715=CARTESIAN_POINT('',(-54.4,62.01408311032,74.33394583997));
#4716=CARTESIAN_POINT('Origin',(-56.,62.01408311032,-1.8));
#4717=CARTESIAN_POINT('',(-59.,62.01408311032,-2.5));
#4718=CARTESIAN_POINT('',(-58.3,62.01408311032,-1.8));
#4719=CARTESIAN_POINT('Origin',(-56.,62.01408311032,-2.5));
#4720=CARTESIAN_POINT('Origin',(-56.,62.01408311032,-2.5));
#4721=CARTESIAN_POINT('',(-52.75,62.01408311032,-2.5));
#4722=CARTESIAN_POINT('Origin',(-56.,62.01408311032,-2.5));
#4723=CARTESIAN_POINT('Origin',(-56.,62.01408311032,74.33394583997));
#4724=CARTESIAN_POINT('',(-52.75,62.01408311032,74.33394583997));
#4725=CARTESIAN_POINT('Origin',(-56.,76.51408311032,74.33394583997));
#4726=CARTESIAN_POINT('',(-57.6,76.51408311032,-1.1));
#4727=CARTESIAN_POINT('',(-54.4,76.51408311032,-1.1));
#4728=CARTESIAN_POINT('Origin',(-56.,76.51408311032,-1.1));
#4729=CARTESIAN_POINT('Origin',(-56.,76.51408311032,-1.1));
#4730=CARTESIAN_POINT('',(-54.4,76.51408311032,74.33394583997));
#4731=CARTESIAN_POINT('Origin',(-56.,76.51408311032,-1.8));
#4732=CARTESIAN_POINT('',(-59.,76.51408311032,-2.5));
#4733=CARTESIAN_POINT('',(-58.3,76.51408311032,-1.8));
#4734=CARTESIAN_POINT('Origin',(-56.,76.51408311032,-2.5));
#4735=CARTESIAN_POINT('Origin',(-56.,76.51408311032,-2.5));
#4736=CARTESIAN_POINT('',(-52.75,76.51408311032,-2.5));
#4737=CARTESIAN_POINT('Origin',(-56.,76.51408311032,-2.5));
#4738=CARTESIAN_POINT('Origin',(-56.,76.51408311032,74.33394583997));
#4739=CARTESIAN_POINT('',(-52.75,76.51408311032,74.33394583997));
#4740=CARTESIAN_POINT('Origin',(-71.,71.01408311032,74.11312956247));
#4741=CARTESIAN_POINT('',(-72.25,71.01408311032,-2.69));
#4742=CARTESIAN_POINT('',(-69.75,71.01408311032,-2.69));
#4743=CARTESIAN_POINT('Origin',(-71.,71.01408311032,-2.69));
#4744=CARTESIAN_POINT('Origin',(-71.,71.01408311032,-2.69));
#4745=CARTESIAN_POINT('',(-69.75,71.01408311032,74.11312956247));
#4746=CARTESIAN_POINT('Origin',(-71.,71.01408311032,-2.845));
#4747=CARTESIAN_POINT('',(-72.405,71.01408311032,-2.845));
#4748=CARTESIAN_POINT('Origin',(-41.,71.01408311032,74.11312956247));
#4749=CARTESIAN_POINT('',(-42.25,71.01408311032,-2.69));
#4750=CARTESIAN_POINT('',(-39.75,71.01408311032,-2.69));
#4751=CARTESIAN_POINT('Origin',(-41.,71.01408311032,-2.69));
#4752=CARTESIAN_POINT('Origin',(-41.,71.01408311032,-2.69));
#4753=CARTESIAN_POINT('',(-39.75,71.01408311032,74.11312956247));
#4754=CARTESIAN_POINT('Origin',(-41.,71.01408311032,-2.845));
#4755=CARTESIAN_POINT('',(-42.405,71.01408311032,-2.845));
#4756=CARTESIAN_POINT('Origin',(-56.,56.01408311032,74.11312956247));
#4757=CARTESIAN_POINT('',(-57.25,56.01408311032,-2.69));
#4758=CARTESIAN_POINT('',(-54.75,56.01408311032,-2.69));
#4759=CARTESIAN_POINT('Origin',(-56.,56.01408311032,-2.69));
#4760=CARTESIAN_POINT('Origin',(-56.,56.01408311032,-2.69));
#4761=CARTESIAN_POINT('',(-54.75,56.01408311032,74.11312956247));
#4762=CARTESIAN_POINT('Origin',(-56.,56.01408311032,-2.845));
#4763=CARTESIAN_POINT('',(-57.405,56.01408311032,-2.845));
#4764=CARTESIAN_POINT('Origin',(-56.,86.01408311032,74.11312956247));
#4765=CARTESIAN_POINT('',(-57.25,86.01408311032,-2.69));
#4766=CARTESIAN_POINT('',(-54.75,86.01408311032,-2.69));
#4767=CARTESIAN_POINT('Origin',(-56.,86.01408311032,-2.69));
#4768=CARTESIAN_POINT('Origin',(-56.,86.01408311032,-2.69));
#4769=CARTESIAN_POINT('',(-54.75,86.01408311032,74.11312956247));
#4770=CARTESIAN_POINT('Origin',(-56.,86.01408311032,-2.845));
#4771=CARTESIAN_POINT('',(-57.405,86.01408311032,-2.845));
#4772=CARTESIAN_POINT('Origin',(-8.,87.01408311032,73.92444583997));
#4773=CARTESIAN_POINT('',(-9.6,87.01408311032,-1.1));
#4774=CARTESIAN_POINT('',(-6.4,87.01408311032,-1.1));
#4775=CARTESIAN_POINT('Origin',(-8.,87.01408311032,-1.1));
#4776=CARTESIAN_POINT('Origin',(-8.,87.01408311032,-1.1));
#4777=CARTESIAN_POINT('',(-6.4,87.01408311032,73.92444583997));
#4778=CARTESIAN_POINT('Origin',(-8.,87.01408311032,-1.8));
#4779=CARTESIAN_POINT('',(-11.,87.01408311032,-2.5));
#4780=CARTESIAN_POINT('',(-10.3,87.01408311032,-1.8));
#4781=CARTESIAN_POINT('Origin',(-8.,87.01408311032,-2.5));
#4782=CARTESIAN_POINT('Origin',(-8.,87.01408311032,-2.5));
#4783=CARTESIAN_POINT('',(-4.75,87.01408311032,-2.5));
#4784=CARTESIAN_POINT('Origin',(-8.,87.01408311032,-2.5));
#4785=CARTESIAN_POINT('Origin',(-8.,87.01408311032,73.92444583997));
#4786=CARTESIAN_POINT('',(-4.75,87.01408311032,73.92444583997));
#4787=CARTESIAN_POINT('Origin',(5.748403982832,87.01408311032,73.92444583997));
#4788=CARTESIAN_POINT('',(4.148403982832,87.01408311032,-1.1));
#4789=CARTESIAN_POINT('',(7.348403982832,87.01408311032,-1.1));
#4790=CARTESIAN_POINT('Origin',(5.748403982832,87.01408311032,-1.1));
#4791=CARTESIAN_POINT('Origin',(5.748403982832,87.01408311032,-1.1));
#4792=CARTESIAN_POINT('',(7.348403982832,87.01408311032,73.92444583997));
#4793=CARTESIAN_POINT('Origin',(5.748403982832,87.01408311032,-1.8));
#4794=CARTESIAN_POINT('',(2.748403982832,87.01408311032,-2.5));
#4795=CARTESIAN_POINT('',(3.448403982832,87.01408311032,-1.8));
#4796=CARTESIAN_POINT('Origin',(5.748403982832,87.01408311032,-2.5));
#4797=CARTESIAN_POINT('Origin',(5.748403982832,87.01408311032,-2.5));
#4798=CARTESIAN_POINT('',(8.998403982832,87.01408311032,-2.5));
#4799=CARTESIAN_POINT('Origin',(5.748403982832,87.01408311032,-2.5));
#4800=CARTESIAN_POINT('Origin',(5.748403982832,87.01408311032,73.92444583997));
#4801=CARTESIAN_POINT('',(8.998403982832,87.01408311032,73.92444583997));
#4802=CARTESIAN_POINT('Origin',(-8.,73.26794919243,73.92444583997));
#4803=CARTESIAN_POINT('',(-9.6,73.26794919243,-1.1));
#4804=CARTESIAN_POINT('',(-6.4,73.26794919243,-1.1));
#4805=CARTESIAN_POINT('Origin',(-8.,73.26794919243,-1.1));
#4806=CARTESIAN_POINT('Origin',(-8.,73.26794919243,-1.1));
#4807=CARTESIAN_POINT('',(-6.4,73.26794919243,73.92444583997));
#4808=CARTESIAN_POINT('Origin',(-8.,73.26794919243,-1.8));
#4809=CARTESIAN_POINT('',(-11.,73.26794919243,-2.5));
#4810=CARTESIAN_POINT('',(-10.3,73.26794919243,-1.8));
#4811=CARTESIAN_POINT('Origin',(-8.,73.26794919243,-2.5));
#4812=CARTESIAN_POINT('Origin',(-8.,73.26794919243,-2.5));
#4813=CARTESIAN_POINT('',(-4.75,73.26794919243,-2.5));
#4814=CARTESIAN_POINT('Origin',(-8.,73.26794919243,-2.5));
#4815=CARTESIAN_POINT('Origin',(-8.,73.26794919243,73.92444583997));
#4816=CARTESIAN_POINT('',(-4.75,73.26794919243,73.92444583997));
#4817=CARTESIAN_POINT('Origin',(-29.58622518457,79.26408311032,-1.5));
#4818=CARTESIAN_POINT('',(-27.2768238442093,75.2640826873427,-1.99999998642093));
#4819=CARTESIAN_POINT('',(-31.89562626214,83.26408311174,-1.999999999991));
#4820=CARTESIAN_POINT('',(-27.2768238281,75.26408267809,-1.999999973874));
#4821=CARTESIAN_POINT('',(-31.89562626133,83.26408311032,0.));
#4822=CARTESIAN_POINT('',(-27.27682410782,75.26408311032,0.));
#4823=CARTESIAN_POINT('Origin',(-30.01923788647,79.01408311032,-2.5));
#4824=CARTESIAN_POINT('',(-32.76165166662,82.76408311296,-2.999999999984));
#4825=CARTESIAN_POINT('',(-28.14284898946,74.76408230349,-2.999999951232));
#4826=CARTESIAN_POINT('Origin',(-25.11176059835,76.51408311032,-2.499999954793));
#4827=CARTESIAN_POINT('',(-25.1117607090887,74.0140831112227,-1.99999999910076));
#4828=CARTESIAN_POINT('Origin',(-25.11176059835,76.51408311032,-2.));
#4829=CARTESIAN_POINT('',(-25.11176080506,73.01408311277,-2.999999997556));
#4830=CARTESIAN_POINT('Origin',(-24.25282812127,73.51408311032,-2.5));
#4831=CARTESIAN_POINT('',(-23.3938955591244,74.0140831123122,-1.99999999838159));
#4832=CARTESIAN_POINT('',(-23.39389555777,74.01408311341,-1.999999996918));
#4833=CARTESIAN_POINT('',(-23.39389548288,73.01408311608,-2.999999994246));
#4834=CARTESIAN_POINT('Origin',(-23.39389564419,76.51408311032,-2.499999994666));
#4835=CARTESIAN_POINT('',(-21.42386876058,74.97492942148,-2.));
#4836=CARTESIAN_POINT('Origin',(-23.39389564419,76.51408311032,-2.));
#4837=CARTESIAN_POINT('',(-20.63585800733,74.3592679457,-3.));
#4838=CARTESIAN_POINT('Origin',(-17.90472087734,78.66709868435,-2.5));
#4839=CARTESIAN_POINT('',(-15.1735835964362,82.9749296305177,-1.99999999285078));
#4840=CARTESIAN_POINT('',(-15.17358359519,82.97492964009,-1.999999986246));
#4841=CARTESIAN_POINT('',(-14.38557270904,82.35926835377,-2.999999974325));
#4842=CARTESIAN_POINT('Origin',(-17.14361063213,84.51408311032,-2.4999999762));
#4843=CARTESIAN_POINT('',(-17.1436105987121,87.0140831100468,-1.99999999977539));
#4844=CARTESIAN_POINT('Origin',(-17.14361063213,84.51408311032,-2.));
#4845=CARTESIAN_POINT('',(-17.14361056876,88.01408310953,-2.999999999204));
#4846=CARTESIAN_POINT('Origin',(-23.437086692,87.51408311032,-2.5));
#4847=CARTESIAN_POINT('',(-29.7305628977428,87.0140831053737,-1.99999999600051));
#4848=CARTESIAN_POINT('',(-29.73056290245,87.01408310263,-1.999999992306));
#4849=CARTESIAN_POINT('',(-29.73056303295,88.01408309596,-2.999999985637));
#4850=CARTESIAN_POINT('Origin',(-29.73056275187,84.51408311032,-2.499999986686));
#4851=CARTESIAN_POINT('Origin',(-29.73056275187,84.51408311032,-2.));
#4852=CARTESIAN_POINT('Origin',(-29.73056275187,84.51408311032,-1.5));
#4853=CARTESIAN_POINT('',(-29.73056275187,87.01408311032,0.));
#4854=CARTESIAN_POINT('Origin',(-23.437086692,87.01408311032,-1.5));
#4855=CARTESIAN_POINT('',(-17.14361063213,87.01408311032,0.));
#4856=CARTESIAN_POINT('Origin',(-17.14361063213,84.51408311032,-1.5));
#4857=CARTESIAN_POINT('',(-15.17358374812,82.97492942201,0.));
#4858=CARTESIAN_POINT('Origin',(-18.29872625414,78.97492942201,-1.5));
#4859=CARTESIAN_POINT('',(-21.42386876017,74.97492942201,0.));
#4860=CARTESIAN_POINT('Origin',(-23.39389564419,76.51408311032,-1.5));
#4861=CARTESIAN_POINT('',(-23.39389564419,74.01408311032,0.));
#4862=CARTESIAN_POINT('Origin',(-24.25282812127,74.01408311032,-1.5));
#4863=CARTESIAN_POINT('',(-25.11176059835,74.01408311032,0.));
#4864=CARTESIAN_POINT('Origin',(-25.11176059835,76.51408311032,-1.5));
#4865=CARTESIAN_POINT('Origin',(-91.7626399422,91.76408311032,5.116116523517));
#4866=CARTESIAN_POINT('',(-98.5000767998702,92.0140831054947,12.2071067652809));
#4867=CARTESIAN_POINT('',(-98.85363019614,91.51408310665,11.85355338167));
#4868=CARTESIAN_POINT('',(-84.67164967136,92.01408311181,-1.621320354626));
#4869=CARTESIAN_POINT('Origin',(-101.1296493001,92.01408311032,16.25089283437));
#4870=CARTESIAN_POINT('',(-96.73230985631,92.01408311032,13.97487373415));
#4871=CARTESIAN_POINT('Origin',(-98.44181672573,92.01408311032,13.34775906502));
#4872=CARTESIAN_POINT('',(-99.2071835730457,92.0140831099987,12.4999999997401));
#4873=CARTESIAN_POINT('Origin',(-99.20718359046,92.01408311032,11.5));
#4874=CARTESIAN_POINT('',(-99.20718359046,92.01408311032,15.));
#4875=CARTESIAN_POINT('Origin',(-99.20718359046,91.76408310443,11.5));
#4876=CARTESIAN_POINT('',(-99.20718358147,91.51408311007,11.99999999975));
#4877=CARTESIAN_POINT('Origin',(-132.0000384046,91.76408311032,12.25));
#4878=CARTESIAN_POINT('',(-164.7928931906,92.0140831059312,12.4999999958203));
#4879=CARTESIAN_POINT('',(-164.7928932047,91.51408310698,11.99999999666));
#4880=CARTESIAN_POINT('',(-99.20718357248,92.01408310982,12.4999999995));
#4881=CARTESIAN_POINT('Origin',(-107.9375761966,92.01408311032,13.5));
#4882=CARTESIAN_POINT('',(-164.7928932188,92.01408311032,15.));
#4883=CARTESIAN_POINT('Origin',(-165.5582600835,92.01408311032,13.34775906502));
#4884=CARTESIAN_POINT('',(-165.499999995292,92.0140831102626,12.2071067858324));
#4885=CARTESIAN_POINT('Origin',(-164.7928932188,92.01408311032,11.5));
#4886=CARTESIAN_POINT('',(-167.267766953,92.01408311032,13.97487373415));
#4887=CARTESIAN_POINT('',(-167.267766953,92.01408311032,13.97487373415));
#4888=CARTESIAN_POINT('Origin',(-164.7928932188,92.01408311032,11.5));
#4889=CARTESIAN_POINT('Origin',(-164.7928932188,91.76408310493,11.5));
#4890=CARTESIAN_POINT('',(-165.146446607379,91.5140831103032,11.8535533925812));
#4891=CARTESIAN_POINT('Origin',(-164.7928932188,91.51408311032,11.5));
#4892=CARTESIAN_POINT('',(-165.1464466067,91.51408311028,11.85355339324));
#4893=CARTESIAN_POINT('Origin',(-164.7928932188,173.8523400821,11.5));
#4894=CARTESIAN_POINT('',(-165.146446614008,52.5140831126213,11.8535533825681));
#4895=CARTESIAN_POINT('Origin',(-164.7928932188,52.51408311032,11.5));
#4896=CARTESIAN_POINT('',(-165.1464466067,91.51408311028,11.85355339324));
#4897=CARTESIAN_POINT('Origin',(-164.7928932188,52.26408311621,11.5));
#4898=CARTESIAN_POINT('',(-165.500000009416,52.0140831151429,12.2071067652701));
#4899=CARTESIAN_POINT('Origin',(-164.7928932188,52.01408311032,11.5));
#4900=CARTESIAN_POINT('',(-165.1464466131,52.514083114,11.85355338167));
#4901=CARTESIAN_POINT('Origin',(-172.2374368671,52.26408311032,5.116116523517));
#4902=CARTESIAN_POINT('',(-178.974873748176,52.5140831094426,-1.97487374662396));
#4903=CARTESIAN_POINT('',(-178.9748737495,52.51408310859,-1.974873747063));
#4904=CARTESIAN_POINT('',(-179.328427136624,52.0140831093762,-1.62132035438424));
#4905=CARTESIAN_POINT('',(-179.3284271379,52.01408310884,-1.621320354626));
#4906=CARTESIAN_POINT('',(-178.9748737495,52.51408310859,-1.974873747063));
#4907=CARTESIAN_POINT('Origin',(-180.,52.01408311032,-3.));
#4908=CARTESIAN_POINT('',(-178.974873749121,91.5140831115165,-1.97487374744162));
#4909=CARTESIAN_POINT('',(-178.9748737495,91.51408311206,-1.974873747063));
#4910=CARTESIAN_POINT('',(-165.1464466067,91.51408311028,11.85355339324));
#4911=CARTESIAN_POINT('Origin',(-172.2374368671,91.76408311032,5.116116523517));
#4912=CARTESIAN_POINT('',(-179.328427137577,92.0140831113452,-1.62132035494888));
#4913=CARTESIAN_POINT('',(-178.9748737495,91.51408311206,-1.974873747063));
#4914=CARTESIAN_POINT('',(-165.4999999946,92.01408311023,12.20710678647));
#4915=CARTESIAN_POINT('Origin',(-162.8704275092,92.01408311032,16.25089283437));
#4916=CARTESIAN_POINT('',(-181.0961940777,92.01408311032,0.1464466094067));
#4917=CARTESIAN_POINT('',(-179.3284271379,92.01408311181,-1.621320354626));
#4918=CARTESIAN_POINT('',(-167.267766953,92.01408311032,13.97487373415));
#4919=CARTESIAN_POINT('Origin',(-182.1213203436,52.01408311032,-0.8786796564404));
#4920=CARTESIAN_POINT('',(-167.267766953,52.01408311032,13.97487373415));
#4921=CARTESIAN_POINT('',(-167.267766953,92.01408311032,13.97487373415));
#4922=CARTESIAN_POINT('',(-181.0961940777,52.01408311032,0.1464466094067));
#4923=CARTESIAN_POINT('',(-181.0961940777,92.01408311032,0.1464466094067));
#4924=CARTESIAN_POINT('',(-181.0961940777,52.01408311032,0.1464466094067));
#4925=CARTESIAN_POINT('Origin',(-164.7928932188,173.8523400821,11.5));
#4926=CARTESIAN_POINT('Origin',(-164.7928932188,52.01408311032,11.5));
#4927=CARTESIAN_POINT('Origin',(-165.5582600835,52.01408311032,13.34775906502));
#4928=CARTESIAN_POINT('',(-167.267766953,52.01408311032,13.97487373415));
#4929=CARTESIAN_POINT('Origin',(-162.8704275092,52.01408311032,16.25089283437));
#4930=CARTESIAN_POINT('',(-179.3284271379,52.01408310884,-1.621320354626));
#4931=CARTESIAN_POINT('Origin',(-180.6843806036,52.01408311032,-1.347759065023));
#4932=CARTESIAN_POINT('',(-181.449747453901,52.0140831091788,-2.49999999885552));
#4933=CARTESIAN_POINT('Origin',(-181.4497474683,52.01408311032,0.5000000000002));
#4934=CARTESIAN_POINT('',(-181.4497474683,52.01408311032,0.));
#4935=CARTESIAN_POINT('Origin',(-181.4497474683,52.01408311032,0.5));
#4936=CARTESIAN_POINT('',(-181.4497474539,52.01408310866,-2.499999998335));
#4937=CARTESIAN_POINT('Origin',(-181.4497474683,52.26408310759,0.5000000000002));
#4938=CARTESIAN_POINT('',(-181.4497474515,52.5140831089874,-2.99999999866428));
#4939=CARTESIAN_POINT('Origin',(-181.4497474683,52.51408311032,0.5));
#4940=CARTESIAN_POINT('',(-181.4497474515,52.51408310838,-2.999999998057));
#4941=CARTESIAN_POINT('Origin',(-181.4497474683,92.01408311032,0.5));
#4942=CARTESIAN_POINT('',(-181.44974745255,91.5140831113088,-2.99999999876142));
#4943=CARTESIAN_POINT('',(-181.4497474515,91.51408311227,-2.999999998057));
#4944=CARTESIAN_POINT('Origin',(-181.4497474683,91.51408311032,0.5));
#4945=CARTESIAN_POINT('Origin',(-181.4497474683,91.76408311306,0.5));
#4946=CARTESIAN_POINT('',(-181.449747454801,92.0140831113855,-2.4999999991568));
#4947=CARTESIAN_POINT('',(-181.4497474515,91.51408311227,-2.999999998057));
#4948=CARTESIAN_POINT('Origin',(-181.4497474683,92.01408311032,0.5));
#4949=CARTESIAN_POINT('Origin',(-180.6843806036,92.01408311032,-1.347759065023));
#4950=CARTESIAN_POINT('',(-181.4497474683,92.01408311032,0.));
#4951=CARTESIAN_POINT('',(-181.4497474539,92.01408311199,-2.499999998335));
#4952=CARTESIAN_POINT('Origin',(-181.4497474683,92.01408311032,0.5));
#4953=CARTESIAN_POINT('Origin',(-181.4497474683,92.01408311032,0.5));
#4954=CARTESIAN_POINT('',(-181.4497474683,92.01408311032,0.));
#4955=CARTESIAN_POINT('Origin',(0.,0.,0.));
#4956=CARTESIAN_POINT('',(-225.099203812,93.96213505838,0.));
#4957=CARTESIAN_POINT('',(-223.2544658717,49.54655064279,0.));
#4958=CARTESIAN_POINT('Origin',(-242.,71.01408311032,0.));
#4959=CARTESIAN_POINT('',(-216.6770854758,52.01408311032,0.));
#4960=CARTESIAN_POINT('Origin',(-216.6770854758,42.01408311032,0.));
#4961=CARTESIAN_POINT('',(-216.6770854758,52.01408311032,0.));
#4962=CARTESIAN_POINT('',(-219.1690998863,92.01408311032,0.));
#4963=CARTESIAN_POINT('',(-181.4497474683,92.01408311032,0.));
#4964=CARTESIAN_POINT('Origin',(-219.1690998863,102.0140831103,0.));
#4965=CARTESIAN_POINT('',(-242.,91.01408311032,0.));
#4966=CARTESIAN_POINT('Origin',(-242.,71.01408311032,0.));
#4967=CARTESIAN_POINT('',(-215.4,71.01408311032,0.));
#4968=CARTESIAN_POINT('Origin',(-217.,71.01408311032,0.));
#4969=CARTESIAN_POINT('',(-265.4,71.01408311032,0.));
#4970=CARTESIAN_POINT('Origin',(-267.,71.01408311032,0.));
#4971=CARTESIAN_POINT('',(-252.9,92.66471820493,0.));
#4972=CARTESIAN_POINT('Origin',(-254.5,92.66471820493,0.));
#4973=CARTESIAN_POINT('',(-227.9,92.66471820493,0.));
#4974=CARTESIAN_POINT('Origin',(-229.5,92.66471820493,0.));
#4975=CARTESIAN_POINT('',(-227.9,49.36344801571,0.));
#4976=CARTESIAN_POINT('Origin',(-229.5,49.36344801571,0.));
#4977=CARTESIAN_POINT('',(-252.9,49.36344801571,0.));
#4978=CARTESIAN_POINT('Origin',(-254.5,49.36344801571,0.));
#4979=CARTESIAN_POINT('',(-191.4,84.01408311032,0.));
#4980=CARTESIAN_POINT('Origin',(-193.,84.01408311032,0.));
#4981=CARTESIAN_POINT('',(-191.4,60.01408311032,0.));
#4982=CARTESIAN_POINT('Origin',(-193.,60.01408311032,0.));
#4983=CARTESIAN_POINT('Origin',(-242.,71.01408311032,-1.5));
#4984=CARTESIAN_POINT('',(-223.254465824626,49.5465506766256,-2.49999999894141));
#4985=CARTESIAN_POINT('',(-225.098954235121,93.9620828866829,-2.49999376047165));
#4986=CARTESIAN_POINT('Origin',(-242.,71.01408311032,-2.500000000012));
#4987=CARTESIAN_POINT('',(-223.2544658717,49.54655064279,0.));
#4988=CARTESIAN_POINT('',(-225.099203812,93.96213505838,0.));
#4989=CARTESIAN_POINT('Origin',(-242.,71.01408311032,-2.749832470291));
#4990=CARTESIAN_POINT('',(-225.39570866458,93.5595374026798,-2.99999999999942));
#4991=CARTESIAN_POINT('',(-225.3956260656,93.5596494452,-2.999860801886));
#4992=CARTESIAN_POINT('',(-226.870300776,94.57447787337,-3.));
#4993=CARTESIAN_POINT('Origin',(-242.,71.01408311032,-3.));
#4994=CARTESIAN_POINT('',(-229.160949224,95.89698437146,-3.000000000009));
#4995=CARTESIAN_POINT('Ctrl Pts',(-226.87030077599,94.5744778733803,-3.00000000000638));
#4996=CARTESIAN_POINT('Ctrl Pts',(-226.99257435159,94.7428460362361,-2.92439792998721));
#4997=CARTESIAN_POINT('Ctrl Pts',(-227.133544895098,94.902568199676,-2.86412615070906));
#4998=CARTESIAN_POINT('Ctrl Pts',(-227.467549395705,95.212308828244,-2.77430332968426));
#4999=CARTESIAN_POINT('Ctrl Pts',(-227.665123560827,95.3581285485761,-2.75000000001185));
#5000=CARTESIAN_POINT('Ctrl Pts',(-228.084876439173,95.6004729858827,-2.75000000001185));
#5001=CARTESIAN_POINT('Ctrl Pts',(-228.309947103915,95.6986673718439,-2.77430332968426));
#5002=CARTESIAN_POINT('Ctrl Pts',(-228.745192607141,95.8330534400629,-2.86412615070888));
#5003=CARTESIAN_POINT('Ctrl Pts',(-228.95400132998,95.8752764302064,-2.92439792998666));
#5004=CARTESIAN_POINT('Ctrl Pts',(-229.160949224001,95.89698437146,-3.00000000000534));
#5005=CARTESIAN_POINT('',(-254.839050776,95.89698437146,-3.000000000009));
#5006=CARTESIAN_POINT('Origin',(-242.,71.01408311032,-3.000000000009));
#5007=CARTESIAN_POINT('',(-257.129699224,94.57447787337,-3.000000000008));
#5008=CARTESIAN_POINT('Ctrl Pts',(-254.839050775999,95.8969843714601,-3.00000000000537));
#5009=CARTESIAN_POINT('Ctrl Pts',(-255.04599867002,95.8752764302064,-2.92439792998665));
#5010=CARTESIAN_POINT('Ctrl Pts',(-255.254807392859,95.8330534400629,-2.86412615070885));
#5011=CARTESIAN_POINT('Ctrl Pts',(-255.690052896085,95.6986673718439,-2.77430332968425));
#5012=CARTESIAN_POINT('Ctrl Pts',(-255.915123560827,95.6004729858827,-2.75000000001185));
#5013=CARTESIAN_POINT('Ctrl Pts',(-256.334876439173,95.3581285485761,-2.75000000001185));
#5014=CARTESIAN_POINT('Ctrl Pts',(-256.532450604296,95.2123088282439,-2.77430332968427));
#5015=CARTESIAN_POINT('Ctrl Pts',(-256.866455104902,94.9025681996753,-2.86412615070925));
#5016=CARTESIAN_POINT('Ctrl Pts',(-257.007425648411,94.7428460362349,-2.92439792998768));
#5017=CARTESIAN_POINT('Ctrl Pts',(-257.129699224012,94.5744778733783,-3.00000000000729));
#5018=CARTESIAN_POINT('',(-269.968750000003,72.3365896084053,-3.00000000000515));
#5019=CARTESIAN_POINT('Origin',(-242.,71.01408311032,-3.000000000008));
#5020=CARTESIAN_POINT('',(-269.968750000002,69.6915766122334,-3.000000000006));
#5021=CARTESIAN_POINT('Ctrl Pts',(-269.968750000004,72.3365896084049,-3.00000000000752));
#5022=CARTESIAN_POINT('Ctrl Pts',(-270.053424318426,72.1465135042942,-2.92439792998743));
#5023=CARTESIAN_POINT('Ctrl Pts',(-270.121262497759,71.944568350709,-2.86412615070862));
#5024=CARTESIAN_POINT('Ctrl Pts',(-270.222503500381,71.5004416539199,-2.77430332968344));
#5025=CARTESIAN_POINT('Ctrl Pts',(-270.25,71.2564275476265,-2.75000000001102));
#5026=CARTESIAN_POINT('Ctrl Pts',(-270.25,70.7717386730135,-2.75000000001102));
#5027=CARTESIAN_POINT('Ctrl Pts',(-270.222503500381,70.5277245667201,-2.77430332968343));
#5028=CARTESIAN_POINT('Ctrl Pts',(-270.121262497759,70.0835978699305,-2.8641261507087));
#5029=CARTESIAN_POINT('Ctrl Pts',(-270.053424318426,69.8816527163449,-2.92439792998772));
#5030=CARTESIAN_POINT('Ctrl Pts',(-269.968750000003,69.6915766122337,-3.00000000000806));
#5031=CARTESIAN_POINT('',(-257.129699224,47.45368834727,-3.00000000001));
#5032=CARTESIAN_POINT('Origin',(-242.,71.01408311032,-3.00000000001));
#5033=CARTESIAN_POINT('',(-254.839050776,46.13118184917,-3.000000000009));
#5034=CARTESIAN_POINT('Ctrl Pts',(-257.129699224012,47.4536883472623,-3.00000000000753));
#5035=CARTESIAN_POINT('Ctrl Pts',(-257.007425648411,47.2853201844055,-2.92439792998782));
#5036=CARTESIAN_POINT('Ctrl Pts',(-256.866455104903,47.1255980209648,-2.86412615070928));
#5037=CARTESIAN_POINT('Ctrl Pts',(-256.532450604296,46.8158573923961,-2.77430332968427));
#5038=CARTESIAN_POINT('Ctrl Pts',(-256.334876439173,46.6700376720639,-2.75000000001184));
#5039=CARTESIAN_POINT('Ctrl Pts',(-255.915123560827,46.4276932347573,-2.75000000001184));
#5040=CARTESIAN_POINT('Ctrl Pts',(-255.690052896085,46.3294988487961,-2.77430332968426));
#5041=CARTESIAN_POINT('Ctrl Pts',(-255.254807392859,46.195112780577,-2.86412615070894));
#5042=CARTESIAN_POINT('Ctrl Pts',(-255.045998670019,46.1528897904334,-2.92439792998686));
#5043=CARTESIAN_POINT('Ctrl Pts',(-254.839050775998,46.1311818491799,-3.00000000000571));
#5044=CARTESIAN_POINT('',(-229.160949224,46.13118184918,-3.000000000009));
#5045=CARTESIAN_POINT('Origin',(-242.,71.01408311032,-3.000000000009));
#5046=CARTESIAN_POINT('',(-226.870300776,47.45368834726,-3.000000000003));
#5047=CARTESIAN_POINT('Ctrl Pts',(-229.160949224001,46.13118184918,-3.00000000000535));
#5048=CARTESIAN_POINT('Ctrl Pts',(-228.95400132998,46.1528897904336,-2.92439792998665));
#5049=CARTESIAN_POINT('Ctrl Pts',(-228.745192607141,46.1951127805771,-2.86412615070887));
#5050=CARTESIAN_POINT('Ctrl Pts',(-228.309947103915,46.3294988487961,-2.77430332968426));
#5051=CARTESIAN_POINT('Ctrl Pts',(-228.084876439173,46.4276932347573,-2.75000000001184));
#5052=CARTESIAN_POINT('Ctrl Pts',(-227.665123560827,46.6700376720639,-2.75000000001184));
#5053=CARTESIAN_POINT('Ctrl Pts',(-227.467549395705,46.8158573923961,-2.77430332968427));
#5054=CARTESIAN_POINT('Ctrl Pts',(-227.1335448951,47.1255980209626,-2.86412615070865));
#5055=CARTESIAN_POINT('Ctrl Pts',(-226.992574351593,47.2853201844007,-2.92439792998601));
#5056=CARTESIAN_POINT('Ctrl Pts',(-226.870300775993,47.4536883472547,-3.00000000000413));
#5057=CARTESIAN_POINT('',(-223.583334585042,49.9231742870048,-2.99999999999516));
#5058=CARTESIAN_POINT('Origin',(-242.,71.01408311032,-3.000000000003));
#5059=CARTESIAN_POINT('',(-223.5832141132,49.92303632364,-2.9998168406));
#5060=CARTESIAN_POINT('Origin',(-216.6770854758,42.01408311032,-2.749999964261));
#5061=CARTESIAN_POINT('',(-216.677085011297,52.5140830984408,-2.99999998811612));
#5062=CARTESIAN_POINT('Origin',(-216.6770854758,42.01408311032,-3.));
#5063=CARTESIAN_POINT('',(-216.677085148713,52.0140830994057,-2.49999999117537));
#5064=CARTESIAN_POINT('',(-216.6770850031,52.51408308656,-2.999999976233));
#5065=CARTESIAN_POINT('Origin',(-216.6770854758,42.01408311032,-2.5));
#5066=CARTESIAN_POINT('Origin',(0.,0.,-3.));
#5067=CARTESIAN_POINT('',(-251.25,49.36344801571,-3.00000000000752));
#5068=CARTESIAN_POINT('Origin',(-254.5,49.36344801571,-3.));
#5069=CARTESIAN_POINT('Origin',(-254.5,49.36344801571,-3.));
#5070=CARTESIAN_POINT('',(-263.75,71.01408311032,-3.00000000000805));
#5071=CARTESIAN_POINT('Origin',(-267.,71.01408311032,-3.));
#5072=CARTESIAN_POINT('Origin',(-267.,71.01408311032,-3.));
#5073=CARTESIAN_POINT('',(-251.25,92.66471820493,-3.00000000000729));
#5074=CARTESIAN_POINT('Origin',(-254.5,92.66471820493,-3.));
#5075=CARTESIAN_POINT('Origin',(-254.5,92.66471820493,-3.));
#5076=CARTESIAN_POINT('',(-226.25,92.66471820493,-3.00000000000638));
#5077=CARTESIAN_POINT('Origin',(-229.5,92.66471820493,-3.));
#5078=CARTESIAN_POINT('Origin',(-229.5,92.66471820493,-3.));
#5079=CARTESIAN_POINT('',(-219.1690998842,91.514083111049,-2.99999999926702));
#5080=CARTESIAN_POINT('Origin',(-219.1690998863,102.0140831103,-3.));
#5081=CARTESIAN_POINT('',(-181.4497474515,91.51408311227,-2.999999998057));
#5082=CARTESIAN_POINT('',(-216.6770850031,52.51408308656,-2.999999976233));
#5083=CARTESIAN_POINT('',(-226.25,49.36344801571,-3.00000000000535));
#5084=CARTESIAN_POINT('Origin',(-229.5,49.36344801571,-3.));
#5085=CARTESIAN_POINT('Origin',(-229.5,49.36344801571,-3.));
#5086=CARTESIAN_POINT('',(-242.,91.01408311032,-3.));
#5087=CARTESIAN_POINT('Origin',(-242.,71.01408311032,-3.));
#5088=CARTESIAN_POINT('',(-213.75,71.01408311032,-3.));
#5089=CARTESIAN_POINT('Origin',(-217.,71.01408311032,-3.));
#5090=CARTESIAN_POINT('',(-189.75,84.01408311032,-3.));
#5091=CARTESIAN_POINT('Origin',(-193.,84.01408311032,-3.));
#5092=CARTESIAN_POINT('',(-189.75,60.01408311032,-3.));
#5093=CARTESIAN_POINT('Origin',(-193.,60.01408311032,-3.));
#5094=CARTESIAN_POINT('Origin',(-229.5,49.36344801571,83.61594583997));
#5095=CARTESIAN_POINT('',(-226.25,49.36344801571,-2.5));
#5096=CARTESIAN_POINT('',(-226.25,49.36344801571,83.61594583997));
#5097=CARTESIAN_POINT('Origin',(-229.5,49.36344801571,-2.5));
#5098=CARTESIAN_POINT('Origin',(-229.5,49.36344801571,-2.5));
#5099=CARTESIAN_POINT('',(-232.5,49.36344801571,-2.5));
#5100=CARTESIAN_POINT('Origin',(-229.5,49.36344801571,-2.5));
#5101=CARTESIAN_POINT('Origin',(-229.5,49.36344801571,-1.8));
#5102=CARTESIAN_POINT('',(-227.9,49.36344801571,-1.1));
#5103=CARTESIAN_POINT('',(-231.1,49.36344801571,-1.1));
#5104=CARTESIAN_POINT('Origin',(-229.5,49.36344801571,-1.1));
#5105=CARTESIAN_POINT('',(-231.8,49.36344801571,-1.8));
#5106=CARTESIAN_POINT('Origin',(-229.5,49.36344801571,-1.1));
#5107=CARTESIAN_POINT('Origin',(-229.5,49.36344801571,83.61594583997));
#5108=CARTESIAN_POINT('',(-227.9,49.36344801571,83.61594583997));
#5109=CARTESIAN_POINT('Origin',(-199.0634164721,52.26408311032,-2.75));
#5110=CARTESIAN_POINT('',(-216.6770851382,52.01408309335,-2.499999983024));
#5111=CARTESIAN_POINT('Origin',(-200.3786771069,52.01408311032,-1.5));
#5112=CARTESIAN_POINT('',(-216.6770854758,52.01408311032,0.));
#5113=CARTESIAN_POINT('Origin',(-216.6770854758,42.01408311032,41.07956453384));
#5114=CARTESIAN_POINT('Origin',(-200.3094236773,91.76408311032,-2.75));
#5115=CARTESIAN_POINT('',(-219.169099884797,92.0140831109593,-2.4999999993571));
#5116=CARTESIAN_POINT('',(-219.1690998842,91.51408311152,-2.999999998801));
#5117=CARTESIAN_POINT('',(-181.4497474539,92.01408311199,-2.499999998335));
#5118=CARTESIAN_POINT('Origin',(-201.366075566,92.01408311032,-1.5));
#5119=CARTESIAN_POINT('',(-219.1690998863,92.01408311032,0.));
#5120=CARTESIAN_POINT('Origin',(-219.1690998863,102.0140831103,41.07956453384));
#5121=CARTESIAN_POINT('Origin',(-219.1690998863,102.0140831103,-2.5));
#5122=CARTESIAN_POINT('Origin',(-219.1690998863,102.0140831103,-2.749999998556));
#5123=CARTESIAN_POINT('Origin',(-229.5,92.66471820493,83.61594583997));
#5124=CARTESIAN_POINT('',(-226.25,92.66471820493,-2.5));
#5125=CARTESIAN_POINT('',(-226.25,92.66471820493,83.61594583997));
#5126=CARTESIAN_POINT('Origin',(-229.5,92.66471820493,-2.5));
#5127=CARTESIAN_POINT('Origin',(-229.5,92.66471820493,-2.5));
#5128=CARTESIAN_POINT('',(-232.5,92.66471820493,-2.5));
#5129=CARTESIAN_POINT('Origin',(-229.5,92.66471820493,-2.5));
#5130=CARTESIAN_POINT('Origin',(-229.5,92.66471820493,-1.8));
#5131=CARTESIAN_POINT('',(-227.9,92.66471820493,-1.1));
#5132=CARTESIAN_POINT('',(-231.1,92.66471820493,-1.1));
#5133=CARTESIAN_POINT('Origin',(-229.5,92.66471820493,-1.1));
#5134=CARTESIAN_POINT('',(-231.8,92.66471820493,-1.8));
#5135=CARTESIAN_POINT('Origin',(-229.5,92.66471820493,-1.1));
#5136=CARTESIAN_POINT('Origin',(-229.5,92.66471820493,83.61594583997));
#5137=CARTESIAN_POINT('',(-227.9,92.66471820493,83.61594583997));
#5138=CARTESIAN_POINT('Origin',(-254.5,92.66471820493,83.61594583997));
#5139=CARTESIAN_POINT('',(-251.25,92.66471820493,-2.5));
#5140=CARTESIAN_POINT('',(-251.25,92.66471820493,83.61594583997));
#5141=CARTESIAN_POINT('Origin',(-254.5,92.66471820493,-2.5));
#5142=CARTESIAN_POINT('Origin',(-254.5,92.66471820493,-2.5));
#5143=CARTESIAN_POINT('',(-257.5,92.66471820493,-2.5));
#5144=CARTESIAN_POINT('Origin',(-254.5,92.66471820493,-2.5));
#5145=CARTESIAN_POINT('Origin',(-254.5,92.66471820493,-1.8));
#5146=CARTESIAN_POINT('',(-252.9,92.66471820493,-1.1));
#5147=CARTESIAN_POINT('',(-256.1,92.66471820493,-1.1));
#5148=CARTESIAN_POINT('Origin',(-254.5,92.66471820493,-1.1));
#5149=CARTESIAN_POINT('',(-256.8,92.66471820493,-1.8));
#5150=CARTESIAN_POINT('Origin',(-254.5,92.66471820493,-1.1));
#5151=CARTESIAN_POINT('Origin',(-254.5,92.66471820493,83.61594583997));
#5152=CARTESIAN_POINT('',(-252.9,92.66471820493,83.61594583997));
#5153=CARTESIAN_POINT('Origin',(-267.,71.01408311032,83.61594583997));
#5154=CARTESIAN_POINT('',(-263.75,71.01408311032,-2.5));
#5155=CARTESIAN_POINT('',(-263.75,71.01408311032,83.61594583997));
#5156=CARTESIAN_POINT('Origin',(-267.,71.01408311032,-2.5));
#5157=CARTESIAN_POINT('Origin',(-267.,71.01408311032,-2.5));
#5158=CARTESIAN_POINT('',(-270.,71.01408311032,-2.5));
#5159=CARTESIAN_POINT('Origin',(-267.,71.01408311032,-2.5));
#5160=CARTESIAN_POINT('Origin',(-267.,71.01408311032,-1.8));
#5161=CARTESIAN_POINT('',(-265.4,71.01408311032,-1.1));
#5162=CARTESIAN_POINT('',(-268.6,71.01408311032,-1.1));
#5163=CARTESIAN_POINT('Origin',(-267.,71.01408311032,-1.1));
#5164=CARTESIAN_POINT('',(-269.3,71.01408311032,-1.8));
#5165=CARTESIAN_POINT('Origin',(-267.,71.01408311032,-1.1));
#5166=CARTESIAN_POINT('Origin',(-267.,71.01408311032,83.61594583997));
#5167=CARTESIAN_POINT('',(-265.4,71.01408311032,83.61594583997));
#5168=CARTESIAN_POINT('Origin',(-254.5,49.36344801571,83.61594583997));
#5169=CARTESIAN_POINT('',(-251.25,49.36344801571,-2.5));
#5170=CARTESIAN_POINT('',(-251.25,49.36344801571,83.61594583997));
#5171=CARTESIAN_POINT('Origin',(-254.5,49.36344801571,-2.5));
#5172=CARTESIAN_POINT('Origin',(-254.5,49.36344801571,-2.5));
#5173=CARTESIAN_POINT('',(-257.5,49.36344801571,-2.5));
#5174=CARTESIAN_POINT('Origin',(-254.5,49.36344801571,-2.5));
#5175=CARTESIAN_POINT('Origin',(-254.5,49.36344801571,-1.8));
#5176=CARTESIAN_POINT('',(-252.9,49.36344801571,-1.1));
#5177=CARTESIAN_POINT('',(-256.1,49.36344801571,-1.1));
#5178=CARTESIAN_POINT('Origin',(-254.5,49.36344801571,-1.1));
#5179=CARTESIAN_POINT('',(-256.8,49.36344801571,-1.8));
#5180=CARTESIAN_POINT('Origin',(-254.5,49.36344801571,-1.1));
#5181=CARTESIAN_POINT('Origin',(-254.5,49.36344801571,83.61594583997));
#5182=CARTESIAN_POINT('',(-252.9,49.36344801571,83.61594583997));
#5183=CARTESIAN_POINT('Origin',(-242.,71.01408311032,-1.5));
#5184=CARTESIAN_POINT('',(-242.,91.01408311032,-1.5));
#5185=CARTESIAN_POINT('Origin',(-217.,71.01408311032,83.61594583997));
#5186=CARTESIAN_POINT('',(-213.75,71.01408311032,-2.5));
#5187=CARTESIAN_POINT('',(-213.75,71.01408311032,83.61594583997));
#5188=CARTESIAN_POINT('Origin',(-217.,71.01408311032,-2.5));
#5189=CARTESIAN_POINT('Origin',(-217.,71.01408311032,-2.5));
#5190=CARTESIAN_POINT('',(-220.,71.01408311032,-2.5));
#5191=CARTESIAN_POINT('Origin',(-217.,71.01408311032,-2.5));
#5192=CARTESIAN_POINT('Origin',(-217.,71.01408311032,-1.8));
#5193=CARTESIAN_POINT('',(-215.4,71.01408311032,-1.1));
#5194=CARTESIAN_POINT('',(-218.6,71.01408311032,-1.1));
#5195=CARTESIAN_POINT('Origin',(-217.,71.01408311032,-1.1));
#5196=CARTESIAN_POINT('',(-219.3,71.01408311032,-1.8));
#5197=CARTESIAN_POINT('Origin',(-217.,71.01408311032,-1.1));
#5198=CARTESIAN_POINT('Origin',(-217.,71.01408311032,83.61594583997));
#5199=CARTESIAN_POINT('',(-215.4,71.01408311032,83.61594583997));
#5200=CARTESIAN_POINT('Origin',(-193.,84.01408311032,74.33394583997));
#5201=CARTESIAN_POINT('',(-189.75,84.01408311032,-2.5));
#5202=CARTESIAN_POINT('',(-189.75,84.01408311032,74.33394583997));
#5203=CARTESIAN_POINT('Origin',(-193.,84.01408311032,-2.5));
#5204=CARTESIAN_POINT('Origin',(-193.,84.01408311032,-2.5));
#5205=CARTESIAN_POINT('',(-196.,84.01408311032,-2.5));
#5206=CARTESIAN_POINT('Origin',(-193.,84.01408311032,-2.5));
#5207=CARTESIAN_POINT('Origin',(-193.,84.01408311032,-1.8));
#5208=CARTESIAN_POINT('',(-191.4,84.01408311032,-1.1));
#5209=CARTESIAN_POINT('',(-194.6,84.01408311032,-1.1));
#5210=CARTESIAN_POINT('Origin',(-193.,84.01408311032,-1.1));
#5211=CARTESIAN_POINT('',(-195.3,84.01408311032,-1.8));
#5212=CARTESIAN_POINT('Origin',(-193.,84.01408311032,-1.1));
#5213=CARTESIAN_POINT('Origin',(-193.,84.01408311032,74.33394583997));
#5214=CARTESIAN_POINT('',(-191.4,84.01408311032,74.33394583997));
#5215=CARTESIAN_POINT('Origin',(-193.,60.01408311032,74.33394583997));
#5216=CARTESIAN_POINT('',(-189.75,60.01408311032,-2.5));
#5217=CARTESIAN_POINT('',(-189.75,60.01408311032,74.33394583997));
#5218=CARTESIAN_POINT('Origin',(-193.,60.01408311032,-2.5));
#5219=CARTESIAN_POINT('Origin',(-193.,60.01408311032,-2.5));
#5220=CARTESIAN_POINT('',(-196.,60.01408311032,-2.5));
#5221=CARTESIAN_POINT('Origin',(-193.,60.01408311032,-2.5));
#5222=CARTESIAN_POINT('Origin',(-193.,60.01408311032,-1.8));
#5223=CARTESIAN_POINT('',(-191.4,60.01408311032,-1.1));
#5224=CARTESIAN_POINT('',(-194.6,60.01408311032,-1.1));
#5225=CARTESIAN_POINT('Origin',(-193.,60.01408311032,-1.1));
#5226=CARTESIAN_POINT('',(-195.3,60.01408311032,-1.8));
#5227=CARTESIAN_POINT('Origin',(-193.,60.01408311032,-1.1));
#5228=CARTESIAN_POINT('Origin',(-193.,60.01408311032,74.33394583997));
#5229=CARTESIAN_POINT('',(-191.4,60.01408311032,74.33394583997));
#5230=CARTESIAN_POINT('Origin',(-107.0000384046,82.01408311032,-61.92444583997));
#5231=CARTESIAN_POINT('',(-105.4000384046,82.01408311032,13.1));
#5232=CARTESIAN_POINT('',(-108.6000384046,82.01408311032,13.1));
#5233=CARTESIAN_POINT('Origin',(-107.0000384046,82.01408311032,13.1));
#5234=CARTESIAN_POINT('Origin',(-107.0000384046,82.01408311032,13.1));
#5235=CARTESIAN_POINT('',(-108.6000384046,82.01408311032,-61.92444583997));
#5236=CARTESIAN_POINT('Origin',(-107.0000384046,82.01408311032,13.8));
#5237=CARTESIAN_POINT('',(-104.0000384046,82.01408311032,14.5));
#5238=CARTESIAN_POINT('',(-104.7000384046,82.01408311032,13.8));
#5239=CARTESIAN_POINT('Origin',(-107.0000384046,82.01408311032,14.5));
#5240=CARTESIAN_POINT('Origin',(-107.0000384046,82.01408311032,14.5));
#5241=CARTESIAN_POINT('',(-110.2500384046,82.01408311032,14.5));
#5242=CARTESIAN_POINT('Origin',(-107.0000384046,82.01408311032,14.5));
#5243=CARTESIAN_POINT('Origin',(-107.0000384046,82.01408311032,-61.92444583997));
#5244=CARTESIAN_POINT('',(-110.2500384046,82.01408311032,-61.92444583997));
#5245=CARTESIAN_POINT('Origin',(-132.0000384046,62.01408311032,-61.92444583997));
#5246=CARTESIAN_POINT('',(-130.4000384046,62.01408311032,13.1));
#5247=CARTESIAN_POINT('',(-133.6000384046,62.01408311032,13.1));
#5248=CARTESIAN_POINT('Origin',(-132.0000384046,62.01408311032,13.1));
#5249=CARTESIAN_POINT('Origin',(-132.0000384046,62.01408311032,13.1));
#5250=CARTESIAN_POINT('',(-133.6000384046,62.01408311032,-61.92444583997));
#5251=CARTESIAN_POINT('Origin',(-132.0000384046,62.01408311032,13.8));
#5252=CARTESIAN_POINT('',(-129.0000384046,62.01408311032,14.5));
#5253=CARTESIAN_POINT('',(-129.7000384046,62.01408311032,13.8));
#5254=CARTESIAN_POINT('Origin',(-132.0000384046,62.01408311032,14.5));
#5255=CARTESIAN_POINT('Origin',(-132.0000384046,62.01408311032,14.5));
#5256=CARTESIAN_POINT('',(-135.2500384046,62.01408311032,14.5));
#5257=CARTESIAN_POINT('Origin',(-132.0000384046,62.01408311032,14.5));
#5258=CARTESIAN_POINT('Origin',(-132.0000384046,62.01408311032,-61.92444583997));
#5259=CARTESIAN_POINT('',(-135.2500384046,62.01408311032,-61.92444583997));
#5260=CARTESIAN_POINT('Origin',(-157.0000384046,82.01408311032,-61.92444583997));
#5261=CARTESIAN_POINT('',(-155.4000384046,82.01408311032,13.1));
#5262=CARTESIAN_POINT('',(-158.6000384046,82.01408311032,13.1));
#5263=CARTESIAN_POINT('Origin',(-157.0000384046,82.01408311032,13.1));
#5264=CARTESIAN_POINT('Origin',(-157.0000384046,82.01408311032,13.1));
#5265=CARTESIAN_POINT('',(-158.6000384046,82.01408311032,-61.92444583997));
#5266=CARTESIAN_POINT('Origin',(-157.0000384046,82.01408311032,13.8));
#5267=CARTESIAN_POINT('',(-154.0000384046,82.01408311032,14.5));
#5268=CARTESIAN_POINT('',(-154.7000384046,82.01408311032,13.8));
#5269=CARTESIAN_POINT('Origin',(-157.0000384046,82.01408311032,14.5));
#5270=CARTESIAN_POINT('Origin',(-157.0000384046,82.01408311032,14.5));
#5271=CARTESIAN_POINT('',(-160.2500384046,82.01408311032,14.5));
#5272=CARTESIAN_POINT('Origin',(-157.0000384046,82.01408311032,14.5));
#5273=CARTESIAN_POINT('Origin',(-157.0000384046,82.01408311032,-61.92444583997));
#5274=CARTESIAN_POINT('',(-160.2500384046,82.01408311032,-61.92444583997));
#5275=UNCERTAINTY_MEASURE_WITH_UNIT(LENGTH_MEASURE(0.01),#5279,
'DISTANCE_ACCURACY_VALUE',
'Maximum model space distance between geometric entities at asserted c
onnectivities');
#5276=UNCERTAINTY_MEASURE_WITH_UNIT(LENGTH_MEASURE(0.01),#5279,
'DISTANCE_ACCURACY_VALUE',
'Maximum model space distance between geometric entities at asserted c
onnectivities');
#5277=(
GEOMETRIC_REPRESENTATION_CONTEXT(3)
GLOBAL_UNCERTAINTY_ASSIGNED_CONTEXT((#5275))
GLOBAL_UNIT_ASSIGNED_CONTEXT((#5279,#5281,#5282))
REPRESENTATION_CONTEXT('','3D')
);
#5278=(
GEOMETRIC_REPRESENTATION_CONTEXT(3)
GLOBAL_UNCERTAINTY_ASSIGNED_CONTEXT((#5276))
GLOBAL_UNIT_ASSIGNED_CONTEXT((#5279,#5281,#5282))
REPRESENTATION_CONTEXT('','3D')
);
#5279=(
LENGTH_UNIT()
NAMED_UNIT(*)
SI_UNIT(.MILLI.,.METRE.)
);
#5280=(
LENGTH_UNIT()
NAMED_UNIT(*)
SI_UNIT($,.METRE.)
);
#5281=(
NAMED_UNIT(*)
PLANE_ANGLE_UNIT()
SI_UNIT($,.RADIAN.)
);
#5282=(
NAMED_UNIT(*)
SI_UNIT($,.STERADIAN.)
SOLID_ANGLE_UNIT()
);
#5283=SHAPE_DEFINITION_REPRESENTATION(#5284,#5285);
#5284=PRODUCT_DEFINITION_SHAPE('',$,#5287);
#5285=SHAPE_REPRESENTATION('',(#3015),#5277);
#5286=PRODUCT_DEFINITION_CONTEXT('part definition',#5291,'design');
#5287=PRODUCT_DEFINITION('2026-07-09-11-09-12-497','2-LINK-3_4-R',#5288,
#5286);
#5288=PRODUCT_DEFINITION_FORMATION('',$,#5293);
#5289=PRODUCT_RELATED_PRODUCT_CATEGORY('2-LINK-3_4-R','2-LINK-3_4-R',(#5293));
#5290=APPLICATION_PROTOCOL_DEFINITION('international standard',
'automotive_design',2009,#5291);
#5291=APPLICATION_CONTEXT(
'Core Data for Automotive Mechanical Design Process');
#5292=PRODUCT_CONTEXT('part definition',#5291,'mechanical');
#5293=PRODUCT('2026-07-09-11-09-12-497','2-LINK-3_4-R','NOT SPECIFIED',
(#5292));
#5294=PRESENTATION_STYLE_ASSIGNMENT((#5295));
#5295=SURFACE_STYLE_USAGE(.BOTH.,#5296);
#5296=SURFACE_SIDE_STYLE('',(#5297));
#5297=SURFACE_STYLE_FILL_AREA(#5298);
#5298=FILL_AREA_STYLE('\X2\94A2\X0\ - \X2\7F0E5149\X0\',(#5299));
#5299=FILL_AREA_STYLE_COLOUR('\X2\94A2\X0\ - \X2\7F0E5149\X0\',#5300);
#5300=COLOUR_RGB('\X2\94A2\X0\ - \X2\7F0E5149\X0\',0.627450980392157,0.627450980392157,
0.627450980392157);
ENDSEC;
END-ISO-10303-21;
