ISO-10303-21;
HEADER;
/* Generated by software containing ST-Developer
 * from STEP Tools, Inc. (www.steptools.com) 
 */

FILE_DESCRIPTION(
/* description */ ('NOT SPECIFIED'),
/* implementation_level */ '2;1');

FILE_NAME(
/* name */ '2-LINK-4_5-L.step',
/* time_stamp */ '2026-07-09T11:16:02+08:00',
/* author */ (''),
/* organization */ (''),
/* preprocessor_version */ 'ST-DEVELOPER v20.1',
/* originating_system */ 'Autodesk Translation Framework v15.8.0.0',
/* authorisation */ '');

FILE_SCHEMA (('AUTOMOTIVE_DESIGN { 1 0 10303 214 3 1 1 }'));
ENDSEC;

DATA;
#10=MECHANICAL_DESIGN_GEOMETRIC_PRESENTATION_REPRESENTATION('',(#15,#16,
#17,#18,#19),#3536);
#11=SHAPE_REPRESENTATION_RELATIONSHIP('SRR','None',#3543,#12);
#12=ADVANCED_BREP_SHAPE_REPRESENTATION('',(#20,#21,#22,#23,#24),#3535);
#13=TOROIDAL_SURFACE('',#2294,5.7,0.3);
#14=TOROIDAL_SURFACE('',#2301,5.7,0.3);
#15=STYLED_ITEM('',(#3552),#20);
#16=STYLED_ITEM('',(#3552),#21);
#17=STYLED_ITEM('',(#3552),#22);
#18=STYLED_ITEM('',(#3552),#23);
#19=STYLED_ITEM('',(#3552),#24);
#20=MANIFOLD_SOLID_BREP('\X2\5B9E4F53\X0\1',#2046);
#21=MANIFOLD_SOLID_BREP('\X2\5B9E4F53\X0\2',#2047);
#22=MANIFOLD_SOLID_BREP('\X2\5B9E4F53\X0\3',#2048);
#23=MANIFOLD_SOLID_BREP('\X2\5B9E4F53\X0\4',#2049);
#24=MANIFOLD_SOLID_BREP('\X2\5B9E4F53\X0\5',#2050);
#25=ELLIPSE('',#2138,4.59619407771256,3.25);
#26=ELLIPSE('',#2139,4.59619407771256,3.25);
#27=CONICAL_SURFACE('',#2079,17.34999999952,0.785398163397448);
#28=CONICAL_SURFACE('',#2094,4.59999999299,0.785398163397448);
#29=CONICAL_SURFACE('',#2166,27.99999999981,0.785398163397448);
#30=CONICAL_SURFACE('',#2170,27.49999999976,0.785398163397448);
#31=CONICAL_SURFACE('',#2177,4.849999980771,0.785398163397448);
#32=CONICAL_SURFACE('',#2178,3.999999998816,0.785398163397448);
#33=CONICAL_SURFACE('',#2180,3.999999999186,0.785398163397448);
#34=CONICAL_SURFACE('',#2184,4.849999994417,0.785398163397448);
#35=CONICAL_SURFACE('',#2199,3.499999992256,0.785398163397448);
#36=CONICAL_SURFACE('',#2202,3.499999992256,0.785398163397448);
#37=CONICAL_SURFACE('',#2205,3.499999992257,0.785398163397448);
#38=CONICAL_SURFACE('',#2214,3.499999992256,0.785398163397448);
#39=CONICAL_SURFACE('',#2217,3.499999970078,0.785398163397448);
#40=CONICAL_SURFACE('',#2220,3.499999970078,0.785398163397448);
#41=CONICAL_SURFACE('',#2223,3.499999992256,0.785398163397448);
#42=CONICAL_SURFACE('',#2273,1.249999992595,0.785398163397448);
#43=CONICAL_SURFACE('',#2281,1.249999992595,0.785398163397448);
#44=CONICAL_SURFACE('',#2289,1.249999992595,0.785398163397448);
#45=CYLINDRICAL_SURFACE('',#2077,17.5);
#46=CYLINDRICAL_SURFACE('',#2092,4.75);
#47=CYLINDRICAL_SURFACE('',#2097,1.5);
#48=CYLINDRICAL_SURFACE('',#2100,1.5);
#49=CYLINDRICAL_SURFACE('',#2103,1.5);
#50=CYLINDRICAL_SURFACE('',#2106,1.6);
#51=CYLINDRICAL_SURFACE('',#2110,3.25);
#52=CYLINDRICAL_SURFACE('',#2120,20.05);
#53=CYLINDRICAL_SURFACE('',#2151,1.6);
#54=CYLINDRICAL_SURFACE('',#2155,3.25);
#55=CYLINDRICAL_SURFACE('',#2156,1.6);
#56=CYLINDRICAL_SURFACE('',#2160,3.25);
#57=CYLINDRICAL_SURFACE('',#2168,28.5);
#58=CYLINDRICAL_SURFACE('',#2174,5.);
#59=CYLINDRICAL_SURFACE('',#2182,5.);
#60=CYLINDRICAL_SURFACE('',#2186,1.);
#61=CYLINDRICAL_SURFACE('',#2189,1.);
#62=CYLINDRICAL_SURFACE('',#2192,1.);
#63=CYLINDRICAL_SURFACE('',#2197,1.);
#64=CYLINDRICAL_SURFACE('',#2209,3.);
#65=CYLINDRICAL_SURFACE('',#2211,3.);
#66=CYLINDRICAL_SURFACE('',#2213,3.);
#67=CYLINDRICAL_SURFACE('',#2226,3.);
#68=CYLINDRICAL_SURFACE('',#2228,3.);
#69=CYLINDRICAL_SURFACE('',#2230,3.);
#70=CYLINDRICAL_SURFACE('',#2232,3.);
#71=CYLINDRICAL_SURFACE('',#2233,3.25);
#72=CYLINDRICAL_SURFACE('',#2237,1.6);
#73=CYLINDRICAL_SURFACE('',#2238,3.25);
#74=CYLINDRICAL_SURFACE('',#2242,1.6);
#75=CYLINDRICAL_SURFACE('',#2243,3.25);
#76=CYLINDRICAL_SURFACE('',#2247,1.6);
#77=CYLINDRICAL_SURFACE('',#2248,3.25);
#78=CYLINDRICAL_SURFACE('',#2252,1.6);
#79=CYLINDRICAL_SURFACE('',#2253,3.25);
#80=CYLINDRICAL_SURFACE('',#2257,1.6);
#81=CYLINDRICAL_SURFACE('',#2258,6.);
#82=CYLINDRICAL_SURFACE('',#2270,1.5);
#83=CYLINDRICAL_SURFACE('',#2278,1.5);
#84=CYLINDRICAL_SURFACE('',#2286,1.5);
#85=CYLINDRICAL_SURFACE('',#2298,6.);
#86=FACE_BOUND('',#361,.T.);
#87=FACE_BOUND('',#362,.T.);
#88=FACE_BOUND('',#363,.T.);
#89=FACE_BOUND('',#364,.T.);
#90=FACE_BOUND('',#368,.T.);
#91=FACE_BOUND('',#369,.T.);
#92=FACE_BOUND('',#370,.T.);
#93=FACE_BOUND('',#371,.T.);
#94=FACE_BOUND('',#372,.T.);
#95=FACE_BOUND('',#373,.T.);
#96=FACE_BOUND('',#374,.T.);
#97=FACE_BOUND('',#375,.T.);
#98=FACE_BOUND('',#376,.T.);
#99=FACE_BOUND('',#377,.T.);
#100=FACE_BOUND('',#389,.T.);
#101=FACE_BOUND('',#392,.T.);
#102=FACE_BOUND('',#393,.T.);
#103=FACE_BOUND('',#394,.T.);
#104=FACE_BOUND('',#395,.T.);
#105=FACE_BOUND('',#396,.T.);
#106=FACE_BOUND('',#397,.T.);
#107=FACE_BOUND('',#398,.T.);
#108=FACE_BOUND('',#401,.T.);
#109=FACE_BOUND('',#402,.T.);
#110=FACE_BOUND('',#403,.T.);
#111=FACE_BOUND('',#408,.T.);
#112=FACE_BOUND('',#409,.T.);
#113=FACE_BOUND('',#412,.T.);
#114=FACE_BOUND('',#416,.T.);
#115=FACE_BOUND('',#475,.T.);
#116=FACE_BOUND('',#479,.T.);
#117=FACE_BOUND('',#483,.T.);
#118=FACE_BOUND('',#487,.T.);
#119=FACE_BOUND('',#491,.T.);
#120=CIRCLE('',#2066,27.5);
#121=CIRCLE('',#2067,1.);
#122=CIRCLE('',#2068,1.);
#123=CIRCLE('',#2069,3.);
#124=CIRCLE('',#2070,3.);
#125=CIRCLE('',#2071,3.);
#126=CIRCLE('',#2072,3.);
#127=CIRCLE('',#2073,3.);
#128=CIRCLE('',#2074,3.);
#129=CIRCLE('',#2075,3.);
#130=CIRCLE('',#2076,17.5);
#131=CIRCLE('',#2078,17.5);
#132=CIRCLE('',#2080,17.2);
#133=CIRCLE('',#2082,1.5);
#134=CIRCLE('',#2083,1.5);
#135=CIRCLE('',#2084,1.5);
#136=CIRCLE('',#2085,1.6);
#137=CIRCLE('',#2086,1.6);
#138=CIRCLE('',#2087,1.6);
#139=CIRCLE('',#2088,1.6);
#140=CIRCLE('',#2089,1.6);
#141=CIRCLE('',#2090,1.6);
#142=CIRCLE('',#2091,4.75);
#143=CIRCLE('',#2093,4.75);
#144=CIRCLE('',#2095,4.45);
#145=CIRCLE('',#2098,1.5);
#146=CIRCLE('',#2101,1.5);
#147=CIRCLE('',#2104,1.5);
#148=CIRCLE('',#2107,1.6);
#149=CIRCLE('',#2109,3.25);
#150=CIRCLE('',#2111,3.25);
#151=CIRCLE('',#2113,20.05);
#152=CIRCLE('',#2114,3.25);
#153=CIRCLE('',#2115,3.25);
#154=CIRCLE('',#2116,3.25);
#155=CIRCLE('',#2117,3.25);
#156=CIRCLE('',#2118,3.25);
#157=CIRCLE('',#2119,6.);
#158=CIRCLE('',#2121,20.05);
#159=CIRCLE('',#2123,3.25);
#160=CIRCLE('',#2124,3.25);
#161=CIRCLE('',#2125,3.);
#162=CIRCLE('',#2126,26.5);
#163=CIRCLE('',#2127,3.);
#164=CIRCLE('',#2128,3.25);
#165=CIRCLE('',#2129,3.25);
#166=CIRCLE('',#2130,4.);
#167=CIRCLE('',#2131,4.);
#168=CIRCLE('',#2132,4.);
#169=CIRCLE('',#2133,4.);
#170=CIRCLE('',#2134,4.);
#171=CIRCLE('',#2135,4.);
#172=CIRCLE('',#2136,4.);
#173=CIRCLE('',#2143,1.);
#174=CIRCLE('',#2144,1.);
#175=CIRCLE('',#2145,1.);
#176=CIRCLE('',#2146,1.);
#177=CIRCLE('',#2147,4.7);
#178=CIRCLE('',#2148,4.7);
#179=CIRCLE('',#2149,1.6);
#180=CIRCLE('',#2150,1.6);
#181=CIRCLE('',#2152,1.6);
#182=CIRCLE('',#2154,3.25);
#183=CIRCLE('',#2157,1.6);
#184=CIRCLE('',#2159,3.25);
#185=CIRCLE('',#2167,28.5);
#186=CIRCLE('',#2169,28.5);
#187=CIRCLE('',#2175,5.);
#188=CIRCLE('',#2176,5.);
#189=CIRCLE('',#2181,5.);
#190=CIRCLE('',#2183,5.);
#191=CIRCLE('',#2187,1.);
#192=CIRCLE('',#2190,1.);
#193=CIRCLE('',#2193,1.);
#194=CIRCLE('',#2195,1.);
#195=CIRCLE('',#2200,3.);
#196=CIRCLE('',#2203,3.);
#197=CIRCLE('',#2206,3.);
#198=CIRCLE('',#2215,3.);
#199=CIRCLE('',#2218,3.);
#200=CIRCLE('',#2221,3.);
#201=CIRCLE('',#2224,3.);
#202=CIRCLE('',#2234,3.25);
#203=CIRCLE('',#2236,1.6);
#204=CIRCLE('',#2239,3.25);
#205=CIRCLE('',#2241,1.6);
#206=CIRCLE('',#2244,3.25);
#207=CIRCLE('',#2246,1.6);
#208=CIRCLE('',#2249,3.25);
#209=CIRCLE('',#2251,1.6);
#210=CIRCLE('',#2254,3.25);
#211=CIRCLE('',#2256,1.6);
#212=CIRCLE('',#2259,6.);
#213=CIRCLE('',#2269,1.5);
#214=CIRCLE('',#2271,1.5);
#215=CIRCLE('',#2272,1.5);
#216=CIRCLE('',#2274,1.);
#217=CIRCLE('',#2277,1.5);
#218=CIRCLE('',#2279,1.5);
#219=CIRCLE('',#2280,1.5);
#220=CIRCLE('',#2282,1.);
#221=CIRCLE('',#2285,1.5);
#222=CIRCLE('',#2287,1.5);
#223=CIRCLE('',#2288,1.5);
#224=CIRCLE('',#2290,1.);
#225=CIRCLE('',#2293,5.7);
#226=CIRCLE('',#2295,0.3);
#227=CIRCLE('',#2296,6.);
#228=CIRCLE('',#2297,6.);
#229=CIRCLE('',#2299,6.);
#230=CIRCLE('',#2300,6.);
#231=CIRCLE('',#2302,0.3);
#232=CIRCLE('',#2303,5.7);
#233=FACE_OUTER_BOUND('',#359,.T.);
#234=FACE_OUTER_BOUND('',#360,.T.);
#235=FACE_OUTER_BOUND('',#365,.T.);
#236=FACE_OUTER_BOUND('',#366,.T.);
#237=FACE_OUTER_BOUND('',#367,.T.);
#238=FACE_OUTER_BOUND('',#378,.T.);
#239=FACE_OUTER_BOUND('',#379,.T.);
#240=FACE_OUTER_BOUND('',#380,.T.);
#241=FACE_OUTER_BOUND('',#381,.T.);
#242=FACE_OUTER_BOUND('',#382,.T.);
#243=FACE_OUTER_BOUND('',#383,.T.);
#244=FACE_OUTER_BOUND('',#384,.T.);
#245=FACE_OUTER_BOUND('',#385,.T.);
#246=FACE_OUTER_BOUND('',#386,.T.);
#247=FACE_OUTER_BOUND('',#387,.T.);
#248=FACE_OUTER_BOUND('',#388,.T.);
#249=FACE_OUTER_BOUND('',#390,.T.);
#250=FACE_OUTER_BOUND('',#391,.T.);
#251=FACE_OUTER_BOUND('',#399,.T.);
#252=FACE_OUTER_BOUND('',#400,.T.);
#253=FACE_OUTER_BOUND('',#404,.T.);
#254=FACE_OUTER_BOUND('',#405,.T.);
#255=FACE_OUTER_BOUND('',#406,.T.);
#256=FACE_OUTER_BOUND('',#407,.T.);
#257=FACE_OUTER_BOUND('',#410,.T.);
#258=FACE_OUTER_BOUND('',#411,.T.);
#259=FACE_OUTER_BOUND('',#413,.T.);
#260=FACE_OUTER_BOUND('',#414,.T.);
#261=FACE_OUTER_BOUND('',#415,.T.);
#262=FACE_OUTER_BOUND('',#417,.T.);
#263=FACE_OUTER_BOUND('',#418,.T.);
#264=FACE_OUTER_BOUND('',#419,.T.);
#265=FACE_OUTER_BOUND('',#420,.T.);
#266=FACE_OUTER_BOUND('',#421,.T.);
#267=FACE_OUTER_BOUND('',#422,.T.);
#268=FACE_OUTER_BOUND('',#423,.T.);
#269=FACE_OUTER_BOUND('',#424,.T.);
#270=FACE_OUTER_BOUND('',#425,.T.);
#271=FACE_OUTER_BOUND('',#426,.T.);
#272=FACE_OUTER_BOUND('',#427,.T.);
#273=FACE_OUTER_BOUND('',#428,.T.);
#274=FACE_OUTER_BOUND('',#429,.T.);
#275=FACE_OUTER_BOUND('',#430,.T.);
#276=FACE_OUTER_BOUND('',#431,.T.);
#277=FACE_OUTER_BOUND('',#432,.T.);
#278=FACE_OUTER_BOUND('',#433,.T.);
#279=FACE_OUTER_BOUND('',#434,.T.);
#280=FACE_OUTER_BOUND('',#435,.T.);
#281=FACE_OUTER_BOUND('',#436,.T.);
#282=FACE_OUTER_BOUND('',#437,.T.);
#283=FACE_OUTER_BOUND('',#438,.T.);
#284=FACE_OUTER_BOUND('',#439,.T.);
#285=FACE_OUTER_BOUND('',#440,.T.);
#286=FACE_OUTER_BOUND('',#441,.T.);
#287=FACE_OUTER_BOUND('',#442,.T.);
#288=FACE_OUTER_BOUND('',#443,.T.);
#289=FACE_OUTER_BOUND('',#444,.T.);
#290=FACE_OUTER_BOUND('',#445,.T.);
#291=FACE_OUTER_BOUND('',#446,.T.);
#292=FACE_OUTER_BOUND('',#447,.T.);
#293=FACE_OUTER_BOUND('',#448,.T.);
#294=FACE_OUTER_BOUND('',#449,.T.);
#295=FACE_OUTER_BOUND('',#450,.T.);
#296=FACE_OUTER_BOUND('',#451,.T.);
#297=FACE_OUTER_BOUND('',#452,.T.);
#298=FACE_OUTER_BOUND('',#453,.T.);
#299=FACE_OUTER_BOUND('',#454,.T.);
#300=FACE_OUTER_BOUND('',#455,.T.);
#301=FACE_OUTER_BOUND('',#456,.T.);
#302=FACE_OUTER_BOUND('',#457,.T.);
#303=FACE_OUTER_BOUND('',#458,.T.);
#304=FACE_OUTER_BOUND('',#459,.T.);
#305=FACE_OUTER_BOUND('',#460,.T.);
#306=FACE_OUTER_BOUND('',#461,.T.);
#307=FACE_OUTER_BOUND('',#462,.T.);
#308=FACE_OUTER_BOUND('',#463,.T.);
#309=FACE_OUTER_BOUND('',#464,.T.);
#310=FACE_OUTER_BOUND('',#465,.T.);
#311=FACE_OUTER_BOUND('',#466,.T.);
#312=FACE_OUTER_BOUND('',#467,.T.);
#313=FACE_OUTER_BOUND('',#468,.T.);
#314=FACE_OUTER_BOUND('',#469,.T.);
#315=FACE_OUTER_BOUND('',#470,.T.);
#316=FACE_OUTER_BOUND('',#471,.T.);
#317=FACE_OUTER_BOUND('',#472,.T.);
#318=FACE_OUTER_BOUND('',#473,.T.);
#319=FACE_OUTER_BOUND('',#474,.T.);
#320=FACE_OUTER_BOUND('',#476,.T.);
#321=FACE_OUTER_BOUND('',#477,.T.);
#322=FACE_OUTER_BOUND('',#478,.T.);
#323=FACE_OUTER_BOUND('',#480,.T.);
#324=FACE_OUTER_BOUND('',#481,.T.);
#325=FACE_OUTER_BOUND('',#482,.T.);
#326=FACE_OUTER_BOUND('',#484,.T.);
#327=FACE_OUTER_BOUND('',#485,.T.);
#328=FACE_OUTER_BOUND('',#486,.T.);
#329=FACE_OUTER_BOUND('',#488,.T.);
#330=FACE_OUTER_BOUND('',#489,.T.);
#331=FACE_OUTER_BOUND('',#490,.T.);
#332=FACE_OUTER_BOUND('',#492,.T.);
#333=FACE_OUTER_BOUND('',#493,.T.);
#334=FACE_OUTER_BOUND('',#494,.T.);
#335=FACE_OUTER_BOUND('',#495,.T.);
#336=FACE_OUTER_BOUND('',#496,.T.);
#337=FACE_OUTER_BOUND('',#497,.T.);
#338=FACE_OUTER_BOUND('',#498,.T.);
#339=FACE_OUTER_BOUND('',#499,.T.);
#340=FACE_OUTER_BOUND('',#500,.T.);
#341=FACE_OUTER_BOUND('',#501,.T.);
#342=FACE_OUTER_BOUND('',#502,.T.);
#343=FACE_OUTER_BOUND('',#503,.T.);
#344=FACE_OUTER_BOUND('',#504,.T.);
#345=FACE_OUTER_BOUND('',#505,.T.);
#346=FACE_OUTER_BOUND('',#506,.T.);
#347=FACE_OUTER_BOUND('',#507,.T.);
#348=FACE_OUTER_BOUND('',#508,.T.);
#349=FACE_OUTER_BOUND('',#509,.T.);
#350=FACE_OUTER_BOUND('',#510,.T.);
#351=FACE_OUTER_BOUND('',#511,.T.);
#352=FACE_OUTER_BOUND('',#512,.T.);
#353=FACE_OUTER_BOUND('',#513,.T.);
#354=FACE_OUTER_BOUND('',#514,.T.);
#355=FACE_OUTER_BOUND('',#515,.T.);
#356=FACE_OUTER_BOUND('',#516,.T.);
#357=FACE_OUTER_BOUND('',#517,.T.);
#358=FACE_OUTER_BOUND('',#518,.T.);
#359=EDGE_LOOP('',(#1299,#1300,#1301,#1302));
#360=EDGE_LOOP('',(#1303,#1304,#1305,#1306,#1307,#1308,#1309,#1310));
#361=EDGE_LOOP('',(#1311,#1312,#1313,#1314,#1315,#1316,#1317,#1318));
#362=EDGE_LOOP('',(#1319,#1320,#1321,#1322,#1323,#1324));
#363=EDGE_LOOP('',(#1325,#1326,#1327,#1328,#1329,#1330));
#364=EDGE_LOOP('',(#1331));
#365=EDGE_LOOP('',(#1332,#1333,#1334,#1335));
#366=EDGE_LOOP('',(#1336,#1337,#1338,#1339));
#367=EDGE_LOOP('',(#1340));
#368=EDGE_LOOP('',(#1341));
#369=EDGE_LOOP('',(#1342));
#370=EDGE_LOOP('',(#1343));
#371=EDGE_LOOP('',(#1344));
#372=EDGE_LOOP('',(#1345));
#373=EDGE_LOOP('',(#1346));
#374=EDGE_LOOP('',(#1347));
#375=EDGE_LOOP('',(#1348));
#376=EDGE_LOOP('',(#1349));
#377=EDGE_LOOP('',(#1350));
#378=EDGE_LOOP('',(#1351,#1352,#1353,#1354));
#379=EDGE_LOOP('',(#1355,#1356,#1357,#1358));
#380=EDGE_LOOP('',(#1359));
#381=EDGE_LOOP('',(#1360,#1361,#1362,#1363));
#382=EDGE_LOOP('',(#1364));
#383=EDGE_LOOP('',(#1365,#1366,#1367,#1368));
#384=EDGE_LOOP('',(#1369));
#385=EDGE_LOOP('',(#1370,#1371,#1372,#1373));
#386=EDGE_LOOP('',(#1374));
#387=EDGE_LOOP('',(#1375,#1376,#1377,#1378));
#388=EDGE_LOOP('',(#1379));
#389=EDGE_LOOP('',(#1380));
#390=EDGE_LOOP('',(#1381,#1382,#1383,#1384));
#391=EDGE_LOOP('',(#1385));
#392=EDGE_LOOP('',(#1386));
#393=EDGE_LOOP('',(#1387));
#394=EDGE_LOOP('',(#1388));
#395=EDGE_LOOP('',(#1389));
#396=EDGE_LOOP('',(#1390));
#397=EDGE_LOOP('',(#1391));
#398=EDGE_LOOP('',(#1392));
#399=EDGE_LOOP('',(#1393,#1394,#1395,#1396));
#400=EDGE_LOOP('',(#1397,#1398,#1399,#1400,#1401,#1402,#1403,#1404,#1405,
#1406,#1407,#1408));
#401=EDGE_LOOP('',(#1409,#1410,#1411,#1412,#1413,#1414));
#402=EDGE_LOOP('',(#1415,#1416,#1417,#1418,#1419,#1420,#1421,#1422));
#403=EDGE_LOOP('',(#1423));
#404=EDGE_LOOP('',(#1424,#1425,#1426,#1427,#1428,#1429,#1430,#1431));
#405=EDGE_LOOP('',(#1432,#1433,#1434,#1435));
#406=EDGE_LOOP('',(#1436,#1437,#1438,#1439));
#407=EDGE_LOOP('',(#1440,#1441,#1442,#1443,#1444,#1445,#1446,#1447,#1448,
#1449,#1450,#1451,#1452,#1453));
#408=EDGE_LOOP('',(#1454));
#409=EDGE_LOOP('',(#1455));
#410=EDGE_LOOP('',(#1456,#1457,#1458,#1459));
#411=EDGE_LOOP('',(#1460));
#412=EDGE_LOOP('',(#1461));
#413=EDGE_LOOP('',(#1462,#1463,#1464,#1465,#1466,#1467));
#414=EDGE_LOOP('',(#1468,#1469,#1470,#1471));
#415=EDGE_LOOP('',(#1472));
#416=EDGE_LOOP('',(#1473));
#417=EDGE_LOOP('',(#1474,#1475,#1476,#1477,#1478,#1479));
#418=EDGE_LOOP('',(#1480,#1481,#1482,#1483));
#419=EDGE_LOOP('',(#1484,#1485,#1486,#1487,#1488,#1489));
#420=EDGE_LOOP('',(#1490,#1491,#1492,#1493,#1494,#1495));
#421=EDGE_LOOP('',(#1496,#1497,#1498,#1499,#1500,#1501));
#422=EDGE_LOOP('',(#1502,#1503,#1504,#1505));
#423=EDGE_LOOP('',(#1506,#1507,#1508,#1509));
#424=EDGE_LOOP('',(#1510,#1511,#1512,#1513));
#425=EDGE_LOOP('',(#1514,#1515,#1516,#1517));
#426=EDGE_LOOP('',(#1518,#1519,#1520,#1521));
#427=EDGE_LOOP('',(#1522,#1523,#1524,#1525,#1526,#1527));
#428=EDGE_LOOP('',(#1528,#1529,#1530,#1531));
#429=EDGE_LOOP('',(#1532,#1533,#1534,#1535));
#430=EDGE_LOOP('',(#1536,#1537,#1538,#1539));
#431=EDGE_LOOP('',(#1540,#1541,#1542,#1543));
#432=EDGE_LOOP('',(#1544,#1545,#1546,#1547));
#433=EDGE_LOOP('',(#1548,#1549,#1550,#1551));
#434=EDGE_LOOP('',(#1552,#1553,#1554,#1555));
#435=EDGE_LOOP('',(#1556,#1557,#1558,#1559));
#436=EDGE_LOOP('',(#1560,#1561,#1562,#1563));
#437=EDGE_LOOP('',(#1564,#1565,#1566,#1567,#1568,#1569));
#438=EDGE_LOOP('',(#1570,#1571,#1572,#1573));
#439=EDGE_LOOP('',(#1574,#1575,#1576,#1577,#1578,#1579));
#440=EDGE_LOOP('',(#1580,#1581,#1582,#1583));
#441=EDGE_LOOP('',(#1584,#1585,#1586,#1587));
#442=EDGE_LOOP('',(#1588,#1589,#1590,#1591,#1592,#1593,#1594,#1595));
#443=EDGE_LOOP('',(#1596,#1597,#1598,#1599));
#444=EDGE_LOOP('',(#1600,#1601,#1602,#1603));
#445=EDGE_LOOP('',(#1604,#1605,#1606,#1607));
#446=EDGE_LOOP('',(#1608,#1609,#1610,#1611));
#447=EDGE_LOOP('',(#1612,#1613,#1614,#1615));
#448=EDGE_LOOP('',(#1616,#1617,#1618,#1619));
#449=EDGE_LOOP('',(#1620,#1621,#1622,#1623));
#450=EDGE_LOOP('',(#1624,#1625,#1626,#1627));
#451=EDGE_LOOP('',(#1628,#1629,#1630,#1631));
#452=EDGE_LOOP('',(#1632,#1633,#1634,#1635));
#453=EDGE_LOOP('',(#1636,#1637,#1638,#1639));
#454=EDGE_LOOP('',(#1640,#1641,#1642,#1643));
#455=EDGE_LOOP('',(#1644,#1645,#1646,#1647));
#456=EDGE_LOOP('',(#1648,#1649,#1650,#1651));
#457=EDGE_LOOP('',(#1652,#1653,#1654,#1655));
#458=EDGE_LOOP('',(#1656,#1657,#1658,#1659));
#459=EDGE_LOOP('',(#1660,#1661,#1662,#1663));
#460=EDGE_LOOP('',(#1664,#1665,#1666,#1667));
#461=EDGE_LOOP('',(#1668,#1669,#1670,#1671));
#462=EDGE_LOOP('',(#1672,#1673,#1674,#1675));
#463=EDGE_LOOP('',(#1676,#1677,#1678,#1679));
#464=EDGE_LOOP('',(#1680,#1681,#1682,#1683));
#465=EDGE_LOOP('',(#1684,#1685,#1686,#1687));
#466=EDGE_LOOP('',(#1688,#1689,#1690,#1691));
#467=EDGE_LOOP('',(#1692,#1693,#1694,#1695));
#468=EDGE_LOOP('',(#1696,#1697,#1698,#1699));
#469=EDGE_LOOP('',(#1700,#1701,#1702,#1703));
#470=EDGE_LOOP('',(#1704,#1705,#1706,#1707));
#471=EDGE_LOOP('',(#1708,#1709,#1710,#1711));
#472=EDGE_LOOP('',(#1712,#1713,#1714,#1715));
#473=EDGE_LOOP('',(#1716,#1717,#1718,#1719));
#474=EDGE_LOOP('',(#1720));
#475=EDGE_LOOP('',(#1721));
#476=EDGE_LOOP('',(#1722,#1723,#1724,#1725));
#477=EDGE_LOOP('',(#1726,#1727,#1728,#1729));
#478=EDGE_LOOP('',(#1730));
#479=EDGE_LOOP('',(#1731));
#480=EDGE_LOOP('',(#1732,#1733,#1734,#1735));
#481=EDGE_LOOP('',(#1736,#1737,#1738,#1739));
#482=EDGE_LOOP('',(#1740));
#483=EDGE_LOOP('',(#1741));
#484=EDGE_LOOP('',(#1742,#1743,#1744,#1745));
#485=EDGE_LOOP('',(#1746,#1747,#1748,#1749));
#486=EDGE_LOOP('',(#1750));
#487=EDGE_LOOP('',(#1751));
#488=EDGE_LOOP('',(#1752,#1753,#1754,#1755));
#489=EDGE_LOOP('',(#1756,#1757,#1758,#1759));
#490=EDGE_LOOP('',(#1760));
#491=EDGE_LOOP('',(#1761));
#492=EDGE_LOOP('',(#1762,#1763,#1764,#1765));
#493=EDGE_LOOP('',(#1766,#1767,#1768,#1769));
#494=EDGE_LOOP('',(#1770));
#495=EDGE_LOOP('',(#1771,#1772,#1773,#1774));
#496=EDGE_LOOP('',(#1775,#1776,#1777,#1778));
#497=EDGE_LOOP('',(#1779,#1780,#1781,#1782,#1783,#1784));
#498=EDGE_LOOP('',(#1785,#1786,#1787,#1788));
#499=EDGE_LOOP('',(#1789,#1790,#1791,#1792));
#500=EDGE_LOOP('',(#1793,#1794,#1795,#1796));
#501=EDGE_LOOP('',(#1797,#1798,#1799,#1800));
#502=EDGE_LOOP('',(#1801));
#503=EDGE_LOOP('',(#1802,#1803,#1804,#1805,#1806));
#504=EDGE_LOOP('',(#1807,#1808,#1809,#1810,#1811));
#505=EDGE_LOOP('',(#1812));
#506=EDGE_LOOP('',(#1813));
#507=EDGE_LOOP('',(#1814,#1815,#1816,#1817,#1818));
#508=EDGE_LOOP('',(#1819,#1820,#1821,#1822,#1823));
#509=EDGE_LOOP('',(#1824));
#510=EDGE_LOOP('',(#1825));
#511=EDGE_LOOP('',(#1826,#1827,#1828,#1829,#1830));
#512=EDGE_LOOP('',(#1831,#1832,#1833,#1834,#1835));
#513=EDGE_LOOP('',(#1836));
#514=EDGE_LOOP('',(#1837));
#515=EDGE_LOOP('',(#1838,#1839,#1840,#1841,#1842));
#516=EDGE_LOOP('',(#1843,#1844,#1845,#1846,#1847,#1848));
#517=EDGE_LOOP('',(#1849,#1850,#1851,#1852,#1853));
#518=EDGE_LOOP('',(#1854));
#519=LINE('',#2956,#682);
#520=LINE('',#2958,#683);
#521=LINE('',#2960,#684);
#522=LINE('',#2961,#685);
#523=LINE('',#2965,#686);
#524=LINE('',#2969,#687);
#525=LINE('',#2971,#688);
#526=LINE('',#2975,#689);
#527=LINE('',#2978,#690);
#528=LINE('',#2982,#691);
#529=LINE('',#2986,#692);
#530=LINE('',#2990,#693);
#531=LINE('',#2994,#694);
#532=LINE('',#2998,#695);
#533=LINE('',#3002,#696);
#534=LINE('',#3006,#697);
#535=LINE('',#3008,#698);
#536=LINE('',#3010,#699);
#537=LINE('',#3012,#700);
#538=LINE('',#3014,#701);
#539=LINE('',#3015,#702);
#540=LINE('',#3021,#703);
#541=LINE('',#3024,#704);
#542=LINE('',#3050,#705);
#543=LINE('',#3053,#706);
#544=LINE('',#3058,#707);
#545=LINE('',#3063,#708);
#546=LINE('',#3068,#709);
#547=LINE('',#3073,#710);
#548=LINE('',#3080,#711);
#549=LINE('',#3099,#712);
#550=LINE('',#3104,#713);
#551=LINE('',#3110,#714);
#552=LINE('',#3114,#715);
#553=LINE('',#3118,#716);
#554=LINE('',#3122,#717);
#555=LINE('',#3130,#718);
#556=LINE('',#3134,#719);
#557=LINE('',#3137,#720);
#558=LINE('',#3142,#721);
#559=LINE('',#3146,#722);
#560=LINE('',#3150,#723);
#561=LINE('',#3153,#724);
#562=LINE('',#3157,#725);
#563=LINE('',#3158,#726);
#564=LINE('',#3161,#727);
#565=LINE('',#3165,#728);
#566=LINE('',#3166,#729);
#567=LINE('',#3167,#730);
#568=LINE('',#3171,#731);
#569=LINE('',#3172,#732);
#570=LINE('',#3173,#733);
#571=LINE('',#3177,#734);
#572=LINE('',#3179,#735);
#573=LINE('',#3183,#736);
#574=LINE('',#3187,#737);
#575=LINE('',#3191,#738);
#576=LINE('',#3195,#739);
#577=LINE('',#3197,#740);
#578=LINE('',#3206,#741);
#579=LINE('',#3212,#742);
#580=LINE('',#3215,#743);
#581=LINE('',#3221,#744);
#582=LINE('',#3224,#745);
#583=LINE('',#3226,#746);
#584=LINE('',#3227,#747);
#585=LINE('',#3231,#748);
#586=LINE('',#3232,#749);
#587=LINE('',#3233,#750);
#588=LINE('',#3234,#751);
#589=LINE('',#3236,#752);
#590=LINE('',#3238,#753);
#591=LINE('',#3239,#754);
#592=LINE('',#3242,#755);
#593=LINE('',#3244,#756);
#594=LINE('',#3246,#757);
#595=LINE('',#3248,#758);
#596=LINE('',#3249,#759);
#597=LINE('',#3251,#760);
#598=LINE('',#3255,#761);
#599=LINE('',#3258,#762);
#600=LINE('',#3261,#763);
#601=LINE('',#3262,#764);
#602=LINE('',#3265,#765);
#603=LINE('',#3266,#766);
#604=LINE('',#3268,#767);
#605=LINE('',#3269,#768);
#606=LINE('',#3277,#769);
#607=LINE('',#3283,#770);
#608=LINE('',#3287,#771);
#609=LINE('',#3290,#772);
#610=LINE('',#3293,#773);
#611=LINE('',#3294,#774);
#612=LINE('',#3298,#775);
#613=LINE('',#3301,#776);
#614=LINE('',#3302,#777);
#615=LINE('',#3306,#778);
#616=LINE('',#3309,#779);
#617=LINE('',#3312,#780);
#618=LINE('',#3314,#781);
#619=LINE('',#3316,#782);
#620=LINE('',#3320,#783);
#621=LINE('',#3323,#784);
#622=LINE('',#3326,#785);
#623=LINE('',#3327,#786);
#624=LINE('',#3331,#787);
#625=LINE('',#3334,#788);
#626=LINE('',#3335,#789);
#627=LINE('',#3339,#790);
#628=LINE('',#3341,#791);
#629=LINE('',#3343,#792);
#630=LINE('',#3344,#793);
#631=LINE('',#3346,#794);
#632=LINE('',#3348,#795);
#633=LINE('',#3350,#796);
#634=LINE('',#3352,#797);
#635=LINE('',#3355,#798);
#636=LINE('',#3358,#799);
#637=LINE('',#3361,#800);
#638=LINE('',#3362,#801);
#639=LINE('',#3366,#802);
#640=LINE('',#3369,#803);
#641=LINE('',#3370,#804);
#642=LINE('',#3374,#805);
#643=LINE('',#3377,#806);
#644=LINE('',#3378,#807);
#645=LINE('',#3381,#808);
#646=LINE('',#3384,#809);
#647=LINE('',#3386,#810);
#648=LINE('',#3388,#811);
#649=LINE('',#3390,#812);
#650=LINE('',#3392,#813);
#651=LINE('',#3394,#814);
#652=LINE('',#3399,#815);
#653=LINE('',#3404,#816);
#654=LINE('',#3408,#817);
#655=LINE('',#3413,#818);
#656=LINE('',#3417,#819);
#657=LINE('',#3422,#820);
#658=LINE('',#3426,#821);
#659=LINE('',#3431,#822);
#660=LINE('',#3435,#823);
#661=LINE('',#3440,#824);
#662=LINE('',#3444,#825);
#663=LINE('',#3448,#826);
#664=LINE('',#3450,#827);
#665=LINE('',#3451,#828);
#666=LINE('',#3454,#829);
#667=LINE('',#3455,#830);
#668=LINE('',#3458,#831);
#669=LINE('',#3460,#832);
#670=LINE('',#3462,#833);
#671=LINE('',#3463,#834);
#672=LINE('',#3465,#835);
#673=LINE('',#3467,#836);
#674=LINE('',#3469,#837);
#675=LINE('',#3478,#838);
#676=LINE('',#3482,#839);
#677=LINE('',#3492,#840);
#678=LINE('',#3496,#841);
#679=LINE('',#3506,#842);
#680=LINE('',#3510,#843);
#681=LINE('',#3524,#844);
#682=VECTOR('',#2309,20.60769515459);
#683=VECTOR('',#2310,6.499999995558);
#684=VECTOR('',#2311,20.60769515319);
#685=VECTOR('',#2312,6.499999995594);
#686=VECTOR('',#2315,37.2390923332606);
#687=VECTOR('',#2318,68.9933571368591);
#688=VECTOR('',#2319,12.31237718815);
#689=VECTOR('',#2322,8.);
#690=VECTOR('',#2325,39.19615242271);
#691=VECTOR('',#2328,9.0717967697237);
#692=VECTOR('',#2331,11.53589838486);
#693=VECTOR('',#2334,9.0717967697237);
#694=VECTOR('',#2337,18.6076951545894);
#695=VECTOR('',#2340,18.6076951545894);
#696=VECTOR('',#2343,18.60769515459);
#697=VECTOR('',#2346,9.37499999999969);
#698=VECTOR('',#2347,1.91489361226594);
#699=VECTOR('',#2348,11.2499999999996);
#700=VECTOR('',#2349,14.9999999999995);
#701=VECTOR('',#2350,1.87499999999994);
#702=VECTOR('',#2351,13.0851063877296);
#703=VECTOR('',#2358,17.5);
#704=VECTOR('',#2361,17.34999999952);
#705=VECTOR('',#2390,4.75);
#706=VECTOR('',#2393,4.59999999299);
#707=VECTOR('',#2400,1.5);
#708=VECTOR('',#2407,1.5);
#709=VECTOR('',#2414,1.5);
#710=VECTOR('',#2421,1.6);
#711=VECTOR('',#2430,3.25);
#712=VECTOR('',#2451,20.05);
#713=VECTOR('',#2456,23.5000911693);
#714=VECTOR('',#2461,1.753021686751);
#715=VECTOR('',#2464,71.3027582080377);
#716=VECTOR('',#2467,44.1672955498798);
#717=VECTOR('',#2470,24.01799475623);
#718=VECTOR('',#2477,18.60769515211);
#719=VECTOR('',#2480,18.6076951521099);
#720=VECTOR('',#2483,18.6076951521105);
#721=VECTOR('',#2486,9.07179657526413);
#722=VECTOR('',#2489,11.53589825362);
#723=VECTOR('',#2492,9.07179683045981);
#724=VECTOR('',#2495,20.60769515211);
#725=VECTOR('',#2498,54.27092526614);
#726=VECTOR('',#2499,2.82842712451781);
#727=VECTOR('',#2504,2.82842712451781);
#728=VECTOR('',#2507,54.27092501684);
#729=VECTOR('',#2508,5.700000004117);
#730=VECTOR('',#2509,5.700000008853);
#731=VECTOR('',#2512,54.27092494414);
#732=VECTOR('',#2513,0.424264069897272);
#733=VECTOR('',#2514,0.424264071594576);
#734=VECTOR('',#2517,7.33234822022696);
#735=VECTOR('',#2518,40.00444279957);
#736=VECTOR('',#2521,4.);
#737=VECTOR('',#2524,8.);
#738=VECTOR('',#2527,4.);
#739=VECTOR('',#2530,13.12066756502);
#740=VECTOR('',#2531,1.90525580062903);
#741=VECTOR('',#2542,1.6);
#742=VECTOR('',#2551,3.25);
#743=VECTOR('',#2554,1.6);
#744=VECTOR('',#2563,3.25);
#745=VECTOR('',#2566,0.458257569495623);
#746=VECTOR('',#2567,0.424264072794581);
#747=VECTOR('',#2568,7.50555334110213);
#748=VECTOR('',#2571,1.2);
#749=VECTOR('',#2572,0.458257569495588);
#750=VECTOR('',#2573,0.5);
#751=VECTOR('',#2574,1.52752523165208);
#752=VECTOR('',#2577,0.5);
#753=VECTOR('',#2578,1.2);
#754=VECTOR('',#2579,1.52752523165208);
#755=VECTOR('',#2582,69.5707074130172);
#756=VECTOR('',#2583,4.500000000165);
#757=VECTOR('',#2584,71.3027582089099);
#758=VECTOR('',#2585,5.700000002958);
#759=VECTOR('',#2586,1.73205073759803);
#760=VECTOR('',#2589,1.41421356241195);
#761=VECTOR('',#2594,1.41421356240594);
#762=VECTOR('',#2597,4.500000000211);
#763=VECTOR('',#2602,2.82842712476986);
#764=VECTOR('',#2603,2.82842712478999);
#765=VECTOR('',#2606,44.1672955517199);
#766=VECTOR('',#2607,2.82842712441382);
#767=VECTOR('',#2610,36.661742070632);
#768=VECTOR('',#2611,5.700000012571);
#769=VECTOR('',#2626,2.82842712458594);
#770=VECTOR('',#2637,0.42426406956919);
#771=VECTOR('',#2642,4.5);
#772=VECTOR('',#2645,4.);
#773=VECTOR('',#2648,8.);
#774=VECTOR('',#2649,4.);
#775=VECTOR('',#2654,4.5);
#776=VECTOR('',#2657,4.5);
#777=VECTOR('',#2658,4.);
#778=VECTOR('',#2663,4.5);
#779=VECTOR('',#2666,4.);
#780=VECTOR('',#2669,8.);
#781=VECTOR('',#2672,4.5);
#782=VECTOR('',#2675,4.5);
#783=VECTOR('',#2680,1.41421355748696);
#784=VECTOR('',#2683,1.41421355752691);
#785=VECTOR('',#2686,18.60769515319);
#786=VECTOR('',#2687,1.41421355748691);
#787=VECTOR('',#2692,1.41421355752693);
#788=VECTOR('',#2695,18.6076951531907);
#789=VECTOR('',#2696,1.41421355748694);
#790=VECTOR('',#2701,1.41421355752696);
#791=VECTOR('',#2704,18.6076951531897);
#792=VECTOR('',#2707,6.499999995558);
#793=VECTOR('',#2708,6.499999995594);
#794=VECTOR('',#2711,6.499999995558);
#795=VECTOR('',#2714,6.499999995594);
#796=VECTOR('',#2717,6.499999995558);
#797=VECTOR('',#2720,6.499999995594);
#798=VECTOR('',#2725,1.41421355748691);
#799=VECTOR('',#2728,1.41421355752693);
#800=VECTOR('',#2731,9.071796660341);
#801=VECTOR('',#2732,1.41421354444291);
#802=VECTOR('',#2737,1.41421354349291);
#803=VECTOR('',#2740,11.53589831104);
#804=VECTOR('',#2741,1.41421354444291);
#805=VECTOR('',#2746,1.41421354349294);
#806=VECTOR('',#2749,9.07179680388809);
#807=VECTOR('',#2750,1.41421355748696);
#808=VECTOR('',#2755,1.41421355752691);
#809=VECTOR('',#2760,6.499999995558);
#810=VECTOR('',#2763,6.499999982835);
#811=VECTOR('',#2766,6.499999983699);
#812=VECTOR('',#2769,6.499999982835);
#813=VECTOR('',#2772,6.499999983699);
#814=VECTOR('',#2775,6.499999995594);
#815=VECTOR('',#2782,3.25);
#816=VECTOR('',#2789,1.6);
#817=VECTOR('',#2794,3.25);
#818=VECTOR('',#2801,1.6);
#819=VECTOR('',#2806,3.25);
#820=VECTOR('',#2813,1.6);
#821=VECTOR('',#2818,3.25);
#822=VECTOR('',#2825,1.6);
#823=VECTOR('',#2830,3.25);
#824=VECTOR('',#2837,1.6);
#825=VECTOR('',#2842,6.);
#826=VECTOR('',#2847,0.5);
#827=VECTOR('',#2848,9.37499999999969);
#828=VECTOR('',#2849,0.5);
#829=VECTOR('',#2852,0.5);
#830=VECTOR('',#2853,13.0851063877296);
#831=VECTOR('',#2856,1.87499999999994);
#832=VECTOR('',#2857,14.9999999999995);
#833=VECTOR('',#2858,11.2499999999996);
#834=VECTOR('',#2859,1.91489361226594);
#835=VECTOR('',#2862,0.5);
#836=VECTOR('',#2865,0.5);
#837=VECTOR('',#2868,0.5);
#838=VECTOR('',#2879,1.5);
#839=VECTOR('',#2884,1.249999992595);
#840=VECTOR('',#2897,1.5);
#841=VECTOR('',#2902,1.249999992595);
#842=VECTOR('',#2915,1.5);
#843=VECTOR('',#2920,1.249999992595);
#844=VECTOR('',#2939,6.);
#845=VERTEX_POINT('',#2954);
#846=VERTEX_POINT('',#2955);
#847=VERTEX_POINT('',#2957);
#848=VERTEX_POINT('',#2959);
#849=VERTEX_POINT('',#2963);
#850=VERTEX_POINT('',#2964);
#851=VERTEX_POINT('',#2966);
#852=VERTEX_POINT('',#2968);
#853=VERTEX_POINT('',#2970);
#854=VERTEX_POINT('',#2972);
#855=VERTEX_POINT('',#2974);
#856=VERTEX_POINT('',#2976);
#857=VERTEX_POINT('',#2979);
#858=VERTEX_POINT('',#2981);
#859=VERTEX_POINT('',#2983);
#860=VERTEX_POINT('',#2985);
#861=VERTEX_POINT('',#2987);
#862=VERTEX_POINT('',#2989);
#863=VERTEX_POINT('',#2992);
#864=VERTEX_POINT('',#2993);
#865=VERTEX_POINT('',#2995);
#866=VERTEX_POINT('',#2997);
#867=VERTEX_POINT('',#2999);
#868=VERTEX_POINT('',#3001);
#869=VERTEX_POINT('',#3004);
#870=VERTEX_POINT('',#3005);
#871=VERTEX_POINT('',#3007);
#872=VERTEX_POINT('',#3009);
#873=VERTEX_POINT('',#3011);
#874=VERTEX_POINT('',#3013);
#875=VERTEX_POINT('',#3016);
#876=VERTEX_POINT('',#3019);
#877=VERTEX_POINT('',#3023);
#878=VERTEX_POINT('',#3027);
#879=VERTEX_POINT('',#3029);
#880=VERTEX_POINT('',#3031);
#881=VERTEX_POINT('',#3033);
#882=VERTEX_POINT('',#3035);
#883=VERTEX_POINT('',#3037);
#884=VERTEX_POINT('',#3039);
#885=VERTEX_POINT('',#3041);
#886=VERTEX_POINT('',#3043);
#887=VERTEX_POINT('',#3045);
#888=VERTEX_POINT('',#3048);
#889=VERTEX_POINT('',#3052);
#890=VERTEX_POINT('',#3057);
#891=VERTEX_POINT('',#3062);
#892=VERTEX_POINT('',#3067);
#893=VERTEX_POINT('',#3072);
#894=VERTEX_POINT('',#3076);
#895=VERTEX_POINT('',#3079);
#896=VERTEX_POINT('',#3083);
#897=VERTEX_POINT('',#3085);
#898=VERTEX_POINT('',#3087);
#899=VERTEX_POINT('',#3089);
#900=VERTEX_POINT('',#3091);
#901=VERTEX_POINT('',#3093);
#902=VERTEX_POINT('',#3095);
#903=VERTEX_POINT('',#3098);
#904=VERTEX_POINT('',#3102);
#905=VERTEX_POINT('',#3103);
#906=VERTEX_POINT('',#3105);
#907=VERTEX_POINT('',#3107);
#908=VERTEX_POINT('',#3109);
#909=VERTEX_POINT('',#3111);
#910=VERTEX_POINT('',#3113);
#911=VERTEX_POINT('',#3115);
#912=VERTEX_POINT('',#3117);
#913=VERTEX_POINT('',#3119);
#914=VERTEX_POINT('',#3121);
#915=VERTEX_POINT('',#3123);
#916=VERTEX_POINT('',#3126);
#917=VERTEX_POINT('',#3127);
#918=VERTEX_POINT('',#3129);
#919=VERTEX_POINT('',#3131);
#920=VERTEX_POINT('',#3133);
#921=VERTEX_POINT('',#3135);
#922=VERTEX_POINT('',#3138);
#923=VERTEX_POINT('',#3139);
#924=VERTEX_POINT('',#3141);
#925=VERTEX_POINT('',#3143);
#926=VERTEX_POINT('',#3145);
#927=VERTEX_POINT('',#3147);
#928=VERTEX_POINT('',#3149);
#929=VERTEX_POINT('',#3151);
#930=VERTEX_POINT('',#3155);
#931=VERTEX_POINT('',#3156);
#932=VERTEX_POINT('',#3163);
#933=VERTEX_POINT('',#3164);
#934=VERTEX_POINT('',#3169);
#935=VERTEX_POINT('',#3170);
#936=VERTEX_POINT('',#3175);
#937=VERTEX_POINT('',#3176);
#938=VERTEX_POINT('',#3178);
#939=VERTEX_POINT('',#3180);
#940=VERTEX_POINT('',#3182);
#941=VERTEX_POINT('',#3184);
#942=VERTEX_POINT('',#3186);
#943=VERTEX_POINT('',#3188);
#944=VERTEX_POINT('',#3190);
#945=VERTEX_POINT('',#3192);
#946=VERTEX_POINT('',#3194);
#947=VERTEX_POINT('',#3196);
#948=VERTEX_POINT('',#3200);
#949=VERTEX_POINT('',#3202);
#950=VERTEX_POINT('',#3205);
#951=VERTEX_POINT('',#3209);
#952=VERTEX_POINT('',#3214);
#953=VERTEX_POINT('',#3218);
#954=VERTEX_POINT('',#3223);
#955=VERTEX_POINT('',#3225);
#956=VERTEX_POINT('',#3229);
#957=VERTEX_POINT('',#3230);
#958=VERTEX_POINT('',#3237);
#959=VERTEX_POINT('',#3241);
#960=VERTEX_POINT('',#3243);
#961=VERTEX_POINT('',#3245);
#962=VERTEX_POINT('',#3247);
#963=VERTEX_POINT('',#3253);
#964=VERTEX_POINT('',#3257);
#965=VERTEX_POINT('',#3264);
#966=VERTEX_POINT('',#3286);
#967=VERTEX_POINT('',#3288);
#968=VERTEX_POINT('',#3292);
#969=VERTEX_POINT('',#3296);
#970=VERTEX_POINT('',#3300);
#971=VERTEX_POINT('',#3304);
#972=VERTEX_POINT('',#3308);
#973=VERTEX_POINT('',#3310);
#974=VERTEX_POINT('',#3319);
#975=VERTEX_POINT('',#3321);
#976=VERTEX_POINT('',#3325);
#977=VERTEX_POINT('',#3329);
#978=VERTEX_POINT('',#3333);
#979=VERTEX_POINT('',#3337);
#980=VERTEX_POINT('',#3356);
#981=VERTEX_POINT('',#3360);
#982=VERTEX_POINT('',#3364);
#983=VERTEX_POINT('',#3368);
#984=VERTEX_POINT('',#3372);
#985=VERTEX_POINT('',#3376);
#986=VERTEX_POINT('',#3397);
#987=VERTEX_POINT('',#3401);
#988=VERTEX_POINT('',#3406);
#989=VERTEX_POINT('',#3410);
#990=VERTEX_POINT('',#3415);
#991=VERTEX_POINT('',#3419);
#992=VERTEX_POINT('',#3424);
#993=VERTEX_POINT('',#3428);
#994=VERTEX_POINT('',#3433);
#995=VERTEX_POINT('',#3437);
#996=VERTEX_POINT('',#3442);
#997=VERTEX_POINT('',#3447);
#998=VERTEX_POINT('',#3449);
#999=VERTEX_POINT('',#3453);
#1000=VERTEX_POINT('',#3457);
#1001=VERTEX_POINT('',#3459);
#1002=VERTEX_POINT('',#3461);
#1003=VERTEX_POINT('',#3472);
#1004=VERTEX_POINT('',#3475);
#1005=VERTEX_POINT('',#3476);
#1006=VERTEX_POINT('',#3481);
#1007=VERTEX_POINT('',#3486);
#1008=VERTEX_POINT('',#3489);
#1009=VERTEX_POINT('',#3490);
#1010=VERTEX_POINT('',#3495);
#1011=VERTEX_POINT('',#3500);
#1012=VERTEX_POINT('',#3503);
#1013=VERTEX_POINT('',#3504);
#1014=VERTEX_POINT('',#3509);
#1015=VERTEX_POINT('',#3514);
#1016=VERTEX_POINT('',#3517);
#1017=VERTEX_POINT('',#3519);
#1018=VERTEX_POINT('',#3523);
#1019=VERTEX_POINT('',#3525);
#1020=VERTEX_POINT('',#3529);
#1021=EDGE_CURVE('',#845,#846,#519,.T.);
#1022=EDGE_CURVE('',#847,#845,#520,.T.);
#1023=EDGE_CURVE('',#848,#847,#521,.T.);
#1024=EDGE_CURVE('',#848,#846,#522,.T.);
#1025=EDGE_CURVE('',#849,#850,#523,.T.);
#1026=EDGE_CURVE('',#851,#849,#120,.T.);
#1027=EDGE_CURVE('',#852,#851,#524,.T.);
#1028=EDGE_CURVE('',#852,#853,#525,.T.);
#1029=EDGE_CURVE('',#854,#853,#121,.T.);
#1030=EDGE_CURVE('',#855,#854,#526,.T.);
#1031=EDGE_CURVE('',#856,#855,#122,.T.);
#1032=EDGE_CURVE('',#856,#850,#527,.T.);
#1033=EDGE_CURVE('',#857,#846,#123,.T.);
#1034=EDGE_CURVE('',#857,#858,#528,.T.);
#1035=EDGE_CURVE('',#859,#858,#124,.T.);
#1036=EDGE_CURVE('',#859,#860,#529,.T.);
#1037=EDGE_CURVE('',#861,#860,#125,.T.);
#1038=EDGE_CURVE('',#861,#862,#530,.T.);
#1039=EDGE_CURVE('',#845,#862,#126,.T.);
#1040=EDGE_CURVE('',#863,#864,#531,.T.);
#1041=EDGE_CURVE('',#865,#864,#127,.T.);
#1042=EDGE_CURVE('',#865,#866,#532,.T.);
#1043=EDGE_CURVE('',#867,#866,#128,.T.);
#1044=EDGE_CURVE('',#867,#868,#533,.T.);
#1045=EDGE_CURVE('',#863,#868,#129,.T.);
#1046=EDGE_CURVE('',#869,#870,#534,.T.);
#1047=EDGE_CURVE('',#870,#871,#535,.T.);
#1048=EDGE_CURVE('',#871,#872,#536,.T.);
#1049=EDGE_CURVE('',#872,#873,#537,.T.);
#1050=EDGE_CURVE('',#873,#874,#538,.T.);
#1051=EDGE_CURVE('',#874,#869,#539,.T.);
#1052=EDGE_CURVE('',#875,#875,#130,.T.);
#1053=EDGE_CURVE('',#876,#876,#131,.T.);
#1054=EDGE_CURVE('',#876,#875,#540,.T.);
#1055=EDGE_CURVE('',#876,#877,#541,.T.);
#1056=EDGE_CURVE('',#877,#877,#132,.T.);
#1057=EDGE_CURVE('',#878,#878,#133,.T.);
#1058=EDGE_CURVE('',#879,#879,#134,.T.);
#1059=EDGE_CURVE('',#880,#880,#135,.T.);
#1060=EDGE_CURVE('',#881,#881,#136,.T.);
#1061=EDGE_CURVE('',#882,#882,#137,.T.);
#1062=EDGE_CURVE('',#883,#883,#138,.T.);
#1063=EDGE_CURVE('',#884,#884,#139,.T.);
#1064=EDGE_CURVE('',#885,#885,#140,.T.);
#1065=EDGE_CURVE('',#886,#886,#141,.T.);
#1066=EDGE_CURVE('',#887,#887,#142,.T.);
#1067=EDGE_CURVE('',#888,#888,#143,.T.);
#1068=EDGE_CURVE('',#888,#887,#542,.T.);
#1069=EDGE_CURVE('',#888,#889,#543,.T.);
#1070=EDGE_CURVE('',#889,#889,#144,.T.);
#1071=EDGE_CURVE('',#878,#890,#544,.T.);
#1072=EDGE_CURVE('',#890,#890,#145,.T.);
#1073=EDGE_CURVE('',#879,#891,#545,.T.);
#1074=EDGE_CURVE('',#891,#891,#146,.T.);
#1075=EDGE_CURVE('',#880,#892,#546,.T.);
#1076=EDGE_CURVE('',#892,#892,#147,.T.);
#1077=EDGE_CURVE('',#881,#893,#547,.T.);
#1078=EDGE_CURVE('',#893,#893,#148,.T.);
#1079=EDGE_CURVE('',#894,#894,#149,.T.);
#1080=EDGE_CURVE('',#894,#895,#548,.T.);
#1081=EDGE_CURVE('',#895,#895,#150,.T.);
#1082=EDGE_CURVE('',#896,#896,#151,.T.);
#1083=EDGE_CURVE('',#897,#897,#152,.T.);
#1084=EDGE_CURVE('',#898,#898,#153,.T.);
#1085=EDGE_CURVE('',#899,#899,#154,.T.);
#1086=EDGE_CURVE('',#900,#900,#155,.T.);
#1087=EDGE_CURVE('',#901,#901,#156,.T.);
#1088=EDGE_CURVE('',#902,#902,#157,.T.);
#1089=EDGE_CURVE('',#896,#903,#549,.T.);
#1090=EDGE_CURVE('',#903,#903,#158,.T.);
#1091=EDGE_CURVE('',#904,#905,#550,.T.);
#1092=EDGE_CURVE('',#906,#905,#159,.T.);
#1093=EDGE_CURVE('',#907,#906,#160,.T.);
#1094=EDGE_CURVE('',#907,#908,#551,.T.);
#1095=EDGE_CURVE('',#908,#909,#161,.T.);
#1096=EDGE_CURVE('',#909,#910,#552,.T.);
#1097=EDGE_CURVE('',#910,#911,#162,.T.);
#1098=EDGE_CURVE('',#911,#912,#553,.T.);
#1099=EDGE_CURVE('',#912,#913,#163,.T.);
#1100=EDGE_CURVE('',#913,#914,#554,.T.);
#1101=EDGE_CURVE('',#915,#914,#164,.T.);
#1102=EDGE_CURVE('',#904,#915,#165,.T.);
#1103=EDGE_CURVE('',#916,#917,#166,.T.);
#1104=EDGE_CURVE('',#917,#918,#555,.T.);
#1105=EDGE_CURVE('',#918,#919,#167,.T.);
#1106=EDGE_CURVE('',#919,#920,#556,.T.);
#1107=EDGE_CURVE('',#920,#921,#168,.T.);
#1108=EDGE_CURVE('',#921,#916,#557,.T.);
#1109=EDGE_CURVE('',#922,#923,#169,.T.);
#1110=EDGE_CURVE('',#923,#924,#558,.T.);
#1111=EDGE_CURVE('',#924,#925,#170,.T.);
#1112=EDGE_CURVE('',#925,#926,#559,.T.);
#1113=EDGE_CURVE('',#926,#927,#171,.T.);
#1114=EDGE_CURVE('',#927,#928,#560,.T.);
#1115=EDGE_CURVE('',#928,#929,#172,.T.);
#1116=EDGE_CURVE('',#929,#922,#561,.T.);
#1117=EDGE_CURVE('',#930,#931,#562,.T.);
#1118=EDGE_CURVE('',#908,#930,#563,.T.);
#1119=EDGE_CURVE('',#905,#907,#25,.T.);
#1120=EDGE_CURVE('',#914,#904,#26,.T.);
#1121=EDGE_CURVE('',#913,#931,#564,.T.);
#1122=EDGE_CURVE('',#932,#933,#565,.T.);
#1123=EDGE_CURVE('',#930,#932,#566,.T.);
#1124=EDGE_CURVE('',#931,#933,#567,.T.);
#1125=EDGE_CURVE('',#934,#935,#568,.T.);
#1126=EDGE_CURVE('',#934,#932,#569,.T.);
#1127=EDGE_CURVE('',#935,#933,#570,.T.);
#1128=EDGE_CURVE('',#936,#937,#571,.T.);
#1129=EDGE_CURVE('',#938,#937,#572,.T.);
#1130=EDGE_CURVE('',#938,#939,#173,.T.);
#1131=EDGE_CURVE('',#940,#939,#573,.T.);
#1132=EDGE_CURVE('',#940,#941,#174,.T.);
#1133=EDGE_CURVE('',#942,#941,#574,.T.);
#1134=EDGE_CURVE('',#942,#943,#175,.T.);
#1135=EDGE_CURVE('',#944,#943,#575,.T.);
#1136=EDGE_CURVE('',#944,#945,#176,.T.);
#1137=EDGE_CURVE('',#946,#945,#576,.T.);
#1138=EDGE_CURVE('',#946,#947,#577,.T.);
#1139=EDGE_CURVE('',#947,#934,#177,.T.);
#1140=EDGE_CURVE('',#935,#936,#178,.T.);
#1141=EDGE_CURVE('',#948,#948,#179,.T.);
#1142=EDGE_CURVE('',#949,#949,#180,.T.);
#1143=EDGE_CURVE('',#949,#950,#578,.T.);
#1144=EDGE_CURVE('',#950,#950,#181,.T.);
#1145=EDGE_CURVE('',#951,#951,#182,.T.);
#1146=EDGE_CURVE('',#951,#906,#579,.T.);
#1147=EDGE_CURVE('',#948,#952,#580,.T.);
#1148=EDGE_CURVE('',#952,#952,#183,.T.);
#1149=EDGE_CURVE('',#953,#953,#184,.T.);
#1150=EDGE_CURVE('',#953,#915,#581,.T.);
#1151=EDGE_CURVE('',#937,#954,#582,.T.);
#1152=EDGE_CURVE('',#936,#955,#583,.T.);
#1153=EDGE_CURVE('',#955,#954,#584,.T.);
#1154=EDGE_CURVE('',#956,#957,#585,.T.);
#1155=EDGE_CURVE('',#956,#946,#586,.T.);
#1156=EDGE_CURVE('',#853,#945,#587,.T.);
#1157=EDGE_CURVE('',#852,#957,#588,.T.);
#1158=EDGE_CURVE('',#856,#938,#589,.T.);
#1159=EDGE_CURVE('',#958,#954,#590,.T.);
#1160=EDGE_CURVE('',#958,#850,#591,.T.);
#1161=EDGE_CURVE('',#957,#959,#592,.T.);
#1162=EDGE_CURVE('',#959,#960,#593,.T.);
#1163=EDGE_CURVE('',#961,#960,#594,.T.);
#1164=EDGE_CURVE('',#961,#962,#595,.T.);
#1165=EDGE_CURVE('',#956,#962,#596,.T.);
#1166=EDGE_CURVE('',#959,#851,#597,.T.);
#1167=EDGE_CURVE('',#959,#963,#185,.T.);
#1168=EDGE_CURVE('',#963,#849,#598,.T.);
#1169=EDGE_CURVE('',#963,#964,#599,.T.);
#1170=EDGE_CURVE('',#960,#964,#186,.T.);
#1171=EDGE_CURVE('',#910,#960,#600,.T.);
#1172=EDGE_CURVE('',#911,#964,#601,.T.);
#1173=EDGE_CURVE('',#964,#965,#602,.T.);
#1174=EDGE_CURVE('',#912,#965,#603,.T.);
#1175=EDGE_CURVE('',#963,#958,#604,.T.);
#1176=EDGE_CURVE('',#965,#955,#605,.T.);
#1177=EDGE_CURVE('',#933,#955,#187,.T.);
#1178=EDGE_CURVE('',#965,#931,#188,.T.);
#1179=EDGE_CURVE('',#909,#961,#606,.T.);
#1180=EDGE_CURVE('',#930,#961,#189,.T.);
#1181=EDGE_CURVE('',#962,#932,#190,.T.);
#1182=EDGE_CURVE('',#947,#962,#607,.T.);
#1183=EDGE_CURVE('',#966,#944,#608,.T.);
#1184=EDGE_CURVE('',#967,#966,#191,.T.);
#1185=EDGE_CURVE('',#967,#854,#609,.T.);
#1186=EDGE_CURVE('',#968,#967,#610,.T.);
#1187=EDGE_CURVE('',#968,#855,#611,.T.);
#1188=EDGE_CURVE('',#969,#968,#192,.T.);
#1189=EDGE_CURVE('',#969,#939,#612,.T.);
#1190=EDGE_CURVE('',#970,#940,#613,.T.);
#1191=EDGE_CURVE('',#970,#969,#614,.T.);
#1192=EDGE_CURVE('',#971,#970,#193,.T.);
#1193=EDGE_CURVE('',#971,#941,#615,.T.);
#1194=EDGE_CURVE('',#966,#972,#616,.T.);
#1195=EDGE_CURVE('',#972,#973,#194,.T.);
#1196=EDGE_CURVE('',#973,#971,#617,.T.);
#1197=EDGE_CURVE('',#973,#942,#618,.T.);
#1198=EDGE_CURVE('',#972,#943,#619,.T.);
#1199=EDGE_CURVE('',#916,#974,#620,.T.);
#1200=EDGE_CURVE('',#974,#975,#195,.T.);
#1201=EDGE_CURVE('',#917,#975,#621,.T.);
#1202=EDGE_CURVE('',#975,#976,#622,.T.);
#1203=EDGE_CURVE('',#918,#976,#623,.T.);
#1204=EDGE_CURVE('',#976,#977,#196,.T.);
#1205=EDGE_CURVE('',#919,#977,#624,.T.);
#1206=EDGE_CURVE('',#977,#978,#625,.T.);
#1207=EDGE_CURVE('',#920,#978,#626,.T.);
#1208=EDGE_CURVE('',#978,#979,#197,.T.);
#1209=EDGE_CURVE('',#921,#979,#627,.T.);
#1210=EDGE_CURVE('',#979,#974,#628,.T.);
#1211=EDGE_CURVE('',#974,#863,#629,.T.);
#1212=EDGE_CURVE('',#979,#864,#630,.T.);
#1213=EDGE_CURVE('',#978,#865,#631,.T.);
#1214=EDGE_CURVE('',#977,#866,#632,.T.);
#1215=EDGE_CURVE('',#976,#867,#633,.T.);
#1216=EDGE_CURVE('',#975,#868,#634,.T.);
#1217=EDGE_CURVE('',#922,#847,#635,.T.);
#1218=EDGE_CURVE('',#847,#980,#198,.T.);
#1219=EDGE_CURVE('',#923,#980,#636,.T.);
#1220=EDGE_CURVE('',#980,#981,#637,.T.);
#1221=EDGE_CURVE('',#924,#981,#638,.T.);
#1222=EDGE_CURVE('',#981,#982,#199,.T.);
#1223=EDGE_CURVE('',#925,#982,#639,.T.);
#1224=EDGE_CURVE('',#982,#983,#640,.T.);
#1225=EDGE_CURVE('',#926,#983,#641,.T.);
#1226=EDGE_CURVE('',#983,#984,#200,.T.);
#1227=EDGE_CURVE('',#927,#984,#642,.T.);
#1228=EDGE_CURVE('',#984,#985,#643,.T.);
#1229=EDGE_CURVE('',#928,#985,#644,.T.);
#1230=EDGE_CURVE('',#985,#848,#201,.T.);
#1231=EDGE_CURVE('',#929,#848,#645,.T.);
#1232=EDGE_CURVE('',#985,#857,#646,.T.);
#1233=EDGE_CURVE('',#984,#858,#647,.T.);
#1234=EDGE_CURVE('',#983,#859,#648,.T.);
#1235=EDGE_CURVE('',#982,#860,#649,.T.);
#1236=EDGE_CURVE('',#981,#861,#650,.T.);
#1237=EDGE_CURVE('',#980,#862,#651,.T.);
#1238=EDGE_CURVE('',#986,#986,#202,.T.);
#1239=EDGE_CURVE('',#986,#897,#652,.T.);
#1240=EDGE_CURVE('',#987,#987,#203,.T.);
#1241=EDGE_CURVE('',#882,#987,#653,.T.);
#1242=EDGE_CURVE('',#988,#988,#204,.T.);
#1243=EDGE_CURVE('',#988,#898,#654,.T.);
#1244=EDGE_CURVE('',#989,#989,#205,.T.);
#1245=EDGE_CURVE('',#883,#989,#655,.T.);
#1246=EDGE_CURVE('',#990,#990,#206,.T.);
#1247=EDGE_CURVE('',#990,#899,#656,.T.);
#1248=EDGE_CURVE('',#991,#991,#207,.T.);
#1249=EDGE_CURVE('',#884,#991,#657,.T.);
#1250=EDGE_CURVE('',#992,#992,#208,.T.);
#1251=EDGE_CURVE('',#992,#900,#658,.T.);
#1252=EDGE_CURVE('',#993,#993,#209,.T.);
#1253=EDGE_CURVE('',#885,#993,#659,.T.);
#1254=EDGE_CURVE('',#994,#994,#210,.T.);
#1255=EDGE_CURVE('',#994,#901,#660,.T.);
#1256=EDGE_CURVE('',#995,#995,#211,.T.);
#1257=EDGE_CURVE('',#886,#995,#661,.T.);
#1258=EDGE_CURVE('',#996,#996,#212,.T.);
#1259=EDGE_CURVE('',#996,#902,#662,.T.);
#1260=EDGE_CURVE('',#869,#997,#663,.T.);
#1261=EDGE_CURVE('',#997,#998,#664,.T.);
#1262=EDGE_CURVE('',#870,#998,#665,.T.);
#1263=EDGE_CURVE('',#874,#999,#666,.T.);
#1264=EDGE_CURVE('',#999,#997,#667,.T.);
#1265=EDGE_CURVE('',#1000,#999,#668,.T.);
#1266=EDGE_CURVE('',#1001,#1000,#669,.T.);
#1267=EDGE_CURVE('',#1002,#1001,#670,.T.);
#1268=EDGE_CURVE('',#998,#1002,#671,.T.);
#1269=EDGE_CURVE('',#871,#1002,#672,.T.);
#1270=EDGE_CURVE('',#872,#1001,#673,.T.);
#1271=EDGE_CURVE('',#873,#1000,#674,.T.);
#1272=EDGE_CURVE('',#1003,#1003,#213,.T.);
#1273=EDGE_CURVE('',#1004,#1005,#214,.T.);
#1274=EDGE_CURVE('',#1004,#1003,#675,.T.);
#1275=EDGE_CURVE('',#1005,#1004,#215,.T.);
#1276=EDGE_CURVE('',#1005,#1006,#676,.T.);
#1277=EDGE_CURVE('',#1006,#1006,#216,.T.);
#1278=EDGE_CURVE('',#1007,#1007,#217,.T.);
#1279=EDGE_CURVE('',#1008,#1009,#218,.T.);
#1280=EDGE_CURVE('',#1008,#1007,#677,.T.);
#1281=EDGE_CURVE('',#1009,#1008,#219,.T.);
#1282=EDGE_CURVE('',#1009,#1010,#678,.T.);
#1283=EDGE_CURVE('',#1010,#1010,#220,.T.);
#1284=EDGE_CURVE('',#1011,#1011,#221,.T.);
#1285=EDGE_CURVE('',#1012,#1013,#222,.T.);
#1286=EDGE_CURVE('',#1012,#1011,#679,.T.);
#1287=EDGE_CURVE('',#1013,#1012,#223,.T.);
#1288=EDGE_CURVE('',#1013,#1014,#680,.T.);
#1289=EDGE_CURVE('',#1014,#1014,#224,.T.);
#1290=EDGE_CURVE('',#1015,#1015,#225,.T.);
#1291=EDGE_CURVE('',#1015,#1016,#226,.T.);
#1292=EDGE_CURVE('',#1016,#1017,#227,.T.);
#1293=EDGE_CURVE('',#1017,#1016,#228,.T.);
#1294=EDGE_CURVE('',#1017,#1018,#681,.T.);
#1295=EDGE_CURVE('',#1019,#1018,#229,.T.);
#1296=EDGE_CURVE('',#1018,#1019,#230,.T.);
#1297=EDGE_CURVE('',#1019,#1020,#231,.T.);
#1298=EDGE_CURVE('',#1020,#1020,#232,.T.);
#1299=ORIENTED_EDGE('',*,*,#1021,.F.);
#1300=ORIENTED_EDGE('',*,*,#1022,.F.);
#1301=ORIENTED_EDGE('',*,*,#1023,.F.);
#1302=ORIENTED_EDGE('',*,*,#1024,.T.);
#1303=ORIENTED_EDGE('',*,*,#1025,.F.);
#1304=ORIENTED_EDGE('',*,*,#1026,.F.);
#1305=ORIENTED_EDGE('',*,*,#1027,.F.);
#1306=ORIENTED_EDGE('',*,*,#1028,.T.);
#1307=ORIENTED_EDGE('',*,*,#1029,.F.);
#1308=ORIENTED_EDGE('',*,*,#1030,.F.);
#1309=ORIENTED_EDGE('',*,*,#1031,.F.);
#1310=ORIENTED_EDGE('',*,*,#1032,.T.);
#1311=ORIENTED_EDGE('',*,*,#1021,.T.);
#1312=ORIENTED_EDGE('',*,*,#1033,.F.);
#1313=ORIENTED_EDGE('',*,*,#1034,.T.);
#1314=ORIENTED_EDGE('',*,*,#1035,.F.);
#1315=ORIENTED_EDGE('',*,*,#1036,.T.);
#1316=ORIENTED_EDGE('',*,*,#1037,.F.);
#1317=ORIENTED_EDGE('',*,*,#1038,.T.);
#1318=ORIENTED_EDGE('',*,*,#1039,.F.);
#1319=ORIENTED_EDGE('',*,*,#1040,.T.);
#1320=ORIENTED_EDGE('',*,*,#1041,.F.);
#1321=ORIENTED_EDGE('',*,*,#1042,.T.);
#1322=ORIENTED_EDGE('',*,*,#1043,.F.);
#1323=ORIENTED_EDGE('',*,*,#1044,.T.);
#1324=ORIENTED_EDGE('',*,*,#1045,.F.);
#1325=ORIENTED_EDGE('',*,*,#1046,.T.);
#1326=ORIENTED_EDGE('',*,*,#1047,.T.);
#1327=ORIENTED_EDGE('',*,*,#1048,.T.);
#1328=ORIENTED_EDGE('',*,*,#1049,.T.);
#1329=ORIENTED_EDGE('',*,*,#1050,.T.);
#1330=ORIENTED_EDGE('',*,*,#1051,.T.);
#1331=ORIENTED_EDGE('',*,*,#1052,.T.);
#1332=ORIENTED_EDGE('',*,*,#1053,.T.);
#1333=ORIENTED_EDGE('',*,*,#1054,.T.);
#1334=ORIENTED_EDGE('',*,*,#1052,.F.);
#1335=ORIENTED_EDGE('',*,*,#1054,.F.);
#1336=ORIENTED_EDGE('',*,*,#1053,.F.);
#1337=ORIENTED_EDGE('',*,*,#1055,.T.);
#1338=ORIENTED_EDGE('',*,*,#1056,.T.);
#1339=ORIENTED_EDGE('',*,*,#1055,.F.);
#1340=ORIENTED_EDGE('',*,*,#1056,.F.);
#1341=ORIENTED_EDGE('',*,*,#1057,.T.);
#1342=ORIENTED_EDGE('',*,*,#1058,.T.);
#1343=ORIENTED_EDGE('',*,*,#1059,.T.);
#1344=ORIENTED_EDGE('',*,*,#1060,.T.);
#1345=ORIENTED_EDGE('',*,*,#1061,.T.);
#1346=ORIENTED_EDGE('',*,*,#1062,.T.);
#1347=ORIENTED_EDGE('',*,*,#1063,.T.);
#1348=ORIENTED_EDGE('',*,*,#1064,.T.);
#1349=ORIENTED_EDGE('',*,*,#1065,.T.);
#1350=ORIENTED_EDGE('',*,*,#1066,.F.);
#1351=ORIENTED_EDGE('',*,*,#1067,.F.);
#1352=ORIENTED_EDGE('',*,*,#1068,.T.);
#1353=ORIENTED_EDGE('',*,*,#1066,.T.);
#1354=ORIENTED_EDGE('',*,*,#1068,.F.);
#1355=ORIENTED_EDGE('',*,*,#1067,.T.);
#1356=ORIENTED_EDGE('',*,*,#1069,.T.);
#1357=ORIENTED_EDGE('',*,*,#1070,.F.);
#1358=ORIENTED_EDGE('',*,*,#1069,.F.);
#1359=ORIENTED_EDGE('',*,*,#1070,.T.);
#1360=ORIENTED_EDGE('',*,*,#1057,.F.);
#1361=ORIENTED_EDGE('',*,*,#1071,.T.);
#1362=ORIENTED_EDGE('',*,*,#1072,.T.);
#1363=ORIENTED_EDGE('',*,*,#1071,.F.);
#1364=ORIENTED_EDGE('',*,*,#1072,.F.);
#1365=ORIENTED_EDGE('',*,*,#1058,.F.);
#1366=ORIENTED_EDGE('',*,*,#1073,.T.);
#1367=ORIENTED_EDGE('',*,*,#1074,.T.);
#1368=ORIENTED_EDGE('',*,*,#1073,.F.);
#1369=ORIENTED_EDGE('',*,*,#1074,.F.);
#1370=ORIENTED_EDGE('',*,*,#1059,.F.);
#1371=ORIENTED_EDGE('',*,*,#1075,.T.);
#1372=ORIENTED_EDGE('',*,*,#1076,.T.);
#1373=ORIENTED_EDGE('',*,*,#1075,.F.);
#1374=ORIENTED_EDGE('',*,*,#1076,.F.);
#1375=ORIENTED_EDGE('',*,*,#1060,.F.);
#1376=ORIENTED_EDGE('',*,*,#1077,.T.);
#1377=ORIENTED_EDGE('',*,*,#1078,.T.);
#1378=ORIENTED_EDGE('',*,*,#1077,.F.);
#1379=ORIENTED_EDGE('',*,*,#1079,.T.);
#1380=ORIENTED_EDGE('',*,*,#1078,.F.);
#1381=ORIENTED_EDGE('',*,*,#1079,.F.);
#1382=ORIENTED_EDGE('',*,*,#1080,.T.);
#1383=ORIENTED_EDGE('',*,*,#1081,.T.);
#1384=ORIENTED_EDGE('',*,*,#1080,.F.);
#1385=ORIENTED_EDGE('',*,*,#1082,.T.);
#1386=ORIENTED_EDGE('',*,*,#1081,.F.);
#1387=ORIENTED_EDGE('',*,*,#1083,.F.);
#1388=ORIENTED_EDGE('',*,*,#1084,.F.);
#1389=ORIENTED_EDGE('',*,*,#1085,.F.);
#1390=ORIENTED_EDGE('',*,*,#1086,.F.);
#1391=ORIENTED_EDGE('',*,*,#1087,.F.);
#1392=ORIENTED_EDGE('',*,*,#1088,.F.);
#1393=ORIENTED_EDGE('',*,*,#1082,.F.);
#1394=ORIENTED_EDGE('',*,*,#1089,.T.);
#1395=ORIENTED_EDGE('',*,*,#1090,.T.);
#1396=ORIENTED_EDGE('',*,*,#1089,.F.);
#1397=ORIENTED_EDGE('',*,*,#1091,.T.);
#1398=ORIENTED_EDGE('',*,*,#1092,.F.);
#1399=ORIENTED_EDGE('',*,*,#1093,.F.);
#1400=ORIENTED_EDGE('',*,*,#1094,.T.);
#1401=ORIENTED_EDGE('',*,*,#1095,.T.);
#1402=ORIENTED_EDGE('',*,*,#1096,.T.);
#1403=ORIENTED_EDGE('',*,*,#1097,.T.);
#1404=ORIENTED_EDGE('',*,*,#1098,.T.);
#1405=ORIENTED_EDGE('',*,*,#1099,.T.);
#1406=ORIENTED_EDGE('',*,*,#1100,.T.);
#1407=ORIENTED_EDGE('',*,*,#1101,.F.);
#1408=ORIENTED_EDGE('',*,*,#1102,.F.);
#1409=ORIENTED_EDGE('',*,*,#1103,.T.);
#1410=ORIENTED_EDGE('',*,*,#1104,.T.);
#1411=ORIENTED_EDGE('',*,*,#1105,.T.);
#1412=ORIENTED_EDGE('',*,*,#1106,.T.);
#1413=ORIENTED_EDGE('',*,*,#1107,.T.);
#1414=ORIENTED_EDGE('',*,*,#1108,.T.);
#1415=ORIENTED_EDGE('',*,*,#1109,.T.);
#1416=ORIENTED_EDGE('',*,*,#1110,.T.);
#1417=ORIENTED_EDGE('',*,*,#1111,.T.);
#1418=ORIENTED_EDGE('',*,*,#1112,.T.);
#1419=ORIENTED_EDGE('',*,*,#1113,.T.);
#1420=ORIENTED_EDGE('',*,*,#1114,.T.);
#1421=ORIENTED_EDGE('',*,*,#1115,.T.);
#1422=ORIENTED_EDGE('',*,*,#1116,.T.);
#1423=ORIENTED_EDGE('',*,*,#1090,.F.);
#1424=ORIENTED_EDGE('',*,*,#1117,.F.);
#1425=ORIENTED_EDGE('',*,*,#1118,.F.);
#1426=ORIENTED_EDGE('',*,*,#1094,.F.);
#1427=ORIENTED_EDGE('',*,*,#1119,.F.);
#1428=ORIENTED_EDGE('',*,*,#1091,.F.);
#1429=ORIENTED_EDGE('',*,*,#1120,.F.);
#1430=ORIENTED_EDGE('',*,*,#1100,.F.);
#1431=ORIENTED_EDGE('',*,*,#1121,.T.);
#1432=ORIENTED_EDGE('',*,*,#1122,.F.);
#1433=ORIENTED_EDGE('',*,*,#1123,.F.);
#1434=ORIENTED_EDGE('',*,*,#1117,.T.);
#1435=ORIENTED_EDGE('',*,*,#1124,.T.);
#1436=ORIENTED_EDGE('',*,*,#1125,.F.);
#1437=ORIENTED_EDGE('',*,*,#1126,.T.);
#1438=ORIENTED_EDGE('',*,*,#1122,.T.);
#1439=ORIENTED_EDGE('',*,*,#1127,.F.);
#1440=ORIENTED_EDGE('',*,*,#1128,.T.);
#1441=ORIENTED_EDGE('',*,*,#1129,.F.);
#1442=ORIENTED_EDGE('',*,*,#1130,.T.);
#1443=ORIENTED_EDGE('',*,*,#1131,.F.);
#1444=ORIENTED_EDGE('',*,*,#1132,.T.);
#1445=ORIENTED_EDGE('',*,*,#1133,.F.);
#1446=ORIENTED_EDGE('',*,*,#1134,.T.);
#1447=ORIENTED_EDGE('',*,*,#1135,.F.);
#1448=ORIENTED_EDGE('',*,*,#1136,.T.);
#1449=ORIENTED_EDGE('',*,*,#1137,.F.);
#1450=ORIENTED_EDGE('',*,*,#1138,.T.);
#1451=ORIENTED_EDGE('',*,*,#1139,.T.);
#1452=ORIENTED_EDGE('',*,*,#1125,.T.);
#1453=ORIENTED_EDGE('',*,*,#1140,.T.);
#1454=ORIENTED_EDGE('',*,*,#1141,.T.);
#1455=ORIENTED_EDGE('',*,*,#1142,.T.);
#1456=ORIENTED_EDGE('',*,*,#1142,.F.);
#1457=ORIENTED_EDGE('',*,*,#1143,.T.);
#1458=ORIENTED_EDGE('',*,*,#1144,.T.);
#1459=ORIENTED_EDGE('',*,*,#1143,.F.);
#1460=ORIENTED_EDGE('',*,*,#1145,.T.);
#1461=ORIENTED_EDGE('',*,*,#1144,.F.);
#1462=ORIENTED_EDGE('',*,*,#1145,.F.);
#1463=ORIENTED_EDGE('',*,*,#1146,.T.);
#1464=ORIENTED_EDGE('',*,*,#1092,.T.);
#1465=ORIENTED_EDGE('',*,*,#1119,.T.);
#1466=ORIENTED_EDGE('',*,*,#1093,.T.);
#1467=ORIENTED_EDGE('',*,*,#1146,.F.);
#1468=ORIENTED_EDGE('',*,*,#1141,.F.);
#1469=ORIENTED_EDGE('',*,*,#1147,.T.);
#1470=ORIENTED_EDGE('',*,*,#1148,.T.);
#1471=ORIENTED_EDGE('',*,*,#1147,.F.);
#1472=ORIENTED_EDGE('',*,*,#1149,.T.);
#1473=ORIENTED_EDGE('',*,*,#1148,.F.);
#1474=ORIENTED_EDGE('',*,*,#1149,.F.);
#1475=ORIENTED_EDGE('',*,*,#1150,.T.);
#1476=ORIENTED_EDGE('',*,*,#1101,.T.);
#1477=ORIENTED_EDGE('',*,*,#1120,.T.);
#1478=ORIENTED_EDGE('',*,*,#1102,.T.);
#1479=ORIENTED_EDGE('',*,*,#1150,.F.);
#1480=ORIENTED_EDGE('',*,*,#1151,.F.);
#1481=ORIENTED_EDGE('',*,*,#1128,.F.);
#1482=ORIENTED_EDGE('',*,*,#1152,.T.);
#1483=ORIENTED_EDGE('',*,*,#1153,.T.);
#1484=ORIENTED_EDGE('',*,*,#1154,.F.);
#1485=ORIENTED_EDGE('',*,*,#1155,.T.);
#1486=ORIENTED_EDGE('',*,*,#1137,.T.);
#1487=ORIENTED_EDGE('',*,*,#1156,.F.);
#1488=ORIENTED_EDGE('',*,*,#1028,.F.);
#1489=ORIENTED_EDGE('',*,*,#1157,.T.);
#1490=ORIENTED_EDGE('',*,*,#1032,.F.);
#1491=ORIENTED_EDGE('',*,*,#1158,.T.);
#1492=ORIENTED_EDGE('',*,*,#1129,.T.);
#1493=ORIENTED_EDGE('',*,*,#1151,.T.);
#1494=ORIENTED_EDGE('',*,*,#1159,.F.);
#1495=ORIENTED_EDGE('',*,*,#1160,.T.);
#1496=ORIENTED_EDGE('',*,*,#1161,.T.);
#1497=ORIENTED_EDGE('',*,*,#1162,.T.);
#1498=ORIENTED_EDGE('',*,*,#1163,.F.);
#1499=ORIENTED_EDGE('',*,*,#1164,.T.);
#1500=ORIENTED_EDGE('',*,*,#1165,.F.);
#1501=ORIENTED_EDGE('',*,*,#1154,.T.);
#1502=ORIENTED_EDGE('',*,*,#1161,.F.);
#1503=ORIENTED_EDGE('',*,*,#1157,.F.);
#1504=ORIENTED_EDGE('',*,*,#1027,.T.);
#1505=ORIENTED_EDGE('',*,*,#1166,.F.);
#1506=ORIENTED_EDGE('',*,*,#1167,.F.);
#1507=ORIENTED_EDGE('',*,*,#1166,.T.);
#1508=ORIENTED_EDGE('',*,*,#1026,.T.);
#1509=ORIENTED_EDGE('',*,*,#1168,.F.);
#1510=ORIENTED_EDGE('',*,*,#1167,.T.);
#1511=ORIENTED_EDGE('',*,*,#1169,.T.);
#1512=ORIENTED_EDGE('',*,*,#1170,.F.);
#1513=ORIENTED_EDGE('',*,*,#1162,.F.);
#1514=ORIENTED_EDGE('',*,*,#1097,.F.);
#1515=ORIENTED_EDGE('',*,*,#1171,.T.);
#1516=ORIENTED_EDGE('',*,*,#1170,.T.);
#1517=ORIENTED_EDGE('',*,*,#1172,.F.);
#1518=ORIENTED_EDGE('',*,*,#1173,.T.);
#1519=ORIENTED_EDGE('',*,*,#1174,.F.);
#1520=ORIENTED_EDGE('',*,*,#1098,.F.);
#1521=ORIENTED_EDGE('',*,*,#1172,.T.);
#1522=ORIENTED_EDGE('',*,*,#1175,.T.);
#1523=ORIENTED_EDGE('',*,*,#1159,.T.);
#1524=ORIENTED_EDGE('',*,*,#1153,.F.);
#1525=ORIENTED_EDGE('',*,*,#1176,.F.);
#1526=ORIENTED_EDGE('',*,*,#1173,.F.);
#1527=ORIENTED_EDGE('',*,*,#1169,.F.);
#1528=ORIENTED_EDGE('',*,*,#1025,.T.);
#1529=ORIENTED_EDGE('',*,*,#1160,.F.);
#1530=ORIENTED_EDGE('',*,*,#1175,.F.);
#1531=ORIENTED_EDGE('',*,*,#1168,.T.);
#1532=ORIENTED_EDGE('',*,*,#1177,.F.);
#1533=ORIENTED_EDGE('',*,*,#1124,.F.);
#1534=ORIENTED_EDGE('',*,*,#1178,.F.);
#1535=ORIENTED_EDGE('',*,*,#1176,.T.);
#1536=ORIENTED_EDGE('',*,*,#1140,.F.);
#1537=ORIENTED_EDGE('',*,*,#1127,.T.);
#1538=ORIENTED_EDGE('',*,*,#1177,.T.);
#1539=ORIENTED_EDGE('',*,*,#1152,.F.);
#1540=ORIENTED_EDGE('',*,*,#1099,.F.);
#1541=ORIENTED_EDGE('',*,*,#1174,.T.);
#1542=ORIENTED_EDGE('',*,*,#1178,.T.);
#1543=ORIENTED_EDGE('',*,*,#1121,.F.);
#1544=ORIENTED_EDGE('',*,*,#1096,.F.);
#1545=ORIENTED_EDGE('',*,*,#1179,.T.);
#1546=ORIENTED_EDGE('',*,*,#1163,.T.);
#1547=ORIENTED_EDGE('',*,*,#1171,.F.);
#1548=ORIENTED_EDGE('',*,*,#1095,.F.);
#1549=ORIENTED_EDGE('',*,*,#1118,.T.);
#1550=ORIENTED_EDGE('',*,*,#1180,.T.);
#1551=ORIENTED_EDGE('',*,*,#1179,.F.);
#1552=ORIENTED_EDGE('',*,*,#1181,.F.);
#1553=ORIENTED_EDGE('',*,*,#1164,.F.);
#1554=ORIENTED_EDGE('',*,*,#1180,.F.);
#1555=ORIENTED_EDGE('',*,*,#1123,.T.);
#1556=ORIENTED_EDGE('',*,*,#1139,.F.);
#1557=ORIENTED_EDGE('',*,*,#1182,.T.);
#1558=ORIENTED_EDGE('',*,*,#1181,.T.);
#1559=ORIENTED_EDGE('',*,*,#1126,.F.);
#1560=ORIENTED_EDGE('',*,*,#1155,.F.);
#1561=ORIENTED_EDGE('',*,*,#1165,.T.);
#1562=ORIENTED_EDGE('',*,*,#1182,.F.);
#1563=ORIENTED_EDGE('',*,*,#1138,.F.);
#1564=ORIENTED_EDGE('',*,*,#1029,.T.);
#1565=ORIENTED_EDGE('',*,*,#1156,.T.);
#1566=ORIENTED_EDGE('',*,*,#1136,.F.);
#1567=ORIENTED_EDGE('',*,*,#1183,.F.);
#1568=ORIENTED_EDGE('',*,*,#1184,.F.);
#1569=ORIENTED_EDGE('',*,*,#1185,.T.);
#1570=ORIENTED_EDGE('',*,*,#1030,.T.);
#1571=ORIENTED_EDGE('',*,*,#1185,.F.);
#1572=ORIENTED_EDGE('',*,*,#1186,.F.);
#1573=ORIENTED_EDGE('',*,*,#1187,.T.);
#1574=ORIENTED_EDGE('',*,*,#1031,.T.);
#1575=ORIENTED_EDGE('',*,*,#1187,.F.);
#1576=ORIENTED_EDGE('',*,*,#1188,.F.);
#1577=ORIENTED_EDGE('',*,*,#1189,.T.);
#1578=ORIENTED_EDGE('',*,*,#1130,.F.);
#1579=ORIENTED_EDGE('',*,*,#1158,.F.);
#1580=ORIENTED_EDGE('',*,*,#1190,.T.);
#1581=ORIENTED_EDGE('',*,*,#1131,.T.);
#1582=ORIENTED_EDGE('',*,*,#1189,.F.);
#1583=ORIENTED_EDGE('',*,*,#1191,.F.);
#1584=ORIENTED_EDGE('',*,*,#1192,.F.);
#1585=ORIENTED_EDGE('',*,*,#1193,.T.);
#1586=ORIENTED_EDGE('',*,*,#1132,.F.);
#1587=ORIENTED_EDGE('',*,*,#1190,.F.);
#1588=ORIENTED_EDGE('',*,*,#1186,.T.);
#1589=ORIENTED_EDGE('',*,*,#1184,.T.);
#1590=ORIENTED_EDGE('',*,*,#1194,.T.);
#1591=ORIENTED_EDGE('',*,*,#1195,.T.);
#1592=ORIENTED_EDGE('',*,*,#1196,.T.);
#1593=ORIENTED_EDGE('',*,*,#1192,.T.);
#1594=ORIENTED_EDGE('',*,*,#1191,.T.);
#1595=ORIENTED_EDGE('',*,*,#1188,.T.);
#1596=ORIENTED_EDGE('',*,*,#1197,.T.);
#1597=ORIENTED_EDGE('',*,*,#1133,.T.);
#1598=ORIENTED_EDGE('',*,*,#1193,.F.);
#1599=ORIENTED_EDGE('',*,*,#1196,.F.);
#1600=ORIENTED_EDGE('',*,*,#1195,.F.);
#1601=ORIENTED_EDGE('',*,*,#1198,.T.);
#1602=ORIENTED_EDGE('',*,*,#1134,.F.);
#1603=ORIENTED_EDGE('',*,*,#1197,.F.);
#1604=ORIENTED_EDGE('',*,*,#1183,.T.);
#1605=ORIENTED_EDGE('',*,*,#1135,.T.);
#1606=ORIENTED_EDGE('',*,*,#1198,.F.);
#1607=ORIENTED_EDGE('',*,*,#1194,.F.);
#1608=ORIENTED_EDGE('',*,*,#1103,.F.);
#1609=ORIENTED_EDGE('',*,*,#1199,.T.);
#1610=ORIENTED_EDGE('',*,*,#1200,.T.);
#1611=ORIENTED_EDGE('',*,*,#1201,.F.);
#1612=ORIENTED_EDGE('',*,*,#1104,.F.);
#1613=ORIENTED_EDGE('',*,*,#1201,.T.);
#1614=ORIENTED_EDGE('',*,*,#1202,.T.);
#1615=ORIENTED_EDGE('',*,*,#1203,.F.);
#1616=ORIENTED_EDGE('',*,*,#1105,.F.);
#1617=ORIENTED_EDGE('',*,*,#1203,.T.);
#1618=ORIENTED_EDGE('',*,*,#1204,.T.);
#1619=ORIENTED_EDGE('',*,*,#1205,.F.);
#1620=ORIENTED_EDGE('',*,*,#1106,.F.);
#1621=ORIENTED_EDGE('',*,*,#1205,.T.);
#1622=ORIENTED_EDGE('',*,*,#1206,.T.);
#1623=ORIENTED_EDGE('',*,*,#1207,.F.);
#1624=ORIENTED_EDGE('',*,*,#1107,.F.);
#1625=ORIENTED_EDGE('',*,*,#1207,.T.);
#1626=ORIENTED_EDGE('',*,*,#1208,.T.);
#1627=ORIENTED_EDGE('',*,*,#1209,.F.);
#1628=ORIENTED_EDGE('',*,*,#1108,.F.);
#1629=ORIENTED_EDGE('',*,*,#1209,.T.);
#1630=ORIENTED_EDGE('',*,*,#1210,.T.);
#1631=ORIENTED_EDGE('',*,*,#1199,.F.);
#1632=ORIENTED_EDGE('',*,*,#1040,.F.);
#1633=ORIENTED_EDGE('',*,*,#1211,.F.);
#1634=ORIENTED_EDGE('',*,*,#1210,.F.);
#1635=ORIENTED_EDGE('',*,*,#1212,.T.);
#1636=ORIENTED_EDGE('',*,*,#1041,.T.);
#1637=ORIENTED_EDGE('',*,*,#1212,.F.);
#1638=ORIENTED_EDGE('',*,*,#1208,.F.);
#1639=ORIENTED_EDGE('',*,*,#1213,.T.);
#1640=ORIENTED_EDGE('',*,*,#1042,.F.);
#1641=ORIENTED_EDGE('',*,*,#1213,.F.);
#1642=ORIENTED_EDGE('',*,*,#1206,.F.);
#1643=ORIENTED_EDGE('',*,*,#1214,.T.);
#1644=ORIENTED_EDGE('',*,*,#1043,.T.);
#1645=ORIENTED_EDGE('',*,*,#1214,.F.);
#1646=ORIENTED_EDGE('',*,*,#1204,.F.);
#1647=ORIENTED_EDGE('',*,*,#1215,.T.);
#1648=ORIENTED_EDGE('',*,*,#1044,.F.);
#1649=ORIENTED_EDGE('',*,*,#1215,.F.);
#1650=ORIENTED_EDGE('',*,*,#1202,.F.);
#1651=ORIENTED_EDGE('',*,*,#1216,.T.);
#1652=ORIENTED_EDGE('',*,*,#1045,.T.);
#1653=ORIENTED_EDGE('',*,*,#1216,.F.);
#1654=ORIENTED_EDGE('',*,*,#1200,.F.);
#1655=ORIENTED_EDGE('',*,*,#1211,.T.);
#1656=ORIENTED_EDGE('',*,*,#1109,.F.);
#1657=ORIENTED_EDGE('',*,*,#1217,.T.);
#1658=ORIENTED_EDGE('',*,*,#1218,.T.);
#1659=ORIENTED_EDGE('',*,*,#1219,.F.);
#1660=ORIENTED_EDGE('',*,*,#1110,.F.);
#1661=ORIENTED_EDGE('',*,*,#1219,.T.);
#1662=ORIENTED_EDGE('',*,*,#1220,.T.);
#1663=ORIENTED_EDGE('',*,*,#1221,.F.);
#1664=ORIENTED_EDGE('',*,*,#1111,.F.);
#1665=ORIENTED_EDGE('',*,*,#1221,.T.);
#1666=ORIENTED_EDGE('',*,*,#1222,.T.);
#1667=ORIENTED_EDGE('',*,*,#1223,.F.);
#1668=ORIENTED_EDGE('',*,*,#1112,.F.);
#1669=ORIENTED_EDGE('',*,*,#1223,.T.);
#1670=ORIENTED_EDGE('',*,*,#1224,.T.);
#1671=ORIENTED_EDGE('',*,*,#1225,.F.);
#1672=ORIENTED_EDGE('',*,*,#1113,.F.);
#1673=ORIENTED_EDGE('',*,*,#1225,.T.);
#1674=ORIENTED_EDGE('',*,*,#1226,.T.);
#1675=ORIENTED_EDGE('',*,*,#1227,.F.);
#1676=ORIENTED_EDGE('',*,*,#1114,.F.);
#1677=ORIENTED_EDGE('',*,*,#1227,.T.);
#1678=ORIENTED_EDGE('',*,*,#1228,.T.);
#1679=ORIENTED_EDGE('',*,*,#1229,.F.);
#1680=ORIENTED_EDGE('',*,*,#1115,.F.);
#1681=ORIENTED_EDGE('',*,*,#1229,.T.);
#1682=ORIENTED_EDGE('',*,*,#1230,.T.);
#1683=ORIENTED_EDGE('',*,*,#1231,.F.);
#1684=ORIENTED_EDGE('',*,*,#1116,.F.);
#1685=ORIENTED_EDGE('',*,*,#1231,.T.);
#1686=ORIENTED_EDGE('',*,*,#1023,.T.);
#1687=ORIENTED_EDGE('',*,*,#1217,.F.);
#1688=ORIENTED_EDGE('',*,*,#1033,.T.);
#1689=ORIENTED_EDGE('',*,*,#1024,.F.);
#1690=ORIENTED_EDGE('',*,*,#1230,.F.);
#1691=ORIENTED_EDGE('',*,*,#1232,.T.);
#1692=ORIENTED_EDGE('',*,*,#1034,.F.);
#1693=ORIENTED_EDGE('',*,*,#1232,.F.);
#1694=ORIENTED_EDGE('',*,*,#1228,.F.);
#1695=ORIENTED_EDGE('',*,*,#1233,.T.);
#1696=ORIENTED_EDGE('',*,*,#1035,.T.);
#1697=ORIENTED_EDGE('',*,*,#1233,.F.);
#1698=ORIENTED_EDGE('',*,*,#1226,.F.);
#1699=ORIENTED_EDGE('',*,*,#1234,.T.);
#1700=ORIENTED_EDGE('',*,*,#1036,.F.);
#1701=ORIENTED_EDGE('',*,*,#1234,.F.);
#1702=ORIENTED_EDGE('',*,*,#1224,.F.);
#1703=ORIENTED_EDGE('',*,*,#1235,.T.);
#1704=ORIENTED_EDGE('',*,*,#1037,.T.);
#1705=ORIENTED_EDGE('',*,*,#1235,.F.);
#1706=ORIENTED_EDGE('',*,*,#1222,.F.);
#1707=ORIENTED_EDGE('',*,*,#1236,.T.);
#1708=ORIENTED_EDGE('',*,*,#1038,.F.);
#1709=ORIENTED_EDGE('',*,*,#1236,.F.);
#1710=ORIENTED_EDGE('',*,*,#1220,.F.);
#1711=ORIENTED_EDGE('',*,*,#1237,.T.);
#1712=ORIENTED_EDGE('',*,*,#1039,.T.);
#1713=ORIENTED_EDGE('',*,*,#1237,.F.);
#1714=ORIENTED_EDGE('',*,*,#1218,.F.);
#1715=ORIENTED_EDGE('',*,*,#1022,.T.);
#1716=ORIENTED_EDGE('',*,*,#1238,.F.);
#1717=ORIENTED_EDGE('',*,*,#1239,.T.);
#1718=ORIENTED_EDGE('',*,*,#1083,.T.);
#1719=ORIENTED_EDGE('',*,*,#1239,.F.);
#1720=ORIENTED_EDGE('',*,*,#1238,.T.);
#1721=ORIENTED_EDGE('',*,*,#1240,.T.);
#1722=ORIENTED_EDGE('',*,*,#1061,.F.);
#1723=ORIENTED_EDGE('',*,*,#1241,.T.);
#1724=ORIENTED_EDGE('',*,*,#1240,.F.);
#1725=ORIENTED_EDGE('',*,*,#1241,.F.);
#1726=ORIENTED_EDGE('',*,*,#1242,.F.);
#1727=ORIENTED_EDGE('',*,*,#1243,.T.);
#1728=ORIENTED_EDGE('',*,*,#1084,.T.);
#1729=ORIENTED_EDGE('',*,*,#1243,.F.);
#1730=ORIENTED_EDGE('',*,*,#1242,.T.);
#1731=ORIENTED_EDGE('',*,*,#1244,.T.);
#1732=ORIENTED_EDGE('',*,*,#1062,.F.);
#1733=ORIENTED_EDGE('',*,*,#1245,.T.);
#1734=ORIENTED_EDGE('',*,*,#1244,.F.);
#1735=ORIENTED_EDGE('',*,*,#1245,.F.);
#1736=ORIENTED_EDGE('',*,*,#1246,.F.);
#1737=ORIENTED_EDGE('',*,*,#1247,.T.);
#1738=ORIENTED_EDGE('',*,*,#1085,.T.);
#1739=ORIENTED_EDGE('',*,*,#1247,.F.);
#1740=ORIENTED_EDGE('',*,*,#1246,.T.);
#1741=ORIENTED_EDGE('',*,*,#1248,.T.);
#1742=ORIENTED_EDGE('',*,*,#1063,.F.);
#1743=ORIENTED_EDGE('',*,*,#1249,.T.);
#1744=ORIENTED_EDGE('',*,*,#1248,.F.);
#1745=ORIENTED_EDGE('',*,*,#1249,.F.);
#1746=ORIENTED_EDGE('',*,*,#1250,.F.);
#1747=ORIENTED_EDGE('',*,*,#1251,.T.);
#1748=ORIENTED_EDGE('',*,*,#1086,.T.);
#1749=ORIENTED_EDGE('',*,*,#1251,.F.);
#1750=ORIENTED_EDGE('',*,*,#1250,.T.);
#1751=ORIENTED_EDGE('',*,*,#1252,.T.);
#1752=ORIENTED_EDGE('',*,*,#1064,.F.);
#1753=ORIENTED_EDGE('',*,*,#1253,.T.);
#1754=ORIENTED_EDGE('',*,*,#1252,.F.);
#1755=ORIENTED_EDGE('',*,*,#1253,.F.);
#1756=ORIENTED_EDGE('',*,*,#1254,.F.);
#1757=ORIENTED_EDGE('',*,*,#1255,.T.);
#1758=ORIENTED_EDGE('',*,*,#1087,.T.);
#1759=ORIENTED_EDGE('',*,*,#1255,.F.);
#1760=ORIENTED_EDGE('',*,*,#1254,.T.);
#1761=ORIENTED_EDGE('',*,*,#1256,.T.);
#1762=ORIENTED_EDGE('',*,*,#1065,.F.);
#1763=ORIENTED_EDGE('',*,*,#1257,.T.);
#1764=ORIENTED_EDGE('',*,*,#1256,.F.);
#1765=ORIENTED_EDGE('',*,*,#1257,.F.);
#1766=ORIENTED_EDGE('',*,*,#1258,.F.);
#1767=ORIENTED_EDGE('',*,*,#1259,.T.);
#1768=ORIENTED_EDGE('',*,*,#1088,.T.);
#1769=ORIENTED_EDGE('',*,*,#1259,.F.);
#1770=ORIENTED_EDGE('',*,*,#1258,.T.);
#1771=ORIENTED_EDGE('',*,*,#1260,.T.);
#1772=ORIENTED_EDGE('',*,*,#1261,.T.);
#1773=ORIENTED_EDGE('',*,*,#1262,.F.);
#1774=ORIENTED_EDGE('',*,*,#1046,.F.);
#1775=ORIENTED_EDGE('',*,*,#1260,.F.);
#1776=ORIENTED_EDGE('',*,*,#1051,.F.);
#1777=ORIENTED_EDGE('',*,*,#1263,.T.);
#1778=ORIENTED_EDGE('',*,*,#1264,.T.);
#1779=ORIENTED_EDGE('',*,*,#1261,.F.);
#1780=ORIENTED_EDGE('',*,*,#1264,.F.);
#1781=ORIENTED_EDGE('',*,*,#1265,.F.);
#1782=ORIENTED_EDGE('',*,*,#1266,.F.);
#1783=ORIENTED_EDGE('',*,*,#1267,.F.);
#1784=ORIENTED_EDGE('',*,*,#1268,.F.);
#1785=ORIENTED_EDGE('',*,*,#1262,.T.);
#1786=ORIENTED_EDGE('',*,*,#1268,.T.);
#1787=ORIENTED_EDGE('',*,*,#1269,.F.);
#1788=ORIENTED_EDGE('',*,*,#1047,.F.);
#1789=ORIENTED_EDGE('',*,*,#1269,.T.);
#1790=ORIENTED_EDGE('',*,*,#1267,.T.);
#1791=ORIENTED_EDGE('',*,*,#1270,.F.);
#1792=ORIENTED_EDGE('',*,*,#1048,.F.);
#1793=ORIENTED_EDGE('',*,*,#1270,.T.);
#1794=ORIENTED_EDGE('',*,*,#1266,.T.);
#1795=ORIENTED_EDGE('',*,*,#1271,.F.);
#1796=ORIENTED_EDGE('',*,*,#1049,.F.);
#1797=ORIENTED_EDGE('',*,*,#1271,.T.);
#1798=ORIENTED_EDGE('',*,*,#1265,.T.);
#1799=ORIENTED_EDGE('',*,*,#1263,.F.);
#1800=ORIENTED_EDGE('',*,*,#1050,.F.);
#1801=ORIENTED_EDGE('',*,*,#1272,.F.);
#1802=ORIENTED_EDGE('',*,*,#1273,.F.);
#1803=ORIENTED_EDGE('',*,*,#1274,.T.);
#1804=ORIENTED_EDGE('',*,*,#1272,.T.);
#1805=ORIENTED_EDGE('',*,*,#1274,.F.);
#1806=ORIENTED_EDGE('',*,*,#1275,.F.);
#1807=ORIENTED_EDGE('',*,*,#1273,.T.);
#1808=ORIENTED_EDGE('',*,*,#1276,.T.);
#1809=ORIENTED_EDGE('',*,*,#1277,.F.);
#1810=ORIENTED_EDGE('',*,*,#1276,.F.);
#1811=ORIENTED_EDGE('',*,*,#1275,.T.);
#1812=ORIENTED_EDGE('',*,*,#1277,.T.);
#1813=ORIENTED_EDGE('',*,*,#1278,.F.);
#1814=ORIENTED_EDGE('',*,*,#1279,.F.);
#1815=ORIENTED_EDGE('',*,*,#1280,.T.);
#1816=ORIENTED_EDGE('',*,*,#1278,.T.);
#1817=ORIENTED_EDGE('',*,*,#1280,.F.);
#1818=ORIENTED_EDGE('',*,*,#1281,.F.);
#1819=ORIENTED_EDGE('',*,*,#1279,.T.);
#1820=ORIENTED_EDGE('',*,*,#1282,.T.);
#1821=ORIENTED_EDGE('',*,*,#1283,.F.);
#1822=ORIENTED_EDGE('',*,*,#1282,.F.);
#1823=ORIENTED_EDGE('',*,*,#1281,.T.);
#1824=ORIENTED_EDGE('',*,*,#1283,.T.);
#1825=ORIENTED_EDGE('',*,*,#1284,.F.);
#1826=ORIENTED_EDGE('',*,*,#1285,.F.);
#1827=ORIENTED_EDGE('',*,*,#1286,.T.);
#1828=ORIENTED_EDGE('',*,*,#1284,.T.);
#1829=ORIENTED_EDGE('',*,*,#1286,.F.);
#1830=ORIENTED_EDGE('',*,*,#1287,.F.);
#1831=ORIENTED_EDGE('',*,*,#1285,.T.);
#1832=ORIENTED_EDGE('',*,*,#1288,.T.);
#1833=ORIENTED_EDGE('',*,*,#1289,.F.);
#1834=ORIENTED_EDGE('',*,*,#1288,.F.);
#1835=ORIENTED_EDGE('',*,*,#1287,.T.);
#1836=ORIENTED_EDGE('',*,*,#1289,.T.);
#1837=ORIENTED_EDGE('',*,*,#1290,.T.);
#1838=ORIENTED_EDGE('',*,*,#1290,.F.);
#1839=ORIENTED_EDGE('',*,*,#1291,.T.);
#1840=ORIENTED_EDGE('',*,*,#1292,.T.);
#1841=ORIENTED_EDGE('',*,*,#1293,.T.);
#1842=ORIENTED_EDGE('',*,*,#1291,.F.);
#1843=ORIENTED_EDGE('',*,*,#1293,.F.);
#1844=ORIENTED_EDGE('',*,*,#1294,.T.);
#1845=ORIENTED_EDGE('',*,*,#1295,.F.);
#1846=ORIENTED_EDGE('',*,*,#1296,.F.);
#1847=ORIENTED_EDGE('',*,*,#1294,.F.);
#1848=ORIENTED_EDGE('',*,*,#1292,.F.);
#1849=ORIENTED_EDGE('',*,*,#1295,.T.);
#1850=ORIENTED_EDGE('',*,*,#1296,.T.);
#1851=ORIENTED_EDGE('',*,*,#1297,.T.);
#1852=ORIENTED_EDGE('',*,*,#1298,.F.);
#1853=ORIENTED_EDGE('',*,*,#1297,.F.);
#1854=ORIENTED_EDGE('',*,*,#1298,.T.);
#1855=PLANE('',#2064);
#1856=PLANE('',#2065);
#1857=PLANE('',#2081);
#1858=PLANE('',#2096);
#1859=PLANE('',#2099);
#1860=PLANE('',#2102);
#1861=PLANE('',#2105);
#1862=PLANE('',#2108);
#1863=PLANE('',#2112);
#1864=PLANE('',#2122);
#1865=PLANE('',#2137);
#1866=PLANE('',#2140);
#1867=PLANE('',#2141);
#1868=PLANE('',#2142);
#1869=PLANE('',#2153);
#1870=PLANE('',#2158);
#1871=PLANE('',#2161);
#1872=PLANE('',#2162);
#1873=PLANE('',#2163);
#1874=PLANE('',#2164);
#1875=PLANE('',#2165);
#1876=PLANE('',#2171);
#1877=PLANE('',#2172);
#1878=PLANE('',#2173);
#1879=PLANE('',#2179);
#1880=PLANE('',#2185);
#1881=PLANE('',#2188);
#1882=PLANE('',#2191);
#1883=PLANE('',#2194);
#1884=PLANE('',#2196);
#1885=PLANE('',#2198);
#1886=PLANE('',#2201);
#1887=PLANE('',#2204);
#1888=PLANE('',#2207);
#1889=PLANE('',#2208);
#1890=PLANE('',#2210);
#1891=PLANE('',#2212);
#1892=PLANE('',#2216);
#1893=PLANE('',#2219);
#1894=PLANE('',#2222);
#1895=PLANE('',#2225);
#1896=PLANE('',#2227);
#1897=PLANE('',#2229);
#1898=PLANE('',#2231);
#1899=PLANE('',#2235);
#1900=PLANE('',#2240);
#1901=PLANE('',#2245);
#1902=PLANE('',#2250);
#1903=PLANE('',#2255);
#1904=PLANE('',#2260);
#1905=PLANE('',#2261);
#1906=PLANE('',#2262);
#1907=PLANE('',#2263);
#1908=PLANE('',#2264);
#1909=PLANE('',#2265);
#1910=PLANE('',#2266);
#1911=PLANE('',#2267);
#1912=PLANE('',#2268);
#1913=PLANE('',#2275);
#1914=PLANE('',#2276);
#1915=PLANE('',#2283);
#1916=PLANE('',#2284);
#1917=PLANE('',#2291);
#1918=PLANE('',#2292);
#1919=PLANE('',#2304);
#1920=ADVANCED_FACE('',(#233),#1855,.F.);
#1921=ADVANCED_FACE('',(#234,#86,#87,#88,#89),#1856,.T.);
#1922=ADVANCED_FACE('',(#235),#45,.T.);
#1923=ADVANCED_FACE('',(#236),#27,.T.);
#1924=ADVANCED_FACE('',(#237,#90,#91,#92,#93,#94,#95,#96,#97,#98,#99),#1857,
 .T.);
#1925=ADVANCED_FACE('',(#238),#46,.T.);
#1926=ADVANCED_FACE('',(#239),#28,.T.);
#1927=ADVANCED_FACE('',(#240),#1858,.T.);
#1928=ADVANCED_FACE('',(#241),#47,.F.);
#1929=ADVANCED_FACE('',(#242),#1859,.F.);
#1930=ADVANCED_FACE('',(#243),#48,.F.);
#1931=ADVANCED_FACE('',(#244),#1860,.F.);
#1932=ADVANCED_FACE('',(#245),#49,.F.);
#1933=ADVANCED_FACE('',(#246),#1861,.F.);
#1934=ADVANCED_FACE('',(#247),#50,.F.);
#1935=ADVANCED_FACE('',(#248,#100),#1862,.T.);
#1936=ADVANCED_FACE('',(#249),#51,.F.);
#1937=ADVANCED_FACE('',(#250,#101,#102,#103,#104,#105,#106,#107),#1863,
 .T.);
#1938=ADVANCED_FACE('',(#251),#52,.F.);
#1939=ADVANCED_FACE('',(#252,#108,#109,#110),#1864,.T.);
#1940=ADVANCED_FACE('',(#253),#1865,.T.);
#1941=ADVANCED_FACE('',(#254),#1866,.T.);
#1942=ADVANCED_FACE('',(#255),#1867,.T.);
#1943=ADVANCED_FACE('',(#256,#111,#112),#1868,.F.);
#1944=ADVANCED_FACE('',(#257),#53,.F.);
#1945=ADVANCED_FACE('',(#258,#113),#1869,.T.);
#1946=ADVANCED_FACE('',(#259),#54,.F.);
#1947=ADVANCED_FACE('',(#260),#55,.F.);
#1948=ADVANCED_FACE('',(#261,#114),#1870,.T.);
#1949=ADVANCED_FACE('',(#262),#56,.F.);
#1950=ADVANCED_FACE('',(#263),#1871,.T.);
#1951=ADVANCED_FACE('',(#264),#1872,.F.);
#1952=ADVANCED_FACE('',(#265),#1873,.F.);
#1953=ADVANCED_FACE('',(#266),#1874,.T.);
#1954=ADVANCED_FACE('',(#267),#1875,.T.);
#1955=ADVANCED_FACE('',(#268),#29,.T.);
#1956=ADVANCED_FACE('',(#269),#57,.T.);
#1957=ADVANCED_FACE('',(#270),#30,.T.);
#1958=ADVANCED_FACE('',(#271),#1876,.T.);
#1959=ADVANCED_FACE('',(#272),#1877,.T.);
#1960=ADVANCED_FACE('',(#273),#1878,.T.);
#1961=ADVANCED_FACE('',(#274),#58,.T.);
#1962=ADVANCED_FACE('',(#275),#31,.T.);
#1963=ADVANCED_FACE('',(#276),#32,.T.);
#1964=ADVANCED_FACE('',(#277),#1879,.T.);
#1965=ADVANCED_FACE('',(#278),#33,.T.);
#1966=ADVANCED_FACE('',(#279),#59,.T.);
#1967=ADVANCED_FACE('',(#280),#34,.T.);
#1968=ADVANCED_FACE('',(#281),#1880,.T.);
#1969=ADVANCED_FACE('',(#282),#60,.F.);
#1970=ADVANCED_FACE('',(#283),#1881,.F.);
#1971=ADVANCED_FACE('',(#284),#61,.F.);
#1972=ADVANCED_FACE('',(#285),#1882,.F.);
#1973=ADVANCED_FACE('',(#286),#62,.F.);
#1974=ADVANCED_FACE('',(#287),#1883,.T.);
#1975=ADVANCED_FACE('',(#288),#1884,.F.);
#1976=ADVANCED_FACE('',(#289),#63,.F.);
#1977=ADVANCED_FACE('',(#290),#1885,.F.);
#1978=ADVANCED_FACE('',(#291),#35,.F.);
#1979=ADVANCED_FACE('',(#292),#1886,.T.);
#1980=ADVANCED_FACE('',(#293),#36,.F.);
#1981=ADVANCED_FACE('',(#294),#1887,.T.);
#1982=ADVANCED_FACE('',(#295),#37,.F.);
#1983=ADVANCED_FACE('',(#296),#1888,.T.);
#1984=ADVANCED_FACE('',(#297),#1889,.F.);
#1985=ADVANCED_FACE('',(#298),#64,.F.);
#1986=ADVANCED_FACE('',(#299),#1890,.F.);
#1987=ADVANCED_FACE('',(#300),#65,.F.);
#1988=ADVANCED_FACE('',(#301),#1891,.F.);
#1989=ADVANCED_FACE('',(#302),#66,.F.);
#1990=ADVANCED_FACE('',(#303),#38,.F.);
#1991=ADVANCED_FACE('',(#304),#1892,.T.);
#1992=ADVANCED_FACE('',(#305),#39,.F.);
#1993=ADVANCED_FACE('',(#306),#1893,.T.);
#1994=ADVANCED_FACE('',(#307),#40,.F.);
#1995=ADVANCED_FACE('',(#308),#1894,.T.);
#1996=ADVANCED_FACE('',(#309),#41,.F.);
#1997=ADVANCED_FACE('',(#310),#1895,.T.);
#1998=ADVANCED_FACE('',(#311),#67,.F.);
#1999=ADVANCED_FACE('',(#312),#1896,.F.);
#2000=ADVANCED_FACE('',(#313),#68,.F.);
#2001=ADVANCED_FACE('',(#314),#1897,.F.);
#2002=ADVANCED_FACE('',(#315),#69,.F.);
#2003=ADVANCED_FACE('',(#316),#1898,.F.);
#2004=ADVANCED_FACE('',(#317),#70,.F.);
#2005=ADVANCED_FACE('',(#318),#71,.F.);
#2006=ADVANCED_FACE('',(#319,#115),#1899,.T.);
#2007=ADVANCED_FACE('',(#320),#72,.F.);
#2008=ADVANCED_FACE('',(#321),#73,.F.);
#2009=ADVANCED_FACE('',(#322,#116),#1900,.T.);
#2010=ADVANCED_FACE('',(#323),#74,.F.);
#2011=ADVANCED_FACE('',(#324),#75,.F.);
#2012=ADVANCED_FACE('',(#325,#117),#1901,.T.);
#2013=ADVANCED_FACE('',(#326),#76,.F.);
#2014=ADVANCED_FACE('',(#327),#77,.F.);
#2015=ADVANCED_FACE('',(#328,#118),#1902,.T.);
#2016=ADVANCED_FACE('',(#329),#78,.F.);
#2017=ADVANCED_FACE('',(#330),#79,.F.);
#2018=ADVANCED_FACE('',(#331,#119),#1903,.T.);
#2019=ADVANCED_FACE('',(#332),#80,.F.);
#2020=ADVANCED_FACE('',(#333),#81,.F.);
#2021=ADVANCED_FACE('',(#334),#1904,.T.);
#2022=ADVANCED_FACE('',(#335),#1905,.T.);
#2023=ADVANCED_FACE('',(#336),#1906,.T.);
#2024=ADVANCED_FACE('',(#337),#1907,.F.);
#2025=ADVANCED_FACE('',(#338),#1908,.T.);
#2026=ADVANCED_FACE('',(#339),#1909,.T.);
#2027=ADVANCED_FACE('',(#340),#1910,.T.);
#2028=ADVANCED_FACE('',(#341),#1911,.T.);
#2029=ADVANCED_FACE('',(#342),#1912,.F.);
#2030=ADVANCED_FACE('',(#343),#82,.T.);
#2031=ADVANCED_FACE('',(#344),#42,.T.);
#2032=ADVANCED_FACE('',(#345),#1913,.T.);
#2033=ADVANCED_FACE('',(#346),#1914,.F.);
#2034=ADVANCED_FACE('',(#347),#83,.T.);
#2035=ADVANCED_FACE('',(#348),#43,.T.);
#2036=ADVANCED_FACE('',(#349),#1915,.T.);
#2037=ADVANCED_FACE('',(#350),#1916,.F.);
#2038=ADVANCED_FACE('',(#351),#84,.T.);
#2039=ADVANCED_FACE('',(#352),#44,.T.);
#2040=ADVANCED_FACE('',(#353),#1917,.T.);
#2041=ADVANCED_FACE('',(#354),#1918,.T.);
#2042=ADVANCED_FACE('',(#355),#13,.T.);
#2043=ADVANCED_FACE('',(#356),#85,.T.);
#2044=ADVANCED_FACE('',(#357),#14,.T.);
#2045=ADVANCED_FACE('',(#358),#1919,.F.);
#2046=CLOSED_SHELL('',(#1920,#1921,#1922,#1923,#1924,#1925,#1926,#1927,
#1928,#1929,#1930,#1931,#1932,#1933,#1934,#1935,#1936,#1937,#1938,#1939,
#1940,#1941,#1942,#1943,#1944,#1945,#1946,#1947,#1948,#1949,#1950,#1951,
#1952,#1953,#1954,#1955,#1956,#1957,#1958,#1959,#1960,#1961,#1962,#1963,
#1964,#1965,#1966,#1967,#1968,#1969,#1970,#1971,#1972,#1973,#1974,#1975,
#1976,#1977,#1978,#1979,#1980,#1981,#1982,#1983,#1984,#1985,#1986,#1987,
#1988,#1989,#1990,#1991,#1992,#1993,#1994,#1995,#1996,#1997,#1998,#1999,
#2000,#2001,#2002,#2003,#2004,#2005,#2006,#2007,#2008,#2009,#2010,#2011,
#2012,#2013,#2014,#2015,#2016,#2017,#2018,#2019,#2020,#2021,#2022,#2023,
#2024,#2025,#2026,#2027,#2028));
#2047=CLOSED_SHELL('',(#2029,#2030,#2031,#2032));
#2048=CLOSED_SHELL('',(#2033,#2034,#2035,#2036));
#2049=CLOSED_SHELL('',(#2037,#2038,#2039,#2040));
#2050=CLOSED_SHELL('',(#2041,#2042,#2043,#2044,#2045));
#2051=DERIVED_UNIT_ELEMENT(#2053,1.);
#2052=DERIVED_UNIT_ELEMENT(#3538,-3.);
#2053=(
MASS_UNIT()
NAMED_UNIT(*)
SI_UNIT(.KILO.,.GRAM.)
);
#2054=DERIVED_UNIT((#2051,#2052));
#2055=MEASURE_REPRESENTATION_ITEM('density measure',
POSITIVE_RATIO_MEASURE(7850.),#2054);
#2056=PROPERTY_DEFINITION_REPRESENTATION(#2061,#2058);
#2057=PROPERTY_DEFINITION_REPRESENTATION(#2062,#2059);
#2058=REPRESENTATION('material name',(#2060),#3535);
#2059=REPRESENTATION('density',(#2055),#3535);
#2060=DESCRIPTIVE_REPRESENTATION_ITEM('\X2\94A2\X0\','\X2\94A2\X0\');
#2061=PROPERTY_DEFINITION('material property','material name',#3545);
#2062=PROPERTY_DEFINITION('material property','density of part',#3545);
#2063=AXIS2_PLACEMENT_3D('',#2952,#2305,#2306);
#2064=AXIS2_PLACEMENT_3D('',#2953,#2307,#2308);
#2065=AXIS2_PLACEMENT_3D('',#2962,#2313,#2314);
#2066=AXIS2_PLACEMENT_3D('',#2967,#2316,#2317);
#2067=AXIS2_PLACEMENT_3D('',#2973,#2320,#2321);
#2068=AXIS2_PLACEMENT_3D('',#2977,#2323,#2324);
#2069=AXIS2_PLACEMENT_3D('',#2980,#2326,#2327);
#2070=AXIS2_PLACEMENT_3D('',#2984,#2329,#2330);
#2071=AXIS2_PLACEMENT_3D('',#2988,#2332,#2333);
#2072=AXIS2_PLACEMENT_3D('',#2991,#2335,#2336);
#2073=AXIS2_PLACEMENT_3D('',#2996,#2338,#2339);
#2074=AXIS2_PLACEMENT_3D('',#3000,#2341,#2342);
#2075=AXIS2_PLACEMENT_3D('',#3003,#2344,#2345);
#2076=AXIS2_PLACEMENT_3D('',#3017,#2352,#2353);
#2077=AXIS2_PLACEMENT_3D('',#3018,#2354,#2355);
#2078=AXIS2_PLACEMENT_3D('',#3020,#2356,#2357);
#2079=AXIS2_PLACEMENT_3D('',#3022,#2359,#2360);
#2080=AXIS2_PLACEMENT_3D('',#3025,#2362,#2363);
#2081=AXIS2_PLACEMENT_3D('',#3026,#2364,#2365);
#2082=AXIS2_PLACEMENT_3D('',#3028,#2366,#2367);
#2083=AXIS2_PLACEMENT_3D('',#3030,#2368,#2369);
#2084=AXIS2_PLACEMENT_3D('',#3032,#2370,#2371);
#2085=AXIS2_PLACEMENT_3D('',#3034,#2372,#2373);
#2086=AXIS2_PLACEMENT_3D('',#3036,#2374,#2375);
#2087=AXIS2_PLACEMENT_3D('',#3038,#2376,#2377);
#2088=AXIS2_PLACEMENT_3D('',#3040,#2378,#2379);
#2089=AXIS2_PLACEMENT_3D('',#3042,#2380,#2381);
#2090=AXIS2_PLACEMENT_3D('',#3044,#2382,#2383);
#2091=AXIS2_PLACEMENT_3D('',#3046,#2384,#2385);
#2092=AXIS2_PLACEMENT_3D('',#3047,#2386,#2387);
#2093=AXIS2_PLACEMENT_3D('',#3049,#2388,#2389);
#2094=AXIS2_PLACEMENT_3D('',#3051,#2391,#2392);
#2095=AXIS2_PLACEMENT_3D('',#3054,#2394,#2395);
#2096=AXIS2_PLACEMENT_3D('',#3055,#2396,#2397);
#2097=AXIS2_PLACEMENT_3D('',#3056,#2398,#2399);
#2098=AXIS2_PLACEMENT_3D('',#3059,#2401,#2402);
#2099=AXIS2_PLACEMENT_3D('',#3060,#2403,#2404);
#2100=AXIS2_PLACEMENT_3D('',#3061,#2405,#2406);
#2101=AXIS2_PLACEMENT_3D('',#3064,#2408,#2409);
#2102=AXIS2_PLACEMENT_3D('',#3065,#2410,#2411);
#2103=AXIS2_PLACEMENT_3D('',#3066,#2412,#2413);
#2104=AXIS2_PLACEMENT_3D('',#3069,#2415,#2416);
#2105=AXIS2_PLACEMENT_3D('',#3070,#2417,#2418);
#2106=AXIS2_PLACEMENT_3D('',#3071,#2419,#2420);
#2107=AXIS2_PLACEMENT_3D('',#3074,#2422,#2423);
#2108=AXIS2_PLACEMENT_3D('',#3075,#2424,#2425);
#2109=AXIS2_PLACEMENT_3D('',#3077,#2426,#2427);
#2110=AXIS2_PLACEMENT_3D('',#3078,#2428,#2429);
#2111=AXIS2_PLACEMENT_3D('',#3081,#2431,#2432);
#2112=AXIS2_PLACEMENT_3D('',#3082,#2433,#2434);
#2113=AXIS2_PLACEMENT_3D('',#3084,#2435,#2436);
#2114=AXIS2_PLACEMENT_3D('',#3086,#2437,#2438);
#2115=AXIS2_PLACEMENT_3D('',#3088,#2439,#2440);
#2116=AXIS2_PLACEMENT_3D('',#3090,#2441,#2442);
#2117=AXIS2_PLACEMENT_3D('',#3092,#2443,#2444);
#2118=AXIS2_PLACEMENT_3D('',#3094,#2445,#2446);
#2119=AXIS2_PLACEMENT_3D('',#3096,#2447,#2448);
#2120=AXIS2_PLACEMENT_3D('',#3097,#2449,#2450);
#2121=AXIS2_PLACEMENT_3D('',#3100,#2452,#2453);
#2122=AXIS2_PLACEMENT_3D('',#3101,#2454,#2455);
#2123=AXIS2_PLACEMENT_3D('',#3106,#2457,#2458);
#2124=AXIS2_PLACEMENT_3D('',#3108,#2459,#2460);
#2125=AXIS2_PLACEMENT_3D('',#3112,#2462,#2463);
#2126=AXIS2_PLACEMENT_3D('',#3116,#2465,#2466);
#2127=AXIS2_PLACEMENT_3D('',#3120,#2468,#2469);
#2128=AXIS2_PLACEMENT_3D('',#3124,#2471,#2472);
#2129=AXIS2_PLACEMENT_3D('',#3125,#2473,#2474);
#2130=AXIS2_PLACEMENT_3D('',#3128,#2475,#2476);
#2131=AXIS2_PLACEMENT_3D('',#3132,#2478,#2479);
#2132=AXIS2_PLACEMENT_3D('',#3136,#2481,#2482);
#2133=AXIS2_PLACEMENT_3D('',#3140,#2484,#2485);
#2134=AXIS2_PLACEMENT_3D('',#3144,#2487,#2488);
#2135=AXIS2_PLACEMENT_3D('',#3148,#2490,#2491);
#2136=AXIS2_PLACEMENT_3D('',#3152,#2493,#2494);
#2137=AXIS2_PLACEMENT_3D('',#3154,#2496,#2497);
#2138=AXIS2_PLACEMENT_3D('',#3159,#2500,#2501);
#2139=AXIS2_PLACEMENT_3D('',#3160,#2502,#2503);
#2140=AXIS2_PLACEMENT_3D('',#3162,#2505,#2506);
#2141=AXIS2_PLACEMENT_3D('',#3168,#2510,#2511);
#2142=AXIS2_PLACEMENT_3D('',#3174,#2515,#2516);
#2143=AXIS2_PLACEMENT_3D('',#3181,#2519,#2520);
#2144=AXIS2_PLACEMENT_3D('',#3185,#2522,#2523);
#2145=AXIS2_PLACEMENT_3D('',#3189,#2525,#2526);
#2146=AXIS2_PLACEMENT_3D('',#3193,#2528,#2529);
#2147=AXIS2_PLACEMENT_3D('',#3198,#2532,#2533);
#2148=AXIS2_PLACEMENT_3D('',#3199,#2534,#2535);
#2149=AXIS2_PLACEMENT_3D('',#3201,#2536,#2537);
#2150=AXIS2_PLACEMENT_3D('',#3203,#2538,#2539);
#2151=AXIS2_PLACEMENT_3D('',#3204,#2540,#2541);
#2152=AXIS2_PLACEMENT_3D('',#3207,#2543,#2544);
#2153=AXIS2_PLACEMENT_3D('',#3208,#2545,#2546);
#2154=AXIS2_PLACEMENT_3D('',#3210,#2547,#2548);
#2155=AXIS2_PLACEMENT_3D('',#3211,#2549,#2550);
#2156=AXIS2_PLACEMENT_3D('',#3213,#2552,#2553);
#2157=AXIS2_PLACEMENT_3D('',#3216,#2555,#2556);
#2158=AXIS2_PLACEMENT_3D('',#3217,#2557,#2558);
#2159=AXIS2_PLACEMENT_3D('',#3219,#2559,#2560);
#2160=AXIS2_PLACEMENT_3D('',#3220,#2561,#2562);
#2161=AXIS2_PLACEMENT_3D('',#3222,#2564,#2565);
#2162=AXIS2_PLACEMENT_3D('',#3228,#2569,#2570);
#2163=AXIS2_PLACEMENT_3D('',#3235,#2575,#2576);
#2164=AXIS2_PLACEMENT_3D('',#3240,#2580,#2581);
#2165=AXIS2_PLACEMENT_3D('',#3250,#2587,#2588);
#2166=AXIS2_PLACEMENT_3D('',#3252,#2590,#2591);
#2167=AXIS2_PLACEMENT_3D('',#3254,#2592,#2593);
#2168=AXIS2_PLACEMENT_3D('',#3256,#2595,#2596);
#2169=AXIS2_PLACEMENT_3D('',#3259,#2598,#2599);
#2170=AXIS2_PLACEMENT_3D('',#3260,#2600,#2601);
#2171=AXIS2_PLACEMENT_3D('',#3263,#2604,#2605);
#2172=AXIS2_PLACEMENT_3D('',#3267,#2608,#2609);
#2173=AXIS2_PLACEMENT_3D('',#3270,#2612,#2613);
#2174=AXIS2_PLACEMENT_3D('',#3271,#2614,#2615);
#2175=AXIS2_PLACEMENT_3D('',#3272,#2616,#2617);
#2176=AXIS2_PLACEMENT_3D('',#3273,#2618,#2619);
#2177=AXIS2_PLACEMENT_3D('',#3274,#2620,#2621);
#2178=AXIS2_PLACEMENT_3D('',#3275,#2622,#2623);
#2179=AXIS2_PLACEMENT_3D('',#3276,#2624,#2625);
#2180=AXIS2_PLACEMENT_3D('',#3278,#2627,#2628);
#2181=AXIS2_PLACEMENT_3D('',#3279,#2629,#2630);
#2182=AXIS2_PLACEMENT_3D('',#3280,#2631,#2632);
#2183=AXIS2_PLACEMENT_3D('',#3281,#2633,#2634);
#2184=AXIS2_PLACEMENT_3D('',#3282,#2635,#2636);
#2185=AXIS2_PLACEMENT_3D('',#3284,#2638,#2639);
#2186=AXIS2_PLACEMENT_3D('',#3285,#2640,#2641);
#2187=AXIS2_PLACEMENT_3D('',#3289,#2643,#2644);
#2188=AXIS2_PLACEMENT_3D('',#3291,#2646,#2647);
#2189=AXIS2_PLACEMENT_3D('',#3295,#2650,#2651);
#2190=AXIS2_PLACEMENT_3D('',#3297,#2652,#2653);
#2191=AXIS2_PLACEMENT_3D('',#3299,#2655,#2656);
#2192=AXIS2_PLACEMENT_3D('',#3303,#2659,#2660);
#2193=AXIS2_PLACEMENT_3D('',#3305,#2661,#2662);
#2194=AXIS2_PLACEMENT_3D('',#3307,#2664,#2665);
#2195=AXIS2_PLACEMENT_3D('',#3311,#2667,#2668);
#2196=AXIS2_PLACEMENT_3D('',#3313,#2670,#2671);
#2197=AXIS2_PLACEMENT_3D('',#3315,#2673,#2674);
#2198=AXIS2_PLACEMENT_3D('',#3317,#2676,#2677);
#2199=AXIS2_PLACEMENT_3D('',#3318,#2678,#2679);
#2200=AXIS2_PLACEMENT_3D('',#3322,#2681,#2682);
#2201=AXIS2_PLACEMENT_3D('',#3324,#2684,#2685);
#2202=AXIS2_PLACEMENT_3D('',#3328,#2688,#2689);
#2203=AXIS2_PLACEMENT_3D('',#3330,#2690,#2691);
#2204=AXIS2_PLACEMENT_3D('',#3332,#2693,#2694);
#2205=AXIS2_PLACEMENT_3D('',#3336,#2697,#2698);
#2206=AXIS2_PLACEMENT_3D('',#3338,#2699,#2700);
#2207=AXIS2_PLACEMENT_3D('',#3340,#2702,#2703);
#2208=AXIS2_PLACEMENT_3D('',#3342,#2705,#2706);
#2209=AXIS2_PLACEMENT_3D('',#3345,#2709,#2710);
#2210=AXIS2_PLACEMENT_3D('',#3347,#2712,#2713);
#2211=AXIS2_PLACEMENT_3D('',#3349,#2715,#2716);
#2212=AXIS2_PLACEMENT_3D('',#3351,#2718,#2719);
#2213=AXIS2_PLACEMENT_3D('',#3353,#2721,#2722);
#2214=AXIS2_PLACEMENT_3D('',#3354,#2723,#2724);
#2215=AXIS2_PLACEMENT_3D('',#3357,#2726,#2727);
#2216=AXIS2_PLACEMENT_3D('',#3359,#2729,#2730);
#2217=AXIS2_PLACEMENT_3D('',#3363,#2733,#2734);
#2218=AXIS2_PLACEMENT_3D('',#3365,#2735,#2736);
#2219=AXIS2_PLACEMENT_3D('',#3367,#2738,#2739);
#2220=AXIS2_PLACEMENT_3D('',#3371,#2742,#2743);
#2221=AXIS2_PLACEMENT_3D('',#3373,#2744,#2745);
#2222=AXIS2_PLACEMENT_3D('',#3375,#2747,#2748);
#2223=AXIS2_PLACEMENT_3D('',#3379,#2751,#2752);
#2224=AXIS2_PLACEMENT_3D('',#3380,#2753,#2754);
#2225=AXIS2_PLACEMENT_3D('',#3382,#2756,#2757);
#2226=AXIS2_PLACEMENT_3D('',#3383,#2758,#2759);
#2227=AXIS2_PLACEMENT_3D('',#3385,#2761,#2762);
#2228=AXIS2_PLACEMENT_3D('',#3387,#2764,#2765);
#2229=AXIS2_PLACEMENT_3D('',#3389,#2767,#2768);
#2230=AXIS2_PLACEMENT_3D('',#3391,#2770,#2771);
#2231=AXIS2_PLACEMENT_3D('',#3393,#2773,#2774);
#2232=AXIS2_PLACEMENT_3D('',#3395,#2776,#2777);
#2233=AXIS2_PLACEMENT_3D('',#3396,#2778,#2779);
#2234=AXIS2_PLACEMENT_3D('',#3398,#2780,#2781);
#2235=AXIS2_PLACEMENT_3D('',#3400,#2783,#2784);
#2236=AXIS2_PLACEMENT_3D('',#3402,#2785,#2786);
#2237=AXIS2_PLACEMENT_3D('',#3403,#2787,#2788);
#2238=AXIS2_PLACEMENT_3D('',#3405,#2790,#2791);
#2239=AXIS2_PLACEMENT_3D('',#3407,#2792,#2793);
#2240=AXIS2_PLACEMENT_3D('',#3409,#2795,#2796);
#2241=AXIS2_PLACEMENT_3D('',#3411,#2797,#2798);
#2242=AXIS2_PLACEMENT_3D('',#3412,#2799,#2800);
#2243=AXIS2_PLACEMENT_3D('',#3414,#2802,#2803);
#2244=AXIS2_PLACEMENT_3D('',#3416,#2804,#2805);
#2245=AXIS2_PLACEMENT_3D('',#3418,#2807,#2808);
#2246=AXIS2_PLACEMENT_3D('',#3420,#2809,#2810);
#2247=AXIS2_PLACEMENT_3D('',#3421,#2811,#2812);
#2248=AXIS2_PLACEMENT_3D('',#3423,#2814,#2815);
#2249=AXIS2_PLACEMENT_3D('',#3425,#2816,#2817);
#2250=AXIS2_PLACEMENT_3D('',#3427,#2819,#2820);
#2251=AXIS2_PLACEMENT_3D('',#3429,#2821,#2822);
#2252=AXIS2_PLACEMENT_3D('',#3430,#2823,#2824);
#2253=AXIS2_PLACEMENT_3D('',#3432,#2826,#2827);
#2254=AXIS2_PLACEMENT_3D('',#3434,#2828,#2829);
#2255=AXIS2_PLACEMENT_3D('',#3436,#2831,#2832);
#2256=AXIS2_PLACEMENT_3D('',#3438,#2833,#2834);
#2257=AXIS2_PLACEMENT_3D('',#3439,#2835,#2836);
#2258=AXIS2_PLACEMENT_3D('',#3441,#2838,#2839);
#2259=AXIS2_PLACEMENT_3D('',#3443,#2840,#2841);
#2260=AXIS2_PLACEMENT_3D('',#3445,#2843,#2844);
#2261=AXIS2_PLACEMENT_3D('',#3446,#2845,#2846);
#2262=AXIS2_PLACEMENT_3D('',#3452,#2850,#2851);
#2263=AXIS2_PLACEMENT_3D('',#3456,#2854,#2855);
#2264=AXIS2_PLACEMENT_3D('',#3464,#2860,#2861);
#2265=AXIS2_PLACEMENT_3D('',#3466,#2863,#2864);
#2266=AXIS2_PLACEMENT_3D('',#3468,#2866,#2867);
#2267=AXIS2_PLACEMENT_3D('',#3470,#2869,#2870);
#2268=AXIS2_PLACEMENT_3D('',#3471,#2871,#2872);
#2269=AXIS2_PLACEMENT_3D('',#3473,#2873,#2874);
#2270=AXIS2_PLACEMENT_3D('',#3474,#2875,#2876);
#2271=AXIS2_PLACEMENT_3D('',#3477,#2877,#2878);
#2272=AXIS2_PLACEMENT_3D('',#3479,#2880,#2881);
#2273=AXIS2_PLACEMENT_3D('',#3480,#2882,#2883);
#2274=AXIS2_PLACEMENT_3D('',#3483,#2885,#2886);
#2275=AXIS2_PLACEMENT_3D('',#3484,#2887,#2888);
#2276=AXIS2_PLACEMENT_3D('',#3485,#2889,#2890);
#2277=AXIS2_PLACEMENT_3D('',#3487,#2891,#2892);
#2278=AXIS2_PLACEMENT_3D('',#3488,#2893,#2894);
#2279=AXIS2_PLACEMENT_3D('',#3491,#2895,#2896);
#2280=AXIS2_PLACEMENT_3D('',#3493,#2898,#2899);
#2281=AXIS2_PLACEMENT_3D('',#3494,#2900,#2901);
#2282=AXIS2_PLACEMENT_3D('',#3497,#2903,#2904);
#2283=AXIS2_PLACEMENT_3D('',#3498,#2905,#2906);
#2284=AXIS2_PLACEMENT_3D('',#3499,#2907,#2908);
#2285=AXIS2_PLACEMENT_3D('',#3501,#2909,#2910);
#2286=AXIS2_PLACEMENT_3D('',#3502,#2911,#2912);
#2287=AXIS2_PLACEMENT_3D('',#3505,#2913,#2914);
#2288=AXIS2_PLACEMENT_3D('',#3507,#2916,#2917);
#2289=AXIS2_PLACEMENT_3D('',#3508,#2918,#2919);
#2290=AXIS2_PLACEMENT_3D('',#3511,#2921,#2922);
#2291=AXIS2_PLACEMENT_3D('',#3512,#2923,#2924);
#2292=AXIS2_PLACEMENT_3D('',#3513,#2925,#2926);
#2293=AXIS2_PLACEMENT_3D('',#3515,#2927,#2928);
#2294=AXIS2_PLACEMENT_3D('',#3516,#2929,#2930);
#2295=AXIS2_PLACEMENT_3D('',#3518,#2931,#2932);
#2296=AXIS2_PLACEMENT_3D('',#3520,#2933,#2934);
#2297=AXIS2_PLACEMENT_3D('',#3521,#2935,#2936);
#2298=AXIS2_PLACEMENT_3D('',#3522,#2937,#2938);
#2299=AXIS2_PLACEMENT_3D('',#3526,#2940,#2941);
#2300=AXIS2_PLACEMENT_3D('',#3527,#2942,#2943);
#2301=AXIS2_PLACEMENT_3D('',#3528,#2944,#2945);
#2302=AXIS2_PLACEMENT_3D('',#3530,#2946,#2947);
#2303=AXIS2_PLACEMENT_3D('',#3531,#2948,#2949);
#2304=AXIS2_PLACEMENT_3D('',#3532,#2950,#2951);
#2305=DIRECTION('axis',(0.,0.,1.));
#2306=DIRECTION('refdir',(1.,0.,0.));
#2307=DIRECTION('center_axis',(0.,1.,0.));
#2308=DIRECTION('ref_axis',(-1.,0.,0.));
#2309=DIRECTION('',(-1.,0.,0.));
#2310=DIRECTION('',(4.462560375563E-9,6.834000037211E-10,-1.));
#2311=DIRECTION('',(1.,-1.751213092051E-12,-1.751040694621E-12));
#2312=DIRECTION('',(4.247948047484E-9,6.778490252333E-10,-1.));
#2313=DIRECTION('center_axis',(0.,0.,-1.));
#2314=DIRECTION('ref_axis',(-1.,0.,0.));
#2315=DIRECTION('',(-0.499999999997492,0.866025403785886,2.84674054715696E-12));
#2316=DIRECTION('center_axis',(0.,0.,1.));
#2317=DIRECTION('ref_axis',(-0.866025403784429,-0.500000000000017,0.));
#2318=DIRECTION('',(0.500000000001606,-0.866025403783511,-1.79610347098002E-12));
#2319=DIRECTION('',(1.,0.,0.));
#2320=DIRECTION('center_axis',(0.,0.,-1.));
#2321=DIRECTION('ref_axis',(1.,0.,0.));
#2322=DIRECTION('',(-1.,0.,0.));
#2323=DIRECTION('center_axis',(0.,0.,-1.));
#2324=DIRECTION('ref_axis',(1.,0.,0.));
#2325=DIRECTION('',(1.,0.,0.));
#2326=DIRECTION('center_axis',(0.,0.,-1.));
#2327=DIRECTION('ref_axis',(-0.866025403784429,-0.500000000000017,0.));
#2328=DIRECTION('',(0.500000000000017,-0.866025403784429,0.));
#2329=DIRECTION('center_axis',(0.,0.,-1.));
#2330=DIRECTION('ref_axis',(0.,-1.,0.));
#2331=DIRECTION('',(1.,0.,0.));
#2332=DIRECTION('center_axis',(0.,0.,-1.));
#2333=DIRECTION('ref_axis',(0.866025403784429,-0.500000000000017,0.));
#2334=DIRECTION('',(0.500000000000017,0.866025403784429,0.));
#2335=DIRECTION('center_axis',(0.,0.,-1.));
#2336=DIRECTION('ref_axis',(0.,1.,0.));
#2337=DIRECTION('',(-0.500000000000017,0.866025403784429,0.));
#2338=DIRECTION('center_axis',(0.,0.,-1.));
#2339=DIRECTION('ref_axis',(-0.866025403784429,0.500000000000017,0.));
#2340=DIRECTION('',(-0.500000000000017,-0.866025403784429,0.));
#2341=DIRECTION('center_axis',(0.,0.,-1.));
#2342=DIRECTION('ref_axis',(0.,-1.,0.));
#2343=DIRECTION('',(1.,0.,0.));
#2344=DIRECTION('center_axis',(0.,0.,-1.));
#2345=DIRECTION('ref_axis',(0.866025403784429,0.500000000000017,0.));
#2346=DIRECTION('',(0.500000000000017,-0.866025403784429,0.));
#2347=DIRECTION('',(0.866025403784429,0.500000000000017,0.));
#2348=DIRECTION('',(-0.500000000000017,0.866025403784429,0.));
#2349=DIRECTION('',(-0.866025403784429,-0.500000000000017,0.));
#2350=DIRECTION('',(0.500000000000017,-0.866025403784429,0.));
#2351=DIRECTION('',(0.866025403784429,0.500000000000017,0.));
#2352=DIRECTION('center_axis',(0.,0.,1.));
#2353=DIRECTION('ref_axis',(-0.999450415200306,-0.0331491712707202,0.));
#2354=DIRECTION('center_axis',(0.,0.,-1.));
#2355=DIRECTION('ref_axis',(0.,-1.,0.));
#2356=DIRECTION('center_axis',(0.,0.,1.));
#2357=DIRECTION('ref_axis',(-0.999450415200306,-0.0331491712707202,0.));
#2358=DIRECTION('',(0.,0.,1.));
#2359=DIRECTION('center_axis',(0.,0.,1.));
#2360=DIRECTION('ref_axis',(0.,-1.,0.));
#2361=DIRECTION('',(8.65956056235493E-17,-0.707106781186548,-0.707106781186548));
#2362=DIRECTION('center_axis',(0.,0.,1.));
#2363=DIRECTION('ref_axis',(-0.999450415200306,-0.0331491712707202,0.));
#2364=DIRECTION('center_axis',(0.,0.,-1.));
#2365=DIRECTION('ref_axis',(1.,0.,0.));
#2366=DIRECTION('center_axis',(0.,0.,1.));
#2367=DIRECTION('ref_axis',(1.,0.,0.));
#2368=DIRECTION('center_axis',(0.,0.,1.));
#2369=DIRECTION('ref_axis',(1.,0.,0.));
#2370=DIRECTION('center_axis',(0.,0.,1.));
#2371=DIRECTION('ref_axis',(1.,0.,0.));
#2372=DIRECTION('center_axis',(0.,0.,1.));
#2373=DIRECTION('ref_axis',(-1.,0.,0.));
#2374=DIRECTION('center_axis',(0.,0.,1.));
#2375=DIRECTION('ref_axis',(-1.,0.,0.));
#2376=DIRECTION('center_axis',(0.,0.,1.));
#2377=DIRECTION('ref_axis',(-1.,0.,0.));
#2378=DIRECTION('center_axis',(0.,0.,1.));
#2379=DIRECTION('ref_axis',(-1.,0.,0.));
#2380=DIRECTION('center_axis',(0.,0.,1.));
#2381=DIRECTION('ref_axis',(-1.,0.,0.));
#2382=DIRECTION('center_axis',(0.,0.,1.));
#2383=DIRECTION('ref_axis',(-1.,0.,0.));
#2384=DIRECTION('center_axis',(0.,0.,-1.));
#2385=DIRECTION('ref_axis',(0.,-1.,0.));
#2386=DIRECTION('center_axis',(0.,0.,-1.));
#2387=DIRECTION('ref_axis',(0.,-1.,0.));
#2388=DIRECTION('center_axis',(0.,0.,-1.));
#2389=DIRECTION('ref_axis',(0.,-1.,0.));
#2390=DIRECTION('',(0.,0.,1.));
#2391=DIRECTION('center_axis',(0.,0.,1.));
#2392=DIRECTION('ref_axis',(0.,-1.,0.));
#2393=DIRECTION('',(8.65956056235493E-17,-0.707106781186547,-0.707106781186547));
#2394=DIRECTION('center_axis',(0.,0.,-1.));
#2395=DIRECTION('ref_axis',(0.,-1.,0.));
#2396=DIRECTION('center_axis',(0.,0.,-1.));
#2397=DIRECTION('ref_axis',(0.,-1.,0.));
#2398=DIRECTION('center_axis',(0.,0.,1.));
#2399=DIRECTION('ref_axis',(1.,0.,0.));
#2400=DIRECTION('',(0.,0.,1.));
#2401=DIRECTION('center_axis',(0.,0.,1.));
#2402=DIRECTION('ref_axis',(1.,0.,0.));
#2403=DIRECTION('center_axis',(0.,0.,1.));
#2404=DIRECTION('ref_axis',(1.,0.,0.));
#2405=DIRECTION('center_axis',(0.,0.,1.));
#2406=DIRECTION('ref_axis',(1.,0.,0.));
#2407=DIRECTION('',(0.,0.,1.));
#2408=DIRECTION('center_axis',(0.,0.,1.));
#2409=DIRECTION('ref_axis',(1.,0.,0.));
#2410=DIRECTION('center_axis',(0.,0.,1.));
#2411=DIRECTION('ref_axis',(1.,0.,0.));
#2412=DIRECTION('center_axis',(0.,0.,1.));
#2413=DIRECTION('ref_axis',(1.,0.,0.));
#2414=DIRECTION('',(0.,0.,1.));
#2415=DIRECTION('center_axis',(0.,0.,1.));
#2416=DIRECTION('ref_axis',(1.,0.,0.));
#2417=DIRECTION('center_axis',(0.,0.,1.));
#2418=DIRECTION('ref_axis',(1.,0.,0.));
#2419=DIRECTION('center_axis',(0.,0.,1.));
#2420=DIRECTION('ref_axis',(-1.,0.,0.));
#2421=DIRECTION('',(0.,0.,1.));
#2422=DIRECTION('center_axis',(0.,0.,1.));
#2423=DIRECTION('ref_axis',(-1.,0.,0.));
#2424=DIRECTION('center_axis',(0.,0.,1.));
#2425=DIRECTION('ref_axis',(-1.,0.,0.));
#2426=DIRECTION('center_axis',(0.,0.,1.));
#2427=DIRECTION('ref_axis',(-1.,0.,0.));
#2428=DIRECTION('center_axis',(0.,0.,1.));
#2429=DIRECTION('ref_axis',(-1.,0.,0.));
#2430=DIRECTION('',(0.,0.,1.));
#2431=DIRECTION('center_axis',(0.,0.,1.));
#2432=DIRECTION('ref_axis',(-1.,0.,0.));
#2433=DIRECTION('center_axis',(0.,0.,1.));
#2434=DIRECTION('ref_axis',(1.,0.,0.));
#2435=DIRECTION('center_axis',(0.,0.,1.));
#2436=DIRECTION('ref_axis',(1.,0.,0.));
#2437=DIRECTION('center_axis',(0.,0.,1.));
#2438=DIRECTION('ref_axis',(-1.,0.,0.));
#2439=DIRECTION('center_axis',(0.,0.,1.));
#2440=DIRECTION('ref_axis',(-1.,0.,0.));
#2441=DIRECTION('center_axis',(0.,0.,1.));
#2442=DIRECTION('ref_axis',(-1.,0.,0.));
#2443=DIRECTION('center_axis',(0.,0.,1.));
#2444=DIRECTION('ref_axis',(-1.,0.,0.));
#2445=DIRECTION('center_axis',(0.,0.,1.));
#2446=DIRECTION('ref_axis',(-1.,0.,0.));
#2447=DIRECTION('center_axis',(0.,0.,1.));
#2448=DIRECTION('ref_axis',(1.,0.,0.));
#2449=DIRECTION('center_axis',(0.,0.,1.));
#2450=DIRECTION('ref_axis',(1.,0.,0.));
#2451=DIRECTION('',(0.,0.,1.));
#2452=DIRECTION('center_axis',(0.,0.,1.));
#2453=DIRECTION('ref_axis',(1.,0.,0.));
#2454=DIRECTION('center_axis',(0.,0.,1.));
#2455=DIRECTION('ref_axis',(1.,0.,0.));
#2456=DIRECTION('',(-1.,0.,0.));
#2457=DIRECTION('center_axis',(0.,0.,1.));
#2458=DIRECTION('ref_axis',(-0.384615384615406,0.923076923076914,0.));
#2459=DIRECTION('center_axis',(0.,0.,1.));
#2460=DIRECTION('ref_axis',(-0.384615384615406,0.923076923076914,0.));
#2461=DIRECTION('',(-1.,-3.687723869792E-10,3.687703603564E-10));
#2462=DIRECTION('center_axis',(0.,0.,1.));
#2463=DIRECTION('ref_axis',(0.,1.,0.));
#2464=DIRECTION('',(0.499999999995516,-0.866025403787028,-5.14759828102816E-12));
#2465=DIRECTION('center_axis',(0.,0.,1.));
#2466=DIRECTION('ref_axis',(-0.866025403784429,-0.500000000000017,0.));
#2467=DIRECTION('',(-0.500000000015302,0.866025403775604,1.76901306048301E-11));
#2468=DIRECTION('center_axis',(0.,0.,1.));
#2469=DIRECTION('ref_axis',(0.866025403784429,0.500000000000017,0.));
#2470=DIRECTION('',(-1.,2.689134742238E-11,-2.689082970647E-11));
#2471=DIRECTION('center_axis',(0.,0.,1.));
#2472=DIRECTION('ref_axis',(-0.384615384615406,0.923076923076914,0.));
#2473=DIRECTION('center_axis',(0.,0.,1.));
#2474=DIRECTION('ref_axis',(-0.384615384615406,0.923076923076914,0.));
#2475=DIRECTION('center_axis',(0.,0.,-1.));
#2476=DIRECTION('ref_axis',(0.866025403784429,0.500000000000017,0.));
#2477=DIRECTION('',(-1.,3.447380111295E-12,-3.447093720613E-12));
#2478=DIRECTION('center_axis',(0.,0.,-1.));
#2479=DIRECTION('ref_axis',(0.,-1.,0.));
#2480=DIRECTION('',(0.500000000003003,0.866025403782705,-3.44723691595402E-12));
#2481=DIRECTION('center_axis',(0.,0.,-1.));
#2482=DIRECTION('ref_axis',(-0.866025403784429,0.500000000000017,0.));
#2483=DIRECTION('',(0.499999999996987,-0.866025403786178,-3.44738011129491E-12));
#2484=DIRECTION('center_axis',(0.,0.,-1.));
#2485=DIRECTION('ref_axis',(0.,1.,0.));
#2486=DIRECTION('',(-0.500000002018793,-0.866025402618888,-2.33108994612297E-9));
#2487=DIRECTION('center_axis',(0.,0.,-1.));
#2488=DIRECTION('ref_axis',(0.866025403784429,-0.500000000000017,0.));
#2489=DIRECTION('',(-1.,-1.330711811458E-10,1.330728749823E-10));
#2490=DIRECTION('center_axis',(0.,0.,-1.));
#2491=DIRECTION('ref_axis',(0.,-1.,0.));
#2492=DIRECTION('',(-0.50000000215921,0.866025402537818,2.49323610201405E-9));
#2493=DIRECTION('center_axis',(0.,0.,-1.));
#2494=DIRECTION('ref_axis',(-0.866025403784429,-0.500000000000017,0.));
#2495=DIRECTION('',(1.,-3.112807992885E-12,-3.11306658903E-12));
#2496=DIRECTION('center_axis',(0.,0.707106781186548,0.707106781186548));
#2497=DIRECTION('ref_axis',(0.,0.707106781186548,-0.707106781186548));
#2498=DIRECTION('',(1.,1.361621239304E-14,-1.366530931273E-14));
#2499=DIRECTION('',(8.21540202444055E-10,0.707106781186547,-0.707106781186547));
#2500=DIRECTION('center_axis',(0.,0.707106781186548,0.707106781186548));
#2501=DIRECTION('ref_axis',(0.,-0.707106781186548,0.707106781186548));
#2502=DIRECTION('center_axis',(0.,0.707106781186548,0.707106781186548));
#2503=DIRECTION('ref_axis',(0.,-0.707106781186548,0.707106781186548));
#2504=DIRECTION('',(-1.84318256540312E-9,0.707106781186547,-0.707106781186547));
#2505=DIRECTION('center_axis',(0.,1.,0.));
#2506=DIRECTION('ref_axis',(-1.,0.,0.));
#2507=DIRECTION('',(1.,-8.729366897788E-11,-8.729323119701E-11));
#2508=DIRECTION('',(5.107945875444E-9,-4.386965641387E-10,-1.));
#2509=DIRECTION('',(-3.862837357817E-8,-1.269969235012E-9,-0.999999999999999));
#2510=DIRECTION('center_axis',(0.,0.707106781186598,-0.707106781186498));
#2511=DIRECTION('ref_axis',(0.,0.707106781186498,0.707106781186598));
#2512=DIRECTION('',(1.,-1.094081001789E-10,-1.094075328367E-10));
#2513=DIRECTION('',(-2.43225659850516E-8,0.707106781186547,0.707106781186547));
#2514=DIRECTION('',(1.47037880748108E-7,0.70710678118654,0.70710678118654));
#2515=DIRECTION('center_axis',(0.,0.,1.));
#2516=DIRECTION('ref_axis',(1.,0.,0.));
#2517=DIRECTION('',(0.500000001686903,-0.866025402810505,1.94785824178101E-9));
#2518=DIRECTION('',(1.,0.,0.));
#2519=DIRECTION('center_axis',(0.,0.,1.));
#2520=DIRECTION('ref_axis',(1.,0.,0.));
#2521=DIRECTION('',(0.,-1.,0.));
#2522=DIRECTION('center_axis',(0.,0.,1.));
#2523=DIRECTION('ref_axis',(0.,-1.,0.));
#2524=DIRECTION('',(1.,0.,0.));
#2525=DIRECTION('center_axis',(0.,0.,1.));
#2526=DIRECTION('ref_axis',(1.,0.,0.));
#2527=DIRECTION('',(0.,1.,0.));
#2528=DIRECTION('center_axis',(0.,0.,1.));
#2529=DIRECTION('ref_axis',(0.,1.,0.));
#2530=DIRECTION('',(1.,0.,0.));
#2531=DIRECTION('',(-0.499999998636792,0.866025404571487,-1.57402974358898E-9));
#2532=DIRECTION('center_axis',(0.,0.,-1.));
#2533=DIRECTION('ref_axis',(-0.866025403784429,-0.500000000000017,0.));
#2534=DIRECTION('center_axis',(0.,0.,-1.));
#2535=DIRECTION('ref_axis',(0.,1.,0.));
#2536=DIRECTION('center_axis',(0.,0.,1.));
#2537=DIRECTION('ref_axis',(-1.,0.,0.));
#2538=DIRECTION('center_axis',(0.,0.,1.));
#2539=DIRECTION('ref_axis',(-1.,0.,0.));
#2540=DIRECTION('center_axis',(0.,0.,1.));
#2541=DIRECTION('ref_axis',(-1.,0.,0.));
#2542=DIRECTION('',(0.,0.,1.));
#2543=DIRECTION('center_axis',(0.,0.,1.));
#2544=DIRECTION('ref_axis',(-1.,0.,0.));
#2545=DIRECTION('center_axis',(0.,0.,1.));
#2546=DIRECTION('ref_axis',(-1.,0.,0.));
#2547=DIRECTION('center_axis',(0.,0.,1.));
#2548=DIRECTION('ref_axis',(-1.,0.,0.));
#2549=DIRECTION('center_axis',(0.,0.,1.));
#2550=DIRECTION('ref_axis',(-1.,0.,0.));
#2551=DIRECTION('',(0.,0.,1.));
#2552=DIRECTION('center_axis',(0.,0.,1.));
#2553=DIRECTION('ref_axis',(-1.,0.,0.));
#2554=DIRECTION('',(0.,0.,1.));
#2555=DIRECTION('center_axis',(0.,0.,1.));
#2556=DIRECTION('ref_axis',(-1.,0.,0.));
#2557=DIRECTION('center_axis',(0.,0.,1.));
#2558=DIRECTION('ref_axis',(-1.,0.,0.));
#2559=DIRECTION('center_axis',(0.,0.,1.));
#2560=DIRECTION('ref_axis',(-1.,0.,0.));
#2561=DIRECTION('center_axis',(0.,0.,1.));
#2562=DIRECTION('ref_axis',(-1.,0.,0.));
#2563=DIRECTION('',(0.,0.,1.));
#2564=DIRECTION('center_axis',(0.612372435695813,0.353553390593307,-0.707106781186515));
#2565=DIRECTION('ref_axis',(0.612372435695756,0.353553390593275,0.70710678118658));
#2566=DIRECTION('',(0.755928946018463,0.,0.654653670707968));
#2567=DIRECTION('',(0.612372388415528,0.353553472485116,0.707106781186532));
#2568=DIRECTION('',(0.500000001314892,-0.866025403025286,1.51827763216797E-9));
#2569=DIRECTION('center_axis',(0.,1.,0.));
#2570=DIRECTION('ref_axis',(1.,0.,0.));
#2571=DIRECTION('',(0.,0.,1.));
#2572=DIRECTION('',(0.75592894601842,0.,-0.654653670708017));
#2573=DIRECTION('',(0.,0.,-1.));
#2574=DIRECTION('',(-0.755928946018463,0.,0.654653670707968));
#2575=DIRECTION('center_axis',(0.,1.,0.));
#2576=DIRECTION('ref_axis',(1.,0.,0.));
#2577=DIRECTION('',(0.,0.,-1.));
#2578=DIRECTION('',(0.,1.184237892934E-14,-1.));
#2579=DIRECTION('',(-0.755928946018463,0.,-0.654653670707968));
#2580=DIRECTION('center_axis',(-0.866025403784429,-0.500000000000017,0.));
#2581=DIRECTION('ref_axis',(0.500000000000017,-0.866025403784429,0.));
#2582=DIRECTION('',(0.50000000000122,-0.866025403783734,-1.38449802664805E-12));
#2583=DIRECTION('',(6.576759877196E-10,-1.151311737262E-9,1.));
#2584=DIRECTION('',(0.499999999994001,-0.866025403787902,-6.96556564853502E-12));
#2585=DIRECTION('',(4.867189066408E-9,-7.789090382281E-9,-1.));
#2586=DIRECTION('',(-0.499999998803592,0.866025404475185,-1.38146228269298E-9));
#2587=DIRECTION('center_axis',(-0.612372435695813,-0.353553390593307,-0.707106781186515));
#2588=DIRECTION('ref_axis',(0.612372435695756,0.353553390593275,-0.70710678118658));
#2589=DIRECTION('',(0.612372433231321,0.353553394861912,-0.707106781186525));
#2590=DIRECTION('center_axis',(0.,0.,1.));
#2591=DIRECTION('ref_axis',(0.,-1.,0.));
#2592=DIRECTION('center_axis',(0.,0.,1.));
#2593=DIRECTION('ref_axis',(-0.866025403784429,-0.500000000000017,0.));
#2594=DIRECTION('',(-0.612372438016625,-0.353553386573514,-0.707106781186529));
#2595=DIRECTION('center_axis',(0.,0.,1.));
#2596=DIRECTION('ref_axis',(1.,0.,0.));
#2597=DIRECTION('',(-1.255529014029E-11,1.371742225917E-12,1.));
#2598=DIRECTION('center_axis',(0.,0.,1.));
#2599=DIRECTION('ref_axis',(-0.866025403784429,-0.500000000000017,0.));
#2600=DIRECTION('center_axis',(0.,0.,-1.));
#2601=DIRECTION('ref_axis',(0.,-1.,0.));
#2602=DIRECTION('',(-0.61237243491763,-0.353553391941118,-0.707106781186535));
#2603=DIRECTION('',(0.612372436668203,0.353553388909102,-0.707106781186503));
#2604=DIRECTION('center_axis',(0.612372435695813,0.353553390593307,0.707106781186515));
#2605=DIRECTION('ref_axis',(0.612372435695756,0.353553390593275,-0.70710678118658));
#2606=DIRECTION('',(-0.500000000020501,0.866025403772602,2.37088379154401E-11));
#2607=DIRECTION('',(0.612372436344539,0.353553389469622,-0.707106781186544));
#2608=DIRECTION('center_axis',(0.866025403784429,0.500000000000017,0.));
#2609=DIRECTION('ref_axis',(-0.500000000000017,0.866025403784429,0.));
#2610=DIRECTION('',(-0.499999999998072,0.866025403785552,2.24748611034487E-12));
#2611=DIRECTION('',(1.072909345744E-8,-2.216934218054E-8,-1.));
#2612=DIRECTION('center_axis',(0.612372435695813,0.353553390593307,-0.707106781186515));
#2613=DIRECTION('ref_axis',(-0.612372435695756,-0.353553390593275,-0.70710678118658));
#2614=DIRECTION('center_axis',(0.,0.,-1.));
#2615=DIRECTION('ref_axis',(0.,1.,0.));
#2616=DIRECTION('center_axis',(0.,0.,-1.));
#2617=DIRECTION('ref_axis',(0.,1.,0.));
#2618=DIRECTION('center_axis',(0.,0.,1.));
#2619=DIRECTION('ref_axis',(0.866025403784429,0.500000000000017,0.));
#2620=DIRECTION('center_axis',(0.,0.,1.));
#2621=DIRECTION('ref_axis',(0.499999989851803,0.866025409643503,0.));
#2622=DIRECTION('center_axis',(0.,0.,-1.));
#2623=DIRECTION('ref_axis',(0.499999999108572,0.866025404299105,0.));
#2624=DIRECTION('center_axis',(-0.612372435695813,-0.353553390593307,0.707106781186515));
#2625=DIRECTION('ref_axis',(-0.612372435695756,-0.353553390593275,-0.70710678118658));
#2626=DIRECTION('',(-0.612372435071813,-0.353553391674107,-0.707106781186515));
#2627=DIRECTION('center_axis',(0.,0.,-1.));
#2628=DIRECTION('ref_axis',(-0.866025404186435,0.499999999303722,0.));
#2629=DIRECTION('center_axis',(0.,0.,1.));
#2630=DIRECTION('ref_axis',(0.,1.,0.));
#2631=DIRECTION('center_axis',(0.,0.,-1.));
#2632=DIRECTION('ref_axis',(-0.866025403784429,-0.500000000000017,0.));
#2633=DIRECTION('center_axis',(0.,0.,-1.));
#2634=DIRECTION('ref_axis',(-0.866025403784429,-0.500000000000017,0.));
#2635=DIRECTION('center_axis',(0.,0.,1.));
#2636=DIRECTION('ref_axis',(-0.866025405733589,0.499999996623972,0.));
#2637=DIRECTION('',(-0.612372456586015,-0.353553354410409,0.707106781186517));
#2638=DIRECTION('center_axis',(-0.612372435695813,-0.353553390593307,-0.707106781186515));
#2639=DIRECTION('ref_axis',(-0.612372435695756,-0.353553390593275,0.70710678118658));
#2640=DIRECTION('center_axis',(0.,0.,-1.));
#2641=DIRECTION('ref_axis',(0.,-1.,0.));
#2642=DIRECTION('',(0.,0.,-1.));
#2643=DIRECTION('center_axis',(0.,0.,-1.));
#2644=DIRECTION('ref_axis',(1.,0.,0.));
#2645=DIRECTION('',(0.,0.,-1.));
#2646=DIRECTION('center_axis',(0.,-1.,0.));
#2647=DIRECTION('ref_axis',(-1.,0.,0.));
#2648=DIRECTION('',(-1.,0.,0.));
#2649=DIRECTION('',(0.,0.,-1.));
#2650=DIRECTION('center_axis',(0.,0.,-1.));
#2651=DIRECTION('ref_axis',(0.,-1.,0.));
#2652=DIRECTION('center_axis',(0.,0.,-1.));
#2653=DIRECTION('ref_axis',(0.,1.,0.));
#2654=DIRECTION('',(0.,0.,-1.));
#2655=DIRECTION('center_axis',(1.,0.,0.));
#2656=DIRECTION('ref_axis',(0.,-1.,0.));
#2657=DIRECTION('',(0.,0.,-1.));
#2658=DIRECTION('',(0.,-1.,0.));
#2659=DIRECTION('center_axis',(0.,0.,-1.));
#2660=DIRECTION('ref_axis',(0.707106781186547,0.707106781186548,0.));
#2661=DIRECTION('center_axis',(0.,0.,-1.));
#2662=DIRECTION('ref_axis',(-1.,0.,0.));
#2663=DIRECTION('',(0.,0.,-1.));
#2664=DIRECTION('center_axis',(0.,0.,-1.));
#2665=DIRECTION('ref_axis',(0.,-1.,0.));
#2666=DIRECTION('',(0.,1.,0.));
#2667=DIRECTION('center_axis',(0.,0.,-1.));
#2668=DIRECTION('ref_axis',(0.,-1.,0.));
#2669=DIRECTION('',(1.,0.,0.));
#2670=DIRECTION('center_axis',(0.,1.,0.));
#2671=DIRECTION('ref_axis',(1.,0.,0.));
#2672=DIRECTION('',(0.,0.,-1.));
#2673=DIRECTION('center_axis',(0.,0.,-1.));
#2674=DIRECTION('ref_axis',(-0.707106781186548,0.707106781186547,0.));
#2675=DIRECTION('',(0.,0.,-1.));
#2676=DIRECTION('center_axis',(-1.,0.,0.));
#2677=DIRECTION('ref_axis',(0.,1.,0.));
#2678=DIRECTION('center_axis',(0.,0.,1.));
#2679=DIRECTION('ref_axis',(0.,-1.,0.));
#2680=DIRECTION('',(-0.612372427719419,-0.353553404408811,-0.707106781186522));
#2681=DIRECTION('center_axis',(0.,0.,-1.));
#2682=DIRECTION('ref_axis',(0.866025403784429,0.500000000000017,0.));
#2683=DIRECTION('',(-1.5185640391121E-8,0.707106781186547,-0.707106781186547));
#2684=DIRECTION('center_axis',(0.,0.707106781186548,0.707106781186548));
#2685=DIRECTION('ref_axis',(0.,0.707106781186548,-0.707106781186548));
#2686=DIRECTION('',(-1.,1.93905584893E-12,-1.93910358071E-12));
#2687=DIRECTION('',(-1.59528365564011E-8,0.707106781186547,-0.707106781186547));
#2688=DIRECTION('center_axis',(0.,0.,1.));
#2689=DIRECTION('ref_axis',(0.,-1.,0.));
#2690=DIRECTION('center_axis',(0.,0.,-1.));
#2691=DIRECTION('ref_axis',(0.,-1.,0.));
#2692=DIRECTION('',(0.612372443288631,-0.353553377442118,-0.707106781186536));
#2693=DIRECTION('center_axis',(0.612372435695813,-0.353553390593307,0.707106781186515));
#2694=DIRECTION('ref_axis',(0.612372435695756,-0.353553390593275,-0.70710678118658));
#2695=DIRECTION('',(0.500000000001681,0.866025403783468,-1.93905584892993E-12));
#2696=DIRECTION('',(0.612372443672228,-0.353553376777716,-0.707106781186532));
#2697=DIRECTION('center_axis',(0.,0.,1.));
#2698=DIRECTION('ref_axis',(-1.0759834234368E-8,1.,0.));
#2699=DIRECTION('center_axis',(0.,0.,-1.));
#2700=DIRECTION('ref_axis',(-0.866025403784429,0.500000000000017,0.));
#2701=DIRECTION('',(-0.612372428103016,-0.353553403744409,-0.707106781186519));
#2702=DIRECTION('center_axis',(-0.612372435695813,-0.353553390593307,0.707106781186515));
#2703=DIRECTION('ref_axis',(-0.612372435695756,-0.353553390593275,-0.70710678118658));
#2704=DIRECTION('',(0.499999999998309,-0.866025403785415,-1.93915131249103E-12));
#2705=DIRECTION('center_axis',(0.866025403784429,0.500000000000017,0.));
#2706=DIRECTION('ref_axis',(-0.500000000000017,0.866025403784429,0.));
#2707=DIRECTION('',(2.82312156751E-9,-3.522991678571E-9,-1.));
#2708=DIRECTION('',(2.711007010463E-9,-3.339905038562E-9,-1.));
#2709=DIRECTION('center_axis',(0.,0.,-1.));
#2710=DIRECTION('ref_axis',(-0.866025403784429,0.500000000000017,0.));
#2711=DIRECTION('',(1.639437988196E-9,4.20638676315E-9,-1.));
#2712=DIRECTION('center_axis',(-0.866025403784429,0.500000000000017,0.));
#2713=DIRECTION('ref_axis',(-0.500000000000017,-0.866025403784429,0.));
#2714=DIRECTION('',(1.536941105342E-9,4.017755156938E-9,-1.));
#2715=DIRECTION('center_axis',(0.,0.,-1.));
#2716=DIRECTION('ref_axis',(0.,-1.,0.));
#2717=DIRECTION('',(-4.462559009135E-9,-6.833994571498E-10,-1.));
#2718=DIRECTION('center_axis',(0.,-1.,0.));
#2719=DIRECTION('ref_axis',(1.,0.,0.));
#2720=DIRECTION('',(-4.247948457412E-9,-6.778484786619E-10,-1.));
#2721=DIRECTION('center_axis',(0.,0.,-1.));
#2722=DIRECTION('ref_axis',(0.866025403784429,0.500000000000017,0.));
#2723=DIRECTION('center_axis',(0.,0.,1.));
#2724=DIRECTION('ref_axis',(0.866025398404349,0.500000009318588,0.));
#2725=DIRECTION('',(1.59528378124711E-8,-0.707106781186547,-0.707106781186547));
#2726=DIRECTION('center_axis',(0.,0.,-1.));
#2727=DIRECTION('ref_axis',(0.,1.,0.));
#2728=DIRECTION('',(-0.612372443288631,0.353553377442118,-0.707106781186536));
#2729=DIRECTION('center_axis',(-0.612372435695813,0.353553390593307,0.707106781186515));
#2730=DIRECTION('ref_axis',(-0.612372435695756,0.353553390593275,-0.70710678118658));
#2731=DIRECTION('',(-0.5000000011356,-0.8660254031288,-1.311238321042E-9));
#2732=DIRECTION('',(-0.612372473367639,0.353553325343722,-0.707106781186545));
#2733=DIRECTION('center_axis',(0.,0.,1.));
#2734=DIRECTION('ref_axis',(0.,-1.,0.));
#2735=DIRECTION('center_axis',(0.,0.,-1.));
#2736=DIRECTION('ref_axis',(0.866025403784429,-0.500000000000017,0.));
#2737=DIRECTION('',(-3.47419663603323E-8,0.707106781186547,-0.707106781186547));
#2738=DIRECTION('center_axis',(0.,0.707106781186548,0.707106781186548));
#2739=DIRECTION('ref_axis',(0.,0.707106781186548,-0.707106781186548));
#2740=DIRECTION('',(-1.,-7.485217330724E-11,7.485355917344E-11));
#2741=DIRECTION('',(-7.53436785815649E-8,0.707106781186546,-0.707106781186546));
#2742=DIRECTION('center_axis',(0.,0.,1.));
#2743=DIRECTION('ref_axis',(0.,-1.,0.));
#2744=DIRECTION('center_axis',(0.,0.,-1.));
#2745=DIRECTION('ref_axis',(0.,-1.,0.));
#2746=DIRECTION('',(0.612372418324824,0.353553420680714,-0.707106781186528));
#2747=DIRECTION('center_axis',(0.612372435695813,0.353553390593307,0.707106781186515));
#2748=DIRECTION('ref_axis',(0.612372435695756,0.353553390593275,-0.70710678118658));
#2749=DIRECTION('',(-0.500000001214595,0.866025403083192,1.40244555625399E-9));
#2750=DIRECTION('',(0.612372427719419,0.353553404408811,-0.707106781186522));
#2751=DIRECTION('center_axis',(0.,0.,1.));
#2752=DIRECTION('ref_axis',(0.,-1.,0.));
#2753=DIRECTION('center_axis',(0.,0.,-1.));
#2754=DIRECTION('ref_axis',(-0.866025403784429,-0.500000000000017,0.));
#2755=DIRECTION('',(1.5185637878971E-8,-0.707106781186547,-0.707106781186547));
#2756=DIRECTION('center_axis',(0.,-0.707106781186548,0.707106781186548));
#2757=DIRECTION('ref_axis',(0.,-0.707106781186548,-0.707106781186548));
#2758=DIRECTION('center_axis',(0.,0.,-1.));
#2759=DIRECTION('ref_axis',(-0.866025403784429,-0.500000000000017,0.));
#2760=DIRECTION('',(-2.82311965451E-9,3.522991132E-9,-1.));
#2761=DIRECTION('center_axis',(-0.866025403784429,-0.500000000000017,0.));
#2762=DIRECTION('ref_axis',(0.500000000000017,-0.866025403784429,0.));
#2763=DIRECTION('',(-7.146212529505E-9,7.096123639072E-9,-1.));
#2764=DIRECTION('center_axis',(0.,0.,-1.));
#2765=DIRECTION('ref_axis',(0.,-1.,0.));
#2766=DIRECTION('',(-2.107623127467E-8,-2.507893933006E-9,-1.));
#2767=DIRECTION('center_axis',(0.,-1.,0.));
#2768=DIRECTION('ref_axis',(1.,0.,0.));
#2769=DIRECTION('',(-9.718528093438E-9,-2.640738096711E-9,-1.));
#2770=DIRECTION('center_axis',(0.,0.,-1.));
#2771=DIRECTION('ref_axis',(0.866025403784429,-0.500000000000017,0.));
#2772=DIRECTION('',(-8.366214408915E-9,-1.950649752603E-8,-1.));
#2773=DIRECTION('center_axis',(0.866025403784429,-0.500000000000017,0.));
#2774=DIRECTION('ref_axis',(0.500000000000017,0.866025403784429,0.));
#2775=DIRECTION('',(-1.536940012199E-9,-4.017755156938E-9,-1.));
#2776=DIRECTION('center_axis',(0.,0.,-1.));
#2777=DIRECTION('ref_axis',(0.,1.,0.));
#2778=DIRECTION('center_axis',(0.,0.,1.));
#2779=DIRECTION('ref_axis',(-1.,0.,0.));
#2780=DIRECTION('center_axis',(0.,0.,1.));
#2781=DIRECTION('ref_axis',(-1.,0.,0.));
#2782=DIRECTION('',(0.,0.,1.));
#2783=DIRECTION('center_axis',(0.,0.,1.));
#2784=DIRECTION('ref_axis',(-1.,0.,0.));
#2785=DIRECTION('center_axis',(0.,0.,-1.));
#2786=DIRECTION('ref_axis',(-1.,0.,0.));
#2787=DIRECTION('center_axis',(0.,0.,1.));
#2788=DIRECTION('ref_axis',(-1.,0.,0.));
#2789=DIRECTION('',(0.,0.,1.));
#2790=DIRECTION('center_axis',(0.,0.,1.));
#2791=DIRECTION('ref_axis',(-1.,0.,0.));
#2792=DIRECTION('center_axis',(0.,0.,1.));
#2793=DIRECTION('ref_axis',(-1.,0.,0.));
#2794=DIRECTION('',(0.,0.,1.));
#2795=DIRECTION('center_axis',(0.,0.,1.));
#2796=DIRECTION('ref_axis',(-1.,0.,0.));
#2797=DIRECTION('center_axis',(0.,0.,-1.));
#2798=DIRECTION('ref_axis',(-1.,0.,0.));
#2799=DIRECTION('center_axis',(0.,0.,1.));
#2800=DIRECTION('ref_axis',(-1.,0.,0.));
#2801=DIRECTION('',(0.,0.,1.));
#2802=DIRECTION('center_axis',(0.,0.,1.));
#2803=DIRECTION('ref_axis',(-1.,0.,0.));
#2804=DIRECTION('center_axis',(0.,0.,1.));
#2805=DIRECTION('ref_axis',(-1.,0.,0.));
#2806=DIRECTION('',(0.,0.,1.));
#2807=DIRECTION('center_axis',(0.,0.,1.));
#2808=DIRECTION('ref_axis',(-1.,0.,0.));
#2809=DIRECTION('center_axis',(0.,0.,-1.));
#2810=DIRECTION('ref_axis',(-1.,0.,0.));
#2811=DIRECTION('center_axis',(0.,0.,1.));
#2812=DIRECTION('ref_axis',(-1.,0.,0.));
#2813=DIRECTION('',(0.,0.,1.));
#2814=DIRECTION('center_axis',(0.,0.,1.));
#2815=DIRECTION('ref_axis',(-1.,0.,0.));
#2816=DIRECTION('center_axis',(0.,0.,1.));
#2817=DIRECTION('ref_axis',(-1.,0.,0.));
#2818=DIRECTION('',(0.,0.,1.));
#2819=DIRECTION('center_axis',(0.,0.,1.));
#2820=DIRECTION('ref_axis',(-1.,0.,0.));
#2821=DIRECTION('center_axis',(0.,0.,-1.));
#2822=DIRECTION('ref_axis',(-1.,0.,0.));
#2823=DIRECTION('center_axis',(0.,0.,1.));
#2824=DIRECTION('ref_axis',(-1.,0.,0.));
#2825=DIRECTION('',(0.,0.,1.));
#2826=DIRECTION('center_axis',(0.,0.,1.));
#2827=DIRECTION('ref_axis',(-1.,0.,0.));
#2828=DIRECTION('center_axis',(0.,0.,1.));
#2829=DIRECTION('ref_axis',(-1.,0.,0.));
#2830=DIRECTION('',(0.,0.,1.));
#2831=DIRECTION('center_axis',(0.,0.,1.));
#2832=DIRECTION('ref_axis',(-1.,0.,0.));
#2833=DIRECTION('center_axis',(0.,0.,-1.));
#2834=DIRECTION('ref_axis',(-1.,0.,0.));
#2835=DIRECTION('center_axis',(0.,0.,1.));
#2836=DIRECTION('ref_axis',(-1.,0.,0.));
#2837=DIRECTION('',(0.,0.,1.));
#2838=DIRECTION('center_axis',(0.,0.,1.));
#2839=DIRECTION('ref_axis',(1.,0.,0.));
#2840=DIRECTION('center_axis',(0.,0.,1.));
#2841=DIRECTION('ref_axis',(1.,0.,0.));
#2842=DIRECTION('',(0.,0.,1.));
#2843=DIRECTION('center_axis',(0.,0.,1.));
#2844=DIRECTION('ref_axis',(1.,0.,0.));
#2845=DIRECTION('center_axis',(0.866025403784429,0.500000000000017,0.));
#2846=DIRECTION('ref_axis',(0.500000000000017,-0.866025403784429,0.));
#2847=DIRECTION('',(0.,0.,1.));
#2848=DIRECTION('',(0.500000000000017,-0.866025403784429,0.));
#2849=DIRECTION('',(0.,0.,1.));
#2850=DIRECTION('center_axis',(-0.500000000000017,0.866025403784429,0.));
#2851=DIRECTION('ref_axis',(0.866025403784429,0.500000000000017,0.));
#2852=DIRECTION('',(0.,0.,1.));
#2853=DIRECTION('',(0.866025403784429,0.500000000000017,0.));
#2854=DIRECTION('center_axis',(0.,0.,1.));
#2855=DIRECTION('ref_axis',(1.,0.,0.));
#2856=DIRECTION('',(0.500000000000017,-0.866025403784429,0.));
#2857=DIRECTION('',(-0.866025403784429,-0.500000000000017,0.));
#2858=DIRECTION('',(-0.500000000000017,0.866025403784429,0.));
#2859=DIRECTION('',(0.866025403784429,0.500000000000017,0.));
#2860=DIRECTION('center_axis',(-0.500000000000017,0.866025403784429,0.));
#2861=DIRECTION('ref_axis',(0.866025403784429,0.500000000000017,0.));
#2862=DIRECTION('',(0.,0.,1.));
#2863=DIRECTION('center_axis',(-0.866025403784429,-0.500000000000017,0.));
#2864=DIRECTION('ref_axis',(-0.500000000000017,0.866025403784429,0.));
#2865=DIRECTION('',(0.,0.,1.));
#2866=DIRECTION('center_axis',(0.500000000000017,-0.866025403784429,0.));
#2867=DIRECTION('ref_axis',(-0.866025403784429,-0.500000000000017,0.));
#2868=DIRECTION('',(0.,0.,1.));
#2869=DIRECTION('center_axis',(0.866025403784429,0.500000000000017,0.));
#2870=DIRECTION('ref_axis',(0.500000000000017,-0.866025403784429,0.));
#2871=DIRECTION('center_axis',(0.,0.,-1.));
#2872=DIRECTION('ref_axis',(-1.,0.,0.));
#2873=DIRECTION('center_axis',(0.,0.,-1.));
#2874=DIRECTION('ref_axis',(-1.,0.,0.));
#2875=DIRECTION('center_axis',(0.,0.,-1.));
#2876=DIRECTION('ref_axis',(-1.,0.,0.));
#2877=DIRECTION('center_axis',(0.,0.,-1.));
#2878=DIRECTION('ref_axis',(-1.,0.,0.));
#2879=DIRECTION('',(0.,0.,1.));
#2880=DIRECTION('center_axis',(0.,0.,-1.));
#2881=DIRECTION('ref_axis',(-1.,0.,0.));
#2882=DIRECTION('center_axis',(0.,0.,1.));
#2883=DIRECTION('ref_axis',(0.,-1.,0.));
#2884=DIRECTION('',(8.65956056235493E-17,-0.707106781186547,-0.707106781186547));
#2885=DIRECTION('center_axis',(0.,0.,-1.));
#2886=DIRECTION('ref_axis',(-1.,0.,0.));
#2887=DIRECTION('center_axis',(0.,0.,-1.));
#2888=DIRECTION('ref_axis',(-1.,0.,0.));
#2889=DIRECTION('center_axis',(0.,0.,-1.));
#2890=DIRECTION('ref_axis',(0.500000000000017,0.866025403784429,0.));
#2891=DIRECTION('center_axis',(0.,0.,-1.));
#2892=DIRECTION('ref_axis',(0.500000000000017,0.866025403784429,0.));
#2893=DIRECTION('center_axis',(0.,0.,-1.));
#2894=DIRECTION('ref_axis',(0.500000000000017,0.866025403784429,0.));
#2895=DIRECTION('center_axis',(0.,0.,-1.));
#2896=DIRECTION('ref_axis',(0.500000000000017,0.866025403784429,0.));
#2897=DIRECTION('',(0.,0.,1.));
#2898=DIRECTION('center_axis',(0.,0.,-1.));
#2899=DIRECTION('ref_axis',(0.500000000000017,0.866025403784429,0.));
#2900=DIRECTION('center_axis',(0.,0.,1.));
#2901=DIRECTION('ref_axis',(0.,-1.,0.));
#2902=DIRECTION('',(8.65956056235493E-17,-0.707106781186547,-0.707106781186547));
#2903=DIRECTION('center_axis',(0.,0.,-1.));
#2904=DIRECTION('ref_axis',(0.500000000000017,0.866025403784429,0.));
#2905=DIRECTION('center_axis',(0.,0.,-1.));
#2906=DIRECTION('ref_axis',(0.500000000000017,0.866025403784429,0.));
#2907=DIRECTION('center_axis',(0.,0.,-1.));
#2908=DIRECTION('ref_axis',(0.500000000000017,-0.866025403784429,0.));
#2909=DIRECTION('center_axis',(0.,0.,-1.));
#2910=DIRECTION('ref_axis',(0.500000000000017,-0.866025403784429,0.));
#2911=DIRECTION('center_axis',(0.,0.,-1.));
#2912=DIRECTION('ref_axis',(0.500000000000017,-0.866025403784429,0.));
#2913=DIRECTION('center_axis',(0.,0.,-1.));
#2914=DIRECTION('ref_axis',(0.500000000000017,-0.866025403784429,0.));
#2915=DIRECTION('',(0.,0.,1.));
#2916=DIRECTION('center_axis',(0.,0.,-1.));
#2917=DIRECTION('ref_axis',(0.500000000000017,-0.866025403784429,0.));
#2918=DIRECTION('center_axis',(0.,0.,1.));
#2919=DIRECTION('ref_axis',(0.,-1.,0.));
#2920=DIRECTION('',(8.65956056235493E-17,-0.707106781186547,-0.707106781186547));
#2921=DIRECTION('center_axis',(0.,0.,-1.));
#2922=DIRECTION('ref_axis',(0.500000000000017,-0.866025403784429,0.));
#2923=DIRECTION('center_axis',(0.,0.,-1.));
#2924=DIRECTION('ref_axis',(0.500000000000017,-0.866025403784429,0.));
#2925=DIRECTION('center_axis',(0.,0.,1.));
#2926=DIRECTION('ref_axis',(1.,0.,0.));
#2927=DIRECTION('center_axis',(0.,0.,1.));
#2928=DIRECTION('ref_axis',(1.,0.,0.));
#2929=DIRECTION('center_axis',(0.,0.,1.));
#2930=DIRECTION('ref_axis',(0.999479840599369,-0.032249778843569,0.));
#2931=DIRECTION('center_axis',(-0.0322497788435689,-0.999479840599369,0.));
#2932=DIRECTION('ref_axis',(-0.999479840599369,0.0322497788435689,0.));
#2933=DIRECTION('center_axis',(0.,0.,1.));
#2934=DIRECTION('ref_axis',(1.,0.,0.));
#2935=DIRECTION('center_axis',(0.,0.,1.));
#2936=DIRECTION('ref_axis',(1.,0.,0.));
#2937=DIRECTION('center_axis',(0.,0.,1.));
#2938=DIRECTION('ref_axis',(1.,0.,0.));
#2939=DIRECTION('',(0.,0.,-1.));
#2940=DIRECTION('center_axis',(0.,0.,-1.));
#2941=DIRECTION('ref_axis',(1.,0.,0.));
#2942=DIRECTION('center_axis',(0.,0.,-1.));
#2943=DIRECTION('ref_axis',(1.,0.,0.));
#2944=DIRECTION('center_axis',(0.,0.,1.));
#2945=DIRECTION('ref_axis',(-0.998950422241643,-0.045804518371472,0.));
#2946=DIRECTION('center_axis',(-0.0458045183714721,0.998950422241643,0.));
#2947=DIRECTION('ref_axis',(0.998950422241643,0.0458045183714721,0.));
#2948=DIRECTION('center_axis',(0.,0.,-1.));
#2949=DIRECTION('ref_axis',(-1.,0.,0.));
#2950=DIRECTION('center_axis',(0.,0.,1.));
#2951=DIRECTION('ref_axis',(1.,0.,0.));
#2952=CARTESIAN_POINT('',(0.,0.,0.));
#2953=CARTESIAN_POINT('Origin',(-16.34272207355,43.,8.));
#2954=CARTESIAN_POINT('',(-21.53887449626,43.,0.5));
#2955=CARTESIAN_POINT('',(-42.14656965084,43.,0.5));
#2956=CARTESIAN_POINT('',(-21.53887449626,43.,0.5));
#2957=CARTESIAN_POINT('',(-21.5388745234472,42.9999999971664,6.99999999774901));
#2958=CARTESIAN_POINT('',(-21.53887452526,42.99999999556,6.999999995558));
#2959=CARTESIAN_POINT('',(-42.1465696767264,42.9999999971883,6.99999999776594));
#2960=CARTESIAN_POINT('',(-42.14656967845,42.99999999559,6.999999995594));
#2961=CARTESIAN_POINT('',(-42.14656967845,42.99999999559,6.999999995594));
#2962=CARTESIAN_POINT('Origin',(0.,0.,0.5));
#2963=CARTESIAN_POINT('',(23.81569858924,13.75000002547,0.499999999894));
#2964=CARTESIAN_POINT('',(5.196152422707,46.,0.5));
#2965=CARTESIAN_POINT('',(23.81569858924,13.75000002547,0.499999999894));
#2966=CARTESIAN_POINT('',(-23.8156986187517,-13.7499999744455,0.499999999937485));
#2967=CARTESIAN_POINT('Origin',(-1.030286966852E-13,7.371880883511E-14,
0.5));
#2968=CARTESIAN_POINT('',(-58.31237718815,46.,0.5));
#2969=CARTESIAN_POINT('',(-58.31237718815,46.,0.5));
#2970=CARTESIAN_POINT('',(-46.,46.,0.5));
#2971=CARTESIAN_POINT('',(-58.31237718815,46.,0.5));
#2972=CARTESIAN_POINT('',(-44.,46.,0.5));
#2973=CARTESIAN_POINT('Origin',(-45.,46.,0.5));
#2974=CARTESIAN_POINT('',(-36.,46.,0.5));
#2975=CARTESIAN_POINT('',(-36.,46.,0.5));
#2976=CARTESIAN_POINT('',(-34.,46.,0.5));
#2977=CARTESIAN_POINT('Origin',(-35.,46.,0.5));
#2978=CARTESIAN_POINT('',(-34.,46.,0.5));
#2979=CARTESIAN_POINT('',(-44.7446458622,38.5,0.5));
#2980=CARTESIAN_POINT('Origin',(-42.14656965084,40.,0.5));
#2981=CARTESIAN_POINT('',(-40.20874747733,30.64359353945,0.5));
#2982=CARTESIAN_POINT('',(-44.7446458622,38.5,0.5));
#2983=CARTESIAN_POINT('',(-37.61067126598,29.14359353945,0.5));
#2984=CARTESIAN_POINT('Origin',(-37.61067126598,32.14359353945,0.5));
#2985=CARTESIAN_POINT('',(-26.07477288112,29.14359353945,0.5));
#2986=CARTESIAN_POINT('',(-37.61067126598,29.14359353945,0.5));
#2987=CARTESIAN_POINT('',(-23.47669666976,30.64359353945,0.5));
#2988=CARTESIAN_POINT('Origin',(-26.07477288112,32.14359353945,0.5));
#2989=CARTESIAN_POINT('',(-18.9407982849,38.5,0.5));
#2990=CARTESIAN_POINT('',(-23.47669666976,30.64359353945,0.5));
#2991=CARTESIAN_POINT('Origin',(-21.53887449626,40.,0.5));
#2992=CARTESIAN_POINT('',(8.349364905389,26.53847577293,0.5));
#2993=CARTESIAN_POINT('',(-0.9544826719043,42.65321248268,0.5));
#2994=CARTESIAN_POINT('',(8.349364905389,26.53847577293,0.5));
#2995=CARTESIAN_POINT('',(-6.150635094611,42.65321248268,0.5));
#2996=CARTESIAN_POINT('Origin',(-3.552558883258,41.15321248268,0.5));
#2997=CARTESIAN_POINT('',(-15.4544826719,26.53847577293,0.5));
#2998=CARTESIAN_POINT('',(-6.150635094611,42.65321248268,0.5));
#2999=CARTESIAN_POINT('',(-12.85640646055,22.03847577293,0.5));
#3000=CARTESIAN_POINT('Origin',(-12.85640646055,25.03847577293,0.5));
#3001=CARTESIAN_POINT('',(5.751288694036,22.03847577293,0.5));
#3002=CARTESIAN_POINT('',(-12.85640646055,22.03847577293,0.5));
#3003=CARTESIAN_POINT('Origin',(5.751288694036,25.03847577293,0.5));
#3004=CARTESIAN_POINT('',(-25.27210640229,18.85870093581,0.5));
#3005=CARTESIAN_POINT('',(-20.58460640229,10.73971277533,0.5));
#3006=CARTESIAN_POINT('',(-25.27210640229,18.85870093581,0.5));
#3007=CARTESIAN_POINT('',(-18.92625988852,11.69715958147,0.5));
#3008=CARTESIAN_POINT('',(-20.58460640229,10.73971277533,0.5));
#3009=CARTESIAN_POINT('',(-24.55125988852,21.43994537404,0.5));
#3010=CARTESIAN_POINT('',(-18.92625988852,11.69715958147,0.5));
#3011=CARTESIAN_POINT('',(-37.54164094529,13.93994537404,0.5));
#3012=CARTESIAN_POINT('',(-24.55125988852,21.43994537404,0.5));
#3013=CARTESIAN_POINT('',(-36.60414094529,12.31614774194,0.5));
#3014=CARTESIAN_POINT('',(-37.54164094529,13.93994537404,0.5));
#3015=CARTESIAN_POINT('',(-36.60414094529,12.31614774194,0.5));
#3016=CARTESIAN_POINT('',(2.14313189850787E-15,17.5,0.5));
#3017=CARTESIAN_POINT('Origin',(0.,0.,0.5));
#3018=CARTESIAN_POINT('Origin',(0.,0.,0.));
#3019=CARTESIAN_POINT('',(2.14313189850787E-15,17.5,-2.200000000003));
#3020=CARTESIAN_POINT('Origin',(0.,0.,-2.200000000003));
#3021=CARTESIAN_POINT('',(2.14313189850787E-15,17.5,0.));
#3022=CARTESIAN_POINT('Origin',(0.,0.,-2.35000000048));
#3023=CARTESIAN_POINT('',(-2.10639249453326E-15,17.1999999999985,-2.50000000000151));
#3024=CARTESIAN_POINT('',(-2.12476219646188E-15,17.34999999952,-2.35000000048));
#3025=CARTESIAN_POINT('Origin',(0.,0.,-2.500000000003));
#3026=CARTESIAN_POINT('Origin',(0.,0.,-2.500000000003));
#3027=CARTESIAN_POINT('',(10.73,0.,-2.500000000003));
#3028=CARTESIAN_POINT('Origin',(12.23,0.,-2.500000000003));
#3029=CARTESIAN_POINT('',(-7.615,10.59149068828,-2.500000000003));
#3030=CARTESIAN_POINT('Origin',(-6.115,10.59149068828,-2.500000000003));
#3031=CARTESIAN_POINT('',(-7.615,-10.59149068828,-2.500000000003));
#3032=CARTESIAN_POINT('Origin',(-6.115,-10.59149068828,-2.500000000003));
#3033=CARTESIAN_POINT('',(1.6,13.5,-2.500000000003));
#3034=CARTESIAN_POINT('Origin',(0.,13.5,-2.500000000003));
#3035=CARTESIAN_POINT('',(-10.09134295109,6.75,-2.500000000003));
#3036=CARTESIAN_POINT('Origin',(-11.69134295109,6.75,-2.500000000003));
#3037=CARTESIAN_POINT('',(-10.09134295109,-6.75,-2.500000000003));
#3038=CARTESIAN_POINT('Origin',(-11.69134295109,-6.75,-2.500000000003));
#3039=CARTESIAN_POINT('',(1.6,-13.5,-2.500000000003));
#3040=CARTESIAN_POINT('Origin',(0.,-13.5,-2.500000000003));
#3041=CARTESIAN_POINT('',(13.29134295109,-6.75,-2.500000000003));
#3042=CARTESIAN_POINT('Origin',(11.69134295109,-6.75,-2.500000000003));
#3043=CARTESIAN_POINT('',(13.29134295109,6.75,-2.500000000003));
#3044=CARTESIAN_POINT('Origin',(11.69134295109,6.75,-2.500000000003));
#3045=CARTESIAN_POINT('',(0.,4.75,-2.500000000003));
#3046=CARTESIAN_POINT('Origin',(0.,0.,-2.500000000003));
#3047=CARTESIAN_POINT('Origin',(0.,0.,-2.500000000003));
#3048=CARTESIAN_POINT('',(0.,4.75,-5.400000000003));
#3049=CARTESIAN_POINT('Origin',(0.,0.,-5.400000000003));
#3050=CARTESIAN_POINT('',(5.81707229594993E-16,4.75,-2.500000000003));
#3051=CARTESIAN_POINT('Origin',(0.,0.,-5.550000007013));
#3052=CARTESIAN_POINT('',(0.,4.45,-5.700000000003));
#3053=CARTESIAN_POINT('',(-5.63337526749305E-16,4.59999999299,-5.550000007013));
#3054=CARTESIAN_POINT('Origin',(0.,0.,-5.700000000003));
#3055=CARTESIAN_POINT('Origin',(0.,0.,-5.700000000003));
#3056=CARTESIAN_POINT('Origin',(12.23,0.,-2.500000000003));
#3057=CARTESIAN_POINT('',(10.73,0.,2.499999999997));
#3058=CARTESIAN_POINT('',(10.73,-1.83697019872103E-16,-2.500000000003));
#3059=CARTESIAN_POINT('Origin',(12.23,0.,2.499999999997));
#3060=CARTESIAN_POINT('Origin',(12.23,0.,2.499999999997));
#3061=CARTESIAN_POINT('Origin',(-6.115,10.59149068828,-2.500000000003));
#3062=CARTESIAN_POINT('',(-7.615,10.59149068828,2.499999999997));
#3063=CARTESIAN_POINT('',(-7.615,10.59149068828,-2.500000000003));
#3064=CARTESIAN_POINT('Origin',(-6.115,10.59149068828,2.499999999997));
#3065=CARTESIAN_POINT('Origin',(-6.115,10.59149068828,2.499999999997));
#3066=CARTESIAN_POINT('Origin',(-6.115,-10.59149068828,-2.500000000003));
#3067=CARTESIAN_POINT('',(-7.615,-10.59149068828,2.499999999997));
#3068=CARTESIAN_POINT('',(-7.615,-10.59149068828,-2.500000000003));
#3069=CARTESIAN_POINT('Origin',(-6.115,-10.59149068828,2.499999999997));
#3070=CARTESIAN_POINT('Origin',(-6.115,-10.59149068828,2.499999999997));
#3071=CARTESIAN_POINT('Origin',(0.,13.5,-26.04244583997));
#3072=CARTESIAN_POINT('',(1.6,13.5,0.5));
#3073=CARTESIAN_POINT('',(1.6,13.5,-26.04244583997));
#3074=CARTESIAN_POINT('Origin',(0.,13.5,0.5));
#3075=CARTESIAN_POINT('Origin',(0.,13.5,0.5));
#3076=CARTESIAN_POINT('',(3.25,13.5,0.499999999999998));
#3077=CARTESIAN_POINT('Origin',(0.,13.5,0.5));
#3078=CARTESIAN_POINT('Origin',(0.,13.5,-26.04244583997));
#3079=CARTESIAN_POINT('',(3.25,13.5,7.));
#3080=CARTESIAN_POINT('',(3.25,13.5,-26.04244583997));
#3081=CARTESIAN_POINT('Origin',(0.,13.5,7.));
#3082=CARTESIAN_POINT('Origin',(0.,0.,7.));
#3083=CARTESIAN_POINT('',(-20.05,-2.45541683229044E-15,7.));
#3084=CARTESIAN_POINT('Origin',(0.,0.,7.));
#3085=CARTESIAN_POINT('',(-8.44134295109,6.75,7.));
#3086=CARTESIAN_POINT('Origin',(-11.69134295109,6.75,7.));
#3087=CARTESIAN_POINT('',(-8.44134295109,-6.75,7.));
#3088=CARTESIAN_POINT('Origin',(-11.69134295109,-6.75,7.));
#3089=CARTESIAN_POINT('',(3.25,-13.5,7.));
#3090=CARTESIAN_POINT('Origin',(0.,-13.5,7.));
#3091=CARTESIAN_POINT('',(14.94134295109,-6.75,7.));
#3092=CARTESIAN_POINT('Origin',(11.69134295109,-6.75,7.));
#3093=CARTESIAN_POINT('',(14.94134295109,6.75,7.));
#3094=CARTESIAN_POINT('Origin',(11.69134295109,6.75,7.));
#3095=CARTESIAN_POINT('',(-6.,-7.34788079488412E-16,7.));
#3096=CARTESIAN_POINT('Origin',(0.,0.,7.));
#3097=CARTESIAN_POINT('Origin',(0.,0.,8.));
#3098=CARTESIAN_POINT('',(-20.05,-2.45541683229044E-15,8.));
#3099=CARTESIAN_POINT('',(-20.05,-2.45541683229044E-15,8.));
#3100=CARTESIAN_POINT('Origin',(0.,0.,8.));
#3101=CARTESIAN_POINT('Origin',(0.,0.,8.));
#3102=CARTESIAN_POINT('',(-28.2500000000429,53.0000000000005,8.00000000000024));
#3103=CARTESIAN_POINT('',(-51.7499999999571,53.0000000000005,8.00000000000024));
#3104=CARTESIAN_POINT('',(-28.24995441535,53.,8.));
#3105=CARTESIAN_POINT('',(-49.75,50.,8.0000000000632));
#3106=CARTESIAN_POINT('Origin',(-53.,50.,8.));
#3107=CARTESIAN_POINT('',(-54.2500000000429,53.0000000000004,8.00000000000025));
#3108=CARTESIAN_POINT('Origin',(-53.,50.,8.));
#3109=CARTESIAN_POINT('',(-56.0029761021,52.99999999935,8.000000000646));
#3110=CARTESIAN_POINT('',(-54.24995441535,53.,8.));
#3111=CARTESIAN_POINT('',(-58.6010523164239,48.4999999894978,8.00000000022555));
#3112=CARTESIAN_POINT('Origin',(-56.00297611139,50.,8.));
#3113=CARTESIAN_POINT('',(-22.94967321159,-13.24999998024,8.000000000085));
#3114=CARTESIAN_POINT('',(-58.6010523153,48.499999988,8.000000000452));
#3115=CARTESIAN_POINT('',(22.9496731868312,13.2500000231482,8.00000000007946));
#3116=CARTESIAN_POINT('Origin',(-4.618527782441E-14,5.151434834261E-14,
8.));
#3117=CARTESIAN_POINT('',(0.866025410580674,51.4999999869763,8.00000000062678));
#3118=CARTESIAN_POINT('',(22.94967318593,13.25000002455,8.000000000159));
#3119=CARTESIAN_POINT('',(-1.732050828422,52.99999999935,8.000000000646));
#3120=CARTESIAN_POINT('Origin',(-1.732050807569,50.,8.));
#3121=CARTESIAN_POINT('',(-25.749999999952,52.9999999999977,8.00000000000096));
#3122=CARTESIAN_POINT('',(-1.732050828422,52.99999999935,8.000000000646));
#3123=CARTESIAN_POINT('',(-23.75,50.,8.0000000000652));
#3124=CARTESIAN_POINT('Origin',(-27.,50.,8.));
#3125=CARTESIAN_POINT('Origin',(-27.,50.,8.));
#3126=CARTESIAN_POINT('',(9.2153902814821,27.038475813002,7.99999999605348));
#3127=CARTESIAN_POINT('',(5.75128873881358,21.0384757768452,7.99999999608946));
#3128=CARTESIAN_POINT('Origin',(5.751288694036,25.03847577293,8.));
#3129=CARTESIAN_POINT('',(-12.85640640898,21.0384757770769,7.99999999585641));
#3130=CARTESIAN_POINT('',(5.751288743123,21.03847578077,7.999999992167));
#3131=CARTESIAN_POINT('',(-16.32050809469,27.0384757322014,7.99999999608841));
#3132=CARTESIAN_POINT('Origin',(-12.85640646055,25.03847577293,8.));
#3133=CARTESIAN_POINT('',(-7.01666052058955,43.1532124359561,7.99999999585627));
#3134=CARTESIAN_POINT('',(-16.32050809345,27.03847572651,7.999999992167));
#3135=CARTESIAN_POINT('',(-0.0884572938968682,43.1532125195078,7.99999999608861));
#3136=CARTESIAN_POINT('Origin',(-3.552558883258,41.15321248268,8.));
#3137=CARTESIAN_POINT('',(-0.08845729944711,43.15321252128,7.999999992167));
#3138=CARTESIAN_POINT('',(-21.5388745448023,43.999999996054,7.99999999605398));
#3139=CARTESIAN_POINT('',(-18.0747728621186,38.0000000407369,7.99999999608883));
#3140=CARTESIAN_POINT('Origin',(-21.53887449626,40.,8.));
#3141=CARTESIAN_POINT('',(-22.6106711565484,30.1435937574979,7.99999998574741));
#3142=CARTESIAN_POINT('',(-18.07477286336,38.00000004643,7.999999992167));
#3143=CARTESIAN_POINT('',(-26.0747727836085,28.1435935546418,7.99999998480487));
#3144=CARTESIAN_POINT('Origin',(-26.07477288112,32.14359353945,8.));
#3145=CARTESIAN_POINT('',(-37.61067102243,28.1435935536997,7.99999998574864));
#3146=CARTESIAN_POINT('',(-26.07477276882,28.14359356996,7.999999969485));
#3147=CARTESIAN_POINT('',(-41.0747728192021,30.1435934625976,7.99999998480524));
#3148=CARTESIAN_POINT('Origin',(-37.61067126598,32.14359353945,8.));
#3149=CARTESIAN_POINT('',(-45.6106712366086,37.9999999574145,7.99999999585622));
#3150=CARTESIAN_POINT('',(-41.07477279854,30.14359345745,7.999999969485));
#3151=CARTESIAN_POINT('',(-42.1465696956203,43.9999999960906,7.99999999608862));
#3152=CARTESIAN_POINT('Origin',(-42.14656965084,40.,8.));
#3153=CARTESIAN_POINT('',(-42.14656969993,43.99999999217,7.999999992167));
#3154=CARTESIAN_POINT('Origin',(-55.1264880557,54.,7.));
#3155=CARTESIAN_POINT('',(-56.0029761005039,54.9999999994831,6.00000000040905));
#3156=CARTESIAN_POINT('',(-1.73205083363508,54.9999999993926,6.00000000060519));
#3157=CARTESIAN_POINT('',(-56.00297609978,54.99999999919,6.000000000808));
#3158=CARTESIAN_POINT('',(-56.0029761021,52.99999999935,8.000000000646));
#3159=CARTESIAN_POINT('Origin',(-53.,50.,11.));
#3160=CARTESIAN_POINT('Origin',(-27.,50.,11.));
#3161=CARTESIAN_POINT('',(-1.732050828422,52.99999999935,8.000000000646));
#3162=CARTESIAN_POINT('Origin',(1.154700538379,55.,0.));
#3163=CARTESIAN_POINT('',(-56.002976070661,54.9999999978274,0.299999997932369));
#3164=CARTESIAN_POINT('',(-1.7320510499693,54.9999999948067,0.299999995772371));
#3165=CARTESIAN_POINT('',(-56.00297607066,54.99999999669,0.2999999966914));
#3166=CARTESIAN_POINT('',(-56.00297609978,54.99999999919,6.000000000808));
#3167=CARTESIAN_POINT('',(-1.732050833635,54.99999999919,6.000000000807));
#3168=CARTESIAN_POINT('Origin',(-28.86751345948,54.85,0.15));
#3169=CARTESIAN_POINT('',(-56.00297606034,54.6999999976174,-2.38053209031328E-9));
#3170=CARTESIAN_POINT('',(-1.73205111084787,54.6999999949573,-5.04317045355181E-9));
#3171=CARTESIAN_POINT('',(-56.00297606034,54.69999999585,-4.146836041219E-9));
#3172=CARTESIAN_POINT('',(-56.00297606034,54.69999999585,-4.146836041219E-9));
#3173=CARTESIAN_POINT('',(-1.7320511162,54.69999998992,-1.008448404412E-8));
#3174=CARTESIAN_POINT('Origin',(0.,0.,0.));
#3175=CARTESIAN_POINT('',(2.33826868307056,52.3499998244229,-7.3763300630822E-9));
#3176=CARTESIAN_POINT('',(6.004442799572,46.,0.));
#3177=CARTESIAN_POINT('',(2.33826867709,52.34999982097,-1.428237526394E-8));
#3178=CARTESIAN_POINT('',(-34.,46.,0.));
#3179=CARTESIAN_POINT('',(-34.,46.,0.));
#3180=CARTESIAN_POINT('',(-35.,47.,0.));
#3181=CARTESIAN_POINT('Origin',(-35.,46.,0.));
#3182=CARTESIAN_POINT('',(-35.,51.,0.));
#3183=CARTESIAN_POINT('',(-35.,51.,0.));
#3184=CARTESIAN_POINT('',(-36.,52.,0.));
#3185=CARTESIAN_POINT('Origin',(-35.,52.,0.));
#3186=CARTESIAN_POINT('',(-44.,52.,0.));
#3187=CARTESIAN_POINT('',(-44.,52.,0.));
#3188=CARTESIAN_POINT('',(-45.,51.,0.));
#3189=CARTESIAN_POINT('Origin',(-45.,52.,0.));
#3190=CARTESIAN_POINT('',(-45.,47.,0.));
#3191=CARTESIAN_POINT('',(-45.,47.,0.));
#3192=CARTESIAN_POINT('',(-46.,46.,0.));
#3193=CARTESIAN_POINT('Origin',(-45.,46.,0.));
#3194=CARTESIAN_POINT('',(-59.12066756502,46.,0.));
#3195=CARTESIAN_POINT('',(-59.12066756502,46.,0.));
#3196=CARTESIAN_POINT('',(-60.0732954647947,47.6499999261198,-1.50041849644589E-9));
#3197=CARTESIAN_POINT('',(-59.12066756502,46.,0.));
#3198=CARTESIAN_POINT('Origin',(-56.00297611139,50.,0.));
#3199=CARTESIAN_POINT('Origin',(-1.732050807569,50.,0.));
#3200=CARTESIAN_POINT('',(-25.4,50.,0.));
#3201=CARTESIAN_POINT('Origin',(-27.,50.,0.));
#3202=CARTESIAN_POINT('',(-51.4,50.,0.));
#3203=CARTESIAN_POINT('Origin',(-53.,50.,0.));
#3204=CARTESIAN_POINT('Origin',(-53.,50.,-1.409445839966));
#3205=CARTESIAN_POINT('',(-51.4,50.,3.));
#3206=CARTESIAN_POINT('',(-51.4,50.,-1.409445839966));
#3207=CARTESIAN_POINT('Origin',(-53.,50.,3.));
#3208=CARTESIAN_POINT('Origin',(-53.,50.,3.));
#3209=CARTESIAN_POINT('',(-49.75,50.,3.));
#3210=CARTESIAN_POINT('Origin',(-53.,50.,3.));
#3211=CARTESIAN_POINT('Origin',(-53.,50.,-1.409445839966));
#3212=CARTESIAN_POINT('',(-49.75,50.,-1.409445839966));
#3213=CARTESIAN_POINT('Origin',(-27.,50.,-1.409445839966));
#3214=CARTESIAN_POINT('',(-25.4,50.,3.));
#3215=CARTESIAN_POINT('',(-25.4,50.,-1.409445839966));
#3216=CARTESIAN_POINT('Origin',(-27.,50.,3.));
#3217=CARTESIAN_POINT('Origin',(-27.,50.,3.));
#3218=CARTESIAN_POINT('',(-23.75,50.,3.));
#3219=CARTESIAN_POINT('Origin',(-27.,50.,3.));
#3220=CARTESIAN_POINT('Origin',(-27.,50.,-1.409445839966));
#3221=CARTESIAN_POINT('',(-23.75,50.,-1.409445839966));
#3222=CARTESIAN_POINT('Origin',(4.301259505463,49.25,0.15));
#3223=CARTESIAN_POINT('',(6.350852961086,46.,0.3));
#3224=CARTESIAN_POINT('',(6.004442799572,46.,0.));
#3225=CARTESIAN_POINT('',(2.5980762874498,52.4999998610766,0.299999991454098));
#3226=CARTESIAN_POINT('',(2.33826867709,52.34999982097,-1.428237526394E-8));
#3227=CARTESIAN_POINT('',(2.598076280666,52.49999985716,0.2999999886045));
#3228=CARTESIAN_POINT('Origin',(-59.46707772653,46.,0.));
#3229=CARTESIAN_POINT('',(-59.46707772653,46.,0.3));
#3230=CARTESIAN_POINT('',(-59.46707772653,46.,1.5));
#3231=CARTESIAN_POINT('',(-59.46707772653,46.,0.3));
#3232=CARTESIAN_POINT('',(-59.46707772653,46.,0.3));
#3233=CARTESIAN_POINT('',(-46.,46.,0.5));
#3234=CARTESIAN_POINT('',(-58.31237718815,46.,0.5));
#3235=CARTESIAN_POINT('Origin',(-59.46707772653,46.,0.));
#3236=CARTESIAN_POINT('',(-34.,46.,0.5));
#3237=CARTESIAN_POINT('',(6.350852961086,46.,1.5));
#3238=CARTESIAN_POINT('',(6.350852961086,46.,1.5));
#3239=CARTESIAN_POINT('',(6.350852961086,46.,1.5));
#3240=CARTESIAN_POINT('Origin',(-64.66323014924,55.,0.));
#3241=CARTESIAN_POINT('',(-24.6817240195884,-14.2499999795549,1.49999999994973));
#3242=CARTESIAN_POINT('',(-59.46707772653,46.,1.5));
#3243=CARTESIAN_POINT('',(-24.68172401698,-14.24999998407,6.000000000069));
#3244=CARTESIAN_POINT('',(-24.68172401994,-14.24999997888,1.499999999904));
#3245=CARTESIAN_POINT('',(-60.3331031214515,47.4999999853777,6.00000000029507));
#3246=CARTESIAN_POINT('',(-60.333103121,47.499999985,6.000000000566));
#3247=CARTESIAN_POINT('',(-60.3331030945392,47.4999999411241,0.299999998741776));
#3248=CARTESIAN_POINT('',(-60.333103121,47.499999985,6.000000000566));
#3249=CARTESIAN_POINT('',(-59.46707772653,46.,0.3));
#3250=CARTESIAN_POINT('Origin',(-41.497050598,15.875,1.));
#3251=CARTESIAN_POINT('',(-24.68172401994,-14.24999997888,1.499999999904));
#3252=CARTESIAN_POINT('Origin',(-1.030286966852E-13,7.371880883511E-14,
0.9999999998142));
#3253=CARTESIAN_POINT('',(24.68172399633,14.2500000198,1.499999999918));
#3254=CARTESIAN_POINT('Origin',(0.,0.,1.5));
#3255=CARTESIAN_POINT('',(24.68172399633,14.2500000198,1.499999999918));
#3256=CARTESIAN_POINT('Origin',(0.,0.,0.));
#3257=CARTESIAN_POINT('',(24.6817239966713,14.2500000192051,6.0000000000669));
#3258=CARTESIAN_POINT('',(24.68172399633,14.2500000198,1.499999999918));
#3259=CARTESIAN_POINT('Origin',(0.,0.,6.));
#3260=CARTESIAN_POINT('Origin',(-4.618527782441E-14,5.151434834261E-14,
7.000000000238));
#3261=CARTESIAN_POINT('',(-22.94967321159,-13.24999998024,8.000000000085));
#3262=CARTESIAN_POINT('',(22.94967318593,13.25000002455,8.000000000159));
#3263=CARTESIAN_POINT('Origin',(12.77387470582,32.875,7.));
#3264=CARTESIAN_POINT('',(2.59807621982733,52.4999999837043,6.00000000080804));
#3265=CARTESIAN_POINT('',(24.68172399627,14.2500000198,6.000000000128));
#3266=CARTESIAN_POINT('',(0.8660254103099,51.49999998682,8.00000000094));
#3267=CARTESIAN_POINT('Origin',(24.68172400786,14.25,0.));
#3268=CARTESIAN_POINT('',(24.68172399633,14.2500000198,1.499999999918));
#3269=CARTESIAN_POINT('',(2.59807621951,52.49999998352,6.000000001175));
#3270=CARTESIAN_POINT('Origin',(14.93893821528,30.125,1.));
#3271=CARTESIAN_POINT('Origin',(-1.732050807569,50.,25.85932));
#3272=CARTESIAN_POINT('Origin',(-1.732050807569,50.,0.3));
#3273=CARTESIAN_POINT('Origin',(-1.732050807569,50.,6.));
#3274=CARTESIAN_POINT('Origin',(-1.732050807569,50.,0.1499999807711));
#3275=CARTESIAN_POINT('Origin',(-1.732050807569,50.,7.000000001184));
#3276=CARTESIAN_POINT('Origin',(-41.6413881653,17.125,7.));
#3277=CARTESIAN_POINT('',(-58.6010523153,48.499999988,8.000000000452));
#3278=CARTESIAN_POINT('Origin',(-56.00297611139,50.,7.000000000814));
#3279=CARTESIAN_POINT('Origin',(-56.00297611139,50.,6.));
#3280=CARTESIAN_POINT('Origin',(-56.00297611139,50.,25.85932));
#3281=CARTESIAN_POINT('Origin',(-56.00297611139,50.,0.3));
#3282=CARTESIAN_POINT('Origin',(-56.00297611139,50.,0.149999994417));
#3283=CARTESIAN_POINT('',(-60.07329546274,47.64999992555,-2.998928540684E-9));
#3284=CARTESIAN_POINT('Origin',(-59.77018661786,46.825,0.15));
#3285=CARTESIAN_POINT('Origin',(-45.,46.,0.));
#3286=CARTESIAN_POINT('',(-45.,47.,4.5));
#3287=CARTESIAN_POINT('',(-45.,47.,4.5));
#3288=CARTESIAN_POINT('',(-44.,46.,4.5));
#3289=CARTESIAN_POINT('Origin',(-45.,46.,4.5));
#3290=CARTESIAN_POINT('',(-44.,46.,4.5));
#3291=CARTESIAN_POINT('Origin',(-35.,46.,0.));
#3292=CARTESIAN_POINT('',(-36.,46.,4.5));
#3293=CARTESIAN_POINT('',(-36.,46.,4.5));
#3294=CARTESIAN_POINT('',(-36.,46.,4.5));
#3295=CARTESIAN_POINT('Origin',(-35.,46.,0.));
#3296=CARTESIAN_POINT('',(-35.,47.,4.5));
#3297=CARTESIAN_POINT('Origin',(-35.,46.,4.5));
#3298=CARTESIAN_POINT('',(-35.,47.,4.5));
#3299=CARTESIAN_POINT('Origin',(-35.,52.,0.));
#3300=CARTESIAN_POINT('',(-35.,51.,4.5));
#3301=CARTESIAN_POINT('',(-35.,51.,4.5));
#3302=CARTESIAN_POINT('',(-35.,51.,4.5));
#3303=CARTESIAN_POINT('Origin',(-35.,52.,0.));
#3304=CARTESIAN_POINT('',(-36.,52.,4.5));
#3305=CARTESIAN_POINT('Origin',(-35.,52.,4.5));
#3306=CARTESIAN_POINT('',(-36.,52.,4.5));
#3307=CARTESIAN_POINT('Origin',(0.,0.,4.5));
#3308=CARTESIAN_POINT('',(-45.,51.,4.5));
#3309=CARTESIAN_POINT('',(-45.,47.,4.5));
#3310=CARTESIAN_POINT('',(-44.,52.,4.5));
#3311=CARTESIAN_POINT('Origin',(-45.,52.,4.5));
#3312=CARTESIAN_POINT('',(-44.,52.,4.5));
#3313=CARTESIAN_POINT('Origin',(-45.,52.,0.));
#3314=CARTESIAN_POINT('',(-44.,52.,4.5));
#3315=CARTESIAN_POINT('Origin',(-45.,52.,0.));
#3316=CARTESIAN_POINT('',(-45.,51.,4.5));
#3317=CARTESIAN_POINT('Origin',(-45.,46.,0.));
#3318=CARTESIAN_POINT('Origin',(5.751288694036,25.03847577293,7.499999992256));
#3319=CARTESIAN_POINT('',(8.3493648893393,26.5384757950644,6.99999999774866));
#3320=CARTESIAN_POINT('',(9.215390276551,27.03847581364,7.999999992103));
#3321=CARTESIAN_POINT('',(5.75128871992144,22.0384757757429,6.99999999776766));
#3322=CARTESIAN_POINT('Origin',(5.751288694036,25.03847577293,7.));
#3323=CARTESIAN_POINT('',(5.751288743123,21.03847578077,7.999999992167));
#3324=CARTESIAN_POINT('Origin',(-3.552558883258,21.53847577293,7.5));
#3325=CARTESIAN_POINT('',(-12.8564064315402,22.0384757758488,6.99999999722323));
#3326=CARTESIAN_POINT('',(5.751288721647,22.03847577734,6.999999995594));
#3327=CARTESIAN_POINT('',(-12.85640640898,21.03847578083,7.999999992103));
#3328=CARTESIAN_POINT('Origin',(-12.85640646055,25.03847577293,7.499999992256));
#3329=CARTESIAN_POINT('',(-15.4544826824106,26.5384757491124,6.99999999776586));
#3330=CARTESIAN_POINT('Origin',(-12.85640646055,25.03847577293,7.));
#3331=CARTESIAN_POINT('',(-16.32050809345,27.03847572651,7.999999992167));
#3332=CARTESIAN_POINT('Origin',(-11.23557158515,34.84584412781,7.5));
#3333=CARTESIAN_POINT('',(-6.15063510658856,42.6532124561044,6.9999999972232));
#3334=CARTESIAN_POINT('',(-15.45448268189,26.53847574682,6.999999995594));
#3335=CARTESIAN_POINT('',(-7.01666051734,43.15321243408,7.999999992103));
#3336=CARTESIAN_POINT('Origin',(-3.552558883258,41.15321248268,7.499999992256));
#3337=CARTESIAN_POINT('',(-0.954482687281472,42.6532125036954,6.99999999776642));
#3338=CARTESIAN_POINT('Origin',(-3.552558883258,41.15321248268,7.));
#3339=CARTESIAN_POINT('',(-0.08845729944711,43.15321252128,7.999999992167));
#3340=CARTESIAN_POINT('Origin',(4.130453818635,34.84584412781,7.5));
#3341=CARTESIAN_POINT('',(-0.9544826895259,42.65321250439,6.999999995594));
#3342=CARTESIAN_POINT('Origin',(10.94744111674,22.03847577293,8.));
#3343=CARTESIAN_POINT('',(8.349364887039,26.53847579583,6.999999995558));
#3344=CARTESIAN_POINT('',(-0.9544826895259,42.65321250439,6.999999995594));
#3345=CARTESIAN_POINT('Origin',(-3.552558883258,41.15321248268,25.8593200065));
#3346=CARTESIAN_POINT('',(-6.150635105267,42.65321245534,6.999999995558));
#3347=CARTESIAN_POINT('Origin',(-3.552558883258,47.15321248268,8.));
#3348=CARTESIAN_POINT('',(-15.45448268189,26.53847574682,6.999999995594));
#3349=CARTESIAN_POINT('Origin',(-12.85640646055,25.03847577293,25.8593200065));
#3350=CARTESIAN_POINT('',(-12.85640643154,22.03847577738,6.999999995558));
#3351=CARTESIAN_POINT('Origin',(-18.05255888326,22.03847577293,8.));
#3352=CARTESIAN_POINT('',(5.751288721647,22.03847577734,6.999999995594));
#3353=CARTESIAN_POINT('Origin',(5.751288694036,25.03847577293,25.8593200065));
#3354=CARTESIAN_POINT('Origin',(-21.53887449626,40.,7.499999992256));
#3355=CARTESIAN_POINT('',(-21.53887454782,43.9999999921,7.999999992103));
#3356=CARTESIAN_POINT('',(-18.9407982743926,38.5000000238261,6.99999999776722));
#3357=CARTESIAN_POINT('Origin',(-21.53887449626,40.,7.));
#3358=CARTESIAN_POINT('',(-18.07477286336,38.00000004643,7.999999992167));
#3359=CARTESIAN_POINT('Origin',(-20.77573477544,34.32179676972,7.5));
#3360=CARTESIAN_POINT('',(-23.4766966099235,30.6435936630906,6.99999999146695));
#3361=CARTESIAN_POINT('',(-18.94079827491,38.50000002612,6.999999995594));
#3362=CARTESIAN_POINT('',(-22.6106711693,30.14359376486,7.99999997102));
#3363=CARTESIAN_POINT('Origin',(-26.07477288112,32.14359353945,7.499999970078));
#3364=CARTESIAN_POINT('',(-26.0747728258474,29.1435935501746,6.99999999181943));
#3365=CARTESIAN_POINT('Origin',(-26.07477288112,32.14359353945,7.));
#3366=CARTESIAN_POINT('',(-26.07477276882,28.14359356996,7.999999969485));
#3367=CARTESIAN_POINT('Origin',(-31.84272207355,28.64359353945,7.5));
#3368=CARTESIAN_POINT('',(-37.6106711289805,29.1435935494457,6.9999999914674));
#3369=CARTESIAN_POINT('',(-26.07477281795,29.14359355661,6.999999982835));
#3370=CARTESIAN_POINT('',(-37.61067102243,28.14359356843,7.99999997102));
#3371=CARTESIAN_POINT('Origin',(-37.61067126598,32.14359353945,7.499999970078));
#3372=CARTESIAN_POINT('',(-40.2087474404042,30.6435934969427,6.99999999181966));
#3373=CARTESIAN_POINT('Origin',(-37.61067126598,32.14359353945,7.));
#3374=CARTESIAN_POINT('',(-41.07477279854,30.14359345745,7.999999969485));
#3375=CARTESIAN_POINT('Origin',(-42.90970937166,34.32179676972,7.5));
#3376=CARTESIAN_POINT('',(-44.7446458451694,38.4999999763381,6.99999999722362));
#3377=CARTESIAN_POINT('',(-40.20874743088,30.64359349332,6.999999982835));
#3378=CARTESIAN_POINT('',(-45.61067123336,37.99999995929,7.999999992103));
#3379=CARTESIAN_POINT('Origin',(-42.14656965084,40.,7.499999992256));
#3380=CARTESIAN_POINT('Origin',(-42.14656965084,40.,7.));
#3381=CARTESIAN_POINT('',(-42.14656969993,43.99999999217,7.999999992167));
#3382=CARTESIAN_POINT('Origin',(-31.84272207355,43.5,7.5));
#3383=CARTESIAN_POINT('Origin',(-42.14656965084,40.,25.8593200065));
#3384=CARTESIAN_POINT('',(-44.74464584385,38.4999999771,6.999999995558));
#3385=CARTESIAN_POINT('Origin',(-47.34272207355,43.,8.));
#3386=CARTESIAN_POINT('',(-40.20874743088,30.64359349332,6.999999982835));
#3387=CARTESIAN_POINT('Origin',(-37.61067126598,32.14359353945,25.8593200065));
#3388=CARTESIAN_POINT('',(-37.61067112898,29.14359355575,6.999999983699));
#3389=CARTESIAN_POINT('Origin',(-39.34272207355,29.14359353945,8.));
#3390=CARTESIAN_POINT('',(-26.07477281795,29.14359355661,6.999999982835));
#3391=CARTESIAN_POINT('Origin',(-26.07477288112,32.14359353945,25.8593200065));
#3392=CARTESIAN_POINT('',(-23.47669661538,30.64359366624,6.999999983699));
#3393=CARTESIAN_POINT('Origin',(-24.34272207355,29.14359353945,8.));
#3394=CARTESIAN_POINT('',(-18.94079827491,38.50000002612,6.999999995594));
#3395=CARTESIAN_POINT('Origin',(-21.53887449626,40.,25.8593200065));
#3396=CARTESIAN_POINT('Origin',(-11.69134295109,6.75,-26.04244583997));
#3397=CARTESIAN_POINT('',(-8.44134295109,6.75,0.499999999999998));
#3398=CARTESIAN_POINT('Origin',(-11.69134295109,6.75,0.5));
#3399=CARTESIAN_POINT('',(-8.44134295109,6.75,-26.04244583997));
#3400=CARTESIAN_POINT('Origin',(-11.69134295109,6.75,0.5));
#3401=CARTESIAN_POINT('',(-10.09134295109,6.75,0.499999999999994));
#3402=CARTESIAN_POINT('Origin',(-11.69134295109,6.75,0.5));
#3403=CARTESIAN_POINT('Origin',(-11.69134295109,6.75,-26.04244583997));
#3404=CARTESIAN_POINT('',(-10.09134295109,6.75,-26.04244583997));
#3405=CARTESIAN_POINT('Origin',(-11.69134295109,-6.75,-26.04244583997));
#3406=CARTESIAN_POINT('',(-8.44134295109,-6.75,0.499999999999998));
#3407=CARTESIAN_POINT('Origin',(-11.69134295109,-6.75,0.5));
#3408=CARTESIAN_POINT('',(-8.44134295109,-6.75,-26.04244583997));
#3409=CARTESIAN_POINT('Origin',(-11.69134295109,-6.75,0.5));
#3410=CARTESIAN_POINT('',(-10.09134295109,-6.75,0.499999999999994));
#3411=CARTESIAN_POINT('Origin',(-11.69134295109,-6.75,0.5));
#3412=CARTESIAN_POINT('Origin',(-11.69134295109,-6.75,-26.04244583997));
#3413=CARTESIAN_POINT('',(-10.09134295109,-6.75,-26.04244583997));
#3414=CARTESIAN_POINT('Origin',(0.,-13.5,-26.04244583997));
#3415=CARTESIAN_POINT('',(3.25,-13.5,0.499999999999998));
#3416=CARTESIAN_POINT('Origin',(0.,-13.5,0.5));
#3417=CARTESIAN_POINT('',(3.25,-13.5,-26.04244583997));
#3418=CARTESIAN_POINT('Origin',(0.,-13.5,0.5));
#3419=CARTESIAN_POINT('',(1.6,-13.5,0.499999999999994));
#3420=CARTESIAN_POINT('Origin',(0.,-13.5,0.5));
#3421=CARTESIAN_POINT('Origin',(0.,-13.5,-26.04244583997));
#3422=CARTESIAN_POINT('',(1.6,-13.5,-26.04244583997));
#3423=CARTESIAN_POINT('Origin',(11.69134295109,-6.75,-26.04244583997));
#3424=CARTESIAN_POINT('',(14.94134295109,-6.75,0.499999999999998));
#3425=CARTESIAN_POINT('Origin',(11.69134295109,-6.75,0.5));
#3426=CARTESIAN_POINT('',(14.94134295109,-6.75,-26.04244583997));
#3427=CARTESIAN_POINT('Origin',(11.69134295109,-6.75,0.5));
#3428=CARTESIAN_POINT('',(13.29134295109,-6.75,0.499999999999994));
#3429=CARTESIAN_POINT('Origin',(11.69134295109,-6.75,0.5));
#3430=CARTESIAN_POINT('Origin',(11.69134295109,-6.75,-26.04244583997));
#3431=CARTESIAN_POINT('',(13.29134295109,-6.75,-26.04244583997));
#3432=CARTESIAN_POINT('Origin',(11.69134295109,6.75,-26.04244583997));
#3433=CARTESIAN_POINT('',(14.94134295109,6.75,0.499999999999998));
#3434=CARTESIAN_POINT('Origin',(11.69134295109,6.75,0.5));
#3435=CARTESIAN_POINT('',(14.94134295109,6.75,-26.04244583997));
#3436=CARTESIAN_POINT('Origin',(11.69134295109,6.75,0.5));
#3437=CARTESIAN_POINT('',(13.29134295109,6.75,0.499999999999994));
#3438=CARTESIAN_POINT('Origin',(11.69134295109,6.75,0.5));
#3439=CARTESIAN_POINT('Origin',(11.69134295109,6.75,-26.04244583997));
#3440=CARTESIAN_POINT('',(13.29134295109,6.75,-26.04244583997));
#3441=CARTESIAN_POINT('Origin',(0.,0.,7.));
#3442=CARTESIAN_POINT('',(-6.,-7.34788079488412E-16,3.9));
#3443=CARTESIAN_POINT('Origin',(0.,0.,3.9));
#3444=CARTESIAN_POINT('',(-6.,-7.34788079488412E-16,7.));
#3445=CARTESIAN_POINT('Origin',(0.,0.,3.9));
#3446=CARTESIAN_POINT('Origin',(-22.92835640229,14.79920685557,0.5));
#3447=CARTESIAN_POINT('',(-25.27210640229,18.85870093581,1.));
#3448=CARTESIAN_POINT('',(-25.27210640229,18.85870093581,0.5));
#3449=CARTESIAN_POINT('',(-20.58460640229,10.73971277533,1.));
#3450=CARTESIAN_POINT('',(-25.27210640229,18.85870093581,1.));
#3451=CARTESIAN_POINT('',(-20.58460640229,10.73971277533,0.5));
#3452=CARTESIAN_POINT('Origin',(-30.93812367379,15.58742433888,0.5));
#3453=CARTESIAN_POINT('',(-36.60414094529,12.31614774194,1.));
#3454=CARTESIAN_POINT('',(-36.60414094529,12.31614774194,0.5));
#3455=CARTESIAN_POINT('',(-36.60414094529,12.31614774194,1.));
#3456=CARTESIAN_POINT('Origin',(0.,0.,1.));
#3457=CARTESIAN_POINT('',(-37.54164094529,13.93994537404,1.));
#3458=CARTESIAN_POINT('',(-37.54164094529,13.93994537404,1.));
#3459=CARTESIAN_POINT('',(-24.55125988852,21.43994537404,1.));
#3460=CARTESIAN_POINT('',(-24.55125988852,21.43994537404,1.));
#3461=CARTESIAN_POINT('',(-18.92625988852,11.69715958147,1.));
#3462=CARTESIAN_POINT('',(-18.92625988852,11.69715958147,1.));
#3463=CARTESIAN_POINT('',(-20.58460640229,10.73971277533,1.));
#3464=CARTESIAN_POINT('Origin',(-19.75543314541,11.2184361784,0.5));
#3465=CARTESIAN_POINT('',(-18.92625988852,11.69715958147,0.5));
#3466=CARTESIAN_POINT('Origin',(-21.73875988852,16.56855247775,0.5));
#3467=CARTESIAN_POINT('',(-24.55125988852,21.43994537404,0.5));
#3468=CARTESIAN_POINT('Origin',(-31.04645041691,17.68994537404,0.5));
#3469=CARTESIAN_POINT('',(-37.54164094529,13.93994537404,0.5));
#3470=CARTESIAN_POINT('Origin',(-37.07289094529,13.12804655799,0.5));
#3471=CARTESIAN_POINT('Origin',(0.,0.,2.499999999997));
#3472=CARTESIAN_POINT('',(-4.615,10.59149068828,2.499999999997));
#3473=CARTESIAN_POINT('Origin',(-6.115,10.59149068828,2.499999999997));
#3474=CARTESIAN_POINT('Origin',(-6.115,10.59149068828,2.499999999997));
#3475=CARTESIAN_POINT('',(-4.615,10.59149068828,-5.000000000003));
#3476=CARTESIAN_POINT('',(-6.115,12.09149068828,-5.000000000003));
#3477=CARTESIAN_POINT('Origin',(-6.115,10.59149068828,-5.000000000003));
#3478=CARTESIAN_POINT('',(-4.615,10.59149068828,2.499999999997));
#3479=CARTESIAN_POINT('Origin',(-6.115,10.59149068828,-5.000000000003));
#3480=CARTESIAN_POINT('Origin',(-6.115,10.59149068828,-5.250000007408));
#3481=CARTESIAN_POINT('',(-6.115,11.59149068828,-5.500000000003));
#3482=CARTESIAN_POINT('',(-6.115,11.841490680875,-5.250000007408));
#3483=CARTESIAN_POINT('Origin',(-6.115,10.59149068828,-5.500000000003));
#3484=CARTESIAN_POINT('Origin',(0.,0.,-5.500000000003));
#3485=CARTESIAN_POINT('Origin',(0.,0.,2.499999999997));
#3486=CARTESIAN_POINT('',(11.48,-1.299038105677,2.499999999997));
#3487=CARTESIAN_POINT('Origin',(12.23,0.,2.499999999997));
#3488=CARTESIAN_POINT('Origin',(12.23,0.,2.499999999997));
#3489=CARTESIAN_POINT('',(11.48,-1.299038105677,-5.000000000003));
#3490=CARTESIAN_POINT('',(12.23,1.5,-5.000000000003));
#3491=CARTESIAN_POINT('Origin',(12.23,0.,-5.000000000003));
#3492=CARTESIAN_POINT('',(11.48,-1.29903810567664,2.499999999997));
#3493=CARTESIAN_POINT('Origin',(12.23,0.,-5.000000000003));
#3494=CARTESIAN_POINT('Origin',(12.23,0.,-5.250000007408));
#3495=CARTESIAN_POINT('',(12.23,1.,-5.500000000003));
#3496=CARTESIAN_POINT('',(12.23,1.249999992595,-5.250000007408));
#3497=CARTESIAN_POINT('Origin',(12.23,0.,-5.500000000003));
#3498=CARTESIAN_POINT('Origin',(0.,0.,-5.500000000003));
#3499=CARTESIAN_POINT('Origin',(0.,0.,2.499999999997));
#3500=CARTESIAN_POINT('',(-6.865,-9.292452582607,2.499999999997));
#3501=CARTESIAN_POINT('Origin',(-6.115,-10.59149068828,2.499999999997));
#3502=CARTESIAN_POINT('Origin',(-6.115,-10.59149068828,2.499999999997));
#3503=CARTESIAN_POINT('',(-6.865,-9.292452582607,-5.000000000003));
#3504=CARTESIAN_POINT('',(-6.115,-9.09149068828,-5.000000000003));
#3505=CARTESIAN_POINT('Origin',(-6.115,-10.59149068828,-5.000000000003));
#3506=CARTESIAN_POINT('',(-6.86500000000003,-9.29245258260336,2.499999999997));
#3507=CARTESIAN_POINT('Origin',(-6.115,-10.59149068828,-5.000000000003));
#3508=CARTESIAN_POINT('Origin',(-6.115,-10.59149068828,-5.250000007408));
#3509=CARTESIAN_POINT('',(-6.115,-9.59149068828,-5.500000000003));
#3510=CARTESIAN_POINT('',(-6.115,-9.341490695685,-5.250000007408));
#3511=CARTESIAN_POINT('Origin',(-6.115,-10.59149068828,-5.500000000003));
#3512=CARTESIAN_POINT('Origin',(0.,0.,-5.500000000003));
#3513=CARTESIAN_POINT('Origin',(0.,0.,7.));
#3514=CARTESIAN_POINT('',(-5.69703509141641,0.183823739408343,7.));
#3515=CARTESIAN_POINT('Origin',(0.,0.,7.));
#3516=CARTESIAN_POINT('Origin',(0.,0.,6.7));
#3517=CARTESIAN_POINT('',(-5.99687904359622,0.193498673061413,6.7));
#3518=CARTESIAN_POINT('Origin',(-5.69703509141641,0.183823739408343,6.7));
#3519=CARTESIAN_POINT('',(-6.,0.,6.7));
#3520=CARTESIAN_POINT('Origin',(0.,0.,6.7));
#3521=CARTESIAN_POINT('Origin',(0.,0.,6.7));
#3522=CARTESIAN_POINT('Origin',(0.,0.,7.));
#3523=CARTESIAN_POINT('',(-6.,-7.34788079488412E-16,4.3));
#3524=CARTESIAN_POINT('',(-6.,-7.34788079488412E-16,7.));
#3525=CARTESIAN_POINT('',(5.99370253344986,0.274827110228833,4.3));
#3526=CARTESIAN_POINT('Origin',(0.,0.,4.3));
#3527=CARTESIAN_POINT('Origin',(0.,0.,4.3));
#3528=CARTESIAN_POINT('Origin',(0.,0.,4.3));
#3529=CARTESIAN_POINT('',(5.69401740677737,0.261085754717391,4.));
#3530=CARTESIAN_POINT('Origin',(5.69401740677737,0.261085754717391,4.3));
#3531=CARTESIAN_POINT('Origin',(0.,0.,4.));
#3532=CARTESIAN_POINT('Origin',(0.,0.,4.));
#3533=UNCERTAINTY_MEASURE_WITH_UNIT(LENGTH_MEASURE(0.01),#3537,
'DISTANCE_ACCURACY_VALUE',
'Maximum model space distance between geometric entities at asserted c
onnectivities');
#3534=UNCERTAINTY_MEASURE_WITH_UNIT(LENGTH_MEASURE(0.01),#3537,
'DISTANCE_ACCURACY_VALUE',
'Maximum model space distance between geometric entities at asserted c
onnectivities');
#3535=(
GEOMETRIC_REPRESENTATION_CONTEXT(3)
GLOBAL_UNCERTAINTY_ASSIGNED_CONTEXT((#3533))
GLOBAL_UNIT_ASSIGNED_CONTEXT((#3537,#3539,#3540))
REPRESENTATION_CONTEXT('','3D')
);
#3536=(
GEOMETRIC_REPRESENTATION_CONTEXT(3)
GLOBAL_UNCERTAINTY_ASSIGNED_CONTEXT((#3534))
GLOBAL_UNIT_ASSIGNED_CONTEXT((#3537,#3539,#3540))
REPRESENTATION_CONTEXT('','3D')
);
#3537=(
LENGTH_UNIT()
NAMED_UNIT(*)
SI_UNIT(.MILLI.,.METRE.)
);
#3538=(
LENGTH_UNIT()
NAMED_UNIT(*)
SI_UNIT($,.METRE.)
);
#3539=(
NAMED_UNIT(*)
PLANE_ANGLE_UNIT()
SI_UNIT($,.RADIAN.)
);
#3540=(
NAMED_UNIT(*)
SI_UNIT($,.STERADIAN.)
SOLID_ANGLE_UNIT()
);
#3541=SHAPE_DEFINITION_REPRESENTATION(#3542,#3543);
#3542=PRODUCT_DEFINITION_SHAPE('',$,#3545);
#3543=SHAPE_REPRESENTATION('',(#2063),#3535);
#3544=PRODUCT_DEFINITION_CONTEXT('part definition',#3549,'design');
#3545=PRODUCT_DEFINITION('2026-07-09-11-16-02-049','2-LINK-4_5-L',#3546,
#3544);
#3546=PRODUCT_DEFINITION_FORMATION('',$,#3551);
#3547=PRODUCT_RELATED_PRODUCT_CATEGORY('2-LINK-4_5-L','2-LINK-4_5-L',(#3551));
#3548=APPLICATION_PROTOCOL_DEFINITION('international standard',
'automotive_design',2009,#3549);
#3549=APPLICATION_CONTEXT(
'Core Data for Automotive Mechanical Design Process');
#3550=PRODUCT_CONTEXT('part definition',#3549,'mechanical');
#3551=PRODUCT('2026-07-09-11-16-02-049','2-LINK-4_5-L','NOT SPECIFIED',
(#3550));
#3552=PRESENTATION_STYLE_ASSIGNMENT((#3553));
#3553=SURFACE_STYLE_USAGE(.BOTH.,#3554);
#3554=SURFACE_SIDE_STYLE('',(#3555));
#3555=SURFACE_STYLE_FILL_AREA(#3556);
#3556=FILL_AREA_STYLE('\X2\94A2\X0\ - \X2\7F0E5149\X0\',(#3557));
#3557=FILL_AREA_STYLE_COLOUR('\X2\94A2\X0\ - \X2\7F0E5149\X0\',#3558);
#3558=COLOUR_RGB('\X2\94A2\X0\ - \X2\7F0E5149\X0\',0.627450980392157,0.627450980392157,
0.627450980392157);
ENDSEC;
END-ISO-10303-21;
