ISO-10303-21;
HEADER;
/* Generated by software containing ST-Developer
 * from STEP Tools, Inc. (www.steptools.com) 
 */

FILE_DESCRIPTION(
/* description */ ('NOT SPECIFIED'),
/* implementation_level */ '2;1');

FILE_NAME(
/* name */ '2-LINK-4_5-R.step',
/* time_stamp */ '2026-07-09T11:16:07+08:00',
/* author */ (''),
/* organization */ (''),
/* preprocessor_version */ 'ST-DEVELOPER v20.1',
/* originating_system */ 'Autodesk Translation Framework v15.8.0.0',
/* authorisation */ '');

FILE_SCHEMA (('AUTOMOTIVE_DESIGN { 1 0 10303 214 3 1 1 }'));
ENDSEC;

DATA;
#10=MECHANICAL_DESIGN_GEOMETRIC_PRESENTATION_REPRESENTATION('',(#15,#16),
#3894);
#11=SHAPE_REPRESENTATION_RELATIONSHIP('SRR','None',#3901,#12);
#12=ADVANCED_BREP_SHAPE_REPRESENTATION('',(#17,#18),#3893);
#13=TOROIDAL_SURFACE('',#2518,5.5,0.5);
#14=TOROIDAL_SURFACE('',#2525,5.5,0.5);
#15=STYLED_ITEM('',(#3910),#17);
#16=STYLED_ITEM('',(#3910),#18);
#17=MANIFOLD_SOLID_BREP('\X2\5B9E4F53\X0\1',#2299);
#18=MANIFOLD_SOLID_BREP('\X2\5B9E4F53\X0\2',#2300);
#19=B_SPLINE_CURVE_WITH_KNOTS('',3,(#3574,#3575,#3576,#3577,#3578,#3579,
#3580),.UNSPECIFIED.,.F.,.F.,(4,3,4),(0.,0.5,1.),.UNSPECIFIED.);
#20=B_SPLINE_CURVE_WITH_KNOTS('',3,(#3601,#3602,#3603,#3604,#3605,#3606,
#3607),.UNSPECIFIED.,.F.,.F.,(4,3,4),(0.,0.5,0.999999936307888),
 .UNSPECIFIED.);
#21=B_SPLINE_CURVE_WITH_KNOTS('',3,(#3612,#3613,#3614,#3615,#3616,#3617,
#3618),.UNSPECIFIED.,.F.,.F.,(4,3,4),(1.40271794524303E-6,0.5,1.),
 .UNSPECIFIED.);
#22=B_SPLINE_CURVE_WITH_KNOTS('',3,(#3641,#3642,#3643,#3644,#3645,#3646,
#3647),.UNSPECIFIED.,.F.,.F.,(4,3,4),(1.40634203455164E-6,0.5,1.),
 .UNSPECIFIED.);
#23=B_SPLINE_CURVE_WITH_KNOTS('',3,(#3649,#3650,#3651,#3652,#3653,#3654,
#3655),.UNSPECIFIED.,.F.,.F.,(4,3,4),(0.,0.5,0.999999936519382),
 .UNSPECIFIED.);
#24=B_SPLINE_CURVE_WITH_KNOTS('',3,(#3680,#3681,#3682,#3683,#3684,#3685,
#3686),.UNSPECIFIED.,.F.,.F.,(4,3,4),(1.60214215575933E-6,0.5,0.999999936537798),
 .UNSPECIFIED.);
#25=ELLIPSE('',#2371,4.59619407771256,3.25);
#26=ELLIPSE('',#2372,4.59619407771256,3.25);
#27=ELLIPSE('',#2429,9.68644793950886,2.2174619786665);
#28=ELLIPSE('',#2431,4.56959411300664,1.24381697176389);
#29=ELLIPSE('',#2436,9.82051084408064,2.23810308891499);
#30=ELLIPSE('',#2441,4.62226537225685,1.25669680455767);
#31=ELLIPSE('',#2444,9.76008194777112,2.22882046109919);
#32=ELLIPSE('',#2449,4.5893028521523,1.24864642623321);
#33=FACE_BOUND('',#287,.T.);
#34=FACE_BOUND('',#290,.T.);
#35=FACE_BOUND('',#295,.T.);
#36=FACE_BOUND('',#296,.T.);
#37=FACE_BOUND('',#297,.T.);
#38=FACE_BOUND('',#298,.T.);
#39=FACE_BOUND('',#307,.T.);
#40=FACE_BOUND('',#308,.T.);
#41=FACE_BOUND('',#309,.T.);
#42=FACE_BOUND('',#314,.T.);
#43=FACE_BOUND('',#315,.T.);
#44=FACE_BOUND('',#318,.T.);
#45=FACE_BOUND('',#322,.T.);
#46=FACE_BOUND('',#369,.T.);
#47=FACE_BOUND('',#404,.T.);
#48=CYLINDRICAL_SURFACE('',#2319,8.475);
#49=CYLINDRICAL_SURFACE('',#2323,10.);
#50=CYLINDRICAL_SURFACE('',#2330,17.5);
#51=CYLINDRICAL_SURFACE('',#2344,3.);
#52=CYLINDRICAL_SURFACE('',#2347,3.);
#53=CYLINDRICAL_SURFACE('',#2350,3.);
#54=CYLINDRICAL_SURFACE('',#2384,1.6);
#55=CYLINDRICAL_SURFACE('',#2388,3.25);
#56=CYLINDRICAL_SURFACE('',#2389,1.6);
#57=CYLINDRICAL_SURFACE('',#2393,3.25);
#58=CYLINDRICAL_SURFACE('',#2401,28.5);
#59=CYLINDRICAL_SURFACE('',#2407,5.);
#60=CYLINDRICAL_SURFACE('',#2415,5.);
#61=CYLINDRICAL_SURFACE('',#2419,1.);
#62=CYLINDRICAL_SURFACE('',#2425,1.);
#63=CYLINDRICAL_SURFACE('',#2437,1.);
#64=CYLINDRICAL_SURFACE('',#2445,1.);
#65=CYLINDRICAL_SURFACE('',#2457,20.05);
#66=CYLINDRICAL_SURFACE('',#2461,6.);
#67=CYLINDRICAL_SURFACE('',#2477,3.);
#68=CYLINDRICAL_SURFACE('',#2479,3.);
#69=CYLINDRICAL_SURFACE('',#2481,3.);
#70=CYLINDRICAL_SURFACE('',#2483,3.);
#71=CYLINDRICAL_SURFACE('',#2522,6.);
#72=PLANE('',#2318);
#73=PLANE('',#2321);
#74=PLANE('',#2325);
#75=PLANE('',#2332);
#76=PLANE('',#2333);
#77=PLANE('',#2346);
#78=PLANE('',#2349);
#79=PLANE('',#2352);
#80=PLANE('',#2353);
#81=PLANE('',#2354);
#82=PLANE('',#2370);
#83=PLANE('',#2373);
#84=PLANE('',#2374);
#85=PLANE('',#2375);
#86=PLANE('',#2386);
#87=PLANE('',#2391);
#88=PLANE('',#2394);
#89=PLANE('',#2395);
#90=PLANE('',#2396);
#91=PLANE('',#2397);
#92=PLANE('',#2398);
#93=PLANE('',#2404);
#94=PLANE('',#2410);
#95=PLANE('',#2411);
#96=PLANE('',#2412);
#97=PLANE('',#2418);
#98=PLANE('',#2422);
#99=PLANE('',#2423);
#100=PLANE('',#2424);
#101=PLANE('',#2430);
#102=PLANE('',#2432);
#103=PLANE('',#2433);
#104=PLANE('',#2439);
#105=PLANE('',#2440);
#106=PLANE('',#2447);
#107=PLANE('',#2448);
#108=PLANE('',#2450);
#109=PLANE('',#2451);
#110=PLANE('',#2453);
#111=PLANE('',#2454);
#112=PLANE('',#2455);
#113=PLANE('',#2456);
#114=PLANE('',#2459);
#115=PLANE('',#2463);
#116=PLANE('',#2466);
#117=PLANE('',#2469);
#118=PLANE('',#2472);
#119=PLANE('',#2475);
#120=PLANE('',#2476);
#121=PLANE('',#2478);
#122=PLANE('',#2480);
#123=PLANE('',#2482);
#124=PLANE('',#2485);
#125=PLANE('',#2487);
#126=PLANE('',#2489);
#127=PLANE('',#2490);
#128=PLANE('',#2491);
#129=PLANE('',#2492);
#130=PLANE('',#2493);
#131=PLANE('',#2494);
#132=PLANE('',#2495);
#133=PLANE('',#2496);
#134=PLANE('',#2497);
#135=PLANE('',#2498);
#136=PLANE('',#2499);
#137=PLANE('',#2500);
#138=PLANE('',#2501);
#139=PLANE('',#2502);
#140=PLANE('',#2503);
#141=PLANE('',#2504);
#142=PLANE('',#2505);
#143=PLANE('',#2506);
#144=PLANE('',#2507);
#145=PLANE('',#2508);
#146=PLANE('',#2509);
#147=PLANE('',#2510);
#148=PLANE('',#2511);
#149=PLANE('',#2512);
#150=PLANE('',#2513);
#151=PLANE('',#2514);
#152=PLANE('',#2515);
#153=PLANE('',#2516);
#154=PLANE('',#2528);
#155=FACE_OUTER_BOUND('',#283,.T.);
#156=FACE_OUTER_BOUND('',#284,.T.);
#157=FACE_OUTER_BOUND('',#285,.T.);
#158=FACE_OUTER_BOUND('',#286,.T.);
#159=FACE_OUTER_BOUND('',#288,.T.);
#160=FACE_OUTER_BOUND('',#289,.T.);
#161=FACE_OUTER_BOUND('',#291,.T.);
#162=FACE_OUTER_BOUND('',#292,.T.);
#163=FACE_OUTER_BOUND('',#293,.T.);
#164=FACE_OUTER_BOUND('',#294,.T.);
#165=FACE_OUTER_BOUND('',#299,.T.);
#166=FACE_OUTER_BOUND('',#300,.T.);
#167=FACE_OUTER_BOUND('',#301,.T.);
#168=FACE_OUTER_BOUND('',#302,.T.);
#169=FACE_OUTER_BOUND('',#303,.T.);
#170=FACE_OUTER_BOUND('',#304,.T.);
#171=FACE_OUTER_BOUND('',#305,.T.);
#172=FACE_OUTER_BOUND('',#306,.T.);
#173=FACE_OUTER_BOUND('',#310,.T.);
#174=FACE_OUTER_BOUND('',#311,.T.);
#175=FACE_OUTER_BOUND('',#312,.T.);
#176=FACE_OUTER_BOUND('',#313,.T.);
#177=FACE_OUTER_BOUND('',#316,.T.);
#178=FACE_OUTER_BOUND('',#317,.T.);
#179=FACE_OUTER_BOUND('',#319,.T.);
#180=FACE_OUTER_BOUND('',#320,.T.);
#181=FACE_OUTER_BOUND('',#321,.T.);
#182=FACE_OUTER_BOUND('',#323,.T.);
#183=FACE_OUTER_BOUND('',#324,.T.);
#184=FACE_OUTER_BOUND('',#325,.T.);
#185=FACE_OUTER_BOUND('',#326,.T.);
#186=FACE_OUTER_BOUND('',#327,.T.);
#187=FACE_OUTER_BOUND('',#328,.T.);
#188=FACE_OUTER_BOUND('',#329,.T.);
#189=FACE_OUTER_BOUND('',#330,.T.);
#190=FACE_OUTER_BOUND('',#331,.T.);
#191=FACE_OUTER_BOUND('',#332,.T.);
#192=FACE_OUTER_BOUND('',#333,.T.);
#193=FACE_OUTER_BOUND('',#334,.T.);
#194=FACE_OUTER_BOUND('',#335,.T.);
#195=FACE_OUTER_BOUND('',#336,.T.);
#196=FACE_OUTER_BOUND('',#337,.T.);
#197=FACE_OUTER_BOUND('',#338,.T.);
#198=FACE_OUTER_BOUND('',#339,.T.);
#199=FACE_OUTER_BOUND('',#340,.T.);
#200=FACE_OUTER_BOUND('',#341,.T.);
#201=FACE_OUTER_BOUND('',#342,.T.);
#202=FACE_OUTER_BOUND('',#343,.T.);
#203=FACE_OUTER_BOUND('',#344,.T.);
#204=FACE_OUTER_BOUND('',#345,.T.);
#205=FACE_OUTER_BOUND('',#346,.T.);
#206=FACE_OUTER_BOUND('',#347,.T.);
#207=FACE_OUTER_BOUND('',#348,.T.);
#208=FACE_OUTER_BOUND('',#349,.T.);
#209=FACE_OUTER_BOUND('',#350,.T.);
#210=FACE_OUTER_BOUND('',#351,.T.);
#211=FACE_OUTER_BOUND('',#352,.T.);
#212=FACE_OUTER_BOUND('',#353,.T.);
#213=FACE_OUTER_BOUND('',#354,.T.);
#214=FACE_OUTER_BOUND('',#355,.T.);
#215=FACE_OUTER_BOUND('',#356,.T.);
#216=FACE_OUTER_BOUND('',#357,.T.);
#217=FACE_OUTER_BOUND('',#358,.T.);
#218=FACE_OUTER_BOUND('',#359,.T.);
#219=FACE_OUTER_BOUND('',#360,.T.);
#220=FACE_OUTER_BOUND('',#361,.T.);
#221=FACE_OUTER_BOUND('',#362,.T.);
#222=FACE_OUTER_BOUND('',#363,.T.);
#223=FACE_OUTER_BOUND('',#364,.T.);
#224=FACE_OUTER_BOUND('',#365,.T.);
#225=FACE_OUTER_BOUND('',#366,.T.);
#226=FACE_OUTER_BOUND('',#367,.T.);
#227=FACE_OUTER_BOUND('',#368,.T.);
#228=FACE_OUTER_BOUND('',#370,.T.);
#229=FACE_OUTER_BOUND('',#371,.T.);
#230=FACE_OUTER_BOUND('',#372,.T.);
#231=FACE_OUTER_BOUND('',#373,.T.);
#232=FACE_OUTER_BOUND('',#374,.T.);
#233=FACE_OUTER_BOUND('',#375,.T.);
#234=FACE_OUTER_BOUND('',#376,.T.);
#235=FACE_OUTER_BOUND('',#377,.T.);
#236=FACE_OUTER_BOUND('',#378,.T.);
#237=FACE_OUTER_BOUND('',#379,.T.);
#238=FACE_OUTER_BOUND('',#380,.T.);
#239=FACE_OUTER_BOUND('',#381,.T.);
#240=FACE_OUTER_BOUND('',#382,.T.);
#241=FACE_OUTER_BOUND('',#383,.T.);
#242=FACE_OUTER_BOUND('',#384,.T.);
#243=FACE_OUTER_BOUND('',#385,.T.);
#244=FACE_OUTER_BOUND('',#386,.T.);
#245=FACE_OUTER_BOUND('',#387,.T.);
#246=FACE_OUTER_BOUND('',#388,.T.);
#247=FACE_OUTER_BOUND('',#389,.T.);
#248=FACE_OUTER_BOUND('',#390,.T.);
#249=FACE_OUTER_BOUND('',#391,.T.);
#250=FACE_OUTER_BOUND('',#392,.T.);
#251=FACE_OUTER_BOUND('',#393,.T.);
#252=FACE_OUTER_BOUND('',#394,.T.);
#253=FACE_OUTER_BOUND('',#395,.T.);
#254=FACE_OUTER_BOUND('',#396,.T.);
#255=FACE_OUTER_BOUND('',#397,.T.);
#256=FACE_OUTER_BOUND('',#398,.T.);
#257=FACE_OUTER_BOUND('',#399,.T.);
#258=FACE_OUTER_BOUND('',#400,.T.);
#259=FACE_OUTER_BOUND('',#401,.T.);
#260=FACE_OUTER_BOUND('',#402,.T.);
#261=FACE_OUTER_BOUND('',#403,.T.);
#262=FACE_OUTER_BOUND('',#405,.T.);
#263=FACE_OUTER_BOUND('',#406,.T.);
#264=FACE_OUTER_BOUND('',#407,.T.);
#265=FACE_OUTER_BOUND('',#408,.T.);
#266=FACE_OUTER_BOUND('',#409,.T.);
#267=FACE_OUTER_BOUND('',#410,.T.);
#268=FACE_OUTER_BOUND('',#411,.T.);
#269=FACE_OUTER_BOUND('',#412,.T.);
#270=FACE_OUTER_BOUND('',#413,.T.);
#271=FACE_OUTER_BOUND('',#414,.T.);
#272=FACE_OUTER_BOUND('',#415,.T.);
#273=FACE_OUTER_BOUND('',#416,.T.);
#274=FACE_OUTER_BOUND('',#417,.T.);
#275=FACE_OUTER_BOUND('',#418,.T.);
#276=FACE_OUTER_BOUND('',#419,.T.);
#277=FACE_OUTER_BOUND('',#420,.T.);
#278=FACE_OUTER_BOUND('',#421,.T.);
#279=FACE_OUTER_BOUND('',#422,.T.);
#280=FACE_OUTER_BOUND('',#423,.T.);
#281=FACE_OUTER_BOUND('',#424,.T.);
#282=FACE_OUTER_BOUND('',#425,.T.);
#283=EDGE_LOOP('',(#1502,#1503,#1504,#1505,#1506));
#284=EDGE_LOOP('',(#1507));
#285=EDGE_LOOP('',(#1508,#1509,#1510,#1511,#1512));
#286=EDGE_LOOP('',(#1513));
#287=EDGE_LOOP('',(#1514));
#288=EDGE_LOOP('',(#1515,#1516,#1517,#1518));
#289=EDGE_LOOP('',(#1519));
#290=EDGE_LOOP('',(#1520));
#291=EDGE_LOOP('',(#1521,#1522,#1523,#1524,#1525));
#292=EDGE_LOOP('',(#1526,#1527,#1528,#1529,#1530));
#293=EDGE_LOOP('',(#1531,#1532,#1533,#1534,#1535,#1536,#1537,#1538,#1539,
#1540));
#294=EDGE_LOOP('',(#1541,#1542,#1543,#1544,#1545,#1546,#1547,#1548,#1549,
#1550));
#295=EDGE_LOOP('',(#1551));
#296=EDGE_LOOP('',(#1552,#1553,#1554,#1555,#1556,#1557));
#297=EDGE_LOOP('',(#1558,#1559,#1560,#1561,#1562,#1563,#1564,#1565));
#298=EDGE_LOOP('',(#1566,#1567,#1568,#1569,#1570,#1571,#1572,#1573,#1574,
#1575,#1576,#1577,#1578,#1579,#1580,#1581));
#299=EDGE_LOOP('',(#1582,#1583,#1584,#1585));
#300=EDGE_LOOP('',(#1586,#1587,#1588,#1589));
#301=EDGE_LOOP('',(#1590,#1591,#1592,#1593));
#302=EDGE_LOOP('',(#1594,#1595,#1596,#1597));
#303=EDGE_LOOP('',(#1598,#1599,#1600,#1601));
#304=EDGE_LOOP('',(#1602,#1603,#1604,#1605));
#305=EDGE_LOOP('',(#1606,#1607,#1608,#1609));
#306=EDGE_LOOP('',(#1610,#1611,#1612,#1613,#1614,#1615,#1616,#1617,#1618,
#1619,#1620,#1621));
#307=EDGE_LOOP('',(#1622));
#308=EDGE_LOOP('',(#1623,#1624,#1625,#1626,#1627,#1628,#1629,#1630));
#309=EDGE_LOOP('',(#1631,#1632,#1633,#1634,#1635,#1636));
#310=EDGE_LOOP('',(#1637,#1638,#1639,#1640,#1641,#1642,#1643,#1644));
#311=EDGE_LOOP('',(#1645,#1646,#1647,#1648));
#312=EDGE_LOOP('',(#1649,#1650,#1651,#1652));
#313=EDGE_LOOP('',(#1653,#1654,#1655,#1656,#1657,#1658,#1659,#1660,#1661,
#1662,#1663,#1664,#1665,#1666));
#314=EDGE_LOOP('',(#1667));
#315=EDGE_LOOP('',(#1668));
#316=EDGE_LOOP('',(#1669,#1670,#1671,#1672));
#317=EDGE_LOOP('',(#1673));
#318=EDGE_LOOP('',(#1674));
#319=EDGE_LOOP('',(#1675,#1676,#1677,#1678,#1679,#1680));
#320=EDGE_LOOP('',(#1681,#1682,#1683,#1684));
#321=EDGE_LOOP('',(#1685));
#322=EDGE_LOOP('',(#1686));
#323=EDGE_LOOP('',(#1687,#1688,#1689,#1690,#1691,#1692));
#324=EDGE_LOOP('',(#1693,#1694,#1695,#1696));
#325=EDGE_LOOP('',(#1697,#1698,#1699,#1700,#1701,#1702,#1703));
#326=EDGE_LOOP('',(#1704,#1705,#1706,#1707,#1708,#1709,#1710));
#327=EDGE_LOOP('',(#1711,#1712,#1713,#1714,#1715,#1716));
#328=EDGE_LOOP('',(#1717,#1718,#1719,#1720));
#329=EDGE_LOOP('',(#1721,#1722,#1723,#1724));
#330=EDGE_LOOP('',(#1725,#1726,#1727,#1728));
#331=EDGE_LOOP('',(#1729,#1730,#1731,#1732));
#332=EDGE_LOOP('',(#1733,#1734,#1735,#1736));
#333=EDGE_LOOP('',(#1737,#1738,#1739,#1740));
#334=EDGE_LOOP('',(#1741,#1742,#1743,#1744));
#335=EDGE_LOOP('',(#1745,#1746,#1747,#1748));
#336=EDGE_LOOP('',(#1749,#1750,#1751,#1752,#1753,#1754));
#337=EDGE_LOOP('',(#1755,#1756,#1757,#1758));
#338=EDGE_LOOP('',(#1759,#1760,#1761,#1762));
#339=EDGE_LOOP('',(#1763,#1764,#1765,#1766));
#340=EDGE_LOOP('',(#1767,#1768,#1769,#1770));
#341=EDGE_LOOP('',(#1771,#1772,#1773,#1774));
#342=EDGE_LOOP('',(#1775,#1776,#1777,#1778));
#343=EDGE_LOOP('',(#1779,#1780,#1781,#1782,#1783,#1784));
#344=EDGE_LOOP('',(#1785,#1786,#1787,#1788));
#345=EDGE_LOOP('',(#1789,#1790,#1791,#1792));
#346=EDGE_LOOP('',(#1793,#1794,#1795,#1796));
#347=EDGE_LOOP('',(#1797,#1798,#1799,#1800,#1801,#1802));
#348=EDGE_LOOP('',(#1803,#1804,#1805,#1806,#1807));
#349=EDGE_LOOP('',(#1808,#1809,#1810,#1811,#1812,#1813));
#350=EDGE_LOOP('',(#1814,#1815,#1816,#1817));
#351=EDGE_LOOP('',(#1818,#1819,#1820,#1821,#1822));
#352=EDGE_LOOP('',(#1823,#1824,#1825,#1826,#1827,#1828));
#353=EDGE_LOOP('',(#1829,#1830,#1831,#1832));
#354=EDGE_LOOP('',(#1833,#1834,#1835,#1836,#1837));
#355=EDGE_LOOP('',(#1838,#1839,#1840,#1841,#1842,#1843));
#356=EDGE_LOOP('',(#1844,#1845,#1846,#1847,#1848,#1849));
#357=EDGE_LOOP('',(#1850,#1851,#1852,#1853));
#358=EDGE_LOOP('',(#1854,#1855,#1856,#1857,#1858));
#359=EDGE_LOOP('',(#1859,#1860,#1861,#1862,#1863,#1864));
#360=EDGE_LOOP('',(#1865,#1866,#1867,#1868));
#361=EDGE_LOOP('',(#1869,#1870,#1871,#1872,#1873));
#362=EDGE_LOOP('',(#1874,#1875,#1876,#1877,#1878));
#363=EDGE_LOOP('',(#1879,#1880,#1881,#1882,#1883,#1884,#1885,#1886,#1887,
#1888,#1889,#1890,#1891,#1892,#1893,#1894));
#364=EDGE_LOOP('',(#1895,#1896,#1897,#1898,#1899));
#365=EDGE_LOOP('',(#1900,#1901,#1902,#1903));
#366=EDGE_LOOP('',(#1904,#1905,#1906,#1907,#1908));
#367=EDGE_LOOP('',(#1909,#1910,#1911,#1912));
#368=EDGE_LOOP('',(#1913));
#369=EDGE_LOOP('',(#1914));
#370=EDGE_LOOP('',(#1915,#1916,#1917,#1918));
#371=EDGE_LOOP('',(#1919));
#372=EDGE_LOOP('',(#1920,#1921,#1922,#1923));
#373=EDGE_LOOP('',(#1924,#1925,#1926,#1927));
#374=EDGE_LOOP('',(#1928,#1929,#1930,#1931));
#375=EDGE_LOOP('',(#1932,#1933,#1934,#1935));
#376=EDGE_LOOP('',(#1936,#1937,#1938,#1939));
#377=EDGE_LOOP('',(#1940,#1941,#1942,#1943));
#378=EDGE_LOOP('',(#1944,#1945,#1946,#1947));
#379=EDGE_LOOP('',(#1948,#1949,#1950,#1951));
#380=EDGE_LOOP('',(#1952,#1953,#1954,#1955));
#381=EDGE_LOOP('',(#1956,#1957,#1958,#1959));
#382=EDGE_LOOP('',(#1960,#1961,#1962,#1963));
#383=EDGE_LOOP('',(#1964,#1965,#1966,#1967));
#384=EDGE_LOOP('',(#1968,#1969,#1970,#1971));
#385=EDGE_LOOP('',(#1972,#1973,#1974,#1975));
#386=EDGE_LOOP('',(#1976,#1977,#1978,#1979));
#387=EDGE_LOOP('',(#1980,#1981,#1982,#1983));
#388=EDGE_LOOP('',(#1984,#1985,#1986,#1987));
#389=EDGE_LOOP('',(#1988,#1989,#1990,#1991));
#390=EDGE_LOOP('',(#1992,#1993,#1994,#1995));
#391=EDGE_LOOP('',(#1996,#1997,#1998,#1999));
#392=EDGE_LOOP('',(#2000,#2001,#2002,#2003));
#393=EDGE_LOOP('',(#2004,#2005,#2006,#2007));
#394=EDGE_LOOP('',(#2008,#2009,#2010,#2011));
#395=EDGE_LOOP('',(#2012,#2013,#2014,#2015));
#396=EDGE_LOOP('',(#2016,#2017,#2018,#2019));
#397=EDGE_LOOP('',(#2020,#2021,#2022,#2023));
#398=EDGE_LOOP('',(#2024,#2025,#2026,#2027));
#399=EDGE_LOOP('',(#2028,#2029,#2030,#2031));
#400=EDGE_LOOP('',(#2032,#2033,#2034,#2035));
#401=EDGE_LOOP('',(#2036,#2037,#2038,#2039));
#402=EDGE_LOOP('',(#2040,#2041,#2042,#2043));
#403=EDGE_LOOP('',(#2044,#2045,#2046,#2047,#2048,#2049,#2050,#2051,#2052,
#2053,#2054,#2055,#2056,#2057,#2058,#2059));
#404=EDGE_LOOP('',(#2060,#2061,#2062,#2063,#2064,#2065,#2066,#2067,#2068,
#2069));
#405=EDGE_LOOP('',(#2070,#2071,#2072,#2073));
#406=EDGE_LOOP('',(#2074,#2075,#2076,#2077));
#407=EDGE_LOOP('',(#2078,#2079,#2080,#2081));
#408=EDGE_LOOP('',(#2082,#2083,#2084,#2085));
#409=EDGE_LOOP('',(#2086,#2087,#2088,#2089));
#410=EDGE_LOOP('',(#2090,#2091,#2092,#2093));
#411=EDGE_LOOP('',(#2094,#2095,#2096,#2097));
#412=EDGE_LOOP('',(#2098,#2099,#2100,#2101));
#413=EDGE_LOOP('',(#2102,#2103,#2104,#2105));
#414=EDGE_LOOP('',(#2106,#2107,#2108,#2109));
#415=EDGE_LOOP('',(#2110,#2111,#2112,#2113));
#416=EDGE_LOOP('',(#2114,#2115,#2116,#2117));
#417=EDGE_LOOP('',(#2118,#2119,#2120,#2121));
#418=EDGE_LOOP('',(#2122,#2123,#2124,#2125));
#419=EDGE_LOOP('',(#2126,#2127,#2128,#2129));
#420=EDGE_LOOP('',(#2130,#2131,#2132,#2133));
#421=EDGE_LOOP('',(#2134));
#422=EDGE_LOOP('',(#2135,#2136,#2137,#2138,#2139));
#423=EDGE_LOOP('',(#2140,#2141,#2142,#2143,#2144,#2145));
#424=EDGE_LOOP('',(#2146,#2147,#2148,#2149,#2150));
#425=EDGE_LOOP('',(#2151));
#426=LINE('',#3199,#658);
#427=LINE('',#3205,#659);
#428=LINE('',#3212,#660);
#429=LINE('',#3221,#661);
#430=LINE('',#3225,#662);
#431=LINE('',#3230,#663);
#432=LINE('',#3232,#664);
#433=LINE('',#3234,#665);
#434=LINE('',#3236,#666);
#435=LINE('',#3238,#667);
#436=LINE('',#3240,#668);
#437=LINE('',#3242,#669);
#438=LINE('',#3244,#670);
#439=LINE('',#3246,#671);
#440=LINE('',#3247,#672);
#441=LINE('',#3251,#673);
#442=LINE('',#3255,#674);
#443=LINE('',#3257,#675);
#444=LINE('',#3261,#676);
#445=LINE('',#3263,#677);
#446=LINE('',#3265,#678);
#447=LINE('',#3268,#679);
#448=LINE('',#3273,#680);
#449=LINE('',#3277,#681);
#450=LINE('',#3280,#682);
#451=LINE('',#3285,#683);
#452=LINE('',#3289,#684);
#453=LINE('',#3293,#685);
#454=LINE('',#3296,#686);
#455=LINE('',#3299,#687);
#456=LINE('',#3301,#688);
#457=LINE('',#3303,#689);
#458=LINE('',#3305,#690);
#459=LINE('',#3307,#691);
#460=LINE('',#3309,#692);
#461=LINE('',#3311,#693);
#462=LINE('',#3313,#694);
#463=LINE('',#3315,#695);
#464=LINE('',#3317,#696);
#465=LINE('',#3319,#697);
#466=LINE('',#3321,#698);
#467=LINE('',#3323,#699);
#468=LINE('',#3325,#700);
#469=LINE('',#3327,#701);
#470=LINE('',#3328,#702);
#471=LINE('',#3331,#703);
#472=LINE('',#3334,#704);
#473=LINE('',#3337,#705);
#474=LINE('',#3338,#706);
#475=LINE('',#3342,#707);
#476=LINE('',#3345,#708);
#477=LINE('',#3346,#709);
#478=LINE('',#3350,#710);
#479=LINE('',#3352,#711);
#480=LINE('',#3356,#712);
#481=LINE('',#3357,#713);
#482=LINE('',#3358,#714);
#483=LINE('',#3362,#715);
#484=LINE('',#3368,#716);
#485=LINE('',#3372,#717);
#486=LINE('',#3376,#718);
#487=LINE('',#3380,#719);
#488=LINE('',#3390,#720);
#489=LINE('',#3394,#721);
#490=LINE('',#3398,#722);
#491=LINE('',#3401,#723);
#492=LINE('',#3406,#724);
#493=LINE('',#3410,#725);
#494=LINE('',#3414,#726);
#495=LINE('',#3415,#727);
#496=LINE('',#3418,#728);
#497=LINE('',#3422,#729);
#498=LINE('',#3423,#730);
#499=LINE('',#3424,#731);
#500=LINE('',#3428,#732);
#501=LINE('',#3429,#733);
#502=LINE('',#3430,#734);
#503=LINE('',#3434,#735);
#504=LINE('',#3436,#736);
#505=LINE('',#3440,#737);
#506=LINE('',#3444,#738);
#507=LINE('',#3448,#739);
#508=LINE('',#3452,#740);
#509=LINE('',#3454,#741);
#510=LINE('',#3464,#742);
#511=LINE('',#3469,#743);
#512=LINE('',#3473,#744);
#513=LINE('',#3478,#745);
#514=LINE('',#3481,#746);
#515=LINE('',#3483,#747);
#516=LINE('',#3484,#748);
#517=LINE('',#3488,#749);
#518=LINE('',#3489,#750);
#519=LINE('',#3491,#751);
#520=LINE('',#3492,#752);
#521=LINE('',#3493,#753);
#522=LINE('',#3496,#754);
#523=LINE('',#3497,#755);
#524=LINE('',#3499,#756);
#525=LINE('',#3500,#757);
#526=LINE('',#3503,#758);
#527=LINE('',#3505,#759);
#528=LINE('',#3507,#760);
#529=LINE('',#3509,#761);
#530=LINE('',#3510,#762);
#531=LINE('',#3512,#763);
#532=LINE('',#3516,#764);
#533=LINE('',#3519,#765);
#534=LINE('',#3522,#766);
#535=LINE('',#3523,#767);
#536=LINE('',#3526,#768);
#537=LINE('',#3527,#769);
#538=LINE('',#3532,#770);
#539=LINE('',#3535,#771);
#540=LINE('',#3538,#772);
#541=LINE('',#3544,#773);
#542=LINE('',#3550,#774);
#543=LINE('',#3553,#775);
#544=LINE('',#3556,#776);
#545=LINE('',#3557,#777);
#546=LINE('',#3560,#778);
#547=LINE('',#3561,#779);
#548=LINE('',#3564,#780);
#549=LINE('',#3565,#781);
#550=LINE('',#3570,#782);
#551=LINE('',#3585,#783);
#552=LINE('',#3587,#784);
#553=LINE('',#3589,#785);
#554=LINE('',#3592,#786);
#555=LINE('',#3594,#787);
#556=LINE('',#3595,#788);
#557=LINE('',#3598,#789);
#558=LINE('',#3600,#790);
#559=LINE('',#3622,#791);
#560=LINE('',#3626,#792);
#561=LINE('',#3628,#793);
#562=LINE('',#3629,#794);
#563=LINE('',#3632,#795);
#564=LINE('',#3634,#796);
#565=LINE('',#3658,#797);
#566=LINE('',#3660,#798);
#567=LINE('',#3664,#799);
#568=LINE('',#3666,#800);
#569=LINE('',#3667,#801);
#570=LINE('',#3670,#802);
#571=LINE('',#3672,#803);
#572=LINE('',#3676,#804);
#573=LINE('',#3677,#805);
#574=LINE('',#3679,#806);
#575=LINE('',#3690,#807);
#576=LINE('',#3691,#808);
#577=LINE('',#3692,#809);
#578=LINE('',#3695,#810);
#579=LINE('',#3700,#811);
#580=LINE('',#3707,#812);
#581=LINE('',#3711,#813);
#582=LINE('',#3714,#814);
#583=LINE('',#3717,#815);
#584=LINE('',#3718,#816);
#585=LINE('',#3722,#817);
#586=LINE('',#3725,#818);
#587=LINE('',#3726,#819);
#588=LINE('',#3730,#820);
#589=LINE('',#3733,#821);
#590=LINE('',#3734,#822);
#591=LINE('',#3738,#823);
#592=LINE('',#3740,#824);
#593=LINE('',#3742,#825);
#594=LINE('',#3743,#826);
#595=LINE('',#3745,#827);
#596=LINE('',#3747,#828);
#597=LINE('',#3749,#829);
#598=LINE('',#3751,#830);
#599=LINE('',#3753,#831);
#600=LINE('',#3755,#832);
#601=LINE('',#3758,#833);
#602=LINE('',#3759,#834);
#603=LINE('',#3761,#835);
#604=LINE('',#3764,#836);
#605=LINE('',#3768,#837);
#606=LINE('',#3770,#838);
#607=LINE('',#3771,#839);
#608=LINE('',#3774,#840);
#609=LINE('',#3775,#841);
#610=LINE('',#3778,#842);
#611=LINE('',#3779,#843);
#612=LINE('',#3782,#844);
#613=LINE('',#3783,#845);
#614=LINE('',#3786,#846);
#615=LINE('',#3787,#847);
#616=LINE('',#3790,#848);
#617=LINE('',#3791,#849);
#618=LINE('',#3794,#850);
#619=LINE('',#3795,#851);
#620=LINE('',#3798,#852);
#621=LINE('',#3799,#853);
#622=LINE('',#3802,#854);
#623=LINE('',#3803,#855);
#624=LINE('',#3805,#856);
#625=LINE('',#3809,#857);
#626=LINE('',#3811,#858);
#627=LINE('',#3813,#859);
#628=LINE('',#3815,#860);
#629=LINE('',#3817,#861);
#630=LINE('',#3819,#862);
#631=LINE('',#3821,#863);
#632=LINE('',#3823,#864);
#633=LINE('',#3825,#865);
#634=LINE('',#3827,#866);
#635=LINE('',#3829,#867);
#636=LINE('',#3831,#868);
#637=LINE('',#3833,#869);
#638=LINE('',#3835,#870);
#639=LINE('',#3837,#871);
#640=LINE('',#3838,#872);
#641=LINE('',#3840,#873);
#642=LINE('',#3841,#874);
#643=LINE('',#3843,#875);
#644=LINE('',#3845,#876);
#645=LINE('',#3847,#877);
#646=LINE('',#3849,#878);
#647=LINE('',#3851,#879);
#648=LINE('',#3853,#880);
#649=LINE('',#3855,#881);
#650=LINE('',#3857,#882);
#651=LINE('',#3859,#883);
#652=LINE('',#3861,#884);
#653=LINE('',#3863,#885);
#654=LINE('',#3865,#886);
#655=LINE('',#3867,#887);
#656=LINE('',#3869,#888);
#657=LINE('',#3882,#889);
#658=VECTOR('',#2535,8.324999997062);
#659=VECTOR('',#2544,8.475);
#660=VECTOR('',#2553,10.);
#661=VECTOR('',#2564,17.34999999961);
#662=VECTOR('',#2569,17.5);
#663=VECTOR('',#2574,4.78723436593984);
#664=VECTOR('',#2575,5.9374997019768);
#665=VECTOR('',#2576,0.990334422896687);
#666=VECTOR('',#2577,0.893336134512569);
#667=VECTOR('',#2578,1.00715452454101);
#668=VECTOR('',#2579,0.957447588443768);
#669=VECTOR('',#2580,1.00715452454105);
#670=VECTOR('',#2581,0.89333613451261);
#671=VECTOR('',#2582,0.990334422896727);
#672=VECTOR('',#2583,5.9374997019768);
#673=VECTOR('',#2586,68.9933571372916);
#674=VECTOR('',#2589,37.2390923336792);
#675=VECTOR('',#2590,39.19615242271);
#676=VECTOR('',#2593,0.37210420376758);
#677=VECTOR('',#2594,7.470177871865);
#678=VECTOR('',#2595,0.37210420376758);
#679=VECTOR('',#2598,12.31237718815);
#680=VECTOR('',#2601,18.6076951545894);
#681=VECTOR('',#2604,18.6076951545894);
#682=VECTOR('',#2607,18.60769515459);
#683=VECTOR('',#2610,9.0717967697237);
#684=VECTOR('',#2613,20.60769515459);
#685=VECTOR('',#2616,9.0717967697237);
#686=VECTOR('',#2619,11.53589838486);
#687=VECTOR('',#2620,7.49999999999975);
#688=VECTOR('',#2621,1.59476117349807);
#689=VECTOR('',#2622,1.57454864247201);
#690=VECTOR('',#2623,1.58385686120505);
#691=VECTOR('',#2624,1.00715452454105);
#692=VECTOR('',#2625,1.27659648656796);
#693=VECTOR('',#2626,1.00715452454101);
#694=VECTOR('',#2627,1.58385686120507);
#695=VECTOR('',#2628,1.40353957252298);
#696=VECTOR('',#2629,7.86078898831771);
#697=VECTOR('',#2630,2.18750059604593);
#698=VECTOR('',#2631,7.15321715699324);
#699=VECTOR('',#2632,5.31249985098782);
#700=VECTOR('',#2633,6.70212775468778);
#701=VECTOR('',#2634,1.87499999999994);
#702=VECTOR('',#2635,14.9999999999995);
#703=VECTOR('',#2638,6.499999995635);
#704=VECTOR('',#2641,6.499999995591);
#705=VECTOR('',#2644,18.6076951476701);
#706=VECTOR('',#2645,6.499999995635);
#707=VECTOR('',#2650,6.499999995591);
#708=VECTOR('',#2653,18.6076951476703);
#709=VECTOR('',#2654,6.499999995635);
#710=VECTOR('',#2659,6.499999995591);
#711=VECTOR('',#2662,18.60769514767);
#712=VECTOR('',#2665,18.60769514229);
#713=VECTOR('',#2666,1.41421355757091);
#714=VECTOR('',#2667,1.41421355752391);
#715=VECTOR('',#2670,23.5000911693);
#716=VECTOR('',#2675,24.01799475623);
#717=VECTOR('',#2678,44.1672955498798);
#718=VECTOR('',#2681,71.3027582080377);
#719=VECTOR('',#2684,1.753021686751);
#720=VECTOR('',#2693,9.07179680718489);
#721=VECTOR('',#2696,11.53589822278);
#722=VECTOR('',#2699,9.07179655789045);
#723=VECTOR('',#2702,20.60769514229);
#724=VECTOR('',#2705,18.6076951422897);
#725=VECTOR('',#2710,18.6076951422906);
#726=VECTOR('',#2713,54.27092526614);
#727=VECTOR('',#2714,2.82842712451781);
#728=VECTOR('',#2719,2.82842712451781);
#729=VECTOR('',#2722,54.27092501504);
#730=VECTOR('',#2723,5.700000008586);
#731=VECTOR('',#2724,5.700000004053);
#732=VECTOR('',#2727,54.27092494189);
#733=VECTOR('',#2728,0.424264071498606);
#734=VECTOR('',#2729,0.424264069874602);
#735=VECTOR('',#2732,1.90525579991311);
#736=VECTOR('',#2733,12.82066721364);
#737=VECTOR('',#2736,3.47017818727505);
#738=VECTOR('',#2739,7.47017818727502);
#739=VECTOR('',#2742,3.47017818727505);
#740=VECTOR('',#2745,39.70444394467);
#741=VECTOR('',#2746,7.33234821454304);
#742=VECTOR('',#2759,1.6);
#743=VECTOR('',#2766,3.25);
#744=VECTOR('',#2771,1.6);
#745=VECTOR('',#2778,3.25);
#746=VECTOR('',#2781,0.458257569495588);
#747=VECTOR('',#2782,0.424264069545699);
#748=VECTOR('',#2783,1.73205073702702);
#749=VECTOR('',#2786,1.2);
#750=VECTOR('',#2787,0.458257569495623);
#751=VECTOR('',#2788,0.424262624211708);
#752=VECTOR('',#2789,0.2000008977365);
#753=VECTOR('',#2790,1.52752523165208);
#754=VECTOR('',#2793,0.1999994012606);
#755=VECTOR('',#2794,0.424264740547208);
#756=VECTOR('',#2795,1.2);
#757=VECTOR('',#2796,1.52752523165208);
#758=VECTOR('',#2799,36.6617420709589);
#759=VECTOR('',#2800,4.500000000208);
#760=VECTOR('',#2801,44.1672955517199);
#761=VECTOR('',#2802,5.700000012275);
#762=VECTOR('',#2803,7.50555333656683);
#763=VECTOR('',#2806,1.41421356240499);
#764=VECTOR('',#2811,1.41421356241095);
#765=VECTOR('',#2814,4.500000000162);
#766=VECTOR('',#2819,2.82842712478999);
#767=VECTOR('',#2820,2.82842712476986);
#768=VECTOR('',#2823,71.3027582089099);
#769=VECTOR('',#2824,2.82842712458594);
#770=VECTOR('',#2833,5.700000002893);
#771=VECTOR('',#2838,69.5707074133633);
#772=VECTOR('',#2843,2.82842712441382);
#773=VECTOR('',#2854,0.424264072688477);
#774=VECTOR('',#2861,4.200000733125);
#775=VECTOR('',#2864,4.);
#776=VECTOR('',#2867,0.37210420376758);
#777=VECTOR('',#2868,4.);
#778=VECTOR('',#2871,7.470177871865);
#779=VECTOR('',#2872,4.);
#780=VECTOR('',#2875,0.37210420376758);
#781=VECTOR('',#2876,4.);
#782=VECTOR('',#2881,4.199999914385);
#783=VECTOR('',#2890,3.470177871865);
#784=VECTOR('',#2891,0.227307058374403);
#785=VECTOR('',#2894,0.227305768507598);
#786=VECTOR('',#2897,4.2);
#787=VECTOR('',#2898,3.470177871865);
#788=VECTOR('',#2899,4.2);
#789=VECTOR('',#2902,0.372104203767609);
#790=VECTOR('',#2903,4.200000733125);
#791=VECTOR('',#2912,4.199999914385);
#792=VECTOR('',#2917,0.372104203767609);
#793=VECTOR('',#2918,4.2);
#794=VECTOR('',#2919,0.227305768507598);
#795=VECTOR('',#2922,7.470177871865);
#796=VECTOR('',#2923,0.227307058374403);
#797=VECTOR('',#2934,4.199999914385);
#798=VECTOR('',#2935,4.200000733125);
#799=VECTOR('',#2940,0.37210420376758);
#800=VECTOR('',#2941,4.2);
#801=VECTOR('',#2942,0.227305768507598);
#802=VECTOR('',#2945,3.470177871865);
#803=VECTOR('',#2946,0.227307058374399);
#804=VECTOR('',#2951,3.470177871865);
#805=VECTOR('',#2952,4.2);
#806=VECTOR('',#2955,0.37210420376758);
#807=VECTOR('',#2960,0.37210420376758);
#808=VECTOR('',#2961,7.470177871865);
#809=VECTOR('',#2962,0.372104203767609);
#810=VECTOR('',#2967,4.2);
#811=VECTOR('',#2974,20.05);
#812=VECTOR('',#2983,6.);
#813=VECTOR('',#2988,1.41421355752391);
#814=VECTOR('',#2991,1.41421355757093);
#815=VECTOR('',#2994,9.07179679079584);
#816=VECTOR('',#2995,1.41421354372297);
#817=VECTOR('',#3000,1.41421354492691);
#818=VECTOR('',#3003,11.53589829369);
#819=VECTOR('',#3004,1.41421354372291);
#820=VECTOR('',#3009,1.41421354492696);
#821=VECTOR('',#3012,9.07179665056783);
#822=VECTOR('',#3013,1.41421355752393);
#823=VECTOR('',#3018,1.41421355757091);
#824=VECTOR('',#3021,20.60769514767);
#825=VECTOR('',#3024,6.499999995591);
#826=VECTOR('',#3025,6.499999995635);
#827=VECTOR('',#3028,6.499999995591);
#828=VECTOR('',#3031,6.499999984139);
#829=VECTOR('',#3034,6.499999983045);
#830=VECTOR('',#3037,6.499999984139);
#831=VECTOR('',#3040,6.499999983045);
#832=VECTOR('',#3043,6.499999995635);
#833=VECTOR('',#3048,1.41421355752392);
#834=VECTOR('',#3049,1.41421355757093);
#835=VECTOR('',#3052,1.41421355752393);
#836=VECTOR('',#3057,1.41421355757093);
#837=VECTOR('',#3062,0.5);
#838=VECTOR('',#3063,4.78723436593984);
#839=VECTOR('',#3064,0.5);
#840=VECTOR('',#3067,5.9374997019768);
#841=VECTOR('',#3068,0.5);
#842=VECTOR('',#3071,0.990334422896787);
#843=VECTOR('',#3072,0.5);
#844=VECTOR('',#3075,0.893336134512569);
#845=VECTOR('',#3076,0.5);
#846=VECTOR('',#3079,1.00715452454101);
#847=VECTOR('',#3080,0.5);
#848=VECTOR('',#3083,0.957447588443768);
#849=VECTOR('',#3084,0.5);
#850=VECTOR('',#3087,1.00715452454105);
#851=VECTOR('',#3088,0.5);
#852=VECTOR('',#3091,0.89333613451261);
#853=VECTOR('',#3092,0.5);
#854=VECTOR('',#3095,0.990334422896727);
#855=VECTOR('',#3096,0.5);
#856=VECTOR('',#3099,5.9374997019768);
#857=VECTOR('',#3102,7.49999999999975);
#858=VECTOR('',#3103,14.9999999999995);
#859=VECTOR('',#3104,1.87499999999994);
#860=VECTOR('',#3105,6.70212775468778);
#861=VECTOR('',#3106,5.31249985098782);
#862=VECTOR('',#3107,7.15321715699324);
#863=VECTOR('',#3108,2.18750059604593);
#864=VECTOR('',#3109,7.86078898831771);
#865=VECTOR('',#3110,1.40353957252298);
#866=VECTOR('',#3111,1.58385686120507);
#867=VECTOR('',#3112,1.00715452454101);
#868=VECTOR('',#3113,1.27659648656796);
#869=VECTOR('',#3114,1.00715452454105);
#870=VECTOR('',#3115,1.58385686120505);
#871=VECTOR('',#3116,1.57454864247201);
#872=VECTOR('',#3117,1.59476117349807);
#873=VECTOR('',#3120,0.5);
#874=VECTOR('',#3121,0.5);
#875=VECTOR('',#3124,0.5);
#876=VECTOR('',#3127,0.5);
#877=VECTOR('',#3130,0.5);
#878=VECTOR('',#3133,0.5);
#879=VECTOR('',#3136,0.5);
#880=VECTOR('',#3139,0.5);
#881=VECTOR('',#3142,0.5);
#882=VECTOR('',#3145,0.5);
#883=VECTOR('',#3148,0.5);
#884=VECTOR('',#3151,0.5);
#885=VECTOR('',#3154,0.5);
#886=VECTOR('',#3157,0.5);
#887=VECTOR('',#3160,0.5);
#888=VECTOR('',#3163,0.5);
#889=VECTOR('',#3180,6.);
#890=CIRCLE('',#2315,8.475);
#891=CIRCLE('',#2316,8.175);
#892=CIRCLE('',#2317,8.475);
#893=CIRCLE('',#2320,8.475);
#894=CIRCLE('',#2322,10.);
#895=CIRCLE('',#2324,10.);
#896=CIRCLE('',#2326,17.2);
#897=CIRCLE('',#2328,17.5);
#898=CIRCLE('',#2329,17.5);
#899=CIRCLE('',#2331,17.5);
#900=CIRCLE('',#2334,27.5);
#901=CIRCLE('',#2335,1.);
#902=CIRCLE('',#2336,1.);
#903=CIRCLE('',#2337,3.);
#904=CIRCLE('',#2338,3.);
#905=CIRCLE('',#2339,3.);
#906=CIRCLE('',#2340,3.);
#907=CIRCLE('',#2341,3.);
#908=CIRCLE('',#2342,3.);
#909=CIRCLE('',#2343,3.);
#910=CIRCLE('',#2345,3.);
#911=CIRCLE('',#2348,3.);
#912=CIRCLE('',#2351,3.);
#913=CIRCLE('',#2355,3.25);
#914=CIRCLE('',#2356,3.25);
#915=CIRCLE('',#2357,3.);
#916=CIRCLE('',#2358,26.5);
#917=CIRCLE('',#2359,3.);
#918=CIRCLE('',#2360,3.25);
#919=CIRCLE('',#2361,3.25);
#920=CIRCLE('',#2362,20.05);
#921=CIRCLE('',#2363,4.);
#922=CIRCLE('',#2364,4.);
#923=CIRCLE('',#2365,4.);
#924=CIRCLE('',#2366,4.);
#925=CIRCLE('',#2367,4.);
#926=CIRCLE('',#2368,4.);
#927=CIRCLE('',#2369,4.);
#928=CIRCLE('',#2376,1.299999319388);
#929=CIRCLE('',#2377,1.299999319388);
#930=CIRCLE('',#2378,1.299999319388);
#931=CIRCLE('',#2379,1.299999319388);
#932=CIRCLE('',#2380,4.7);
#933=CIRCLE('',#2381,4.7);
#934=CIRCLE('',#2382,1.6);
#935=CIRCLE('',#2383,1.6);
#936=CIRCLE('',#2385,1.6);
#937=CIRCLE('',#2387,3.25);
#938=CIRCLE('',#2390,1.6);
#939=CIRCLE('',#2392,3.25);
#940=CIRCLE('',#2400,28.5);
#941=CIRCLE('',#2402,28.5);
#942=CIRCLE('',#2406,5.);
#943=CIRCLE('',#2408,5.);
#944=CIRCLE('',#2414,5.);
#945=CIRCLE('',#2416,5.);
#946=CIRCLE('',#2420,1.000000967324);
#947=CIRCLE('',#2421,1.);
#948=CIRCLE('',#2426,1.);
#949=CIRCLE('',#2427,0.9999989429672);
#950=CIRCLE('',#2435,0.9999998072007);
#951=CIRCLE('',#2438,1.);
#952=CIRCLE('',#2443,0.9999998072007);
#953=CIRCLE('',#2446,1.);
#954=CIRCLE('',#2458,20.05);
#955=CIRCLE('',#2460,6.);
#956=CIRCLE('',#2462,6.);
#957=CIRCLE('',#2465,3.);
#958=CIRCLE('',#2468,3.);
#959=CIRCLE('',#2471,3.);
#960=CIRCLE('',#2474,3.);
#961=CIRCLE('',#2517,5.5);
#962=CIRCLE('',#2519,0.5);
#963=CIRCLE('',#2520,6.);
#964=CIRCLE('',#2521,6.);
#965=CIRCLE('',#2523,6.);
#966=CIRCLE('',#2524,6.);
#967=CIRCLE('',#2526,0.5);
#968=CIRCLE('',#2527,5.5);
#969=VERTEX_POINT('',#3195);
#970=VERTEX_POINT('',#3196);
#971=VERTEX_POINT('',#3198);
#972=VERTEX_POINT('',#3204);
#973=VERTEX_POINT('',#3208);
#974=VERTEX_POINT('',#3211);
#975=VERTEX_POINT('',#3215);
#976=VERTEX_POINT('',#3218);
#977=VERTEX_POINT('',#3219);
#978=VERTEX_POINT('',#3224);
#979=VERTEX_POINT('',#3228);
#980=VERTEX_POINT('',#3229);
#981=VERTEX_POINT('',#3231);
#982=VERTEX_POINT('',#3233);
#983=VERTEX_POINT('',#3235);
#984=VERTEX_POINT('',#3237);
#985=VERTEX_POINT('',#3239);
#986=VERTEX_POINT('',#3241);
#987=VERTEX_POINT('',#3243);
#988=VERTEX_POINT('',#3245);
#989=VERTEX_POINT('',#3249);
#990=VERTEX_POINT('',#3250);
#991=VERTEX_POINT('',#3252);
#992=VERTEX_POINT('',#3254);
#993=VERTEX_POINT('',#3256);
#994=VERTEX_POINT('',#3258);
#995=VERTEX_POINT('',#3260);
#996=VERTEX_POINT('',#3262);
#997=VERTEX_POINT('',#3264);
#998=VERTEX_POINT('',#3266);
#999=VERTEX_POINT('',#3269);
#1000=VERTEX_POINT('',#3270);
#1001=VERTEX_POINT('',#3272);
#1002=VERTEX_POINT('',#3274);
#1003=VERTEX_POINT('',#3276);
#1004=VERTEX_POINT('',#3278);
#1005=VERTEX_POINT('',#3281);
#1006=VERTEX_POINT('',#3282);
#1007=VERTEX_POINT('',#3284);
#1008=VERTEX_POINT('',#3286);
#1009=VERTEX_POINT('',#3288);
#1010=VERTEX_POINT('',#3290);
#1011=VERTEX_POINT('',#3292);
#1012=VERTEX_POINT('',#3294);
#1013=VERTEX_POINT('',#3297);
#1014=VERTEX_POINT('',#3298);
#1015=VERTEX_POINT('',#3300);
#1016=VERTEX_POINT('',#3302);
#1017=VERTEX_POINT('',#3304);
#1018=VERTEX_POINT('',#3306);
#1019=VERTEX_POINT('',#3308);
#1020=VERTEX_POINT('',#3310);
#1021=VERTEX_POINT('',#3312);
#1022=VERTEX_POINT('',#3314);
#1023=VERTEX_POINT('',#3316);
#1024=VERTEX_POINT('',#3318);
#1025=VERTEX_POINT('',#3320);
#1026=VERTEX_POINT('',#3322);
#1027=VERTEX_POINT('',#3324);
#1028=VERTEX_POINT('',#3326);
#1029=VERTEX_POINT('',#3330);
#1030=VERTEX_POINT('',#3332);
#1031=VERTEX_POINT('',#3336);
#1032=VERTEX_POINT('',#3340);
#1033=VERTEX_POINT('',#3344);
#1034=VERTEX_POINT('',#3348);
#1035=VERTEX_POINT('',#3354);
#1036=VERTEX_POINT('',#3355);
#1037=VERTEX_POINT('',#3360);
#1038=VERTEX_POINT('',#3361);
#1039=VERTEX_POINT('',#3363);
#1040=VERTEX_POINT('',#3365);
#1041=VERTEX_POINT('',#3367);
#1042=VERTEX_POINT('',#3369);
#1043=VERTEX_POINT('',#3371);
#1044=VERTEX_POINT('',#3373);
#1045=VERTEX_POINT('',#3375);
#1046=VERTEX_POINT('',#3377);
#1047=VERTEX_POINT('',#3379);
#1048=VERTEX_POINT('',#3381);
#1049=VERTEX_POINT('',#3384);
#1050=VERTEX_POINT('',#3386);
#1051=VERTEX_POINT('',#3387);
#1052=VERTEX_POINT('',#3389);
#1053=VERTEX_POINT('',#3391);
#1054=VERTEX_POINT('',#3393);
#1055=VERTEX_POINT('',#3395);
#1056=VERTEX_POINT('',#3397);
#1057=VERTEX_POINT('',#3399);
#1058=VERTEX_POINT('',#3402);
#1059=VERTEX_POINT('',#3403);
#1060=VERTEX_POINT('',#3405);
#1061=VERTEX_POINT('',#3408);
#1062=VERTEX_POINT('',#3412);
#1063=VERTEX_POINT('',#3413);
#1064=VERTEX_POINT('',#3420);
#1065=VERTEX_POINT('',#3421);
#1066=VERTEX_POINT('',#3426);
#1067=VERTEX_POINT('',#3427);
#1068=VERTEX_POINT('',#3432);
#1069=VERTEX_POINT('',#3433);
#1070=VERTEX_POINT('',#3435);
#1071=VERTEX_POINT('',#3437);
#1072=VERTEX_POINT('',#3439);
#1073=VERTEX_POINT('',#3441);
#1074=VERTEX_POINT('',#3443);
#1075=VERTEX_POINT('',#3445);
#1076=VERTEX_POINT('',#3447);
#1077=VERTEX_POINT('',#3449);
#1078=VERTEX_POINT('',#3451);
#1079=VERTEX_POINT('',#3453);
#1080=VERTEX_POINT('',#3457);
#1081=VERTEX_POINT('',#3459);
#1082=VERTEX_POINT('',#3462);
#1083=VERTEX_POINT('',#3466);
#1084=VERTEX_POINT('',#3471);
#1085=VERTEX_POINT('',#3475);
#1086=VERTEX_POINT('',#3480);
#1087=VERTEX_POINT('',#3482);
#1088=VERTEX_POINT('',#3486);
#1089=VERTEX_POINT('',#3487);
#1090=VERTEX_POINT('',#3490);
#1091=VERTEX_POINT('',#3495);
#1092=VERTEX_POINT('',#3498);
#1093=VERTEX_POINT('',#3502);
#1094=VERTEX_POINT('',#3504);
#1095=VERTEX_POINT('',#3506);
#1096=VERTEX_POINT('',#3508);
#1097=VERTEX_POINT('',#3514);
#1098=VERTEX_POINT('',#3518);
#1099=VERTEX_POINT('',#3525);
#1100=VERTEX_POINT('',#3547);
#1101=VERTEX_POINT('',#3549);
#1102=VERTEX_POINT('',#3551);
#1103=VERTEX_POINT('',#3555);
#1104=VERTEX_POINT('',#3559);
#1105=VERTEX_POINT('',#3563);
#1106=VERTEX_POINT('',#3567);
#1107=VERTEX_POINT('',#3569);
#1108=VERTEX_POINT('',#3573);
#1109=VERTEX_POINT('',#3583);
#1110=VERTEX_POINT('',#3584);
#1111=VERTEX_POINT('',#3586);
#1112=VERTEX_POINT('',#3591);
#1113=VERTEX_POINT('',#3593);
#1114=VERTEX_POINT('',#3597);
#1115=VERTEX_POINT('',#3599);
#1116=VERTEX_POINT('',#3609);
#1117=VERTEX_POINT('',#3611);
#1118=VERTEX_POINT('',#3621);
#1119=VERTEX_POINT('',#3625);
#1120=VERTEX_POINT('',#3627);
#1121=VERTEX_POINT('',#3631);
#1122=VERTEX_POINT('',#3633);
#1123=VERTEX_POINT('',#3637);
#1124=VERTEX_POINT('',#3638);
#1125=VERTEX_POINT('',#3640);
#1126=VERTEX_POINT('',#3657);
#1127=VERTEX_POINT('',#3659);
#1128=VERTEX_POINT('',#3663);
#1129=VERTEX_POINT('',#3665);
#1130=VERTEX_POINT('',#3669);
#1131=VERTEX_POINT('',#3671);
#1132=VERTEX_POINT('',#3675);
#1133=VERTEX_POINT('',#3689);
#1134=VERTEX_POINT('',#3698);
#1135=VERTEX_POINT('',#3702);
#1136=VERTEX_POINT('',#3705);
#1137=VERTEX_POINT('',#3710);
#1138=VERTEX_POINT('',#3712);
#1139=VERTEX_POINT('',#3716);
#1140=VERTEX_POINT('',#3720);
#1141=VERTEX_POINT('',#3724);
#1142=VERTEX_POINT('',#3728);
#1143=VERTEX_POINT('',#3732);
#1144=VERTEX_POINT('',#3736);
#1145=VERTEX_POINT('',#3767);
#1146=VERTEX_POINT('',#3769);
#1147=VERTEX_POINT('',#3773);
#1148=VERTEX_POINT('',#3777);
#1149=VERTEX_POINT('',#3781);
#1150=VERTEX_POINT('',#3785);
#1151=VERTEX_POINT('',#3789);
#1152=VERTEX_POINT('',#3793);
#1153=VERTEX_POINT('',#3797);
#1154=VERTEX_POINT('',#3801);
#1155=VERTEX_POINT('',#3807);
#1156=VERTEX_POINT('',#3808);
#1157=VERTEX_POINT('',#3810);
#1158=VERTEX_POINT('',#3812);
#1159=VERTEX_POINT('',#3814);
#1160=VERTEX_POINT('',#3816);
#1161=VERTEX_POINT('',#3818);
#1162=VERTEX_POINT('',#3820);
#1163=VERTEX_POINT('',#3822);
#1164=VERTEX_POINT('',#3824);
#1165=VERTEX_POINT('',#3826);
#1166=VERTEX_POINT('',#3828);
#1167=VERTEX_POINT('',#3830);
#1168=VERTEX_POINT('',#3832);
#1169=VERTEX_POINT('',#3834);
#1170=VERTEX_POINT('',#3836);
#1171=VERTEX_POINT('',#3872);
#1172=VERTEX_POINT('',#3875);
#1173=VERTEX_POINT('',#3877);
#1174=VERTEX_POINT('',#3881);
#1175=VERTEX_POINT('',#3883);
#1176=VERTEX_POINT('',#3887);
#1177=EDGE_CURVE('',#969,#970,#890,.T.);
#1178=EDGE_CURVE('',#970,#971,#426,.T.);
#1179=EDGE_CURVE('',#971,#971,#891,.T.);
#1180=EDGE_CURVE('',#970,#969,#892,.T.);
#1181=EDGE_CURVE('',#969,#972,#427,.T.);
#1182=EDGE_CURVE('',#972,#972,#893,.T.);
#1183=EDGE_CURVE('',#973,#973,#894,.T.);
#1184=EDGE_CURVE('',#973,#974,#428,.T.);
#1185=EDGE_CURVE('',#974,#974,#895,.T.);
#1186=EDGE_CURVE('',#975,#975,#896,.T.);
#1187=EDGE_CURVE('',#976,#977,#897,.T.);
#1188=EDGE_CURVE('',#977,#975,#429,.T.);
#1189=EDGE_CURVE('',#977,#976,#898,.T.);
#1190=EDGE_CURVE('',#976,#978,#430,.T.);
#1191=EDGE_CURVE('',#978,#978,#899,.T.);
#1192=EDGE_CURVE('',#979,#980,#431,.T.);
#1193=EDGE_CURVE('',#980,#981,#432,.T.);
#1194=EDGE_CURVE('',#981,#982,#433,.T.);
#1195=EDGE_CURVE('',#982,#983,#434,.T.);
#1196=EDGE_CURVE('',#983,#984,#435,.T.);
#1197=EDGE_CURVE('',#984,#985,#436,.T.);
#1198=EDGE_CURVE('',#985,#986,#437,.T.);
#1199=EDGE_CURVE('',#986,#987,#438,.T.);
#1200=EDGE_CURVE('',#987,#988,#439,.T.);
#1201=EDGE_CURVE('',#988,#979,#440,.T.);
#1202=EDGE_CURVE('',#989,#990,#441,.T.);
#1203=EDGE_CURVE('',#991,#989,#900,.T.);
#1204=EDGE_CURVE('',#992,#991,#442,.T.);
#1205=EDGE_CURVE('',#992,#993,#443,.T.);
#1206=EDGE_CURVE('',#993,#994,#901,.T.);
#1207=EDGE_CURVE('',#995,#994,#444,.T.);
#1208=EDGE_CURVE('',#995,#996,#445,.T.);
#1209=EDGE_CURVE('',#996,#997,#446,.T.);
#1210=EDGE_CURVE('',#997,#998,#902,.T.);
#1211=EDGE_CURVE('',#998,#990,#447,.T.);
#1212=EDGE_CURVE('',#999,#1000,#903,.T.);
#1213=EDGE_CURVE('',#1000,#1001,#448,.T.);
#1214=EDGE_CURVE('',#1001,#1002,#904,.T.);
#1215=EDGE_CURVE('',#1002,#1003,#449,.T.);
#1216=EDGE_CURVE('',#1003,#1004,#905,.T.);
#1217=EDGE_CURVE('',#1004,#999,#450,.T.);
#1218=EDGE_CURVE('',#1005,#1006,#906,.T.);
#1219=EDGE_CURVE('',#1006,#1007,#451,.T.);
#1220=EDGE_CURVE('',#1007,#1008,#907,.T.);
#1221=EDGE_CURVE('',#1008,#1009,#452,.T.);
#1222=EDGE_CURVE('',#1009,#1010,#908,.T.);
#1223=EDGE_CURVE('',#1010,#1011,#453,.T.);
#1224=EDGE_CURVE('',#1011,#1012,#909,.T.);
#1225=EDGE_CURVE('',#1012,#1005,#454,.T.);
#1226=EDGE_CURVE('',#1013,#1014,#455,.T.);
#1227=EDGE_CURVE('',#1014,#1015,#456,.T.);
#1228=EDGE_CURVE('',#1015,#1016,#457,.T.);
#1229=EDGE_CURVE('',#1016,#1017,#458,.T.);
#1230=EDGE_CURVE('',#1017,#1018,#459,.T.);
#1231=EDGE_CURVE('',#1018,#1019,#460,.T.);
#1232=EDGE_CURVE('',#1019,#1020,#461,.T.);
#1233=EDGE_CURVE('',#1020,#1021,#462,.T.);
#1234=EDGE_CURVE('',#1021,#1022,#463,.T.);
#1235=EDGE_CURVE('',#1022,#1023,#464,.T.);
#1236=EDGE_CURVE('',#1023,#1024,#465,.T.);
#1237=EDGE_CURVE('',#1024,#1025,#466,.T.);
#1238=EDGE_CURVE('',#1025,#1026,#467,.T.);
#1239=EDGE_CURVE('',#1026,#1027,#468,.T.);
#1240=EDGE_CURVE('',#1027,#1028,#469,.T.);
#1241=EDGE_CURVE('',#1028,#1013,#470,.T.);
#1242=EDGE_CURVE('',#1029,#999,#471,.T.);
#1243=EDGE_CURVE('',#1030,#1029,#910,.T.);
#1244=EDGE_CURVE('',#1030,#1000,#472,.T.);
#1245=EDGE_CURVE('',#1031,#1030,#473,.T.);
#1246=EDGE_CURVE('',#1031,#1001,#474,.T.);
#1247=EDGE_CURVE('',#1032,#1031,#911,.T.);
#1248=EDGE_CURVE('',#1032,#1002,#475,.T.);
#1249=EDGE_CURVE('',#1033,#1032,#476,.T.);
#1250=EDGE_CURVE('',#1033,#1003,#477,.T.);
#1251=EDGE_CURVE('',#1034,#1033,#912,.T.);
#1252=EDGE_CURVE('',#1034,#1004,#478,.T.);
#1253=EDGE_CURVE('',#1029,#1034,#479,.T.);
#1254=EDGE_CURVE('',#1035,#1036,#480,.T.);
#1255=EDGE_CURVE('',#1035,#1029,#481,.T.);
#1256=EDGE_CURVE('',#1036,#1034,#482,.T.);
#1257=EDGE_CURVE('',#1037,#1038,#483,.T.);
#1258=EDGE_CURVE('',#1037,#1039,#913,.T.);
#1259=EDGE_CURVE('',#1039,#1040,#914,.T.);
#1260=EDGE_CURVE('',#1041,#1040,#484,.T.);
#1261=EDGE_CURVE('',#1042,#1041,#915,.T.);
#1262=EDGE_CURVE('',#1043,#1042,#485,.T.);
#1263=EDGE_CURVE('',#1044,#1043,#916,.T.);
#1264=EDGE_CURVE('',#1045,#1044,#486,.T.);
#1265=EDGE_CURVE('',#1046,#1045,#917,.T.);
#1266=EDGE_CURVE('',#1047,#1046,#487,.T.);
#1267=EDGE_CURVE('',#1047,#1048,#918,.T.);
#1268=EDGE_CURVE('',#1048,#1038,#919,.T.);
#1269=EDGE_CURVE('',#1049,#1049,#920,.T.);
#1270=EDGE_CURVE('',#1050,#1051,#921,.T.);
#1271=EDGE_CURVE('',#1051,#1052,#488,.T.);
#1272=EDGE_CURVE('',#1052,#1053,#922,.T.);
#1273=EDGE_CURVE('',#1053,#1054,#489,.T.);
#1274=EDGE_CURVE('',#1054,#1055,#923,.T.);
#1275=EDGE_CURVE('',#1055,#1056,#490,.T.);
#1276=EDGE_CURVE('',#1056,#1057,#924,.T.);
#1277=EDGE_CURVE('',#1057,#1050,#491,.T.);
#1278=EDGE_CURVE('',#1058,#1059,#925,.T.);
#1279=EDGE_CURVE('',#1059,#1060,#492,.T.);
#1280=EDGE_CURVE('',#1060,#1035,#926,.T.);
#1281=EDGE_CURVE('',#1036,#1061,#927,.T.);
#1282=EDGE_CURVE('',#1061,#1058,#493,.T.);
#1283=EDGE_CURVE('',#1062,#1063,#494,.T.);
#1284=EDGE_CURVE('',#1041,#1063,#495,.T.);
#1285=EDGE_CURVE('',#1040,#1037,#25,.T.);
#1286=EDGE_CURVE('',#1038,#1047,#26,.T.);
#1287=EDGE_CURVE('',#1046,#1062,#496,.T.);
#1288=EDGE_CURVE('',#1064,#1065,#497,.T.);
#1289=EDGE_CURVE('',#1063,#1064,#498,.T.);
#1290=EDGE_CURVE('',#1065,#1062,#499,.T.);
#1291=EDGE_CURVE('',#1066,#1067,#500,.T.);
#1292=EDGE_CURVE('',#1066,#1064,#501,.T.);
#1293=EDGE_CURVE('',#1067,#1065,#502,.T.);
#1294=EDGE_CURVE('',#1068,#1069,#503,.T.);
#1295=EDGE_CURVE('',#1070,#1069,#504,.T.);
#1296=EDGE_CURVE('',#1070,#1071,#928,.T.);
#1297=EDGE_CURVE('',#1071,#1072,#505,.T.);
#1298=EDGE_CURVE('',#1072,#1073,#929,.T.);
#1299=EDGE_CURVE('',#1073,#1074,#506,.T.);
#1300=EDGE_CURVE('',#1074,#1075,#930,.T.);
#1301=EDGE_CURVE('',#1075,#1076,#507,.T.);
#1302=EDGE_CURVE('',#1076,#1077,#931,.T.);
#1303=EDGE_CURVE('',#1078,#1077,#508,.T.);
#1304=EDGE_CURVE('',#1078,#1079,#509,.T.);
#1305=EDGE_CURVE('',#1079,#1066,#932,.T.);
#1306=EDGE_CURVE('',#1067,#1068,#933,.T.);
#1307=EDGE_CURVE('',#1080,#1080,#934,.T.);
#1308=EDGE_CURVE('',#1081,#1081,#935,.T.);
#1309=EDGE_CURVE('',#1082,#1082,#936,.T.);
#1310=EDGE_CURVE('',#1082,#1081,#510,.T.);
#1311=EDGE_CURVE('',#1083,#1083,#937,.T.);
#1312=EDGE_CURVE('',#1048,#1083,#511,.T.);
#1313=EDGE_CURVE('',#1084,#1084,#938,.T.);
#1314=EDGE_CURVE('',#1084,#1080,#512,.T.);
#1315=EDGE_CURVE('',#1085,#1085,#939,.T.);
#1316=EDGE_CURVE('',#1039,#1085,#513,.T.);
#1317=EDGE_CURVE('',#1069,#1086,#514,.T.);
#1318=EDGE_CURVE('',#1068,#1087,#515,.T.);
#1319=EDGE_CURVE('',#1087,#1086,#516,.T.);
#1320=EDGE_CURVE('',#1088,#1089,#517,.T.);
#1321=EDGE_CURVE('',#1088,#1078,#518,.T.);
#1322=EDGE_CURVE('',#1090,#1077,#519,.T.);
#1323=EDGE_CURVE('',#1090,#993,#520,.T.);
#1324=EDGE_CURVE('',#992,#1089,#521,.T.);
#1325=EDGE_CURVE('',#1091,#998,#522,.T.);
#1326=EDGE_CURVE('',#1091,#1070,#523,.T.);
#1327=EDGE_CURVE('',#1092,#1086,#524,.T.);
#1328=EDGE_CURVE('',#1092,#990,#525,.T.);
#1329=EDGE_CURVE('',#1089,#1093,#526,.T.);
#1330=EDGE_CURVE('',#1093,#1094,#527,.T.);
#1331=EDGE_CURVE('',#1094,#1095,#528,.T.);
#1332=EDGE_CURVE('',#1096,#1095,#529,.T.);
#1333=EDGE_CURVE('',#1088,#1096,#530,.T.);
#1334=EDGE_CURVE('',#1093,#991,#531,.T.);
#1335=EDGE_CURVE('',#1093,#1097,#940,.T.);
#1336=EDGE_CURVE('',#1097,#989,#532,.T.);
#1337=EDGE_CURVE('',#1097,#1098,#533,.T.);
#1338=EDGE_CURVE('',#1098,#1094,#941,.T.);
#1339=EDGE_CURVE('',#1043,#1094,#534,.T.);
#1340=EDGE_CURVE('',#1044,#1098,#535,.T.);
#1341=EDGE_CURVE('',#1099,#1098,#536,.T.);
#1342=EDGE_CURVE('',#1045,#1099,#537,.T.);
#1343=EDGE_CURVE('',#1062,#1099,#942,.T.);
#1344=EDGE_CURVE('',#1065,#1087,#943,.T.);
#1345=EDGE_CURVE('',#1087,#1099,#538,.T.);
#1346=EDGE_CURVE('',#1097,#1092,#539,.T.);
#1347=EDGE_CURVE('',#1042,#1095,#540,.T.);
#1348=EDGE_CURVE('',#1095,#1063,#944,.T.);
#1349=EDGE_CURVE('',#1096,#1064,#945,.T.);
#1350=EDGE_CURVE('',#1079,#1096,#541,.T.);
#1351=EDGE_CURVE('',#1090,#1100,#946,.T.);
#1352=EDGE_CURVE('',#1101,#1100,#542,.T.);
#1353=EDGE_CURVE('',#1101,#1102,#947,.T.);
#1354=EDGE_CURVE('',#994,#1102,#543,.T.);
#1355=EDGE_CURVE('',#1103,#1102,#544,.T.);
#1356=EDGE_CURVE('',#995,#1103,#545,.T.);
#1357=EDGE_CURVE('',#1103,#1104,#546,.T.);
#1358=EDGE_CURVE('',#1104,#996,#547,.T.);
#1359=EDGE_CURVE('',#1105,#1104,#548,.T.);
#1360=EDGE_CURVE('',#1105,#997,#549,.T.);
#1361=EDGE_CURVE('',#1105,#1106,#948,.T.);
#1362=EDGE_CURVE('',#1107,#1106,#550,.T.);
#1363=EDGE_CURVE('',#1107,#1091,#949,.T.);
#1364=EDGE_CURVE('',#1107,#1108,#19,.T.);
#1365=EDGE_CURVE('',#1108,#1071,#27,.T.);
#1366=EDGE_CURVE('',#1109,#1110,#551,.T.);
#1367=EDGE_CURVE('',#1111,#1110,#552,.T.);
#1368=EDGE_CURVE('',#1072,#1111,#28,.T.);
#1369=EDGE_CURVE('',#1109,#1108,#553,.T.);
#1370=EDGE_CURVE('',#1109,#1112,#554,.T.);
#1371=EDGE_CURVE('',#1112,#1113,#555,.T.);
#1372=EDGE_CURVE('',#1113,#1110,#556,.T.);
#1373=EDGE_CURVE('',#1114,#1113,#557,.T.);
#1374=EDGE_CURVE('',#1114,#1115,#558,.T.);
#1375=EDGE_CURVE('',#1115,#1111,#20,.T.);
#1376=EDGE_CURVE('',#1116,#1115,#950,.T.);
#1377=EDGE_CURVE('',#1116,#1117,#21,.T.);
#1378=EDGE_CURVE('',#1117,#1073,#29,.T.);
#1379=EDGE_CURVE('',#1116,#1118,#559,.T.);
#1380=EDGE_CURVE('',#1114,#1118,#951,.T.);
#1381=EDGE_CURVE('',#1119,#1118,#560,.T.);
#1382=EDGE_CURVE('',#1120,#1119,#561,.T.);
#1383=EDGE_CURVE('',#1120,#1117,#562,.T.);
#1384=EDGE_CURVE('',#1120,#1121,#563,.T.);
#1385=EDGE_CURVE('',#1122,#1121,#564,.T.);
#1386=EDGE_CURVE('',#1074,#1122,#30,.T.);
#1387=EDGE_CURVE('',#1123,#1124,#952,.T.);
#1388=EDGE_CURVE('',#1123,#1125,#22,.T.);
#1389=EDGE_CURVE('',#1125,#1075,#31,.T.);
#1390=EDGE_CURVE('',#1124,#1122,#23,.T.);
#1391=EDGE_CURVE('',#1123,#1126,#565,.T.);
#1392=EDGE_CURVE('',#1127,#1124,#566,.T.);
#1393=EDGE_CURVE('',#1127,#1126,#953,.T.);
#1394=EDGE_CURVE('',#1128,#1126,#567,.T.);
#1395=EDGE_CURVE('',#1129,#1128,#568,.T.);
#1396=EDGE_CURVE('',#1129,#1125,#569,.T.);
#1397=EDGE_CURVE('',#1129,#1130,#570,.T.);
#1398=EDGE_CURVE('',#1131,#1130,#571,.T.);
#1399=EDGE_CURVE('',#1076,#1131,#32,.T.);
#1400=EDGE_CURVE('',#1128,#1132,#572,.T.);
#1401=EDGE_CURVE('',#1132,#1130,#573,.T.);
#1402=EDGE_CURVE('',#1101,#1132,#574,.T.);
#1403=EDGE_CURVE('',#1100,#1131,#24,.T.);
#1404=EDGE_CURVE('',#1127,#1133,#575,.T.);
#1405=EDGE_CURVE('',#1119,#1133,#576,.T.);
#1406=EDGE_CURVE('',#1112,#1106,#577,.T.);
#1407=EDGE_CURVE('',#1133,#1121,#578,.T.);
#1408=EDGE_CURVE('',#1134,#1134,#954,.T.);
#1409=EDGE_CURVE('',#1134,#1049,#579,.T.);
#1410=EDGE_CURVE('',#1135,#1135,#955,.T.);
#1411=EDGE_CURVE('',#1136,#1136,#956,.T.);
#1412=EDGE_CURVE('',#1136,#1135,#580,.T.);
#1413=EDGE_CURVE('',#1050,#1137,#581,.T.);
#1414=EDGE_CURVE('',#1137,#1138,#957,.T.);
#1415=EDGE_CURVE('',#1051,#1138,#582,.T.);
#1416=EDGE_CURVE('',#1138,#1139,#583,.T.);
#1417=EDGE_CURVE('',#1052,#1139,#584,.T.);
#1418=EDGE_CURVE('',#1139,#1140,#958,.T.);
#1419=EDGE_CURVE('',#1053,#1140,#585,.T.);
#1420=EDGE_CURVE('',#1140,#1141,#586,.T.);
#1421=EDGE_CURVE('',#1054,#1141,#587,.T.);
#1422=EDGE_CURVE('',#1141,#1142,#959,.T.);
#1423=EDGE_CURVE('',#1055,#1142,#588,.T.);
#1424=EDGE_CURVE('',#1142,#1143,#589,.T.);
#1425=EDGE_CURVE('',#1056,#1143,#590,.T.);
#1426=EDGE_CURVE('',#1143,#1144,#960,.T.);
#1427=EDGE_CURVE('',#1057,#1144,#591,.T.);
#1428=EDGE_CURVE('',#1144,#1137,#592,.T.);
#1429=EDGE_CURVE('',#1137,#1008,#593,.T.);
#1430=EDGE_CURVE('',#1144,#1009,#594,.T.);
#1431=EDGE_CURVE('',#1143,#1010,#595,.T.);
#1432=EDGE_CURVE('',#1142,#1011,#596,.T.);
#1433=EDGE_CURVE('',#1141,#1012,#597,.T.);
#1434=EDGE_CURVE('',#1140,#1005,#598,.T.);
#1435=EDGE_CURVE('',#1139,#1006,#599,.T.);
#1436=EDGE_CURVE('',#1138,#1007,#600,.T.);
#1437=EDGE_CURVE('',#1058,#1032,#601,.T.);
#1438=EDGE_CURVE('',#1059,#1031,#602,.T.);
#1439=EDGE_CURVE('',#1060,#1030,#603,.T.);
#1440=EDGE_CURVE('',#1061,#1033,#604,.T.);
#1441=EDGE_CURVE('',#979,#1145,#605,.T.);
#1442=EDGE_CURVE('',#1145,#1146,#606,.T.);
#1443=EDGE_CURVE('',#980,#1146,#607,.T.);
#1444=EDGE_CURVE('',#1146,#1147,#608,.T.);
#1445=EDGE_CURVE('',#981,#1147,#609,.T.);
#1446=EDGE_CURVE('',#1147,#1148,#610,.T.);
#1447=EDGE_CURVE('',#982,#1148,#611,.T.);
#1448=EDGE_CURVE('',#1148,#1149,#612,.T.);
#1449=EDGE_CURVE('',#983,#1149,#613,.T.);
#1450=EDGE_CURVE('',#1149,#1150,#614,.T.);
#1451=EDGE_CURVE('',#984,#1150,#615,.T.);
#1452=EDGE_CURVE('',#1150,#1151,#616,.T.);
#1453=EDGE_CURVE('',#985,#1151,#617,.T.);
#1454=EDGE_CURVE('',#1151,#1152,#618,.T.);
#1455=EDGE_CURVE('',#986,#1152,#619,.T.);
#1456=EDGE_CURVE('',#1152,#1153,#620,.T.);
#1457=EDGE_CURVE('',#987,#1153,#621,.T.);
#1458=EDGE_CURVE('',#1153,#1154,#622,.T.);
#1459=EDGE_CURVE('',#988,#1154,#623,.T.);
#1460=EDGE_CURVE('',#1154,#1145,#624,.T.);
#1461=EDGE_CURVE('',#1155,#1156,#625,.T.);
#1462=EDGE_CURVE('',#1157,#1155,#626,.T.);
#1463=EDGE_CURVE('',#1158,#1157,#627,.T.);
#1464=EDGE_CURVE('',#1159,#1158,#628,.T.);
#1465=EDGE_CURVE('',#1160,#1159,#629,.T.);
#1466=EDGE_CURVE('',#1161,#1160,#630,.T.);
#1467=EDGE_CURVE('',#1162,#1161,#631,.T.);
#1468=EDGE_CURVE('',#1163,#1162,#632,.T.);
#1469=EDGE_CURVE('',#1164,#1163,#633,.T.);
#1470=EDGE_CURVE('',#1165,#1164,#634,.T.);
#1471=EDGE_CURVE('',#1166,#1165,#635,.T.);
#1472=EDGE_CURVE('',#1167,#1166,#636,.T.);
#1473=EDGE_CURVE('',#1168,#1167,#637,.T.);
#1474=EDGE_CURVE('',#1169,#1168,#638,.T.);
#1475=EDGE_CURVE('',#1170,#1169,#639,.T.);
#1476=EDGE_CURVE('',#1156,#1170,#640,.T.);
#1477=EDGE_CURVE('',#1013,#1155,#641,.T.);
#1478=EDGE_CURVE('',#1014,#1156,#642,.T.);
#1479=EDGE_CURVE('',#1015,#1170,#643,.T.);
#1480=EDGE_CURVE('',#1016,#1169,#644,.T.);
#1481=EDGE_CURVE('',#1017,#1168,#645,.T.);
#1482=EDGE_CURVE('',#1018,#1167,#646,.T.);
#1483=EDGE_CURVE('',#1019,#1166,#647,.T.);
#1484=EDGE_CURVE('',#1020,#1165,#648,.T.);
#1485=EDGE_CURVE('',#1021,#1164,#649,.T.);
#1486=EDGE_CURVE('',#1022,#1163,#650,.T.);
#1487=EDGE_CURVE('',#1023,#1162,#651,.T.);
#1488=EDGE_CURVE('',#1024,#1161,#652,.T.);
#1489=EDGE_CURVE('',#1025,#1160,#653,.T.);
#1490=EDGE_CURVE('',#1026,#1159,#654,.T.);
#1491=EDGE_CURVE('',#1027,#1158,#655,.T.);
#1492=EDGE_CURVE('',#1028,#1157,#656,.T.);
#1493=EDGE_CURVE('',#1171,#1171,#961,.T.);
#1494=EDGE_CURVE('',#1171,#1172,#962,.T.);
#1495=EDGE_CURVE('',#1172,#1173,#963,.T.);
#1496=EDGE_CURVE('',#1173,#1172,#964,.T.);
#1497=EDGE_CURVE('',#1173,#1174,#657,.T.);
#1498=EDGE_CURVE('',#1175,#1174,#965,.T.);
#1499=EDGE_CURVE('',#1174,#1175,#966,.T.);
#1500=EDGE_CURVE('',#1175,#1176,#967,.T.);
#1501=EDGE_CURVE('',#1176,#1176,#968,.T.);
#1502=ORIENTED_EDGE('',*,*,#1177,.T.);
#1503=ORIENTED_EDGE('',*,*,#1178,.T.);
#1504=ORIENTED_EDGE('',*,*,#1179,.F.);
#1505=ORIENTED_EDGE('',*,*,#1178,.F.);
#1506=ORIENTED_EDGE('',*,*,#1180,.T.);
#1507=ORIENTED_EDGE('',*,*,#1179,.T.);
#1508=ORIENTED_EDGE('',*,*,#1177,.F.);
#1509=ORIENTED_EDGE('',*,*,#1181,.T.);
#1510=ORIENTED_EDGE('',*,*,#1182,.T.);
#1511=ORIENTED_EDGE('',*,*,#1181,.F.);
#1512=ORIENTED_EDGE('',*,*,#1180,.F.);
#1513=ORIENTED_EDGE('',*,*,#1183,.T.);
#1514=ORIENTED_EDGE('',*,*,#1182,.F.);
#1515=ORIENTED_EDGE('',*,*,#1183,.F.);
#1516=ORIENTED_EDGE('',*,*,#1184,.T.);
#1517=ORIENTED_EDGE('',*,*,#1185,.T.);
#1518=ORIENTED_EDGE('',*,*,#1184,.F.);
#1519=ORIENTED_EDGE('',*,*,#1186,.T.);
#1520=ORIENTED_EDGE('',*,*,#1185,.F.);
#1521=ORIENTED_EDGE('',*,*,#1187,.T.);
#1522=ORIENTED_EDGE('',*,*,#1188,.T.);
#1523=ORIENTED_EDGE('',*,*,#1186,.F.);
#1524=ORIENTED_EDGE('',*,*,#1188,.F.);
#1525=ORIENTED_EDGE('',*,*,#1189,.T.);
#1526=ORIENTED_EDGE('',*,*,#1187,.F.);
#1527=ORIENTED_EDGE('',*,*,#1190,.T.);
#1528=ORIENTED_EDGE('',*,*,#1191,.F.);
#1529=ORIENTED_EDGE('',*,*,#1190,.F.);
#1530=ORIENTED_EDGE('',*,*,#1189,.F.);
#1531=ORIENTED_EDGE('',*,*,#1192,.T.);
#1532=ORIENTED_EDGE('',*,*,#1193,.T.);
#1533=ORIENTED_EDGE('',*,*,#1194,.T.);
#1534=ORIENTED_EDGE('',*,*,#1195,.T.);
#1535=ORIENTED_EDGE('',*,*,#1196,.T.);
#1536=ORIENTED_EDGE('',*,*,#1197,.T.);
#1537=ORIENTED_EDGE('',*,*,#1198,.T.);
#1538=ORIENTED_EDGE('',*,*,#1199,.T.);
#1539=ORIENTED_EDGE('',*,*,#1200,.T.);
#1540=ORIENTED_EDGE('',*,*,#1201,.T.);
#1541=ORIENTED_EDGE('',*,*,#1202,.F.);
#1542=ORIENTED_EDGE('',*,*,#1203,.F.);
#1543=ORIENTED_EDGE('',*,*,#1204,.F.);
#1544=ORIENTED_EDGE('',*,*,#1205,.T.);
#1545=ORIENTED_EDGE('',*,*,#1206,.T.);
#1546=ORIENTED_EDGE('',*,*,#1207,.F.);
#1547=ORIENTED_EDGE('',*,*,#1208,.T.);
#1548=ORIENTED_EDGE('',*,*,#1209,.T.);
#1549=ORIENTED_EDGE('',*,*,#1210,.T.);
#1550=ORIENTED_EDGE('',*,*,#1211,.T.);
#1551=ORIENTED_EDGE('',*,*,#1191,.T.);
#1552=ORIENTED_EDGE('',*,*,#1212,.T.);
#1553=ORIENTED_EDGE('',*,*,#1213,.T.);
#1554=ORIENTED_EDGE('',*,*,#1214,.T.);
#1555=ORIENTED_EDGE('',*,*,#1215,.T.);
#1556=ORIENTED_EDGE('',*,*,#1216,.T.);
#1557=ORIENTED_EDGE('',*,*,#1217,.T.);
#1558=ORIENTED_EDGE('',*,*,#1218,.T.);
#1559=ORIENTED_EDGE('',*,*,#1219,.T.);
#1560=ORIENTED_EDGE('',*,*,#1220,.T.);
#1561=ORIENTED_EDGE('',*,*,#1221,.T.);
#1562=ORIENTED_EDGE('',*,*,#1222,.T.);
#1563=ORIENTED_EDGE('',*,*,#1223,.T.);
#1564=ORIENTED_EDGE('',*,*,#1224,.T.);
#1565=ORIENTED_EDGE('',*,*,#1225,.T.);
#1566=ORIENTED_EDGE('',*,*,#1226,.T.);
#1567=ORIENTED_EDGE('',*,*,#1227,.T.);
#1568=ORIENTED_EDGE('',*,*,#1228,.T.);
#1569=ORIENTED_EDGE('',*,*,#1229,.T.);
#1570=ORIENTED_EDGE('',*,*,#1230,.T.);
#1571=ORIENTED_EDGE('',*,*,#1231,.T.);
#1572=ORIENTED_EDGE('',*,*,#1232,.T.);
#1573=ORIENTED_EDGE('',*,*,#1233,.T.);
#1574=ORIENTED_EDGE('',*,*,#1234,.T.);
#1575=ORIENTED_EDGE('',*,*,#1235,.T.);
#1576=ORIENTED_EDGE('',*,*,#1236,.T.);
#1577=ORIENTED_EDGE('',*,*,#1237,.T.);
#1578=ORIENTED_EDGE('',*,*,#1238,.T.);
#1579=ORIENTED_EDGE('',*,*,#1239,.T.);
#1580=ORIENTED_EDGE('',*,*,#1240,.T.);
#1581=ORIENTED_EDGE('',*,*,#1241,.T.);
#1582=ORIENTED_EDGE('',*,*,#1212,.F.);
#1583=ORIENTED_EDGE('',*,*,#1242,.F.);
#1584=ORIENTED_EDGE('',*,*,#1243,.F.);
#1585=ORIENTED_EDGE('',*,*,#1244,.T.);
#1586=ORIENTED_EDGE('',*,*,#1213,.F.);
#1587=ORIENTED_EDGE('',*,*,#1244,.F.);
#1588=ORIENTED_EDGE('',*,*,#1245,.F.);
#1589=ORIENTED_EDGE('',*,*,#1246,.T.);
#1590=ORIENTED_EDGE('',*,*,#1214,.F.);
#1591=ORIENTED_EDGE('',*,*,#1246,.F.);
#1592=ORIENTED_EDGE('',*,*,#1247,.F.);
#1593=ORIENTED_EDGE('',*,*,#1248,.T.);
#1594=ORIENTED_EDGE('',*,*,#1215,.F.);
#1595=ORIENTED_EDGE('',*,*,#1248,.F.);
#1596=ORIENTED_EDGE('',*,*,#1249,.F.);
#1597=ORIENTED_EDGE('',*,*,#1250,.T.);
#1598=ORIENTED_EDGE('',*,*,#1216,.F.);
#1599=ORIENTED_EDGE('',*,*,#1250,.F.);
#1600=ORIENTED_EDGE('',*,*,#1251,.F.);
#1601=ORIENTED_EDGE('',*,*,#1252,.T.);
#1602=ORIENTED_EDGE('',*,*,#1217,.F.);
#1603=ORIENTED_EDGE('',*,*,#1252,.F.);
#1604=ORIENTED_EDGE('',*,*,#1253,.F.);
#1605=ORIENTED_EDGE('',*,*,#1242,.T.);
#1606=ORIENTED_EDGE('',*,*,#1254,.F.);
#1607=ORIENTED_EDGE('',*,*,#1255,.T.);
#1608=ORIENTED_EDGE('',*,*,#1253,.T.);
#1609=ORIENTED_EDGE('',*,*,#1256,.F.);
#1610=ORIENTED_EDGE('',*,*,#1257,.F.);
#1611=ORIENTED_EDGE('',*,*,#1258,.T.);
#1612=ORIENTED_EDGE('',*,*,#1259,.T.);
#1613=ORIENTED_EDGE('',*,*,#1260,.F.);
#1614=ORIENTED_EDGE('',*,*,#1261,.F.);
#1615=ORIENTED_EDGE('',*,*,#1262,.F.);
#1616=ORIENTED_EDGE('',*,*,#1263,.F.);
#1617=ORIENTED_EDGE('',*,*,#1264,.F.);
#1618=ORIENTED_EDGE('',*,*,#1265,.F.);
#1619=ORIENTED_EDGE('',*,*,#1266,.F.);
#1620=ORIENTED_EDGE('',*,*,#1267,.T.);
#1621=ORIENTED_EDGE('',*,*,#1268,.T.);
#1622=ORIENTED_EDGE('',*,*,#1269,.F.);
#1623=ORIENTED_EDGE('',*,*,#1270,.T.);
#1624=ORIENTED_EDGE('',*,*,#1271,.T.);
#1625=ORIENTED_EDGE('',*,*,#1272,.T.);
#1626=ORIENTED_EDGE('',*,*,#1273,.T.);
#1627=ORIENTED_EDGE('',*,*,#1274,.T.);
#1628=ORIENTED_EDGE('',*,*,#1275,.T.);
#1629=ORIENTED_EDGE('',*,*,#1276,.T.);
#1630=ORIENTED_EDGE('',*,*,#1277,.T.);
#1631=ORIENTED_EDGE('',*,*,#1278,.T.);
#1632=ORIENTED_EDGE('',*,*,#1279,.T.);
#1633=ORIENTED_EDGE('',*,*,#1280,.T.);
#1634=ORIENTED_EDGE('',*,*,#1254,.T.);
#1635=ORIENTED_EDGE('',*,*,#1281,.T.);
#1636=ORIENTED_EDGE('',*,*,#1282,.T.);
#1637=ORIENTED_EDGE('',*,*,#1283,.T.);
#1638=ORIENTED_EDGE('',*,*,#1284,.F.);
#1639=ORIENTED_EDGE('',*,*,#1260,.T.);
#1640=ORIENTED_EDGE('',*,*,#1285,.T.);
#1641=ORIENTED_EDGE('',*,*,#1257,.T.);
#1642=ORIENTED_EDGE('',*,*,#1286,.T.);
#1643=ORIENTED_EDGE('',*,*,#1266,.T.);
#1644=ORIENTED_EDGE('',*,*,#1287,.T.);
#1645=ORIENTED_EDGE('',*,*,#1288,.F.);
#1646=ORIENTED_EDGE('',*,*,#1289,.F.);
#1647=ORIENTED_EDGE('',*,*,#1283,.F.);
#1648=ORIENTED_EDGE('',*,*,#1290,.F.);
#1649=ORIENTED_EDGE('',*,*,#1291,.F.);
#1650=ORIENTED_EDGE('',*,*,#1292,.T.);
#1651=ORIENTED_EDGE('',*,*,#1288,.T.);
#1652=ORIENTED_EDGE('',*,*,#1293,.F.);
#1653=ORIENTED_EDGE('',*,*,#1294,.T.);
#1654=ORIENTED_EDGE('',*,*,#1295,.F.);
#1655=ORIENTED_EDGE('',*,*,#1296,.T.);
#1656=ORIENTED_EDGE('',*,*,#1297,.T.);
#1657=ORIENTED_EDGE('',*,*,#1298,.T.);
#1658=ORIENTED_EDGE('',*,*,#1299,.T.);
#1659=ORIENTED_EDGE('',*,*,#1300,.T.);
#1660=ORIENTED_EDGE('',*,*,#1301,.T.);
#1661=ORIENTED_EDGE('',*,*,#1302,.T.);
#1662=ORIENTED_EDGE('',*,*,#1303,.F.);
#1663=ORIENTED_EDGE('',*,*,#1304,.T.);
#1664=ORIENTED_EDGE('',*,*,#1305,.T.);
#1665=ORIENTED_EDGE('',*,*,#1291,.T.);
#1666=ORIENTED_EDGE('',*,*,#1306,.T.);
#1667=ORIENTED_EDGE('',*,*,#1307,.F.);
#1668=ORIENTED_EDGE('',*,*,#1308,.F.);
#1669=ORIENTED_EDGE('',*,*,#1309,.F.);
#1670=ORIENTED_EDGE('',*,*,#1310,.T.);
#1671=ORIENTED_EDGE('',*,*,#1308,.T.);
#1672=ORIENTED_EDGE('',*,*,#1310,.F.);
#1673=ORIENTED_EDGE('',*,*,#1311,.F.);
#1674=ORIENTED_EDGE('',*,*,#1309,.T.);
#1675=ORIENTED_EDGE('',*,*,#1267,.F.);
#1676=ORIENTED_EDGE('',*,*,#1286,.F.);
#1677=ORIENTED_EDGE('',*,*,#1268,.F.);
#1678=ORIENTED_EDGE('',*,*,#1312,.T.);
#1679=ORIENTED_EDGE('',*,*,#1311,.T.);
#1680=ORIENTED_EDGE('',*,*,#1312,.F.);
#1681=ORIENTED_EDGE('',*,*,#1313,.F.);
#1682=ORIENTED_EDGE('',*,*,#1314,.T.);
#1683=ORIENTED_EDGE('',*,*,#1307,.T.);
#1684=ORIENTED_EDGE('',*,*,#1314,.F.);
#1685=ORIENTED_EDGE('',*,*,#1315,.F.);
#1686=ORIENTED_EDGE('',*,*,#1313,.T.);
#1687=ORIENTED_EDGE('',*,*,#1258,.F.);
#1688=ORIENTED_EDGE('',*,*,#1285,.F.);
#1689=ORIENTED_EDGE('',*,*,#1259,.F.);
#1690=ORIENTED_EDGE('',*,*,#1316,.T.);
#1691=ORIENTED_EDGE('',*,*,#1315,.T.);
#1692=ORIENTED_EDGE('',*,*,#1316,.F.);
#1693=ORIENTED_EDGE('',*,*,#1317,.F.);
#1694=ORIENTED_EDGE('',*,*,#1294,.F.);
#1695=ORIENTED_EDGE('',*,*,#1318,.T.);
#1696=ORIENTED_EDGE('',*,*,#1319,.T.);
#1697=ORIENTED_EDGE('',*,*,#1320,.F.);
#1698=ORIENTED_EDGE('',*,*,#1321,.T.);
#1699=ORIENTED_EDGE('',*,*,#1303,.T.);
#1700=ORIENTED_EDGE('',*,*,#1322,.F.);
#1701=ORIENTED_EDGE('',*,*,#1323,.T.);
#1702=ORIENTED_EDGE('',*,*,#1205,.F.);
#1703=ORIENTED_EDGE('',*,*,#1324,.T.);
#1704=ORIENTED_EDGE('',*,*,#1211,.F.);
#1705=ORIENTED_EDGE('',*,*,#1325,.F.);
#1706=ORIENTED_EDGE('',*,*,#1326,.T.);
#1707=ORIENTED_EDGE('',*,*,#1295,.T.);
#1708=ORIENTED_EDGE('',*,*,#1317,.T.);
#1709=ORIENTED_EDGE('',*,*,#1327,.F.);
#1710=ORIENTED_EDGE('',*,*,#1328,.T.);
#1711=ORIENTED_EDGE('',*,*,#1329,.T.);
#1712=ORIENTED_EDGE('',*,*,#1330,.T.);
#1713=ORIENTED_EDGE('',*,*,#1331,.T.);
#1714=ORIENTED_EDGE('',*,*,#1332,.F.);
#1715=ORIENTED_EDGE('',*,*,#1333,.F.);
#1716=ORIENTED_EDGE('',*,*,#1320,.T.);
#1717=ORIENTED_EDGE('',*,*,#1329,.F.);
#1718=ORIENTED_EDGE('',*,*,#1324,.F.);
#1719=ORIENTED_EDGE('',*,*,#1204,.T.);
#1720=ORIENTED_EDGE('',*,*,#1334,.F.);
#1721=ORIENTED_EDGE('',*,*,#1335,.F.);
#1722=ORIENTED_EDGE('',*,*,#1334,.T.);
#1723=ORIENTED_EDGE('',*,*,#1203,.T.);
#1724=ORIENTED_EDGE('',*,*,#1336,.F.);
#1725=ORIENTED_EDGE('',*,*,#1335,.T.);
#1726=ORIENTED_EDGE('',*,*,#1337,.T.);
#1727=ORIENTED_EDGE('',*,*,#1338,.T.);
#1728=ORIENTED_EDGE('',*,*,#1330,.F.);
#1729=ORIENTED_EDGE('',*,*,#1263,.T.);
#1730=ORIENTED_EDGE('',*,*,#1339,.T.);
#1731=ORIENTED_EDGE('',*,*,#1338,.F.);
#1732=ORIENTED_EDGE('',*,*,#1340,.F.);
#1733=ORIENTED_EDGE('',*,*,#1264,.T.);
#1734=ORIENTED_EDGE('',*,*,#1340,.T.);
#1735=ORIENTED_EDGE('',*,*,#1341,.F.);
#1736=ORIENTED_EDGE('',*,*,#1342,.F.);
#1737=ORIENTED_EDGE('',*,*,#1265,.T.);
#1738=ORIENTED_EDGE('',*,*,#1342,.T.);
#1739=ORIENTED_EDGE('',*,*,#1343,.F.);
#1740=ORIENTED_EDGE('',*,*,#1287,.F.);
#1741=ORIENTED_EDGE('',*,*,#1344,.F.);
#1742=ORIENTED_EDGE('',*,*,#1290,.T.);
#1743=ORIENTED_EDGE('',*,*,#1343,.T.);
#1744=ORIENTED_EDGE('',*,*,#1345,.F.);
#1745=ORIENTED_EDGE('',*,*,#1306,.F.);
#1746=ORIENTED_EDGE('',*,*,#1293,.T.);
#1747=ORIENTED_EDGE('',*,*,#1344,.T.);
#1748=ORIENTED_EDGE('',*,*,#1318,.F.);
#1749=ORIENTED_EDGE('',*,*,#1346,.T.);
#1750=ORIENTED_EDGE('',*,*,#1327,.T.);
#1751=ORIENTED_EDGE('',*,*,#1319,.F.);
#1752=ORIENTED_EDGE('',*,*,#1345,.T.);
#1753=ORIENTED_EDGE('',*,*,#1341,.T.);
#1754=ORIENTED_EDGE('',*,*,#1337,.F.);
#1755=ORIENTED_EDGE('',*,*,#1202,.T.);
#1756=ORIENTED_EDGE('',*,*,#1328,.F.);
#1757=ORIENTED_EDGE('',*,*,#1346,.F.);
#1758=ORIENTED_EDGE('',*,*,#1336,.T.);
#1759=ORIENTED_EDGE('',*,*,#1331,.F.);
#1760=ORIENTED_EDGE('',*,*,#1339,.F.);
#1761=ORIENTED_EDGE('',*,*,#1262,.T.);
#1762=ORIENTED_EDGE('',*,*,#1347,.T.);
#1763=ORIENTED_EDGE('',*,*,#1261,.T.);
#1764=ORIENTED_EDGE('',*,*,#1284,.T.);
#1765=ORIENTED_EDGE('',*,*,#1348,.F.);
#1766=ORIENTED_EDGE('',*,*,#1347,.F.);
#1767=ORIENTED_EDGE('',*,*,#1349,.F.);
#1768=ORIENTED_EDGE('',*,*,#1332,.T.);
#1769=ORIENTED_EDGE('',*,*,#1348,.T.);
#1770=ORIENTED_EDGE('',*,*,#1289,.T.);
#1771=ORIENTED_EDGE('',*,*,#1305,.F.);
#1772=ORIENTED_EDGE('',*,*,#1350,.T.);
#1773=ORIENTED_EDGE('',*,*,#1349,.T.);
#1774=ORIENTED_EDGE('',*,*,#1292,.F.);
#1775=ORIENTED_EDGE('',*,*,#1321,.F.);
#1776=ORIENTED_EDGE('',*,*,#1333,.T.);
#1777=ORIENTED_EDGE('',*,*,#1350,.F.);
#1778=ORIENTED_EDGE('',*,*,#1304,.F.);
#1779=ORIENTED_EDGE('',*,*,#1206,.F.);
#1780=ORIENTED_EDGE('',*,*,#1323,.F.);
#1781=ORIENTED_EDGE('',*,*,#1351,.T.);
#1782=ORIENTED_EDGE('',*,*,#1352,.F.);
#1783=ORIENTED_EDGE('',*,*,#1353,.T.);
#1784=ORIENTED_EDGE('',*,*,#1354,.F.);
#1785=ORIENTED_EDGE('',*,*,#1207,.T.);
#1786=ORIENTED_EDGE('',*,*,#1354,.T.);
#1787=ORIENTED_EDGE('',*,*,#1355,.F.);
#1788=ORIENTED_EDGE('',*,*,#1356,.F.);
#1789=ORIENTED_EDGE('',*,*,#1208,.F.);
#1790=ORIENTED_EDGE('',*,*,#1356,.T.);
#1791=ORIENTED_EDGE('',*,*,#1357,.T.);
#1792=ORIENTED_EDGE('',*,*,#1358,.T.);
#1793=ORIENTED_EDGE('',*,*,#1209,.F.);
#1794=ORIENTED_EDGE('',*,*,#1358,.F.);
#1795=ORIENTED_EDGE('',*,*,#1359,.F.);
#1796=ORIENTED_EDGE('',*,*,#1360,.T.);
#1797=ORIENTED_EDGE('',*,*,#1210,.F.);
#1798=ORIENTED_EDGE('',*,*,#1360,.F.);
#1799=ORIENTED_EDGE('',*,*,#1361,.T.);
#1800=ORIENTED_EDGE('',*,*,#1362,.F.);
#1801=ORIENTED_EDGE('',*,*,#1363,.T.);
#1802=ORIENTED_EDGE('',*,*,#1325,.T.);
#1803=ORIENTED_EDGE('',*,*,#1326,.F.);
#1804=ORIENTED_EDGE('',*,*,#1363,.F.);
#1805=ORIENTED_EDGE('',*,*,#1364,.T.);
#1806=ORIENTED_EDGE('',*,*,#1365,.T.);
#1807=ORIENTED_EDGE('',*,*,#1296,.F.);
#1808=ORIENTED_EDGE('',*,*,#1366,.T.);
#1809=ORIENTED_EDGE('',*,*,#1367,.F.);
#1810=ORIENTED_EDGE('',*,*,#1368,.F.);
#1811=ORIENTED_EDGE('',*,*,#1297,.F.);
#1812=ORIENTED_EDGE('',*,*,#1365,.F.);
#1813=ORIENTED_EDGE('',*,*,#1369,.F.);
#1814=ORIENTED_EDGE('',*,*,#1366,.F.);
#1815=ORIENTED_EDGE('',*,*,#1370,.T.);
#1816=ORIENTED_EDGE('',*,*,#1371,.T.);
#1817=ORIENTED_EDGE('',*,*,#1372,.T.);
#1818=ORIENTED_EDGE('',*,*,#1372,.F.);
#1819=ORIENTED_EDGE('',*,*,#1373,.F.);
#1820=ORIENTED_EDGE('',*,*,#1374,.T.);
#1821=ORIENTED_EDGE('',*,*,#1375,.T.);
#1822=ORIENTED_EDGE('',*,*,#1367,.T.);
#1823=ORIENTED_EDGE('',*,*,#1376,.F.);
#1824=ORIENTED_EDGE('',*,*,#1377,.T.);
#1825=ORIENTED_EDGE('',*,*,#1378,.T.);
#1826=ORIENTED_EDGE('',*,*,#1298,.F.);
#1827=ORIENTED_EDGE('',*,*,#1368,.T.);
#1828=ORIENTED_EDGE('',*,*,#1375,.F.);
#1829=ORIENTED_EDGE('',*,*,#1379,.F.);
#1830=ORIENTED_EDGE('',*,*,#1376,.T.);
#1831=ORIENTED_EDGE('',*,*,#1374,.F.);
#1832=ORIENTED_EDGE('',*,*,#1380,.T.);
#1833=ORIENTED_EDGE('',*,*,#1379,.T.);
#1834=ORIENTED_EDGE('',*,*,#1381,.F.);
#1835=ORIENTED_EDGE('',*,*,#1382,.F.);
#1836=ORIENTED_EDGE('',*,*,#1383,.T.);
#1837=ORIENTED_EDGE('',*,*,#1377,.F.);
#1838=ORIENTED_EDGE('',*,*,#1299,.F.);
#1839=ORIENTED_EDGE('',*,*,#1378,.F.);
#1840=ORIENTED_EDGE('',*,*,#1383,.F.);
#1841=ORIENTED_EDGE('',*,*,#1384,.T.);
#1842=ORIENTED_EDGE('',*,*,#1385,.F.);
#1843=ORIENTED_EDGE('',*,*,#1386,.F.);
#1844=ORIENTED_EDGE('',*,*,#1387,.F.);
#1845=ORIENTED_EDGE('',*,*,#1388,.T.);
#1846=ORIENTED_EDGE('',*,*,#1389,.T.);
#1847=ORIENTED_EDGE('',*,*,#1300,.F.);
#1848=ORIENTED_EDGE('',*,*,#1386,.T.);
#1849=ORIENTED_EDGE('',*,*,#1390,.F.);
#1850=ORIENTED_EDGE('',*,*,#1391,.F.);
#1851=ORIENTED_EDGE('',*,*,#1387,.T.);
#1852=ORIENTED_EDGE('',*,*,#1392,.F.);
#1853=ORIENTED_EDGE('',*,*,#1393,.T.);
#1854=ORIENTED_EDGE('',*,*,#1391,.T.);
#1855=ORIENTED_EDGE('',*,*,#1394,.F.);
#1856=ORIENTED_EDGE('',*,*,#1395,.F.);
#1857=ORIENTED_EDGE('',*,*,#1396,.T.);
#1858=ORIENTED_EDGE('',*,*,#1388,.F.);
#1859=ORIENTED_EDGE('',*,*,#1397,.T.);
#1860=ORIENTED_EDGE('',*,*,#1398,.F.);
#1861=ORIENTED_EDGE('',*,*,#1399,.F.);
#1862=ORIENTED_EDGE('',*,*,#1301,.F.);
#1863=ORIENTED_EDGE('',*,*,#1389,.F.);
#1864=ORIENTED_EDGE('',*,*,#1396,.F.);
#1865=ORIENTED_EDGE('',*,*,#1397,.F.);
#1866=ORIENTED_EDGE('',*,*,#1395,.T.);
#1867=ORIENTED_EDGE('',*,*,#1400,.T.);
#1868=ORIENTED_EDGE('',*,*,#1401,.T.);
#1869=ORIENTED_EDGE('',*,*,#1401,.F.);
#1870=ORIENTED_EDGE('',*,*,#1402,.F.);
#1871=ORIENTED_EDGE('',*,*,#1352,.T.);
#1872=ORIENTED_EDGE('',*,*,#1403,.T.);
#1873=ORIENTED_EDGE('',*,*,#1398,.T.);
#1874=ORIENTED_EDGE('',*,*,#1322,.T.);
#1875=ORIENTED_EDGE('',*,*,#1302,.F.);
#1876=ORIENTED_EDGE('',*,*,#1399,.T.);
#1877=ORIENTED_EDGE('',*,*,#1403,.F.);
#1878=ORIENTED_EDGE('',*,*,#1351,.F.);
#1879=ORIENTED_EDGE('',*,*,#1357,.F.);
#1880=ORIENTED_EDGE('',*,*,#1355,.T.);
#1881=ORIENTED_EDGE('',*,*,#1353,.F.);
#1882=ORIENTED_EDGE('',*,*,#1402,.T.);
#1883=ORIENTED_EDGE('',*,*,#1400,.F.);
#1884=ORIENTED_EDGE('',*,*,#1394,.T.);
#1885=ORIENTED_EDGE('',*,*,#1393,.F.);
#1886=ORIENTED_EDGE('',*,*,#1404,.T.);
#1887=ORIENTED_EDGE('',*,*,#1405,.F.);
#1888=ORIENTED_EDGE('',*,*,#1381,.T.);
#1889=ORIENTED_EDGE('',*,*,#1380,.F.);
#1890=ORIENTED_EDGE('',*,*,#1373,.T.);
#1891=ORIENTED_EDGE('',*,*,#1371,.F.);
#1892=ORIENTED_EDGE('',*,*,#1406,.T.);
#1893=ORIENTED_EDGE('',*,*,#1361,.F.);
#1894=ORIENTED_EDGE('',*,*,#1359,.T.);
#1895=ORIENTED_EDGE('',*,*,#1362,.T.);
#1896=ORIENTED_EDGE('',*,*,#1406,.F.);
#1897=ORIENTED_EDGE('',*,*,#1370,.F.);
#1898=ORIENTED_EDGE('',*,*,#1369,.T.);
#1899=ORIENTED_EDGE('',*,*,#1364,.F.);
#1900=ORIENTED_EDGE('',*,*,#1384,.F.);
#1901=ORIENTED_EDGE('',*,*,#1382,.T.);
#1902=ORIENTED_EDGE('',*,*,#1405,.T.);
#1903=ORIENTED_EDGE('',*,*,#1407,.T.);
#1904=ORIENTED_EDGE('',*,*,#1407,.F.);
#1905=ORIENTED_EDGE('',*,*,#1404,.F.);
#1906=ORIENTED_EDGE('',*,*,#1392,.T.);
#1907=ORIENTED_EDGE('',*,*,#1390,.T.);
#1908=ORIENTED_EDGE('',*,*,#1385,.T.);
#1909=ORIENTED_EDGE('',*,*,#1408,.F.);
#1910=ORIENTED_EDGE('',*,*,#1409,.T.);
#1911=ORIENTED_EDGE('',*,*,#1269,.T.);
#1912=ORIENTED_EDGE('',*,*,#1409,.F.);
#1913=ORIENTED_EDGE('',*,*,#1408,.T.);
#1914=ORIENTED_EDGE('',*,*,#1410,.F.);
#1915=ORIENTED_EDGE('',*,*,#1411,.F.);
#1916=ORIENTED_EDGE('',*,*,#1412,.T.);
#1917=ORIENTED_EDGE('',*,*,#1410,.T.);
#1918=ORIENTED_EDGE('',*,*,#1412,.F.);
#1919=ORIENTED_EDGE('',*,*,#1411,.T.);
#1920=ORIENTED_EDGE('',*,*,#1270,.F.);
#1921=ORIENTED_EDGE('',*,*,#1413,.T.);
#1922=ORIENTED_EDGE('',*,*,#1414,.T.);
#1923=ORIENTED_EDGE('',*,*,#1415,.F.);
#1924=ORIENTED_EDGE('',*,*,#1271,.F.);
#1925=ORIENTED_EDGE('',*,*,#1415,.T.);
#1926=ORIENTED_EDGE('',*,*,#1416,.T.);
#1927=ORIENTED_EDGE('',*,*,#1417,.F.);
#1928=ORIENTED_EDGE('',*,*,#1272,.F.);
#1929=ORIENTED_EDGE('',*,*,#1417,.T.);
#1930=ORIENTED_EDGE('',*,*,#1418,.T.);
#1931=ORIENTED_EDGE('',*,*,#1419,.F.);
#1932=ORIENTED_EDGE('',*,*,#1273,.F.);
#1933=ORIENTED_EDGE('',*,*,#1419,.T.);
#1934=ORIENTED_EDGE('',*,*,#1420,.T.);
#1935=ORIENTED_EDGE('',*,*,#1421,.F.);
#1936=ORIENTED_EDGE('',*,*,#1274,.F.);
#1937=ORIENTED_EDGE('',*,*,#1421,.T.);
#1938=ORIENTED_EDGE('',*,*,#1422,.T.);
#1939=ORIENTED_EDGE('',*,*,#1423,.F.);
#1940=ORIENTED_EDGE('',*,*,#1275,.F.);
#1941=ORIENTED_EDGE('',*,*,#1423,.T.);
#1942=ORIENTED_EDGE('',*,*,#1424,.T.);
#1943=ORIENTED_EDGE('',*,*,#1425,.F.);
#1944=ORIENTED_EDGE('',*,*,#1276,.F.);
#1945=ORIENTED_EDGE('',*,*,#1425,.T.);
#1946=ORIENTED_EDGE('',*,*,#1426,.T.);
#1947=ORIENTED_EDGE('',*,*,#1427,.F.);
#1948=ORIENTED_EDGE('',*,*,#1277,.F.);
#1949=ORIENTED_EDGE('',*,*,#1427,.T.);
#1950=ORIENTED_EDGE('',*,*,#1428,.T.);
#1951=ORIENTED_EDGE('',*,*,#1413,.F.);
#1952=ORIENTED_EDGE('',*,*,#1221,.F.);
#1953=ORIENTED_EDGE('',*,*,#1429,.F.);
#1954=ORIENTED_EDGE('',*,*,#1428,.F.);
#1955=ORIENTED_EDGE('',*,*,#1430,.T.);
#1956=ORIENTED_EDGE('',*,*,#1222,.F.);
#1957=ORIENTED_EDGE('',*,*,#1430,.F.);
#1958=ORIENTED_EDGE('',*,*,#1426,.F.);
#1959=ORIENTED_EDGE('',*,*,#1431,.T.);
#1960=ORIENTED_EDGE('',*,*,#1223,.F.);
#1961=ORIENTED_EDGE('',*,*,#1431,.F.);
#1962=ORIENTED_EDGE('',*,*,#1424,.F.);
#1963=ORIENTED_EDGE('',*,*,#1432,.T.);
#1964=ORIENTED_EDGE('',*,*,#1224,.F.);
#1965=ORIENTED_EDGE('',*,*,#1432,.F.);
#1966=ORIENTED_EDGE('',*,*,#1422,.F.);
#1967=ORIENTED_EDGE('',*,*,#1433,.T.);
#1968=ORIENTED_EDGE('',*,*,#1225,.F.);
#1969=ORIENTED_EDGE('',*,*,#1433,.F.);
#1970=ORIENTED_EDGE('',*,*,#1420,.F.);
#1971=ORIENTED_EDGE('',*,*,#1434,.T.);
#1972=ORIENTED_EDGE('',*,*,#1218,.F.);
#1973=ORIENTED_EDGE('',*,*,#1434,.F.);
#1974=ORIENTED_EDGE('',*,*,#1418,.F.);
#1975=ORIENTED_EDGE('',*,*,#1435,.T.);
#1976=ORIENTED_EDGE('',*,*,#1219,.F.);
#1977=ORIENTED_EDGE('',*,*,#1435,.F.);
#1978=ORIENTED_EDGE('',*,*,#1416,.F.);
#1979=ORIENTED_EDGE('',*,*,#1436,.T.);
#1980=ORIENTED_EDGE('',*,*,#1220,.F.);
#1981=ORIENTED_EDGE('',*,*,#1436,.F.);
#1982=ORIENTED_EDGE('',*,*,#1414,.F.);
#1983=ORIENTED_EDGE('',*,*,#1429,.T.);
#1984=ORIENTED_EDGE('',*,*,#1278,.F.);
#1985=ORIENTED_EDGE('',*,*,#1437,.T.);
#1986=ORIENTED_EDGE('',*,*,#1247,.T.);
#1987=ORIENTED_EDGE('',*,*,#1438,.F.);
#1988=ORIENTED_EDGE('',*,*,#1279,.F.);
#1989=ORIENTED_EDGE('',*,*,#1438,.T.);
#1990=ORIENTED_EDGE('',*,*,#1245,.T.);
#1991=ORIENTED_EDGE('',*,*,#1439,.F.);
#1992=ORIENTED_EDGE('',*,*,#1280,.F.);
#1993=ORIENTED_EDGE('',*,*,#1439,.T.);
#1994=ORIENTED_EDGE('',*,*,#1243,.T.);
#1995=ORIENTED_EDGE('',*,*,#1255,.F.);
#1996=ORIENTED_EDGE('',*,*,#1282,.F.);
#1997=ORIENTED_EDGE('',*,*,#1440,.T.);
#1998=ORIENTED_EDGE('',*,*,#1249,.T.);
#1999=ORIENTED_EDGE('',*,*,#1437,.F.);
#2000=ORIENTED_EDGE('',*,*,#1281,.F.);
#2001=ORIENTED_EDGE('',*,*,#1256,.T.);
#2002=ORIENTED_EDGE('',*,*,#1251,.T.);
#2003=ORIENTED_EDGE('',*,*,#1440,.F.);
#2004=ORIENTED_EDGE('',*,*,#1192,.F.);
#2005=ORIENTED_EDGE('',*,*,#1441,.T.);
#2006=ORIENTED_EDGE('',*,*,#1442,.T.);
#2007=ORIENTED_EDGE('',*,*,#1443,.F.);
#2008=ORIENTED_EDGE('',*,*,#1193,.F.);
#2009=ORIENTED_EDGE('',*,*,#1443,.T.);
#2010=ORIENTED_EDGE('',*,*,#1444,.T.);
#2011=ORIENTED_EDGE('',*,*,#1445,.F.);
#2012=ORIENTED_EDGE('',*,*,#1194,.F.);
#2013=ORIENTED_EDGE('',*,*,#1445,.T.);
#2014=ORIENTED_EDGE('',*,*,#1446,.T.);
#2015=ORIENTED_EDGE('',*,*,#1447,.F.);
#2016=ORIENTED_EDGE('',*,*,#1195,.F.);
#2017=ORIENTED_EDGE('',*,*,#1447,.T.);
#2018=ORIENTED_EDGE('',*,*,#1448,.T.);
#2019=ORIENTED_EDGE('',*,*,#1449,.F.);
#2020=ORIENTED_EDGE('',*,*,#1196,.F.);
#2021=ORIENTED_EDGE('',*,*,#1449,.T.);
#2022=ORIENTED_EDGE('',*,*,#1450,.T.);
#2023=ORIENTED_EDGE('',*,*,#1451,.F.);
#2024=ORIENTED_EDGE('',*,*,#1197,.F.);
#2025=ORIENTED_EDGE('',*,*,#1451,.T.);
#2026=ORIENTED_EDGE('',*,*,#1452,.T.);
#2027=ORIENTED_EDGE('',*,*,#1453,.F.);
#2028=ORIENTED_EDGE('',*,*,#1198,.F.);
#2029=ORIENTED_EDGE('',*,*,#1453,.T.);
#2030=ORIENTED_EDGE('',*,*,#1454,.T.);
#2031=ORIENTED_EDGE('',*,*,#1455,.F.);
#2032=ORIENTED_EDGE('',*,*,#1199,.F.);
#2033=ORIENTED_EDGE('',*,*,#1455,.T.);
#2034=ORIENTED_EDGE('',*,*,#1456,.T.);
#2035=ORIENTED_EDGE('',*,*,#1457,.F.);
#2036=ORIENTED_EDGE('',*,*,#1200,.F.);
#2037=ORIENTED_EDGE('',*,*,#1457,.T.);
#2038=ORIENTED_EDGE('',*,*,#1458,.T.);
#2039=ORIENTED_EDGE('',*,*,#1459,.F.);
#2040=ORIENTED_EDGE('',*,*,#1201,.F.);
#2041=ORIENTED_EDGE('',*,*,#1459,.T.);
#2042=ORIENTED_EDGE('',*,*,#1460,.T.);
#2043=ORIENTED_EDGE('',*,*,#1441,.F.);
#2044=ORIENTED_EDGE('',*,*,#1461,.F.);
#2045=ORIENTED_EDGE('',*,*,#1462,.F.);
#2046=ORIENTED_EDGE('',*,*,#1463,.F.);
#2047=ORIENTED_EDGE('',*,*,#1464,.F.);
#2048=ORIENTED_EDGE('',*,*,#1465,.F.);
#2049=ORIENTED_EDGE('',*,*,#1466,.F.);
#2050=ORIENTED_EDGE('',*,*,#1467,.F.);
#2051=ORIENTED_EDGE('',*,*,#1468,.F.);
#2052=ORIENTED_EDGE('',*,*,#1469,.F.);
#2053=ORIENTED_EDGE('',*,*,#1470,.F.);
#2054=ORIENTED_EDGE('',*,*,#1471,.F.);
#2055=ORIENTED_EDGE('',*,*,#1472,.F.);
#2056=ORIENTED_EDGE('',*,*,#1473,.F.);
#2057=ORIENTED_EDGE('',*,*,#1474,.F.);
#2058=ORIENTED_EDGE('',*,*,#1475,.F.);
#2059=ORIENTED_EDGE('',*,*,#1476,.F.);
#2060=ORIENTED_EDGE('',*,*,#1442,.F.);
#2061=ORIENTED_EDGE('',*,*,#1460,.F.);
#2062=ORIENTED_EDGE('',*,*,#1458,.F.);
#2063=ORIENTED_EDGE('',*,*,#1456,.F.);
#2064=ORIENTED_EDGE('',*,*,#1454,.F.);
#2065=ORIENTED_EDGE('',*,*,#1452,.F.);
#2066=ORIENTED_EDGE('',*,*,#1450,.F.);
#2067=ORIENTED_EDGE('',*,*,#1448,.F.);
#2068=ORIENTED_EDGE('',*,*,#1446,.F.);
#2069=ORIENTED_EDGE('',*,*,#1444,.F.);
#2070=ORIENTED_EDGE('',*,*,#1226,.F.);
#2071=ORIENTED_EDGE('',*,*,#1477,.T.);
#2072=ORIENTED_EDGE('',*,*,#1461,.T.);
#2073=ORIENTED_EDGE('',*,*,#1478,.F.);
#2074=ORIENTED_EDGE('',*,*,#1227,.F.);
#2075=ORIENTED_EDGE('',*,*,#1478,.T.);
#2076=ORIENTED_EDGE('',*,*,#1476,.T.);
#2077=ORIENTED_EDGE('',*,*,#1479,.F.);
#2078=ORIENTED_EDGE('',*,*,#1228,.F.);
#2079=ORIENTED_EDGE('',*,*,#1479,.T.);
#2080=ORIENTED_EDGE('',*,*,#1475,.T.);
#2081=ORIENTED_EDGE('',*,*,#1480,.F.);
#2082=ORIENTED_EDGE('',*,*,#1229,.F.);
#2083=ORIENTED_EDGE('',*,*,#1480,.T.);
#2084=ORIENTED_EDGE('',*,*,#1474,.T.);
#2085=ORIENTED_EDGE('',*,*,#1481,.F.);
#2086=ORIENTED_EDGE('',*,*,#1230,.F.);
#2087=ORIENTED_EDGE('',*,*,#1481,.T.);
#2088=ORIENTED_EDGE('',*,*,#1473,.T.);
#2089=ORIENTED_EDGE('',*,*,#1482,.F.);
#2090=ORIENTED_EDGE('',*,*,#1231,.F.);
#2091=ORIENTED_EDGE('',*,*,#1482,.T.);
#2092=ORIENTED_EDGE('',*,*,#1472,.T.);
#2093=ORIENTED_EDGE('',*,*,#1483,.F.);
#2094=ORIENTED_EDGE('',*,*,#1232,.F.);
#2095=ORIENTED_EDGE('',*,*,#1483,.T.);
#2096=ORIENTED_EDGE('',*,*,#1471,.T.);
#2097=ORIENTED_EDGE('',*,*,#1484,.F.);
#2098=ORIENTED_EDGE('',*,*,#1233,.F.);
#2099=ORIENTED_EDGE('',*,*,#1484,.T.);
#2100=ORIENTED_EDGE('',*,*,#1470,.T.);
#2101=ORIENTED_EDGE('',*,*,#1485,.F.);
#2102=ORIENTED_EDGE('',*,*,#1234,.F.);
#2103=ORIENTED_EDGE('',*,*,#1485,.T.);
#2104=ORIENTED_EDGE('',*,*,#1469,.T.);
#2105=ORIENTED_EDGE('',*,*,#1486,.F.);
#2106=ORIENTED_EDGE('',*,*,#1235,.F.);
#2107=ORIENTED_EDGE('',*,*,#1486,.T.);
#2108=ORIENTED_EDGE('',*,*,#1468,.T.);
#2109=ORIENTED_EDGE('',*,*,#1487,.F.);
#2110=ORIENTED_EDGE('',*,*,#1236,.F.);
#2111=ORIENTED_EDGE('',*,*,#1487,.T.);
#2112=ORIENTED_EDGE('',*,*,#1467,.T.);
#2113=ORIENTED_EDGE('',*,*,#1488,.F.);
#2114=ORIENTED_EDGE('',*,*,#1237,.F.);
#2115=ORIENTED_EDGE('',*,*,#1488,.T.);
#2116=ORIENTED_EDGE('',*,*,#1466,.T.);
#2117=ORIENTED_EDGE('',*,*,#1489,.F.);
#2118=ORIENTED_EDGE('',*,*,#1238,.F.);
#2119=ORIENTED_EDGE('',*,*,#1489,.T.);
#2120=ORIENTED_EDGE('',*,*,#1465,.T.);
#2121=ORIENTED_EDGE('',*,*,#1490,.F.);
#2122=ORIENTED_EDGE('',*,*,#1239,.F.);
#2123=ORIENTED_EDGE('',*,*,#1490,.T.);
#2124=ORIENTED_EDGE('',*,*,#1464,.T.);
#2125=ORIENTED_EDGE('',*,*,#1491,.F.);
#2126=ORIENTED_EDGE('',*,*,#1240,.F.);
#2127=ORIENTED_EDGE('',*,*,#1491,.T.);
#2128=ORIENTED_EDGE('',*,*,#1463,.T.);
#2129=ORIENTED_EDGE('',*,*,#1492,.F.);
#2130=ORIENTED_EDGE('',*,*,#1241,.F.);
#2131=ORIENTED_EDGE('',*,*,#1492,.T.);
#2132=ORIENTED_EDGE('',*,*,#1462,.T.);
#2133=ORIENTED_EDGE('',*,*,#1477,.F.);
#2134=ORIENTED_EDGE('',*,*,#1493,.T.);
#2135=ORIENTED_EDGE('',*,*,#1493,.F.);
#2136=ORIENTED_EDGE('',*,*,#1494,.T.);
#2137=ORIENTED_EDGE('',*,*,#1495,.T.);
#2138=ORIENTED_EDGE('',*,*,#1496,.T.);
#2139=ORIENTED_EDGE('',*,*,#1494,.F.);
#2140=ORIENTED_EDGE('',*,*,#1496,.F.);
#2141=ORIENTED_EDGE('',*,*,#1497,.T.);
#2142=ORIENTED_EDGE('',*,*,#1498,.F.);
#2143=ORIENTED_EDGE('',*,*,#1499,.F.);
#2144=ORIENTED_EDGE('',*,*,#1497,.F.);
#2145=ORIENTED_EDGE('',*,*,#1495,.F.);
#2146=ORIENTED_EDGE('',*,*,#1498,.T.);
#2147=ORIENTED_EDGE('',*,*,#1499,.T.);
#2148=ORIENTED_EDGE('',*,*,#1500,.T.);
#2149=ORIENTED_EDGE('',*,*,#1501,.F.);
#2150=ORIENTED_EDGE('',*,*,#1500,.F.);
#2151=ORIENTED_EDGE('',*,*,#1501,.T.);
#2152=CONICAL_SURFACE('',#2314,8.324999997062,0.785398163397448);
#2153=CONICAL_SURFACE('',#2327,17.34999999961,0.785398163397448);
#2154=CONICAL_SURFACE('',#2399,27.99999999982,0.785398163397448);
#2155=CONICAL_SURFACE('',#2403,27.49999999976,0.785398163397448);
#2156=CONICAL_SURFACE('',#2405,3.999999999186,0.785398163397448);
#2157=CONICAL_SURFACE('',#2409,4.849999994524,0.785398163397448);
#2158=CONICAL_SURFACE('',#2413,3.999999998816,0.785398163397448);
#2159=CONICAL_SURFACE('',#2417,4.849999981271,0.785398163397448);
#2160=CONICAL_SURFACE('',#2428,1.149999093537,0.785397751130957);
#2161=CONICAL_SURFACE('',#2434,1.149999920371,0.785397751130957);
#2162=CONICAL_SURFACE('',#2442,1.149999920371,0.785397751130957);
#2163=CONICAL_SURFACE('',#2452,1.150000720033,0.785397751130957);
#2164=CONICAL_SURFACE('',#2464,3.499999992315,0.785398163397448);
#2165=CONICAL_SURFACE('',#2467,3.499999970443,0.785398163397448);
#2166=CONICAL_SURFACE('',#2470,3.499999970443,0.785398163397448);
#2167=CONICAL_SURFACE('',#2473,3.499999992315,0.785398163397448);
#2168=CONICAL_SURFACE('',#2484,3.499999992315,0.785398163397448);
#2169=CONICAL_SURFACE('',#2486,3.499999992315,0.785398163397448);
#2170=CONICAL_SURFACE('',#2488,3.499999992315,0.785398163397448);
#2171=ADVANCED_FACE('',(#155),#2152,.T.);
#2172=ADVANCED_FACE('',(#156),#72,.T.);
#2173=ADVANCED_FACE('',(#157),#48,.T.);
#2174=ADVANCED_FACE('',(#158,#33),#73,.T.);
#2175=ADVANCED_FACE('',(#159),#49,.T.);
#2176=ADVANCED_FACE('',(#160,#34),#74,.T.);
#2177=ADVANCED_FACE('',(#161),#2153,.T.);
#2178=ADVANCED_FACE('',(#162),#50,.T.);
#2179=ADVANCED_FACE('',(#163),#75,.T.);
#2180=ADVANCED_FACE('',(#164,#35,#36,#37,#38),#76,.T.);
#2181=ADVANCED_FACE('',(#165),#51,.F.);
#2182=ADVANCED_FACE('',(#166),#77,.F.);
#2183=ADVANCED_FACE('',(#167),#52,.F.);
#2184=ADVANCED_FACE('',(#168),#78,.F.);
#2185=ADVANCED_FACE('',(#169),#53,.F.);
#2186=ADVANCED_FACE('',(#170),#79,.F.);
#2187=ADVANCED_FACE('',(#171),#80,.T.);
#2188=ADVANCED_FACE('',(#172,#39,#40,#41),#81,.F.);
#2189=ADVANCED_FACE('',(#173),#82,.F.);
#2190=ADVANCED_FACE('',(#174),#83,.F.);
#2191=ADVANCED_FACE('',(#175),#84,.T.);
#2192=ADVANCED_FACE('',(#176,#42,#43),#85,.T.);
#2193=ADVANCED_FACE('',(#177),#54,.F.);
#2194=ADVANCED_FACE('',(#178,#44),#86,.F.);
#2195=ADVANCED_FACE('',(#179),#55,.F.);
#2196=ADVANCED_FACE('',(#180),#56,.F.);
#2197=ADVANCED_FACE('',(#181,#45),#87,.F.);
#2198=ADVANCED_FACE('',(#182),#57,.F.);
#2199=ADVANCED_FACE('',(#183),#88,.T.);
#2200=ADVANCED_FACE('',(#184),#89,.F.);
#2201=ADVANCED_FACE('',(#185),#90,.F.);
#2202=ADVANCED_FACE('',(#186),#91,.F.);
#2203=ADVANCED_FACE('',(#187),#92,.T.);
#2204=ADVANCED_FACE('',(#188),#2154,.T.);
#2205=ADVANCED_FACE('',(#189),#58,.T.);
#2206=ADVANCED_FACE('',(#190),#2155,.T.);
#2207=ADVANCED_FACE('',(#191),#93,.F.);
#2208=ADVANCED_FACE('',(#192),#2156,.T.);
#2209=ADVANCED_FACE('',(#193),#59,.T.);
#2210=ADVANCED_FACE('',(#194),#2157,.T.);
#2211=ADVANCED_FACE('',(#195),#94,.F.);
#2212=ADVANCED_FACE('',(#196),#95,.T.);
#2213=ADVANCED_FACE('',(#197),#96,.F.);
#2214=ADVANCED_FACE('',(#198),#2158,.T.);
#2215=ADVANCED_FACE('',(#199),#60,.T.);
#2216=ADVANCED_FACE('',(#200),#2159,.T.);
#2217=ADVANCED_FACE('',(#201),#97,.T.);
#2218=ADVANCED_FACE('',(#202),#61,.F.);
#2219=ADVANCED_FACE('',(#203),#98,.T.);
#2220=ADVANCED_FACE('',(#204),#99,.T.);
#2221=ADVANCED_FACE('',(#205),#100,.T.);
#2222=ADVANCED_FACE('',(#206),#62,.F.);
#2223=ADVANCED_FACE('',(#207),#2160,.F.);
#2224=ADVANCED_FACE('',(#208),#101,.T.);
#2225=ADVANCED_FACE('',(#209),#102,.T.);
#2226=ADVANCED_FACE('',(#210),#103,.T.);
#2227=ADVANCED_FACE('',(#211),#2161,.F.);
#2228=ADVANCED_FACE('',(#212),#63,.F.);
#2229=ADVANCED_FACE('',(#213),#104,.T.);
#2230=ADVANCED_FACE('',(#214),#105,.T.);
#2231=ADVANCED_FACE('',(#215),#2162,.F.);
#2232=ADVANCED_FACE('',(#216),#64,.F.);
#2233=ADVANCED_FACE('',(#217),#106,.T.);
#2234=ADVANCED_FACE('',(#218),#107,.T.);
#2235=ADVANCED_FACE('',(#219),#108,.T.);
#2236=ADVANCED_FACE('',(#220),#109,.T.);
#2237=ADVANCED_FACE('',(#221),#2163,.F.);
#2238=ADVANCED_FACE('',(#222),#110,.F.);
#2239=ADVANCED_FACE('',(#223),#111,.T.);
#2240=ADVANCED_FACE('',(#224),#112,.T.);
#2241=ADVANCED_FACE('',(#225),#113,.T.);
#2242=ADVANCED_FACE('',(#226),#65,.F.);
#2243=ADVANCED_FACE('',(#227,#46),#114,.T.);
#2244=ADVANCED_FACE('',(#228),#66,.F.);
#2245=ADVANCED_FACE('',(#229),#115,.T.);
#2246=ADVANCED_FACE('',(#230),#2164,.F.);
#2247=ADVANCED_FACE('',(#231),#116,.T.);
#2248=ADVANCED_FACE('',(#232),#2165,.F.);
#2249=ADVANCED_FACE('',(#233),#117,.T.);
#2250=ADVANCED_FACE('',(#234),#2166,.F.);
#2251=ADVANCED_FACE('',(#235),#118,.T.);
#2252=ADVANCED_FACE('',(#236),#2167,.F.);
#2253=ADVANCED_FACE('',(#237),#119,.T.);
#2254=ADVANCED_FACE('',(#238),#120,.F.);
#2255=ADVANCED_FACE('',(#239),#67,.F.);
#2256=ADVANCED_FACE('',(#240),#121,.F.);
#2257=ADVANCED_FACE('',(#241),#68,.F.);
#2258=ADVANCED_FACE('',(#242),#122,.F.);
#2259=ADVANCED_FACE('',(#243),#69,.F.);
#2260=ADVANCED_FACE('',(#244),#123,.F.);
#2261=ADVANCED_FACE('',(#245),#70,.F.);
#2262=ADVANCED_FACE('',(#246),#2168,.F.);
#2263=ADVANCED_FACE('',(#247),#124,.T.);
#2264=ADVANCED_FACE('',(#248),#2169,.F.);
#2265=ADVANCED_FACE('',(#249),#125,.T.);
#2266=ADVANCED_FACE('',(#250),#2170,.F.);
#2267=ADVANCED_FACE('',(#251),#126,.T.);
#2268=ADVANCED_FACE('',(#252),#127,.T.);
#2269=ADVANCED_FACE('',(#253),#128,.T.);
#2270=ADVANCED_FACE('',(#254),#129,.T.);
#2271=ADVANCED_FACE('',(#255),#130,.T.);
#2272=ADVANCED_FACE('',(#256),#131,.T.);
#2273=ADVANCED_FACE('',(#257),#132,.T.);
#2274=ADVANCED_FACE('',(#258),#133,.T.);
#2275=ADVANCED_FACE('',(#259),#134,.T.);
#2276=ADVANCED_FACE('',(#260),#135,.T.);
#2277=ADVANCED_FACE('',(#261,#47),#136,.T.);
#2278=ADVANCED_FACE('',(#262),#137,.T.);
#2279=ADVANCED_FACE('',(#263),#138,.T.);
#2280=ADVANCED_FACE('',(#264),#139,.T.);
#2281=ADVANCED_FACE('',(#265),#140,.T.);
#2282=ADVANCED_FACE('',(#266),#141,.T.);
#2283=ADVANCED_FACE('',(#267),#142,.T.);
#2284=ADVANCED_FACE('',(#268),#143,.T.);
#2285=ADVANCED_FACE('',(#269),#144,.T.);
#2286=ADVANCED_FACE('',(#270),#145,.T.);
#2287=ADVANCED_FACE('',(#271),#146,.T.);
#2288=ADVANCED_FACE('',(#272),#147,.T.);
#2289=ADVANCED_FACE('',(#273),#148,.T.);
#2290=ADVANCED_FACE('',(#274),#149,.T.);
#2291=ADVANCED_FACE('',(#275),#150,.T.);
#2292=ADVANCED_FACE('',(#276),#151,.T.);
#2293=ADVANCED_FACE('',(#277),#152,.T.);
#2294=ADVANCED_FACE('',(#278),#153,.T.);
#2295=ADVANCED_FACE('',(#279),#13,.T.);
#2296=ADVANCED_FACE('',(#280),#71,.T.);
#2297=ADVANCED_FACE('',(#281),#14,.T.);
#2298=ADVANCED_FACE('',(#282),#154,.F.);
#2299=CLOSED_SHELL('',(#2171,#2172,#2173,#2174,#2175,#2176,#2177,#2178,
#2179,#2180,#2181,#2182,#2183,#2184,#2185,#2186,#2187,#2188,#2189,#2190,
#2191,#2192,#2193,#2194,#2195,#2196,#2197,#2198,#2199,#2200,#2201,#2202,
#2203,#2204,#2205,#2206,#2207,#2208,#2209,#2210,#2211,#2212,#2213,#2214,
#2215,#2216,#2217,#2218,#2219,#2220,#2221,#2222,#2223,#2224,#2225,#2226,
#2227,#2228,#2229,#2230,#2231,#2232,#2233,#2234,#2235,#2236,#2237,#2238,
#2239,#2240,#2241,#2242,#2243,#2244,#2245,#2246,#2247,#2248,#2249,#2250,
#2251,#2252,#2253,#2254,#2255,#2256,#2257,#2258,#2259,#2260,#2261,#2262,
#2263,#2264,#2265,#2266,#2267,#2268,#2269,#2270,#2271,#2272,#2273,#2274,
#2275,#2276,#2277,#2278,#2279,#2280,#2281,#2282,#2283,#2284,#2285,#2286,
#2287,#2288,#2289,#2290,#2291,#2292,#2293));
#2300=CLOSED_SHELL('',(#2294,#2295,#2296,#2297,#2298));
#2301=DERIVED_UNIT_ELEMENT(#2303,1.);
#2302=DERIVED_UNIT_ELEMENT(#3896,-3.);
#2303=(
MASS_UNIT()
NAMED_UNIT(*)
SI_UNIT(.KILO.,.GRAM.)
);
#2304=DERIVED_UNIT((#2301,#2302));
#2305=MEASURE_REPRESENTATION_ITEM('density measure',
POSITIVE_RATIO_MEASURE(7850.),#2304);
#2306=PROPERTY_DEFINITION_REPRESENTATION(#2311,#2308);
#2307=PROPERTY_DEFINITION_REPRESENTATION(#2312,#2309);
#2308=REPRESENTATION('material name',(#2310),#3893);
#2309=REPRESENTATION('density',(#2305),#3893);
#2310=DESCRIPTIVE_REPRESENTATION_ITEM('\X2\94A2\X0\','\X2\94A2\X0\');
#2311=PROPERTY_DEFINITION('material property','material name',#3903);
#2312=PROPERTY_DEFINITION('material property','density of part',#3903);
#2313=AXIS2_PLACEMENT_3D('',#3193,#2529,#2530);
#2314=AXIS2_PLACEMENT_3D('',#3194,#2531,#2532);
#2315=AXIS2_PLACEMENT_3D('',#3197,#2533,#2534);
#2316=AXIS2_PLACEMENT_3D('',#3200,#2536,#2537);
#2317=AXIS2_PLACEMENT_3D('',#3201,#2538,#2539);
#2318=AXIS2_PLACEMENT_3D('',#3202,#2540,#2541);
#2319=AXIS2_PLACEMENT_3D('',#3203,#2542,#2543);
#2320=AXIS2_PLACEMENT_3D('',#3206,#2545,#2546);
#2321=AXIS2_PLACEMENT_3D('',#3207,#2547,#2548);
#2322=AXIS2_PLACEMENT_3D('',#3209,#2549,#2550);
#2323=AXIS2_PLACEMENT_3D('',#3210,#2551,#2552);
#2324=AXIS2_PLACEMENT_3D('',#3213,#2554,#2555);
#2325=AXIS2_PLACEMENT_3D('',#3214,#2556,#2557);
#2326=AXIS2_PLACEMENT_3D('',#3216,#2558,#2559);
#2327=AXIS2_PLACEMENT_3D('',#3217,#2560,#2561);
#2328=AXIS2_PLACEMENT_3D('',#3220,#2562,#2563);
#2329=AXIS2_PLACEMENT_3D('',#3222,#2565,#2566);
#2330=AXIS2_PLACEMENT_3D('',#3223,#2567,#2568);
#2331=AXIS2_PLACEMENT_3D('',#3226,#2570,#2571);
#2332=AXIS2_PLACEMENT_3D('',#3227,#2572,#2573);
#2333=AXIS2_PLACEMENT_3D('',#3248,#2584,#2585);
#2334=AXIS2_PLACEMENT_3D('',#3253,#2587,#2588);
#2335=AXIS2_PLACEMENT_3D('',#3259,#2591,#2592);
#2336=AXIS2_PLACEMENT_3D('',#3267,#2596,#2597);
#2337=AXIS2_PLACEMENT_3D('',#3271,#2599,#2600);
#2338=AXIS2_PLACEMENT_3D('',#3275,#2602,#2603);
#2339=AXIS2_PLACEMENT_3D('',#3279,#2605,#2606);
#2340=AXIS2_PLACEMENT_3D('',#3283,#2608,#2609);
#2341=AXIS2_PLACEMENT_3D('',#3287,#2611,#2612);
#2342=AXIS2_PLACEMENT_3D('',#3291,#2614,#2615);
#2343=AXIS2_PLACEMENT_3D('',#3295,#2617,#2618);
#2344=AXIS2_PLACEMENT_3D('',#3329,#2636,#2637);
#2345=AXIS2_PLACEMENT_3D('',#3333,#2639,#2640);
#2346=AXIS2_PLACEMENT_3D('',#3335,#2642,#2643);
#2347=AXIS2_PLACEMENT_3D('',#3339,#2646,#2647);
#2348=AXIS2_PLACEMENT_3D('',#3341,#2648,#2649);
#2349=AXIS2_PLACEMENT_3D('',#3343,#2651,#2652);
#2350=AXIS2_PLACEMENT_3D('',#3347,#2655,#2656);
#2351=AXIS2_PLACEMENT_3D('',#3349,#2657,#2658);
#2352=AXIS2_PLACEMENT_3D('',#3351,#2660,#2661);
#2353=AXIS2_PLACEMENT_3D('',#3353,#2663,#2664);
#2354=AXIS2_PLACEMENT_3D('',#3359,#2668,#2669);
#2355=AXIS2_PLACEMENT_3D('',#3364,#2671,#2672);
#2356=AXIS2_PLACEMENT_3D('',#3366,#2673,#2674);
#2357=AXIS2_PLACEMENT_3D('',#3370,#2676,#2677);
#2358=AXIS2_PLACEMENT_3D('',#3374,#2679,#2680);
#2359=AXIS2_PLACEMENT_3D('',#3378,#2682,#2683);
#2360=AXIS2_PLACEMENT_3D('',#3382,#2685,#2686);
#2361=AXIS2_PLACEMENT_3D('',#3383,#2687,#2688);
#2362=AXIS2_PLACEMENT_3D('',#3385,#2689,#2690);
#2363=AXIS2_PLACEMENT_3D('',#3388,#2691,#2692);
#2364=AXIS2_PLACEMENT_3D('',#3392,#2694,#2695);
#2365=AXIS2_PLACEMENT_3D('',#3396,#2697,#2698);
#2366=AXIS2_PLACEMENT_3D('',#3400,#2700,#2701);
#2367=AXIS2_PLACEMENT_3D('',#3404,#2703,#2704);
#2368=AXIS2_PLACEMENT_3D('',#3407,#2706,#2707);
#2369=AXIS2_PLACEMENT_3D('',#3409,#2708,#2709);
#2370=AXIS2_PLACEMENT_3D('',#3411,#2711,#2712);
#2371=AXIS2_PLACEMENT_3D('',#3416,#2715,#2716);
#2372=AXIS2_PLACEMENT_3D('',#3417,#2717,#2718);
#2373=AXIS2_PLACEMENT_3D('',#3419,#2720,#2721);
#2374=AXIS2_PLACEMENT_3D('',#3425,#2725,#2726);
#2375=AXIS2_PLACEMENT_3D('',#3431,#2730,#2731);
#2376=AXIS2_PLACEMENT_3D('',#3438,#2734,#2735);
#2377=AXIS2_PLACEMENT_3D('',#3442,#2737,#2738);
#2378=AXIS2_PLACEMENT_3D('',#3446,#2740,#2741);
#2379=AXIS2_PLACEMENT_3D('',#3450,#2743,#2744);
#2380=AXIS2_PLACEMENT_3D('',#3455,#2747,#2748);
#2381=AXIS2_PLACEMENT_3D('',#3456,#2749,#2750);
#2382=AXIS2_PLACEMENT_3D('',#3458,#2751,#2752);
#2383=AXIS2_PLACEMENT_3D('',#3460,#2753,#2754);
#2384=AXIS2_PLACEMENT_3D('',#3461,#2755,#2756);
#2385=AXIS2_PLACEMENT_3D('',#3463,#2757,#2758);
#2386=AXIS2_PLACEMENT_3D('',#3465,#2760,#2761);
#2387=AXIS2_PLACEMENT_3D('',#3467,#2762,#2763);
#2388=AXIS2_PLACEMENT_3D('',#3468,#2764,#2765);
#2389=AXIS2_PLACEMENT_3D('',#3470,#2767,#2768);
#2390=AXIS2_PLACEMENT_3D('',#3472,#2769,#2770);
#2391=AXIS2_PLACEMENT_3D('',#3474,#2772,#2773);
#2392=AXIS2_PLACEMENT_3D('',#3476,#2774,#2775);
#2393=AXIS2_PLACEMENT_3D('',#3477,#2776,#2777);
#2394=AXIS2_PLACEMENT_3D('',#3479,#2779,#2780);
#2395=AXIS2_PLACEMENT_3D('',#3485,#2784,#2785);
#2396=AXIS2_PLACEMENT_3D('',#3494,#2791,#2792);
#2397=AXIS2_PLACEMENT_3D('',#3501,#2797,#2798);
#2398=AXIS2_PLACEMENT_3D('',#3511,#2804,#2805);
#2399=AXIS2_PLACEMENT_3D('',#3513,#2807,#2808);
#2400=AXIS2_PLACEMENT_3D('',#3515,#2809,#2810);
#2401=AXIS2_PLACEMENT_3D('',#3517,#2812,#2813);
#2402=AXIS2_PLACEMENT_3D('',#3520,#2815,#2816);
#2403=AXIS2_PLACEMENT_3D('',#3521,#2817,#2818);
#2404=AXIS2_PLACEMENT_3D('',#3524,#2821,#2822);
#2405=AXIS2_PLACEMENT_3D('',#3528,#2825,#2826);
#2406=AXIS2_PLACEMENT_3D('',#3529,#2827,#2828);
#2407=AXIS2_PLACEMENT_3D('',#3530,#2829,#2830);
#2408=AXIS2_PLACEMENT_3D('',#3531,#2831,#2832);
#2409=AXIS2_PLACEMENT_3D('',#3533,#2834,#2835);
#2410=AXIS2_PLACEMENT_3D('',#3534,#2836,#2837);
#2411=AXIS2_PLACEMENT_3D('',#3536,#2839,#2840);
#2412=AXIS2_PLACEMENT_3D('',#3537,#2841,#2842);
#2413=AXIS2_PLACEMENT_3D('',#3539,#2844,#2845);
#2414=AXIS2_PLACEMENT_3D('',#3540,#2846,#2847);
#2415=AXIS2_PLACEMENT_3D('',#3541,#2848,#2849);
#2416=AXIS2_PLACEMENT_3D('',#3542,#2850,#2851);
#2417=AXIS2_PLACEMENT_3D('',#3543,#2852,#2853);
#2418=AXIS2_PLACEMENT_3D('',#3545,#2855,#2856);
#2419=AXIS2_PLACEMENT_3D('',#3546,#2857,#2858);
#2420=AXIS2_PLACEMENT_3D('',#3548,#2859,#2860);
#2421=AXIS2_PLACEMENT_3D('',#3552,#2862,#2863);
#2422=AXIS2_PLACEMENT_3D('',#3554,#2865,#2866);
#2423=AXIS2_PLACEMENT_3D('',#3558,#2869,#2870);
#2424=AXIS2_PLACEMENT_3D('',#3562,#2873,#2874);
#2425=AXIS2_PLACEMENT_3D('',#3566,#2877,#2878);
#2426=AXIS2_PLACEMENT_3D('',#3568,#2879,#2880);
#2427=AXIS2_PLACEMENT_3D('',#3571,#2882,#2883);
#2428=AXIS2_PLACEMENT_3D('',#3572,#2884,#2885);
#2429=AXIS2_PLACEMENT_3D('',#3581,#2886,#2887);
#2430=AXIS2_PLACEMENT_3D('',#3582,#2888,#2889);
#2431=AXIS2_PLACEMENT_3D('',#3588,#2892,#2893);
#2432=AXIS2_PLACEMENT_3D('',#3590,#2895,#2896);
#2433=AXIS2_PLACEMENT_3D('',#3596,#2900,#2901);
#2434=AXIS2_PLACEMENT_3D('',#3608,#2904,#2905);
#2435=AXIS2_PLACEMENT_3D('',#3610,#2906,#2907);
#2436=AXIS2_PLACEMENT_3D('',#3619,#2908,#2909);
#2437=AXIS2_PLACEMENT_3D('',#3620,#2910,#2911);
#2438=AXIS2_PLACEMENT_3D('',#3623,#2913,#2914);
#2439=AXIS2_PLACEMENT_3D('',#3624,#2915,#2916);
#2440=AXIS2_PLACEMENT_3D('',#3630,#2920,#2921);
#2441=AXIS2_PLACEMENT_3D('',#3635,#2924,#2925);
#2442=AXIS2_PLACEMENT_3D('',#3636,#2926,#2927);
#2443=AXIS2_PLACEMENT_3D('',#3639,#2928,#2929);
#2444=AXIS2_PLACEMENT_3D('',#3648,#2930,#2931);
#2445=AXIS2_PLACEMENT_3D('',#3656,#2932,#2933);
#2446=AXIS2_PLACEMENT_3D('',#3661,#2936,#2937);
#2447=AXIS2_PLACEMENT_3D('',#3662,#2938,#2939);
#2448=AXIS2_PLACEMENT_3D('',#3668,#2943,#2944);
#2449=AXIS2_PLACEMENT_3D('',#3673,#2947,#2948);
#2450=AXIS2_PLACEMENT_3D('',#3674,#2949,#2950);
#2451=AXIS2_PLACEMENT_3D('',#3678,#2953,#2954);
#2452=AXIS2_PLACEMENT_3D('',#3687,#2956,#2957);
#2453=AXIS2_PLACEMENT_3D('',#3688,#2958,#2959);
#2454=AXIS2_PLACEMENT_3D('',#3693,#2963,#2964);
#2455=AXIS2_PLACEMENT_3D('',#3694,#2965,#2966);
#2456=AXIS2_PLACEMENT_3D('',#3696,#2968,#2969);
#2457=AXIS2_PLACEMENT_3D('',#3697,#2970,#2971);
#2458=AXIS2_PLACEMENT_3D('',#3699,#2972,#2973);
#2459=AXIS2_PLACEMENT_3D('',#3701,#2975,#2976);
#2460=AXIS2_PLACEMENT_3D('',#3703,#2977,#2978);
#2461=AXIS2_PLACEMENT_3D('',#3704,#2979,#2980);
#2462=AXIS2_PLACEMENT_3D('',#3706,#2981,#2982);
#2463=AXIS2_PLACEMENT_3D('',#3708,#2984,#2985);
#2464=AXIS2_PLACEMENT_3D('',#3709,#2986,#2987);
#2465=AXIS2_PLACEMENT_3D('',#3713,#2989,#2990);
#2466=AXIS2_PLACEMENT_3D('',#3715,#2992,#2993);
#2467=AXIS2_PLACEMENT_3D('',#3719,#2996,#2997);
#2468=AXIS2_PLACEMENT_3D('',#3721,#2998,#2999);
#2469=AXIS2_PLACEMENT_3D('',#3723,#3001,#3002);
#2470=AXIS2_PLACEMENT_3D('',#3727,#3005,#3006);
#2471=AXIS2_PLACEMENT_3D('',#3729,#3007,#3008);
#2472=AXIS2_PLACEMENT_3D('',#3731,#3010,#3011);
#2473=AXIS2_PLACEMENT_3D('',#3735,#3014,#3015);
#2474=AXIS2_PLACEMENT_3D('',#3737,#3016,#3017);
#2475=AXIS2_PLACEMENT_3D('',#3739,#3019,#3020);
#2476=AXIS2_PLACEMENT_3D('',#3741,#3022,#3023);
#2477=AXIS2_PLACEMENT_3D('',#3744,#3026,#3027);
#2478=AXIS2_PLACEMENT_3D('',#3746,#3029,#3030);
#2479=AXIS2_PLACEMENT_3D('',#3748,#3032,#3033);
#2480=AXIS2_PLACEMENT_3D('',#3750,#3035,#3036);
#2481=AXIS2_PLACEMENT_3D('',#3752,#3038,#3039);
#2482=AXIS2_PLACEMENT_3D('',#3754,#3041,#3042);
#2483=AXIS2_PLACEMENT_3D('',#3756,#3044,#3045);
#2484=AXIS2_PLACEMENT_3D('',#3757,#3046,#3047);
#2485=AXIS2_PLACEMENT_3D('',#3760,#3050,#3051);
#2486=AXIS2_PLACEMENT_3D('',#3762,#3053,#3054);
#2487=AXIS2_PLACEMENT_3D('',#3763,#3055,#3056);
#2488=AXIS2_PLACEMENT_3D('',#3765,#3058,#3059);
#2489=AXIS2_PLACEMENT_3D('',#3766,#3060,#3061);
#2490=AXIS2_PLACEMENT_3D('',#3772,#3065,#3066);
#2491=AXIS2_PLACEMENT_3D('',#3776,#3069,#3070);
#2492=AXIS2_PLACEMENT_3D('',#3780,#3073,#3074);
#2493=AXIS2_PLACEMENT_3D('',#3784,#3077,#3078);
#2494=AXIS2_PLACEMENT_3D('',#3788,#3081,#3082);
#2495=AXIS2_PLACEMENT_3D('',#3792,#3085,#3086);
#2496=AXIS2_PLACEMENT_3D('',#3796,#3089,#3090);
#2497=AXIS2_PLACEMENT_3D('',#3800,#3093,#3094);
#2498=AXIS2_PLACEMENT_3D('',#3804,#3097,#3098);
#2499=AXIS2_PLACEMENT_3D('',#3806,#3100,#3101);
#2500=AXIS2_PLACEMENT_3D('',#3839,#3118,#3119);
#2501=AXIS2_PLACEMENT_3D('',#3842,#3122,#3123);
#2502=AXIS2_PLACEMENT_3D('',#3844,#3125,#3126);
#2503=AXIS2_PLACEMENT_3D('',#3846,#3128,#3129);
#2504=AXIS2_PLACEMENT_3D('',#3848,#3131,#3132);
#2505=AXIS2_PLACEMENT_3D('',#3850,#3134,#3135);
#2506=AXIS2_PLACEMENT_3D('',#3852,#3137,#3138);
#2507=AXIS2_PLACEMENT_3D('',#3854,#3140,#3141);
#2508=AXIS2_PLACEMENT_3D('',#3856,#3143,#3144);
#2509=AXIS2_PLACEMENT_3D('',#3858,#3146,#3147);
#2510=AXIS2_PLACEMENT_3D('',#3860,#3149,#3150);
#2511=AXIS2_PLACEMENT_3D('',#3862,#3152,#3153);
#2512=AXIS2_PLACEMENT_3D('',#3864,#3155,#3156);
#2513=AXIS2_PLACEMENT_3D('',#3866,#3158,#3159);
#2514=AXIS2_PLACEMENT_3D('',#3868,#3161,#3162);
#2515=AXIS2_PLACEMENT_3D('',#3870,#3164,#3165);
#2516=AXIS2_PLACEMENT_3D('',#3871,#3166,#3167);
#2517=AXIS2_PLACEMENT_3D('',#3873,#3168,#3169);
#2518=AXIS2_PLACEMENT_3D('',#3874,#3170,#3171);
#2519=AXIS2_PLACEMENT_3D('',#3876,#3172,#3173);
#2520=AXIS2_PLACEMENT_3D('',#3878,#3174,#3175);
#2521=AXIS2_PLACEMENT_3D('',#3879,#3176,#3177);
#2522=AXIS2_PLACEMENT_3D('',#3880,#3178,#3179);
#2523=AXIS2_PLACEMENT_3D('',#3884,#3181,#3182);
#2524=AXIS2_PLACEMENT_3D('',#3885,#3183,#3184);
#2525=AXIS2_PLACEMENT_3D('',#3886,#3185,#3186);
#2526=AXIS2_PLACEMENT_3D('',#3888,#3187,#3188);
#2527=AXIS2_PLACEMENT_3D('',#3889,#3189,#3190);
#2528=AXIS2_PLACEMENT_3D('',#3890,#3191,#3192);
#2529=DIRECTION('axis',(0.,0.,1.));
#2530=DIRECTION('refdir',(1.,0.,0.));
#2531=DIRECTION('center_axis',(0.,0.,-1.));
#2532=DIRECTION('ref_axis',(0.,-1.,0.));
#2533=DIRECTION('center_axis',(0.,0.,1.));
#2534=DIRECTION('ref_axis',(-1.,0.,0.));
#2535=DIRECTION('',(-8.65956056235493E-17,-0.707106781186547,0.707106781186547));
#2536=DIRECTION('center_axis',(0.,0.,1.));
#2537=DIRECTION('ref_axis',(-1.,0.,0.));
#2538=DIRECTION('center_axis',(0.,0.,1.));
#2539=DIRECTION('ref_axis',(-1.,0.,0.));
#2540=DIRECTION('center_axis',(0.,0.,1.));
#2541=DIRECTION('ref_axis',(1.,0.,0.));
#2542=DIRECTION('center_axis',(0.,0.,1.));
#2543=DIRECTION('ref_axis',(1.,0.,0.));
#2544=DIRECTION('',(0.,0.,-1.));
#2545=DIRECTION('center_axis',(0.,0.,1.));
#2546=DIRECTION('ref_axis',(1.,0.,0.));
#2547=DIRECTION('center_axis',(0.,0.,1.));
#2548=DIRECTION('ref_axis',(1.,0.,0.));
#2549=DIRECTION('center_axis',(0.,0.,1.));
#2550=DIRECTION('ref_axis',(1.,0.,0.));
#2551=DIRECTION('center_axis',(0.,0.,1.));
#2552=DIRECTION('ref_axis',(1.,0.,0.));
#2553=DIRECTION('',(0.,0.,-1.));
#2554=DIRECTION('center_axis',(0.,0.,1.));
#2555=DIRECTION('ref_axis',(1.,0.,0.));
#2556=DIRECTION('center_axis',(0.,0.,1.));
#2557=DIRECTION('ref_axis',(1.,0.,0.));
#2558=DIRECTION('center_axis',(0.,0.,1.));
#2559=DIRECTION('ref_axis',(0.0331491712706503,0.999450415200309,0.));
#2560=DIRECTION('center_axis',(0.,0.,-1.));
#2561=DIRECTION('ref_axis',(0.,-1.,0.));
#2562=DIRECTION('center_axis',(0.,0.,1.));
#2563=DIRECTION('ref_axis',(0.0331491712707202,0.999450415200306,0.));
#2564=DIRECTION('',(-8.65956056235494E-17,-0.707106781186548,0.707106781186548));
#2565=DIRECTION('center_axis',(0.,0.,1.));
#2566=DIRECTION('ref_axis',(0.0331491712707202,0.999450415200306,0.));
#2567=DIRECTION('center_axis',(0.,0.,1.));
#2568=DIRECTION('ref_axis',(1.,0.,0.));
#2569=DIRECTION('',(0.,0.,-1.));
#2570=DIRECTION('center_axis',(0.,0.,-1.));
#2571=DIRECTION('ref_axis',(0.0331491712707202,0.999450415200306,0.));
#2572=DIRECTION('center_axis',(0.,0.,1.));
#2573=DIRECTION('ref_axis',(1.,0.,0.));
#2574=DIRECTION('',(-0.866025403784429,-0.500000000000017,0.));
#2575=DIRECTION('',(0.500000000000017,-0.866025403784429,0.));
#2576=DIRECTION('',(0.75241356468881,-0.658690995590708,0.));
#2577=DIRECTION('',(0.968596502832934,-0.248637918869609,0.));
#2578=DIRECTION('',(0.978422860717292,0.206612452736498,0.));
#2579=DIRECTION('',(0.866025403784429,0.500000000000017,0.));
#2580=DIRECTION('',(0.668143063166669,0.744032826656365,0.));
#2581=DIRECTION('',(0.268971497331297,0.96314813690489,0.));
#2582=DIRECTION('',(-0.194236353081195,0.980954758967873,0.));
#2583=DIRECTION('',(-0.500000000000017,0.866025403784429,0.));
#2584=DIRECTION('center_axis',(0.,0.,1.));
#2585=DIRECTION('ref_axis',(1.,0.,0.));
#2586=DIRECTION('',(-0.500000000001488,0.86602540378358,-1.73314937368796E-12));
#2587=DIRECTION('center_axis',(0.,0.,-1.));
#2588=DIRECTION('ref_axis',(0.866025403784429,0.500000000000017,0.));
#2589=DIRECTION('',(0.499999999997611,-0.866025403785818,2.74589233416006E-12));
#2590=DIRECTION('',(-1.,0.,0.));
#2591=DIRECTION('center_axis',(0.,0.,-1.));
#2592=DIRECTION('ref_axis',(1.,0.,0.));
#2593=DIRECTION('',(0.784464540552743,-0.620173672946034,0.));
#2594=DIRECTION('',(-1.,0.,0.));
#2595=DIRECTION('',(-0.784464540552743,-0.620173672946034,0.));
#2596=DIRECTION('center_axis',(0.,0.,-1.));
#2597=DIRECTION('ref_axis',(0.973008510821045,-0.230769230769211,0.));
#2598=DIRECTION('',(-1.,0.,0.));
#2599=DIRECTION('center_axis',(0.,0.,-1.));
#2600=DIRECTION('ref_axis',(0.,-1.,0.));
#2601=DIRECTION('',(0.500000000000017,0.866025403784429,0.));
#2602=DIRECTION('center_axis',(0.,0.,-1.));
#2603=DIRECTION('ref_axis',(-0.866025403784429,0.500000000000017,0.));
#2604=DIRECTION('',(0.500000000000017,-0.866025403784429,0.));
#2605=DIRECTION('center_axis',(0.,0.,-1.));
#2606=DIRECTION('ref_axis',(0.866025403784429,0.500000000000017,0.));
#2607=DIRECTION('',(-1.,0.,0.));
#2608=DIRECTION('center_axis',(0.,0.,-1.));
#2609=DIRECTION('ref_axis',(0.,-1.,0.));
#2610=DIRECTION('',(-0.500000000000017,0.866025403784429,0.));
#2611=DIRECTION('center_axis',(0.,0.,-1.));
#2612=DIRECTION('ref_axis',(-0.866025403784429,-0.500000000000017,0.));
#2613=DIRECTION('',(1.,0.,0.));
#2614=DIRECTION('center_axis',(0.,0.,-1.));
#2615=DIRECTION('ref_axis',(0.,1.,0.));
#2616=DIRECTION('',(-0.500000000000017,-0.866025403784429,0.));
#2617=DIRECTION('center_axis',(0.,0.,-1.));
#2618=DIRECTION('ref_axis',(0.866025403784454,-0.499999999999973,0.));
#2619=DIRECTION('',(-1.,0.,0.));
#2620=DIRECTION('',(0.500000000000017,-0.866025403784429,0.));
#2621=DIRECTION('',(0.316573480741586,-0.948567989809458,0.));
#2622=DIRECTION('',(-0.129671007678999,-0.991557073378791,0.));
#2623=DIRECTION('',(-0.402065507976887,-0.91561090387527,0.));
#2624=DIRECTION('',(-0.668143063166669,-0.744032826656365,0.));
#2625=DIRECTION('',(-0.866025403784429,-0.500000000000017,0.));
#2626=DIRECTION('',(-0.978422860717292,-0.206612452736498,0.));
#2627=DIRECTION('',(-0.993975056726454,0.109606508044195,0.));
#2628=DIRECTION('',(-0.83915122934691,0.543898165363306,0.));
#2629=DIRECTION('',(-0.629802556595524,-0.776755263712929,0.));
#2630=DIRECTION('',(-0.500000000000017,0.866025403784429,0.));
#2631=DIRECTION('',(0.636666393529278,0.771139354040774,0.));
#2632=DIRECTION('',(-0.500000000000017,0.866025403784429,0.));
#2633=DIRECTION('',(-0.866025403784429,-0.500000000000017,0.));
#2634=DIRECTION('',(-0.500000000000017,0.866025403784429,0.));
#2635=DIRECTION('',(0.866025403784429,0.500000000000017,0.));
#2636=DIRECTION('center_axis',(0.,0.,-1.));
#2637=DIRECTION('ref_axis',(-1.,0.,0.));
#2638=DIRECTION('',(-4.866847987717E-9,-6.715935162934E-10,1.));
#2639=DIRECTION('center_axis',(0.,0.,1.));
#2640=DIRECTION('ref_axis',(-0.866025403784429,0.500000000000017,0.));
#2641=DIRECTION('',(1.314014880702E-9,3.632443135073E-9,1.));
#2642=DIRECTION('center_axis',(-0.866025403784429,0.500000000000017,0.));
#2643=DIRECTION('ref_axis',(0.500000000000017,0.866025403784429,0.));
#2644=DIRECTION('',(-0.499999999997997,-0.866025403785595,2.32563553946999E-12));
#2645=DIRECTION('',(1.851807870683E-9,4.550611924528E-9,1.));
#2646=DIRECTION('center_axis',(0.,0.,-1.));
#2647=DIRECTION('ref_axis',(-1.,0.,0.));
#2648=DIRECTION('center_axis',(0.,0.,1.));
#2649=DIRECTION('ref_axis',(0.866025403784429,0.500000000000017,0.));
#2650=DIRECTION('',(2.488780841223E-9,-2.954192926479E-9,1.));
#2651=DIRECTION('center_axis',(0.866025403784429,0.500000000000017,0.));
#2652=DIRECTION('ref_axis',(0.500000000000017,-0.866025403784429,0.));
#2653=DIRECTION('',(-0.500000000001993,0.866025403783288,2.32577873481197E-12));
#2654=DIRECTION('',(3.015041073534E-9,-3.87901676852E-9,1.));
#2655=DIRECTION('center_axis',(0.,0.,-1.));
#2656=DIRECTION('ref_axis',(0.866025406421118,-0.499999995433138,0.));
#2657=DIRECTION('center_axis',(0.,0.,1.));
#2658=DIRECTION('ref_axis',(0.,-1.,0.));
#2659=DIRECTION('',(-3.802795482801E-9,-6.782513017365E-10,1.));
#2660=DIRECTION('center_axis',(0.,-1.,0.));
#2661=DIRECTION('ref_axis',(-1.,0.,0.));
#2662=DIRECTION('',(1.,2.325683271251E-12,2.325778734812E-12));
#2663=DIRECTION('center_axis',(0.,0.707106781186548,-0.707106781186548));
#2664=DIRECTION('ref_axis',(0.,0.707106781186548,0.707106781186548));
#2665=DIRECTION('',(1.,4.134335897728E-12,4.134717751971E-12));
#2666=DIRECTION('',(-1.73980953639012E-8,0.707106781186547,0.707106781186547));
#2667=DIRECTION('',(-1.35942989237109E-8,0.707106781186547,0.707106781186547));
#2668=DIRECTION('center_axis',(0.,0.,1.));
#2669=DIRECTION('ref_axis',(1.,0.,0.));
#2670=DIRECTION('',(-1.,0.,0.));
#2671=DIRECTION('center_axis',(0.,0.,1.));
#2672=DIRECTION('ref_axis',(1.,0.,0.));
#2673=DIRECTION('center_axis',(0.,0.,1.));
#2674=DIRECTION('ref_axis',(1.,0.,0.));
#2675=DIRECTION('',(-1.,2.68904599094E-11,2.689082970647E-11));
#2676=DIRECTION('center_axis',(0.,0.,1.));
#2677=DIRECTION('ref_axis',(0.866025403784429,0.500000000000017,0.));
#2678=DIRECTION('',(-0.500000000015302,0.866025403775604,-1.76901306048301E-11));
#2679=DIRECTION('center_axis',(0.,0.,1.));
#2680=DIRECTION('ref_axis',(-0.866025403784429,-0.500000000000017,0.));
#2681=DIRECTION('',(0.499999999995516,-0.866025403787028,5.14759828102816E-12));
#2682=DIRECTION('center_axis',(0.,0.,1.));
#2683=DIRECTION('ref_axis',(0.,1.,0.));
#2684=DIRECTION('',(-1.,-3.687723869792E-10,-3.687703603564E-10));
#2685=DIRECTION('center_axis',(0.,0.,1.));
#2686=DIRECTION('ref_axis',(1.,0.,0.));
#2687=DIRECTION('center_axis',(0.,0.,1.));
#2688=DIRECTION('ref_axis',(1.,0.,0.));
#2689=DIRECTION('center_axis',(0.,0.,-1.));
#2690=DIRECTION('ref_axis',(-1.,0.,0.));
#2691=DIRECTION('center_axis',(0.,0.,1.));
#2692=DIRECTION('ref_axis',(0.,1.,0.));
#2693=DIRECTION('',(0.500000002136706,-0.866025402550811,2.46722752353903E-9));
#2694=DIRECTION('center_axis',(0.,0.,1.));
#2695=DIRECTION('ref_axis',(-0.866025403784429,-0.500000000000017,0.));
#2696=DIRECTION('',(1.,1.685927802979E-10,1.685948590972E-10));
#2697=DIRECTION('center_axis',(0.,0.,1.));
#2698=DIRECTION('ref_axis',(0.,-1.,0.));
#2699=DIRECTION('',(0.500000001943675,0.866025402662257,-2.24435844028089E-9));
#2700=DIRECTION('center_axis',(0.,0.,1.));
#2701=DIRECTION('ref_axis',(0.866025403784429,-0.500000000000017,0.));
#2702=DIRECTION('',(-1.,-3.732749152307E-12,3.733180145882E-12));
#2703=DIRECTION('center_axis',(0.,0.,1.));
#2704=DIRECTION('ref_axis',(0.866025403784429,0.500000000000017,0.));
#2705=DIRECTION('',(-0.499999999996407,-0.866025403786513,4.13462228841106E-12));
#2706=DIRECTION('center_axis',(0.,0.,1.));
#2707=DIRECTION('ref_axis',(-0.866025403784429,0.500000000000017,0.));
#2708=DIRECTION('center_axis',(0.,0.,1.));
#2709=DIRECTION('ref_axis',(0.,-1.,0.));
#2710=DIRECTION('',(-0.500000000003583,0.86602540378237,4.13467002019086E-12));
#2711=DIRECTION('center_axis',(0.,-0.707106781186548,0.707106781186548));
#2712=DIRECTION('ref_axis',(0.,0.707106781186548,0.707106781186548));
#2713=DIRECTION('',(1.,1.361621239304E-14,1.366530931273E-14));
#2714=DIRECTION('',(-1.84318248689812E-9,0.707106781186547,0.707106781186547));
#2715=DIRECTION('center_axis',(0.,-0.707106781186548,0.707106781186548));
#2716=DIRECTION('ref_axis',(0.,-0.707106781186548,-0.707106781186548));
#2717=DIRECTION('center_axis',(0.,-0.707106781186548,0.707106781186548));
#2718=DIRECTION('ref_axis',(0.,-0.707106781186548,-0.707106781186548));
#2719=DIRECTION('',(8.21545226739855E-10,0.707106781186547,0.707106781186547));
#2720=DIRECTION('center_axis',(0.,-1.,0.));
#2721=DIRECTION('ref_axis',(-1.,0.,0.));
#2722=DIRECTION('',(-1.,8.352656050964E-11,-8.35262986594E-11));
#2723=DIRECTION('',(-3.861862578289E-8,-1.222963716757E-9,0.999999999999999));
#2724=DIRECTION('',(-5.433197435847E-9,4.275597416931E-10,-1.));
#2725=DIRECTION('center_axis',(0.,0.707106781186598,0.707106781186498));
#2726=DIRECTION('ref_axis',(0.,0.707106781186498,-0.707106781186598));
#2727=DIRECTION('',(-1.,1.04686809433E-10,-1.046863566503E-10));
#2728=DIRECTION('',(1.47004703681298E-7,0.70710678118659,-0.70710678118649));
#2729=DIRECTION('',(-2.54295858395199E-8,0.707106781186497,-0.707106781186597));
#2730=DIRECTION('center_axis',(0.,0.,1.));
#2731=DIRECTION('ref_axis',(1.,0.,0.));
#2732=DIRECTION('',(0.49999999867427,-0.866025404549849,-1.53083563472691E-9));
#2733=DIRECTION('',(-1.,0.,0.));
#2734=DIRECTION('center_axis',(0.,0.,-1.));
#2735=DIRECTION('ref_axis',(-0.999999999999936,-3.57294710601013E-7,0.));
#2736=DIRECTION('',(1.18915895502598E-8,0.999999999999987,1.59543991241298E-7));
#2737=DIRECTION('center_axis',(0.,0.,-1.));
#2738=DIRECTION('ref_axis',(-0.230769536826296,-0.973008438233183,0.));
#2739=DIRECTION('',(0.999999999999997,-5.52408878736298E-9,7.41141731619698E-8));
#2740=DIRECTION('center_axis',(0.,0.,-1.));
#2741=DIRECTION('ref_axis',(-0.973008438233183,0.230769536826296,0.));
#2742=DIRECTION('',(-1.18915875026998E-8,-0.999999999999987,1.59543989065698E-7));
#2743=DIRECTION('center_axis',(0.,0.,-1.));
#2744=DIRECTION('ref_axis',(0.230769536826296,0.973008438233183,0.));
#2745=DIRECTION('',(-1.,0.,0.));
#2746=DIRECTION('',(-0.500000001643098,0.866025402835796,1.89724953577499E-9));
#2747=DIRECTION('center_axis',(0.,0.,1.));
#2748=DIRECTION('ref_axis',(0.866025403784429,0.500000000000017,0.));
#2749=DIRECTION('center_axis',(0.,0.,1.));
#2750=DIRECTION('ref_axis',(0.,1.,0.));
#2751=DIRECTION('center_axis',(0.,0.,1.));
#2752=DIRECTION('ref_axis',(-1.,0.,0.));
#2753=DIRECTION('center_axis',(0.,0.,1.));
#2754=DIRECTION('ref_axis',(-1.,0.,0.));
#2755=DIRECTION('center_axis',(0.,0.,1.));
#2756=DIRECTION('ref_axis',(-1.,0.,0.));
#2757=DIRECTION('center_axis',(0.,0.,1.));
#2758=DIRECTION('ref_axis',(-1.,0.,0.));
#2759=DIRECTION('',(0.,0.,1.));
#2760=DIRECTION('center_axis',(0.,0.,1.));
#2761=DIRECTION('ref_axis',(-1.,0.,0.));
#2762=DIRECTION('center_axis',(0.,0.,1.));
#2763=DIRECTION('ref_axis',(-1.,0.,0.));
#2764=DIRECTION('center_axis',(0.,0.,1.));
#2765=DIRECTION('ref_axis',(-1.,0.,0.));
#2766=DIRECTION('',(0.,0.,1.));
#2767=DIRECTION('center_axis',(0.,0.,1.));
#2768=DIRECTION('ref_axis',(-1.,0.,0.));
#2769=DIRECTION('center_axis',(0.,0.,1.));
#2770=DIRECTION('ref_axis',(-1.,0.,0.));
#2771=DIRECTION('',(0.,0.,1.));
#2772=DIRECTION('center_axis',(0.,0.,1.));
#2773=DIRECTION('ref_axis',(-1.,0.,0.));
#2774=DIRECTION('center_axis',(0.,0.,1.));
#2775=DIRECTION('ref_axis',(-1.,0.,0.));
#2776=DIRECTION('center_axis',(0.,0.,1.));
#2777=DIRECTION('ref_axis',(-1.,0.,0.));
#2778=DIRECTION('',(0.,0.,1.));
#2779=DIRECTION('center_axis',(-0.612372435695813,-0.353553390593307,0.707106781186515));
#2780=DIRECTION('ref_axis',(-0.612372435695756,-0.353553390593275,-0.70710678118658));
#2781=DIRECTION('',(-0.75592894601842,0.,-0.654653670708017));
#2782=DIRECTION('',(-0.612372456756702,-0.353553354114801,-0.707106781186502));
#2783=DIRECTION('',(0.499999998836494,-0.866025404456189,-1.34355241831598E-9));
#2784=DIRECTION('center_axis',(0.,1.,0.));
#2785=DIRECTION('ref_axis',(-1.,0.,0.));
#2786=DIRECTION('',(0.,-1.184237892934E-14,-1.));
#2787=DIRECTION('',(-0.755928946018463,0.,0.654653670707968));
#2788=DIRECTION('',(0.707106489670187,0.,0.707107072702787));
#2789=DIRECTION('',(0.,0.,-1.));
#2790=DIRECTION('',(0.755928946018463,0.,-0.654653670707968));
#2791=DIRECTION('center_axis',(0.,1.,0.));
#2792=DIRECTION('ref_axis',(-1.,0.,0.));
#2793=DIRECTION('',(-1.065817294374E-13,0.,-1.));
#2794=DIRECTION('',(-0.707106489670087,0.,0.707107072702887));
#2795=DIRECTION('',(0.,0.,1.));
#2796=DIRECTION('',(0.755928946018463,0.,0.654653670707968));
#2797=DIRECTION('center_axis',(-0.866025403784429,-0.500000000000017,0.));
#2798=DIRECTION('ref_axis',(-0.500000000000017,0.866025403784429,0.));
#2799=DIRECTION('',(0.499999999998115,-0.866025403785527,2.16795116225207E-12));
#2800=DIRECTION('',(-4.960930431655E-11,6.425516908375E-11,-1.));
#2801=DIRECTION('',(-0.500000000020501,0.866025403772602,-2.37088379154401E-11));
#2802=DIRECTION('',(-1.117188132969E-8,2.283238575742E-8,-1.));
#2803=DIRECTION('',(-0.500000001280711,0.86602540304502,1.47882996088903E-9));
#2804=DIRECTION('center_axis',(0.612372435695813,0.353553390593307,0.707106781186515));
#2805=DIRECTION('ref_axis',(-0.612372435695756,-0.353553390593275,0.70710678118658));
#2806=DIRECTION('',(-0.612372437983404,-0.353553386631102,0.707106781186505));
#2807=DIRECTION('center_axis',(0.,0.,-1.));
#2808=DIRECTION('ref_axis',(0.,-1.,0.));
#2809=DIRECTION('center_axis',(0.,0.,-1.));
#2810=DIRECTION('ref_axis',(0.866025403784429,0.500000000000017,0.));
#2811=DIRECTION('',(0.612372433265324,0.353553394803014,0.707106781186527));
#2812=DIRECTION('center_axis',(0.,0.,1.));
#2813=DIRECTION('ref_axis',(1.,0.,0.));
#2814=DIRECTION('',(6.210435622334E-10,-1.086361025789E-9,-1.));
#2815=DIRECTION('center_axis',(0.,0.,1.));
#2816=DIRECTION('ref_axis',(-0.866025403784429,-0.500000000000017,0.));
#2817=DIRECTION('center_axis',(0.,0.,1.));
#2818=DIRECTION('ref_axis',(0.500000000092745,-0.866025403730893,0.));
#2819=DIRECTION('',(0.612372436668203,0.353553388909102,0.707106781186503));
#2820=DIRECTION('',(-0.61237243491763,-0.353553391941118,0.707106781186535));
#2821=DIRECTION('center_axis',(0.612372435695813,0.353553390593307,0.707106781186515));
#2822=DIRECTION('ref_axis',(-0.612372435695756,-0.353553390593275,0.70710678118658));
#2823=DIRECTION('',(0.499999999994001,-0.866025403787902,6.96556564853502E-12));
#2824=DIRECTION('',(-0.612372435071813,-0.353553391674107,0.707106781186515));
#2825=DIRECTION('center_axis',(0.,0.,1.));
#2826=DIRECTION('ref_axis',(0.,1.,0.));
#2827=DIRECTION('center_axis',(0.,0.,1.));
#2828=DIRECTION('ref_axis',(0.,1.,0.));
#2829=DIRECTION('center_axis',(0.,0.,-1.));
#2830=DIRECTION('ref_axis',(-0.866025403784429,-0.500000000000017,0.));
#2831=DIRECTION('center_axis',(0.,0.,1.));
#2832=DIRECTION('ref_axis',(0.,1.,0.));
#2833=DIRECTION('',(-4.907352182941E-9,7.88169155272E-9,-1.));
#2834=DIRECTION('center_axis',(0.,0.,-1.));
#2835=DIRECTION('ref_axis',(-0.866025405648301,0.499999996771696,0.));
#2836=DIRECTION('center_axis',(0.866025403784429,0.500000000000017,0.));
#2837=DIRECTION('ref_axis',(0.500000000000017,-0.866025403784429,0.));
#2838=DIRECTION('',(-0.500000000001177,0.866025403783759,-1.33590212643694E-12));
#2839=DIRECTION('center_axis',(-0.612372435695813,-0.353553390593307,0.707106781186515));
#2840=DIRECTION('ref_axis',(0.612372435695756,0.353553390593275,0.70710678118658));
#2841=DIRECTION('center_axis',(-0.612372435695813,-0.353553390593307,0.707106781186515));
#2842=DIRECTION('ref_axis',(0.612372435695756,0.353553390593275,0.70710678118658));
#2843=DIRECTION('',(0.612372436344539,0.353553389469622,0.707106781186544));
#2844=DIRECTION('center_axis',(0.,0.,1.));
#2845=DIRECTION('ref_axis',(0.,1.,0.));
#2846=DIRECTION('center_axis',(0.,0.,1.));
#2847=DIRECTION('ref_axis',(0.866025403784429,0.500000000000017,0.));
#2848=DIRECTION('center_axis',(0.,0.,-1.));
#2849=DIRECTION('ref_axis',(0.,1.,0.));
#2850=DIRECTION('center_axis',(0.,0.,1.));
#2851=DIRECTION('ref_axis',(0.866025403784429,0.500000000000017,0.));
#2852=DIRECTION('center_axis',(0.,0.,-1.));
#2853=DIRECTION('ref_axis',(0.499999990382148,0.866025409337308,0.));
#2854=DIRECTION('',(0.612372387061633,0.353553474830119,-0.707106781186538));
#2855=DIRECTION('center_axis',(0.612372435695813,0.353553390593307,0.707106781186515));
#2856=DIRECTION('ref_axis',(0.612372435695756,0.353553390593275,-0.70710678118658));
#2857=DIRECTION('center_axis',(0.,0.,-1.));
#2858=DIRECTION('ref_axis',(0.,-1.,0.));
#2859=DIRECTION('center_axis',(0.,0.,1.));
#2860=DIRECTION('ref_axis',(0.999999999999468,1.03199089456097E-6,0.));
#2861=DIRECTION('',(-7.47315560365E-9,7.885043621526E-10,1.));
#2862=DIRECTION('center_axis',(0.,0.,-1.));
#2863=DIRECTION('ref_axis',(0.230769230769211,0.973008510821045,0.));
#2864=DIRECTION('',(0.,0.,-1.));
#2865=DIRECTION('center_axis',(0.620173672946034,0.784464540552743,0.));
#2866=DIRECTION('ref_axis',(0.784464540552743,-0.620173672946034,0.));
#2867=DIRECTION('',(0.784464540552743,-0.620173672946034,0.));
#2868=DIRECTION('',(0.,0.,-1.));
#2869=DIRECTION('center_axis',(0.,1.,0.));
#2870=DIRECTION('ref_axis',(-1.,0.,0.));
#2871=DIRECTION('',(-1.,0.,0.));
#2872=DIRECTION('',(0.,0.,1.));
#2873=DIRECTION('center_axis',(-0.620173672946034,0.784464540552743,0.));
#2874=DIRECTION('ref_axis',(-0.784464540552743,-0.620173672946034,0.));
#2875=DIRECTION('',(0.784464540552743,0.620173672946034,0.));
#2876=DIRECTION('',(0.,0.,1.));
#2877=DIRECTION('center_axis',(0.,0.,-1.));
#2878=DIRECTION('ref_axis',(0.,-1.,0.));
#2879=DIRECTION('center_axis',(0.,0.,-1.));
#2880=DIRECTION('ref_axis',(0.973008510821045,-0.230769230769211,0.));
#2881=DIRECTION('',(2.352052146006E-9,-9.917165280718E-9,-1.));
#2882=DIRECTION('center_axis',(0.,0.,1.));
#2883=DIRECTION('ref_axis',(-0.230768358030403,0.973008717808814,0.));
#2884=DIRECTION('center_axis',(0.,0.,1.));
#2885=DIRECTION('ref_axis',(0.,-1.,0.));
#2886=DIRECTION('center_axis',(0.707106661250847,-2.76169829100016E-7,0.707106901122174));
#2887=DIRECTION('ref_axis',(0.702251695179476,-0.116984544493562,-0.702251502645018));
#2888=DIRECTION('center_axis',(0.707106781186598,0.,0.707106781186498));
#2889=DIRECTION('ref_axis',(0.707106781186498,0.,-0.707106781186598));
#2890=DIRECTION('',(0.,1.,0.));
#2891=DIRECTION('',(0.527046326778094,-0.666665653140592,-0.527047508629294));
#2892=DIRECTION('center_axis',(0.707159990629832,-0.000125051130122638,
0.707053556680561));
#2893=DIRECTION('ref_axis',(0.688880970740124,0.225384251537145,-0.68894480715888));
#2894=DIRECTION('',(-0.527046276694605,-0.666666666666706,0.527046276694805));
#2895=DIRECTION('center_axis',(1.,0.,0.));
#2896=DIRECTION('ref_axis',(0.,1.,0.));
#2897=DIRECTION('',(0.,0.,-1.));
#2898=DIRECTION('',(0.,1.,0.));
#2899=DIRECTION('',(0.,0.,1.));
#2900=DIRECTION('center_axis',(0.784464540552743,0.620173672946034,0.));
#2901=DIRECTION('ref_axis',(-0.620173672946034,0.784464540552743,0.));
#2902=DIRECTION('',(0.620173672945985,-0.784464540552781,0.));
#2903=DIRECTION('',(7.473158987186E-9,-7.885043621526E-10,1.));
#2904=DIRECTION('center_axis',(0.,0.,1.));
#2905=DIRECTION('ref_axis',(-0.707106123720143,0.70710743865234,0.));
#2906=DIRECTION('center_axis',(0.,0.,1.));
#2907=DIRECTION('ref_axis',(0.973008717808814,0.230768358030403,0.));
#2908=DIRECTION('center_axis',(-2.77121435016673E-7,-0.707106660850718,
0.707106901522302));
#2909=DIRECTION('ref_axis',(-0.115493646589848,-0.702375074242821,-0.702374880444746));
#2910=DIRECTION('center_axis',(0.,0.,-1.));
#2911=DIRECTION('ref_axis',(-0.707106758335913,0.707106804037181,0.));
#2912=DIRECTION('',(-9.917165280718E-9,-2.352052146006E-9,-1.));
#2913=DIRECTION('center_axis',(0.,0.,-1.));
#2914=DIRECTION('ref_axis',(-0.230769230769211,-0.973008510821045,0.));
#2915=DIRECTION('center_axis',(-0.620173672946034,-0.784464540552743,0.));
#2916=DIRECTION('ref_axis',(-0.784464540552743,0.620173672946034,0.));
#2917=DIRECTION('',(-0.784464540552781,0.620173672945985,0.));
#2918=DIRECTION('',(0.,0.,-1.));
#2919=DIRECTION('',(-0.666666666666706,0.527046276694605,0.527046276694805));
#2920=DIRECTION('center_axis',(0.,-0.707106781186598,0.707106781186498));
#2921=DIRECTION('ref_axis',(0.,-0.707106781186498,-0.707106781186598));
#2922=DIRECTION('',(1.,0.,0.));
#2923=DIRECTION('',(-0.666665653140592,-0.527046326778094,-0.527047508629294));
#2924=DIRECTION('center_axis',(-0.000125040258299066,-0.707159986059821,
0.707053561253183));
#2925=DIRECTION('ref_axis',(0.223332537706912,-0.689214776961289,-0.689279021020944));
#2926=DIRECTION('center_axis',(0.,0.,1.));
#2927=DIRECTION('ref_axis',(0.70710743865234,0.707106123720144,0.));
#2928=DIRECTION('center_axis',(0.,0.,1.));
#2929=DIRECTION('ref_axis',(0.230768358030498,-0.973008717808791,0.));
#2930=DIRECTION('center_axis',(-0.70710666086598,2.77085141018459E-7,0.707106901507041));
#2931=DIRECTION('ref_axis',(0.70232004227572,-0.116161044349025,0.702319848782288));
#2932=DIRECTION('center_axis',(0.,0.,-1.));
#2933=DIRECTION('ref_axis',(0.707106804037184,0.707106758335911,0.));
#2934=DIRECTION('',(-2.352052146006E-9,9.917161897181E-9,-1.));
#2935=DIRECTION('',(-7.885043621526E-10,-7.473158987186E-9,1.));
#2936=DIRECTION('center_axis',(0.,0.,-1.));
#2937=DIRECTION('ref_axis',(-0.973008510821045,0.230769230769211,0.));
#2938=DIRECTION('center_axis',(-0.784464540552743,0.620173672946034,0.));
#2939=DIRECTION('ref_axis',(0.620173672946034,0.784464540552743,0.));
#2940=DIRECTION('',(0.620173672946034,0.784464540552743,0.));
#2941=DIRECTION('',(0.,0.,-1.));
#2942=DIRECTION('',(0.527046276694605,0.666666666666706,0.527046276694805));
#2943=DIRECTION('center_axis',(-0.707106781186598,0.,0.707106781186498));
#2944=DIRECTION('ref_axis',(-0.707106781186498,0.,-0.707106781186598));
#2945=DIRECTION('',(0.,-1.,0.));
#2946=DIRECTION('',(-0.527046326778201,0.666665653140502,-0.527047508629302));
#2947=DIRECTION('center_axis',(-0.70715998898154,0.000125047209011783,0.707053558329794));
#2948=DIRECTION('ref_axis',(0.689006889463647,0.224612621005498,0.689070879341647));
#2949=DIRECTION('center_axis',(-1.,0.,0.));
#2950=DIRECTION('ref_axis',(0.,-1.,0.));
#2951=DIRECTION('',(0.,-1.,0.));
#2952=DIRECTION('',(0.,0.,1.));
#2953=DIRECTION('center_axis',(-0.784464540552743,-0.620173672946034,0.));
#2954=DIRECTION('ref_axis',(0.620173672946034,-0.784464540552743,0.));
#2955=DIRECTION('',(-0.620173672946034,0.784464540552743,0.));
#2956=DIRECTION('center_axis',(0.,0.,1.));
#2957=DIRECTION('ref_axis',(0.,-1.,0.));
#2958=DIRECTION('center_axis',(0.,0.,-1.));
#2959=DIRECTION('ref_axis',(0.,-1.,0.));
#2960=DIRECTION('',(-0.784464540552743,-0.620173672946034,0.));
#2961=DIRECTION('',(1.,0.,0.));
#2962=DIRECTION('',(-0.620173672945985,-0.784464540552781,0.));
#2963=DIRECTION('center_axis',(0.784464540552743,-0.620173672946034,0.));
#2964=DIRECTION('ref_axis',(-0.620173672946034,-0.784464540552743,0.));
#2965=DIRECTION('center_axis',(0.,-1.,0.));
#2966=DIRECTION('ref_axis',(1.,0.,0.));
#2967=DIRECTION('',(0.,0.,1.));
#2968=DIRECTION('center_axis',(0.620173672946034,-0.784464540552743,0.));
#2969=DIRECTION('ref_axis',(0.784464540552743,0.620173672946034,0.));
#2970=DIRECTION('center_axis',(0.,0.,-1.));
#2971=DIRECTION('ref_axis',(-1.,0.,0.));
#2972=DIRECTION('center_axis',(0.,0.,-1.));
#2973=DIRECTION('ref_axis',(-1.,0.,0.));
#2974=DIRECTION('',(0.,0.,-1.));
#2975=DIRECTION('center_axis',(0.,0.,-1.));
#2976=DIRECTION('ref_axis',(-1.,0.,0.));
#2977=DIRECTION('center_axis',(0.,0.,-1.));
#2978=DIRECTION('ref_axis',(-1.,0.,0.));
#2979=DIRECTION('center_axis',(0.,0.,-1.));
#2980=DIRECTION('ref_axis',(-1.,0.,0.));
#2981=DIRECTION('center_axis',(0.,0.,-1.));
#2982=DIRECTION('ref_axis',(-1.,0.,0.));
#2983=DIRECTION('',(0.,0.,-1.));
#2984=DIRECTION('center_axis',(0.,0.,-1.));
#2985=DIRECTION('ref_axis',(-1.,0.,0.));
#2986=DIRECTION('center_axis',(0.,0.,-1.));
#2987=DIRECTION('ref_axis',(0.,-1.,0.));
#2988=DIRECTION('',(1.35942976676409E-8,-0.707106781186547,0.707106781186547));
#2989=DIRECTION('center_axis',(0.,0.,1.));
#2990=DIRECTION('ref_axis',(0.,1.,0.));
#2991=DIRECTION('',(0.612372426996731,0.353553405660518,0.707106781186536));
#2992=DIRECTION('center_axis',(0.61237243569577,0.353553390593282,-0.707106781186565));
#2993=DIRECTION('ref_axis',(0.612372435695799,0.3535533905933,0.70710678118653));
#2994=DIRECTION('',(0.500000001201909,-0.866025403090516,1.38781554568903E-9));
#2995=DIRECTION('',(0.612372421202414,0.353553415696608,0.707106781186516));
#2996=DIRECTION('center_axis',(0.,0.,-1.));
#2997=DIRECTION('ref_axis',(0.,-1.,0.));
#2998=DIRECTION('center_axis',(0.,0.,1.));
#2999=DIRECTION('ref_axis',(-0.866025403784429,-0.500000000000017,0.));
#3000=DIRECTION('',(-7.91271743627351E-8,0.707106781186545,0.707106781186545));
#3001=DIRECTION('center_axis',(0.,0.707106781186548,-0.707106781186548));
#3002=DIRECTION('ref_axis',(0.,0.707106781186548,0.707106781186548));
#3003=DIRECTION('',(1.,9.483328434953E-11,9.483467021573E-11));
#3004=DIRECTION('',(-2.89868137247319E-8,0.707106781186547,0.707106781186547));
#3005=DIRECTION('center_axis',(0.,0.,-1.));
#3006=DIRECTION('ref_axis',(0.,-1.,0.));
#3007=DIRECTION('center_axis',(0.,0.,1.));
#3008=DIRECTION('ref_axis',(0.,-1.,0.));
#3009=DIRECTION('',(-0.612372475259419,0.353553322067111,0.707106781186521));
#3010=DIRECTION('center_axis',(-0.612372435695813,0.353553390593307,-0.707106781186515));
#3011=DIRECTION('ref_axis',(-0.612372435695756,0.353553390593275,0.70710678118658));
#3012=DIRECTION('',(0.500000001093309,0.866025403153216,-1.26245154245102E-9));
#3013=DIRECTION('',(-0.612372442492929,0.353553378820317,0.707106781186534));
#3014=DIRECTION('center_axis',(0.,0.,-1.));
#3015=DIRECTION('ref_axis',(0.866025398209602,0.5000000096559,0.));
#3016=DIRECTION('center_axis',(0.,0.,1.));
#3017=DIRECTION('ref_axis',(0.866025403784429,-0.500000000000017,0.));
#3018=DIRECTION('',(1.73980941078312E-8,-0.707106781186547,0.707106781186547));
#3019=DIRECTION('center_axis',(0.,-0.707106781186548,-0.707106781186548));
#3020=DIRECTION('ref_axis',(0.,-0.707106781186548,0.707106781186548));
#3021=DIRECTION('',(-1.,-2.099800695697E-12,2.099886894412E-12));
#3022=DIRECTION('center_axis',(0.,1.,0.));
#3023=DIRECTION('ref_axis',(1.,0.,0.));
#3024=DIRECTION('',(3.802796302658E-9,6.782513017365E-10,1.));
#3025=DIRECTION('',(4.866848807574E-9,6.715940628648E-10,1.));
#3026=DIRECTION('center_axis',(0.,0.,-1.));
#3027=DIRECTION('ref_axis',(0.866025401148437,0.50000000456569,0.));
#3028=DIRECTION('',(-1.314014334131E-9,-3.632443135073E-9,1.));
#3029=DIRECTION('center_axis',(0.866025403784429,-0.500000000000017,0.));
#3030=DIRECTION('ref_axis',(-0.500000000000017,-0.866025403784429,0.));
#3031=DIRECTION('',(-8.954017993368E-9,-2.038922990978E-8,1.));
#3032=DIRECTION('center_axis',(0.,0.,-1.));
#3033=DIRECTION('ref_axis',(-1.,0.,0.));
#3034=DIRECTION('',(-8.108612605949E-9,-2.608513343761E-9,1.));
#3035=DIRECTION('center_axis',(0.,-1.,0.));
#3036=DIRECTION('ref_axis',(-1.,0.,0.));
#3037=DIRECTION('',(-2.213460763673E-8,-2.440207631663E-9,1.));
#3038=DIRECTION('center_axis',(0.,0.,-1.));
#3039=DIRECTION('ref_axis',(-1.,0.,0.));
#3040=DIRECTION('',(-6.313348219667E-9,5.718010695245E-9,1.));
#3041=DIRECTION('center_axis',(-0.866025403784429,-0.500000000000017,0.));
#3042=DIRECTION('ref_axis',(-0.500000000000017,0.866025403784429,0.));
#3043=DIRECTION('',(-3.015040526962E-9,3.87901676852E-9,1.));
#3044=DIRECTION('center_axis',(0.,0.,-1.));
#3045=DIRECTION('ref_axis',(-1.,0.,0.));
#3046=DIRECTION('center_axis',(0.,0.,-1.));
#3047=DIRECTION('ref_axis',(-1.06340715236923E-8,1.,0.));
#3048=DIRECTION('',(-0.612372428898634,-0.353553402366319,0.707106781186539));
#3049=DIRECTION('',(0.612372444394832,-0.353553375526119,0.707106781186537));
#3050=DIRECTION('center_axis',(0.612372435695813,-0.353553390593307,-0.707106781186515));
#3051=DIRECTION('ref_axis',(0.612372435695756,-0.353553390593275,0.70710678118658));
#3052=DIRECTION('',(0.612372442492929,-0.353553378820317,0.707106781186534));
#3053=DIRECTION('center_axis',(0.,0.,-1.));
#3054=DIRECTION('ref_axis',(0.,-1.,0.));
#3055=DIRECTION('center_axis',(-0.612372435695813,-0.353553390593307,-0.707106781186515));
#3056=DIRECTION('ref_axis',(-0.612372435695756,-0.353553390593275,0.70710678118658));
#3057=DIRECTION('',(-0.612372426996731,-0.353553405660518,0.707106781186536));
#3058=DIRECTION('center_axis',(0.,0.,-1.));
#3059=DIRECTION('ref_axis',(0.,-1.,0.));
#3060=DIRECTION('center_axis',(-0.500000000000017,0.866025403784429,0.));
#3061=DIRECTION('ref_axis',(-0.866025403784429,-0.500000000000017,0.));
#3062=DIRECTION('',(0.,0.,-1.));
#3063=DIRECTION('',(-0.866025403784429,-0.500000000000017,0.));
#3064=DIRECTION('',(0.,0.,-1.));
#3065=DIRECTION('center_axis',(-0.866025403784429,-0.500000000000017,0.));
#3066=DIRECTION('ref_axis',(0.500000000000017,-0.866025403784429,0.));
#3067=DIRECTION('',(0.500000000000017,-0.866025403784429,0.));
#3068=DIRECTION('',(-1.42108547152E-14,1.7763568394E-14,-1.));
#3069=DIRECTION('center_axis',(-0.658690995590708,-0.75241356468881,0.));
#3070=DIRECTION('ref_axis',(0.75241356468881,-0.658690995590708,0.));
#3071=DIRECTION('',(0.75241356468881,-0.658690995590708,0.));
#3072=DIRECTION('',(0.,0.,-1.));
#3073=DIRECTION('center_axis',(-0.248637918869609,-0.968596502832934,0.));
#3074=DIRECTION('ref_axis',(0.968596502832934,-0.248637918869609,0.));
#3075=DIRECTION('',(0.968596502832934,-0.248637918869609,0.));
#3076=DIRECTION('',(1.42108547152E-14,0.,-1.));
#3077=DIRECTION('center_axis',(0.206612452736498,-0.978422860717292,0.));
#3078=DIRECTION('ref_axis',(0.978422860717291,0.206612452736498,0.));
#3079=DIRECTION('',(0.978422860717292,0.206612452736498,0.));
#3080=DIRECTION('',(-1.42108547152E-14,0.,-1.));
#3081=DIRECTION('center_axis',(0.500000000000017,-0.866025403784429,0.));
#3082=DIRECTION('ref_axis',(0.866025403784429,0.500000000000017,0.));
#3083=DIRECTION('',(0.866025403784429,0.500000000000017,0.));
#3084=DIRECTION('',(0.,1.42108547152E-14,-1.));
#3085=DIRECTION('center_axis',(0.744032826656365,-0.668143063166669,0.));
#3086=DIRECTION('ref_axis',(0.668143063166669,0.744032826656365,0.));
#3087=DIRECTION('',(0.668143063166669,0.744032826656365,0.));
#3088=DIRECTION('',(0.,1.06581410364E-14,-1.));
#3089=DIRECTION('center_axis',(0.96314813690489,-0.268971497331297,0.));
#3090=DIRECTION('ref_axis',(0.268971497331297,0.96314813690489,0.));
#3091=DIRECTION('',(0.268971497331297,0.96314813690489,0.));
#3092=DIRECTION('',(0.,2.84217094304E-14,-1.));
#3093=DIRECTION('center_axis',(0.980954758967873,0.194236353081195,0.));
#3094=DIRECTION('ref_axis',(-0.194236353081195,0.980954758967873,0.));
#3095=DIRECTION('',(-0.194236353081195,0.980954758967873,0.));
#3096=DIRECTION('',(0.,0.,-1.));
#3097=DIRECTION('center_axis',(0.866025403784429,0.500000000000017,0.));
#3098=DIRECTION('ref_axis',(-0.500000000000017,0.866025403784429,0.));
#3099=DIRECTION('',(-0.500000000000017,0.866025403784429,0.));
#3100=DIRECTION('center_axis',(0.,0.,1.));
#3101=DIRECTION('ref_axis',(1.,0.,0.));
#3102=DIRECTION('',(0.500000000000017,-0.866025403784429,0.));
#3103=DIRECTION('',(0.866025403784429,0.500000000000017,0.));
#3104=DIRECTION('',(-0.500000000000017,0.866025403784429,0.));
#3105=DIRECTION('',(-0.866025403784429,-0.500000000000017,0.));
#3106=DIRECTION('',(-0.500000000000017,0.866025403784429,0.));
#3107=DIRECTION('',(0.636666393529278,0.771139354040774,0.));
#3108=DIRECTION('',(-0.500000000000017,0.866025403784429,0.));
#3109=DIRECTION('',(-0.629802556595524,-0.776755263712929,0.));
#3110=DIRECTION('',(-0.83915122934691,0.543898165363306,0.));
#3111=DIRECTION('',(-0.993975056726454,0.109606508044195,0.));
#3112=DIRECTION('',(-0.978422860717292,-0.206612452736498,0.));
#3113=DIRECTION('',(-0.866025403784429,-0.500000000000017,0.));
#3114=DIRECTION('',(-0.668143063166669,-0.744032826656365,0.));
#3115=DIRECTION('',(-0.402065507976887,-0.91561090387527,0.));
#3116=DIRECTION('',(-0.129671007678999,-0.991557073378791,0.));
#3117=DIRECTION('',(0.316573480741586,-0.948567989809458,0.));
#3118=DIRECTION('center_axis',(-0.866025403784429,-0.500000000000017,0.));
#3119=DIRECTION('ref_axis',(0.500000000000017,-0.866025403784429,0.));
#3120=DIRECTION('',(0.,-1.42108547152E-14,-1.));
#3121=DIRECTION('',(0.,2.13162820728E-14,-1.));
#3122=DIRECTION('center_axis',(-0.948567989809458,-0.316573480741586,0.));
#3123=DIRECTION('ref_axis',(0.316573480741586,-0.948567989809458,0.));
#3124=DIRECTION('',(0.,-1.42108547152E-14,-1.));
#3125=DIRECTION('center_axis',(-0.991557073378791,0.129671007678999,0.));
#3126=DIRECTION('ref_axis',(-0.129671007678999,-0.991557073378791,0.));
#3127=DIRECTION('',(1.42108547152E-14,2.84217094304E-14,-1.));
#3128=DIRECTION('center_axis',(-0.91561090387527,0.402065507976887,0.));
#3129=DIRECTION('ref_axis',(-0.402065507976887,-0.91561090387527,0.));
#3130=DIRECTION('',(2.84217094304E-14,2.84217094304E-14,-1.));
#3131=DIRECTION('center_axis',(-0.744032826656365,0.668143063166669,0.));
#3132=DIRECTION('ref_axis',(-0.668143063166669,-0.744032826656365,0.));
#3133=DIRECTION('',(0.,0.,-1.));
#3134=DIRECTION('center_axis',(-0.500000000000017,0.866025403784429,0.));
#3135=DIRECTION('ref_axis',(-0.866025403784429,-0.500000000000017,0.));
#3136=DIRECTION('',(-2.84217094304E-14,-1.42108547152E-14,-1.));
#3137=DIRECTION('center_axis',(-0.206612452736498,0.978422860717292,0.));
#3138=DIRECTION('ref_axis',(-0.978422860717291,-0.206612452736498,0.));
#3139=DIRECTION('',(1.42108547152E-14,0.,-1.));
#3140=DIRECTION('center_axis',(0.109606508044195,0.993975056726454,0.));
#3141=DIRECTION('ref_axis',(-0.993975056726454,0.109606508044195,0.));
#3142=DIRECTION('',(0.,0.,-1.));
#3143=DIRECTION('center_axis',(0.543898165363306,0.83915122934691,0.));
#3144=DIRECTION('ref_axis',(-0.83915122934691,0.543898165363306,0.));
#3145=DIRECTION('',(0.,0.,-1.));
#3146=DIRECTION('center_axis',(-0.776755263712929,0.629802556595524,0.));
#3147=DIRECTION('ref_axis',(-0.629802556595524,-0.776755263712929,0.));
#3148=DIRECTION('',(0.,0.,-1.));
#3149=DIRECTION('center_axis',(0.866025403784429,0.500000000000017,0.));
#3150=DIRECTION('ref_axis',(-0.500000000000017,0.866025403784429,0.));
#3151=DIRECTION('',(0.,0.,-1.));
#3152=DIRECTION('center_axis',(0.771139354040774,-0.636666393529278,0.));
#3153=DIRECTION('ref_axis',(0.636666393529278,0.771139354040774,0.));
#3154=DIRECTION('',(0.,0.,-1.));
#3155=DIRECTION('center_axis',(0.866025403784429,0.500000000000017,0.));
#3156=DIRECTION('ref_axis',(-0.500000000000017,0.866025403784429,0.));
#3157=DIRECTION('',(0.,0.,-1.));
#3158=DIRECTION('center_axis',(-0.500000000000017,0.866025403784429,0.));
#3159=DIRECTION('ref_axis',(-0.866025403784429,-0.500000000000017,0.));
#3160=DIRECTION('',(0.,0.,-1.));
#3161=DIRECTION('center_axis',(0.866025403784429,0.500000000000017,0.));
#3162=DIRECTION('ref_axis',(-0.500000000000017,0.866025403784429,0.));
#3163=DIRECTION('',(0.,0.,-1.));
#3164=DIRECTION('center_axis',(0.500000000000017,-0.866025403784429,0.));
#3165=DIRECTION('ref_axis',(0.866025403784429,0.500000000000017,0.));
#3166=DIRECTION('center_axis',(0.,0.,-1.));
#3167=DIRECTION('ref_axis',(-1.,0.,0.));
#3168=DIRECTION('center_axis',(0.,0.,-1.));
#3169=DIRECTION('ref_axis',(-1.,0.,0.));
#3170=DIRECTION('center_axis',(0.,0.,-1.));
#3171=DIRECTION('ref_axis',(-0.999499797010086,-0.0316252395531996,0.));
#3172=DIRECTION('center_axis',(0.0316252395531994,-0.999499797010086,0.));
#3173=DIRECTION('ref_axis',(0.999499797010086,0.0316252395531994,0.));
#3174=DIRECTION('center_axis',(0.,0.,-1.));
#3175=DIRECTION('ref_axis',(-1.,0.,0.));
#3176=DIRECTION('center_axis',(0.,0.,-1.));
#3177=DIRECTION('ref_axis',(-1.,0.,0.));
#3178=DIRECTION('center_axis',(0.,0.,-1.));
#3179=DIRECTION('ref_axis',(-1.,0.,0.));
#3180=DIRECTION('',(0.,0.,1.));
#3181=DIRECTION('center_axis',(0.,0.,1.));
#3182=DIRECTION('ref_axis',(-1.,0.,0.));
#3183=DIRECTION('center_axis',(0.,0.,1.));
#3184=DIRECTION('ref_axis',(-1.,0.,0.));
#3185=DIRECTION('center_axis',(0.,0.,-1.));
#3186=DIRECTION('ref_axis',(0.998990686873632,-0.0449177864520114,0.));
#3187=DIRECTION('center_axis',(0.0449177864520116,0.998990686873632,0.));
#3188=DIRECTION('ref_axis',(-0.998990686873632,0.0449177864520116,0.));
#3189=DIRECTION('center_axis',(0.,0.,1.));
#3190=DIRECTION('ref_axis',(1.,0.,0.));
#3191=DIRECTION('center_axis',(0.,0.,-1.));
#3192=DIRECTION('ref_axis',(-1.,0.,0.));
#3193=CARTESIAN_POINT('',(0.,0.,0.));
#3194=CARTESIAN_POINT('Origin',(0.,2.828247079176E-14,7.550000002938));
#3195=CARTESIAN_POINT('',(-8.475,-1.03788816227738E-15,7.4));
#3196=CARTESIAN_POINT('',(1.03788816227738E-15,8.47500000000004,7.39999999999999));
#3197=CARTESIAN_POINT('Origin',(0.,0.,7.4));
#3198=CARTESIAN_POINT('',(1.00114875830296E-15,8.17500000000003,7.7));
#3199=CARTESIAN_POINT('',(1.01951845993037E-15,8.32499999706203,7.550000002938));
#3200=CARTESIAN_POINT('Origin',(0.,2.828247079176E-14,7.7));
#3201=CARTESIAN_POINT('Origin',(0.,0.,7.4));
#3202=CARTESIAN_POINT('Origin',(0.,0.,7.7));
#3203=CARTESIAN_POINT('Origin',(0.,0.,3.7));
#3204=CARTESIAN_POINT('',(-8.475,0.,3.7));
#3205=CARTESIAN_POINT('',(-8.475,-1.03788816227738E-15,3.7));
#3206=CARTESIAN_POINT('Origin',(0.,0.,3.7));
#3207=CARTESIAN_POINT('Origin',(0.,0.,3.7));
#3208=CARTESIAN_POINT('',(-10.,-1.22464679914735E-15,3.7));
#3209=CARTESIAN_POINT('Origin',(0.,0.,3.7));
#3210=CARTESIAN_POINT('Origin',(0.,0.,3.));
#3211=CARTESIAN_POINT('',(-10.,-1.22464679914735E-15,3.));
#3212=CARTESIAN_POINT('',(-10.,-1.22464679914735E-15,3.));
#3213=CARTESIAN_POINT('Origin',(0.,0.,3.));
#3214=CARTESIAN_POINT('Origin',(0.,0.,3.));
#3215=CARTESIAN_POINT('',(-1.01477415702967E-13,17.2000000000007,3.0000000000005));
#3216=CARTESIAN_POINT('Origin',(-1.035838081975E-13,1.617039835367E-13,
3.));
#3217=CARTESIAN_POINT('Origin',(-1.035838081975E-13,1.617039835367E-13,
2.850000000391));
#3218=CARTESIAN_POINT('',(-17.5,-2.14313189850787E-15,2.7));
#3219=CARTESIAN_POINT('',(-1.01440676298992E-13,17.5000000000008,2.70000000000039));
#3220=CARTESIAN_POINT('Origin',(0.,0.,2.7));
#3221=CARTESIAN_POINT('',(-1.01459046001027E-13,17.3499999996102,2.850000000391));
#3222=CARTESIAN_POINT('Origin',(0.,0.,2.7));
#3223=CARTESIAN_POINT('Origin',(0.,0.,0.));
#3224=CARTESIAN_POINT('',(-17.5,-2.14313189850787E-15,-0.5));
#3225=CARTESIAN_POINT('',(-17.5,-2.14313189850787E-15,0.));
#3226=CARTESIAN_POINT('Origin',(0.,0.,-0.5));
#3227=CARTESIAN_POINT('Origin',(0.,0.,-0.5));
#3228=CARTESIAN_POINT('',(-22.81878121257,20.58427266301,-0.5));
#3229=CARTESIAN_POINT('',(-26.96464778734,18.19065548004,-0.5));
#3230=CARTESIAN_POINT('',(-22.81878121257,20.58427266301,-0.5));
#3231=CARTESIAN_POINT('',(-23.99589793635,13.04862990316,-0.5));
#3232=CARTESIAN_POINT('',(-26.96464778734,18.19065548004,-0.5));
#3233=CARTESIAN_POINT('',(-23.25075688299,12.39630553618,-0.5));
#3234=CARTESIAN_POINT('',(-23.99589793635,13.04862990316,-0.5));
#3235=CARTESIAN_POINT('',(-22.38547462724,12.17418829884,-0.5));
#3236=CARTESIAN_POINT('',(-23.25075688299,12.39630553618,-0.5));
#3237=CARTESIAN_POINT('',(-21.40005161616,12.38227896544,-0.5));
#3238=CARTESIAN_POINT('',(-22.38547462724,12.17418829884,-0.5));
#3239=CARTESIAN_POINT('',(-20.57087768177,12.86100275966,-0.5));
#3240=CARTESIAN_POINT('',(-21.40005161616,12.38227896544,-0.5));
#3241=CARTESIAN_POINT('',(-19.89795437267,13.61035878744,-0.5));
#3242=CARTESIAN_POINT('',(-20.57087768177,12.86100275966,-0.5));
#3243=CARTESIAN_POINT('',(-19.65767241495,14.47077382102,-0.5));
#3244=CARTESIAN_POINT('',(-19.89795437267,13.61035878744,-0.5));
#3245=CARTESIAN_POINT('',(-19.85003136158,15.44224708613,-0.5));
#3246=CARTESIAN_POINT('',(-19.65767241495,14.47077382102,-0.5));
#3247=CARTESIAN_POINT('',(-19.85003136158,15.44224708613,-0.5));
#3248=CARTESIAN_POINT('Origin',(0.,0.,-0.5));
#3249=CARTESIAN_POINT('',(-23.8156986194,-13.74999997321,-0.4999999998804));
#3250=CARTESIAN_POINT('',(-58.31237718815,46.,-0.5));
#3251=CARTESIAN_POINT('',(-23.8156986194,-13.74999997321,-0.4999999998804));
#3252=CARTESIAN_POINT('',(23.8156985903552,13.7500000236556,-0.499999999949066));
#3253=CARTESIAN_POINT('Origin',(-1.012523398458E-13,4.973799150321E-14,
-0.5));
#3254=CARTESIAN_POINT('',(5.196152422707,46.,-0.5));
#3255=CARTESIAN_POINT('',(5.196152422707,46.,-0.5));
#3256=CARTESIAN_POINT('',(-34.,46.,-0.5));
#3257=CARTESIAN_POINT('',(5.196152422707,46.,-0.5));
#3258=CARTESIAN_POINT('',(-35.97300851082,45.76923076923,-0.5));
#3259=CARTESIAN_POINT('Origin',(-35.,46.,-0.5));
#3260=CARTESIAN_POINT('',(-36.26491106407,46.,-0.5));
#3261=CARTESIAN_POINT('',(-36.26491106407,46.,-0.5));
#3262=CARTESIAN_POINT('',(-43.73508893593,46.,-0.5));
#3263=CARTESIAN_POINT('',(-36.26491106407,46.,-0.5));
#3264=CARTESIAN_POINT('',(-44.02699148918,45.76923076923,-0.5));
#3265=CARTESIAN_POINT('',(-43.73508893593,46.,-0.5));
#3266=CARTESIAN_POINT('',(-46.,46.,-0.5));
#3267=CARTESIAN_POINT('Origin',(-45.,46.,-0.5));
#3268=CARTESIAN_POINT('',(-46.,46.,-0.5));
#3269=CARTESIAN_POINT('',(-12.85640646055,22.03847577293,-0.5));
#3270=CARTESIAN_POINT('',(-15.4544826719,26.53847577293,-0.5));
#3271=CARTESIAN_POINT('Origin',(-12.85640646055,25.03847577293,-0.5));
#3272=CARTESIAN_POINT('',(-6.150635094611,42.65321248268,-0.5));
#3273=CARTESIAN_POINT('',(-15.4544826719,26.53847577293,-0.5));
#3274=CARTESIAN_POINT('',(-0.9544826719043,42.65321248268,-0.5));
#3275=CARTESIAN_POINT('Origin',(-3.552558883258,41.15321248268,-0.5));
#3276=CARTESIAN_POINT('',(8.349364905389,26.53847577293,-0.5));
#3277=CARTESIAN_POINT('',(-0.9544826719043,42.65321248268,-0.5));
#3278=CARTESIAN_POINT('',(5.751288694036,22.03847577293,-0.5));
#3279=CARTESIAN_POINT('Origin',(5.751288694036,25.03847577293,-0.5));
#3280=CARTESIAN_POINT('',(5.751288694036,22.03847577293,-0.5));
#3281=CARTESIAN_POINT('',(-37.61067126598,29.14359353945,-0.5));
#3282=CARTESIAN_POINT('',(-40.20874747733,30.64359353945,-0.5));
#3283=CARTESIAN_POINT('Origin',(-37.61067126598,32.14359353945,-0.5));
#3284=CARTESIAN_POINT('',(-44.7446458622,38.5,-0.5));
#3285=CARTESIAN_POINT('',(-40.20874747733,30.64359353945,-0.5));
#3286=CARTESIAN_POINT('',(-42.14656965084,43.,-0.5));
#3287=CARTESIAN_POINT('Origin',(-42.14656965084,40.,-0.5));
#3288=CARTESIAN_POINT('',(-21.53887449626,43.,-0.5));
#3289=CARTESIAN_POINT('',(-42.14656965084,43.,-0.5));
#3290=CARTESIAN_POINT('',(-18.9407982849,38.5,-0.5));
#3291=CARTESIAN_POINT('Origin',(-21.53887449626,40.,-0.5));
#3292=CARTESIAN_POINT('',(-23.47669666976,30.64359353945,-0.5));
#3293=CARTESIAN_POINT('',(-18.9407982849,38.5,-0.5));
#3294=CARTESIAN_POINT('',(-26.07477288112,29.14359353945,-0.5));
#3295=CARTESIAN_POINT('Origin',(-26.07477288112,32.14359353945,-0.5));
#3296=CARTESIAN_POINT('',(-26.07477288112,29.14359353945,-0.5));
#3297=CARTESIAN_POINT('',(-22.37432594574,23.00594254041,-0.5));
#3298=CARTESIAN_POINT('',(-18.62432594574,16.51075201203,-0.5));
#3299=CARTESIAN_POINT('',(-22.37432594574,23.00594254041,-0.5));
#3300=CARTESIAN_POINT('',(-18.11946685009,14.99801261146,-0.5));
#3301=CARTESIAN_POINT('',(-18.62432594574,16.51075201203,-0.5));
#3302=CARTESIAN_POINT('',(-18.3236401592,13.43675776764,-0.5));
#3303=CARTESIAN_POINT('',(-18.11946685009,14.99801261146,-0.5));
#3304=CARTESIAN_POINT('',(-18.96045437267,11.98656115534,-0.5));
#3305=CARTESIAN_POINT('',(-18.3236401592,13.43675776764,-0.5));
#3306=CARTESIAN_POINT('',(-19.63337768177,11.23720512757,-0.5));
#3307=CARTESIAN_POINT('',(-18.96045437267,11.98656115534,-0.5));
#3308=CARTESIAN_POINT('',(-20.73894266952,10.59890688428,-0.5));
#3309=CARTESIAN_POINT('',(-19.63337768177,11.23720512757,-0.5));
#3310=CARTESIAN_POINT('',(-21.72436568061,10.39081621768,-0.5));
#3311=CARTESIAN_POINT('',(-20.73894266952,10.59890688428,-0.5));
#3312=CARTESIAN_POINT('',(-23.29867989407,10.56441723748,-0.5));
#3313=CARTESIAN_POINT('',(-21.72436568061,10.39081621768,-0.5));
#3314=CARTESIAN_POINT('',(-24.47646185179,11.32779983599,-0.5));
#3315=CARTESIAN_POINT('',(-23.29867989407,10.56441723748,-0.5));
#3316=CARTESIAN_POINT('',(-29.42720685349,5.221890612378,-0.5));
#3317=CARTESIAN_POINT('',(-24.47646185179,11.32779983599,-0.5));
#3318=CARTESIAN_POINT('',(-30.52095715152,7.116321699348,-0.5));
#3319=CARTESIAN_POINT('',(-29.42720685349,5.221890612378,-0.5));
#3320=CARTESIAN_POINT('',(-25.96674418204,12.6324489571,-0.5));
#3321=CARTESIAN_POINT('',(-30.52095715152,7.116321699348,-0.5));
#3322=CARTESIAN_POINT('',(-28.62299410754,17.23320878566,-0.5));
#3323=CARTESIAN_POINT('',(-25.96674418204,12.6324489571,-0.5));
#3324=CARTESIAN_POINT('',(-34.42720700251,13.88214490832,-0.5));
#3325=CARTESIAN_POINT('',(-28.62299410754,17.23320878566,-0.5));
#3326=CARTESIAN_POINT('',(-35.36470700251,15.50594254041,-0.5));
#3327=CARTESIAN_POINT('',(-34.42720700251,13.88214490832,-0.5));
#3328=CARTESIAN_POINT('',(-35.36470700251,15.50594254041,-0.5));
#3329=CARTESIAN_POINT('Origin',(-12.85640646055,25.03847577293,-8.));
#3330=CARTESIAN_POINT('',(-12.8564064308944,22.0384757757163,-6.99999999778695));
#3331=CARTESIAN_POINT('',(-12.85640642892,22.0384757773,-6.999999995635));
#3332=CARTESIAN_POINT('',(-15.4544826817586,26.5384757500776,-6.99999999724462));
#3333=CARTESIAN_POINT('Origin',(-12.85640646055,25.03847577293,-7.));
#3334=CARTESIAN_POINT('',(-15.45448268045,26.53847574932,-6.999999995591));
#3335=CARTESIAN_POINT('Origin',(-15.4544826719,26.53847577293,-8.));
#3336=CARTESIAN_POINT('',(-6.15063510702833,42.6532124556055,-6.99999999778715));
#3337=CARTESIAN_POINT('',(-6.150635106648,42.6532124531,-6.999999995635));
#3338=CARTESIAN_POINT('',(-6.150635106648,42.6532124531,-6.999999995635));
#3339=CARTESIAN_POINT('Origin',(-3.552558883258,41.15321248268,-8.));
#3340=CARTESIAN_POINT('',(-0.954482685104309,42.6532125000335,-6.99999999789892));
#3341=CARTESIAN_POINT('Origin',(-3.552558883258,41.15321248268,-7.));
#3342=CARTESIAN_POINT('',(-0.9544826880814,42.65321250188,-6.999999995591));
#3343=CARTESIAN_POINT('Origin',(-0.9544826719043,42.65321248268,-8.));
#3344=CARTESIAN_POINT('',(8.34936488814897,26.5384757972275,-6.99999999778739));
#3345=CARTESIAN_POINT('',(8.349364885791,26.53847579815,-6.999999995635));
#3346=CARTESIAN_POINT('',(8.349364885791,26.53847579815,-6.999999995635));
#3347=CARTESIAN_POINT('Origin',(5.751288694036,25.03847577293,-8.));
#3348=CARTESIAN_POINT('',(5.75128871875394,22.038475775825,-6.9999999972447));
#3349=CARTESIAN_POINT('Origin',(5.751288694036,25.03847577293,-7.));
#3350=CARTESIAN_POINT('',(5.751288718754,22.03847577734,-6.999999995591));
#3351=CARTESIAN_POINT('Origin',(5.751288694036,22.03847577293,-8.));
#3352=CARTESIAN_POINT('',(-12.85640642892,22.0384757773,-6.999999995635));
#3353=CARTESIAN_POINT('Origin',(-3.552558883258,21.53847577293,-7.5));
#3354=CARTESIAN_POINT('',(-12.8564064076016,21.0384757768081,-7.99999999612119));
#3355=CARTESIAN_POINT('',(5.751288737979,21.0384757770425,-7.99999999588779));
#3356=CARTESIAN_POINT('',(-12.85640640431,21.03847578069,-7.999999992239));
#3357=CARTESIAN_POINT('',(-12.85640640431,21.03847578069,-7.999999992239));
#3358=CARTESIAN_POINT('',(5.751288737979,21.03847578077,-7.999999992162));
#3359=CARTESIAN_POINT('Origin',(0.,0.,-8.));
#3360=CARTESIAN_POINT('',(-28.2500000000428,53.0000000000005,-8.00000000000023));
#3361=CARTESIAN_POINT('',(-51.7499999999571,53.0000000000005,-8.00000000000024));
#3362=CARTESIAN_POINT('',(-28.24995441535,53.,-8.));
#3363=CARTESIAN_POINT('',(-23.75,50.,-8.00000000006522));
#3364=CARTESIAN_POINT('Origin',(-27.,50.,-8.));
#3365=CARTESIAN_POINT('',(-25.749999999952,52.9999999999977,-8.00000000000096));
#3366=CARTESIAN_POINT('Origin',(-27.,50.,-8.));
#3367=CARTESIAN_POINT('',(-1.732050828422,52.99999999935,-8.000000000646));
#3368=CARTESIAN_POINT('',(-1.732050828422,52.99999999935,-8.000000000646));
#3369=CARTESIAN_POINT('',(0.866025410580674,51.4999999869763,-8.00000000062678));
#3370=CARTESIAN_POINT('Origin',(-1.732050807569,50.,-8.));
#3371=CARTESIAN_POINT('',(22.9496731868312,13.2500000231482,-8.00000000007946));
#3372=CARTESIAN_POINT('',(22.94967318593,13.25000002455,-8.000000000159));
#3373=CARTESIAN_POINT('',(-22.94967321159,-13.24999998024,-8.000000000085));
#3374=CARTESIAN_POINT('Origin',(-4.618527782441E-14,5.151434834261E-14,
-8.));
#3375=CARTESIAN_POINT('',(-58.6010523164239,48.4999999894978,-8.00000000022555));
#3376=CARTESIAN_POINT('',(-58.6010523153,48.499999988,-8.000000000452));
#3377=CARTESIAN_POINT('',(-56.0029761021,52.99999999935,-8.000000000646));
#3378=CARTESIAN_POINT('Origin',(-56.00297611139,50.,-8.));
#3379=CARTESIAN_POINT('',(-54.2500000000429,53.0000000000004,-8.00000000000025));
#3380=CARTESIAN_POINT('',(-54.24995441535,53.,-8.));
#3381=CARTESIAN_POINT('',(-49.75,50.,-8.0000000000632));
#3382=CARTESIAN_POINT('Origin',(-53.,50.,-8.));
#3383=CARTESIAN_POINT('Origin',(-53.,50.,-8.));
#3384=CARTESIAN_POINT('',(20.05,-2.45541683229044E-15,-8.));
#3385=CARTESIAN_POINT('Origin',(0.,0.,-8.));
#3386=CARTESIAN_POINT('',(-42.1465696909316,43.9999999960865,-7.99999999608683));
#3387=CARTESIAN_POINT('',(-45.6106712361476,37.9999999560894,-7.99999999612122));
#3388=CARTESIAN_POINT('Origin',(-42.14656965084,40.,-8.));
#3389=CARTESIAN_POINT('',(-41.0747728214266,30.1435934657105,-7.99999998517619));
#3390=CARTESIAN_POINT('',(-45.61067123114,37.99999995518,-7.999999992239));
#3391=CARTESIAN_POINT('',(-37.6106710201801,28.143593553548,-7.99999998590331));
#3392=CARTESIAN_POINT('Origin',(-37.61067126598,32.14359353945,-8.));
#3393=CARTESIAN_POINT('',(-26.07477278742,28.143593554274,-7.9999999851757));
#3394=CARTESIAN_POINT('',(-37.6106710102,28.14359356765,-7.999999971802));
#3395=CARTESIAN_POINT('',(-22.610671155289,30.1435937593669,-7.99999998590293));
#3396=CARTESIAN_POINT('Origin',(-26.07477288112,32.14359353945,-8.));
#3397=CARTESIAN_POINT('',(-18.0747728627088,38.0000000401102,-7.99999999588672));
#3398=CARTESIAN_POINT('',(-22.61067116251,30.14359377506,-7.999999971802));
#3399=CARTESIAN_POINT('',(-21.5388745492084,43.9999999961219,-7.99999999612119));
#3400=CARTESIAN_POINT('Origin',(-21.53887449626,40.,-8.));
#3401=CARTESIAN_POINT('',(-21.5388745525,43.99999999224,-7.999999992239));
#3402=CARTESIAN_POINT('',(-0.0884572915519268,43.1532125154408,-7.99999999608631));
#3403=CARTESIAN_POINT('',(-7.01666052150962,43.153212434891,-7.99999999612107));
#3404=CARTESIAN_POINT('Origin',(-3.552558883258,41.15321248268,-8.));
#3405=CARTESIAN_POINT('',(-16.3205080940969,27.0384757328231,-7.99999999588759));
#3406=CARTESIAN_POINT('',(-7.016660519794,43.1532124301,-7.999999992239));
#3407=CARTESIAN_POINT('Origin',(-12.85640646055,25.03847577293,-8.));
#3408=CARTESIAN_POINT('',(9.21539027933997,27.0384758168497,-7.99999999612102));
#3409=CARTESIAN_POINT('Origin',(5.751288694036,25.03847577293,-8.));
#3410=CARTESIAN_POINT('',(9.215390274333,27.03847581776,-7.999999992239));
#3411=CARTESIAN_POINT('Origin',(-55.1264880557,54.,-7.));
#3412=CARTESIAN_POINT('',(-56.0029761005035,54.9999999994823,-6.0000000004092));
#3413=CARTESIAN_POINT('',(-1.73205083363508,54.9999999993926,-6.00000000060519));
#3414=CARTESIAN_POINT('',(-56.00297609978,54.99999999919,-6.000000000808));
#3415=CARTESIAN_POINT('',(-1.732050828422,52.99999999935,-8.000000000646));
#3416=CARTESIAN_POINT('Origin',(-27.,50.,-11.));
#3417=CARTESIAN_POINT('Origin',(-53.,50.,-11.));
#3418=CARTESIAN_POINT('',(-56.0029761021,52.99999999935,-8.000000000646));
#3419=CARTESIAN_POINT('Origin',(1.154700538379,55.,0.));
#3420=CARTESIAN_POINT('',(-1.73205105376159,54.9999999948942,-0.299999995138571));
#3421=CARTESIAN_POINT('',(-56.0029760701401,54.9999999979109,-0.299999998313363));
#3422=CARTESIAN_POINT('',(-1.732051053762,54.99999999222,-0.2999999922218));
#3423=CARTESIAN_POINT('',(-1.732050833635,54.99999999919,-6.000000000807));
#3424=CARTESIAN_POINT('',(-56.00297606881,54.99999999675,-0.2999999967548));
#3425=CARTESIAN_POINT('Origin',(-28.86751345948,54.85,-0.15));
#3426=CARTESIAN_POINT('',(-1.73205111613,54.6999999949845,5.01466698230705E-9));
#3427=CARTESIAN_POINT('',(-56.0029760601024,54.6999999979657,2.03297396511611E-9));
#3428=CARTESIAN_POINT('',(-1.73205111613,54.69999999025,9.748688985696E-9));
#3429=CARTESIAN_POINT('',(-1.73205111613,54.69999999025,9.748688985696E-9));
#3430=CARTESIAN_POINT('',(-56.00297605802,54.69999999593,4.067263581486E-9));
#3431=CARTESIAN_POINT('Origin',(0.,0.,0.));
#3432=CARTESIAN_POINT('',(-60.0732954634308,47.6499999243237,1.78238753257477E-9));
#3433=CARTESIAN_POINT('',(-59.12066756502,46.,0.));
#3434=CARTESIAN_POINT('',(-60.07329546245,47.64999992489,2.916632925916E-9));
#3435=CARTESIAN_POINT('',(-46.30000035138,46.,0.));
#3436=CARTESIAN_POINT('',(-46.30000035138,46.,0.));
#3437=CARTESIAN_POINT('',(-45.3000000007881,47.2649110701092,-1.05390792196401E-9));
#3438=CARTESIAN_POINT('Origin',(-45.00000103199,46.00000046448,0.));
#3439=CARTESIAN_POINT('',(-45.2999996427328,50.7350901604474,1.94663393520641E-7));
#3440=CARTESIAN_POINT('',(-45.30000000036,47.2649110673,-1.580860239011E-9));
#3441=CARTESIAN_POINT('',(-43.7350889298908,52.3000000007881,-1.05391145820988E-9));
#3442=CARTESIAN_POINT('Origin',(-44.99999953552,52.00000103199,0.));
#3443=CARTESIAN_POINT('',(-36.2649098395525,52.2999996427328,1.94663345601459E-7));
#3444=CARTESIAN_POINT('',(-43.7350889327,52.30000000036,-1.580864041525E-9));
#3445=CARTESIAN_POINT('',(-34.6999999992119,50.7350889298908,-1.05390910157582E-9));
#3446=CARTESIAN_POINT('Origin',(-34.99999896801,51.99999953552,0.));
#3447=CARTESIAN_POINT('',(-34.7000003572672,47.2649098395525,1.94663381121928E-7));
#3448=CARTESIAN_POINT('',(-34.69999999964,50.7350889327,-1.580863153346E-9));
#3449=CARTESIAN_POINT('',(-33.7000011451,46.,0.));
#3450=CARTESIAN_POINT('Origin',(-35.00000046448,45.99999896801,0.));
#3451=CARTESIAN_POINT('',(6.004442799572,46.,0.));
#3452=CARTESIAN_POINT('',(6.004442799572,46.,0.));
#3453=CARTESIAN_POINT('',(2.33826868362227,52.3499998243077,6.95515063872231E-9));
#3454=CARTESIAN_POINT('',(6.004442799572,46.,0.));
#3455=CARTESIAN_POINT('Origin',(-1.732050807569,50.,0.));
#3456=CARTESIAN_POINT('Origin',(-56.00297611139,50.,0.));
#3457=CARTESIAN_POINT('',(-25.4,50.,0.));
#3458=CARTESIAN_POINT('Origin',(-27.,50.,0.));
#3459=CARTESIAN_POINT('',(-51.4,50.,0.));
#3460=CARTESIAN_POINT('Origin',(-53.,50.,0.));
#3461=CARTESIAN_POINT('Origin',(-53.,50.,1.409445839966));
#3462=CARTESIAN_POINT('',(-51.4,50.,-3.));
#3463=CARTESIAN_POINT('Origin',(-53.,50.,-3.));
#3464=CARTESIAN_POINT('',(-51.4,50.,1.409445839966));
#3465=CARTESIAN_POINT('Origin',(-53.,50.,-3.));
#3466=CARTESIAN_POINT('',(-49.75,50.,-3.));
#3467=CARTESIAN_POINT('Origin',(-53.,50.,-3.));
#3468=CARTESIAN_POINT('Origin',(-53.,50.,1.409445839966));
#3469=CARTESIAN_POINT('',(-49.75,50.,1.409445839966));
#3470=CARTESIAN_POINT('Origin',(-27.,50.,1.409445839966));
#3471=CARTESIAN_POINT('',(-25.4,50.,-3.));
#3472=CARTESIAN_POINT('Origin',(-27.,50.,-3.));
#3473=CARTESIAN_POINT('',(-25.4,50.,1.409445839966));
#3474=CARTESIAN_POINT('Origin',(-27.,50.,-3.));
#3475=CARTESIAN_POINT('',(-23.75,50.,-3.));
#3476=CARTESIAN_POINT('Origin',(-27.,50.,-3.));
#3477=CARTESIAN_POINT('Origin',(-27.,50.,1.409445839966));
#3478=CARTESIAN_POINT('',(-23.75,50.,1.409445839966));
#3479=CARTESIAN_POINT('Origin',(-59.77018661786,46.825,-0.15));
#3480=CARTESIAN_POINT('',(-59.46707772653,46.,-0.3));
#3481=CARTESIAN_POINT('',(-59.12066756502,46.,0.));
#3482=CARTESIAN_POINT('',(-60.3331030937219,47.4999999396712,-0.29999999854539));
#3483=CARTESIAN_POINT('',(-60.07329546245,47.64999992489,2.916632925916E-9));
#3484=CARTESIAN_POINT('',(-60.33310309303,47.49999994007,-0.2999999976729));
#3485=CARTESIAN_POINT('Origin',(6.350852961086,46.,0.));
#3486=CARTESIAN_POINT('',(6.350852961086,46.,-0.3));
#3487=CARTESIAN_POINT('',(6.350852961086,46.,-1.5));
#3488=CARTESIAN_POINT('',(6.350852961086,46.,-0.3));
#3489=CARTESIAN_POINT('',(6.350852961086,46.,-0.3));
#3490=CARTESIAN_POINT('',(-33.9999997330587,46.0000000000001,-0.299998720476532));
#3491=CARTESIAN_POINT('',(-34.,46.,-0.2999991022635));
#3492=CARTESIAN_POINT('',(-34.,46.,-0.2999991022635));
#3493=CARTESIAN_POINT('',(5.196152422707,46.,-0.5));
#3494=CARTESIAN_POINT('Origin',(6.350852961086,46.,0.));
#3495=CARTESIAN_POINT('',(-45.9999999867058,46.,-0.300000617752555));
#3496=CARTESIAN_POINT('',(-46.,46.,-0.3000005987394));
#3497=CARTESIAN_POINT('',(-46.,46.,-0.3000005987394));
#3498=CARTESIAN_POINT('',(-59.46707772653,46.,-1.5));
#3499=CARTESIAN_POINT('',(-59.46707772653,46.,-1.5));
#3500=CARTESIAN_POINT('',(-59.46707772653,46.,-1.5));
#3501=CARTESIAN_POINT('Origin',(24.68172400786,14.25,0.));
#3502=CARTESIAN_POINT('',(24.6817239968775,14.2500000189133,-1.49999999995884));
#3503=CARTESIAN_POINT('',(6.350852961086,46.,-1.5));
#3504=CARTESIAN_POINT('',(24.681723996673,14.2500000192017,-6.00000000006694));
#3505=CARTESIAN_POINT('',(24.6817239965,14.25000001951,-1.499999999921));
#3506=CARTESIAN_POINT('',(2.5980762198274,52.4999999837054,-6.00000000080804));
#3507=CARTESIAN_POINT('',(24.68172399627,14.2500000198,-6.000000000128));
#3508=CARTESIAN_POINT('',(2.5980762840756,52.4999998597667,-0.299999994231076));
#3509=CARTESIAN_POINT('',(2.59807628319,52.49999985338,-0.2999999889006));
#3510=CARTESIAN_POINT('',(6.350852961086,46.,-0.3));
#3511=CARTESIAN_POINT('Origin',(14.93893821528,30.125,-1.));
#3512=CARTESIAN_POINT('',(24.6817239965,14.25000001951,-1.499999999921));
#3513=CARTESIAN_POINT('Origin',(-1.012523398458E-13,4.973799150321E-14,
-0.9999999998207));
#3514=CARTESIAN_POINT('',(-24.68172401977,-14.24999997918,-1.499999999907));
#3515=CARTESIAN_POINT('Origin',(0.,0.,-1.5));
#3516=CARTESIAN_POINT('',(-24.68172401977,-14.24999997918,-1.499999999907));
#3517=CARTESIAN_POINT('Origin',(0.,0.,0.));
#3518=CARTESIAN_POINT('',(-24.68172401698,-14.24999998407,-6.000000000069));
#3519=CARTESIAN_POINT('',(-24.68172401977,-14.24999997918,-1.499999999907));
#3520=CARTESIAN_POINT('Origin',(0.,0.,-6.));
#3521=CARTESIAN_POINT('Origin',(-4.618527782441E-14,5.151434834261E-14,
-7.000000000238));
#3522=CARTESIAN_POINT('',(22.94967318593,13.25000002455,-8.000000000159));
#3523=CARTESIAN_POINT('',(-22.94967321159,-13.24999998024,-8.000000000085));
#3524=CARTESIAN_POINT('Origin',(-41.6413881653,17.125,-7.));
#3525=CARTESIAN_POINT('',(-60.3331031214518,47.4999999853759,-6.00000000029485));
#3526=CARTESIAN_POINT('',(-60.333103121,47.499999985,-6.000000000566));
#3527=CARTESIAN_POINT('',(-58.6010523153,48.499999988,-8.000000000452));
#3528=CARTESIAN_POINT('Origin',(-56.00297611139,50.,-7.000000000814));
#3529=CARTESIAN_POINT('Origin',(-56.00297611139,50.,-6.));
#3530=CARTESIAN_POINT('Origin',(-56.00297611139,50.,-25.85932));
#3531=CARTESIAN_POINT('Origin',(-56.00297611139,50.,-0.3));
#3532=CARTESIAN_POINT('',(-60.33310309303,47.49999994007,-0.2999999976729));
#3533=CARTESIAN_POINT('Origin',(-56.00297611139,50.,-0.1499999945241));
#3534=CARTESIAN_POINT('Origin',(-64.66323014924,55.,0.));
#3535=CARTESIAN_POINT('',(-24.68172401977,-14.24999997918,-1.499999999907));
#3536=CARTESIAN_POINT('Origin',(-41.497050598,15.875,-1.));
#3537=CARTESIAN_POINT('Origin',(12.77387470582,32.875,-7.));
#3538=CARTESIAN_POINT('',(0.8660254103099,51.49999998682,-8.00000000094));
#3539=CARTESIAN_POINT('Origin',(-1.732050807569,50.,-7.000000001184));
#3540=CARTESIAN_POINT('Origin',(-1.732050807569,50.,-6.));
#3541=CARTESIAN_POINT('Origin',(-1.732050807569,50.,-25.85932));
#3542=CARTESIAN_POINT('Origin',(-1.732050807569,50.,-0.3));
#3543=CARTESIAN_POINT('Origin',(-1.732050807569,50.,-0.1499999812707));
#3544=CARTESIAN_POINT('',(2.338268680253,52.34999981623,1.391129377433E-8));
#3545=CARTESIAN_POINT('Origin',(4.301259505463,49.25,-0.15));
#3546=CARTESIAN_POINT('Origin',(-35.,46.,0.));
#3547=CARTESIAN_POINT('',(-34.7692309299351,46.9730084169579,-0.299998646093334));
#3548=CARTESIAN_POINT('Origin',(-35.00000046448,45.99999896801,-0.2999985994226));
#3549=CARTESIAN_POINT('',(-34.76923076923,46.97300851082,-4.5));
#3550=CARTESIAN_POINT('',(-34.76923076923,46.97300851082,-4.5));
#3551=CARTESIAN_POINT('',(-35.97300851082,45.76923076923,-4.5));
#3552=CARTESIAN_POINT('Origin',(-35.,46.,-4.5));
#3553=CARTESIAN_POINT('',(-35.97300851082,45.76923076923,-0.5));
#3554=CARTESIAN_POINT('Origin',(-36.11895978744,45.88461538462,-2.25));
#3555=CARTESIAN_POINT('',(-36.26491106407,46.,-4.5));
#3556=CARTESIAN_POINT('',(-36.26491106407,46.,-4.5));
#3557=CARTESIAN_POINT('',(-36.26491106407,46.,-0.5));
#3558=CARTESIAN_POINT('Origin',(-35.,46.,0.));
#3559=CARTESIAN_POINT('',(-43.73508893593,46.,-4.5));
#3560=CARTESIAN_POINT('',(-36.26491106407,46.,-4.5));
#3561=CARTESIAN_POINT('',(-43.73508893593,46.,-4.5));
#3562=CARTESIAN_POINT('Origin',(-43.88104021256,45.88461538462,-2.25));
#3563=CARTESIAN_POINT('',(-44.02699148918,45.76923076923,-4.5));
#3564=CARTESIAN_POINT('',(-44.02699148918,45.76923076923,-4.5));
#3565=CARTESIAN_POINT('',(-44.02699148918,45.76923076923,-4.5));
#3566=CARTESIAN_POINT('Origin',(-45.,46.,0.));
#3567=CARTESIAN_POINT('',(-45.23076923077,46.97300851082,-4.5));
#3568=CARTESIAN_POINT('Origin',(-45.,46.,-4.5));
#3569=CARTESIAN_POINT('',(-45.2307692139738,46.9730084404243,-0.300000386151566));
#3570=CARTESIAN_POINT('',(-45.23076924065,46.97300855247,-0.300000085615));
#3571=CARTESIAN_POINT('Origin',(-45.00000103199,46.00000046448,-0.3000006237809));
#3572=CARTESIAN_POINT('Origin',(-45.00000103199,46.00000046448,-0.1500003495313));
#3573=CARTESIAN_POINT('',(-45.11980065896,47.11337388506,-0.1801993410368));
#3574=CARTESIAN_POINT('Ctrl Pts',(-45.2307692554679,46.973008614948,-0.300000149826075));
#3575=CARTESIAN_POINT('Ctrl Pts',(-45.2126152027027,46.9959718756761,-0.281846062928015));
#3576=CARTESIAN_POINT('Ctrl Pts',(-45.1943053775016,47.0191320765665,-0.262746345670075));
#3577=CARTESIAN_POINT('Ctrl Pts',(-45.1758180262472,47.0425168974058,-0.24276154804893));
#3578=CARTESIAN_POINT('Ctrl Pts',(-45.1573306749928,47.065901718245,-0.222776750427784));
#3579=CARTESIAN_POINT('Ctrl Pts',(-45.1386657958501,47.0895111646904,-0.201906877674933));
#3580=CARTESIAN_POINT('Ctrl Pts',(-45.11980065896,47.1133738850599,-0.180199341036751));
#3581=CARTESIAN_POINT('Origin',(-51.3414852104986,47.1907897189754,6.04148313016033));
#3582=CARTESIAN_POINT('Origin',(-45.15,49.,-0.15));
#3583=CARTESIAN_POINT('',(-45.,47.26491106407,-0.3));
#3584=CARTESIAN_POINT('',(-45.,50.73508893593,-0.3));
#3585=CARTESIAN_POINT('',(-45.,47.26491106407,-0.3));
#3586=CARTESIAN_POINT('',(-45.1198013602425,50.8866267828459,-0.180198354785057));
#3587=CARTESIAN_POINT('',(-45.11980135017,50.88662674447,-0.1801983811899));
#3588=CARTESIAN_POINT('Origin',(-47.7313453415705,50.8130610368688,2.43172571927488));
#3589=CARTESIAN_POINT('',(-45.,47.26491106407,-0.3));
#3590=CARTESIAN_POINT('Origin',(-45.,46.,0.));
#3591=CARTESIAN_POINT('',(-45.,47.26491106407,-4.5));
#3592=CARTESIAN_POINT('',(-45.,47.26491106407,-0.3));
#3593=CARTESIAN_POINT('',(-45.,50.73508893593,-4.5));
#3594=CARTESIAN_POINT('',(-45.,47.26491106407,-4.5));
#3595=CARTESIAN_POINT('',(-45.,50.73508893593,-4.5));
#3596=CARTESIAN_POINT('Origin',(-45.11538461538,50.88104021256,-2.25));
#3597=CARTESIAN_POINT('',(-45.23076923077,51.02699148918,-4.5));
#3598=CARTESIAN_POINT('',(-45.23076923077,51.02699148918,-4.5));
#3599=CARTESIAN_POINT('',(-45.2307690683187,51.0269920384773,-0.299999310929224));
#3600=CARTESIAN_POINT('',(-45.23076923077,51.02699148918,-4.5));
#3601=CARTESIAN_POINT('Ctrl Pts',(-45.2307691062152,51.0269918786869,-0.299998863162072));
#3602=CARTESIAN_POINT('Ctrl Pts',(-45.2125745164117,51.0039773305313,-0.281804252624901));
#3603=CARTESIAN_POINT('Ctrl Pts',(-45.1942457682232,50.980792860919,-0.262681965050791));
#3604=CARTESIAN_POINT('Ctrl Pts',(-45.1757590250047,50.9574085945534,-0.242696162489447));
#3605=CARTESIAN_POINT('Ctrl Pts',(-45.1572722841411,50.9340243311667,-0.222710362473978));
#3606=CARTESIAN_POINT('Ctrl Pts',(-45.138627555303,50.9104402981147,-0.201861022414453));
#3607=CARTESIAN_POINT('Ctrl Pts',(-45.1198013500807,50.8866268212622,-0.180198321385855));
#3608=CARTESIAN_POINT('Origin',(-44.99999953552,52.00000103199,-0.1499995226967));
#3609=CARTESIAN_POINT('',(-44.0269912076764,52.2307691989362,-0.299999878845124));
#3610=CARTESIAN_POINT('Origin',(-44.99999953552,52.00000103199,-0.2999997595467));
#3611=CARTESIAN_POINT('',(-43.88662611494,52.11980065896,-0.1801993410368));
#3612=CARTESIAN_POINT('Ctrl Pts',(-44.0269911911422,52.2307691021688,-0.299999996526649));
#3613=CARTESIAN_POINT('Ctrl Pts',(-44.0039514853988,52.2125546143069,-0.281785469952831));
#3614=CARTESIAN_POINT('Ctrl Pts',(-43.9807548292402,52.1942159623167,-0.262651910960609));
#3615=CARTESIAN_POINT('Ctrl Pts',(-43.9573708718722,52.1757293000696,-0.242665629701033));
#3616=CARTESIAN_POINT('Ctrl Pts',(-43.9339868489018,52.1572425859593,-0.22267929237107));
#3617=CARTESIAN_POINT('Ctrl Pts',(-43.9104155445826,52.1386078544397,-0.201840206268439));
#3618=CARTESIAN_POINT('Ctrl Pts',(-43.88662611494,52.11980065896,-0.180199341036792));
#3619=CARTESIAN_POINT('Origin',(-43.8092160419324,58.4362865426484,6.13628442310405));
#3620=CARTESIAN_POINT('Origin',(-45.,52.,0.));
#3621=CARTESIAN_POINT('',(-44.02699148918,52.23076923077,-4.5));
#3622=CARTESIAN_POINT('',(-44.02699144753,52.23076924065,-0.300000085615));
#3623=CARTESIAN_POINT('Origin',(-45.,52.,-4.5));
#3624=CARTESIAN_POINT('Origin',(-43.88104021256,52.11538461538,-2.25));
#3625=CARTESIAN_POINT('',(-43.73508893593,52.,-4.5));
#3626=CARTESIAN_POINT('',(-43.73508893593,52.,-4.5));
#3627=CARTESIAN_POINT('',(-43.73508893593,52.,-0.3));
#3628=CARTESIAN_POINT('',(-43.73508893593,52.,-0.3));
#3629=CARTESIAN_POINT('',(-43.73508893593,52.,-0.3));
#3630=CARTESIAN_POINT('Origin',(-40.,52.15,-0.15));
#3631=CARTESIAN_POINT('',(-36.26491106407,52.,-0.3));
#3632=CARTESIAN_POINT('',(-43.73508893593,52.,-0.3));
#3633=CARTESIAN_POINT('',(-36.1133732171541,52.1198013602425,-0.180198354785053));
#3634=CARTESIAN_POINT('',(-36.11337325553,52.11980135017,-0.1801983811899));
#3635=CARTESIAN_POINT('Origin',(-36.1868716514445,54.7682009969158,2.46858690135042));
#3636=CARTESIAN_POINT('Origin',(-34.99999896801,51.99999953552,-0.1499995226967));
#3637=CARTESIAN_POINT('',(-34.7692308010638,51.0269912076764,-0.299999878845124));
#3638=CARTESIAN_POINT('',(-35.9730079615227,52.2307690683187,-0.299999310929224));
#3639=CARTESIAN_POINT('Origin',(-34.99999896801,51.99999953552,-0.2999997595467));
#3640=CARTESIAN_POINT('',(-34.88019934104,50.88662611494,-0.1801993410368));
#3641=CARTESIAN_POINT('Ctrl Pts',(-34.7692308978313,51.0269911911422,-0.299999996526641));
#3642=CARTESIAN_POINT('Ctrl Pts',(-34.7873984480371,51.0040108573587,-0.281832407711762));
#3643=CARTESIAN_POINT('Ctrl Pts',(-34.8057146906119,50.9808425408244,-0.262725150939883));
#3644=CARTESIAN_POINT('Ctrl Pts',(-34.8242018471675,50.9574579644973,-0.242740064620416));
#3645=CARTESIAN_POINT('Ctrl Pts',(-34.8426890557218,50.9340733223967,-0.222754922089056));
#3646=CARTESIAN_POINT('Ctrl Pts',(-34.8613471820401,50.9104724194312,-0.201891944411801));
#3647=CARTESIAN_POINT('Ctrl Pts',(-34.88019934104,50.88662611494,-0.180199341036792));
#3648=CARTESIAN_POINT('Origin',(-28.6064455266933,50.8092134177991,6.09355236857462));
#3649=CARTESIAN_POINT('Ctrl Pts',(-35.9730081213131,52.2307691062152,-0.299998863162071));
#3650=CARTESIAN_POINT('Ctrl Pts',(-35.9959398702836,52.2126399748885,-0.281869711173158));
#3651=CARTESIAN_POINT('Ctrl Pts',(-36.0190848157494,52.194342480027,-0.262784100047442));
#3652=CARTESIAN_POINT('Ctrl Pts',(-36.0424699457247,52.1758550473334,-0.242799963960235));
#3653=CARTESIAN_POINT('Ctrl Pts',(-36.0658550727309,52.157367616987,-0.222815830410239));
#3654=CARTESIAN_POINT('Ctrl Pts',(-36.0894803852574,52.1386902606016,-0.201933175355435));
#3655=CARTESIAN_POINT('Ctrl Pts',(-36.1133731787378,52.1198013500807,-0.180198321385844));
#3656=CARTESIAN_POINT('Origin',(-35.,52.,0.));
#3657=CARTESIAN_POINT('',(-34.76923076923,51.02699148918,-4.5));
#3658=CARTESIAN_POINT('',(-34.76923075935,51.02699144753,-0.300000085615));
#3659=CARTESIAN_POINT('',(-35.97300851082,52.23076923077,-4.5));
#3660=CARTESIAN_POINT('',(-35.97300851082,52.23076923077,-4.5));
#3661=CARTESIAN_POINT('Origin',(-35.,52.,-4.5));
#3662=CARTESIAN_POINT('Origin',(-34.88461538462,50.88104021256,-2.25));
#3663=CARTESIAN_POINT('',(-35.,50.73508893593,-4.5));
#3664=CARTESIAN_POINT('',(-35.,50.73508893593,-4.5));
#3665=CARTESIAN_POINT('',(-35.,50.73508893593,-0.3));
#3666=CARTESIAN_POINT('',(-35.,50.73508893593,-0.3));
#3667=CARTESIAN_POINT('',(-35.,50.73508893593,-0.3));
#3668=CARTESIAN_POINT('Origin',(-34.85,49.,-0.15));
#3669=CARTESIAN_POINT('',(-35.,47.26491106407,-0.3));
#3670=CARTESIAN_POINT('',(-35.,50.73508893593,-0.3));
#3671=CARTESIAN_POINT('',(-34.8801986397575,47.1133732171541,-0.180198354785027));
#3672=CARTESIAN_POINT('',(-34.88019864983,47.11337325553,-0.1801983811899));
#3673=CARTESIAN_POINT('Origin',(-32.2548658068823,47.1869137836397,2.44551663909725));
#3674=CARTESIAN_POINT('Origin',(-35.,52.,0.));
#3675=CARTESIAN_POINT('',(-35.,47.26491106407,-4.5));
#3676=CARTESIAN_POINT('',(-35.,50.73508893593,-4.5));
#3677=CARTESIAN_POINT('',(-35.,47.26491106407,-4.5));
#3678=CARTESIAN_POINT('Origin',(-34.88461538462,47.11895978744,-2.25));
#3679=CARTESIAN_POINT('',(-34.76923076923,46.97300851082,-4.5));
#3680=CARTESIAN_POINT('Ctrl Pts',(-34.7692310680023,46.9730083416828,-0.299998688944251));
#3681=CARTESIAN_POINT('Ctrl Pts',(-34.7873544053982,46.9959327618453,-0.281875325844351));
#3682=CARTESIAN_POINT('Ctrl Pts',(-34.8056491029544,47.0190741696878,-0.262792986972995));
#3683=CARTESIAN_POINT('Ctrl Pts',(-34.8241365368304,47.042459300438,-0.242809061001765));
#3684=CARTESIAN_POINT('Ctrl Pts',(-34.842624027599,47.065844503153,-0.222825073532605));
#3685=CARTESIAN_POINT('Ctrl Pts',(-34.8613042437295,47.0894734337192,-0.201939499048014));
#3686=CARTESIAN_POINT('Ctrl Pts',(-34.8801986499193,47.1133731787377,-0.180198321385782));
#3687=CARTESIAN_POINT('Origin',(-35.00000046448,45.99999896801,-0.1499987230339));
#3688=CARTESIAN_POINT('Origin',(0.,0.,-4.5));
#3689=CARTESIAN_POINT('',(-36.26491106407,52.,-4.5));
#3690=CARTESIAN_POINT('',(-35.97300851082,52.23076923077,-4.5));
#3691=CARTESIAN_POINT('',(-43.73508893593,52.,-4.5));
#3692=CARTESIAN_POINT('',(-45.,47.26491106407,-4.5));
#3693=CARTESIAN_POINT('Origin',(-45.11538461538,47.11895978744,-2.25));
#3694=CARTESIAN_POINT('Origin',(-45.,52.,0.));
#3695=CARTESIAN_POINT('',(-36.26491106407,52.,-4.5));
#3696=CARTESIAN_POINT('Origin',(-36.11895978744,52.11538461538,-2.25));
#3697=CARTESIAN_POINT('Origin',(0.,0.,-8.));
#3698=CARTESIAN_POINT('',(20.05,-2.45541683229044E-15,-7.));
#3699=CARTESIAN_POINT('Origin',(0.,0.,-7.));
#3700=CARTESIAN_POINT('',(20.05,-2.45541683229044E-15,-8.));
#3701=CARTESIAN_POINT('Origin',(0.,0.,-7.));
#3702=CARTESIAN_POINT('',(6.,-7.34788079488412E-16,-7.));
#3703=CARTESIAN_POINT('Origin',(0.,0.,-7.));
#3704=CARTESIAN_POINT('Origin',(0.,0.,-7.));
#3705=CARTESIAN_POINT('',(6.,-7.34788079488412E-16,-3.9));
#3706=CARTESIAN_POINT('Origin',(0.,0.,-3.9));
#3707=CARTESIAN_POINT('',(6.,-7.34788079488412E-16,-7.));
#3708=CARTESIAN_POINT('Origin',(0.,0.,-3.9));
#3709=CARTESIAN_POINT('Origin',(-42.14656965084,40.,-7.499999992315));
#3710=CARTESIAN_POINT('',(-42.1465696724721,42.9999999972426,-6.9999999978992));
#3711=CARTESIAN_POINT('',(-42.14656969479,43.99999999216,-7.999999992162));
#3712=CARTESIAN_POINT('',(-44.7446458449575,38.4999999757116,-6.99999999778781));
#3713=CARTESIAN_POINT('Origin',(-42.14656965084,40.,-7.));
#3714=CARTESIAN_POINT('',(-45.61067123114,37.99999995518,-7.999999992239));
#3715=CARTESIAN_POINT('Origin',(-42.90970937166,34.32179676972,-7.5));
#3716=CARTESIAN_POINT('',(-40.2087474419748,30.6435934990021,-6.99999999112467));
#3717=CARTESIAN_POINT('',(-44.7446458426,38.49999997479,-6.999999995635));
#3718=CARTESIAN_POINT('',(-41.07477280816,30.14359347337,-7.999999969857));
#3719=CARTESIAN_POINT('Origin',(-37.61067126598,32.14359353945,-7.499999970443));
#3720=CARTESIAN_POINT('',(-37.6106711310985,29.1435935495641,-6.99999999196153));
#3721=CARTESIAN_POINT('Origin',(-37.61067126598,32.14359353945,-7.));
#3722=CARTESIAN_POINT('',(-37.6106710102,28.14359356765,-7.999999971802));
#3723=CARTESIAN_POINT('Origin',(-31.84272207355,28.64359353945,-7.5));
#3724=CARTESIAN_POINT('',(-26.0747728284109,29.1435935498461,-6.99999999112514));
#3725=CARTESIAN_POINT('',(-37.61067112211,29.14359355531,-6.999999984139));
#3726=CARTESIAN_POINT('',(-26.07477278742,28.14359356959,-7.999999969857));
#3727=CARTESIAN_POINT('Origin',(-26.07477288112,32.14359353945,-7.499999970443));
#3728=CARTESIAN_POINT('',(-23.4766966110808,30.64359366132,-6.99999999196119));
#3729=CARTESIAN_POINT('Origin',(-26.07477288112,32.14359353945,-7.));
#3730=CARTESIAN_POINT('',(-22.61067116251,30.14359377506,-7.999999971802));
#3731=CARTESIAN_POINT('Origin',(-20.77573477544,34.32179676972,-7.5));
#3732=CARTESIAN_POINT('',(-18.9407982750485,38.5000000228522,-6.9999999972439));
#3733=CARTESIAN_POINT('',(-23.47669661156,30.64359367198,-6.999999984139));
#3734=CARTESIAN_POINT('',(-18.07477286593,38.00000004197,-7.999999992162));
#3735=CARTESIAN_POINT('Origin',(-21.53887449626,40.,-7.499999992315));
#3736=CARTESIAN_POINT('',(-21.5388745259156,42.9999999972137,-6.99999999778695));
#3737=CARTESIAN_POINT('Origin',(-21.53887449626,40.,-7.));
#3738=CARTESIAN_POINT('',(-21.5388745525,43.99999999224,-7.999999992239));
#3739=CARTESIAN_POINT('Origin',(-31.84272207355,43.5,-7.5));
#3740=CARTESIAN_POINT('',(-21.53887452789,42.99999999563,-6.999999995635));
#3741=CARTESIAN_POINT('Origin',(-42.14656965084,43.,-8.));
#3742=CARTESIAN_POINT('',(-42.14656967556,42.99999999559,-6.999999995591));
#3743=CARTESIAN_POINT('',(-21.53887452789,42.99999999563,-6.999999995635));
#3744=CARTESIAN_POINT('Origin',(-21.53887449626,40.,-8.));
#3745=CARTESIAN_POINT('',(-18.94079827636,38.50000002361,-6.999999995591));
#3746=CARTESIAN_POINT('Origin',(-18.9407982849,38.5,-8.));
#3747=CARTESIAN_POINT('',(-23.47669661156,30.64359367198,-6.999999984139));
#3748=CARTESIAN_POINT('Origin',(-26.07477288112,32.14359353945,-8.));
#3749=CARTESIAN_POINT('',(-26.07477282841,29.1435935564,-6.999999983045));
#3750=CARTESIAN_POINT('Origin',(-26.07477288112,29.14359353945,-8.));
#3751=CARTESIAN_POINT('',(-37.61067112211,29.14359355531,-6.999999984139));
#3752=CARTESIAN_POINT('Origin',(-37.61067126598,32.14359353945,-8.));
#3753=CARTESIAN_POINT('',(-40.2087474363,30.64359350228,-6.999999983045));
#3754=CARTESIAN_POINT('Origin',(-40.20874747733,30.64359353945,-8.));
#3755=CARTESIAN_POINT('',(-44.7446458426,38.49999997479,-6.999999995635));
#3756=CARTESIAN_POINT('Origin',(-42.14656965084,40.,-8.));
#3757=CARTESIAN_POINT('Origin',(-3.552558883258,41.15321248268,-7.499999992315));
#3758=CARTESIAN_POINT('',(-0.08845729687915,43.15321251682,-7.999999992162));
#3759=CARTESIAN_POINT('',(-7.016660519794,43.1532124301,-7.999999992239));
#3760=CARTESIAN_POINT('Origin',(-11.23557158515,34.84584412781,-7.5));
#3761=CARTESIAN_POINT('',(-16.32050809087,27.03847573096,-7.999999992162));
#3762=CARTESIAN_POINT('Origin',(-12.85640646055,25.03847577293,-7.499999992315));
#3763=CARTESIAN_POINT('Origin',(4.130453818635,34.84584412781,-7.5));
#3764=CARTESIAN_POINT('',(9.215390274333,27.03847581776,-7.999999992239));
#3765=CARTESIAN_POINT('Origin',(5.751288694036,25.03847577293,-7.499999992315));
#3766=CARTESIAN_POINT('Origin',(-24.89171449996,19.38746407152,-0.75));
#3767=CARTESIAN_POINT('',(-22.81878121257,20.58427266301,-1.));
#3768=CARTESIAN_POINT('',(-22.81878121257,20.58427266301,-0.5));
#3769=CARTESIAN_POINT('',(-26.96464778734,18.19065548004,-1.));
#3770=CARTESIAN_POINT('',(-22.81878121257,20.58427266301,-1.));
#3771=CARTESIAN_POINT('',(-26.96464778734,18.19065548004,-0.5));
#3772=CARTESIAN_POINT('Origin',(-25.48027286185,15.6196426916,-0.75));
#3773=CARTESIAN_POINT('',(-23.99589793635,13.04862990316,-1.));
#3774=CARTESIAN_POINT('',(-26.96464778734,18.19065548004,-1.));
#3775=CARTESIAN_POINT('',(-23.99589793635,13.04862990316,-0.5));
#3776=CARTESIAN_POINT('Origin',(-23.62332740967,12.72246771967,-0.75));
#3777=CARTESIAN_POINT('',(-23.25075688299,12.39630553618,-1.));
#3778=CARTESIAN_POINT('',(-23.99589793635,13.04862990316,-1.));
#3779=CARTESIAN_POINT('',(-23.25075688299,12.39630553618,-0.5));
#3780=CARTESIAN_POINT('Origin',(-22.81811575512,12.28524691751,-0.75));
#3781=CARTESIAN_POINT('',(-22.38547462724,12.17418829884,-1.));
#3782=CARTESIAN_POINT('',(-23.25075688299,12.39630553618,-1.));
#3783=CARTESIAN_POINT('',(-22.38547462724,12.17418829884,-0.5));
#3784=CARTESIAN_POINT('Origin',(-21.8927631217,12.27823363214,-0.75));
#3785=CARTESIAN_POINT('',(-21.40005161616,12.38227896544,-1.));
#3786=CARTESIAN_POINT('',(-22.38547462724,12.17418829884,-1.));
#3787=CARTESIAN_POINT('',(-21.40005161616,12.38227896544,-0.5));
#3788=CARTESIAN_POINT('Origin',(-20.98546464897,12.62164086255,-0.75));
#3789=CARTESIAN_POINT('',(-20.57087768177,12.86100275966,-1.));
#3790=CARTESIAN_POINT('',(-21.40005161616,12.38227896544,-1.));
#3791=CARTESIAN_POINT('',(-20.57087768177,12.86100275966,-0.5));
#3792=CARTESIAN_POINT('Origin',(-20.23441602722,13.23568077355,-0.75));
#3793=CARTESIAN_POINT('',(-19.89795437267,13.61035878744,-1.));
#3794=CARTESIAN_POINT('',(-20.57087768177,12.86100275966,-1.));
#3795=CARTESIAN_POINT('',(-19.89795437267,13.61035878744,-0.5));
#3796=CARTESIAN_POINT('Origin',(-19.77781339381,14.04056630423,-0.75));
#3797=CARTESIAN_POINT('',(-19.65767241495,14.47077382102,-1.));
#3798=CARTESIAN_POINT('',(-19.89795437267,13.61035878744,-1.));
#3799=CARTESIAN_POINT('',(-19.65767241495,14.47077382102,-0.5));
#3800=CARTESIAN_POINT('Origin',(-19.75385188826,14.95651045358,-0.75));
#3801=CARTESIAN_POINT('',(-19.85003136158,15.44224708613,-1.));
#3802=CARTESIAN_POINT('',(-19.65767241495,14.47077382102,-1.));
#3803=CARTESIAN_POINT('',(-19.85003136158,15.44224708613,-0.5));
#3804=CARTESIAN_POINT('Origin',(-21.33440628707,18.01325987457,-0.75));
#3805=CARTESIAN_POINT('',(-19.85003136158,15.44224708613,-1.));
#3806=CARTESIAN_POINT('Origin',(0.,0.,-1.));
#3807=CARTESIAN_POINT('',(-22.37432594574,23.00594254041,-1.));
#3808=CARTESIAN_POINT('',(-18.62432594574,16.51075201203,-1.));
#3809=CARTESIAN_POINT('',(-22.37432594574,23.00594254041,-1.));
#3810=CARTESIAN_POINT('',(-35.36470700251,15.50594254041,-1.));
#3811=CARTESIAN_POINT('',(-35.36470700251,15.50594254041,-1.));
#3812=CARTESIAN_POINT('',(-34.42720700251,13.88214490832,-1.));
#3813=CARTESIAN_POINT('',(-34.42720700251,13.88214490832,-1.));
#3814=CARTESIAN_POINT('',(-28.62299410754,17.23320878566,-1.));
#3815=CARTESIAN_POINT('',(-28.62299410754,17.23320878566,-1.));
#3816=CARTESIAN_POINT('',(-25.96674418204,12.6324489571,-1.));
#3817=CARTESIAN_POINT('',(-25.96674418204,12.6324489571,-1.));
#3818=CARTESIAN_POINT('',(-30.52095715152,7.116321699348,-1.));
#3819=CARTESIAN_POINT('',(-30.52095715152,7.116321699348,-1.));
#3820=CARTESIAN_POINT('',(-29.42720685349,5.221890612378,-1.));
#3821=CARTESIAN_POINT('',(-29.42720685349,5.221890612378,-1.));
#3822=CARTESIAN_POINT('',(-24.47646185179,11.32779983599,-1.));
#3823=CARTESIAN_POINT('',(-24.47646185179,11.32779983599,-1.));
#3824=CARTESIAN_POINT('',(-23.29867989407,10.56441723748,-1.));
#3825=CARTESIAN_POINT('',(-23.29867989407,10.56441723748,-1.));
#3826=CARTESIAN_POINT('',(-21.72436568061,10.39081621768,-1.));
#3827=CARTESIAN_POINT('',(-21.72436568061,10.39081621768,-1.));
#3828=CARTESIAN_POINT('',(-20.73894266952,10.59890688428,-1.));
#3829=CARTESIAN_POINT('',(-20.73894266952,10.59890688428,-1.));
#3830=CARTESIAN_POINT('',(-19.63337768177,11.23720512757,-1.));
#3831=CARTESIAN_POINT('',(-19.63337768177,11.23720512757,-1.));
#3832=CARTESIAN_POINT('',(-18.96045437267,11.98656115534,-1.));
#3833=CARTESIAN_POINT('',(-18.96045437267,11.98656115534,-1.));
#3834=CARTESIAN_POINT('',(-18.3236401592,13.43675776764,-1.));
#3835=CARTESIAN_POINT('',(-18.3236401592,13.43675776764,-1.));
#3836=CARTESIAN_POINT('',(-18.11946685009,14.99801261146,-1.));
#3837=CARTESIAN_POINT('',(-18.11946685009,14.99801261146,-1.));
#3838=CARTESIAN_POINT('',(-18.62432594574,16.51075201203,-1.));
#3839=CARTESIAN_POINT('Origin',(-20.49932594574,19.75834727622,-0.75));
#3840=CARTESIAN_POINT('',(-22.37432594574,23.00594254041,-0.5));
#3841=CARTESIAN_POINT('',(-18.62432594574,16.51075201203,-0.5));
#3842=CARTESIAN_POINT('Origin',(-18.37189639792,15.75438231174,-0.75));
#3843=CARTESIAN_POINT('',(-18.11946685009,14.99801261146,-0.5));
#3844=CARTESIAN_POINT('Origin',(-18.22155350465,14.21738518955,-0.75));
#3845=CARTESIAN_POINT('',(-18.3236401592,13.43675776764,-0.5));
#3846=CARTESIAN_POINT('Origin',(-18.64204726593,12.71165946149,-0.75));
#3847=CARTESIAN_POINT('',(-18.96045437267,11.98656115534,-0.5));
#3848=CARTESIAN_POINT('Origin',(-19.29691602722,11.61188314145,-0.75));
#3849=CARTESIAN_POINT('',(-19.63337768177,11.23720512757,-0.5));
#3850=CARTESIAN_POINT('Origin',(-20.18616017565,10.91805600592,-0.75));
#3851=CARTESIAN_POINT('',(-20.73894266952,10.59890688428,-0.5));
#3852=CARTESIAN_POINT('Origin',(-21.23165417507,10.49486155098,-0.75));
#3853=CARTESIAN_POINT('',(-21.72436568061,10.39081621768,-0.5));
#3854=CARTESIAN_POINT('Origin',(-22.51152278734,10.47761672758,-0.75));
#3855=CARTESIAN_POINT('',(-23.29867989407,10.56441723748,-0.5));
#3856=CARTESIAN_POINT('Origin',(-23.88757087293,10.94610853674,-0.75));
#3857=CARTESIAN_POINT('',(-24.47646185179,11.32779983599,-0.5));
#3858=CARTESIAN_POINT('Origin',(-26.95183435264,8.274845224184,-0.75));
#3859=CARTESIAN_POINT('',(-29.42720685349,5.221890612378,-0.5));
#3860=CARTESIAN_POINT('Origin',(-29.97408200251,6.169106155863,-0.75));
#3861=CARTESIAN_POINT('',(-30.52095715152,7.116321699348,-0.5));
#3862=CARTESIAN_POINT('Origin',(-28.24385066678,9.874385328226,-0.75));
#3863=CARTESIAN_POINT('',(-25.96674418204,12.6324489571,-0.5));
#3864=CARTESIAN_POINT('Origin',(-27.29486914479,14.93282887138,-0.75));
#3865=CARTESIAN_POINT('',(-28.62299410754,17.23320878566,-0.5));
#3866=CARTESIAN_POINT('Origin',(-31.52510055502,15.55767684699,-0.75));
#3867=CARTESIAN_POINT('',(-34.42720700251,13.88214490832,-0.5));
#3868=CARTESIAN_POINT('Origin',(-34.89595700251,14.69404372437,-0.75));
#3869=CARTESIAN_POINT('',(-35.36470700251,15.50594254041,-0.5));
#3870=CARTESIAN_POINT('Origin',(-28.86951647412,19.25594254041,-0.75));
#3871=CARTESIAN_POINT('Origin',(0.,0.,-7.));
#3872=CARTESIAN_POINT('',(5.49724888355547,0.173938817542597,-7.));
#3873=CARTESIAN_POINT('Origin',(0.,0.,-7.));
#3874=CARTESIAN_POINT('Origin',(0.,0.,-6.5));
#3875=CARTESIAN_POINT('',(5.99699878206052,0.189751437319197,-6.5));
#3876=CARTESIAN_POINT('Origin',(5.49724888355547,0.173938817542597,-6.5));
#3877=CARTESIAN_POINT('',(6.,0.,-6.5));
#3878=CARTESIAN_POINT('Origin',(0.,0.,-6.5));
#3879=CARTESIAN_POINT('Origin',(0.,0.,-6.5));
#3880=CARTESIAN_POINT('Origin',(0.,0.,-7.));
#3881=CARTESIAN_POINT('',(6.,-7.34788079488412E-16,-4.5));
#3882=CARTESIAN_POINT('',(6.,-7.34788079488412E-16,-7.));
#3883=CARTESIAN_POINT('',(-5.99394412124179,0.269506718712069,-4.5));
#3884=CARTESIAN_POINT('Origin',(0.,0.,-4.5));
#3885=CARTESIAN_POINT('Origin',(0.,0.,-4.5));
#3886=CARTESIAN_POINT('Origin',(0.,0.,-4.5));
#3887=CARTESIAN_POINT('',(-5.49444877780498,0.247047825486064,-4.));
#3888=CARTESIAN_POINT('Origin',(-5.49444877780498,0.247047825486064,-4.5));
#3889=CARTESIAN_POINT('Origin',(0.,0.,-4.));
#3890=CARTESIAN_POINT('Origin',(0.,0.,-4.));
#3891=UNCERTAINTY_MEASURE_WITH_UNIT(LENGTH_MEASURE(0.01),#3895,
'DISTANCE_ACCURACY_VALUE',
'Maximum model space distance between geometric entities at asserted c
onnectivities');
#3892=UNCERTAINTY_MEASURE_WITH_UNIT(LENGTH_MEASURE(0.01),#3895,
'DISTANCE_ACCURACY_VALUE',
'Maximum model space distance between geometric entities at asserted c
onnectivities');
#3893=(
GEOMETRIC_REPRESENTATION_CONTEXT(3)
GLOBAL_UNCERTAINTY_ASSIGNED_CONTEXT((#3891))
GLOBAL_UNIT_ASSIGNED_CONTEXT((#3895,#3897,#3898))
REPRESENTATION_CONTEXT('','3D')
);
#3894=(
GEOMETRIC_REPRESENTATION_CONTEXT(3)
GLOBAL_UNCERTAINTY_ASSIGNED_CONTEXT((#3892))
GLOBAL_UNIT_ASSIGNED_CONTEXT((#3895,#3897,#3898))
REPRESENTATION_CONTEXT('','3D')
);
#3895=(
LENGTH_UNIT()
NAMED_UNIT(*)
SI_UNIT(.MILLI.,.METRE.)
);
#3896=(
LENGTH_UNIT()
NAMED_UNIT(*)
SI_UNIT($,.METRE.)
);
#3897=(
NAMED_UNIT(*)
PLANE_ANGLE_UNIT()
SI_UNIT($,.RADIAN.)
);
#3898=(
NAMED_UNIT(*)
SI_UNIT($,.STERADIAN.)
SOLID_ANGLE_UNIT()
);
#3899=SHAPE_DEFINITION_REPRESENTATION(#3900,#3901);
#3900=PRODUCT_DEFINITION_SHAPE('',$,#3903);
#3901=SHAPE_REPRESENTATION('',(#2313),#3893);
#3902=PRODUCT_DEFINITION_CONTEXT('part definition',#3907,'design');
#3903=PRODUCT_DEFINITION('2026-07-09-11-16-06-979','2-LINK-4_5-R',#3904,
#3902);
#3904=PRODUCT_DEFINITION_FORMATION('',$,#3909);
#3905=PRODUCT_RELATED_PRODUCT_CATEGORY('2-LINK-4_5-R','2-LINK-4_5-R',(#3909));
#3906=APPLICATION_PROTOCOL_DEFINITION('international standard',
'automotive_design',2009,#3907);
#3907=APPLICATION_CONTEXT(
'Core Data for Automotive Mechanical Design Process');
#3908=PRODUCT_CONTEXT('part definition',#3907,'mechanical');
#3909=PRODUCT('2026-07-09-11-16-06-979','2-LINK-4_5-R','NOT SPECIFIED',
(#3908));
#3910=PRESENTATION_STYLE_ASSIGNMENT((#3911));
#3911=SURFACE_STYLE_USAGE(.BOTH.,#3912);
#3912=SURFACE_SIDE_STYLE('',(#3913));
#3913=SURFACE_STYLE_FILL_AREA(#3914);
#3914=FILL_AREA_STYLE('\X2\94A2\X0\ - \X2\7F0E5149\X0\',(#3915));
#3915=FILL_AREA_STYLE_COLOUR('\X2\94A2\X0\ - \X2\7F0E5149\X0\',#3916);
#3916=COLOUR_RGB('\X2\94A2\X0\ - \X2\7F0E5149\X0\',0.627450980392157,0.627450980392157,
0.627450980392157);
ENDSEC;
END-ISO-10303-21;
