ISO-10303-21;
HEADER;
/* Generated by software containing ST-Developer
 * from STEP Tools, Inc. (www.steptools.com) 
 */

FILE_DESCRIPTION(
/* description */ ('NOT SPECIFIED'),
/* implementation_level */ '2;1');

FILE_NAME(
/* name */ '2-LINK-3_4-L.step',
/* time_stamp */ '2026-07-09T11:09:20+08:00',
/* author */ (''),
/* organization */ (''),
/* preprocessor_version */ 'ST-DEVELOPER v20.1',
/* originating_system */ 'Autodesk Translation Framework v15.8.0.0',
/* authorisation */ '');

FILE_SCHEMA (('AUTOMOTIVE_DESIGN { 1 0 10303 214 3 1 1 }'));
ENDSEC;

DATA;
#10=MECHANICAL_DESIGN_GEOMETRIC_PRESENTATION_REPRESENTATION('',(#13),#5058);
#11=SHAPE_REPRESENTATION_RELATIONSHIP('SRR','None',#5065,#12);
#12=ADVANCED_BREP_SHAPE_REPRESENTATION('',(#14),#5057);
#13=STYLED_ITEM('',(#5074),#14);
#14=MANIFOLD_SOLID_BREP('\X2\5B9E4F53\X0\1',#2892);
#15=B_SPLINE_CURVE_WITH_KNOTS('',3,(#4905,#4906,#4907,#4908,#4909,#4910,
#4911,#4912,#4913,#4914),.UNSPECIFIED.,.F.,.F.,(4,2,2,2,4),(1.60315681929113,
1.66729289018542,1.73999622137738,1.81269955256935,1.87683562346348),
 .UNSPECIFIED.);
#16=B_SPLINE_CURVE_WITH_KNOTS('',3,(#4920,#4921,#4922,#4923,#4924,#4925,
#4926,#4927,#4928,#4929),.UNSPECIFIED.,.F.,.F.,(4,2,2,2,4),(-1.87683562346275,
-1.81269955256935,-1.73999622137738,-1.66729289018542,-1.60315681929236),
 .UNSPECIFIED.);
#17=B_SPLINE_CURVE_WITH_KNOTS('',3,(#4930,#4931,#4932,#4933,#4934,#4935,
#4936,#4937,#4938,#4939),.UNSPECIFIED.,.F.,.F.,(4,2,2,2,4),(-1.87683562346337,
-1.81269955256935,-1.73999622137738,-1.66729289018542,-1.60315681929192),
 .UNSPECIFIED.);
#18=B_SPLINE_CURVE_WITH_KNOTS('',3,(#4940,#4941,#4942,#4943,#4944,#4945,
#4946,#4947,#4948,#4949),.UNSPECIFIED.,.F.,.F.,(4,2,2,2,4),(-1.87683562346275,
-1.81269955256935,-1.73999622137738,-1.66729289018542,-1.60315681929147),
 .UNSPECIFIED.);
#19=B_SPLINE_CURVE_WITH_KNOTS('',3,(#4950,#4951,#4952,#4953,#4954,#4955,
#4956,#4957,#4958,#4959),.UNSPECIFIED.,.F.,.F.,(4,2,2,2,4),(-1.87683562346303,
-1.81269955256935,-1.73999622137738,-1.66729289018542,-1.60315681929202),
 .UNSPECIFIED.);
#20=CONICAL_SURFACE('',#2922,2.3,0.785398163397448);
#21=CONICAL_SURFACE('',#2929,2.3,0.785398163397448);
#22=CONICAL_SURFACE('',#2936,2.3,0.785398163397448);
#23=CONICAL_SURFACE('',#2942,0.7499999946097,0.785398163397448);
#24=CONICAL_SURFACE('',#2947,0.7499999941107,0.785398163397448);
#25=CONICAL_SURFACE('',#2954,3.249999997268,0.785398163397448);
#26=CONICAL_SURFACE('',#2959,3.249999997268,0.785398163397448);
#27=CONICAL_SURFACE('',#2995,2.3,0.785398163397448);
#28=CONICAL_SURFACE('',#3023,2.3,0.785398163397448);
#29=CONICAL_SURFACE('',#3030,2.3,0.785398163397448);
#30=CONICAL_SURFACE('',#3037,2.3,0.785398163397448);
#31=CONICAL_SURFACE('',#3044,1.405,0.785398163397448);
#32=CONICAL_SURFACE('',#3047,1.405,0.785398163397448);
#33=CONICAL_SURFACE('',#3050,1.405,0.785398163397448);
#34=CONICAL_SURFACE('',#3053,1.405,0.785398163397448);
#35=CONICAL_SURFACE('',#3056,2.3,0.785398163397448);
#36=CONICAL_SURFACE('',#3063,2.3,0.785398163397448);
#37=CONICAL_SURFACE('',#3070,2.3,0.785398163397448);
#38=CONICAL_SURFACE('',#3077,9.749999949884,0.785398163397448);
#39=CONICAL_SURFACE('',#3079,10.24999992219,0.785398163397448);
#40=CONICAL_SURFACE('',#3082,1.74999999759,0.785398163397448);
#41=CONICAL_SURFACE('',#3085,4.749999970487,0.785398163397448);
#42=CONICAL_SURFACE('',#3099,2.249999968182,0.785398163397448);
#43=CONICAL_SURFACE('',#3100,24.74999999768,0.785398163397448);
#44=CONICAL_SURFACE('',#3105,2.249999968182,0.785398163397448);
#45=CONICAL_SURFACE('',#3108,2.999999986686,0.785398163397448);
#46=CONICAL_SURFACE('',#3111,2.9999999762,0.785398163397448);
#47=CONICAL_SURFACE('',#3114,2.999999994666,0.785398163397448);
#48=CONICAL_SURFACE('',#3117,2.999999954793,0.785398163397448);
#49=CONICAL_SURFACE('',#3132,0.7499999941107,0.785398163397448);
#50=CONICAL_SURFACE('',#3144,0.7499999946097,0.785398163397448);
#51=CONICAL_SURFACE('',#3146,3.249999997268,0.785398163397448);
#52=CONICAL_SURFACE('',#3151,3.249999997268,0.785398163397448);
#53=CONICAL_SURFACE('',#3199,2.3,0.785398163397448);
#54=CONICAL_SURFACE('',#3206,2.3,0.785398163397448);
#55=CONICAL_SURFACE('',#3211,28.25016752972,0.785398163397448);
#56=CONICAL_SURFACE('',#3216,10.24999996426,0.785398163397448);
#57=CONICAL_SURFACE('',#3221,10.24999999856,0.785398163397448);
#58=CONICAL_SURFACE('',#3226,2.3,0.785398163397448);
#59=CONICAL_SURFACE('',#3233,2.3,0.785398163397448);
#60=CONICAL_SURFACE('',#3240,2.3,0.785398163397448);
#61=CONICAL_SURFACE('',#3247,2.3,0.785398163397448);
#62=CONICAL_SURFACE('',#3252,2.3,0.785398163397448);
#63=CONICAL_SURFACE('',#3259,2.3,0.785398163397448);
#64=FACE_BOUND('',#550,.T.);
#65=FACE_BOUND('',#551,.T.);
#66=FACE_BOUND('',#552,.T.);
#67=FACE_BOUND('',#556,.T.);
#68=FACE_BOUND('',#557,.T.);
#69=FACE_BOUND('',#558,.T.);
#70=FACE_BOUND('',#562,.T.);
#71=FACE_BOUND('',#567,.T.);
#72=FACE_BOUND('',#572,.T.);
#73=FACE_BOUND('',#592,.T.);
#74=FACE_BOUND('',#593,.T.);
#75=FACE_BOUND('',#594,.T.);
#76=FACE_BOUND('',#595,.T.);
#77=FACE_BOUND('',#596,.T.);
#78=FACE_BOUND('',#597,.T.);
#79=FACE_BOUND('',#598,.T.);
#80=FACE_BOUND('',#599,.T.);
#81=FACE_BOUND('',#600,.T.);
#82=FACE_BOUND('',#601,.T.);
#83=FACE_BOUND('',#602,.T.);
#84=FACE_BOUND('',#603,.T.);
#85=FACE_BOUND('',#606,.T.);
#86=FACE_BOUND('',#610,.T.);
#87=FACE_BOUND('',#611,.T.);
#88=FACE_BOUND('',#612,.T.);
#89=FACE_BOUND('',#613,.T.);
#90=FACE_BOUND('',#614,.T.);
#91=FACE_BOUND('',#615,.T.);
#92=FACE_BOUND('',#616,.T.);
#93=FACE_BOUND('',#617,.T.);
#94=FACE_BOUND('',#618,.T.);
#95=FACE_BOUND('',#619,.T.);
#96=FACE_BOUND('',#620,.T.);
#97=FACE_BOUND('',#621,.T.);
#98=FACE_BOUND('',#625,.T.);
#99=FACE_BOUND('',#630,.T.);
#100=FACE_BOUND('',#635,.T.);
#101=FACE_BOUND('',#648,.T.);
#102=FACE_BOUND('',#653,.T.);
#103=FACE_BOUND('',#658,.T.);
#104=FACE_BOUND('',#723,.T.);
#105=FACE_BOUND('',#724,.T.);
#106=FACE_BOUND('',#725,.T.);
#107=FACE_BOUND('',#726,.T.);
#108=FACE_BOUND('',#729,.T.);
#109=FACE_BOUND('',#730,.T.);
#110=FACE_BOUND('',#731,.T.);
#111=FACE_BOUND('',#732,.T.);
#112=FACE_BOUND('',#733,.T.);
#113=FACE_BOUND('',#734,.T.);
#114=FACE_BOUND('',#735,.T.);
#115=FACE_BOUND('',#736,.T.);
#116=FACE_BOUND('',#737,.T.);
#117=FACE_BOUND('',#741,.T.);
#118=FACE_BOUND('',#746,.T.);
#119=FACE_BOUND('',#758,.T.);
#120=FACE_BOUND('',#763,.T.);
#121=FACE_BOUND('',#768,.T.);
#122=FACE_BOUND('',#773,.T.);
#123=FACE_BOUND('',#779,.T.);
#124=FACE_BOUND('',#784,.T.);
#125=CIRCLE('',#2908,3.5);
#126=CIRCLE('',#2909,3.5);
#127=CIRCLE('',#2911,3.25);
#128=CIRCLE('',#2912,3.25);
#129=CIRCLE('',#2913,3.25);
#130=CIRCLE('',#2917,1.6);
#131=CIRCLE('',#2918,1.6);
#132=CIRCLE('',#2919,1.6);
#133=CIRCLE('',#2921,1.6);
#134=CIRCLE('',#2923,3.);
#135=CIRCLE('',#2925,3.25);
#136=CIRCLE('',#2928,1.6);
#137=CIRCLE('',#2930,3.);
#138=CIRCLE('',#2932,3.25);
#139=CIRCLE('',#2935,1.6);
#140=CIRCLE('',#2937,3.);
#141=CIRCLE('',#2939,3.25);
#142=CIRCLE('',#2943,0.5);
#143=CIRCLE('',#2944,1.);
#144=CIRCLE('',#2946,0.5);
#145=CIRCLE('',#2948,1.);
#146=CIRCLE('',#2955,3.5);
#147=CIRCLE('',#2956,3.);
#148=CIRCLE('',#2958,3.5);
#149=CIRCLE('',#2960,3.);
#150=CIRCLE('',#2962,0.5);
#151=CIRCLE('',#2964,0.5);
#152=CIRCLE('',#2969,2.5);
#153=CIRCLE('',#2970,24.5);
#154=CIRCLE('',#2971,2.5);
#155=CIRCLE('',#2972,9.5);
#156=CIRCLE('',#2973,10.5);
#157=CIRCLE('',#2974,1.5);
#158=CIRCLE('',#2975,4.5);
#159=CIRCLE('',#2976,3.25);
#160=CIRCLE('',#2977,3.25);
#161=CIRCLE('',#2978,3.25);
#162=CIRCLE('',#2979,1.56);
#163=CIRCLE('',#2980,1.56);
#164=CIRCLE('',#2981,1.56);
#165=CIRCLE('',#2982,1.56);
#166=CIRCLE('',#2983,3.25);
#167=CIRCLE('',#2984,3.25);
#168=CIRCLE('',#2985,3.25);
#169=CIRCLE('',#2986,3.5);
#170=CIRCLE('',#2987,3.5);
#171=CIRCLE('',#2988,3.5);
#172=CIRCLE('',#2989,3.5);
#173=CIRCLE('',#2990,3.25);
#174=CIRCLE('',#2992,3.25);
#175=CIRCLE('',#2994,3.);
#176=CIRCLE('',#2996,1.6);
#177=CIRCLE('',#2998,1.6);
#178=CIRCLE('',#3000,10.);
#179=CIRCLE('',#3001,2.);
#180=CIRCLE('',#3002,25.);
#181=CIRCLE('',#3003,2.);
#182=CIRCLE('',#3004,5.);
#183=CIRCLE('',#3005,2.);
#184=CIRCLE('',#3006,10.);
#185=CIRCLE('',#3007,1.6);
#186=CIRCLE('',#3008,1.6);
#187=CIRCLE('',#3009,1.6);
#188=CIRCLE('',#3010,1.25);
#189=CIRCLE('',#3011,1.25);
#190=CIRCLE('',#3012,1.25);
#191=CIRCLE('',#3013,1.25);
#192=CIRCLE('',#3014,1.6);
#193=CIRCLE('',#3015,1.6);
#194=CIRCLE('',#3016,1.6);
#195=CIRCLE('',#3017,2.5);
#196=CIRCLE('',#3018,2.5);
#197=CIRCLE('',#3019,2.5);
#198=CIRCLE('',#3020,2.5);
#199=CIRCLE('',#3022,1.6);
#200=CIRCLE('',#3024,3.);
#201=CIRCLE('',#3026,3.25);
#202=CIRCLE('',#3029,1.6);
#203=CIRCLE('',#3031,3.);
#204=CIRCLE('',#3033,3.25);
#205=CIRCLE('',#3036,1.6);
#206=CIRCLE('',#3038,3.);
#207=CIRCLE('',#3040,3.25);
#208=CIRCLE('',#3043,1.25);
#209=CIRCLE('',#3046,1.25);
#210=CIRCLE('',#3049,1.25);
#211=CIRCLE('',#3052,1.25);
#212=CIRCLE('',#3055,1.6);
#213=CIRCLE('',#3057,3.);
#214=CIRCLE('',#3059,3.25);
#215=CIRCLE('',#3062,1.6);
#216=CIRCLE('',#3064,3.);
#217=CIRCLE('',#3066,3.25);
#218=CIRCLE('',#3069,1.6);
#219=CIRCLE('',#3071,3.);
#220=CIRCLE('',#3073,3.25);
#221=CIRCLE('',#3076,10.);
#222=CIRCLE('',#3080,10.);
#223=CIRCLE('',#3083,2.);
#224=CIRCLE('',#3086,5.);
#225=CIRCLE('',#3098,2.);
#226=CIRCLE('',#3101,25.);
#227=CIRCLE('',#3104,2.);
#228=CIRCLE('',#3109,2.5);
#229=CIRCLE('',#3112,2.5);
#230=CIRCLE('',#3115,2.5);
#231=CIRCLE('',#3118,2.5);
#232=CIRCLE('',#3130,1.);
#233=CIRCLE('',#3131,3.5);
#234=CIRCLE('',#3133,0.5);
#235=CIRCLE('',#3135,0.5);
#236=CIRCLE('',#3141,3.5);
#237=CIRCLE('',#3143,1.);
#238=CIRCLE('',#3147,3.5);
#239=CIRCLE('',#3148,3.);
#240=CIRCLE('',#3150,3.5);
#241=CIRCLE('',#3152,3.);
#242=CIRCLE('',#3154,0.5);
#243=CIRCLE('',#3156,0.5);
#244=CIRCLE('',#3161,28.);
#245=CIRCLE('',#3162,3.25);
#246=CIRCLE('',#3163,3.25);
#247=CIRCLE('',#3164,28.00000000001);
#248=CIRCLE('',#3165,10.5);
#249=CIRCLE('',#3166,10.5);
#250=CIRCLE('',#3167,28.00000000001);
#251=CIRCLE('',#3168,3.25);
#252=CIRCLE('',#3169,3.25);
#253=CIRCLE('',#3170,28.);
#254=CIRCLE('',#3171,3.25);
#255=CIRCLE('',#3172,3.25);
#256=CIRCLE('',#3173,28.);
#257=CIRCLE('',#3174,3.25);
#258=CIRCLE('',#3175,3.25);
#259=CIRCLE('',#3176,28.);
#260=CIRCLE('',#3177,3.25);
#261=CIRCLE('',#3178,3.25);
#262=CIRCLE('',#3179,3.25);
#263=CIRCLE('',#3180,3.25);
#264=CIRCLE('',#3181,3.25);
#265=CIRCLE('',#3182,20.);
#266=CIRCLE('',#3184,20.);
#267=CIRCLE('',#3186,28.5);
#268=CIRCLE('',#3187,10.);
#269=CIRCLE('',#3188,10.);
#270=CIRCLE('',#3189,1.6);
#271=CIRCLE('',#3190,1.6);
#272=CIRCLE('',#3191,1.6);
#273=CIRCLE('',#3192,1.6);
#274=CIRCLE('',#3193,1.6);
#275=CIRCLE('',#3194,1.6);
#276=CIRCLE('',#3195,1.6);
#277=CIRCLE('',#3196,1.6);
#278=CIRCLE('',#3198,1.6);
#279=CIRCLE('',#3200,3.);
#280=CIRCLE('',#3202,3.25);
#281=CIRCLE('',#3205,1.6);
#282=CIRCLE('',#3207,3.);
#283=CIRCLE('',#3209,3.25);
#284=CIRCLE('',#3212,28.5);
#285=CIRCLE('',#3215,10.);
#286=CIRCLE('',#3220,10.);
#287=CIRCLE('',#3223,3.25);
#288=CIRCLE('',#3225,3.);
#289=CIRCLE('',#3227,1.6);
#290=CIRCLE('',#3230,3.25);
#291=CIRCLE('',#3232,3.);
#292=CIRCLE('',#3234,1.6);
#293=CIRCLE('',#3237,3.25);
#294=CIRCLE('',#3239,3.);
#295=CIRCLE('',#3241,1.6);
#296=CIRCLE('',#3244,3.25);
#297=CIRCLE('',#3246,3.);
#298=CIRCLE('',#3248,1.6);
#299=CIRCLE('',#3251,1.6);
#300=CIRCLE('',#3253,3.);
#301=CIRCLE('',#3255,3.25);
#302=CIRCLE('',#3258,1.6);
#303=CIRCLE('',#3260,3.);
#304=CIRCLE('',#3262,3.25);
#305=CYLINDRICAL_SURFACE('',#2907,3.5);
#306=CYLINDRICAL_SURFACE('',#2920,1.6);
#307=CYLINDRICAL_SURFACE('',#2926,3.25);
#308=CYLINDRICAL_SURFACE('',#2927,1.6);
#309=CYLINDRICAL_SURFACE('',#2933,3.25);
#310=CYLINDRICAL_SURFACE('',#2934,1.6);
#311=CYLINDRICAL_SURFACE('',#2940,3.25);
#312=CYLINDRICAL_SURFACE('',#2945,0.5);
#313=CYLINDRICAL_SURFACE('',#2957,3.5);
#314=CYLINDRICAL_SURFACE('',#2963,0.5);
#315=CYLINDRICAL_SURFACE('',#2991,3.25);
#316=CYLINDRICAL_SURFACE('',#2997,1.6);
#317=CYLINDRICAL_SURFACE('',#3021,1.6);
#318=CYLINDRICAL_SURFACE('',#3027,3.25);
#319=CYLINDRICAL_SURFACE('',#3028,1.6);
#320=CYLINDRICAL_SURFACE('',#3034,3.25);
#321=CYLINDRICAL_SURFACE('',#3035,1.6);
#322=CYLINDRICAL_SURFACE('',#3041,3.25);
#323=CYLINDRICAL_SURFACE('',#3042,1.25);
#324=CYLINDRICAL_SURFACE('',#3045,1.25);
#325=CYLINDRICAL_SURFACE('',#3048,1.25);
#326=CYLINDRICAL_SURFACE('',#3051,1.25);
#327=CYLINDRICAL_SURFACE('',#3054,1.6);
#328=CYLINDRICAL_SURFACE('',#3060,3.25);
#329=CYLINDRICAL_SURFACE('',#3061,1.6);
#330=CYLINDRICAL_SURFACE('',#3067,3.25);
#331=CYLINDRICAL_SURFACE('',#3068,1.6);
#332=CYLINDRICAL_SURFACE('',#3074,3.25);
#333=CYLINDRICAL_SURFACE('',#3075,10.);
#334=CYLINDRICAL_SURFACE('',#3089,5.);
#335=CYLINDRICAL_SURFACE('',#3091,2.);
#336=CYLINDRICAL_SURFACE('',#3093,10.);
#337=CYLINDRICAL_SURFACE('',#3097,2.);
#338=CYLINDRICAL_SURFACE('',#3102,25.);
#339=CYLINDRICAL_SURFACE('',#3103,2.);
#340=CYLINDRICAL_SURFACE('',#3119,2.5);
#341=CYLINDRICAL_SURFACE('',#3121,2.5);
#342=CYLINDRICAL_SURFACE('',#3123,2.5);
#343=CYLINDRICAL_SURFACE('',#3125,2.5);
#344=CYLINDRICAL_SURFACE('',#3134,0.5);
#345=CYLINDRICAL_SURFACE('',#3140,3.5);
#346=CYLINDRICAL_SURFACE('',#3149,3.5);
#347=CYLINDRICAL_SURFACE('',#3155,0.5);
#348=CYLINDRICAL_SURFACE('',#3183,20.);
#349=CYLINDRICAL_SURFACE('',#3197,1.6);
#350=CYLINDRICAL_SURFACE('',#3203,3.25);
#351=CYLINDRICAL_SURFACE('',#3204,1.6);
#352=CYLINDRICAL_SURFACE('',#3210,3.25);
#353=CYLINDRICAL_SURFACE('',#3213,28.5);
#354=CYLINDRICAL_SURFACE('',#3214,10.);
#355=CYLINDRICAL_SURFACE('',#3219,10.);
#356=CYLINDRICAL_SURFACE('',#3222,3.25);
#357=CYLINDRICAL_SURFACE('',#3228,1.6);
#358=CYLINDRICAL_SURFACE('',#3229,3.25);
#359=CYLINDRICAL_SURFACE('',#3235,1.6);
#360=CYLINDRICAL_SURFACE('',#3236,3.25);
#361=CYLINDRICAL_SURFACE('',#3242,1.6);
#362=CYLINDRICAL_SURFACE('',#3243,3.25);
#363=CYLINDRICAL_SURFACE('',#3249,1.6);
#364=CYLINDRICAL_SURFACE('',#3250,1.6);
#365=CYLINDRICAL_SURFACE('',#3256,3.25);
#366=CYLINDRICAL_SURFACE('',#3257,1.6);
#367=CYLINDRICAL_SURFACE('',#3263,3.25);
#368=FACE_OUTER_BOUND('',#547,.T.);
#369=FACE_OUTER_BOUND('',#548,.T.);
#370=FACE_OUTER_BOUND('',#549,.T.);
#371=FACE_OUTER_BOUND('',#553,.T.);
#372=FACE_OUTER_BOUND('',#554,.T.);
#373=FACE_OUTER_BOUND('',#555,.T.);
#374=FACE_OUTER_BOUND('',#559,.T.);
#375=FACE_OUTER_BOUND('',#560,.T.);
#376=FACE_OUTER_BOUND('',#561,.T.);
#377=FACE_OUTER_BOUND('',#563,.T.);
#378=FACE_OUTER_BOUND('',#564,.T.);
#379=FACE_OUTER_BOUND('',#565,.T.);
#380=FACE_OUTER_BOUND('',#566,.T.);
#381=FACE_OUTER_BOUND('',#568,.T.);
#382=FACE_OUTER_BOUND('',#569,.T.);
#383=FACE_OUTER_BOUND('',#570,.T.);
#384=FACE_OUTER_BOUND('',#571,.T.);
#385=FACE_OUTER_BOUND('',#573,.T.);
#386=FACE_OUTER_BOUND('',#574,.T.);
#387=FACE_OUTER_BOUND('',#575,.T.);
#388=FACE_OUTER_BOUND('',#576,.T.);
#389=FACE_OUTER_BOUND('',#577,.T.);
#390=FACE_OUTER_BOUND('',#578,.T.);
#391=FACE_OUTER_BOUND('',#579,.T.);
#392=FACE_OUTER_BOUND('',#580,.T.);
#393=FACE_OUTER_BOUND('',#581,.T.);
#394=FACE_OUTER_BOUND('',#582,.T.);
#395=FACE_OUTER_BOUND('',#583,.T.);
#396=FACE_OUTER_BOUND('',#584,.T.);
#397=FACE_OUTER_BOUND('',#585,.T.);
#398=FACE_OUTER_BOUND('',#586,.T.);
#399=FACE_OUTER_BOUND('',#587,.T.);
#400=FACE_OUTER_BOUND('',#588,.T.);
#401=FACE_OUTER_BOUND('',#589,.T.);
#402=FACE_OUTER_BOUND('',#590,.T.);
#403=FACE_OUTER_BOUND('',#591,.T.);
#404=FACE_OUTER_BOUND('',#604,.T.);
#405=FACE_OUTER_BOUND('',#605,.T.);
#406=FACE_OUTER_BOUND('',#607,.T.);
#407=FACE_OUTER_BOUND('',#608,.T.);
#408=FACE_OUTER_BOUND('',#609,.T.);
#409=FACE_OUTER_BOUND('',#622,.T.);
#410=FACE_OUTER_BOUND('',#623,.T.);
#411=FACE_OUTER_BOUND('',#624,.T.);
#412=FACE_OUTER_BOUND('',#626,.T.);
#413=FACE_OUTER_BOUND('',#627,.T.);
#414=FACE_OUTER_BOUND('',#628,.T.);
#415=FACE_OUTER_BOUND('',#629,.T.);
#416=FACE_OUTER_BOUND('',#631,.T.);
#417=FACE_OUTER_BOUND('',#632,.T.);
#418=FACE_OUTER_BOUND('',#633,.T.);
#419=FACE_OUTER_BOUND('',#634,.T.);
#420=FACE_OUTER_BOUND('',#636,.T.);
#421=FACE_OUTER_BOUND('',#637,.T.);
#422=FACE_OUTER_BOUND('',#638,.T.);
#423=FACE_OUTER_BOUND('',#639,.T.);
#424=FACE_OUTER_BOUND('',#640,.T.);
#425=FACE_OUTER_BOUND('',#641,.T.);
#426=FACE_OUTER_BOUND('',#642,.T.);
#427=FACE_OUTER_BOUND('',#643,.T.);
#428=FACE_OUTER_BOUND('',#644,.T.);
#429=FACE_OUTER_BOUND('',#645,.T.);
#430=FACE_OUTER_BOUND('',#646,.T.);
#431=FACE_OUTER_BOUND('',#647,.T.);
#432=FACE_OUTER_BOUND('',#649,.T.);
#433=FACE_OUTER_BOUND('',#650,.T.);
#434=FACE_OUTER_BOUND('',#651,.T.);
#435=FACE_OUTER_BOUND('',#652,.T.);
#436=FACE_OUTER_BOUND('',#654,.T.);
#437=FACE_OUTER_BOUND('',#655,.T.);
#438=FACE_OUTER_BOUND('',#656,.T.);
#439=FACE_OUTER_BOUND('',#657,.T.);
#440=FACE_OUTER_BOUND('',#659,.T.);
#441=FACE_OUTER_BOUND('',#660,.T.);
#442=FACE_OUTER_BOUND('',#661,.T.);
#443=FACE_OUTER_BOUND('',#662,.T.);
#444=FACE_OUTER_BOUND('',#663,.T.);
#445=FACE_OUTER_BOUND('',#664,.T.);
#446=FACE_OUTER_BOUND('',#665,.T.);
#447=FACE_OUTER_BOUND('',#666,.T.);
#448=FACE_OUTER_BOUND('',#667,.T.);
#449=FACE_OUTER_BOUND('',#668,.T.);
#450=FACE_OUTER_BOUND('',#669,.T.);
#451=FACE_OUTER_BOUND('',#670,.T.);
#452=FACE_OUTER_BOUND('',#671,.T.);
#453=FACE_OUTER_BOUND('',#672,.T.);
#454=FACE_OUTER_BOUND('',#673,.T.);
#455=FACE_OUTER_BOUND('',#674,.T.);
#456=FACE_OUTER_BOUND('',#675,.T.);
#457=FACE_OUTER_BOUND('',#676,.T.);
#458=FACE_OUTER_BOUND('',#677,.T.);
#459=FACE_OUTER_BOUND('',#678,.T.);
#460=FACE_OUTER_BOUND('',#679,.T.);
#461=FACE_OUTER_BOUND('',#680,.T.);
#462=FACE_OUTER_BOUND('',#681,.T.);
#463=FACE_OUTER_BOUND('',#682,.T.);
#464=FACE_OUTER_BOUND('',#683,.T.);
#465=FACE_OUTER_BOUND('',#684,.T.);
#466=FACE_OUTER_BOUND('',#685,.T.);
#467=FACE_OUTER_BOUND('',#686,.T.);
#468=FACE_OUTER_BOUND('',#687,.T.);
#469=FACE_OUTER_BOUND('',#688,.T.);
#470=FACE_OUTER_BOUND('',#689,.T.);
#471=FACE_OUTER_BOUND('',#690,.T.);
#472=FACE_OUTER_BOUND('',#691,.T.);
#473=FACE_OUTER_BOUND('',#692,.T.);
#474=FACE_OUTER_BOUND('',#693,.T.);
#475=FACE_OUTER_BOUND('',#694,.T.);
#476=FACE_OUTER_BOUND('',#695,.T.);
#477=FACE_OUTER_BOUND('',#696,.T.);
#478=FACE_OUTER_BOUND('',#697,.T.);
#479=FACE_OUTER_BOUND('',#698,.T.);
#480=FACE_OUTER_BOUND('',#699,.T.);
#481=FACE_OUTER_BOUND('',#700,.T.);
#482=FACE_OUTER_BOUND('',#701,.T.);
#483=FACE_OUTER_BOUND('',#702,.T.);
#484=FACE_OUTER_BOUND('',#703,.T.);
#485=FACE_OUTER_BOUND('',#704,.T.);
#486=FACE_OUTER_BOUND('',#705,.T.);
#487=FACE_OUTER_BOUND('',#706,.T.);
#488=FACE_OUTER_BOUND('',#707,.T.);
#489=FACE_OUTER_BOUND('',#708,.T.);
#490=FACE_OUTER_BOUND('',#709,.T.);
#491=FACE_OUTER_BOUND('',#710,.T.);
#492=FACE_OUTER_BOUND('',#711,.T.);
#493=FACE_OUTER_BOUND('',#712,.T.);
#494=FACE_OUTER_BOUND('',#713,.T.);
#495=FACE_OUTER_BOUND('',#714,.T.);
#496=FACE_OUTER_BOUND('',#715,.T.);
#497=FACE_OUTER_BOUND('',#716,.T.);
#498=FACE_OUTER_BOUND('',#717,.T.);
#499=FACE_OUTER_BOUND('',#718,.T.);
#500=FACE_OUTER_BOUND('',#719,.T.);
#501=FACE_OUTER_BOUND('',#720,.T.);
#502=FACE_OUTER_BOUND('',#721,.T.);
#503=FACE_OUTER_BOUND('',#722,.T.);
#504=FACE_OUTER_BOUND('',#727,.T.);
#505=FACE_OUTER_BOUND('',#728,.T.);
#506=FACE_OUTER_BOUND('',#738,.T.);
#507=FACE_OUTER_BOUND('',#739,.T.);
#508=FACE_OUTER_BOUND('',#740,.T.);
#509=FACE_OUTER_BOUND('',#742,.T.);
#510=FACE_OUTER_BOUND('',#743,.T.);
#511=FACE_OUTER_BOUND('',#744,.T.);
#512=FACE_OUTER_BOUND('',#745,.T.);
#513=FACE_OUTER_BOUND('',#747,.T.);
#514=FACE_OUTER_BOUND('',#748,.T.);
#515=FACE_OUTER_BOUND('',#749,.T.);
#516=FACE_OUTER_BOUND('',#750,.T.);
#517=FACE_OUTER_BOUND('',#751,.T.);
#518=FACE_OUTER_BOUND('',#752,.T.);
#519=FACE_OUTER_BOUND('',#753,.T.);
#520=FACE_OUTER_BOUND('',#754,.T.);
#521=FACE_OUTER_BOUND('',#755,.T.);
#522=FACE_OUTER_BOUND('',#756,.T.);
#523=FACE_OUTER_BOUND('',#757,.T.);
#524=FACE_OUTER_BOUND('',#759,.T.);
#525=FACE_OUTER_BOUND('',#760,.T.);
#526=FACE_OUTER_BOUND('',#761,.T.);
#527=FACE_OUTER_BOUND('',#762,.T.);
#528=FACE_OUTER_BOUND('',#764,.T.);
#529=FACE_OUTER_BOUND('',#765,.T.);
#530=FACE_OUTER_BOUND('',#766,.T.);
#531=FACE_OUTER_BOUND('',#767,.T.);
#532=FACE_OUTER_BOUND('',#769,.T.);
#533=FACE_OUTER_BOUND('',#770,.T.);
#534=FACE_OUTER_BOUND('',#771,.T.);
#535=FACE_OUTER_BOUND('',#772,.T.);
#536=FACE_OUTER_BOUND('',#774,.T.);
#537=FACE_OUTER_BOUND('',#775,.T.);
#538=FACE_OUTER_BOUND('',#776,.T.);
#539=FACE_OUTER_BOUND('',#777,.T.);
#540=FACE_OUTER_BOUND('',#778,.T.);
#541=FACE_OUTER_BOUND('',#780,.T.);
#542=FACE_OUTER_BOUND('',#781,.T.);
#543=FACE_OUTER_BOUND('',#782,.T.);
#544=FACE_OUTER_BOUND('',#783,.T.);
#545=FACE_OUTER_BOUND('',#785,.T.);
#546=FACE_OUTER_BOUND('',#786,.T.);
#547=EDGE_LOOP('',(#1845,#1846,#1847,#1848));
#548=EDGE_LOOP('',(#1849,#1850,#1851,#1852));
#549=EDGE_LOOP('',(#1853,#1854,#1855,#1856));
#550=EDGE_LOOP('',(#1857));
#551=EDGE_LOOP('',(#1858));
#552=EDGE_LOOP('',(#1859));
#553=EDGE_LOOP('',(#1860,#1861,#1862,#1863));
#554=EDGE_LOOP('',(#1864,#1865,#1866,#1867));
#555=EDGE_LOOP('',(#1868,#1869,#1870,#1871));
#556=EDGE_LOOP('',(#1872));
#557=EDGE_LOOP('',(#1873));
#558=EDGE_LOOP('',(#1874));
#559=EDGE_LOOP('',(#1875,#1876,#1877,#1878));
#560=EDGE_LOOP('',(#1879,#1880,#1881,#1882));
#561=EDGE_LOOP('',(#1883));
#562=EDGE_LOOP('',(#1884));
#563=EDGE_LOOP('',(#1885,#1886,#1887,#1888));
#564=EDGE_LOOP('',(#1889,#1890,#1891,#1892));
#565=EDGE_LOOP('',(#1893,#1894,#1895,#1896));
#566=EDGE_LOOP('',(#1897));
#567=EDGE_LOOP('',(#1898));
#568=EDGE_LOOP('',(#1899,#1900,#1901,#1902));
#569=EDGE_LOOP('',(#1903,#1904,#1905,#1906));
#570=EDGE_LOOP('',(#1907,#1908,#1909,#1910));
#571=EDGE_LOOP('',(#1911));
#572=EDGE_LOOP('',(#1912));
#573=EDGE_LOOP('',(#1913,#1914,#1915,#1916));
#574=EDGE_LOOP('',(#1917,#1918,#1919,#1920));
#575=EDGE_LOOP('',(#1921,#1922,#1923,#1924));
#576=EDGE_LOOP('',(#1925,#1926,#1927,#1928));
#577=EDGE_LOOP('',(#1929,#1930,#1931,#1932));
#578=EDGE_LOOP('',(#1933,#1934,#1935,#1936));
#579=EDGE_LOOP('',(#1937,#1938,#1939,#1940));
#580=EDGE_LOOP('',(#1941,#1942,#1943,#1944));
#581=EDGE_LOOP('',(#1945,#1946,#1947,#1948));
#582=EDGE_LOOP('',(#1949,#1950,#1951,#1952));
#583=EDGE_LOOP('',(#1953,#1954,#1955,#1956));
#584=EDGE_LOOP('',(#1957,#1958,#1959,#1960));
#585=EDGE_LOOP('',(#1961,#1962,#1963,#1964));
#586=EDGE_LOOP('',(#1965,#1966,#1967,#1968));
#587=EDGE_LOOP('',(#1969,#1970,#1971,#1972));
#588=EDGE_LOOP('',(#1973,#1974,#1975,#1976));
#589=EDGE_LOOP('',(#1977,#1978,#1979,#1980));
#590=EDGE_LOOP('',(#1981,#1982,#1983,#1984));
#591=EDGE_LOOP('',(#1985,#1986,#1987,#1988,#1989,#1990,#1991,#1992,#1993,
#1994,#1995,#1996,#1997,#1998));
#592=EDGE_LOOP('',(#1999));
#593=EDGE_LOOP('',(#2000));
#594=EDGE_LOOP('',(#2001));
#595=EDGE_LOOP('',(#2002));
#596=EDGE_LOOP('',(#2003));
#597=EDGE_LOOP('',(#2004));
#598=EDGE_LOOP('',(#2005));
#599=EDGE_LOOP('',(#2006));
#600=EDGE_LOOP('',(#2007));
#601=EDGE_LOOP('',(#2008));
#602=EDGE_LOOP('',(#2009,#2010,#2011,#2012,#2013,#2014,#2015,#2016));
#603=EDGE_LOOP('',(#2017));
#604=EDGE_LOOP('',(#2018,#2019,#2020,#2021));
#605=EDGE_LOOP('',(#2022));
#606=EDGE_LOOP('',(#2023));
#607=EDGE_LOOP('',(#2024,#2025,#2026,#2027));
#608=EDGE_LOOP('',(#2028,#2029,#2030,#2031));
#609=EDGE_LOOP('',(#2032,#2033,#2034,#2035,#2036,#2037,#2038,#2039,#2040,
#2041,#2042,#2043,#2044,#2045));
#610=EDGE_LOOP('',(#2046));
#611=EDGE_LOOP('',(#2047));
#612=EDGE_LOOP('',(#2048));
#613=EDGE_LOOP('',(#2049));
#614=EDGE_LOOP('',(#2050));
#615=EDGE_LOOP('',(#2051));
#616=EDGE_LOOP('',(#2052));
#617=EDGE_LOOP('',(#2053));
#618=EDGE_LOOP('',(#2054));
#619=EDGE_LOOP('',(#2055));
#620=EDGE_LOOP('',(#2056));
#621=EDGE_LOOP('',(#2057,#2058,#2059,#2060,#2061,#2062,#2063,#2064));
#622=EDGE_LOOP('',(#2065,#2066,#2067,#2068));
#623=EDGE_LOOP('',(#2069,#2070,#2071,#2072));
#624=EDGE_LOOP('',(#2073));
#625=EDGE_LOOP('',(#2074));
#626=EDGE_LOOP('',(#2075,#2076,#2077,#2078));
#627=EDGE_LOOP('',(#2079,#2080,#2081,#2082));
#628=EDGE_LOOP('',(#2083,#2084,#2085,#2086));
#629=EDGE_LOOP('',(#2087));
#630=EDGE_LOOP('',(#2088));
#631=EDGE_LOOP('',(#2089,#2090,#2091,#2092));
#632=EDGE_LOOP('',(#2093,#2094,#2095,#2096));
#633=EDGE_LOOP('',(#2097,#2098,#2099,#2100));
#634=EDGE_LOOP('',(#2101));
#635=EDGE_LOOP('',(#2102));
#636=EDGE_LOOP('',(#2103,#2104,#2105,#2106));
#637=EDGE_LOOP('',(#2107,#2108,#2109,#2110));
#638=EDGE_LOOP('',(#2111,#2112,#2113,#2114));
#639=EDGE_LOOP('',(#2115,#2116,#2117,#2118));
#640=EDGE_LOOP('',(#2119,#2120,#2121,#2122));
#641=EDGE_LOOP('',(#2123,#2124,#2125,#2126));
#642=EDGE_LOOP('',(#2127,#2128,#2129,#2130));
#643=EDGE_LOOP('',(#2131,#2132,#2133,#2134));
#644=EDGE_LOOP('',(#2135,#2136,#2137,#2138));
#645=EDGE_LOOP('',(#2139,#2140,#2141,#2142));
#646=EDGE_LOOP('',(#2143,#2144,#2145,#2146));
#647=EDGE_LOOP('',(#2147));
#648=EDGE_LOOP('',(#2148));
#649=EDGE_LOOP('',(#2149,#2150,#2151,#2152));
#650=EDGE_LOOP('',(#2153,#2154,#2155,#2156));
#651=EDGE_LOOP('',(#2157,#2158,#2159,#2160));
#652=EDGE_LOOP('',(#2161));
#653=EDGE_LOOP('',(#2162));
#654=EDGE_LOOP('',(#2163,#2164,#2165,#2166));
#655=EDGE_LOOP('',(#2167,#2168,#2169,#2170));
#656=EDGE_LOOP('',(#2171,#2172,#2173,#2174));
#657=EDGE_LOOP('',(#2175));
#658=EDGE_LOOP('',(#2176));
#659=EDGE_LOOP('',(#2177,#2178,#2179,#2180));
#660=EDGE_LOOP('',(#2181,#2182,#2183,#2184));
#661=EDGE_LOOP('',(#2185,#2186,#2187,#2188));
#662=EDGE_LOOP('',(#2189,#2190,#2191,#2192));
#663=EDGE_LOOP('',(#2193,#2194,#2195,#2196));
#664=EDGE_LOOP('',(#2197,#2198,#2199,#2200));
#665=EDGE_LOOP('',(#2201,#2202,#2203,#2204));
#666=EDGE_LOOP('',(#2205,#2206,#2207,#2208));
#667=EDGE_LOOP('',(#2209,#2210,#2211,#2212));
#668=EDGE_LOOP('',(#2213,#2214,#2215,#2216));
#669=EDGE_LOOP('',(#2217,#2218,#2219,#2220));
#670=EDGE_LOOP('',(#2221,#2222,#2223,#2224));
#671=EDGE_LOOP('',(#2225,#2226,#2227,#2228));
#672=EDGE_LOOP('',(#2229,#2230,#2231,#2232));
#673=EDGE_LOOP('',(#2233,#2234,#2235,#2236));
#674=EDGE_LOOP('',(#2237,#2238,#2239,#2240));
#675=EDGE_LOOP('',(#2241,#2242,#2243,#2244));
#676=EDGE_LOOP('',(#2245,#2246,#2247,#2248));
#677=EDGE_LOOP('',(#2249,#2250,#2251,#2252));
#678=EDGE_LOOP('',(#2253,#2254,#2255,#2256));
#679=EDGE_LOOP('',(#2257,#2258,#2259,#2260));
#680=EDGE_LOOP('',(#2261,#2262,#2263,#2264));
#681=EDGE_LOOP('',(#2265,#2266,#2267,#2268));
#682=EDGE_LOOP('',(#2269,#2270,#2271,#2272));
#683=EDGE_LOOP('',(#2273,#2274,#2275,#2276));
#684=EDGE_LOOP('',(#2277,#2278,#2279,#2280));
#685=EDGE_LOOP('',(#2281,#2282,#2283,#2284));
#686=EDGE_LOOP('',(#2285,#2286,#2287,#2288));
#687=EDGE_LOOP('',(#2289,#2290,#2291,#2292));
#688=EDGE_LOOP('',(#2293,#2294,#2295,#2296));
#689=EDGE_LOOP('',(#2297,#2298,#2299,#2300));
#690=EDGE_LOOP('',(#2301,#2302,#2303,#2304));
#691=EDGE_LOOP('',(#2305,#2306,#2307,#2308));
#692=EDGE_LOOP('',(#2309,#2310,#2311,#2312));
#693=EDGE_LOOP('',(#2313,#2314,#2315,#2316));
#694=EDGE_LOOP('',(#2317,#2318,#2319,#2320));
#695=EDGE_LOOP('',(#2321,#2322,#2323,#2324));
#696=EDGE_LOOP('',(#2325,#2326,#2327,#2328));
#697=EDGE_LOOP('',(#2329,#2330,#2331,#2332));
#698=EDGE_LOOP('',(#2333,#2334,#2335,#2336));
#699=EDGE_LOOP('',(#2337,#2338,#2339,#2340));
#700=EDGE_LOOP('',(#2341,#2342,#2343,#2344));
#701=EDGE_LOOP('',(#2345,#2346,#2347,#2348));
#702=EDGE_LOOP('',(#2349,#2350,#2351,#2352));
#703=EDGE_LOOP('',(#2353,#2354,#2355,#2356));
#704=EDGE_LOOP('',(#2357,#2358,#2359,#2360));
#705=EDGE_LOOP('',(#2361,#2362,#2363,#2364));
#706=EDGE_LOOP('',(#2365,#2366,#2367,#2368));
#707=EDGE_LOOP('',(#2369,#2370,#2371,#2372));
#708=EDGE_LOOP('',(#2373,#2374,#2375,#2376));
#709=EDGE_LOOP('',(#2377,#2378,#2379,#2380));
#710=EDGE_LOOP('',(#2381,#2382,#2383,#2384));
#711=EDGE_LOOP('',(#2385,#2386,#2387,#2388));
#712=EDGE_LOOP('',(#2389,#2390,#2391,#2392));
#713=EDGE_LOOP('',(#2393,#2394,#2395,#2396));
#714=EDGE_LOOP('',(#2397,#2398,#2399,#2400));
#715=EDGE_LOOP('',(#2401,#2402,#2403,#2404));
#716=EDGE_LOOP('',(#2405,#2406,#2407,#2408));
#717=EDGE_LOOP('',(#2409,#2410,#2411,#2412));
#718=EDGE_LOOP('',(#2413,#2414,#2415,#2416));
#719=EDGE_LOOP('',(#2417,#2418,#2419,#2420));
#720=EDGE_LOOP('',(#2421,#2422,#2423,#2424));
#721=EDGE_LOOP('',(#2425,#2426,#2427,#2428));
#722=EDGE_LOOP('',(#2429,#2430,#2431,#2432,#2433,#2434,#2435,#2436,#2437,
#2438,#2439,#2440,#2441,#2442,#2443,#2444,#2445,#2446,#2447,#2448,#2449));
#723=EDGE_LOOP('',(#2450));
#724=EDGE_LOOP('',(#2451));
#725=EDGE_LOOP('',(#2452));
#726=EDGE_LOOP('',(#2453));
#727=EDGE_LOOP('',(#2454,#2455,#2456,#2457));
#728=EDGE_LOOP('',(#2458,#2459,#2460,#2461,#2462,#2463));
#729=EDGE_LOOP('',(#2464));
#730=EDGE_LOOP('',(#2465));
#731=EDGE_LOOP('',(#2466));
#732=EDGE_LOOP('',(#2467));
#733=EDGE_LOOP('',(#2468));
#734=EDGE_LOOP('',(#2469));
#735=EDGE_LOOP('',(#2470));
#736=EDGE_LOOP('',(#2471));
#737=EDGE_LOOP('',(#2472));
#738=EDGE_LOOP('',(#2473,#2474,#2475,#2476));
#739=EDGE_LOOP('',(#2477,#2478,#2479,#2480));
#740=EDGE_LOOP('',(#2481));
#741=EDGE_LOOP('',(#2482));
#742=EDGE_LOOP('',(#2483,#2484,#2485,#2486));
#743=EDGE_LOOP('',(#2487,#2488,#2489,#2490));
#744=EDGE_LOOP('',(#2491,#2492,#2493,#2494));
#745=EDGE_LOOP('',(#2495));
#746=EDGE_LOOP('',(#2496));
#747=EDGE_LOOP('',(#2497,#2498,#2499,#2500,#2501,#2502));
#748=EDGE_LOOP('',(#2503,#2504,#2505,#2506,#2507,#2508,#2509,#2510,#2511,
#2512,#2513,#2514,#2515,#2516));
#749=EDGE_LOOP('',(#2517,#2518,#2519,#2520));
#750=EDGE_LOOP('',(#2521,#2522,#2523,#2524));
#751=EDGE_LOOP('',(#2525,#2526,#2527,#2528));
#752=EDGE_LOOP('',(#2529,#2530,#2531,#2532));
#753=EDGE_LOOP('',(#2533,#2534,#2535,#2536));
#754=EDGE_LOOP('',(#2537,#2538,#2539,#2540));
#755=EDGE_LOOP('',(#2541,#2542,#2543,#2544));
#756=EDGE_LOOP('',(#2545,#2546,#2547,#2548,#2549,#2550));
#757=EDGE_LOOP('',(#2551));
#758=EDGE_LOOP('',(#2552));
#759=EDGE_LOOP('',(#2553,#2554,#2555,#2556));
#760=EDGE_LOOP('',(#2557,#2558,#2559,#2560));
#761=EDGE_LOOP('',(#2561,#2562,#2563,#2564,#2565,#2566));
#762=EDGE_LOOP('',(#2567));
#763=EDGE_LOOP('',(#2568));
#764=EDGE_LOOP('',(#2569,#2570,#2571,#2572));
#765=EDGE_LOOP('',(#2573,#2574,#2575,#2576));
#766=EDGE_LOOP('',(#2577,#2578,#2579,#2580,#2581,#2582));
#767=EDGE_LOOP('',(#2583));
#768=EDGE_LOOP('',(#2584));
#769=EDGE_LOOP('',(#2585,#2586,#2587,#2588));
#770=EDGE_LOOP('',(#2589,#2590,#2591,#2592));
#771=EDGE_LOOP('',(#2593,#2594,#2595,#2596,#2597,#2598));
#772=EDGE_LOOP('',(#2599));
#773=EDGE_LOOP('',(#2600));
#774=EDGE_LOOP('',(#2601,#2602,#2603,#2604));
#775=EDGE_LOOP('',(#2605,#2606,#2607,#2608));
#776=EDGE_LOOP('',(#2609,#2610,#2611,#2612));
#777=EDGE_LOOP('',(#2613,#2614,#2615,#2616));
#778=EDGE_LOOP('',(#2617));
#779=EDGE_LOOP('',(#2618));
#780=EDGE_LOOP('',(#2619,#2620,#2621,#2622));
#781=EDGE_LOOP('',(#2623,#2624,#2625,#2626));
#782=EDGE_LOOP('',(#2627,#2628,#2629,#2630));
#783=EDGE_LOOP('',(#2631));
#784=EDGE_LOOP('',(#2632));
#785=EDGE_LOOP('',(#2633,#2634,#2635,#2636));
#786=EDGE_LOOP('',(#2637,#2638,#2639,#2640));
#787=LINE('',#4202,#1000);
#788=LINE('',#4204,#1001);
#789=LINE('',#4206,#1002);
#790=LINE('',#4207,#1003);
#791=LINE('',#4211,#1004);
#792=LINE('',#4216,#1005);
#793=LINE('',#4218,#1006);
#794=LINE('',#4219,#1007);
#795=LINE('',#4229,#1008);
#796=LINE('',#4230,#1009);
#797=LINE('',#4231,#1010);
#798=LINE('',#4235,#1011);
#799=LINE('',#4236,#1012);
#800=LINE('',#4237,#1013);
#801=LINE('',#4241,#1014);
#802=LINE('',#4242,#1015);
#803=LINE('',#4243,#1016);
#804=LINE('',#4252,#1017);
#805=LINE('',#4256,#1018);
#806=LINE('',#4262,#1019);
#807=LINE('',#4265,#1020);
#808=LINE('',#4269,#1021);
#809=LINE('',#4275,#1022);
#810=LINE('',#4278,#1023);
#811=LINE('',#4282,#1024);
#812=LINE('',#4288,#1025);
#813=LINE('',#4291,#1026);
#814=LINE('',#4293,#1027);
#815=LINE('',#4294,#1028);
#816=LINE('',#4300,#1029);
#817=LINE('',#4303,#1030);
#818=LINE('',#4307,#1031);
#819=LINE('',#4310,#1032);
#820=LINE('',#4313,#1033);
#821=LINE('',#4314,#1034);
#822=LINE('',#4317,#1035);
#823=LINE('',#4318,#1036);
#824=LINE('',#4321,#1037);
#825=LINE('',#4322,#1038);
#826=LINE('',#4325,#1039);
#827=LINE('',#4326,#1040);
#828=LINE('',#4332,#1041);
#829=LINE('',#4335,#1042);
#830=LINE('',#4339,#1043);
#831=LINE('',#4343,#1044);
#832=LINE('',#4347,#1045);
#833=LINE('',#4350,#1046);
#834=LINE('',#4351,#1047);
#835=LINE('',#4354,#1048);
#836=LINE('',#4356,#1049);
#837=LINE('',#4357,#1050);
#838=LINE('',#4360,#1051);
#839=LINE('',#4361,#1052);
#840=LINE('',#4370,#1053);
#841=LINE('',#4374,#1054);
#842=LINE('',#4378,#1055);
#843=LINE('',#4382,#1056);
#844=LINE('',#4385,#1057);
#845=LINE('',#4410,#1058);
#846=LINE('',#4414,#1059);
#847=LINE('',#4418,#1060);
#848=LINE('',#4421,#1061);
#849=LINE('',#4427,#1062);
#850=LINE('',#4434,#1063);
#851=LINE('',#4438,#1064);
#852=LINE('',#4444,#1065);
#853=LINE('',#4451,#1066);
#854=LINE('',#4455,#1067);
#855=LINE('',#4459,#1068);
#856=LINE('',#4462,#1069);
#857=LINE('',#4485,#1070);
#858=LINE('',#4489,#1071);
#859=LINE('',#4493,#1072);
#860=LINE('',#4497,#1073);
#861=LINE('',#4501,#1074);
#862=LINE('',#4505,#1075);
#863=LINE('',#4511,#1076);
#864=LINE('',#4514,#1077);
#865=LINE('',#4518,#1078);
#866=LINE('',#4524,#1079);
#867=LINE('',#4527,#1080);
#868=LINE('',#4531,#1081);
#869=LINE('',#4537,#1082);
#870=LINE('',#4540,#1083);
#871=LINE('',#4543,#1084);
#872=LINE('',#4546,#1085);
#873=LINE('',#4549,#1086);
#874=LINE('',#4552,#1087);
#875=LINE('',#4555,#1088);
#876=LINE('',#4558,#1089);
#877=LINE('',#4561,#1090);
#878=LINE('',#4564,#1091);
#879=LINE('',#4568,#1092);
#880=LINE('',#4574,#1093);
#881=LINE('',#4577,#1094);
#882=LINE('',#4581,#1095);
#883=LINE('',#4587,#1096);
#884=LINE('',#4590,#1097);
#885=LINE('',#4594,#1098);
#886=LINE('',#4600,#1099);
#887=LINE('',#4605,#1100);
#888=LINE('',#4606,#1101);
#889=LINE('',#4608,#1102);
#890=LINE('',#4609,#1103);
#891=LINE('',#4612,#1104);
#892=LINE('',#4613,#1105);
#893=LINE('',#4617,#1106);
#894=LINE('',#4620,#1107);
#895=LINE('',#4621,#1108);
#896=LINE('',#4625,#1109);
#897=LINE('',#4628,#1110);
#898=LINE('',#4629,#1111);
#899=LINE('',#4633,#1112);
#900=LINE('',#4635,#1113);
#901=LINE('',#4637,#1114);
#902=LINE('',#4639,#1115);
#903=LINE('',#4641,#1116);
#904=LINE('',#4643,#1117);
#905=LINE('',#4645,#1118);
#906=LINE('',#4647,#1119);
#907=LINE('',#4651,#1120);
#908=LINE('',#4652,#1121);
#909=LINE('',#4654,#1122);
#910=LINE('',#4658,#1123);
#911=LINE('',#4660,#1124);
#912=LINE('',#4663,#1125);
#913=LINE('',#4666,#1126);
#914=LINE('',#4673,#1127);
#915=LINE('',#4674,#1128);
#916=LINE('',#4675,#1129);
#917=LINE('',#4677,#1130);
#918=LINE('',#4678,#1131);
#919=LINE('',#4682,#1132);
#920=LINE('',#4685,#1133);
#921=LINE('',#4686,#1134);
#922=LINE('',#4690,#1135);
#923=LINE('',#4693,#1136);
#924=LINE('',#4694,#1137);
#925=LINE('',#4698,#1138);
#926=LINE('',#4701,#1139);
#927=LINE('',#4702,#1140);
#928=LINE('',#4706,#1141);
#929=LINE('',#4708,#1142);
#930=LINE('',#4710,#1143);
#931=LINE('',#4712,#1144);
#932=LINE('',#4714,#1145);
#933=LINE('',#4716,#1146);
#934=LINE('',#4719,#1147);
#935=LINE('',#4721,#1148);
#936=LINE('',#4723,#1149);
#937=LINE('',#4728,#1150);
#938=LINE('',#4733,#1151);
#939=LINE('',#4737,#1152);
#940=LINE('',#4740,#1153);
#941=LINE('',#4742,#1154);
#942=LINE('',#4743,#1155);
#943=LINE('',#4746,#1156);
#944=LINE('',#4747,#1157);
#945=LINE('',#4750,#1158);
#946=LINE('',#4751,#1159);
#947=LINE('',#4754,#1160);
#948=LINE('',#4756,#1161);
#949=LINE('',#4757,#1162);
#950=LINE('',#4763,#1163);
#951=LINE('',#4765,#1164);
#952=LINE('',#4768,#1165);
#953=LINE('',#4769,#1166);
#954=LINE('',#4775,#1167);
#955=LINE('',#4779,#1168);
#956=LINE('',#4782,#1169);
#957=LINE('',#4786,#1170);
#958=LINE('',#4790,#1171);
#959=LINE('',#4793,#1172);
#960=LINE('',#4794,#1173);
#961=LINE('',#4797,#1174);
#962=LINE('',#4799,#1175);
#963=LINE('',#4800,#1176);
#964=LINE('',#4803,#1177);
#965=LINE('',#4804,#1178);
#966=LINE('',#4817,#1179);
#967=LINE('',#4853,#1180);
#968=LINE('',#4861,#1181);
#969=LINE('',#4881,#1182);
#970=LINE('',#4885,#1183);
#971=LINE('',#4891,#1184);
#972=LINE('',#4894,#1185);
#973=LINE('',#4898,#1186);
#974=LINE('',#4904,#1187);
#975=LINE('',#4919,#1188);
#976=LINE('',#4960,#1189);
#977=LINE('',#4962,#1190);
#978=LINE('',#4963,#1191);
#979=LINE('',#4967,#1192);
#980=LINE('',#4969,#1193);
#981=LINE('',#4971,#1194);
#982=LINE('',#4979,#1195);
#983=LINE('',#4986,#1196);
#984=LINE('',#4988,#1197);
#985=LINE('',#4992,#1198);
#986=LINE('',#4999,#1199);
#987=LINE('',#5001,#1200);
#988=LINE('',#5005,#1201);
#989=LINE('',#5012,#1202);
#990=LINE('',#5014,#1203);
#991=LINE('',#5018,#1204);
#992=LINE('',#5025,#1205);
#993=LINE('',#5027,#1206);
#994=LINE('',#5030,#1207);
#995=LINE('',#5034,#1208);
#996=LINE('',#5040,#1209);
#997=LINE('',#5043,#1210);
#998=LINE('',#5047,#1211);
#999=LINE('',#5053,#1212);
#1000=VECTOR('',#3269,40.);
#1001=VECTOR('',#3270,19.5563491860987);
#1002=VECTOR('',#3271,40.);
#1003=VECTOR('',#3272,19.5563491860987);
#1004=VECTOR('',#3275,40.);
#1005=VECTOR('',#3282,65.58570962836);
#1006=VECTOR('',#3283,40.);
#1007=VECTOR('',#3284,65.58570962836);
#1008=VECTOR('',#3293,65.58570961813);
#1009=VECTOR('',#3294,2.500000000499);
#1010=VECTOR('',#3295,2.500000006687);
#1011=VECTOR('',#3298,65.58570962324);
#1012=VECTOR('',#3299,0.707106780833503);
#1013=VECTOR('',#3300,0.707106776457753);
#1014=VECTOR('',#3303,65.58570962324);
#1015=VECTOR('',#3304,38.99999999641);
#1016=VECTOR('',#3305,38.99999999641);
#1017=VECTOR('',#3314,1.6);
#1018=VECTOR('',#3319,2.3);
#1019=VECTOR('',#3328,3.25);
#1020=VECTOR('',#3331,1.6);
#1021=VECTOR('',#3336,2.3);
#1022=VECTOR('',#3345,3.25);
#1023=VECTOR('',#3348,1.6);
#1024=VECTOR('',#3353,2.3);
#1025=VECTOR('',#3362,3.25);
#1026=VECTOR('',#3365,0.707106780833603);
#1027=VECTOR('',#3366,65.58570961813);
#1028=VECTOR('',#3367,0.707106776457753);
#1029=VECTOR('',#3374,0.707106781119376);
#1030=VECTOR('',#3377,38.99999999627);
#1031=VECTOR('',#3382,0.707106775985676);
#1032=VECTOR('',#3387,2.50000000735501);
#1033=VECTOR('',#3390,19.5563491853401);
#1034=VECTOR('',#3391,2.49999999851301);
#1035=VECTOR('',#3394,19.5563491971501);
#1036=VECTOR('',#3395,0.707106780836076);
#1037=VECTOR('',#3398,19.5563492098801);
#1038=VECTOR('',#3399,39.00000000347);
#1039=VECTOR('',#3402,19.5563492108101);
#1040=VECTOR('',#3403,0.707106780836076);
#1041=VECTOR('',#3410,0.707106780794103);
#1042=VECTOR('',#3413,39.00000000389);
#1043=VECTOR('',#3418,0.707106780794103);
#1044=VECTOR('',#3423,2.499999998335);
#1045=VECTOR('',#3428,40.);
#1046=VECTOR('',#3433,2.49999999851301);
#1047=VECTOR('',#3434,2.499999998335);
#1048=VECTOR('',#3437,9.579766514916);
#1049=VECTOR('',#3438,9.579766592489);
#1050=VECTOR('',#3439,2.49999999879);
#1051=VECTOR('',#3442,9.579766455993);
#1052=VECTOR('',#3443,0.707106780045605);
#1053=VECTOR('',#3452,1.471334385631);
#1054=VECTOR('',#3455,8.08290267263183);
#1055=VECTOR('',#3458,13.25103108087);
#1056=VECTOR('',#3461,17.9604348091501);
#1057=VECTOR('',#3464,88.29873332191);
#1058=VECTOR('',#3487,10.1521462183699);
#1059=VECTOR('',#3490,1.717865322176);
#1060=VECTOR('',#3493,9.23760526988499);
#1061=VECTOR('',#3496,12.58695246419);
#1062=VECTOR('',#3503,3.25);
#1063=VECTOR('',#3512,2.3);
#1064=VECTOR('',#3517,1.6);
#1065=VECTOR('',#3522,1.471333764477);
#1066=VECTOR('',#3529,88.2987333238);
#1067=VECTOR('',#3532,17.9604345616402);
#1068=VECTOR('',#3535,13.25103213097);
#1069=VECTOR('',#3538,8.08290376865473);
#1070=VECTOR('',#3559,9.23760430703369);
#1071=VECTOR('',#3562,1.717864954169);
#1072=VECTOR('',#3565,10.1521457205801);
#1073=VECTOR('',#3568,12.58695211974);
#1074=VECTOR('',#3573,1.6);
#1075=VECTOR('',#3578,2.3);
#1076=VECTOR('',#3587,3.25);
#1077=VECTOR('',#3590,1.6);
#1078=VECTOR('',#3595,2.3);
#1079=VECTOR('',#3604,3.25);
#1080=VECTOR('',#3607,1.6);
#1081=VECTOR('',#3612,2.3);
#1082=VECTOR('',#3621,3.25);
#1083=VECTOR('',#3624,1.25);
#1084=VECTOR('',#3629,1.405);
#1085=VECTOR('',#3632,1.25);
#1086=VECTOR('',#3637,1.405);
#1087=VECTOR('',#3640,1.25);
#1088=VECTOR('',#3645,1.405);
#1089=VECTOR('',#3648,1.25);
#1090=VECTOR('',#3653,1.405);
#1091=VECTOR('',#3656,1.6);
#1092=VECTOR('',#3661,2.3);
#1093=VECTOR('',#3670,3.25);
#1094=VECTOR('',#3673,1.6);
#1095=VECTOR('',#3678,2.3);
#1096=VECTOR('',#3687,3.25);
#1097=VECTOR('',#3690,1.6);
#1098=VECTOR('',#3695,2.3);
#1099=VECTOR('',#3704,3.25);
#1100=VECTOR('',#3709,2.50000002935201);
#1101=VECTOR('',#3710,2.50000002220005);
#1102=VECTOR('',#3713,0.707106792255855);
#1103=VECTOR('',#3714,0.707106789558803);
#1104=VECTOR('',#3717,8.08290293759225);
#1105=VECTOR('',#3718,0.707106756703251);
#1106=VECTOR('',#3723,0.707106762502514);
#1107=VECTOR('',#3726,13.25103137588);
#1108=VECTOR('',#3727,0.707106781186453);
#1109=VECTOR('',#3732,0.707106781186517);
#1110=VECTOR('',#3735,17.9604347790396);
#1111=VECTOR('',#3736,0.707106785525857);
#1112=VECTOR('',#3741,0.707106786379803);
#1113=VECTOR('',#3744,88.29873332262);
#1114=VECTOR('',#3747,2.500000018361);
#1115=VECTOR('',#3750,2.500000015342);
#1116=VECTOR('',#3753,2.500000001872);
#1117=VECTOR('',#3756,2.500000000365);
#1118=VECTOR('',#3759,2.49999996697111);
#1119=VECTOR('',#3762,2.49999995671902);
#1120=VECTOR('',#3767,0.707106764054598);
#1121=VECTOR('',#3768,1.471334080882);
#1122=VECTOR('',#3771,2.49999998182906);
#1123=VECTOR('',#3776,2.500000000102);
#1124=VECTOR('',#3779,0.707106780614621);
#1125=VECTOR('',#3782,0.707106764398123);
#1126=VECTOR('',#3787,2.49999998262108);
#1127=VECTOR('',#3796,9.23760482284703);
#1128=VECTOR('',#3797,1.99999997387407);
#1129=VECTOR('',#3798,1.999999999991);
#1130=VECTOR('',#3801,1.41421353035201);
#1131=VECTOR('',#3802,1.41421356236292);
#1132=VECTOR('',#3807,1.41421355294301);
#1133=VECTOR('',#3810,12.58695230426);
#1134=VECTOR('',#3811,1.41421356185091);
#1135=VECTOR('',#3816,1.4142135455151);
#1136=VECTOR('',#3819,10.1521459872501);
#1137=VECTOR('',#3820,1.41421356237309);
#1138=VECTOR('',#3825,1.41421355859491);
#1139=VECTOR('',#3828,1.717865151315);
#1140=VECTOR('',#3829,1.41421356076791);
#1141=VECTOR('',#3836,1.999999998691);
#1142=VECTOR('',#3839,1.999999996918);
#1143=VECTOR('',#3842,2.);
#1144=VECTOR('',#3845,1.99999998624602);
#1145=VECTOR('',#3848,1.999999999574);
#1146=VECTOR('',#3851,1.99999999230601);
#1147=VECTOR('',#3856,2.50000000009501);
#1148=VECTOR('',#3859,2.500000006687);
#1149=VECTOR('',#3862,2.500000000499);
#1150=VECTOR('',#3867,2.50000000735501);
#1151=VECTOR('',#3874,0.707106775985676);
#1152=VECTOR('',#3879,38.99999999627);
#1153=VECTOR('',#3882,19.5563491971501);
#1154=VECTOR('',#3883,19.5563492098801);
#1155=VECTOR('',#3884,39.00000000347);
#1156=VECTOR('',#3887,0.707106780836091);
#1157=VECTOR('',#3888,19.5563491853401);
#1158=VECTOR('',#3891,2.49999999851301);
#1159=VECTOR('',#3892,19.5563491860987);
#1160=VECTOR('',#3895,40.);
#1161=VECTOR('',#3896,40.);
#1162=VECTOR('',#3897,19.5563491860987);
#1163=VECTOR('',#3906,2.50000000009501);
#1164=VECTOR('',#3909,0.707106781119411);
#1165=VECTOR('',#3912,19.5563492108101);
#1166=VECTOR('',#3913,0.707106780836126);
#1167=VECTOR('',#3920,0.707106780794103);
#1168=VECTOR('',#3925,39.00000000389);
#1169=VECTOR('',#3928,0.707106780794053);
#1170=VECTOR('',#3933,2.499999998335);
#1171=VECTOR('',#3938,40.);
#1172=VECTOR('',#3943,2.49999999851301);
#1173=VECTOR('',#3944,2.499999998335);
#1174=VECTOR('',#3947,37.71935243093);
#1175=VECTOR('',#3948,37.71935241803);
#1176=VECTOR('',#3949,2.499999999143);
#1177=VECTOR('',#3952,37.71935243272);
#1178=VECTOR('',#3953,0.707106780701902);
#1179=VECTOR('',#3966,35.22733755163);
#1180=VECTOR('',#4003,20.);
#1181=VECTOR('',#4012,35.22733800749);
#1182=VECTOR('',#4033,1.6);
#1183=VECTOR('',#4038,2.3);
#1184=VECTOR('',#4047,3.25);
#1185=VECTOR('',#4050,1.6);
#1186=VECTOR('',#4055,2.3);
#1187=VECTOR('',#4064,3.25);
#1188=VECTOR('',#4069,0.706847781092333);
#1189=VECTOR('',#4070,0.707059986691321);
#1190=VECTOR('',#4073,2.49989392848306);
#1191=VECTOR('',#4074,2.499999981323);
#1192=VECTOR('',#4079,2.49999998302402);
#1193=VECTOR('',#4082,0.707106771583166);
#1194=VECTOR('',#4085,35.22733768428);
#1195=VECTOR('',#4098,3.25);
#1196=VECTOR('',#4107,2.3);
#1197=VECTOR('',#4110,1.6);
#1198=VECTOR('',#4115,3.25);
#1199=VECTOR('',#4124,2.3);
#1200=VECTOR('',#4127,1.6);
#1201=VECTOR('',#4132,3.25);
#1202=VECTOR('',#4141,2.3);
#1203=VECTOR('',#4144,1.6);
#1204=VECTOR('',#4149,3.25);
#1205=VECTOR('',#4158,2.3);
#1206=VECTOR('',#4161,1.6);
#1207=VECTOR('',#4164,1.6);
#1208=VECTOR('',#4169,2.3);
#1209=VECTOR('',#4178,3.25);
#1210=VECTOR('',#4181,1.6);
#1211=VECTOR('',#4186,2.3);
#1212=VECTOR('',#4195,3.25);
#1213=VERTEX_POINT('',#4200);
#1214=VERTEX_POINT('',#4201);
#1215=VERTEX_POINT('',#4203);
#1216=VERTEX_POINT('',#4205);
#1217=VERTEX_POINT('',#4209);
#1218=VERTEX_POINT('',#4210);
#1219=VERTEX_POINT('',#4215);
#1220=VERTEX_POINT('',#4217);
#1221=VERTEX_POINT('',#4220);
#1222=VERTEX_POINT('',#4222);
#1223=VERTEX_POINT('',#4224);
#1224=VERTEX_POINT('',#4227);
#1225=VERTEX_POINT('',#4228);
#1226=VERTEX_POINT('',#4233);
#1227=VERTEX_POINT('',#4234);
#1228=VERTEX_POINT('',#4239);
#1229=VERTEX_POINT('',#4240);
#1230=VERTEX_POINT('',#4244);
#1231=VERTEX_POINT('',#4246);
#1232=VERTEX_POINT('',#4248);
#1233=VERTEX_POINT('',#4251);
#1234=VERTEX_POINT('',#4255);
#1235=VERTEX_POINT('',#4259);
#1236=VERTEX_POINT('',#4264);
#1237=VERTEX_POINT('',#4268);
#1238=VERTEX_POINT('',#4272);
#1239=VERTEX_POINT('',#4277);
#1240=VERTEX_POINT('',#4281);
#1241=VERTEX_POINT('',#4285);
#1242=VERTEX_POINT('',#4290);
#1243=VERTEX_POINT('',#4292);
#1244=VERTEX_POINT('',#4296);
#1245=VERTEX_POINT('',#4298);
#1246=VERTEX_POINT('',#4302);
#1247=VERTEX_POINT('',#4306);
#1248=VERTEX_POINT('',#4312);
#1249=VERTEX_POINT('',#4316);
#1250=VERTEX_POINT('',#4320);
#1251=VERTEX_POINT('',#4324);
#1252=VERTEX_POINT('',#4328);
#1253=VERTEX_POINT('',#4330);
#1254=VERTEX_POINT('',#4334);
#1255=VERTEX_POINT('',#4338);
#1256=VERTEX_POINT('',#4342);
#1257=VERTEX_POINT('',#4346);
#1258=VERTEX_POINT('',#4353);
#1259=VERTEX_POINT('',#4355);
#1260=VERTEX_POINT('',#4359);
#1261=VERTEX_POINT('',#4363);
#1262=VERTEX_POINT('',#4365);
#1263=VERTEX_POINT('',#4367);
#1264=VERTEX_POINT('',#4369);
#1265=VERTEX_POINT('',#4371);
#1266=VERTEX_POINT('',#4373);
#1267=VERTEX_POINT('',#4375);
#1268=VERTEX_POINT('',#4377);
#1269=VERTEX_POINT('',#4379);
#1270=VERTEX_POINT('',#4381);
#1271=VERTEX_POINT('',#4383);
#1272=VERTEX_POINT('',#4386);
#1273=VERTEX_POINT('',#4388);
#1274=VERTEX_POINT('',#4390);
#1275=VERTEX_POINT('',#4392);
#1276=VERTEX_POINT('',#4394);
#1277=VERTEX_POINT('',#4396);
#1278=VERTEX_POINT('',#4398);
#1279=VERTEX_POINT('',#4400);
#1280=VERTEX_POINT('',#4402);
#1281=VERTEX_POINT('',#4404);
#1282=VERTEX_POINT('',#4406);
#1283=VERTEX_POINT('',#4407);
#1284=VERTEX_POINT('',#4409);
#1285=VERTEX_POINT('',#4411);
#1286=VERTEX_POINT('',#4413);
#1287=VERTEX_POINT('',#4415);
#1288=VERTEX_POINT('',#4417);
#1289=VERTEX_POINT('',#4419);
#1290=VERTEX_POINT('',#4422);
#1291=VERTEX_POINT('',#4425);
#1292=VERTEX_POINT('',#4429);
#1293=VERTEX_POINT('',#4432);
#1294=VERTEX_POINT('',#4436);
#1295=VERTEX_POINT('',#4440);
#1296=VERTEX_POINT('',#4441);
#1297=VERTEX_POINT('',#4443);
#1298=VERTEX_POINT('',#4445);
#1299=VERTEX_POINT('',#4447);
#1300=VERTEX_POINT('',#4450);
#1301=VERTEX_POINT('',#4452);
#1302=VERTEX_POINT('',#4454);
#1303=VERTEX_POINT('',#4456);
#1304=VERTEX_POINT('',#4458);
#1305=VERTEX_POINT('',#4460);
#1306=VERTEX_POINT('',#4463);
#1307=VERTEX_POINT('',#4465);
#1308=VERTEX_POINT('',#4467);
#1309=VERTEX_POINT('',#4469);
#1310=VERTEX_POINT('',#4471);
#1311=VERTEX_POINT('',#4473);
#1312=VERTEX_POINT('',#4475);
#1313=VERTEX_POINT('',#4477);
#1314=VERTEX_POINT('',#4479);
#1315=VERTEX_POINT('',#4481);
#1316=VERTEX_POINT('',#4483);
#1317=VERTEX_POINT('',#4484);
#1318=VERTEX_POINT('',#4486);
#1319=VERTEX_POINT('',#4488);
#1320=VERTEX_POINT('',#4490);
#1321=VERTEX_POINT('',#4492);
#1322=VERTEX_POINT('',#4494);
#1323=VERTEX_POINT('',#4496);
#1324=VERTEX_POINT('',#4500);
#1325=VERTEX_POINT('',#4504);
#1326=VERTEX_POINT('',#4508);
#1327=VERTEX_POINT('',#4513);
#1328=VERTEX_POINT('',#4517);
#1329=VERTEX_POINT('',#4521);
#1330=VERTEX_POINT('',#4526);
#1331=VERTEX_POINT('',#4530);
#1332=VERTEX_POINT('',#4534);
#1333=VERTEX_POINT('',#4539);
#1334=VERTEX_POINT('',#4545);
#1335=VERTEX_POINT('',#4551);
#1336=VERTEX_POINT('',#4557);
#1337=VERTEX_POINT('',#4563);
#1338=VERTEX_POINT('',#4567);
#1339=VERTEX_POINT('',#4571);
#1340=VERTEX_POINT('',#4576);
#1341=VERTEX_POINT('',#4580);
#1342=VERTEX_POINT('',#4584);
#1343=VERTEX_POINT('',#4589);
#1344=VERTEX_POINT('',#4593);
#1345=VERTEX_POINT('',#4597);
#1346=VERTEX_POINT('',#4602);
#1347=VERTEX_POINT('',#4603);
#1348=VERTEX_POINT('',#4611);
#1349=VERTEX_POINT('',#4615);
#1350=VERTEX_POINT('',#4619);
#1351=VERTEX_POINT('',#4623);
#1352=VERTEX_POINT('',#4627);
#1353=VERTEX_POINT('',#4631);
#1354=VERTEX_POINT('',#4650);
#1355=VERTEX_POINT('',#4656);
#1356=VERTEX_POINT('',#4662);
#1357=VERTEX_POINT('',#4671);
#1358=VERTEX_POINT('',#4672);
#1359=VERTEX_POINT('',#4680);
#1360=VERTEX_POINT('',#4684);
#1361=VERTEX_POINT('',#4688);
#1362=VERTEX_POINT('',#4692);
#1363=VERTEX_POINT('',#4696);
#1364=VERTEX_POINT('',#4700);
#1365=VERTEX_POINT('',#4725);
#1366=VERTEX_POINT('',#4727);
#1367=VERTEX_POINT('',#4731);
#1368=VERTEX_POINT('',#4735);
#1369=VERTEX_POINT('',#4739);
#1370=VERTEX_POINT('',#4741);
#1371=VERTEX_POINT('',#4745);
#1372=VERTEX_POINT('',#4749);
#1373=VERTEX_POINT('',#4753);
#1374=VERTEX_POINT('',#4755);
#1375=VERTEX_POINT('',#4761);
#1376=VERTEX_POINT('',#4767);
#1377=VERTEX_POINT('',#4771);
#1378=VERTEX_POINT('',#4773);
#1379=VERTEX_POINT('',#4777);
#1380=VERTEX_POINT('',#4781);
#1381=VERTEX_POINT('',#4785);
#1382=VERTEX_POINT('',#4789);
#1383=VERTEX_POINT('',#4796);
#1384=VERTEX_POINT('',#4798);
#1385=VERTEX_POINT('',#4802);
#1386=VERTEX_POINT('',#4806);
#1387=VERTEX_POINT('',#4807);
#1388=VERTEX_POINT('',#4809);
#1389=VERTEX_POINT('',#4811);
#1390=VERTEX_POINT('',#4813);
#1391=VERTEX_POINT('',#4815);
#1392=VERTEX_POINT('',#4818);
#1393=VERTEX_POINT('',#4820);
#1394=VERTEX_POINT('',#4822);
#1395=VERTEX_POINT('',#4824);
#1396=VERTEX_POINT('',#4826);
#1397=VERTEX_POINT('',#4828);
#1398=VERTEX_POINT('',#4830);
#1399=VERTEX_POINT('',#4832);
#1400=VERTEX_POINT('',#4834);
#1401=VERTEX_POINT('',#4836);
#1402=VERTEX_POINT('',#4838);
#1403=VERTEX_POINT('',#4840);
#1404=VERTEX_POINT('',#4843);
#1405=VERTEX_POINT('',#4845);
#1406=VERTEX_POINT('',#4847);
#1407=VERTEX_POINT('',#4849);
#1408=VERTEX_POINT('',#4852);
#1409=VERTEX_POINT('',#4856);
#1410=VERTEX_POINT('',#4857);
#1411=VERTEX_POINT('',#4860);
#1412=VERTEX_POINT('',#4863);
#1413=VERTEX_POINT('',#4865);
#1414=VERTEX_POINT('',#4867);
#1415=VERTEX_POINT('',#4869);
#1416=VERTEX_POINT('',#4871);
#1417=VERTEX_POINT('',#4873);
#1418=VERTEX_POINT('',#4875);
#1419=VERTEX_POINT('',#4877);
#1420=VERTEX_POINT('',#4880);
#1421=VERTEX_POINT('',#4884);
#1422=VERTEX_POINT('',#4888);
#1423=VERTEX_POINT('',#4893);
#1424=VERTEX_POINT('',#4897);
#1425=VERTEX_POINT('',#4901);
#1426=VERTEX_POINT('',#4916);
#1427=VERTEX_POINT('',#4917);
#1428=VERTEX_POINT('',#4965);
#1429=VERTEX_POINT('',#4977);
#1430=VERTEX_POINT('',#4981);
#1431=VERTEX_POINT('',#4984);
#1432=VERTEX_POINT('',#4990);
#1433=VERTEX_POINT('',#4994);
#1434=VERTEX_POINT('',#4997);
#1435=VERTEX_POINT('',#5003);
#1436=VERTEX_POINT('',#5007);
#1437=VERTEX_POINT('',#5010);
#1438=VERTEX_POINT('',#5016);
#1439=VERTEX_POINT('',#5020);
#1440=VERTEX_POINT('',#5023);
#1441=VERTEX_POINT('',#5029);
#1442=VERTEX_POINT('',#5033);
#1443=VERTEX_POINT('',#5037);
#1444=VERTEX_POINT('',#5042);
#1445=VERTEX_POINT('',#5046);
#1446=VERTEX_POINT('',#5050);
#1447=EDGE_CURVE('',#1213,#1214,#787,.T.);
#1448=EDGE_CURVE('',#1215,#1214,#788,.T.);
#1449=EDGE_CURVE('',#1216,#1215,#789,.T.);
#1450=EDGE_CURVE('',#1213,#1216,#790,.T.);
#1451=EDGE_CURVE('',#1217,#1218,#791,.T.);
#1452=EDGE_CURVE('',#1214,#1218,#125,.T.);
#1453=EDGE_CURVE('',#1217,#1213,#126,.T.);
#1454=EDGE_CURVE('',#1219,#1217,#792,.T.);
#1455=EDGE_CURVE('',#1220,#1219,#793,.T.);
#1456=EDGE_CURVE('',#1218,#1220,#794,.T.);
#1457=EDGE_CURVE('',#1221,#1221,#127,.T.);
#1458=EDGE_CURVE('',#1222,#1222,#128,.T.);
#1459=EDGE_CURVE('',#1223,#1223,#129,.T.);
#1460=EDGE_CURVE('',#1224,#1225,#795,.T.);
#1461=EDGE_CURVE('',#1218,#1224,#796,.T.);
#1462=EDGE_CURVE('',#1220,#1225,#797,.T.);
#1463=EDGE_CURVE('',#1226,#1227,#798,.T.);
#1464=EDGE_CURVE('',#1226,#1224,#799,.T.);
#1465=EDGE_CURVE('',#1227,#1225,#800,.T.);
#1466=EDGE_CURVE('',#1228,#1229,#801,.T.);
#1467=EDGE_CURVE('',#1229,#1226,#802,.T.);
#1468=EDGE_CURVE('',#1227,#1228,#803,.T.);
#1469=EDGE_CURVE('',#1230,#1230,#130,.T.);
#1470=EDGE_CURVE('',#1231,#1231,#131,.T.);
#1471=EDGE_CURVE('',#1232,#1232,#132,.T.);
#1472=EDGE_CURVE('',#1232,#1233,#804,.T.);
#1473=EDGE_CURVE('',#1233,#1233,#133,.T.);
#1474=EDGE_CURVE('',#1233,#1234,#805,.T.);
#1475=EDGE_CURVE('',#1234,#1234,#134,.T.);
#1476=EDGE_CURVE('',#1235,#1235,#135,.T.);
#1477=EDGE_CURVE('',#1235,#1221,#806,.T.);
#1478=EDGE_CURVE('',#1230,#1236,#807,.T.);
#1479=EDGE_CURVE('',#1236,#1236,#136,.T.);
#1480=EDGE_CURVE('',#1236,#1237,#808,.T.);
#1481=EDGE_CURVE('',#1237,#1237,#137,.T.);
#1482=EDGE_CURVE('',#1238,#1238,#138,.T.);
#1483=EDGE_CURVE('',#1238,#1222,#809,.T.);
#1484=EDGE_CURVE('',#1231,#1239,#810,.T.);
#1485=EDGE_CURVE('',#1239,#1239,#139,.T.);
#1486=EDGE_CURVE('',#1239,#1240,#811,.T.);
#1487=EDGE_CURVE('',#1240,#1240,#140,.T.);
#1488=EDGE_CURVE('',#1241,#1241,#141,.T.);
#1489=EDGE_CURVE('',#1241,#1223,#812,.T.);
#1490=EDGE_CURVE('',#1228,#1242,#813,.T.);
#1491=EDGE_CURVE('',#1242,#1243,#814,.T.);
#1492=EDGE_CURVE('',#1229,#1243,#815,.T.);
#1493=EDGE_CURVE('',#1229,#1244,#142,.T.);
#1494=EDGE_CURVE('',#1243,#1245,#143,.T.);
#1495=EDGE_CURVE('',#1244,#1245,#816,.T.);
#1496=EDGE_CURVE('',#1244,#1246,#817,.T.);
#1497=EDGE_CURVE('',#1246,#1226,#144,.T.);
#1498=EDGE_CURVE('',#1246,#1247,#818,.T.);
#1499=EDGE_CURVE('',#1247,#1224,#145,.T.);
#1500=EDGE_CURVE('',#1214,#1247,#819,.T.);
#1501=EDGE_CURVE('',#1248,#1247,#820,.T.);
#1502=EDGE_CURVE('',#1248,#1215,#821,.T.);
#1503=EDGE_CURVE('',#1249,#1246,#822,.T.);
#1504=EDGE_CURVE('',#1249,#1248,#823,.T.);
#1505=EDGE_CURVE('',#1244,#1250,#824,.T.);
#1506=EDGE_CURVE('',#1250,#1249,#825,.T.);
#1507=EDGE_CURVE('',#1245,#1251,#826,.T.);
#1508=EDGE_CURVE('',#1250,#1251,#827,.T.);
#1509=EDGE_CURVE('',#1250,#1252,#146,.T.);
#1510=EDGE_CURVE('',#1251,#1253,#147,.T.);
#1511=EDGE_CURVE('',#1252,#1253,#828,.T.);
#1512=EDGE_CURVE('',#1252,#1254,#829,.T.);
#1513=EDGE_CURVE('',#1254,#1249,#148,.T.);
#1514=EDGE_CURVE('',#1254,#1255,#830,.T.);
#1515=EDGE_CURVE('',#1255,#1248,#149,.T.);
#1516=EDGE_CURVE('',#1255,#1256,#831,.T.);
#1517=EDGE_CURVE('',#1215,#1256,#150,.T.);
#1518=EDGE_CURVE('',#1257,#1256,#832,.T.);
#1519=EDGE_CURVE('',#1216,#1257,#151,.T.);
#1520=EDGE_CURVE('',#1251,#1216,#833,.T.);
#1521=EDGE_CURVE('',#1253,#1257,#834,.T.);
#1522=EDGE_CURVE('',#1253,#1258,#835,.T.);
#1523=EDGE_CURVE('',#1257,#1259,#836,.T.);
#1524=EDGE_CURVE('',#1259,#1258,#837,.T.);
#1525=EDGE_CURVE('',#1252,#1260,#838,.T.);
#1526=EDGE_CURVE('',#1260,#1258,#839,.T.);
#1527=EDGE_CURVE('',#1260,#1261,#152,.T.);
#1528=EDGE_CURVE('',#1261,#1262,#153,.T.);
#1529=EDGE_CURVE('',#1262,#1263,#154,.T.);
#1530=EDGE_CURVE('',#1263,#1264,#840,.T.);
#1531=EDGE_CURVE('',#1264,#1265,#155,.T.);
#1532=EDGE_CURVE('',#1265,#1266,#841,.T.);
#1533=EDGE_CURVE('',#1266,#1267,#156,.T.);
#1534=EDGE_CURVE('',#1267,#1268,#842,.T.);
#1535=EDGE_CURVE('',#1268,#1269,#157,.T.);
#1536=EDGE_CURVE('',#1269,#1270,#843,.T.);
#1537=EDGE_CURVE('',#1270,#1271,#158,.T.);
#1538=EDGE_CURVE('',#1271,#1254,#844,.T.);
#1539=EDGE_CURVE('',#1272,#1272,#159,.T.);
#1540=EDGE_CURVE('',#1273,#1273,#160,.T.);
#1541=EDGE_CURVE('',#1274,#1274,#161,.T.);
#1542=EDGE_CURVE('',#1275,#1275,#162,.T.);
#1543=EDGE_CURVE('',#1276,#1276,#163,.T.);
#1544=EDGE_CURVE('',#1277,#1277,#164,.T.);
#1545=EDGE_CURVE('',#1278,#1278,#165,.T.);
#1546=EDGE_CURVE('',#1279,#1279,#166,.T.);
#1547=EDGE_CURVE('',#1280,#1280,#167,.T.);
#1548=EDGE_CURVE('',#1281,#1281,#168,.T.);
#1549=EDGE_CURVE('',#1282,#1283,#169,.T.);
#1550=EDGE_CURVE('',#1283,#1284,#845,.T.);
#1551=EDGE_CURVE('',#1284,#1285,#170,.T.);
#1552=EDGE_CURVE('',#1285,#1286,#846,.T.);
#1553=EDGE_CURVE('',#1286,#1287,#171,.T.);
#1554=EDGE_CURVE('',#1287,#1288,#847,.T.);
#1555=EDGE_CURVE('',#1288,#1289,#172,.T.);
#1556=EDGE_CURVE('',#1289,#1282,#848,.T.);
#1557=EDGE_CURVE('',#1290,#1290,#173,.T.);
#1558=EDGE_CURVE('',#1291,#1291,#174,.T.);
#1559=EDGE_CURVE('',#1291,#1290,#849,.T.);
#1560=EDGE_CURVE('',#1292,#1292,#175,.T.);
#1561=EDGE_CURVE('',#1293,#1293,#176,.T.);
#1562=EDGE_CURVE('',#1293,#1292,#850,.T.);
#1563=EDGE_CURVE('',#1294,#1294,#177,.T.);
#1564=EDGE_CURVE('',#1294,#1293,#851,.T.);
#1565=EDGE_CURVE('',#1295,#1296,#178,.T.);
#1566=EDGE_CURVE('',#1297,#1296,#852,.T.);
#1567=EDGE_CURVE('',#1297,#1298,#179,.T.);
#1568=EDGE_CURVE('',#1299,#1298,#180,.T.);
#1569=EDGE_CURVE('',#1299,#1259,#181,.T.);
#1570=EDGE_CURVE('',#1300,#1256,#853,.T.);
#1571=EDGE_CURVE('',#1300,#1301,#182,.T.);
#1572=EDGE_CURVE('',#1302,#1301,#854,.T.);
#1573=EDGE_CURVE('',#1302,#1303,#183,.T.);
#1574=EDGE_CURVE('',#1304,#1303,#855,.T.);
#1575=EDGE_CURVE('',#1304,#1305,#184,.T.);
#1576=EDGE_CURVE('',#1295,#1305,#856,.T.);
#1577=EDGE_CURVE('',#1306,#1306,#185,.T.);
#1578=EDGE_CURVE('',#1307,#1307,#186,.T.);
#1579=EDGE_CURVE('',#1308,#1308,#187,.T.);
#1580=EDGE_CURVE('',#1309,#1309,#188,.T.);
#1581=EDGE_CURVE('',#1310,#1310,#189,.T.);
#1582=EDGE_CURVE('',#1311,#1311,#190,.T.);
#1583=EDGE_CURVE('',#1312,#1312,#191,.T.);
#1584=EDGE_CURVE('',#1313,#1313,#192,.T.);
#1585=EDGE_CURVE('',#1314,#1314,#193,.T.);
#1586=EDGE_CURVE('',#1315,#1315,#194,.T.);
#1587=EDGE_CURVE('',#1316,#1317,#857,.T.);
#1588=EDGE_CURVE('',#1316,#1318,#195,.T.);
#1589=EDGE_CURVE('',#1319,#1318,#858,.T.);
#1590=EDGE_CURVE('',#1319,#1320,#196,.T.);
#1591=EDGE_CURVE('',#1321,#1320,#859,.T.);
#1592=EDGE_CURVE('',#1321,#1322,#197,.T.);
#1593=EDGE_CURVE('',#1323,#1322,#860,.T.);
#1594=EDGE_CURVE('',#1323,#1317,#198,.T.);
#1595=EDGE_CURVE('',#1306,#1324,#861,.T.);
#1596=EDGE_CURVE('',#1324,#1324,#199,.T.);
#1597=EDGE_CURVE('',#1324,#1325,#862,.T.);
#1598=EDGE_CURVE('',#1325,#1325,#200,.T.);
#1599=EDGE_CURVE('',#1326,#1326,#201,.T.);
#1600=EDGE_CURVE('',#1326,#1272,#863,.T.);
#1601=EDGE_CURVE('',#1307,#1327,#864,.T.);
#1602=EDGE_CURVE('',#1327,#1327,#202,.T.);
#1603=EDGE_CURVE('',#1327,#1328,#865,.T.);
#1604=EDGE_CURVE('',#1328,#1328,#203,.T.);
#1605=EDGE_CURVE('',#1329,#1329,#204,.T.);
#1606=EDGE_CURVE('',#1329,#1273,#866,.T.);
#1607=EDGE_CURVE('',#1308,#1330,#867,.T.);
#1608=EDGE_CURVE('',#1330,#1330,#205,.T.);
#1609=EDGE_CURVE('',#1330,#1331,#868,.T.);
#1610=EDGE_CURVE('',#1331,#1331,#206,.T.);
#1611=EDGE_CURVE('',#1332,#1332,#207,.T.);
#1612=EDGE_CURVE('',#1332,#1274,#869,.T.);
#1613=EDGE_CURVE('',#1309,#1333,#870,.T.);
#1614=EDGE_CURVE('',#1333,#1333,#208,.T.);
#1615=EDGE_CURVE('',#1333,#1275,#871,.T.);
#1616=EDGE_CURVE('',#1310,#1334,#872,.T.);
#1617=EDGE_CURVE('',#1334,#1334,#209,.T.);
#1618=EDGE_CURVE('',#1334,#1276,#873,.T.);
#1619=EDGE_CURVE('',#1311,#1335,#874,.T.);
#1620=EDGE_CURVE('',#1335,#1335,#210,.T.);
#1621=EDGE_CURVE('',#1335,#1277,#875,.T.);
#1622=EDGE_CURVE('',#1312,#1336,#876,.T.);
#1623=EDGE_CURVE('',#1336,#1336,#211,.T.);
#1624=EDGE_CURVE('',#1336,#1278,#877,.T.);
#1625=EDGE_CURVE('',#1313,#1337,#878,.T.);
#1626=EDGE_CURVE('',#1337,#1337,#212,.T.);
#1627=EDGE_CURVE('',#1337,#1338,#879,.T.);
#1628=EDGE_CURVE('',#1338,#1338,#213,.T.);
#1629=EDGE_CURVE('',#1339,#1339,#214,.T.);
#1630=EDGE_CURVE('',#1339,#1279,#880,.T.);
#1631=EDGE_CURVE('',#1314,#1340,#881,.T.);
#1632=EDGE_CURVE('',#1340,#1340,#215,.T.);
#1633=EDGE_CURVE('',#1340,#1341,#882,.T.);
#1634=EDGE_CURVE('',#1341,#1341,#216,.T.);
#1635=EDGE_CURVE('',#1342,#1342,#217,.T.);
#1636=EDGE_CURVE('',#1342,#1280,#883,.T.);
#1637=EDGE_CURVE('',#1315,#1343,#884,.T.);
#1638=EDGE_CURVE('',#1343,#1343,#218,.T.);
#1639=EDGE_CURVE('',#1343,#1344,#885,.T.);
#1640=EDGE_CURVE('',#1344,#1344,#219,.T.);
#1641=EDGE_CURVE('',#1345,#1345,#220,.T.);
#1642=EDGE_CURVE('',#1345,#1281,#886,.T.);
#1643=EDGE_CURVE('',#1346,#1347,#221,.T.);
#1644=EDGE_CURVE('',#1346,#1296,#887,.T.);
#1645=EDGE_CURVE('',#1347,#1295,#888,.T.);
#1646=EDGE_CURVE('',#1264,#1346,#889,.T.);
#1647=EDGE_CURVE('',#1265,#1347,#890,.T.);
#1648=EDGE_CURVE('',#1347,#1348,#891,.T.);
#1649=EDGE_CURVE('',#1266,#1348,#892,.T.);
#1650=EDGE_CURVE('',#1348,#1349,#222,.T.);
#1651=EDGE_CURVE('',#1267,#1349,#893,.T.);
#1652=EDGE_CURVE('',#1349,#1350,#894,.T.);
#1653=EDGE_CURVE('',#1268,#1350,#895,.T.);
#1654=EDGE_CURVE('',#1350,#1351,#223,.T.);
#1655=EDGE_CURVE('',#1269,#1351,#896,.T.);
#1656=EDGE_CURVE('',#1351,#1352,#897,.T.);
#1657=EDGE_CURVE('',#1270,#1352,#898,.T.);
#1658=EDGE_CURVE('',#1352,#1353,#224,.T.);
#1659=EDGE_CURVE('',#1271,#1353,#899,.T.);
#1660=EDGE_CURVE('',#1353,#1255,#900,.T.);
#1661=EDGE_CURVE('',#1353,#1300,#901,.T.);
#1662=EDGE_CURVE('',#1352,#1301,#902,.T.);
#1663=EDGE_CURVE('',#1351,#1302,#903,.T.);
#1664=EDGE_CURVE('',#1350,#1303,#904,.T.);
#1665=EDGE_CURVE('',#1304,#1349,#905,.T.);
#1666=EDGE_CURVE('',#1305,#1348,#906,.T.);
#1667=EDGE_CURVE('',#1263,#1354,#907,.T.);
#1668=EDGE_CURVE('',#1354,#1346,#908,.T.);
#1669=EDGE_CURVE('',#1297,#1354,#909,.T.);
#1670=EDGE_CURVE('',#1355,#1354,#225,.T.);
#1671=EDGE_CURVE('',#1298,#1355,#910,.T.);
#1672=EDGE_CURVE('',#1262,#1355,#911,.T.);
#1673=EDGE_CURVE('',#1261,#1356,#912,.T.);
#1674=EDGE_CURVE('',#1356,#1355,#226,.T.);
#1675=EDGE_CURVE('',#1299,#1356,#913,.T.);
#1676=EDGE_CURVE('',#1258,#1356,#227,.T.);
#1677=EDGE_CURVE('',#1357,#1358,#914,.T.);
#1678=EDGE_CURVE('',#1316,#1357,#915,.T.);
#1679=EDGE_CURVE('',#1317,#1358,#916,.T.);
#1680=EDGE_CURVE('',#1287,#1357,#917,.T.);
#1681=EDGE_CURVE('',#1288,#1358,#918,.T.);
#1682=EDGE_CURVE('',#1358,#1359,#228,.T.);
#1683=EDGE_CURVE('',#1289,#1359,#919,.T.);
#1684=EDGE_CURVE('',#1359,#1360,#920,.T.);
#1685=EDGE_CURVE('',#1282,#1360,#921,.T.);
#1686=EDGE_CURVE('',#1360,#1361,#229,.T.);
#1687=EDGE_CURVE('',#1283,#1361,#922,.T.);
#1688=EDGE_CURVE('',#1361,#1362,#923,.T.);
#1689=EDGE_CURVE('',#1284,#1362,#924,.T.);
#1690=EDGE_CURVE('',#1362,#1363,#230,.T.);
#1691=EDGE_CURVE('',#1285,#1363,#925,.T.);
#1692=EDGE_CURVE('',#1363,#1364,#926,.T.);
#1693=EDGE_CURVE('',#1286,#1364,#927,.T.);
#1694=EDGE_CURVE('',#1364,#1357,#231,.T.);
#1695=EDGE_CURVE('',#1318,#1364,#928,.T.);
#1696=EDGE_CURVE('',#1319,#1363,#929,.T.);
#1697=EDGE_CURVE('',#1320,#1362,#930,.T.);
#1698=EDGE_CURVE('',#1321,#1361,#931,.T.);
#1699=EDGE_CURVE('',#1322,#1360,#932,.T.);
#1700=EDGE_CURVE('',#1323,#1359,#933,.T.);
#1701=EDGE_CURVE('',#1213,#1245,#934,.T.);
#1702=EDGE_CURVE('',#1217,#1243,#935,.T.);
#1703=EDGE_CURVE('',#1219,#1242,#936,.T.);
#1704=EDGE_CURVE('',#1365,#1242,#232,.T.);
#1705=EDGE_CURVE('',#1366,#1365,#937,.T.);
#1706=EDGE_CURVE('',#1366,#1219,#233,.T.);
#1707=EDGE_CURVE('',#1367,#1228,#234,.T.);
#1708=EDGE_CURVE('',#1367,#1365,#938,.T.);
#1709=EDGE_CURVE('',#1227,#1368,#235,.T.);
#1710=EDGE_CURVE('',#1368,#1367,#939,.T.);
#1711=EDGE_CURVE('',#1369,#1367,#940,.T.);
#1712=EDGE_CURVE('',#1368,#1370,#941,.T.);
#1713=EDGE_CURVE('',#1370,#1369,#942,.T.);
#1714=EDGE_CURVE('',#1369,#1371,#943,.T.);
#1715=EDGE_CURVE('',#1371,#1365,#944,.T.);
#1716=EDGE_CURVE('',#1371,#1372,#945,.T.);
#1717=EDGE_CURVE('',#1372,#1366,#946,.T.);
#1718=EDGE_CURVE('',#1373,#1366,#947,.T.);
#1719=EDGE_CURVE('',#1374,#1372,#948,.T.);
#1720=EDGE_CURVE('',#1373,#1374,#949,.T.);
#1721=EDGE_CURVE('',#1220,#1373,#236,.T.);
#1722=EDGE_CURVE('',#1225,#1375,#237,.T.);
#1723=EDGE_CURVE('',#1373,#1375,#950,.T.);
#1724=EDGE_CURVE('',#1368,#1375,#951,.T.);
#1725=EDGE_CURVE('',#1375,#1376,#952,.T.);
#1726=EDGE_CURVE('',#1370,#1376,#953,.T.);
#1727=EDGE_CURVE('',#1370,#1377,#238,.T.);
#1728=EDGE_CURVE('',#1376,#1378,#239,.T.);
#1729=EDGE_CURVE('',#1377,#1378,#954,.T.);
#1730=EDGE_CURVE('',#1379,#1369,#240,.T.);
#1731=EDGE_CURVE('',#1377,#1379,#955,.T.);
#1732=EDGE_CURVE('',#1379,#1380,#956,.T.);
#1733=EDGE_CURVE('',#1380,#1371,#241,.T.);
#1734=EDGE_CURVE('',#1380,#1381,#957,.T.);
#1735=EDGE_CURVE('',#1372,#1381,#242,.T.);
#1736=EDGE_CURVE('',#1382,#1381,#958,.T.);
#1737=EDGE_CURVE('',#1374,#1382,#243,.T.);
#1738=EDGE_CURVE('',#1376,#1374,#959,.T.);
#1739=EDGE_CURVE('',#1378,#1382,#960,.T.);
#1740=EDGE_CURVE('',#1378,#1383,#961,.T.);
#1741=EDGE_CURVE('',#1382,#1384,#962,.T.);
#1742=EDGE_CURVE('',#1384,#1383,#963,.T.);
#1743=EDGE_CURVE('',#1377,#1385,#964,.T.);
#1744=EDGE_CURVE('',#1385,#1383,#965,.T.);
#1745=EDGE_CURVE('',#1386,#1387,#244,.T.);
#1746=EDGE_CURVE('',#1388,#1387,#245,.T.);
#1747=EDGE_CURVE('',#1389,#1388,#246,.T.);
#1748=EDGE_CURVE('',#1389,#1390,#247,.T.);
#1749=EDGE_CURVE('',#1390,#1391,#248,.T.);
#1750=EDGE_CURVE('',#1391,#1379,#966,.T.);
#1751=EDGE_CURVE('',#1385,#1392,#249,.T.);
#1752=EDGE_CURVE('',#1392,#1393,#250,.T.);
#1753=EDGE_CURVE('',#1394,#1393,#251,.T.);
#1754=EDGE_CURVE('',#1395,#1394,#252,.T.);
#1755=EDGE_CURVE('',#1395,#1396,#253,.T.);
#1756=EDGE_CURVE('',#1397,#1396,#254,.T.);
#1757=EDGE_CURVE('',#1398,#1397,#255,.T.);
#1758=EDGE_CURVE('',#1398,#1399,#256,.T.);
#1759=EDGE_CURVE('',#1400,#1399,#257,.T.);
#1760=EDGE_CURVE('',#1401,#1400,#258,.T.);
#1761=EDGE_CURVE('',#1401,#1402,#259,.T.);
#1762=EDGE_CURVE('',#1403,#1402,#260,.T.);
#1763=EDGE_CURVE('',#1386,#1403,#261,.T.);
#1764=EDGE_CURVE('',#1404,#1404,#262,.T.);
#1765=EDGE_CURVE('',#1405,#1405,#263,.T.);
#1766=EDGE_CURVE('',#1406,#1406,#264,.T.);
#1767=EDGE_CURVE('',#1407,#1407,#265,.T.);
#1768=EDGE_CURVE('',#1407,#1408,#967,.T.);
#1769=EDGE_CURVE('',#1408,#1408,#266,.T.);
#1770=EDGE_CURVE('',#1409,#1410,#267,.T.);
#1771=EDGE_CURVE('',#1409,#1384,#268,.T.);
#1772=EDGE_CURVE('',#1411,#1381,#968,.T.);
#1773=EDGE_CURVE('',#1411,#1410,#269,.T.);
#1774=EDGE_CURVE('',#1412,#1412,#270,.T.);
#1775=EDGE_CURVE('',#1413,#1413,#271,.T.);
#1776=EDGE_CURVE('',#1414,#1414,#272,.T.);
#1777=EDGE_CURVE('',#1415,#1415,#273,.T.);
#1778=EDGE_CURVE('',#1416,#1416,#274,.T.);
#1779=EDGE_CURVE('',#1417,#1417,#275,.T.);
#1780=EDGE_CURVE('',#1418,#1418,#276,.T.);
#1781=EDGE_CURVE('',#1419,#1419,#277,.T.);
#1782=EDGE_CURVE('',#1412,#1420,#969,.T.);
#1783=EDGE_CURVE('',#1420,#1420,#278,.T.);
#1784=EDGE_CURVE('',#1420,#1421,#970,.T.);
#1785=EDGE_CURVE('',#1421,#1421,#279,.T.);
#1786=EDGE_CURVE('',#1422,#1422,#280,.T.);
#1787=EDGE_CURVE('',#1422,#1404,#971,.T.);
#1788=EDGE_CURVE('',#1413,#1423,#972,.T.);
#1789=EDGE_CURVE('',#1423,#1423,#281,.T.);
#1790=EDGE_CURVE('',#1423,#1424,#973,.T.);
#1791=EDGE_CURVE('',#1424,#1424,#282,.T.);
#1792=EDGE_CURVE('',#1425,#1425,#283,.T.);
#1793=EDGE_CURVE('',#1425,#1400,#974,.T.);
#1794=EDGE_CURVE('',#1401,#1399,#15,.T.);
#1795=EDGE_CURVE('',#1426,#1427,#284,.T.);
#1796=EDGE_CURVE('',#1390,#1426,#975,.T.);
#1797=EDGE_CURVE('',#1387,#1389,#16,.T.);
#1798=EDGE_CURVE('',#1402,#1386,#17,.T.);
#1799=EDGE_CURVE('',#1396,#1398,#18,.T.);
#1800=EDGE_CURVE('',#1393,#1395,#19,.T.);
#1801=EDGE_CURVE('',#1392,#1427,#976,.T.);
#1802=EDGE_CURVE('',#1409,#1427,#977,.T.);
#1803=EDGE_CURVE('',#1410,#1426,#978,.T.);
#1804=EDGE_CURVE('',#1426,#1428,#285,.T.);
#1805=EDGE_CURVE('',#1411,#1428,#979,.T.);
#1806=EDGE_CURVE('',#1391,#1428,#980,.T.);
#1807=EDGE_CURVE('',#1428,#1380,#981,.T.);
#1808=EDGE_CURVE('',#1383,#1427,#286,.T.);
#1809=EDGE_CURVE('',#1429,#1429,#287,.T.);
#1810=EDGE_CURVE('',#1429,#1394,#982,.T.);
#1811=EDGE_CURVE('',#1430,#1430,#288,.T.);
#1812=EDGE_CURVE('',#1431,#1431,#289,.T.);
#1813=EDGE_CURVE('',#1431,#1430,#983,.T.);
#1814=EDGE_CURVE('',#1415,#1431,#984,.T.);
#1815=EDGE_CURVE('',#1432,#1432,#290,.T.);
#1816=EDGE_CURVE('',#1432,#1397,#985,.T.);
#1817=EDGE_CURVE('',#1433,#1433,#291,.T.);
#1818=EDGE_CURVE('',#1434,#1434,#292,.T.);
#1819=EDGE_CURVE('',#1434,#1433,#986,.T.);
#1820=EDGE_CURVE('',#1414,#1434,#987,.T.);
#1821=EDGE_CURVE('',#1435,#1435,#293,.T.);
#1822=EDGE_CURVE('',#1435,#1403,#988,.T.);
#1823=EDGE_CURVE('',#1436,#1436,#294,.T.);
#1824=EDGE_CURVE('',#1437,#1437,#295,.T.);
#1825=EDGE_CURVE('',#1437,#1436,#989,.T.);
#1826=EDGE_CURVE('',#1417,#1437,#990,.T.);
#1827=EDGE_CURVE('',#1438,#1438,#296,.T.);
#1828=EDGE_CURVE('',#1438,#1388,#991,.T.);
#1829=EDGE_CURVE('',#1439,#1439,#297,.T.);
#1830=EDGE_CURVE('',#1440,#1440,#298,.T.);
#1831=EDGE_CURVE('',#1440,#1439,#992,.T.);
#1832=EDGE_CURVE('',#1416,#1440,#993,.T.);
#1833=EDGE_CURVE('',#1418,#1441,#994,.T.);
#1834=EDGE_CURVE('',#1441,#1441,#299,.T.);
#1835=EDGE_CURVE('',#1441,#1442,#995,.T.);
#1836=EDGE_CURVE('',#1442,#1442,#300,.T.);
#1837=EDGE_CURVE('',#1443,#1443,#301,.T.);
#1838=EDGE_CURVE('',#1443,#1405,#996,.T.);
#1839=EDGE_CURVE('',#1419,#1444,#997,.T.);
#1840=EDGE_CURVE('',#1444,#1444,#302,.T.);
#1841=EDGE_CURVE('',#1444,#1445,#998,.T.);
#1842=EDGE_CURVE('',#1445,#1445,#303,.T.);
#1843=EDGE_CURVE('',#1446,#1446,#304,.T.);
#1844=EDGE_CURVE('',#1446,#1406,#999,.T.);
#1845=ORIENTED_EDGE('',*,*,#1447,.T.);
#1846=ORIENTED_EDGE('',*,*,#1448,.F.);
#1847=ORIENTED_EDGE('',*,*,#1449,.F.);
#1848=ORIENTED_EDGE('',*,*,#1450,.F.);
#1849=ORIENTED_EDGE('',*,*,#1451,.T.);
#1850=ORIENTED_EDGE('',*,*,#1452,.F.);
#1851=ORIENTED_EDGE('',*,*,#1447,.F.);
#1852=ORIENTED_EDGE('',*,*,#1453,.F.);
#1853=ORIENTED_EDGE('',*,*,#1451,.F.);
#1854=ORIENTED_EDGE('',*,*,#1454,.F.);
#1855=ORIENTED_EDGE('',*,*,#1455,.F.);
#1856=ORIENTED_EDGE('',*,*,#1456,.F.);
#1857=ORIENTED_EDGE('',*,*,#1457,.F.);
#1858=ORIENTED_EDGE('',*,*,#1458,.F.);
#1859=ORIENTED_EDGE('',*,*,#1459,.F.);
#1860=ORIENTED_EDGE('',*,*,#1460,.F.);
#1861=ORIENTED_EDGE('',*,*,#1461,.F.);
#1862=ORIENTED_EDGE('',*,*,#1456,.T.);
#1863=ORIENTED_EDGE('',*,*,#1462,.T.);
#1864=ORIENTED_EDGE('',*,*,#1463,.F.);
#1865=ORIENTED_EDGE('',*,*,#1464,.T.);
#1866=ORIENTED_EDGE('',*,*,#1460,.T.);
#1867=ORIENTED_EDGE('',*,*,#1465,.F.);
#1868=ORIENTED_EDGE('',*,*,#1466,.T.);
#1869=ORIENTED_EDGE('',*,*,#1467,.T.);
#1870=ORIENTED_EDGE('',*,*,#1463,.T.);
#1871=ORIENTED_EDGE('',*,*,#1468,.T.);
#1872=ORIENTED_EDGE('',*,*,#1469,.T.);
#1873=ORIENTED_EDGE('',*,*,#1470,.T.);
#1874=ORIENTED_EDGE('',*,*,#1471,.T.);
#1875=ORIENTED_EDGE('',*,*,#1471,.F.);
#1876=ORIENTED_EDGE('',*,*,#1472,.T.);
#1877=ORIENTED_EDGE('',*,*,#1473,.T.);
#1878=ORIENTED_EDGE('',*,*,#1472,.F.);
#1879=ORIENTED_EDGE('',*,*,#1473,.F.);
#1880=ORIENTED_EDGE('',*,*,#1474,.T.);
#1881=ORIENTED_EDGE('',*,*,#1475,.T.);
#1882=ORIENTED_EDGE('',*,*,#1474,.F.);
#1883=ORIENTED_EDGE('',*,*,#1476,.T.);
#1884=ORIENTED_EDGE('',*,*,#1475,.F.);
#1885=ORIENTED_EDGE('',*,*,#1476,.F.);
#1886=ORIENTED_EDGE('',*,*,#1477,.T.);
#1887=ORIENTED_EDGE('',*,*,#1457,.T.);
#1888=ORIENTED_EDGE('',*,*,#1477,.F.);
#1889=ORIENTED_EDGE('',*,*,#1469,.F.);
#1890=ORIENTED_EDGE('',*,*,#1478,.T.);
#1891=ORIENTED_EDGE('',*,*,#1479,.T.);
#1892=ORIENTED_EDGE('',*,*,#1478,.F.);
#1893=ORIENTED_EDGE('',*,*,#1479,.F.);
#1894=ORIENTED_EDGE('',*,*,#1480,.T.);
#1895=ORIENTED_EDGE('',*,*,#1481,.T.);
#1896=ORIENTED_EDGE('',*,*,#1480,.F.);
#1897=ORIENTED_EDGE('',*,*,#1482,.T.);
#1898=ORIENTED_EDGE('',*,*,#1481,.F.);
#1899=ORIENTED_EDGE('',*,*,#1482,.F.);
#1900=ORIENTED_EDGE('',*,*,#1483,.T.);
#1901=ORIENTED_EDGE('',*,*,#1458,.T.);
#1902=ORIENTED_EDGE('',*,*,#1483,.F.);
#1903=ORIENTED_EDGE('',*,*,#1470,.F.);
#1904=ORIENTED_EDGE('',*,*,#1484,.T.);
#1905=ORIENTED_EDGE('',*,*,#1485,.T.);
#1906=ORIENTED_EDGE('',*,*,#1484,.F.);
#1907=ORIENTED_EDGE('',*,*,#1485,.F.);
#1908=ORIENTED_EDGE('',*,*,#1486,.T.);
#1909=ORIENTED_EDGE('',*,*,#1487,.T.);
#1910=ORIENTED_EDGE('',*,*,#1486,.F.);
#1911=ORIENTED_EDGE('',*,*,#1488,.T.);
#1912=ORIENTED_EDGE('',*,*,#1487,.F.);
#1913=ORIENTED_EDGE('',*,*,#1488,.F.);
#1914=ORIENTED_EDGE('',*,*,#1489,.T.);
#1915=ORIENTED_EDGE('',*,*,#1459,.T.);
#1916=ORIENTED_EDGE('',*,*,#1489,.F.);
#1917=ORIENTED_EDGE('',*,*,#1466,.F.);
#1918=ORIENTED_EDGE('',*,*,#1490,.T.);
#1919=ORIENTED_EDGE('',*,*,#1491,.T.);
#1920=ORIENTED_EDGE('',*,*,#1492,.F.);
#1921=ORIENTED_EDGE('',*,*,#1493,.F.);
#1922=ORIENTED_EDGE('',*,*,#1492,.T.);
#1923=ORIENTED_EDGE('',*,*,#1494,.T.);
#1924=ORIENTED_EDGE('',*,*,#1495,.F.);
#1925=ORIENTED_EDGE('',*,*,#1493,.T.);
#1926=ORIENTED_EDGE('',*,*,#1496,.T.);
#1927=ORIENTED_EDGE('',*,*,#1497,.T.);
#1928=ORIENTED_EDGE('',*,*,#1467,.F.);
#1929=ORIENTED_EDGE('',*,*,#1497,.F.);
#1930=ORIENTED_EDGE('',*,*,#1498,.T.);
#1931=ORIENTED_EDGE('',*,*,#1499,.T.);
#1932=ORIENTED_EDGE('',*,*,#1464,.F.);
#1933=ORIENTED_EDGE('',*,*,#1499,.F.);
#1934=ORIENTED_EDGE('',*,*,#1500,.F.);
#1935=ORIENTED_EDGE('',*,*,#1452,.T.);
#1936=ORIENTED_EDGE('',*,*,#1461,.T.);
#1937=ORIENTED_EDGE('',*,*,#1501,.F.);
#1938=ORIENTED_EDGE('',*,*,#1502,.T.);
#1939=ORIENTED_EDGE('',*,*,#1448,.T.);
#1940=ORIENTED_EDGE('',*,*,#1500,.T.);
#1941=ORIENTED_EDGE('',*,*,#1503,.F.);
#1942=ORIENTED_EDGE('',*,*,#1504,.T.);
#1943=ORIENTED_EDGE('',*,*,#1501,.T.);
#1944=ORIENTED_EDGE('',*,*,#1498,.F.);
#1945=ORIENTED_EDGE('',*,*,#1505,.T.);
#1946=ORIENTED_EDGE('',*,*,#1506,.T.);
#1947=ORIENTED_EDGE('',*,*,#1503,.T.);
#1948=ORIENTED_EDGE('',*,*,#1496,.F.);
#1949=ORIENTED_EDGE('',*,*,#1505,.F.);
#1950=ORIENTED_EDGE('',*,*,#1495,.T.);
#1951=ORIENTED_EDGE('',*,*,#1507,.T.);
#1952=ORIENTED_EDGE('',*,*,#1508,.F.);
#1953=ORIENTED_EDGE('',*,*,#1509,.F.);
#1954=ORIENTED_EDGE('',*,*,#1508,.T.);
#1955=ORIENTED_EDGE('',*,*,#1510,.T.);
#1956=ORIENTED_EDGE('',*,*,#1511,.F.);
#1957=ORIENTED_EDGE('',*,*,#1509,.T.);
#1958=ORIENTED_EDGE('',*,*,#1512,.T.);
#1959=ORIENTED_EDGE('',*,*,#1513,.T.);
#1960=ORIENTED_EDGE('',*,*,#1506,.F.);
#1961=ORIENTED_EDGE('',*,*,#1513,.F.);
#1962=ORIENTED_EDGE('',*,*,#1514,.T.);
#1963=ORIENTED_EDGE('',*,*,#1515,.T.);
#1964=ORIENTED_EDGE('',*,*,#1504,.F.);
#1965=ORIENTED_EDGE('',*,*,#1515,.F.);
#1966=ORIENTED_EDGE('',*,*,#1516,.T.);
#1967=ORIENTED_EDGE('',*,*,#1517,.F.);
#1968=ORIENTED_EDGE('',*,*,#1502,.F.);
#1969=ORIENTED_EDGE('',*,*,#1449,.T.);
#1970=ORIENTED_EDGE('',*,*,#1517,.T.);
#1971=ORIENTED_EDGE('',*,*,#1518,.F.);
#1972=ORIENTED_EDGE('',*,*,#1519,.F.);
#1973=ORIENTED_EDGE('',*,*,#1510,.F.);
#1974=ORIENTED_EDGE('',*,*,#1520,.T.);
#1975=ORIENTED_EDGE('',*,*,#1519,.T.);
#1976=ORIENTED_EDGE('',*,*,#1521,.F.);
#1977=ORIENTED_EDGE('',*,*,#1522,.F.);
#1978=ORIENTED_EDGE('',*,*,#1521,.T.);
#1979=ORIENTED_EDGE('',*,*,#1523,.T.);
#1980=ORIENTED_EDGE('',*,*,#1524,.T.);
#1981=ORIENTED_EDGE('',*,*,#1525,.F.);
#1982=ORIENTED_EDGE('',*,*,#1511,.T.);
#1983=ORIENTED_EDGE('',*,*,#1522,.T.);
#1984=ORIENTED_EDGE('',*,*,#1526,.F.);
#1985=ORIENTED_EDGE('',*,*,#1525,.T.);
#1986=ORIENTED_EDGE('',*,*,#1527,.T.);
#1987=ORIENTED_EDGE('',*,*,#1528,.T.);
#1988=ORIENTED_EDGE('',*,*,#1529,.T.);
#1989=ORIENTED_EDGE('',*,*,#1530,.T.);
#1990=ORIENTED_EDGE('',*,*,#1531,.T.);
#1991=ORIENTED_EDGE('',*,*,#1532,.T.);
#1992=ORIENTED_EDGE('',*,*,#1533,.T.);
#1993=ORIENTED_EDGE('',*,*,#1534,.T.);
#1994=ORIENTED_EDGE('',*,*,#1535,.T.);
#1995=ORIENTED_EDGE('',*,*,#1536,.T.);
#1996=ORIENTED_EDGE('',*,*,#1537,.T.);
#1997=ORIENTED_EDGE('',*,*,#1538,.T.);
#1998=ORIENTED_EDGE('',*,*,#1512,.F.);
#1999=ORIENTED_EDGE('',*,*,#1539,.F.);
#2000=ORIENTED_EDGE('',*,*,#1540,.F.);
#2001=ORIENTED_EDGE('',*,*,#1541,.F.);
#2002=ORIENTED_EDGE('',*,*,#1542,.F.);
#2003=ORIENTED_EDGE('',*,*,#1543,.F.);
#2004=ORIENTED_EDGE('',*,*,#1544,.F.);
#2005=ORIENTED_EDGE('',*,*,#1545,.F.);
#2006=ORIENTED_EDGE('',*,*,#1546,.F.);
#2007=ORIENTED_EDGE('',*,*,#1547,.F.);
#2008=ORIENTED_EDGE('',*,*,#1548,.F.);
#2009=ORIENTED_EDGE('',*,*,#1549,.T.);
#2010=ORIENTED_EDGE('',*,*,#1550,.T.);
#2011=ORIENTED_EDGE('',*,*,#1551,.T.);
#2012=ORIENTED_EDGE('',*,*,#1552,.T.);
#2013=ORIENTED_EDGE('',*,*,#1553,.T.);
#2014=ORIENTED_EDGE('',*,*,#1554,.T.);
#2015=ORIENTED_EDGE('',*,*,#1555,.T.);
#2016=ORIENTED_EDGE('',*,*,#1556,.T.);
#2017=ORIENTED_EDGE('',*,*,#1557,.F.);
#2018=ORIENTED_EDGE('',*,*,#1558,.F.);
#2019=ORIENTED_EDGE('',*,*,#1559,.T.);
#2020=ORIENTED_EDGE('',*,*,#1557,.T.);
#2021=ORIENTED_EDGE('',*,*,#1559,.F.);
#2022=ORIENTED_EDGE('',*,*,#1558,.T.);
#2023=ORIENTED_EDGE('',*,*,#1560,.T.);
#2024=ORIENTED_EDGE('',*,*,#1561,.T.);
#2025=ORIENTED_EDGE('',*,*,#1562,.T.);
#2026=ORIENTED_EDGE('',*,*,#1560,.F.);
#2027=ORIENTED_EDGE('',*,*,#1562,.F.);
#2028=ORIENTED_EDGE('',*,*,#1563,.F.);
#2029=ORIENTED_EDGE('',*,*,#1564,.T.);
#2030=ORIENTED_EDGE('',*,*,#1561,.F.);
#2031=ORIENTED_EDGE('',*,*,#1564,.F.);
#2032=ORIENTED_EDGE('',*,*,#1565,.T.);
#2033=ORIENTED_EDGE('',*,*,#1566,.F.);
#2034=ORIENTED_EDGE('',*,*,#1567,.T.);
#2035=ORIENTED_EDGE('',*,*,#1568,.F.);
#2036=ORIENTED_EDGE('',*,*,#1569,.T.);
#2037=ORIENTED_EDGE('',*,*,#1523,.F.);
#2038=ORIENTED_EDGE('',*,*,#1518,.T.);
#2039=ORIENTED_EDGE('',*,*,#1570,.F.);
#2040=ORIENTED_EDGE('',*,*,#1571,.T.);
#2041=ORIENTED_EDGE('',*,*,#1572,.F.);
#2042=ORIENTED_EDGE('',*,*,#1573,.T.);
#2043=ORIENTED_EDGE('',*,*,#1574,.F.);
#2044=ORIENTED_EDGE('',*,*,#1575,.T.);
#2045=ORIENTED_EDGE('',*,*,#1576,.F.);
#2046=ORIENTED_EDGE('',*,*,#1577,.T.);
#2047=ORIENTED_EDGE('',*,*,#1578,.T.);
#2048=ORIENTED_EDGE('',*,*,#1579,.T.);
#2049=ORIENTED_EDGE('',*,*,#1580,.T.);
#2050=ORIENTED_EDGE('',*,*,#1581,.T.);
#2051=ORIENTED_EDGE('',*,*,#1582,.T.);
#2052=ORIENTED_EDGE('',*,*,#1583,.T.);
#2053=ORIENTED_EDGE('',*,*,#1584,.T.);
#2054=ORIENTED_EDGE('',*,*,#1585,.T.);
#2055=ORIENTED_EDGE('',*,*,#1586,.T.);
#2056=ORIENTED_EDGE('',*,*,#1563,.T.);
#2057=ORIENTED_EDGE('',*,*,#1587,.F.);
#2058=ORIENTED_EDGE('',*,*,#1588,.T.);
#2059=ORIENTED_EDGE('',*,*,#1589,.F.);
#2060=ORIENTED_EDGE('',*,*,#1590,.T.);
#2061=ORIENTED_EDGE('',*,*,#1591,.F.);
#2062=ORIENTED_EDGE('',*,*,#1592,.T.);
#2063=ORIENTED_EDGE('',*,*,#1593,.F.);
#2064=ORIENTED_EDGE('',*,*,#1594,.T.);
#2065=ORIENTED_EDGE('',*,*,#1577,.F.);
#2066=ORIENTED_EDGE('',*,*,#1595,.T.);
#2067=ORIENTED_EDGE('',*,*,#1596,.T.);
#2068=ORIENTED_EDGE('',*,*,#1595,.F.);
#2069=ORIENTED_EDGE('',*,*,#1596,.F.);
#2070=ORIENTED_EDGE('',*,*,#1597,.T.);
#2071=ORIENTED_EDGE('',*,*,#1598,.T.);
#2072=ORIENTED_EDGE('',*,*,#1597,.F.);
#2073=ORIENTED_EDGE('',*,*,#1599,.T.);
#2074=ORIENTED_EDGE('',*,*,#1598,.F.);
#2075=ORIENTED_EDGE('',*,*,#1599,.F.);
#2076=ORIENTED_EDGE('',*,*,#1600,.T.);
#2077=ORIENTED_EDGE('',*,*,#1539,.T.);
#2078=ORIENTED_EDGE('',*,*,#1600,.F.);
#2079=ORIENTED_EDGE('',*,*,#1578,.F.);
#2080=ORIENTED_EDGE('',*,*,#1601,.T.);
#2081=ORIENTED_EDGE('',*,*,#1602,.T.);
#2082=ORIENTED_EDGE('',*,*,#1601,.F.);
#2083=ORIENTED_EDGE('',*,*,#1602,.F.);
#2084=ORIENTED_EDGE('',*,*,#1603,.T.);
#2085=ORIENTED_EDGE('',*,*,#1604,.T.);
#2086=ORIENTED_EDGE('',*,*,#1603,.F.);
#2087=ORIENTED_EDGE('',*,*,#1605,.T.);
#2088=ORIENTED_EDGE('',*,*,#1604,.F.);
#2089=ORIENTED_EDGE('',*,*,#1605,.F.);
#2090=ORIENTED_EDGE('',*,*,#1606,.T.);
#2091=ORIENTED_EDGE('',*,*,#1540,.T.);
#2092=ORIENTED_EDGE('',*,*,#1606,.F.);
#2093=ORIENTED_EDGE('',*,*,#1579,.F.);
#2094=ORIENTED_EDGE('',*,*,#1607,.T.);
#2095=ORIENTED_EDGE('',*,*,#1608,.T.);
#2096=ORIENTED_EDGE('',*,*,#1607,.F.);
#2097=ORIENTED_EDGE('',*,*,#1608,.F.);
#2098=ORIENTED_EDGE('',*,*,#1609,.T.);
#2099=ORIENTED_EDGE('',*,*,#1610,.T.);
#2100=ORIENTED_EDGE('',*,*,#1609,.F.);
#2101=ORIENTED_EDGE('',*,*,#1611,.T.);
#2102=ORIENTED_EDGE('',*,*,#1610,.F.);
#2103=ORIENTED_EDGE('',*,*,#1611,.F.);
#2104=ORIENTED_EDGE('',*,*,#1612,.T.);
#2105=ORIENTED_EDGE('',*,*,#1541,.T.);
#2106=ORIENTED_EDGE('',*,*,#1612,.F.);
#2107=ORIENTED_EDGE('',*,*,#1580,.F.);
#2108=ORIENTED_EDGE('',*,*,#1613,.T.);
#2109=ORIENTED_EDGE('',*,*,#1614,.T.);
#2110=ORIENTED_EDGE('',*,*,#1613,.F.);
#2111=ORIENTED_EDGE('',*,*,#1614,.F.);
#2112=ORIENTED_EDGE('',*,*,#1615,.T.);
#2113=ORIENTED_EDGE('',*,*,#1542,.T.);
#2114=ORIENTED_EDGE('',*,*,#1615,.F.);
#2115=ORIENTED_EDGE('',*,*,#1581,.F.);
#2116=ORIENTED_EDGE('',*,*,#1616,.T.);
#2117=ORIENTED_EDGE('',*,*,#1617,.T.);
#2118=ORIENTED_EDGE('',*,*,#1616,.F.);
#2119=ORIENTED_EDGE('',*,*,#1617,.F.);
#2120=ORIENTED_EDGE('',*,*,#1618,.T.);
#2121=ORIENTED_EDGE('',*,*,#1543,.T.);
#2122=ORIENTED_EDGE('',*,*,#1618,.F.);
#2123=ORIENTED_EDGE('',*,*,#1582,.F.);
#2124=ORIENTED_EDGE('',*,*,#1619,.T.);
#2125=ORIENTED_EDGE('',*,*,#1620,.T.);
#2126=ORIENTED_EDGE('',*,*,#1619,.F.);
#2127=ORIENTED_EDGE('',*,*,#1620,.F.);
#2128=ORIENTED_EDGE('',*,*,#1621,.T.);
#2129=ORIENTED_EDGE('',*,*,#1544,.T.);
#2130=ORIENTED_EDGE('',*,*,#1621,.F.);
#2131=ORIENTED_EDGE('',*,*,#1583,.F.);
#2132=ORIENTED_EDGE('',*,*,#1622,.T.);
#2133=ORIENTED_EDGE('',*,*,#1623,.T.);
#2134=ORIENTED_EDGE('',*,*,#1622,.F.);
#2135=ORIENTED_EDGE('',*,*,#1623,.F.);
#2136=ORIENTED_EDGE('',*,*,#1624,.T.);
#2137=ORIENTED_EDGE('',*,*,#1545,.T.);
#2138=ORIENTED_EDGE('',*,*,#1624,.F.);
#2139=ORIENTED_EDGE('',*,*,#1584,.F.);
#2140=ORIENTED_EDGE('',*,*,#1625,.T.);
#2141=ORIENTED_EDGE('',*,*,#1626,.T.);
#2142=ORIENTED_EDGE('',*,*,#1625,.F.);
#2143=ORIENTED_EDGE('',*,*,#1626,.F.);
#2144=ORIENTED_EDGE('',*,*,#1627,.T.);
#2145=ORIENTED_EDGE('',*,*,#1628,.T.);
#2146=ORIENTED_EDGE('',*,*,#1627,.F.);
#2147=ORIENTED_EDGE('',*,*,#1629,.T.);
#2148=ORIENTED_EDGE('',*,*,#1628,.F.);
#2149=ORIENTED_EDGE('',*,*,#1629,.F.);
#2150=ORIENTED_EDGE('',*,*,#1630,.T.);
#2151=ORIENTED_EDGE('',*,*,#1546,.T.);
#2152=ORIENTED_EDGE('',*,*,#1630,.F.);
#2153=ORIENTED_EDGE('',*,*,#1585,.F.);
#2154=ORIENTED_EDGE('',*,*,#1631,.T.);
#2155=ORIENTED_EDGE('',*,*,#1632,.T.);
#2156=ORIENTED_EDGE('',*,*,#1631,.F.);
#2157=ORIENTED_EDGE('',*,*,#1632,.F.);
#2158=ORIENTED_EDGE('',*,*,#1633,.T.);
#2159=ORIENTED_EDGE('',*,*,#1634,.T.);
#2160=ORIENTED_EDGE('',*,*,#1633,.F.);
#2161=ORIENTED_EDGE('',*,*,#1635,.T.);
#2162=ORIENTED_EDGE('',*,*,#1634,.F.);
#2163=ORIENTED_EDGE('',*,*,#1635,.F.);
#2164=ORIENTED_EDGE('',*,*,#1636,.T.);
#2165=ORIENTED_EDGE('',*,*,#1547,.T.);
#2166=ORIENTED_EDGE('',*,*,#1636,.F.);
#2167=ORIENTED_EDGE('',*,*,#1586,.F.);
#2168=ORIENTED_EDGE('',*,*,#1637,.T.);
#2169=ORIENTED_EDGE('',*,*,#1638,.T.);
#2170=ORIENTED_EDGE('',*,*,#1637,.F.);
#2171=ORIENTED_EDGE('',*,*,#1638,.F.);
#2172=ORIENTED_EDGE('',*,*,#1639,.T.);
#2173=ORIENTED_EDGE('',*,*,#1640,.T.);
#2174=ORIENTED_EDGE('',*,*,#1639,.F.);
#2175=ORIENTED_EDGE('',*,*,#1641,.T.);
#2176=ORIENTED_EDGE('',*,*,#1640,.F.);
#2177=ORIENTED_EDGE('',*,*,#1641,.F.);
#2178=ORIENTED_EDGE('',*,*,#1642,.T.);
#2179=ORIENTED_EDGE('',*,*,#1548,.T.);
#2180=ORIENTED_EDGE('',*,*,#1642,.F.);
#2181=ORIENTED_EDGE('',*,*,#1643,.F.);
#2182=ORIENTED_EDGE('',*,*,#1644,.T.);
#2183=ORIENTED_EDGE('',*,*,#1565,.F.);
#2184=ORIENTED_EDGE('',*,*,#1645,.F.);
#2185=ORIENTED_EDGE('',*,*,#1531,.F.);
#2186=ORIENTED_EDGE('',*,*,#1646,.T.);
#2187=ORIENTED_EDGE('',*,*,#1643,.T.);
#2188=ORIENTED_EDGE('',*,*,#1647,.F.);
#2189=ORIENTED_EDGE('',*,*,#1532,.F.);
#2190=ORIENTED_EDGE('',*,*,#1647,.T.);
#2191=ORIENTED_EDGE('',*,*,#1648,.T.);
#2192=ORIENTED_EDGE('',*,*,#1649,.F.);
#2193=ORIENTED_EDGE('',*,*,#1533,.F.);
#2194=ORIENTED_EDGE('',*,*,#1649,.T.);
#2195=ORIENTED_EDGE('',*,*,#1650,.T.);
#2196=ORIENTED_EDGE('',*,*,#1651,.F.);
#2197=ORIENTED_EDGE('',*,*,#1534,.F.);
#2198=ORIENTED_EDGE('',*,*,#1651,.T.);
#2199=ORIENTED_EDGE('',*,*,#1652,.T.);
#2200=ORIENTED_EDGE('',*,*,#1653,.F.);
#2201=ORIENTED_EDGE('',*,*,#1535,.F.);
#2202=ORIENTED_EDGE('',*,*,#1653,.T.);
#2203=ORIENTED_EDGE('',*,*,#1654,.T.);
#2204=ORIENTED_EDGE('',*,*,#1655,.F.);
#2205=ORIENTED_EDGE('',*,*,#1536,.F.);
#2206=ORIENTED_EDGE('',*,*,#1655,.T.);
#2207=ORIENTED_EDGE('',*,*,#1656,.T.);
#2208=ORIENTED_EDGE('',*,*,#1657,.F.);
#2209=ORIENTED_EDGE('',*,*,#1537,.F.);
#2210=ORIENTED_EDGE('',*,*,#1657,.T.);
#2211=ORIENTED_EDGE('',*,*,#1658,.T.);
#2212=ORIENTED_EDGE('',*,*,#1659,.F.);
#2213=ORIENTED_EDGE('',*,*,#1538,.F.);
#2214=ORIENTED_EDGE('',*,*,#1659,.T.);
#2215=ORIENTED_EDGE('',*,*,#1660,.T.);
#2216=ORIENTED_EDGE('',*,*,#1514,.F.);
#2217=ORIENTED_EDGE('',*,*,#1660,.F.);
#2218=ORIENTED_EDGE('',*,*,#1661,.T.);
#2219=ORIENTED_EDGE('',*,*,#1570,.T.);
#2220=ORIENTED_EDGE('',*,*,#1516,.F.);
#2221=ORIENTED_EDGE('',*,*,#1658,.F.);
#2222=ORIENTED_EDGE('',*,*,#1662,.T.);
#2223=ORIENTED_EDGE('',*,*,#1571,.F.);
#2224=ORIENTED_EDGE('',*,*,#1661,.F.);
#2225=ORIENTED_EDGE('',*,*,#1656,.F.);
#2226=ORIENTED_EDGE('',*,*,#1663,.T.);
#2227=ORIENTED_EDGE('',*,*,#1572,.T.);
#2228=ORIENTED_EDGE('',*,*,#1662,.F.);
#2229=ORIENTED_EDGE('',*,*,#1654,.F.);
#2230=ORIENTED_EDGE('',*,*,#1664,.T.);
#2231=ORIENTED_EDGE('',*,*,#1573,.F.);
#2232=ORIENTED_EDGE('',*,*,#1663,.F.);
#2233=ORIENTED_EDGE('',*,*,#1652,.F.);
#2234=ORIENTED_EDGE('',*,*,#1665,.F.);
#2235=ORIENTED_EDGE('',*,*,#1574,.T.);
#2236=ORIENTED_EDGE('',*,*,#1664,.F.);
#2237=ORIENTED_EDGE('',*,*,#1650,.F.);
#2238=ORIENTED_EDGE('',*,*,#1666,.F.);
#2239=ORIENTED_EDGE('',*,*,#1575,.F.);
#2240=ORIENTED_EDGE('',*,*,#1665,.T.);
#2241=ORIENTED_EDGE('',*,*,#1648,.F.);
#2242=ORIENTED_EDGE('',*,*,#1645,.T.);
#2243=ORIENTED_EDGE('',*,*,#1576,.T.);
#2244=ORIENTED_EDGE('',*,*,#1666,.T.);
#2245=ORIENTED_EDGE('',*,*,#1530,.F.);
#2246=ORIENTED_EDGE('',*,*,#1667,.T.);
#2247=ORIENTED_EDGE('',*,*,#1668,.T.);
#2248=ORIENTED_EDGE('',*,*,#1646,.F.);
#2249=ORIENTED_EDGE('',*,*,#1668,.F.);
#2250=ORIENTED_EDGE('',*,*,#1669,.F.);
#2251=ORIENTED_EDGE('',*,*,#1566,.T.);
#2252=ORIENTED_EDGE('',*,*,#1644,.F.);
#2253=ORIENTED_EDGE('',*,*,#1670,.F.);
#2254=ORIENTED_EDGE('',*,*,#1671,.F.);
#2255=ORIENTED_EDGE('',*,*,#1567,.F.);
#2256=ORIENTED_EDGE('',*,*,#1669,.T.);
#2257=ORIENTED_EDGE('',*,*,#1529,.F.);
#2258=ORIENTED_EDGE('',*,*,#1672,.T.);
#2259=ORIENTED_EDGE('',*,*,#1670,.T.);
#2260=ORIENTED_EDGE('',*,*,#1667,.F.);
#2261=ORIENTED_EDGE('',*,*,#1528,.F.);
#2262=ORIENTED_EDGE('',*,*,#1673,.T.);
#2263=ORIENTED_EDGE('',*,*,#1674,.T.);
#2264=ORIENTED_EDGE('',*,*,#1672,.F.);
#2265=ORIENTED_EDGE('',*,*,#1674,.F.);
#2266=ORIENTED_EDGE('',*,*,#1675,.F.);
#2267=ORIENTED_EDGE('',*,*,#1568,.T.);
#2268=ORIENTED_EDGE('',*,*,#1671,.T.);
#2269=ORIENTED_EDGE('',*,*,#1676,.F.);
#2270=ORIENTED_EDGE('',*,*,#1524,.F.);
#2271=ORIENTED_EDGE('',*,*,#1569,.F.);
#2272=ORIENTED_EDGE('',*,*,#1675,.T.);
#2273=ORIENTED_EDGE('',*,*,#1527,.F.);
#2274=ORIENTED_EDGE('',*,*,#1526,.T.);
#2275=ORIENTED_EDGE('',*,*,#1676,.T.);
#2276=ORIENTED_EDGE('',*,*,#1673,.F.);
#2277=ORIENTED_EDGE('',*,*,#1677,.F.);
#2278=ORIENTED_EDGE('',*,*,#1678,.F.);
#2279=ORIENTED_EDGE('',*,*,#1587,.T.);
#2280=ORIENTED_EDGE('',*,*,#1679,.T.);
#2281=ORIENTED_EDGE('',*,*,#1554,.F.);
#2282=ORIENTED_EDGE('',*,*,#1680,.T.);
#2283=ORIENTED_EDGE('',*,*,#1677,.T.);
#2284=ORIENTED_EDGE('',*,*,#1681,.F.);
#2285=ORIENTED_EDGE('',*,*,#1555,.F.);
#2286=ORIENTED_EDGE('',*,*,#1681,.T.);
#2287=ORIENTED_EDGE('',*,*,#1682,.T.);
#2288=ORIENTED_EDGE('',*,*,#1683,.F.);
#2289=ORIENTED_EDGE('',*,*,#1556,.F.);
#2290=ORIENTED_EDGE('',*,*,#1683,.T.);
#2291=ORIENTED_EDGE('',*,*,#1684,.T.);
#2292=ORIENTED_EDGE('',*,*,#1685,.F.);
#2293=ORIENTED_EDGE('',*,*,#1549,.F.);
#2294=ORIENTED_EDGE('',*,*,#1685,.T.);
#2295=ORIENTED_EDGE('',*,*,#1686,.T.);
#2296=ORIENTED_EDGE('',*,*,#1687,.F.);
#2297=ORIENTED_EDGE('',*,*,#1550,.F.);
#2298=ORIENTED_EDGE('',*,*,#1687,.T.);
#2299=ORIENTED_EDGE('',*,*,#1688,.T.);
#2300=ORIENTED_EDGE('',*,*,#1689,.F.);
#2301=ORIENTED_EDGE('',*,*,#1551,.F.);
#2302=ORIENTED_EDGE('',*,*,#1689,.T.);
#2303=ORIENTED_EDGE('',*,*,#1690,.T.);
#2304=ORIENTED_EDGE('',*,*,#1691,.F.);
#2305=ORIENTED_EDGE('',*,*,#1552,.F.);
#2306=ORIENTED_EDGE('',*,*,#1691,.T.);
#2307=ORIENTED_EDGE('',*,*,#1692,.T.);
#2308=ORIENTED_EDGE('',*,*,#1693,.F.);
#2309=ORIENTED_EDGE('',*,*,#1553,.F.);
#2310=ORIENTED_EDGE('',*,*,#1693,.T.);
#2311=ORIENTED_EDGE('',*,*,#1694,.T.);
#2312=ORIENTED_EDGE('',*,*,#1680,.F.);
#2313=ORIENTED_EDGE('',*,*,#1694,.F.);
#2314=ORIENTED_EDGE('',*,*,#1695,.F.);
#2315=ORIENTED_EDGE('',*,*,#1588,.F.);
#2316=ORIENTED_EDGE('',*,*,#1678,.T.);
#2317=ORIENTED_EDGE('',*,*,#1692,.F.);
#2318=ORIENTED_EDGE('',*,*,#1696,.F.);
#2319=ORIENTED_EDGE('',*,*,#1589,.T.);
#2320=ORIENTED_EDGE('',*,*,#1695,.T.);
#2321=ORIENTED_EDGE('',*,*,#1690,.F.);
#2322=ORIENTED_EDGE('',*,*,#1697,.F.);
#2323=ORIENTED_EDGE('',*,*,#1590,.F.);
#2324=ORIENTED_EDGE('',*,*,#1696,.T.);
#2325=ORIENTED_EDGE('',*,*,#1688,.F.);
#2326=ORIENTED_EDGE('',*,*,#1698,.F.);
#2327=ORIENTED_EDGE('',*,*,#1591,.T.);
#2328=ORIENTED_EDGE('',*,*,#1697,.T.);
#2329=ORIENTED_EDGE('',*,*,#1686,.F.);
#2330=ORIENTED_EDGE('',*,*,#1699,.F.);
#2331=ORIENTED_EDGE('',*,*,#1592,.F.);
#2332=ORIENTED_EDGE('',*,*,#1698,.T.);
#2333=ORIENTED_EDGE('',*,*,#1684,.F.);
#2334=ORIENTED_EDGE('',*,*,#1700,.F.);
#2335=ORIENTED_EDGE('',*,*,#1593,.T.);
#2336=ORIENTED_EDGE('',*,*,#1699,.T.);
#2337=ORIENTED_EDGE('',*,*,#1682,.F.);
#2338=ORIENTED_EDGE('',*,*,#1679,.F.);
#2339=ORIENTED_EDGE('',*,*,#1594,.F.);
#2340=ORIENTED_EDGE('',*,*,#1700,.T.);
#2341=ORIENTED_EDGE('',*,*,#1507,.F.);
#2342=ORIENTED_EDGE('',*,*,#1701,.F.);
#2343=ORIENTED_EDGE('',*,*,#1450,.T.);
#2344=ORIENTED_EDGE('',*,*,#1520,.F.);
#2345=ORIENTED_EDGE('',*,*,#1494,.F.);
#2346=ORIENTED_EDGE('',*,*,#1702,.F.);
#2347=ORIENTED_EDGE('',*,*,#1453,.T.);
#2348=ORIENTED_EDGE('',*,*,#1701,.T.);
#2349=ORIENTED_EDGE('',*,*,#1491,.F.);
#2350=ORIENTED_EDGE('',*,*,#1703,.F.);
#2351=ORIENTED_EDGE('',*,*,#1454,.T.);
#2352=ORIENTED_EDGE('',*,*,#1702,.T.);
#2353=ORIENTED_EDGE('',*,*,#1704,.F.);
#2354=ORIENTED_EDGE('',*,*,#1705,.F.);
#2355=ORIENTED_EDGE('',*,*,#1706,.T.);
#2356=ORIENTED_EDGE('',*,*,#1703,.T.);
#2357=ORIENTED_EDGE('',*,*,#1707,.F.);
#2358=ORIENTED_EDGE('',*,*,#1708,.T.);
#2359=ORIENTED_EDGE('',*,*,#1704,.T.);
#2360=ORIENTED_EDGE('',*,*,#1490,.F.);
#2361=ORIENTED_EDGE('',*,*,#1707,.T.);
#2362=ORIENTED_EDGE('',*,*,#1468,.F.);
#2363=ORIENTED_EDGE('',*,*,#1709,.T.);
#2364=ORIENTED_EDGE('',*,*,#1710,.T.);
#2365=ORIENTED_EDGE('',*,*,#1711,.T.);
#2366=ORIENTED_EDGE('',*,*,#1710,.F.);
#2367=ORIENTED_EDGE('',*,*,#1712,.T.);
#2368=ORIENTED_EDGE('',*,*,#1713,.T.);
#2369=ORIENTED_EDGE('',*,*,#1711,.F.);
#2370=ORIENTED_EDGE('',*,*,#1714,.T.);
#2371=ORIENTED_EDGE('',*,*,#1715,.T.);
#2372=ORIENTED_EDGE('',*,*,#1708,.F.);
#2373=ORIENTED_EDGE('',*,*,#1715,.F.);
#2374=ORIENTED_EDGE('',*,*,#1716,.T.);
#2375=ORIENTED_EDGE('',*,*,#1717,.T.);
#2376=ORIENTED_EDGE('',*,*,#1705,.T.);
#2377=ORIENTED_EDGE('',*,*,#1718,.T.);
#2378=ORIENTED_EDGE('',*,*,#1717,.F.);
#2379=ORIENTED_EDGE('',*,*,#1719,.F.);
#2380=ORIENTED_EDGE('',*,*,#1720,.F.);
#2381=ORIENTED_EDGE('',*,*,#1455,.T.);
#2382=ORIENTED_EDGE('',*,*,#1706,.F.);
#2383=ORIENTED_EDGE('',*,*,#1718,.F.);
#2384=ORIENTED_EDGE('',*,*,#1721,.F.);
#2385=ORIENTED_EDGE('',*,*,#1722,.F.);
#2386=ORIENTED_EDGE('',*,*,#1462,.F.);
#2387=ORIENTED_EDGE('',*,*,#1721,.T.);
#2388=ORIENTED_EDGE('',*,*,#1723,.T.);
#2389=ORIENTED_EDGE('',*,*,#1709,.F.);
#2390=ORIENTED_EDGE('',*,*,#1465,.T.);
#2391=ORIENTED_EDGE('',*,*,#1722,.T.);
#2392=ORIENTED_EDGE('',*,*,#1724,.F.);
#2393=ORIENTED_EDGE('',*,*,#1712,.F.);
#2394=ORIENTED_EDGE('',*,*,#1724,.T.);
#2395=ORIENTED_EDGE('',*,*,#1725,.T.);
#2396=ORIENTED_EDGE('',*,*,#1726,.F.);
#2397=ORIENTED_EDGE('',*,*,#1727,.F.);
#2398=ORIENTED_EDGE('',*,*,#1726,.T.);
#2399=ORIENTED_EDGE('',*,*,#1728,.T.);
#2400=ORIENTED_EDGE('',*,*,#1729,.F.);
#2401=ORIENTED_EDGE('',*,*,#1730,.T.);
#2402=ORIENTED_EDGE('',*,*,#1713,.F.);
#2403=ORIENTED_EDGE('',*,*,#1727,.T.);
#2404=ORIENTED_EDGE('',*,*,#1731,.T.);
#2405=ORIENTED_EDGE('',*,*,#1730,.F.);
#2406=ORIENTED_EDGE('',*,*,#1732,.T.);
#2407=ORIENTED_EDGE('',*,*,#1733,.T.);
#2408=ORIENTED_EDGE('',*,*,#1714,.F.);
#2409=ORIENTED_EDGE('',*,*,#1733,.F.);
#2410=ORIENTED_EDGE('',*,*,#1734,.T.);
#2411=ORIENTED_EDGE('',*,*,#1735,.F.);
#2412=ORIENTED_EDGE('',*,*,#1716,.F.);
#2413=ORIENTED_EDGE('',*,*,#1719,.T.);
#2414=ORIENTED_EDGE('',*,*,#1735,.T.);
#2415=ORIENTED_EDGE('',*,*,#1736,.F.);
#2416=ORIENTED_EDGE('',*,*,#1737,.F.);
#2417=ORIENTED_EDGE('',*,*,#1728,.F.);
#2418=ORIENTED_EDGE('',*,*,#1738,.T.);
#2419=ORIENTED_EDGE('',*,*,#1737,.T.);
#2420=ORIENTED_EDGE('',*,*,#1739,.F.);
#2421=ORIENTED_EDGE('',*,*,#1740,.F.);
#2422=ORIENTED_EDGE('',*,*,#1739,.T.);
#2423=ORIENTED_EDGE('',*,*,#1741,.T.);
#2424=ORIENTED_EDGE('',*,*,#1742,.T.);
#2425=ORIENTED_EDGE('',*,*,#1743,.F.);
#2426=ORIENTED_EDGE('',*,*,#1729,.T.);
#2427=ORIENTED_EDGE('',*,*,#1740,.T.);
#2428=ORIENTED_EDGE('',*,*,#1744,.F.);
#2429=ORIENTED_EDGE('',*,*,#1745,.T.);
#2430=ORIENTED_EDGE('',*,*,#1746,.F.);
#2431=ORIENTED_EDGE('',*,*,#1747,.F.);
#2432=ORIENTED_EDGE('',*,*,#1748,.T.);
#2433=ORIENTED_EDGE('',*,*,#1749,.T.);
#2434=ORIENTED_EDGE('',*,*,#1750,.T.);
#2435=ORIENTED_EDGE('',*,*,#1731,.F.);
#2436=ORIENTED_EDGE('',*,*,#1743,.T.);
#2437=ORIENTED_EDGE('',*,*,#1751,.T.);
#2438=ORIENTED_EDGE('',*,*,#1752,.T.);
#2439=ORIENTED_EDGE('',*,*,#1753,.F.);
#2440=ORIENTED_EDGE('',*,*,#1754,.F.);
#2441=ORIENTED_EDGE('',*,*,#1755,.T.);
#2442=ORIENTED_EDGE('',*,*,#1756,.F.);
#2443=ORIENTED_EDGE('',*,*,#1757,.F.);
#2444=ORIENTED_EDGE('',*,*,#1758,.T.);
#2445=ORIENTED_EDGE('',*,*,#1759,.F.);
#2446=ORIENTED_EDGE('',*,*,#1760,.F.);
#2447=ORIENTED_EDGE('',*,*,#1761,.T.);
#2448=ORIENTED_EDGE('',*,*,#1762,.F.);
#2449=ORIENTED_EDGE('',*,*,#1763,.F.);
#2450=ORIENTED_EDGE('',*,*,#1764,.F.);
#2451=ORIENTED_EDGE('',*,*,#1765,.F.);
#2452=ORIENTED_EDGE('',*,*,#1766,.F.);
#2453=ORIENTED_EDGE('',*,*,#1767,.T.);
#2454=ORIENTED_EDGE('',*,*,#1767,.F.);
#2455=ORIENTED_EDGE('',*,*,#1768,.T.);
#2456=ORIENTED_EDGE('',*,*,#1769,.F.);
#2457=ORIENTED_EDGE('',*,*,#1768,.F.);
#2458=ORIENTED_EDGE('',*,*,#1770,.F.);
#2459=ORIENTED_EDGE('',*,*,#1771,.T.);
#2460=ORIENTED_EDGE('',*,*,#1741,.F.);
#2461=ORIENTED_EDGE('',*,*,#1736,.T.);
#2462=ORIENTED_EDGE('',*,*,#1772,.F.);
#2463=ORIENTED_EDGE('',*,*,#1773,.T.);
#2464=ORIENTED_EDGE('',*,*,#1774,.T.);
#2465=ORIENTED_EDGE('',*,*,#1775,.T.);
#2466=ORIENTED_EDGE('',*,*,#1776,.T.);
#2467=ORIENTED_EDGE('',*,*,#1777,.T.);
#2468=ORIENTED_EDGE('',*,*,#1778,.T.);
#2469=ORIENTED_EDGE('',*,*,#1779,.T.);
#2470=ORIENTED_EDGE('',*,*,#1780,.T.);
#2471=ORIENTED_EDGE('',*,*,#1781,.T.);
#2472=ORIENTED_EDGE('',*,*,#1769,.T.);
#2473=ORIENTED_EDGE('',*,*,#1774,.F.);
#2474=ORIENTED_EDGE('',*,*,#1782,.T.);
#2475=ORIENTED_EDGE('',*,*,#1783,.T.);
#2476=ORIENTED_EDGE('',*,*,#1782,.F.);
#2477=ORIENTED_EDGE('',*,*,#1783,.F.);
#2478=ORIENTED_EDGE('',*,*,#1784,.T.);
#2479=ORIENTED_EDGE('',*,*,#1785,.T.);
#2480=ORIENTED_EDGE('',*,*,#1784,.F.);
#2481=ORIENTED_EDGE('',*,*,#1786,.T.);
#2482=ORIENTED_EDGE('',*,*,#1785,.F.);
#2483=ORIENTED_EDGE('',*,*,#1786,.F.);
#2484=ORIENTED_EDGE('',*,*,#1787,.T.);
#2485=ORIENTED_EDGE('',*,*,#1764,.T.);
#2486=ORIENTED_EDGE('',*,*,#1787,.F.);
#2487=ORIENTED_EDGE('',*,*,#1775,.F.);
#2488=ORIENTED_EDGE('',*,*,#1788,.T.);
#2489=ORIENTED_EDGE('',*,*,#1789,.T.);
#2490=ORIENTED_EDGE('',*,*,#1788,.F.);
#2491=ORIENTED_EDGE('',*,*,#1789,.F.);
#2492=ORIENTED_EDGE('',*,*,#1790,.T.);
#2493=ORIENTED_EDGE('',*,*,#1791,.T.);
#2494=ORIENTED_EDGE('',*,*,#1790,.F.);
#2495=ORIENTED_EDGE('',*,*,#1792,.T.);
#2496=ORIENTED_EDGE('',*,*,#1791,.F.);
#2497=ORIENTED_EDGE('',*,*,#1792,.F.);
#2498=ORIENTED_EDGE('',*,*,#1793,.T.);
#2499=ORIENTED_EDGE('',*,*,#1759,.T.);
#2500=ORIENTED_EDGE('',*,*,#1794,.F.);
#2501=ORIENTED_EDGE('',*,*,#1760,.T.);
#2502=ORIENTED_EDGE('',*,*,#1793,.F.);
#2503=ORIENTED_EDGE('',*,*,#1795,.F.);
#2504=ORIENTED_EDGE('',*,*,#1796,.F.);
#2505=ORIENTED_EDGE('',*,*,#1748,.F.);
#2506=ORIENTED_EDGE('',*,*,#1797,.F.);
#2507=ORIENTED_EDGE('',*,*,#1745,.F.);
#2508=ORIENTED_EDGE('',*,*,#1798,.F.);
#2509=ORIENTED_EDGE('',*,*,#1761,.F.);
#2510=ORIENTED_EDGE('',*,*,#1794,.T.);
#2511=ORIENTED_EDGE('',*,*,#1758,.F.);
#2512=ORIENTED_EDGE('',*,*,#1799,.F.);
#2513=ORIENTED_EDGE('',*,*,#1755,.F.);
#2514=ORIENTED_EDGE('',*,*,#1800,.F.);
#2515=ORIENTED_EDGE('',*,*,#1752,.F.);
#2516=ORIENTED_EDGE('',*,*,#1801,.T.);
#2517=ORIENTED_EDGE('',*,*,#1795,.T.);
#2518=ORIENTED_EDGE('',*,*,#1802,.F.);
#2519=ORIENTED_EDGE('',*,*,#1770,.T.);
#2520=ORIENTED_EDGE('',*,*,#1803,.T.);
#2521=ORIENTED_EDGE('',*,*,#1804,.F.);
#2522=ORIENTED_EDGE('',*,*,#1803,.F.);
#2523=ORIENTED_EDGE('',*,*,#1773,.F.);
#2524=ORIENTED_EDGE('',*,*,#1805,.T.);
#2525=ORIENTED_EDGE('',*,*,#1749,.F.);
#2526=ORIENTED_EDGE('',*,*,#1796,.T.);
#2527=ORIENTED_EDGE('',*,*,#1804,.T.);
#2528=ORIENTED_EDGE('',*,*,#1806,.F.);
#2529=ORIENTED_EDGE('',*,*,#1750,.F.);
#2530=ORIENTED_EDGE('',*,*,#1806,.T.);
#2531=ORIENTED_EDGE('',*,*,#1807,.T.);
#2532=ORIENTED_EDGE('',*,*,#1732,.F.);
#2533=ORIENTED_EDGE('',*,*,#1807,.F.);
#2534=ORIENTED_EDGE('',*,*,#1805,.F.);
#2535=ORIENTED_EDGE('',*,*,#1772,.T.);
#2536=ORIENTED_EDGE('',*,*,#1734,.F.);
#2537=ORIENTED_EDGE('',*,*,#1808,.F.);
#2538=ORIENTED_EDGE('',*,*,#1742,.F.);
#2539=ORIENTED_EDGE('',*,*,#1771,.F.);
#2540=ORIENTED_EDGE('',*,*,#1802,.T.);
#2541=ORIENTED_EDGE('',*,*,#1751,.F.);
#2542=ORIENTED_EDGE('',*,*,#1744,.T.);
#2543=ORIENTED_EDGE('',*,*,#1808,.T.);
#2544=ORIENTED_EDGE('',*,*,#1801,.F.);
#2545=ORIENTED_EDGE('',*,*,#1809,.T.);
#2546=ORIENTED_EDGE('',*,*,#1810,.T.);
#2547=ORIENTED_EDGE('',*,*,#1753,.T.);
#2548=ORIENTED_EDGE('',*,*,#1800,.T.);
#2549=ORIENTED_EDGE('',*,*,#1754,.T.);
#2550=ORIENTED_EDGE('',*,*,#1810,.F.);
#2551=ORIENTED_EDGE('',*,*,#1809,.F.);
#2552=ORIENTED_EDGE('',*,*,#1811,.T.);
#2553=ORIENTED_EDGE('',*,*,#1812,.T.);
#2554=ORIENTED_EDGE('',*,*,#1813,.T.);
#2555=ORIENTED_EDGE('',*,*,#1811,.F.);
#2556=ORIENTED_EDGE('',*,*,#1813,.F.);
#2557=ORIENTED_EDGE('',*,*,#1777,.F.);
#2558=ORIENTED_EDGE('',*,*,#1814,.T.);
#2559=ORIENTED_EDGE('',*,*,#1812,.F.);
#2560=ORIENTED_EDGE('',*,*,#1814,.F.);
#2561=ORIENTED_EDGE('',*,*,#1815,.T.);
#2562=ORIENTED_EDGE('',*,*,#1816,.T.);
#2563=ORIENTED_EDGE('',*,*,#1756,.T.);
#2564=ORIENTED_EDGE('',*,*,#1799,.T.);
#2565=ORIENTED_EDGE('',*,*,#1757,.T.);
#2566=ORIENTED_EDGE('',*,*,#1816,.F.);
#2567=ORIENTED_EDGE('',*,*,#1815,.F.);
#2568=ORIENTED_EDGE('',*,*,#1817,.T.);
#2569=ORIENTED_EDGE('',*,*,#1818,.T.);
#2570=ORIENTED_EDGE('',*,*,#1819,.T.);
#2571=ORIENTED_EDGE('',*,*,#1817,.F.);
#2572=ORIENTED_EDGE('',*,*,#1819,.F.);
#2573=ORIENTED_EDGE('',*,*,#1776,.F.);
#2574=ORIENTED_EDGE('',*,*,#1820,.T.);
#2575=ORIENTED_EDGE('',*,*,#1818,.F.);
#2576=ORIENTED_EDGE('',*,*,#1820,.F.);
#2577=ORIENTED_EDGE('',*,*,#1821,.F.);
#2578=ORIENTED_EDGE('',*,*,#1822,.T.);
#2579=ORIENTED_EDGE('',*,*,#1762,.T.);
#2580=ORIENTED_EDGE('',*,*,#1798,.T.);
#2581=ORIENTED_EDGE('',*,*,#1763,.T.);
#2582=ORIENTED_EDGE('',*,*,#1822,.F.);
#2583=ORIENTED_EDGE('',*,*,#1821,.T.);
#2584=ORIENTED_EDGE('',*,*,#1823,.T.);
#2585=ORIENTED_EDGE('',*,*,#1824,.T.);
#2586=ORIENTED_EDGE('',*,*,#1825,.T.);
#2587=ORIENTED_EDGE('',*,*,#1823,.F.);
#2588=ORIENTED_EDGE('',*,*,#1825,.F.);
#2589=ORIENTED_EDGE('',*,*,#1779,.F.);
#2590=ORIENTED_EDGE('',*,*,#1826,.T.);
#2591=ORIENTED_EDGE('',*,*,#1824,.F.);
#2592=ORIENTED_EDGE('',*,*,#1826,.F.);
#2593=ORIENTED_EDGE('',*,*,#1827,.F.);
#2594=ORIENTED_EDGE('',*,*,#1828,.T.);
#2595=ORIENTED_EDGE('',*,*,#1746,.T.);
#2596=ORIENTED_EDGE('',*,*,#1797,.T.);
#2597=ORIENTED_EDGE('',*,*,#1747,.T.);
#2598=ORIENTED_EDGE('',*,*,#1828,.F.);
#2599=ORIENTED_EDGE('',*,*,#1827,.T.);
#2600=ORIENTED_EDGE('',*,*,#1829,.T.);
#2601=ORIENTED_EDGE('',*,*,#1830,.T.);
#2602=ORIENTED_EDGE('',*,*,#1831,.T.);
#2603=ORIENTED_EDGE('',*,*,#1829,.F.);
#2604=ORIENTED_EDGE('',*,*,#1831,.F.);
#2605=ORIENTED_EDGE('',*,*,#1778,.F.);
#2606=ORIENTED_EDGE('',*,*,#1832,.T.);
#2607=ORIENTED_EDGE('',*,*,#1830,.F.);
#2608=ORIENTED_EDGE('',*,*,#1832,.F.);
#2609=ORIENTED_EDGE('',*,*,#1780,.F.);
#2610=ORIENTED_EDGE('',*,*,#1833,.T.);
#2611=ORIENTED_EDGE('',*,*,#1834,.T.);
#2612=ORIENTED_EDGE('',*,*,#1833,.F.);
#2613=ORIENTED_EDGE('',*,*,#1834,.F.);
#2614=ORIENTED_EDGE('',*,*,#1835,.T.);
#2615=ORIENTED_EDGE('',*,*,#1836,.T.);
#2616=ORIENTED_EDGE('',*,*,#1835,.F.);
#2617=ORIENTED_EDGE('',*,*,#1837,.T.);
#2618=ORIENTED_EDGE('',*,*,#1836,.F.);
#2619=ORIENTED_EDGE('',*,*,#1837,.F.);
#2620=ORIENTED_EDGE('',*,*,#1838,.T.);
#2621=ORIENTED_EDGE('',*,*,#1765,.T.);
#2622=ORIENTED_EDGE('',*,*,#1838,.F.);
#2623=ORIENTED_EDGE('',*,*,#1781,.F.);
#2624=ORIENTED_EDGE('',*,*,#1839,.T.);
#2625=ORIENTED_EDGE('',*,*,#1840,.T.);
#2626=ORIENTED_EDGE('',*,*,#1839,.F.);
#2627=ORIENTED_EDGE('',*,*,#1840,.F.);
#2628=ORIENTED_EDGE('',*,*,#1841,.T.);
#2629=ORIENTED_EDGE('',*,*,#1842,.T.);
#2630=ORIENTED_EDGE('',*,*,#1841,.F.);
#2631=ORIENTED_EDGE('',*,*,#1843,.T.);
#2632=ORIENTED_EDGE('',*,*,#1842,.F.);
#2633=ORIENTED_EDGE('',*,*,#1843,.F.);
#2634=ORIENTED_EDGE('',*,*,#1844,.T.);
#2635=ORIENTED_EDGE('',*,*,#1766,.T.);
#2636=ORIENTED_EDGE('',*,*,#1844,.F.);
#2637=ORIENTED_EDGE('',*,*,#1725,.F.);
#2638=ORIENTED_EDGE('',*,*,#1723,.F.);
#2639=ORIENTED_EDGE('',*,*,#1720,.T.);
#2640=ORIENTED_EDGE('',*,*,#1738,.F.);
#2641=PLANE('',#2906);
#2642=PLANE('',#2910);
#2643=PLANE('',#2914);
#2644=PLANE('',#2915);
#2645=PLANE('',#2916);
#2646=PLANE('',#2924);
#2647=PLANE('',#2931);
#2648=PLANE('',#2938);
#2649=PLANE('',#2941);
#2650=PLANE('',#2949);
#2651=PLANE('',#2950);
#2652=PLANE('',#2951);
#2653=PLANE('',#2952);
#2654=PLANE('',#2953);
#2655=PLANE('',#2961);
#2656=PLANE('',#2965);
#2657=PLANE('',#2966);
#2658=PLANE('',#2967);
#2659=PLANE('',#2968);
#2660=PLANE('',#2993);
#2661=PLANE('',#2999);
#2662=PLANE('',#3025);
#2663=PLANE('',#3032);
#2664=PLANE('',#3039);
#2665=PLANE('',#3058);
#2666=PLANE('',#3065);
#2667=PLANE('',#3072);
#2668=PLANE('',#3078);
#2669=PLANE('',#3081);
#2670=PLANE('',#3084);
#2671=PLANE('',#3087);
#2672=PLANE('',#3088);
#2673=PLANE('',#3090);
#2674=PLANE('',#3092);
#2675=PLANE('',#3094);
#2676=PLANE('',#3095);
#2677=PLANE('',#3096);
#2678=PLANE('',#3106);
#2679=PLANE('',#3107);
#2680=PLANE('',#3110);
#2681=PLANE('',#3113);
#2682=PLANE('',#3116);
#2683=PLANE('',#3120);
#2684=PLANE('',#3122);
#2685=PLANE('',#3124);
#2686=PLANE('',#3126);
#2687=PLANE('',#3127);
#2688=PLANE('',#3128);
#2689=PLANE('',#3129);
#2690=PLANE('',#3136);
#2691=PLANE('',#3137);
#2692=PLANE('',#3138);
#2693=PLANE('',#3139);
#2694=PLANE('',#3142);
#2695=PLANE('',#3145);
#2696=PLANE('',#3153);
#2697=PLANE('',#3157);
#2698=PLANE('',#3158);
#2699=PLANE('',#3159);
#2700=PLANE('',#3160);
#2701=PLANE('',#3185);
#2702=PLANE('',#3201);
#2703=PLANE('',#3208);
#2704=PLANE('',#3217);
#2705=PLANE('',#3218);
#2706=PLANE('',#3224);
#2707=PLANE('',#3231);
#2708=PLANE('',#3238);
#2709=PLANE('',#3245);
#2710=PLANE('',#3254);
#2711=PLANE('',#3261);
#2712=PLANE('',#3264);
#2713=ADVANCED_FACE('',(#368),#2641,.F.);
#2714=ADVANCED_FACE('',(#369),#305,.T.);
#2715=ADVANCED_FACE('',(#370,#64,#65,#66),#2642,.F.);
#2716=ADVANCED_FACE('',(#371),#2643,.F.);
#2717=ADVANCED_FACE('',(#372),#2644,.T.);
#2718=ADVANCED_FACE('',(#373,#67,#68,#69),#2645,.T.);
#2719=ADVANCED_FACE('',(#374),#306,.F.);
#2720=ADVANCED_FACE('',(#375),#20,.F.);
#2721=ADVANCED_FACE('',(#376,#70),#2646,.T.);
#2722=ADVANCED_FACE('',(#377),#307,.F.);
#2723=ADVANCED_FACE('',(#378),#308,.F.);
#2724=ADVANCED_FACE('',(#379),#21,.F.);
#2725=ADVANCED_FACE('',(#380,#71),#2647,.T.);
#2726=ADVANCED_FACE('',(#381),#309,.F.);
#2727=ADVANCED_FACE('',(#382),#310,.F.);
#2728=ADVANCED_FACE('',(#383),#22,.F.);
#2729=ADVANCED_FACE('',(#384,#72),#2648,.T.);
#2730=ADVANCED_FACE('',(#385),#311,.F.);
#2731=ADVANCED_FACE('',(#386),#2649,.T.);
#2732=ADVANCED_FACE('',(#387),#23,.F.);
#2733=ADVANCED_FACE('',(#388),#312,.F.);
#2734=ADVANCED_FACE('',(#389),#24,.F.);
#2735=ADVANCED_FACE('',(#390),#2650,.F.);
#2736=ADVANCED_FACE('',(#391),#2651,.T.);
#2737=ADVANCED_FACE('',(#392),#2652,.T.);
#2738=ADVANCED_FACE('',(#393),#2653,.T.);
#2739=ADVANCED_FACE('',(#394),#2654,.T.);
#2740=ADVANCED_FACE('',(#395),#25,.T.);
#2741=ADVANCED_FACE('',(#396),#313,.T.);
#2742=ADVANCED_FACE('',(#397),#26,.T.);
#2743=ADVANCED_FACE('',(#398),#2655,.F.);
#2744=ADVANCED_FACE('',(#399),#314,.F.);
#2745=ADVANCED_FACE('',(#400),#2656,.T.);
#2746=ADVANCED_FACE('',(#401),#2657,.F.);
#2747=ADVANCED_FACE('',(#402),#2658,.T.);
#2748=ADVANCED_FACE('',(#403,#73,#74,#75,#76,#77,#78,#79,#80,#81,#82,#83,
#84),#2659,.T.);
#2749=ADVANCED_FACE('',(#404),#315,.F.);
#2750=ADVANCED_FACE('',(#405,#85),#2660,.T.);
#2751=ADVANCED_FACE('',(#406),#27,.F.);
#2752=ADVANCED_FACE('',(#407),#316,.F.);
#2753=ADVANCED_FACE('',(#408,#86,#87,#88,#89,#90,#91,#92,#93,#94,#95,#96,
#97),#2661,.F.);
#2754=ADVANCED_FACE('',(#409),#317,.F.);
#2755=ADVANCED_FACE('',(#410),#28,.F.);
#2756=ADVANCED_FACE('',(#411,#98),#2662,.T.);
#2757=ADVANCED_FACE('',(#412),#318,.F.);
#2758=ADVANCED_FACE('',(#413),#319,.F.);
#2759=ADVANCED_FACE('',(#414),#29,.F.);
#2760=ADVANCED_FACE('',(#415,#99),#2663,.T.);
#2761=ADVANCED_FACE('',(#416),#320,.F.);
#2762=ADVANCED_FACE('',(#417),#321,.F.);
#2763=ADVANCED_FACE('',(#418),#30,.F.);
#2764=ADVANCED_FACE('',(#419,#100),#2664,.T.);
#2765=ADVANCED_FACE('',(#420),#322,.F.);
#2766=ADVANCED_FACE('',(#421),#323,.F.);
#2767=ADVANCED_FACE('',(#422),#31,.F.);
#2768=ADVANCED_FACE('',(#423),#324,.F.);
#2769=ADVANCED_FACE('',(#424),#32,.F.);
#2770=ADVANCED_FACE('',(#425),#325,.F.);
#2771=ADVANCED_FACE('',(#426),#33,.F.);
#2772=ADVANCED_FACE('',(#427),#326,.F.);
#2773=ADVANCED_FACE('',(#428),#34,.F.);
#2774=ADVANCED_FACE('',(#429),#327,.F.);
#2775=ADVANCED_FACE('',(#430),#35,.F.);
#2776=ADVANCED_FACE('',(#431,#101),#2665,.T.);
#2777=ADVANCED_FACE('',(#432),#328,.F.);
#2778=ADVANCED_FACE('',(#433),#329,.F.);
#2779=ADVANCED_FACE('',(#434),#36,.F.);
#2780=ADVANCED_FACE('',(#435,#102),#2666,.T.);
#2781=ADVANCED_FACE('',(#436),#330,.F.);
#2782=ADVANCED_FACE('',(#437),#331,.F.);
#2783=ADVANCED_FACE('',(#438),#37,.F.);
#2784=ADVANCED_FACE('',(#439,#103),#2667,.T.);
#2785=ADVANCED_FACE('',(#440),#332,.F.);
#2786=ADVANCED_FACE('',(#441),#333,.T.);
#2787=ADVANCED_FACE('',(#442),#38,.T.);
#2788=ADVANCED_FACE('',(#443),#2668,.T.);
#2789=ADVANCED_FACE('',(#444),#39,.F.);
#2790=ADVANCED_FACE('',(#445),#2669,.T.);
#2791=ADVANCED_FACE('',(#446),#40,.T.);
#2792=ADVANCED_FACE('',(#447),#2670,.T.);
#2793=ADVANCED_FACE('',(#448),#41,.T.);
#2794=ADVANCED_FACE('',(#449),#2671,.T.);
#2795=ADVANCED_FACE('',(#450),#2672,.F.);
#2796=ADVANCED_FACE('',(#451),#334,.T.);
#2797=ADVANCED_FACE('',(#452),#2673,.F.);
#2798=ADVANCED_FACE('',(#453),#335,.T.);
#2799=ADVANCED_FACE('',(#454),#2674,.F.);
#2800=ADVANCED_FACE('',(#455),#336,.F.);
#2801=ADVANCED_FACE('',(#456),#2675,.F.);
#2802=ADVANCED_FACE('',(#457),#2676,.T.);
#2803=ADVANCED_FACE('',(#458),#2677,.F.);
#2804=ADVANCED_FACE('',(#459),#337,.F.);
#2805=ADVANCED_FACE('',(#460),#42,.F.);
#2806=ADVANCED_FACE('',(#461),#43,.T.);
#2807=ADVANCED_FACE('',(#462),#338,.T.);
#2808=ADVANCED_FACE('',(#463),#339,.F.);
#2809=ADVANCED_FACE('',(#464),#44,.F.);
#2810=ADVANCED_FACE('',(#465),#2678,.F.);
#2811=ADVANCED_FACE('',(#466),#2679,.T.);
#2812=ADVANCED_FACE('',(#467),#45,.F.);
#2813=ADVANCED_FACE('',(#468),#2680,.T.);
#2814=ADVANCED_FACE('',(#469),#46,.F.);
#2815=ADVANCED_FACE('',(#470),#2681,.T.);
#2816=ADVANCED_FACE('',(#471),#47,.F.);
#2817=ADVANCED_FACE('',(#472),#2682,.T.);
#2818=ADVANCED_FACE('',(#473),#48,.F.);
#2819=ADVANCED_FACE('',(#474),#340,.F.);
#2820=ADVANCED_FACE('',(#475),#2683,.F.);
#2821=ADVANCED_FACE('',(#476),#341,.F.);
#2822=ADVANCED_FACE('',(#477),#2684,.F.);
#2823=ADVANCED_FACE('',(#478),#342,.F.);
#2824=ADVANCED_FACE('',(#479),#2685,.F.);
#2825=ADVANCED_FACE('',(#480),#343,.F.);
#2826=ADVANCED_FACE('',(#481),#2686,.T.);
#2827=ADVANCED_FACE('',(#482),#2687,.F.);
#2828=ADVANCED_FACE('',(#483),#2688,.F.);
#2829=ADVANCED_FACE('',(#484),#2689,.F.);
#2830=ADVANCED_FACE('',(#485),#49,.F.);
#2831=ADVANCED_FACE('',(#486),#344,.F.);
#2832=ADVANCED_FACE('',(#487),#2690,.T.);
#2833=ADVANCED_FACE('',(#488),#2691,.T.);
#2834=ADVANCED_FACE('',(#489),#2692,.T.);
#2835=ADVANCED_FACE('',(#490),#2693,.F.);
#2836=ADVANCED_FACE('',(#491),#345,.T.);
#2837=ADVANCED_FACE('',(#492),#2694,.F.);
#2838=ADVANCED_FACE('',(#493),#50,.F.);
#2839=ADVANCED_FACE('',(#494),#2695,.T.);
#2840=ADVANCED_FACE('',(#495),#51,.T.);
#2841=ADVANCED_FACE('',(#496),#346,.T.);
#2842=ADVANCED_FACE('',(#497),#52,.T.);
#2843=ADVANCED_FACE('',(#498),#2696,.F.);
#2844=ADVANCED_FACE('',(#499),#347,.F.);
#2845=ADVANCED_FACE('',(#500),#2697,.T.);
#2846=ADVANCED_FACE('',(#501),#2698,.F.);
#2847=ADVANCED_FACE('',(#502),#2699,.T.);
#2848=ADVANCED_FACE('',(#503,#104,#105,#106,#107),#2700,.T.);
#2849=ADVANCED_FACE('',(#504),#348,.F.);
#2850=ADVANCED_FACE('',(#505,#108,#109,#110,#111,#112,#113,#114,#115,#116),
#2701,.F.);
#2851=ADVANCED_FACE('',(#506),#349,.F.);
#2852=ADVANCED_FACE('',(#507),#53,.F.);
#2853=ADVANCED_FACE('',(#508,#117),#2702,.T.);
#2854=ADVANCED_FACE('',(#509),#350,.F.);
#2855=ADVANCED_FACE('',(#510),#351,.F.);
#2856=ADVANCED_FACE('',(#511),#54,.F.);
#2857=ADVANCED_FACE('',(#512,#118),#2703,.T.);
#2858=ADVANCED_FACE('',(#513),#352,.F.);
#2859=ADVANCED_FACE('',(#514),#55,.T.);
#2860=ADVANCED_FACE('',(#515),#353,.T.);
#2861=ADVANCED_FACE('',(#516),#354,.F.);
#2862=ADVANCED_FACE('',(#517),#56,.F.);
#2863=ADVANCED_FACE('',(#518),#2704,.T.);
#2864=ADVANCED_FACE('',(#519),#2705,.F.);
#2865=ADVANCED_FACE('',(#520),#355,.F.);
#2866=ADVANCED_FACE('',(#521),#57,.F.);
#2867=ADVANCED_FACE('',(#522),#356,.F.);
#2868=ADVANCED_FACE('',(#523,#119),#2706,.T.);
#2869=ADVANCED_FACE('',(#524),#58,.F.);
#2870=ADVANCED_FACE('',(#525),#357,.F.);
#2871=ADVANCED_FACE('',(#526),#358,.F.);
#2872=ADVANCED_FACE('',(#527,#120),#2707,.T.);
#2873=ADVANCED_FACE('',(#528),#59,.F.);
#2874=ADVANCED_FACE('',(#529),#359,.F.);
#2875=ADVANCED_FACE('',(#530),#360,.F.);
#2876=ADVANCED_FACE('',(#531,#121),#2708,.T.);
#2877=ADVANCED_FACE('',(#532),#60,.F.);
#2878=ADVANCED_FACE('',(#533),#361,.F.);
#2879=ADVANCED_FACE('',(#534),#362,.F.);
#2880=ADVANCED_FACE('',(#535,#122),#2709,.T.);
#2881=ADVANCED_FACE('',(#536),#61,.F.);
#2882=ADVANCED_FACE('',(#537),#363,.F.);
#2883=ADVANCED_FACE('',(#538),#364,.F.);
#2884=ADVANCED_FACE('',(#539),#62,.F.);
#2885=ADVANCED_FACE('',(#540,#123),#2710,.T.);
#2886=ADVANCED_FACE('',(#541),#365,.F.);
#2887=ADVANCED_FACE('',(#542),#366,.F.);
#2888=ADVANCED_FACE('',(#543),#63,.F.);
#2889=ADVANCED_FACE('',(#544,#124),#2711,.T.);
#2890=ADVANCED_FACE('',(#545),#367,.F.);
#2891=ADVANCED_FACE('',(#546),#2712,.T.);
#2892=CLOSED_SHELL('',(#2713,#2714,#2715,#2716,#2717,#2718,#2719,#2720,
#2721,#2722,#2723,#2724,#2725,#2726,#2727,#2728,#2729,#2730,#2731,#2732,
#2733,#2734,#2735,#2736,#2737,#2738,#2739,#2740,#2741,#2742,#2743,#2744,
#2745,#2746,#2747,#2748,#2749,#2750,#2751,#2752,#2753,#2754,#2755,#2756,
#2757,#2758,#2759,#2760,#2761,#2762,#2763,#2764,#2765,#2766,#2767,#2768,
#2769,#2770,#2771,#2772,#2773,#2774,#2775,#2776,#2777,#2778,#2779,#2780,
#2781,#2782,#2783,#2784,#2785,#2786,#2787,#2788,#2789,#2790,#2791,#2792,
#2793,#2794,#2795,#2796,#2797,#2798,#2799,#2800,#2801,#2802,#2803,#2804,
#2805,#2806,#2807,#2808,#2809,#2810,#2811,#2812,#2813,#2814,#2815,#2816,
#2817,#2818,#2819,#2820,#2821,#2822,#2823,#2824,#2825,#2826,#2827,#2828,
#2829,#2830,#2831,#2832,#2833,#2834,#2835,#2836,#2837,#2838,#2839,#2840,
#2841,#2842,#2843,#2844,#2845,#2846,#2847,#2848,#2849,#2850,#2851,#2852,
#2853,#2854,#2855,#2856,#2857,#2858,#2859,#2860,#2861,#2862,#2863,#2864,
#2865,#2866,#2867,#2868,#2869,#2870,#2871,#2872,#2873,#2874,#2875,#2876,
#2877,#2878,#2879,#2880,#2881,#2882,#2883,#2884,#2885,#2886,#2887,#2888,
#2889,#2890,#2891));
#2893=DERIVED_UNIT_ELEMENT(#2895,1.);
#2894=DERIVED_UNIT_ELEMENT(#5060,-3.);
#2895=(
MASS_UNIT()
NAMED_UNIT(*)
SI_UNIT(.KILO.,.GRAM.)
);
#2896=DERIVED_UNIT((#2893,#2894));
#2897=MEASURE_REPRESENTATION_ITEM('density measure',
POSITIVE_RATIO_MEASURE(7850.),#2896);
#2898=PROPERTY_DEFINITION_REPRESENTATION(#2903,#2900);
#2899=PROPERTY_DEFINITION_REPRESENTATION(#2904,#2901);
#2900=REPRESENTATION('material name',(#2902),#5057);
#2901=REPRESENTATION('density',(#2897),#5057);
#2902=DESCRIPTIVE_REPRESENTATION_ITEM('\X2\94A2\X0\','\X2\94A2\X0\');
#2903=PROPERTY_DEFINITION('material property','material name',#5067);
#2904=PROPERTY_DEFINITION('material property','density of part',#5067);
#2905=AXIS2_PLACEMENT_3D('',#4198,#3265,#3266);
#2906=AXIS2_PLACEMENT_3D('',#4199,#3267,#3268);
#2907=AXIS2_PLACEMENT_3D('',#4208,#3273,#3274);
#2908=AXIS2_PLACEMENT_3D('',#4212,#3276,#3277);
#2909=AXIS2_PLACEMENT_3D('',#4213,#3278,#3279);
#2910=AXIS2_PLACEMENT_3D('',#4214,#3280,#3281);
#2911=AXIS2_PLACEMENT_3D('',#4221,#3285,#3286);
#2912=AXIS2_PLACEMENT_3D('',#4223,#3287,#3288);
#2913=AXIS2_PLACEMENT_3D('',#4225,#3289,#3290);
#2914=AXIS2_PLACEMENT_3D('',#4226,#3291,#3292);
#2915=AXIS2_PLACEMENT_3D('',#4232,#3296,#3297);
#2916=AXIS2_PLACEMENT_3D('',#4238,#3301,#3302);
#2917=AXIS2_PLACEMENT_3D('',#4245,#3306,#3307);
#2918=AXIS2_PLACEMENT_3D('',#4247,#3308,#3309);
#2919=AXIS2_PLACEMENT_3D('',#4249,#3310,#3311);
#2920=AXIS2_PLACEMENT_3D('',#4250,#3312,#3313);
#2921=AXIS2_PLACEMENT_3D('',#4253,#3315,#3316);
#2922=AXIS2_PLACEMENT_3D('',#4254,#3317,#3318);
#2923=AXIS2_PLACEMENT_3D('',#4257,#3320,#3321);
#2924=AXIS2_PLACEMENT_3D('',#4258,#3322,#3323);
#2925=AXIS2_PLACEMENT_3D('',#4260,#3324,#3325);
#2926=AXIS2_PLACEMENT_3D('',#4261,#3326,#3327);
#2927=AXIS2_PLACEMENT_3D('',#4263,#3329,#3330);
#2928=AXIS2_PLACEMENT_3D('',#4266,#3332,#3333);
#2929=AXIS2_PLACEMENT_3D('',#4267,#3334,#3335);
#2930=AXIS2_PLACEMENT_3D('',#4270,#3337,#3338);
#2931=AXIS2_PLACEMENT_3D('',#4271,#3339,#3340);
#2932=AXIS2_PLACEMENT_3D('',#4273,#3341,#3342);
#2933=AXIS2_PLACEMENT_3D('',#4274,#3343,#3344);
#2934=AXIS2_PLACEMENT_3D('',#4276,#3346,#3347);
#2935=AXIS2_PLACEMENT_3D('',#4279,#3349,#3350);
#2936=AXIS2_PLACEMENT_3D('',#4280,#3351,#3352);
#2937=AXIS2_PLACEMENT_3D('',#4283,#3354,#3355);
#2938=AXIS2_PLACEMENT_3D('',#4284,#3356,#3357);
#2939=AXIS2_PLACEMENT_3D('',#4286,#3358,#3359);
#2940=AXIS2_PLACEMENT_3D('',#4287,#3360,#3361);
#2941=AXIS2_PLACEMENT_3D('',#4289,#3363,#3364);
#2942=AXIS2_PLACEMENT_3D('',#4295,#3368,#3369);
#2943=AXIS2_PLACEMENT_3D('',#4297,#3370,#3371);
#2944=AXIS2_PLACEMENT_3D('',#4299,#3372,#3373);
#2945=AXIS2_PLACEMENT_3D('',#4301,#3375,#3376);
#2946=AXIS2_PLACEMENT_3D('',#4304,#3378,#3379);
#2947=AXIS2_PLACEMENT_3D('',#4305,#3380,#3381);
#2948=AXIS2_PLACEMENT_3D('',#4308,#3383,#3384);
#2949=AXIS2_PLACEMENT_3D('',#4309,#3385,#3386);
#2950=AXIS2_PLACEMENT_3D('',#4311,#3388,#3389);
#2951=AXIS2_PLACEMENT_3D('',#4315,#3392,#3393);
#2952=AXIS2_PLACEMENT_3D('',#4319,#3396,#3397);
#2953=AXIS2_PLACEMENT_3D('',#4323,#3400,#3401);
#2954=AXIS2_PLACEMENT_3D('',#4327,#3404,#3405);
#2955=AXIS2_PLACEMENT_3D('',#4329,#3406,#3407);
#2956=AXIS2_PLACEMENT_3D('',#4331,#3408,#3409);
#2957=AXIS2_PLACEMENT_3D('',#4333,#3411,#3412);
#2958=AXIS2_PLACEMENT_3D('',#4336,#3414,#3415);
#2959=AXIS2_PLACEMENT_3D('',#4337,#3416,#3417);
#2960=AXIS2_PLACEMENT_3D('',#4340,#3419,#3420);
#2961=AXIS2_PLACEMENT_3D('',#4341,#3421,#3422);
#2962=AXIS2_PLACEMENT_3D('',#4344,#3424,#3425);
#2963=AXIS2_PLACEMENT_3D('',#4345,#3426,#3427);
#2964=AXIS2_PLACEMENT_3D('',#4348,#3429,#3430);
#2965=AXIS2_PLACEMENT_3D('',#4349,#3431,#3432);
#2966=AXIS2_PLACEMENT_3D('',#4352,#3435,#3436);
#2967=AXIS2_PLACEMENT_3D('',#4358,#3440,#3441);
#2968=AXIS2_PLACEMENT_3D('',#4362,#3444,#3445);
#2969=AXIS2_PLACEMENT_3D('',#4364,#3446,#3447);
#2970=AXIS2_PLACEMENT_3D('',#4366,#3448,#3449);
#2971=AXIS2_PLACEMENT_3D('',#4368,#3450,#3451);
#2972=AXIS2_PLACEMENT_3D('',#4372,#3453,#3454);
#2973=AXIS2_PLACEMENT_3D('',#4376,#3456,#3457);
#2974=AXIS2_PLACEMENT_3D('',#4380,#3459,#3460);
#2975=AXIS2_PLACEMENT_3D('',#4384,#3462,#3463);
#2976=AXIS2_PLACEMENT_3D('',#4387,#3465,#3466);
#2977=AXIS2_PLACEMENT_3D('',#4389,#3467,#3468);
#2978=AXIS2_PLACEMENT_3D('',#4391,#3469,#3470);
#2979=AXIS2_PLACEMENT_3D('',#4393,#3471,#3472);
#2980=AXIS2_PLACEMENT_3D('',#4395,#3473,#3474);
#2981=AXIS2_PLACEMENT_3D('',#4397,#3475,#3476);
#2982=AXIS2_PLACEMENT_3D('',#4399,#3477,#3478);
#2983=AXIS2_PLACEMENT_3D('',#4401,#3479,#3480);
#2984=AXIS2_PLACEMENT_3D('',#4403,#3481,#3482);
#2985=AXIS2_PLACEMENT_3D('',#4405,#3483,#3484);
#2986=AXIS2_PLACEMENT_3D('',#4408,#3485,#3486);
#2987=AXIS2_PLACEMENT_3D('',#4412,#3488,#3489);
#2988=AXIS2_PLACEMENT_3D('',#4416,#3491,#3492);
#2989=AXIS2_PLACEMENT_3D('',#4420,#3494,#3495);
#2990=AXIS2_PLACEMENT_3D('',#4423,#3497,#3498);
#2991=AXIS2_PLACEMENT_3D('',#4424,#3499,#3500);
#2992=AXIS2_PLACEMENT_3D('',#4426,#3501,#3502);
#2993=AXIS2_PLACEMENT_3D('',#4428,#3504,#3505);
#2994=AXIS2_PLACEMENT_3D('',#4430,#3506,#3507);
#2995=AXIS2_PLACEMENT_3D('',#4431,#3508,#3509);
#2996=AXIS2_PLACEMENT_3D('',#4433,#3510,#3511);
#2997=AXIS2_PLACEMENT_3D('',#4435,#3513,#3514);
#2998=AXIS2_PLACEMENT_3D('',#4437,#3515,#3516);
#2999=AXIS2_PLACEMENT_3D('',#4439,#3518,#3519);
#3000=AXIS2_PLACEMENT_3D('',#4442,#3520,#3521);
#3001=AXIS2_PLACEMENT_3D('',#4446,#3523,#3524);
#3002=AXIS2_PLACEMENT_3D('',#4448,#3525,#3526);
#3003=AXIS2_PLACEMENT_3D('',#4449,#3527,#3528);
#3004=AXIS2_PLACEMENT_3D('',#4453,#3530,#3531);
#3005=AXIS2_PLACEMENT_3D('',#4457,#3533,#3534);
#3006=AXIS2_PLACEMENT_3D('',#4461,#3536,#3537);
#3007=AXIS2_PLACEMENT_3D('',#4464,#3539,#3540);
#3008=AXIS2_PLACEMENT_3D('',#4466,#3541,#3542);
#3009=AXIS2_PLACEMENT_3D('',#4468,#3543,#3544);
#3010=AXIS2_PLACEMENT_3D('',#4470,#3545,#3546);
#3011=AXIS2_PLACEMENT_3D('',#4472,#3547,#3548);
#3012=AXIS2_PLACEMENT_3D('',#4474,#3549,#3550);
#3013=AXIS2_PLACEMENT_3D('',#4476,#3551,#3552);
#3014=AXIS2_PLACEMENT_3D('',#4478,#3553,#3554);
#3015=AXIS2_PLACEMENT_3D('',#4480,#3555,#3556);
#3016=AXIS2_PLACEMENT_3D('',#4482,#3557,#3558);
#3017=AXIS2_PLACEMENT_3D('',#4487,#3560,#3561);
#3018=AXIS2_PLACEMENT_3D('',#4491,#3563,#3564);
#3019=AXIS2_PLACEMENT_3D('',#4495,#3566,#3567);
#3020=AXIS2_PLACEMENT_3D('',#4498,#3569,#3570);
#3021=AXIS2_PLACEMENT_3D('',#4499,#3571,#3572);
#3022=AXIS2_PLACEMENT_3D('',#4502,#3574,#3575);
#3023=AXIS2_PLACEMENT_3D('',#4503,#3576,#3577);
#3024=AXIS2_PLACEMENT_3D('',#4506,#3579,#3580);
#3025=AXIS2_PLACEMENT_3D('',#4507,#3581,#3582);
#3026=AXIS2_PLACEMENT_3D('',#4509,#3583,#3584);
#3027=AXIS2_PLACEMENT_3D('',#4510,#3585,#3586);
#3028=AXIS2_PLACEMENT_3D('',#4512,#3588,#3589);
#3029=AXIS2_PLACEMENT_3D('',#4515,#3591,#3592);
#3030=AXIS2_PLACEMENT_3D('',#4516,#3593,#3594);
#3031=AXIS2_PLACEMENT_3D('',#4519,#3596,#3597);
#3032=AXIS2_PLACEMENT_3D('',#4520,#3598,#3599);
#3033=AXIS2_PLACEMENT_3D('',#4522,#3600,#3601);
#3034=AXIS2_PLACEMENT_3D('',#4523,#3602,#3603);
#3035=AXIS2_PLACEMENT_3D('',#4525,#3605,#3606);
#3036=AXIS2_PLACEMENT_3D('',#4528,#3608,#3609);
#3037=AXIS2_PLACEMENT_3D('',#4529,#3610,#3611);
#3038=AXIS2_PLACEMENT_3D('',#4532,#3613,#3614);
#3039=AXIS2_PLACEMENT_3D('',#4533,#3615,#3616);
#3040=AXIS2_PLACEMENT_3D('',#4535,#3617,#3618);
#3041=AXIS2_PLACEMENT_3D('',#4536,#3619,#3620);
#3042=AXIS2_PLACEMENT_3D('',#4538,#3622,#3623);
#3043=AXIS2_PLACEMENT_3D('',#4541,#3625,#3626);
#3044=AXIS2_PLACEMENT_3D('',#4542,#3627,#3628);
#3045=AXIS2_PLACEMENT_3D('',#4544,#3630,#3631);
#3046=AXIS2_PLACEMENT_3D('',#4547,#3633,#3634);
#3047=AXIS2_PLACEMENT_3D('',#4548,#3635,#3636);
#3048=AXIS2_PLACEMENT_3D('',#4550,#3638,#3639);
#3049=AXIS2_PLACEMENT_3D('',#4553,#3641,#3642);
#3050=AXIS2_PLACEMENT_3D('',#4554,#3643,#3644);
#3051=AXIS2_PLACEMENT_3D('',#4556,#3646,#3647);
#3052=AXIS2_PLACEMENT_3D('',#4559,#3649,#3650);
#3053=AXIS2_PLACEMENT_3D('',#4560,#3651,#3652);
#3054=AXIS2_PLACEMENT_3D('',#4562,#3654,#3655);
#3055=AXIS2_PLACEMENT_3D('',#4565,#3657,#3658);
#3056=AXIS2_PLACEMENT_3D('',#4566,#3659,#3660);
#3057=AXIS2_PLACEMENT_3D('',#4569,#3662,#3663);
#3058=AXIS2_PLACEMENT_3D('',#4570,#3664,#3665);
#3059=AXIS2_PLACEMENT_3D('',#4572,#3666,#3667);
#3060=AXIS2_PLACEMENT_3D('',#4573,#3668,#3669);
#3061=AXIS2_PLACEMENT_3D('',#4575,#3671,#3672);
#3062=AXIS2_PLACEMENT_3D('',#4578,#3674,#3675);
#3063=AXIS2_PLACEMENT_3D('',#4579,#3676,#3677);
#3064=AXIS2_PLACEMENT_3D('',#4582,#3679,#3680);
#3065=AXIS2_PLACEMENT_3D('',#4583,#3681,#3682);
#3066=AXIS2_PLACEMENT_3D('',#4585,#3683,#3684);
#3067=AXIS2_PLACEMENT_3D('',#4586,#3685,#3686);
#3068=AXIS2_PLACEMENT_3D('',#4588,#3688,#3689);
#3069=AXIS2_PLACEMENT_3D('',#4591,#3691,#3692);
#3070=AXIS2_PLACEMENT_3D('',#4592,#3693,#3694);
#3071=AXIS2_PLACEMENT_3D('',#4595,#3696,#3697);
#3072=AXIS2_PLACEMENT_3D('',#4596,#3698,#3699);
#3073=AXIS2_PLACEMENT_3D('',#4598,#3700,#3701);
#3074=AXIS2_PLACEMENT_3D('',#4599,#3702,#3703);
#3075=AXIS2_PLACEMENT_3D('',#4601,#3705,#3706);
#3076=AXIS2_PLACEMENT_3D('',#4604,#3707,#3708);
#3077=AXIS2_PLACEMENT_3D('',#4607,#3711,#3712);
#3078=AXIS2_PLACEMENT_3D('',#4610,#3715,#3716);
#3079=AXIS2_PLACEMENT_3D('',#4614,#3719,#3720);
#3080=AXIS2_PLACEMENT_3D('',#4616,#3721,#3722);
#3081=AXIS2_PLACEMENT_3D('',#4618,#3724,#3725);
#3082=AXIS2_PLACEMENT_3D('',#4622,#3728,#3729);
#3083=AXIS2_PLACEMENT_3D('',#4624,#3730,#3731);
#3084=AXIS2_PLACEMENT_3D('',#4626,#3733,#3734);
#3085=AXIS2_PLACEMENT_3D('',#4630,#3737,#3738);
#3086=AXIS2_PLACEMENT_3D('',#4632,#3739,#3740);
#3087=AXIS2_PLACEMENT_3D('',#4634,#3742,#3743);
#3088=AXIS2_PLACEMENT_3D('',#4636,#3745,#3746);
#3089=AXIS2_PLACEMENT_3D('',#4638,#3748,#3749);
#3090=AXIS2_PLACEMENT_3D('',#4640,#3751,#3752);
#3091=AXIS2_PLACEMENT_3D('',#4642,#3754,#3755);
#3092=AXIS2_PLACEMENT_3D('',#4644,#3757,#3758);
#3093=AXIS2_PLACEMENT_3D('',#4646,#3760,#3761);
#3094=AXIS2_PLACEMENT_3D('',#4648,#3763,#3764);
#3095=AXIS2_PLACEMENT_3D('',#4649,#3765,#3766);
#3096=AXIS2_PLACEMENT_3D('',#4653,#3769,#3770);
#3097=AXIS2_PLACEMENT_3D('',#4655,#3772,#3773);
#3098=AXIS2_PLACEMENT_3D('',#4657,#3774,#3775);
#3099=AXIS2_PLACEMENT_3D('',#4659,#3777,#3778);
#3100=AXIS2_PLACEMENT_3D('',#4661,#3780,#3781);
#3101=AXIS2_PLACEMENT_3D('',#4664,#3783,#3784);
#3102=AXIS2_PLACEMENT_3D('',#4665,#3785,#3786);
#3103=AXIS2_PLACEMENT_3D('',#4667,#3788,#3789);
#3104=AXIS2_PLACEMENT_3D('',#4668,#3790,#3791);
#3105=AXIS2_PLACEMENT_3D('',#4669,#3792,#3793);
#3106=AXIS2_PLACEMENT_3D('',#4670,#3794,#3795);
#3107=AXIS2_PLACEMENT_3D('',#4676,#3799,#3800);
#3108=AXIS2_PLACEMENT_3D('',#4679,#3803,#3804);
#3109=AXIS2_PLACEMENT_3D('',#4681,#3805,#3806);
#3110=AXIS2_PLACEMENT_3D('',#4683,#3808,#3809);
#3111=AXIS2_PLACEMENT_3D('',#4687,#3812,#3813);
#3112=AXIS2_PLACEMENT_3D('',#4689,#3814,#3815);
#3113=AXIS2_PLACEMENT_3D('',#4691,#3817,#3818);
#3114=AXIS2_PLACEMENT_3D('',#4695,#3821,#3822);
#3115=AXIS2_PLACEMENT_3D('',#4697,#3823,#3824);
#3116=AXIS2_PLACEMENT_3D('',#4699,#3826,#3827);
#3117=AXIS2_PLACEMENT_3D('',#4703,#3830,#3831);
#3118=AXIS2_PLACEMENT_3D('',#4704,#3832,#3833);
#3119=AXIS2_PLACEMENT_3D('',#4705,#3834,#3835);
#3120=AXIS2_PLACEMENT_3D('',#4707,#3837,#3838);
#3121=AXIS2_PLACEMENT_3D('',#4709,#3840,#3841);
#3122=AXIS2_PLACEMENT_3D('',#4711,#3843,#3844);
#3123=AXIS2_PLACEMENT_3D('',#4713,#3846,#3847);
#3124=AXIS2_PLACEMENT_3D('',#4715,#3849,#3850);
#3125=AXIS2_PLACEMENT_3D('',#4717,#3852,#3853);
#3126=AXIS2_PLACEMENT_3D('',#4718,#3854,#3855);
#3127=AXIS2_PLACEMENT_3D('',#4720,#3857,#3858);
#3128=AXIS2_PLACEMENT_3D('',#4722,#3860,#3861);
#3129=AXIS2_PLACEMENT_3D('',#4724,#3863,#3864);
#3130=AXIS2_PLACEMENT_3D('',#4726,#3865,#3866);
#3131=AXIS2_PLACEMENT_3D('',#4729,#3868,#3869);
#3132=AXIS2_PLACEMENT_3D('',#4730,#3870,#3871);
#3133=AXIS2_PLACEMENT_3D('',#4732,#3872,#3873);
#3134=AXIS2_PLACEMENT_3D('',#4734,#3875,#3876);
#3135=AXIS2_PLACEMENT_3D('',#4736,#3877,#3878);
#3136=AXIS2_PLACEMENT_3D('',#4738,#3880,#3881);
#3137=AXIS2_PLACEMENT_3D('',#4744,#3885,#3886);
#3138=AXIS2_PLACEMENT_3D('',#4748,#3889,#3890);
#3139=AXIS2_PLACEMENT_3D('',#4752,#3893,#3894);
#3140=AXIS2_PLACEMENT_3D('',#4758,#3898,#3899);
#3141=AXIS2_PLACEMENT_3D('',#4759,#3900,#3901);
#3142=AXIS2_PLACEMENT_3D('',#4760,#3902,#3903);
#3143=AXIS2_PLACEMENT_3D('',#4762,#3904,#3905);
#3144=AXIS2_PLACEMENT_3D('',#4764,#3907,#3908);
#3145=AXIS2_PLACEMENT_3D('',#4766,#3910,#3911);
#3146=AXIS2_PLACEMENT_3D('',#4770,#3914,#3915);
#3147=AXIS2_PLACEMENT_3D('',#4772,#3916,#3917);
#3148=AXIS2_PLACEMENT_3D('',#4774,#3918,#3919);
#3149=AXIS2_PLACEMENT_3D('',#4776,#3921,#3922);
#3150=AXIS2_PLACEMENT_3D('',#4778,#3923,#3924);
#3151=AXIS2_PLACEMENT_3D('',#4780,#3926,#3927);
#3152=AXIS2_PLACEMENT_3D('',#4783,#3929,#3930);
#3153=AXIS2_PLACEMENT_3D('',#4784,#3931,#3932);
#3154=AXIS2_PLACEMENT_3D('',#4787,#3934,#3935);
#3155=AXIS2_PLACEMENT_3D('',#4788,#3936,#3937);
#3156=AXIS2_PLACEMENT_3D('',#4791,#3939,#3940);
#3157=AXIS2_PLACEMENT_3D('',#4792,#3941,#3942);
#3158=AXIS2_PLACEMENT_3D('',#4795,#3945,#3946);
#3159=AXIS2_PLACEMENT_3D('',#4801,#3950,#3951);
#3160=AXIS2_PLACEMENT_3D('',#4805,#3954,#3955);
#3161=AXIS2_PLACEMENT_3D('',#4808,#3956,#3957);
#3162=AXIS2_PLACEMENT_3D('',#4810,#3958,#3959);
#3163=AXIS2_PLACEMENT_3D('',#4812,#3960,#3961);
#3164=AXIS2_PLACEMENT_3D('',#4814,#3962,#3963);
#3165=AXIS2_PLACEMENT_3D('',#4816,#3964,#3965);
#3166=AXIS2_PLACEMENT_3D('',#4819,#3967,#3968);
#3167=AXIS2_PLACEMENT_3D('',#4821,#3969,#3970);
#3168=AXIS2_PLACEMENT_3D('',#4823,#3971,#3972);
#3169=AXIS2_PLACEMENT_3D('',#4825,#3973,#3974);
#3170=AXIS2_PLACEMENT_3D('',#4827,#3975,#3976);
#3171=AXIS2_PLACEMENT_3D('',#4829,#3977,#3978);
#3172=AXIS2_PLACEMENT_3D('',#4831,#3979,#3980);
#3173=AXIS2_PLACEMENT_3D('',#4833,#3981,#3982);
#3174=AXIS2_PLACEMENT_3D('',#4835,#3983,#3984);
#3175=AXIS2_PLACEMENT_3D('',#4837,#3985,#3986);
#3176=AXIS2_PLACEMENT_3D('',#4839,#3987,#3988);
#3177=AXIS2_PLACEMENT_3D('',#4841,#3989,#3990);
#3178=AXIS2_PLACEMENT_3D('',#4842,#3991,#3992);
#3179=AXIS2_PLACEMENT_3D('',#4844,#3993,#3994);
#3180=AXIS2_PLACEMENT_3D('',#4846,#3995,#3996);
#3181=AXIS2_PLACEMENT_3D('',#4848,#3997,#3998);
#3182=AXIS2_PLACEMENT_3D('',#4850,#3999,#4000);
#3183=AXIS2_PLACEMENT_3D('',#4851,#4001,#4002);
#3184=AXIS2_PLACEMENT_3D('',#4854,#4004,#4005);
#3185=AXIS2_PLACEMENT_3D('',#4855,#4006,#4007);
#3186=AXIS2_PLACEMENT_3D('',#4858,#4008,#4009);
#3187=AXIS2_PLACEMENT_3D('',#4859,#4010,#4011);
#3188=AXIS2_PLACEMENT_3D('',#4862,#4013,#4014);
#3189=AXIS2_PLACEMENT_3D('',#4864,#4015,#4016);
#3190=AXIS2_PLACEMENT_3D('',#4866,#4017,#4018);
#3191=AXIS2_PLACEMENT_3D('',#4868,#4019,#4020);
#3192=AXIS2_PLACEMENT_3D('',#4870,#4021,#4022);
#3193=AXIS2_PLACEMENT_3D('',#4872,#4023,#4024);
#3194=AXIS2_PLACEMENT_3D('',#4874,#4025,#4026);
#3195=AXIS2_PLACEMENT_3D('',#4876,#4027,#4028);
#3196=AXIS2_PLACEMENT_3D('',#4878,#4029,#4030);
#3197=AXIS2_PLACEMENT_3D('',#4879,#4031,#4032);
#3198=AXIS2_PLACEMENT_3D('',#4882,#4034,#4035);
#3199=AXIS2_PLACEMENT_3D('',#4883,#4036,#4037);
#3200=AXIS2_PLACEMENT_3D('',#4886,#4039,#4040);
#3201=AXIS2_PLACEMENT_3D('',#4887,#4041,#4042);
#3202=AXIS2_PLACEMENT_3D('',#4889,#4043,#4044);
#3203=AXIS2_PLACEMENT_3D('',#4890,#4045,#4046);
#3204=AXIS2_PLACEMENT_3D('',#4892,#4048,#4049);
#3205=AXIS2_PLACEMENT_3D('',#4895,#4051,#4052);
#3206=AXIS2_PLACEMENT_3D('',#4896,#4053,#4054);
#3207=AXIS2_PLACEMENT_3D('',#4899,#4056,#4057);
#3208=AXIS2_PLACEMENT_3D('',#4900,#4058,#4059);
#3209=AXIS2_PLACEMENT_3D('',#4902,#4060,#4061);
#3210=AXIS2_PLACEMENT_3D('',#4903,#4062,#4063);
#3211=AXIS2_PLACEMENT_3D('',#4915,#4065,#4066);
#3212=AXIS2_PLACEMENT_3D('',#4918,#4067,#4068);
#3213=AXIS2_PLACEMENT_3D('',#4961,#4071,#4072);
#3214=AXIS2_PLACEMENT_3D('',#4964,#4075,#4076);
#3215=AXIS2_PLACEMENT_3D('',#4966,#4077,#4078);
#3216=AXIS2_PLACEMENT_3D('',#4968,#4080,#4081);
#3217=AXIS2_PLACEMENT_3D('',#4970,#4083,#4084);
#3218=AXIS2_PLACEMENT_3D('',#4972,#4086,#4087);
#3219=AXIS2_PLACEMENT_3D('',#4973,#4088,#4089);
#3220=AXIS2_PLACEMENT_3D('',#4974,#4090,#4091);
#3221=AXIS2_PLACEMENT_3D('',#4975,#4092,#4093);
#3222=AXIS2_PLACEMENT_3D('',#4976,#4094,#4095);
#3223=AXIS2_PLACEMENT_3D('',#4978,#4096,#4097);
#3224=AXIS2_PLACEMENT_3D('',#4980,#4099,#4100);
#3225=AXIS2_PLACEMENT_3D('',#4982,#4101,#4102);
#3226=AXIS2_PLACEMENT_3D('',#4983,#4103,#4104);
#3227=AXIS2_PLACEMENT_3D('',#4985,#4105,#4106);
#3228=AXIS2_PLACEMENT_3D('',#4987,#4108,#4109);
#3229=AXIS2_PLACEMENT_3D('',#4989,#4111,#4112);
#3230=AXIS2_PLACEMENT_3D('',#4991,#4113,#4114);
#3231=AXIS2_PLACEMENT_3D('',#4993,#4116,#4117);
#3232=AXIS2_PLACEMENT_3D('',#4995,#4118,#4119);
#3233=AXIS2_PLACEMENT_3D('',#4996,#4120,#4121);
#3234=AXIS2_PLACEMENT_3D('',#4998,#4122,#4123);
#3235=AXIS2_PLACEMENT_3D('',#5000,#4125,#4126);
#3236=AXIS2_PLACEMENT_3D('',#5002,#4128,#4129);
#3237=AXIS2_PLACEMENT_3D('',#5004,#4130,#4131);
#3238=AXIS2_PLACEMENT_3D('',#5006,#4133,#4134);
#3239=AXIS2_PLACEMENT_3D('',#5008,#4135,#4136);
#3240=AXIS2_PLACEMENT_3D('',#5009,#4137,#4138);
#3241=AXIS2_PLACEMENT_3D('',#5011,#4139,#4140);
#3242=AXIS2_PLACEMENT_3D('',#5013,#4142,#4143);
#3243=AXIS2_PLACEMENT_3D('',#5015,#4145,#4146);
#3244=AXIS2_PLACEMENT_3D('',#5017,#4147,#4148);
#3245=AXIS2_PLACEMENT_3D('',#5019,#4150,#4151);
#3246=AXIS2_PLACEMENT_3D('',#5021,#4152,#4153);
#3247=AXIS2_PLACEMENT_3D('',#5022,#4154,#4155);
#3248=AXIS2_PLACEMENT_3D('',#5024,#4156,#4157);
#3249=AXIS2_PLACEMENT_3D('',#5026,#4159,#4160);
#3250=AXIS2_PLACEMENT_3D('',#5028,#4162,#4163);
#3251=AXIS2_PLACEMENT_3D('',#5031,#4165,#4166);
#3252=AXIS2_PLACEMENT_3D('',#5032,#4167,#4168);
#3253=AXIS2_PLACEMENT_3D('',#5035,#4170,#4171);
#3254=AXIS2_PLACEMENT_3D('',#5036,#4172,#4173);
#3255=AXIS2_PLACEMENT_3D('',#5038,#4174,#4175);
#3256=AXIS2_PLACEMENT_3D('',#5039,#4176,#4177);
#3257=AXIS2_PLACEMENT_3D('',#5041,#4179,#4180);
#3258=AXIS2_PLACEMENT_3D('',#5044,#4182,#4183);
#3259=AXIS2_PLACEMENT_3D('',#5045,#4184,#4185);
#3260=AXIS2_PLACEMENT_3D('',#5048,#4187,#4188);
#3261=AXIS2_PLACEMENT_3D('',#5049,#4189,#4190);
#3262=AXIS2_PLACEMENT_3D('',#5051,#4191,#4192);
#3263=AXIS2_PLACEMENT_3D('',#5052,#4193,#4194);
#3264=AXIS2_PLACEMENT_3D('',#5054,#4196,#4197);
#3265=DIRECTION('axis',(0.,0.,1.));
#3266=DIRECTION('refdir',(1.,0.,0.));
#3267=DIRECTION('center_axis',(-0.707106781186548,0.,0.707106781186548));
#3268=DIRECTION('ref_axis',(0.,1.,0.));
#3269=DIRECTION('',(0.,1.,0.));
#3270=DIRECTION('',(-0.707106781186548,0.,-0.707106781186548));
#3271=DIRECTION('',(0.,1.,0.));
#3272=DIRECTION('',(0.707106781186548,0.,0.707106781186548));
#3273=DIRECTION('center_axis',(0.,1.,0.));
#3274=DIRECTION('ref_axis',(0.707106781186548,0.,-0.707106781186548));
#3275=DIRECTION('',(0.,1.,0.));
#3276=DIRECTION('center_axis',(0.,1.,0.));
#3277=DIRECTION('ref_axis',(0.707106781186548,0.,-0.707106781186548));
#3278=DIRECTION('center_axis',(0.,-1.,0.));
#3279=DIRECTION('ref_axis',(0.,0.,-1.));
#3280=DIRECTION('center_axis',(0.,0.,1.));
#3281=DIRECTION('ref_axis',(1.,0.,0.));
#3282=DIRECTION('',(1.,0.,0.));
#3283=DIRECTION('',(0.,-1.,0.));
#3284=DIRECTION('',(-1.,0.,0.));
#3285=DIRECTION('center_axis',(0.,0.,-1.));
#3286=DIRECTION('ref_axis',(1.,0.,0.));
#3287=DIRECTION('center_axis',(0.,0.,-1.));
#3288=DIRECTION('ref_axis',(1.,0.,0.));
#3289=DIRECTION('center_axis',(0.,0.,-1.));
#3290=DIRECTION('ref_axis',(1.,0.,0.));
#3291=DIRECTION('center_axis',(0.,-1.,0.));
#3292=DIRECTION('ref_axis',(-1.,0.,0.));
#3293=DIRECTION('',(-1.,-9.435398414026E-11,9.435420081634E-11));
#3294=DIRECTION('',(7.189885307909E-9,-1.996795617344E-10,1.));
#3295=DIRECTION('',(1.127950778648E-8,-2.675000125357E-9,1.));
#3296=DIRECTION('center_axis',(0.,0.707106781186548,0.707106781186548));
#3297=DIRECTION('ref_axis',(0.,0.707106781186548,-0.707106781186548));
#3298=DIRECTION('',(-1.,-4.717688372841E-11,4.717715457351E-11));
#3299=DIRECTION('',(1.271004165182E-8,0.707106781186498,-0.707106781186598));
#3300=DIRECTION('',(1.99395412973513E-8,0.707106781186547,-0.707106781186547));
#3301=DIRECTION('center_axis',(0.,0.,1.));
#3302=DIRECTION('ref_axis',(1.,0.,0.));
#3303=DIRECTION('',(1.,4.717710040449E-11,4.717710040449E-11));
#3304=DIRECTION('',(5.919677284519E-10,1.,-7.933697004933E-11));
#3305=DIRECTION('',(-5.919680928328E-10,-1.,-7.933701559694E-11));
#3306=DIRECTION('center_axis',(0.,0.,-1.));
#3307=DIRECTION('ref_axis',(1.,0.,0.));
#3308=DIRECTION('center_axis',(0.,0.,-1.));
#3309=DIRECTION('ref_axis',(1.,0.,0.));
#3310=DIRECTION('center_axis',(0.,0.,-1.));
#3311=DIRECTION('ref_axis',(1.,0.,0.));
#3312=DIRECTION('center_axis',(0.,0.,-1.));
#3313=DIRECTION('ref_axis',(1.,0.,0.));
#3314=DIRECTION('',(0.,0.,-1.));
#3315=DIRECTION('center_axis',(0.,0.,-1.));
#3316=DIRECTION('ref_axis',(1.,0.,0.));
#3317=DIRECTION('center_axis',(0.,0.,-1.));
#3318=DIRECTION('ref_axis',(1.,0.,0.));
#3319=DIRECTION('',(-0.707106781186547,8.65956056235493E-17,-0.707106781186547));
#3320=DIRECTION('center_axis',(0.,0.,-1.));
#3321=DIRECTION('ref_axis',(1.,0.,0.));
#3322=DIRECTION('center_axis',(0.,0.,-1.));
#3323=DIRECTION('ref_axis',(1.,0.,0.));
#3324=DIRECTION('center_axis',(0.,0.,-1.));
#3325=DIRECTION('ref_axis',(1.,0.,0.));
#3326=DIRECTION('center_axis',(0.,0.,-1.));
#3327=DIRECTION('ref_axis',(1.,0.,0.));
#3328=DIRECTION('',(0.,0.,-1.));
#3329=DIRECTION('center_axis',(0.,0.,-1.));
#3330=DIRECTION('ref_axis',(1.,0.,0.));
#3331=DIRECTION('',(0.,0.,-1.));
#3332=DIRECTION('center_axis',(0.,0.,-1.));
#3333=DIRECTION('ref_axis',(1.,0.,0.));
#3334=DIRECTION('center_axis',(0.,0.,-1.));
#3335=DIRECTION('ref_axis',(1.,0.,0.));
#3336=DIRECTION('',(-0.707106781186547,8.65956056235493E-17,-0.707106781186547));
#3337=DIRECTION('center_axis',(0.,0.,-1.));
#3338=DIRECTION('ref_axis',(1.,0.,0.));
#3339=DIRECTION('center_axis',(0.,0.,-1.));
#3340=DIRECTION('ref_axis',(1.,0.,0.));
#3341=DIRECTION('center_axis',(0.,0.,-1.));
#3342=DIRECTION('ref_axis',(1.,0.,0.));
#3343=DIRECTION('center_axis',(0.,0.,-1.));
#3344=DIRECTION('ref_axis',(1.,0.,0.));
#3345=DIRECTION('',(0.,0.,-1.));
#3346=DIRECTION('center_axis',(0.,0.,-1.));
#3347=DIRECTION('ref_axis',(1.,0.,0.));
#3348=DIRECTION('',(0.,0.,-1.));
#3349=DIRECTION('center_axis',(0.,0.,-1.));
#3350=DIRECTION('ref_axis',(1.,0.,0.));
#3351=DIRECTION('center_axis',(0.,0.,-1.));
#3352=DIRECTION('ref_axis',(1.,0.,0.));
#3353=DIRECTION('',(-0.707106781186547,8.65956056235493E-17,-0.707106781186547));
#3354=DIRECTION('center_axis',(0.,0.,-1.));
#3355=DIRECTION('ref_axis',(1.,0.,0.));
#3356=DIRECTION('center_axis',(0.,0.,-1.));
#3357=DIRECTION('ref_axis',(1.,0.,0.));
#3358=DIRECTION('center_axis',(0.,0.,-1.));
#3359=DIRECTION('ref_axis',(1.,0.,0.));
#3360=DIRECTION('center_axis',(0.,0.,-1.));
#3361=DIRECTION('ref_axis',(1.,0.,0.));
#3362=DIRECTION('',(0.,0.,-1.));
#3363=DIRECTION('center_axis',(0.,-0.707106781186548,0.707106781186548));
#3364=DIRECTION('ref_axis',(0.,-0.707106781186548,-0.707106781186548));
#3365=DIRECTION('',(-1.271006174901E-8,-0.707106781186598,-0.707106781186498));
#3366=DIRECTION('',(1.,9.435420081634E-11,9.435417373183E-11));
#3367=DIRECTION('',(-1.99395212001713E-8,-0.707106781186547,-0.707106781186547));
#3368=DIRECTION('center_axis',(0.,-1.,0.));
#3369=DIRECTION('ref_axis',(0.,0.,-1.));
#3370=DIRECTION('center_axis',(0.,-1.,0.));
#3371=DIRECTION('ref_axis',(0.,0.,-1.));
#3372=DIRECTION('center_axis',(0.,-1.,0.));
#3373=DIRECTION('ref_axis',(0.,0.,-1.));
#3374=DIRECTION('',(0.499999996214017,-0.707106781186524,-0.500000003786017));
#3375=DIRECTION('center_axis',(0.,1.,0.));
#3376=DIRECTION('ref_axis',(0.707106781186548,0.,-0.707106781186548));
#3377=DIRECTION('',(1.650743815302E-10,1.,2.96707388032E-10));
#3378=DIRECTION('center_axis',(0.,1.,0.));
#3379=DIRECTION('ref_axis',(0.707106781186598,0.,-0.707106781186498));
#3380=DIRECTION('center_axis',(0.,1.,0.));
#3381=DIRECTION('ref_axis',(0.,0.,-1.));
#3382=DIRECTION('',(0.500000008948617,0.707106781186524,-0.499999991051417));
#3383=DIRECTION('center_axis',(0.,1.,0.));
#3384=DIRECTION('ref_axis',(0.707106781186598,0.,-0.707106781186498));
#3385=DIRECTION('center_axis',(0.,-1.,0.));
#3386=DIRECTION('ref_axis',(-0.707106781186548,0.,-0.707106781186548));
#3387=DIRECTION('',(-0.707106776124497,-2.94204482132299E-9,0.707106786248598));
#3388=DIRECTION('center_axis',(0.,1.,0.));
#3389=DIRECTION('ref_axis',(-0.707106781186548,0.,-0.707106781186548));
#3390=DIRECTION('',(-0.707106781506298,-4.52129061513398E-10,-0.707106780866797));
#3391=DIRECTION('',(0.707106776339598,-5.94764060578098E-10,-0.707106786033498));
#3392=DIRECTION('center_axis',(-0.499999999999981,0.707106781186574,0.499999999999981));
#3393=DIRECTION('ref_axis',(0.500000000000018,0.707106781186521,-0.500000000000018));
#3394=DIRECTION('',(-0.707106781382197,-2.76753561150499E-10,-0.707106780990898));
#3395=DIRECTION('',(0.499999997143917,0.707106781186524,-0.500000002856117));
#3396=DIRECTION('center_axis',(-0.707106781186548,0.,0.707106781186548));
#3397=DIRECTION('ref_axis',(0.,1.,0.));
#3398=DIRECTION('',(0.707106781250998,-9.11317642668697E-11,0.707106781122098));
#3399=DIRECTION('',(0.,1.,0.));
#3400=DIRECTION('center_axis',(-0.500000000000017,-0.707106781186524,0.500000000000017));
#3401=DIRECTION('ref_axis',(0.499999999999983,-0.707106781186571,-0.499999999999983));
#3402=DIRECTION('',(0.707106781243697,-8.08883741832597E-11,0.707106781129398));
#3403=DIRECTION('',(0.499999997143917,-0.707106781186524,-0.500000002856117));
#3404=DIRECTION('center_axis',(0.,1.,0.));
#3405=DIRECTION('ref_axis',(0.,0.,-1.));
#3406=DIRECTION('center_axis',(0.,1.,0.));
#3407=DIRECTION('ref_axis',(-0.707106781186548,0.,0.707106781186548));
#3408=DIRECTION('center_axis',(0.,1.,0.));
#3409=DIRECTION('ref_axis',(-0.707106781186597,0.,0.707106781186498));
#3410=DIRECTION('',(3.39738867331699E-9,-0.707106781186598,-0.707106781186498));
#3411=DIRECTION('center_axis',(0.,1.,0.));
#3412=DIRECTION('ref_axis',(-0.707106781186548,0.,0.707106781186548));
#3413=DIRECTION('',(0.,1.,0.));
#3414=DIRECTION('center_axis',(0.,-1.,0.));
#3415=DIRECTION('ref_axis',(0.,0.,1.));
#3416=DIRECTION('center_axis',(0.,-1.,0.));
#3417=DIRECTION('ref_axis',(0.,0.,-1.));
#3418=DIRECTION('',(3.39742886768399E-9,0.707106781186598,-0.707106781186498));
#3419=DIRECTION('center_axis',(0.,-1.,0.));
#3420=DIRECTION('ref_axis',(0.,0.,1.));
#3421=DIRECTION('center_axis',(0.,-1.,0.));
#3422=DIRECTION('ref_axis',(0.707106781186548,0.,0.707106781186548));
#3423=DIRECTION('',(5.765616610208E-9,-6.660684452871E-10,-1.));
#3424=DIRECTION('center_axis',(0.,1.,0.));
#3425=DIRECTION('ref_axis',(-0.707106781186498,0.,0.707106781186598));
#3426=DIRECTION('center_axis',(0.,1.,0.));
#3427=DIRECTION('ref_axis',(-0.707106781186548,0.,0.707106781186548));
#3428=DIRECTION('',(0.,1.,0.));
#3429=DIRECTION('center_axis',(0.,1.,0.));
#3430=DIRECTION('ref_axis',(-0.707106781186598,0.,0.707106781186498));
#3431=DIRECTION('center_axis',(0.,-1.,0.));
#3432=DIRECTION('ref_axis',(0.707106781186548,0.,0.707106781186548));
#3433=DIRECTION('',(0.707106776339598,5.94761218407198E-10,-0.707106786033498));
#3434=DIRECTION('',(5.765627978892E-9,6.66071287458E-10,-1.));
#3435=DIRECTION('center_axis',(0.,1.,0.));
#3436=DIRECTION('ref_axis',(1.,0.,0.));
#3437=DIRECTION('',(1.,4.749404166384E-11,4.749413437783E-11));
#3438=DIRECTION('',(1.,0.,0.));
#3439=DIRECTION('',(-3.679490420799E-8,-4.84075713082E-10,0.999999999999999));
#3440=DIRECTION('center_axis',(0.,-0.707106781186548,0.707106781186548));
#3441=DIRECTION('ref_axis',(0.,-0.707106781186548,-0.707106781186548));
#3442=DIRECTION('',(1.,-7.754598545275E-12,-7.753856833315E-12));
#3443=DIRECTION('',(8.67264210265494E-8,-0.707106781186495,-0.707106781186595));
#3444=DIRECTION('center_axis',(0.,0.,1.));
#3445=DIRECTION('ref_axis',(1.,0.,0.));
#3446=DIRECTION('center_axis',(0.,0.,-1.));
#3447=DIRECTION('ref_axis',(0.,1.,0.));
#3448=DIRECTION('center_axis',(0.,0.,1.));
#3449=DIRECTION('ref_axis',(-0.628539361054693,-0.777777777777791,0.));
#3450=DIRECTION('center_axis',(0.,0.,-1.));
#3451=DIRECTION('ref_axis',(-0.628539361054693,0.777777777777791,0.));
#3452=DIRECTION('',(0.999999999999998,4.58529077412599E-8,4.58525585268199E-8));
#3453=DIRECTION('center_axis',(0.,0.,1.));
#3454=DIRECTION('ref_axis',(0.,-1.,0.));
#3455=DIRECTION('',(0.50000000950501,0.866025398296718,-1.09754109049502E-8));
#3456=DIRECTION('center_axis',(0.,0.,-1.));
#3457=DIRECTION('ref_axis',(-0.866025403784429,0.500000000000017,0.));
#3458=DIRECTION('',(1.,3.517159524706E-9,3.517147761447E-9));
#3459=DIRECTION('center_axis',(0.,0.,1.));
#3460=DIRECTION('ref_axis',(0.,-1.,0.));
#3461=DIRECTION('',(0.615661474600095,0.788010754173594,9.20804794380993E-10));
#3462=DIRECTION('center_axis',(0.,0.,1.));
#3463=DIRECTION('ref_axis',(0.788010753606693,-0.615661475325695,0.));
#3464=DIRECTION('',(-1.,2.715287488143E-10,-2.715287035498E-10));
#3465=DIRECTION('center_axis',(0.,0.,1.));
#3466=DIRECTION('ref_axis',(-1.,0.,0.));
#3467=DIRECTION('center_axis',(0.,0.,1.));
#3468=DIRECTION('ref_axis',(-1.,0.,0.));
#3469=DIRECTION('center_axis',(0.,0.,1.));
#3470=DIRECTION('ref_axis',(-1.,0.,0.));
#3471=DIRECTION('center_axis',(0.,0.,1.));
#3472=DIRECTION('ref_axis',(-1.,0.,0.));
#3473=DIRECTION('center_axis',(0.,0.,1.));
#3474=DIRECTION('ref_axis',(-1.,0.,0.));
#3475=DIRECTION('center_axis',(0.,0.,1.));
#3476=DIRECTION('ref_axis',(-1.,0.,0.));
#3477=DIRECTION('center_axis',(0.,0.,1.));
#3478=DIRECTION('ref_axis',(-1.,0.,0.));
#3479=DIRECTION('center_axis',(0.,0.,1.));
#3480=DIRECTION('ref_axis',(-1.,0.,0.));
#3481=DIRECTION('center_axis',(0.,0.,1.));
#3482=DIRECTION('ref_axis',(-1.,0.,0.));
#3483=DIRECTION('center_axis',(0.,0.,1.));
#3484=DIRECTION('ref_axis',(-1.,0.,0.));
#3485=DIRECTION('center_axis',(0.,0.,-1.));
#3486=DIRECTION('ref_axis',(0.,1.,0.));
#3487=DIRECTION('',(-0.615661473332807,-0.788010755163708,2.52895552017703E-9));
#3488=DIRECTION('center_axis',(0.,0.,-1.));
#3489=DIRECTION('ref_axis',(0.788010753606693,-0.615661475325695,0.));
#3490=DIRECTION('',(-1.,-1.926871637941E-9,1.926872930502E-9));
#3491=DIRECTION('center_axis',(0.,0.,-1.));
#3492=DIRECTION('ref_axis',(0.,-1.,0.));
#3493=DIRECTION('',(-0.500000004570601,0.866025401145601,5.27758784935201E-9));
#3494=DIRECTION('center_axis',(0.,0.,-1.));
#3495=DIRECTION('ref_axis',(-0.866025403784429,-0.500000000000017,0.));
#3496=DIRECTION('',(1.,1.07785568382E-9,1.07785279072E-9));
#3497=DIRECTION('center_axis',(0.,0.,1.));
#3498=DIRECTION('ref_axis',(-1.,0.,0.));
#3499=DIRECTION('center_axis',(0.,0.,1.));
#3500=DIRECTION('ref_axis',(-1.,0.,0.));
#3501=DIRECTION('center_axis',(0.,0.,1.));
#3502=DIRECTION('ref_axis',(-1.,0.,0.));
#3503=DIRECTION('',(0.,0.,1.));
#3504=DIRECTION('center_axis',(0.,0.,1.));
#3505=DIRECTION('ref_axis',(-1.,0.,0.));
#3506=DIRECTION('center_axis',(0.,0.,-1.));
#3507=DIRECTION('ref_axis',(-1.,0.,0.));
#3508=DIRECTION('center_axis',(0.,0.,1.));
#3509=DIRECTION('ref_axis',(-1.,0.,0.));
#3510=DIRECTION('center_axis',(0.,0.,-1.));
#3511=DIRECTION('ref_axis',(-1.,0.,0.));
#3512=DIRECTION('',(0.707106781186547,8.65956056235493E-17,0.707106781186547));
#3513=DIRECTION('center_axis',(0.,0.,1.));
#3514=DIRECTION('ref_axis',(-1.,0.,0.));
#3515=DIRECTION('center_axis',(0.,0.,1.));
#3516=DIRECTION('ref_axis',(-1.,0.,0.));
#3517=DIRECTION('',(0.,0.,1.));
#3518=DIRECTION('center_axis',(0.,0.,1.));
#3519=DIRECTION('ref_axis',(1.,0.,0.));
#3520=DIRECTION('center_axis',(0.,0.,-1.));
#3521=DIRECTION('ref_axis',(0.866025403784429,-0.500000000000017,0.));
#3522=DIRECTION('',(1.,0.,0.));
#3523=DIRECTION('center_axis',(0.,0.,1.));
#3524=DIRECTION('ref_axis',(0.,1.,0.));
#3525=DIRECTION('center_axis',(0.,0.,1.));
#3526=DIRECTION('ref_axis',(-0.628539361054693,-0.777777777777791,0.));
#3527=DIRECTION('center_axis',(0.,0.,1.));
#3528=DIRECTION('ref_axis',(0.628539361054693,0.777777777777791,0.));
#3529=DIRECTION('',(-1.,0.,0.));
#3530=DIRECTION('center_axis',(0.,0.,-1.));
#3531=DIRECTION('ref_axis',(0.,1.,0.));
#3532=DIRECTION('',(0.615661475325695,0.788010753606693,0.));
#3533=DIRECTION('center_axis',(0.,0.,-1.));
#3534=DIRECTION('ref_axis',(0.788010753606693,-0.615661475325695,0.));
#3535=DIRECTION('',(1.,0.,0.));
#3536=DIRECTION('center_axis',(0.,0.,1.));
#3537=DIRECTION('ref_axis',(0.,1.,0.));
#3538=DIRECTION('',(0.500000000000017,0.866025403784429,0.));
#3539=DIRECTION('center_axis',(0.,0.,1.));
#3540=DIRECTION('ref_axis',(-1.,0.,0.));
#3541=DIRECTION('center_axis',(0.,0.,1.));
#3542=DIRECTION('ref_axis',(-1.,0.,0.));
#3543=DIRECTION('center_axis',(0.,0.,1.));
#3544=DIRECTION('ref_axis',(-1.,0.,0.));
#3545=DIRECTION('center_axis',(0.,0.,1.));
#3546=DIRECTION('ref_axis',(-1.,0.,0.));
#3547=DIRECTION('center_axis',(0.,0.,1.));
#3548=DIRECTION('ref_axis',(-1.,0.,0.));
#3549=DIRECTION('center_axis',(0.,0.,1.));
#3550=DIRECTION('ref_axis',(-1.,0.,0.));
#3551=DIRECTION('center_axis',(0.,0.,1.));
#3552=DIRECTION('ref_axis',(-1.,0.,0.));
#3553=DIRECTION('center_axis',(0.,0.,1.));
#3554=DIRECTION('ref_axis',(-1.,0.,0.));
#3555=DIRECTION('center_axis',(0.,0.,1.));
#3556=DIRECTION('ref_axis',(-1.,0.,0.));
#3557=DIRECTION('center_axis',(0.,0.,1.));
#3558=DIRECTION('ref_axis',(-1.,0.,0.));
#3559=DIRECTION('',(-0.500000000000017,0.866025403784429,0.));
#3560=DIRECTION('center_axis',(0.,0.,1.));
#3561=DIRECTION('ref_axis',(-0.866025403784429,-0.500000000000017,0.));
#3562=DIRECTION('',(-1.,0.,0.));
#3563=DIRECTION('center_axis',(0.,0.,1.));
#3564=DIRECTION('ref_axis',(0.,-1.,0.));
#3565=DIRECTION('',(-0.615661475325695,-0.788010753606693,0.));
#3566=DIRECTION('center_axis',(0.,0.,1.));
#3567=DIRECTION('ref_axis',(0.788010753606693,-0.615661475325695,0.));
#3568=DIRECTION('',(1.,0.,0.));
#3569=DIRECTION('center_axis',(0.,0.,1.));
#3570=DIRECTION('ref_axis',(0.,1.,0.));
#3571=DIRECTION('center_axis',(0.,0.,1.));
#3572=DIRECTION('ref_axis',(-1.,0.,0.));
#3573=DIRECTION('',(0.,0.,1.));
#3574=DIRECTION('center_axis',(0.,0.,1.));
#3575=DIRECTION('ref_axis',(-1.,0.,0.));
#3576=DIRECTION('center_axis',(0.,0.,1.));
#3577=DIRECTION('ref_axis',(-1.,0.,0.));
#3578=DIRECTION('',(0.707106781186547,8.65956056235493E-17,0.707106781186547));
#3579=DIRECTION('center_axis',(0.,0.,1.));
#3580=DIRECTION('ref_axis',(-1.,0.,0.));
#3581=DIRECTION('center_axis',(0.,0.,1.));
#3582=DIRECTION('ref_axis',(-1.,0.,0.));
#3583=DIRECTION('center_axis',(0.,0.,1.));
#3584=DIRECTION('ref_axis',(-1.,0.,0.));
#3585=DIRECTION('center_axis',(0.,0.,1.));
#3586=DIRECTION('ref_axis',(-1.,0.,0.));
#3587=DIRECTION('',(0.,0.,1.));
#3588=DIRECTION('center_axis',(0.,0.,1.));
#3589=DIRECTION('ref_axis',(-1.,0.,0.));
#3590=DIRECTION('',(0.,0.,1.));
#3591=DIRECTION('center_axis',(0.,0.,1.));
#3592=DIRECTION('ref_axis',(-1.,0.,0.));
#3593=DIRECTION('center_axis',(0.,0.,1.));
#3594=DIRECTION('ref_axis',(-1.,0.,0.));
#3595=DIRECTION('',(0.707106781186547,8.65956056235493E-17,0.707106781186547));
#3596=DIRECTION('center_axis',(0.,0.,1.));
#3597=DIRECTION('ref_axis',(-1.,0.,0.));
#3598=DIRECTION('center_axis',(0.,0.,1.));
#3599=DIRECTION('ref_axis',(-1.,0.,0.));
#3600=DIRECTION('center_axis',(0.,0.,1.));
#3601=DIRECTION('ref_axis',(-1.,0.,0.));
#3602=DIRECTION('center_axis',(0.,0.,1.));
#3603=DIRECTION('ref_axis',(-1.,0.,0.));
#3604=DIRECTION('',(0.,0.,1.));
#3605=DIRECTION('center_axis',(0.,0.,1.));
#3606=DIRECTION('ref_axis',(-1.,0.,0.));
#3607=DIRECTION('',(0.,0.,1.));
#3608=DIRECTION('center_axis',(0.,0.,1.));
#3609=DIRECTION('ref_axis',(-1.,0.,0.));
#3610=DIRECTION('center_axis',(0.,0.,1.));
#3611=DIRECTION('ref_axis',(-1.,0.,0.));
#3612=DIRECTION('',(0.707106781186547,8.65956056235493E-17,0.707106781186547));
#3613=DIRECTION('center_axis',(0.,0.,1.));
#3614=DIRECTION('ref_axis',(-1.,0.,0.));
#3615=DIRECTION('center_axis',(0.,0.,1.));
#3616=DIRECTION('ref_axis',(-1.,0.,0.));
#3617=DIRECTION('center_axis',(0.,0.,1.));
#3618=DIRECTION('ref_axis',(-1.,0.,0.));
#3619=DIRECTION('center_axis',(0.,0.,1.));
#3620=DIRECTION('ref_axis',(-1.,0.,0.));
#3621=DIRECTION('',(0.,0.,1.));
#3622=DIRECTION('center_axis',(0.,0.,1.));
#3623=DIRECTION('ref_axis',(-1.,0.,0.));
#3624=DIRECTION('',(0.,0.,1.));
#3625=DIRECTION('center_axis',(0.,0.,1.));
#3626=DIRECTION('ref_axis',(-1.,0.,0.));
#3627=DIRECTION('center_axis',(0.,0.,1.));
#3628=DIRECTION('ref_axis',(-1.,0.,0.));
#3629=DIRECTION('',(0.707106781186547,8.65956056235493E-17,0.707106781186547));
#3630=DIRECTION('center_axis',(0.,0.,1.));
#3631=DIRECTION('ref_axis',(-1.,0.,0.));
#3632=DIRECTION('',(0.,0.,1.));
#3633=DIRECTION('center_axis',(0.,0.,1.));
#3634=DIRECTION('ref_axis',(-1.,0.,0.));
#3635=DIRECTION('center_axis',(0.,0.,1.));
#3636=DIRECTION('ref_axis',(-1.,0.,0.));
#3637=DIRECTION('',(0.707106781186547,8.65956056235493E-17,0.707106781186547));
#3638=DIRECTION('center_axis',(0.,0.,1.));
#3639=DIRECTION('ref_axis',(-1.,0.,0.));
#3640=DIRECTION('',(0.,0.,1.));
#3641=DIRECTION('center_axis',(0.,0.,1.));
#3642=DIRECTION('ref_axis',(-1.,0.,0.));
#3643=DIRECTION('center_axis',(0.,0.,1.));
#3644=DIRECTION('ref_axis',(-1.,0.,0.));
#3645=DIRECTION('',(0.707106781186547,8.65956056235493E-17,0.707106781186547));
#3646=DIRECTION('center_axis',(0.,0.,1.));
#3647=DIRECTION('ref_axis',(-1.,0.,0.));
#3648=DIRECTION('',(0.,0.,1.));
#3649=DIRECTION('center_axis',(0.,0.,1.));
#3650=DIRECTION('ref_axis',(-1.,0.,0.));
#3651=DIRECTION('center_axis',(0.,0.,1.));
#3652=DIRECTION('ref_axis',(-1.,0.,0.));
#3653=DIRECTION('',(0.707106781186547,8.65956056235493E-17,0.707106781186547));
#3654=DIRECTION('center_axis',(0.,0.,1.));
#3655=DIRECTION('ref_axis',(-1.,0.,0.));
#3656=DIRECTION('',(0.,0.,1.));
#3657=DIRECTION('center_axis',(0.,0.,1.));
#3658=DIRECTION('ref_axis',(-1.,0.,0.));
#3659=DIRECTION('center_axis',(0.,0.,1.));
#3660=DIRECTION('ref_axis',(-1.,0.,0.));
#3661=DIRECTION('',(0.707106781186547,8.65956056235493E-17,0.707106781186547));
#3662=DIRECTION('center_axis',(0.,0.,1.));
#3663=DIRECTION('ref_axis',(-1.,0.,0.));
#3664=DIRECTION('center_axis',(0.,0.,1.));
#3665=DIRECTION('ref_axis',(-1.,0.,0.));
#3666=DIRECTION('center_axis',(0.,0.,1.));
#3667=DIRECTION('ref_axis',(-1.,0.,0.));
#3668=DIRECTION('center_axis',(0.,0.,1.));
#3669=DIRECTION('ref_axis',(-1.,0.,0.));
#3670=DIRECTION('',(0.,0.,1.));
#3671=DIRECTION('center_axis',(0.,0.,1.));
#3672=DIRECTION('ref_axis',(-1.,0.,0.));
#3673=DIRECTION('',(0.,0.,1.));
#3674=DIRECTION('center_axis',(0.,0.,1.));
#3675=DIRECTION('ref_axis',(-1.,0.,0.));
#3676=DIRECTION('center_axis',(0.,0.,1.));
#3677=DIRECTION('ref_axis',(-1.,0.,0.));
#3678=DIRECTION('',(0.707106781186547,8.65956056235493E-17,0.707106781186547));
#3679=DIRECTION('center_axis',(0.,0.,1.));
#3680=DIRECTION('ref_axis',(-1.,0.,0.));
#3681=DIRECTION('center_axis',(0.,0.,1.));
#3682=DIRECTION('ref_axis',(-1.,0.,0.));
#3683=DIRECTION('center_axis',(0.,0.,1.));
#3684=DIRECTION('ref_axis',(-1.,0.,0.));
#3685=DIRECTION('center_axis',(0.,0.,1.));
#3686=DIRECTION('ref_axis',(-1.,0.,0.));
#3687=DIRECTION('',(0.,0.,1.));
#3688=DIRECTION('center_axis',(0.,0.,1.));
#3689=DIRECTION('ref_axis',(-1.,0.,0.));
#3690=DIRECTION('',(0.,0.,1.));
#3691=DIRECTION('center_axis',(0.,0.,1.));
#3692=DIRECTION('ref_axis',(-1.,0.,0.));
#3693=DIRECTION('center_axis',(0.,0.,1.));
#3694=DIRECTION('ref_axis',(-1.,0.,0.));
#3695=DIRECTION('',(0.707106781186547,8.65956056235493E-17,0.707106781186547));
#3696=DIRECTION('center_axis',(0.,0.,1.));
#3697=DIRECTION('ref_axis',(-1.,0.,0.));
#3698=DIRECTION('center_axis',(0.,0.,1.));
#3699=DIRECTION('ref_axis',(-1.,0.,0.));
#3700=DIRECTION('center_axis',(0.,0.,1.));
#3701=DIRECTION('ref_axis',(-1.,0.,0.));
#3702=DIRECTION('center_axis',(0.,0.,1.));
#3703=DIRECTION('ref_axis',(-1.,0.,0.));
#3704=DIRECTION('',(0.,0.,1.));
#3705=DIRECTION('center_axis',(0.,0.,-1.));
#3706=DIRECTION('ref_axis',(0.866025403784429,-0.500000000000017,0.));
#3707=DIRECTION('center_axis',(0.,0.,1.));
#3708=DIRECTION('ref_axis',(0.,-1.,0.));
#3709=DIRECTION('',(9.38112851044696E-8,-1.17408289710799E-8,-0.999999999999996));
#3710=DIRECTION('',(-9.35063502761581E-8,-1.79717890882996E-7,-0.999999999999979));
#3711=DIRECTION('center_axis',(0.,0.,-1.));
#3712=DIRECTION('ref_axis',(0.,-1.,0.));
#3713=DIRECTION('',(8.84461254430756E-8,-0.707106781186545,-0.707106781186545));
#3714=DIRECTION('',(0.612372340286598,-0.353553555846899,-0.707106781186497));
#3715=DIRECTION('center_axis',(0.612372435695813,-0.353553390593307,0.707106781186515));
#3716=DIRECTION('ref_axis',(0.612372435695756,-0.353553390593275,-0.70710678118658));
#3717=DIRECTION('',(0.500000007015785,0.866025399733873,-8.10115561475575E-9));
#3718=DIRECTION('',(0.612372527641942,-0.353553231337824,-0.707106781186549));
#3719=DIRECTION('center_axis',(0.,0.,1.));
#3720=DIRECTION('ref_axis',(-0.499999976187553,0.866025417532561,0.));
#3721=DIRECTION('center_axis',(0.,0.,-1.));
#3722=DIRECTION('ref_axis',(-0.866025403784429,0.500000000000017,0.));
#3723=DIRECTION('',(-4.17203843654492E-7,-0.707106781186486,-0.707106781186486));
#3724=DIRECTION('center_axis',(0.,-0.707106781186548,0.707106781186548));
#3725=DIRECTION('ref_axis',(0.,-0.707106781186548,-0.707106781186548));
#3726=DIRECTION('',(1.,2.520126267089E-9,2.520118793565E-9));
#3727=DIRECTION('',(0.,-0.707106781186548,-0.707106781186548));
#3728=DIRECTION('center_axis',(0.,0.,-1.));
#3729=DIRECTION('ref_axis',(0.,-1.,0.));
#3730=DIRECTION('center_axis',(0.,0.,1.));
#3731=DIRECTION('ref_axis',(0.,-1.,0.));
#3732=DIRECTION('',(0.557207747523187,-0.43533840411809,-0.707106781186583));
#3733=DIRECTION('center_axis',(0.557207747523226,-0.435338404118121,0.707106781186534));
#3734=DIRECTION('ref_axis',(0.557207747523204,-0.435338404118104,-0.707106781186562));
#3735=DIRECTION('',(0.615661474734714,0.788010754068418,7.49963065162417E-10));
#3736=DIRECTION('',(0.557207721306934,-0.435338437673427,-0.707106781186543));
#3737=DIRECTION('center_axis',(0.,0.,-1.));
#3738=DIRECTION('ref_axis',(0.898794038788106,0.438371162189035,0.));
#3739=DIRECTION('center_axis',(0.,0.,1.));
#3740=DIRECTION('ref_axis',(0.788010753606693,-0.615661475325695,0.));
#3741=DIRECTION('',(4.40876055612799E-9,0.707106781186498,-0.707106781186597));
#3742=DIRECTION('center_axis',(0.,0.707106781186548,0.707106781186548));
#3743=DIRECTION('ref_axis',(0.,0.707106781186548,-0.707106781186548));
#3744=DIRECTION('',(-1.,2.267977118352E-10,-2.26797721894E-10));
#3745=DIRECTION('center_axis',(0.,-1.,0.));
#3746=DIRECTION('ref_axis',(-1.,0.,0.));
#3747=DIRECTION('',(6.234923642662E-9,7.344306087083E-9,-1.));
#3748=DIRECTION('center_axis',(0.,0.,-1.));
#3749=DIRECTION('ref_axis',(0.,1.,0.));
#3750=DIRECTION('',(-3.22395931970899E-8,-5.12325922539399E-8,-0.999999999999998));
#3751=DIRECTION('center_axis',(-0.788010753606693,0.615661475325695,0.));
#3752=DIRECTION('ref_axis',(0.615661475325695,0.788010753606693,0.));
#3753=DIRECTION('',(1.705154949294E-8,2.060853601782E-8,-1.));
#3754=DIRECTION('center_axis',(0.,0.,-1.));
#3755=DIRECTION('ref_axis',(0.788010753606693,-0.615661475325695,0.));
#3756=DIRECTION('',(7.03045817016E-9,-1.460023213227E-10,-1.));
#3757=DIRECTION('center_axis',(0.,1.,0.));
#3758=DIRECTION('ref_axis',(1.,0.,0.));
#3759=DIRECTION('',(2.95007661666487E-7,-1.32117067477494E-8,0.999999999999956));
#3760=DIRECTION('center_axis',(0.,0.,1.));
#3761=DIRECTION('ref_axis',(0.,1.,0.));
#3762=DIRECTION('',(-5.00228546363196E-8,-1.21266722142799E-7,0.999999999999991));
#3763=DIRECTION('center_axis',(-0.866025403784429,0.500000000000017,0.));
#3764=DIRECTION('ref_axis',(0.500000000000017,0.866025403784429,0.));
#3765=DIRECTION('center_axis',(0.,-0.707106781186548,0.707106781186548));
#3766=DIRECTION('ref_axis',(0.,-0.707106781186548,-0.707106781186548));
#3767=DIRECTION('',(5.19425737182202E-7,-0.707106781186302,-0.707106781186602));
#3768=DIRECTION('',(0.999999999999999,3.229958382891E-8,3.229937013498E-8));
#3769=DIRECTION('center_axis',(0.,1.,0.));
#3770=DIRECTION('ref_axis',(1.,0.,0.));
#3771=DIRECTION('',(-2.20373665807695E-7,-7.26855949604982E-9,0.999999999999976));
#3772=DIRECTION('center_axis',(0.,0.,1.));
#3773=DIRECTION('ref_axis',(0.,1.,0.));
#3774=DIRECTION('center_axis',(0.,0.,-1.));
#3775=DIRECTION('ref_axis',(-0.628539361054693,0.777777777777791,0.));
#3776=DIRECTION('',(-7.679619784226E-9,-6.153643994116E-9,1.));
#3777=DIRECTION('center_axis',(0.,0.,1.));
#3778=DIRECTION('ref_axis',(0.,-1.,0.));
#3779=DIRECTION('',(0.444444489168187,-0.549971904780584,-0.70710678118658));
#3780=DIRECTION('center_axis',(0.,0.,-1.));
#3781=DIRECTION('ref_axis',(0.,-1.,0.));
#3782=DIRECTION('',(-0.444444017746485,-0.549972285746582,-0.707106781186577));
#3783=DIRECTION('center_axis',(0.,0.,1.));
#3784=DIRECTION('ref_axis',(-0.628539361054693,-0.777777777777791,0.));
#3785=DIRECTION('center_axis',(0.,0.,1.));
#3786=DIRECTION('ref_axis',(-0.64992307237089,-0.759999999999989,0.));
#3787=DIRECTION('',(-1.96707811940994E-7,1.50025872946295E-7,0.999999999999969));
#3788=DIRECTION('center_axis',(0.,0.,1.));
#3789=DIRECTION('ref_axis',(0.628539361054693,0.777777777777791,0.));
#3790=DIRECTION('center_axis',(0.,0.,-1.));
#3791=DIRECTION('ref_axis',(0.,1.,0.));
#3792=DIRECTION('center_axis',(0.,0.,1.));
#3793=DIRECTION('ref_axis',(0.333333159275546,0.942809103120766,0.));
#3794=DIRECTION('center_axis',(-0.866025403784429,-0.500000000000017,0.));
#3795=DIRECTION('ref_axis',(-0.500000000000017,0.866025403784429,0.));
#3796=DIRECTION('',(-0.500000002448498,0.866025402370798,2.82727911862999E-9));
#3797=DIRECTION('',(1.39858945808595E-7,-2.16116784182793E-7,0.999999999999967));
#3798=DIRECTION('',(-4.034621525779E-10,7.073310825975E-10,1.));
#3799=DIRECTION('center_axis',(0.612372435695813,0.353553390593307,0.707106781186515));
#3800=DIRECTION('ref_axis',(0.612372435695756,0.353553390593275,-0.70710678118658));
#3801=DIRECTION('',(0.612372278142994,0.353553663482497,-0.707106781186593));
#3802=DIRECTION('',(0.612372436194836,0.353553389728921,-0.707106781186541));
#3803=DIRECTION('center_axis',(0.,0.,1.));
#3804=DIRECTION('ref_axis',(0.,-1.,0.));
#3805=DIRECTION('center_axis',(0.,0.,-1.));
#3806=DIRECTION('ref_axis',(-0.866025403784429,-0.500000000000017,0.));
#3807=DIRECTION('',(9.22764697379293E-8,-0.707106781186495,-0.707106781186595));
#3808=DIRECTION('center_axis',(0.,-0.707106781186548,0.707106781186548));
#3809=DIRECTION('ref_axis',(0.,-0.707106781186548,-0.707106781186548));
#3810=DIRECTION('',(1.,5.774232999263E-10,5.774211830236E-10));
#3811=DIRECTION('',(-2.08052600076414E-8,-0.707106781186547,-0.707106781186547));
#3812=DIRECTION('center_axis',(0.,0.,1.));
#3813=DIRECTION('ref_axis',(0.,-1.,0.));
#3814=DIRECTION('center_axis',(0.,0.,-1.));
#3815=DIRECTION('ref_axis',(0.,1.,0.));
#3816=DIRECTION('',(-0.55720784788366,0.435338275662569,-0.707106781186549));
#3817=DIRECTION('center_axis',(-0.557207747523226,0.435338404118121,0.707106781186534));
#3818=DIRECTION('ref_axis',(-0.557207747523204,0.435338404118103,-0.707106781186562));
#3819=DIRECTION('',(-0.615661474258095,-0.788010754440794,1.35479744190299E-9));
#3820=DIRECTION('',(-0.557207747270566,0.435338404441473,-0.707106781186557));
#3821=DIRECTION('center_axis',(0.,0.,1.));
#3822=DIRECTION('ref_axis',(0.,-1.,0.));
#3823=DIRECTION('center_axis',(0.,0.,-1.));
#3824=DIRECTION('ref_axis',(0.788010753606693,-0.615661475325695,0.));
#3825=DIRECTION('',(-5.29556791564335E-8,0.707106781186546,-0.707106781186546));
#3826=DIRECTION('center_axis',(0.,0.707106781186548,0.707106781186548));
#3827=DIRECTION('ref_axis',(0.,0.707106781186548,-0.707106781186548));
#3828=DIRECTION('',(-1.,-1.032253947622E-9,1.032254464646E-9));
#3829=DIRECTION('',(6.78609159908144E-8,0.707106781186546,-0.707106781186546));
#3830=DIRECTION('center_axis',(0.,0.,1.));
#3831=DIRECTION('ref_axis',(0.,-1.,0.));
#3832=DIRECTION('center_axis',(0.,0.,-1.));
#3833=DIRECTION('ref_axis',(0.,-1.,0.));
#3834=DIRECTION('center_axis',(0.,0.,1.));
#3835=DIRECTION('ref_axis',(-0.866025403784429,-0.500000000000017,0.));
#3836=DIRECTION('',(-5.53672112964499E-8,6.54601706602199E-10,0.999999999999998));
#3837=DIRECTION('center_axis',(0.,-1.,0.));
#3838=DIRECTION('ref_axis',(-1.,0.,0.));
#3839=DIRECTION('',(4.320613562478E-8,1.54124535594E-9,0.999999999999999));
#3840=DIRECTION('center_axis',(0.,0.,1.));
#3841=DIRECTION('ref_axis',(0.,-1.,0.));
#3842=DIRECTION('',(-2.062012782744E-10,-2.638174123604E-10,1.));
#3843=DIRECTION('center_axis',(0.788010753606693,-0.615661475325695,0.));
#3844=DIRECTION('ref_axis',(-0.615661475325695,-0.788010753606693,0.));
#3845=DIRECTION('',(7.64640587221293E-8,1.09039874768799E-7,0.999999999999991));
#3846=DIRECTION('center_axis',(0.,0.,1.));
#3847=DIRECTION('ref_axis',(0.788010753606693,-0.615661475325695,0.));
#3848=DIRECTION('',(1.697485352643E-8,-2.131841370556E-10,1.));
#3849=DIRECTION('center_axis',(0.,1.,0.));
#3850=DIRECTION('ref_axis',(1.,0.,0.));
#3851=DIRECTION('',(-7.52876732744598E-8,-3.84717681415499E-9,0.999999999999997));
#3852=DIRECTION('center_axis',(0.,0.,1.));
#3853=DIRECTION('ref_axis',(0.,1.,0.));
#3854=DIRECTION('center_axis',(0.,-1.,0.));
#3855=DIRECTION('ref_axis',(0.707106781186548,0.,0.707106781186548));
#3856=DIRECTION('',(-0.707106783328297,3.79912989941799E-11,0.707106779044797));
#3857=DIRECTION('center_axis',(0.,1.,0.));
#3858=DIRECTION('ref_axis',(1.,0.,0.));
#3859=DIRECTION('',(-1.127951347082E-8,2.674994441015E-9,1.));
#3860=DIRECTION('center_axis',(0.,1.,0.));
#3861=DIRECTION('ref_axis',(1.,0.,0.));
#3862=DIRECTION('',(-7.189885307909E-9,1.996795617344E-10,1.));
#3863=DIRECTION('center_axis',(0.,1.,0.));
#3864=DIRECTION('ref_axis',(0.707106781186548,0.,-0.707106781186548));
#3865=DIRECTION('center_axis',(0.,-1.,0.));
#3866=DIRECTION('ref_axis',(-0.707106781186498,0.,-0.707106781186598));
#3867=DIRECTION('',(0.707106776124497,2.94204197915199E-9,0.707106786248598));
#3868=DIRECTION('center_axis',(0.,-1.,0.));
#3869=DIRECTION('ref_axis',(-0.707106781186548,0.,-0.707106781186548));
#3870=DIRECTION('center_axis',(0.,-1.,0.));
#3871=DIRECTION('ref_axis',(0.,0.,-1.));
#3872=DIRECTION('center_axis',(0.,-1.,0.));
#3873=DIRECTION('ref_axis',(-0.707106781186598,0.,-0.707106781186498));
#3874=DIRECTION('',(-0.500000008948617,-0.707106781186524,-0.499999991051417));
#3875=DIRECTION('center_axis',(0.,-1.,0.));
#3876=DIRECTION('ref_axis',(-0.707106781186548,0.,-0.707106781186548));
#3877=DIRECTION('center_axis',(0.,1.,0.));
#3878=DIRECTION('ref_axis',(0.,0.,-1.));
#3879=DIRECTION('',(-1.650740171493E-10,-1.,2.967075246748E-10));
#3880=DIRECTION('center_axis',(0.707106781186548,0.,0.707106781186548));
#3881=DIRECTION('ref_axis',(0.,-1.,0.));
#3882=DIRECTION('',(0.707106781382197,2.76752834488499E-10,-0.707106780990898));
#3883=DIRECTION('',(-0.707106781250998,9.11321275978397E-11,0.707106781122098));
#3884=DIRECTION('',(0.,-1.,0.));
#3885=DIRECTION('center_axis',(0.500000000000017,-0.707106781186524,0.500000000000017));
#3886=DIRECTION('ref_axis',(-0.499999999999983,-0.707106781186571,-0.499999999999983));
#3887=DIRECTION('',(-0.499999997143806,-0.707106781186609,-0.500000002856106));
#3888=DIRECTION('',(0.707106781506298,4.52129424844398E-10,-0.707106780866797));
#3889=DIRECTION('center_axis',(0.,-1.,0.));
#3890=DIRECTION('ref_axis',(0.707106781186548,0.,-0.707106781186548));
#3891=DIRECTION('',(-0.707106776339598,5.94761218407198E-10,-0.707106786033498));
#3892=DIRECTION('',(0.707106781186548,0.,-0.707106781186548));
#3893=DIRECTION('center_axis',(0.707106781186548,0.,0.707106781186548));
#3894=DIRECTION('ref_axis',(0.,-1.,0.));
#3895=DIRECTION('',(0.,-1.,0.));
#3896=DIRECTION('',(0.,-1.,0.));
#3897=DIRECTION('',(-0.707106781186548,0.,0.707106781186548));
#3898=DIRECTION('center_axis',(0.,-1.,0.));
#3899=DIRECTION('ref_axis',(-0.707106781186548,0.,-0.707106781186548));
#3900=DIRECTION('center_axis',(0.,1.,0.));
#3901=DIRECTION('ref_axis',(0.,0.,-1.));
#3902=DIRECTION('center_axis',(0.,-1.,0.));
#3903=DIRECTION('ref_axis',(-1.,0.,0.));
#3904=DIRECTION('center_axis',(0.,1.,0.));
#3905=DIRECTION('ref_axis',(0.,0.,-1.));
#3906=DIRECTION('',(0.707106783328297,-3.79827724813499E-11,0.707106779044797));
#3907=DIRECTION('center_axis',(0.,1.,0.));
#3908=DIRECTION('ref_axis',(0.,0.,-1.));
#3909=DIRECTION('',(-0.499999996213992,0.707106781186489,-0.500000003786092));
#3910=DIRECTION('center_axis',(0.500000000000017,0.707106781186524,0.500000000000017));
#3911=DIRECTION('ref_axis',(-0.499999999999983,0.707106781186571,-0.499999999999983));
#3912=DIRECTION('',(-0.707106781243697,8.08883741832597E-11,0.707106781129398));
#3913=DIRECTION('',(-0.499999997143881,0.707106781186574,-0.500000002856081));
#3914=DIRECTION('center_axis',(0.,-1.,0.));
#3915=DIRECTION('ref_axis',(0.,0.,-1.));
#3916=DIRECTION('center_axis',(0.,-1.,0.));
#3917=DIRECTION('ref_axis',(0.707106781186548,0.,0.707106781186548));
#3918=DIRECTION('center_axis',(0.,-1.,0.));
#3919=DIRECTION('ref_axis',(0.707106781186597,0.,0.707106781186498));
#3920=DIRECTION('',(-3.39746906205099E-9,0.707106781186598,-0.707106781186498));
#3921=DIRECTION('center_axis',(0.,-1.,0.));
#3922=DIRECTION('ref_axis',(0.707106781186548,0.,0.707106781186548));
#3923=DIRECTION('center_axis',(0.,1.,0.));
#3924=DIRECTION('ref_axis',(0.,0.,1.));
#3925=DIRECTION('',(0.,-1.,0.));
#3926=DIRECTION('center_axis',(0.,1.,0.));
#3927=DIRECTION('ref_axis',(0.,0.,-1.));
#3928=DIRECTION('',(-3.39738867331723E-9,-0.707106781186547,-0.707106781186547));
#3929=DIRECTION('center_axis',(0.,1.,0.));
#3930=DIRECTION('ref_axis',(0.,0.,1.));
#3931=DIRECTION('center_axis',(0.,1.,0.));
#3932=DIRECTION('ref_axis',(-0.707106781186548,0.,0.707106781186548));
#3933=DIRECTION('',(-5.765616610208E-9,6.660684452871E-10,-1.));
#3934=DIRECTION('center_axis',(0.,-1.,0.));
#3935=DIRECTION('ref_axis',(0.707106781186598,0.,0.707106781186498));
#3936=DIRECTION('center_axis',(0.,-1.,0.));
#3937=DIRECTION('ref_axis',(0.707106781186548,0.,0.707106781186548));
#3938=DIRECTION('',(0.,-1.,0.));
#3939=DIRECTION('center_axis',(0.,-1.,0.));
#3940=DIRECTION('ref_axis',(0.707106781186598,0.,0.707106781186498));
#3941=DIRECTION('center_axis',(0.,1.,0.));
#3942=DIRECTION('ref_axis',(-0.707106781186548,0.,0.707106781186548));
#3943=DIRECTION('',(-0.707106776339598,-5.94764060578098E-10,-0.707106786033498));
#3944=DIRECTION('',(-5.765627978892E-9,-6.660684452871E-10,-1.));
#3945=DIRECTION('center_axis',(0.,-1.,0.));
#3946=DIRECTION('ref_axis',(-1.,0.,0.));
#3947=DIRECTION('',(-1.,-2.143118074733E-11,2.143176942288E-11));
#3948=DIRECTION('',(-1.,0.,0.));
#3949=DIRECTION('',(6.07315087317E-10,3.427089724293E-10,1.));
#3950=DIRECTION('center_axis',(0.,0.707106781186548,0.707106781186548));
#3951=DIRECTION('ref_axis',(0.,0.707106781186548,-0.707106781186548));
#3952=DIRECTION('',(-1.,-1.970377121601E-11,1.970380653654E-11));
#3953=DIRECTION('',(-8.58873233411797E-10,0.707106781186598,-0.707106781186498));
#3954=DIRECTION('center_axis',(0.,0.,1.));
#3955=DIRECTION('ref_axis',(1.,0.,0.));
#3956=DIRECTION('center_axis',(0.,0.,1.));
#3957=DIRECTION('ref_axis',(-0.458537527713686,-0.888675045040773,0.));
#3958=DIRECTION('center_axis',(0.,0.,1.));
#3959=DIRECTION('ref_axis',(0.80913822277471,-0.587618359520007,0.));
#3960=DIRECTION('center_axis',(0.,0.,1.));
#3961=DIRECTION('ref_axis',(0.80913822277471,-0.587618359520007,0.));
#3962=DIRECTION('center_axis',(0.,0.,1.));
#3963=DIRECTION('ref_axis',(0.540346400858065,-0.841442670108746,0.));
#3964=DIRECTION('center_axis',(0.,0.,-1.));
#3965=DIRECTION('ref_axis',(-0.657738039589595,0.753246753246794,0.));
#3966=DIRECTION('',(1.,6.195309730204E-10,6.195292459463E-10));
#3967=DIRECTION('center_axis',(0.,0.,-1.));
#3968=DIRECTION('ref_axis',(0.,-1.,0.));
#3969=DIRECTION('center_axis',(0.,0.,1.));
#3970=DIRECTION('ref_axis',(0.593010392562618,0.805194805194824,0.));
#3971=DIRECTION('center_axis',(0.,0.,1.));
#3972=DIRECTION('ref_axis',(0.104323315687396,0.994543435855864,0.));
#3973=DIRECTION('center_axis',(0.,0.,1.));
#3974=DIRECTION('ref_axis',(0.104323315687396,0.994543435855864,0.));
#3975=DIRECTION('center_axis',(0.,0.,1.));
#3976=DIRECTION('ref_axis',(0.458537527713806,0.888675045040711,0.));
#3977=DIRECTION('center_axis',(0.,0.,1.));
#3978=DIRECTION('ref_axis',(-0.809138222774498,0.587618359520299,0.));
#3979=DIRECTION('center_axis',(0.,0.,1.));
#3980=DIRECTION('ref_axis',(-0.809138222774498,0.587618359520299,0.));
#3981=DIRECTION('center_axis',(0.,0.,1.));
#3982=DIRECTION('ref_axis',(-0.540346400857504,0.841442670109106,0.));
#3983=DIRECTION('center_axis',(0.,0.,1.));
#3984=DIRECTION('ref_axis',(-0.913461538461538,-0.406925076336517,0.));
#3985=DIRECTION('center_axis',(0.,0.,1.));
#3986=DIRECTION('ref_axis',(-0.913461538461538,-0.406925076336517,0.));
#3987=DIRECTION('center_axis',(0.,0.,1.));
#3988=DIRECTION('ref_axis',(-0.998883928571441,-0.0472323749316519,0.));
#3989=DIRECTION('center_axis',(0.,0.,1.));
#3990=DIRECTION('ref_axis',(-0.104323315687396,-0.994543435855864,0.));
#3991=DIRECTION('center_axis',(0.,0.,1.));
#3992=DIRECTION('ref_axis',(-0.104323315687396,-0.994543435855864,0.));
#3993=DIRECTION('center_axis',(0.,0.,1.));
#3994=DIRECTION('ref_axis',(-1.,0.,0.));
#3995=DIRECTION('center_axis',(0.,0.,1.));
#3996=DIRECTION('ref_axis',(-1.,0.,0.));
#3997=DIRECTION('center_axis',(0.,0.,1.));
#3998=DIRECTION('ref_axis',(-1.,0.,0.));
#3999=DIRECTION('center_axis',(0.,0.,-1.));
#4000=DIRECTION('ref_axis',(0.999671214852201,0.02564102564103,0.));
#4001=DIRECTION('center_axis',(0.,0.,-1.));
#4002=DIRECTION('ref_axis',(0.,-1.,0.));
#4003=DIRECTION('',(0.,0.,-1.));
#4004=DIRECTION('center_axis',(0.,0.,1.));
#4005=DIRECTION('ref_axis',(-0.02564102564102,-0.999671214852202,0.));
#4006=DIRECTION('center_axis',(0.,0.,1.));
#4007=DIRECTION('ref_axis',(1.,0.,0.));
#4008=DIRECTION('center_axis',(0.,0.,1.));
#4009=DIRECTION('ref_axis',(0.593010392562618,0.805194805194824,0.));
#4010=DIRECTION('center_axis',(0.,0.,1.));
#4011=DIRECTION('ref_axis',(-0.593010392562618,-0.805194805194824,0.));
#4012=DIRECTION('',(1.,0.,0.));
#4013=DIRECTION('center_axis',(0.,0.,1.));
#4014=DIRECTION('ref_axis',(0.,1.,0.));
#4015=DIRECTION('center_axis',(0.,0.,1.));
#4016=DIRECTION('ref_axis',(-1.,0.,0.));
#4017=DIRECTION('center_axis',(0.,0.,1.));
#4018=DIRECTION('ref_axis',(-1.,0.,0.));
#4019=DIRECTION('center_axis',(0.,0.,1.));
#4020=DIRECTION('ref_axis',(-1.,0.,0.));
#4021=DIRECTION('center_axis',(0.,0.,1.));
#4022=DIRECTION('ref_axis',(-1.,0.,0.));
#4023=DIRECTION('center_axis',(0.,0.,1.));
#4024=DIRECTION('ref_axis',(-1.,0.,0.));
#4025=DIRECTION('center_axis',(0.,0.,1.));
#4026=DIRECTION('ref_axis',(-1.,0.,0.));
#4027=DIRECTION('center_axis',(0.,0.,1.));
#4028=DIRECTION('ref_axis',(-1.,0.,0.));
#4029=DIRECTION('center_axis',(0.,0.,1.));
#4030=DIRECTION('ref_axis',(-1.,0.,0.));
#4031=DIRECTION('center_axis',(0.,0.,1.));
#4032=DIRECTION('ref_axis',(-1.,0.,0.));
#4033=DIRECTION('',(0.,0.,1.));
#4034=DIRECTION('center_axis',(0.,0.,1.));
#4035=DIRECTION('ref_axis',(-1.,0.,0.));
#4036=DIRECTION('center_axis',(0.,0.,1.));
#4037=DIRECTION('ref_axis',(-1.,0.,0.));
#4038=DIRECTION('',(0.707106781186547,8.65956056235493E-17,0.707106781186547));
#4039=DIRECTION('center_axis',(0.,0.,1.));
#4040=DIRECTION('ref_axis',(-1.,0.,0.));
#4041=DIRECTION('center_axis',(0.,0.,1.));
#4042=DIRECTION('ref_axis',(-1.,0.,0.));
#4043=DIRECTION('center_axis',(0.,0.,1.));
#4044=DIRECTION('ref_axis',(-1.,0.,0.));
#4045=DIRECTION('center_axis',(0.,0.,1.));
#4046=DIRECTION('ref_axis',(-1.,0.,0.));
#4047=DIRECTION('',(0.,0.,1.));
#4048=DIRECTION('center_axis',(0.,0.,1.));
#4049=DIRECTION('ref_axis',(-1.,0.,0.));
#4050=DIRECTION('',(0.,0.,1.));
#4051=DIRECTION('center_axis',(0.,0.,1.));
#4052=DIRECTION('ref_axis',(-1.,0.,0.));
#4053=DIRECTION('center_axis',(0.,0.,1.));
#4054=DIRECTION('ref_axis',(-1.,0.,0.));
#4055=DIRECTION('',(0.707106781186547,8.65956056235493E-17,0.707106781186547));
#4056=DIRECTION('center_axis',(0.,0.,1.));
#4057=DIRECTION('ref_axis',(-1.,0.,0.));
#4058=DIRECTION('center_axis',(0.,0.,1.));
#4059=DIRECTION('ref_axis',(-1.,0.,0.));
#4060=DIRECTION('center_axis',(0.,0.,1.));
#4061=DIRECTION('ref_axis',(-1.,0.,0.));
#4062=DIRECTION('center_axis',(0.,0.,1.));
#4063=DIRECTION('ref_axis',(-1.,0.,0.));
#4064=DIRECTION('',(0.,0.,1.));
#4065=DIRECTION('center_axis',(0.,0.,-1.));
#4066=DIRECTION('ref_axis',(-0.999138763923103,-0.0414937396026679,0.));
#4067=DIRECTION('center_axis',(0.,0.,-1.));
#4068=DIRECTION('ref_axis',(0.657738039589914,-0.753246753246516,0.));
#4069=DIRECTION('',(0.465090656608578,-0.532626211460275,-0.707106781187167));
#4070=DIRECTION('',(0.419585156206488,0.569164604018583,-0.707106745989279));
#4071=DIRECTION('center_axis',(0.,0.,1.));
#4072=DIRECTION('ref_axis',(-0.999138764217852,-0.041493732505326,0.));
#4073=DIRECTION('',(9.98527704553276E-5,-2.08392187767995E-5,0.999999994797576));
#4074=DIRECTION('',(2.286901707326E-8,1.004939072805E-8,1.));
#4075=DIRECTION('center_axis',(0.,0.,1.));
#4076=DIRECTION('ref_axis',(0.,1.,0.));
#4077=DIRECTION('center_axis',(0.,0.,-1.));
#4078=DIRECTION('ref_axis',(-0.657738039589595,0.753246753246794,0.));
#4079=DIRECTION('',(1.35050573597599E-7,-6.79060297052394E-9,0.999999999999991));
#4080=DIRECTION('center_axis',(0.,0.,1.));
#4081=DIRECTION('ref_axis',(-0.351250062880093,0.936281684818586,0.));
#4082=DIRECTION('',(-1.90990329968209E-7,-0.707106781186535,-0.707106781186535));
#4083=DIRECTION('center_axis',(0.,-0.707106781186548,0.707106781186548));
#4084=DIRECTION('ref_axis',(0.,-0.707106781186548,-0.707106781186548));
#4085=DIRECTION('',(1.,4.34643782666E-10,4.346426859109E-10));
#4086=DIRECTION('center_axis',(0.,1.,0.));
#4087=DIRECTION('ref_axis',(1.,0.,0.));
#4088=DIRECTION('center_axis',(0.,0.,1.));
#4089=DIRECTION('ref_axis',(-0.593010392562618,-0.805194805194824,0.));
#4090=DIRECTION('center_axis',(0.,0.,-1.));
#4091=DIRECTION('ref_axis',(0.,-1.,0.));
#4092=DIRECTION('center_axis',(0.,0.,1.));
#4093=DIRECTION('ref_axis',(0.,-1.,0.));
#4094=DIRECTION('center_axis',(0.,0.,1.));
#4095=DIRECTION('ref_axis',(-1.,0.,0.));
#4096=DIRECTION('center_axis',(0.,0.,-1.));
#4097=DIRECTION('ref_axis',(-1.,0.,0.));
#4098=DIRECTION('',(0.,0.,1.));
#4099=DIRECTION('center_axis',(0.,0.,1.));
#4100=DIRECTION('ref_axis',(-1.,0.,0.));
#4101=DIRECTION('center_axis',(0.,0.,-1.));
#4102=DIRECTION('ref_axis',(-1.,0.,0.));
#4103=DIRECTION('center_axis',(0.,0.,1.));
#4104=DIRECTION('ref_axis',(-1.,0.,0.));
#4105=DIRECTION('center_axis',(0.,0.,-1.));
#4106=DIRECTION('ref_axis',(-1.,0.,0.));
#4107=DIRECTION('',(0.707106781186547,8.65956056235493E-17,0.707106781186547));
#4108=DIRECTION('center_axis',(0.,0.,1.));
#4109=DIRECTION('ref_axis',(-1.,0.,0.));
#4110=DIRECTION('',(0.,0.,1.));
#4111=DIRECTION('center_axis',(0.,0.,1.));
#4112=DIRECTION('ref_axis',(-1.,0.,0.));
#4113=DIRECTION('center_axis',(0.,0.,-1.));
#4114=DIRECTION('ref_axis',(-1.,0.,0.));
#4115=DIRECTION('',(0.,0.,1.));
#4116=DIRECTION('center_axis',(0.,0.,1.));
#4117=DIRECTION('ref_axis',(-1.,0.,0.));
#4118=DIRECTION('center_axis',(0.,0.,-1.));
#4119=DIRECTION('ref_axis',(-1.,0.,0.));
#4120=DIRECTION('center_axis',(0.,0.,1.));
#4121=DIRECTION('ref_axis',(-1.,0.,0.));
#4122=DIRECTION('center_axis',(0.,0.,-1.));
#4123=DIRECTION('ref_axis',(-1.,0.,0.));
#4124=DIRECTION('',(0.707106781186547,8.65956056235493E-17,0.707106781186547));
#4125=DIRECTION('center_axis',(0.,0.,1.));
#4126=DIRECTION('ref_axis',(-1.,0.,0.));
#4127=DIRECTION('',(0.,0.,1.));
#4128=DIRECTION('center_axis',(0.,0.,1.));
#4129=DIRECTION('ref_axis',(-1.,0.,0.));
#4130=DIRECTION('center_axis',(0.,0.,1.));
#4131=DIRECTION('ref_axis',(-1.,0.,0.));
#4132=DIRECTION('',(0.,0.,1.));
#4133=DIRECTION('center_axis',(0.,0.,1.));
#4134=DIRECTION('ref_axis',(-1.,0.,0.));
#4135=DIRECTION('center_axis',(0.,0.,-1.));
#4136=DIRECTION('ref_axis',(-1.,0.,0.));
#4137=DIRECTION('center_axis',(0.,0.,1.));
#4138=DIRECTION('ref_axis',(-1.,0.,0.));
#4139=DIRECTION('center_axis',(0.,0.,-1.));
#4140=DIRECTION('ref_axis',(-1.,0.,0.));
#4141=DIRECTION('',(0.707106781186547,8.65956056235493E-17,0.707106781186547));
#4142=DIRECTION('center_axis',(0.,0.,1.));
#4143=DIRECTION('ref_axis',(-1.,0.,0.));
#4144=DIRECTION('',(0.,0.,1.));
#4145=DIRECTION('center_axis',(0.,0.,1.));
#4146=DIRECTION('ref_axis',(-1.,0.,0.));
#4147=DIRECTION('center_axis',(0.,0.,1.));
#4148=DIRECTION('ref_axis',(-1.,0.,0.));
#4149=DIRECTION('',(0.,0.,1.));
#4150=DIRECTION('center_axis',(0.,0.,1.));
#4151=DIRECTION('ref_axis',(-1.,0.,0.));
#4152=DIRECTION('center_axis',(0.,0.,-1.));
#4153=DIRECTION('ref_axis',(-1.,0.,0.));
#4154=DIRECTION('center_axis',(0.,0.,1.));
#4155=DIRECTION('ref_axis',(-1.,0.,0.));
#4156=DIRECTION('center_axis',(0.,0.,-1.));
#4157=DIRECTION('ref_axis',(-1.,0.,0.));
#4158=DIRECTION('',(0.707106781186547,8.65956056235493E-17,0.707106781186547));
#4159=DIRECTION('center_axis',(0.,0.,1.));
#4160=DIRECTION('ref_axis',(-1.,0.,0.));
#4161=DIRECTION('',(0.,0.,1.));
#4162=DIRECTION('center_axis',(0.,0.,1.));
#4163=DIRECTION('ref_axis',(-1.,0.,0.));
#4164=DIRECTION('',(0.,0.,1.));
#4165=DIRECTION('center_axis',(0.,0.,1.));
#4166=DIRECTION('ref_axis',(-1.,0.,0.));
#4167=DIRECTION('center_axis',(0.,0.,1.));
#4168=DIRECTION('ref_axis',(-1.,0.,0.));
#4169=DIRECTION('',(0.707106781186547,8.65956056235493E-17,0.707106781186547));
#4170=DIRECTION('center_axis',(0.,0.,1.));
#4171=DIRECTION('ref_axis',(-1.,0.,0.));
#4172=DIRECTION('center_axis',(0.,0.,1.));
#4173=DIRECTION('ref_axis',(-1.,0.,0.));
#4174=DIRECTION('center_axis',(0.,0.,1.));
#4175=DIRECTION('ref_axis',(-1.,0.,0.));
#4176=DIRECTION('center_axis',(0.,0.,1.));
#4177=DIRECTION('ref_axis',(-1.,0.,0.));
#4178=DIRECTION('',(0.,0.,1.));
#4179=DIRECTION('center_axis',(0.,0.,1.));
#4180=DIRECTION('ref_axis',(-1.,0.,0.));
#4181=DIRECTION('',(0.,0.,1.));
#4182=DIRECTION('center_axis',(0.,0.,1.));
#4183=DIRECTION('ref_axis',(-1.,0.,0.));
#4184=DIRECTION('center_axis',(0.,0.,1.));
#4185=DIRECTION('ref_axis',(-1.,0.,0.));
#4186=DIRECTION('',(0.707106781186547,8.65956056235493E-17,0.707106781186547));
#4187=DIRECTION('center_axis',(0.,0.,1.));
#4188=DIRECTION('ref_axis',(-1.,0.,0.));
#4189=DIRECTION('center_axis',(0.,0.,1.));
#4190=DIRECTION('ref_axis',(-1.,0.,0.));
#4191=DIRECTION('center_axis',(0.,0.,1.));
#4192=DIRECTION('ref_axis',(-1.,0.,0.));
#4193=DIRECTION('center_axis',(0.,0.,1.));
#4194=DIRECTION('ref_axis',(-1.,0.,0.));
#4195=DIRECTION('',(0.,0.,1.));
#4196=DIRECTION('center_axis',(0.,1.,0.));
#4197=DIRECTION('ref_axis',(-0.707106781186548,0.,0.707106781186548));
#4198=CARTESIAN_POINT('',(0.,0.,0.));
#4199=CARTESIAN_POINT('Origin',(-81.87875646571,92.01408311032,0.8786796564404));
#4200=CARTESIAN_POINT('',(-96.73230985631,52.01408311032,-13.97487373415));
#4201=CARTESIAN_POINT('',(-96.73230985631,92.01408311032,-13.97487373415));
#4202=CARTESIAN_POINT('',(-96.73230985631,52.01408311032,-13.97487373415));
#4203=CARTESIAN_POINT('',(-82.90388273156,92.01408311032,-0.1464466094067));
#4204=CARTESIAN_POINT('',(-82.90388273156,92.01408311032,-0.1464466094067));
#4205=CARTESIAN_POINT('',(-82.90388273156,52.01408311032,-0.1464466094067));
#4206=CARTESIAN_POINT('',(-82.90388273156,52.01408311032,-0.1464466094067));
#4207=CARTESIAN_POINT('',(-96.73230985631,52.01408311032,-13.97487373415));
#4208=CARTESIAN_POINT('Origin',(-99.20718359046,-31.84520237749,-11.5));
#4209=CARTESIAN_POINT('',(-99.20718359046,52.01408311032,-15.));
#4210=CARTESIAN_POINT('',(-99.20718359046,92.01408311032,-15.));
#4211=CARTESIAN_POINT('',(-99.20718359046,52.01408311032,-15.));
#4212=CARTESIAN_POINT('Origin',(-99.20718359046,92.01408311032,-11.5));
#4213=CARTESIAN_POINT('Origin',(-99.20718359046,52.01408311032,-11.5));
#4214=CARTESIAN_POINT('Origin',(0.,0.,-15.));
#4215=CARTESIAN_POINT('',(-164.7928932188,52.01408311032,-15.));
#4216=CARTESIAN_POINT('',(-164.7928932188,52.01408311032,-15.));
#4217=CARTESIAN_POINT('',(-164.7928932188,92.01408311032,-15.));
#4218=CARTESIAN_POINT('',(-164.7928932188,92.01408311032,-15.));
#4219=CARTESIAN_POINT('',(-99.20718359046,92.01408311032,-15.));
#4220=CARTESIAN_POINT('',(-110.2500384046,82.01408311032,-15.));
#4221=CARTESIAN_POINT('Origin',(-107.0000384046,82.01408311032,-15.));
#4222=CARTESIAN_POINT('',(-135.2500384046,62.01408311032,-15.));
#4223=CARTESIAN_POINT('Origin',(-132.0000384046,62.01408311032,-15.));
#4224=CARTESIAN_POINT('',(-160.2500384046,82.01408311032,-15.));
#4225=CARTESIAN_POINT('Origin',(-157.0000384046,82.01408311032,-15.));
#4226=CARTESIAN_POINT('Origin',(-107.9375761966,92.01408311032,-13.5));
#4227=CARTESIAN_POINT('',(-99.2071835730457,92.0140831099987,-12.4999999997402));
#4228=CARTESIAN_POINT('',(-164.7928931906,92.0140831059312,-12.4999999958203));
#4229=CARTESIAN_POINT('',(-99.20718357248,92.01408310982,-12.4999999995));
#4230=CARTESIAN_POINT('',(-99.20718359046,92.01408311032,-15.));
#4231=CARTESIAN_POINT('',(-164.7928932188,92.01408311032,-15.));
#4232=CARTESIAN_POINT('Origin',(-132.0000384046,91.76408311032,-12.25));
#4233=CARTESIAN_POINT('',(-99.2071835820334,91.5140831101935,-11.9999999998418));
#4234=CARTESIAN_POINT('',(-164.7928932047,91.5140831082315,-11.9999999978071));
#4235=CARTESIAN_POINT('',(-99.20718358147,91.51408311007,-11.99999999975));
#4236=CARTESIAN_POINT('',(-99.20718358147,91.51408311007,-11.99999999975));
#4237=CARTESIAN_POINT('',(-164.7928932047,91.51408310698,-11.99999999666));
#4238=CARTESIAN_POINT('Origin',(0.,0.,-12.));
#4239=CARTESIAN_POINT('',(-164.792893227231,52.5140831104465,-11.9999999998418));
#4240=CARTESIAN_POINT('',(-99.20718360456,52.5140831124124,-11.9999999978072));
#4241=CARTESIAN_POINT('',(-164.7928932278,52.51408311057,-11.99999999975));
#4242=CARTESIAN_POINT('',(-99.20718360456,52.51408311367,-11.99999999666));
#4243=CARTESIAN_POINT('',(-164.7928932047,91.51408310698,-11.99999999666));
#4244=CARTESIAN_POINT('',(-133.6000384046,62.01408311032,-12.));
#4245=CARTESIAN_POINT('Origin',(-132.0000384046,62.01408311032,-12.));
#4246=CARTESIAN_POINT('',(-158.6000384046,82.01408311032,-12.));
#4247=CARTESIAN_POINT('Origin',(-157.0000384046,82.01408311032,-12.));
#4248=CARTESIAN_POINT('',(-108.6000384046,82.01408311032,-12.));
#4249=CARTESIAN_POINT('Origin',(-107.0000384046,82.01408311032,-12.));
#4250=CARTESIAN_POINT('Origin',(-107.0000384046,82.01408311032,61.92444583997));
#4251=CARTESIAN_POINT('',(-108.6000384046,82.01408311032,-13.1));
#4252=CARTESIAN_POINT('',(-108.6000384046,82.01408311032,61.92444583997));
#4253=CARTESIAN_POINT('Origin',(-107.0000384046,82.01408311032,-13.1));
#4254=CARTESIAN_POINT('Origin',(-107.0000384046,82.01408311032,-13.8));
#4255=CARTESIAN_POINT('',(-110.0000384046,82.01408311032,-14.5));
#4256=CARTESIAN_POINT('',(-109.3000384046,82.01408311032,-13.8));
#4257=CARTESIAN_POINT('Origin',(-107.0000384046,82.01408311032,-14.5));
#4258=CARTESIAN_POINT('Origin',(-107.0000384046,82.01408311032,-14.5));
#4259=CARTESIAN_POINT('',(-110.2500384046,82.01408311032,-14.5));
#4260=CARTESIAN_POINT('Origin',(-107.0000384046,82.01408311032,-14.5));
#4261=CARTESIAN_POINT('Origin',(-107.0000384046,82.01408311032,61.92444583997));
#4262=CARTESIAN_POINT('',(-110.2500384046,82.01408311032,61.92444583997));
#4263=CARTESIAN_POINT('Origin',(-132.0000384046,62.01408311032,61.92444583997));
#4264=CARTESIAN_POINT('',(-133.6000384046,62.01408311032,-13.1));
#4265=CARTESIAN_POINT('',(-133.6000384046,62.01408311032,61.92444583997));
#4266=CARTESIAN_POINT('Origin',(-132.0000384046,62.01408311032,-13.1));
#4267=CARTESIAN_POINT('Origin',(-132.0000384046,62.01408311032,-13.8));
#4268=CARTESIAN_POINT('',(-135.0000384046,62.01408311032,-14.5));
#4269=CARTESIAN_POINT('',(-134.3000384046,62.01408311032,-13.8));
#4270=CARTESIAN_POINT('Origin',(-132.0000384046,62.01408311032,-14.5));
#4271=CARTESIAN_POINT('Origin',(-132.0000384046,62.01408311032,-14.5));
#4272=CARTESIAN_POINT('',(-135.2500384046,62.01408311032,-14.5));
#4273=CARTESIAN_POINT('Origin',(-132.0000384046,62.01408311032,-14.5));
#4274=CARTESIAN_POINT('Origin',(-132.0000384046,62.01408311032,61.92444583997));
#4275=CARTESIAN_POINT('',(-135.2500384046,62.01408311032,61.92444583997));
#4276=CARTESIAN_POINT('Origin',(-157.0000384046,82.01408311032,61.92444583997));
#4277=CARTESIAN_POINT('',(-158.6000384046,82.01408311032,-13.1));
#4278=CARTESIAN_POINT('',(-158.6000384046,82.01408311032,61.92444583997));
#4279=CARTESIAN_POINT('Origin',(-157.0000384046,82.01408311032,-13.1));
#4280=CARTESIAN_POINT('Origin',(-157.0000384046,82.01408311032,-13.8));
#4281=CARTESIAN_POINT('',(-160.0000384046,82.01408311032,-14.5));
#4282=CARTESIAN_POINT('',(-159.3000384046,82.01408311032,-13.8));
#4283=CARTESIAN_POINT('Origin',(-157.0000384046,82.01408311032,-14.5));
#4284=CARTESIAN_POINT('Origin',(-157.0000384046,82.01408311032,-14.5));
#4285=CARTESIAN_POINT('',(-160.2500384046,82.01408311032,-14.5));
#4286=CARTESIAN_POINT('Origin',(-157.0000384046,82.01408311032,-14.5));
#4287=CARTESIAN_POINT('Origin',(-157.0000384046,82.01408311032,61.92444583997));
#4288=CARTESIAN_POINT('',(-160.2500384046,82.01408311032,61.92444583997));
#4289=CARTESIAN_POINT('Origin',(-132.0000384046,52.26408311032,-12.25));
#4290=CARTESIAN_POINT('',(-164.792893236219,52.0140831106413,-12.4999999997401));
#4291=CARTESIAN_POINT('',(-164.7928932278,52.51408311057,-11.99999999975));
#4292=CARTESIAN_POINT('',(-99.2071836186595,52.0140831147105,-12.4999999958204));
#4293=CARTESIAN_POINT('',(-164.7928932368,52.01408311082,-12.4999999995));
#4294=CARTESIAN_POINT('',(-99.20718360456,52.51408311367,-11.99999999666));
#4295=CARTESIAN_POINT('Origin',(-99.20718359046,52.26408311571,-11.5));
#4296=CARTESIAN_POINT('',(-98.853630201895,52.5140831103404,-11.8535533925825));
#4297=CARTESIAN_POINT('Origin',(-99.20718359046,52.51408311032,-11.5));
#4298=CARTESIAN_POINT('',(-98.5000768139911,52.014083110381,-12.2071067858415));
#4299=CARTESIAN_POINT('Origin',(-99.20718359046,52.01408311032,-11.5));
#4300=CARTESIAN_POINT('',(-98.85363020258,52.51408311037,-11.85355339324));
#4301=CARTESIAN_POINT('Origin',(-99.20718359046,-31.84520237749,-11.5));
#4302=CARTESIAN_POINT('',(-98.8536301952468,91.514083108026,-11.8535533825634));
#4303=CARTESIAN_POINT('',(-98.85363020258,52.51408311037,-11.85355339324));
#4304=CARTESIAN_POINT('Origin',(-99.20718359046,91.51408311032,-11.5));
#4305=CARTESIAN_POINT('Origin',(-99.20718359046,91.76408310443,-11.5));
#4306=CARTESIAN_POINT('',(-98.5000767998702,92.0140831054947,-12.2071067652809));
#4307=CARTESIAN_POINT('',(-98.85363019614,91.51408310665,-11.85355338167));
#4308=CARTESIAN_POINT('Origin',(-99.20718359046,92.01408311032,-11.5));
#4309=CARTESIAN_POINT('Origin',(-98.44181672573,92.01408311032,-13.34775906502));
#4310=CARTESIAN_POINT('',(-96.73230985631,92.01408311032,-13.97487373415));
#4311=CARTESIAN_POINT('Origin',(-101.1296493001,92.01408311032,-16.25089283437));
#4312=CARTESIAN_POINT('',(-84.6716496726338,92.0140831112698,1.62132035438872));
#4313=CARTESIAN_POINT('',(-84.67164967136,92.01408311181,1.621320354626));
#4314=CARTESIAN_POINT('',(-84.67164967136,92.01408311181,1.621320354626));
#4315=CARTESIAN_POINT('Origin',(-91.7626399422,91.76408311032,-5.116116523517));
#4316=CARTESIAN_POINT('',(-85.0252030610798,91.5140831112018,1.97487374662532));
#4317=CARTESIAN_POINT('',(-85.02520305975,91.51408311206,1.974873747063));
#4318=CARTESIAN_POINT('',(-85.02520305975,91.51408311206,1.974873747063));
#4319=CARTESIAN_POINT('Origin',(-84.00007680927,92.01408311032,3.));
#4320=CARTESIAN_POINT('',(-85.0252030601355,52.51408310913,1.9748737474485));
#4321=CARTESIAN_POINT('',(-98.85363020258,52.51408311037,-11.85355339324));
#4322=CARTESIAN_POINT('',(-85.02520305975,52.51408310859,1.974873747063));
#4323=CARTESIAN_POINT('Origin',(-91.7626399422,52.26408311032,-5.116116523517));
#4324=CARTESIAN_POINT('',(-84.6716496716871,52.0140831093026,1.62132035495505));
#4325=CARTESIAN_POINT('',(-98.50007681469,52.01408311042,-12.20710678647));
#4326=CARTESIAN_POINT('',(-85.02520305975,52.51408310859,1.974873747063));
#4327=CARTESIAN_POINT('Origin',(-82.55032934097,52.26408310759,-0.5));
#4328=CARTESIAN_POINT('',(-82.5503293567294,52.5140831093369,2.99999999876076));
#4329=CARTESIAN_POINT('Origin',(-82.55032934097,52.51408311032,-0.5));
#4330=CARTESIAN_POINT('',(-82.5503293544783,52.0140831092615,2.49999999915615));
#4331=CARTESIAN_POINT('Origin',(-82.55032934097,52.01408311032,-0.5));
#4332=CARTESIAN_POINT('',(-82.55032935778,52.51408310838,2.999999998057));
#4333=CARTESIAN_POINT('Origin',(-82.55032934097,52.01408311032,-0.5));
#4334=CARTESIAN_POINT('',(-82.55032935778,91.5140831116598,2.99999999866428));
#4335=CARTESIAN_POINT('',(-82.55032935778,52.51408310838,2.999999998057));
#4336=CARTESIAN_POINT('Origin',(-82.55032934097,91.51408311032,-0.5));
#4337=CARTESIAN_POINT('Origin',(-82.55032934097,91.76408311306,-0.5));
#4338=CARTESIAN_POINT('',(-82.5503293553794,92.0140831114674,2.49999999885583));
#4339=CARTESIAN_POINT('',(-82.55032935778,91.51408311227,2.999999998057));
#4340=CARTESIAN_POINT('Origin',(-82.55032934097,92.01408311032,-0.5));
#4341=CARTESIAN_POINT('Origin',(-83.3156962057,92.01408311032,1.347759065023));
#4342=CARTESIAN_POINT('',(-82.55032934097,92.01408311032,0.));
#4343=CARTESIAN_POINT('',(-82.55032935538,92.01408311199,2.499999998335));
#4344=CARTESIAN_POINT('Origin',(-82.55032934097,92.01408311032,-0.5));
#4345=CARTESIAN_POINT('Origin',(-82.55032934097,52.01408311032,-0.5));
#4346=CARTESIAN_POINT('',(-82.55032934097,52.01408311032,0.));
#4347=CARTESIAN_POINT('',(-82.55032934097,52.01408311032,0.));
#4348=CARTESIAN_POINT('Origin',(-82.55032934097,52.01408311032,-0.5));
#4349=CARTESIAN_POINT('Origin',(-83.3156962057,52.01408311032,1.347759065023));
#4350=CARTESIAN_POINT('',(-84.67164967136,52.01408310884,1.621320354626));
#4351=CARTESIAN_POINT('',(-82.55032935538,52.01408310866,2.499999998335));
#4352=CARTESIAN_POINT('Origin',(-78.12407680927,52.01408311032,1.5));
#4353=CARTESIAN_POINT('',(-72.9705628404631,52.0140831094902,2.49999999916724));
#4354=CARTESIAN_POINT('',(-82.55032935538,52.01408310866,2.499999998335));
#4355=CARTESIAN_POINT('',(-72.97056274848,52.01408311032,0.));
#4356=CARTESIAN_POINT('',(-82.55032934097,52.01408311032,0.));
#4357=CARTESIAN_POINT('',(-72.97056274848,52.01408311032,0.));
#4358=CARTESIAN_POINT('Origin',(-77.76044604472,52.26408311032,2.75));
#4359=CARTESIAN_POINT('',(-72.97056290179,52.5140831090906,2.99999999876729));
#4360=CARTESIAN_POINT('',(-82.55032935778,52.51408310838,2.999999998057));
#4361=CARTESIAN_POINT('',(-72.97056290179,52.51408310831,2.999999997983));
#4362=CARTESIAN_POINT('Origin',(0.,0.,3.));
#4363=CARTESIAN_POINT('',(-71.3992151272175,51.9585281862127,2.99999999999884));
#4364=CARTESIAN_POINT('Origin',(-72.97056274848,50.01408311032,3.));
#4365=CARTESIAN_POINT('',(-40.6007857035986,51.958527514811,2.99999999999974));
#4366=CARTESIAN_POINT('Origin',(-56.,71.01408311032,3.));
#4367=CARTESIAN_POINT('',(-39.0294381591344,52.5140830951804,2.99999998485715));
#4368=CARTESIAN_POINT('Origin',(-39.02943725152,50.01408311032,3.));
#4369=CARTESIAN_POINT('',(-37.55810378411,52.5140831287799,3.0000000184577));
#4370=CARTESIAN_POINT('',(-39.02943816975,52.51408308004,2.999999969715));
#4371=CARTESIAN_POINT('',(-29.3308618483714,57.2640836627749,3.00000001405992));
#4372=CARTESIAN_POINT('Origin',(-37.55810348705,62.01408311032,3.));
#4373=CARTESIAN_POINT('',(-25.2894104683173,64.2640827011709,2.99999996997147));
#4374=CARTESIAN_POINT('',(-29.33086185499,57.26408367943,3.00000002812));
#4375=CARTESIAN_POINT('',(-16.1961425124056,69.5140830872004,2.9999999768798));
#4376=CARTESIAN_POINT('Origin',(-16.19614352703,59.01408311032,3.));
#4377=CARTESIAN_POINT('',(-2.945111413634,69.51408311069,3.000000000365));
#4378=CARTESIAN_POINT('',(-16.1961424945,69.51408306408,2.999999953759));
#4379=CARTESIAN_POINT('',(-1.76309530646866,70.0905908466039,3.00000000093592));
#4380=CARTESIAN_POINT('Origin',(-2.945111396058,71.01408311032,3.));
#4381=CARTESIAN_POINT('',(9.29445247813705,84.2436066193128,3.00000000907856));
#4382=CARTESIAN_POINT('',(-1.763095308277,70.09059084581,3.000000001872));
#4383=CARTESIAN_POINT('',(5.74840396782181,91.5140830994412,3.00000001088075));
#4384=CARTESIAN_POINT('Origin',(5.748403982832,87.01408311032,3.));
#4385=CARTESIAN_POINT('',(5.748403964127,91.51408308829,3.000000022033));
#4386=CARTESIAN_POINT('',(-67.75,84.01408311032,3.));
#4387=CARTESIAN_POINT('Origin',(-71.,84.01408311032,3.));
#4388=CARTESIAN_POINT('',(-52.75,62.01408311032,3.));
#4389=CARTESIAN_POINT('Origin',(-56.,62.01408311032,3.));
#4390=CARTESIAN_POINT('',(-52.75,76.51408311032,3.));
#4391=CARTESIAN_POINT('Origin',(-56.,76.51408311032,3.));
#4392=CARTESIAN_POINT('',(-69.44,71.01408311032,3.));
#4393=CARTESIAN_POINT('Origin',(-71.,71.01408311032,3.));
#4394=CARTESIAN_POINT('',(-39.44,71.01408311032,3.));
#4395=CARTESIAN_POINT('Origin',(-41.,71.01408311032,3.));
#4396=CARTESIAN_POINT('',(-54.44,56.01408311032,3.));
#4397=CARTESIAN_POINT('Origin',(-56.,56.01408311032,3.));
#4398=CARTESIAN_POINT('',(-54.44,86.01408311032,3.));
#4399=CARTESIAN_POINT('Origin',(-56.,86.01408311032,3.));
#4400=CARTESIAN_POINT('',(-4.75,87.01408311032,2.99999999999999));
#4401=CARTESIAN_POINT('Origin',(-8.,87.01408311032,3.));
#4402=CARTESIAN_POINT('',(8.998403982832,87.01408311032,2.99999999999999));
#4403=CARTESIAN_POINT('Origin',(5.748403982832,87.01408311032,3.));
#4404=CARTESIAN_POINT('',(-4.75,73.26794919243,2.99999999999999));
#4405=CARTESIAN_POINT('Origin',(-8.,73.26794919243,3.));
#4406=CARTESIAN_POINT('',(-17.1436105704084,88.0140831099242,2.99999999960122));
#4407=CARTESIAN_POINT('',(-14.3855727042238,82.3592683390799,2.99999998716304));
#4408=CARTESIAN_POINT('Origin',(-17.14361063213,84.51408311032,3.));
#4409=CARTESIAN_POINT('',(-20.63585800733,74.3592679457,3.));
#4410=CARTESIAN_POINT('',(-14.38557270904,82.35926835377,2.999999974325));
#4411=CARTESIAN_POINT('',(-23.3938954856774,73.0140831132005,2.99999999712355));
#4412=CARTESIAN_POINT('Origin',(-23.39389564419,76.51408311032,3.));
#4413=CARTESIAN_POINT('',(-25.11176080506,73.0140831118175,2.99999999850648));
#4414=CARTESIAN_POINT('',(-23.39389548288,73.01408311608,2.999999994246));
#4415=CARTESIAN_POINT('',(-28.1428490188996,74.7640823057124,2.99999997561637));
#4416=CARTESIAN_POINT('Origin',(-25.11176059835,76.51408311032,3.));
#4417=CARTESIAN_POINT('',(-32.76165166662,82.76408311296,2.999999999984));
#4418=CARTESIAN_POINT('',(-28.14284898946,74.76408230349,2.999999951232));
#4419=CARTESIAN_POINT('',(-29.7305630256385,88.0140831031406,2.99999999281862));
#4420=CARTESIAN_POINT('Origin',(-29.73056275187,84.51408311032,3.));
#4421=CARTESIAN_POINT('',(-29.73056303295,88.01408309596,2.999999985637));
#4422=CARTESIAN_POINT('',(-67.75,60.01408311032,3.));
#4423=CARTESIAN_POINT('Origin',(-71.,60.01408311032,3.));
#4424=CARTESIAN_POINT('Origin',(-71.,60.01408311032,-74.33394583997));
#4425=CARTESIAN_POINT('',(-67.75,60.01408311032,2.5));
#4426=CARTESIAN_POINT('Origin',(-71.,60.01408311032,2.5));
#4427=CARTESIAN_POINT('',(-67.75,60.01408311032,-74.33394583997));
#4428=CARTESIAN_POINT('Origin',(-71.,60.01408311032,2.5));
#4429=CARTESIAN_POINT('',(-68.,60.01408311032,2.5));
#4430=CARTESIAN_POINT('Origin',(-71.,60.01408311032,2.5));
#4431=CARTESIAN_POINT('Origin',(-71.,60.01408311032,1.8));
#4432=CARTESIAN_POINT('',(-69.4,60.01408311032,1.1));
#4433=CARTESIAN_POINT('Origin',(-71.,60.01408311032,1.1));
#4434=CARTESIAN_POINT('',(-68.7,60.01408311032,1.8));
#4435=CARTESIAN_POINT('Origin',(-71.,60.01408311032,-74.33394583997));
#4436=CARTESIAN_POINT('',(-69.4,60.01408311032,0.));
#4437=CARTESIAN_POINT('Origin',(-71.,60.01408311032,0.));
#4438=CARTESIAN_POINT('',(-69.4,60.01408311032,-74.33394583997));
#4439=CARTESIAN_POINT('Origin',(0.,0.,0.));
#4440=CARTESIAN_POINT('',(-28.8978494492,57.01408311032,0.));
#4441=CARTESIAN_POINT('',(-37.55810348705,52.01408311032,0.));
#4442=CARTESIAN_POINT('Origin',(-37.55810348705,62.01408311032,0.));
#4443=CARTESIAN_POINT('',(-39.02943725152,52.01408311032,0.));
#4444=CARTESIAN_POINT('',(-39.02943725152,52.01408311032,0.));
#4445=CARTESIAN_POINT('',(-40.28651597363,51.56963866588,0.));
#4446=CARTESIAN_POINT('Origin',(-39.02943725152,50.01408311032,0.));
#4447=CARTESIAN_POINT('',(-71.71348402637,51.56963866588,0.));
#4448=CARTESIAN_POINT('Origin',(-56.,71.01408311032,0.));
#4449=CARTESIAN_POINT('Origin',(-72.97056274848,50.01408311032,0.));
#4450=CARTESIAN_POINT('',(5.748403982832,92.01408311032,0.));
#4451=CARTESIAN_POINT('',(5.748403982832,92.01408311032,0.));
#4452=CARTESIAN_POINT('',(9.688457750866,83.9357757337,0.));
#4453=CARTESIAN_POINT('Origin',(5.748403982832,87.01408311032,0.));
#4454=CARTESIAN_POINT('',(-1.369089888844,69.78276015967,0.));
#4455=CARTESIAN_POINT('',(-1.369089888844,69.78276015967,0.));
#4456=CARTESIAN_POINT('',(-2.945111396058,69.01408311032,0.));
#4457=CARTESIAN_POINT('Origin',(-2.945111396058,71.01408311032,0.));
#4458=CARTESIAN_POINT('',(-16.19614352703,69.01408311032,0.));
#4459=CARTESIAN_POINT('',(-16.19614352703,69.01408311032,0.));
#4460=CARTESIAN_POINT('',(-24.85639756487,64.01408311032,0.));
#4461=CARTESIAN_POINT('Origin',(-16.19614352703,59.01408311032,0.));
#4462=CARTESIAN_POINT('',(-28.8978494492,57.01408311032,0.));
#4463=CARTESIAN_POINT('',(-69.4,84.01408311032,0.));
#4464=CARTESIAN_POINT('Origin',(-71.,84.01408311032,0.));
#4465=CARTESIAN_POINT('',(-54.4,62.01408311032,0.));
#4466=CARTESIAN_POINT('Origin',(-56.,62.01408311032,0.));
#4467=CARTESIAN_POINT('',(-54.4,76.51408311032,0.));
#4468=CARTESIAN_POINT('Origin',(-56.,76.51408311032,0.));
#4469=CARTESIAN_POINT('',(-69.75,71.01408311032,0.));
#4470=CARTESIAN_POINT('Origin',(-71.,71.01408311032,0.));
#4471=CARTESIAN_POINT('',(-39.75,71.01408311032,0.));
#4472=CARTESIAN_POINT('Origin',(-41.,71.01408311032,0.));
#4473=CARTESIAN_POINT('',(-54.75,56.01408311032,0.));
#4474=CARTESIAN_POINT('Origin',(-56.,56.01408311032,0.));
#4475=CARTESIAN_POINT('',(-54.75,86.01408311032,0.));
#4476=CARTESIAN_POINT('Origin',(-56.,86.01408311032,0.));
#4477=CARTESIAN_POINT('',(-6.4,87.01408311032,1.42108547152E-14));
#4478=CARTESIAN_POINT('Origin',(-8.,87.01408311032,1.42108547152E-14));
#4479=CARTESIAN_POINT('',(7.348403982832,87.01408311032,1.42108547152E-14));
#4480=CARTESIAN_POINT('Origin',(5.748403982832,87.01408311032,1.42108547152E-14));
#4481=CARTESIAN_POINT('',(-6.4,73.26794919243,1.42108547152E-14));
#4482=CARTESIAN_POINT('Origin',(-8.,73.26794919243,1.42108547152E-14));
#4483=CARTESIAN_POINT('',(-27.27682410782,75.26408311032,0.));
#4484=CARTESIAN_POINT('',(-31.89562626133,83.26408311032,0.));
#4485=CARTESIAN_POINT('',(-27.27682410782,75.26408311032,0.));
#4486=CARTESIAN_POINT('',(-25.11176059835,74.01408311032,0.));
#4487=CARTESIAN_POINT('Origin',(-25.11176059835,76.51408311032,0.));
#4488=CARTESIAN_POINT('',(-23.39389564419,74.01408311032,0.));
#4489=CARTESIAN_POINT('',(-23.39389564419,74.01408311032,0.));
#4490=CARTESIAN_POINT('',(-21.42386876017,74.97492942201,0.));
#4491=CARTESIAN_POINT('Origin',(-23.39389564419,76.51408311032,0.));
#4492=CARTESIAN_POINT('',(-15.17358374812,82.97492942201,0.));
#4493=CARTESIAN_POINT('',(-15.17358374812,82.97492942201,0.));
#4494=CARTESIAN_POINT('',(-17.14361063213,87.01408311032,0.));
#4495=CARTESIAN_POINT('Origin',(-17.14361063213,84.51408311032,0.));
#4496=CARTESIAN_POINT('',(-29.73056275187,87.01408311032,0.));
#4497=CARTESIAN_POINT('',(-29.73056275187,87.01408311032,0.));
#4498=CARTESIAN_POINT('Origin',(-29.73056275187,84.51408311032,0.));
#4499=CARTESIAN_POINT('Origin',(-71.,84.01408311032,-74.33394583997));
#4500=CARTESIAN_POINT('',(-69.4,84.01408311032,1.1));
#4501=CARTESIAN_POINT('',(-69.4,84.01408311032,-74.33394583997));
#4502=CARTESIAN_POINT('Origin',(-71.,84.01408311032,1.1));
#4503=CARTESIAN_POINT('Origin',(-71.,84.01408311032,1.8));
#4504=CARTESIAN_POINT('',(-68.,84.01408311032,2.5));
#4505=CARTESIAN_POINT('',(-68.7,84.01408311032,1.8));
#4506=CARTESIAN_POINT('Origin',(-71.,84.01408311032,2.5));
#4507=CARTESIAN_POINT('Origin',(-71.,84.01408311032,2.5));
#4508=CARTESIAN_POINT('',(-67.75,84.01408311032,2.5));
#4509=CARTESIAN_POINT('Origin',(-71.,84.01408311032,2.5));
#4510=CARTESIAN_POINT('Origin',(-71.,84.01408311032,-74.33394583997));
#4511=CARTESIAN_POINT('',(-67.75,84.01408311032,-74.33394583997));
#4512=CARTESIAN_POINT('Origin',(-56.,62.01408311032,-74.33394583997));
#4513=CARTESIAN_POINT('',(-54.4,62.01408311032,1.1));
#4514=CARTESIAN_POINT('',(-54.4,62.01408311032,-74.33394583997));
#4515=CARTESIAN_POINT('Origin',(-56.,62.01408311032,1.1));
#4516=CARTESIAN_POINT('Origin',(-56.,62.01408311032,1.8));
#4517=CARTESIAN_POINT('',(-53.,62.01408311032,2.5));
#4518=CARTESIAN_POINT('',(-53.7,62.01408311032,1.8));
#4519=CARTESIAN_POINT('Origin',(-56.,62.01408311032,2.5));
#4520=CARTESIAN_POINT('Origin',(-56.,62.01408311032,2.5));
#4521=CARTESIAN_POINT('',(-52.75,62.01408311032,2.5));
#4522=CARTESIAN_POINT('Origin',(-56.,62.01408311032,2.5));
#4523=CARTESIAN_POINT('Origin',(-56.,62.01408311032,-74.33394583997));
#4524=CARTESIAN_POINT('',(-52.75,62.01408311032,-74.33394583997));
#4525=CARTESIAN_POINT('Origin',(-56.,76.51408311032,-74.33394583997));
#4526=CARTESIAN_POINT('',(-54.4,76.51408311032,1.1));
#4527=CARTESIAN_POINT('',(-54.4,76.51408311032,-74.33394583997));
#4528=CARTESIAN_POINT('Origin',(-56.,76.51408311032,1.1));
#4529=CARTESIAN_POINT('Origin',(-56.,76.51408311032,1.8));
#4530=CARTESIAN_POINT('',(-53.,76.51408311032,2.5));
#4531=CARTESIAN_POINT('',(-53.7,76.51408311032,1.8));
#4532=CARTESIAN_POINT('Origin',(-56.,76.51408311032,2.5));
#4533=CARTESIAN_POINT('Origin',(-56.,76.51408311032,2.5));
#4534=CARTESIAN_POINT('',(-52.75,76.51408311032,2.5));
#4535=CARTESIAN_POINT('Origin',(-56.,76.51408311032,2.5));
#4536=CARTESIAN_POINT('Origin',(-56.,76.51408311032,-74.33394583997));
#4537=CARTESIAN_POINT('',(-52.75,76.51408311032,-74.33394583997));
#4538=CARTESIAN_POINT('Origin',(-71.,71.01408311032,-74.11312956247));
#4539=CARTESIAN_POINT('',(-69.75,71.01408311032,2.69));
#4540=CARTESIAN_POINT('',(-69.75,71.01408311032,-74.11312956247));
#4541=CARTESIAN_POINT('Origin',(-71.,71.01408311032,2.69));
#4542=CARTESIAN_POINT('Origin',(-71.,71.01408311032,2.845));
#4543=CARTESIAN_POINT('',(-69.595,71.01408311032,2.845));
#4544=CARTESIAN_POINT('Origin',(-41.,71.01408311032,-74.11312956247));
#4545=CARTESIAN_POINT('',(-39.75,71.01408311032,2.69));
#4546=CARTESIAN_POINT('',(-39.75,71.01408311032,-74.11312956247));
#4547=CARTESIAN_POINT('Origin',(-41.,71.01408311032,2.69));
#4548=CARTESIAN_POINT('Origin',(-41.,71.01408311032,2.845));
#4549=CARTESIAN_POINT('',(-39.595,71.01408311032,2.845));
#4550=CARTESIAN_POINT('Origin',(-56.,56.01408311032,-74.11312956247));
#4551=CARTESIAN_POINT('',(-54.75,56.01408311032,2.69));
#4552=CARTESIAN_POINT('',(-54.75,56.01408311032,-74.11312956247));
#4553=CARTESIAN_POINT('Origin',(-56.,56.01408311032,2.69));
#4554=CARTESIAN_POINT('Origin',(-56.,56.01408311032,2.845));
#4555=CARTESIAN_POINT('',(-54.595,56.01408311032,2.845));
#4556=CARTESIAN_POINT('Origin',(-56.,86.01408311032,-74.11312956247));
#4557=CARTESIAN_POINT('',(-54.75,86.01408311032,2.69));
#4558=CARTESIAN_POINT('',(-54.75,86.01408311032,-74.11312956247));
#4559=CARTESIAN_POINT('Origin',(-56.,86.01408311032,2.69));
#4560=CARTESIAN_POINT('Origin',(-56.,86.01408311032,2.845));
#4561=CARTESIAN_POINT('',(-54.595,86.01408311032,2.845));
#4562=CARTESIAN_POINT('Origin',(-8.,87.01408311032,-73.92444583997));
#4563=CARTESIAN_POINT('',(-6.4,87.01408311032,1.1));
#4564=CARTESIAN_POINT('',(-6.4,87.01408311032,-73.92444583997));
#4565=CARTESIAN_POINT('Origin',(-8.,87.01408311032,1.1));
#4566=CARTESIAN_POINT('Origin',(-8.,87.01408311032,1.8));
#4567=CARTESIAN_POINT('',(-5.,87.01408311032,2.5));
#4568=CARTESIAN_POINT('',(-5.7,87.01408311032,1.8));
#4569=CARTESIAN_POINT('Origin',(-8.,87.01408311032,2.5));
#4570=CARTESIAN_POINT('Origin',(-8.,87.01408311032,2.5));
#4571=CARTESIAN_POINT('',(-4.75,87.01408311032,2.49999999999999));
#4572=CARTESIAN_POINT('Origin',(-8.,87.01408311032,2.5));
#4573=CARTESIAN_POINT('Origin',(-8.,87.01408311032,-73.92444583997));
#4574=CARTESIAN_POINT('',(-4.75,87.01408311032,-73.92444583997));
#4575=CARTESIAN_POINT('Origin',(5.748403982832,87.01408311032,-73.92444583997));
#4576=CARTESIAN_POINT('',(7.348403982832,87.01408311032,1.1));
#4577=CARTESIAN_POINT('',(7.348403982832,87.01408311032,-73.92444583997));
#4578=CARTESIAN_POINT('Origin',(5.748403982832,87.01408311032,1.1));
#4579=CARTESIAN_POINT('Origin',(5.748403982832,87.01408311032,1.8));
#4580=CARTESIAN_POINT('',(8.748403982832,87.01408311032,2.5));
#4581=CARTESIAN_POINT('',(8.048403982832,87.01408311032,1.8));
#4582=CARTESIAN_POINT('Origin',(5.748403982832,87.01408311032,2.5));
#4583=CARTESIAN_POINT('Origin',(5.748403982832,87.01408311032,2.5));
#4584=CARTESIAN_POINT('',(8.998403982832,87.01408311032,2.49999999999999));
#4585=CARTESIAN_POINT('Origin',(5.748403982832,87.01408311032,2.5));
#4586=CARTESIAN_POINT('Origin',(5.748403982832,87.01408311032,-73.92444583997));
#4587=CARTESIAN_POINT('',(8.998403982832,87.01408311032,-73.92444583997));
#4588=CARTESIAN_POINT('Origin',(-8.,73.26794919243,-73.92444583997));
#4589=CARTESIAN_POINT('',(-6.4,73.26794919243,1.1));
#4590=CARTESIAN_POINT('',(-6.4,73.26794919243,-73.92444583997));
#4591=CARTESIAN_POINT('Origin',(-8.,73.26794919243,1.1));
#4592=CARTESIAN_POINT('Origin',(-8.,73.26794919243,1.8));
#4593=CARTESIAN_POINT('',(-5.,73.26794919243,2.5));
#4594=CARTESIAN_POINT('',(-5.7,73.26794919243,1.8));
#4595=CARTESIAN_POINT('Origin',(-8.,73.26794919243,2.5));
#4596=CARTESIAN_POINT('Origin',(-8.,73.26794919243,2.5));
#4597=CARTESIAN_POINT('',(-4.75,73.26794919243,2.49999999999999));
#4598=CARTESIAN_POINT('Origin',(-8.,73.26794919243,2.5));
#4599=CARTESIAN_POINT('Origin',(-8.,73.26794919243,-73.92444583997));
#4600=CARTESIAN_POINT('',(-4.75,73.26794919243,-73.92444583997));
#4601=CARTESIAN_POINT('Origin',(-37.55810348705,62.01408311032,29.07956453384));
#4602=CARTESIAN_POINT('',(-37.5581037215698,52.0140831274208,2.50000001318585));
#4603=CARTESIAN_POINT('',(-28.8978492164823,57.0140835419639,2.50000001153967));
#4604=CARTESIAN_POINT('Origin',(-37.55810348705,62.01408311032,2.5));
#4605=CARTESIAN_POINT('',(-37.55810372157,52.01408313968,2.500000029352));
#4606=CARTESIAN_POINT('',(-28.89784921544,57.01408355962,2.5000000222));
#4607=CARTESIAN_POINT('Origin',(-37.55810348705,62.01408311032,2.750000050116));
#4608=CARTESIAN_POINT('',(-37.55810378411,52.5140831475,3.000000037179));
#4609=CARTESIAN_POINT('',(-29.33086185499,57.26408367943,3.00000002812));
#4610=CARTESIAN_POINT('Origin',(-27.09362985798,60.63908311032,2.75));
#4611=CARTESIAN_POINT('',(-24.8563977043376,64.014082815474,2.49999998012862));
#4612=CARTESIAN_POINT('',(-28.89784921544,57.01408355962,2.5000000222));
#4613=CARTESIAN_POINT('',(-25.28941044185,64.26408268589,2.999999939407));
#4614=CARTESIAN_POINT('Origin',(-16.19614352703,59.01408311032,2.749999922191));
#4615=CARTESIAN_POINT('',(-16.1961428125568,69.0140830890799,2.49999998283206));
#4616=CARTESIAN_POINT('Origin',(-16.19614352703,59.01408311032,2.5));
#4617=CARTESIAN_POINT('',(-16.1961424945,69.51408306408,2.999999953759));
#4618=CARTESIAN_POINT('Origin',(-9.570627461544,69.26408311032,2.75));
#4619=CARTESIAN_POINT('',(-2.945111413634,69.01408311069,2.500000000365));
#4620=CARTESIAN_POINT('',(-16.19614278951,69.01408307729,2.499999966971));
#4621=CARTESIAN_POINT('',(-2.945111413634,69.51408311069,3.000000000365));
#4622=CARTESIAN_POINT('Origin',(-2.945111396058,71.01408311032,2.75000000241));
#4623=CARTESIAN_POINT('',(-1.36908993030715,69.7827601085629,2.50000000098347));
#4624=CARTESIAN_POINT('Origin',(-2.945111396058,71.01408311032,2.5));
#4625=CARTESIAN_POINT('',(-1.763095308277,70.09059084581,3.000000001872));
#4626=CARTESIAN_POINT('Origin',(3.962681242609,77.01318331552,2.75));
#4627=CARTESIAN_POINT('',(9.68845783977898,83.9357758552844,2.50000001150623));
#4628=CARTESIAN_POINT('',(-1.369089931473,69.78276010815,2.500000001872));
#4629=CARTESIAN_POINT('',(9.294452470781,84.24360662506,3.00000001841));
#4630=CARTESIAN_POINT('Origin',(5.748403982832,87.01408311032,2.750000029513));
#4631=CARTESIAN_POINT('',(5.74840397114155,92.0140830994191,2.50000000745955));
#4632=CARTESIAN_POINT('Origin',(5.748403982832,87.01408311032,2.5));
#4633=CARTESIAN_POINT('',(5.748403964127,91.51408308829,3.000000022033));
#4634=CARTESIAN_POINT('Origin',(-38.40096267907,91.76408311032,2.75));
#4635=CARTESIAN_POINT('',(5.748403967245,92.01408309196,2.500000018361));
#4636=CARTESIAN_POINT('Origin',(-34.00007680927,92.01408311032,1.5));
#4637=CARTESIAN_POINT('',(5.748403967245,92.01408309196,2.500000018361));
#4638=CARTESIAN_POINT('Origin',(5.748403982832,87.01408311032,29.07956453384));
#4639=CARTESIAN_POINT('',(9.688457831465,83.93577586178,2.500000015342));
#4640=CARTESIAN_POINT('Origin',(7.015138485901,80.51408311032,1.5));
#4641=CARTESIAN_POINT('',(-1.369089931473,69.78276010815,2.500000001872));
#4642=CARTESIAN_POINT('Origin',(-2.945111396058,71.01408311032,29.07956453384));
#4643=CARTESIAN_POINT('',(-2.945111413634,69.01408311069,2.500000000365));
#4644=CARTESIAN_POINT('Origin',(-11.96964621893,69.01408311032,1.5));
#4645=CARTESIAN_POINT('',(-16.19614352703,69.01408311032,0.));
#4646=CARTESIAN_POINT('Origin',(-16.19614352703,59.01408311032,-41.07956453384));
#4647=CARTESIAN_POINT('',(-24.85639756487,64.01408311032,0.));
#4648=CARTESIAN_POINT('Origin',(-26.87712350704,60.51408311032,1.5));
#4649=CARTESIAN_POINT('Origin',(-38.29377036928,52.26408311032,2.75));
#4650=CARTESIAN_POINT('',(-39.029437793849,52.014083098594,2.4999999904539));
#4651=CARTESIAN_POINT('',(-39.02943816975,52.51408308004,2.999999969715));
#4652=CARTESIAN_POINT('',(-39.02943780246,52.01408309215,2.499999981829));
#4653=CARTESIAN_POINT('Origin',(-35.76826199294,52.01408311032,1.5));
#4654=CARTESIAN_POINT('',(-39.02943725152,52.01408311032,0.));
#4655=CARTESIAN_POINT('Origin',(-39.02943725152,50.01408311032,-41.07956453384));
#4656=CARTESIAN_POINT('',(-40.2865159921865,51.5696386509201,2.50000000000567));
#4657=CARTESIAN_POINT('Origin',(-39.02943725152,50.01408311032,2.5));
#4658=CARTESIAN_POINT('',(-40.28651597363,51.56963866588,0.));
#4659=CARTESIAN_POINT('Origin',(-39.02943725152,50.01408311032,2.749999968182));
#4660=CARTESIAN_POINT('',(-40.60078570473,51.95852751351,2.999999999698));
#4661=CARTESIAN_POINT('Origin',(-56.,71.01408311032,2.750000002319));
#4662=CARTESIAN_POINT('',(-71.7134845085496,51.5696390489678,2.49999999897954));
#4663=CARTESIAN_POINT('',(-71.39921514679,51.95852816443,2.99999997075));
#4664=CARTESIAN_POINT('Origin',(-56.,71.01408311032,2.5));
#4665=CARTESIAN_POINT('Origin',(-56.,71.01408311032,1.5));
#4666=CARTESIAN_POINT('',(-71.71348402637,51.56963866588,0.));
#4667=CARTESIAN_POINT('Origin',(-72.97056274848,50.01408311032,-41.07956453384));
#4668=CARTESIAN_POINT('Origin',(-72.97056274848,50.01408311032,2.5));
#4669=CARTESIAN_POINT('Origin',(-72.97056274848,50.01408311032,2.749999968182));
#4670=CARTESIAN_POINT('Origin',(-29.58622518457,79.26408311032,1.5));
#4671=CARTESIAN_POINT('',(-27.2768238442093,75.2640826873427,1.99999998642093));
#4672=CARTESIAN_POINT('',(-31.89562626214,83.26408311174,1.999999999991));
#4673=CARTESIAN_POINT('',(-27.2768238281,75.26408267809,1.999999973874));
#4674=CARTESIAN_POINT('',(-27.27682410782,75.26408311032,0.));
#4675=CARTESIAN_POINT('',(-31.89562626133,83.26408311032,0.));
#4676=CARTESIAN_POINT('Origin',(-30.01923788647,79.01408311032,2.5));
#4677=CARTESIAN_POINT('',(-28.14284898946,74.76408230349,2.999999951232));
#4678=CARTESIAN_POINT('',(-32.76165166662,82.76408311296,2.999999999984));
#4679=CARTESIAN_POINT('Origin',(-29.73056275187,84.51408311032,2.499999986686));
#4680=CARTESIAN_POINT('',(-29.7305628977428,87.0140831053737,1.9999999960005));
#4681=CARTESIAN_POINT('Origin',(-29.73056275187,84.51408311032,2.));
#4682=CARTESIAN_POINT('',(-29.73056303295,88.01408309596,2.999999985637));
#4683=CARTESIAN_POINT('Origin',(-23.437086692,87.51408311032,2.5));
#4684=CARTESIAN_POINT('',(-17.1436105987121,87.0140831100469,1.99999999977537));
#4685=CARTESIAN_POINT('',(-29.73056290245,87.01408310263,1.999999992306));
#4686=CARTESIAN_POINT('',(-17.14361056876,88.01408310953,2.999999999204));
#4687=CARTESIAN_POINT('Origin',(-17.14361063213,84.51408311032,2.4999999762));
#4688=CARTESIAN_POINT('',(-15.1735835964362,82.9749296305177,1.99999999285078));
#4689=CARTESIAN_POINT('Origin',(-17.14361063213,84.51408311032,2.));
#4690=CARTESIAN_POINT('',(-14.38557270904,82.35926835377,2.999999974325));
#4691=CARTESIAN_POINT('Origin',(-17.90472087734,78.66709868435,2.5));
#4692=CARTESIAN_POINT('',(-21.42386876058,74.97492942148,2.));
#4693=CARTESIAN_POINT('',(-15.17358359519,82.97492964009,1.999999986246));
#4694=CARTESIAN_POINT('',(-20.63585800733,74.3592679457,3.));
#4695=CARTESIAN_POINT('Origin',(-23.39389564419,76.51408311032,2.499999994666));
#4696=CARTESIAN_POINT('',(-23.3938955591244,74.0140831123122,1.99999999838159));
#4697=CARTESIAN_POINT('Origin',(-23.39389564419,76.51408311032,2.));
#4698=CARTESIAN_POINT('',(-23.39389548288,73.01408311608,2.999999994246));
#4699=CARTESIAN_POINT('Origin',(-24.25282812127,73.51408311032,2.5));
#4700=CARTESIAN_POINT('',(-25.1117607090887,74.0140831112227,1.99999999910076));
#4701=CARTESIAN_POINT('',(-23.39389555777,74.01408311341,1.999999996918));
#4702=CARTESIAN_POINT('',(-25.11176080506,73.01408311277,2.999999997556));
#4703=CARTESIAN_POINT('Origin',(-25.11176059835,76.51408311032,2.499999954793));
#4704=CARTESIAN_POINT('Origin',(-25.11176059835,76.51408311032,2.));
#4705=CARTESIAN_POINT('Origin',(-25.11176059835,76.51408311032,1.5));
#4706=CARTESIAN_POINT('',(-25.11176059835,74.01408311032,0.));
#4707=CARTESIAN_POINT('Origin',(-24.25282812127,74.01408311032,1.5));
#4708=CARTESIAN_POINT('',(-23.39389564419,74.01408311032,0.));
#4709=CARTESIAN_POINT('Origin',(-23.39389564419,76.51408311032,1.5));
#4710=CARTESIAN_POINT('',(-21.42386876017,74.97492942201,0.));
#4711=CARTESIAN_POINT('Origin',(-18.29872625414,78.97492942201,1.5));
#4712=CARTESIAN_POINT('',(-15.17358374812,82.97492942201,0.));
#4713=CARTESIAN_POINT('Origin',(-17.14361063213,84.51408311032,1.5));
#4714=CARTESIAN_POINT('',(-17.14361063213,87.01408311032,0.));
#4715=CARTESIAN_POINT('Origin',(-23.437086692,87.01408311032,1.5));
#4716=CARTESIAN_POINT('',(-29.73056275187,87.01408311032,0.));
#4717=CARTESIAN_POINT('Origin',(-29.73056275187,84.51408311032,1.5));
#4718=CARTESIAN_POINT('Origin',(-101.1296493001,52.01408311032,-16.25089283437));
#4719=CARTESIAN_POINT('',(-96.73230985631,52.01408311032,-13.97487373415));
#4720=CARTESIAN_POINT('Origin',(-98.44181672573,52.01408311032,-13.34775906502));
#4721=CARTESIAN_POINT('',(-99.20718359046,52.01408311032,-15.));
#4722=CARTESIAN_POINT('Origin',(-107.9375761966,52.01408311032,-13.5));
#4723=CARTESIAN_POINT('',(-164.7928932188,52.01408311032,-15.));
#4724=CARTESIAN_POINT('Origin',(-165.5582600835,52.01408311032,-13.34775906502));
#4725=CARTESIAN_POINT('',(-165.500000009416,52.0140831151429,-12.2071067652701));
#4726=CARTESIAN_POINT('Origin',(-164.7928932188,52.01408311032,-11.5));
#4727=CARTESIAN_POINT('',(-167.267766953,52.01408311032,-13.97487373415));
#4728=CARTESIAN_POINT('',(-167.267766953,52.01408311032,-13.97487373415));
#4729=CARTESIAN_POINT('Origin',(-164.7928932188,52.01408311032,-11.5));
#4730=CARTESIAN_POINT('Origin',(-164.7928932188,52.26408311621,-11.5));
#4731=CARTESIAN_POINT('',(-165.146446614008,52.5140831126213,-11.8535533825681));
#4732=CARTESIAN_POINT('Origin',(-164.7928932188,52.51408311032,-11.5));
#4733=CARTESIAN_POINT('',(-165.1464466131,52.514083114,-11.85355338167));
#4734=CARTESIAN_POINT('Origin',(-164.7928932188,173.8523400821,-11.5));
#4735=CARTESIAN_POINT('',(-165.146446607379,91.5140831103032,-11.8535533925812));
#4736=CARTESIAN_POINT('Origin',(-164.7928932188,91.51408311032,-11.5));
#4737=CARTESIAN_POINT('',(-165.1464466067,91.51408311028,-11.85355339324));
#4738=CARTESIAN_POINT('Origin',(-180.,52.01408311032,3.));
#4739=CARTESIAN_POINT('',(-178.974873748176,52.5140831094426,1.97487374662396));
#4740=CARTESIAN_POINT('',(-178.9748737495,52.51408310859,1.974873747063));
#4741=CARTESIAN_POINT('',(-178.974873749121,91.5140831115165,1.97487374744162));
#4742=CARTESIAN_POINT('',(-165.1464466067,91.51408311028,-11.85355339324));
#4743=CARTESIAN_POINT('',(-178.9748737495,91.51408311206,1.974873747063));
#4744=CARTESIAN_POINT('Origin',(-172.2374368671,52.26408311032,-5.116116523517));
#4745=CARTESIAN_POINT('',(-179.328427136624,52.0140831093762,1.62132035438423));
#4746=CARTESIAN_POINT('',(-178.9748737495,52.51408310859,1.974873747063));
#4747=CARTESIAN_POINT('',(-179.3284271379,52.01408310884,1.621320354626));
#4748=CARTESIAN_POINT('Origin',(-162.8704275092,52.01408311032,-16.25089283437));
#4749=CARTESIAN_POINT('',(-181.0961940777,52.01408311032,-0.1464466094067));
#4750=CARTESIAN_POINT('',(-179.3284271379,52.01408310884,1.621320354626));
#4751=CARTESIAN_POINT('',(-181.0961940777,52.01408311032,-0.1464466094067));
#4752=CARTESIAN_POINT('Origin',(-182.1213203436,52.01408311032,0.8786796564404));
#4753=CARTESIAN_POINT('',(-167.267766953,92.01408311032,-13.97487373415));
#4754=CARTESIAN_POINT('',(-167.267766953,92.01408311032,-13.97487373415));
#4755=CARTESIAN_POINT('',(-181.0961940777,92.01408311032,-0.1464466094067));
#4756=CARTESIAN_POINT('',(-181.0961940777,92.01408311032,-0.1464466094067));
#4757=CARTESIAN_POINT('',(-167.267766953,92.01408311032,-13.97487373415));
#4758=CARTESIAN_POINT('Origin',(-164.7928932188,173.8523400821,-11.5));
#4759=CARTESIAN_POINT('Origin',(-164.7928932188,92.01408311032,-11.5));
#4760=CARTESIAN_POINT('Origin',(-165.5582600835,92.01408311032,-13.34775906502));
#4761=CARTESIAN_POINT('',(-165.499999995292,92.0140831102626,-12.2071067858324));
#4762=CARTESIAN_POINT('Origin',(-164.7928932188,92.01408311032,-11.5));
#4763=CARTESIAN_POINT('',(-167.267766953,92.01408311032,-13.97487373415));
#4764=CARTESIAN_POINT('Origin',(-164.7928932188,91.76408310493,-11.5));
#4765=CARTESIAN_POINT('',(-165.1464466067,91.51408311028,-11.85355339324));
#4766=CARTESIAN_POINT('Origin',(-172.2374368671,91.76408311032,-5.116116523517));
#4767=CARTESIAN_POINT('',(-179.328427137577,92.0140831113452,1.62132035494888));
#4768=CARTESIAN_POINT('',(-165.4999999946,92.01408311023,-12.20710678647));
#4769=CARTESIAN_POINT('',(-178.9748737495,91.51408311206,1.974873747063));
#4770=CARTESIAN_POINT('Origin',(-181.4497474683,91.76408311306,-0.5));
#4771=CARTESIAN_POINT('',(-181.44974745255,91.5140831113088,2.99999999876142));
#4772=CARTESIAN_POINT('Origin',(-181.4497474683,91.51408311032,-0.5));
#4773=CARTESIAN_POINT('',(-181.449747454801,92.0140831113855,2.4999999991568));
#4774=CARTESIAN_POINT('Origin',(-181.4497474683,92.01408311032,-0.5));
#4775=CARTESIAN_POINT('',(-181.4497474515,91.51408311227,2.999999998057));
#4776=CARTESIAN_POINT('Origin',(-181.4497474683,92.01408311032,-0.5));
#4777=CARTESIAN_POINT('',(-181.4497474515,52.5140831089874,2.99999999866428));
#4778=CARTESIAN_POINT('Origin',(-181.4497474683,52.51408311032,-0.5));
#4779=CARTESIAN_POINT('',(-181.4497474515,91.51408311227,2.999999998057));
#4780=CARTESIAN_POINT('Origin',(-181.4497474683,52.26408310759,-0.5000000000002));
#4781=CARTESIAN_POINT('',(-181.449747453901,52.0140831091788,2.49999999885552));
#4782=CARTESIAN_POINT('',(-181.4497474515,52.51408310838,2.999999998057));
#4783=CARTESIAN_POINT('Origin',(-181.4497474683,52.01408311032,-0.5000000000002));
#4784=CARTESIAN_POINT('Origin',(-180.6843806036,52.01408311032,1.347759065023));
#4785=CARTESIAN_POINT('',(-181.4497474683,52.01408311032,0.));
#4786=CARTESIAN_POINT('',(-181.4497474539,52.01408310866,2.499999998335));
#4787=CARTESIAN_POINT('Origin',(-181.4497474683,52.01408311032,-0.5));
#4788=CARTESIAN_POINT('Origin',(-181.4497474683,92.01408311032,-0.5));
#4789=CARTESIAN_POINT('',(-181.4497474683,92.01408311032,0.));
#4790=CARTESIAN_POINT('',(-181.4497474683,92.01408311032,0.));
#4791=CARTESIAN_POINT('Origin',(-181.4497474683,92.01408311032,-0.5));
#4792=CARTESIAN_POINT('Origin',(-180.6843806036,92.01408311032,1.347759065023));
#4793=CARTESIAN_POINT('',(-179.3284271379,92.01408311181,1.621320354626));
#4794=CARTESIAN_POINT('',(-181.4497474539,92.01408311199,2.499999998335));
#4795=CARTESIAN_POINT('Origin',(-201.366075566,92.01408311032,1.5));
#4796=CARTESIAN_POINT('',(-219.169099884797,92.0140831109594,2.49999999935711));
#4797=CARTESIAN_POINT('',(-181.4497474539,92.01408311199,2.499999998335));
#4798=CARTESIAN_POINT('',(-219.1690998863,92.01408311032,0.));
#4799=CARTESIAN_POINT('',(-181.4497474683,92.01408311032,0.));
#4800=CARTESIAN_POINT('',(-219.1690998863,92.01408311032,0.));
#4801=CARTESIAN_POINT('Origin',(-200.3094236773,91.76408311032,2.75));
#4802=CARTESIAN_POINT('',(-219.1690998842,91.514083111049,2.99999999926702));
#4803=CARTESIAN_POINT('',(-181.4497474515,91.51408311227,2.999999998057));
#4804=CARTESIAN_POINT('',(-219.1690998842,91.51408311152,2.999999998801));
#4805=CARTESIAN_POINT('Origin',(0.,0.,3.));
#4806=CARTESIAN_POINT('',(-254.839050776,46.13118184917,3.000000000009));
#4807=CARTESIAN_POINT('',(-229.160949224,46.13118184918,3.000000000009));
#4808=CARTESIAN_POINT('Origin',(-242.,71.01408311032,3.000000000009));
#4809=CARTESIAN_POINT('',(-226.25,49.36344801571,3.00000000000535));
#4810=CARTESIAN_POINT('Origin',(-229.5,49.36344801571,3.));
#4811=CARTESIAN_POINT('',(-226.870300776,47.45368834726,3.000000000003));
#4812=CARTESIAN_POINT('Origin',(-229.5,49.36344801571,3.));
#4813=CARTESIAN_POINT('',(-223.583334585042,49.9231742870048,2.99999999999516));
#4814=CARTESIAN_POINT('Origin',(-242.,71.01408311032,3.000000000003));
#4815=CARTESIAN_POINT('',(-216.677085011297,52.5140830984408,2.99999998811612));
#4816=CARTESIAN_POINT('Origin',(-216.6770854758,42.01408311032,3.));
#4817=CARTESIAN_POINT('',(-216.6770850031,52.51408308656,2.999999976233));
#4818=CARTESIAN_POINT('',(-225.39570866458,93.5595374026798,2.99999999999942));
#4819=CARTESIAN_POINT('Origin',(-219.1690998863,102.0140831103,3.));
#4820=CARTESIAN_POINT('',(-226.870300776,94.57447787337,3.));
#4821=CARTESIAN_POINT('Origin',(-242.,71.01408311032,3.));
#4822=CARTESIAN_POINT('',(-226.25,92.66471820493,3.00000000000637));
#4823=CARTESIAN_POINT('Origin',(-229.5,92.66471820493,3.));
#4824=CARTESIAN_POINT('',(-229.160949224,95.89698437146,3.000000000009));
#4825=CARTESIAN_POINT('Origin',(-229.5,92.66471820493,3.));
#4826=CARTESIAN_POINT('',(-254.839050776,95.89698437146,3.000000000009));
#4827=CARTESIAN_POINT('Origin',(-242.,71.01408311032,3.000000000009));
#4828=CARTESIAN_POINT('',(-251.25,92.66471820493,3.00000000000727));
#4829=CARTESIAN_POINT('Origin',(-254.5,92.66471820493,3.));
#4830=CARTESIAN_POINT('',(-257.129699224,94.57447787337,3.000000000008));
#4831=CARTESIAN_POINT('Origin',(-254.5,92.66471820493,3.));
#4832=CARTESIAN_POINT('',(-269.968750000003,72.3365896084041,3.00000000000501));
#4833=CARTESIAN_POINT('Origin',(-242.,71.01408311032,3.000000000008));
#4834=CARTESIAN_POINT('',(-263.75,71.01408311032,3.00000000000765));
#4835=CARTESIAN_POINT('Origin',(-267.,71.01408311032,3.));
#4836=CARTESIAN_POINT('',(-269.968750000003,69.6915766122346,3.00000000000586));
#4837=CARTESIAN_POINT('Origin',(-267.,71.01408311032,3.));
#4838=CARTESIAN_POINT('',(-257.129699224,47.45368834727,3.00000000001));
#4839=CARTESIAN_POINT('Origin',(-242.,71.01408311032,3.00000000001));
#4840=CARTESIAN_POINT('',(-251.25,49.36344801571,3.00000000000754));
#4841=CARTESIAN_POINT('Origin',(-254.5,49.36344801571,3.));
#4842=CARTESIAN_POINT('Origin',(-254.5,49.36344801571,3.));
#4843=CARTESIAN_POINT('',(-213.75,71.01408311032,3.00000000000001));
#4844=CARTESIAN_POINT('Origin',(-217.,71.01408311032,3.));
#4845=CARTESIAN_POINT('',(-189.75,84.01408311032,3.));
#4846=CARTESIAN_POINT('Origin',(-193.,84.01408311032,3.));
#4847=CARTESIAN_POINT('',(-189.75,60.01408311032,3.));
#4848=CARTESIAN_POINT('Origin',(-193.,60.01408311032,3.));
#4849=CARTESIAN_POINT('',(-242.,91.01408311032,3.));
#4850=CARTESIAN_POINT('Origin',(-242.,71.01408311032,3.));
#4851=CARTESIAN_POINT('Origin',(-242.,71.01408311032,1.5));
#4852=CARTESIAN_POINT('',(-242.,91.01408311032,0.));
#4853=CARTESIAN_POINT('',(-242.,91.01408311032,1.5));
#4854=CARTESIAN_POINT('Origin',(-242.,71.01408311032,0.));
#4855=CARTESIAN_POINT('Origin',(0.,0.,0.));
#4856=CARTESIAN_POINT('',(-225.099203812,93.96213505838,0.));
#4857=CARTESIAN_POINT('',(-223.2544658717,49.54655064279,0.));
#4858=CARTESIAN_POINT('Origin',(-242.,71.01408311032,0.));
#4859=CARTESIAN_POINT('Origin',(-219.1690998863,102.0140831103,0.));
#4860=CARTESIAN_POINT('',(-216.6770854758,52.01408311032,0.));
#4861=CARTESIAN_POINT('',(-216.6770854758,52.01408311032,0.));
#4862=CARTESIAN_POINT('Origin',(-216.6770854758,42.01408311032,0.));
#4863=CARTESIAN_POINT('',(-215.4,71.01408311032,0.));
#4864=CARTESIAN_POINT('Origin',(-217.,71.01408311032,0.));
#4865=CARTESIAN_POINT('',(-265.4,71.01408311032,0.));
#4866=CARTESIAN_POINT('Origin',(-267.,71.01408311032,0.));
#4867=CARTESIAN_POINT('',(-252.9,92.66471820493,0.));
#4868=CARTESIAN_POINT('Origin',(-254.5,92.66471820493,0.));
#4869=CARTESIAN_POINT('',(-227.9,92.66471820493,0.));
#4870=CARTESIAN_POINT('Origin',(-229.5,92.66471820493,0.));
#4871=CARTESIAN_POINT('',(-227.9,49.36344801571,0.));
#4872=CARTESIAN_POINT('Origin',(-229.5,49.36344801571,0.));
#4873=CARTESIAN_POINT('',(-252.9,49.36344801571,0.));
#4874=CARTESIAN_POINT('Origin',(-254.5,49.36344801571,0.));
#4875=CARTESIAN_POINT('',(-191.4,84.01408311032,0.));
#4876=CARTESIAN_POINT('Origin',(-193.,84.01408311032,0.));
#4877=CARTESIAN_POINT('',(-191.4,60.01408311032,0.));
#4878=CARTESIAN_POINT('Origin',(-193.,60.01408311032,0.));
#4879=CARTESIAN_POINT('Origin',(-217.,71.01408311032,-83.61594583997));
#4880=CARTESIAN_POINT('',(-215.4,71.01408311032,1.1));
#4881=CARTESIAN_POINT('',(-215.4,71.01408311032,-83.61594583997));
#4882=CARTESIAN_POINT('Origin',(-217.,71.01408311032,1.1));
#4883=CARTESIAN_POINT('Origin',(-217.,71.01408311032,1.8));
#4884=CARTESIAN_POINT('',(-214.,71.01408311032,2.5));
#4885=CARTESIAN_POINT('',(-214.7,71.01408311032,1.8));
#4886=CARTESIAN_POINT('Origin',(-217.,71.01408311032,2.5));
#4887=CARTESIAN_POINT('Origin',(-217.,71.01408311032,2.5));
#4888=CARTESIAN_POINT('',(-213.75,71.01408311032,2.5));
#4889=CARTESIAN_POINT('Origin',(-217.,71.01408311032,2.5));
#4890=CARTESIAN_POINT('Origin',(-217.,71.01408311032,-83.61594583997));
#4891=CARTESIAN_POINT('',(-213.75,71.01408311032,-83.61594583997));
#4892=CARTESIAN_POINT('Origin',(-267.,71.01408311032,-83.61594583997));
#4893=CARTESIAN_POINT('',(-265.4,71.01408311032,1.1));
#4894=CARTESIAN_POINT('',(-265.4,71.01408311032,-83.61594583997));
#4895=CARTESIAN_POINT('Origin',(-267.,71.01408311032,1.1));
#4896=CARTESIAN_POINT('Origin',(-267.,71.01408311032,1.8));
#4897=CARTESIAN_POINT('',(-264.,71.01408311032,2.5));
#4898=CARTESIAN_POINT('',(-264.7,71.01408311032,1.8));
#4899=CARTESIAN_POINT('Origin',(-267.,71.01408311032,2.5));
#4900=CARTESIAN_POINT('Origin',(-267.,71.01408311032,2.5));
#4901=CARTESIAN_POINT('',(-263.75,71.01408311032,2.5));
#4902=CARTESIAN_POINT('Origin',(-267.,71.01408311032,2.5));
#4903=CARTESIAN_POINT('Origin',(-267.,71.01408311032,-83.61594583997));
#4904=CARTESIAN_POINT('',(-263.75,71.01408311032,-83.61594583997));
#4905=CARTESIAN_POINT('Ctrl Pts',(-269.968750000004,69.6915766122347,3.00000000000765));
#4906=CARTESIAN_POINT('Ctrl Pts',(-270.053424318426,69.8816527163457,2.92439792998748));
#4907=CARTESIAN_POINT('Ctrl Pts',(-270.121262497759,70.0835978699309,2.86412615070865));
#4908=CARTESIAN_POINT('Ctrl Pts',(-270.222503500381,70.5277245667201,2.77430332968346));
#4909=CARTESIAN_POINT('Ctrl Pts',(-270.25,70.7717386730135,2.75000000001102));
#4910=CARTESIAN_POINT('Ctrl Pts',(-270.25,71.2564275476266,2.75000000001102));
#4911=CARTESIAN_POINT('Ctrl Pts',(-270.222503500381,71.5004416539199,2.77430332968343));
#4912=CARTESIAN_POINT('Ctrl Pts',(-270.121262497759,71.9445683507086,2.86412615070853));
#4913=CARTESIAN_POINT('Ctrl Pts',(-270.053424318427,72.1465135042934,2.92439792998721));
#4914=CARTESIAN_POINT('Ctrl Pts',(-269.968750000004,72.3365896084039,3.0000000000071));
#4915=CARTESIAN_POINT('Origin',(-242.,71.01408311032,2.749832470291));
#4916=CARTESIAN_POINT('',(-223.254465824626,49.5465506766256,2.49999999894141));
#4917=CARTESIAN_POINT('',(-225.098954235121,93.9620828866829,2.49999376047165));
#4918=CARTESIAN_POINT('Origin',(-242.,71.01408311032,2.500000000012));
#4919=CARTESIAN_POINT('',(-223.5832141132,49.92303632364,2.9998168406));
#4920=CARTESIAN_POINT('Ctrl Pts',(-229.160949224001,46.13118184918,3.00000000000536));
#4921=CARTESIAN_POINT('Ctrl Pts',(-228.95400132998,46.1528897904336,2.92439792998667));
#4922=CARTESIAN_POINT('Ctrl Pts',(-228.745192607141,46.1951127805771,2.86412615070888));
#4923=CARTESIAN_POINT('Ctrl Pts',(-228.309947103915,46.3294988487961,2.77430332968426));
#4924=CARTESIAN_POINT('Ctrl Pts',(-228.084876439173,46.4276932347573,2.75000000001181));
#4925=CARTESIAN_POINT('Ctrl Pts',(-227.665123560827,46.6700376720639,2.75000000001181));
#4926=CARTESIAN_POINT('Ctrl Pts',(-227.467549395705,46.8158573923961,2.77430332968427));
#4927=CARTESIAN_POINT('Ctrl Pts',(-227.1335448951,47.1255980209626,2.86412615070865));
#4928=CARTESIAN_POINT('Ctrl Pts',(-226.992574351593,47.2853201844007,2.92439792998599));
#4929=CARTESIAN_POINT('Ctrl Pts',(-226.870300775993,47.4536883472547,3.00000000000412));
#4930=CARTESIAN_POINT('Ctrl Pts',(-257.129699224012,47.4536883472623,3.00000000000753));
#4931=CARTESIAN_POINT('Ctrl Pts',(-257.007425648411,47.2853201844055,2.92439792998782));
#4932=CARTESIAN_POINT('Ctrl Pts',(-256.866455104902,47.1255980209648,2.86412615070928));
#4933=CARTESIAN_POINT('Ctrl Pts',(-256.532450604296,46.8158573923961,2.77430332968427));
#4934=CARTESIAN_POINT('Ctrl Pts',(-256.334876439173,46.6700376720639,2.75000000001181));
#4935=CARTESIAN_POINT('Ctrl Pts',(-255.915123560827,46.4276932347573,2.75000000001181));
#4936=CARTESIAN_POINT('Ctrl Pts',(-255.690052896085,46.3294988487961,2.77430332968426));
#4937=CARTESIAN_POINT('Ctrl Pts',(-255.254807392859,46.195112780577,2.86412615070894));
#4938=CARTESIAN_POINT('Ctrl Pts',(-255.045998670019,46.1528897904335,2.92439792998686));
#4939=CARTESIAN_POINT('Ctrl Pts',(-254.839050775998,46.1311818491799,3.00000000000573));
#4940=CARTESIAN_POINT('Ctrl Pts',(-254.839050775999,95.89698437146,3.00000000000536));
#4941=CARTESIAN_POINT('Ctrl Pts',(-255.04599867002,95.8752764302064,2.92439792998665));
#4942=CARTESIAN_POINT('Ctrl Pts',(-255.254807392859,95.8330534400629,2.86412615070887));
#4943=CARTESIAN_POINT('Ctrl Pts',(-255.690052896085,95.6986673718439,2.77430332968425));
#4944=CARTESIAN_POINT('Ctrl Pts',(-255.915123560827,95.6004729858827,2.75000000001185));
#4945=CARTESIAN_POINT('Ctrl Pts',(-256.334876439173,95.3581285485761,2.75000000001185));
#4946=CARTESIAN_POINT('Ctrl Pts',(-256.532450604296,95.2123088282439,2.77430332968427));
#4947=CARTESIAN_POINT('Ctrl Pts',(-256.866455104902,94.9025681996753,2.86412615070924));
#4948=CARTESIAN_POINT('Ctrl Pts',(-257.007425648411,94.7428460362349,2.92439792998769));
#4949=CARTESIAN_POINT('Ctrl Pts',(-257.129699224012,94.5744778733783,3.00000000000727));
#4950=CARTESIAN_POINT('Ctrl Pts',(-226.87030077599,94.5744778733803,3.00000000000636));
#4951=CARTESIAN_POINT('Ctrl Pts',(-226.99257435159,94.7428460362362,2.92439792998719));
#4952=CARTESIAN_POINT('Ctrl Pts',(-227.133544895098,94.9025681996759,2.86412615070908));
#4953=CARTESIAN_POINT('Ctrl Pts',(-227.467549395704,95.2123088282439,2.77430332968427));
#4954=CARTESIAN_POINT('Ctrl Pts',(-227.665123560827,95.3581285485761,2.75000000001185));
#4955=CARTESIAN_POINT('Ctrl Pts',(-228.084876439173,95.6004729858827,2.75000000001185));
#4956=CARTESIAN_POINT('Ctrl Pts',(-228.309947103915,95.6986673718439,2.77430332968425));
#4957=CARTESIAN_POINT('Ctrl Pts',(-228.745192607141,95.8330534400629,2.86412615070887));
#4958=CARTESIAN_POINT('Ctrl Pts',(-228.95400132998,95.8752764302064,2.92439792998666));
#4959=CARTESIAN_POINT('Ctrl Pts',(-229.160949224001,95.89698437146,3.00000000000534));
#4960=CARTESIAN_POINT('',(-225.3956260656,93.5596494452,2.999860801886));
#4961=CARTESIAN_POINT('Origin',(-242.,71.01408311032,1.5));
#4962=CARTESIAN_POINT('',(-225.099203812,93.96213505838,0.));
#4963=CARTESIAN_POINT('',(-223.2544658717,49.54655064279,0.));
#4964=CARTESIAN_POINT('Origin',(-216.6770854758,42.01408311032,-41.07956453384));
#4965=CARTESIAN_POINT('',(-216.677085148713,52.0140830994057,2.49999999117537));
#4966=CARTESIAN_POINT('Origin',(-216.6770854758,42.01408311032,2.5));
#4967=CARTESIAN_POINT('',(-216.6770854758,52.01408311032,0.));
#4968=CARTESIAN_POINT('Origin',(-216.6770854758,42.01408311032,2.749999964261));
#4969=CARTESIAN_POINT('',(-216.6770850031,52.51408308656,2.999999976233));
#4970=CARTESIAN_POINT('Origin',(-199.0634164721,52.26408311032,2.75));
#4971=CARTESIAN_POINT('',(-216.6770851382,52.01408309335,2.499999983024));
#4972=CARTESIAN_POINT('Origin',(-200.3786771069,52.01408311032,1.5));
#4973=CARTESIAN_POINT('Origin',(-219.1690998863,102.0140831103,-41.07956453384));
#4974=CARTESIAN_POINT('Origin',(-219.1690998863,102.0140831103,2.5));
#4975=CARTESIAN_POINT('Origin',(-219.1690998863,102.0140831103,2.749999998556));
#4976=CARTESIAN_POINT('Origin',(-229.5,92.66471820493,-83.61594583997));
#4977=CARTESIAN_POINT('',(-226.25,92.66471820493,2.5));
#4978=CARTESIAN_POINT('Origin',(-229.5,92.66471820493,2.5));
#4979=CARTESIAN_POINT('',(-226.25,92.66471820493,-83.61594583997));
#4980=CARTESIAN_POINT('Origin',(-229.5,92.66471820493,2.5));
#4981=CARTESIAN_POINT('',(-226.5,92.66471820493,2.5));
#4982=CARTESIAN_POINT('Origin',(-229.5,92.66471820493,2.5));
#4983=CARTESIAN_POINT('Origin',(-229.5,92.66471820493,1.8));
#4984=CARTESIAN_POINT('',(-227.9,92.66471820493,1.1));
#4985=CARTESIAN_POINT('Origin',(-229.5,92.66471820493,1.1));
#4986=CARTESIAN_POINT('',(-227.2,92.66471820493,1.8));
#4987=CARTESIAN_POINT('Origin',(-229.5,92.66471820493,-83.61594583997));
#4988=CARTESIAN_POINT('',(-227.9,92.66471820493,-83.61594583997));
#4989=CARTESIAN_POINT('Origin',(-254.5,92.66471820493,-83.61594583997));
#4990=CARTESIAN_POINT('',(-251.25,92.66471820493,2.5));
#4991=CARTESIAN_POINT('Origin',(-254.5,92.66471820493,2.5));
#4992=CARTESIAN_POINT('',(-251.25,92.66471820493,-83.61594583997));
#4993=CARTESIAN_POINT('Origin',(-254.5,92.66471820493,2.5));
#4994=CARTESIAN_POINT('',(-251.5,92.66471820493,2.5));
#4995=CARTESIAN_POINT('Origin',(-254.5,92.66471820493,2.5));
#4996=CARTESIAN_POINT('Origin',(-254.5,92.66471820493,1.8));
#4997=CARTESIAN_POINT('',(-252.9,92.66471820493,1.1));
#4998=CARTESIAN_POINT('Origin',(-254.5,92.66471820493,1.1));
#4999=CARTESIAN_POINT('',(-252.2,92.66471820493,1.8));
#5000=CARTESIAN_POINT('Origin',(-254.5,92.66471820493,-83.61594583997));
#5001=CARTESIAN_POINT('',(-252.9,92.66471820493,-83.61594583997));
#5002=CARTESIAN_POINT('Origin',(-254.5,49.36344801571,-83.61594583997));
#5003=CARTESIAN_POINT('',(-251.25,49.36344801571,2.5));
#5004=CARTESIAN_POINT('Origin',(-254.5,49.36344801571,2.5));
#5005=CARTESIAN_POINT('',(-251.25,49.36344801571,-83.61594583997));
#5006=CARTESIAN_POINT('Origin',(-254.5,49.36344801571,2.5));
#5007=CARTESIAN_POINT('',(-251.5,49.36344801571,2.5));
#5008=CARTESIAN_POINT('Origin',(-254.5,49.36344801571,2.5));
#5009=CARTESIAN_POINT('Origin',(-254.5,49.36344801571,1.8));
#5010=CARTESIAN_POINT('',(-252.9,49.36344801571,1.1));
#5011=CARTESIAN_POINT('Origin',(-254.5,49.36344801571,1.1));
#5012=CARTESIAN_POINT('',(-252.2,49.36344801571,1.8));
#5013=CARTESIAN_POINT('Origin',(-254.5,49.36344801571,-83.61594583997));
#5014=CARTESIAN_POINT('',(-252.9,49.36344801571,-83.61594583997));
#5015=CARTESIAN_POINT('Origin',(-229.5,49.36344801571,-83.61594583997));
#5016=CARTESIAN_POINT('',(-226.25,49.36344801571,2.5));
#5017=CARTESIAN_POINT('Origin',(-229.5,49.36344801571,2.5));
#5018=CARTESIAN_POINT('',(-226.25,49.36344801571,-83.61594583997));
#5019=CARTESIAN_POINT('Origin',(-229.5,49.36344801571,2.5));
#5020=CARTESIAN_POINT('',(-226.5,49.36344801571,2.5));
#5021=CARTESIAN_POINT('Origin',(-229.5,49.36344801571,2.5));
#5022=CARTESIAN_POINT('Origin',(-229.5,49.36344801571,1.8));
#5023=CARTESIAN_POINT('',(-227.9,49.36344801571,1.1));
#5024=CARTESIAN_POINT('Origin',(-229.5,49.36344801571,1.1));
#5025=CARTESIAN_POINT('',(-227.2,49.36344801571,1.8));
#5026=CARTESIAN_POINT('Origin',(-229.5,49.36344801571,-83.61594583997));
#5027=CARTESIAN_POINT('',(-227.9,49.36344801571,-83.61594583997));
#5028=CARTESIAN_POINT('Origin',(-193.,84.01408311032,-74.33394583997));
#5029=CARTESIAN_POINT('',(-191.4,84.01408311032,1.1));
#5030=CARTESIAN_POINT('',(-191.4,84.01408311032,-74.33394583997));
#5031=CARTESIAN_POINT('Origin',(-193.,84.01408311032,1.1));
#5032=CARTESIAN_POINT('Origin',(-193.,84.01408311032,1.8));
#5033=CARTESIAN_POINT('',(-190.,84.01408311032,2.5));
#5034=CARTESIAN_POINT('',(-190.7,84.01408311032,1.8));
#5035=CARTESIAN_POINT('Origin',(-193.,84.01408311032,2.5));
#5036=CARTESIAN_POINT('Origin',(-193.,84.01408311032,2.5));
#5037=CARTESIAN_POINT('',(-189.75,84.01408311032,2.5));
#5038=CARTESIAN_POINT('Origin',(-193.,84.01408311032,2.5));
#5039=CARTESIAN_POINT('Origin',(-193.,84.01408311032,-74.33394583997));
#5040=CARTESIAN_POINT('',(-189.75,84.01408311032,-74.33394583997));
#5041=CARTESIAN_POINT('Origin',(-193.,60.01408311032,-74.33394583997));
#5042=CARTESIAN_POINT('',(-191.4,60.01408311032,1.1));
#5043=CARTESIAN_POINT('',(-191.4,60.01408311032,-74.33394583997));
#5044=CARTESIAN_POINT('Origin',(-193.,60.01408311032,1.1));
#5045=CARTESIAN_POINT('Origin',(-193.,60.01408311032,1.8));
#5046=CARTESIAN_POINT('',(-190.,60.01408311032,2.5));
#5047=CARTESIAN_POINT('',(-190.7,60.01408311032,1.8));
#5048=CARTESIAN_POINT('Origin',(-193.,60.01408311032,2.5));
#5049=CARTESIAN_POINT('Origin',(-193.,60.01408311032,2.5));
#5050=CARTESIAN_POINT('',(-189.75,60.01408311032,2.5));
#5051=CARTESIAN_POINT('Origin',(-193.,60.01408311032,2.5));
#5052=CARTESIAN_POINT('Origin',(-193.,60.01408311032,-74.33394583997));
#5053=CARTESIAN_POINT('',(-189.75,60.01408311032,-74.33394583997));
#5054=CARTESIAN_POINT('Origin',(-162.8704275092,92.01408311032,-16.25089283437));
#5055=UNCERTAINTY_MEASURE_WITH_UNIT(LENGTH_MEASURE(0.01),#5059,
'DISTANCE_ACCURACY_VALUE',
'Maximum model space distance between geometric entities at asserted c
onnectivities');
#5056=UNCERTAINTY_MEASURE_WITH_UNIT(LENGTH_MEASURE(0.01),#5059,
'DISTANCE_ACCURACY_VALUE',
'Maximum model space distance between geometric entities at asserted c
onnectivities');
#5057=(
GEOMETRIC_REPRESENTATION_CONTEXT(3)
GLOBAL_UNCERTAINTY_ASSIGNED_CONTEXT((#5055))
GLOBAL_UNIT_ASSIGNED_CONTEXT((#5059,#5061,#5062))
REPRESENTATION_CONTEXT('','3D')
);
#5058=(
GEOMETRIC_REPRESENTATION_CONTEXT(3)
GLOBAL_UNCERTAINTY_ASSIGNED_CONTEXT((#5056))
GLOBAL_UNIT_ASSIGNED_CONTEXT((#5059,#5061,#5062))
REPRESENTATION_CONTEXT('','3D')
);
#5059=(
LENGTH_UNIT()
NAMED_UNIT(*)
SI_UNIT(.MILLI.,.METRE.)
);
#5060=(
LENGTH_UNIT()
NAMED_UNIT(*)
SI_UNIT($,.METRE.)
);
#5061=(
NAMED_UNIT(*)
PLANE_ANGLE_UNIT()
SI_UNIT($,.RADIAN.)
);
#5062=(
NAMED_UNIT(*)
SI_UNIT($,.STERADIAN.)
SOLID_ANGLE_UNIT()
);
#5063=SHAPE_DEFINITION_REPRESENTATION(#5064,#5065);
#5064=PRODUCT_DEFINITION_SHAPE('',$,#5067);
#5065=SHAPE_REPRESENTATION('',(#2905),#5057);
#5066=PRODUCT_DEFINITION_CONTEXT('part definition',#5071,'design');
#5067=PRODUCT_DEFINITION('2026-07-09-11-09-20-480','2-LINK-3_4-L',#5068,
#5066);
#5068=PRODUCT_DEFINITION_FORMATION('',$,#5073);
#5069=PRODUCT_RELATED_PRODUCT_CATEGORY('2-LINK-3_4-L','2-LINK-3_4-L',(#5073));
#5070=APPLICATION_PROTOCOL_DEFINITION('international standard',
'automotive_design',2009,#5071);
#5071=APPLICATION_CONTEXT(
'Core Data for Automotive Mechanical Design Process');
#5072=PRODUCT_CONTEXT('part definition',#5071,'mechanical');
#5073=PRODUCT('2026-07-09-11-09-20-480','2-LINK-3_4-L','NOT SPECIFIED',
(#5072));
#5074=PRESENTATION_STYLE_ASSIGNMENT((#5075));
#5075=SURFACE_STYLE_USAGE(.BOTH.,#5076);
#5076=SURFACE_SIDE_STYLE('',(#5077));
#5077=SURFACE_STYLE_FILL_AREA(#5078);
#5078=FILL_AREA_STYLE('\X2\94A2\X0\ - \X2\7F0E5149\X0\',(#5079));
#5079=FILL_AREA_STYLE_COLOUR('\X2\94A2\X0\ - \X2\7F0E5149\X0\',#5080);
#5080=COLOUR_RGB('\X2\94A2\X0\ - \X2\7F0E5149\X0\',0.627450980392157,0.627450980392157,
0.627450980392157);
ENDSEC;
END-ISO-10303-21;
