ISO-10303-21;
HEADER;
/* Generated by software containing ST-Developer
 * from STEP Tools, Inc. (www.steptools.com) 
 */

FILE_DESCRIPTION(
/* description */ ('NOT SPECIFIED'),
/* implementation_level */ '2;1');

FILE_NAME(
/* name */ '2-RSM1-STATOR-2.step',
/* time_stamp */ '2026-07-07T17:41:35+08:00',
/* author */ (''),
/* organization */ (''),
/* preprocessor_version */ 'ST-DEVELOPER v20.1',
/* originating_system */ 'Autodesk Translation Framework v15.8.0.0',
/* authorisation */ '');

FILE_SCHEMA (('AUTOMOTIVE_DESIGN { 1 0 10303 214 3 1 1 }'));
ENDSEC;

DATA;
#10=MECHANICAL_DESIGN_GEOMETRIC_PRESENTATION_REPRESENTATION('',(#13),#5847);
#11=SHAPE_REPRESENTATION_RELATIONSHIP('SRR','None',#5854,#12);
#12=ADVANCED_BREP_SHAPE_REPRESENTATION('',(#14),#5846);
#13=STYLED_ITEM('',(#5863),#14);
#14=MANIFOLD_SOLID_BREP('\X2\5B9E4F53\X0\1',#3241);
#15=ELLIPSE('',#3492,1.41421356237312,1.);
#16=ELLIPSE('',#3511,1.41421356237302,1.);
#17=(
BOUNDED_CURVE()
B_SPLINE_CURVE(2,(#5414,#5415,#5416),.UNSPECIFIED.,.F.,.F.)
B_SPLINE_CURVE_WITH_KNOTS((3,3),(0.179785972011625,0.283879897968241),
 .UNSPECIFIED.)
CURVE()
GEOMETRIC_REPRESENTATION_ITEM()
RATIONAL_B_SPLINE_CURVE((0.999999895429127,0.999999885171489,0.999999898090747))
REPRESENTATION_ITEM('')
);
#18=(
BOUNDED_CURVE()
B_SPLINE_CURVE(2,(#5418,#5419,#5420),.UNSPECIFIED.,.F.,.F.)
B_SPLINE_CURVE_WITH_KNOTS((3,3),(0.167785143645492,0.271890011921628),
 .UNSPECIFIED.)
CURVE()
GEOMETRIC_REPRESENTATION_ITEM()
RATIONAL_B_SPLINE_CURVE((0.999999898113149,0.999999885185923,0.999999895441025))
REPRESENTATION_ITEM('')
);
#19=B_SPLINE_CURVE_WITH_KNOTS('',3,(#5338,#5339,#5340,#5341,#5342,#5343,
#5344,#5345,#5346,#5347,#5348,#5349,#5350,#5351,#5352,#5353,#5354,#5355,
#5356,#5357,#5358,#5359,#5360,#5361,#5362,#5363,#5364,#5365,#5366,#5367,
#5368,#5369,#5370,#5371,#5372,#5373,#5374,#5375,#5376,#5377,#5378,#5379,
#5380,#5381,#5382,#5383,#5384,#5385,#5386,#5387,#5388,#5389,#5390,#5391,
#5392,#5393,#5394,#5395,#5396,#5397,#5398,#5399,#5400),.UNSPECIFIED.,.F.,
 .F.,(4,2,2,2,2,2,2,2,2,2,2,2,2,2,2,2,2,2,2,2,2,2,2,3,2,2,2,2,2,2,4),(-10.5688497525733,
-10.3586430334059,-9.88774846348153,-9.41685389355714,-8.94597679912571,
-8.47509970469428,-8.00422261026285,-7.53334551583142,-7.06249686466695,
-6.59164821350248,-6.120799562338,-5.64995091117353,-5.1791250096226,-4.70829910807168,
-4.23747320652075,-3.76664730496983,-3.29582513099054,-2.82500295701126,
-2.35418078303197,-1.88335860905269,-1.41251895678952,-0.941679304526344,
-0.470839652263172,0.,0.470868095887612,0.941736191775224,1.41260428766284,
1.88347238355045,2.35436322626069,2.82525406897093,3.03550151905237),
 .UNSPECIFIED.);
#20=B_SPLINE_CURVE_WITH_KNOTS('',3,(#5402,#5403,#5404,#5405,#5406,#5407,
#5408,#5409,#5410,#5411,#5412,#5413),.UNSPECIFIED.,.F.,.F.,(4,2,2,2,2,4),
(-0.545341929528719,-0.545340528866297,-0.52411399675859,-0.502887464650883,
-0.460434400435469,-0.459366976874531),.UNSPECIFIED.);
#21=B_SPLINE_CURVE_WITH_KNOTS('',3,(#5421,#5422,#5423,#5424,#5425,#5426,
#5427,#5428,#5429,#5430,#5431,#5432),.UNSPECIFIED.,.F.,.F.,(4,2,2,2,2,4),
(-0.631299806371373,-0.630246641015763,-0.587793570050958,-0.566567034568556,
-0.545340499086154,-0.5453370825314),.UNSPECIFIED.);
#22=CYLINDRICAL_SURFACE('',#3281,1.85);
#23=CYLINDRICAL_SURFACE('',#3363,32.);
#24=CYLINDRICAL_SURFACE('',#3365,32.);
#25=CYLINDRICAL_SURFACE('',#3367,32.);
#26=CYLINDRICAL_SURFACE('',#3369,32.);
#27=CYLINDRICAL_SURFACE('',#3373,1.85);
#28=CYLINDRICAL_SURFACE('',#3379,1.85);
#29=CYLINDRICAL_SURFACE('',#3385,1.85);
#30=CYLINDRICAL_SURFACE('',#3391,1.65);
#31=CYLINDRICAL_SURFACE('',#3397,1.65);
#32=CYLINDRICAL_SURFACE('',#3403,1.65);
#33=CYLINDRICAL_SURFACE('',#3407,0.6);
#34=CYLINDRICAL_SURFACE('',#3412,0.6);
#35=CYLINDRICAL_SURFACE('',#3414,0.6);
#36=CYLINDRICAL_SURFACE('',#3418,2.);
#37=CYLINDRICAL_SURFACE('',#3420,39.);
#38=CYLINDRICAL_SURFACE('',#3423,39.);
#39=CYLINDRICAL_SURFACE('',#3428,39.);
#40=CYLINDRICAL_SURFACE('',#3431,39.);
#41=CYLINDRICAL_SURFACE('',#3434,39.);
#42=CYLINDRICAL_SURFACE('',#3437,39.);
#43=CYLINDRICAL_SURFACE('',#3440,39.);
#44=CYLINDRICAL_SURFACE('',#3443,39.);
#45=CYLINDRICAL_SURFACE('',#3449,2.);
#46=CYLINDRICAL_SURFACE('',#3479,27.4);
#47=CYLINDRICAL_SURFACE('',#3488,25.);
#48=CYLINDRICAL_SURFACE('',#3490,1.);
#49=CYLINDRICAL_SURFACE('',#3503,20.5);
#50=CYLINDRICAL_SURFACE('',#3510,1.);
#51=CYLINDRICAL_SURFACE('',#3513,3.25);
#52=CYLINDRICAL_SURFACE('',#3519,2.);
#53=CYLINDRICAL_SURFACE('',#3524,1.6);
#54=CYLINDRICAL_SURFACE('',#3533,0.6);
#55=CYLINDRICAL_SURFACE('',#3539,43.5);
#56=CYLINDRICAL_SURFACE('',#3541,0.6);
#57=CYLINDRICAL_SURFACE('',#3547,0.6);
#58=CYLINDRICAL_SURFACE('',#3554,2.);
#59=CYLINDRICAL_SURFACE('',#3555,3.25);
#60=CYLINDRICAL_SURFACE('',#3564,1.6);
#61=CYLINDRICAL_SURFACE('',#3570,0.6);
#62=CYLINDRICAL_SURFACE('',#3573,2.);
#63=CYLINDRICAL_SURFACE('',#3577,2.);
#64=CYLINDRICAL_SURFACE('',#3578,3.25);
#65=CYLINDRICAL_SURFACE('',#3586,1.6);
#66=CYLINDRICAL_SURFACE('',#3590,2.);
#67=CYLINDRICAL_SURFACE('',#3596,2.);
#68=CYLINDRICAL_SURFACE('',#3597,3.25);
#69=CYLINDRICAL_SURFACE('',#3605,1.6);
#70=CYLINDRICAL_SURFACE('',#3609,2.);
#71=CYLINDRICAL_SURFACE('',#3615,2.);
#72=CYLINDRICAL_SURFACE('',#3616,3.25);
#73=CYLINDRICAL_SURFACE('',#3624,1.6);
#74=CYLINDRICAL_SURFACE('',#3628,2.);
#75=CYLINDRICAL_SURFACE('',#3634,2.);
#76=CYLINDRICAL_SURFACE('',#3635,3.25);
#77=CYLINDRICAL_SURFACE('',#3644,1.6);
#78=CYLINDRICAL_SURFACE('',#3648,2.);
#79=CYLINDRICAL_SURFACE('',#3652,2.);
#80=CYLINDRICAL_SURFACE('',#3660,2.);
#81=CYLINDRICAL_SURFACE('',#3661,3.25);
#82=CYLINDRICAL_SURFACE('',#3667,1.6);
#83=CYLINDRICAL_SURFACE('',#3674,2.);
#84=CYLINDRICAL_SURFACE('',#3675,3.25);
#85=CYLINDRICAL_SURFACE('',#3684,1.6);
#86=CYLINDRICAL_SURFACE('',#3691,26.2);
#87=CYLINDRICAL_SURFACE('',#3695,23.45);
#88=CONICAL_SURFACE('',#3279,2.035,0.785398163397448);
#89=CONICAL_SURFACE('',#3284,1.999999983036,0.785398163397448);
#90=CONICAL_SURFACE('',#3338,31.84999999971,0.785398163397448);
#91=CONICAL_SURFACE('',#3341,31.84999999971,0.785398163397448);
#92=CONICAL_SURFACE('',#3344,31.84999999971,0.785398163397448);
#93=CONICAL_SURFACE('',#3347,31.84999999971,0.785398163397448);
#94=CONICAL_SURFACE('',#3352,31.84999999971,0.785398163397448);
#95=CONICAL_SURFACE('',#3355,31.84999999971,0.785398163397448);
#96=CONICAL_SURFACE('',#3358,31.84999999971,0.785398163397448);
#97=CONICAL_SURFACE('',#3361,31.84999999971,0.785398163397448);
#98=CONICAL_SURFACE('',#3370,1.999999983036,0.785398163397448);
#99=CONICAL_SURFACE('',#3375,2.035,0.785398163397448);
#100=CONICAL_SURFACE('',#3376,1.999999983036,0.785398163397448);
#101=CONICAL_SURFACE('',#3381,2.035,0.785398163397448);
#102=CONICAL_SURFACE('',#3382,1.999999983036,0.785398163397448);
#103=CONICAL_SURFACE('',#3387,2.035,0.785398163397448);
#104=CONICAL_SURFACE('',#3388,1.799999985359,0.785398163397448);
#105=CONICAL_SURFACE('',#3393,1.785,0.785398163397448);
#106=CONICAL_SURFACE('',#3394,1.799999985359,0.785398163397448);
#107=CONICAL_SURFACE('',#3399,1.785,0.785398163397448);
#108=CONICAL_SURFACE('',#3400,1.799999985359,0.785398163397448);
#109=CONICAL_SURFACE('',#3405,1.785,0.785398163397448);
#110=CONICAL_SURFACE('',#3416,1.849999985726,0.785398163397448);
#111=CONICAL_SURFACE('',#3446,39.15,0.785398163397448);
#112=CONICAL_SURFACE('',#3447,1.849999985726,0.785398163397448);
#113=CONICAL_SURFACE('',#3482,27.24999999975,0.785398163397448);
#114=CONICAL_SURFACE('',#3487,24.99970974796,0.785358130089768);
#115=CONICAL_SURFACE('',#3499,20.64990071477,0.785398163397448);
#116=CONICAL_SURFACE('',#3507,20.6499905721,0.785398163397448);
#117=CONICAL_SURFACE('',#3508,20.64999999896,0.785398163397448);
#118=CONICAL_SURFACE('',#3516,3.399999981775,0.785398163397448);
#119=CONICAL_SURFACE('',#3517,1.849999985726,0.785398163397448);
#120=CONICAL_SURFACE('',#3522,2.3,0.785398163397448);
#121=CONICAL_SURFACE('',#3527,1.749999989725,0.785398163397448);
#122=CONICAL_SURFACE('',#3528,39.14999999994,0.785398163397448);
#123=CONICAL_SURFACE('',#3529,0.4499999999892,0.785398163397448);
#124=CONICAL_SURFACE('',#3536,0.7499999996305,0.785398163397448);
#125=CONICAL_SURFACE('',#3537,43.64999999999,0.785398163397448);
#126=CONICAL_SURFACE('',#3544,0.7499999994028,0.785398163397448);
#127=CONICAL_SURFACE('',#3550,0.4499999999892,0.785398163397448);
#128=CONICAL_SURFACE('',#3551,39.15000000002,0.785398163397448);
#129=CONICAL_SURFACE('',#3552,1.849999985726,0.785398163397448);
#130=CONICAL_SURFACE('',#3559,3.39999998179,0.785398163397448);
#131=CONICAL_SURFACE('',#3562,2.3,0.785398163397448);
#132=CONICAL_SURFACE('',#3567,1.749999989725,0.785398163397448);
#133=CONICAL_SURFACE('',#3571,1.849999985726,0.785398163397448);
#134=CONICAL_SURFACE('',#3574,39.14999999999,0.785398163397448);
#135=CONICAL_SURFACE('',#3575,1.849999985726,0.785398163397448);
#136=CONICAL_SURFACE('',#3581,3.399999981638,0.785398163397448);
#137=CONICAL_SURFACE('',#3584,2.3,0.785398163397448);
#138=CONICAL_SURFACE('',#3589,1.749999989725,0.785398163397448);
#139=CONICAL_SURFACE('',#3592,1.849999985726,0.785398163397448);
#140=CONICAL_SURFACE('',#3593,39.14999999999,0.785398163397448);
#141=CONICAL_SURFACE('',#3594,1.849999985726,0.785398163397448);
#142=CONICAL_SURFACE('',#3600,3.399999981638,0.785398163397448);
#143=CONICAL_SURFACE('',#3603,2.3,0.785398163397448);
#144=CONICAL_SURFACE('',#3608,1.749999989725,0.785398163397448);
#145=CONICAL_SURFACE('',#3611,1.849999985726,0.785398163397448);
#146=CONICAL_SURFACE('',#3612,39.15,0.785398163397448);
#147=CONICAL_SURFACE('',#3613,1.849999985726,0.785398163397448);
#148=CONICAL_SURFACE('',#3619,3.39999998179,0.785398163397448);
#149=CONICAL_SURFACE('',#3622,2.3,0.785398163397448);
#150=CONICAL_SURFACE('',#3627,1.749999989725,0.785398163397448);
#151=CONICAL_SURFACE('',#3630,1.849999985726,0.785398163397448);
#152=CONICAL_SURFACE('',#3631,39.14999999988,0.785398163397448);
#153=CONICAL_SURFACE('',#3632,1.849999985726,0.785398163397448);
#154=CONICAL_SURFACE('',#3639,3.399999981775,0.785398163397448);
#155=CONICAL_SURFACE('',#3642,2.3,0.785398163397448);
#156=CONICAL_SURFACE('',#3647,1.749999989725,0.785398163397448);
#157=CONICAL_SURFACE('',#3650,1.849999985726,0.785398163397448);
#158=CONICAL_SURFACE('',#3651,39.14999999985,0.785398163397448);
#159=CONICAL_SURFACE('',#3654,1.849999985726,0.785398163397448);
#160=CONICAL_SURFACE('',#3655,3.399999981638,0.785398163397448);
#161=CONICAL_SURFACE('',#3658,1.849999985726,0.785398163397448);
#162=CONICAL_SURFACE('',#3665,2.3,0.785398163397448);
#163=CONICAL_SURFACE('',#3670,1.749999989725,0.785398163397448);
#164=CONICAL_SURFACE('',#3671,39.15,0.785398163397448);
#165=CONICAL_SURFACE('',#3672,1.849999985726,0.785398163397448);
#166=CONICAL_SURFACE('',#3679,3.399999981638,0.785398163397448);
#167=CONICAL_SURFACE('',#3682,2.3,0.785398163397448);
#168=CONICAL_SURFACE('',#3687,1.749999989725,0.785398163397448);
#169=CONICAL_SURFACE('',#3688,26.34999999933,0.785398163397448);
#170=CONICAL_SURFACE('',#3698,23.29999999942,0.785398163397448);
#171=LINE('',#4813,#384);
#172=LINE('',#4817,#385);
#173=LINE('',#4821,#386);
#174=LINE('',#4824,#387);
#175=LINE('',#4860,#388);
#176=LINE('',#4866,#389);
#177=LINE('',#4869,#390);
#178=LINE('',#4876,#391);
#179=LINE('',#4880,#392);
#180=LINE('',#4884,#393);
#181=LINE('',#4887,#394);
#182=LINE('',#4902,#395);
#183=LINE('',#4906,#396);
#184=LINE('',#4910,#397);
#185=LINE('',#4960,#398);
#186=LINE('',#4968,#399);
#187=LINE('',#4994,#400);
#188=LINE('',#4997,#401);
#189=LINE('',#5000,#402);
#190=LINE('',#5001,#403);
#191=LINE('',#5005,#404);
#192=LINE('',#5008,#405);
#193=LINE('',#5009,#406);
#194=LINE('',#5013,#407);
#195=LINE('',#5016,#408);
#196=LINE('',#5017,#409);
#197=LINE('',#5021,#410);
#198=LINE('',#5023,#411);
#199=LINE('',#5027,#412);
#200=LINE('',#5028,#413);
#201=LINE('',#5029,#414);
#202=LINE('',#5031,#415);
#203=LINE('',#5032,#416);
#204=LINE('',#5036,#417);
#205=LINE('',#5039,#418);
#206=LINE('',#5040,#419);
#207=LINE('',#5044,#420);
#208=LINE('',#5047,#421);
#209=LINE('',#5048,#422);
#210=LINE('',#5052,#423);
#211=LINE('',#5055,#424);
#212=LINE('',#5056,#425);
#213=LINE('',#5060,#426);
#214=LINE('',#5062,#427);
#215=LINE('',#5064,#428);
#216=LINE('',#5066,#429);
#217=LINE('',#5068,#430);
#218=LINE('',#5070,#431);
#219=LINE('',#5077,#432);
#220=LINE('',#5080,#433);
#221=LINE('',#5083,#434);
#222=LINE('',#5089,#435);
#223=LINE('',#5092,#436);
#224=LINE('',#5095,#437);
#225=LINE('',#5101,#438);
#226=LINE('',#5104,#439);
#227=LINE('',#5107,#440);
#228=LINE('',#5112,#441);
#229=LINE('',#5116,#442);
#230=LINE('',#5119,#443);
#231=LINE('',#5125,#444);
#232=LINE('',#5128,#445);
#233=LINE('',#5131,#446);
#234=LINE('',#5137,#447);
#235=LINE('',#5140,#448);
#236=LINE('',#5143,#449);
#237=LINE('',#5146,#450);
#238=LINE('',#5148,#451);
#239=LINE('',#5149,#452);
#240=LINE('',#5153,#453);
#241=LINE('',#5159,#454);
#242=LINE('',#5161,#455);
#243=LINE('',#5163,#456);
#244=LINE('',#5164,#457);
#245=LINE('',#5166,#458);
#246=LINE('',#5173,#459);
#247=LINE('',#5174,#460);
#248=LINE('',#5177,#461);
#249=LINE('',#5180,#462);
#250=LINE('',#5186,#463);
#251=LINE('',#5189,#464);
#252=LINE('',#5195,#465);
#253=LINE('',#5199,#466);
#254=LINE('',#5203,#467);
#255=LINE('',#5206,#468);
#256=LINE('',#5212,#469);
#257=LINE('',#5215,#470);
#258=LINE('',#5221,#471);
#259=LINE('',#5224,#472);
#260=LINE('',#5230,#473);
#261=LINE('',#5233,#474);
#262=LINE('',#5239,#475);
#263=LINE('',#5242,#476);
#264=LINE('',#5248,#477);
#265=LINE('',#5252,#478);
#266=LINE('',#5256,#479);
#267=LINE('',#5259,#480);
#268=LINE('',#5260,#481);
#269=LINE('',#5264,#482);
#270=LINE('',#5267,#483);
#271=LINE('',#5321,#484);
#272=LINE('',#5324,#485);
#273=LINE('',#5331,#486);
#274=LINE('',#5334,#487);
#275=LINE('',#5435,#488);
#276=LINE('',#5437,#489);
#277=LINE('',#5443,#490);
#278=LINE('',#5449,#491);
#279=LINE('',#5452,#492);
#280=LINE('',#5455,#493);
#281=LINE('',#5457,#494);
#282=LINE('',#5458,#495);
#283=LINE('',#5472,#496);
#284=LINE('',#5475,#497);
#285=LINE('',#5477,#498);
#286=LINE('',#5479,#499);
#287=LINE('',#5482,#500);
#288=LINE('',#5483,#501);
#289=LINE('',#5490,#502);
#290=LINE('',#5492,#503);
#291=LINE('',#5495,#504);
#292=LINE('',#5497,#505);
#293=LINE('',#5498,#506);
#294=LINE('',#5501,#507);
#295=LINE('',#5509,#508);
#296=LINE('',#5514,#509);
#297=LINE('',#5517,#510);
#298=LINE('',#5519,#511);
#299=LINE('',#5523,#512);
#300=LINE('',#5526,#513);
#301=LINE('',#5527,#514);
#302=LINE('',#5530,#515);
#303=LINE('',#5532,#516);
#304=LINE('',#5533,#517);
#305=LINE('',#5539,#518);
#306=LINE('',#5541,#519);
#307=LINE('',#5545,#520);
#308=LINE('',#5549,#521);
#309=LINE('',#5555,#522);
#310=LINE('',#5557,#523);
#311=LINE('',#5560,#524);
#312=LINE('',#5561,#525);
#313=LINE('',#5564,#526);
#314=LINE('',#5565,#527);
#315=LINE('',#5570,#528);
#316=LINE('',#5572,#529);
#317=LINE('',#5576,#530);
#318=LINE('',#5578,#531);
#319=LINE('',#5583,#532);
#320=LINE('',#5593,#533);
#321=LINE('',#5598,#534);
#322=LINE('',#5601,#535);
#323=LINE('',#5607,#536);
#324=LINE('',#5610,#537);
#325=LINE('',#5614,#538);
#326=LINE('',#5616,#539);
#327=LINE('',#5620,#540);
#328=LINE('',#5623,#541);
#329=LINE('',#5625,#542);
#330=LINE('',#5632,#543);
#331=LINE('',#5637,#544);
#332=LINE('',#5640,#545);
#333=LINE('',#5644,#546);
#334=LINE('',#5646,#547);
#335=LINE('',#5650,#548);
#336=LINE('',#5652,#549);
#337=LINE('',#5656,#550);
#338=LINE('',#5659,#551);
#339=LINE('',#5661,#552);
#340=LINE('',#5668,#553);
#341=LINE('',#5673,#554);
#342=LINE('',#5676,#555);
#343=LINE('',#5680,#556);
#344=LINE('',#5682,#557);
#345=LINE('',#5686,#558);
#346=LINE('',#5688,#559);
#347=LINE('',#5692,#560);
#348=LINE('',#5695,#561);
#349=LINE('',#5697,#562);
#350=LINE('',#5704,#563);
#351=LINE('',#5709,#564);
#352=LINE('',#5712,#565);
#353=LINE('',#5716,#566);
#354=LINE('',#5718,#567);
#355=LINE('',#5722,#568);
#356=LINE('',#5724,#569);
#357=LINE('',#5729,#570);
#358=LINE('',#5732,#571);
#359=LINE('',#5735,#572);
#360=LINE('',#5742,#573);
#361=LINE('',#5747,#574);
#362=LINE('',#5750,#575);
#363=LINE('',#5754,#576);
#364=LINE('',#5759,#577);
#365=LINE('',#5761,#578);
#366=LINE('',#5767,#579);
#367=LINE('',#5770,#580);
#368=LINE('',#5772,#581);
#369=LINE('',#5776,#582);
#370=LINE('',#5783,#583);
#371=LINE('',#5788,#584);
#372=LINE('',#5791,#585);
#373=LINE('',#5793,#586);
#374=LINE('',#5797,#587);
#375=LINE('',#5799,#588);
#376=LINE('',#5804,#589);
#377=LINE('',#5814,#590);
#378=LINE('',#5819,#591);
#379=LINE('',#5822,#592);
#380=LINE('',#5828,#593);
#381=LINE('',#5831,#594);
#382=LINE('',#5838,#595);
#383=LINE('',#5843,#596);
#384=VECTOR('',#3711,30.99999993454);
#385=VECTOR('',#3714,30.99999993454);
#386=VECTOR('',#3717,30.99999993454);
#387=VECTOR('',#3720,30.99999993454);
#388=VECTOR('',#3757,2.035);
#389=VECTOR('',#3764,1.85);
#390=VECTOR('',#3767,1.999999983036);
#391=VECTOR('',#3774,30.99999993454);
#392=VECTOR('',#3777,30.99999993454);
#393=VECTOR('',#3780,30.99999993454);
#394=VECTOR('',#3783,30.99999993454);
#395=VECTOR('',#3796,3.921539030917);
#396=VECTOR('',#3799,3.92153903091687);
#397=VECTOR('',#3802,3.92153903091687);
#398=VECTOR('',#3851,3.556059579791);
#399=VECTOR('',#3858,3.556059593484);
#400=VECTOR('',#3885,0.424264068778402);
#401=VECTOR('',#3888,0.424264068747602);
#402=VECTOR('',#3891,30.99999995044);
#403=VECTOR('',#3892,0.424264068778402);
#404=VECTOR('',#3897,0.424264068747602);
#405=VECTOR('',#3900,30.99999995044);
#406=VECTOR('',#3901,0.424264068778402);
#407=VECTOR('',#3906,0.424264068747602);
#408=VECTOR('',#3909,30.99999995044);
#409=VECTOR('',#3910,0.424264068778402);
#410=VECTOR('',#3915,0.424264068747602);
#411=VECTOR('',#3918,30.99999995044);
#412=VECTOR('',#3921,30.99999995044);
#413=VECTOR('',#3922,7.400000000293);
#414=VECTOR('',#3923,7.400000000157);
#415=VECTOR('',#3926,0.424264068778402);
#416=VECTOR('',#3927,0.424264068747572);
#417=VECTOR('',#3932,0.424264068778402);
#418=VECTOR('',#3935,30.99999995044);
#419=VECTOR('',#3936,0.424264068747602);
#420=VECTOR('',#3941,0.424264068778402);
#421=VECTOR('',#3944,30.99999995044);
#422=VECTOR('',#3945,0.424264068747602);
#423=VECTOR('',#3950,0.424264068778402);
#424=VECTOR('',#3953,30.99999995044);
#425=VECTOR('',#3954,0.424264068747572);
#426=VECTOR('',#3961,7.400000000157);
#427=VECTOR('',#3964,7.400000000293);
#428=VECTOR('',#3967,7.400000000157);
#429=VECTOR('',#3970,7.400000000293);
#430=VECTOR('',#3973,7.400000000157);
#431=VECTOR('',#3976,7.400000000293);
#432=VECTOR('',#3985,1.999999983036);
#433=VECTOR('',#3988,1.85);
#434=VECTOR('',#3993,2.035);
#435=VECTOR('',#4000,1.999999983036);
#436=VECTOR('',#4003,1.85);
#437=VECTOR('',#4008,2.035);
#438=VECTOR('',#4015,1.999999983036);
#439=VECTOR('',#4018,1.85);
#440=VECTOR('',#4023,2.035);
#441=VECTOR('',#4028,1.799999985359);
#442=VECTOR('',#4033,1.65);
#443=VECTOR('',#4038,1.785);
#444=VECTOR('',#4045,1.799999985359);
#445=VECTOR('',#4048,1.65);
#446=VECTOR('',#4053,1.785);
#447=VECTOR('',#4060,1.799999985359);
#448=VECTOR('',#4063,1.65);
#449=VECTOR('',#4068,1.785);
#450=VECTOR('',#4071,0.3);
#451=VECTOR('',#4072,3.921539030917);
#452=VECTOR('',#4073,0.3);
#453=VECTOR('',#4078,0.3);
#454=VECTOR('',#4083,3.92153903091687);
#455=VECTOR('',#4086,3.92153903091687);
#456=VECTOR('',#4089,0.3);
#457=VECTOR('',#4090,0.3);
#458=VECTOR('',#4093,0.3);
#459=VECTOR('',#4102,0.424264070484199);
#460=VECTOR('',#4103,0.424264070469496);
#461=VECTOR('',#4106,4.700000009426);
#462=VECTOR('',#4109,4.700000009411);
#463=VECTOR('',#4114,4.700000009418);
#464=VECTOR('',#4117,4.700000009417);
#465=VECTOR('',#4122,0.2000000000064);
#466=VECTOR('',#4125,0.2000000000076);
#467=VECTOR('',#4128,4.700000009415);
#468=VECTOR('',#4131,4.700000009418);
#469=VECTOR('',#4136,4.700000009418);
#470=VECTOR('',#4139,4.700000009415);
#471=VECTOR('',#4144,4.700000009417);
#472=VECTOR('',#4147,4.700000009418);
#473=VECTOR('',#4152,4.700000009418);
#474=VECTOR('',#4155,4.700000009417);
#475=VECTOR('',#4160,4.700000009355);
#476=VECTOR('',#4163,4.70000000941);
#477=VECTOR('',#4170,4.700000009344);
#478=VECTOR('',#4173,4.700000009418);
#479=VECTOR('',#4176,4.700000009417);
#480=VECTOR('',#4181,0.424264070487313);
#481=VECTOR('',#4182,0.424264070487894);
#482=VECTOR('',#4187,0.424264070497295);
#483=VECTOR('',#4190,4.700000009469);
#484=VECTOR('',#4255,27.4);
#485=VECTOR('',#4258,27.24999999975);
#486=VECTOR('',#4265,10.);
#487=VECTOR('',#4268,10.);
#488=VECTOR('',#4273,2.201922214398);
#489=VECTOR('',#4274,2.201770695631);
#490=VECTOR('',#4281,2.2);
#491=VECTOR('',#4288,3.17915761656316);
#492=VECTOR('',#4291,3.17915761656408);
#493=VECTOR('',#4294,0.424264068712204);
#494=VECTOR('',#4295,10.);
#495=VECTOR('',#4296,10.);
#496=VECTOR('',#4315,20.5);
#497=VECTOR('',#4318,10.);
#498=VECTOR('',#4321,0.424264068711908);
#499=VECTOR('',#4324,20.64999999896);
#500=VECTOR('',#4327,2.2);
#501=VECTOR('',#4328,10.);
#502=VECTOR('',#4339,3.25);
#503=VECTOR('',#4340,4.700000008818);
#504=VECTOR('',#4343,4.700000009468);
#505=VECTOR('',#4346,0.424264070497023);
#506=VECTOR('',#4347,0.424264070077094);
#507=VECTOR('',#4352,0.424264070486406);
#508=VECTOR('',#4363,2.3);
#509=VECTOR('',#4368,1.6);
#510=VECTOR('',#4373,1.749999989725);
#511=VECTOR('',#4376,0.424264068708307);
#512=VECTOR('',#4381,0.424264068706802);
#513=VECTOR('',#4384,3.556059590437);
#514=VECTOR('',#4385,0.424264068406602);
#515=VECTOR('',#4388,0.2000000000108);
#516=VECTOR('',#4389,3.556059599046);
#517=VECTOR('',#4390,0.1999999997841);
#518=VECTOR('',#4397,0.1999999999955);
#519=VECTOR('',#4400,0.424264068708887);
#520=VECTOR('',#4405,0.42426406821629);
#521=VECTOR('',#4410,0.199999999646701);
#522=VECTOR('',#4417,0.1999999999899);
#523=VECTOR('',#4420,0.424264068697702);
#524=VECTOR('',#4423,3.556059597284);
#525=VECTOR('',#4424,0.424264068706802);
#526=VECTOR('',#4427,3.556059599046);
#527=VECTOR('',#4428,0.2000000000108);
#528=VECTOR('',#4437,0.424264068707696);
#529=VECTOR('',#4440,0.42426407048771);
#530=VECTOR('',#4445,0.424264070028784);
#531=VECTOR('',#4448,4.700000008743);
#532=VECTOR('',#4453,3.25);
#533=VECTOR('',#4468,2.3);
#534=VECTOR('',#4473,1.6);
#535=VECTOR('',#4478,1.749999989725);
#536=VECTOR('',#4489,0.424264070486392);
#537=VECTOR('',#4494,0.424264070487709);
#538=VECTOR('',#4499,0.424264070469482);
#539=VECTOR('',#4502,4.700000009426);
#540=VECTOR('',#4507,3.25);
#541=VECTOR('',#4510,4.700000009458);
#542=VECTOR('',#4513,0.424264070490291);
#543=VECTOR('',#4522,2.3);
#544=VECTOR('',#4527,1.6);
#545=VECTOR('',#4532,1.749999989725);
#546=VECTOR('',#4539,0.424264070487885);
#547=VECTOR('',#4542,0.424264070487316);
#548=VECTOR('',#4547,0.424264070491183);
#549=VECTOR('',#4550,4.700000009459);
#550=VECTOR('',#4555,3.25);
#551=VECTOR('',#4558,4.70000000942);
#552=VECTOR('',#4561,0.42426407046609);
#553=VECTOR('',#4570,2.3);
#554=VECTOR('',#4575,1.6);
#555=VECTOR('',#4580,1.749999989725);
#556=VECTOR('',#4587,0.424264070487192);
#557=VECTOR('',#4590,0.424264070487482);
#558=VECTOR('',#4595,0.424264070497281);
#559=VECTOR('',#4598,4.700000009469);
#560=VECTOR('',#4603,3.25);
#561=VECTOR('',#4606,4.700000008743);
#562=VECTOR('',#4609,0.424264070028784);
#563=VECTOR('',#4618,2.3);
#564=VECTOR('',#4623,1.6);
#565=VECTOR('',#4628,1.749999989725);
#566=VECTOR('',#4635,0.424264070484006);
#567=VECTOR('',#4638,0.424264070456995);
#568=VECTOR('',#4643,0.424264070077085);
#569=VECTOR('',#4646,4.700000008818);
#570=VECTOR('',#4651,3.25);
#571=VECTOR('',#4654,4.700000009468);
#572=VECTOR('',#4659,0.424264070497024);
#573=VECTOR('',#4668,2.3);
#574=VECTOR('',#4673,1.6);
#575=VECTOR('',#4678,1.749999989725);
#576=VECTOR('',#4685,0.424264070451695);
#577=VECTOR('',#4692,4.70000000942);
#578=VECTOR('',#4695,0.424264070466107);
#579=VECTOR('',#4702,0.424264070491192);
#580=VECTOR('',#4707,0.424264070487215);
#581=VECTOR('',#4710,4.700000009459);
#582=VECTOR('',#4715,3.25);
#583=VECTOR('',#4724,2.3);
#584=VECTOR('',#4729,1.6);
#585=VECTOR('',#4734,1.749999989725);
#586=VECTOR('',#4737,0.424264070487476);
#587=VECTOR('',#4742,0.424264070490291);
#588=VECTOR('',#4745,4.700000009458);
#589=VECTOR('',#4750,3.25);
#590=VECTOR('',#4765,2.3);
#591=VECTOR('',#4770,1.6);
#592=VECTOR('',#4775,1.749999989725);
#593=VECTOR('',#4782,26.34999999933);
#594=VECTOR('',#4785,26.2);
#595=VECTOR('',#4794,23.45);
#596=VECTOR('',#4801,23.29999999942);
#597=FACE_BOUND('',#824,.T.);
#598=FACE_BOUND('',#826,.T.);
#599=FACE_BOUND('',#827,.T.);
#600=FACE_BOUND('',#828,.T.);
#601=FACE_BOUND('',#829,.T.);
#602=FACE_BOUND('',#830,.T.);
#603=FACE_BOUND('',#831,.T.);
#604=FACE_BOUND('',#832,.T.);
#605=FACE_BOUND('',#833,.T.);
#606=FACE_BOUND('',#834,.T.);
#607=FACE_BOUND('',#835,.T.);
#608=FACE_BOUND('',#836,.T.);
#609=FACE_BOUND('',#837,.T.);
#610=FACE_BOUND('',#838,.T.);
#611=FACE_BOUND('',#839,.T.);
#612=FACE_BOUND('',#840,.T.);
#613=FACE_BOUND('',#841,.T.);
#614=FACE_BOUND('',#846,.T.);
#615=FACE_BOUND('',#847,.T.);
#616=FACE_BOUND('',#848,.T.);
#617=FACE_BOUND('',#849,.T.);
#618=FACE_BOUND('',#850,.T.);
#619=FACE_BOUND('',#851,.T.);
#620=FACE_BOUND('',#852,.T.);
#621=FACE_BOUND('',#853,.T.);
#622=FACE_BOUND('',#854,.T.);
#623=FACE_BOUND('',#918,.T.);
#624=FACE_BOUND('',#922,.T.);
#625=FACE_BOUND('',#941,.T.);
#626=FACE_BOUND('',#965,.T.);
#627=FACE_BOUND('',#979,.T.);
#628=FACE_BOUND('',#991,.T.);
#629=FACE_BOUND('',#1003,.T.);
#630=FACE_BOUND('',#1015,.T.);
#631=FACE_BOUND('',#1029,.T.);
#632=FACE_BOUND('',#1039,.T.);
#633=FACE_BOUND('',#1046,.T.);
#634=FACE_OUTER_BOUND('',#823,.T.);
#635=FACE_OUTER_BOUND('',#825,.T.);
#636=FACE_OUTER_BOUND('',#842,.T.);
#637=FACE_OUTER_BOUND('',#843,.T.);
#638=FACE_OUTER_BOUND('',#844,.T.);
#639=FACE_OUTER_BOUND('',#845,.T.);
#640=FACE_OUTER_BOUND('',#855,.T.);
#641=FACE_OUTER_BOUND('',#856,.T.);
#642=FACE_OUTER_BOUND('',#857,.T.);
#643=FACE_OUTER_BOUND('',#858,.T.);
#644=FACE_OUTER_BOUND('',#859,.T.);
#645=FACE_OUTER_BOUND('',#860,.T.);
#646=FACE_OUTER_BOUND('',#861,.T.);
#647=FACE_OUTER_BOUND('',#862,.T.);
#648=FACE_OUTER_BOUND('',#863,.T.);
#649=FACE_OUTER_BOUND('',#864,.T.);
#650=FACE_OUTER_BOUND('',#865,.T.);
#651=FACE_OUTER_BOUND('',#866,.T.);
#652=FACE_OUTER_BOUND('',#867,.T.);
#653=FACE_OUTER_BOUND('',#868,.T.);
#654=FACE_OUTER_BOUND('',#869,.T.);
#655=FACE_OUTER_BOUND('',#870,.T.);
#656=FACE_OUTER_BOUND('',#871,.T.);
#657=FACE_OUTER_BOUND('',#872,.T.);
#658=FACE_OUTER_BOUND('',#873,.T.);
#659=FACE_OUTER_BOUND('',#874,.T.);
#660=FACE_OUTER_BOUND('',#875,.T.);
#661=FACE_OUTER_BOUND('',#876,.T.);
#662=FACE_OUTER_BOUND('',#877,.T.);
#663=FACE_OUTER_BOUND('',#878,.T.);
#664=FACE_OUTER_BOUND('',#879,.T.);
#665=FACE_OUTER_BOUND('',#880,.T.);
#666=FACE_OUTER_BOUND('',#881,.T.);
#667=FACE_OUTER_BOUND('',#882,.T.);
#668=FACE_OUTER_BOUND('',#883,.T.);
#669=FACE_OUTER_BOUND('',#884,.T.);
#670=FACE_OUTER_BOUND('',#885,.T.);
#671=FACE_OUTER_BOUND('',#886,.T.);
#672=FACE_OUTER_BOUND('',#887,.T.);
#673=FACE_OUTER_BOUND('',#888,.T.);
#674=FACE_OUTER_BOUND('',#889,.T.);
#675=FACE_OUTER_BOUND('',#890,.T.);
#676=FACE_OUTER_BOUND('',#891,.T.);
#677=FACE_OUTER_BOUND('',#892,.T.);
#678=FACE_OUTER_BOUND('',#893,.T.);
#679=FACE_OUTER_BOUND('',#894,.T.);
#680=FACE_OUTER_BOUND('',#895,.T.);
#681=FACE_OUTER_BOUND('',#896,.T.);
#682=FACE_OUTER_BOUND('',#897,.T.);
#683=FACE_OUTER_BOUND('',#898,.T.);
#684=FACE_OUTER_BOUND('',#899,.T.);
#685=FACE_OUTER_BOUND('',#900,.T.);
#686=FACE_OUTER_BOUND('',#901,.T.);
#687=FACE_OUTER_BOUND('',#902,.T.);
#688=FACE_OUTER_BOUND('',#903,.T.);
#689=FACE_OUTER_BOUND('',#904,.T.);
#690=FACE_OUTER_BOUND('',#905,.T.);
#691=FACE_OUTER_BOUND('',#906,.T.);
#692=FACE_OUTER_BOUND('',#907,.T.);
#693=FACE_OUTER_BOUND('',#908,.T.);
#694=FACE_OUTER_BOUND('',#909,.T.);
#695=FACE_OUTER_BOUND('',#910,.T.);
#696=FACE_OUTER_BOUND('',#911,.T.);
#697=FACE_OUTER_BOUND('',#912,.T.);
#698=FACE_OUTER_BOUND('',#913,.T.);
#699=FACE_OUTER_BOUND('',#914,.T.);
#700=FACE_OUTER_BOUND('',#915,.T.);
#701=FACE_OUTER_BOUND('',#916,.T.);
#702=FACE_OUTER_BOUND('',#917,.T.);
#703=FACE_OUTER_BOUND('',#919,.T.);
#704=FACE_OUTER_BOUND('',#920,.T.);
#705=FACE_OUTER_BOUND('',#921,.T.);
#706=FACE_OUTER_BOUND('',#923,.T.);
#707=FACE_OUTER_BOUND('',#924,.T.);
#708=FACE_OUTER_BOUND('',#925,.T.);
#709=FACE_OUTER_BOUND('',#926,.T.);
#710=FACE_OUTER_BOUND('',#927,.T.);
#711=FACE_OUTER_BOUND('',#928,.T.);
#712=FACE_OUTER_BOUND('',#929,.T.);
#713=FACE_OUTER_BOUND('',#930,.T.);
#714=FACE_OUTER_BOUND('',#931,.T.);
#715=FACE_OUTER_BOUND('',#932,.T.);
#716=FACE_OUTER_BOUND('',#933,.T.);
#717=FACE_OUTER_BOUND('',#934,.T.);
#718=FACE_OUTER_BOUND('',#935,.T.);
#719=FACE_OUTER_BOUND('',#936,.T.);
#720=FACE_OUTER_BOUND('',#937,.T.);
#721=FACE_OUTER_BOUND('',#938,.T.);
#722=FACE_OUTER_BOUND('',#939,.T.);
#723=FACE_OUTER_BOUND('',#940,.T.);
#724=FACE_OUTER_BOUND('',#942,.T.);
#725=FACE_OUTER_BOUND('',#943,.T.);
#726=FACE_OUTER_BOUND('',#944,.T.);
#727=FACE_OUTER_BOUND('',#945,.T.);
#728=FACE_OUTER_BOUND('',#946,.T.);
#729=FACE_OUTER_BOUND('',#947,.T.);
#730=FACE_OUTER_BOUND('',#948,.T.);
#731=FACE_OUTER_BOUND('',#949,.T.);
#732=FACE_OUTER_BOUND('',#950,.T.);
#733=FACE_OUTER_BOUND('',#951,.T.);
#734=FACE_OUTER_BOUND('',#952,.T.);
#735=FACE_OUTER_BOUND('',#953,.T.);
#736=FACE_OUTER_BOUND('',#954,.T.);
#737=FACE_OUTER_BOUND('',#955,.T.);
#738=FACE_OUTER_BOUND('',#956,.T.);
#739=FACE_OUTER_BOUND('',#957,.T.);
#740=FACE_OUTER_BOUND('',#958,.T.);
#741=FACE_OUTER_BOUND('',#959,.T.);
#742=FACE_OUTER_BOUND('',#960,.T.);
#743=FACE_OUTER_BOUND('',#961,.T.);
#744=FACE_OUTER_BOUND('',#962,.T.);
#745=FACE_OUTER_BOUND('',#963,.T.);
#746=FACE_OUTER_BOUND('',#964,.T.);
#747=FACE_OUTER_BOUND('',#966,.T.);
#748=FACE_OUTER_BOUND('',#967,.T.);
#749=FACE_OUTER_BOUND('',#968,.T.);
#750=FACE_OUTER_BOUND('',#969,.T.);
#751=FACE_OUTER_BOUND('',#970,.T.);
#752=FACE_OUTER_BOUND('',#971,.T.);
#753=FACE_OUTER_BOUND('',#972,.T.);
#754=FACE_OUTER_BOUND('',#973,.T.);
#755=FACE_OUTER_BOUND('',#974,.T.);
#756=FACE_OUTER_BOUND('',#975,.T.);
#757=FACE_OUTER_BOUND('',#976,.T.);
#758=FACE_OUTER_BOUND('',#977,.T.);
#759=FACE_OUTER_BOUND('',#978,.T.);
#760=FACE_OUTER_BOUND('',#980,.T.);
#761=FACE_OUTER_BOUND('',#981,.T.);
#762=FACE_OUTER_BOUND('',#982,.T.);
#763=FACE_OUTER_BOUND('',#983,.T.);
#764=FACE_OUTER_BOUND('',#984,.T.);
#765=FACE_OUTER_BOUND('',#985,.T.);
#766=FACE_OUTER_BOUND('',#986,.T.);
#767=FACE_OUTER_BOUND('',#987,.T.);
#768=FACE_OUTER_BOUND('',#988,.T.);
#769=FACE_OUTER_BOUND('',#989,.T.);
#770=FACE_OUTER_BOUND('',#990,.T.);
#771=FACE_OUTER_BOUND('',#992,.T.);
#772=FACE_OUTER_BOUND('',#993,.T.);
#773=FACE_OUTER_BOUND('',#994,.T.);
#774=FACE_OUTER_BOUND('',#995,.T.);
#775=FACE_OUTER_BOUND('',#996,.T.);
#776=FACE_OUTER_BOUND('',#997,.T.);
#777=FACE_OUTER_BOUND('',#998,.T.);
#778=FACE_OUTER_BOUND('',#999,.T.);
#779=FACE_OUTER_BOUND('',#1000,.T.);
#780=FACE_OUTER_BOUND('',#1001,.T.);
#781=FACE_OUTER_BOUND('',#1002,.T.);
#782=FACE_OUTER_BOUND('',#1004,.T.);
#783=FACE_OUTER_BOUND('',#1005,.T.);
#784=FACE_OUTER_BOUND('',#1006,.T.);
#785=FACE_OUTER_BOUND('',#1007,.T.);
#786=FACE_OUTER_BOUND('',#1008,.T.);
#787=FACE_OUTER_BOUND('',#1009,.T.);
#788=FACE_OUTER_BOUND('',#1010,.T.);
#789=FACE_OUTER_BOUND('',#1011,.T.);
#790=FACE_OUTER_BOUND('',#1012,.T.);
#791=FACE_OUTER_BOUND('',#1013,.T.);
#792=FACE_OUTER_BOUND('',#1014,.T.);
#793=FACE_OUTER_BOUND('',#1016,.T.);
#794=FACE_OUTER_BOUND('',#1017,.T.);
#795=FACE_OUTER_BOUND('',#1018,.T.);
#796=FACE_OUTER_BOUND('',#1019,.T.);
#797=FACE_OUTER_BOUND('',#1020,.T.);
#798=FACE_OUTER_BOUND('',#1021,.T.);
#799=FACE_OUTER_BOUND('',#1022,.T.);
#800=FACE_OUTER_BOUND('',#1023,.T.);
#801=FACE_OUTER_BOUND('',#1024,.T.);
#802=FACE_OUTER_BOUND('',#1025,.T.);
#803=FACE_OUTER_BOUND('',#1026,.T.);
#804=FACE_OUTER_BOUND('',#1027,.T.);
#805=FACE_OUTER_BOUND('',#1028,.T.);
#806=FACE_OUTER_BOUND('',#1030,.T.);
#807=FACE_OUTER_BOUND('',#1031,.T.);
#808=FACE_OUTER_BOUND('',#1032,.T.);
#809=FACE_OUTER_BOUND('',#1033,.T.);
#810=FACE_OUTER_BOUND('',#1034,.T.);
#811=FACE_OUTER_BOUND('',#1035,.T.);
#812=FACE_OUTER_BOUND('',#1036,.T.);
#813=FACE_OUTER_BOUND('',#1037,.T.);
#814=FACE_OUTER_BOUND('',#1038,.T.);
#815=FACE_OUTER_BOUND('',#1040,.T.);
#816=FACE_OUTER_BOUND('',#1041,.T.);
#817=FACE_OUTER_BOUND('',#1042,.T.);
#818=FACE_OUTER_BOUND('',#1043,.T.);
#819=FACE_OUTER_BOUND('',#1044,.T.);
#820=FACE_OUTER_BOUND('',#1045,.T.);
#821=FACE_OUTER_BOUND('',#1047,.T.);
#822=FACE_OUTER_BOUND('',#1048,.T.);
#823=EDGE_LOOP('',(#2066));
#824=EDGE_LOOP('',(#2067));
#825=EDGE_LOOP('',(#2068,#2069,#2070,#2071,#2072,#2073,#2074,#2075));
#826=EDGE_LOOP('',(#2076));
#827=EDGE_LOOP('',(#2077));
#828=EDGE_LOOP('',(#2078));
#829=EDGE_LOOP('',(#2079));
#830=EDGE_LOOP('',(#2080));
#831=EDGE_LOOP('',(#2081));
#832=EDGE_LOOP('',(#2082));
#833=EDGE_LOOP('',(#2083));
#834=EDGE_LOOP('',(#2084));
#835=EDGE_LOOP('',(#2085));
#836=EDGE_LOOP('',(#2086));
#837=EDGE_LOOP('',(#2087));
#838=EDGE_LOOP('',(#2088));
#839=EDGE_LOOP('',(#2089));
#840=EDGE_LOOP('',(#2090));
#841=EDGE_LOOP('',(#2091));
#842=EDGE_LOOP('',(#2092,#2093,#2094,#2095));
#843=EDGE_LOOP('',(#2096,#2097,#2098,#2099,#2100));
#844=EDGE_LOOP('',(#2101,#2102,#2103,#2104,#2105));
#845=EDGE_LOOP('',(#2106,#2107,#2108,#2109,#2110,#2111,#2112,#2113));
#846=EDGE_LOOP('',(#2114));
#847=EDGE_LOOP('',(#2115));
#848=EDGE_LOOP('',(#2116));
#849=EDGE_LOOP('',(#2117));
#850=EDGE_LOOP('',(#2118));
#851=EDGE_LOOP('',(#2119));
#852=EDGE_LOOP('',(#2120));
#853=EDGE_LOOP('',(#2121,#2122,#2123,#2124,#2125,#2126));
#854=EDGE_LOOP('',(#2127,#2128,#2129,#2130,#2131,#2132,#2133,#2134,#2135,
#2136,#2137,#2138,#2139,#2140,#2141,#2142,#2143,#2144,#2145,#2146,#2147,
#2148,#2149,#2150,#2151,#2152,#2153,#2154,#2155,#2156,#2157,#2158,#2159,
#2160,#2161,#2162,#2163,#2164,#2165,#2166));
#855=EDGE_LOOP('',(#2167,#2168,#2169,#2170));
#856=EDGE_LOOP('',(#2171,#2172,#2173,#2174));
#857=EDGE_LOOP('',(#2175,#2176,#2177,#2178));
#858=EDGE_LOOP('',(#2179,#2180,#2181,#2182));
#859=EDGE_LOOP('',(#2183,#2184,#2185,#2186));
#860=EDGE_LOOP('',(#2187,#2188,#2189,#2190));
#861=EDGE_LOOP('',(#2191,#2192,#2193,#2194));
#862=EDGE_LOOP('',(#2195,#2196,#2197,#2198));
#863=EDGE_LOOP('',(#2199,#2200,#2201,#2202));
#864=EDGE_LOOP('',(#2203,#2204,#2205,#2206));
#865=EDGE_LOOP('',(#2207,#2208,#2209,#2210));
#866=EDGE_LOOP('',(#2211,#2212,#2213,#2214));
#867=EDGE_LOOP('',(#2215,#2216,#2217,#2218));
#868=EDGE_LOOP('',(#2219,#2220,#2221,#2222));
#869=EDGE_LOOP('',(#2223,#2224,#2225,#2226));
#870=EDGE_LOOP('',(#2227,#2228,#2229,#2230));
#871=EDGE_LOOP('',(#2231,#2232,#2233,#2234));
#872=EDGE_LOOP('',(#2235,#2236,#2237,#2238));
#873=EDGE_LOOP('',(#2239,#2240,#2241,#2242));
#874=EDGE_LOOP('',(#2243,#2244,#2245,#2246));
#875=EDGE_LOOP('',(#2247,#2248,#2249,#2250));
#876=EDGE_LOOP('',(#2251,#2252,#2253,#2254));
#877=EDGE_LOOP('',(#2255,#2256,#2257,#2258));
#878=EDGE_LOOP('',(#2259,#2260,#2261,#2262));
#879=EDGE_LOOP('',(#2263,#2264,#2265,#2266,#2267));
#880=EDGE_LOOP('',(#2268,#2269,#2270,#2271,#2272));
#881=EDGE_LOOP('',(#2273,#2274,#2275,#2276));
#882=EDGE_LOOP('',(#2277,#2278,#2279,#2280,#2281));
#883=EDGE_LOOP('',(#2282,#2283,#2284,#2285,#2286));
#884=EDGE_LOOP('',(#2287,#2288,#2289,#2290));
#885=EDGE_LOOP('',(#2291,#2292,#2293,#2294,#2295));
#886=EDGE_LOOP('',(#2296,#2297,#2298,#2299,#2300));
#887=EDGE_LOOP('',(#2301,#2302,#2303,#2304));
#888=EDGE_LOOP('',(#2305,#2306,#2307,#2308,#2309));
#889=EDGE_LOOP('',(#2310,#2311,#2312,#2313,#2314));
#890=EDGE_LOOP('',(#2315,#2316,#2317,#2318));
#891=EDGE_LOOP('',(#2319,#2320,#2321,#2322,#2323));
#892=EDGE_LOOP('',(#2324,#2325,#2326,#2327,#2328));
#893=EDGE_LOOP('',(#2329,#2330,#2331,#2332));
#894=EDGE_LOOP('',(#2333,#2334,#2335,#2336,#2337));
#895=EDGE_LOOP('',(#2338,#2339,#2340,#2341,#2342));
#896=EDGE_LOOP('',(#2343,#2344,#2345,#2346));
#897=EDGE_LOOP('',(#2347,#2348,#2349,#2350));
#898=EDGE_LOOP('',(#2351,#2352,#2353,#2354));
#899=EDGE_LOOP('',(#2355,#2356,#2357,#2358,#2359,#2360));
#900=EDGE_LOOP('',(#2361,#2362,#2363,#2364));
#901=EDGE_LOOP('',(#2365,#2366,#2367,#2368));
#902=EDGE_LOOP('',(#2369,#2370,#2371,#2372));
#903=EDGE_LOOP('',(#2373,#2374,#2375,#2376));
#904=EDGE_LOOP('',(#2377,#2378,#2379,#2380));
#905=EDGE_LOOP('',(#2381,#2382,#2383,#2384));
#906=EDGE_LOOP('',(#2385,#2386,#2387,#2388));
#907=EDGE_LOOP('',(#2389,#2390,#2391,#2392,#2393,#2394,#2395,#2396));
#908=EDGE_LOOP('',(#2397,#2398,#2399,#2400));
#909=EDGE_LOOP('',(#2401,#2402,#2403,#2404));
#910=EDGE_LOOP('',(#2405,#2406,#2407,#2408));
#911=EDGE_LOOP('',(#2409,#2410,#2411,#2412));
#912=EDGE_LOOP('',(#2413,#2414,#2415,#2416));
#913=EDGE_LOOP('',(#2417,#2418,#2419,#2420));
#914=EDGE_LOOP('',(#2421,#2422,#2423,#2424));
#915=EDGE_LOOP('',(#2425,#2426,#2427,#2428));
#916=EDGE_LOOP('',(#2429,#2430,#2431,#2432));
#917=EDGE_LOOP('',(#2433,#2434,#2435,#2436,#2437,#2438,#2439,#2440,#2441,
#2442,#2443,#2444,#2445,#2446,#2447,#2448,#2449,#2450,#2451,#2452,#2453,
#2454,#2455,#2456,#2457,#2458,#2459,#2460,#2461,#2462,#2463,#2464,#2465,
#2466,#2467,#2468));
#918=EDGE_LOOP('',(#2469));
#919=EDGE_LOOP('',(#2470,#2471,#2472,#2473,#2474));
#920=EDGE_LOOP('',(#2475,#2476,#2477,#2478,#2479));
#921=EDGE_LOOP('',(#2480));
#922=EDGE_LOOP('',(#2481,#2482,#2483,#2484));
#923=EDGE_LOOP('',(#2485,#2486,#2487,#2488,#2489,#2490));
#924=EDGE_LOOP('',(#2491,#2492,#2493,#2494));
#925=EDGE_LOOP('',(#2495,#2496,#2497,#2498,#2499));
#926=EDGE_LOOP('',(#2500,#2501,#2502,#2503,#2504,#2505));
#927=EDGE_LOOP('',(#2506,#2507,#2508,#2509,#2510));
#928=EDGE_LOOP('',(#2511,#2512,#2513,#2514,#2515));
#929=EDGE_LOOP('',(#2516,#2517,#2518,#2519,#2520));
#930=EDGE_LOOP('',(#2521,#2522,#2523,#2524,#2525,#2526,#2527,#2528,#2529));
#931=EDGE_LOOP('',(#2530,#2531,#2532,#2533));
#932=EDGE_LOOP('',(#2534,#2535,#2536,#2537,#2538));
#933=EDGE_LOOP('',(#2539,#2540,#2541,#2542,#2543));
#934=EDGE_LOOP('',(#2544,#2545,#2546,#2547,#2548));
#935=EDGE_LOOP('',(#2549,#2550,#2551,#2552,#2553));
#936=EDGE_LOOP('',(#2554,#2555,#2556,#2557,#2558,#2559,#2560,#2561));
#937=EDGE_LOOP('',(#2562,#2563,#2564,#2565));
#938=EDGE_LOOP('',(#2566,#2567,#2568,#2569));
#939=EDGE_LOOP('',(#2570,#2571,#2572,#2573));
#940=EDGE_LOOP('',(#2574));
#941=EDGE_LOOP('',(#2575));
#942=EDGE_LOOP('',(#2576,#2577,#2578,#2579));
#943=EDGE_LOOP('',(#2580,#2581,#2582,#2583,#2584));
#944=EDGE_LOOP('',(#2585,#2586,#2587,#2588,#2589));
#945=EDGE_LOOP('',(#2590,#2591,#2592,#2593));
#946=EDGE_LOOP('',(#2594,#2595,#2596,#2597));
#947=EDGE_LOOP('',(#2598,#2599,#2600,#2601));
#948=EDGE_LOOP('',(#2602,#2603,#2604,#2605));
#949=EDGE_LOOP('',(#2606,#2607,#2608,#2609));
#950=EDGE_LOOP('',(#2610,#2611,#2612,#2613));
#951=EDGE_LOOP('',(#2614,#2615,#2616,#2617));
#952=EDGE_LOOP('',(#2618,#2619,#2620,#2621));
#953=EDGE_LOOP('',(#2622,#2623,#2624,#2625));
#954=EDGE_LOOP('',(#2626,#2627,#2628,#2629));
#955=EDGE_LOOP('',(#2630,#2631,#2632,#2633));
#956=EDGE_LOOP('',(#2634,#2635,#2636,#2637));
#957=EDGE_LOOP('',(#2638,#2639,#2640,#2641));
#958=EDGE_LOOP('',(#2642,#2643,#2644,#2645));
#959=EDGE_LOOP('',(#2646,#2647,#2648,#2649));
#960=EDGE_LOOP('',(#2650,#2651,#2652,#2653));
#961=EDGE_LOOP('',(#2654,#2655,#2656,#2657));
#962=EDGE_LOOP('',(#2658,#2659,#2660,#2661,#2662,#2663,#2664,#2665));
#963=EDGE_LOOP('',(#2666,#2667,#2668,#2669,#2670));
#964=EDGE_LOOP('',(#2671));
#965=EDGE_LOOP('',(#2672));
#966=EDGE_LOOP('',(#2673,#2674,#2675,#2676));
#967=EDGE_LOOP('',(#2677,#2678,#2679,#2680,#2681));
#968=EDGE_LOOP('',(#2682,#2683,#2684,#2685,#2686));
#969=EDGE_LOOP('',(#2687,#2688,#2689,#2690,#2691,#2692,#2693,#2694));
#970=EDGE_LOOP('',(#2695,#2696,#2697,#2698));
#971=EDGE_LOOP('',(#2699,#2700,#2701,#2702));
#972=EDGE_LOOP('',(#2703,#2704,#2705,#2706));
#973=EDGE_LOOP('',(#2707,#2708,#2709,#2710));
#974=EDGE_LOOP('',(#2711,#2712,#2713,#2714));
#975=EDGE_LOOP('',(#2715,#2716,#2717,#2718));
#976=EDGE_LOOP('',(#2719,#2720,#2721,#2722,#2723,#2724,#2725,#2726));
#977=EDGE_LOOP('',(#2727,#2728,#2729,#2730));
#978=EDGE_LOOP('',(#2731));
#979=EDGE_LOOP('',(#2732));
#980=EDGE_LOOP('',(#2733,#2734,#2735,#2736));
#981=EDGE_LOOP('',(#2737,#2738,#2739,#2740,#2741));
#982=EDGE_LOOP('',(#2742,#2743,#2744,#2745,#2746));
#983=EDGE_LOOP('',(#2747,#2748,#2749,#2750));
#984=EDGE_LOOP('',(#2751,#2752,#2753,#2754));
#985=EDGE_LOOP('',(#2755,#2756,#2757,#2758));
#986=EDGE_LOOP('',(#2759,#2760,#2761,#2762));
#987=EDGE_LOOP('',(#2763,#2764,#2765,#2766));
#988=EDGE_LOOP('',(#2767,#2768,#2769,#2770,#2771,#2772,#2773,#2774));
#989=EDGE_LOOP('',(#2775,#2776,#2777,#2778));
#990=EDGE_LOOP('',(#2779));
#991=EDGE_LOOP('',(#2780));
#992=EDGE_LOOP('',(#2781,#2782,#2783,#2784));
#993=EDGE_LOOP('',(#2785,#2786,#2787,#2788,#2789));
#994=EDGE_LOOP('',(#2790,#2791,#2792,#2793,#2794));
#995=EDGE_LOOP('',(#2795,#2796,#2797,#2798));
#996=EDGE_LOOP('',(#2799,#2800,#2801,#2802));
#997=EDGE_LOOP('',(#2803,#2804,#2805,#2806));
#998=EDGE_LOOP('',(#2807,#2808,#2809,#2810));
#999=EDGE_LOOP('',(#2811,#2812,#2813,#2814));
#1000=EDGE_LOOP('',(#2815,#2816,#2817,#2818,#2819,#2820,#2821,#2822));
#1001=EDGE_LOOP('',(#2823,#2824,#2825,#2826));
#1002=EDGE_LOOP('',(#2827));
#1003=EDGE_LOOP('',(#2828));
#1004=EDGE_LOOP('',(#2829,#2830,#2831,#2832));
#1005=EDGE_LOOP('',(#2833,#2834,#2835,#2836,#2837));
#1006=EDGE_LOOP('',(#2838,#2839,#2840,#2841,#2842));
#1007=EDGE_LOOP('',(#2843,#2844,#2845,#2846));
#1008=EDGE_LOOP('',(#2847,#2848,#2849,#2850));
#1009=EDGE_LOOP('',(#2851,#2852,#2853,#2854));
#1010=EDGE_LOOP('',(#2855,#2856,#2857,#2858));
#1011=EDGE_LOOP('',(#2859,#2860,#2861,#2862));
#1012=EDGE_LOOP('',(#2863,#2864,#2865,#2866,#2867,#2868,#2869,#2870));
#1013=EDGE_LOOP('',(#2871,#2872,#2873,#2874,#2875));
#1014=EDGE_LOOP('',(#2876));
#1015=EDGE_LOOP('',(#2877));
#1016=EDGE_LOOP('',(#2878,#2879,#2880,#2881));
#1017=EDGE_LOOP('',(#2882,#2883,#2884,#2885,#2886));
#1018=EDGE_LOOP('',(#2887,#2888,#2889,#2890,#2891));
#1019=EDGE_LOOP('',(#2892,#2893,#2894,#2895));
#1020=EDGE_LOOP('',(#2896,#2897,#2898,#2899));
#1021=EDGE_LOOP('',(#2900,#2901,#2902,#2903));
#1022=EDGE_LOOP('',(#2904,#2905,#2906,#2907));
#1023=EDGE_LOOP('',(#2908,#2909,#2910,#2911));
#1024=EDGE_LOOP('',(#2912,#2913,#2914,#2915,#2916));
#1025=EDGE_LOOP('',(#2917,#2918,#2919,#2920));
#1026=EDGE_LOOP('',(#2921,#2922,#2923,#2924));
#1027=EDGE_LOOP('',(#2925,#2926,#2927,#2928,#2929,#2930,#2931,#2932));
#1028=EDGE_LOOP('',(#2933));
#1029=EDGE_LOOP('',(#2934));
#1030=EDGE_LOOP('',(#2935,#2936,#2937,#2938));
#1031=EDGE_LOOP('',(#2939,#2940,#2941,#2942,#2943));
#1032=EDGE_LOOP('',(#2944,#2945,#2946,#2947,#2948));
#1033=EDGE_LOOP('',(#2949,#2950,#2951,#2952));
#1034=EDGE_LOOP('',(#2953,#2954,#2955,#2956));
#1035=EDGE_LOOP('',(#2957,#2958,#2959,#2960));
#1036=EDGE_LOOP('',(#2961,#2962,#2963,#2964,#2965,#2966,#2967,#2968));
#1037=EDGE_LOOP('',(#2969,#2970,#2971,#2972,#2973));
#1038=EDGE_LOOP('',(#2974));
#1039=EDGE_LOOP('',(#2975));
#1040=EDGE_LOOP('',(#2976,#2977,#2978,#2979));
#1041=EDGE_LOOP('',(#2980,#2981,#2982,#2983,#2984));
#1042=EDGE_LOOP('',(#2985,#2986,#2987,#2988,#2989));
#1043=EDGE_LOOP('',(#2990,#2991,#2992,#2993,#2994));
#1044=EDGE_LOOP('',(#2995,#2996,#2997,#2998,#2999));
#1045=EDGE_LOOP('',(#3000));
#1046=EDGE_LOOP('',(#3001));
#1047=EDGE_LOOP('',(#3002,#3003,#3004,#3005,#3006));
#1048=EDGE_LOOP('',(#3007,#3008,#3009,#3010,#3011));
#1049=CIRCLE('',#3256,23.15);
#1050=CIRCLE('',#3257,20.8);
#1051=CIRCLE('',#3259,31.7);
#1052=CIRCLE('',#3260,31.7);
#1053=CIRCLE('',#3261,31.7);
#1054=CIRCLE('',#3262,31.7);
#1055=CIRCLE('',#3263,2.22);
#1056=CIRCLE('',#3264,2.22);
#1057=CIRCLE('',#3265,2.22);
#1058=CIRCLE('',#3266,2.22);
#1059=CIRCLE('',#3267,1.92);
#1060=CIRCLE('',#3268,1.92);
#1061=CIRCLE('',#3269,1.92);
#1062=CIRCLE('',#3270,26.5);
#1063=CIRCLE('',#3271,1.9);
#1064=CIRCLE('',#3272,1.9);
#1065=CIRCLE('',#3273,1.9);
#1066=CIRCLE('',#3274,1.9);
#1067=CIRCLE('',#3275,1.9);
#1068=CIRCLE('',#3276,1.9);
#1069=CIRCLE('',#3277,1.9);
#1070=CIRCLE('',#3278,1.9);
#1071=CIRCLE('',#3280,1.85);
#1072=CIRCLE('',#3282,1.85);
#1073=CIRCLE('',#3283,1.85);
#1074=CIRCLE('',#3285,2.15);
#1075=CIRCLE('',#3287,31.7);
#1076=CIRCLE('',#3288,31.7);
#1077=CIRCLE('',#3289,31.7);
#1078=CIRCLE('',#3290,31.7);
#1079=CIRCLE('',#3291,2.15);
#1080=CIRCLE('',#3292,2.15);
#1081=CIRCLE('',#3293,2.15);
#1082=CIRCLE('',#3294,1.95);
#1083=CIRCLE('',#3295,1.95);
#1084=CIRCLE('',#3296,1.95);
#1085=CIRCLE('',#3297,0.6);
#1086=CIRCLE('',#3298,0.6);
#1087=CIRCLE('',#3299,0.6);
#1088=CIRCLE('',#3300,1.7);
#1089=CIRCLE('',#3301,39.3);
#1090=CIRCLE('',#3302,1.7);
#1091=CIRCLE('',#3303,3.55);
#1092=CIRCLE('',#3304,1.7);
#1093=CIRCLE('',#3305,39.3);
#1094=CIRCLE('',#3306,1.7);
#1095=CIRCLE('',#3307,3.55);
#1096=CIRCLE('',#3308,1.7);
#1097=CIRCLE('',#3309,39.3);
#1098=CIRCLE('',#3310,1.7);
#1099=CIRCLE('',#3311,3.55);
#1100=CIRCLE('',#3312,1.7);
#1101=CIRCLE('',#3313,39.3);
#1102=CIRCLE('',#3314,1.7);
#1103=CIRCLE('',#3315,3.55);
#1104=CIRCLE('',#3316,1.7);
#1105=CIRCLE('',#3317,39.3);
#1106=CIRCLE('',#3318,1.7);
#1107=CIRCLE('',#3319,3.55);
#1108=CIRCLE('',#3320,1.7);
#1109=CIRCLE('',#3321,39.29999999995);
#1110=CIRCLE('',#3322,0.3);
#1111=CIRCLE('',#3323,0.9);
#1112=CIRCLE('',#3324,43.8);
#1113=CIRCLE('',#3325,0.9);
#1114=CIRCLE('',#3326,0.3);
#1115=CIRCLE('',#3327,39.30000000002);
#1116=CIRCLE('',#3328,1.7);
#1117=CIRCLE('',#3329,3.55);
#1118=CIRCLE('',#3330,1.7);
#1119=CIRCLE('',#3331,39.3);
#1120=CIRCLE('',#3332,1.7);
#1121=CIRCLE('',#3333,3.55);
#1122=CIRCLE('',#3334,1.7);
#1123=CIRCLE('',#3335,39.3);
#1124=CIRCLE('',#3336,1.7);
#1125=CIRCLE('',#3337,3.55);
#1126=CIRCLE('',#3339,32.);
#1127=CIRCLE('',#3342,32.);
#1128=CIRCLE('',#3345,32.);
#1129=CIRCLE('',#3348,32.);
#1130=CIRCLE('',#3353,32.);
#1131=CIRCLE('',#3356,32.);
#1132=CIRCLE('',#3359,32.);
#1133=CIRCLE('',#3362,32.);
#1134=CIRCLE('',#3371,1.85);
#1135=CIRCLE('',#3372,1.85);
#1136=CIRCLE('',#3374,1.85);
#1137=CIRCLE('',#3377,1.85);
#1138=CIRCLE('',#3378,1.85);
#1139=CIRCLE('',#3380,1.85);
#1140=CIRCLE('',#3383,1.85);
#1141=CIRCLE('',#3384,1.85);
#1142=CIRCLE('',#3386,1.85);
#1143=CIRCLE('',#3389,1.65);
#1144=CIRCLE('',#3390,1.65);
#1145=CIRCLE('',#3392,1.65);
#1146=CIRCLE('',#3395,1.65);
#1147=CIRCLE('',#3396,1.65);
#1148=CIRCLE('',#3398,1.65);
#1149=CIRCLE('',#3401,1.65);
#1150=CIRCLE('',#3402,1.65);
#1151=CIRCLE('',#3404,1.65);
#1152=CIRCLE('',#3408,0.6);
#1153=CIRCLE('',#3410,0.6);
#1154=CIRCLE('',#3411,0.6);
#1155=CIRCLE('',#3417,2.);
#1156=CIRCLE('',#3419,2.);
#1157=CIRCLE('',#3421,39.);
#1158=CIRCLE('',#3422,39.);
#1159=CIRCLE('',#3424,39.);
#1160=CIRCLE('',#3425,39.);
#1161=CIRCLE('',#3426,39.);
#1162=CIRCLE('',#3427,39.);
#1163=CIRCLE('',#3429,39.);
#1164=CIRCLE('',#3430,39.);
#1165=CIRCLE('',#3432,39.);
#1166=CIRCLE('',#3433,39.);
#1167=CIRCLE('',#3435,39.);
#1168=CIRCLE('',#3436,39.);
#1169=CIRCLE('',#3438,39.);
#1170=CIRCLE('',#3439,39.);
#1171=CIRCLE('',#3441,39.);
#1172=CIRCLE('',#3442,39.);
#1173=CIRCLE('',#3444,39.);
#1174=CIRCLE('',#3445,39.);
#1175=CIRCLE('',#3448,2.);
#1176=CIRCLE('',#3450,2.);
#1177=CIRCLE('',#3452,3.25);
#1178=CIRCLE('',#3453,2.);
#1179=CIRCLE('',#3454,2.);
#1180=CIRCLE('',#3455,3.25);
#1181=CIRCLE('',#3456,3.25);
#1182=CIRCLE('',#3457,2.);
#1183=CIRCLE('',#3458,2.);
#1184=CIRCLE('',#3459,3.25);
#1185=CIRCLE('',#3460,3.25);
#1186=CIRCLE('',#3461,2.);
#1187=CIRCLE('',#3462,2.);
#1188=CIRCLE('',#3463,3.25);
#1189=CIRCLE('',#3464,3.25);
#1190=CIRCLE('',#3465,2.);
#1191=CIRCLE('',#3466,2.);
#1192=CIRCLE('',#3467,3.25);
#1193=CIRCLE('',#3468,2.);
#1194=CIRCLE('',#3469,3.25);
#1195=CIRCLE('',#3470,2.);
#1196=CIRCLE('',#3471,2.);
#1197=CIRCLE('',#3472,3.25);
#1198=CIRCLE('',#3473,2.);
#1199=CIRCLE('',#3474,3.25);
#1200=CIRCLE('',#3475,2.);
#1201=CIRCLE('',#3476,2.);
#1202=CIRCLE('',#3477,3.25);
#1203=CIRCLE('',#3478,27.4);
#1204=CIRCLE('',#3480,27.4);
#1205=CIRCLE('',#3481,27.4);
#1206=CIRCLE('',#3483,27.1);
#1207=CIRCLE('',#3485,25.2999757872);
#1208=CIRCLE('',#3486,20.8);
#1209=CIRCLE('',#3489,25.);
#1210=CIRCLE('',#3491,1.);
#1211=CIRCLE('',#3494,1.);
#1212=CIRCLE('',#3495,20.8);
#1213=CIRCLE('',#3498,76.4097393597115);
#1214=CIRCLE('',#3500,20.5);
#1215=CIRCLE('',#3501,76.4098228551052);
#1216=CIRCLE('',#3502,20.5);
#1217=CIRCLE('',#3504,20.5);
#1218=CIRCLE('',#3505,20.5);
#1219=CIRCLE('',#3506,20.5);
#1220=CIRCLE('',#3514,3.25);
#1221=CIRCLE('',#3515,3.25);
#1222=CIRCLE('',#3518,2.);
#1223=CIRCLE('',#3521,3.);
#1224=CIRCLE('',#3523,1.6);
#1225=CIRCLE('',#3525,1.6);
#1226=CIRCLE('',#3526,1.6);
#1227=CIRCLE('',#3530,0.6);
#1228=CIRCLE('',#3534,0.6);
#1229=CIRCLE('',#3535,0.6);
#1230=CIRCLE('',#3538,43.5);
#1231=CIRCLE('',#3540,43.5);
#1232=CIRCLE('',#3542,0.6);
#1233=CIRCLE('',#3543,0.6);
#1234=CIRCLE('',#3548,0.6);
#1235=CIRCLE('',#3549,0.6);
#1236=CIRCLE('',#3553,2.);
#1237=CIRCLE('',#3556,3.25);
#1238=CIRCLE('',#3557,3.25);
#1239=CIRCLE('',#3558,3.25);
#1240=CIRCLE('',#3561,3.);
#1241=CIRCLE('',#3563,1.6);
#1242=CIRCLE('',#3565,1.6);
#1243=CIRCLE('',#3566,1.6);
#1244=CIRCLE('',#3569,0.6);
#1245=CIRCLE('',#3572,2.);
#1246=CIRCLE('',#3576,2.);
#1247=CIRCLE('',#3579,3.25);
#1248=CIRCLE('',#3580,3.25);
#1249=CIRCLE('',#3583,3.);
#1250=CIRCLE('',#3585,1.6);
#1251=CIRCLE('',#3587,1.6);
#1252=CIRCLE('',#3588,1.6);
#1253=CIRCLE('',#3591,2.);
#1254=CIRCLE('',#3595,2.);
#1255=CIRCLE('',#3598,3.25);
#1256=CIRCLE('',#3599,3.25);
#1257=CIRCLE('',#3602,3.);
#1258=CIRCLE('',#3604,1.6);
#1259=CIRCLE('',#3606,1.6);
#1260=CIRCLE('',#3607,1.6);
#1261=CIRCLE('',#3610,2.);
#1262=CIRCLE('',#3614,2.);
#1263=CIRCLE('',#3617,3.25);
#1264=CIRCLE('',#3618,3.25);
#1265=CIRCLE('',#3621,3.);
#1266=CIRCLE('',#3623,1.6);
#1267=CIRCLE('',#3625,1.6);
#1268=CIRCLE('',#3626,1.6);
#1269=CIRCLE('',#3629,2.);
#1270=CIRCLE('',#3633,2.);
#1271=CIRCLE('',#3636,3.25);
#1272=CIRCLE('',#3637,3.25);
#1273=CIRCLE('',#3638,3.25);
#1274=CIRCLE('',#3641,3.);
#1275=CIRCLE('',#3643,1.6);
#1276=CIRCLE('',#3645,1.6);
#1277=CIRCLE('',#3646,1.6);
#1278=CIRCLE('',#3649,2.);
#1279=CIRCLE('',#3653,2.);
#1280=CIRCLE('',#3656,3.25);
#1281=CIRCLE('',#3657,3.25);
#1282=CIRCLE('',#3659,2.);
#1283=CIRCLE('',#3662,3.25);
#1284=CIRCLE('',#3664,3.);
#1285=CIRCLE('',#3666,1.6);
#1286=CIRCLE('',#3668,1.6);
#1287=CIRCLE('',#3669,1.6);
#1288=CIRCLE('',#3673,2.);
#1289=CIRCLE('',#3676,3.25);
#1290=CIRCLE('',#3677,3.25);
#1291=CIRCLE('',#3678,3.25);
#1292=CIRCLE('',#3681,3.);
#1293=CIRCLE('',#3683,1.6);
#1294=CIRCLE('',#3685,1.6);
#1295=CIRCLE('',#3686,1.6);
#1296=CIRCLE('',#3689,26.2);
#1297=CIRCLE('',#3690,26.2);
#1298=CIRCLE('',#3692,26.2);
#1299=CIRCLE('',#3694,23.45);
#1300=CIRCLE('',#3696,23.45);
#1301=CIRCLE('',#3697,23.45);
#1302=VERTEX_POINT('',#4804);
#1303=VERTEX_POINT('',#4806);
#1304=VERTEX_POINT('',#4809);
#1305=VERTEX_POINT('',#4810);
#1306=VERTEX_POINT('',#4812);
#1307=VERTEX_POINT('',#4814);
#1308=VERTEX_POINT('',#4816);
#1309=VERTEX_POINT('',#4818);
#1310=VERTEX_POINT('',#4820);
#1311=VERTEX_POINT('',#4822);
#1312=VERTEX_POINT('',#4825);
#1313=VERTEX_POINT('',#4827);
#1314=VERTEX_POINT('',#4829);
#1315=VERTEX_POINT('',#4831);
#1316=VERTEX_POINT('',#4833);
#1317=VERTEX_POINT('',#4835);
#1318=VERTEX_POINT('',#4837);
#1319=VERTEX_POINT('',#4839);
#1320=VERTEX_POINT('',#4841);
#1321=VERTEX_POINT('',#4843);
#1322=VERTEX_POINT('',#4845);
#1323=VERTEX_POINT('',#4847);
#1324=VERTEX_POINT('',#4849);
#1325=VERTEX_POINT('',#4851);
#1326=VERTEX_POINT('',#4853);
#1327=VERTEX_POINT('',#4855);
#1328=VERTEX_POINT('',#4858);
#1329=VERTEX_POINT('',#4862);
#1330=VERTEX_POINT('',#4863);
#1331=VERTEX_POINT('',#4868);
#1332=VERTEX_POINT('',#4872);
#1333=VERTEX_POINT('',#4873);
#1334=VERTEX_POINT('',#4875);
#1335=VERTEX_POINT('',#4877);
#1336=VERTEX_POINT('',#4879);
#1337=VERTEX_POINT('',#4881);
#1338=VERTEX_POINT('',#4883);
#1339=VERTEX_POINT('',#4885);
#1340=VERTEX_POINT('',#4888);
#1341=VERTEX_POINT('',#4890);
#1342=VERTEX_POINT('',#4892);
#1343=VERTEX_POINT('',#4894);
#1344=VERTEX_POINT('',#4896);
#1345=VERTEX_POINT('',#4898);
#1346=VERTEX_POINT('',#4900);
#1347=VERTEX_POINT('',#4901);
#1348=VERTEX_POINT('',#4903);
#1349=VERTEX_POINT('',#4905);
#1350=VERTEX_POINT('',#4907);
#1351=VERTEX_POINT('',#4909);
#1352=VERTEX_POINT('',#4912);
#1353=VERTEX_POINT('',#4913);
#1354=VERTEX_POINT('',#4915);
#1355=VERTEX_POINT('',#4917);
#1356=VERTEX_POINT('',#4919);
#1357=VERTEX_POINT('',#4921);
#1358=VERTEX_POINT('',#4923);
#1359=VERTEX_POINT('',#4925);
#1360=VERTEX_POINT('',#4927);
#1361=VERTEX_POINT('',#4929);
#1362=VERTEX_POINT('',#4931);
#1363=VERTEX_POINT('',#4933);
#1364=VERTEX_POINT('',#4935);
#1365=VERTEX_POINT('',#4937);
#1366=VERTEX_POINT('',#4939);
#1367=VERTEX_POINT('',#4941);
#1368=VERTEX_POINT('',#4943);
#1369=VERTEX_POINT('',#4945);
#1370=VERTEX_POINT('',#4947);
#1371=VERTEX_POINT('',#4949);
#1372=VERTEX_POINT('',#4951);
#1373=VERTEX_POINT('',#4953);
#1374=VERTEX_POINT('',#4955);
#1375=VERTEX_POINT('',#4957);
#1376=VERTEX_POINT('',#4959);
#1377=VERTEX_POINT('',#4961);
#1378=VERTEX_POINT('',#4963);
#1379=VERTEX_POINT('',#4965);
#1380=VERTEX_POINT('',#4967);
#1381=VERTEX_POINT('',#4969);
#1382=VERTEX_POINT('',#4971);
#1383=VERTEX_POINT('',#4973);
#1384=VERTEX_POINT('',#4975);
#1385=VERTEX_POINT('',#4977);
#1386=VERTEX_POINT('',#4979);
#1387=VERTEX_POINT('',#4981);
#1388=VERTEX_POINT('',#4983);
#1389=VERTEX_POINT('',#4985);
#1390=VERTEX_POINT('',#4987);
#1391=VERTEX_POINT('',#4989);
#1392=VERTEX_POINT('',#4993);
#1393=VERTEX_POINT('',#4995);
#1394=VERTEX_POINT('',#4999);
#1395=VERTEX_POINT('',#5003);
#1396=VERTEX_POINT('',#5007);
#1397=VERTEX_POINT('',#5011);
#1398=VERTEX_POINT('',#5015);
#1399=VERTEX_POINT('',#5019);
#1400=VERTEX_POINT('',#5025);
#1401=VERTEX_POINT('',#5026);
#1402=VERTEX_POINT('',#5034);
#1403=VERTEX_POINT('',#5038);
#1404=VERTEX_POINT('',#5042);
#1405=VERTEX_POINT('',#5046);
#1406=VERTEX_POINT('',#5050);
#1407=VERTEX_POINT('',#5054);
#1408=VERTEX_POINT('',#5073);
#1409=VERTEX_POINT('',#5074);
#1410=VERTEX_POINT('',#5079);
#1411=VERTEX_POINT('',#5085);
#1412=VERTEX_POINT('',#5086);
#1413=VERTEX_POINT('',#5091);
#1414=VERTEX_POINT('',#5097);
#1415=VERTEX_POINT('',#5098);
#1416=VERTEX_POINT('',#5103);
#1417=VERTEX_POINT('',#5109);
#1418=VERTEX_POINT('',#5110);
#1419=VERTEX_POINT('',#5115);
#1420=VERTEX_POINT('',#5121);
#1421=VERTEX_POINT('',#5122);
#1422=VERTEX_POINT('',#5127);
#1423=VERTEX_POINT('',#5133);
#1424=VERTEX_POINT('',#5134);
#1425=VERTEX_POINT('',#5139);
#1426=VERTEX_POINT('',#5145);
#1427=VERTEX_POINT('',#5147);
#1428=VERTEX_POINT('',#5151);
#1429=VERTEX_POINT('',#5155);
#1430=VERTEX_POINT('',#5156);
#1431=VERTEX_POINT('',#5158);
#1432=VERTEX_POINT('',#5170);
#1433=VERTEX_POINT('',#5171);
#1434=VERTEX_POINT('',#5176);
#1435=VERTEX_POINT('',#5178);
#1436=VERTEX_POINT('',#5182);
#1437=VERTEX_POINT('',#5183);
#1438=VERTEX_POINT('',#5185);
#1439=VERTEX_POINT('',#5187);
#1440=VERTEX_POINT('',#5191);
#1441=VERTEX_POINT('',#5192);
#1442=VERTEX_POINT('',#5194);
#1443=VERTEX_POINT('',#5196);
#1444=VERTEX_POINT('',#5198);
#1445=VERTEX_POINT('',#5200);
#1446=VERTEX_POINT('',#5202);
#1447=VERTEX_POINT('',#5204);
#1448=VERTEX_POINT('',#5208);
#1449=VERTEX_POINT('',#5209);
#1450=VERTEX_POINT('',#5211);
#1451=VERTEX_POINT('',#5213);
#1452=VERTEX_POINT('',#5217);
#1453=VERTEX_POINT('',#5218);
#1454=VERTEX_POINT('',#5220);
#1455=VERTEX_POINT('',#5222);
#1456=VERTEX_POINT('',#5226);
#1457=VERTEX_POINT('',#5227);
#1458=VERTEX_POINT('',#5229);
#1459=VERTEX_POINT('',#5231);
#1460=VERTEX_POINT('',#5235);
#1461=VERTEX_POINT('',#5236);
#1462=VERTEX_POINT('',#5238);
#1463=VERTEX_POINT('',#5240);
#1464=VERTEX_POINT('',#5244);
#1465=VERTEX_POINT('',#5246);
#1466=VERTEX_POINT('',#5250);
#1467=VERTEX_POINT('',#5251);
#1468=VERTEX_POINT('',#5253);
#1469=VERTEX_POINT('',#5255);
#1470=VERTEX_POINT('',#5262);
#1471=VERTEX_POINT('',#5266);
#1472=VERTEX_POINT('',#5270);
#1473=VERTEX_POINT('',#5271);
#1474=VERTEX_POINT('',#5274);
#1475=VERTEX_POINT('',#5276);
#1476=VERTEX_POINT('',#5278);
#1477=VERTEX_POINT('',#5281);
#1478=VERTEX_POINT('',#5283);
#1479=VERTEX_POINT('',#5285);
#1480=VERTEX_POINT('',#5288);
#1481=VERTEX_POINT('',#5290);
#1482=VERTEX_POINT('',#5292);
#1483=VERTEX_POINT('',#5295);
#1484=VERTEX_POINT('',#5297);
#1485=VERTEX_POINT('',#5300);
#1486=VERTEX_POINT('',#5303);
#1487=VERTEX_POINT('',#5305);
#1488=VERTEX_POINT('',#5308);
#1489=VERTEX_POINT('',#5311);
#1490=VERTEX_POINT('',#5314);
#1491=VERTEX_POINT('',#5317);
#1492=VERTEX_POINT('',#5318);
#1493=VERTEX_POINT('',#5323);
#1494=VERTEX_POINT('',#5327);
#1495=VERTEX_POINT('',#5328);
#1496=VERTEX_POINT('',#5330);
#1497=VERTEX_POINT('',#5332);
#1498=VERTEX_POINT('',#5336);
#1499=VERTEX_POINT('',#5337);
#1500=VERTEX_POINT('',#5401);
#1501=VERTEX_POINT('',#5417);
#1502=VERTEX_POINT('',#5434);
#1503=VERTEX_POINT('',#5436);
#1504=VERTEX_POINT('',#5440);
#1505=VERTEX_POINT('',#5442);
#1506=VERTEX_POINT('',#5446);
#1507=VERTEX_POINT('',#5448);
#1508=VERTEX_POINT('',#5450);
#1509=VERTEX_POINT('',#5454);
#1510=VERTEX_POINT('',#5456);
#1511=VERTEX_POINT('',#5462);
#1512=VERTEX_POINT('',#5463);
#1513=VERTEX_POINT('',#5468);
#1514=VERTEX_POINT('',#5469);
#1515=VERTEX_POINT('',#5473);
#1516=VERTEX_POINT('',#5481);
#1517=VERTEX_POINT('',#5488);
#1518=VERTEX_POINT('',#5491);
#1519=VERTEX_POINT('',#5493);
#1520=VERTEX_POINT('',#5504);
#1521=VERTEX_POINT('',#5507);
#1522=VERTEX_POINT('',#5511);
#1523=VERTEX_POINT('',#5512);
#1524=VERTEX_POINT('',#5521);
#1525=VERTEX_POINT('',#5525);
#1526=VERTEX_POINT('',#5529);
#1527=VERTEX_POINT('',#5531);
#1528=VERTEX_POINT('',#5535);
#1529=VERTEX_POINT('',#5537);
#1530=VERTEX_POINT('',#5543);
#1531=VERTEX_POINT('',#5547);
#1532=VERTEX_POINT('',#5551);
#1533=VERTEX_POINT('',#5553);
#1534=VERTEX_POINT('',#5559);
#1535=VERTEX_POINT('',#5563);
#1536=VERTEX_POINT('',#5574);
#1537=VERTEX_POINT('',#5580);
#1538=VERTEX_POINT('',#5582);
#1539=VERTEX_POINT('',#5588);
#1540=VERTEX_POINT('',#5591);
#1541=VERTEX_POINT('',#5595);
#1542=VERTEX_POINT('',#5596);
#1543=VERTEX_POINT('',#5612);
#1544=VERTEX_POINT('',#5618);
#1545=VERTEX_POINT('',#5621);
#1546=VERTEX_POINT('',#5627);
#1547=VERTEX_POINT('',#5630);
#1548=VERTEX_POINT('',#5634);
#1549=VERTEX_POINT('',#5635);
#1550=VERTEX_POINT('',#5648);
#1551=VERTEX_POINT('',#5654);
#1552=VERTEX_POINT('',#5657);
#1553=VERTEX_POINT('',#5663);
#1554=VERTEX_POINT('',#5666);
#1555=VERTEX_POINT('',#5670);
#1556=VERTEX_POINT('',#5671);
#1557=VERTEX_POINT('',#5684);
#1558=VERTEX_POINT('',#5690);
#1559=VERTEX_POINT('',#5693);
#1560=VERTEX_POINT('',#5699);
#1561=VERTEX_POINT('',#5702);
#1562=VERTEX_POINT('',#5706);
#1563=VERTEX_POINT('',#5707);
#1564=VERTEX_POINT('',#5720);
#1565=VERTEX_POINT('',#5726);
#1566=VERTEX_POINT('',#5728);
#1567=VERTEX_POINT('',#5730);
#1568=VERTEX_POINT('',#5737);
#1569=VERTEX_POINT('',#5740);
#1570=VERTEX_POINT('',#5744);
#1571=VERTEX_POINT('',#5745);
#1572=VERTEX_POINT('',#5757);
#1573=VERTEX_POINT('',#5763);
#1574=VERTEX_POINT('',#5765);
#1575=VERTEX_POINT('',#5774);
#1576=VERTEX_POINT('',#5778);
#1577=VERTEX_POINT('',#5781);
#1578=VERTEX_POINT('',#5785);
#1579=VERTEX_POINT('',#5786);
#1580=VERTEX_POINT('',#5795);
#1581=VERTEX_POINT('',#5801);
#1582=VERTEX_POINT('',#5803);
#1583=VERTEX_POINT('',#5809);
#1584=VERTEX_POINT('',#5812);
#1585=VERTEX_POINT('',#5816);
#1586=VERTEX_POINT('',#5817);
#1587=VERTEX_POINT('',#5824);
#1588=VERTEX_POINT('',#5825);
#1589=VERTEX_POINT('',#5830);
#1590=VERTEX_POINT('',#5834);
#1591=VERTEX_POINT('',#5837);
#1592=VERTEX_POINT('',#5839);
#1593=EDGE_CURVE('',#1302,#1302,#1049,.T.);
#1594=EDGE_CURVE('',#1303,#1303,#1050,.T.);
#1595=EDGE_CURVE('',#1304,#1305,#1051,.T.);
#1596=EDGE_CURVE('',#1305,#1306,#171,.T.);
#1597=EDGE_CURVE('',#1306,#1307,#1052,.T.);
#1598=EDGE_CURVE('',#1307,#1308,#172,.T.);
#1599=EDGE_CURVE('',#1308,#1309,#1053,.T.);
#1600=EDGE_CURVE('',#1309,#1310,#173,.T.);
#1601=EDGE_CURVE('',#1310,#1311,#1054,.T.);
#1602=EDGE_CURVE('',#1311,#1304,#174,.T.);
#1603=EDGE_CURVE('',#1312,#1312,#1055,.T.);
#1604=EDGE_CURVE('',#1313,#1313,#1056,.T.);
#1605=EDGE_CURVE('',#1314,#1314,#1057,.T.);
#1606=EDGE_CURVE('',#1315,#1315,#1058,.T.);
#1607=EDGE_CURVE('',#1316,#1316,#1059,.T.);
#1608=EDGE_CURVE('',#1317,#1317,#1060,.T.);
#1609=EDGE_CURVE('',#1318,#1318,#1061,.T.);
#1610=EDGE_CURVE('',#1319,#1319,#1062,.T.);
#1611=EDGE_CURVE('',#1320,#1320,#1063,.T.);
#1612=EDGE_CURVE('',#1321,#1321,#1064,.T.);
#1613=EDGE_CURVE('',#1322,#1322,#1065,.T.);
#1614=EDGE_CURVE('',#1323,#1323,#1066,.T.);
#1615=EDGE_CURVE('',#1324,#1324,#1067,.T.);
#1616=EDGE_CURVE('',#1325,#1325,#1068,.T.);
#1617=EDGE_CURVE('',#1326,#1326,#1069,.T.);
#1618=EDGE_CURVE('',#1327,#1327,#1070,.T.);
#1619=EDGE_CURVE('',#1328,#1328,#1071,.T.);
#1620=EDGE_CURVE('',#1328,#1312,#175,.T.);
#1621=EDGE_CURVE('',#1329,#1330,#1072,.T.);
#1622=EDGE_CURVE('',#1330,#1329,#1073,.T.);
#1623=EDGE_CURVE('',#1330,#1328,#176,.T.);
#1624=EDGE_CURVE('',#1329,#1331,#177,.T.);
#1625=EDGE_CURVE('',#1331,#1331,#1074,.T.);
#1626=EDGE_CURVE('',#1332,#1333,#1075,.T.);
#1627=EDGE_CURVE('',#1333,#1334,#178,.T.);
#1628=EDGE_CURVE('',#1334,#1335,#1076,.T.);
#1629=EDGE_CURVE('',#1335,#1336,#179,.T.);
#1630=EDGE_CURVE('',#1336,#1337,#1077,.T.);
#1631=EDGE_CURVE('',#1337,#1338,#180,.T.);
#1632=EDGE_CURVE('',#1338,#1339,#1078,.T.);
#1633=EDGE_CURVE('',#1339,#1332,#181,.T.);
#1634=EDGE_CURVE('',#1340,#1340,#1079,.T.);
#1635=EDGE_CURVE('',#1341,#1341,#1080,.T.);
#1636=EDGE_CURVE('',#1342,#1342,#1081,.T.);
#1637=EDGE_CURVE('',#1343,#1343,#1082,.T.);
#1638=EDGE_CURVE('',#1344,#1344,#1083,.T.);
#1639=EDGE_CURVE('',#1345,#1345,#1084,.T.);
#1640=EDGE_CURVE('',#1346,#1347,#182,.T.);
#1641=EDGE_CURVE('',#1347,#1348,#1085,.T.);
#1642=EDGE_CURVE('',#1348,#1349,#183,.T.);
#1643=EDGE_CURVE('',#1349,#1350,#1086,.T.);
#1644=EDGE_CURVE('',#1350,#1351,#184,.T.);
#1645=EDGE_CURVE('',#1351,#1346,#1087,.T.);
#1646=EDGE_CURVE('',#1352,#1353,#1088,.T.);
#1647=EDGE_CURVE('',#1354,#1352,#1089,.T.);
#1648=EDGE_CURVE('',#1355,#1354,#1090,.T.);
#1649=EDGE_CURVE('',#1355,#1356,#1091,.T.);
#1650=EDGE_CURVE('',#1357,#1356,#1092,.T.);
#1651=EDGE_CURVE('',#1358,#1357,#1093,.T.);
#1652=EDGE_CURVE('',#1359,#1358,#1094,.T.);
#1653=EDGE_CURVE('',#1359,#1360,#1095,.T.);
#1654=EDGE_CURVE('',#1361,#1360,#1096,.T.);
#1655=EDGE_CURVE('',#1362,#1361,#1097,.T.);
#1656=EDGE_CURVE('',#1363,#1362,#1098,.T.);
#1657=EDGE_CURVE('',#1363,#1364,#1099,.T.);
#1658=EDGE_CURVE('',#1365,#1364,#1100,.T.);
#1659=EDGE_CURVE('',#1366,#1365,#1101,.T.);
#1660=EDGE_CURVE('',#1367,#1366,#1102,.T.);
#1661=EDGE_CURVE('',#1367,#1368,#1103,.T.);
#1662=EDGE_CURVE('',#1369,#1368,#1104,.T.);
#1663=EDGE_CURVE('',#1370,#1369,#1105,.T.);
#1664=EDGE_CURVE('',#1371,#1370,#1106,.T.);
#1665=EDGE_CURVE('',#1371,#1372,#1107,.T.);
#1666=EDGE_CURVE('',#1373,#1372,#1108,.T.);
#1667=EDGE_CURVE('',#1374,#1373,#1109,.T.);
#1668=EDGE_CURVE('',#1375,#1374,#1110,.T.);
#1669=EDGE_CURVE('',#1376,#1375,#185,.T.);
#1670=EDGE_CURVE('',#1377,#1376,#1111,.T.);
#1671=EDGE_CURVE('',#1378,#1377,#1112,.T.);
#1672=EDGE_CURVE('',#1379,#1378,#1113,.T.);
#1673=EDGE_CURVE('',#1380,#1379,#186,.T.);
#1674=EDGE_CURVE('',#1381,#1380,#1114,.T.);
#1675=EDGE_CURVE('',#1382,#1381,#1115,.T.);
#1676=EDGE_CURVE('',#1383,#1382,#1116,.T.);
#1677=EDGE_CURVE('',#1383,#1384,#1117,.T.);
#1678=EDGE_CURVE('',#1385,#1384,#1118,.T.);
#1679=EDGE_CURVE('',#1386,#1385,#1119,.T.);
#1680=EDGE_CURVE('',#1387,#1386,#1120,.T.);
#1681=EDGE_CURVE('',#1387,#1388,#1121,.T.);
#1682=EDGE_CURVE('',#1389,#1388,#1122,.T.);
#1683=EDGE_CURVE('',#1390,#1389,#1123,.T.);
#1684=EDGE_CURVE('',#1391,#1390,#1124,.T.);
#1685=EDGE_CURVE('',#1391,#1353,#1125,.T.);
#1686=EDGE_CURVE('',#1332,#1392,#187,.T.);
#1687=EDGE_CURVE('',#1392,#1393,#1126,.T.);
#1688=EDGE_CURVE('',#1333,#1393,#188,.T.);
#1689=EDGE_CURVE('',#1393,#1394,#189,.T.);
#1690=EDGE_CURVE('',#1334,#1394,#190,.T.);
#1691=EDGE_CURVE('',#1394,#1395,#1127,.T.);
#1692=EDGE_CURVE('',#1335,#1395,#191,.T.);
#1693=EDGE_CURVE('',#1395,#1396,#192,.T.);
#1694=EDGE_CURVE('',#1336,#1396,#193,.T.);
#1695=EDGE_CURVE('',#1396,#1397,#1128,.T.);
#1696=EDGE_CURVE('',#1337,#1397,#194,.T.);
#1697=EDGE_CURVE('',#1397,#1398,#195,.T.);
#1698=EDGE_CURVE('',#1338,#1398,#196,.T.);
#1699=EDGE_CURVE('',#1398,#1399,#1129,.T.);
#1700=EDGE_CURVE('',#1339,#1399,#197,.T.);
#1701=EDGE_CURVE('',#1399,#1392,#198,.T.);
#1702=EDGE_CURVE('',#1400,#1401,#199,.T.);
#1703=EDGE_CURVE('',#1392,#1400,#200,.T.);
#1704=EDGE_CURVE('',#1399,#1401,#201,.T.);
#1705=EDGE_CURVE('',#1311,#1400,#202,.T.);
#1706=EDGE_CURVE('',#1304,#1401,#203,.T.);
#1707=EDGE_CURVE('',#1401,#1402,#1130,.T.);
#1708=EDGE_CURVE('',#1305,#1402,#204,.T.);
#1709=EDGE_CURVE('',#1402,#1403,#205,.T.);
#1710=EDGE_CURVE('',#1306,#1403,#206,.T.);
#1711=EDGE_CURVE('',#1403,#1404,#1131,.T.);
#1712=EDGE_CURVE('',#1307,#1404,#207,.T.);
#1713=EDGE_CURVE('',#1404,#1405,#208,.T.);
#1714=EDGE_CURVE('',#1308,#1405,#209,.T.);
#1715=EDGE_CURVE('',#1405,#1406,#1132,.T.);
#1716=EDGE_CURVE('',#1309,#1406,#210,.T.);
#1717=EDGE_CURVE('',#1406,#1407,#211,.T.);
#1718=EDGE_CURVE('',#1310,#1407,#212,.T.);
#1719=EDGE_CURVE('',#1407,#1400,#1133,.T.);
#1720=EDGE_CURVE('',#1393,#1407,#213,.T.);
#1721=EDGE_CURVE('',#1394,#1406,#214,.T.);
#1722=EDGE_CURVE('',#1395,#1405,#215,.T.);
#1723=EDGE_CURVE('',#1396,#1404,#216,.T.);
#1724=EDGE_CURVE('',#1397,#1403,#217,.T.);
#1725=EDGE_CURVE('',#1398,#1402,#218,.T.);
#1726=EDGE_CURVE('',#1408,#1409,#1134,.T.);
#1727=EDGE_CURVE('',#1409,#1408,#1135,.T.);
#1728=EDGE_CURVE('',#1408,#1340,#219,.T.);
#1729=EDGE_CURVE('',#1409,#1410,#220,.T.);
#1730=EDGE_CURVE('',#1410,#1410,#1136,.T.);
#1731=EDGE_CURVE('',#1410,#1313,#221,.T.);
#1732=EDGE_CURVE('',#1411,#1412,#1137,.T.);
#1733=EDGE_CURVE('',#1412,#1411,#1138,.T.);
#1734=EDGE_CURVE('',#1411,#1341,#222,.T.);
#1735=EDGE_CURVE('',#1412,#1413,#223,.T.);
#1736=EDGE_CURVE('',#1413,#1413,#1139,.T.);
#1737=EDGE_CURVE('',#1413,#1314,#224,.T.);
#1738=EDGE_CURVE('',#1414,#1415,#1140,.T.);
#1739=EDGE_CURVE('',#1415,#1414,#1141,.T.);
#1740=EDGE_CURVE('',#1414,#1342,#225,.T.);
#1741=EDGE_CURVE('',#1415,#1416,#226,.T.);
#1742=EDGE_CURVE('',#1416,#1416,#1142,.T.);
#1743=EDGE_CURVE('',#1416,#1315,#227,.T.);
#1744=EDGE_CURVE('',#1417,#1418,#1143,.T.);
#1745=EDGE_CURVE('',#1418,#1343,#228,.T.);
#1746=EDGE_CURVE('',#1418,#1417,#1144,.T.);
#1747=EDGE_CURVE('',#1417,#1419,#229,.T.);
#1748=EDGE_CURVE('',#1419,#1419,#1145,.T.);
#1749=EDGE_CURVE('',#1419,#1317,#230,.T.);
#1750=EDGE_CURVE('',#1420,#1421,#1146,.T.);
#1751=EDGE_CURVE('',#1421,#1420,#1147,.T.);
#1752=EDGE_CURVE('',#1420,#1344,#231,.T.);
#1753=EDGE_CURVE('',#1421,#1422,#232,.T.);
#1754=EDGE_CURVE('',#1422,#1422,#1148,.T.);
#1755=EDGE_CURVE('',#1422,#1318,#233,.T.);
#1756=EDGE_CURVE('',#1423,#1424,#1149,.T.);
#1757=EDGE_CURVE('',#1424,#1423,#1150,.T.);
#1758=EDGE_CURVE('',#1423,#1345,#234,.T.);
#1759=EDGE_CURVE('',#1424,#1425,#235,.T.);
#1760=EDGE_CURVE('',#1425,#1425,#1151,.T.);
#1761=EDGE_CURVE('',#1425,#1316,#236,.T.);
#1762=EDGE_CURVE('',#1346,#1426,#237,.T.);
#1763=EDGE_CURVE('',#1426,#1427,#238,.T.);
#1764=EDGE_CURVE('',#1347,#1427,#239,.T.);
#1765=EDGE_CURVE('',#1426,#1428,#1152,.T.);
#1766=EDGE_CURVE('',#1351,#1428,#240,.T.);
#1767=EDGE_CURVE('',#1429,#1430,#1153,.T.);
#1768=EDGE_CURVE('',#1431,#1430,#241,.T.);
#1769=EDGE_CURVE('',#1431,#1427,#1154,.T.);
#1770=EDGE_CURVE('',#1429,#1428,#242,.T.);
#1771=EDGE_CURVE('',#1350,#1429,#243,.T.);
#1772=EDGE_CURVE('',#1349,#1430,#244,.T.);
#1773=EDGE_CURVE('',#1348,#1431,#245,.T.);
#1774=EDGE_CURVE('',#1432,#1433,#1155,.T.);
#1775=EDGE_CURVE('',#1432,#1352,#246,.T.);
#1776=EDGE_CURVE('',#1433,#1353,#247,.T.);
#1777=EDGE_CURVE('',#1433,#1434,#248,.T.);
#1778=EDGE_CURVE('',#1435,#1434,#1156,.T.);
#1779=EDGE_CURVE('',#1432,#1435,#249,.T.);
#1780=EDGE_CURVE('',#1436,#1437,#1157,.T.);
#1781=EDGE_CURVE('',#1437,#1438,#250,.T.);
#1782=EDGE_CURVE('',#1439,#1438,#1158,.T.);
#1783=EDGE_CURVE('',#1439,#1436,#251,.T.);
#1784=EDGE_CURVE('',#1440,#1441,#1159,.T.);
#1785=EDGE_CURVE('',#1441,#1442,#252,.T.);
#1786=EDGE_CURVE('',#1442,#1443,#1160,.T.);
#1787=EDGE_CURVE('',#1443,#1444,#253,.T.);
#1788=EDGE_CURVE('',#1444,#1445,#1161,.T.);
#1789=EDGE_CURVE('',#1445,#1446,#254,.T.);
#1790=EDGE_CURVE('',#1447,#1446,#1162,.T.);
#1791=EDGE_CURVE('',#1447,#1440,#255,.T.);
#1792=EDGE_CURVE('',#1448,#1449,#1163,.T.);
#1793=EDGE_CURVE('',#1449,#1450,#256,.T.);
#1794=EDGE_CURVE('',#1451,#1450,#1164,.T.);
#1795=EDGE_CURVE('',#1451,#1448,#257,.T.);
#1796=EDGE_CURVE('',#1452,#1453,#1165,.T.);
#1797=EDGE_CURVE('',#1453,#1454,#258,.T.);
#1798=EDGE_CURVE('',#1455,#1454,#1166,.T.);
#1799=EDGE_CURVE('',#1455,#1452,#259,.T.);
#1800=EDGE_CURVE('',#1456,#1457,#1167,.T.);
#1801=EDGE_CURVE('',#1457,#1458,#260,.T.);
#1802=EDGE_CURVE('',#1459,#1458,#1168,.T.);
#1803=EDGE_CURVE('',#1459,#1456,#261,.T.);
#1804=EDGE_CURVE('',#1460,#1461,#1169,.T.);
#1805=EDGE_CURVE('',#1461,#1462,#262,.T.);
#1806=EDGE_CURVE('',#1463,#1462,#1170,.T.);
#1807=EDGE_CURVE('',#1463,#1460,#263,.T.);
#1808=EDGE_CURVE('',#1464,#1432,#1171,.T.);
#1809=EDGE_CURVE('',#1465,#1435,#1172,.T.);
#1810=EDGE_CURVE('',#1465,#1464,#264,.T.);
#1811=EDGE_CURVE('',#1466,#1467,#265,.T.);
#1812=EDGE_CURVE('',#1467,#1468,#1173,.T.);
#1813=EDGE_CURVE('',#1468,#1469,#266,.T.);
#1814=EDGE_CURVE('',#1466,#1469,#1174,.T.);
#1815=EDGE_CURVE('',#1436,#1386,#267,.T.);
#1816=EDGE_CURVE('',#1437,#1385,#268,.T.);
#1817=EDGE_CURVE('',#1437,#1470,#1175,.T.);
#1818=EDGE_CURVE('',#1470,#1384,#269,.T.);
#1819=EDGE_CURVE('',#1470,#1471,#270,.T.);
#1820=EDGE_CURVE('',#1438,#1471,#1176,.T.);
#1821=EDGE_CURVE('',#1472,#1473,#1177,.T.);
#1822=EDGE_CURVE('',#1472,#1451,#1178,.T.);
#1823=EDGE_CURVE('',#1450,#1474,#1179,.T.);
#1824=EDGE_CURVE('',#1475,#1474,#1180,.T.);
#1825=EDGE_CURVE('',#1476,#1475,#1181,.T.);
#1826=EDGE_CURVE('',#1476,#1455,#1182,.T.);
#1827=EDGE_CURVE('',#1454,#1477,#1183,.T.);
#1828=EDGE_CURVE('',#1478,#1477,#1184,.T.);
#1829=EDGE_CURVE('',#1479,#1478,#1185,.T.);
#1830=EDGE_CURVE('',#1479,#1459,#1186,.T.);
#1831=EDGE_CURVE('',#1458,#1480,#1187,.T.);
#1832=EDGE_CURVE('',#1481,#1480,#1188,.T.);
#1833=EDGE_CURVE('',#1482,#1481,#1189,.T.);
#1834=EDGE_CURVE('',#1482,#1463,#1190,.T.);
#1835=EDGE_CURVE('',#1462,#1483,#1191,.T.);
#1836=EDGE_CURVE('',#1484,#1483,#1192,.T.);
#1837=EDGE_CURVE('',#1484,#1465,#1193,.T.);
#1838=EDGE_CURVE('',#1485,#1434,#1194,.T.);
#1839=EDGE_CURVE('',#1485,#1466,#1195,.T.);
#1840=EDGE_CURVE('',#1469,#1486,#1196,.T.);
#1841=EDGE_CURVE('',#1487,#1486,#1197,.T.);
#1842=EDGE_CURVE('',#1487,#1439,#1198,.T.);
#1843=EDGE_CURVE('',#1488,#1471,#1199,.T.);
#1844=EDGE_CURVE('',#1488,#1447,#1200,.T.);
#1845=EDGE_CURVE('',#1446,#1489,#1201,.T.);
#1846=EDGE_CURVE('',#1473,#1489,#1202,.T.);
#1847=EDGE_CURVE('',#1490,#1490,#1203,.T.);
#1848=EDGE_CURVE('',#1491,#1492,#1204,.T.);
#1849=EDGE_CURVE('',#1492,#1491,#1205,.T.);
#1850=EDGE_CURVE('',#1491,#1490,#271,.T.);
#1851=EDGE_CURVE('',#1492,#1493,#272,.T.);
#1852=EDGE_CURVE('',#1493,#1493,#1206,.T.);
#1853=EDGE_CURVE('',#1494,#1495,#1207,.T.);
#1854=EDGE_CURVE('',#1496,#1495,#273,.T.);
#1855=EDGE_CURVE('',#1496,#1497,#1208,.T.);
#1856=EDGE_CURVE('',#1494,#1497,#274,.T.);
#1857=EDGE_CURVE('',#1498,#1499,#19,.T.);
#1858=EDGE_CURVE('',#1498,#1500,#20,.T.);
#1859=EDGE_CURVE('',#1500,#1495,#17,.T.);
#1860=EDGE_CURVE('',#1494,#1501,#18,.T.);
#1861=EDGE_CURVE('',#1501,#1499,#21,.T.);
#1862=EDGE_CURVE('',#1498,#1502,#275,.T.);
#1863=EDGE_CURVE('',#1499,#1503,#276,.T.);
#1864=EDGE_CURVE('',#1502,#1503,#1209,.T.);
#1865=EDGE_CURVE('',#1504,#1502,#1210,.T.);
#1866=EDGE_CURVE('',#1505,#1504,#277,.T.);
#1867=EDGE_CURVE('',#1500,#1505,#15,.T.);
#1868=EDGE_CURVE('',#1503,#1506,#1211,.T.);
#1869=EDGE_CURVE('',#1506,#1507,#278,.T.);
#1870=EDGE_CURVE('',#1507,#1508,#1212,.T.);
#1871=EDGE_CURVE('',#1508,#1504,#279,.T.);
#1872=EDGE_CURVE('',#1508,#1509,#280,.T.);
#1873=EDGE_CURVE('',#1510,#1509,#281,.T.);
#1874=EDGE_CURVE('',#1510,#1505,#282,.T.);
#1875=EDGE_CURVE('',#1496,#1510,#1213,.T.);
#1876=EDGE_CURVE('',#1511,#1512,#1214,.T.);
#1877=EDGE_CURVE('',#1497,#1511,#1215,.T.);
#1878=EDGE_CURVE('',#1512,#1510,#1216,.T.);
#1879=EDGE_CURVE('',#1513,#1514,#1217,.T.);
#1880=EDGE_CURVE('',#1514,#1513,#1218,.T.);
#1881=EDGE_CURVE('',#1514,#1512,#283,.T.);
#1882=EDGE_CURVE('',#1509,#1515,#1219,.T.);
#1883=EDGE_CURVE('',#1515,#1511,#284,.T.);
#1884=EDGE_CURVE('',#1515,#1507,#285,.T.);
#1885=EDGE_CURVE('',#1513,#1303,#286,.T.);
#1886=EDGE_CURVE('',#1516,#1506,#287,.T.);
#1887=EDGE_CURVE('',#1516,#1511,#288,.T.);
#1888=EDGE_CURVE('',#1516,#1501,#16,.T.);
#1889=EDGE_CURVE('',#1517,#1517,#1220,.T.);
#1890=EDGE_CURVE('',#1517,#1473,#289,.T.);
#1891=EDGE_CURVE('',#1518,#1489,#290,.T.);
#1892=EDGE_CURVE('',#1518,#1519,#1221,.T.);
#1893=EDGE_CURVE('',#1472,#1519,#291,.T.);
#1894=EDGE_CURVE('',#1519,#1371,#292,.T.);
#1895=EDGE_CURVE('',#1518,#1372,#293,.T.);
#1896=EDGE_CURVE('',#1445,#1518,#1222,.T.);
#1897=EDGE_CURVE('',#1445,#1373,#294,.T.);
#1898=EDGE_CURVE('',#1520,#1520,#1223,.T.);
#1899=EDGE_CURVE('',#1521,#1521,#1224,.T.);
#1900=EDGE_CURVE('',#1521,#1520,#295,.T.);
#1901=EDGE_CURVE('',#1522,#1523,#1225,.T.);
#1902=EDGE_CURVE('',#1522,#1521,#296,.T.);
#1903=EDGE_CURVE('',#1523,#1522,#1226,.T.);
#1904=EDGE_CURVE('',#1523,#1323,#297,.T.);
#1905=EDGE_CURVE('',#1444,#1374,#298,.T.);
#1906=EDGE_CURVE('',#1524,#1444,#1227,.T.);
#1907=EDGE_CURVE('',#1524,#1375,#299,.T.);
#1908=EDGE_CURVE('',#1525,#1524,#300,.T.);
#1909=EDGE_CURVE('',#1525,#1376,#301,.T.);
#1910=EDGE_CURVE('',#1526,#1524,#302,.T.);
#1911=EDGE_CURVE('',#1527,#1526,#303,.T.);
#1912=EDGE_CURVE('',#1525,#1527,#304,.T.);
#1913=EDGE_CURVE('',#1528,#1525,#1228,.T.);
#1914=EDGE_CURVE('',#1529,#1527,#1229,.T.);
#1915=EDGE_CURVE('',#1528,#1529,#305,.T.);
#1916=EDGE_CURVE('',#1528,#1377,#306,.T.);
#1917=EDGE_CURVE('',#1530,#1528,#1230,.T.);
#1918=EDGE_CURVE('',#1530,#1378,#307,.T.);
#1919=EDGE_CURVE('',#1531,#1529,#1231,.T.);
#1920=EDGE_CURVE('',#1530,#1531,#308,.T.);
#1921=EDGE_CURVE('',#1532,#1530,#1232,.T.);
#1922=EDGE_CURVE('',#1533,#1531,#1233,.T.);
#1923=EDGE_CURVE('',#1532,#1533,#309,.T.);
#1924=EDGE_CURVE('',#1532,#1379,#310,.T.);
#1925=EDGE_CURVE('',#1534,#1532,#311,.T.);
#1926=EDGE_CURVE('',#1534,#1380,#312,.T.);
#1927=EDGE_CURVE('',#1535,#1533,#313,.T.);
#1928=EDGE_CURVE('',#1534,#1535,#314,.T.);
#1929=EDGE_CURVE('',#1441,#1534,#1234,.T.);
#1930=EDGE_CURVE('',#1442,#1535,#1235,.T.);
#1931=EDGE_CURVE('',#1441,#1381,#315,.T.);
#1932=EDGE_CURVE('',#1440,#1382,#316,.T.);
#1933=EDGE_CURVE('',#1536,#1440,#1236,.T.);
#1934=EDGE_CURVE('',#1536,#1383,#317,.T.);
#1935=EDGE_CURVE('',#1488,#1536,#318,.T.);
#1936=EDGE_CURVE('',#1537,#1537,#1237,.T.);
#1937=EDGE_CURVE('',#1537,#1538,#319,.T.);
#1938=EDGE_CURVE('',#1538,#1536,#1238,.T.);
#1939=EDGE_CURVE('',#1470,#1538,#1239,.T.);
#1940=EDGE_CURVE('',#1539,#1539,#1240,.T.);
#1941=EDGE_CURVE('',#1540,#1540,#1241,.T.);
#1942=EDGE_CURVE('',#1540,#1539,#320,.T.);
#1943=EDGE_CURVE('',#1541,#1542,#1242,.T.);
#1944=EDGE_CURVE('',#1541,#1540,#321,.T.);
#1945=EDGE_CURVE('',#1542,#1541,#1243,.T.);
#1946=EDGE_CURVE('',#1542,#1322,#322,.T.);
#1947=EDGE_CURVE('',#1526,#1443,#1244,.T.);
#1948=EDGE_CURVE('',#1519,#1448,#1245,.T.);
#1949=EDGE_CURVE('',#1448,#1370,#323,.T.);
#1950=EDGE_CURVE('',#1449,#1369,#324,.T.);
#1951=EDGE_CURVE('',#1449,#1543,#1246,.T.);
#1952=EDGE_CURVE('',#1543,#1368,#325,.T.);
#1953=EDGE_CURVE('',#1543,#1474,#326,.T.);
#1954=EDGE_CURVE('',#1544,#1544,#1247,.T.);
#1955=EDGE_CURVE('',#1544,#1475,#327,.T.);
#1956=EDGE_CURVE('',#1543,#1545,#1248,.T.);
#1957=EDGE_CURVE('',#1476,#1545,#328,.T.);
#1958=EDGE_CURVE('',#1545,#1367,#329,.T.);
#1959=EDGE_CURVE('',#1546,#1546,#1249,.T.);
#1960=EDGE_CURVE('',#1547,#1547,#1250,.T.);
#1961=EDGE_CURVE('',#1547,#1546,#330,.T.);
#1962=EDGE_CURVE('',#1548,#1549,#1251,.T.);
#1963=EDGE_CURVE('',#1548,#1547,#331,.T.);
#1964=EDGE_CURVE('',#1549,#1548,#1252,.T.);
#1965=EDGE_CURVE('',#1549,#1324,#332,.T.);
#1966=EDGE_CURVE('',#1545,#1452,#1253,.T.);
#1967=EDGE_CURVE('',#1452,#1366,#333,.T.);
#1968=EDGE_CURVE('',#1453,#1365,#334,.T.);
#1969=EDGE_CURVE('',#1453,#1550,#1254,.T.);
#1970=EDGE_CURVE('',#1550,#1364,#335,.T.);
#1971=EDGE_CURVE('',#1550,#1477,#336,.T.);
#1972=EDGE_CURVE('',#1551,#1551,#1255,.T.);
#1973=EDGE_CURVE('',#1551,#1478,#337,.T.);
#1974=EDGE_CURVE('',#1550,#1552,#1256,.T.);
#1975=EDGE_CURVE('',#1479,#1552,#338,.T.);
#1976=EDGE_CURVE('',#1552,#1363,#339,.T.);
#1977=EDGE_CURVE('',#1553,#1553,#1257,.T.);
#1978=EDGE_CURVE('',#1554,#1554,#1258,.T.);
#1979=EDGE_CURVE('',#1554,#1553,#340,.T.);
#1980=EDGE_CURVE('',#1555,#1556,#1259,.T.);
#1981=EDGE_CURVE('',#1555,#1554,#341,.T.);
#1982=EDGE_CURVE('',#1556,#1555,#1260,.T.);
#1983=EDGE_CURVE('',#1556,#1325,#342,.T.);
#1984=EDGE_CURVE('',#1552,#1456,#1261,.T.);
#1985=EDGE_CURVE('',#1456,#1362,#343,.T.);
#1986=EDGE_CURVE('',#1457,#1361,#344,.T.);
#1987=EDGE_CURVE('',#1457,#1557,#1262,.T.);
#1988=EDGE_CURVE('',#1557,#1360,#345,.T.);
#1989=EDGE_CURVE('',#1557,#1480,#346,.T.);
#1990=EDGE_CURVE('',#1558,#1558,#1263,.T.);
#1991=EDGE_CURVE('',#1558,#1481,#347,.T.);
#1992=EDGE_CURVE('',#1557,#1559,#1264,.T.);
#1993=EDGE_CURVE('',#1482,#1559,#348,.T.);
#1994=EDGE_CURVE('',#1559,#1359,#349,.T.);
#1995=EDGE_CURVE('',#1560,#1560,#1265,.T.);
#1996=EDGE_CURVE('',#1561,#1561,#1266,.T.);
#1997=EDGE_CURVE('',#1561,#1560,#350,.T.);
#1998=EDGE_CURVE('',#1562,#1563,#1267,.T.);
#1999=EDGE_CURVE('',#1562,#1561,#351,.T.);
#2000=EDGE_CURVE('',#1563,#1562,#1268,.T.);
#2001=EDGE_CURVE('',#1563,#1326,#352,.T.);
#2002=EDGE_CURVE('',#1559,#1460,#1269,.T.);
#2003=EDGE_CURVE('',#1460,#1358,#353,.T.);
#2004=EDGE_CURVE('',#1461,#1357,#354,.T.);
#2005=EDGE_CURVE('',#1461,#1564,#1270,.T.);
#2006=EDGE_CURVE('',#1564,#1356,#355,.T.);
#2007=EDGE_CURVE('',#1564,#1483,#356,.T.);
#2008=EDGE_CURVE('',#1565,#1565,#1271,.T.);
#2009=EDGE_CURVE('',#1565,#1566,#357,.T.);
#2010=EDGE_CURVE('',#1566,#1567,#1272,.T.);
#2011=EDGE_CURVE('',#1484,#1567,#358,.T.);
#2012=EDGE_CURVE('',#1564,#1566,#1273,.T.);
#2013=EDGE_CURVE('',#1567,#1355,#359,.T.);
#2014=EDGE_CURVE('',#1568,#1568,#1274,.T.);
#2015=EDGE_CURVE('',#1569,#1569,#1275,.T.);
#2016=EDGE_CURVE('',#1569,#1568,#360,.T.);
#2017=EDGE_CURVE('',#1570,#1571,#1276,.T.);
#2018=EDGE_CURVE('',#1570,#1569,#361,.T.);
#2019=EDGE_CURVE('',#1571,#1570,#1277,.T.);
#2020=EDGE_CURVE('',#1571,#1327,#362,.T.);
#2021=EDGE_CURVE('',#1567,#1464,#1278,.T.);
#2022=EDGE_CURVE('',#1464,#1354,#363,.T.);
#2023=EDGE_CURVE('',#1572,#1436,#1279,.T.);
#2024=EDGE_CURVE('',#1487,#1572,#364,.T.);
#2025=EDGE_CURVE('',#1572,#1387,#365,.T.);
#2026=EDGE_CURVE('',#1573,#1572,#1280,.T.);
#2027=EDGE_CURVE('',#1574,#1573,#1281,.T.);
#2028=EDGE_CURVE('',#1574,#1388,#366,.T.);
#2029=EDGE_CURVE('',#1468,#1574,#1282,.T.);
#2030=EDGE_CURVE('',#1468,#1389,#367,.T.);
#2031=EDGE_CURVE('',#1574,#1486,#368,.T.);
#2032=EDGE_CURVE('',#1575,#1575,#1283,.T.);
#2033=EDGE_CURVE('',#1575,#1573,#369,.T.);
#2034=EDGE_CURVE('',#1576,#1576,#1284,.T.);
#2035=EDGE_CURVE('',#1577,#1577,#1285,.T.);
#2036=EDGE_CURVE('',#1577,#1576,#370,.T.);
#2037=EDGE_CURVE('',#1578,#1579,#1286,.T.);
#2038=EDGE_CURVE('',#1578,#1577,#371,.T.);
#2039=EDGE_CURVE('',#1579,#1578,#1287,.T.);
#2040=EDGE_CURVE('',#1579,#1321,#372,.T.);
#2041=EDGE_CURVE('',#1467,#1390,#373,.T.);
#2042=EDGE_CURVE('',#1580,#1467,#1288,.T.);
#2043=EDGE_CURVE('',#1580,#1391,#374,.T.);
#2044=EDGE_CURVE('',#1485,#1580,#375,.T.);
#2045=EDGE_CURVE('',#1581,#1581,#1289,.T.);
#2046=EDGE_CURVE('',#1581,#1582,#376,.T.);
#2047=EDGE_CURVE('',#1582,#1580,#1290,.T.);
#2048=EDGE_CURVE('',#1433,#1582,#1291,.T.);
#2049=EDGE_CURVE('',#1583,#1583,#1292,.T.);
#2050=EDGE_CURVE('',#1584,#1584,#1293,.T.);
#2051=EDGE_CURVE('',#1584,#1583,#377,.T.);
#2052=EDGE_CURVE('',#1585,#1586,#1294,.T.);
#2053=EDGE_CURVE('',#1585,#1584,#378,.T.);
#2054=EDGE_CURVE('',#1586,#1585,#1295,.T.);
#2055=EDGE_CURVE('',#1586,#1320,#379,.T.);
#2056=EDGE_CURVE('',#1587,#1588,#1296,.T.);
#2057=EDGE_CURVE('',#1588,#1587,#1297,.T.);
#2058=EDGE_CURVE('',#1587,#1319,#380,.T.);
#2059=EDGE_CURVE('',#1588,#1589,#381,.T.);
#2060=EDGE_CURVE('',#1589,#1589,#1298,.T.);
#2061=EDGE_CURVE('',#1590,#1590,#1299,.T.);
#2062=EDGE_CURVE('',#1590,#1591,#382,.T.);
#2063=EDGE_CURVE('',#1592,#1591,#1300,.T.);
#2064=EDGE_CURVE('',#1591,#1592,#1301,.T.);
#2065=EDGE_CURVE('',#1592,#1302,#383,.T.);
#2066=ORIENTED_EDGE('',*,*,#1593,.T.);
#2067=ORIENTED_EDGE('',*,*,#1594,.T.);
#2068=ORIENTED_EDGE('',*,*,#1595,.T.);
#2069=ORIENTED_EDGE('',*,*,#1596,.T.);
#2070=ORIENTED_EDGE('',*,*,#1597,.T.);
#2071=ORIENTED_EDGE('',*,*,#1598,.T.);
#2072=ORIENTED_EDGE('',*,*,#1599,.T.);
#2073=ORIENTED_EDGE('',*,*,#1600,.T.);
#2074=ORIENTED_EDGE('',*,*,#1601,.T.);
#2075=ORIENTED_EDGE('',*,*,#1602,.T.);
#2076=ORIENTED_EDGE('',*,*,#1603,.F.);
#2077=ORIENTED_EDGE('',*,*,#1604,.F.);
#2078=ORIENTED_EDGE('',*,*,#1605,.F.);
#2079=ORIENTED_EDGE('',*,*,#1606,.F.);
#2080=ORIENTED_EDGE('',*,*,#1607,.F.);
#2081=ORIENTED_EDGE('',*,*,#1608,.F.);
#2082=ORIENTED_EDGE('',*,*,#1609,.F.);
#2083=ORIENTED_EDGE('',*,*,#1610,.T.);
#2084=ORIENTED_EDGE('',*,*,#1611,.T.);
#2085=ORIENTED_EDGE('',*,*,#1612,.T.);
#2086=ORIENTED_EDGE('',*,*,#1613,.T.);
#2087=ORIENTED_EDGE('',*,*,#1614,.T.);
#2088=ORIENTED_EDGE('',*,*,#1615,.T.);
#2089=ORIENTED_EDGE('',*,*,#1616,.T.);
#2090=ORIENTED_EDGE('',*,*,#1617,.T.);
#2091=ORIENTED_EDGE('',*,*,#1618,.T.);
#2092=ORIENTED_EDGE('',*,*,#1619,.F.);
#2093=ORIENTED_EDGE('',*,*,#1620,.T.);
#2094=ORIENTED_EDGE('',*,*,#1603,.T.);
#2095=ORIENTED_EDGE('',*,*,#1620,.F.);
#2096=ORIENTED_EDGE('',*,*,#1621,.F.);
#2097=ORIENTED_EDGE('',*,*,#1622,.F.);
#2098=ORIENTED_EDGE('',*,*,#1623,.T.);
#2099=ORIENTED_EDGE('',*,*,#1619,.T.);
#2100=ORIENTED_EDGE('',*,*,#1623,.F.);
#2101=ORIENTED_EDGE('',*,*,#1621,.T.);
#2102=ORIENTED_EDGE('',*,*,#1622,.T.);
#2103=ORIENTED_EDGE('',*,*,#1624,.T.);
#2104=ORIENTED_EDGE('',*,*,#1625,.F.);
#2105=ORIENTED_EDGE('',*,*,#1624,.F.);
#2106=ORIENTED_EDGE('',*,*,#1626,.T.);
#2107=ORIENTED_EDGE('',*,*,#1627,.T.);
#2108=ORIENTED_EDGE('',*,*,#1628,.T.);
#2109=ORIENTED_EDGE('',*,*,#1629,.T.);
#2110=ORIENTED_EDGE('',*,*,#1630,.T.);
#2111=ORIENTED_EDGE('',*,*,#1631,.T.);
#2112=ORIENTED_EDGE('',*,*,#1632,.T.);
#2113=ORIENTED_EDGE('',*,*,#1633,.T.);
#2114=ORIENTED_EDGE('',*,*,#1625,.T.);
#2115=ORIENTED_EDGE('',*,*,#1634,.T.);
#2116=ORIENTED_EDGE('',*,*,#1635,.T.);
#2117=ORIENTED_EDGE('',*,*,#1636,.T.);
#2118=ORIENTED_EDGE('',*,*,#1637,.T.);
#2119=ORIENTED_EDGE('',*,*,#1638,.T.);
#2120=ORIENTED_EDGE('',*,*,#1639,.T.);
#2121=ORIENTED_EDGE('',*,*,#1640,.T.);
#2122=ORIENTED_EDGE('',*,*,#1641,.T.);
#2123=ORIENTED_EDGE('',*,*,#1642,.T.);
#2124=ORIENTED_EDGE('',*,*,#1643,.T.);
#2125=ORIENTED_EDGE('',*,*,#1644,.T.);
#2126=ORIENTED_EDGE('',*,*,#1645,.T.);
#2127=ORIENTED_EDGE('',*,*,#1646,.F.);
#2128=ORIENTED_EDGE('',*,*,#1647,.F.);
#2129=ORIENTED_EDGE('',*,*,#1648,.F.);
#2130=ORIENTED_EDGE('',*,*,#1649,.T.);
#2131=ORIENTED_EDGE('',*,*,#1650,.F.);
#2132=ORIENTED_EDGE('',*,*,#1651,.F.);
#2133=ORIENTED_EDGE('',*,*,#1652,.F.);
#2134=ORIENTED_EDGE('',*,*,#1653,.T.);
#2135=ORIENTED_EDGE('',*,*,#1654,.F.);
#2136=ORIENTED_EDGE('',*,*,#1655,.F.);
#2137=ORIENTED_EDGE('',*,*,#1656,.F.);
#2138=ORIENTED_EDGE('',*,*,#1657,.T.);
#2139=ORIENTED_EDGE('',*,*,#1658,.F.);
#2140=ORIENTED_EDGE('',*,*,#1659,.F.);
#2141=ORIENTED_EDGE('',*,*,#1660,.F.);
#2142=ORIENTED_EDGE('',*,*,#1661,.T.);
#2143=ORIENTED_EDGE('',*,*,#1662,.F.);
#2144=ORIENTED_EDGE('',*,*,#1663,.F.);
#2145=ORIENTED_EDGE('',*,*,#1664,.F.);
#2146=ORIENTED_EDGE('',*,*,#1665,.T.);
#2147=ORIENTED_EDGE('',*,*,#1666,.F.);
#2148=ORIENTED_EDGE('',*,*,#1667,.F.);
#2149=ORIENTED_EDGE('',*,*,#1668,.F.);
#2150=ORIENTED_EDGE('',*,*,#1669,.F.);
#2151=ORIENTED_EDGE('',*,*,#1670,.F.);
#2152=ORIENTED_EDGE('',*,*,#1671,.F.);
#2153=ORIENTED_EDGE('',*,*,#1672,.F.);
#2154=ORIENTED_EDGE('',*,*,#1673,.F.);
#2155=ORIENTED_EDGE('',*,*,#1674,.F.);
#2156=ORIENTED_EDGE('',*,*,#1675,.F.);
#2157=ORIENTED_EDGE('',*,*,#1676,.F.);
#2158=ORIENTED_EDGE('',*,*,#1677,.T.);
#2159=ORIENTED_EDGE('',*,*,#1678,.F.);
#2160=ORIENTED_EDGE('',*,*,#1679,.F.);
#2161=ORIENTED_EDGE('',*,*,#1680,.F.);
#2162=ORIENTED_EDGE('',*,*,#1681,.T.);
#2163=ORIENTED_EDGE('',*,*,#1682,.F.);
#2164=ORIENTED_EDGE('',*,*,#1683,.F.);
#2165=ORIENTED_EDGE('',*,*,#1684,.F.);
#2166=ORIENTED_EDGE('',*,*,#1685,.T.);
#2167=ORIENTED_EDGE('',*,*,#1626,.F.);
#2168=ORIENTED_EDGE('',*,*,#1686,.T.);
#2169=ORIENTED_EDGE('',*,*,#1687,.T.);
#2170=ORIENTED_EDGE('',*,*,#1688,.F.);
#2171=ORIENTED_EDGE('',*,*,#1627,.F.);
#2172=ORIENTED_EDGE('',*,*,#1688,.T.);
#2173=ORIENTED_EDGE('',*,*,#1689,.T.);
#2174=ORIENTED_EDGE('',*,*,#1690,.F.);
#2175=ORIENTED_EDGE('',*,*,#1628,.F.);
#2176=ORIENTED_EDGE('',*,*,#1690,.T.);
#2177=ORIENTED_EDGE('',*,*,#1691,.T.);
#2178=ORIENTED_EDGE('',*,*,#1692,.F.);
#2179=ORIENTED_EDGE('',*,*,#1629,.F.);
#2180=ORIENTED_EDGE('',*,*,#1692,.T.);
#2181=ORIENTED_EDGE('',*,*,#1693,.T.);
#2182=ORIENTED_EDGE('',*,*,#1694,.F.);
#2183=ORIENTED_EDGE('',*,*,#1630,.F.);
#2184=ORIENTED_EDGE('',*,*,#1694,.T.);
#2185=ORIENTED_EDGE('',*,*,#1695,.T.);
#2186=ORIENTED_EDGE('',*,*,#1696,.F.);
#2187=ORIENTED_EDGE('',*,*,#1631,.F.);
#2188=ORIENTED_EDGE('',*,*,#1696,.T.);
#2189=ORIENTED_EDGE('',*,*,#1697,.T.);
#2190=ORIENTED_EDGE('',*,*,#1698,.F.);
#2191=ORIENTED_EDGE('',*,*,#1632,.F.);
#2192=ORIENTED_EDGE('',*,*,#1698,.T.);
#2193=ORIENTED_EDGE('',*,*,#1699,.T.);
#2194=ORIENTED_EDGE('',*,*,#1700,.F.);
#2195=ORIENTED_EDGE('',*,*,#1633,.F.);
#2196=ORIENTED_EDGE('',*,*,#1700,.T.);
#2197=ORIENTED_EDGE('',*,*,#1701,.T.);
#2198=ORIENTED_EDGE('',*,*,#1686,.F.);
#2199=ORIENTED_EDGE('',*,*,#1702,.F.);
#2200=ORIENTED_EDGE('',*,*,#1703,.F.);
#2201=ORIENTED_EDGE('',*,*,#1701,.F.);
#2202=ORIENTED_EDGE('',*,*,#1704,.T.);
#2203=ORIENTED_EDGE('',*,*,#1602,.F.);
#2204=ORIENTED_EDGE('',*,*,#1705,.T.);
#2205=ORIENTED_EDGE('',*,*,#1702,.T.);
#2206=ORIENTED_EDGE('',*,*,#1706,.F.);
#2207=ORIENTED_EDGE('',*,*,#1595,.F.);
#2208=ORIENTED_EDGE('',*,*,#1706,.T.);
#2209=ORIENTED_EDGE('',*,*,#1707,.T.);
#2210=ORIENTED_EDGE('',*,*,#1708,.F.);
#2211=ORIENTED_EDGE('',*,*,#1596,.F.);
#2212=ORIENTED_EDGE('',*,*,#1708,.T.);
#2213=ORIENTED_EDGE('',*,*,#1709,.T.);
#2214=ORIENTED_EDGE('',*,*,#1710,.F.);
#2215=ORIENTED_EDGE('',*,*,#1597,.F.);
#2216=ORIENTED_EDGE('',*,*,#1710,.T.);
#2217=ORIENTED_EDGE('',*,*,#1711,.T.);
#2218=ORIENTED_EDGE('',*,*,#1712,.F.);
#2219=ORIENTED_EDGE('',*,*,#1598,.F.);
#2220=ORIENTED_EDGE('',*,*,#1712,.T.);
#2221=ORIENTED_EDGE('',*,*,#1713,.T.);
#2222=ORIENTED_EDGE('',*,*,#1714,.F.);
#2223=ORIENTED_EDGE('',*,*,#1599,.F.);
#2224=ORIENTED_EDGE('',*,*,#1714,.T.);
#2225=ORIENTED_EDGE('',*,*,#1715,.T.);
#2226=ORIENTED_EDGE('',*,*,#1716,.F.);
#2227=ORIENTED_EDGE('',*,*,#1600,.F.);
#2228=ORIENTED_EDGE('',*,*,#1716,.T.);
#2229=ORIENTED_EDGE('',*,*,#1717,.T.);
#2230=ORIENTED_EDGE('',*,*,#1718,.F.);
#2231=ORIENTED_EDGE('',*,*,#1601,.F.);
#2232=ORIENTED_EDGE('',*,*,#1718,.T.);
#2233=ORIENTED_EDGE('',*,*,#1719,.T.);
#2234=ORIENTED_EDGE('',*,*,#1705,.F.);
#2235=ORIENTED_EDGE('',*,*,#1719,.F.);
#2236=ORIENTED_EDGE('',*,*,#1720,.F.);
#2237=ORIENTED_EDGE('',*,*,#1687,.F.);
#2238=ORIENTED_EDGE('',*,*,#1703,.T.);
#2239=ORIENTED_EDGE('',*,*,#1717,.F.);
#2240=ORIENTED_EDGE('',*,*,#1721,.F.);
#2241=ORIENTED_EDGE('',*,*,#1689,.F.);
#2242=ORIENTED_EDGE('',*,*,#1720,.T.);
#2243=ORIENTED_EDGE('',*,*,#1715,.F.);
#2244=ORIENTED_EDGE('',*,*,#1722,.F.);
#2245=ORIENTED_EDGE('',*,*,#1691,.F.);
#2246=ORIENTED_EDGE('',*,*,#1721,.T.);
#2247=ORIENTED_EDGE('',*,*,#1713,.F.);
#2248=ORIENTED_EDGE('',*,*,#1723,.F.);
#2249=ORIENTED_EDGE('',*,*,#1693,.F.);
#2250=ORIENTED_EDGE('',*,*,#1722,.T.);
#2251=ORIENTED_EDGE('',*,*,#1711,.F.);
#2252=ORIENTED_EDGE('',*,*,#1724,.F.);
#2253=ORIENTED_EDGE('',*,*,#1695,.F.);
#2254=ORIENTED_EDGE('',*,*,#1723,.T.);
#2255=ORIENTED_EDGE('',*,*,#1709,.F.);
#2256=ORIENTED_EDGE('',*,*,#1725,.F.);
#2257=ORIENTED_EDGE('',*,*,#1697,.F.);
#2258=ORIENTED_EDGE('',*,*,#1724,.T.);
#2259=ORIENTED_EDGE('',*,*,#1707,.F.);
#2260=ORIENTED_EDGE('',*,*,#1704,.F.);
#2261=ORIENTED_EDGE('',*,*,#1699,.F.);
#2262=ORIENTED_EDGE('',*,*,#1725,.T.);
#2263=ORIENTED_EDGE('',*,*,#1726,.T.);
#2264=ORIENTED_EDGE('',*,*,#1727,.T.);
#2265=ORIENTED_EDGE('',*,*,#1728,.T.);
#2266=ORIENTED_EDGE('',*,*,#1634,.F.);
#2267=ORIENTED_EDGE('',*,*,#1728,.F.);
#2268=ORIENTED_EDGE('',*,*,#1726,.F.);
#2269=ORIENTED_EDGE('',*,*,#1727,.F.);
#2270=ORIENTED_EDGE('',*,*,#1729,.T.);
#2271=ORIENTED_EDGE('',*,*,#1730,.T.);
#2272=ORIENTED_EDGE('',*,*,#1729,.F.);
#2273=ORIENTED_EDGE('',*,*,#1730,.F.);
#2274=ORIENTED_EDGE('',*,*,#1731,.T.);
#2275=ORIENTED_EDGE('',*,*,#1604,.T.);
#2276=ORIENTED_EDGE('',*,*,#1731,.F.);
#2277=ORIENTED_EDGE('',*,*,#1732,.T.);
#2278=ORIENTED_EDGE('',*,*,#1733,.T.);
#2279=ORIENTED_EDGE('',*,*,#1734,.T.);
#2280=ORIENTED_EDGE('',*,*,#1635,.F.);
#2281=ORIENTED_EDGE('',*,*,#1734,.F.);
#2282=ORIENTED_EDGE('',*,*,#1732,.F.);
#2283=ORIENTED_EDGE('',*,*,#1733,.F.);
#2284=ORIENTED_EDGE('',*,*,#1735,.T.);
#2285=ORIENTED_EDGE('',*,*,#1736,.T.);
#2286=ORIENTED_EDGE('',*,*,#1735,.F.);
#2287=ORIENTED_EDGE('',*,*,#1736,.F.);
#2288=ORIENTED_EDGE('',*,*,#1737,.T.);
#2289=ORIENTED_EDGE('',*,*,#1605,.T.);
#2290=ORIENTED_EDGE('',*,*,#1737,.F.);
#2291=ORIENTED_EDGE('',*,*,#1738,.T.);
#2292=ORIENTED_EDGE('',*,*,#1739,.T.);
#2293=ORIENTED_EDGE('',*,*,#1740,.T.);
#2294=ORIENTED_EDGE('',*,*,#1636,.F.);
#2295=ORIENTED_EDGE('',*,*,#1740,.F.);
#2296=ORIENTED_EDGE('',*,*,#1738,.F.);
#2297=ORIENTED_EDGE('',*,*,#1739,.F.);
#2298=ORIENTED_EDGE('',*,*,#1741,.T.);
#2299=ORIENTED_EDGE('',*,*,#1742,.T.);
#2300=ORIENTED_EDGE('',*,*,#1741,.F.);
#2301=ORIENTED_EDGE('',*,*,#1742,.F.);
#2302=ORIENTED_EDGE('',*,*,#1743,.T.);
#2303=ORIENTED_EDGE('',*,*,#1606,.T.);
#2304=ORIENTED_EDGE('',*,*,#1743,.F.);
#2305=ORIENTED_EDGE('',*,*,#1744,.T.);
#2306=ORIENTED_EDGE('',*,*,#1745,.T.);
#2307=ORIENTED_EDGE('',*,*,#1637,.F.);
#2308=ORIENTED_EDGE('',*,*,#1745,.F.);
#2309=ORIENTED_EDGE('',*,*,#1746,.T.);
#2310=ORIENTED_EDGE('',*,*,#1744,.F.);
#2311=ORIENTED_EDGE('',*,*,#1747,.T.);
#2312=ORIENTED_EDGE('',*,*,#1748,.F.);
#2313=ORIENTED_EDGE('',*,*,#1747,.F.);
#2314=ORIENTED_EDGE('',*,*,#1746,.F.);
#2315=ORIENTED_EDGE('',*,*,#1748,.T.);
#2316=ORIENTED_EDGE('',*,*,#1749,.T.);
#2317=ORIENTED_EDGE('',*,*,#1608,.T.);
#2318=ORIENTED_EDGE('',*,*,#1749,.F.);
#2319=ORIENTED_EDGE('',*,*,#1750,.T.);
#2320=ORIENTED_EDGE('',*,*,#1751,.T.);
#2321=ORIENTED_EDGE('',*,*,#1752,.T.);
#2322=ORIENTED_EDGE('',*,*,#1638,.F.);
#2323=ORIENTED_EDGE('',*,*,#1752,.F.);
#2324=ORIENTED_EDGE('',*,*,#1750,.F.);
#2325=ORIENTED_EDGE('',*,*,#1751,.F.);
#2326=ORIENTED_EDGE('',*,*,#1753,.T.);
#2327=ORIENTED_EDGE('',*,*,#1754,.T.);
#2328=ORIENTED_EDGE('',*,*,#1753,.F.);
#2329=ORIENTED_EDGE('',*,*,#1754,.F.);
#2330=ORIENTED_EDGE('',*,*,#1755,.T.);
#2331=ORIENTED_EDGE('',*,*,#1609,.T.);
#2332=ORIENTED_EDGE('',*,*,#1755,.F.);
#2333=ORIENTED_EDGE('',*,*,#1756,.T.);
#2334=ORIENTED_EDGE('',*,*,#1757,.T.);
#2335=ORIENTED_EDGE('',*,*,#1758,.T.);
#2336=ORIENTED_EDGE('',*,*,#1639,.F.);
#2337=ORIENTED_EDGE('',*,*,#1758,.F.);
#2338=ORIENTED_EDGE('',*,*,#1756,.F.);
#2339=ORIENTED_EDGE('',*,*,#1757,.F.);
#2340=ORIENTED_EDGE('',*,*,#1759,.T.);
#2341=ORIENTED_EDGE('',*,*,#1760,.T.);
#2342=ORIENTED_EDGE('',*,*,#1759,.F.);
#2343=ORIENTED_EDGE('',*,*,#1760,.F.);
#2344=ORIENTED_EDGE('',*,*,#1761,.T.);
#2345=ORIENTED_EDGE('',*,*,#1607,.T.);
#2346=ORIENTED_EDGE('',*,*,#1761,.F.);
#2347=ORIENTED_EDGE('',*,*,#1762,.T.);
#2348=ORIENTED_EDGE('',*,*,#1763,.T.);
#2349=ORIENTED_EDGE('',*,*,#1764,.F.);
#2350=ORIENTED_EDGE('',*,*,#1640,.F.);
#2351=ORIENTED_EDGE('',*,*,#1765,.F.);
#2352=ORIENTED_EDGE('',*,*,#1762,.F.);
#2353=ORIENTED_EDGE('',*,*,#1645,.F.);
#2354=ORIENTED_EDGE('',*,*,#1766,.T.);
#2355=ORIENTED_EDGE('',*,*,#1767,.T.);
#2356=ORIENTED_EDGE('',*,*,#1768,.F.);
#2357=ORIENTED_EDGE('',*,*,#1769,.T.);
#2358=ORIENTED_EDGE('',*,*,#1763,.F.);
#2359=ORIENTED_EDGE('',*,*,#1765,.T.);
#2360=ORIENTED_EDGE('',*,*,#1770,.F.);
#2361=ORIENTED_EDGE('',*,*,#1767,.F.);
#2362=ORIENTED_EDGE('',*,*,#1771,.F.);
#2363=ORIENTED_EDGE('',*,*,#1643,.F.);
#2364=ORIENTED_EDGE('',*,*,#1772,.T.);
#2365=ORIENTED_EDGE('',*,*,#1772,.F.);
#2366=ORIENTED_EDGE('',*,*,#1642,.F.);
#2367=ORIENTED_EDGE('',*,*,#1773,.T.);
#2368=ORIENTED_EDGE('',*,*,#1768,.T.);
#2369=ORIENTED_EDGE('',*,*,#1769,.F.);
#2370=ORIENTED_EDGE('',*,*,#1773,.F.);
#2371=ORIENTED_EDGE('',*,*,#1641,.F.);
#2372=ORIENTED_EDGE('',*,*,#1764,.T.);
#2373=ORIENTED_EDGE('',*,*,#1771,.T.);
#2374=ORIENTED_EDGE('',*,*,#1770,.T.);
#2375=ORIENTED_EDGE('',*,*,#1766,.F.);
#2376=ORIENTED_EDGE('',*,*,#1644,.F.);
#2377=ORIENTED_EDGE('',*,*,#1774,.F.);
#2378=ORIENTED_EDGE('',*,*,#1775,.T.);
#2379=ORIENTED_EDGE('',*,*,#1646,.T.);
#2380=ORIENTED_EDGE('',*,*,#1776,.F.);
#2381=ORIENTED_EDGE('',*,*,#1774,.T.);
#2382=ORIENTED_EDGE('',*,*,#1777,.T.);
#2383=ORIENTED_EDGE('',*,*,#1778,.F.);
#2384=ORIENTED_EDGE('',*,*,#1779,.F.);
#2385=ORIENTED_EDGE('',*,*,#1780,.T.);
#2386=ORIENTED_EDGE('',*,*,#1781,.T.);
#2387=ORIENTED_EDGE('',*,*,#1782,.F.);
#2388=ORIENTED_EDGE('',*,*,#1783,.T.);
#2389=ORIENTED_EDGE('',*,*,#1784,.T.);
#2390=ORIENTED_EDGE('',*,*,#1785,.T.);
#2391=ORIENTED_EDGE('',*,*,#1786,.T.);
#2392=ORIENTED_EDGE('',*,*,#1787,.T.);
#2393=ORIENTED_EDGE('',*,*,#1788,.T.);
#2394=ORIENTED_EDGE('',*,*,#1789,.T.);
#2395=ORIENTED_EDGE('',*,*,#1790,.F.);
#2396=ORIENTED_EDGE('',*,*,#1791,.T.);
#2397=ORIENTED_EDGE('',*,*,#1792,.T.);
#2398=ORIENTED_EDGE('',*,*,#1793,.T.);
#2399=ORIENTED_EDGE('',*,*,#1794,.F.);
#2400=ORIENTED_EDGE('',*,*,#1795,.T.);
#2401=ORIENTED_EDGE('',*,*,#1796,.T.);
#2402=ORIENTED_EDGE('',*,*,#1797,.T.);
#2403=ORIENTED_EDGE('',*,*,#1798,.F.);
#2404=ORIENTED_EDGE('',*,*,#1799,.T.);
#2405=ORIENTED_EDGE('',*,*,#1800,.T.);
#2406=ORIENTED_EDGE('',*,*,#1801,.T.);
#2407=ORIENTED_EDGE('',*,*,#1802,.F.);
#2408=ORIENTED_EDGE('',*,*,#1803,.T.);
#2409=ORIENTED_EDGE('',*,*,#1804,.T.);
#2410=ORIENTED_EDGE('',*,*,#1805,.T.);
#2411=ORIENTED_EDGE('',*,*,#1806,.F.);
#2412=ORIENTED_EDGE('',*,*,#1807,.T.);
#2413=ORIENTED_EDGE('',*,*,#1808,.T.);
#2414=ORIENTED_EDGE('',*,*,#1779,.T.);
#2415=ORIENTED_EDGE('',*,*,#1809,.F.);
#2416=ORIENTED_EDGE('',*,*,#1810,.T.);
#2417=ORIENTED_EDGE('',*,*,#1811,.T.);
#2418=ORIENTED_EDGE('',*,*,#1812,.T.);
#2419=ORIENTED_EDGE('',*,*,#1813,.T.);
#2420=ORIENTED_EDGE('',*,*,#1814,.F.);
#2421=ORIENTED_EDGE('',*,*,#1780,.F.);
#2422=ORIENTED_EDGE('',*,*,#1815,.T.);
#2423=ORIENTED_EDGE('',*,*,#1679,.T.);
#2424=ORIENTED_EDGE('',*,*,#1816,.F.);
#2425=ORIENTED_EDGE('',*,*,#1817,.F.);
#2426=ORIENTED_EDGE('',*,*,#1816,.T.);
#2427=ORIENTED_EDGE('',*,*,#1678,.T.);
#2428=ORIENTED_EDGE('',*,*,#1818,.F.);
#2429=ORIENTED_EDGE('',*,*,#1817,.T.);
#2430=ORIENTED_EDGE('',*,*,#1819,.T.);
#2431=ORIENTED_EDGE('',*,*,#1820,.F.);
#2432=ORIENTED_EDGE('',*,*,#1781,.F.);
#2433=ORIENTED_EDGE('',*,*,#1821,.F.);
#2434=ORIENTED_EDGE('',*,*,#1822,.T.);
#2435=ORIENTED_EDGE('',*,*,#1794,.T.);
#2436=ORIENTED_EDGE('',*,*,#1823,.T.);
#2437=ORIENTED_EDGE('',*,*,#1824,.F.);
#2438=ORIENTED_EDGE('',*,*,#1825,.F.);
#2439=ORIENTED_EDGE('',*,*,#1826,.T.);
#2440=ORIENTED_EDGE('',*,*,#1798,.T.);
#2441=ORIENTED_EDGE('',*,*,#1827,.T.);
#2442=ORIENTED_EDGE('',*,*,#1828,.F.);
#2443=ORIENTED_EDGE('',*,*,#1829,.F.);
#2444=ORIENTED_EDGE('',*,*,#1830,.T.);
#2445=ORIENTED_EDGE('',*,*,#1802,.T.);
#2446=ORIENTED_EDGE('',*,*,#1831,.T.);
#2447=ORIENTED_EDGE('',*,*,#1832,.F.);
#2448=ORIENTED_EDGE('',*,*,#1833,.F.);
#2449=ORIENTED_EDGE('',*,*,#1834,.T.);
#2450=ORIENTED_EDGE('',*,*,#1806,.T.);
#2451=ORIENTED_EDGE('',*,*,#1835,.T.);
#2452=ORIENTED_EDGE('',*,*,#1836,.F.);
#2453=ORIENTED_EDGE('',*,*,#1837,.T.);
#2454=ORIENTED_EDGE('',*,*,#1809,.T.);
#2455=ORIENTED_EDGE('',*,*,#1778,.T.);
#2456=ORIENTED_EDGE('',*,*,#1838,.F.);
#2457=ORIENTED_EDGE('',*,*,#1839,.T.);
#2458=ORIENTED_EDGE('',*,*,#1814,.T.);
#2459=ORIENTED_EDGE('',*,*,#1840,.T.);
#2460=ORIENTED_EDGE('',*,*,#1841,.F.);
#2461=ORIENTED_EDGE('',*,*,#1842,.T.);
#2462=ORIENTED_EDGE('',*,*,#1782,.T.);
#2463=ORIENTED_EDGE('',*,*,#1820,.T.);
#2464=ORIENTED_EDGE('',*,*,#1843,.F.);
#2465=ORIENTED_EDGE('',*,*,#1844,.T.);
#2466=ORIENTED_EDGE('',*,*,#1790,.T.);
#2467=ORIENTED_EDGE('',*,*,#1845,.T.);
#2468=ORIENTED_EDGE('',*,*,#1846,.F.);
#2469=ORIENTED_EDGE('',*,*,#1847,.T.);
#2470=ORIENTED_EDGE('',*,*,#1848,.T.);
#2471=ORIENTED_EDGE('',*,*,#1849,.T.);
#2472=ORIENTED_EDGE('',*,*,#1850,.T.);
#2473=ORIENTED_EDGE('',*,*,#1847,.F.);
#2474=ORIENTED_EDGE('',*,*,#1850,.F.);
#2475=ORIENTED_EDGE('',*,*,#1848,.F.);
#2476=ORIENTED_EDGE('',*,*,#1849,.F.);
#2477=ORIENTED_EDGE('',*,*,#1851,.T.);
#2478=ORIENTED_EDGE('',*,*,#1852,.T.);
#2479=ORIENTED_EDGE('',*,*,#1851,.F.);
#2480=ORIENTED_EDGE('',*,*,#1852,.F.);
#2481=ORIENTED_EDGE('',*,*,#1853,.T.);
#2482=ORIENTED_EDGE('',*,*,#1854,.F.);
#2483=ORIENTED_EDGE('',*,*,#1855,.T.);
#2484=ORIENTED_EDGE('',*,*,#1856,.F.);
#2485=ORIENTED_EDGE('',*,*,#1857,.F.);
#2486=ORIENTED_EDGE('',*,*,#1858,.T.);
#2487=ORIENTED_EDGE('',*,*,#1859,.T.);
#2488=ORIENTED_EDGE('',*,*,#1853,.F.);
#2489=ORIENTED_EDGE('',*,*,#1860,.T.);
#2490=ORIENTED_EDGE('',*,*,#1861,.T.);
#2491=ORIENTED_EDGE('',*,*,#1862,.F.);
#2492=ORIENTED_EDGE('',*,*,#1857,.T.);
#2493=ORIENTED_EDGE('',*,*,#1863,.T.);
#2494=ORIENTED_EDGE('',*,*,#1864,.F.);
#2495=ORIENTED_EDGE('',*,*,#1865,.F.);
#2496=ORIENTED_EDGE('',*,*,#1866,.F.);
#2497=ORIENTED_EDGE('',*,*,#1867,.F.);
#2498=ORIENTED_EDGE('',*,*,#1858,.F.);
#2499=ORIENTED_EDGE('',*,*,#1862,.T.);
#2500=ORIENTED_EDGE('',*,*,#1865,.T.);
#2501=ORIENTED_EDGE('',*,*,#1864,.T.);
#2502=ORIENTED_EDGE('',*,*,#1868,.T.);
#2503=ORIENTED_EDGE('',*,*,#1869,.T.);
#2504=ORIENTED_EDGE('',*,*,#1870,.T.);
#2505=ORIENTED_EDGE('',*,*,#1871,.T.);
#2506=ORIENTED_EDGE('',*,*,#1866,.T.);
#2507=ORIENTED_EDGE('',*,*,#1871,.F.);
#2508=ORIENTED_EDGE('',*,*,#1872,.T.);
#2509=ORIENTED_EDGE('',*,*,#1873,.F.);
#2510=ORIENTED_EDGE('',*,*,#1874,.T.);
#2511=ORIENTED_EDGE('',*,*,#1874,.F.);
#2512=ORIENTED_EDGE('',*,*,#1875,.F.);
#2513=ORIENTED_EDGE('',*,*,#1854,.T.);
#2514=ORIENTED_EDGE('',*,*,#1859,.F.);
#2515=ORIENTED_EDGE('',*,*,#1867,.T.);
#2516=ORIENTED_EDGE('',*,*,#1876,.F.);
#2517=ORIENTED_EDGE('',*,*,#1877,.F.);
#2518=ORIENTED_EDGE('',*,*,#1855,.F.);
#2519=ORIENTED_EDGE('',*,*,#1875,.T.);
#2520=ORIENTED_EDGE('',*,*,#1878,.F.);
#2521=ORIENTED_EDGE('',*,*,#1879,.F.);
#2522=ORIENTED_EDGE('',*,*,#1880,.F.);
#2523=ORIENTED_EDGE('',*,*,#1881,.T.);
#2524=ORIENTED_EDGE('',*,*,#1878,.T.);
#2525=ORIENTED_EDGE('',*,*,#1873,.T.);
#2526=ORIENTED_EDGE('',*,*,#1882,.T.);
#2527=ORIENTED_EDGE('',*,*,#1883,.T.);
#2528=ORIENTED_EDGE('',*,*,#1876,.T.);
#2529=ORIENTED_EDGE('',*,*,#1881,.F.);
#2530=ORIENTED_EDGE('',*,*,#1882,.F.);
#2531=ORIENTED_EDGE('',*,*,#1872,.F.);
#2532=ORIENTED_EDGE('',*,*,#1870,.F.);
#2533=ORIENTED_EDGE('',*,*,#1884,.F.);
#2534=ORIENTED_EDGE('',*,*,#1879,.T.);
#2535=ORIENTED_EDGE('',*,*,#1880,.T.);
#2536=ORIENTED_EDGE('',*,*,#1885,.T.);
#2537=ORIENTED_EDGE('',*,*,#1594,.F.);
#2538=ORIENTED_EDGE('',*,*,#1885,.F.);
#2539=ORIENTED_EDGE('',*,*,#1886,.F.);
#2540=ORIENTED_EDGE('',*,*,#1887,.T.);
#2541=ORIENTED_EDGE('',*,*,#1883,.F.);
#2542=ORIENTED_EDGE('',*,*,#1884,.T.);
#2543=ORIENTED_EDGE('',*,*,#1869,.F.);
#2544=ORIENTED_EDGE('',*,*,#1868,.F.);
#2545=ORIENTED_EDGE('',*,*,#1863,.F.);
#2546=ORIENTED_EDGE('',*,*,#1861,.F.);
#2547=ORIENTED_EDGE('',*,*,#1888,.F.);
#2548=ORIENTED_EDGE('',*,*,#1886,.T.);
#2549=ORIENTED_EDGE('',*,*,#1860,.F.);
#2550=ORIENTED_EDGE('',*,*,#1856,.T.);
#2551=ORIENTED_EDGE('',*,*,#1877,.T.);
#2552=ORIENTED_EDGE('',*,*,#1887,.F.);
#2553=ORIENTED_EDGE('',*,*,#1888,.T.);
#2554=ORIENTED_EDGE('',*,*,#1889,.F.);
#2555=ORIENTED_EDGE('',*,*,#1890,.T.);
#2556=ORIENTED_EDGE('',*,*,#1846,.T.);
#2557=ORIENTED_EDGE('',*,*,#1891,.F.);
#2558=ORIENTED_EDGE('',*,*,#1892,.T.);
#2559=ORIENTED_EDGE('',*,*,#1893,.F.);
#2560=ORIENTED_EDGE('',*,*,#1821,.T.);
#2561=ORIENTED_EDGE('',*,*,#1890,.F.);
#2562=ORIENTED_EDGE('',*,*,#1665,.F.);
#2563=ORIENTED_EDGE('',*,*,#1894,.F.);
#2564=ORIENTED_EDGE('',*,*,#1892,.F.);
#2565=ORIENTED_EDGE('',*,*,#1895,.T.);
#2566=ORIENTED_EDGE('',*,*,#1896,.F.);
#2567=ORIENTED_EDGE('',*,*,#1897,.T.);
#2568=ORIENTED_EDGE('',*,*,#1666,.T.);
#2569=ORIENTED_EDGE('',*,*,#1895,.F.);
#2570=ORIENTED_EDGE('',*,*,#1896,.T.);
#2571=ORIENTED_EDGE('',*,*,#1891,.T.);
#2572=ORIENTED_EDGE('',*,*,#1845,.F.);
#2573=ORIENTED_EDGE('',*,*,#1789,.F.);
#2574=ORIENTED_EDGE('',*,*,#1889,.T.);
#2575=ORIENTED_EDGE('',*,*,#1898,.T.);
#2576=ORIENTED_EDGE('',*,*,#1899,.T.);
#2577=ORIENTED_EDGE('',*,*,#1900,.T.);
#2578=ORIENTED_EDGE('',*,*,#1898,.F.);
#2579=ORIENTED_EDGE('',*,*,#1900,.F.);
#2580=ORIENTED_EDGE('',*,*,#1901,.F.);
#2581=ORIENTED_EDGE('',*,*,#1902,.T.);
#2582=ORIENTED_EDGE('',*,*,#1899,.F.);
#2583=ORIENTED_EDGE('',*,*,#1902,.F.);
#2584=ORIENTED_EDGE('',*,*,#1903,.F.);
#2585=ORIENTED_EDGE('',*,*,#1901,.T.);
#2586=ORIENTED_EDGE('',*,*,#1904,.T.);
#2587=ORIENTED_EDGE('',*,*,#1614,.F.);
#2588=ORIENTED_EDGE('',*,*,#1904,.F.);
#2589=ORIENTED_EDGE('',*,*,#1903,.T.);
#2590=ORIENTED_EDGE('',*,*,#1788,.F.);
#2591=ORIENTED_EDGE('',*,*,#1905,.T.);
#2592=ORIENTED_EDGE('',*,*,#1667,.T.);
#2593=ORIENTED_EDGE('',*,*,#1897,.F.);
#2594=ORIENTED_EDGE('',*,*,#1905,.F.);
#2595=ORIENTED_EDGE('',*,*,#1906,.F.);
#2596=ORIENTED_EDGE('',*,*,#1907,.T.);
#2597=ORIENTED_EDGE('',*,*,#1668,.T.);
#2598=ORIENTED_EDGE('',*,*,#1908,.F.);
#2599=ORIENTED_EDGE('',*,*,#1909,.T.);
#2600=ORIENTED_EDGE('',*,*,#1669,.T.);
#2601=ORIENTED_EDGE('',*,*,#1907,.F.);
#2602=ORIENTED_EDGE('',*,*,#1908,.T.);
#2603=ORIENTED_EDGE('',*,*,#1910,.F.);
#2604=ORIENTED_EDGE('',*,*,#1911,.F.);
#2605=ORIENTED_EDGE('',*,*,#1912,.F.);
#2606=ORIENTED_EDGE('',*,*,#1913,.T.);
#2607=ORIENTED_EDGE('',*,*,#1912,.T.);
#2608=ORIENTED_EDGE('',*,*,#1914,.F.);
#2609=ORIENTED_EDGE('',*,*,#1915,.F.);
#2610=ORIENTED_EDGE('',*,*,#1913,.F.);
#2611=ORIENTED_EDGE('',*,*,#1916,.T.);
#2612=ORIENTED_EDGE('',*,*,#1670,.T.);
#2613=ORIENTED_EDGE('',*,*,#1909,.F.);
#2614=ORIENTED_EDGE('',*,*,#1917,.F.);
#2615=ORIENTED_EDGE('',*,*,#1918,.T.);
#2616=ORIENTED_EDGE('',*,*,#1671,.T.);
#2617=ORIENTED_EDGE('',*,*,#1916,.F.);
#2618=ORIENTED_EDGE('',*,*,#1917,.T.);
#2619=ORIENTED_EDGE('',*,*,#1915,.T.);
#2620=ORIENTED_EDGE('',*,*,#1919,.F.);
#2621=ORIENTED_EDGE('',*,*,#1920,.F.);
#2622=ORIENTED_EDGE('',*,*,#1921,.T.);
#2623=ORIENTED_EDGE('',*,*,#1920,.T.);
#2624=ORIENTED_EDGE('',*,*,#1922,.F.);
#2625=ORIENTED_EDGE('',*,*,#1923,.F.);
#2626=ORIENTED_EDGE('',*,*,#1921,.F.);
#2627=ORIENTED_EDGE('',*,*,#1924,.T.);
#2628=ORIENTED_EDGE('',*,*,#1672,.T.);
#2629=ORIENTED_EDGE('',*,*,#1918,.F.);
#2630=ORIENTED_EDGE('',*,*,#1925,.F.);
#2631=ORIENTED_EDGE('',*,*,#1926,.T.);
#2632=ORIENTED_EDGE('',*,*,#1673,.T.);
#2633=ORIENTED_EDGE('',*,*,#1924,.F.);
#2634=ORIENTED_EDGE('',*,*,#1925,.T.);
#2635=ORIENTED_EDGE('',*,*,#1923,.T.);
#2636=ORIENTED_EDGE('',*,*,#1927,.F.);
#2637=ORIENTED_EDGE('',*,*,#1928,.F.);
#2638=ORIENTED_EDGE('',*,*,#1929,.T.);
#2639=ORIENTED_EDGE('',*,*,#1928,.T.);
#2640=ORIENTED_EDGE('',*,*,#1930,.F.);
#2641=ORIENTED_EDGE('',*,*,#1785,.F.);
#2642=ORIENTED_EDGE('',*,*,#1929,.F.);
#2643=ORIENTED_EDGE('',*,*,#1931,.T.);
#2644=ORIENTED_EDGE('',*,*,#1674,.T.);
#2645=ORIENTED_EDGE('',*,*,#1926,.F.);
#2646=ORIENTED_EDGE('',*,*,#1784,.F.);
#2647=ORIENTED_EDGE('',*,*,#1932,.T.);
#2648=ORIENTED_EDGE('',*,*,#1675,.T.);
#2649=ORIENTED_EDGE('',*,*,#1931,.F.);
#2650=ORIENTED_EDGE('',*,*,#1933,.F.);
#2651=ORIENTED_EDGE('',*,*,#1934,.T.);
#2652=ORIENTED_EDGE('',*,*,#1676,.T.);
#2653=ORIENTED_EDGE('',*,*,#1932,.F.);
#2654=ORIENTED_EDGE('',*,*,#1933,.T.);
#2655=ORIENTED_EDGE('',*,*,#1791,.F.);
#2656=ORIENTED_EDGE('',*,*,#1844,.F.);
#2657=ORIENTED_EDGE('',*,*,#1935,.T.);
#2658=ORIENTED_EDGE('',*,*,#1936,.T.);
#2659=ORIENTED_EDGE('',*,*,#1937,.T.);
#2660=ORIENTED_EDGE('',*,*,#1938,.T.);
#2661=ORIENTED_EDGE('',*,*,#1935,.F.);
#2662=ORIENTED_EDGE('',*,*,#1843,.T.);
#2663=ORIENTED_EDGE('',*,*,#1819,.F.);
#2664=ORIENTED_EDGE('',*,*,#1939,.T.);
#2665=ORIENTED_EDGE('',*,*,#1937,.F.);
#2666=ORIENTED_EDGE('',*,*,#1677,.F.);
#2667=ORIENTED_EDGE('',*,*,#1934,.F.);
#2668=ORIENTED_EDGE('',*,*,#1938,.F.);
#2669=ORIENTED_EDGE('',*,*,#1939,.F.);
#2670=ORIENTED_EDGE('',*,*,#1818,.T.);
#2671=ORIENTED_EDGE('',*,*,#1936,.F.);
#2672=ORIENTED_EDGE('',*,*,#1940,.T.);
#2673=ORIENTED_EDGE('',*,*,#1941,.T.);
#2674=ORIENTED_EDGE('',*,*,#1942,.T.);
#2675=ORIENTED_EDGE('',*,*,#1940,.F.);
#2676=ORIENTED_EDGE('',*,*,#1942,.F.);
#2677=ORIENTED_EDGE('',*,*,#1943,.F.);
#2678=ORIENTED_EDGE('',*,*,#1944,.T.);
#2679=ORIENTED_EDGE('',*,*,#1941,.F.);
#2680=ORIENTED_EDGE('',*,*,#1944,.F.);
#2681=ORIENTED_EDGE('',*,*,#1945,.F.);
#2682=ORIENTED_EDGE('',*,*,#1943,.T.);
#2683=ORIENTED_EDGE('',*,*,#1946,.T.);
#2684=ORIENTED_EDGE('',*,*,#1613,.F.);
#2685=ORIENTED_EDGE('',*,*,#1946,.F.);
#2686=ORIENTED_EDGE('',*,*,#1945,.T.);
#2687=ORIENTED_EDGE('',*,*,#1786,.F.);
#2688=ORIENTED_EDGE('',*,*,#1930,.T.);
#2689=ORIENTED_EDGE('',*,*,#1927,.T.);
#2690=ORIENTED_EDGE('',*,*,#1922,.T.);
#2691=ORIENTED_EDGE('',*,*,#1919,.T.);
#2692=ORIENTED_EDGE('',*,*,#1914,.T.);
#2693=ORIENTED_EDGE('',*,*,#1911,.T.);
#2694=ORIENTED_EDGE('',*,*,#1947,.T.);
#2695=ORIENTED_EDGE('',*,*,#1906,.T.);
#2696=ORIENTED_EDGE('',*,*,#1787,.F.);
#2697=ORIENTED_EDGE('',*,*,#1947,.F.);
#2698=ORIENTED_EDGE('',*,*,#1910,.T.);
#2699=ORIENTED_EDGE('',*,*,#1948,.F.);
#2700=ORIENTED_EDGE('',*,*,#1894,.T.);
#2701=ORIENTED_EDGE('',*,*,#1664,.T.);
#2702=ORIENTED_EDGE('',*,*,#1949,.F.);
#2703=ORIENTED_EDGE('',*,*,#1948,.T.);
#2704=ORIENTED_EDGE('',*,*,#1795,.F.);
#2705=ORIENTED_EDGE('',*,*,#1822,.F.);
#2706=ORIENTED_EDGE('',*,*,#1893,.T.);
#2707=ORIENTED_EDGE('',*,*,#1792,.F.);
#2708=ORIENTED_EDGE('',*,*,#1949,.T.);
#2709=ORIENTED_EDGE('',*,*,#1663,.T.);
#2710=ORIENTED_EDGE('',*,*,#1950,.F.);
#2711=ORIENTED_EDGE('',*,*,#1951,.F.);
#2712=ORIENTED_EDGE('',*,*,#1950,.T.);
#2713=ORIENTED_EDGE('',*,*,#1662,.T.);
#2714=ORIENTED_EDGE('',*,*,#1952,.F.);
#2715=ORIENTED_EDGE('',*,*,#1951,.T.);
#2716=ORIENTED_EDGE('',*,*,#1953,.T.);
#2717=ORIENTED_EDGE('',*,*,#1823,.F.);
#2718=ORIENTED_EDGE('',*,*,#1793,.F.);
#2719=ORIENTED_EDGE('',*,*,#1954,.T.);
#2720=ORIENTED_EDGE('',*,*,#1955,.T.);
#2721=ORIENTED_EDGE('',*,*,#1824,.T.);
#2722=ORIENTED_EDGE('',*,*,#1953,.F.);
#2723=ORIENTED_EDGE('',*,*,#1956,.T.);
#2724=ORIENTED_EDGE('',*,*,#1957,.F.);
#2725=ORIENTED_EDGE('',*,*,#1825,.T.);
#2726=ORIENTED_EDGE('',*,*,#1955,.F.);
#2727=ORIENTED_EDGE('',*,*,#1661,.F.);
#2728=ORIENTED_EDGE('',*,*,#1958,.F.);
#2729=ORIENTED_EDGE('',*,*,#1956,.F.);
#2730=ORIENTED_EDGE('',*,*,#1952,.T.);
#2731=ORIENTED_EDGE('',*,*,#1954,.F.);
#2732=ORIENTED_EDGE('',*,*,#1959,.T.);
#2733=ORIENTED_EDGE('',*,*,#1960,.T.);
#2734=ORIENTED_EDGE('',*,*,#1961,.T.);
#2735=ORIENTED_EDGE('',*,*,#1959,.F.);
#2736=ORIENTED_EDGE('',*,*,#1961,.F.);
#2737=ORIENTED_EDGE('',*,*,#1962,.F.);
#2738=ORIENTED_EDGE('',*,*,#1963,.T.);
#2739=ORIENTED_EDGE('',*,*,#1960,.F.);
#2740=ORIENTED_EDGE('',*,*,#1963,.F.);
#2741=ORIENTED_EDGE('',*,*,#1964,.F.);
#2742=ORIENTED_EDGE('',*,*,#1962,.T.);
#2743=ORIENTED_EDGE('',*,*,#1965,.T.);
#2744=ORIENTED_EDGE('',*,*,#1615,.F.);
#2745=ORIENTED_EDGE('',*,*,#1965,.F.);
#2746=ORIENTED_EDGE('',*,*,#1964,.T.);
#2747=ORIENTED_EDGE('',*,*,#1966,.T.);
#2748=ORIENTED_EDGE('',*,*,#1799,.F.);
#2749=ORIENTED_EDGE('',*,*,#1826,.F.);
#2750=ORIENTED_EDGE('',*,*,#1957,.T.);
#2751=ORIENTED_EDGE('',*,*,#1966,.F.);
#2752=ORIENTED_EDGE('',*,*,#1958,.T.);
#2753=ORIENTED_EDGE('',*,*,#1660,.T.);
#2754=ORIENTED_EDGE('',*,*,#1967,.F.);
#2755=ORIENTED_EDGE('',*,*,#1796,.F.);
#2756=ORIENTED_EDGE('',*,*,#1967,.T.);
#2757=ORIENTED_EDGE('',*,*,#1659,.T.);
#2758=ORIENTED_EDGE('',*,*,#1968,.F.);
#2759=ORIENTED_EDGE('',*,*,#1969,.F.);
#2760=ORIENTED_EDGE('',*,*,#1968,.T.);
#2761=ORIENTED_EDGE('',*,*,#1658,.T.);
#2762=ORIENTED_EDGE('',*,*,#1970,.F.);
#2763=ORIENTED_EDGE('',*,*,#1969,.T.);
#2764=ORIENTED_EDGE('',*,*,#1971,.T.);
#2765=ORIENTED_EDGE('',*,*,#1827,.F.);
#2766=ORIENTED_EDGE('',*,*,#1797,.F.);
#2767=ORIENTED_EDGE('',*,*,#1972,.T.);
#2768=ORIENTED_EDGE('',*,*,#1973,.T.);
#2769=ORIENTED_EDGE('',*,*,#1828,.T.);
#2770=ORIENTED_EDGE('',*,*,#1971,.F.);
#2771=ORIENTED_EDGE('',*,*,#1974,.T.);
#2772=ORIENTED_EDGE('',*,*,#1975,.F.);
#2773=ORIENTED_EDGE('',*,*,#1829,.T.);
#2774=ORIENTED_EDGE('',*,*,#1973,.F.);
#2775=ORIENTED_EDGE('',*,*,#1657,.F.);
#2776=ORIENTED_EDGE('',*,*,#1976,.F.);
#2777=ORIENTED_EDGE('',*,*,#1974,.F.);
#2778=ORIENTED_EDGE('',*,*,#1970,.T.);
#2779=ORIENTED_EDGE('',*,*,#1972,.F.);
#2780=ORIENTED_EDGE('',*,*,#1977,.T.);
#2781=ORIENTED_EDGE('',*,*,#1978,.T.);
#2782=ORIENTED_EDGE('',*,*,#1979,.T.);
#2783=ORIENTED_EDGE('',*,*,#1977,.F.);
#2784=ORIENTED_EDGE('',*,*,#1979,.F.);
#2785=ORIENTED_EDGE('',*,*,#1980,.F.);
#2786=ORIENTED_EDGE('',*,*,#1981,.T.);
#2787=ORIENTED_EDGE('',*,*,#1978,.F.);
#2788=ORIENTED_EDGE('',*,*,#1981,.F.);
#2789=ORIENTED_EDGE('',*,*,#1982,.F.);
#2790=ORIENTED_EDGE('',*,*,#1980,.T.);
#2791=ORIENTED_EDGE('',*,*,#1983,.T.);
#2792=ORIENTED_EDGE('',*,*,#1616,.F.);
#2793=ORIENTED_EDGE('',*,*,#1983,.F.);
#2794=ORIENTED_EDGE('',*,*,#1982,.T.);
#2795=ORIENTED_EDGE('',*,*,#1984,.T.);
#2796=ORIENTED_EDGE('',*,*,#1803,.F.);
#2797=ORIENTED_EDGE('',*,*,#1830,.F.);
#2798=ORIENTED_EDGE('',*,*,#1975,.T.);
#2799=ORIENTED_EDGE('',*,*,#1984,.F.);
#2800=ORIENTED_EDGE('',*,*,#1976,.T.);
#2801=ORIENTED_EDGE('',*,*,#1656,.T.);
#2802=ORIENTED_EDGE('',*,*,#1985,.F.);
#2803=ORIENTED_EDGE('',*,*,#1800,.F.);
#2804=ORIENTED_EDGE('',*,*,#1985,.T.);
#2805=ORIENTED_EDGE('',*,*,#1655,.T.);
#2806=ORIENTED_EDGE('',*,*,#1986,.F.);
#2807=ORIENTED_EDGE('',*,*,#1987,.F.);
#2808=ORIENTED_EDGE('',*,*,#1986,.T.);
#2809=ORIENTED_EDGE('',*,*,#1654,.T.);
#2810=ORIENTED_EDGE('',*,*,#1988,.F.);
#2811=ORIENTED_EDGE('',*,*,#1987,.T.);
#2812=ORIENTED_EDGE('',*,*,#1989,.T.);
#2813=ORIENTED_EDGE('',*,*,#1831,.F.);
#2814=ORIENTED_EDGE('',*,*,#1801,.F.);
#2815=ORIENTED_EDGE('',*,*,#1990,.T.);
#2816=ORIENTED_EDGE('',*,*,#1991,.T.);
#2817=ORIENTED_EDGE('',*,*,#1832,.T.);
#2818=ORIENTED_EDGE('',*,*,#1989,.F.);
#2819=ORIENTED_EDGE('',*,*,#1992,.T.);
#2820=ORIENTED_EDGE('',*,*,#1993,.F.);
#2821=ORIENTED_EDGE('',*,*,#1833,.T.);
#2822=ORIENTED_EDGE('',*,*,#1991,.F.);
#2823=ORIENTED_EDGE('',*,*,#1653,.F.);
#2824=ORIENTED_EDGE('',*,*,#1994,.F.);
#2825=ORIENTED_EDGE('',*,*,#1992,.F.);
#2826=ORIENTED_EDGE('',*,*,#1988,.T.);
#2827=ORIENTED_EDGE('',*,*,#1990,.F.);
#2828=ORIENTED_EDGE('',*,*,#1995,.T.);
#2829=ORIENTED_EDGE('',*,*,#1996,.T.);
#2830=ORIENTED_EDGE('',*,*,#1997,.T.);
#2831=ORIENTED_EDGE('',*,*,#1995,.F.);
#2832=ORIENTED_EDGE('',*,*,#1997,.F.);
#2833=ORIENTED_EDGE('',*,*,#1998,.F.);
#2834=ORIENTED_EDGE('',*,*,#1999,.T.);
#2835=ORIENTED_EDGE('',*,*,#1996,.F.);
#2836=ORIENTED_EDGE('',*,*,#1999,.F.);
#2837=ORIENTED_EDGE('',*,*,#2000,.F.);
#2838=ORIENTED_EDGE('',*,*,#1998,.T.);
#2839=ORIENTED_EDGE('',*,*,#2001,.T.);
#2840=ORIENTED_EDGE('',*,*,#1617,.F.);
#2841=ORIENTED_EDGE('',*,*,#2001,.F.);
#2842=ORIENTED_EDGE('',*,*,#2000,.T.);
#2843=ORIENTED_EDGE('',*,*,#2002,.T.);
#2844=ORIENTED_EDGE('',*,*,#1807,.F.);
#2845=ORIENTED_EDGE('',*,*,#1834,.F.);
#2846=ORIENTED_EDGE('',*,*,#1993,.T.);
#2847=ORIENTED_EDGE('',*,*,#2002,.F.);
#2848=ORIENTED_EDGE('',*,*,#1994,.T.);
#2849=ORIENTED_EDGE('',*,*,#1652,.T.);
#2850=ORIENTED_EDGE('',*,*,#2003,.F.);
#2851=ORIENTED_EDGE('',*,*,#1804,.F.);
#2852=ORIENTED_EDGE('',*,*,#2003,.T.);
#2853=ORIENTED_EDGE('',*,*,#1651,.T.);
#2854=ORIENTED_EDGE('',*,*,#2004,.F.);
#2855=ORIENTED_EDGE('',*,*,#2005,.F.);
#2856=ORIENTED_EDGE('',*,*,#2004,.T.);
#2857=ORIENTED_EDGE('',*,*,#1650,.T.);
#2858=ORIENTED_EDGE('',*,*,#2006,.F.);
#2859=ORIENTED_EDGE('',*,*,#2005,.T.);
#2860=ORIENTED_EDGE('',*,*,#2007,.T.);
#2861=ORIENTED_EDGE('',*,*,#1835,.F.);
#2862=ORIENTED_EDGE('',*,*,#1805,.F.);
#2863=ORIENTED_EDGE('',*,*,#2008,.F.);
#2864=ORIENTED_EDGE('',*,*,#2009,.T.);
#2865=ORIENTED_EDGE('',*,*,#2010,.T.);
#2866=ORIENTED_EDGE('',*,*,#2011,.F.);
#2867=ORIENTED_EDGE('',*,*,#1836,.T.);
#2868=ORIENTED_EDGE('',*,*,#2007,.F.);
#2869=ORIENTED_EDGE('',*,*,#2012,.T.);
#2870=ORIENTED_EDGE('',*,*,#2009,.F.);
#2871=ORIENTED_EDGE('',*,*,#1649,.F.);
#2872=ORIENTED_EDGE('',*,*,#2013,.F.);
#2873=ORIENTED_EDGE('',*,*,#2010,.F.);
#2874=ORIENTED_EDGE('',*,*,#2012,.F.);
#2875=ORIENTED_EDGE('',*,*,#2006,.T.);
#2876=ORIENTED_EDGE('',*,*,#2008,.T.);
#2877=ORIENTED_EDGE('',*,*,#2014,.T.);
#2878=ORIENTED_EDGE('',*,*,#2015,.T.);
#2879=ORIENTED_EDGE('',*,*,#2016,.T.);
#2880=ORIENTED_EDGE('',*,*,#2014,.F.);
#2881=ORIENTED_EDGE('',*,*,#2016,.F.);
#2882=ORIENTED_EDGE('',*,*,#2017,.F.);
#2883=ORIENTED_EDGE('',*,*,#2018,.T.);
#2884=ORIENTED_EDGE('',*,*,#2015,.F.);
#2885=ORIENTED_EDGE('',*,*,#2018,.F.);
#2886=ORIENTED_EDGE('',*,*,#2019,.F.);
#2887=ORIENTED_EDGE('',*,*,#2017,.T.);
#2888=ORIENTED_EDGE('',*,*,#2020,.T.);
#2889=ORIENTED_EDGE('',*,*,#1618,.F.);
#2890=ORIENTED_EDGE('',*,*,#2020,.F.);
#2891=ORIENTED_EDGE('',*,*,#2019,.T.);
#2892=ORIENTED_EDGE('',*,*,#2021,.T.);
#2893=ORIENTED_EDGE('',*,*,#1810,.F.);
#2894=ORIENTED_EDGE('',*,*,#1837,.F.);
#2895=ORIENTED_EDGE('',*,*,#2011,.T.);
#2896=ORIENTED_EDGE('',*,*,#2021,.F.);
#2897=ORIENTED_EDGE('',*,*,#2013,.T.);
#2898=ORIENTED_EDGE('',*,*,#1648,.T.);
#2899=ORIENTED_EDGE('',*,*,#2022,.F.);
#2900=ORIENTED_EDGE('',*,*,#1808,.F.);
#2901=ORIENTED_EDGE('',*,*,#2022,.T.);
#2902=ORIENTED_EDGE('',*,*,#1647,.T.);
#2903=ORIENTED_EDGE('',*,*,#1775,.F.);
#2904=ORIENTED_EDGE('',*,*,#2023,.T.);
#2905=ORIENTED_EDGE('',*,*,#1783,.F.);
#2906=ORIENTED_EDGE('',*,*,#1842,.F.);
#2907=ORIENTED_EDGE('',*,*,#2024,.T.);
#2908=ORIENTED_EDGE('',*,*,#2023,.F.);
#2909=ORIENTED_EDGE('',*,*,#2025,.T.);
#2910=ORIENTED_EDGE('',*,*,#1680,.T.);
#2911=ORIENTED_EDGE('',*,*,#1815,.F.);
#2912=ORIENTED_EDGE('',*,*,#1681,.F.);
#2913=ORIENTED_EDGE('',*,*,#2025,.F.);
#2914=ORIENTED_EDGE('',*,*,#2026,.F.);
#2915=ORIENTED_EDGE('',*,*,#2027,.F.);
#2916=ORIENTED_EDGE('',*,*,#2028,.T.);
#2917=ORIENTED_EDGE('',*,*,#2029,.F.);
#2918=ORIENTED_EDGE('',*,*,#2030,.T.);
#2919=ORIENTED_EDGE('',*,*,#1682,.T.);
#2920=ORIENTED_EDGE('',*,*,#2028,.F.);
#2921=ORIENTED_EDGE('',*,*,#2029,.T.);
#2922=ORIENTED_EDGE('',*,*,#2031,.T.);
#2923=ORIENTED_EDGE('',*,*,#1840,.F.);
#2924=ORIENTED_EDGE('',*,*,#1813,.F.);
#2925=ORIENTED_EDGE('',*,*,#2032,.F.);
#2926=ORIENTED_EDGE('',*,*,#2033,.T.);
#2927=ORIENTED_EDGE('',*,*,#2026,.T.);
#2928=ORIENTED_EDGE('',*,*,#2024,.F.);
#2929=ORIENTED_EDGE('',*,*,#1841,.T.);
#2930=ORIENTED_EDGE('',*,*,#2031,.F.);
#2931=ORIENTED_EDGE('',*,*,#2027,.T.);
#2932=ORIENTED_EDGE('',*,*,#2033,.F.);
#2933=ORIENTED_EDGE('',*,*,#2032,.T.);
#2934=ORIENTED_EDGE('',*,*,#2034,.T.);
#2935=ORIENTED_EDGE('',*,*,#2035,.T.);
#2936=ORIENTED_EDGE('',*,*,#2036,.T.);
#2937=ORIENTED_EDGE('',*,*,#2034,.F.);
#2938=ORIENTED_EDGE('',*,*,#2036,.F.);
#2939=ORIENTED_EDGE('',*,*,#2037,.F.);
#2940=ORIENTED_EDGE('',*,*,#2038,.T.);
#2941=ORIENTED_EDGE('',*,*,#2035,.F.);
#2942=ORIENTED_EDGE('',*,*,#2038,.F.);
#2943=ORIENTED_EDGE('',*,*,#2039,.F.);
#2944=ORIENTED_EDGE('',*,*,#2037,.T.);
#2945=ORIENTED_EDGE('',*,*,#2040,.T.);
#2946=ORIENTED_EDGE('',*,*,#1612,.F.);
#2947=ORIENTED_EDGE('',*,*,#2040,.F.);
#2948=ORIENTED_EDGE('',*,*,#2039,.T.);
#2949=ORIENTED_EDGE('',*,*,#2030,.F.);
#2950=ORIENTED_EDGE('',*,*,#1812,.F.);
#2951=ORIENTED_EDGE('',*,*,#2041,.T.);
#2952=ORIENTED_EDGE('',*,*,#1683,.T.);
#2953=ORIENTED_EDGE('',*,*,#2042,.F.);
#2954=ORIENTED_EDGE('',*,*,#2043,.T.);
#2955=ORIENTED_EDGE('',*,*,#1684,.T.);
#2956=ORIENTED_EDGE('',*,*,#2041,.F.);
#2957=ORIENTED_EDGE('',*,*,#2042,.T.);
#2958=ORIENTED_EDGE('',*,*,#1811,.F.);
#2959=ORIENTED_EDGE('',*,*,#1839,.F.);
#2960=ORIENTED_EDGE('',*,*,#2044,.T.);
#2961=ORIENTED_EDGE('',*,*,#2045,.T.);
#2962=ORIENTED_EDGE('',*,*,#2046,.T.);
#2963=ORIENTED_EDGE('',*,*,#2047,.T.);
#2964=ORIENTED_EDGE('',*,*,#2044,.F.);
#2965=ORIENTED_EDGE('',*,*,#1838,.T.);
#2966=ORIENTED_EDGE('',*,*,#1777,.F.);
#2967=ORIENTED_EDGE('',*,*,#2048,.T.);
#2968=ORIENTED_EDGE('',*,*,#2046,.F.);
#2969=ORIENTED_EDGE('',*,*,#1685,.F.);
#2970=ORIENTED_EDGE('',*,*,#2043,.F.);
#2971=ORIENTED_EDGE('',*,*,#2047,.F.);
#2972=ORIENTED_EDGE('',*,*,#2048,.F.);
#2973=ORIENTED_EDGE('',*,*,#1776,.T.);
#2974=ORIENTED_EDGE('',*,*,#2045,.F.);
#2975=ORIENTED_EDGE('',*,*,#2049,.T.);
#2976=ORIENTED_EDGE('',*,*,#2050,.T.);
#2977=ORIENTED_EDGE('',*,*,#2051,.T.);
#2978=ORIENTED_EDGE('',*,*,#2049,.F.);
#2979=ORIENTED_EDGE('',*,*,#2051,.F.);
#2980=ORIENTED_EDGE('',*,*,#2052,.F.);
#2981=ORIENTED_EDGE('',*,*,#2053,.T.);
#2982=ORIENTED_EDGE('',*,*,#2050,.F.);
#2983=ORIENTED_EDGE('',*,*,#2053,.F.);
#2984=ORIENTED_EDGE('',*,*,#2054,.F.);
#2985=ORIENTED_EDGE('',*,*,#2052,.T.);
#2986=ORIENTED_EDGE('',*,*,#2055,.T.);
#2987=ORIENTED_EDGE('',*,*,#1611,.F.);
#2988=ORIENTED_EDGE('',*,*,#2055,.F.);
#2989=ORIENTED_EDGE('',*,*,#2054,.T.);
#2990=ORIENTED_EDGE('',*,*,#2056,.T.);
#2991=ORIENTED_EDGE('',*,*,#2057,.T.);
#2992=ORIENTED_EDGE('',*,*,#2058,.T.);
#2993=ORIENTED_EDGE('',*,*,#1610,.F.);
#2994=ORIENTED_EDGE('',*,*,#2058,.F.);
#2995=ORIENTED_EDGE('',*,*,#2056,.F.);
#2996=ORIENTED_EDGE('',*,*,#2057,.F.);
#2997=ORIENTED_EDGE('',*,*,#2059,.T.);
#2998=ORIENTED_EDGE('',*,*,#2060,.T.);
#2999=ORIENTED_EDGE('',*,*,#2059,.F.);
#3000=ORIENTED_EDGE('',*,*,#2060,.F.);
#3001=ORIENTED_EDGE('',*,*,#2061,.F.);
#3002=ORIENTED_EDGE('',*,*,#2061,.T.);
#3003=ORIENTED_EDGE('',*,*,#2062,.T.);
#3004=ORIENTED_EDGE('',*,*,#2063,.F.);
#3005=ORIENTED_EDGE('',*,*,#2064,.F.);
#3006=ORIENTED_EDGE('',*,*,#2062,.F.);
#3007=ORIENTED_EDGE('',*,*,#2064,.T.);
#3008=ORIENTED_EDGE('',*,*,#2065,.T.);
#3009=ORIENTED_EDGE('',*,*,#1593,.F.);
#3010=ORIENTED_EDGE('',*,*,#2065,.F.);
#3011=ORIENTED_EDGE('',*,*,#2063,.T.);
#3012=PLANE('',#3255);
#3013=PLANE('',#3258);
#3014=PLANE('',#3286);
#3015=PLANE('',#3340);
#3016=PLANE('',#3343);
#3017=PLANE('',#3346);
#3018=PLANE('',#3349);
#3019=PLANE('',#3350);
#3020=PLANE('',#3351);
#3021=PLANE('',#3354);
#3022=PLANE('',#3357);
#3023=PLANE('',#3360);
#3024=PLANE('',#3364);
#3025=PLANE('',#3366);
#3026=PLANE('',#3368);
#3027=PLANE('',#3406);
#3028=PLANE('',#3409);
#3029=PLANE('',#3413);
#3030=PLANE('',#3415);
#3031=PLANE('',#3451);
#3032=PLANE('',#3484);
#3033=PLANE('',#3493);
#3034=PLANE('',#3496);
#3035=PLANE('',#3497);
#3036=PLANE('',#3509);
#3037=PLANE('',#3512);
#3038=PLANE('',#3520);
#3039=PLANE('',#3531);
#3040=PLANE('',#3532);
#3041=PLANE('',#3545);
#3042=PLANE('',#3546);
#3043=PLANE('',#3560);
#3044=PLANE('',#3568);
#3045=PLANE('',#3582);
#3046=PLANE('',#3601);
#3047=PLANE('',#3620);
#3048=PLANE('',#3640);
#3049=PLANE('',#3663);
#3050=PLANE('',#3680);
#3051=PLANE('',#3693);
#3052=ADVANCED_FACE('',(#634,#597),#3012,.F.);
#3053=ADVANCED_FACE('',(#635,#598,#599,#600,#601,#602,#603,#604,#605,#606,
#607,#608,#609,#610,#611,#612,#613),#3013,.F.);
#3054=ADVANCED_FACE('',(#636),#88,.F.);
#3055=ADVANCED_FACE('',(#637),#22,.F.);
#3056=ADVANCED_FACE('',(#638),#89,.F.);
#3057=ADVANCED_FACE('',(#639,#614,#615,#616,#617,#618,#619,#620,#621,#622),
#3014,.T.);
#3058=ADVANCED_FACE('',(#640),#90,.T.);
#3059=ADVANCED_FACE('',(#641),#3015,.T.);
#3060=ADVANCED_FACE('',(#642),#91,.T.);
#3061=ADVANCED_FACE('',(#643),#3016,.T.);
#3062=ADVANCED_FACE('',(#644),#92,.T.);
#3063=ADVANCED_FACE('',(#645),#3017,.T.);
#3064=ADVANCED_FACE('',(#646),#93,.T.);
#3065=ADVANCED_FACE('',(#647),#3018,.T.);
#3066=ADVANCED_FACE('',(#648),#3019,.T.);
#3067=ADVANCED_FACE('',(#649),#3020,.T.);
#3068=ADVANCED_FACE('',(#650),#94,.T.);
#3069=ADVANCED_FACE('',(#651),#3021,.T.);
#3070=ADVANCED_FACE('',(#652),#95,.T.);
#3071=ADVANCED_FACE('',(#653),#3022,.T.);
#3072=ADVANCED_FACE('',(#654),#96,.T.);
#3073=ADVANCED_FACE('',(#655),#3023,.T.);
#3074=ADVANCED_FACE('',(#656),#97,.T.);
#3075=ADVANCED_FACE('',(#657),#23,.T.);
#3076=ADVANCED_FACE('',(#658),#3024,.T.);
#3077=ADVANCED_FACE('',(#659),#24,.T.);
#3078=ADVANCED_FACE('',(#660),#3025,.T.);
#3079=ADVANCED_FACE('',(#661),#25,.T.);
#3080=ADVANCED_FACE('',(#662),#3026,.T.);
#3081=ADVANCED_FACE('',(#663),#26,.T.);
#3082=ADVANCED_FACE('',(#664),#98,.F.);
#3083=ADVANCED_FACE('',(#665),#27,.F.);
#3084=ADVANCED_FACE('',(#666),#99,.F.);
#3085=ADVANCED_FACE('',(#667),#100,.F.);
#3086=ADVANCED_FACE('',(#668),#28,.F.);
#3087=ADVANCED_FACE('',(#669),#101,.F.);
#3088=ADVANCED_FACE('',(#670),#102,.F.);
#3089=ADVANCED_FACE('',(#671),#29,.F.);
#3090=ADVANCED_FACE('',(#672),#103,.F.);
#3091=ADVANCED_FACE('',(#673),#104,.F.);
#3092=ADVANCED_FACE('',(#674),#30,.F.);
#3093=ADVANCED_FACE('',(#675),#105,.F.);
#3094=ADVANCED_FACE('',(#676),#106,.F.);
#3095=ADVANCED_FACE('',(#677),#31,.F.);
#3096=ADVANCED_FACE('',(#678),#107,.F.);
#3097=ADVANCED_FACE('',(#679),#108,.F.);
#3098=ADVANCED_FACE('',(#680),#32,.F.);
#3099=ADVANCED_FACE('',(#681),#109,.F.);
#3100=ADVANCED_FACE('',(#682),#3027,.T.);
#3101=ADVANCED_FACE('',(#683),#33,.F.);
#3102=ADVANCED_FACE('',(#684),#3028,.T.);
#3103=ADVANCED_FACE('',(#685),#34,.F.);
#3104=ADVANCED_FACE('',(#686),#3029,.T.);
#3105=ADVANCED_FACE('',(#687),#35,.F.);
#3106=ADVANCED_FACE('',(#688),#3030,.T.);
#3107=ADVANCED_FACE('',(#689),#110,.T.);
#3108=ADVANCED_FACE('',(#690),#36,.T.);
#3109=ADVANCED_FACE('',(#691),#37,.F.);
#3110=ADVANCED_FACE('',(#692),#38,.F.);
#3111=ADVANCED_FACE('',(#693),#39,.F.);
#3112=ADVANCED_FACE('',(#694),#40,.F.);
#3113=ADVANCED_FACE('',(#695),#41,.F.);
#3114=ADVANCED_FACE('',(#696),#42,.F.);
#3115=ADVANCED_FACE('',(#697),#43,.F.);
#3116=ADVANCED_FACE('',(#698),#44,.F.);
#3117=ADVANCED_FACE('',(#699),#111,.F.);
#3118=ADVANCED_FACE('',(#700),#112,.T.);
#3119=ADVANCED_FACE('',(#701),#45,.T.);
#3120=ADVANCED_FACE('',(#702,#623),#3031,.T.);
#3121=ADVANCED_FACE('',(#703),#46,.T.);
#3122=ADVANCED_FACE('',(#704),#113,.T.);
#3123=ADVANCED_FACE('',(#705,#624),#3032,.T.);
#3124=ADVANCED_FACE('',(#706),#114,.F.);
#3125=ADVANCED_FACE('',(#707),#47,.F.);
#3126=ADVANCED_FACE('',(#708),#48,.F.);
#3127=ADVANCED_FACE('',(#709),#3033,.T.);
#3128=ADVANCED_FACE('',(#710),#3034,.F.);
#3129=ADVANCED_FACE('',(#711),#3035,.T.);
#3130=ADVANCED_FACE('',(#712),#115,.F.);
#3131=ADVANCED_FACE('',(#713),#49,.F.);
#3132=ADVANCED_FACE('',(#714),#116,.F.);
#3133=ADVANCED_FACE('',(#715),#117,.F.);
#3134=ADVANCED_FACE('',(#716),#3036,.F.);
#3135=ADVANCED_FACE('',(#717),#50,.F.);
#3136=ADVANCED_FACE('',(#718),#3037,.T.);
#3137=ADVANCED_FACE('',(#719),#51,.F.);
#3138=ADVANCED_FACE('',(#720),#118,.F.);
#3139=ADVANCED_FACE('',(#721),#119,.T.);
#3140=ADVANCED_FACE('',(#722),#52,.T.);
#3141=ADVANCED_FACE('',(#723,#625),#3038,.T.);
#3142=ADVANCED_FACE('',(#724),#120,.F.);
#3143=ADVANCED_FACE('',(#725),#53,.F.);
#3144=ADVANCED_FACE('',(#726),#121,.F.);
#3145=ADVANCED_FACE('',(#727),#122,.F.);
#3146=ADVANCED_FACE('',(#728),#123,.T.);
#3147=ADVANCED_FACE('',(#729),#3039,.T.);
#3148=ADVANCED_FACE('',(#730),#3040,.F.);
#3149=ADVANCED_FACE('',(#731),#54,.F.);
#3150=ADVANCED_FACE('',(#732),#124,.F.);
#3151=ADVANCED_FACE('',(#733),#125,.F.);
#3152=ADVANCED_FACE('',(#734),#55,.F.);
#3153=ADVANCED_FACE('',(#735),#56,.F.);
#3154=ADVANCED_FACE('',(#736),#126,.F.);
#3155=ADVANCED_FACE('',(#737),#3041,.T.);
#3156=ADVANCED_FACE('',(#738),#3042,.F.);
#3157=ADVANCED_FACE('',(#739),#57,.T.);
#3158=ADVANCED_FACE('',(#740),#127,.T.);
#3159=ADVANCED_FACE('',(#741),#128,.F.);
#3160=ADVANCED_FACE('',(#742),#129,.T.);
#3161=ADVANCED_FACE('',(#743),#58,.T.);
#3162=ADVANCED_FACE('',(#744),#59,.F.);
#3163=ADVANCED_FACE('',(#745),#130,.F.);
#3164=ADVANCED_FACE('',(#746,#626),#3043,.T.);
#3165=ADVANCED_FACE('',(#747),#131,.F.);
#3166=ADVANCED_FACE('',(#748),#60,.F.);
#3167=ADVANCED_FACE('',(#749),#132,.F.);
#3168=ADVANCED_FACE('',(#750),#3044,.T.);
#3169=ADVANCED_FACE('',(#751),#61,.T.);
#3170=ADVANCED_FACE('',(#752),#133,.T.);
#3171=ADVANCED_FACE('',(#753),#62,.T.);
#3172=ADVANCED_FACE('',(#754),#134,.F.);
#3173=ADVANCED_FACE('',(#755),#135,.T.);
#3174=ADVANCED_FACE('',(#756),#63,.T.);
#3175=ADVANCED_FACE('',(#757),#64,.F.);
#3176=ADVANCED_FACE('',(#758),#136,.F.);
#3177=ADVANCED_FACE('',(#759,#627),#3045,.T.);
#3178=ADVANCED_FACE('',(#760),#137,.F.);
#3179=ADVANCED_FACE('',(#761),#65,.F.);
#3180=ADVANCED_FACE('',(#762),#138,.F.);
#3181=ADVANCED_FACE('',(#763),#66,.T.);
#3182=ADVANCED_FACE('',(#764),#139,.T.);
#3183=ADVANCED_FACE('',(#765),#140,.F.);
#3184=ADVANCED_FACE('',(#766),#141,.T.);
#3185=ADVANCED_FACE('',(#767),#67,.T.);
#3186=ADVANCED_FACE('',(#768),#68,.F.);
#3187=ADVANCED_FACE('',(#769),#142,.F.);
#3188=ADVANCED_FACE('',(#770,#628),#3046,.T.);
#3189=ADVANCED_FACE('',(#771),#143,.F.);
#3190=ADVANCED_FACE('',(#772),#69,.F.);
#3191=ADVANCED_FACE('',(#773),#144,.F.);
#3192=ADVANCED_FACE('',(#774),#70,.T.);
#3193=ADVANCED_FACE('',(#775),#145,.T.);
#3194=ADVANCED_FACE('',(#776),#146,.F.);
#3195=ADVANCED_FACE('',(#777),#147,.T.);
#3196=ADVANCED_FACE('',(#778),#71,.T.);
#3197=ADVANCED_FACE('',(#779),#72,.F.);
#3198=ADVANCED_FACE('',(#780),#148,.F.);
#3199=ADVANCED_FACE('',(#781,#629),#3047,.T.);
#3200=ADVANCED_FACE('',(#782),#149,.F.);
#3201=ADVANCED_FACE('',(#783),#73,.F.);
#3202=ADVANCED_FACE('',(#784),#150,.F.);
#3203=ADVANCED_FACE('',(#785),#74,.T.);
#3204=ADVANCED_FACE('',(#786),#151,.T.);
#3205=ADVANCED_FACE('',(#787),#152,.F.);
#3206=ADVANCED_FACE('',(#788),#153,.T.);
#3207=ADVANCED_FACE('',(#789),#75,.T.);
#3208=ADVANCED_FACE('',(#790),#76,.F.);
#3209=ADVANCED_FACE('',(#791),#154,.F.);
#3210=ADVANCED_FACE('',(#792,#630),#3048,.T.);
#3211=ADVANCED_FACE('',(#793),#155,.F.);
#3212=ADVANCED_FACE('',(#794),#77,.F.);
#3213=ADVANCED_FACE('',(#795),#156,.F.);
#3214=ADVANCED_FACE('',(#796),#78,.T.);
#3215=ADVANCED_FACE('',(#797),#157,.T.);
#3216=ADVANCED_FACE('',(#798),#158,.F.);
#3217=ADVANCED_FACE('',(#799),#79,.T.);
#3218=ADVANCED_FACE('',(#800),#159,.T.);
#3219=ADVANCED_FACE('',(#801),#160,.F.);
#3220=ADVANCED_FACE('',(#802),#161,.T.);
#3221=ADVANCED_FACE('',(#803),#80,.T.);
#3222=ADVANCED_FACE('',(#804),#81,.F.);
#3223=ADVANCED_FACE('',(#805,#631),#3049,.T.);
#3224=ADVANCED_FACE('',(#806),#162,.F.);
#3225=ADVANCED_FACE('',(#807),#82,.F.);
#3226=ADVANCED_FACE('',(#808),#163,.F.);
#3227=ADVANCED_FACE('',(#809),#164,.F.);
#3228=ADVANCED_FACE('',(#810),#165,.T.);
#3229=ADVANCED_FACE('',(#811),#83,.T.);
#3230=ADVANCED_FACE('',(#812),#84,.F.);
#3231=ADVANCED_FACE('',(#813),#166,.F.);
#3232=ADVANCED_FACE('',(#814,#632),#3050,.T.);
#3233=ADVANCED_FACE('',(#815),#167,.F.);
#3234=ADVANCED_FACE('',(#816),#85,.F.);
#3235=ADVANCED_FACE('',(#817),#168,.F.);
#3236=ADVANCED_FACE('',(#818),#169,.F.);
#3237=ADVANCED_FACE('',(#819),#86,.F.);
#3238=ADVANCED_FACE('',(#820,#633),#3051,.F.);
#3239=ADVANCED_FACE('',(#821),#87,.T.);
#3240=ADVANCED_FACE('',(#822),#170,.T.);
#3241=CLOSED_SHELL('',(#3052,#3053,#3054,#3055,#3056,#3057,#3058,#3059,
#3060,#3061,#3062,#3063,#3064,#3065,#3066,#3067,#3068,#3069,#3070,#3071,
#3072,#3073,#3074,#3075,#3076,#3077,#3078,#3079,#3080,#3081,#3082,#3083,
#3084,#3085,#3086,#3087,#3088,#3089,#3090,#3091,#3092,#3093,#3094,#3095,
#3096,#3097,#3098,#3099,#3100,#3101,#3102,#3103,#3104,#3105,#3106,#3107,
#3108,#3109,#3110,#3111,#3112,#3113,#3114,#3115,#3116,#3117,#3118,#3119,
#3120,#3121,#3122,#3123,#3124,#3125,#3126,#3127,#3128,#3129,#3130,#3131,
#3132,#3133,#3134,#3135,#3136,#3137,#3138,#3139,#3140,#3141,#3142,#3143,
#3144,#3145,#3146,#3147,#3148,#3149,#3150,#3151,#3152,#3153,#3154,#3155,
#3156,#3157,#3158,#3159,#3160,#3161,#3162,#3163,#3164,#3165,#3166,#3167,
#3168,#3169,#3170,#3171,#3172,#3173,#3174,#3175,#3176,#3177,#3178,#3179,
#3180,#3181,#3182,#3183,#3184,#3185,#3186,#3187,#3188,#3189,#3190,#3191,
#3192,#3193,#3194,#3195,#3196,#3197,#3198,#3199,#3200,#3201,#3202,#3203,
#3204,#3205,#3206,#3207,#3208,#3209,#3210,#3211,#3212,#3213,#3214,#3215,
#3216,#3217,#3218,#3219,#3220,#3221,#3222,#3223,#3224,#3225,#3226,#3227,
#3228,#3229,#3230,#3231,#3232,#3233,#3234,#3235,#3236,#3237,#3238,#3239,
#3240));
#3242=DERIVED_UNIT_ELEMENT(#3244,1.);
#3243=DERIVED_UNIT_ELEMENT(#5849,-3.);
#3244=(
MASS_UNIT()
NAMED_UNIT(*)
SI_UNIT(.KILO.,.GRAM.)
);
#3245=DERIVED_UNIT((#3242,#3243));
#3246=MEASURE_REPRESENTATION_ITEM('density measure',
POSITIVE_RATIO_MEASURE(7850.),#3245);
#3247=PROPERTY_DEFINITION_REPRESENTATION(#3252,#3249);
#3248=PROPERTY_DEFINITION_REPRESENTATION(#3253,#3250);
#3249=REPRESENTATION('material name',(#3251),#5846);
#3250=REPRESENTATION('density',(#3246),#5846);
#3251=DESCRIPTIVE_REPRESENTATION_ITEM('\X2\94A2\X0\','\X2\94A2\X0\');
#3252=PROPERTY_DEFINITION('material property','material name',#5856);
#3253=PROPERTY_DEFINITION('material property','density of part',#5856);
#3254=AXIS2_PLACEMENT_3D('',#4802,#3699,#3700);
#3255=AXIS2_PLACEMENT_3D('',#4803,#3701,#3702);
#3256=AXIS2_PLACEMENT_3D('',#4805,#3703,#3704);
#3257=AXIS2_PLACEMENT_3D('',#4807,#3705,#3706);
#3258=AXIS2_PLACEMENT_3D('',#4808,#3707,#3708);
#3259=AXIS2_PLACEMENT_3D('',#4811,#3709,#3710);
#3260=AXIS2_PLACEMENT_3D('',#4815,#3712,#3713);
#3261=AXIS2_PLACEMENT_3D('',#4819,#3715,#3716);
#3262=AXIS2_PLACEMENT_3D('',#4823,#3718,#3719);
#3263=AXIS2_PLACEMENT_3D('',#4826,#3721,#3722);
#3264=AXIS2_PLACEMENT_3D('',#4828,#3723,#3724);
#3265=AXIS2_PLACEMENT_3D('',#4830,#3725,#3726);
#3266=AXIS2_PLACEMENT_3D('',#4832,#3727,#3728);
#3267=AXIS2_PLACEMENT_3D('',#4834,#3729,#3730);
#3268=AXIS2_PLACEMENT_3D('',#4836,#3731,#3732);
#3269=AXIS2_PLACEMENT_3D('',#4838,#3733,#3734);
#3270=AXIS2_PLACEMENT_3D('',#4840,#3735,#3736);
#3271=AXIS2_PLACEMENT_3D('',#4842,#3737,#3738);
#3272=AXIS2_PLACEMENT_3D('',#4844,#3739,#3740);
#3273=AXIS2_PLACEMENT_3D('',#4846,#3741,#3742);
#3274=AXIS2_PLACEMENT_3D('',#4848,#3743,#3744);
#3275=AXIS2_PLACEMENT_3D('',#4850,#3745,#3746);
#3276=AXIS2_PLACEMENT_3D('',#4852,#3747,#3748);
#3277=AXIS2_PLACEMENT_3D('',#4854,#3749,#3750);
#3278=AXIS2_PLACEMENT_3D('',#4856,#3751,#3752);
#3279=AXIS2_PLACEMENT_3D('',#4857,#3753,#3754);
#3280=AXIS2_PLACEMENT_3D('',#4859,#3755,#3756);
#3281=AXIS2_PLACEMENT_3D('',#4861,#3758,#3759);
#3282=AXIS2_PLACEMENT_3D('',#4864,#3760,#3761);
#3283=AXIS2_PLACEMENT_3D('',#4865,#3762,#3763);
#3284=AXIS2_PLACEMENT_3D('',#4867,#3765,#3766);
#3285=AXIS2_PLACEMENT_3D('',#4870,#3768,#3769);
#3286=AXIS2_PLACEMENT_3D('',#4871,#3770,#3771);
#3287=AXIS2_PLACEMENT_3D('',#4874,#3772,#3773);
#3288=AXIS2_PLACEMENT_3D('',#4878,#3775,#3776);
#3289=AXIS2_PLACEMENT_3D('',#4882,#3778,#3779);
#3290=AXIS2_PLACEMENT_3D('',#4886,#3781,#3782);
#3291=AXIS2_PLACEMENT_3D('',#4889,#3784,#3785);
#3292=AXIS2_PLACEMENT_3D('',#4891,#3786,#3787);
#3293=AXIS2_PLACEMENT_3D('',#4893,#3788,#3789);
#3294=AXIS2_PLACEMENT_3D('',#4895,#3790,#3791);
#3295=AXIS2_PLACEMENT_3D('',#4897,#3792,#3793);
#3296=AXIS2_PLACEMENT_3D('',#4899,#3794,#3795);
#3297=AXIS2_PLACEMENT_3D('',#4904,#3797,#3798);
#3298=AXIS2_PLACEMENT_3D('',#4908,#3800,#3801);
#3299=AXIS2_PLACEMENT_3D('',#4911,#3803,#3804);
#3300=AXIS2_PLACEMENT_3D('',#4914,#3805,#3806);
#3301=AXIS2_PLACEMENT_3D('',#4916,#3807,#3808);
#3302=AXIS2_PLACEMENT_3D('',#4918,#3809,#3810);
#3303=AXIS2_PLACEMENT_3D('',#4920,#3811,#3812);
#3304=AXIS2_PLACEMENT_3D('',#4922,#3813,#3814);
#3305=AXIS2_PLACEMENT_3D('',#4924,#3815,#3816);
#3306=AXIS2_PLACEMENT_3D('',#4926,#3817,#3818);
#3307=AXIS2_PLACEMENT_3D('',#4928,#3819,#3820);
#3308=AXIS2_PLACEMENT_3D('',#4930,#3821,#3822);
#3309=AXIS2_PLACEMENT_3D('',#4932,#3823,#3824);
#3310=AXIS2_PLACEMENT_3D('',#4934,#3825,#3826);
#3311=AXIS2_PLACEMENT_3D('',#4936,#3827,#3828);
#3312=AXIS2_PLACEMENT_3D('',#4938,#3829,#3830);
#3313=AXIS2_PLACEMENT_3D('',#4940,#3831,#3832);
#3314=AXIS2_PLACEMENT_3D('',#4942,#3833,#3834);
#3315=AXIS2_PLACEMENT_3D('',#4944,#3835,#3836);
#3316=AXIS2_PLACEMENT_3D('',#4946,#3837,#3838);
#3317=AXIS2_PLACEMENT_3D('',#4948,#3839,#3840);
#3318=AXIS2_PLACEMENT_3D('',#4950,#3841,#3842);
#3319=AXIS2_PLACEMENT_3D('',#4952,#3843,#3844);
#3320=AXIS2_PLACEMENT_3D('',#4954,#3845,#3846);
#3321=AXIS2_PLACEMENT_3D('',#4956,#3847,#3848);
#3322=AXIS2_PLACEMENT_3D('',#4958,#3849,#3850);
#3323=AXIS2_PLACEMENT_3D('',#4962,#3852,#3853);
#3324=AXIS2_PLACEMENT_3D('',#4964,#3854,#3855);
#3325=AXIS2_PLACEMENT_3D('',#4966,#3856,#3857);
#3326=AXIS2_PLACEMENT_3D('',#4970,#3859,#3860);
#3327=AXIS2_PLACEMENT_3D('',#4972,#3861,#3862);
#3328=AXIS2_PLACEMENT_3D('',#4974,#3863,#3864);
#3329=AXIS2_PLACEMENT_3D('',#4976,#3865,#3866);
#3330=AXIS2_PLACEMENT_3D('',#4978,#3867,#3868);
#3331=AXIS2_PLACEMENT_3D('',#4980,#3869,#3870);
#3332=AXIS2_PLACEMENT_3D('',#4982,#3871,#3872);
#3333=AXIS2_PLACEMENT_3D('',#4984,#3873,#3874);
#3334=AXIS2_PLACEMENT_3D('',#4986,#3875,#3876);
#3335=AXIS2_PLACEMENT_3D('',#4988,#3877,#3878);
#3336=AXIS2_PLACEMENT_3D('',#4990,#3879,#3880);
#3337=AXIS2_PLACEMENT_3D('',#4991,#3881,#3882);
#3338=AXIS2_PLACEMENT_3D('',#4992,#3883,#3884);
#3339=AXIS2_PLACEMENT_3D('',#4996,#3886,#3887);
#3340=AXIS2_PLACEMENT_3D('',#4998,#3889,#3890);
#3341=AXIS2_PLACEMENT_3D('',#5002,#3893,#3894);
#3342=AXIS2_PLACEMENT_3D('',#5004,#3895,#3896);
#3343=AXIS2_PLACEMENT_3D('',#5006,#3898,#3899);
#3344=AXIS2_PLACEMENT_3D('',#5010,#3902,#3903);
#3345=AXIS2_PLACEMENT_3D('',#5012,#3904,#3905);
#3346=AXIS2_PLACEMENT_3D('',#5014,#3907,#3908);
#3347=AXIS2_PLACEMENT_3D('',#5018,#3911,#3912);
#3348=AXIS2_PLACEMENT_3D('',#5020,#3913,#3914);
#3349=AXIS2_PLACEMENT_3D('',#5022,#3916,#3917);
#3350=AXIS2_PLACEMENT_3D('',#5024,#3919,#3920);
#3351=AXIS2_PLACEMENT_3D('',#5030,#3924,#3925);
#3352=AXIS2_PLACEMENT_3D('',#5033,#3928,#3929);
#3353=AXIS2_PLACEMENT_3D('',#5035,#3930,#3931);
#3354=AXIS2_PLACEMENT_3D('',#5037,#3933,#3934);
#3355=AXIS2_PLACEMENT_3D('',#5041,#3937,#3938);
#3356=AXIS2_PLACEMENT_3D('',#5043,#3939,#3940);
#3357=AXIS2_PLACEMENT_3D('',#5045,#3942,#3943);
#3358=AXIS2_PLACEMENT_3D('',#5049,#3946,#3947);
#3359=AXIS2_PLACEMENT_3D('',#5051,#3948,#3949);
#3360=AXIS2_PLACEMENT_3D('',#5053,#3951,#3952);
#3361=AXIS2_PLACEMENT_3D('',#5057,#3955,#3956);
#3362=AXIS2_PLACEMENT_3D('',#5058,#3957,#3958);
#3363=AXIS2_PLACEMENT_3D('',#5059,#3959,#3960);
#3364=AXIS2_PLACEMENT_3D('',#5061,#3962,#3963);
#3365=AXIS2_PLACEMENT_3D('',#5063,#3965,#3966);
#3366=AXIS2_PLACEMENT_3D('',#5065,#3968,#3969);
#3367=AXIS2_PLACEMENT_3D('',#5067,#3971,#3972);
#3368=AXIS2_PLACEMENT_3D('',#5069,#3974,#3975);
#3369=AXIS2_PLACEMENT_3D('',#5071,#3977,#3978);
#3370=AXIS2_PLACEMENT_3D('',#5072,#3979,#3980);
#3371=AXIS2_PLACEMENT_3D('',#5075,#3981,#3982);
#3372=AXIS2_PLACEMENT_3D('',#5076,#3983,#3984);
#3373=AXIS2_PLACEMENT_3D('',#5078,#3986,#3987);
#3374=AXIS2_PLACEMENT_3D('',#5081,#3989,#3990);
#3375=AXIS2_PLACEMENT_3D('',#5082,#3991,#3992);
#3376=AXIS2_PLACEMENT_3D('',#5084,#3994,#3995);
#3377=AXIS2_PLACEMENT_3D('',#5087,#3996,#3997);
#3378=AXIS2_PLACEMENT_3D('',#5088,#3998,#3999);
#3379=AXIS2_PLACEMENT_3D('',#5090,#4001,#4002);
#3380=AXIS2_PLACEMENT_3D('',#5093,#4004,#4005);
#3381=AXIS2_PLACEMENT_3D('',#5094,#4006,#4007);
#3382=AXIS2_PLACEMENT_3D('',#5096,#4009,#4010);
#3383=AXIS2_PLACEMENT_3D('',#5099,#4011,#4012);
#3384=AXIS2_PLACEMENT_3D('',#5100,#4013,#4014);
#3385=AXIS2_PLACEMENT_3D('',#5102,#4016,#4017);
#3386=AXIS2_PLACEMENT_3D('',#5105,#4019,#4020);
#3387=AXIS2_PLACEMENT_3D('',#5106,#4021,#4022);
#3388=AXIS2_PLACEMENT_3D('',#5108,#4024,#4025);
#3389=AXIS2_PLACEMENT_3D('',#5111,#4026,#4027);
#3390=AXIS2_PLACEMENT_3D('',#5113,#4029,#4030);
#3391=AXIS2_PLACEMENT_3D('',#5114,#4031,#4032);
#3392=AXIS2_PLACEMENT_3D('',#5117,#4034,#4035);
#3393=AXIS2_PLACEMENT_3D('',#5118,#4036,#4037);
#3394=AXIS2_PLACEMENT_3D('',#5120,#4039,#4040);
#3395=AXIS2_PLACEMENT_3D('',#5123,#4041,#4042);
#3396=AXIS2_PLACEMENT_3D('',#5124,#4043,#4044);
#3397=AXIS2_PLACEMENT_3D('',#5126,#4046,#4047);
#3398=AXIS2_PLACEMENT_3D('',#5129,#4049,#4050);
#3399=AXIS2_PLACEMENT_3D('',#5130,#4051,#4052);
#3400=AXIS2_PLACEMENT_3D('',#5132,#4054,#4055);
#3401=AXIS2_PLACEMENT_3D('',#5135,#4056,#4057);
#3402=AXIS2_PLACEMENT_3D('',#5136,#4058,#4059);
#3403=AXIS2_PLACEMENT_3D('',#5138,#4061,#4062);
#3404=AXIS2_PLACEMENT_3D('',#5141,#4064,#4065);
#3405=AXIS2_PLACEMENT_3D('',#5142,#4066,#4067);
#3406=AXIS2_PLACEMENT_3D('',#5144,#4069,#4070);
#3407=AXIS2_PLACEMENT_3D('',#5150,#4074,#4075);
#3408=AXIS2_PLACEMENT_3D('',#5152,#4076,#4077);
#3409=AXIS2_PLACEMENT_3D('',#5154,#4079,#4080);
#3410=AXIS2_PLACEMENT_3D('',#5157,#4081,#4082);
#3411=AXIS2_PLACEMENT_3D('',#5160,#4084,#4085);
#3412=AXIS2_PLACEMENT_3D('',#5162,#4087,#4088);
#3413=AXIS2_PLACEMENT_3D('',#5165,#4091,#4092);
#3414=AXIS2_PLACEMENT_3D('',#5167,#4094,#4095);
#3415=AXIS2_PLACEMENT_3D('',#5168,#4096,#4097);
#3416=AXIS2_PLACEMENT_3D('',#5169,#4098,#4099);
#3417=AXIS2_PLACEMENT_3D('',#5172,#4100,#4101);
#3418=AXIS2_PLACEMENT_3D('',#5175,#4104,#4105);
#3419=AXIS2_PLACEMENT_3D('',#5179,#4107,#4108);
#3420=AXIS2_PLACEMENT_3D('',#5181,#4110,#4111);
#3421=AXIS2_PLACEMENT_3D('',#5184,#4112,#4113);
#3422=AXIS2_PLACEMENT_3D('',#5188,#4115,#4116);
#3423=AXIS2_PLACEMENT_3D('',#5190,#4118,#4119);
#3424=AXIS2_PLACEMENT_3D('',#5193,#4120,#4121);
#3425=AXIS2_PLACEMENT_3D('',#5197,#4123,#4124);
#3426=AXIS2_PLACEMENT_3D('',#5201,#4126,#4127);
#3427=AXIS2_PLACEMENT_3D('',#5205,#4129,#4130);
#3428=AXIS2_PLACEMENT_3D('',#5207,#4132,#4133);
#3429=AXIS2_PLACEMENT_3D('',#5210,#4134,#4135);
#3430=AXIS2_PLACEMENT_3D('',#5214,#4137,#4138);
#3431=AXIS2_PLACEMENT_3D('',#5216,#4140,#4141);
#3432=AXIS2_PLACEMENT_3D('',#5219,#4142,#4143);
#3433=AXIS2_PLACEMENT_3D('',#5223,#4145,#4146);
#3434=AXIS2_PLACEMENT_3D('',#5225,#4148,#4149);
#3435=AXIS2_PLACEMENT_3D('',#5228,#4150,#4151);
#3436=AXIS2_PLACEMENT_3D('',#5232,#4153,#4154);
#3437=AXIS2_PLACEMENT_3D('',#5234,#4156,#4157);
#3438=AXIS2_PLACEMENT_3D('',#5237,#4158,#4159);
#3439=AXIS2_PLACEMENT_3D('',#5241,#4161,#4162);
#3440=AXIS2_PLACEMENT_3D('',#5243,#4164,#4165);
#3441=AXIS2_PLACEMENT_3D('',#5245,#4166,#4167);
#3442=AXIS2_PLACEMENT_3D('',#5247,#4168,#4169);
#3443=AXIS2_PLACEMENT_3D('',#5249,#4171,#4172);
#3444=AXIS2_PLACEMENT_3D('',#5254,#4174,#4175);
#3445=AXIS2_PLACEMENT_3D('',#5257,#4177,#4178);
#3446=AXIS2_PLACEMENT_3D('',#5258,#4179,#4180);
#3447=AXIS2_PLACEMENT_3D('',#5261,#4183,#4184);
#3448=AXIS2_PLACEMENT_3D('',#5263,#4185,#4186);
#3449=AXIS2_PLACEMENT_3D('',#5265,#4188,#4189);
#3450=AXIS2_PLACEMENT_3D('',#5268,#4191,#4192);
#3451=AXIS2_PLACEMENT_3D('',#5269,#4193,#4194);
#3452=AXIS2_PLACEMENT_3D('',#5272,#4195,#4196);
#3453=AXIS2_PLACEMENT_3D('',#5273,#4197,#4198);
#3454=AXIS2_PLACEMENT_3D('',#5275,#4199,#4200);
#3455=AXIS2_PLACEMENT_3D('',#5277,#4201,#4202);
#3456=AXIS2_PLACEMENT_3D('',#5279,#4203,#4204);
#3457=AXIS2_PLACEMENT_3D('',#5280,#4205,#4206);
#3458=AXIS2_PLACEMENT_3D('',#5282,#4207,#4208);
#3459=AXIS2_PLACEMENT_3D('',#5284,#4209,#4210);
#3460=AXIS2_PLACEMENT_3D('',#5286,#4211,#4212);
#3461=AXIS2_PLACEMENT_3D('',#5287,#4213,#4214);
#3462=AXIS2_PLACEMENT_3D('',#5289,#4215,#4216);
#3463=AXIS2_PLACEMENT_3D('',#5291,#4217,#4218);
#3464=AXIS2_PLACEMENT_3D('',#5293,#4219,#4220);
#3465=AXIS2_PLACEMENT_3D('',#5294,#4221,#4222);
#3466=AXIS2_PLACEMENT_3D('',#5296,#4223,#4224);
#3467=AXIS2_PLACEMENT_3D('',#5298,#4225,#4226);
#3468=AXIS2_PLACEMENT_3D('',#5299,#4227,#4228);
#3469=AXIS2_PLACEMENT_3D('',#5301,#4229,#4230);
#3470=AXIS2_PLACEMENT_3D('',#5302,#4231,#4232);
#3471=AXIS2_PLACEMENT_3D('',#5304,#4233,#4234);
#3472=AXIS2_PLACEMENT_3D('',#5306,#4235,#4236);
#3473=AXIS2_PLACEMENT_3D('',#5307,#4237,#4238);
#3474=AXIS2_PLACEMENT_3D('',#5309,#4239,#4240);
#3475=AXIS2_PLACEMENT_3D('',#5310,#4241,#4242);
#3476=AXIS2_PLACEMENT_3D('',#5312,#4243,#4244);
#3477=AXIS2_PLACEMENT_3D('',#5313,#4245,#4246);
#3478=AXIS2_PLACEMENT_3D('',#5315,#4247,#4248);
#3479=AXIS2_PLACEMENT_3D('',#5316,#4249,#4250);
#3480=AXIS2_PLACEMENT_3D('',#5319,#4251,#4252);
#3481=AXIS2_PLACEMENT_3D('',#5320,#4253,#4254);
#3482=AXIS2_PLACEMENT_3D('',#5322,#4256,#4257);
#3483=AXIS2_PLACEMENT_3D('',#5325,#4259,#4260);
#3484=AXIS2_PLACEMENT_3D('',#5326,#4261,#4262);
#3485=AXIS2_PLACEMENT_3D('',#5329,#4263,#4264);
#3486=AXIS2_PLACEMENT_3D('',#5333,#4266,#4267);
#3487=AXIS2_PLACEMENT_3D('',#5335,#4269,#4270);
#3488=AXIS2_PLACEMENT_3D('',#5433,#4271,#4272);
#3489=AXIS2_PLACEMENT_3D('',#5438,#4275,#4276);
#3490=AXIS2_PLACEMENT_3D('',#5439,#4277,#4278);
#3491=AXIS2_PLACEMENT_3D('',#5441,#4279,#4280);
#3492=AXIS2_PLACEMENT_3D('',#5444,#4282,#4283);
#3493=AXIS2_PLACEMENT_3D('',#5445,#4284,#4285);
#3494=AXIS2_PLACEMENT_3D('',#5447,#4286,#4287);
#3495=AXIS2_PLACEMENT_3D('',#5451,#4289,#4290);
#3496=AXIS2_PLACEMENT_3D('',#5453,#4292,#4293);
#3497=AXIS2_PLACEMENT_3D('',#5459,#4297,#4298);
#3498=AXIS2_PLACEMENT_3D('',#5460,#4299,#4300);
#3499=AXIS2_PLACEMENT_3D('',#5461,#4301,#4302);
#3500=AXIS2_PLACEMENT_3D('',#5464,#4303,#4304);
#3501=AXIS2_PLACEMENT_3D('',#5465,#4305,#4306);
#3502=AXIS2_PLACEMENT_3D('',#5466,#4307,#4308);
#3503=AXIS2_PLACEMENT_3D('',#5467,#4309,#4310);
#3504=AXIS2_PLACEMENT_3D('',#5470,#4311,#4312);
#3505=AXIS2_PLACEMENT_3D('',#5471,#4313,#4314);
#3506=AXIS2_PLACEMENT_3D('',#5474,#4316,#4317);
#3507=AXIS2_PLACEMENT_3D('',#5476,#4319,#4320);
#3508=AXIS2_PLACEMENT_3D('',#5478,#4322,#4323);
#3509=AXIS2_PLACEMENT_3D('',#5480,#4325,#4326);
#3510=AXIS2_PLACEMENT_3D('',#5484,#4329,#4330);
#3511=AXIS2_PLACEMENT_3D('',#5485,#4331,#4332);
#3512=AXIS2_PLACEMENT_3D('',#5486,#4333,#4334);
#3513=AXIS2_PLACEMENT_3D('',#5487,#4335,#4336);
#3514=AXIS2_PLACEMENT_3D('',#5489,#4337,#4338);
#3515=AXIS2_PLACEMENT_3D('',#5494,#4341,#4342);
#3516=AXIS2_PLACEMENT_3D('',#5496,#4344,#4345);
#3517=AXIS2_PLACEMENT_3D('',#5499,#4348,#4349);
#3518=AXIS2_PLACEMENT_3D('',#5500,#4350,#4351);
#3519=AXIS2_PLACEMENT_3D('',#5502,#4353,#4354);
#3520=AXIS2_PLACEMENT_3D('',#5503,#4355,#4356);
#3521=AXIS2_PLACEMENT_3D('',#5505,#4357,#4358);
#3522=AXIS2_PLACEMENT_3D('',#5506,#4359,#4360);
#3523=AXIS2_PLACEMENT_3D('',#5508,#4361,#4362);
#3524=AXIS2_PLACEMENT_3D('',#5510,#4364,#4365);
#3525=AXIS2_PLACEMENT_3D('',#5513,#4366,#4367);
#3526=AXIS2_PLACEMENT_3D('',#5515,#4369,#4370);
#3527=AXIS2_PLACEMENT_3D('',#5516,#4371,#4372);
#3528=AXIS2_PLACEMENT_3D('',#5518,#4374,#4375);
#3529=AXIS2_PLACEMENT_3D('',#5520,#4377,#4378);
#3530=AXIS2_PLACEMENT_3D('',#5522,#4379,#4380);
#3531=AXIS2_PLACEMENT_3D('',#5524,#4382,#4383);
#3532=AXIS2_PLACEMENT_3D('',#5528,#4386,#4387);
#3533=AXIS2_PLACEMENT_3D('',#5534,#4391,#4392);
#3534=AXIS2_PLACEMENT_3D('',#5536,#4393,#4394);
#3535=AXIS2_PLACEMENT_3D('',#5538,#4395,#4396);
#3536=AXIS2_PLACEMENT_3D('',#5540,#4398,#4399);
#3537=AXIS2_PLACEMENT_3D('',#5542,#4401,#4402);
#3538=AXIS2_PLACEMENT_3D('',#5544,#4403,#4404);
#3539=AXIS2_PLACEMENT_3D('',#5546,#4406,#4407);
#3540=AXIS2_PLACEMENT_3D('',#5548,#4408,#4409);
#3541=AXIS2_PLACEMENT_3D('',#5550,#4411,#4412);
#3542=AXIS2_PLACEMENT_3D('',#5552,#4413,#4414);
#3543=AXIS2_PLACEMENT_3D('',#5554,#4415,#4416);
#3544=AXIS2_PLACEMENT_3D('',#5556,#4418,#4419);
#3545=AXIS2_PLACEMENT_3D('',#5558,#4421,#4422);
#3546=AXIS2_PLACEMENT_3D('',#5562,#4425,#4426);
#3547=AXIS2_PLACEMENT_3D('',#5566,#4429,#4430);
#3548=AXIS2_PLACEMENT_3D('',#5567,#4431,#4432);
#3549=AXIS2_PLACEMENT_3D('',#5568,#4433,#4434);
#3550=AXIS2_PLACEMENT_3D('',#5569,#4435,#4436);
#3551=AXIS2_PLACEMENT_3D('',#5571,#4438,#4439);
#3552=AXIS2_PLACEMENT_3D('',#5573,#4441,#4442);
#3553=AXIS2_PLACEMENT_3D('',#5575,#4443,#4444);
#3554=AXIS2_PLACEMENT_3D('',#5577,#4446,#4447);
#3555=AXIS2_PLACEMENT_3D('',#5579,#4449,#4450);
#3556=AXIS2_PLACEMENT_3D('',#5581,#4451,#4452);
#3557=AXIS2_PLACEMENT_3D('',#5584,#4454,#4455);
#3558=AXIS2_PLACEMENT_3D('',#5585,#4456,#4457);
#3559=AXIS2_PLACEMENT_3D('',#5586,#4458,#4459);
#3560=AXIS2_PLACEMENT_3D('',#5587,#4460,#4461);
#3561=AXIS2_PLACEMENT_3D('',#5589,#4462,#4463);
#3562=AXIS2_PLACEMENT_3D('',#5590,#4464,#4465);
#3563=AXIS2_PLACEMENT_3D('',#5592,#4466,#4467);
#3564=AXIS2_PLACEMENT_3D('',#5594,#4469,#4470);
#3565=AXIS2_PLACEMENT_3D('',#5597,#4471,#4472);
#3566=AXIS2_PLACEMENT_3D('',#5599,#4474,#4475);
#3567=AXIS2_PLACEMENT_3D('',#5600,#4476,#4477);
#3568=AXIS2_PLACEMENT_3D('',#5602,#4479,#4480);
#3569=AXIS2_PLACEMENT_3D('',#5603,#4481,#4482);
#3570=AXIS2_PLACEMENT_3D('',#5604,#4483,#4484);
#3571=AXIS2_PLACEMENT_3D('',#5605,#4485,#4486);
#3572=AXIS2_PLACEMENT_3D('',#5606,#4487,#4488);
#3573=AXIS2_PLACEMENT_3D('',#5608,#4490,#4491);
#3574=AXIS2_PLACEMENT_3D('',#5609,#4492,#4493);
#3575=AXIS2_PLACEMENT_3D('',#5611,#4495,#4496);
#3576=AXIS2_PLACEMENT_3D('',#5613,#4497,#4498);
#3577=AXIS2_PLACEMENT_3D('',#5615,#4500,#4501);
#3578=AXIS2_PLACEMENT_3D('',#5617,#4503,#4504);
#3579=AXIS2_PLACEMENT_3D('',#5619,#4505,#4506);
#3580=AXIS2_PLACEMENT_3D('',#5622,#4508,#4509);
#3581=AXIS2_PLACEMENT_3D('',#5624,#4511,#4512);
#3582=AXIS2_PLACEMENT_3D('',#5626,#4514,#4515);
#3583=AXIS2_PLACEMENT_3D('',#5628,#4516,#4517);
#3584=AXIS2_PLACEMENT_3D('',#5629,#4518,#4519);
#3585=AXIS2_PLACEMENT_3D('',#5631,#4520,#4521);
#3586=AXIS2_PLACEMENT_3D('',#5633,#4523,#4524);
#3587=AXIS2_PLACEMENT_3D('',#5636,#4525,#4526);
#3588=AXIS2_PLACEMENT_3D('',#5638,#4528,#4529);
#3589=AXIS2_PLACEMENT_3D('',#5639,#4530,#4531);
#3590=AXIS2_PLACEMENT_3D('',#5641,#4533,#4534);
#3591=AXIS2_PLACEMENT_3D('',#5642,#4535,#4536);
#3592=AXIS2_PLACEMENT_3D('',#5643,#4537,#4538);
#3593=AXIS2_PLACEMENT_3D('',#5645,#4540,#4541);
#3594=AXIS2_PLACEMENT_3D('',#5647,#4543,#4544);
#3595=AXIS2_PLACEMENT_3D('',#5649,#4545,#4546);
#3596=AXIS2_PLACEMENT_3D('',#5651,#4548,#4549);
#3597=AXIS2_PLACEMENT_3D('',#5653,#4551,#4552);
#3598=AXIS2_PLACEMENT_3D('',#5655,#4553,#4554);
#3599=AXIS2_PLACEMENT_3D('',#5658,#4556,#4557);
#3600=AXIS2_PLACEMENT_3D('',#5660,#4559,#4560);
#3601=AXIS2_PLACEMENT_3D('',#5662,#4562,#4563);
#3602=AXIS2_PLACEMENT_3D('',#5664,#4564,#4565);
#3603=AXIS2_PLACEMENT_3D('',#5665,#4566,#4567);
#3604=AXIS2_PLACEMENT_3D('',#5667,#4568,#4569);
#3605=AXIS2_PLACEMENT_3D('',#5669,#4571,#4572);
#3606=AXIS2_PLACEMENT_3D('',#5672,#4573,#4574);
#3607=AXIS2_PLACEMENT_3D('',#5674,#4576,#4577);
#3608=AXIS2_PLACEMENT_3D('',#5675,#4578,#4579);
#3609=AXIS2_PLACEMENT_3D('',#5677,#4581,#4582);
#3610=AXIS2_PLACEMENT_3D('',#5678,#4583,#4584);
#3611=AXIS2_PLACEMENT_3D('',#5679,#4585,#4586);
#3612=AXIS2_PLACEMENT_3D('',#5681,#4588,#4589);
#3613=AXIS2_PLACEMENT_3D('',#5683,#4591,#4592);
#3614=AXIS2_PLACEMENT_3D('',#5685,#4593,#4594);
#3615=AXIS2_PLACEMENT_3D('',#5687,#4596,#4597);
#3616=AXIS2_PLACEMENT_3D('',#5689,#4599,#4600);
#3617=AXIS2_PLACEMENT_3D('',#5691,#4601,#4602);
#3618=AXIS2_PLACEMENT_3D('',#5694,#4604,#4605);
#3619=AXIS2_PLACEMENT_3D('',#5696,#4607,#4608);
#3620=AXIS2_PLACEMENT_3D('',#5698,#4610,#4611);
#3621=AXIS2_PLACEMENT_3D('',#5700,#4612,#4613);
#3622=AXIS2_PLACEMENT_3D('',#5701,#4614,#4615);
#3623=AXIS2_PLACEMENT_3D('',#5703,#4616,#4617);
#3624=AXIS2_PLACEMENT_3D('',#5705,#4619,#4620);
#3625=AXIS2_PLACEMENT_3D('',#5708,#4621,#4622);
#3626=AXIS2_PLACEMENT_3D('',#5710,#4624,#4625);
#3627=AXIS2_PLACEMENT_3D('',#5711,#4626,#4627);
#3628=AXIS2_PLACEMENT_3D('',#5713,#4629,#4630);
#3629=AXIS2_PLACEMENT_3D('',#5714,#4631,#4632);
#3630=AXIS2_PLACEMENT_3D('',#5715,#4633,#4634);
#3631=AXIS2_PLACEMENT_3D('',#5717,#4636,#4637);
#3632=AXIS2_PLACEMENT_3D('',#5719,#4639,#4640);
#3633=AXIS2_PLACEMENT_3D('',#5721,#4641,#4642);
#3634=AXIS2_PLACEMENT_3D('',#5723,#4644,#4645);
#3635=AXIS2_PLACEMENT_3D('',#5725,#4647,#4648);
#3636=AXIS2_PLACEMENT_3D('',#5727,#4649,#4650);
#3637=AXIS2_PLACEMENT_3D('',#5731,#4652,#4653);
#3638=AXIS2_PLACEMENT_3D('',#5733,#4655,#4656);
#3639=AXIS2_PLACEMENT_3D('',#5734,#4657,#4658);
#3640=AXIS2_PLACEMENT_3D('',#5736,#4660,#4661);
#3641=AXIS2_PLACEMENT_3D('',#5738,#4662,#4663);
#3642=AXIS2_PLACEMENT_3D('',#5739,#4664,#4665);
#3643=AXIS2_PLACEMENT_3D('',#5741,#4666,#4667);
#3644=AXIS2_PLACEMENT_3D('',#5743,#4669,#4670);
#3645=AXIS2_PLACEMENT_3D('',#5746,#4671,#4672);
#3646=AXIS2_PLACEMENT_3D('',#5748,#4674,#4675);
#3647=AXIS2_PLACEMENT_3D('',#5749,#4676,#4677);
#3648=AXIS2_PLACEMENT_3D('',#5751,#4679,#4680);
#3649=AXIS2_PLACEMENT_3D('',#5752,#4681,#4682);
#3650=AXIS2_PLACEMENT_3D('',#5753,#4683,#4684);
#3651=AXIS2_PLACEMENT_3D('',#5755,#4686,#4687);
#3652=AXIS2_PLACEMENT_3D('',#5756,#4688,#4689);
#3653=AXIS2_PLACEMENT_3D('',#5758,#4690,#4691);
#3654=AXIS2_PLACEMENT_3D('',#5760,#4693,#4694);
#3655=AXIS2_PLACEMENT_3D('',#5762,#4696,#4697);
#3656=AXIS2_PLACEMENT_3D('',#5764,#4698,#4699);
#3657=AXIS2_PLACEMENT_3D('',#5766,#4700,#4701);
#3658=AXIS2_PLACEMENT_3D('',#5768,#4703,#4704);
#3659=AXIS2_PLACEMENT_3D('',#5769,#4705,#4706);
#3660=AXIS2_PLACEMENT_3D('',#5771,#4708,#4709);
#3661=AXIS2_PLACEMENT_3D('',#5773,#4711,#4712);
#3662=AXIS2_PLACEMENT_3D('',#5775,#4713,#4714);
#3663=AXIS2_PLACEMENT_3D('',#5777,#4716,#4717);
#3664=AXIS2_PLACEMENT_3D('',#5779,#4718,#4719);
#3665=AXIS2_PLACEMENT_3D('',#5780,#4720,#4721);
#3666=AXIS2_PLACEMENT_3D('',#5782,#4722,#4723);
#3667=AXIS2_PLACEMENT_3D('',#5784,#4725,#4726);
#3668=AXIS2_PLACEMENT_3D('',#5787,#4727,#4728);
#3669=AXIS2_PLACEMENT_3D('',#5789,#4730,#4731);
#3670=AXIS2_PLACEMENT_3D('',#5790,#4732,#4733);
#3671=AXIS2_PLACEMENT_3D('',#5792,#4735,#4736);
#3672=AXIS2_PLACEMENT_3D('',#5794,#4738,#4739);
#3673=AXIS2_PLACEMENT_3D('',#5796,#4740,#4741);
#3674=AXIS2_PLACEMENT_3D('',#5798,#4743,#4744);
#3675=AXIS2_PLACEMENT_3D('',#5800,#4746,#4747);
#3676=AXIS2_PLACEMENT_3D('',#5802,#4748,#4749);
#3677=AXIS2_PLACEMENT_3D('',#5805,#4751,#4752);
#3678=AXIS2_PLACEMENT_3D('',#5806,#4753,#4754);
#3679=AXIS2_PLACEMENT_3D('',#5807,#4755,#4756);
#3680=AXIS2_PLACEMENT_3D('',#5808,#4757,#4758);
#3681=AXIS2_PLACEMENT_3D('',#5810,#4759,#4760);
#3682=AXIS2_PLACEMENT_3D('',#5811,#4761,#4762);
#3683=AXIS2_PLACEMENT_3D('',#5813,#4763,#4764);
#3684=AXIS2_PLACEMENT_3D('',#5815,#4766,#4767);
#3685=AXIS2_PLACEMENT_3D('',#5818,#4768,#4769);
#3686=AXIS2_PLACEMENT_3D('',#5820,#4771,#4772);
#3687=AXIS2_PLACEMENT_3D('',#5821,#4773,#4774);
#3688=AXIS2_PLACEMENT_3D('',#5823,#4776,#4777);
#3689=AXIS2_PLACEMENT_3D('',#5826,#4778,#4779);
#3690=AXIS2_PLACEMENT_3D('',#5827,#4780,#4781);
#3691=AXIS2_PLACEMENT_3D('',#5829,#4783,#4784);
#3692=AXIS2_PLACEMENT_3D('',#5832,#4786,#4787);
#3693=AXIS2_PLACEMENT_3D('',#5833,#4788,#4789);
#3694=AXIS2_PLACEMENT_3D('',#5835,#4790,#4791);
#3695=AXIS2_PLACEMENT_3D('',#5836,#4792,#4793);
#3696=AXIS2_PLACEMENT_3D('',#5840,#4795,#4796);
#3697=AXIS2_PLACEMENT_3D('',#5841,#4797,#4798);
#3698=AXIS2_PLACEMENT_3D('',#5842,#4799,#4800);
#3699=DIRECTION('axis',(0.,0.,1.));
#3700=DIRECTION('refdir',(1.,0.,0.));
#3701=DIRECTION('center_axis',(0.,1.,0.));
#3702=DIRECTION('ref_axis',(1.,0.,0.));
#3703=DIRECTION('center_axis',(0.,-1.,0.));
#3704=DIRECTION('ref_axis',(1.,0.,0.));
#3705=DIRECTION('center_axis',(0.,1.,0.));
#3706=DIRECTION('ref_axis',(-1.,0.,0.));
#3707=DIRECTION('center_axis',(0.,1.,0.));
#3708=DIRECTION('ref_axis',(1.,0.,0.));
#3709=DIRECTION('center_axis',(0.,-1.,0.));
#3710=DIRECTION('ref_axis',(0.,0.,1.));
#3711=DIRECTION('',(-2.890533696642E-12,2.889846074638E-12,-1.));
#3712=DIRECTION('center_axis',(0.,-1.,0.));
#3713=DIRECTION('ref_axis',(-1.,0.,0.));
#3714=DIRECTION('',(1.,2.889846074638E-12,-2.890762903977E-12));
#3715=DIRECTION('center_axis',(0.,-1.,0.));
#3716=DIRECTION('ref_axis',(0.,0.,-1.));
#3717=DIRECTION('',(2.890533696642E-12,2.889387659969E-12,1.));
#3718=DIRECTION('center_axis',(0.,-1.,0.));
#3719=DIRECTION('ref_axis',(1.,0.,0.));
#3720=DIRECTION('',(-1.,2.889387659969E-12,2.890533696642E-12));
#3721=DIRECTION('center_axis',(0.,-1.,0.));
#3722=DIRECTION('ref_axis',(-1.,0.,0.));
#3723=DIRECTION('center_axis',(0.,-1.,0.));
#3724=DIRECTION('ref_axis',(-1.,0.,0.));
#3725=DIRECTION('center_axis',(0.,-1.,0.));
#3726=DIRECTION('ref_axis',(-1.,0.,0.));
#3727=DIRECTION('center_axis',(0.,-1.,0.));
#3728=DIRECTION('ref_axis',(-1.,0.,0.));
#3729=DIRECTION('center_axis',(0.,-1.,0.));
#3730=DIRECTION('ref_axis',(-1.,0.,0.));
#3731=DIRECTION('center_axis',(0.,-1.,0.));
#3732=DIRECTION('ref_axis',(-1.,0.,0.));
#3733=DIRECTION('center_axis',(0.,-1.,0.));
#3734=DIRECTION('ref_axis',(-1.,0.,0.));
#3735=DIRECTION('center_axis',(0.,1.,0.));
#3736=DIRECTION('ref_axis',(-1.,0.,0.));
#3737=DIRECTION('center_axis',(0.,1.,0.));
#3738=DIRECTION('ref_axis',(-1.,0.,0.));
#3739=DIRECTION('center_axis',(0.,1.,0.));
#3740=DIRECTION('ref_axis',(-1.,0.,0.));
#3741=DIRECTION('center_axis',(0.,1.,0.));
#3742=DIRECTION('ref_axis',(-1.,0.,0.));
#3743=DIRECTION('center_axis',(0.,1.,0.));
#3744=DIRECTION('ref_axis',(-1.,0.,0.));
#3745=DIRECTION('center_axis',(0.,1.,0.));
#3746=DIRECTION('ref_axis',(-1.,0.,0.));
#3747=DIRECTION('center_axis',(0.,1.,0.));
#3748=DIRECTION('ref_axis',(-1.,0.,0.));
#3749=DIRECTION('center_axis',(0.,1.,0.));
#3750=DIRECTION('ref_axis',(-1.,0.,0.));
#3751=DIRECTION('center_axis',(0.,1.,0.));
#3752=DIRECTION('ref_axis',(-1.,0.,0.));
#3753=DIRECTION('center_axis',(0.,-1.,0.));
#3754=DIRECTION('ref_axis',(-1.,0.,0.));
#3755=DIRECTION('center_axis',(0.,-1.,0.));
#3756=DIRECTION('ref_axis',(-1.,0.,0.));
#3757=DIRECTION('',(0.707106781186547,-0.707106781186547,8.65956056235493E-17));
#3758=DIRECTION('center_axis',(0.,-1.,0.));
#3759=DIRECTION('ref_axis',(-1.,0.,0.));
#3760=DIRECTION('center_axis',(0.,-1.,0.));
#3761=DIRECTION('ref_axis',(1.,0.,0.));
#3762=DIRECTION('center_axis',(0.,-1.,0.));
#3763=DIRECTION('ref_axis',(1.,0.,0.));
#3764=DIRECTION('',(0.,-1.,0.));
#3765=DIRECTION('center_axis',(0.,1.,0.));
#3766=DIRECTION('ref_axis',(0.,0.,-1.));
#3767=DIRECTION('',(8.65956056235493E-17,0.707106781186548,0.707106781186548));
#3768=DIRECTION('center_axis',(0.,-1.,0.));
#3769=DIRECTION('ref_axis',(1.,0.,0.));
#3770=DIRECTION('center_axis',(0.,1.,0.));
#3771=DIRECTION('ref_axis',(1.,0.,0.));
#3772=DIRECTION('center_axis',(0.,1.,0.));
#3773=DIRECTION('ref_axis',(0.,0.,1.));
#3774=DIRECTION('',(-2.890762903977E-12,2.889846074638E-12,-1.));
#3775=DIRECTION('center_axis',(0.,1.,0.));
#3776=DIRECTION('ref_axis',(1.,0.,0.));
#3777=DIRECTION('',(-1.,2.889846074638E-12,2.890762903977E-12));
#3778=DIRECTION('center_axis',(0.,1.,0.));
#3779=DIRECTION('ref_axis',(0.,0.,-1.));
#3780=DIRECTION('',(2.890533696642E-12,2.889846074638E-12,1.));
#3781=DIRECTION('center_axis',(0.,1.,0.));
#3782=DIRECTION('ref_axis',(-1.,0.,0.));
#3783=DIRECTION('',(1.,2.889846074638E-12,-2.890762903977E-12));
#3784=DIRECTION('center_axis',(0.,-1.,0.));
#3785=DIRECTION('ref_axis',(1.,0.,0.));
#3786=DIRECTION('center_axis',(0.,-1.,0.));
#3787=DIRECTION('ref_axis',(1.,0.,0.));
#3788=DIRECTION('center_axis',(0.,-1.,0.));
#3789=DIRECTION('ref_axis',(1.,0.,0.));
#3790=DIRECTION('center_axis',(0.,-1.,0.));
#3791=DIRECTION('ref_axis',(-1.,0.,0.));
#3792=DIRECTION('center_axis',(0.,-1.,0.));
#3793=DIRECTION('ref_axis',(1.,0.,0.));
#3794=DIRECTION('center_axis',(0.,-1.,0.));
#3795=DIRECTION('ref_axis',(1.,0.,0.));
#3796=DIRECTION('',(0.,0.,1.));
#3797=DIRECTION('center_axis',(0.,-1.,0.));
#3798=DIRECTION('ref_axis',(1.,0.,0.));
#3799=DIRECTION('',(-0.866025403784429,0.,-0.500000000000017));
#3800=DIRECTION('center_axis',(0.,-1.,0.));
#3801=DIRECTION('ref_axis',(-0.500000000000017,0.,0.866025403784429));
#3802=DIRECTION('',(0.866025403784429,0.,-0.500000000000017));
#3803=DIRECTION('center_axis',(0.,-1.,0.));
#3804=DIRECTION('ref_axis',(-0.500000000000017,0.,-0.866025403784429));
#3805=DIRECTION('center_axis',(0.,-1.,0.));
#3806=DIRECTION('ref_axis',(0.86740373087643,0.,0.497605031788917));
#3807=DIRECTION('center_axis',(0.,1.,0.));
#3808=DIRECTION('ref_axis',(-0.497605031788917,0.,-0.86740373087643));
#3809=DIRECTION('center_axis',(0.,-1.,0.));
#3810=DIRECTION('ref_axis',(0.897482966928607,0.,-0.441049117528903));
#3811=DIRECTION('center_axis',(0.,-1.,0.));
#3812=DIRECTION('ref_axis',(-0.897482966928666,0.,0.441049117528783));
#3813=DIRECTION('center_axis',(0.,-1.,0.));
#3814=DIRECTION('ref_axis',(0.261487167798803,0.,0.96520695245971));
#3815=DIRECTION('center_axis',(0.,1.,0.));
#3816=DIRECTION('ref_axis',(0.261487167798803,0.,-0.96520695245971));
#3817=DIRECTION('center_axis',(0.,-1.,0.));
#3818=DIRECTION('ref_axis',(0.946485113755574,0.,0.322747470073891));
#3819=DIRECTION('center_axis',(0.,-1.,0.));
#3820=DIRECTION('ref_axis',(-0.946485113755605,0.,-0.322747470073802));
#3821=DIRECTION('center_axis',(0.,-1.,0.));
#3822=DIRECTION('ref_axis',(-0.497605031788917,0.,0.86740373087643));
#3823=DIRECTION('center_axis',(0.,1.,0.));
#3824=DIRECTION('ref_axis',(0.86740373087643,0.,-0.497605031788917));
#3825=DIRECTION('center_axis',(0.,-1.,0.));
#3826=DIRECTION('ref_axis',(0.441049117528783,0.,0.897482966928666));
#3827=DIRECTION('center_axis',(0.,-1.,0.));
#3828=DIRECTION('ref_axis',(-0.441049117528823,0.,-0.897482966928647));
#3829=DIRECTION('center_axis',(0.,-1.,0.));
#3830=DIRECTION('ref_axis',(-0.965206952459685,0.,0.261487167798896));
#3831=DIRECTION('center_axis',(0.,1.,0.));
#3832=DIRECTION('ref_axis',(0.965206952459685,0.,0.261487167798896));
#3833=DIRECTION('center_axis',(0.,-1.,0.));
#3834=DIRECTION('ref_axis',(-0.322747470073802,0.,0.946485113755605));
#3835=DIRECTION('center_axis',(0.,-1.,0.));
#3836=DIRECTION('ref_axis',(0.322747470073802,0.,-0.946485113755605));
#3837=DIRECTION('center_axis',(0.,-1.,0.));
#3838=DIRECTION('ref_axis',(-0.86740373087643,0.,-0.497605031788917));
#3839=DIRECTION('center_axis',(0.,1.,0.));
#3840=DIRECTION('ref_axis',(0.497605031788917,0.,0.86740373087643));
#3841=DIRECTION('center_axis',(0.,-1.,0.));
#3842=DIRECTION('ref_axis',(-0.897482966928706,0.,0.441049117528703));
#3843=DIRECTION('center_axis',(0.,-1.,0.));
#3844=DIRECTION('ref_axis',(0.897482966928647,0.,-0.441049117528823));
#3845=DIRECTION('center_axis',(0.,-1.,0.));
#3846=DIRECTION('ref_axis',(-0.261487167798803,0.,-0.96520695245971));
#3847=DIRECTION('center_axis',(0.,1.,0.));
#3848=DIRECTION('ref_axis',(0.191919191919108,0.,0.981410731433642));
#3849=DIRECTION('center_axis',(0.,-1.,0.));
#3850=DIRECTION('ref_axis',(-1.,0.,0.));
#3851=DIRECTION('',(1.234679694217E-10,1.234677196569E-10,-1.));
#3852=DIRECTION('center_axis',(0.,1.,0.));
#3853=DIRECTION('ref_axis',(0.149184149184105,0.,0.988809430392032));
#3854=DIRECTION('center_axis',(0.,1.,0.));
#3855=DIRECTION('ref_axis',(-0.149184149184105,0.,0.988809430392032));
#3856=DIRECTION('center_axis',(0.,1.,0.));
#3857=DIRECTION('ref_axis',(-1.,0.,0.));
#3858=DIRECTION('',(7.684762557806E-12,-7.680766321426E-12,1.));
#3859=DIRECTION('center_axis',(0.,-1.,0.));
#3860=DIRECTION('ref_axis',(0.191919191919205,0.,-0.981410731433623));
#3861=DIRECTION('center_axis',(0.,1.,0.));
#3862=DIRECTION('ref_axis',(-0.261487167798803,0.,0.96520695245971));
#3863=DIRECTION('center_axis',(0.,-1.,0.));
#3864=DIRECTION('ref_axis',(-0.946485113755574,0.,-0.322747470073891));
#3865=DIRECTION('center_axis',(0.,-1.,0.));
#3866=DIRECTION('ref_axis',(0.946485113755605,0.,0.322747470073802));
#3867=DIRECTION('center_axis',(0.,-1.,0.));
#3868=DIRECTION('ref_axis',(0.497605031788917,0.,-0.86740373087643));
#3869=DIRECTION('center_axis',(0.,1.,0.));
#3870=DIRECTION('ref_axis',(-0.86740373087643,0.,0.497605031788917));
#3871=DIRECTION('center_axis',(0.,-1.,0.));
#3872=DIRECTION('ref_axis',(-0.441049117528783,0.,-0.897482966928666));
#3873=DIRECTION('center_axis',(0.,-1.,0.));
#3874=DIRECTION('ref_axis',(0.441049117528823,0.,0.897482966928647));
#3875=DIRECTION('center_axis',(0.,-1.,0.));
#3876=DIRECTION('ref_axis',(0.965206952459685,0.,-0.261487167798896));
#3877=DIRECTION('center_axis',(0.,1.,0.));
#3878=DIRECTION('ref_axis',(-0.965206952459685,0.,-0.261487167798896));
#3879=DIRECTION('center_axis',(0.,-1.,0.));
#3880=DIRECTION('ref_axis',(0.322747470073891,0.,-0.946485113755574));
#3881=DIRECTION('center_axis',(0.,-1.,0.));
#3882=DIRECTION('ref_axis',(-0.322747470073802,0.,0.946485113755605));
#3883=DIRECTION('center_axis',(0.,-1.,0.));
#3884=DIRECTION('ref_axis',(0.707106781105018,0.,0.707106781268077));
#3885=DIRECTION('',(2.08292861795299E-8,-0.707106781186497,0.707106781186597));
#3886=DIRECTION('center_axis',(0.,1.,0.));
#3887=DIRECTION('ref_axis',(0.,0.,1.));
#3888=DIRECTION('',(0.707106781186597,-0.707106781186497,1.66460700026099E-8));
#3889=DIRECTION('center_axis',(0.707106781186548,0.707106781186548,0.));
#3890=DIRECTION('ref_axis',(0.707106781186548,-0.707106781186548,0.));
#3891=DIRECTION('',(-2.18847162964E-12,2.187096385633E-12,-1.));
#3892=DIRECTION('',(0.707106781186597,-0.707106781186497,-2.08292778056999E-8));
#3893=DIRECTION('center_axis',(0.,-1.,0.));
#3894=DIRECTION('ref_axis',(0.,0.,-1.));
#3895=DIRECTION('center_axis',(0.,1.,0.));
#3896=DIRECTION('ref_axis',(1.,0.,0.));
#3897=DIRECTION('',(1.66460741895199E-8,-0.707106781186497,-0.707106781186597));
#3898=DIRECTION('center_axis',(0.,0.707106781186548,-0.707106781186548));
#3899=DIRECTION('ref_axis',(0.,-0.707106781186548,-0.707106781186548));
#3900=DIRECTION('',(-1.,2.187096385633E-12,2.18847162964E-12));
#3901=DIRECTION('',(-2.08292652449599E-8,-0.707106781186497,-0.707106781186597));
#3902=DIRECTION('center_axis',(0.,-1.,0.));
#3903=DIRECTION('ref_axis',(0.,0.,-1.));
#3904=DIRECTION('center_axis',(0.,1.,0.));
#3905=DIRECTION('ref_axis',(0.,0.,-1.));
#3906=DIRECTION('',(-0.707106781186597,-0.707106781186497,-1.66460783764299E-8));
#3907=DIRECTION('center_axis',(-0.707106781186548,0.707106781186548,0.));
#3908=DIRECTION('ref_axis',(-0.707106781186548,-0.707106781186548,0.));
#3909=DIRECTION('',(2.188700836974E-12,2.187096385633E-12,1.));
#3910=DIRECTION('',(-0.707106781186597,-0.707106781186497,2.08292736187899E-8));
#3911=DIRECTION('center_axis',(0.,-1.,0.));
#3912=DIRECTION('ref_axis',(-0.707106781268077,0.,0.707106781105018));
#3913=DIRECTION('center_axis',(0.,1.,0.));
#3914=DIRECTION('ref_axis',(-1.,0.,0.));
#3915=DIRECTION('',(-1.66460783764299E-8,-0.707106781186497,0.707106781186597));
#3916=DIRECTION('center_axis',(0.,0.707106781186548,0.707106781186548));
#3917=DIRECTION('ref_axis',(0.,-0.707106781186548,0.707106781186548));
#3918=DIRECTION('',(1.,2.187096385633E-12,-2.18847162964E-12));
#3919=DIRECTION('center_axis',(0.,0.,1.));
#3920=DIRECTION('ref_axis',(1.,0.,0.));
#3921=DIRECTION('',(-1.,2.187096385633E-12,2.18847162964E-12));
#3922=DIRECTION('',(0.,-1.,0.));
#3923=DIRECTION('',(0.,-1.,0.));
#3924=DIRECTION('center_axis',(0.,-0.707106781186498,0.707106781186598));
#3925=DIRECTION('ref_axis',(0.,0.707106781186598,0.707106781186498));
#3926=DIRECTION('',(2.08292861795299E-8,0.707106781186597,0.707106781186497));
#3927=DIRECTION('',(-1.66460783764311E-8,0.707106781186547,0.707106781186547));
#3928=DIRECTION('center_axis',(0.,1.,0.));
#3929=DIRECTION('ref_axis',(-0.707106781268077,0.,0.707106781105018));
#3930=DIRECTION('center_axis',(0.,-1.,0.));
#3931=DIRECTION('ref_axis',(0.,0.,1.));
#3932=DIRECTION('',(-0.707106781186497,0.707106781186597,2.08292778056999E-8));
#3933=DIRECTION('center_axis',(-0.707106781186548,-0.707106781186548,0.));
#3934=DIRECTION('ref_axis',(-0.707106781186548,0.707106781186548,0.));
#3935=DIRECTION('',(-2.18847162964E-12,2.187096385633E-12,-1.));
#3936=DIRECTION('',(-0.707106781186497,0.707106781186597,-1.66460700026099E-8));
#3937=DIRECTION('center_axis',(0.,1.,0.));
#3938=DIRECTION('ref_axis',(0.,0.,-1.));
#3939=DIRECTION('center_axis',(0.,-1.,0.));
#3940=DIRECTION('ref_axis',(-1.,0.,0.));
#3941=DIRECTION('',(-2.08292778056999E-8,0.707106781186597,-0.707106781186497));
#3942=DIRECTION('center_axis',(0.,-0.707106781186498,-0.707106781186598));
#3943=DIRECTION('ref_axis',(0.,0.707106781186598,-0.707106781186498));
#3944=DIRECTION('',(1.,2.187554800302E-12,-2.18847162964E-12));
#3945=DIRECTION('',(1.66460741895199E-8,0.707106781186497,-0.707106781186597));
#3946=DIRECTION('center_axis',(0.,1.,0.));
#3947=DIRECTION('ref_axis',(0.,0.,-1.));
#3948=DIRECTION('center_axis',(0.,-1.,0.));
#3949=DIRECTION('ref_axis',(0.,0.,-1.));
#3950=DIRECTION('',(0.707106781186497,0.707106781186597,-2.08292903664399E-8));
#3951=DIRECTION('center_axis',(0.707106781186548,-0.707106781186548,0.));
#3952=DIRECTION('ref_axis',(0.707106781186548,0.707106781186548,0.));
#3953=DIRECTION('',(2.18847162964E-12,2.187096385633E-12,1.));
#3954=DIRECTION('',(0.707106781186547,0.707106781186547,1.66460783764311E-8));
#3955=DIRECTION('center_axis',(0.,1.,0.));
#3956=DIRECTION('ref_axis',(0.707106781105018,0.,0.707106781268077));
#3957=DIRECTION('center_axis',(0.,-1.,0.));
#3958=DIRECTION('ref_axis',(1.,0.,0.));
#3959=DIRECTION('center_axis',(0.,-1.,0.));
#3960=DIRECTION('ref_axis',(1.,0.,0.));
#3961=DIRECTION('',(0.,-1.,0.));
#3962=DIRECTION('center_axis',(1.,0.,0.));
#3963=DIRECTION('ref_axis',(0.,0.,-1.));
#3964=DIRECTION('',(0.,-1.,0.));
#3965=DIRECTION('center_axis',(0.,-1.,0.));
#3966=DIRECTION('ref_axis',(0.,0.,-1.));
#3967=DIRECTION('',(0.,-1.,0.));
#3968=DIRECTION('center_axis',(0.,0.,-1.));
#3969=DIRECTION('ref_axis',(-1.,0.,0.));
#3970=DIRECTION('',(0.,-1.,0.));
#3971=DIRECTION('center_axis',(0.,-1.,0.));
#3972=DIRECTION('ref_axis',(-1.,0.,0.));
#3973=DIRECTION('',(0.,-1.,0.));
#3974=DIRECTION('center_axis',(-1.,0.,0.));
#3975=DIRECTION('ref_axis',(0.,0.,1.));
#3976=DIRECTION('',(0.,-1.,0.));
#3977=DIRECTION('center_axis',(0.,-1.,0.));
#3978=DIRECTION('ref_axis',(0.,0.,1.));
#3979=DIRECTION('center_axis',(0.,1.,0.));
#3980=DIRECTION('ref_axis',(0.,0.,-1.));
#3981=DIRECTION('center_axis',(0.,-1.,0.));
#3982=DIRECTION('ref_axis',(1.,0.,0.));
#3983=DIRECTION('center_axis',(0.,-1.,0.));
#3984=DIRECTION('ref_axis',(1.,0.,0.));
#3985=DIRECTION('',(8.65956056235493E-17,0.707106781186548,0.707106781186548));
#3986=DIRECTION('center_axis',(0.,-1.,0.));
#3987=DIRECTION('ref_axis',(-1.,0.,0.));
#3988=DIRECTION('',(0.,-1.,0.));
#3989=DIRECTION('center_axis',(0.,-1.,0.));
#3990=DIRECTION('ref_axis',(-1.,0.,0.));
#3991=DIRECTION('center_axis',(0.,-1.,0.));
#3992=DIRECTION('ref_axis',(-1.,0.,0.));
#3993=DIRECTION('',(0.707106781186547,-0.707106781186547,8.65956056235493E-17));
#3994=DIRECTION('center_axis',(0.,1.,0.));
#3995=DIRECTION('ref_axis',(0.,0.,-1.));
#3996=DIRECTION('center_axis',(0.,-1.,0.));
#3997=DIRECTION('ref_axis',(1.,0.,0.));
#3998=DIRECTION('center_axis',(0.,-1.,0.));
#3999=DIRECTION('ref_axis',(1.,0.,0.));
#4000=DIRECTION('',(8.65956056235493E-17,0.707106781186548,0.707106781186548));
#4001=DIRECTION('center_axis',(0.,-1.,0.));
#4002=DIRECTION('ref_axis',(-1.,0.,0.));
#4003=DIRECTION('',(0.,-1.,0.));
#4004=DIRECTION('center_axis',(0.,-1.,0.));
#4005=DIRECTION('ref_axis',(-1.,0.,0.));
#4006=DIRECTION('center_axis',(0.,-1.,0.));
#4007=DIRECTION('ref_axis',(-1.,0.,0.));
#4008=DIRECTION('',(0.707106781186547,-0.707106781186547,8.65956056235493E-17));
#4009=DIRECTION('center_axis',(0.,1.,0.));
#4010=DIRECTION('ref_axis',(0.,0.,-1.));
#4011=DIRECTION('center_axis',(0.,-1.,0.));
#4012=DIRECTION('ref_axis',(1.,0.,0.));
#4013=DIRECTION('center_axis',(0.,-1.,0.));
#4014=DIRECTION('ref_axis',(1.,0.,0.));
#4015=DIRECTION('',(8.65956056235493E-17,0.707106781186548,0.707106781186548));
#4016=DIRECTION('center_axis',(0.,-1.,0.));
#4017=DIRECTION('ref_axis',(-1.,0.,0.));
#4018=DIRECTION('',(0.,-1.,0.));
#4019=DIRECTION('center_axis',(0.,-1.,0.));
#4020=DIRECTION('ref_axis',(-1.,0.,0.));
#4021=DIRECTION('center_axis',(0.,-1.,0.));
#4022=DIRECTION('ref_axis',(-1.,0.,0.));
#4023=DIRECTION('',(0.707106781186547,-0.707106781186547,8.65956056235493E-17));
#4024=DIRECTION('center_axis',(0.,1.,0.));
#4025=DIRECTION('ref_axis',(0.,0.,-1.));
#4026=DIRECTION('center_axis',(0.,-1.,0.));
#4027=DIRECTION('ref_axis',(-1.,0.,0.));
#4028=DIRECTION('',(8.65956056235493E-17,0.707106781186547,0.707106781186547));
#4029=DIRECTION('center_axis',(0.,-1.,0.));
#4030=DIRECTION('ref_axis',(-1.,0.,0.));
#4031=DIRECTION('center_axis',(0.,-1.,0.));
#4032=DIRECTION('ref_axis',(-1.,0.,0.));
#4033=DIRECTION('',(0.,-1.,0.));
#4034=DIRECTION('center_axis',(0.,1.,0.));
#4035=DIRECTION('ref_axis',(-1.,0.,0.));
#4036=DIRECTION('center_axis',(0.,-1.,0.));
#4037=DIRECTION('ref_axis',(-1.,0.,0.));
#4038=DIRECTION('',(0.707106781186548,-0.707106781186548,8.65956056235493E-17));
#4039=DIRECTION('center_axis',(0.,1.,0.));
#4040=DIRECTION('ref_axis',(0.,0.,-1.));
#4041=DIRECTION('center_axis',(0.,-1.,0.));
#4042=DIRECTION('ref_axis',(1.,0.,0.));
#4043=DIRECTION('center_axis',(0.,-1.,0.));
#4044=DIRECTION('ref_axis',(1.,0.,0.));
#4045=DIRECTION('',(8.65956056235493E-17,0.707106781186547,0.707106781186547));
#4046=DIRECTION('center_axis',(0.,-1.,0.));
#4047=DIRECTION('ref_axis',(-1.,0.,0.));
#4048=DIRECTION('',(0.,-1.,0.));
#4049=DIRECTION('center_axis',(0.,-1.,0.));
#4050=DIRECTION('ref_axis',(-1.,0.,0.));
#4051=DIRECTION('center_axis',(0.,-1.,0.));
#4052=DIRECTION('ref_axis',(-1.,0.,0.));
#4053=DIRECTION('',(0.707106781186547,-0.707106781186547,8.65956056235493E-17));
#4054=DIRECTION('center_axis',(0.,1.,0.));
#4055=DIRECTION('ref_axis',(0.,0.,-1.));
#4056=DIRECTION('center_axis',(0.,-1.,0.));
#4057=DIRECTION('ref_axis',(1.,0.,0.));
#4058=DIRECTION('center_axis',(0.,-1.,0.));
#4059=DIRECTION('ref_axis',(1.,0.,0.));
#4060=DIRECTION('',(8.65956056235493E-17,0.707106781186547,0.707106781186547));
#4061=DIRECTION('center_axis',(0.,-1.,0.));
#4062=DIRECTION('ref_axis',(-1.,0.,0.));
#4063=DIRECTION('',(0.,-1.,0.));
#4064=DIRECTION('center_axis',(0.,-1.,0.));
#4065=DIRECTION('ref_axis',(-1.,0.,0.));
#4066=DIRECTION('center_axis',(0.,-1.,0.));
#4067=DIRECTION('ref_axis',(-1.,0.,0.));
#4068=DIRECTION('',(0.707106781186548,-0.707106781186548,8.65956056235493E-17));
#4069=DIRECTION('center_axis',(-1.,0.,0.));
#4070=DIRECTION('ref_axis',(0.,0.,1.));
#4071=DIRECTION('',(0.,-1.,0.));
#4072=DIRECTION('',(0.,0.,1.));
#4073=DIRECTION('',(0.,-1.,0.));
#4074=DIRECTION('center_axis',(0.,-1.,0.));
#4075=DIRECTION('ref_axis',(-0.500000000000017,0.,-0.866025403784429));
#4076=DIRECTION('center_axis',(0.,1.,0.));
#4077=DIRECTION('ref_axis',(1.,0.,0.));
#4078=DIRECTION('',(0.,-1.,1.036208156317E-14));
#4079=DIRECTION('center_axis',(0.,1.,0.));
#4080=DIRECTION('ref_axis',(1.,0.,0.));
#4081=DIRECTION('center_axis',(0.,1.,0.));
#4082=DIRECTION('ref_axis',(-0.500000000000017,0.,-0.866025403784429));
#4083=DIRECTION('',(-0.866025403784429,0.,-0.500000000000017));
#4084=DIRECTION('center_axis',(0.,1.,0.));
#4085=DIRECTION('ref_axis',(-0.500000000000017,0.,0.866025403784429));
#4086=DIRECTION('',(0.866025403784429,0.,-0.500000000000017));
#4087=DIRECTION('center_axis',(0.,-1.,0.));
#4088=DIRECTION('ref_axis',(-0.500000000000017,0.,0.866025403784429));
#4089=DIRECTION('',(0.,-1.,0.));
#4090=DIRECTION('',(0.,-1.,0.));
#4091=DIRECTION('center_axis',(0.500000000000017,0.,-0.866025403784429));
#4092=DIRECTION('ref_axis',(-0.866025403784429,0.,-0.500000000000017));
#4093=DIRECTION('',(0.,-1.,-1.184237892933E-14));
#4094=DIRECTION('center_axis',(0.,-1.,0.));
#4095=DIRECTION('ref_axis',(1.,0.,0.));
#4096=DIRECTION('center_axis',(0.500000000000017,0.,0.866025403784429));
#4097=DIRECTION('ref_axis',(0.866025403784429,0.,-0.500000000000017));
#4098=DIRECTION('center_axis',(0.,-1.,0.));
#4099=DIRECTION('ref_axis',(0.292267259924571,0.,0.956336681705864));
#4100=DIRECTION('center_axis',(0.,-1.,0.));
#4101=DIRECTION('ref_axis',(0.86740373087643,0.,0.497605031788917));
#4102=DIRECTION('',(-0.613347063034701,0.707106781186501,-0.351859887265901));
#4103=DIRECTION('',(0.311868819251803,0.707106781186507,-0.634616293187106));
#4104=DIRECTION('center_axis',(0.,-1.,0.));
#4105=DIRECTION('ref_axis',(0.86740373087643,0.,0.497605031788917));
#4106=DIRECTION('',(4.189042485099E-10,-1.,2.440436878416E-9));
#4107=DIRECTION('center_axis',(0.,-1.,0.));
#4108=DIRECTION('ref_axis',(0.86740373087643,0.,0.497605031788917));
#4109=DIRECTION('',(3.583579950425E-9,-1.,-2.222861134205E-9));
#4110=DIRECTION('center_axis',(0.,1.,0.));
#4111=DIRECTION('ref_axis',(1.,0.,0.));
#4112=DIRECTION('center_axis',(0.,1.,0.));
#4113=DIRECTION('ref_axis',(-0.86740373087643,0.,0.497605031788917));
#4114=DIRECTION('',(-2.089125653151E-9,-1.,-3.508715958495E-9));
#4115=DIRECTION('center_axis',(0.,1.,0.));
#4116=DIRECTION('ref_axis',(-0.86740373087643,0.,0.497605031788917));
#4117=DIRECTION('',(-3.517854747494E-9,1.,-2.105595126658E-9));
#4118=DIRECTION('center_axis',(0.,1.,0.));
#4119=DIRECTION('ref_axis',(1.,0.,0.));
#4120=DIRECTION('center_axis',(0.,1.,0.));
#4121=DIRECTION('ref_axis',(-0.261487167798896,0.,0.965206952459685));
#4122=DIRECTION('',(5.854055018329E-9,-1.,1.111999381429E-9));
#4123=DIRECTION('center_axis',(0.,1.,0.));
#4124=DIRECTION('ref_axis',(-0.191919191919205,0.,0.981410731433623));
#4125=DIRECTION('',(5.52539347588E-9,1.,-1.041584596311E-9));
#4126=DIRECTION('center_axis',(0.,1.,0.));
#4127=DIRECTION('ref_axis',(0.191919191919205,0.,0.981410731433623));
#4128=DIRECTION('',(-3.970571759402E-9,-1.,-9.997925871408E-10));
#4129=DIRECTION('center_axis',(0.,1.,0.));
#4130=DIRECTION('ref_axis',(-0.261487167798896,0.,0.965206952459685));
#4131=DIRECTION('',(-3.949209367682E-9,1.,1.006172353819E-9));
#4132=DIRECTION('center_axis',(0.,1.,0.));
#4133=DIRECTION('ref_axis',(1.,0.,0.));
#4134=DIRECTION('center_axis',(0.,1.,0.));
#4135=DIRECTION('ref_axis',(0.497605031788917,0.,0.86740373087643));
#4136=DIRECTION('',(-3.503831355145E-9,-1.,2.08079264985E-9));
#4137=DIRECTION('center_axis',(0.,1.,0.));
#4138=DIRECTION('ref_axis',(0.497605031788917,0.,0.86740373087643));
#4139=DIRECTION('',(-2.100340889907E-9,1.,3.514398788579E-9));
#4140=DIRECTION('center_axis',(0.,1.,0.));
#4141=DIRECTION('ref_axis',(1.,0.,0.));
#4142=DIRECTION('center_axis',(0.,1.,0.));
#4143=DIRECTION('ref_axis',(0.965206952459685,0.,0.261487167798896));
#4144=DIRECTION('',(-9.986889782126E-10,-1.,3.976162370106E-9));
#4145=DIRECTION('center_axis',(0.,1.,0.));
#4146=DIRECTION('ref_axis',(0.965206952459685,0.,0.261487167798896));
#4147=DIRECTION('',(1.00380035052E-9,1.,3.958272189079E-9));
#4148=DIRECTION('center_axis',(0.,1.,0.));
#4149=DIRECTION('ref_axis',(1.,0.,0.));
#4150=DIRECTION('center_axis',(0.,1.,0.));
#4151=DIRECTION('ref_axis',(0.86740373087643,0.,-0.497605031788917));
#4152=DIRECTION('',(2.087736315337E-9,-1.,3.50774689915E-9));
#4153=DIRECTION('center_axis',(0.,1.,0.));
#4154=DIRECTION('ref_axis',(0.86740373087643,0.,-0.497605031788917));
#4155=DIRECTION('',(3.505104284896E-9,1.,2.083439043587E-9));
#4156=DIRECTION('center_axis',(0.,1.,0.));
#4157=DIRECTION('ref_axis',(1.,0.,0.));
#4158=DIRECTION('center_axis',(0.,1.,0.));
#4159=DIRECTION('ref_axis',(0.261487167798896,0.,-0.965206952459685));
#4160=DIRECTION('',(8.676149710469E-9,-1.,-2.883397533906E-10));
#4161=DIRECTION('center_axis',(0.,1.,0.));
#4162=DIRECTION('ref_axis',(0.261487167798896,0.,-0.965206952459685));
#4163=DIRECTION('',(4.108779124304E-9,1.,-9.612736119754E-10));
#4164=DIRECTION('center_axis',(0.,1.,0.));
#4165=DIRECTION('ref_axis',(1.,0.,0.));
#4166=DIRECTION('center_axis',(0.,1.,0.));
#4167=DIRECTION('ref_axis',(-0.497605031788917,0.,-0.86740373087643));
#4168=DIRECTION('center_axis',(0.,1.,0.));
#4169=DIRECTION('ref_axis',(-0.497605031788917,0.,-0.86740373087643));
#4170=DIRECTION('',(6.623817698652E-9,1.,-6.091871392375E-9));
#4171=DIRECTION('center_axis',(0.,1.,0.));
#4172=DIRECTION('ref_axis',(-1.,0.,-3.2119896340151E-13));
#4173=DIRECTION('',(-1.004108756303E-9,1.,-3.956543453725E-9));
#4174=DIRECTION('center_axis',(0.,1.,0.));
#4175=DIRECTION('ref_axis',(-0.965206952459685,0.,-0.261487167798896));
#4176=DIRECTION('',(1.005224459575E-9,-1.,-3.95187541473E-9));
#4177=DIRECTION('center_axis',(0.,1.,0.));
#4178=DIRECTION('ref_axis',(-0.965206952459685,0.,-0.261487167798896));
#4179=DIRECTION('center_axis',(0.,1.,0.));
#4180=DIRECTION('ref_axis',(0.,0.,-1.));
#4181=DIRECTION('',(-0.613347062780081,0.707106781186578,0.351859887709589));
#4182=DIRECTION('',(-0.351859887771905,0.707106781186511,0.613347062744409));
#4183=DIRECTION('center_axis',(0.,-1.,0.));
#4184=DIRECTION('ref_axis',(0.,0.,-1.));
#4185=DIRECTION('center_axis',(0.,-1.,0.));
#4186=DIRECTION('ref_axis',(0.497605031788917,0.,-0.86740373087643));
#4187=DIRECTION('',(-0.634616292751207,0.707106781186508,-0.311868820138804));
#4188=DIRECTION('center_axis',(0.,-1.,0.));
#4189=DIRECTION('ref_axis',(0.497605031788917,0.,-0.86740373087643));
#4190=DIRECTION('',(2.362453301508E-9,-1.,-2.394513896757E-10));
#4191=DIRECTION('center_axis',(0.,-1.,0.));
#4192=DIRECTION('ref_axis',(0.497605031788917,0.,-0.86740373087643));
#4193=DIRECTION('center_axis',(0.,1.,0.));
#4194=DIRECTION('ref_axis',(1.,0.,0.));
#4195=DIRECTION('center_axis',(0.,1.,0.));
#4196=DIRECTION('ref_axis',(0.897482966928666,0.,-0.441049117528783));
#4197=DIRECTION('center_axis',(0.,-1.,0.));
#4198=DIRECTION('ref_axis',(-0.897482966928666,0.,0.441049117528783));
#4199=DIRECTION('center_axis',(0.,-1.,0.));
#4200=DIRECTION('ref_axis',(-0.86740373087643,0.,-0.497605031788917));
#4201=DIRECTION('center_axis',(0.,1.,0.));
#4202=DIRECTION('ref_axis',(0.322747470073802,0.,-0.946485113755605));
#4203=DIRECTION('center_axis',(0.,1.,0.));
#4204=DIRECTION('ref_axis',(0.322747470073802,0.,-0.946485113755605));
#4205=DIRECTION('center_axis',(0.,-1.,0.));
#4206=DIRECTION('ref_axis',(-0.322747470073802,0.,0.946485113755605));
#4207=DIRECTION('center_axis',(0.,-1.,0.));
#4208=DIRECTION('ref_axis',(-0.965206952459685,0.,0.261487167798896));
#4209=DIRECTION('center_axis',(0.,1.,0.));
#4210=DIRECTION('ref_axis',(-0.441049117528783,0.,-0.897482966928666));
#4211=DIRECTION('center_axis',(0.,1.,0.));
#4212=DIRECTION('ref_axis',(-0.441049117528783,0.,-0.897482966928666));
#4213=DIRECTION('center_axis',(0.,-1.,0.));
#4214=DIRECTION('ref_axis',(0.441049117528783,0.,0.897482966928666));
#4215=DIRECTION('center_axis',(0.,-1.,0.));
#4216=DIRECTION('ref_axis',(-0.497605031788917,0.,0.86740373087643));
#4217=DIRECTION('center_axis',(0.,1.,0.));
#4218=DIRECTION('ref_axis',(-0.946485113755605,0.,-0.322747470073802));
#4219=DIRECTION('center_axis',(0.,1.,0.));
#4220=DIRECTION('ref_axis',(-0.946485113755605,0.,-0.322747470073802));
#4221=DIRECTION('center_axis',(0.,-1.,0.));
#4222=DIRECTION('ref_axis',(0.946485113755605,0.,0.322747470073802));
#4223=DIRECTION('center_axis',(0.,-1.,0.));
#4224=DIRECTION('ref_axis',(0.26148716779871,0.,0.965206952459735));
#4225=DIRECTION('center_axis',(0.,1.,0.));
#4226=DIRECTION('ref_axis',(-0.897482966928666,0.,0.441049117528783));
#4227=DIRECTION('center_axis',(0.,-1.,0.));
#4228=DIRECTION('ref_axis',(0.897482966928666,0.,-0.441049117528783));
#4229=DIRECTION('center_axis',(0.,1.,0.));
#4230=DIRECTION('ref_axis',(-0.322747470073802,0.,0.946485113755605));
#4231=DIRECTION('center_axis',(0.,-1.,0.));
#4232=DIRECTION('ref_axis',(0.322747470073802,0.,-0.946485113755605));
#4233=DIRECTION('center_axis',(0.,-1.,0.));
#4234=DIRECTION('ref_axis',(0.965206952459685,0.,-0.261487167798896));
#4235=DIRECTION('center_axis',(0.,1.,0.));
#4236=DIRECTION('ref_axis',(0.441049117528783,0.,0.897482966928666));
#4237=DIRECTION('center_axis',(0.,-1.,0.));
#4238=DIRECTION('ref_axis',(-0.441049117528783,0.,-0.897482966928666));
#4239=DIRECTION('center_axis',(0.,1.,0.));
#4240=DIRECTION('ref_axis',(0.946485113755605,0.,0.322747470073802));
#4241=DIRECTION('center_axis',(0.,-1.,0.));
#4242=DIRECTION('ref_axis',(-0.946485113755605,0.,-0.322747470073802));
#4243=DIRECTION('center_axis',(0.,-1.,0.));
#4244=DIRECTION('ref_axis',(-0.26148716779871,0.,-0.965206952459735));
#4245=DIRECTION('center_axis',(0.,1.,0.));
#4246=DIRECTION('ref_axis',(0.897482966928666,0.,-0.441049117528783));
#4247=DIRECTION('center_axis',(0.,-1.,0.));
#4248=DIRECTION('ref_axis',(1.,0.,0.));
#4249=DIRECTION('center_axis',(0.,1.,0.));
#4250=DIRECTION('ref_axis',(1.,0.,0.));
#4251=DIRECTION('center_axis',(0.,-1.,0.));
#4252=DIRECTION('ref_axis',(1.,0.,0.));
#4253=DIRECTION('center_axis',(0.,-1.,0.));
#4254=DIRECTION('ref_axis',(1.,0.,0.));
#4255=DIRECTION('',(0.,-1.,0.));
#4256=DIRECTION('center_axis',(0.,-1.,0.));
#4257=DIRECTION('ref_axis',(0.,0.,-1.));
#4258=DIRECTION('',(8.65956056235493E-17,0.707106781186547,-0.707106781186547));
#4259=DIRECTION('center_axis',(0.,-1.,0.));
#4260=DIRECTION('ref_axis',(1.,0.,0.));
#4261=DIRECTION('center_axis',(0.,1.,0.));
#4262=DIRECTION('ref_axis',(-1.,0.,0.));
#4263=DIRECTION('center_axis',(0.,-1.,0.));
#4264=DIRECTION('ref_axis',(-0.968934109778276,0.,-0.247319006362594));
#4265=DIRECTION('',(-0.965925826289073,0.,0.258819045102502));
#4266=DIRECTION('center_axis',(0.,-1.,0.));
#4267=DIRECTION('ref_axis',(-0.969558319628761,0.,0.24486050077269));
#4268=DIRECTION('',(0.965925826289073,0.,0.258819045102502));
#4269=DIRECTION('center_axis',(0.,1.,0.));
#4270=DIRECTION('ref_axis',(0.999999999953155,0.,-9.67937452580505E-6));
#4271=DIRECTION('center_axis',(0.,1.,0.));
#4272=DIRECTION('ref_axis',(1.,0.,0.));
#4273=DIRECTION('',(0.,-1.,0.));
#4274=DIRECTION('',(0.,-1.,0.));
#4275=DIRECTION('center_axis',(0.,1.,0.));
#4276=DIRECTION('ref_axis',(-0.954302857891354,0.,0.298841187623785));
#4277=DIRECTION('center_axis',(0.,-1.,0.));
#4278=DIRECTION('ref_axis',(-0.954302857891354,0.,0.298841187623786));
#4279=DIRECTION('center_axis',(0.,1.,0.));
#4280=DIRECTION('ref_axis',(-0.258819045102493,0.,-0.965925826289076));
#4281=DIRECTION('',(0.,-1.,0.));
#4282=DIRECTION('center_axis',(-0.183012701892209,-0.707106781186536,-0.683012701892234));
#4283=DIRECTION('ref_axis',(0.183012701892203,-0.707106781186559,0.683012701892211));
#4284=DIRECTION('center_axis',(0.,1.,0.));
#4285=DIRECTION('ref_axis',(1.,0.,0.));
#4286=DIRECTION('center_axis',(0.,1.,0.));
#4287=DIRECTION('ref_axis',(-0.954302857891354,0.,-0.298841187623786));
#4288=DIRECTION('',(0.965925826289051,5.8110082474397E-14,0.258819045102587));
#4289=DIRECTION('center_axis',(0.,-1.,0.));
#4290=DIRECTION('ref_axis',(-0.965925826289076,0.,-0.258819045102493));
#4291=DIRECTION('',(-0.965925826289076,1.78800253767395E-14,0.258819045102493));
#4292=DIRECTION('center_axis',(-0.258819045102493,0.,-0.965925826289076));
#4293=DIRECTION('ref_axis',(-0.965925826289076,0.,0.258819045102493));
#4294=DIRECTION('',(0.683012701891894,-0.707106781186893,-0.183012701892098));
#4295=DIRECTION('',(0.,-1.,0.));
#4296=DIRECTION('',(-0.965925826289076,8.98877932596476E-15,0.258819045102493));
#4297=DIRECTION('center_axis',(0.183012701892209,0.707106781186536,0.683012701892234));
#4298=DIRECTION('ref_axis',(-0.183012701892203,0.707106781186559,-0.683012701892212));
#4299=DIRECTION('center_axis',(0.183012701896572,0.707106781189133,0.683012701888377));
#4300=DIRECTION('ref_axis',(-0.683022936192438,-0.408239934086126,0.605656523825523));
#4301=DIRECTION('center_axis',(0.,1.,0.));
#4302=DIRECTION('ref_axis',(0.,0.,-1.));
#4303=DIRECTION('center_axis',(0.,1.,0.));
#4304=DIRECTION('ref_axis',(-0.965925826289076,0.,-0.258819045102493));
#4305=DIRECTION('center_axis',(-0.18301270189714,-0.707106781189501,0.683012701887843));
#4306=DIRECTION('ref_axis',(-0.683022927291889,-0.408239941352791,-0.605656528964964));
#4307=DIRECTION('center_axis',(0.,1.,0.));
#4308=DIRECTION('ref_axis',(-0.965925826289076,0.,-0.258819045102493));
#4309=DIRECTION('center_axis',(0.,1.,0.));
#4310=DIRECTION('ref_axis',(1.,0.,0.));
#4311=DIRECTION('center_axis',(0.,1.,0.));
#4312=DIRECTION('ref_axis',(1.,0.,0.));
#4313=DIRECTION('center_axis',(0.,1.,0.));
#4314=DIRECTION('ref_axis',(1.,0.,0.));
#4315=DIRECTION('',(0.,1.,0.));
#4316=DIRECTION('center_axis',(0.,1.,0.));
#4317=DIRECTION('ref_axis',(1.,0.,0.));
#4318=DIRECTION('',(0.,1.,0.));
#4319=DIRECTION('center_axis',(0.,1.,0.));
#4320=DIRECTION('ref_axis',(1.,0.,9.95365963657348E-15));
#4321=DIRECTION('',(-0.683012701892288,0.707106781186487,-0.183012701892197));
#4322=DIRECTION('center_axis',(0.,-1.,0.));
#4323=DIRECTION('ref_axis',(0.,0.,-1.));
#4324=DIRECTION('',(-8.65956056235493E-17,-0.707106781186548,0.707106781186548));
#4325=DIRECTION('center_axis',(-0.258819045102493,0.,0.965925826289076));
#4326=DIRECTION('ref_axis',(0.965925826289076,0.,0.258819045102493));
#4327=DIRECTION('',(0.,-1.,0.));
#4328=DIRECTION('',(0.965925826289076,-8.94952701449703E-15,0.258819045102493));
#4329=DIRECTION('center_axis',(0.,-1.,0.));
#4330=DIRECTION('ref_axis',(-0.258819045102493,0.,0.965925826289076));
#4331=DIRECTION('center_axis',(-0.183012701892196,-0.707106781186586,0.683012701892186));
#4332=DIRECTION('ref_axis',(-0.18301270189221,0.707106781186509,0.683012701892261));
#4333=DIRECTION('center_axis',(0.183012701892196,0.707106781186586,-0.683012701892186));
#4334=DIRECTION('ref_axis',(-0.183012701892216,0.707106781186509,0.68301270189226));
#4335=DIRECTION('center_axis',(0.,1.,0.));
#4336=DIRECTION('ref_axis',(1.,0.,0.));
#4337=DIRECTION('center_axis',(0.,1.,0.));
#4338=DIRECTION('ref_axis',(1.,0.,0.));
#4339=DIRECTION('',(0.,1.,0.));
#4340=DIRECTION('',(4.369939862757E-10,-1.,-4.531490824188E-9));
#4341=DIRECTION('center_axis',(0.,1.,0.));
#4342=DIRECTION('ref_axis',(1.,0.,0.));
#4343=DIRECTION('',(2.373611090127E-9,1.,2.624336676486E-10));
#4344=DIRECTION('center_axis',(0.,1.,0.));
#4345=DIRECTION('ref_axis',(0.382683434321009,0.,0.923879531701119));
#4346=DIRECTION('',(0.634616292808065,0.707106781186562,-0.311868820022983));
#4347=DIRECTION('',(-0.669266036898809,0.707106781186509,0.228216940330503));
#4348=DIRECTION('center_axis',(0.,-1.,0.));
#4349=DIRECTION('ref_axis',(0.,0.,-1.));
#4350=DIRECTION('center_axis',(0.,-1.,0.));
#4351=DIRECTION('ref_axis',(-0.261487167798896,0.,-0.965206952459685));
#4352=DIRECTION('',(0.184899354663997,0.70710678118659,0.68250437994549));
#4353=DIRECTION('center_axis',(0.,-1.,0.));
#4354=DIRECTION('ref_axis',(-0.261487167798896,0.,-0.965206952459685));
#4355=DIRECTION('center_axis',(0.,1.,0.));
#4356=DIRECTION('ref_axis',(1.,0.,0.));
#4357=DIRECTION('center_axis',(0.,-1.,0.));
#4358=DIRECTION('ref_axis',(1.,0.,0.));
#4359=DIRECTION('center_axis',(0.,1.,0.));
#4360=DIRECTION('ref_axis',(1.,0.,0.));
#4361=DIRECTION('center_axis',(0.,-1.,0.));
#4362=DIRECTION('ref_axis',(1.,0.,0.));
#4363=DIRECTION('',(-0.707106781186547,0.707106781186547,8.65956056235493E-17));
#4364=DIRECTION('center_axis',(0.,1.,0.));
#4365=DIRECTION('ref_axis',(1.,0.,0.));
#4366=DIRECTION('center_axis',(0.,1.,0.));
#4367=DIRECTION('ref_axis',(1.,0.,0.));
#4368=DIRECTION('',(0.,1.,0.));
#4369=DIRECTION('center_axis',(0.,1.,0.));
#4370=DIRECTION('ref_axis',(1.,0.,0.));
#4371=DIRECTION('center_axis',(0.,-1.,0.));
#4372=DIRECTION('ref_axis',(0.,0.,-1.));
#4373=DIRECTION('',(-8.65956056235493E-17,-0.707106781186548,0.707106781186548));
#4374=DIRECTION('center_axis',(0.,1.,0.));
#4375=DIRECTION('ref_axis',(0.,0.,-1.));
#4376=DIRECTION('',(0.135707361159898,0.707106781186588,0.693962183499188));
#4377=DIRECTION('center_axis',(0.,-1.,0.));
#4378=DIRECTION('ref_axis',(0.,0.,-1.));
#4379=DIRECTION('center_axis',(0.,-1.,0.));
#4380=DIRECTION('ref_axis',(-1.,0.,1.184237892934E-14));
#4381=DIRECTION('',(0.707106781186598,0.707106781186498,1.200237292217E-9));
#4382=DIRECTION('center_axis',(-0.707106781186498,0.707106781186598,0.));
#4383=DIRECTION('ref_axis',(0.707106781186598,0.707106781186498,0.));
#4384=DIRECTION('',(6.375695431249E-11,6.375995148978E-11,-1.));
#4385=DIRECTION('',(0.707106781186597,0.707106781186497,-2.38923356150399E-8));
#4386=DIRECTION('center_axis',(1.,0.,0.));
#4387=DIRECTION('ref_axis',(0.,0.,-1.));
#4388=DIRECTION('',(5.399236613066E-11,1.,-7.638192300462E-9));
#4389=DIRECTION('',(0.,0.,-1.));
#4390=DIRECTION('',(1.079625279232E-9,-0.999999999999999,5.06832976135799E-8));
#4391=DIRECTION('center_axis',(0.,-1.,0.));
#4392=DIRECTION('ref_axis',(1.,0.,0.));
#4393=DIRECTION('center_axis',(0.,1.,0.));
#4394=DIRECTION('ref_axis',(0.149184149184203,0.,0.988809430392017));
#4395=DIRECTION('center_axis',(0.,1.,0.));
#4396=DIRECTION('ref_axis',(0.149184149184105,0.,0.988809430392032));
#4397=DIRECTION('',(-1.547288963656E-8,-1.,2.357225525938E-9));
#4398=DIRECTION('center_axis',(0.,1.,0.));
#4399=DIRECTION('ref_axis',(0.,0.,-1.));
#4400=DIRECTION('',(0.105489128591003,0.707106781186521,0.699193852768421));
#4401=DIRECTION('center_axis',(0.,1.,0.));
#4402=DIRECTION('ref_axis',(2.92165280517257E-10,0.,1.));
#4403=DIRECTION('center_axis',(0.,1.,0.));
#4404=DIRECTION('ref_axis',(-0.149184149184105,0.,0.988809430392032));
#4405=DIRECTION('',(-0.105489072663702,0.707106781186516,0.699193861206316));
#4406=DIRECTION('center_axis',(0.,1.,0.));
#4407=DIRECTION('ref_axis',(-1.,0.,0.));
#4408=DIRECTION('center_axis',(0.,1.,0.));
#4409=DIRECTION('ref_axis',(-0.149184149184105,0.,0.988809430392032));
#4410=DIRECTION('',(-1.03120339116699E-7,-0.999999999999995,-1.37716327474199E-8));
#4411=DIRECTION('center_axis',(0.,-1.,0.));
#4412=DIRECTION('ref_axis',(-0.149184149184203,0.,0.988809430392017));
#4413=DIRECTION('center_axis',(0.,1.,0.));
#4414=DIRECTION('ref_axis',(-1.,0.,0.));
#4415=DIRECTION('center_axis',(0.,1.,0.));
#4416=DIRECTION('ref_axis',(-1.,0.,0.));
#4417=DIRECTION('',(-5.033307104694E-11,-1.,1.645116043475E-8));
#4418=DIRECTION('center_axis',(0.,1.,0.));
#4419=DIRECTION('ref_axis',(0.,0.,-1.));
#4420=DIRECTION('',(-0.707106781186498,0.707106781186598,-7.75513465341397E-9));
#4421=DIRECTION('center_axis',(0.707106781186498,0.707106781186598,0.));
#4422=DIRECTION('ref_axis',(-0.707106781186598,0.707106781186498,0.));
#4423=DIRECTION('',(5.865475939765E-12,-5.862478762483E-12,1.));
#4424=DIRECTION('',(-0.707106781186498,0.707106781186598,1.200237292217E-9));
#4425=DIRECTION('center_axis',(-1.,0.,0.));
#4426=DIRECTION('ref_axis',(0.,0.,1.));
#4427=DIRECTION('',(0.,0.,1.));
#4428=DIRECTION('',(5.397016167016E-11,-1.,7.638156773325E-9));
#4429=DIRECTION('center_axis',(0.,-1.,0.));
#4430=DIRECTION('ref_axis',(0.191919191919205,0.,-0.981410731433623));
#4431=DIRECTION('center_axis',(0.,-1.,0.));
#4432=DIRECTION('ref_axis',(0.191919191919205,0.,-0.981410731433623));
#4433=DIRECTION('center_axis',(0.,-1.,0.));
#4434=DIRECTION('ref_axis',(0.191919191919205,0.,-0.981410731433623));
#4435=DIRECTION('center_axis',(0.,-1.,0.));
#4436=DIRECTION('ref_axis',(0.,0.,-1.));
#4437=DIRECTION('',(-0.135707361213401,0.707106781186507,0.693962183488807));
#4438=DIRECTION('center_axis',(0.,1.,0.));
#4439=DIRECTION('ref_axis',(0.,0.,-1.));
#4440=DIRECTION('',(-0.184899354582096,0.707106781186584,0.682504379967684));
#4441=DIRECTION('center_axis',(0.,-1.,0.));
#4442=DIRECTION('ref_axis',(0.,0.,-1.));
#4443=DIRECTION('center_axis',(0.,-1.,0.));
#4444=DIRECTION('ref_axis',(-0.946485113755605,0.,-0.322747470073802));
#4445=DIRECTION('',(0.669266036977626,0.707106781186527,0.228216940099309));
#4446=DIRECTION('center_axis',(0.,1.,0.));
#4447=DIRECTION('ref_axis',(0.261487167798896,0.,-0.965206952459685));
#4448=DIRECTION('',(4.375011928516E-10,1.,4.480640153163E-9));
#4449=DIRECTION('center_axis',(0.,1.,0.));
#4450=DIRECTION('ref_axis',(1.,0.,0.));
#4451=DIRECTION('center_axis',(0.,-1.,0.));
#4452=DIRECTION('ref_axis',(1.,0.,0.));
#4453=DIRECTION('',(0.,1.,0.));
#4454=DIRECTION('center_axis',(0.,1.,0.));
#4455=DIRECTION('ref_axis',(-1.,0.,0.));
#4456=DIRECTION('center_axis',(0.,1.,0.));
#4457=DIRECTION('ref_axis',(-1.,0.,0.));
#4458=DIRECTION('center_axis',(0.,1.,0.));
#4459=DIRECTION('ref_axis',(-0.382683434317944,0.,0.923879531702388));
#4460=DIRECTION('center_axis',(0.,1.,0.));
#4461=DIRECTION('ref_axis',(1.,0.,0.));
#4462=DIRECTION('center_axis',(0.,-1.,0.));
#4463=DIRECTION('ref_axis',(1.,0.,0.));
#4464=DIRECTION('center_axis',(0.,1.,0.));
#4465=DIRECTION('ref_axis',(1.,0.,0.));
#4466=DIRECTION('center_axis',(0.,-1.,0.));
#4467=DIRECTION('ref_axis',(1.,0.,0.));
#4468=DIRECTION('',(-0.707106781186547,0.707106781186547,8.65956056235493E-17));
#4469=DIRECTION('center_axis',(0.,1.,0.));
#4470=DIRECTION('ref_axis',(1.,0.,0.));
#4471=DIRECTION('center_axis',(0.,1.,0.));
#4472=DIRECTION('ref_axis',(1.,0.,0.));
#4473=DIRECTION('',(0.,1.,0.));
#4474=DIRECTION('center_axis',(0.,1.,0.));
#4475=DIRECTION('ref_axis',(1.,0.,0.));
#4476=DIRECTION('center_axis',(0.,-1.,0.));
#4477=DIRECTION('ref_axis',(0.,0.,-1.));
#4478=DIRECTION('',(-8.65956056235493E-17,-0.707106781186548,0.707106781186548));
#4479=DIRECTION('center_axis',(0.,1.,0.));
#4480=DIRECTION('ref_axis',(-1.,0.,0.));
#4481=DIRECTION('center_axis',(0.,-1.,0.));
#4482=DIRECTION('ref_axis',(-1.,0.,-1.184237892934E-14));
#4483=DIRECTION('center_axis',(0.,1.,0.));
#4484=DIRECTION('ref_axis',(-0.191919191919205,0.,-0.981410731433623));
#4485=DIRECTION('center_axis',(0.,-1.,0.));
#4486=DIRECTION('ref_axis',(0.,0.,-1.));
#4487=DIRECTION('center_axis',(0.,-1.,0.));
#4488=DIRECTION('ref_axis',(-0.897482966928666,0.,0.441049117528783));
#4489=DIRECTION('',(0.351859887730407,0.707106781186514,0.613347062768212));
#4490=DIRECTION('center_axis',(0.,1.,0.));
#4491=DIRECTION('ref_axis',(-0.497605031788917,0.,-0.86740373087643));
#4492=DIRECTION('center_axis',(0.,1.,0.));
#4493=DIRECTION('ref_axis',(0.,0.,-1.));
#4494=DIRECTION('',(0.613347062726087,0.707106781186586,0.351859887803693));
#4495=DIRECTION('center_axis',(0.,-1.,0.));
#4496=DIRECTION('ref_axis',(0.,0.,-1.));
#4497=DIRECTION('center_axis',(0.,-1.,0.));
#4498=DIRECTION('ref_axis',(-0.86740373087643,0.,-0.497605031788917));
#4499=DIRECTION('',(-0.311868819251913,0.70710678118653,0.634616293187027));
#4500=DIRECTION('center_axis',(0.,-1.,0.));
#4501=DIRECTION('ref_axis',(-0.86740373087643,0.,-0.497605031788917));
#4502=DIRECTION('',(-4.189118074752E-10,-1.,-2.440430831244E-9));
#4503=DIRECTION('center_axis',(0.,1.,0.));
#4504=DIRECTION('ref_axis',(1.,0.,0.));
#4505=DIRECTION('center_axis',(0.,-1.,0.));
#4506=DIRECTION('ref_axis',(1.,0.,0.));
#4507=DIRECTION('',(0.,1.,0.));
#4508=DIRECTION('center_axis',(0.,1.,0.));
#4509=DIRECTION('ref_axis',(-0.441049117528783,0.,0.897482966928666));
#4510=DIRECTION('',(1.871796331184E-9,1.,-1.487853808792E-9));
#4511=DIRECTION('center_axis',(0.,1.,0.));
#4512=DIRECTION('ref_axis',(0.923879532544677,0.,0.382683432284479));
#4513=DIRECTION('',(0.228216926660505,0.707106781186515,-0.669266041560215));
#4514=DIRECTION('center_axis',(0.,1.,0.));
#4515=DIRECTION('ref_axis',(1.,0.,0.));
#4516=DIRECTION('center_axis',(0.,-1.,0.));
#4517=DIRECTION('ref_axis',(1.,0.,0.));
#4518=DIRECTION('center_axis',(0.,1.,0.));
#4519=DIRECTION('ref_axis',(1.,0.,0.));
#4520=DIRECTION('center_axis',(0.,-1.,0.));
#4521=DIRECTION('ref_axis',(1.,0.,0.));
#4522=DIRECTION('',(-0.707106781186547,0.707106781186547,8.65956056235493E-17));
#4523=DIRECTION('center_axis',(0.,1.,0.));
#4524=DIRECTION('ref_axis',(1.,0.,0.));
#4525=DIRECTION('center_axis',(0.,1.,0.));
#4526=DIRECTION('ref_axis',(1.,0.,0.));
#4527=DIRECTION('',(0.,1.,0.));
#4528=DIRECTION('center_axis',(0.,1.,0.));
#4529=DIRECTION('ref_axis',(1.,0.,0.));
#4530=DIRECTION('center_axis',(0.,-1.,0.));
#4531=DIRECTION('ref_axis',(0.,0.,-1.));
#4532=DIRECTION('',(-8.65956056235493E-17,-0.707106781186548,0.707106781186548));
#4533=DIRECTION('center_axis',(0.,1.,0.));
#4534=DIRECTION('ref_axis',(-0.965206952459685,0.,-0.261487167798896));
#4535=DIRECTION('center_axis',(0.,-1.,0.));
#4536=DIRECTION('ref_axis',(-0.322747470073802,0.,0.946485113755605));
#4537=DIRECTION('center_axis',(0.,-1.,0.));
#4538=DIRECTION('ref_axis',(0.,0.,-1.));
#4539=DIRECTION('',(0.682504379958423,0.707106781186524,0.184899354616506));
#4540=DIRECTION('center_axis',(0.,1.,0.));
#4541=DIRECTION('ref_axis',(0.,0.,-1.));
#4542=DIRECTION('',(0.682504379939874,0.707106781186573,-0.184899354684793));
#4543=DIRECTION('center_axis',(0.,-1.,0.));
#4544=DIRECTION('ref_axis',(0.,0.,-1.));
#4545=DIRECTION('center_axis',(0.,-1.,0.));
#4546=DIRECTION('ref_axis',(-0.965206952459685,0.,0.261487167798896));
#4547=DIRECTION('',(0.228216926691509,0.707106781186529,0.669266041549628));
#4548=DIRECTION('center_axis',(0.,-1.,0.));
#4549=DIRECTION('ref_axis',(-0.965206952459685,0.,0.261487167798896));
#4550=DIRECTION('',(-1.878026430349E-9,-1.,-1.486009421268E-9));
#4551=DIRECTION('center_axis',(0.,1.,0.));
#4552=DIRECTION('ref_axis',(1.,0.,0.));
#4553=DIRECTION('center_axis',(0.,-1.,0.));
#4554=DIRECTION('ref_axis',(1.,0.,0.));
#4555=DIRECTION('',(0.,1.,0.));
#4556=DIRECTION('center_axis',(0.,1.,0.));
#4557=DIRECTION('ref_axis',(0.322747470073802,0.,0.946485113755605));
#4558=DIRECTION('',(4.189420433367E-10,1.,-2.43917679891E-9));
#4559=DIRECTION('center_axis',(0.,1.,0.));
#4560=DIRECTION('ref_axis',(0.,0.,-1.));
#4561=DIRECTION('',(-0.311868819254207,0.707106781186516,-0.634616293185915));
#4562=DIRECTION('center_axis',(0.,1.,0.));
#4563=DIRECTION('ref_axis',(1.,0.,0.));
#4564=DIRECTION('center_axis',(0.,-1.,0.));
#4565=DIRECTION('ref_axis',(1.,0.,0.));
#4566=DIRECTION('center_axis',(0.,1.,0.));
#4567=DIRECTION('ref_axis',(1.,0.,0.));
#4568=DIRECTION('center_axis',(0.,-1.,0.));
#4569=DIRECTION('ref_axis',(1.,0.,0.));
#4570=DIRECTION('',(-0.707106781186547,0.707106781186547,8.65956056235493E-17));
#4571=DIRECTION('center_axis',(0.,1.,0.));
#4572=DIRECTION('ref_axis',(1.,0.,0.));
#4573=DIRECTION('center_axis',(0.,1.,0.));
#4574=DIRECTION('ref_axis',(1.,0.,0.));
#4575=DIRECTION('',(0.,1.,0.));
#4576=DIRECTION('center_axis',(0.,1.,0.));
#4577=DIRECTION('ref_axis',(1.,0.,0.));
#4578=DIRECTION('center_axis',(0.,-1.,0.));
#4579=DIRECTION('ref_axis',(0.,0.,-1.));
#4580=DIRECTION('',(-8.65956056235493E-17,-0.707106781186548,0.707106781186548));
#4581=DIRECTION('center_axis',(0.,1.,0.));
#4582=DIRECTION('ref_axis',(-0.86740373087643,0.,0.497605031788917));
#4583=DIRECTION('center_axis',(0.,-1.,0.));
#4584=DIRECTION('ref_axis',(0.441049117528783,0.,0.897482966928666));
#4585=DIRECTION('center_axis',(0.,-1.,0.));
#4586=DIRECTION('ref_axis',(-0.292267260344666,0.,0.956336681577478));
#4587=DIRECTION('',(0.613347062731612,0.707106781186614,-0.351859887794007));
#4588=DIRECTION('center_axis',(0.,1.,0.));
#4589=DIRECTION('ref_axis',(0.,0.,-1.));
#4590=DIRECTION('',(0.351859887777415,0.70710678118653,-0.613347062741226));
#4591=DIRECTION('center_axis',(0.,-1.,0.));
#4592=DIRECTION('ref_axis',(0.,0.,-1.));
#4593=DIRECTION('center_axis',(0.,-1.,0.));
#4594=DIRECTION('ref_axis',(-0.497605031788917,0.,0.86740373087643));
#4595=DIRECTION('',(0.634616292751128,0.707106781186531,0.311868820138914));
#4596=DIRECTION('center_axis',(0.,-1.,0.));
#4597=DIRECTION('ref_axis',(-0.497605031788917,0.,0.86740373087643));
#4598=DIRECTION('',(-2.362452545612E-9,-1.,2.394498778826E-10));
#4599=DIRECTION('center_axis',(0.,1.,0.));
#4600=DIRECTION('ref_axis',(1.,0.,0.));
#4601=DIRECTION('center_axis',(0.,-1.,0.));
#4602=DIRECTION('ref_axis',(1.,0.,0.));
#4603=DIRECTION('',(0.,1.,0.));
#4604=DIRECTION('center_axis',(0.,1.,0.));
#4605=DIRECTION('ref_axis',(0.897482966928666,0.,0.441049117528783));
#4606=DIRECTION('',(-4.375023266964E-10,1.,-4.480643176749E-9));
#4607=DIRECTION('center_axis',(0.,1.,0.));
#4608=DIRECTION('ref_axis',(0.,0.,-1.));
#4609=DIRECTION('',(-0.669266036977626,0.707106781186527,-0.228216940099309));
#4610=DIRECTION('center_axis',(0.,1.,0.));
#4611=DIRECTION('ref_axis',(1.,0.,0.));
#4612=DIRECTION('center_axis',(0.,-1.,0.));
#4613=DIRECTION('ref_axis',(1.,0.,0.));
#4614=DIRECTION('center_axis',(0.,1.,0.));
#4615=DIRECTION('ref_axis',(1.,0.,0.));
#4616=DIRECTION('center_axis',(0.,-1.,0.));
#4617=DIRECTION('ref_axis',(1.,0.,0.));
#4618=DIRECTION('',(-0.707106781186547,0.707106781186547,8.65956056235493E-17));
#4619=DIRECTION('center_axis',(0.,1.,0.));
#4620=DIRECTION('ref_axis',(1.,0.,0.));
#4621=DIRECTION('center_axis',(0.,1.,0.));
#4622=DIRECTION('ref_axis',(1.,0.,0.));
#4623=DIRECTION('',(0.,1.,0.));
#4624=DIRECTION('center_axis',(0.,1.,0.));
#4625=DIRECTION('ref_axis',(1.,0.,0.));
#4626=DIRECTION('center_axis',(0.,-1.,0.));
#4627=DIRECTION('ref_axis',(0.,0.,-1.));
#4628=DIRECTION('',(-8.65956056235493E-17,-0.707106781186548,0.707106781186548));
#4629=DIRECTION('center_axis',(0.,1.,0.));
#4630=DIRECTION('ref_axis',(-0.261487167798896,0.,0.965206952459685));
#4631=DIRECTION('center_axis',(0.,-1.,0.));
#4632=DIRECTION('ref_axis',(0.946485113755605,0.,0.322747470073802));
#4633=DIRECTION('center_axis',(0.,-1.,0.));
#4634=DIRECTION('ref_axis',(0.469567996028972,0.,0.882896311638765));
#4635=DIRECTION('',(0.184899355191098,0.70710678118659,-0.682504379802691));
#4636=DIRECTION('center_axis',(0.,1.,0.));
#4637=DIRECTION('ref_axis',(0.,0.,-1.));
#4638=DIRECTION('',(-0.184899372587702,0.707106781186508,-0.682504375089808));
#4639=DIRECTION('center_axis',(0.,-1.,0.));
#4640=DIRECTION('ref_axis',(-0.469568000992912,0.,0.882896308998696));
#4641=DIRECTION('center_axis',(0.,-1.,0.));
#4642=DIRECTION('ref_axis',(0.261487167798896,0.,0.965206952459685));
#4643=DIRECTION('',(0.669266036898824,0.707106781186526,-0.228216940330408));
#4644=DIRECTION('center_axis',(0.,-1.,0.));
#4645=DIRECTION('ref_axis',(0.261487167798896,0.,0.965206952459685));
#4646=DIRECTION('',(-4.369845375692E-10,-1.,4.531489312395E-9));
#4647=DIRECTION('center_axis',(0.,1.,0.));
#4648=DIRECTION('ref_axis',(1.,0.,0.));
#4649=DIRECTION('center_axis',(0.,1.,0.));
#4650=DIRECTION('ref_axis',(1.,0.,0.));
#4651=DIRECTION('',(0.,1.,0.));
#4652=DIRECTION('center_axis',(0.,1.,0.));
#4653=DIRECTION('ref_axis',(0.946485113755605,0.,-0.322747470073802));
#4654=DIRECTION('',(-2.37361033423E-9,1.,-2.624321558556E-10));
#4655=DIRECTION('center_axis',(0.,1.,0.));
#4656=DIRECTION('ref_axis',(0.946485113755605,0.,-0.322747470073802));
#4657=DIRECTION('center_axis',(0.,1.,0.));
#4658=DIRECTION('ref_axis',(0.,0.,-1.));
#4659=DIRECTION('',(-0.634616292808165,0.707106781186561,0.311868820022783));
#4660=DIRECTION('center_axis',(0.,1.,0.));
#4661=DIRECTION('ref_axis',(1.,0.,0.));
#4662=DIRECTION('center_axis',(0.,-1.,0.));
#4663=DIRECTION('ref_axis',(1.,0.,0.));
#4664=DIRECTION('center_axis',(0.,1.,0.));
#4665=DIRECTION('ref_axis',(1.,0.,0.));
#4666=DIRECTION('center_axis',(0.,-1.,0.));
#4667=DIRECTION('ref_axis',(1.,0.,0.));
#4668=DIRECTION('',(-0.707106781186547,0.707106781186547,8.65956056235493E-17));
#4669=DIRECTION('center_axis',(0.,1.,0.));
#4670=DIRECTION('ref_axis',(1.,0.,0.));
#4671=DIRECTION('center_axis',(0.,1.,0.));
#4672=DIRECTION('ref_axis',(1.,0.,0.));
#4673=DIRECTION('',(0.,1.,0.));
#4674=DIRECTION('center_axis',(0.,1.,0.));
#4675=DIRECTION('ref_axis',(1.,0.,0.));
#4676=DIRECTION('center_axis',(0.,-1.,0.));
#4677=DIRECTION('ref_axis',(0.,0.,-1.));
#4678=DIRECTION('',(-8.65956056235493E-17,-0.707106781186548,0.707106781186548));
#4679=DIRECTION('center_axis',(0.,1.,0.));
#4680=DIRECTION('ref_axis',(0.497605031788917,0.,0.86740373087643));
#4681=DIRECTION('center_axis',(0.,-1.,0.));
#4682=DIRECTION('ref_axis',(0.897482966928666,0.,-0.441049117528783));
#4683=DIRECTION('center_axis',(0.,-1.,0.));
#4684=DIRECTION('ref_axis',(0.,0.,-1.));
#4685=DIRECTION('',(-0.351859870541504,0.707106781186508,-0.613347072629007));
#4686=DIRECTION('center_axis',(0.,1.,0.));
#4687=DIRECTION('ref_axis',(0.,0.,-1.));
#4688=DIRECTION('center_axis',(0.,1.,0.));
#4689=DIRECTION('ref_axis',(0.86740373087643,0.,-0.497605031788917));
#4690=DIRECTION('center_axis',(0.,-1.,0.));
#4691=DIRECTION('ref_axis',(-0.441049117528783,0.,-0.897482966928666));
#4692=DIRECTION('',(-4.189420433367E-10,1.,2.439178310703E-9));
#4693=DIRECTION('center_axis',(0.,-1.,0.));
#4694=DIRECTION('ref_axis',(0.,0.,-1.));
#4695=DIRECTION('',(0.311868819254295,0.707106781186589,0.63461629318579));
#4696=DIRECTION('center_axis',(0.,1.,0.));
#4697=DIRECTION('ref_axis',(-0.923879532543033,0.,0.382683432288448));
#4698=DIRECTION('center_axis',(0.,1.,0.));
#4699=DIRECTION('ref_axis',(-0.322747470073802,0.,-0.946485113755605));
#4700=DIRECTION('center_axis',(0.,1.,0.));
#4701=DIRECTION('ref_axis',(-0.322747470073802,0.,-0.946485113755605));
#4702=DIRECTION('',(-0.228216926691604,0.707106781186513,-0.669266041549612));
#4703=DIRECTION('center_axis',(0.,-1.,0.));
#4704=DIRECTION('ref_axis',(0.,0.,-1.));
#4705=DIRECTION('center_axis',(0.,-1.,0.));
#4706=DIRECTION('ref_axis',(0.965206952459685,0.,-0.261487167798896));
#4707=DIRECTION('',(-0.682504379964876,0.707106781186575,0.184899354592494));
#4708=DIRECTION('center_axis',(0.,-1.,0.));
#4709=DIRECTION('ref_axis',(0.965206952459685,0.,-0.261487167798896));
#4710=DIRECTION('',(1.878024918556E-9,-1.,1.486015090492E-9));
#4711=DIRECTION('center_axis',(0.,1.,0.));
#4712=DIRECTION('ref_axis',(1.,0.,0.));
#4713=DIRECTION('center_axis',(0.,1.,0.));
#4714=DIRECTION('ref_axis',(1.,0.,0.));
#4715=DIRECTION('',(0.,1.,0.));
#4716=DIRECTION('center_axis',(0.,1.,0.));
#4717=DIRECTION('ref_axis',(1.,0.,0.));
#4718=DIRECTION('center_axis',(0.,-1.,0.));
#4719=DIRECTION('ref_axis',(1.,0.,0.));
#4720=DIRECTION('center_axis',(0.,1.,0.));
#4721=DIRECTION('ref_axis',(1.,0.,0.));
#4722=DIRECTION('center_axis',(0.,-1.,0.));
#4723=DIRECTION('ref_axis',(1.,0.,0.));
#4724=DIRECTION('',(-0.707106781186547,0.707106781186547,8.65956056235493E-17));
#4725=DIRECTION('center_axis',(0.,1.,0.));
#4726=DIRECTION('ref_axis',(1.,0.,0.));
#4727=DIRECTION('center_axis',(0.,1.,0.));
#4728=DIRECTION('ref_axis',(1.,0.,0.));
#4729=DIRECTION('',(0.,1.,0.));
#4730=DIRECTION('center_axis',(0.,1.,0.));
#4731=DIRECTION('ref_axis',(1.,0.,0.));
#4732=DIRECTION('center_axis',(0.,-1.,0.));
#4733=DIRECTION('ref_axis',(0.,0.,-1.));
#4734=DIRECTION('',(-8.65956056235493E-17,-0.707106781186548,0.707106781186548));
#4735=DIRECTION('center_axis',(0.,1.,0.));
#4736=DIRECTION('ref_axis',(0.,0.,-1.));
#4737=DIRECTION('',(-0.682504379960139,0.707106781186541,-0.184899354610111));
#4738=DIRECTION('center_axis',(0.,-1.,0.));
#4739=DIRECTION('ref_axis',(0.,0.,-1.));
#4740=DIRECTION('center_axis',(0.,-1.,0.));
#4741=DIRECTION('ref_axis',(0.322747470073802,0.,-0.946485113755605));
#4742=DIRECTION('',(-0.228216926660505,0.707106781186515,0.669266041560215));
#4743=DIRECTION('center_axis',(0.,1.,0.));
#4744=DIRECTION('ref_axis',(0.965206952459685,0.,0.261487167798896));
#4745=DIRECTION('',(-1.871796331184E-9,1.,1.487853430843E-9));
#4746=DIRECTION('center_axis',(0.,1.,0.));
#4747=DIRECTION('ref_axis',(1.,0.,0.));
#4748=DIRECTION('center_axis',(0.,-1.,0.));
#4749=DIRECTION('ref_axis',(1.,0.,0.));
#4750=DIRECTION('',(0.,1.,0.));
#4751=DIRECTION('center_axis',(0.,1.,0.));
#4752=DIRECTION('ref_axis',(-1.,0.,0.));
#4753=DIRECTION('center_axis',(0.,1.,0.));
#4754=DIRECTION('ref_axis',(-1.,0.,0.));
#4755=DIRECTION('center_axis',(0.,1.,0.));
#4756=DIRECTION('ref_axis',(0.,0.,-1.));
#4757=DIRECTION('center_axis',(0.,1.,0.));
#4758=DIRECTION('ref_axis',(1.,0.,0.));
#4759=DIRECTION('center_axis',(0.,-1.,0.));
#4760=DIRECTION('ref_axis',(1.,0.,0.));
#4761=DIRECTION('center_axis',(0.,1.,0.));
#4762=DIRECTION('ref_axis',(1.,0.,0.));
#4763=DIRECTION('center_axis',(0.,-1.,0.));
#4764=DIRECTION('ref_axis',(1.,0.,0.));
#4765=DIRECTION('',(-0.707106781186547,0.707106781186547,8.65956056235493E-17));
#4766=DIRECTION('center_axis',(0.,1.,0.));
#4767=DIRECTION('ref_axis',(1.,0.,0.));
#4768=DIRECTION('center_axis',(0.,1.,0.));
#4769=DIRECTION('ref_axis',(1.,0.,0.));
#4770=DIRECTION('',(0.,1.,0.));
#4771=DIRECTION('center_axis',(0.,1.,0.));
#4772=DIRECTION('ref_axis',(1.,0.,0.));
#4773=DIRECTION('center_axis',(0.,-1.,0.));
#4774=DIRECTION('ref_axis',(0.,0.,-1.));
#4775=DIRECTION('',(-8.65956056235493E-17,-0.707106781186548,0.707106781186548));
#4776=DIRECTION('center_axis',(0.,-1.,0.));
#4777=DIRECTION('ref_axis',(0.,0.,-1.));
#4778=DIRECTION('center_axis',(0.,1.,0.));
#4779=DIRECTION('ref_axis',(-1.,0.,0.));
#4780=DIRECTION('center_axis',(0.,1.,0.));
#4781=DIRECTION('ref_axis',(-1.,0.,0.));
#4782=DIRECTION('',(-8.65956056235493E-17,-0.707106781186548,0.707106781186548));
#4783=DIRECTION('center_axis',(0.,1.,0.));
#4784=DIRECTION('ref_axis',(1.,0.,0.));
#4785=DIRECTION('',(0.,1.,0.));
#4786=DIRECTION('center_axis',(0.,1.,0.));
#4787=DIRECTION('ref_axis',(1.,0.,0.));
#4788=DIRECTION('center_axis',(0.,1.,0.));
#4789=DIRECTION('ref_axis',(1.,0.,0.));
#4790=DIRECTION('center_axis',(0.,-1.,0.));
#4791=DIRECTION('ref_axis',(1.,0.,0.));
#4792=DIRECTION('center_axis',(0.,1.,0.));
#4793=DIRECTION('ref_axis',(1.,0.,0.));
#4794=DIRECTION('',(0.,-1.,0.));
#4795=DIRECTION('center_axis',(0.,-1.,0.));
#4796=DIRECTION('ref_axis',(1.,0.,0.));
#4797=DIRECTION('center_axis',(0.,-1.,0.));
#4798=DIRECTION('ref_axis',(1.,0.,0.));
#4799=DIRECTION('center_axis',(0.,1.,0.));
#4800=DIRECTION('ref_axis',(0.,0.,-1.));
#4801=DIRECTION('',(-8.65956056235493E-17,-0.707106781186548,-0.707106781186548));
#4802=CARTESIAN_POINT('',(0.,0.,0.));
#4803=CARTESIAN_POINT('Origin',(0.,67.,0.));
#4804=CARTESIAN_POINT('',(1.34931983764261E-14,67.,23.15));
#4805=CARTESIAN_POINT('Origin',(1.06581410364E-14,67.,0.));
#4806=CARTESIAN_POINT('',(-2.54726534222649E-15,67.,20.8));
#4807=CARTESIAN_POINT('Origin',(0.,67.,0.));
#4808=CARTESIAN_POINT('Origin',(0.,67.,0.));
#4809=CARTESIAN_POINT('',(-15.4999999726314,66.9999999999498,47.1999999999498));
#4810=CARTESIAN_POINT('',(-47.199999999905,66.999999999905,15.4999999650395));
#4811=CARTESIAN_POINT('Origin',(-15.5,67.,15.5));
#4812=CARTESIAN_POINT('',(-47.1999999999,66.9999999999,-15.49999997093));
#4813=CARTESIAN_POINT('',(-47.19999999981,66.99999999981,15.49999996362));
#4814=CARTESIAN_POINT('',(-15.4999999650395,66.999999999905,-47.199999999905));
#4815=CARTESIAN_POINT('Origin',(-15.5,67.,-15.5));
#4816=CARTESIAN_POINT('',(15.49999997093,66.9999999999,-47.1999999999));
#4817=CARTESIAN_POINT('',(-15.49999996362,66.99999999981,-47.19999999981));
#4818=CARTESIAN_POINT('',(47.199999999905,66.999999999905,-15.4999999650395));
#4819=CARTESIAN_POINT('Origin',(15.5,67.,-15.5));
#4820=CARTESIAN_POINT('',(47.1999999999,66.9999999999,15.49999997093));
#4821=CARTESIAN_POINT('',(47.19999999981,66.99999999981,-15.49999996362));
#4822=CARTESIAN_POINT('',(15.4999999650395,66.999999999905,47.199999999905));
#4823=CARTESIAN_POINT('Origin',(15.5,67.,15.5));
#4824=CARTESIAN_POINT('',(15.49999996362,66.99999999981,47.19999999981));
#4825=CARTESIAN_POINT('',(36.22,67.,34.));
#4826=CARTESIAN_POINT('Origin',(34.,67.,34.));
#4827=CARTESIAN_POINT('',(36.22,67.,-34.));
#4828=CARTESIAN_POINT('Origin',(34.,67.,-34.));
#4829=CARTESIAN_POINT('',(-31.78,67.,34.));
#4830=CARTESIAN_POINT('Origin',(-34.,67.,34.));
#4831=CARTESIAN_POINT('',(-31.78,67.,-34.));
#4832=CARTESIAN_POINT('Origin',(-34.,67.,-34.));
#4833=CARTESIAN_POINT('',(45.92,67.,0.));
#4834=CARTESIAN_POINT('Origin',(44.,67.,0.));
#4835=CARTESIAN_POINT('',(-33.08,67.,28.));
#4836=CARTESIAN_POINT('Origin',(-35.,67.,28.));
#4837=CARTESIAN_POINT('',(-33.08,67.,-28.));
#4838=CARTESIAN_POINT('Origin',(-35.,67.,-28.));
#4839=CARTESIAN_POINT('',(7.41282701865951E-15,67.,26.5));
#4840=CARTESIAN_POINT('Origin',(1.06581410364E-14,67.,0.));
#4841=CARTESIAN_POINT('',(-37.87906083296,66.9999999999975,-13.7900207269725));
#4842=CARTESIAN_POINT('Origin',(-37.87906083296,67.,-15.69002072697));
#4843=CARTESIAN_POINT('',(-37.87906083296,66.9999999999975,17.5900207269675));
#4844=CARTESIAN_POINT('Origin',(-37.87906083296,67.,15.69002072697));
#4845=CARTESIAN_POINT('',(-15.69002072697,66.9999999999975,39.7790608329575));
#4846=CARTESIAN_POINT('Origin',(-15.69002072697,67.,37.87906083296));
#4847=CARTESIAN_POINT('',(15.69002072697,66.9999999999975,39.7790608329575));
#4848=CARTESIAN_POINT('Origin',(15.69002072697,67.,37.87906083296));
#4849=CARTESIAN_POINT('',(37.87906083296,66.9999999999975,17.5900207269675));
#4850=CARTESIAN_POINT('Origin',(37.87906083296,67.,15.69002072697));
#4851=CARTESIAN_POINT('',(37.87906083296,66.9999999999975,-13.7900207269725));
#4852=CARTESIAN_POINT('Origin',(37.87906083296,67.,-15.69002072697));
#4853=CARTESIAN_POINT('',(15.69002072697,66.9999999999975,-35.9790608329625));
#4854=CARTESIAN_POINT('Origin',(15.69002072697,67.,-37.87906083296));
#4855=CARTESIAN_POINT('',(-15.69002072697,66.9999999999975,-35.9790608329625));
#4856=CARTESIAN_POINT('Origin',(-15.69002072697,67.,-37.87906083296));
#4857=CARTESIAN_POINT('Origin',(34.,67.185,34.));
#4858=CARTESIAN_POINT('',(35.85,67.37,34.));
#4859=CARTESIAN_POINT('Origin',(34.,67.37,34.));
#4860=CARTESIAN_POINT('',(36.035,67.185,34.));
#4861=CARTESIAN_POINT('Origin',(34.,103.4996717525,34.));
#4862=CARTESIAN_POINT('',(34.,74.700000000002,35.849999999998));
#4863=CARTESIAN_POINT('',(35.85,74.7,34.));
#4864=CARTESIAN_POINT('Origin',(34.,74.7,34.));
#4865=CARTESIAN_POINT('Origin',(34.,74.7,34.));
#4866=CARTESIAN_POINT('',(35.85,103.4996717525,34.));
#4867=CARTESIAN_POINT('Origin',(34.,74.84999998304,34.));
#4868=CARTESIAN_POINT('',(34.,75.000000000002,36.149999999998));
#4869=CARTESIAN_POINT('',(34.,74.84999998304,35.999999983036));
#4870=CARTESIAN_POINT('Origin',(34.,75.,34.));
#4871=CARTESIAN_POINT('Origin',(0.,75.,0.));
#4872=CARTESIAN_POINT('',(15.4999999650395,75.0000000000948,47.1999999999052));
#4873=CARTESIAN_POINT('',(47.19999999995,75.00000000005,15.4999999726314));
#4874=CARTESIAN_POINT('Origin',(15.5,75.,15.5));
#4875=CARTESIAN_POINT('',(47.19999999981,75.00000000019,-15.49999996362));
#4876=CARTESIAN_POINT('',(47.1999999999,75.0000000001,15.49999997093));
#4877=CARTESIAN_POINT('',(15.4999999726314,75.00000000005,-47.19999999995));
#4878=CARTESIAN_POINT('Origin',(15.5,75.,-15.5));
#4879=CARTESIAN_POINT('',(-15.49999996362,75.00000000019,-47.19999999981));
#4880=CARTESIAN_POINT('',(15.49999997093,75.0000000001,-47.1999999999));
#4881=CARTESIAN_POINT('',(-47.19999999995,75.00000000005,-15.4999999726314));
#4882=CARTESIAN_POINT('Origin',(-15.5,75.,-15.5));
#4883=CARTESIAN_POINT('',(-47.19999999981,75.00000000019,15.49999996362));
#4884=CARTESIAN_POINT('',(-47.1999999999,75.0000000001,-15.49999997093));
#4885=CARTESIAN_POINT('',(-15.4999999726314,75.00000000005,47.19999999995));
#4886=CARTESIAN_POINT('Origin',(-15.5,75.,15.5));
#4887=CARTESIAN_POINT('',(-15.49999997093,75.0000000001,47.1999999999));
#4888=CARTESIAN_POINT('',(34.,75.000000000002,-31.850000000002));
#4889=CARTESIAN_POINT('Origin',(34.,75.,-34.));
#4890=CARTESIAN_POINT('',(-34.,75.000000000002,36.149999999998));
#4891=CARTESIAN_POINT('Origin',(-34.,75.,34.));
#4892=CARTESIAN_POINT('',(-34.,75.000000000002,-31.850000000002));
#4893=CARTESIAN_POINT('Origin',(-34.,75.,-34.));
#4894=CARTESIAN_POINT('',(-35.,75.0000000000005,29.9499999999995));
#4895=CARTESIAN_POINT('Origin',(-35.,75.,28.));
#4896=CARTESIAN_POINT('',(-35.,75.0000000000005,-26.0500000000005));
#4897=CARTESIAN_POINT('Origin',(-35.,75.,-28.));
#4898=CARTESIAN_POINT('',(44.,75.0000000000005,1.9499999999995));
#4899=CARTESIAN_POINT('Origin',(44.,75.,0.));
#4900=CARTESIAN_POINT('',(-41.,75.,-1.960769515459));
#4901=CARTESIAN_POINT('',(-41.,75.,1.960769515459));
#4902=CARTESIAN_POINT('',(-41.,75.,-1.960769515459));
#4903=CARTESIAN_POINT('',(-41.9,75.,2.480384757729));
#4904=CARTESIAN_POINT('Origin',(-41.6,75.,1.960769515459));
#4905=CARTESIAN_POINT('',(-45.29615242271,75.,0.5196152422707));
#4906=CARTESIAN_POINT('',(-41.9,75.,2.480384757729));
#4907=CARTESIAN_POINT('',(-45.29615242271,75.,-0.5196152422707));
#4908=CARTESIAN_POINT('Origin',(-44.99615242271,75.,0.));
#4909=CARTESIAN_POINT('',(-41.9,75.,-2.480384757729));
#4910=CARTESIAN_POINT('',(-45.29615242271,75.,-0.5196152422707));
#4911=CARTESIAN_POINT('Origin',(-41.6,75.,-1.960769515459));
#4912=CARTESIAN_POINT('',(-34.0889666324849,75.0000000000004,-19.5558777335431));
#4913=CARTESIAN_POINT('',(-36.3133364715296,75.0000000000009,-18.8760852624177));
#4914=CARTESIAN_POINT('Origin',(-35.56355296593,75.,-20.40180630335));
#4915=CARTESIAN_POINT('',(-19.5558777054542,74.9999999999993,-34.0889666485999));
#4916=CARTESIAN_POINT('Origin',(-6.199485369507E-13,75.,-1.794120407794E-13));
#4917=CARTESIAN_POINT('',(-18.8760852620036,75.000000000001,-36.3133364706872));
#4918=CARTESIAN_POINT('Origin',(-20.40180630335,75.,-35.56355296593));
#4919=CARTESIAN_POINT('',(-12.3299985811896,75.0000000000005,-39.0248143753395));
#4920=CARTESIAN_POINT('Origin',(-15.69002072697,75.,-37.87906083296));
#4921=CARTESIAN_POINT('',(-10.2764457407242,74.9999999999997,-37.9326332191416));
#4922=CARTESIAN_POINT('Origin',(-10.72097387975,75.,-39.57348505085));
#4923=CARTESIAN_POINT('',(10.2764457120542,74.999999999999,-37.9326332269093));
#4924=CARTESIAN_POINT('Origin',(-5.062616992291E-13,75.,3.05178105009E-12));
#4925=CARTESIAN_POINT('',(12.3299985810887,75.0000000000001,-39.0248143750449));
#4926=CARTESIAN_POINT('Origin',(10.72097387975,75.,-39.57348505085));
#4927=CARTESIAN_POINT('',(18.876085261652,75.0000000000012,-36.313336469972));
#4928=CARTESIAN_POINT('Origin',(15.69002072697,75.,-37.87906083296));
#4929=CARTESIAN_POINT('',(19.5558777343179,74.9999999999993,-34.0889666320399));
#4930=CARTESIAN_POINT('Origin',(20.40180630335,75.,-35.56355296593));
#4931=CARTESIAN_POINT('',(34.0889666320226,75.0000000000005,-19.5558777343452));
#4932=CARTESIAN_POINT('Origin',(-2.614797267597E-12,75.,1.170619157165E-12));
#4933=CARTESIAN_POINT('',(36.3133364715255,75.0000000000007,-18.8760852624159));
#4934=CARTESIAN_POINT('Origin',(35.56355296593,75.,-20.40180630335));
#4935=CARTESIAN_POINT('',(39.024814357036,75.0000000000002,-12.329998574948));
#4936=CARTESIAN_POINT('Origin',(37.87906083296,75.,-15.69002072697));
#4937=CARTESIAN_POINT('',(37.9326332271193,75.0000000000014,-10.2764457112841));
#4938=CARTESIAN_POINT('Origin',(39.57348505085,75.,-10.72097387975));
#4939=CARTESIAN_POINT('',(37.9326332271481,75.0000000000001,10.2764457111831));
#4940=CARTESIAN_POINT('Origin',(4.700240197053E-12,75.,3.437250484239E-13));
#4941=CARTESIAN_POINT('',(39.0248143570015,75.0000000000002,12.3299985749362));
#4942=CARTESIAN_POINT('Origin',(39.57348505085,75.,10.72097387975));
#4943=CARTESIAN_POINT('',(36.3133364715296,75.0000000000009,18.8760852624177));
#4944=CARTESIAN_POINT('Origin',(37.87906083296,75.,15.69002072697));
#4945=CARTESIAN_POINT('',(34.0889666320197,75.0000000000003,19.5558777343577));
#4946=CARTESIAN_POINT('Origin',(35.56355296593,75.,20.40180630335));
#4947=CARTESIAN_POINT('',(19.5558777342479,75.0000000000005,34.0889666320827));
#4948=CARTESIAN_POINT('Origin',(2.591704628685E-12,75.,3.778310997404E-12));
#4949=CARTESIAN_POINT('',(18.8760852620035,75.000000000001,36.3133364706872));
#4950=CARTESIAN_POINT('Origin',(20.40180630335,75.,35.56355296593));
#4951=CARTESIAN_POINT('',(12.3299985811896,75.0000000000005,39.0248143753395));
#4952=CARTESIAN_POINT('Origin',(15.69002072697,75.,37.87906083296));
#4953=CARTESIAN_POINT('',(10.2764457112565,75.0000000000004,37.932633227126));
#4954=CARTESIAN_POINT('Origin',(10.72097387975,75.,39.57348505085));
#4955=CARTESIAN_POINT('',(7.542424242424,75.,38.56944174534));
#4956=CARTESIAN_POINT('Origin',(1.147304473648E-11,75.,4.953548682352E-11));
#4957=CARTESIAN_POINT('',(7.300000000007,75.00000000001,38.86386496375));
#4958=CARTESIAN_POINT('Origin',(7.6,75.,38.86386496477));
#4959=CARTESIAN_POINT('',(7.29999999978513,74.9999999997844,42.4199245453235));
#4960=CARTESIAN_POINT('',(7.299999999568,74.99999999957,42.41992454354));
#4961=CARTESIAN_POINT('',(6.53426573795384,75.000000000001,43.3098530506131));
#4962=CARTESIAN_POINT('Origin',(6.4,75.,42.41992456382));
#4963=CARTESIAN_POINT('',(-6.53426569375606,75.0000000000001,43.3098530572822));
#4964=CARTESIAN_POINT('Origin',(2.677857935396E-13,75.,-2.405187160548E-12));
#4965=CARTESIAN_POINT('',(-7.29999999998,74.99999999998,42.41992455724));
#4966=CARTESIAN_POINT('Origin',(-6.4,75.,42.41992456382));
#4967=CARTESIAN_POINT('',(-7.30000000000249,75.0000000000032,38.8638649644297));
#4968=CARTESIAN_POINT('',(-7.300000000007,75.00000000001,38.86386496375));
#4969=CARTESIAN_POINT('',(-7.542424242424,75.,38.56944174534));
#4970=CARTESIAN_POINT('Origin',(-7.6,75.,38.86386496477));
#4971=CARTESIAN_POINT('',(-10.2764457111318,74.9999999999996,37.9326332271584));
#4972=CARTESIAN_POINT('Origin',(5.832667682171E-12,75.,-2.271605126225E-11));
#4973=CARTESIAN_POINT('',(-12.3299985810887,75.0000000000001,39.0248143750449));
#4974=CARTESIAN_POINT('Origin',(-10.72097387975,75.,39.57348505085));
#4975=CARTESIAN_POINT('',(-18.876085261652,75.0000000000012,36.313336469972));
#4976=CARTESIAN_POINT('Origin',(-15.69002072697,75.,37.87906083296));
#4977=CARTESIAN_POINT('',(-19.5558777343085,75.0000000000001,34.0889666320443));
#4978=CARTESIAN_POINT('Origin',(-20.40180630335,75.,35.56355296593));
#4979=CARTESIAN_POINT('',(-34.0889666320978,75.000000000001,19.5558777342133));
#4980=CARTESIAN_POINT('Origin',(2.266631327075E-12,75.,-1.497468815614E-12));
#4981=CARTESIAN_POINT('',(-36.3133364715255,75.0000000000007,18.8760852624159));
#4982=CARTESIAN_POINT('Origin',(-35.56355296593,75.,20.40180630335));
#4983=CARTESIAN_POINT('',(-39.0248143570361,75.0000000000002,12.329998574948));
#4984=CARTESIAN_POINT('Origin',(-37.87906083296,75.,15.69002072697));
#4985=CARTESIAN_POINT('',(-37.9326332271544,75.000000000001,10.2764457111475));
#4986=CARTESIAN_POINT('Origin',(-39.57348505085,75.,10.72097387975));
#4987=CARTESIAN_POINT('',(-37.9326332271488,75.0000000000002,-10.2764457111715));
#4988=CARTESIAN_POINT('Origin',(3.19744231092E-14,75.,-1.110223024625E-13));
#4989=CARTESIAN_POINT('',(-39.0248143570015,75.0000000000002,-12.3299985749362));
#4990=CARTESIAN_POINT('Origin',(-39.57348505085,75.,-10.72097387975));
#4991=CARTESIAN_POINT('Origin',(-37.87906083296,75.,-15.69002072697));
#4992=CARTESIAN_POINT('Origin',(15.5,74.85000000029,15.5));
#4993=CARTESIAN_POINT('',(15.4999999733192,74.700000000077,47.4999999999043));
#4994=CARTESIAN_POINT('',(15.49999996362,75.00000000019,47.19999999981));
#4995=CARTESIAN_POINT('',(47.4999999999486,74.7000000000416,15.4999999786789));
#4996=CARTESIAN_POINT('Origin',(15.5,74.7,15.5));
#4997=CARTESIAN_POINT('',(47.1999999999,75.0000000001,15.49999997093));
#4998=CARTESIAN_POINT('Origin',(47.35,74.85,0.));
#4999=CARTESIAN_POINT('',(47.49999999985,74.70000000015,-15.49999997246));
#5000=CARTESIAN_POINT('',(47.49999999992,74.70000000008,15.49999997799));
#5001=CARTESIAN_POINT('',(47.19999999981,75.00000000019,-15.49999996362));
#5002=CARTESIAN_POINT('Origin',(15.5,74.85000000029,-15.5));
#5003=CARTESIAN_POINT('',(15.4999999786789,74.7000000000416,-47.4999999999486));
#5004=CARTESIAN_POINT('Origin',(15.5,74.7,-15.5));
#5005=CARTESIAN_POINT('',(15.49999997093,75.0000000001,-47.1999999999));
#5006=CARTESIAN_POINT('Origin',(1.15463194561E-14,74.85,-47.35));
#5007=CARTESIAN_POINT('',(-15.49999997246,74.70000000015,-47.49999999985));
#5008=CARTESIAN_POINT('',(15.49999997799,74.70000000008,-47.49999999992));
#5009=CARTESIAN_POINT('',(-15.49999996362,75.00000000019,-47.19999999981));
#5010=CARTESIAN_POINT('Origin',(-15.5,74.85000000029,-15.5));
#5011=CARTESIAN_POINT('',(-47.4999999999486,74.7000000000416,-15.4999999786789));
#5012=CARTESIAN_POINT('Origin',(-15.5,74.7,-15.5));
#5013=CARTESIAN_POINT('',(-47.1999999999,75.0000000001,-15.49999997093));
#5014=CARTESIAN_POINT('Origin',(-47.35,74.85,0.));
#5015=CARTESIAN_POINT('',(-47.49999999985,74.70000000015,15.49999997246));
#5016=CARTESIAN_POINT('',(-47.49999999992,74.70000000008,-15.49999997799));
#5017=CARTESIAN_POINT('',(-47.19999999981,75.00000000019,15.49999996362));
#5018=CARTESIAN_POINT('Origin',(-15.5,74.85000000029,15.5));
#5019=CARTESIAN_POINT('',(-15.4999999786789,74.7000000000416,47.4999999999486));
#5020=CARTESIAN_POINT('Origin',(-15.5,74.7,15.5));
#5021=CARTESIAN_POINT('',(-15.49999997093,75.0000000001,47.1999999999));
#5022=CARTESIAN_POINT('Origin',(1.68753899743E-14,74.85,47.35));
#5023=CARTESIAN_POINT('',(-15.49999997799,74.70000000008,47.49999999992));
#5024=CARTESIAN_POINT('Origin',(-47.5,67.,47.5));
#5025=CARTESIAN_POINT('',(15.4999999733192,67.2999999999221,47.4999999999035));
#5026=CARTESIAN_POINT('',(-15.4999999786789,67.2999999999574,47.4999999999478));
#5027=CARTESIAN_POINT('',(15.49999997246,67.29999999985,47.49999999985));
#5028=CARTESIAN_POINT('',(15.49999997246,74.70000000015,47.49999999985));
#5029=CARTESIAN_POINT('',(-15.49999997799,74.70000000008,47.49999999992));
#5030=CARTESIAN_POINT('Origin',(1.42108547152E-14,67.15,47.35));
#5031=CARTESIAN_POINT('',(15.49999996362,66.99999999981,47.19999999981));
#5032=CARTESIAN_POINT('',(-15.49999997093,66.9999999999,47.1999999999));
#5033=CARTESIAN_POINT('Origin',(-15.5,67.14999999971,15.5));
#5034=CARTESIAN_POINT('',(-47.4999999999035,67.2999999999221,15.4999999733192));
#5035=CARTESIAN_POINT('Origin',(-15.5,67.3,15.5));
#5036=CARTESIAN_POINT('',(-47.19999999981,66.99999999981,15.49999996362));
#5037=CARTESIAN_POINT('Origin',(-47.35,67.15,0.));
#5038=CARTESIAN_POINT('',(-47.49999999992,67.29999999992,-15.49999997799));
#5039=CARTESIAN_POINT('',(-47.49999999985,67.29999999985,15.49999997246));
#5040=CARTESIAN_POINT('',(-47.1999999999,66.9999999999,-15.49999997093));
#5041=CARTESIAN_POINT('Origin',(-15.5,67.14999999971,-15.5));
#5042=CARTESIAN_POINT('',(-15.4999999733192,67.2999999999221,-47.4999999999035));
#5043=CARTESIAN_POINT('Origin',(-15.5,67.3,-15.5));
#5044=CARTESIAN_POINT('',(-15.49999996362,66.99999999981,-47.19999999981));
#5045=CARTESIAN_POINT('Origin',(1.42108547152E-14,67.15,-47.35));
#5046=CARTESIAN_POINT('',(15.49999997799,67.29999999992,-47.49999999992));
#5047=CARTESIAN_POINT('',(-15.49999997246,67.29999999985,-47.49999999985));
#5048=CARTESIAN_POINT('',(15.49999997093,66.9999999999,-47.1999999999));
#5049=CARTESIAN_POINT('Origin',(15.5,67.14999999971,-15.5));
#5050=CARTESIAN_POINT('',(47.4999999999035,67.2999999999221,-15.4999999733192));
#5051=CARTESIAN_POINT('Origin',(15.5,67.3,-15.5));
#5052=CARTESIAN_POINT('',(47.19999999981,66.99999999981,-15.49999996362));
#5053=CARTESIAN_POINT('Origin',(47.35,67.15,0.));
#5054=CARTESIAN_POINT('',(47.49999999992,67.29999999992,15.49999997799));
#5055=CARTESIAN_POINT('',(47.49999999985,67.29999999985,-15.49999997246));
#5056=CARTESIAN_POINT('',(47.1999999999,66.9999999999,15.49999997093));
#5057=CARTESIAN_POINT('Origin',(15.5,67.14999999971,15.5));
#5058=CARTESIAN_POINT('Origin',(15.5,67.3,15.5));
#5059=CARTESIAN_POINT('Origin',(15.5,114.2864,15.5));
#5060=CARTESIAN_POINT('',(47.49999999992,74.70000000008,15.49999997799));
#5061=CARTESIAN_POINT('Origin',(47.5,67.,47.5));
#5062=CARTESIAN_POINT('',(47.49999999985,74.70000000015,-15.49999997246));
#5063=CARTESIAN_POINT('Origin',(15.5,114.2864,-15.5));
#5064=CARTESIAN_POINT('',(15.49999997799,74.70000000008,-47.49999999992));
#5065=CARTESIAN_POINT('Origin',(47.5,67.,-47.5));
#5066=CARTESIAN_POINT('',(-15.49999997246,74.70000000015,-47.49999999985));
#5067=CARTESIAN_POINT('Origin',(-15.5,114.2864,-15.5));
#5068=CARTESIAN_POINT('',(-47.49999999992,74.70000000008,-15.49999997799));
#5069=CARTESIAN_POINT('Origin',(-47.5,67.,-47.5));
#5070=CARTESIAN_POINT('',(-47.49999999985,74.70000000015,15.49999997246));
#5071=CARTESIAN_POINT('Origin',(-15.5,114.2864,15.5));
#5072=CARTESIAN_POINT('Origin',(34.,74.84999998304,-34.));
#5073=CARTESIAN_POINT('',(34.,74.700000000002,-32.150000000002));
#5074=CARTESIAN_POINT('',(35.85,74.7,-34.));
#5075=CARTESIAN_POINT('Origin',(34.,74.7,-34.));
#5076=CARTESIAN_POINT('Origin',(34.,74.7,-34.));
#5077=CARTESIAN_POINT('',(34.,74.84999998304,-32.000000016964));
#5078=CARTESIAN_POINT('Origin',(34.,103.4996717525,-34.));
#5079=CARTESIAN_POINT('',(35.85,67.37,-34.));
#5080=CARTESIAN_POINT('',(35.85,103.4996717525,-34.));
#5081=CARTESIAN_POINT('Origin',(34.,67.37,-34.));
#5082=CARTESIAN_POINT('Origin',(34.,67.185,-34.));
#5083=CARTESIAN_POINT('',(36.035,67.185,-34.));
#5084=CARTESIAN_POINT('Origin',(-34.,74.84999998304,34.));
#5085=CARTESIAN_POINT('',(-34.,74.700000000002,35.849999999998));
#5086=CARTESIAN_POINT('',(-32.15,74.7,34.));
#5087=CARTESIAN_POINT('Origin',(-34.,74.7,34.));
#5088=CARTESIAN_POINT('Origin',(-34.,74.7,34.));
#5089=CARTESIAN_POINT('',(-34.,74.84999998304,35.999999983036));
#5090=CARTESIAN_POINT('Origin',(-34.,103.4996717525,34.));
#5091=CARTESIAN_POINT('',(-32.15,67.37,34.));
#5092=CARTESIAN_POINT('',(-32.15,103.4996717525,34.));
#5093=CARTESIAN_POINT('Origin',(-34.,67.37,34.));
#5094=CARTESIAN_POINT('Origin',(-34.,67.185,34.));
#5095=CARTESIAN_POINT('',(-31.965,67.185,34.));
#5096=CARTESIAN_POINT('Origin',(-34.,74.84999998304,-34.));
#5097=CARTESIAN_POINT('',(-34.,74.700000000002,-32.150000000002));
#5098=CARTESIAN_POINT('',(-32.15,74.7,-34.));
#5099=CARTESIAN_POINT('Origin',(-34.,74.7,-34.));
#5100=CARTESIAN_POINT('Origin',(-34.,74.7,-34.));
#5101=CARTESIAN_POINT('',(-34.,74.84999998304,-32.000000016964));
#5102=CARTESIAN_POINT('Origin',(-34.,103.4996717525,-34.));
#5103=CARTESIAN_POINT('',(-32.15,67.37,-34.));
#5104=CARTESIAN_POINT('',(-32.15,103.4996717525,-34.));
#5105=CARTESIAN_POINT('Origin',(-34.,67.37,-34.));
#5106=CARTESIAN_POINT('Origin',(-34.,67.185,-34.));
#5107=CARTESIAN_POINT('',(-31.965,67.185,-34.));
#5108=CARTESIAN_POINT('Origin',(-35.,74.84999998536,28.));
#5109=CARTESIAN_POINT('',(-33.35,74.7,28.));
#5110=CARTESIAN_POINT('',(-35.,74.7000000000005,29.6499999999995));
#5111=CARTESIAN_POINT('Origin',(-35.,74.7,28.));
#5112=CARTESIAN_POINT('',(-35.,74.84999998536,29.799999985359));
#5113=CARTESIAN_POINT('Origin',(-35.,74.7,28.));
#5114=CARTESIAN_POINT('Origin',(-35.,103.3734910225,28.));
#5115=CARTESIAN_POINT('',(-33.35,67.27,28.));
#5116=CARTESIAN_POINT('',(-33.35,103.3734910225,28.));
#5117=CARTESIAN_POINT('Origin',(-35.,67.27,28.));
#5118=CARTESIAN_POINT('Origin',(-35.,67.135,28.));
#5119=CARTESIAN_POINT('',(-33.215,67.135,28.));
#5120=CARTESIAN_POINT('Origin',(-35.,74.84999998536,-28.));
#5121=CARTESIAN_POINT('',(-35.,74.7000000000005,-26.3500000000005));
#5122=CARTESIAN_POINT('',(-33.35,74.7,-28.));
#5123=CARTESIAN_POINT('Origin',(-35.,74.7,-28.));
#5124=CARTESIAN_POINT('Origin',(-35.,74.7,-28.));
#5125=CARTESIAN_POINT('',(-35.,74.84999998536,-26.200000014641));
#5126=CARTESIAN_POINT('Origin',(-35.,103.3734910225,-28.));
#5127=CARTESIAN_POINT('',(-33.35,67.27,-28.));
#5128=CARTESIAN_POINT('',(-33.35,103.3734910225,-28.));
#5129=CARTESIAN_POINT('Origin',(-35.,67.27,-28.));
#5130=CARTESIAN_POINT('Origin',(-35.,67.135,-28.));
#5131=CARTESIAN_POINT('',(-33.215,67.135,-28.));
#5132=CARTESIAN_POINT('Origin',(44.,74.84999998536,0.));
#5133=CARTESIAN_POINT('',(44.,74.7000000000005,1.6499999999995));
#5134=CARTESIAN_POINT('',(45.65,74.7,2.02066721859313E-16));
#5135=CARTESIAN_POINT('Origin',(44.,74.7,0.));
#5136=CARTESIAN_POINT('Origin',(44.,74.7,0.));
#5137=CARTESIAN_POINT('',(44.,74.84999998536,1.799999985359));
#5138=CARTESIAN_POINT('Origin',(44.,103.3734910225,0.));
#5139=CARTESIAN_POINT('',(45.65,67.27,0.));
#5140=CARTESIAN_POINT('',(45.65,103.3734910225,2.02066721859313E-16));
#5141=CARTESIAN_POINT('Origin',(44.,67.27,0.));
#5142=CARTESIAN_POINT('Origin',(44.,67.135,0.));
#5143=CARTESIAN_POINT('',(45.785,67.135,2.18599453647803E-16));
#5144=CARTESIAN_POINT('Origin',(-41.,74.85,0.));
#5145=CARTESIAN_POINT('',(-41.,74.7,-1.960769515459));
#5146=CARTESIAN_POINT('',(-41.,75.,-1.960769515459));
#5147=CARTESIAN_POINT('',(-41.,74.7,1.960769515459));
#5148=CARTESIAN_POINT('',(-41.,74.7,-1.960769515459));
#5149=CARTESIAN_POINT('',(-41.,75.,1.960769515459));
#5150=CARTESIAN_POINT('Origin',(-41.6,85.42880001331,-1.960769515459));
#5151=CARTESIAN_POINT('',(-41.9,74.7,-2.480384757729));
#5152=CARTESIAN_POINT('Origin',(-41.6,74.7,-1.960769515459));
#5153=CARTESIAN_POINT('',(-41.9,75.,-2.480384757729));
#5154=CARTESIAN_POINT('Origin',(0.,74.7,0.));
#5155=CARTESIAN_POINT('',(-45.29615242271,74.7,-0.5196152422707));
#5156=CARTESIAN_POINT('',(-45.29615242271,74.7,0.5196152422707));
#5157=CARTESIAN_POINT('Origin',(-44.99615242271,74.7,0.));
#5158=CARTESIAN_POINT('',(-41.9,74.7,2.480384757729));
#5159=CARTESIAN_POINT('',(-41.9,74.7,2.480384757729));
#5160=CARTESIAN_POINT('Origin',(-41.6,74.7,1.960769515459));
#5161=CARTESIAN_POINT('',(-45.29615242271,74.7,-0.5196152422707));
#5162=CARTESIAN_POINT('Origin',(-44.99615242271,85.42880001331,0.));
#5163=CARTESIAN_POINT('',(-45.29615242271,75.,-0.5196152422707));
#5164=CARTESIAN_POINT('',(-45.29615242271,75.,0.5196152422707));
#5165=CARTESIAN_POINT('Origin',(-43.59807621135,74.85,1.5));
#5166=CARTESIAN_POINT('',(-41.9,75.,2.480384757729));
#5167=CARTESIAN_POINT('Origin',(-41.6,85.42880001331,1.960769515459));
#5168=CARTESIAN_POINT('Origin',(-43.59807621135,74.85,-1.5));
#5169=CARTESIAN_POINT('Origin',(-35.56355296593,74.85000001427,-20.40180630335));
#5170=CARTESIAN_POINT('',(-33.8287455146995,74.7000000005057,-19.4065962269511));
#5171=CARTESIAN_POINT('',(-36.4456512044162,74.7000000002953,-18.6068403741271));
#5172=CARTESIAN_POINT('Origin',(-35.56355296593,74.7,-20.40180630335));
#5173=CARTESIAN_POINT('',(-33.82874552102,74.70000000941,-19.40659622932));
#5174=CARTESIAN_POINT('',(-36.44565120296,74.70000000943,-18.60684038096));
#5175=CARTESIAN_POINT('Origin',(-35.56355296593,85.42880001331,-20.40180630335));
#5176=CARTESIAN_POINT('',(-36.44565120099,70.,-18.60684036949));
#5177=CARTESIAN_POINT('',(-36.44565120296,74.70000000943,-18.60684038096));
#5178=CARTESIAN_POINT('',(-33.82874550418,70.,-19.40659623977));
#5179=CARTESIAN_POINT('Origin',(-35.56355296593,70.,-20.40180630335));
#5180=CARTESIAN_POINT('',(-33.82874552102,74.70000000941,-19.40659622932));
#5181=CARTESIAN_POINT('Origin',(0.,75.,0.));
#5182=CARTESIAN_POINT('',(-33.8287455138599,74.7000000004427,19.4065962283638));
#5183=CARTESIAN_POINT('',(-19.4065962284314,74.7000000004418,33.8287455138218));
#5184=CARTESIAN_POINT('Origin',(0.,74.7,0.));
#5185=CARTESIAN_POINT('',(-19.40659623977,70.,33.82874550418));
#5186=CARTESIAN_POINT('',(-19.40659622995,74.70000000942,33.82874552067));
#5187=CARTESIAN_POINT('',(-33.82874550418,70.,19.40659623977));
#5188=CARTESIAN_POINT('Origin',(0.,70.,0.));
#5189=CARTESIAN_POINT('',(-33.82874550418,70.,19.40659623977));
#5190=CARTESIAN_POINT('Origin',(0.,75.,0.));
#5191=CARTESIAN_POINT('',(-10.1979995589571,74.7000000004415,37.6430711447403));
#5192=CARTESIAN_POINT('',(-7.4848484854336,74.7000000000002,38.275018525798));
#5193=CARTESIAN_POINT('Origin',(0.,74.7,0.));
#5194=CARTESIAN_POINT('',(-7.484848484848,74.5,38.27501852591));
#5195=CARTESIAN_POINT('',(-7.484848486019,74.70000000001,38.27501852569));
#5196=CARTESIAN_POINT('',(7.484848484849,74.5,38.27501852591));
#5197=CARTESIAN_POINT('Origin',(0.,74.5,0.));
#5198=CARTESIAN_POINT('',(7.48484848540118,74.7000000000005,38.2750185258037));
#5199=CARTESIAN_POINT('',(7.484848484849,74.5,38.27501852591));
#5200=CARTESIAN_POINT('',(10.1979995590444,74.7000000004419,37.6430711447156));
#5201=CARTESIAN_POINT('Origin',(0.,74.7,0.));
#5202=CARTESIAN_POINT('',(10.19799954416,70.,37.64307114593));
#5203=CARTESIAN_POINT('',(10.19799956282,74.70000000942,37.64307115063));
#5204=CARTESIAN_POINT('',(-10.19799954416,70.,37.64307114593));
#5205=CARTESIAN_POINT('Origin',(0.,70.,0.));
#5206=CARTESIAN_POINT('',(-10.19799954416,70.,37.64307114593));
#5207=CARTESIAN_POINT('Origin',(0.,75.,0.));
#5208=CARTESIAN_POINT('',(19.4065962283869,74.7000000004416,33.828745513847));
#5209=CARTESIAN_POINT('',(33.8287455138033,74.7000000004415,19.4065962284658));
#5210=CARTESIAN_POINT('Origin',(0.,74.7,0.));
#5211=CARTESIAN_POINT('',(33.82874550418,70.,19.40659623977));
#5212=CARTESIAN_POINT('',(33.82874552065,74.70000000942,19.40659622999));
#5213=CARTESIAN_POINT('',(19.40659623977,70.,33.82874550418));
#5214=CARTESIAN_POINT('Origin',(0.,70.,0.));
#5215=CARTESIAN_POINT('',(19.40659623977,70.,33.82874550418));
#5216=CARTESIAN_POINT('Origin',(0.,75.,0.));
#5217=CARTESIAN_POINT('',(37.6430711447307,74.7000000004414,10.1979995589932));
#5218=CARTESIAN_POINT('',(37.6430711447089,74.7000000004424,-10.1979995590624));
#5219=CARTESIAN_POINT('Origin',(0.,74.7,0.));
#5220=CARTESIAN_POINT('',(37.64307114593,70.,-10.19799954416));
#5221=CARTESIAN_POINT('',(37.64307115062,74.70000000942,-10.19799956284));
#5222=CARTESIAN_POINT('',(37.64307114593,70.,10.19799954416));
#5223=CARTESIAN_POINT('Origin',(0.,70.,0.));
#5224=CARTESIAN_POINT('',(37.64307114593,70.,10.19799954416));
#5225=CARTESIAN_POINT('Origin',(0.,75.,0.));
#5226=CARTESIAN_POINT('',(33.8287455138068,74.7000000004422,-19.4065962284571));
#5227=CARTESIAN_POINT('',(19.406596228439,74.7000000004412,-33.8287455138198));
#5228=CARTESIAN_POINT('Origin',(0.,74.7,0.));
#5229=CARTESIAN_POINT('',(19.40659623977,70.,-33.82874550418));
#5230=CARTESIAN_POINT('',(19.40659622996,74.70000000942,-33.82874552067));
#5231=CARTESIAN_POINT('',(33.82874550418,70.,-19.40659623977));
#5232=CARTESIAN_POINT('Origin',(0.,70.,0.));
#5233=CARTESIAN_POINT('',(33.82874550418,70.,-19.40659623977));
#5234=CARTESIAN_POINT('Origin',(0.,75.,0.));
#5235=CARTESIAN_POINT('',(10.1979995606748,74.7000000005048,-37.6430711443016));
#5236=CARTESIAN_POINT('',(-10.1979995820042,74.7000000005296,-37.6430711385157));
#5237=CARTESIAN_POINT('Origin',(0.,74.7,0.));
#5238=CARTESIAN_POINT('',(-10.19799954416,70.,-37.64307114593));
#5239=CARTESIAN_POINT('',(-10.19799958493,74.70000000935,-37.64307114457));
#5240=CARTESIAN_POINT('',(10.19799954416,70.,-37.64307114593));
#5241=CARTESIAN_POINT('Origin',(0.,70.,0.));
#5242=CARTESIAN_POINT('',(10.19799954416,70.,-37.64307114593));
#5243=CARTESIAN_POINT('Origin',(0.,75.,0.));
#5244=CARTESIAN_POINT('',(-19.406596206471,74.7000000005286,-33.8287455264411));
#5245=CARTESIAN_POINT('Origin',(0.,74.7,0.));
#5246=CARTESIAN_POINT('',(-19.40659623977,70.,-33.82874550418));
#5247=CARTESIAN_POINT('Origin',(0.,70.,0.));
#5248=CARTESIAN_POINT('',(-19.40659623977,70.,-33.82874550418));
#5249=CARTESIAN_POINT('Origin',(0.,75.,0.));
#5250=CARTESIAN_POINT('',(-37.64307114593,70.,-10.19799954416));
#5251=CARTESIAN_POINT('',(-37.6430711447323,74.7000000004418,-10.1979995589855));
#5252=CARTESIAN_POINT('',(-37.64307114593,70.,-10.19799954416));
#5253=CARTESIAN_POINT('',(-37.643071144735,74.7000000004424,10.1979995589662));
#5254=CARTESIAN_POINT('Origin',(0.,74.7,0.));
#5255=CARTESIAN_POINT('',(-37.64307114593,70.,10.19799954416));
#5256=CARTESIAN_POINT('',(-37.64307115065,74.70000000942,10.19799956273));
#5257=CARTESIAN_POINT('Origin',(0.,70.,0.));
#5258=CARTESIAN_POINT('Origin',(2.266631327075E-12,74.85,-1.497468815614E-12));
#5259=CARTESIAN_POINT('',(-33.82874552071,74.70000000942,19.40659622987));
#5260=CARTESIAN_POINT('',(-19.40659622995,74.70000000942,33.82874552067));
#5261=CARTESIAN_POINT('Origin',(-20.40180630335,74.85000001427,35.56355296593));
#5262=CARTESIAN_POINT('',(-18.6068403738333,74.7000000002968,36.4456512037942));
#5263=CARTESIAN_POINT('Origin',(-20.40180630335,74.7,35.56355296593));
#5264=CARTESIAN_POINT('',(-18.60684038059,74.70000000947,36.44565120212));
#5265=CARTESIAN_POINT('Origin',(-20.40180630335,85.42880001331,35.56355296593));
#5266=CARTESIAN_POINT('',(-18.60684036949,70.,36.44565120099));
#5267=CARTESIAN_POINT('',(-18.60684038059,74.70000000947,36.44565120212));
#5268=CARTESIAN_POINT('Origin',(-20.40180630335,70.,35.56355296593));
#5269=CARTESIAN_POINT('Origin',(0.,70.,0.));
#5270=CARTESIAN_POINT('',(18.60684036949,70.,36.44565120099));
#5271=CARTESIAN_POINT('',(12.44002072697,70.,37.87906083296));
#5272=CARTESIAN_POINT('Origin',(15.69002072697,70.,37.87906083296));
#5273=CARTESIAN_POINT('Origin',(20.40180630335,70.,35.56355296593));
#5274=CARTESIAN_POINT('',(36.44565120099,70.,18.60684036949));
#5275=CARTESIAN_POINT('Origin',(35.56355296593,70.,20.40180630335));
#5276=CARTESIAN_POINT('',(34.62906083296,70.,15.69002072697));
#5277=CARTESIAN_POINT('Origin',(37.87906083296,70.,15.69002072697));
#5278=CARTESIAN_POINT('',(38.9279901107,70.,12.61394410726));
#5279=CARTESIAN_POINT('Origin',(37.87906083296,70.,15.69002072697));
#5280=CARTESIAN_POINT('Origin',(39.57348505085,70.,10.72097387975));
#5281=CARTESIAN_POINT('',(38.9279901107,70.,-12.61394410726));
#5282=CARTESIAN_POINT('Origin',(39.57348505085,70.,-10.72097387975));
#5283=CARTESIAN_POINT('',(34.62906083296,70.,-15.69002072697));
#5284=CARTESIAN_POINT('Origin',(37.87906083296,70.,-15.69002072697));
#5285=CARTESIAN_POINT('',(36.44565120099,70.,-18.60684036949));
#5286=CARTESIAN_POINT('Origin',(37.87906083296,70.,-15.69002072697));
#5287=CARTESIAN_POINT('Origin',(35.56355296593,70.,-20.40180630335));
#5288=CARTESIAN_POINT('',(18.60684036949,70.,-36.44565120099));
#5289=CARTESIAN_POINT('Origin',(20.40180630335,70.,-35.56355296593));
#5290=CARTESIAN_POINT('',(12.44002072697,70.,-37.87906083296));
#5291=CARTESIAN_POINT('Origin',(15.69002072697,70.,-37.87906083296));
#5292=CARTESIAN_POINT('',(12.61394410726,70.,-38.9279901107));
#5293=CARTESIAN_POINT('Origin',(15.69002072697,70.,-37.87906083296));
#5294=CARTESIAN_POINT('Origin',(10.72097387975,70.,-39.57348505085));
#5295=CARTESIAN_POINT('',(-12.61394410726,70.,-38.9279901107));
#5296=CARTESIAN_POINT('Origin',(-10.72097387975,70.,-39.57348505085));
#5297=CARTESIAN_POINT('',(-18.60684036949,70.,-36.44565120099));
#5298=CARTESIAN_POINT('Origin',(-15.69002072697,70.,-37.87906083296));
#5299=CARTESIAN_POINT('Origin',(-20.40180630335,70.,-35.56355296593));
#5300=CARTESIAN_POINT('',(-38.9279901107,70.,-12.61394410726));
#5301=CARTESIAN_POINT('Origin',(-37.87906083296,70.,-15.69002072697));
#5302=CARTESIAN_POINT('Origin',(-39.57348505085,70.,-10.72097387975));
#5303=CARTESIAN_POINT('',(-38.9279901107,70.,12.61394410726));
#5304=CARTESIAN_POINT('Origin',(-39.57348505085,70.,10.72097387975));
#5305=CARTESIAN_POINT('',(-36.44565120099,70.,18.60684036949));
#5306=CARTESIAN_POINT('Origin',(-37.87906083296,70.,15.69002072697));
#5307=CARTESIAN_POINT('Origin',(-35.56355296593,70.,20.40180630335));
#5308=CARTESIAN_POINT('',(-12.61394410726,70.,38.9279901107));
#5309=CARTESIAN_POINT('Origin',(-15.69002072697,70.,37.87906083296));
#5310=CARTESIAN_POINT('Origin',(-10.72097387975,70.,39.57348505085));
#5311=CARTESIAN_POINT('',(12.61394410726,70.,38.9279901107));
#5312=CARTESIAN_POINT('Origin',(10.72097387975,70.,39.57348505085));
#5313=CARTESIAN_POINT('Origin',(15.69002072697,70.,37.87906083296));
#5314=CARTESIAN_POINT('',(-27.4,70.,3.35553222966375E-15));
#5315=CARTESIAN_POINT('Origin',(0.,70.,0.));
#5316=CARTESIAN_POINT('Origin',(0.,75.,0.));
#5317=CARTESIAN_POINT('',(-27.4,74.2,3.35553222966375E-15));
#5318=CARTESIAN_POINT('',(7.30260880673625E-15,74.2,27.4));
#5319=CARTESIAN_POINT('Origin',(0.,74.2,0.));
#5320=CARTESIAN_POINT('Origin',(0.,74.2,0.));
#5321=CARTESIAN_POINT('',(-27.4,75.,3.35553222966375E-15));
#5322=CARTESIAN_POINT('Origin',(1.06581410364E-14,74.35000000025,0.));
#5323=CARTESIAN_POINT('',(7.33934821071067E-15,74.5,27.1));
#5324=CARTESIAN_POINT('',(7.32097850875408E-15,74.35000000025,27.24999999975));
#5325=CARTESIAN_POINT('Origin',(1.06581410364E-14,74.5,0.));
#5326=CARTESIAN_POINT('Origin',(0.,74.5,0.));
#5327=CARTESIAN_POINT('',(-24.512077524411,74.4999999994101,-6.2574085247023));
#5328=CARTESIAN_POINT('',(-24.5119563895346,74.4999999995934,6.25737606629046));
#5329=CARTESIAN_POINT('Origin',(0.001934506995983,74.5,-0.0002535089376274));
#5330=CARTESIAN_POINT('',(-20.16681304828,74.5,5.093098416073));
#5331=CARTESIAN_POINT('',(-11.0645218779379,74.5,2.65414684770813));
#5332=CARTESIAN_POINT('',(-20.16681304828,74.5,-5.093098416073));
#5333=CARTESIAN_POINT('Origin',(2.573941060291E-12,74.5,2.263573027677E-13));
#5334=CARTESIAN_POINT('',(-11.0645218779379,74.5,-2.65414684770811));
#5335=CARTESIAN_POINT('Origin',(0.001934506995983,74.1997099185,-0.0002535089376274));
#5336=CARTESIAN_POINT('',(-23.85757144728,74.2019222144,7.471029690595));
#5337=CARTESIAN_POINT('',(-23.85757144728,74.20177069563,-7.471029690595));
#5338=CARTESIAN_POINT('Ctrl Pts',(-23.8575714472834,74.2019222143911,7.47102969059607));
#5339=CARTESIAN_POINT('Ctrl Pts',(-23.6356761556713,74.2019122293761,8.17961779594314));
#5340=CARTESIAN_POINT('Ctrl Pts',(-23.3815715116588,74.2018996695542,8.88007754436699));
#5341=CARTESIAN_POINT('Ctrl Pts',(-22.4588995069883,74.2018508594349,11.1074869835581));
#5342=CARTESIAN_POINT('Ctrl Pts',(-21.6644521292077,74.2018043574674,12.5840497891414));
#5343=CARTESIAN_POINT('Ctrl Pts',(-19.8284550501029,74.2016899758145,15.3146715759878));
#5344=CARTESIAN_POINT('Ctrl Pts',(-18.7867909346332,74.2016220864864,16.5686536264978));
#5345=CARTESIAN_POINT('Ctrl Pts',(-16.566908299194,74.2014728168958,18.7883251823241));
#5346=CARTESIAN_POINT('Ctrl Pts',(-15.3128763252384,74.2013863389438,19.8298366824627));
#5347=CARTESIAN_POINT('Ctrl Pts',(-12.5821891067732,74.2011936466853,21.6655284146634));
#5348=CARTESIAN_POINT('Ctrl Pts',(-11.1056107691921,74.2010874394807,22.4598230472064));
#5349=CARTESIAN_POINT('Ctrl Pts',(-8.02567540074229,74.2008620382446,23.7353486646086));
#5350=CARTESIAN_POINT('Ctrl Pts',(-6.41986546739962,74.2007426646923,24.217595495444));
#5351=CARTESIAN_POINT('Ctrl Pts',(-3.19086891373877,74.2004992038968,24.8500494924215));
#5352=CARTESIAN_POINT('Ctrl Pts',(-1.56765579837644,74.2003751132265,25.0001213804911));
#5353=CARTESIAN_POINT('Ctrl Pts',(1.57143000147913,74.2001321904389,24.9998784771527));
#5354=CARTESIAN_POINT('Ctrl Pts',(3.1945249338958,74.2000050609556,24.849573514971));
#5355=CARTESIAN_POINT('Ctrl Pts',(6.42324538764927,74.1997487822451,24.2166928402553));
#5356=CARTESIAN_POINT('Ctrl Pts',(8.02889741571602,74.1996196323379,23.734252362644));
#5357=CARTESIAN_POINT('Ctrl Pts',(11.1084908065673,74.1993683696533,22.4583917706984));
#5358=CARTESIAN_POINT('Ctrl Pts',(12.5848845529737,74.1992460567917,21.6639556457331));
#5359=CARTESIAN_POINT('Ctrl Pts',(15.3151932422113,74.1990161414957,19.8280394740804));
#5360=CARTESIAN_POINT('Ctrl Pts',(16.5690312866717,74.198908543861,18.7864450694793));
#5361=CARTESIAN_POINT('Ctrl Pts',(18.7884421232791,74.1987142720338,16.5667595104505));
#5362=CARTESIAN_POINT('Ctrl Pts',(19.8298378884132,74.1986209610249,15.3128565005368));
#5363=CARTESIAN_POINT('Ctrl Pts',(21.6653566343524,74.1984512173715,12.5824626680592));
#5364=CARTESIAN_POINT('Ctrl Pts',(22.4595939552697,74.198374776668,11.1060487128553));
#5365=CARTESIAN_POINT('Ctrl Pts',(23.7350717290625,74.1982448325146,8.02645928564758));
#5366=CARTESIAN_POINT('Ctrl Pts',(24.2173278060782,74.1981912256021,6.4208316302843));
#5367=CARTESIAN_POINT('Ctrl Pts',(24.8498675011493,74.1981095274223,3.19219831257932));
#5368=CARTESIAN_POINT('Ctrl Pts',(25.0000159131912,74.1980814463542,1.5691661627374));
#5369=CARTESIAN_POINT('Ctrl Pts',(24.9999840843641,74.1980496149786,-1.56966075537386));
#5370=CARTESIAN_POINT('Ctrl Pts',(24.8498051315085,74.1980447771298,-3.19267741783747));
#5371=CARTESIAN_POINT('Ctrl Pts',(24.2172095266536,74.1980609909864,-6.42127455498332));
#5372=CARTESIAN_POINT('Ctrl Pts',(23.7349280750119,74.1980820319605,-8.02688151869573));
#5373=CARTESIAN_POINT('Ctrl Pts',(22.4594064072059,74.1981495149895,-11.1064261343208));
#5374=CARTESIAN_POINT('Ctrl Pts',(21.6651505453242,74.1981960107737,-12.5828159016182));
#5375=CARTESIAN_POINT('Ctrl Pts',(19.8296023884279,74.1983103764842,-15.3131601337684));
#5376=CARTESIAN_POINT('Ctrl Pts',(18.7881957588781,74.1983782560295,-16.5670377323823));
#5377=CARTESIAN_POINT('Ctrl Pts',(16.5687830842234,74.1985275082109,-18.7866614671621));
#5378=CARTESIAN_POINT('Ctrl Pts',(15.3149553953598,74.1986139799062,-19.8282207057274));
#5379=CARTESIAN_POINT('Ctrl Pts',(12.584676574253,74.1988066588009,-21.6640741929662));
#5380=CARTESIAN_POINT('Ctrl Pts',(11.1083023320733,74.1989128588807,-22.4584827898531));
#5381=CARTESIAN_POINT('Ctrl Pts',(8.02875467050793,74.199138244743,-23.7342985648127));
#5382=CARTESIAN_POINT('Ctrl Pts',(6.42312898188875,74.1992576099942,-24.2167216855253));
#5383=CARTESIAN_POINT('Ctrl Pts',(3.19446490110722,74.199501053058,-24.8495792541396));
#5384=CARTESIAN_POINT('Ctrl Pts',(1.57140000514164,74.1996251342881,-24.9998784794738));
#5385=CARTESIAN_POINT('Ctrl Pts',(0.001934506995983,74.1997465896921,-24.9999999251537));
#5386=CARTESIAN_POINT('Ctrl Pts',(-1.56762580323057,74.1998680524332,-25.00012137817));
#5387=CARTESIAN_POINT('Ctrl Pts',(-3.19080888214978,74.1999951870794,-24.8500552224206));
#5388=CARTESIAN_POINT('Ctrl Pts',(-6.41974906078258,74.2002514757066,-24.2176243235447));
#5389=CARTESIAN_POINT('Ctrl Pts',(-8.02553265261612,74.2003806303659,-23.7353948461373));
#5390=CARTESIAN_POINT('Ctrl Pts',(-11.1054222862431,74.200631901951,-22.4599140404514));
#5391=CARTESIAN_POINT('Ctrl Pts',(-12.5819811160889,74.2007542189912,-21.6656469341878));
#5392=CARTESIAN_POINT('Ctrl Pts',(-15.3126384587799,74.200984142373,-19.8300178848429));
#5393=CARTESIAN_POINT('Ctrl Pts',(-16.5666600730042,74.2010917439324,-18.7885415509835));
#5394=CARTESIAN_POINT('Ctrl Pts',(-18.7865445412087,74.2012860331688,-16.5689318246883));
#5395=CARTESIAN_POINT('Ctrl Pts',(-19.8282195208508,74.2013793562926,-15.3149751896125));
#5396=CARTESIAN_POINT('Ctrl Pts',(-21.6642460124707,74.2015491211662,-12.5844030107368));
#5397=CARTESIAN_POINT('Ctrl Pts',(-22.4587119330149,74.2016255709993,-11.1078643965685));
#5398=CARTESIAN_POINT('Ctrl Pts',(-23.3814731192092,74.2017195634945,-8.88034872625639));
#5399=CARTESIAN_POINT('Ctrl Pts',(-23.6356332738099,74.2017463350352,-8.17975473249879));
#5400=CARTESIAN_POINT('Ctrl Pts',(-23.8575714472834,74.2017706956239,-7.47102969059606));
#5401=CARTESIAN_POINT('',(-23.77527472655,73.89850760059,6.682693562492));
#5402=CARTESIAN_POINT('Ctrl Pts',(-23.8575714472812,74.2019222143887,7.47102969059537));
#5403=CARTESIAN_POINT('Ctrl Pts',(-23.8575728425347,74.2019222144515,7.47102523507014));
#5404=CARTESIAN_POINT('Ctrl Pts',(-23.8575742377563,74.2019222144829,7.4710207795375));
#5405=CARTESIAN_POINT('Ctrl Pts',(-23.878719227405,74.2019222144829,7.40349422699528));
#5406=CARTESIAN_POINT('Ctrl Pts',(-23.8927558220352,74.1946046874622,7.33315150707307));
#5407=CARTESIAN_POINT('Ctrl Pts',(-23.9055690578241,74.1659040849647,7.19228285588022));
#5408=CARTESIAN_POINT('Ctrl Pts',(-23.9043411107841,74.1445161078489,7.12175750601413));
#5409=CARTESIAN_POINT('Ctrl Pts',(-23.8800112442307,74.0634256964585,6.91776457693451));
#5410=CARTESIAN_POINT('Ctrl Pts',(-23.8353485227648,73.9859067774468,6.79185789409584));
#5411=CARTESIAN_POINT('Ctrl Pts',(-23.7781151782035,73.9026188808133,6.68777965401153));
#5412=CARTESIAN_POINT('Ctrl Pts',(-23.7767004154134,73.9005674878502,6.68523334244764));
#5413=CARTESIAN_POINT('Ctrl Pts',(-23.7752747265528,73.8985076005829,6.68269356249621));
#5414=CARTESIAN_POINT('Ctrl Pts',(-23.7752747265462,73.8985076005784,6.68269356250296));
#5415=CARTESIAN_POINT('Ctrl Pts',(-24.1426796213917,74.1956354557898,6.47353001633528));
#5416=CARTESIAN_POINT('Ctrl Pts',(-24.5119563897383,74.499999999265,6.25737606617607));
#5417=CARTESIAN_POINT('',(-23.77532192174,73.8984385958,-6.682777647417));
#5418=CARTESIAN_POINT('Ctrl Pts',(-24.5120775247051,74.4999999989344,-6.25740852453488));
#5419=CARTESIAN_POINT('Ctrl Pts',(-24.1427635874524,74.195600183789,-6.4735890312358));
#5420=CARTESIAN_POINT('Ctrl Pts',(-23.7753219217348,73.8984385957907,-6.68277764742874));
#5421=CARTESIAN_POINT('Ctrl Pts',(-23.7753219217429,73.8984385957957,-6.68277764741886));
#5422=CARTESIAN_POINT('Ctrl Pts',(-23.7767283296682,73.9004707438956,-6.68528364560833));
#5423=CARTESIAN_POINT('Ctrl Pts',(-23.7781241005786,73.9024946217863,-6.68779600071992));
#5424=CARTESIAN_POINT('Ctrl Pts',(-23.8353408152854,73.9857552415974,-6.79183899962912));
#5425=CARTESIAN_POINT('Ctrl Pts',(-23.8800060954891,74.0632741680231,-6.91774479964122));
#5426=CARTESIAN_POINT('Ctrl Pts',(-23.9043400918834,74.1443645857849,-7.12173726953792));
#5427=CARTESIAN_POINT('Ctrl Pts',(-23.9055694643811,74.1657525643373,-7.19226260586376));
#5428=CARTESIAN_POINT('Ctrl Pts',(-23.8927590710695,74.1944531687128,-7.33313153791531));
#5429=CARTESIAN_POINT('Ctrl Pts',(-23.8787238934509,74.2017706961819,-7.4034745521428));
#5430=CARTESIAN_POINT('Ctrl Pts',(-23.8575782538239,74.2017706961819,-7.47100795430867));
#5431=CARTESIAN_POINT('Ctrl Pts',(-23.8575748506476,74.2017706959952,-7.47101882247407));
#5432=CARTESIAN_POINT('Ctrl Pts',(-23.8575714472812,74.2017706956216,-7.47102969059537));
#5433=CARTESIAN_POINT('Origin',(0.,75.,0.));
#5434=CARTESIAN_POINT('',(-23.85757144728,72.,7.471029690595));
#5435=CARTESIAN_POINT('',(-23.85757144728,74.2019222144,7.471029690595));
#5436=CARTESIAN_POINT('',(-23.85757144728,72.,-7.471029690595));
#5437=CARTESIAN_POINT('',(-23.85757144728,74.20177069563,-7.471029690595));
#5438=CARTESIAN_POINT('Origin',(0.,72.,0.));
#5439=CARTESIAN_POINT('Origin',(-22.90326858939,85.42880001331,7.172188502971));
#5440=CARTESIAN_POINT('',(-23.16208763449,72.,6.206262676682));
#5441=CARTESIAN_POINT('Origin',(-22.90326858939,72.,7.172188502971));
#5442=CARTESIAN_POINT('',(-23.16208763449,74.2,6.206262676682));
#5443=CARTESIAN_POINT('',(-23.16208763449,74.2,6.206262676682));
#5444=CARTESIAN_POINT('Origin',(-22.90326858939,73.2000000000001,7.172188502971));
#5445=CARTESIAN_POINT('Origin',(0.,72.,0.));
#5446=CARTESIAN_POINT('',(-23.16208763449,72.,-6.206262676682));
#5447=CARTESIAN_POINT('Origin',(-22.90326858939,72.,-7.172188502971));
#5448=CARTESIAN_POINT('',(-20.09125718681,72.,-5.383436138132));
#5449=CARTESIAN_POINT('',(-23.16208763449,72.,-6.206262676682));
#5450=CARTESIAN_POINT('',(-20.09125718681,72.,5.383436138132));
#5451=CARTESIAN_POINT('Origin',(-3.552713678801E-13,72.,2.118305500369E-13));
#5452=CARTESIAN_POINT('',(-20.09125718681,72.,5.383436138132));
#5453=CARTESIAN_POINT('Origin',(-19.80147943893,75.,5.305790424602));
#5454=CARTESIAN_POINT('',(-19.80147943893,71.7,5.305790424602));
#5455=CARTESIAN_POINT('',(-20.09125718681,72.,5.383436138132));
#5456=CARTESIAN_POINT('',(-19.801479376802,74.199999996296,5.30579041164864));
#5457=CARTESIAN_POINT('',(-19.8014794389261,26.73397517543,5.30579042460096));
#5458=CARTESIAN_POINT('',(-20.8876158838725,74.2000000000017,5.59681980789433));
#5459=CARTESIAN_POINT('Origin',(-22.01257518558,74.35,5.742960317245));
#5460=CARTESIAN_POINT('Origin',(32.3881851507763,105.39345806241,-40.9722321728022));
#5461=CARTESIAN_POINT('Origin',(2.573941060291E-12,74.34990071477,2.263573027677E-13));
#5462=CARTESIAN_POINT('',(-19.8014793760611,74.1999999962657,-5.30579041147803));
#5463=CARTESIAN_POINT('',(-20.5,74.2,2.51052593825207E-15));
#5464=CARTESIAN_POINT('Origin',(0.,74.2,0.));
#5465=CARTESIAN_POINT('Origin',(32.3882421946672,105.393492138298,40.972282735723));
#5466=CARTESIAN_POINT('Origin',(0.,74.2,0.));
#5467=CARTESIAN_POINT('Origin',(0.,26.73397517543,0.));
#5468=CARTESIAN_POINT('',(-2.51052593825207E-15,67.3,20.5));
#5469=CARTESIAN_POINT('',(-20.5,67.3,2.51052593825207E-15));
#5470=CARTESIAN_POINT('Origin',(0.,67.3,0.));
#5471=CARTESIAN_POINT('Origin',(0.,67.3,0.));
#5472=CARTESIAN_POINT('',(-20.5,26.73397517543,2.51052593825207E-15));
#5473=CARTESIAN_POINT('',(-19.80147943893,71.7,-5.305790424602));
#5474=CARTESIAN_POINT('Origin',(0.,71.7,0.));
#5475=CARTESIAN_POINT('',(-19.8014794389261,26.73397517543,-5.30579042460096));
#5476=CARTESIAN_POINT('Origin',(-3.552713678801E-13,71.8499905721,2.118305500369E-13));
#5477=CARTESIAN_POINT('',(-19.80147943893,71.7,-5.305790424602));
#5478=CARTESIAN_POINT('Origin',(0.,67.15000000104,0.));
#5479=CARTESIAN_POINT('',(-2.52889564011192E-15,67.15000000104,20.64999999896));
#5480=CARTESIAN_POINT('Origin',(-24.14814565723,75.,-6.470476127563));
#5481=CARTESIAN_POINT('',(-23.16208763449,74.2,-6.206262676682));
#5482=CARTESIAN_POINT('',(-23.16208763449,74.2,-6.206262676682));
#5483=CARTESIAN_POINT('',(-23.0609489930225,74.2000000000018,-6.17916265937484));
#5484=CARTESIAN_POINT('Origin',(-22.90326858939,85.42880001331,-7.172188502971));
#5485=CARTESIAN_POINT('Origin',(-22.90326858939,73.2000000000003,-7.172188502971));
#5486=CARTESIAN_POINT('Origin',(-22.01257518558,74.35,-5.742960317245));
#5487=CARTESIAN_POINT('Origin',(15.69002072697,38.65805416003,37.87906083296));
#5488=CARTESIAN_POINT('',(12.44002072697,69.5,37.87906083296));
#5489=CARTESIAN_POINT('Origin',(15.69002072697,69.5,37.87906083296));
#5490=CARTESIAN_POINT('',(12.44002072697,38.65805416003,37.87906083296));
#5491=CARTESIAN_POINT('',(12.6139441107255,74.7000000004741,38.9279901288317));
#5492=CARTESIAN_POINT('',(12.61394410521,74.70000000882,38.927990132));
#5493=CARTESIAN_POINT('',(18.6068403738724,74.7000000002968,36.4456512038708));
#5494=CARTESIAN_POINT('Origin',(15.69002072697,74.7,37.87906083296));
#5495=CARTESIAN_POINT('',(18.60684036949,70.,36.44565120099));
#5496=CARTESIAN_POINT('Origin',(15.69002072697,74.84999998177,37.87906083296));
#5497=CARTESIAN_POINT('',(18.60684038064,74.70000000947,36.44565120222));
#5498=CARTESIAN_POINT('',(12.61394410521,74.70000000882,38.927990132));
#5499=CARTESIAN_POINT('Origin',(10.72097387975,74.85000001427,39.57348505085));
#5500=CARTESIAN_POINT('Origin',(10.72097387975,74.7,39.57348505085));
#5501=CARTESIAN_POINT('',(10.19799956282,74.70000000942,37.64307115063));
#5502=CARTESIAN_POINT('Origin',(10.72097387975,85.42880001331,39.57348505085));
#5503=CARTESIAN_POINT('Origin',(15.69002072697,69.5,37.87906083296));
#5504=CARTESIAN_POINT('',(12.69002072697,69.5,37.87906083296));
#5505=CARTESIAN_POINT('Origin',(15.69002072697,69.5,37.87906083296));
#5506=CARTESIAN_POINT('Origin',(15.69002072697,68.8,37.87906083296));
#5507=CARTESIAN_POINT('',(14.09002072697,68.1,37.87906083296));
#5508=CARTESIAN_POINT('Origin',(15.69002072697,68.1,37.87906083296));
#5509=CARTESIAN_POINT('',(13.39002072697,68.8,37.87906083296));
#5510=CARTESIAN_POINT('Origin',(15.69002072697,38.65805416003,37.87906083296));
#5511=CARTESIAN_POINT('',(14.09002072697,67.3,37.87906083296));
#5512=CARTESIAN_POINT('',(15.69002072697,67.2999999999975,39.4790608329575));
#5513=CARTESIAN_POINT('Origin',(15.69002072697,67.3,37.87906083296));
#5514=CARTESIAN_POINT('',(14.09002072697,38.65805416003,37.87906083296));
#5515=CARTESIAN_POINT('Origin',(15.69002072697,67.3,37.87906083296));
#5516=CARTESIAN_POINT('Origin',(15.69002072697,67.15000001027,37.87906083296));
#5517=CARTESIAN_POINT('',(15.69002072697,67.15000001027,39.629060822685));
#5518=CARTESIAN_POINT('Origin',(1.147304473648E-11,74.84999999999,4.953548682352E-11));
#5519=CARTESIAN_POINT('',(7.484848485954,74.70000000001,38.2750185257));
#5520=CARTESIAN_POINT('Origin',(7.6,74.85000000001,38.86386496477));
#5521=CARTESIAN_POINT('',(7.000000000011,74.70000000001,38.86386496324));
#5522=CARTESIAN_POINT('Origin',(7.6,74.7,38.86386496477));
#5523=CARTESIAN_POINT('',(7.000000000011,74.70000000001,38.86386496324));
#5524=CARTESIAN_POINT('Origin',(7.15,74.85,40.64189476429));
#5525=CARTESIAN_POINT('',(6.99999999986252,74.6999999998882,42.4199245543137));
#5526=CARTESIAN_POINT('',(6.999999999784,74.69999999978,42.41992455368));
#5527=CARTESIAN_POINT('',(6.999999999784,74.69999999978,42.41992455368));
#5528=CARTESIAN_POINT('Origin',(7.,75.,42.93308747342));
#5529=CARTESIAN_POINT('',(7.,74.5,38.86386496477));
#5530=CARTESIAN_POINT('',(7.,74.5,38.86386496477));
#5531=CARTESIAN_POINT('',(7.,74.5,42.41992456382));
#5532=CARTESIAN_POINT('',(7.,74.5,42.41992456382));
#5533=CARTESIAN_POINT('',(6.999999999784,74.69999999978,42.41992455368));
#5534=CARTESIAN_POINT('Origin',(6.4,85.42880001331,42.41992456382));
#5535=CARTESIAN_POINT('',(6.489510491832,74.7000000000006,43.0132102217008));
#5536=CARTESIAN_POINT('Origin',(6.4,74.7,42.41992456382));
#5537=CARTESIAN_POINT('',(6.48951048951,74.5,43.01321022205));
#5538=CARTESIAN_POINT('Origin',(6.4,74.5,42.41992456382));
#5539=CARTESIAN_POINT('',(6.489510492605,74.7,43.01321022158));
#5540=CARTESIAN_POINT('Origin',(6.4,74.84999999963,42.41992456382));
#5541=CARTESIAN_POINT('',(6.489510492605,74.7,43.01321022158));
#5542=CARTESIAN_POINT('Origin',(2.677857935396E-13,74.84999999999,-2.405187160548E-12));
#5543=CARTESIAN_POINT('',(-6.48951046956594,74.6999999999804,43.0132102249587));
#5544=CARTESIAN_POINT('Origin',(0.,74.7,0.));
#5545=CARTESIAN_POINT('',(-6.489510468886,74.69999999965,43.01321022481));
#5546=CARTESIAN_POINT('Origin',(0.,75.,0.));
#5547=CARTESIAN_POINT('',(-6.48951048951,74.5,43.01321022205));
#5548=CARTESIAN_POINT('Origin',(0.,74.5,0.));
#5549=CARTESIAN_POINT('',(-6.489510468886,74.69999999965,43.01321022481));
#5550=CARTESIAN_POINT('Origin',(-6.4,85.42880001331,42.41992456382));
#5551=CARTESIAN_POINT('',(-6.99999999999,74.69999999999,42.41992456053));
#5552=CARTESIAN_POINT('Origin',(-6.4,74.7,42.41992456382));
#5553=CARTESIAN_POINT('',(-7.,74.5,42.41992456382));
#5554=CARTESIAN_POINT('Origin',(-6.4,74.5,42.41992456382));
#5555=CARTESIAN_POINT('',(-6.99999999999,74.69999999999,42.41992456053));
#5556=CARTESIAN_POINT('Origin',(-6.4,74.8499999994,42.41992456382));
#5557=CARTESIAN_POINT('',(-6.99999999999,74.69999999999,42.41992456053));
#5558=CARTESIAN_POINT('Origin',(-7.15,74.85,40.64189476429));
#5559=CARTESIAN_POINT('',(-7.00000000000563,74.7000000000024,38.863864964005));
#5560=CARTESIAN_POINT('',(-7.000000000011,74.70000000001,38.86386496324));
#5561=CARTESIAN_POINT('',(-7.000000000011,74.70000000001,38.86386496324));
#5562=CARTESIAN_POINT('Origin',(-7.,75.,38.3666521865));
#5563=CARTESIAN_POINT('',(-7.,74.5,38.86386496477));
#5564=CARTESIAN_POINT('',(-7.,74.5,38.86386496477));
#5565=CARTESIAN_POINT('',(-7.000000000011,74.70000000001,38.86386496324));
#5566=CARTESIAN_POINT('Origin',(-7.6,85.42880001331,38.86386496477));
#5567=CARTESIAN_POINT('Origin',(-7.6,74.7,38.86386496477));
#5568=CARTESIAN_POINT('Origin',(-7.6,74.5,38.86386496477));
#5569=CARTESIAN_POINT('Origin',(-7.6,74.85000000001,38.86386496477));
#5570=CARTESIAN_POINT('',(-7.484848486019,74.70000000001,38.27501852569));
#5571=CARTESIAN_POINT('Origin',(5.832667682171E-12,74.85,-2.271605126225E-11));
#5572=CARTESIAN_POINT('',(-10.19799956272,74.70000000942,37.64307115066));
#5573=CARTESIAN_POINT('Origin',(-10.72097387975,74.85000001427,39.57348505085));
#5574=CARTESIAN_POINT('',(-12.6139441106759,74.7000000004698,38.9279901286221));
#5575=CARTESIAN_POINT('Origin',(-10.72097387975,74.7,39.57348505085));
#5576=CARTESIAN_POINT('',(-12.61394410521,74.70000000874,38.92799013176));
#5577=CARTESIAN_POINT('Origin',(-10.72097387975,56.57119998831,39.57348505085));
#5578=CARTESIAN_POINT('',(-12.61394410726,70.,38.9279901107));
#5579=CARTESIAN_POINT('Origin',(-15.69002072697,38.65805416003,37.87906083296));
#5580=CARTESIAN_POINT('',(-18.94002072697,69.5,37.87906083296));
#5581=CARTESIAN_POINT('Origin',(-15.69002072697,69.5,37.87906083296));
#5582=CARTESIAN_POINT('',(-18.94002072697,74.7000000004698,37.87906083296));
#5583=CARTESIAN_POINT('',(-18.94002072697,38.65805416003,37.87906083296));
#5584=CARTESIAN_POINT('Origin',(-15.69002072697,74.7,37.87906083296));
#5585=CARTESIAN_POINT('Origin',(-15.69002072697,74.7,37.87906083296));
#5586=CARTESIAN_POINT('Origin',(-15.69002072697,74.84999998179,37.87906083296));
#5587=CARTESIAN_POINT('Origin',(-15.69002072697,69.5,37.87906083296));
#5588=CARTESIAN_POINT('',(-18.69002072697,69.5,37.87906083296));
#5589=CARTESIAN_POINT('Origin',(-15.69002072697,69.5,37.87906083296));
#5590=CARTESIAN_POINT('Origin',(-15.69002072697,68.8,37.87906083296));
#5591=CARTESIAN_POINT('',(-17.29002072697,68.1,37.87906083296));
#5592=CARTESIAN_POINT('Origin',(-15.69002072697,68.1,37.87906083296));
#5593=CARTESIAN_POINT('',(-17.99002072697,68.8,37.87906083296));
#5594=CARTESIAN_POINT('Origin',(-15.69002072697,38.65805416003,37.87906083296));
#5595=CARTESIAN_POINT('',(-17.29002072697,67.3,37.87906083296));
#5596=CARTESIAN_POINT('',(-15.69002072697,67.2999999999975,39.4790608329575));
#5597=CARTESIAN_POINT('Origin',(-15.69002072697,67.3,37.87906083296));
#5598=CARTESIAN_POINT('',(-17.29002072697,38.65805416003,37.87906083296));
#5599=CARTESIAN_POINT('Origin',(-15.69002072697,67.3,37.87906083296));
#5600=CARTESIAN_POINT('Origin',(-15.69002072697,67.15000001027,37.87906083296));
#5601=CARTESIAN_POINT('',(-15.69002072697,67.15000001027,39.629060822685));
#5602=CARTESIAN_POINT('Origin',(0.,74.5,0.));
#5603=CARTESIAN_POINT('Origin',(7.6,74.5,38.86386496477));
#5604=CARTESIAN_POINT('Origin',(7.6,56.57119998831,38.86386496477));
#5605=CARTESIAN_POINT('Origin',(20.40180630335,74.85000001427,35.56355296593));
#5606=CARTESIAN_POINT('Origin',(20.40180630335,74.7,35.56355296593));
#5607=CARTESIAN_POINT('',(19.4065962299,74.70000000942,33.8287455207));
#5608=CARTESIAN_POINT('Origin',(20.40180630335,56.57119998831,35.56355296593));
#5609=CARTESIAN_POINT('Origin',(2.591704628685E-12,74.84999999999,3.778310997404E-12));
#5610=CARTESIAN_POINT('',(33.82874552065,74.70000000942,19.40659622999));
#5611=CARTESIAN_POINT('Origin',(35.56355296593,74.85000001427,20.40180630335));
#5612=CARTESIAN_POINT('',(36.4456512044162,74.7000000002953,18.6068403741271));
#5613=CARTESIAN_POINT('Origin',(35.56355296593,74.7,20.40180630335));
#5614=CARTESIAN_POINT('',(36.44565120296,74.70000000943,18.60684038096));
#5615=CARTESIAN_POINT('Origin',(35.56355296593,85.42880001331,20.40180630335));
#5616=CARTESIAN_POINT('',(36.44565120296,74.70000000943,18.60684038096));
#5617=CARTESIAN_POINT('Origin',(37.87906083296,38.65805416003,15.69002072697));
#5618=CARTESIAN_POINT('',(34.62906083296,69.5,15.69002072697));
#5619=CARTESIAN_POINT('Origin',(37.87906083296,69.5,15.69002072697));
#5620=CARTESIAN_POINT('',(34.62906083296,38.65805416003,15.69002072697));
#5621=CARTESIAN_POINT('',(38.9279901158678,74.700000000296,12.6139441062136));
#5622=CARTESIAN_POINT('Origin',(37.87906083296,74.7,15.69002072697));
#5623=CARTESIAN_POINT('',(38.9279901107,70.,12.61394410726));
#5624=CARTESIAN_POINT('Origin',(37.87906083296,74.84999998164,15.69002072697));
#5625=CARTESIAN_POINT('',(38.9279901195,74.70000000946,12.61394410027));
#5626=CARTESIAN_POINT('Origin',(37.87906083296,69.5,15.69002072697));
#5627=CARTESIAN_POINT('',(34.87906083296,69.5,15.69002072697));
#5628=CARTESIAN_POINT('Origin',(37.87906083296,69.5,15.69002072697));
#5629=CARTESIAN_POINT('Origin',(37.87906083296,68.8,15.69002072697));
#5630=CARTESIAN_POINT('',(36.27906083296,68.1,15.69002072697));
#5631=CARTESIAN_POINT('Origin',(37.87906083296,68.1,15.69002072697));
#5632=CARTESIAN_POINT('',(35.57906083296,68.8,15.69002072697));
#5633=CARTESIAN_POINT('Origin',(37.87906083296,38.65805416003,15.69002072697));
#5634=CARTESIAN_POINT('',(36.27906083296,67.3,15.69002072697));
#5635=CARTESIAN_POINT('',(37.87906083296,67.2999999999975,17.2900207269675));
#5636=CARTESIAN_POINT('Origin',(37.87906083296,67.3,15.69002072697));
#5637=CARTESIAN_POINT('',(36.27906083296,38.65805416003,15.69002072697));
#5638=CARTESIAN_POINT('Origin',(37.87906083296,67.3,15.69002072697));
#5639=CARTESIAN_POINT('Origin',(37.87906083296,67.15000001027,15.69002072697));
#5640=CARTESIAN_POINT('',(37.87906083296,67.15000001027,17.440020716695));
#5641=CARTESIAN_POINT('Origin',(39.57348505085,56.57119998831,10.72097387975));
#5642=CARTESIAN_POINT('Origin',(39.57348505085,74.7,10.72097387975));
#5643=CARTESIAN_POINT('Origin',(39.57348505085,74.85000001427,10.72097387975));
#5644=CARTESIAN_POINT('',(37.64307115065,74.70000000942,10.19799956276));
#5645=CARTESIAN_POINT('Origin',(4.700240197053E-12,74.85,3.437250484239E-13));
#5646=CARTESIAN_POINT('',(37.64307115062,74.70000000942,-10.19799956284));
#5647=CARTESIAN_POINT('Origin',(39.57348505085,74.85000001427,-10.72097387975));
#5648=CARTESIAN_POINT('',(38.9279901158913,74.7000000002959,-12.6139441062221));
#5649=CARTESIAN_POINT('Origin',(39.57348505085,74.7,-10.72097387975));
#5650=CARTESIAN_POINT('',(38.92799011953,74.70000000946,-12.61394410028));
#5651=CARTESIAN_POINT('Origin',(39.57348505085,85.42880001331,-10.72097387975));
#5652=CARTESIAN_POINT('',(38.92799011953,74.70000000946,-12.61394410028));
#5653=CARTESIAN_POINT('Origin',(37.87906083296,38.65805416003,-15.69002072697));
#5654=CARTESIAN_POINT('',(34.62906083296,69.5,-15.69002072697));
#5655=CARTESIAN_POINT('Origin',(37.87906083296,69.5,-15.69002072697));
#5656=CARTESIAN_POINT('',(34.62906083296,38.65805416003,-15.69002072697));
#5657=CARTESIAN_POINT('',(36.4456512044141,74.700000000295,-18.6068403741247));
#5658=CARTESIAN_POINT('Origin',(37.87906083296,74.7,-15.69002072697));
#5659=CARTESIAN_POINT('',(36.44565120099,70.,-18.60684036949));
#5660=CARTESIAN_POINT('Origin',(37.87906083296,74.84999998164,-15.69002072697));
#5661=CARTESIAN_POINT('',(36.44565120296,74.70000000942,-18.60684038095));
#5662=CARTESIAN_POINT('Origin',(37.87906083296,69.5,-15.69002072697));
#5663=CARTESIAN_POINT('',(34.87906083296,69.5,-15.69002072697));
#5664=CARTESIAN_POINT('Origin',(37.87906083296,69.5,-15.69002072697));
#5665=CARTESIAN_POINT('Origin',(37.87906083296,68.8,-15.69002072697));
#5666=CARTESIAN_POINT('',(36.27906083296,68.1,-15.69002072697));
#5667=CARTESIAN_POINT('Origin',(37.87906083296,68.1,-15.69002072697));
#5668=CARTESIAN_POINT('',(35.57906083296,68.8,-15.69002072697));
#5669=CARTESIAN_POINT('Origin',(37.87906083296,38.65805416003,-15.69002072697));
#5670=CARTESIAN_POINT('',(36.27906083296,67.3,-15.69002072697));
#5671=CARTESIAN_POINT('',(37.87906083296,67.2999999999975,-14.0900207269725));
#5672=CARTESIAN_POINT('Origin',(37.87906083296,67.3,-15.69002072697));
#5673=CARTESIAN_POINT('',(36.27906083296,38.65805416003,-15.69002072697));
#5674=CARTESIAN_POINT('Origin',(37.87906083296,67.3,-15.69002072697));
#5675=CARTESIAN_POINT('Origin',(37.87906083296,67.15000001027,-15.69002072697));
#5676=CARTESIAN_POINT('',(37.87906083296,67.15000001027,-13.940020737245));
#5677=CARTESIAN_POINT('Origin',(35.56355296593,56.57119998831,-20.40180630335));
#5678=CARTESIAN_POINT('Origin',(35.56355296593,74.7,-20.40180630335));
#5679=CARTESIAN_POINT('Origin',(35.56355296593,74.85000001427,-20.40180630335));
#5680=CARTESIAN_POINT('',(33.82874552065,74.70000000942,-19.40659622998));
#5681=CARTESIAN_POINT('Origin',(-2.614797267597E-12,74.85,1.170619157165E-12));
#5682=CARTESIAN_POINT('',(19.40659622996,74.70000000942,-33.82874552067));
#5683=CARTESIAN_POINT('Origin',(20.40180630335,74.85000001427,-35.56355296593));
#5684=CARTESIAN_POINT('',(18.6068403738333,74.7000000002968,-36.4456512037942));
#5685=CARTESIAN_POINT('Origin',(20.40180630335,74.7,-35.56355296593));
#5686=CARTESIAN_POINT('',(18.60684038059,74.70000000947,-36.44565120212));
#5687=CARTESIAN_POINT('Origin',(20.40180630335,85.42880001331,-35.56355296593));
#5688=CARTESIAN_POINT('',(18.60684038059,74.70000000947,-36.44565120212));
#5689=CARTESIAN_POINT('Origin',(15.69002072697,38.65805416003,-37.87906083296));
#5690=CARTESIAN_POINT('',(12.44002072697,69.5,-37.87906083296));
#5691=CARTESIAN_POINT('Origin',(15.69002072697,69.5,-37.87906083296));
#5692=CARTESIAN_POINT('',(12.44002072697,38.65805416003,-37.87906083296));
#5693=CARTESIAN_POINT('',(12.6139441106759,74.7000000004698,-38.9279901286221));
#5694=CARTESIAN_POINT('Origin',(15.69002072697,74.7,-37.87906083296));
#5695=CARTESIAN_POINT('',(12.61394410726,70.,-38.9279901107));
#5696=CARTESIAN_POINT('Origin',(15.69002072697,74.84999998179,-37.87906083296));
#5697=CARTESIAN_POINT('',(12.61394410521,74.70000000874,-38.92799013176));
#5698=CARTESIAN_POINT('Origin',(15.69002072697,69.5,-37.87906083296));
#5699=CARTESIAN_POINT('',(12.69002072697,69.5,-37.87906083296));
#5700=CARTESIAN_POINT('Origin',(15.69002072697,69.5,-37.87906083296));
#5701=CARTESIAN_POINT('Origin',(15.69002072697,68.8,-37.87906083296));
#5702=CARTESIAN_POINT('',(14.09002072697,68.1,-37.87906083296));
#5703=CARTESIAN_POINT('Origin',(15.69002072697,68.1,-37.87906083296));
#5704=CARTESIAN_POINT('',(13.39002072697,68.8,-37.87906083296));
#5705=CARTESIAN_POINT('Origin',(15.69002072697,38.65805416003,-37.87906083296));
#5706=CARTESIAN_POINT('',(14.09002072697,67.3,-37.87906083296));
#5707=CARTESIAN_POINT('',(15.69002072697,67.2999999999975,-36.2790608329625));
#5708=CARTESIAN_POINT('Origin',(15.69002072697,67.3,-37.87906083296));
#5709=CARTESIAN_POINT('',(14.09002072697,38.65805416003,-37.87906083296));
#5710=CARTESIAN_POINT('Origin',(15.69002072697,67.3,-37.87906083296));
#5711=CARTESIAN_POINT('Origin',(15.69002072697,67.15000001027,-37.87906083296));
#5712=CARTESIAN_POINT('',(15.69002072697,67.15000001027,-36.129060843235));
#5713=CARTESIAN_POINT('Origin',(10.72097387975,56.57119998831,-39.57348505085));
#5714=CARTESIAN_POINT('Origin',(10.72097387975,74.7,-39.57348505085));
#5715=CARTESIAN_POINT('Origin',(10.72097387975,74.85000001427,-39.57348505085));
#5716=CARTESIAN_POINT('',(10.19799956347,74.70000000941,-37.64307115045));
#5717=CARTESIAN_POINT('Origin',(-5.062616992291E-13,74.84999999987,3.05178105009E-12));
#5718=CARTESIAN_POINT('',(-10.19799958493,74.70000000935,-37.64307114457));
#5719=CARTESIAN_POINT('Origin',(-10.72097387975,74.85000001427,-39.57348505085));
#5720=CARTESIAN_POINT('',(-12.6139441107255,74.7000000004741,-38.9279901288317));
#5721=CARTESIAN_POINT('Origin',(-10.72097387975,74.7,-39.57348505085));
#5722=CARTESIAN_POINT('',(-12.61394410521,74.70000000882,-38.927990132));
#5723=CARTESIAN_POINT('Origin',(-10.72097387975,85.42880001331,-39.57348505085));
#5724=CARTESIAN_POINT('',(-12.61394410521,74.70000000882,-38.927990132));
#5725=CARTESIAN_POINT('Origin',(-15.69002072697,38.65805416003,-37.87906083296));
#5726=CARTESIAN_POINT('',(-18.94002072697,69.5,-37.87906083296));
#5727=CARTESIAN_POINT('Origin',(-15.69002072697,69.5,-37.87906083296));
#5728=CARTESIAN_POINT('',(-18.94002072697,74.7000000004741,-37.87906083296));
#5729=CARTESIAN_POINT('',(-18.94002072697,38.65805416003,-37.87906083296));
#5730=CARTESIAN_POINT('',(-18.6068403738724,74.7000000002968,-36.4456512038708));
#5731=CARTESIAN_POINT('Origin',(-15.69002072697,74.7,-37.87906083296));
#5732=CARTESIAN_POINT('',(-18.60684036949,70.,-36.44565120099));
#5733=CARTESIAN_POINT('Origin',(-15.69002072697,74.7,-37.87906083296));
#5734=CARTESIAN_POINT('Origin',(-15.69002072697,74.84999998177,-37.87906083296));
#5735=CARTESIAN_POINT('',(-18.60684038064,74.70000000947,-36.44565120222));
#5736=CARTESIAN_POINT('Origin',(-15.69002072697,69.5,-37.87906083296));
#5737=CARTESIAN_POINT('',(-18.69002072697,69.5,-37.87906083296));
#5738=CARTESIAN_POINT('Origin',(-15.69002072697,69.5,-37.87906083296));
#5739=CARTESIAN_POINT('Origin',(-15.69002072697,68.8,-37.87906083296));
#5740=CARTESIAN_POINT('',(-17.29002072697,68.1,-37.87906083296));
#5741=CARTESIAN_POINT('Origin',(-15.69002072697,68.1,-37.87906083296));
#5742=CARTESIAN_POINT('',(-17.99002072697,68.8,-37.87906083296));
#5743=CARTESIAN_POINT('Origin',(-15.69002072697,38.65805416003,-37.87906083296));
#5744=CARTESIAN_POINT('',(-17.29002072697,67.3,-37.87906083296));
#5745=CARTESIAN_POINT('',(-15.69002072697,67.2999999999975,-36.2790608329625));
#5746=CARTESIAN_POINT('Origin',(-15.69002072697,67.3,-37.87906083296));
#5747=CARTESIAN_POINT('',(-17.29002072697,38.65805416003,-37.87906083296));
#5748=CARTESIAN_POINT('Origin',(-15.69002072697,67.3,-37.87906083296));
#5749=CARTESIAN_POINT('Origin',(-15.69002072697,67.15000001027,-37.87906083296));
#5750=CARTESIAN_POINT('',(-15.69002072697,67.15000001027,-36.129060843235));
#5751=CARTESIAN_POINT('Origin',(-20.40180630335,56.57119998831,-35.56355296593));
#5752=CARTESIAN_POINT('Origin',(-20.40180630335,74.7,-35.56355296593));
#5753=CARTESIAN_POINT('Origin',(-20.40180630335,74.85000001427,-35.56355296593));
#5754=CARTESIAN_POINT('',(-19.40659620864,74.70000000934,-33.82874553281));
#5755=CARTESIAN_POINT('Origin',(-6.199485369507E-13,74.84999999985,-1.794120407794E-13));
#5756=CARTESIAN_POINT('Origin',(-35.56355296593,56.57119998831,20.40180630335));
#5757=CARTESIAN_POINT('',(-36.4456512044141,74.700000000295,18.6068403741247));
#5758=CARTESIAN_POINT('Origin',(-35.56355296593,74.7,20.40180630335));
#5759=CARTESIAN_POINT('',(-36.44565120099,70.,18.60684036949));
#5760=CARTESIAN_POINT('Origin',(-35.56355296593,74.85000001427,20.40180630335));
#5761=CARTESIAN_POINT('',(-36.44565120296,74.70000000942,18.60684038095));
#5762=CARTESIAN_POINT('Origin',(-37.87906083296,74.84999998164,15.69002072697));
#5763=CARTESIAN_POINT('',(-41.12906083296,74.7000000002959,15.69002072697));
#5764=CARTESIAN_POINT('Origin',(-37.87906083296,74.7,15.69002072697));
#5765=CARTESIAN_POINT('',(-38.9279901158913,74.7000000002959,12.6139441062221));
#5766=CARTESIAN_POINT('Origin',(-37.87906083296,74.7,15.69002072697));
#5767=CARTESIAN_POINT('',(-38.92799011953,74.70000000946,12.61394410028));
#5768=CARTESIAN_POINT('Origin',(-39.57348505085,74.85000001427,10.72097387975));
#5769=CARTESIAN_POINT('Origin',(-39.57348505085,74.7,10.72097387975));
#5770=CARTESIAN_POINT('',(-37.64307115065,74.70000000942,10.19799956273));
#5771=CARTESIAN_POINT('Origin',(-39.57348505085,85.42880001331,10.72097387975));
#5772=CARTESIAN_POINT('',(-38.92799011953,74.70000000946,12.61394410028));
#5773=CARTESIAN_POINT('Origin',(-37.87906083296,38.65805416003,15.69002072697));
#5774=CARTESIAN_POINT('',(-41.12906083296,69.5,15.69002072697));
#5775=CARTESIAN_POINT('Origin',(-37.87906083296,69.5,15.69002072697));
#5776=CARTESIAN_POINT('',(-41.12906083296,38.65805416003,15.69002072697));
#5777=CARTESIAN_POINT('Origin',(-37.87906083296,69.5,15.69002072697));
#5778=CARTESIAN_POINT('',(-40.87906083296,69.5,15.69002072697));
#5779=CARTESIAN_POINT('Origin',(-37.87906083296,69.5,15.69002072697));
#5780=CARTESIAN_POINT('Origin',(-37.87906083296,68.8,15.69002072697));
#5781=CARTESIAN_POINT('',(-39.47906083296,68.1,15.69002072697));
#5782=CARTESIAN_POINT('Origin',(-37.87906083296,68.1,15.69002072697));
#5783=CARTESIAN_POINT('',(-40.17906083296,68.8,15.69002072697));
#5784=CARTESIAN_POINT('Origin',(-37.87906083296,38.65805416003,15.69002072697));
#5785=CARTESIAN_POINT('',(-39.47906083296,67.3,15.69002072697));
#5786=CARTESIAN_POINT('',(-37.87906083296,67.2999999999975,17.2900207269675));
#5787=CARTESIAN_POINT('Origin',(-37.87906083296,67.3,15.69002072697));
#5788=CARTESIAN_POINT('',(-39.47906083296,38.65805416003,15.69002072697));
#5789=CARTESIAN_POINT('Origin',(-37.87906083296,67.3,15.69002072697));
#5790=CARTESIAN_POINT('Origin',(-37.87906083296,67.15000001027,15.69002072697));
#5791=CARTESIAN_POINT('',(-37.87906083296,67.15000001027,17.440020716695));
#5792=CARTESIAN_POINT('Origin',(3.19744231092E-14,74.85,-1.110223024625E-13));
#5793=CARTESIAN_POINT('',(-37.64307115065,74.70000000942,-10.19799956275));
#5794=CARTESIAN_POINT('Origin',(-39.57348505085,74.85000001427,-10.72097387975));
#5795=CARTESIAN_POINT('',(-38.9279901158678,74.700000000296,-12.6139441062136));
#5796=CARTESIAN_POINT('Origin',(-39.57348505085,74.7,-10.72097387975));
#5797=CARTESIAN_POINT('',(-38.9279901195,74.70000000946,-12.61394410027));
#5798=CARTESIAN_POINT('Origin',(-39.57348505085,56.57119998831,-10.72097387975));
#5799=CARTESIAN_POINT('',(-38.9279901107,70.,-12.61394410726));
#5800=CARTESIAN_POINT('Origin',(-37.87906083296,38.65805416003,-15.69002072697));
#5801=CARTESIAN_POINT('',(-41.12906083296,69.5,-15.69002072697));
#5802=CARTESIAN_POINT('Origin',(-37.87906083296,69.5,-15.69002072697));
#5803=CARTESIAN_POINT('',(-41.12906083296,74.700000000296,-15.69002072697));
#5804=CARTESIAN_POINT('',(-41.12906083296,38.65805416003,-15.69002072697));
#5805=CARTESIAN_POINT('Origin',(-37.87906083296,74.7,-15.69002072697));
#5806=CARTESIAN_POINT('Origin',(-37.87906083296,74.7,-15.69002072697));
#5807=CARTESIAN_POINT('Origin',(-37.87906083296,74.84999998164,-15.69002072697));
#5808=CARTESIAN_POINT('Origin',(-37.87906083296,69.5,-15.69002072697));
#5809=CARTESIAN_POINT('',(-40.87906083296,69.5,-15.69002072697));
#5810=CARTESIAN_POINT('Origin',(-37.87906083296,69.5,-15.69002072697));
#5811=CARTESIAN_POINT('Origin',(-37.87906083296,68.8,-15.69002072697));
#5812=CARTESIAN_POINT('',(-39.47906083296,68.1,-15.69002072697));
#5813=CARTESIAN_POINT('Origin',(-37.87906083296,68.1,-15.69002072697));
#5814=CARTESIAN_POINT('',(-40.17906083296,68.8,-15.69002072697));
#5815=CARTESIAN_POINT('Origin',(-37.87906083296,38.65805416003,-15.69002072697));
#5816=CARTESIAN_POINT('',(-39.47906083296,67.3,-15.69002072697));
#5817=CARTESIAN_POINT('',(-37.87906083296,67.2999999999975,-14.0900207269725));
#5818=CARTESIAN_POINT('Origin',(-37.87906083296,67.3,-15.69002072697));
#5819=CARTESIAN_POINT('',(-39.47906083296,38.65805416003,-15.69002072697));
#5820=CARTESIAN_POINT('Origin',(-37.87906083296,67.3,-15.69002072697));
#5821=CARTESIAN_POINT('Origin',(-37.87906083296,67.15000001027,-15.69002072697));
#5822=CARTESIAN_POINT('',(-37.87906083296,67.15000001027,-13.940020737245));
#5823=CARTESIAN_POINT('Origin',(1.06581410364E-14,67.15000000067,0.));
#5824=CARTESIAN_POINT('',(7.44956642263394E-15,67.3,26.2));
#5825=CARTESIAN_POINT('',(-26.2,67.3,3.20857461376607E-15));
#5826=CARTESIAN_POINT('Origin',(0.,67.3,0.));
#5827=CARTESIAN_POINT('Origin',(0.,67.3,0.));
#5828=CARTESIAN_POINT('',(7.43119672072878E-15,67.15000000067,26.34999999933));
#5829=CARTESIAN_POINT('Origin',(0.,67.,0.));
#5830=CARTESIAN_POINT('',(-26.2,68.6,0.));
#5831=CARTESIAN_POINT('',(-26.2,67.,3.20857461376607E-15));
#5832=CARTESIAN_POINT('Origin',(0.,68.6,0.));
#5833=CARTESIAN_POINT('Origin',(0.,68.6,0.));
#5834=CARTESIAN_POINT('',(-23.45,68.6,0.));
#5835=CARTESIAN_POINT('Origin',(0.,68.6,0.));
#5836=CARTESIAN_POINT('Origin',(0.,67.,0.));
#5837=CARTESIAN_POINT('',(-23.45,67.3,0.));
#5838=CARTESIAN_POINT('',(-23.45,67.,2.87179674400054E-15));
#5839=CARTESIAN_POINT('',(1.35299377804005E-14,67.3,23.45));
#5840=CARTESIAN_POINT('Origin',(0.,67.3,0.));
#5841=CARTESIAN_POINT('Origin',(0.,67.3,0.));
#5842=CARTESIAN_POINT('Origin',(1.06581410364E-14,67.14999999942,0.));
#5843=CARTESIAN_POINT('',(1.35115680783423E-14,67.14999999942,23.29999999942));
#5844=UNCERTAINTY_MEASURE_WITH_UNIT(LENGTH_MEASURE(0.01),#5848,
'DISTANCE_ACCURACY_VALUE',
'Maximum model space distance between geometric entities at asserted c
onnectivities');
#5845=UNCERTAINTY_MEASURE_WITH_UNIT(LENGTH_MEASURE(0.01),#5848,
'DISTANCE_ACCURACY_VALUE',
'Maximum model space distance between geometric entities at asserted c
onnectivities');
#5846=(
GEOMETRIC_REPRESENTATION_CONTEXT(3)
GLOBAL_UNCERTAINTY_ASSIGNED_CONTEXT((#5844))
GLOBAL_UNIT_ASSIGNED_CONTEXT((#5848,#5850,#5851))
REPRESENTATION_CONTEXT('','3D')
);
#5847=(
GEOMETRIC_REPRESENTATION_CONTEXT(3)
GLOBAL_UNCERTAINTY_ASSIGNED_CONTEXT((#5845))
GLOBAL_UNIT_ASSIGNED_CONTEXT((#5848,#5850,#5851))
REPRESENTATION_CONTEXT('','3D')
);
#5848=(
LENGTH_UNIT()
NAMED_UNIT(*)
SI_UNIT(.MILLI.,.METRE.)
);
#5849=(
LENGTH_UNIT()
NAMED_UNIT(*)
SI_UNIT($,.METRE.)
);
#5850=(
NAMED_UNIT(*)
PLANE_ANGLE_UNIT()
SI_UNIT($,.RADIAN.)
);
#5851=(
NAMED_UNIT(*)
SI_UNIT($,.STERADIAN.)
SOLID_ANGLE_UNIT()
);
#5852=SHAPE_DEFINITION_REPRESENTATION(#5853,#5854);
#5853=PRODUCT_DEFINITION_SHAPE('',$,#5856);
#5854=SHAPE_REPRESENTATION('',(#3254),#5846);
#5855=PRODUCT_DEFINITION_CONTEXT('part definition',#5860,'design');
#5856=PRODUCT_DEFINITION('2026-07-07-17-41-35-662','2-RSM1-STATOR-2',#5857,
#5855);
#5857=PRODUCT_DEFINITION_FORMATION('',$,#5862);
#5858=PRODUCT_RELATED_PRODUCT_CATEGORY('2-RSM1-STATOR-2',
'2-RSM1-STATOR-2',(#5862));
#5859=APPLICATION_PROTOCOL_DEFINITION('international standard',
'automotive_design',2009,#5860);
#5860=APPLICATION_CONTEXT(
'Core Data for Automotive Mechanical Design Process');
#5861=PRODUCT_CONTEXT('part definition',#5860,'mechanical');
#5862=PRODUCT('2026-07-07-17-41-35-662','2-RSM1-STATOR-2',
'NOT SPECIFIED',(#5861));
#5863=PRESENTATION_STYLE_ASSIGNMENT((#5864));
#5864=SURFACE_STYLE_USAGE(.BOTH.,#5865);
#5865=SURFACE_SIDE_STYLE('',(#5866));
#5866=SURFACE_STYLE_FILL_AREA(#5867);
#5867=FILL_AREA_STYLE('\X2\94A2\X0\ - \X2\7F0E5149\X0\',(#5868));
#5868=FILL_AREA_STYLE_COLOUR('\X2\94A2\X0\ - \X2\7F0E5149\X0\',#5869);
#5869=COLOUR_RGB('\X2\94A2\X0\ - \X2\7F0E5149\X0\',0.627450980392157,0.627450980392157,
0.627450980392157);
ENDSEC;
END-ISO-10303-21;
