ISO-10303-21;
HEADER;
/* Generated by software containing ST-Developer
 * from STEP Tools, Inc. (www.steptools.com) 
 */

FILE_DESCRIPTION(
/* description */ ('NOT SPECIFIED'),
/* implementation_level */ '2;1');

FILE_NAME(
/* name */ '2-RSM3-ROTATOR-L.step',
/* time_stamp */ '2026-07-09T11:08:59+08:00',
/* author */ (''),
/* organization */ (''),
/* preprocessor_version */ 'ST-DEVELOPER v20.1',
/* originating_system */ 'Autodesk Translation Framework v15.8.0.0',
/* authorisation */ '');

FILE_SCHEMA (('AUTOMOTIVE_DESIGN { 1 0 10303 214 3 1 1 }'));
ENDSEC;

DATA;
#10=MECHANICAL_DESIGN_GEOMETRIC_PRESENTATION_REPRESENTATION('',(#17,#18,
#19,#20,#21,#22),#3170);
#11=SHAPE_REPRESENTATION_RELATIONSHIP('SRR','None',#3177,#12);
#12=ADVANCED_BREP_SHAPE_REPRESENTATION('',(#23,#24,#25,#26,#27,#28),#3169);
#13=TOROIDAL_SURFACE('',#2039,5.7,0.3);
#14=TOROIDAL_SURFACE('',#2046,5.7,0.3);
#15=TOROIDAL_SURFACE('',#2052,5.7,0.3);
#16=TOROIDAL_SURFACE('',#2059,5.7,0.3);
#17=STYLED_ITEM('',(#3186),#23);
#18=STYLED_ITEM('',(#3186),#24);
#19=STYLED_ITEM('',(#3186),#25);
#20=STYLED_ITEM('',(#3186),#26);
#21=STYLED_ITEM('',(#3186),#27);
#22=STYLED_ITEM('',(#3186),#28);
#23=MANIFOLD_SOLID_BREP('\X2\5B9E4F53\X0\1',#1808);
#24=MANIFOLD_SOLID_BREP('\X2\5B9E4F53\X0\2',#1809);
#25=MANIFOLD_SOLID_BREP('\X2\5B9E4F53\X0\3',#1810);
#26=MANIFOLD_SOLID_BREP('\X2\5B9E4F53\X0\4',#1811);
#27=MANIFOLD_SOLID_BREP('\X2\5B9E4F53\X0\5',#1812);
#28=MANIFOLD_SOLID_BREP('\X2\5B9E4F53\X0\6',#1813);
#29=CYLINDRICAL_SURFACE('',#1860,19.);
#30=CYLINDRICAL_SURFACE('',#1876,6.95);
#31=CYLINDRICAL_SURFACE('',#1881,2.1);
#32=CYLINDRICAL_SURFACE('',#1885,4.25);
#33=CYLINDRICAL_SURFACE('',#1902,20.05);
#34=CYLINDRICAL_SURFACE('',#1903,20.05);
#35=CYLINDRICAL_SURFACE('',#1904,4.25);
#36=CYLINDRICAL_SURFACE('',#1908,2.1);
#37=CYLINDRICAL_SURFACE('',#1909,4.25);
#38=CYLINDRICAL_SURFACE('',#1913,2.1);
#39=CYLINDRICAL_SURFACE('',#1914,4.25);
#40=CYLINDRICAL_SURFACE('',#1918,2.1);
#41=CYLINDRICAL_SURFACE('',#1919,4.25);
#42=CYLINDRICAL_SURFACE('',#1923,2.1);
#43=CYLINDRICAL_SURFACE('',#1924,4.25);
#44=CYLINDRICAL_SURFACE('',#1928,2.1);
#45=CYLINDRICAL_SURFACE('',#1929,3.25);
#46=CYLINDRICAL_SURFACE('',#1933,1.6);
#47=CYLINDRICAL_SURFACE('',#1941,1.6);
#48=CYLINDRICAL_SURFACE('',#1945,3.25);
#49=CYLINDRICAL_SURFACE('',#1946,1.6);
#50=CYLINDRICAL_SURFACE('',#1950,3.25);
#51=CYLINDRICAL_SURFACE('',#1951,1.6);
#52=CYLINDRICAL_SURFACE('',#1955,3.25);
#53=CYLINDRICAL_SURFACE('',#1956,25.);
#54=CYLINDRICAL_SURFACE('',#1962,25.);
#55=CYLINDRICAL_SURFACE('',#1963,3.);
#56=CYLINDRICAL_SURFACE('',#1972,3.);
#57=CYLINDRICAL_SURFACE('',#1974,3.);
#58=CYLINDRICAL_SURFACE('',#1983,6.);
#59=CYLINDRICAL_SURFACE('',#1988,6.);
#60=CYLINDRICAL_SURFACE('',#1989,2.);
#61=CYLINDRICAL_SURFACE('',#1992,2.);
#62=CYLINDRICAL_SURFACE('',#1995,2.);
#63=CYLINDRICAL_SURFACE('',#2008,3.);
#64=CYLINDRICAL_SURFACE('',#2010,3.);
#65=CYLINDRICAL_SURFACE('',#2012,3.);
#66=CYLINDRICAL_SURFACE('',#2015,2.);
#67=CYLINDRICAL_SURFACE('',#2023,2.);
#68=CYLINDRICAL_SURFACE('',#2031,2.);
#69=CYLINDRICAL_SURFACE('',#2043,6.);
#70=CYLINDRICAL_SURFACE('',#2056,6.);
#71=ELLIPSE('',#1848,35.355339059329,25.);
#72=ELLIPSE('',#1957,35.355339059329,25.);
#73=CONICAL_SURFACE('',#1840,23.99999999969,0.785398163397448);
#74=CONICAL_SURFACE('',#1843,23.99999999941,0.785398163397448);
#75=CONICAL_SURFACE('',#1863,18.84999999844,0.785398163397448);
#76=CONICAL_SURFACE('',#1878,6.799999994603,0.785398163397448);
#77=CONICAL_SURFACE('',#1960,24.49999999917,0.785398163397448);
#78=CONICAL_SURFACE('',#1965,3.499999978679,0.785398163397448);
#79=CONICAL_SURFACE('',#1967,3.499999978679,0.785398163397448);
#80=CONICAL_SURFACE('',#1970,3.499999978679,0.785398163397448);
#81=CONICAL_SURFACE('',#2000,3.499999978679,0.785398163397448);
#82=CONICAL_SURFACE('',#2003,3.499999978679,0.785398163397448);
#83=CONICAL_SURFACE('',#2006,3.499999978679,0.785398163397448);
#84=CONICAL_SURFACE('',#2018,1.749999984836,0.785398163397448);
#85=CONICAL_SURFACE('',#2026,1.749999984836,0.785398163397448);
#86=CONICAL_SURFACE('',#2034,1.749999984836,0.785398163397448);
#87=FACE_BOUND('',#367,.T.);
#88=FACE_BOUND('',#368,.T.);
#89=FACE_BOUND('',#369,.T.);
#90=FACE_BOUND('',#370,.T.);
#91=FACE_BOUND('',#378,.T.);
#92=FACE_BOUND('',#379,.T.);
#93=FACE_BOUND('',#383,.T.);
#94=FACE_BOUND('',#384,.T.);
#95=FACE_BOUND('',#385,.T.);
#96=FACE_BOUND('',#386,.T.);
#97=FACE_BOUND('',#387,.T.);
#98=FACE_BOUND('',#388,.T.);
#99=FACE_BOUND('',#389,.T.);
#100=FACE_BOUND('',#390,.T.);
#101=FACE_BOUND('',#391,.T.);
#102=FACE_BOUND('',#392,.T.);
#103=FACE_BOUND('',#398,.T.);
#104=FACE_BOUND('',#401,.T.);
#105=FACE_BOUND('',#402,.T.);
#106=FACE_BOUND('',#403,.T.);
#107=FACE_BOUND('',#404,.T.);
#108=FACE_BOUND('',#405,.T.);
#109=FACE_BOUND('',#407,.T.);
#110=FACE_BOUND('',#408,.T.);
#111=FACE_BOUND('',#409,.T.);
#112=FACE_BOUND('',#410,.T.);
#113=FACE_BOUND('',#411,.T.);
#114=FACE_BOUND('',#412,.T.);
#115=FACE_BOUND('',#413,.T.);
#116=FACE_BOUND('',#418,.T.);
#117=FACE_BOUND('',#422,.T.);
#118=FACE_BOUND('',#426,.T.);
#119=FACE_BOUND('',#430,.T.);
#120=FACE_BOUND('',#434,.T.);
#121=FACE_BOUND('',#438,.T.);
#122=FACE_BOUND('',#441,.T.);
#123=FACE_BOUND('',#442,.T.);
#124=FACE_BOUND('',#443,.T.);
#125=FACE_BOUND('',#444,.T.);
#126=FACE_BOUND('',#445,.T.);
#127=FACE_BOUND('',#448,.T.);
#128=FACE_BOUND('',#452,.T.);
#129=FACE_BOUND('',#456,.T.);
#130=CIRCLE('',#1830,23.);
#131=CIRCLE('',#1831,23.);
#132=CIRCLE('',#1832,4.);
#133=CIRCLE('',#1833,4.);
#134=CIRCLE('',#1834,4.);
#135=CIRCLE('',#1835,4.);
#136=CIRCLE('',#1836,4.);
#137=CIRCLE('',#1837,4.);
#138=CIRCLE('',#1838,20.05);
#139=CIRCLE('',#1839,20.05);
#140=CIRCLE('',#1841,25.);
#141=CIRCLE('',#1844,25.);
#142=CIRCLE('',#1850,25.);
#143=CIRCLE('',#1851,3.);
#144=CIRCLE('',#1852,3.);
#145=CIRCLE('',#1853,3.);
#146=CIRCLE('',#1854,25.);
#147=CIRCLE('',#1855,24.);
#148=CIRCLE('',#1856,3.);
#149=CIRCLE('',#1857,3.);
#150=CIRCLE('',#1858,3.);
#151=CIRCLE('',#1859,19.);
#152=CIRCLE('',#1861,19.);
#153=CIRCLE('',#1862,19.);
#154=CIRCLE('',#1864,18.7);
#155=CIRCLE('',#1866,2.1);
#156=CIRCLE('',#1867,2.1);
#157=CIRCLE('',#1868,2.1);
#158=CIRCLE('',#1869,2.1);
#159=CIRCLE('',#1870,2.1);
#160=CIRCLE('',#1871,2.1);
#161=CIRCLE('',#1872,2.);
#162=CIRCLE('',#1873,2.);
#163=CIRCLE('',#1874,2.);
#164=CIRCLE('',#1875,6.95);
#165=CIRCLE('',#1877,6.95);
#166=CIRCLE('',#1879,6.65);
#167=CIRCLE('',#1882,2.1);
#168=CIRCLE('',#1884,4.25);
#169=CIRCLE('',#1886,4.25);
#170=CIRCLE('',#1888,20.05);
#171=CIRCLE('',#1889,3.25);
#172=CIRCLE('',#1890,3.25);
#173=CIRCLE('',#1891,3.25);
#174=CIRCLE('',#1892,3.25);
#175=CIRCLE('',#1893,6.);
#176=CIRCLE('',#1895,20.05);
#177=CIRCLE('',#1896,4.25);
#178=CIRCLE('',#1897,4.25);
#179=CIRCLE('',#1898,4.25);
#180=CIRCLE('',#1899,4.25);
#181=CIRCLE('',#1900,4.25);
#182=CIRCLE('',#1901,6.);
#183=CIRCLE('',#1905,4.25);
#184=CIRCLE('',#1907,2.1);
#185=CIRCLE('',#1910,4.25);
#186=CIRCLE('',#1912,2.1);
#187=CIRCLE('',#1915,4.25);
#188=CIRCLE('',#1917,2.1);
#189=CIRCLE('',#1920,4.25);
#190=CIRCLE('',#1922,2.1);
#191=CIRCLE('',#1925,4.25);
#192=CIRCLE('',#1927,2.1);
#193=CIRCLE('',#1930,3.25);
#194=CIRCLE('',#1932,1.6);
#195=CIRCLE('',#1934,1.6);
#196=CIRCLE('',#1936,25.);
#197=CIRCLE('',#1937,3.);
#198=CIRCLE('',#1938,1.6);
#199=CIRCLE('',#1939,1.6);
#200=CIRCLE('',#1940,1.6);
#201=CIRCLE('',#1942,1.6);
#202=CIRCLE('',#1944,3.25);
#203=CIRCLE('',#1947,1.6);
#204=CIRCLE('',#1949,3.25);
#205=CIRCLE('',#1952,1.6);
#206=CIRCLE('',#1954,3.25);
#207=CIRCLE('',#1961,25.);
#208=CIRCLE('',#1964,3.);
#209=CIRCLE('',#1968,3.);
#210=CIRCLE('',#1971,3.);
#211=CIRCLE('',#1984,6.);
#212=CIRCLE('',#1987,6.);
#213=CIRCLE('',#1990,2.);
#214=CIRCLE('',#1993,2.);
#215=CIRCLE('',#1996,2.);
#216=CIRCLE('',#2001,3.);
#217=CIRCLE('',#2004,3.);
#218=CIRCLE('',#2007,3.);
#219=CIRCLE('',#2014,2.);
#220=CIRCLE('',#2016,2.);
#221=CIRCLE('',#2017,2.);
#222=CIRCLE('',#2019,1.5);
#223=CIRCLE('',#2022,2.);
#224=CIRCLE('',#2024,2.);
#225=CIRCLE('',#2025,2.);
#226=CIRCLE('',#2027,1.5);
#227=CIRCLE('',#2030,2.);
#228=CIRCLE('',#2032,2.);
#229=CIRCLE('',#2033,2.);
#230=CIRCLE('',#2035,1.5);
#231=CIRCLE('',#2038,5.7);
#232=CIRCLE('',#2040,0.3);
#233=CIRCLE('',#2041,6.);
#234=CIRCLE('',#2042,6.);
#235=CIRCLE('',#2044,6.);
#236=CIRCLE('',#2045,6.);
#237=CIRCLE('',#2047,0.3);
#238=CIRCLE('',#2048,5.7);
#239=CIRCLE('',#2051,5.7);
#240=CIRCLE('',#2053,0.3);
#241=CIRCLE('',#2054,6.);
#242=CIRCLE('',#2055,6.);
#243=CIRCLE('',#2057,6.);
#244=CIRCLE('',#2058,6.);
#245=CIRCLE('',#2060,0.3);
#246=CIRCLE('',#2061,5.7);
#247=FACE_OUTER_BOUND('',#364,.T.);
#248=FACE_OUTER_BOUND('',#365,.T.);
#249=FACE_OUTER_BOUND('',#366,.T.);
#250=FACE_OUTER_BOUND('',#371,.T.);
#251=FACE_OUTER_BOUND('',#372,.T.);
#252=FACE_OUTER_BOUND('',#373,.T.);
#253=FACE_OUTER_BOUND('',#374,.T.);
#254=FACE_OUTER_BOUND('',#375,.T.);
#255=FACE_OUTER_BOUND('',#376,.T.);
#256=FACE_OUTER_BOUND('',#377,.T.);
#257=FACE_OUTER_BOUND('',#380,.T.);
#258=FACE_OUTER_BOUND('',#381,.T.);
#259=FACE_OUTER_BOUND('',#382,.T.);
#260=FACE_OUTER_BOUND('',#393,.T.);
#261=FACE_OUTER_BOUND('',#394,.T.);
#262=FACE_OUTER_BOUND('',#395,.T.);
#263=FACE_OUTER_BOUND('',#396,.T.);
#264=FACE_OUTER_BOUND('',#397,.T.);
#265=FACE_OUTER_BOUND('',#399,.T.);
#266=FACE_OUTER_BOUND('',#400,.T.);
#267=FACE_OUTER_BOUND('',#406,.T.);
#268=FACE_OUTER_BOUND('',#414,.T.);
#269=FACE_OUTER_BOUND('',#415,.T.);
#270=FACE_OUTER_BOUND('',#416,.T.);
#271=FACE_OUTER_BOUND('',#417,.T.);
#272=FACE_OUTER_BOUND('',#419,.T.);
#273=FACE_OUTER_BOUND('',#420,.T.);
#274=FACE_OUTER_BOUND('',#421,.T.);
#275=FACE_OUTER_BOUND('',#423,.T.);
#276=FACE_OUTER_BOUND('',#424,.T.);
#277=FACE_OUTER_BOUND('',#425,.T.);
#278=FACE_OUTER_BOUND('',#427,.T.);
#279=FACE_OUTER_BOUND('',#428,.T.);
#280=FACE_OUTER_BOUND('',#429,.T.);
#281=FACE_OUTER_BOUND('',#431,.T.);
#282=FACE_OUTER_BOUND('',#432,.T.);
#283=FACE_OUTER_BOUND('',#433,.T.);
#284=FACE_OUTER_BOUND('',#435,.T.);
#285=FACE_OUTER_BOUND('',#436,.T.);
#286=FACE_OUTER_BOUND('',#437,.T.);
#287=FACE_OUTER_BOUND('',#439,.T.);
#288=FACE_OUTER_BOUND('',#440,.T.);
#289=FACE_OUTER_BOUND('',#446,.T.);
#290=FACE_OUTER_BOUND('',#447,.T.);
#291=FACE_OUTER_BOUND('',#449,.T.);
#292=FACE_OUTER_BOUND('',#450,.T.);
#293=FACE_OUTER_BOUND('',#451,.T.);
#294=FACE_OUTER_BOUND('',#453,.T.);
#295=FACE_OUTER_BOUND('',#454,.T.);
#296=FACE_OUTER_BOUND('',#455,.T.);
#297=FACE_OUTER_BOUND('',#457,.T.);
#298=FACE_OUTER_BOUND('',#458,.T.);
#299=FACE_OUTER_BOUND('',#459,.T.);
#300=FACE_OUTER_BOUND('',#460,.T.);
#301=FACE_OUTER_BOUND('',#461,.T.);
#302=FACE_OUTER_BOUND('',#462,.T.);
#303=FACE_OUTER_BOUND('',#463,.T.);
#304=FACE_OUTER_BOUND('',#464,.T.);
#305=FACE_OUTER_BOUND('',#465,.T.);
#306=FACE_OUTER_BOUND('',#466,.T.);
#307=FACE_OUTER_BOUND('',#467,.T.);
#308=FACE_OUTER_BOUND('',#468,.T.);
#309=FACE_OUTER_BOUND('',#469,.T.);
#310=FACE_OUTER_BOUND('',#470,.T.);
#311=FACE_OUTER_BOUND('',#471,.T.);
#312=FACE_OUTER_BOUND('',#472,.T.);
#313=FACE_OUTER_BOUND('',#473,.T.);
#314=FACE_OUTER_BOUND('',#474,.T.);
#315=FACE_OUTER_BOUND('',#475,.T.);
#316=FACE_OUTER_BOUND('',#476,.T.);
#317=FACE_OUTER_BOUND('',#477,.T.);
#318=FACE_OUTER_BOUND('',#478,.T.);
#319=FACE_OUTER_BOUND('',#479,.T.);
#320=FACE_OUTER_BOUND('',#480,.T.);
#321=FACE_OUTER_BOUND('',#481,.T.);
#322=FACE_OUTER_BOUND('',#482,.T.);
#323=FACE_OUTER_BOUND('',#483,.T.);
#324=FACE_OUTER_BOUND('',#484,.T.);
#325=FACE_OUTER_BOUND('',#485,.T.);
#326=FACE_OUTER_BOUND('',#486,.T.);
#327=FACE_OUTER_BOUND('',#487,.T.);
#328=FACE_OUTER_BOUND('',#488,.T.);
#329=FACE_OUTER_BOUND('',#489,.T.);
#330=FACE_OUTER_BOUND('',#490,.T.);
#331=FACE_OUTER_BOUND('',#491,.T.);
#332=FACE_OUTER_BOUND('',#492,.T.);
#333=FACE_OUTER_BOUND('',#493,.T.);
#334=FACE_OUTER_BOUND('',#494,.T.);
#335=FACE_OUTER_BOUND('',#495,.T.);
#336=FACE_OUTER_BOUND('',#496,.T.);
#337=FACE_OUTER_BOUND('',#497,.T.);
#338=FACE_OUTER_BOUND('',#498,.T.);
#339=FACE_OUTER_BOUND('',#499,.T.);
#340=FACE_OUTER_BOUND('',#500,.T.);
#341=FACE_OUTER_BOUND('',#501,.T.);
#342=FACE_OUTER_BOUND('',#502,.T.);
#343=FACE_OUTER_BOUND('',#503,.T.);
#344=FACE_OUTER_BOUND('',#504,.T.);
#345=FACE_OUTER_BOUND('',#505,.T.);
#346=FACE_OUTER_BOUND('',#506,.T.);
#347=FACE_OUTER_BOUND('',#507,.T.);
#348=FACE_OUTER_BOUND('',#508,.T.);
#349=FACE_OUTER_BOUND('',#509,.T.);
#350=FACE_OUTER_BOUND('',#510,.T.);
#351=FACE_OUTER_BOUND('',#511,.T.);
#352=FACE_OUTER_BOUND('',#512,.T.);
#353=FACE_OUTER_BOUND('',#513,.T.);
#354=FACE_OUTER_BOUND('',#514,.T.);
#355=FACE_OUTER_BOUND('',#515,.T.);
#356=FACE_OUTER_BOUND('',#516,.T.);
#357=FACE_OUTER_BOUND('',#517,.T.);
#358=FACE_OUTER_BOUND('',#518,.T.);
#359=FACE_OUTER_BOUND('',#519,.T.);
#360=FACE_OUTER_BOUND('',#520,.T.);
#361=FACE_OUTER_BOUND('',#521,.T.);
#362=FACE_OUTER_BOUND('',#522,.T.);
#363=FACE_OUTER_BOUND('',#523,.T.);
#364=EDGE_LOOP('',(#1156,#1157,#1158,#1159));
#365=EDGE_LOOP('',(#1160,#1161,#1162,#1163));
#366=EDGE_LOOP('',(#1164,#1165,#1166,#1167));
#367=EDGE_LOOP('',(#1168,#1169,#1170,#1171,#1172,#1173));
#368=EDGE_LOOP('',(#1174,#1175,#1176,#1177,#1178,#1179));
#369=EDGE_LOOP('',(#1180));
#370=EDGE_LOOP('',(#1181));
#371=EDGE_LOOP('',(#1182,#1183,#1184,#1185));
#372=EDGE_LOOP('',(#1186,#1187,#1188,#1189));
#373=EDGE_LOOP('',(#1190,#1191,#1192,#1193));
#374=EDGE_LOOP('',(#1194,#1195,#1196,#1197));
#375=EDGE_LOOP('',(#1198,#1199,#1200,#1201));
#376=EDGE_LOOP('',(#1202,#1203,#1204,#1205));
#377=EDGE_LOOP('',(#1206,#1207,#1208,#1209,#1210,#1211,#1212,#1213,#1214,
#1215,#1216));
#378=EDGE_LOOP('',(#1217,#1218,#1219,#1220,#1221,#1222));
#379=EDGE_LOOP('',(#1223));
#380=EDGE_LOOP('',(#1224,#1225,#1226,#1227,#1228));
#381=EDGE_LOOP('',(#1229,#1230,#1231,#1232,#1233));
#382=EDGE_LOOP('',(#1234));
#383=EDGE_LOOP('',(#1235));
#384=EDGE_LOOP('',(#1236));
#385=EDGE_LOOP('',(#1237));
#386=EDGE_LOOP('',(#1238));
#387=EDGE_LOOP('',(#1239));
#388=EDGE_LOOP('',(#1240));
#389=EDGE_LOOP('',(#1241));
#390=EDGE_LOOP('',(#1242));
#391=EDGE_LOOP('',(#1243));
#392=EDGE_LOOP('',(#1244));
#393=EDGE_LOOP('',(#1245,#1246,#1247,#1248));
#394=EDGE_LOOP('',(#1249,#1250,#1251,#1252));
#395=EDGE_LOOP('',(#1253));
#396=EDGE_LOOP('',(#1254,#1255,#1256,#1257));
#397=EDGE_LOOP('',(#1258));
#398=EDGE_LOOP('',(#1259));
#399=EDGE_LOOP('',(#1260,#1261,#1262,#1263));
#400=EDGE_LOOP('',(#1264));
#401=EDGE_LOOP('',(#1265));
#402=EDGE_LOOP('',(#1266));
#403=EDGE_LOOP('',(#1267));
#404=EDGE_LOOP('',(#1268));
#405=EDGE_LOOP('',(#1269));
#406=EDGE_LOOP('',(#1270));
#407=EDGE_LOOP('',(#1271));
#408=EDGE_LOOP('',(#1272));
#409=EDGE_LOOP('',(#1273));
#410=EDGE_LOOP('',(#1274));
#411=EDGE_LOOP('',(#1275));
#412=EDGE_LOOP('',(#1276));
#413=EDGE_LOOP('',(#1277));
#414=EDGE_LOOP('',(#1278,#1279,#1280,#1281));
#415=EDGE_LOOP('',(#1282,#1283,#1284,#1285));
#416=EDGE_LOOP('',(#1286,#1287,#1288,#1289));
#417=EDGE_LOOP('',(#1290));
#418=EDGE_LOOP('',(#1291));
#419=EDGE_LOOP('',(#1292,#1293,#1294,#1295));
#420=EDGE_LOOP('',(#1296,#1297,#1298,#1299));
#421=EDGE_LOOP('',(#1300));
#422=EDGE_LOOP('',(#1301));
#423=EDGE_LOOP('',(#1302,#1303,#1304,#1305));
#424=EDGE_LOOP('',(#1306,#1307,#1308,#1309));
#425=EDGE_LOOP('',(#1310));
#426=EDGE_LOOP('',(#1311));
#427=EDGE_LOOP('',(#1312,#1313,#1314,#1315));
#428=EDGE_LOOP('',(#1316,#1317,#1318,#1319));
#429=EDGE_LOOP('',(#1320));
#430=EDGE_LOOP('',(#1321));
#431=EDGE_LOOP('',(#1322,#1323,#1324,#1325));
#432=EDGE_LOOP('',(#1326,#1327,#1328,#1329));
#433=EDGE_LOOP('',(#1330));
#434=EDGE_LOOP('',(#1331));
#435=EDGE_LOOP('',(#1332,#1333,#1334,#1335));
#436=EDGE_LOOP('',(#1336,#1337,#1338,#1339));
#437=EDGE_LOOP('',(#1340));
#438=EDGE_LOOP('',(#1341));
#439=EDGE_LOOP('',(#1342,#1343,#1344,#1345));
#440=EDGE_LOOP('',(#1346,#1347,#1348));
#441=EDGE_LOOP('',(#1349));
#442=EDGE_LOOP('',(#1350));
#443=EDGE_LOOP('',(#1351));
#444=EDGE_LOOP('',(#1352));
#445=EDGE_LOOP('',(#1353,#1354,#1355,#1356,#1357,#1358));
#446=EDGE_LOOP('',(#1359,#1360,#1361,#1362));
#447=EDGE_LOOP('',(#1363));
#448=EDGE_LOOP('',(#1364));
#449=EDGE_LOOP('',(#1365,#1366,#1367,#1368));
#450=EDGE_LOOP('',(#1369,#1370,#1371,#1372));
#451=EDGE_LOOP('',(#1373));
#452=EDGE_LOOP('',(#1374));
#453=EDGE_LOOP('',(#1375,#1376,#1377,#1378));
#454=EDGE_LOOP('',(#1379,#1380,#1381,#1382));
#455=EDGE_LOOP('',(#1383));
#456=EDGE_LOOP('',(#1384));
#457=EDGE_LOOP('',(#1385,#1386,#1387,#1388));
#458=EDGE_LOOP('',(#1389,#1390,#1391,#1392,#1393,#1394,#1395,#1396,#1397,
#1398));
#459=EDGE_LOOP('',(#1399,#1400,#1401,#1402));
#460=EDGE_LOOP('',(#1403,#1404,#1405,#1406));
#461=EDGE_LOOP('',(#1407,#1408,#1409,#1410));
#462=EDGE_LOOP('',(#1411,#1412,#1413,#1414));
#463=EDGE_LOOP('',(#1415,#1416,#1417,#1418,#1419,#1420));
#464=EDGE_LOOP('',(#1421,#1422,#1423,#1424));
#465=EDGE_LOOP('',(#1425,#1426,#1427,#1428));
#466=EDGE_LOOP('',(#1429,#1430,#1431,#1432));
#467=EDGE_LOOP('',(#1433,#1434,#1435,#1436));
#468=EDGE_LOOP('',(#1437,#1438,#1439,#1440));
#469=EDGE_LOOP('',(#1441,#1442,#1443,#1444));
#470=EDGE_LOOP('',(#1445,#1446,#1447,#1448));
#471=EDGE_LOOP('',(#1449,#1450,#1451,#1452));
#472=EDGE_LOOP('',(#1453,#1454,#1455,#1456,#1457,#1458));
#473=EDGE_LOOP('',(#1459,#1460,#1461,#1462));
#474=EDGE_LOOP('',(#1463,#1464,#1465,#1466));
#475=EDGE_LOOP('',(#1467,#1468,#1469,#1470));
#476=EDGE_LOOP('',(#1471,#1472,#1473,#1474));
#477=EDGE_LOOP('',(#1475,#1476,#1477,#1478));
#478=EDGE_LOOP('',(#1479,#1480,#1481,#1482));
#479=EDGE_LOOP('',(#1483,#1484,#1485,#1486,#1487,#1488));
#480=EDGE_LOOP('',(#1489,#1490,#1491,#1492));
#481=EDGE_LOOP('',(#1493));
#482=EDGE_LOOP('',(#1494));
#483=EDGE_LOOP('',(#1495,#1496,#1497,#1498));
#484=EDGE_LOOP('',(#1499,#1500,#1501,#1502));
#485=EDGE_LOOP('',(#1503));
#486=EDGE_LOOP('',(#1504,#1505,#1506,#1507));
#487=EDGE_LOOP('',(#1508));
#488=EDGE_LOOP('',(#1509,#1510,#1511,#1512));
#489=EDGE_LOOP('',(#1513));
#490=EDGE_LOOP('',(#1514,#1515,#1516,#1517));
#491=EDGE_LOOP('',(#1518,#1519,#1520,#1521));
#492=EDGE_LOOP('',(#1522,#1523,#1524,#1525));
#493=EDGE_LOOP('',(#1526,#1527,#1528,#1529));
#494=EDGE_LOOP('',(#1530,#1531,#1532,#1533));
#495=EDGE_LOOP('',(#1534,#1535,#1536,#1537));
#496=EDGE_LOOP('',(#1538,#1539,#1540,#1541));
#497=EDGE_LOOP('',(#1542,#1543,#1544,#1545));
#498=EDGE_LOOP('',(#1546,#1547,#1548,#1549));
#499=EDGE_LOOP('',(#1550,#1551,#1552,#1553));
#500=EDGE_LOOP('',(#1554,#1555,#1556,#1557));
#501=EDGE_LOOP('',(#1558,#1559,#1560,#1561));
#502=EDGE_LOOP('',(#1562));
#503=EDGE_LOOP('',(#1563,#1564,#1565,#1566,#1567));
#504=EDGE_LOOP('',(#1568,#1569,#1570,#1571,#1572));
#505=EDGE_LOOP('',(#1573));
#506=EDGE_LOOP('',(#1574));
#507=EDGE_LOOP('',(#1575,#1576,#1577,#1578,#1579));
#508=EDGE_LOOP('',(#1580,#1581,#1582,#1583,#1584));
#509=EDGE_LOOP('',(#1585));
#510=EDGE_LOOP('',(#1586));
#511=EDGE_LOOP('',(#1587,#1588,#1589,#1590,#1591));
#512=EDGE_LOOP('',(#1592,#1593,#1594,#1595,#1596));
#513=EDGE_LOOP('',(#1597));
#514=EDGE_LOOP('',(#1598));
#515=EDGE_LOOP('',(#1599,#1600,#1601,#1602,#1603));
#516=EDGE_LOOP('',(#1604,#1605,#1606,#1607,#1608,#1609));
#517=EDGE_LOOP('',(#1610,#1611,#1612,#1613,#1614));
#518=EDGE_LOOP('',(#1615));
#519=EDGE_LOOP('',(#1616));
#520=EDGE_LOOP('',(#1617,#1618,#1619,#1620,#1621));
#521=EDGE_LOOP('',(#1622,#1623,#1624,#1625,#1626,#1627));
#522=EDGE_LOOP('',(#1628,#1629,#1630,#1631,#1632));
#523=EDGE_LOOP('',(#1633));
#524=LINE('',#2661,#644);
#525=LINE('',#2663,#645);
#526=LINE('',#2665,#646);
#527=LINE('',#2666,#647);
#528=LINE('',#2670,#648);
#529=LINE('',#2671,#649);
#530=LINE('',#2672,#650);
#531=LINE('',#2678,#651);
#532=LINE('',#2681,#652);
#533=LINE('',#2686,#653);
#534=LINE('',#2690,#654);
#535=LINE('',#2693,#655);
#536=LINE('',#2698,#656);
#537=LINE('',#2702,#657);
#538=LINE('',#2709,#658);
#539=LINE('',#2712,#659);
#540=LINE('',#2715,#660);
#541=LINE('',#2716,#661);
#542=LINE('',#2720,#662);
#543=LINE('',#2722,#663);
#544=LINE('',#2726,#664);
#545=LINE('',#2727,#665);
#546=LINE('',#2728,#666);
#547=LINE('',#2732,#667);
#548=LINE('',#2734,#668);
#549=LINE('',#2738,#669);
#550=LINE('',#2745,#670);
#551=LINE('',#2749,#671);
#552=LINE('',#2754,#672);
#553=LINE('',#2758,#673);
#554=LINE('',#2762,#674);
#555=LINE('',#2768,#675);
#556=LINE('',#2774,#676);
#557=LINE('',#2800,#677);
#558=LINE('',#2803,#678);
#559=LINE('',#2808,#679);
#560=LINE('',#2815,#680);
#561=LINE('',#2846,#681);
#562=LINE('',#2848,#682);
#563=LINE('',#2852,#683);
#564=LINE('',#2857,#684);
#565=LINE('',#2861,#685);
#566=LINE('',#2866,#686);
#567=LINE('',#2870,#687);
#568=LINE('',#2875,#688);
#569=LINE('',#2879,#689);
#570=LINE('',#2884,#690);
#571=LINE('',#2888,#691);
#572=LINE('',#2893,#692);
#573=LINE('',#2897,#693);
#574=LINE('',#2904,#694);
#575=LINE('',#2910,#695);
#576=LINE('',#2920,#696);
#577=LINE('',#2922,#697);
#578=LINE('',#2924,#698);
#579=LINE('',#2926,#699);
#580=LINE('',#2928,#700);
#581=LINE('',#2929,#701);
#582=LINE('',#2932,#702);
#583=LINE('',#2938,#703);
#584=LINE('',#2941,#704);
#585=LINE('',#2947,#705);
#586=LINE('',#2950,#706);
#587=LINE('',#2956,#707);
#588=LINE('',#2959,#708);
#589=LINE('',#2960,#709);
#590=LINE('',#2961,#710);
#591=LINE('',#2965,#711);
#592=LINE('',#2966,#712);
#593=LINE('',#2968,#713);
#594=LINE('',#2975,#714);
#595=LINE('',#2977,#715);
#596=LINE('',#2980,#716);
#597=LINE('',#2981,#717);
#598=LINE('',#2985,#718);
#599=LINE('',#2988,#719);
#600=LINE('',#2989,#720);
#601=LINE('',#2993,#721);
#602=LINE('',#2995,#722);
#603=LINE('',#2997,#723);
#604=LINE('',#3001,#724);
#605=LINE('',#3003,#725);
#606=LINE('',#3004,#726);
#607=LINE('',#3007,#727);
#608=LINE('',#3008,#728);
#609=LINE('',#3011,#729);
#610=LINE('',#3012,#730);
#611=LINE('',#3015,#731);
#612=LINE('',#3016,#732);
#613=LINE('',#3019,#733);
#614=LINE('',#3020,#734);
#615=LINE('',#3022,#735);
#616=LINE('',#3027,#736);
#617=LINE('',#3033,#737);
#618=LINE('',#3036,#738);
#619=LINE('',#3041,#739);
#620=LINE('',#3046,#740);
#621=LINE('',#3052,#741);
#622=LINE('',#3053,#742);
#623=LINE('',#3054,#743);
#624=LINE('',#3056,#744);
#625=LINE('',#3057,#745);
#626=LINE('',#3061,#746);
#627=LINE('',#3064,#747);
#628=LINE('',#3065,#748);
#629=LINE('',#3069,#749);
#630=LINE('',#3072,#750);
#631=LINE('',#3073,#751);
#632=LINE('',#3077,#752);
#633=LINE('',#3079,#753);
#634=LINE('',#3081,#754);
#635=LINE('',#3083,#755);
#636=LINE('',#3092,#756);
#637=LINE('',#3096,#757);
#638=LINE('',#3106,#758);
#639=LINE('',#3110,#759);
#640=LINE('',#3120,#760);
#641=LINE('',#3124,#761);
#642=LINE('',#3138,#762);
#643=LINE('',#3158,#763);
#644=VECTOR('',#2067,20.6076952116894);
#645=VECTOR('',#2068,6.499999988951);
#646=VECTOR('',#2069,20.6076951545893);
#647=VECTOR('',#2070,6.499999987769);
#648=VECTOR('',#2073,20.6076952561097);
#649=VECTOR('',#2074,1.41421355021889);
#650=VECTOR('',#2075,1.41421354892004);
#651=VECTOR('',#2080,83.9999999557761);
#652=VECTOR('',#2083,83.9999999091282);
#653=VECTOR('',#2086,20.60769525611);
#654=VECTOR('',#2089,20.6076952561107);
#655=VECTOR('',#2092,20.6076952561097);
#656=VECTOR('',#2095,20.6076952561107);
#657=VECTOR('',#2100,20.60769525611);
#658=VECTOR('',#2107,2.82842712479986);
#659=VECTOR('',#2110,2.82842712474694);
#660=VECTOR('',#2113,83.9999999639512);
#661=VECTOR('',#2114,2.82842712480892);
#662=VECTOR('',#2119,2.82842712485988);
#663=VECTOR('',#2122,83.9999999259247);
#664=VECTOR('',#2125,83.9999999411682);
#665=VECTOR('',#2126,4.500000000167);
#666=VECTOR('',#2127,4.500000000839);
#667=VECTOR('',#2130,76.9999999247013);
#668=VECTOR('',#2133,1.41421356256393);
#669=VECTOR('',#2136,76.999999937227);
#670=VECTOR('',#2143,20.6076951545893);
#671=VECTOR('',#2146,8.336672433162);
#672=VECTOR('',#2151,20.6076951545893);
#673=VECTOR('',#2154,20.60769515459);
#674=VECTOR('',#2157,20.6076951545893);
#675=VECTOR('',#2164,19.);
#676=VECTOR('',#2171,18.84999999844);
#677=VECTOR('',#2200,6.95);
#678=VECTOR('',#2203,6.799999994603);
#679=VECTOR('',#2210,2.1);
#680=VECTOR('',#2219,4.25);
#681=VECTOR('',#2254,20.05);
#682=VECTOR('',#2257,20.05);
#683=VECTOR('',#2262,4.25);
#684=VECTOR('',#2269,2.1);
#685=VECTOR('',#2274,4.25);
#686=VECTOR('',#2281,2.1);
#687=VECTOR('',#2286,4.25);
#688=VECTOR('',#2293,2.1);
#689=VECTOR('',#2298,4.25);
#690=VECTOR('',#2305,2.1);
#691=VECTOR('',#2310,4.25);
#692=VECTOR('',#2317,2.1);
#693=VECTOR('',#2322,3.25);
#694=VECTOR('',#2331,1.6);
#695=VECTOR('',#2336,12.27102272142);
#696=VECTOR('',#2345,9.37499999999969);
#697=VECTOR('',#2346,1.91489361226594);
#698=VECTOR('',#2347,11.2499999999996);
#699=VECTOR('',#2348,14.9999999999995);
#700=VECTOR('',#2349,1.87499999999994);
#701=VECTOR('',#2350,13.0851063877296);
#702=VECTOR('',#2353,1.6);
#703=VECTOR('',#2362,3.25);
#704=VECTOR('',#2365,1.6);
#705=VECTOR('',#2374,3.25);
#706=VECTOR('',#2377,1.6);
#707=VECTOR('',#2386,3.25);
#708=VECTOR('',#2389,4.500000000003);
#709=VECTOR('',#2390,1.);
#710=VECTOR('',#2391,1.);
#711=VECTOR('',#2396,83.9999999509615);
#712=VECTOR('',#2397,4.500000000461);
#713=VECTOR('',#2400,1.41421356247794);
#714=VECTOR('',#2411,7.499999988951);
#715=VECTOR('',#2414,1.41421355021891);
#716=VECTOR('',#2417,20.60769521169);
#717=VECTOR('',#2418,1.41421354891991);
#718=VECTOR('',#2423,1.41421355021892);
#719=VECTOR('',#2426,20.607695211691);
#720=VECTOR('',#2427,1.41421354891992);
#721=VECTOR('',#2434,6.499999987769);
#722=VECTOR('',#2437,6.499999988951);
#723=VECTOR('',#2440,6.499999987769);
#724=VECTOR('',#2445,0.5);
#725=VECTOR('',#2446,9.37499999999969);
#726=VECTOR('',#2447,0.5);
#727=VECTOR('',#2450,1.91489361226594);
#728=VECTOR('',#2451,0.5);
#729=VECTOR('',#2454,11.2499999999996);
#730=VECTOR('',#2455,0.5);
#731=VECTOR('',#2458,14.9999999999995);
#732=VECTOR('',#2459,0.5);
#733=VECTOR('',#2462,1.87499999999994);
#734=VECTOR('',#2463,0.5);
#735=VECTOR('',#2466,13.0851063877296);
#736=VECTOR('',#2473,6.);
#737=VECTOR('',#2482,6.);
#738=VECTOR('',#2485,2.);
#739=VECTOR('',#2492,2.);
#740=VECTOR('',#2499,2.);
#741=VECTOR('',#2506,20.607695211691);
#742=VECTOR('',#2507,6.499999988951);
#743=VECTOR('',#2508,6.499999987769);
#744=VECTOR('',#2511,1.41421355021892);
#745=VECTOR('',#2512,1.41421354891992);
#746=VECTOR('',#2517,1.41421355021894);
#747=VECTOR('',#2520,20.6076952116894);
#748=VECTOR('',#2521,1.41421354891994);
#749=VECTOR('',#2526,1.41421355021891);
#750=VECTOR('',#2529,20.60769521169);
#751=VECTOR('',#2530,1.41421354891991);
#752=VECTOR('',#2537,6.499999987769);
#753=VECTOR('',#2540,6.499999988951);
#754=VECTOR('',#2543,6.499999987769);
#755=VECTOR('',#2546,6.499999988951);
#756=VECTOR('',#2557,2.);
#757=VECTOR('',#2562,1.749999984836);
#758=VECTOR('',#2575,2.);
#759=VECTOR('',#2580,1.749999984836);
#760=VECTOR('',#2593,2.);
#761=VECTOR('',#2598,1.749999984836);
#762=VECTOR('',#2617,6.);
#763=VECTOR('',#2644,6.);
#764=VERTEX_POINT('',#2659);
#765=VERTEX_POINT('',#2660);
#766=VERTEX_POINT('',#2662);
#767=VERTEX_POINT('',#2664);
#768=VERTEX_POINT('',#2668);
#769=VERTEX_POINT('',#2669);
#770=VERTEX_POINT('',#2674);
#771=VERTEX_POINT('',#2675);
#772=VERTEX_POINT('',#2677);
#773=VERTEX_POINT('',#2679);
#774=VERTEX_POINT('',#2682);
#775=VERTEX_POINT('',#2683);
#776=VERTEX_POINT('',#2685);
#777=VERTEX_POINT('',#2687);
#778=VERTEX_POINT('',#2689);
#779=VERTEX_POINT('',#2691);
#780=VERTEX_POINT('',#2694);
#781=VERTEX_POINT('',#2695);
#782=VERTEX_POINT('',#2697);
#783=VERTEX_POINT('',#2700);
#784=VERTEX_POINT('',#2703);
#785=VERTEX_POINT('',#2705);
#786=VERTEX_POINT('',#2708);
#787=VERTEX_POINT('',#2710);
#788=VERTEX_POINT('',#2714);
#789=VERTEX_POINT('',#2718);
#790=VERTEX_POINT('',#2724);
#791=VERTEX_POINT('',#2725);
#792=VERTEX_POINT('',#2730);
#793=VERTEX_POINT('',#2731);
#794=VERTEX_POINT('',#2736);
#795=VERTEX_POINT('',#2737);
#796=VERTEX_POINT('',#2739);
#797=VERTEX_POINT('',#2742);
#798=VERTEX_POINT('',#2744);
#799=VERTEX_POINT('',#2746);
#800=VERTEX_POINT('',#2748);
#801=VERTEX_POINT('',#2752);
#802=VERTEX_POINT('',#2753);
#803=VERTEX_POINT('',#2755);
#804=VERTEX_POINT('',#2757);
#805=VERTEX_POINT('',#2759);
#806=VERTEX_POINT('',#2761);
#807=VERTEX_POINT('',#2764);
#808=VERTEX_POINT('',#2767);
#809=VERTEX_POINT('',#2769);
#810=VERTEX_POINT('',#2773);
#811=VERTEX_POINT('',#2777);
#812=VERTEX_POINT('',#2779);
#813=VERTEX_POINT('',#2781);
#814=VERTEX_POINT('',#2783);
#815=VERTEX_POINT('',#2785);
#816=VERTEX_POINT('',#2787);
#817=VERTEX_POINT('',#2789);
#818=VERTEX_POINT('',#2791);
#819=VERTEX_POINT('',#2793);
#820=VERTEX_POINT('',#2795);
#821=VERTEX_POINT('',#2798);
#822=VERTEX_POINT('',#2802);
#823=VERTEX_POINT('',#2807);
#824=VERTEX_POINT('',#2811);
#825=VERTEX_POINT('',#2814);
#826=VERTEX_POINT('',#2818);
#827=VERTEX_POINT('',#2820);
#828=VERTEX_POINT('',#2822);
#829=VERTEX_POINT('',#2824);
#830=VERTEX_POINT('',#2826);
#831=VERTEX_POINT('',#2828);
#832=VERTEX_POINT('',#2831);
#833=VERTEX_POINT('',#2833);
#834=VERTEX_POINT('',#2835);
#835=VERTEX_POINT('',#2837);
#836=VERTEX_POINT('',#2839);
#837=VERTEX_POINT('',#2841);
#838=VERTEX_POINT('',#2843);
#839=VERTEX_POINT('',#2850);
#840=VERTEX_POINT('',#2854);
#841=VERTEX_POINT('',#2859);
#842=VERTEX_POINT('',#2863);
#843=VERTEX_POINT('',#2868);
#844=VERTEX_POINT('',#2872);
#845=VERTEX_POINT('',#2877);
#846=VERTEX_POINT('',#2881);
#847=VERTEX_POINT('',#2886);
#848=VERTEX_POINT('',#2890);
#849=VERTEX_POINT('',#2895);
#850=VERTEX_POINT('',#2899);
#851=VERTEX_POINT('',#2902);
#852=VERTEX_POINT('',#2906);
#853=VERTEX_POINT('',#2907);
#854=VERTEX_POINT('',#2909);
#855=VERTEX_POINT('',#2912);
#856=VERTEX_POINT('',#2914);
#857=VERTEX_POINT('',#2916);
#858=VERTEX_POINT('',#2918);
#859=VERTEX_POINT('',#2919);
#860=VERTEX_POINT('',#2921);
#861=VERTEX_POINT('',#2923);
#862=VERTEX_POINT('',#2925);
#863=VERTEX_POINT('',#2927);
#864=VERTEX_POINT('',#2931);
#865=VERTEX_POINT('',#2935);
#866=VERTEX_POINT('',#2940);
#867=VERTEX_POINT('',#2944);
#868=VERTEX_POINT('',#2949);
#869=VERTEX_POINT('',#2953);
#870=VERTEX_POINT('',#2958);
#871=VERTEX_POINT('',#2964);
#872=VERTEX_POINT('',#2973);
#873=VERTEX_POINT('',#2979);
#874=VERTEX_POINT('',#2983);
#875=VERTEX_POINT('',#2987);
#876=VERTEX_POINT('',#3000);
#877=VERTEX_POINT('',#3002);
#878=VERTEX_POINT('',#3006);
#879=VERTEX_POINT('',#3010);
#880=VERTEX_POINT('',#3014);
#881=VERTEX_POINT('',#3018);
#882=VERTEX_POINT('',#3025);
#883=VERTEX_POINT('',#3030);
#884=VERTEX_POINT('',#3035);
#885=VERTEX_POINT('',#3040);
#886=VERTEX_POINT('',#3045);
#887=VERTEX_POINT('',#3050);
#888=VERTEX_POINT('',#3051);
#889=VERTEX_POINT('',#3059);
#890=VERTEX_POINT('',#3063);
#891=VERTEX_POINT('',#3067);
#892=VERTEX_POINT('',#3071);
#893=VERTEX_POINT('',#3086);
#894=VERTEX_POINT('',#3089);
#895=VERTEX_POINT('',#3090);
#896=VERTEX_POINT('',#3095);
#897=VERTEX_POINT('',#3100);
#898=VERTEX_POINT('',#3103);
#899=VERTEX_POINT('',#3104);
#900=VERTEX_POINT('',#3109);
#901=VERTEX_POINT('',#3114);
#902=VERTEX_POINT('',#3117);
#903=VERTEX_POINT('',#3118);
#904=VERTEX_POINT('',#3123);
#905=VERTEX_POINT('',#3128);
#906=VERTEX_POINT('',#3131);
#907=VERTEX_POINT('',#3133);
#908=VERTEX_POINT('',#3137);
#909=VERTEX_POINT('',#3139);
#910=VERTEX_POINT('',#3143);
#911=VERTEX_POINT('',#3148);
#912=VERTEX_POINT('',#3151);
#913=VERTEX_POINT('',#3153);
#914=VERTEX_POINT('',#3157);
#915=VERTEX_POINT('',#3159);
#916=VERTEX_POINT('',#3163);
#917=EDGE_CURVE('',#764,#765,#524,.T.);
#918=EDGE_CURVE('',#764,#766,#525,.T.);
#919=EDGE_CURVE('',#767,#766,#526,.T.);
#920=EDGE_CURVE('',#765,#767,#527,.T.);
#921=EDGE_CURVE('',#768,#769,#528,.T.);
#922=EDGE_CURVE('',#768,#764,#529,.T.);
#923=EDGE_CURVE('',#769,#765,#530,.T.);
#924=EDGE_CURVE('',#770,#771,#130,.T.);
#925=EDGE_CURVE('',#771,#772,#531,.T.);
#926=EDGE_CURVE('',#772,#773,#131,.T.);
#927=EDGE_CURVE('',#773,#770,#532,.T.);
#928=EDGE_CURVE('',#774,#775,#132,.T.);
#929=EDGE_CURVE('',#775,#776,#533,.T.);
#930=EDGE_CURVE('',#776,#777,#133,.T.);
#931=EDGE_CURVE('',#777,#778,#534,.T.);
#932=EDGE_CURVE('',#778,#779,#134,.T.);
#933=EDGE_CURVE('',#779,#774,#535,.T.);
#934=EDGE_CURVE('',#780,#781,#135,.T.);
#935=EDGE_CURVE('',#781,#782,#536,.T.);
#936=EDGE_CURVE('',#782,#768,#136,.T.);
#937=EDGE_CURVE('',#769,#783,#137,.T.);
#938=EDGE_CURVE('',#783,#780,#537,.T.);
#939=EDGE_CURVE('',#784,#784,#138,.T.);
#940=EDGE_CURVE('',#785,#785,#139,.T.);
#941=EDGE_CURVE('',#770,#786,#538,.T.);
#942=EDGE_CURVE('',#786,#787,#140,.T.);
#943=EDGE_CURVE('',#771,#787,#539,.T.);
#944=EDGE_CURVE('',#787,#788,#540,.T.);
#945=EDGE_CURVE('',#772,#788,#541,.T.);
#946=EDGE_CURVE('',#788,#789,#141,.T.);
#947=EDGE_CURVE('',#773,#789,#542,.T.);
#948=EDGE_CURVE('',#789,#786,#543,.T.);
#949=EDGE_CURVE('',#790,#791,#544,.T.);
#950=EDGE_CURVE('',#790,#786,#545,.T.);
#951=EDGE_CURVE('',#791,#789,#546,.T.);
#952=EDGE_CURVE('',#792,#793,#547,.T.);
#953=EDGE_CURVE('',#790,#792,#71,.T.);
#954=EDGE_CURVE('',#793,#791,#548,.T.);
#955=EDGE_CURVE('',#794,#795,#549,.T.);
#956=EDGE_CURVE('',#795,#796,#142,.T.);
#957=EDGE_CURVE('',#796,#767,#143,.T.);
#958=EDGE_CURVE('',#766,#797,#144,.T.);
#959=EDGE_CURVE('',#797,#798,#550,.T.);
#960=EDGE_CURVE('',#798,#799,#145,.T.);
#961=EDGE_CURVE('',#799,#800,#551,.T.);
#962=EDGE_CURVE('',#792,#800,#146,.T.);
#963=EDGE_CURVE('',#793,#794,#147,.T.);
#964=EDGE_CURVE('',#801,#802,#552,.T.);
#965=EDGE_CURVE('',#802,#803,#148,.T.);
#966=EDGE_CURVE('',#803,#804,#553,.T.);
#967=EDGE_CURVE('',#804,#805,#149,.T.);
#968=EDGE_CURVE('',#805,#806,#554,.T.);
#969=EDGE_CURVE('',#806,#801,#150,.T.);
#970=EDGE_CURVE('',#807,#807,#151,.T.);
#971=EDGE_CURVE('',#807,#808,#555,.T.);
#972=EDGE_CURVE('',#809,#808,#152,.T.);
#973=EDGE_CURVE('',#808,#809,#153,.T.);
#974=EDGE_CURVE('',#809,#810,#556,.T.);
#975=EDGE_CURVE('',#810,#810,#154,.T.);
#976=EDGE_CURVE('',#811,#811,#155,.T.);
#977=EDGE_CURVE('',#812,#812,#156,.T.);
#978=EDGE_CURVE('',#813,#813,#157,.T.);
#979=EDGE_CURVE('',#814,#814,#158,.T.);
#980=EDGE_CURVE('',#815,#815,#159,.T.);
#981=EDGE_CURVE('',#816,#816,#160,.T.);
#982=EDGE_CURVE('',#817,#817,#161,.T.);
#983=EDGE_CURVE('',#818,#818,#162,.T.);
#984=EDGE_CURVE('',#819,#819,#163,.T.);
#985=EDGE_CURVE('',#820,#820,#164,.T.);
#986=EDGE_CURVE('',#821,#821,#165,.T.);
#987=EDGE_CURVE('',#821,#820,#557,.T.);
#988=EDGE_CURVE('',#821,#822,#558,.T.);
#989=EDGE_CURVE('',#822,#822,#166,.T.);
#990=EDGE_CURVE('',#811,#823,#559,.T.);
#991=EDGE_CURVE('',#823,#823,#167,.T.);
#992=EDGE_CURVE('',#824,#824,#168,.T.);
#993=EDGE_CURVE('',#824,#825,#560,.T.);
#994=EDGE_CURVE('',#825,#825,#169,.T.);
#995=EDGE_CURVE('',#826,#826,#170,.T.);
#996=EDGE_CURVE('',#827,#827,#171,.T.);
#997=EDGE_CURVE('',#828,#828,#172,.T.);
#998=EDGE_CURVE('',#829,#829,#173,.T.);
#999=EDGE_CURVE('',#830,#830,#174,.T.);
#1000=EDGE_CURVE('',#831,#831,#175,.T.);
#1001=EDGE_CURVE('',#832,#832,#176,.T.);
#1002=EDGE_CURVE('',#833,#833,#177,.T.);
#1003=EDGE_CURVE('',#834,#834,#178,.T.);
#1004=EDGE_CURVE('',#835,#835,#179,.T.);
#1005=EDGE_CURVE('',#836,#836,#180,.T.);
#1006=EDGE_CURVE('',#837,#837,#181,.T.);
#1007=EDGE_CURVE('',#838,#838,#182,.T.);
#1008=EDGE_CURVE('',#826,#784,#561,.T.);
#1009=EDGE_CURVE('',#832,#785,#562,.T.);
#1010=EDGE_CURVE('',#839,#839,#183,.T.);
#1011=EDGE_CURVE('',#839,#833,#563,.T.);
#1012=EDGE_CURVE('',#840,#840,#184,.T.);
#1013=EDGE_CURVE('',#812,#840,#564,.T.);
#1014=EDGE_CURVE('',#841,#841,#185,.T.);
#1015=EDGE_CURVE('',#841,#834,#565,.T.);
#1016=EDGE_CURVE('',#842,#842,#186,.T.);
#1017=EDGE_CURVE('',#813,#842,#566,.T.);
#1018=EDGE_CURVE('',#843,#843,#187,.T.);
#1019=EDGE_CURVE('',#843,#835,#567,.T.);
#1020=EDGE_CURVE('',#844,#844,#188,.T.);
#1021=EDGE_CURVE('',#814,#844,#568,.T.);
#1022=EDGE_CURVE('',#845,#845,#189,.T.);
#1023=EDGE_CURVE('',#845,#836,#569,.T.);
#1024=EDGE_CURVE('',#846,#846,#190,.T.);
#1025=EDGE_CURVE('',#815,#846,#570,.T.);
#1026=EDGE_CURVE('',#847,#847,#191,.T.);
#1027=EDGE_CURVE('',#847,#837,#571,.T.);
#1028=EDGE_CURVE('',#848,#848,#192,.T.);
#1029=EDGE_CURVE('',#816,#848,#572,.T.);
#1030=EDGE_CURVE('',#849,#849,#193,.T.);
#1031=EDGE_CURVE('',#849,#827,#573,.T.);
#1032=EDGE_CURVE('',#850,#850,#194,.T.);
#1033=EDGE_CURVE('',#851,#851,#195,.T.);
#1034=EDGE_CURVE('',#851,#850,#574,.T.);
#1035=EDGE_CURVE('',#852,#853,#196,.T.);
#1036=EDGE_CURVE('',#853,#854,#575,.T.);
#1037=EDGE_CURVE('',#854,#852,#197,.T.);
#1038=EDGE_CURVE('',#855,#855,#198,.T.);
#1039=EDGE_CURVE('',#856,#856,#199,.T.);
#1040=EDGE_CURVE('',#857,#857,#200,.T.);
#1041=EDGE_CURVE('',#858,#859,#576,.T.);
#1042=EDGE_CURVE('',#859,#860,#577,.T.);
#1043=EDGE_CURVE('',#860,#861,#578,.T.);
#1044=EDGE_CURVE('',#861,#862,#579,.T.);
#1045=EDGE_CURVE('',#862,#863,#580,.T.);
#1046=EDGE_CURVE('',#863,#858,#581,.T.);
#1047=EDGE_CURVE('',#855,#864,#582,.T.);
#1048=EDGE_CURVE('',#864,#864,#201,.T.);
#1049=EDGE_CURVE('',#865,#865,#202,.T.);
#1050=EDGE_CURVE('',#865,#828,#583,.T.);
#1051=EDGE_CURVE('',#856,#866,#584,.T.);
#1052=EDGE_CURVE('',#866,#866,#203,.T.);
#1053=EDGE_CURVE('',#867,#867,#204,.T.);
#1054=EDGE_CURVE('',#867,#829,#585,.T.);
#1055=EDGE_CURVE('',#857,#868,#586,.T.);
#1056=EDGE_CURVE('',#868,#868,#205,.T.);
#1057=EDGE_CURVE('',#869,#869,#206,.T.);
#1058=EDGE_CURVE('',#869,#830,#587,.T.);
#1059=EDGE_CURVE('',#870,#787,#588,.T.);
#1060=EDGE_CURVE('',#800,#853,#589,.T.);
#1061=EDGE_CURVE('',#852,#796,#590,.T.);
#1062=EDGE_CURVE('',#795,#870,#72,.T.);
#1063=EDGE_CURVE('',#871,#870,#591,.T.);
#1064=EDGE_CURVE('',#871,#788,#592,.T.);
#1065=EDGE_CURVE('',#794,#871,#593,.T.);
#1066=EDGE_CURVE('',#791,#871,#207,.T.);
#1067=EDGE_CURVE('',#765,#872,#208,.T.);
#1068=EDGE_CURVE('',#872,#854,#594,.T.);
#1069=EDGE_CURVE('',#783,#872,#595,.T.);
#1070=EDGE_CURVE('',#872,#873,#596,.T.);
#1071=EDGE_CURVE('',#780,#873,#597,.T.);
#1072=EDGE_CURVE('',#873,#874,#209,.T.);
#1073=EDGE_CURVE('',#781,#874,#598,.T.);
#1074=EDGE_CURVE('',#874,#875,#599,.T.);
#1075=EDGE_CURVE('',#782,#875,#600,.T.);
#1076=EDGE_CURVE('',#875,#764,#210,.T.);
#1077=EDGE_CURVE('',#875,#797,#601,.T.);
#1078=EDGE_CURVE('',#874,#798,#602,.T.);
#1079=EDGE_CURVE('',#873,#799,#603,.T.);
#1080=EDGE_CURVE('',#858,#876,#604,.T.);
#1081=EDGE_CURVE('',#876,#877,#605,.T.);
#1082=EDGE_CURVE('',#859,#877,#606,.T.);
#1083=EDGE_CURVE('',#877,#878,#607,.T.);
#1084=EDGE_CURVE('',#860,#878,#608,.T.);
#1085=EDGE_CURVE('',#878,#879,#609,.T.);
#1086=EDGE_CURVE('',#861,#879,#610,.T.);
#1087=EDGE_CURVE('',#879,#880,#611,.T.);
#1088=EDGE_CURVE('',#862,#880,#612,.T.);
#1089=EDGE_CURVE('',#880,#881,#613,.T.);
#1090=EDGE_CURVE('',#863,#881,#614,.T.);
#1091=EDGE_CURVE('',#881,#876,#615,.T.);
#1092=EDGE_CURVE('',#882,#882,#211,.T.);
#1093=EDGE_CURVE('',#882,#831,#616,.T.);
#1094=EDGE_CURVE('',#883,#883,#212,.T.);
#1095=EDGE_CURVE('',#883,#838,#617,.T.);
#1096=EDGE_CURVE('',#817,#884,#618,.T.);
#1097=EDGE_CURVE('',#884,#884,#213,.T.);
#1098=EDGE_CURVE('',#818,#885,#619,.T.);
#1099=EDGE_CURVE('',#885,#885,#214,.T.);
#1100=EDGE_CURVE('',#819,#886,#620,.T.);
#1101=EDGE_CURVE('',#886,#886,#215,.T.);
#1102=EDGE_CURVE('',#887,#888,#621,.T.);
#1103=EDGE_CURVE('',#887,#802,#622,.T.);
#1104=EDGE_CURVE('',#888,#801,#623,.T.);
#1105=EDGE_CURVE('',#777,#887,#624,.T.);
#1106=EDGE_CURVE('',#778,#888,#625,.T.);
#1107=EDGE_CURVE('',#888,#889,#216,.T.);
#1108=EDGE_CURVE('',#779,#889,#626,.T.);
#1109=EDGE_CURVE('',#889,#890,#627,.T.);
#1110=EDGE_CURVE('',#774,#890,#628,.T.);
#1111=EDGE_CURVE('',#890,#891,#217,.T.);
#1112=EDGE_CURVE('',#775,#891,#629,.T.);
#1113=EDGE_CURVE('',#891,#892,#630,.T.);
#1114=EDGE_CURVE('',#776,#892,#631,.T.);
#1115=EDGE_CURVE('',#892,#887,#218,.T.);
#1116=EDGE_CURVE('',#892,#803,#632,.T.);
#1117=EDGE_CURVE('',#891,#804,#633,.T.);
#1118=EDGE_CURVE('',#890,#805,#634,.T.);
#1119=EDGE_CURVE('',#889,#806,#635,.T.);
#1120=EDGE_CURVE('',#893,#893,#219,.T.);
#1121=EDGE_CURVE('',#894,#895,#220,.T.);
#1122=EDGE_CURVE('',#894,#893,#636,.T.);
#1123=EDGE_CURVE('',#895,#894,#221,.T.);
#1124=EDGE_CURVE('',#895,#896,#637,.T.);
#1125=EDGE_CURVE('',#896,#896,#222,.T.);
#1126=EDGE_CURVE('',#897,#897,#223,.T.);
#1127=EDGE_CURVE('',#898,#899,#224,.T.);
#1128=EDGE_CURVE('',#898,#897,#638,.T.);
#1129=EDGE_CURVE('',#899,#898,#225,.T.);
#1130=EDGE_CURVE('',#899,#900,#639,.T.);
#1131=EDGE_CURVE('',#900,#900,#226,.T.);
#1132=EDGE_CURVE('',#901,#901,#227,.T.);
#1133=EDGE_CURVE('',#902,#903,#228,.T.);
#1134=EDGE_CURVE('',#902,#901,#640,.T.);
#1135=EDGE_CURVE('',#903,#902,#229,.T.);
#1136=EDGE_CURVE('',#903,#904,#641,.T.);
#1137=EDGE_CURVE('',#904,#904,#230,.T.);
#1138=EDGE_CURVE('',#905,#905,#231,.T.);
#1139=EDGE_CURVE('',#905,#906,#232,.T.);
#1140=EDGE_CURVE('',#906,#907,#233,.T.);
#1141=EDGE_CURVE('',#907,#906,#234,.T.);
#1142=EDGE_CURVE('',#907,#908,#642,.T.);
#1143=EDGE_CURVE('',#909,#908,#235,.T.);
#1144=EDGE_CURVE('',#908,#909,#236,.T.);
#1145=EDGE_CURVE('',#909,#910,#237,.T.);
#1146=EDGE_CURVE('',#910,#910,#238,.T.);
#1147=EDGE_CURVE('',#911,#911,#239,.T.);
#1148=EDGE_CURVE('',#911,#912,#240,.T.);
#1149=EDGE_CURVE('',#912,#913,#241,.T.);
#1150=EDGE_CURVE('',#913,#912,#242,.T.);
#1151=EDGE_CURVE('',#913,#914,#643,.T.);
#1152=EDGE_CURVE('',#915,#914,#243,.T.);
#1153=EDGE_CURVE('',#914,#915,#244,.T.);
#1154=EDGE_CURVE('',#915,#916,#245,.T.);
#1155=EDGE_CURVE('',#916,#916,#246,.T.);
#1156=ORIENTED_EDGE('',*,*,#917,.F.);
#1157=ORIENTED_EDGE('',*,*,#918,.T.);
#1158=ORIENTED_EDGE('',*,*,#919,.F.);
#1159=ORIENTED_EDGE('',*,*,#920,.F.);
#1160=ORIENTED_EDGE('',*,*,#921,.F.);
#1161=ORIENTED_EDGE('',*,*,#922,.T.);
#1162=ORIENTED_EDGE('',*,*,#917,.T.);
#1163=ORIENTED_EDGE('',*,*,#923,.F.);
#1164=ORIENTED_EDGE('',*,*,#924,.T.);
#1165=ORIENTED_EDGE('',*,*,#925,.T.);
#1166=ORIENTED_EDGE('',*,*,#926,.T.);
#1167=ORIENTED_EDGE('',*,*,#927,.T.);
#1168=ORIENTED_EDGE('',*,*,#928,.T.);
#1169=ORIENTED_EDGE('',*,*,#929,.T.);
#1170=ORIENTED_EDGE('',*,*,#930,.T.);
#1171=ORIENTED_EDGE('',*,*,#931,.T.);
#1172=ORIENTED_EDGE('',*,*,#932,.T.);
#1173=ORIENTED_EDGE('',*,*,#933,.T.);
#1174=ORIENTED_EDGE('',*,*,#934,.T.);
#1175=ORIENTED_EDGE('',*,*,#935,.T.);
#1176=ORIENTED_EDGE('',*,*,#936,.T.);
#1177=ORIENTED_EDGE('',*,*,#921,.T.);
#1178=ORIENTED_EDGE('',*,*,#937,.T.);
#1179=ORIENTED_EDGE('',*,*,#938,.T.);
#1180=ORIENTED_EDGE('',*,*,#939,.F.);
#1181=ORIENTED_EDGE('',*,*,#940,.F.);
#1182=ORIENTED_EDGE('',*,*,#924,.F.);
#1183=ORIENTED_EDGE('',*,*,#941,.T.);
#1184=ORIENTED_EDGE('',*,*,#942,.T.);
#1185=ORIENTED_EDGE('',*,*,#943,.F.);
#1186=ORIENTED_EDGE('',*,*,#925,.F.);
#1187=ORIENTED_EDGE('',*,*,#943,.T.);
#1188=ORIENTED_EDGE('',*,*,#944,.T.);
#1189=ORIENTED_EDGE('',*,*,#945,.F.);
#1190=ORIENTED_EDGE('',*,*,#926,.F.);
#1191=ORIENTED_EDGE('',*,*,#945,.T.);
#1192=ORIENTED_EDGE('',*,*,#946,.T.);
#1193=ORIENTED_EDGE('',*,*,#947,.F.);
#1194=ORIENTED_EDGE('',*,*,#927,.F.);
#1195=ORIENTED_EDGE('',*,*,#947,.T.);
#1196=ORIENTED_EDGE('',*,*,#948,.T.);
#1197=ORIENTED_EDGE('',*,*,#941,.F.);
#1198=ORIENTED_EDGE('',*,*,#949,.F.);
#1199=ORIENTED_EDGE('',*,*,#950,.T.);
#1200=ORIENTED_EDGE('',*,*,#948,.F.);
#1201=ORIENTED_EDGE('',*,*,#951,.F.);
#1202=ORIENTED_EDGE('',*,*,#952,.F.);
#1203=ORIENTED_EDGE('',*,*,#953,.F.);
#1204=ORIENTED_EDGE('',*,*,#949,.T.);
#1205=ORIENTED_EDGE('',*,*,#954,.F.);
#1206=ORIENTED_EDGE('',*,*,#955,.T.);
#1207=ORIENTED_EDGE('',*,*,#956,.T.);
#1208=ORIENTED_EDGE('',*,*,#957,.T.);
#1209=ORIENTED_EDGE('',*,*,#919,.T.);
#1210=ORIENTED_EDGE('',*,*,#958,.T.);
#1211=ORIENTED_EDGE('',*,*,#959,.T.);
#1212=ORIENTED_EDGE('',*,*,#960,.T.);
#1213=ORIENTED_EDGE('',*,*,#961,.T.);
#1214=ORIENTED_EDGE('',*,*,#962,.F.);
#1215=ORIENTED_EDGE('',*,*,#952,.T.);
#1216=ORIENTED_EDGE('',*,*,#963,.T.);
#1217=ORIENTED_EDGE('',*,*,#964,.T.);
#1218=ORIENTED_EDGE('',*,*,#965,.T.);
#1219=ORIENTED_EDGE('',*,*,#966,.T.);
#1220=ORIENTED_EDGE('',*,*,#967,.T.);
#1221=ORIENTED_EDGE('',*,*,#968,.T.);
#1222=ORIENTED_EDGE('',*,*,#969,.T.);
#1223=ORIENTED_EDGE('',*,*,#970,.F.);
#1224=ORIENTED_EDGE('',*,*,#970,.T.);
#1225=ORIENTED_EDGE('',*,*,#971,.T.);
#1226=ORIENTED_EDGE('',*,*,#972,.F.);
#1227=ORIENTED_EDGE('',*,*,#973,.F.);
#1228=ORIENTED_EDGE('',*,*,#971,.F.);
#1229=ORIENTED_EDGE('',*,*,#972,.T.);
#1230=ORIENTED_EDGE('',*,*,#973,.T.);
#1231=ORIENTED_EDGE('',*,*,#974,.T.);
#1232=ORIENTED_EDGE('',*,*,#975,.F.);
#1233=ORIENTED_EDGE('',*,*,#974,.F.);
#1234=ORIENTED_EDGE('',*,*,#975,.T.);
#1235=ORIENTED_EDGE('',*,*,#976,.T.);
#1236=ORIENTED_EDGE('',*,*,#977,.T.);
#1237=ORIENTED_EDGE('',*,*,#978,.T.);
#1238=ORIENTED_EDGE('',*,*,#979,.T.);
#1239=ORIENTED_EDGE('',*,*,#980,.T.);
#1240=ORIENTED_EDGE('',*,*,#981,.T.);
#1241=ORIENTED_EDGE('',*,*,#982,.T.);
#1242=ORIENTED_EDGE('',*,*,#983,.T.);
#1243=ORIENTED_EDGE('',*,*,#984,.T.);
#1244=ORIENTED_EDGE('',*,*,#985,.F.);
#1245=ORIENTED_EDGE('',*,*,#986,.F.);
#1246=ORIENTED_EDGE('',*,*,#987,.T.);
#1247=ORIENTED_EDGE('',*,*,#985,.T.);
#1248=ORIENTED_EDGE('',*,*,#987,.F.);
#1249=ORIENTED_EDGE('',*,*,#986,.T.);
#1250=ORIENTED_EDGE('',*,*,#988,.T.);
#1251=ORIENTED_EDGE('',*,*,#989,.F.);
#1252=ORIENTED_EDGE('',*,*,#988,.F.);
#1253=ORIENTED_EDGE('',*,*,#989,.T.);
#1254=ORIENTED_EDGE('',*,*,#976,.F.);
#1255=ORIENTED_EDGE('',*,*,#990,.T.);
#1256=ORIENTED_EDGE('',*,*,#991,.T.);
#1257=ORIENTED_EDGE('',*,*,#990,.F.);
#1258=ORIENTED_EDGE('',*,*,#992,.T.);
#1259=ORIENTED_EDGE('',*,*,#991,.F.);
#1260=ORIENTED_EDGE('',*,*,#992,.F.);
#1261=ORIENTED_EDGE('',*,*,#993,.T.);
#1262=ORIENTED_EDGE('',*,*,#994,.T.);
#1263=ORIENTED_EDGE('',*,*,#993,.F.);
#1264=ORIENTED_EDGE('',*,*,#995,.T.);
#1265=ORIENTED_EDGE('',*,*,#996,.F.);
#1266=ORIENTED_EDGE('',*,*,#997,.F.);
#1267=ORIENTED_EDGE('',*,*,#998,.F.);
#1268=ORIENTED_EDGE('',*,*,#999,.F.);
#1269=ORIENTED_EDGE('',*,*,#1000,.F.);
#1270=ORIENTED_EDGE('',*,*,#1001,.T.);
#1271=ORIENTED_EDGE('',*,*,#994,.F.);
#1272=ORIENTED_EDGE('',*,*,#1002,.F.);
#1273=ORIENTED_EDGE('',*,*,#1003,.F.);
#1274=ORIENTED_EDGE('',*,*,#1004,.F.);
#1275=ORIENTED_EDGE('',*,*,#1005,.F.);
#1276=ORIENTED_EDGE('',*,*,#1006,.F.);
#1277=ORIENTED_EDGE('',*,*,#1007,.F.);
#1278=ORIENTED_EDGE('',*,*,#995,.F.);
#1279=ORIENTED_EDGE('',*,*,#1008,.T.);
#1280=ORIENTED_EDGE('',*,*,#939,.T.);
#1281=ORIENTED_EDGE('',*,*,#1008,.F.);
#1282=ORIENTED_EDGE('',*,*,#1001,.F.);
#1283=ORIENTED_EDGE('',*,*,#1009,.T.);
#1284=ORIENTED_EDGE('',*,*,#940,.T.);
#1285=ORIENTED_EDGE('',*,*,#1009,.F.);
#1286=ORIENTED_EDGE('',*,*,#1010,.F.);
#1287=ORIENTED_EDGE('',*,*,#1011,.T.);
#1288=ORIENTED_EDGE('',*,*,#1002,.T.);
#1289=ORIENTED_EDGE('',*,*,#1011,.F.);
#1290=ORIENTED_EDGE('',*,*,#1010,.T.);
#1291=ORIENTED_EDGE('',*,*,#1012,.T.);
#1292=ORIENTED_EDGE('',*,*,#977,.F.);
#1293=ORIENTED_EDGE('',*,*,#1013,.T.);
#1294=ORIENTED_EDGE('',*,*,#1012,.F.);
#1295=ORIENTED_EDGE('',*,*,#1013,.F.);
#1296=ORIENTED_EDGE('',*,*,#1014,.F.);
#1297=ORIENTED_EDGE('',*,*,#1015,.T.);
#1298=ORIENTED_EDGE('',*,*,#1003,.T.);
#1299=ORIENTED_EDGE('',*,*,#1015,.F.);
#1300=ORIENTED_EDGE('',*,*,#1014,.T.);
#1301=ORIENTED_EDGE('',*,*,#1016,.T.);
#1302=ORIENTED_EDGE('',*,*,#978,.F.);
#1303=ORIENTED_EDGE('',*,*,#1017,.T.);
#1304=ORIENTED_EDGE('',*,*,#1016,.F.);
#1305=ORIENTED_EDGE('',*,*,#1017,.F.);
#1306=ORIENTED_EDGE('',*,*,#1018,.F.);
#1307=ORIENTED_EDGE('',*,*,#1019,.T.);
#1308=ORIENTED_EDGE('',*,*,#1004,.T.);
#1309=ORIENTED_EDGE('',*,*,#1019,.F.);
#1310=ORIENTED_EDGE('',*,*,#1018,.T.);
#1311=ORIENTED_EDGE('',*,*,#1020,.T.);
#1312=ORIENTED_EDGE('',*,*,#979,.F.);
#1313=ORIENTED_EDGE('',*,*,#1021,.T.);
#1314=ORIENTED_EDGE('',*,*,#1020,.F.);
#1315=ORIENTED_EDGE('',*,*,#1021,.F.);
#1316=ORIENTED_EDGE('',*,*,#1022,.F.);
#1317=ORIENTED_EDGE('',*,*,#1023,.T.);
#1318=ORIENTED_EDGE('',*,*,#1005,.T.);
#1319=ORIENTED_EDGE('',*,*,#1023,.F.);
#1320=ORIENTED_EDGE('',*,*,#1022,.T.);
#1321=ORIENTED_EDGE('',*,*,#1024,.T.);
#1322=ORIENTED_EDGE('',*,*,#980,.F.);
#1323=ORIENTED_EDGE('',*,*,#1025,.T.);
#1324=ORIENTED_EDGE('',*,*,#1024,.F.);
#1325=ORIENTED_EDGE('',*,*,#1025,.F.);
#1326=ORIENTED_EDGE('',*,*,#1026,.F.);
#1327=ORIENTED_EDGE('',*,*,#1027,.T.);
#1328=ORIENTED_EDGE('',*,*,#1006,.T.);
#1329=ORIENTED_EDGE('',*,*,#1027,.F.);
#1330=ORIENTED_EDGE('',*,*,#1026,.T.);
#1331=ORIENTED_EDGE('',*,*,#1028,.T.);
#1332=ORIENTED_EDGE('',*,*,#981,.F.);
#1333=ORIENTED_EDGE('',*,*,#1029,.T.);
#1334=ORIENTED_EDGE('',*,*,#1028,.F.);
#1335=ORIENTED_EDGE('',*,*,#1029,.F.);
#1336=ORIENTED_EDGE('',*,*,#1030,.F.);
#1337=ORIENTED_EDGE('',*,*,#1031,.T.);
#1338=ORIENTED_EDGE('',*,*,#996,.T.);
#1339=ORIENTED_EDGE('',*,*,#1031,.F.);
#1340=ORIENTED_EDGE('',*,*,#1030,.T.);
#1341=ORIENTED_EDGE('',*,*,#1032,.T.);
#1342=ORIENTED_EDGE('',*,*,#1033,.F.);
#1343=ORIENTED_EDGE('',*,*,#1034,.T.);
#1344=ORIENTED_EDGE('',*,*,#1032,.F.);
#1345=ORIENTED_EDGE('',*,*,#1034,.F.);
#1346=ORIENTED_EDGE('',*,*,#1035,.T.);
#1347=ORIENTED_EDGE('',*,*,#1036,.T.);
#1348=ORIENTED_EDGE('',*,*,#1037,.T.);
#1349=ORIENTED_EDGE('',*,*,#1038,.T.);
#1350=ORIENTED_EDGE('',*,*,#1039,.T.);
#1351=ORIENTED_EDGE('',*,*,#1040,.T.);
#1352=ORIENTED_EDGE('',*,*,#1033,.T.);
#1353=ORIENTED_EDGE('',*,*,#1041,.T.);
#1354=ORIENTED_EDGE('',*,*,#1042,.T.);
#1355=ORIENTED_EDGE('',*,*,#1043,.T.);
#1356=ORIENTED_EDGE('',*,*,#1044,.T.);
#1357=ORIENTED_EDGE('',*,*,#1045,.T.);
#1358=ORIENTED_EDGE('',*,*,#1046,.T.);
#1359=ORIENTED_EDGE('',*,*,#1038,.F.);
#1360=ORIENTED_EDGE('',*,*,#1047,.T.);
#1361=ORIENTED_EDGE('',*,*,#1048,.T.);
#1362=ORIENTED_EDGE('',*,*,#1047,.F.);
#1363=ORIENTED_EDGE('',*,*,#1049,.T.);
#1364=ORIENTED_EDGE('',*,*,#1048,.F.);
#1365=ORIENTED_EDGE('',*,*,#1049,.F.);
#1366=ORIENTED_EDGE('',*,*,#1050,.T.);
#1367=ORIENTED_EDGE('',*,*,#997,.T.);
#1368=ORIENTED_EDGE('',*,*,#1050,.F.);
#1369=ORIENTED_EDGE('',*,*,#1039,.F.);
#1370=ORIENTED_EDGE('',*,*,#1051,.T.);
#1371=ORIENTED_EDGE('',*,*,#1052,.T.);
#1372=ORIENTED_EDGE('',*,*,#1051,.F.);
#1373=ORIENTED_EDGE('',*,*,#1053,.T.);
#1374=ORIENTED_EDGE('',*,*,#1052,.F.);
#1375=ORIENTED_EDGE('',*,*,#1053,.F.);
#1376=ORIENTED_EDGE('',*,*,#1054,.T.);
#1377=ORIENTED_EDGE('',*,*,#998,.T.);
#1378=ORIENTED_EDGE('',*,*,#1054,.F.);
#1379=ORIENTED_EDGE('',*,*,#1040,.F.);
#1380=ORIENTED_EDGE('',*,*,#1055,.T.);
#1381=ORIENTED_EDGE('',*,*,#1056,.T.);
#1382=ORIENTED_EDGE('',*,*,#1055,.F.);
#1383=ORIENTED_EDGE('',*,*,#1057,.T.);
#1384=ORIENTED_EDGE('',*,*,#1056,.F.);
#1385=ORIENTED_EDGE('',*,*,#1057,.F.);
#1386=ORIENTED_EDGE('',*,*,#1058,.T.);
#1387=ORIENTED_EDGE('',*,*,#999,.T.);
#1388=ORIENTED_EDGE('',*,*,#1058,.F.);
#1389=ORIENTED_EDGE('',*,*,#1059,.T.);
#1390=ORIENTED_EDGE('',*,*,#942,.F.);
#1391=ORIENTED_EDGE('',*,*,#950,.F.);
#1392=ORIENTED_EDGE('',*,*,#953,.T.);
#1393=ORIENTED_EDGE('',*,*,#962,.T.);
#1394=ORIENTED_EDGE('',*,*,#1060,.T.);
#1395=ORIENTED_EDGE('',*,*,#1035,.F.);
#1396=ORIENTED_EDGE('',*,*,#1061,.T.);
#1397=ORIENTED_EDGE('',*,*,#956,.F.);
#1398=ORIENTED_EDGE('',*,*,#1062,.T.);
#1399=ORIENTED_EDGE('',*,*,#1063,.F.);
#1400=ORIENTED_EDGE('',*,*,#1064,.T.);
#1401=ORIENTED_EDGE('',*,*,#944,.F.);
#1402=ORIENTED_EDGE('',*,*,#1059,.F.);
#1403=ORIENTED_EDGE('',*,*,#1063,.T.);
#1404=ORIENTED_EDGE('',*,*,#1062,.F.);
#1405=ORIENTED_EDGE('',*,*,#955,.F.);
#1406=ORIENTED_EDGE('',*,*,#1065,.T.);
#1407=ORIENTED_EDGE('',*,*,#963,.F.);
#1408=ORIENTED_EDGE('',*,*,#954,.T.);
#1409=ORIENTED_EDGE('',*,*,#1066,.T.);
#1410=ORIENTED_EDGE('',*,*,#1065,.F.);
#1411=ORIENTED_EDGE('',*,*,#1066,.F.);
#1412=ORIENTED_EDGE('',*,*,#951,.T.);
#1413=ORIENTED_EDGE('',*,*,#946,.F.);
#1414=ORIENTED_EDGE('',*,*,#1064,.F.);
#1415=ORIENTED_EDGE('',*,*,#1067,.F.);
#1416=ORIENTED_EDGE('',*,*,#920,.T.);
#1417=ORIENTED_EDGE('',*,*,#957,.F.);
#1418=ORIENTED_EDGE('',*,*,#1061,.F.);
#1419=ORIENTED_EDGE('',*,*,#1037,.F.);
#1420=ORIENTED_EDGE('',*,*,#1068,.F.);
#1421=ORIENTED_EDGE('',*,*,#937,.F.);
#1422=ORIENTED_EDGE('',*,*,#923,.T.);
#1423=ORIENTED_EDGE('',*,*,#1067,.T.);
#1424=ORIENTED_EDGE('',*,*,#1069,.F.);
#1425=ORIENTED_EDGE('',*,*,#938,.F.);
#1426=ORIENTED_EDGE('',*,*,#1069,.T.);
#1427=ORIENTED_EDGE('',*,*,#1070,.T.);
#1428=ORIENTED_EDGE('',*,*,#1071,.F.);
#1429=ORIENTED_EDGE('',*,*,#934,.F.);
#1430=ORIENTED_EDGE('',*,*,#1071,.T.);
#1431=ORIENTED_EDGE('',*,*,#1072,.T.);
#1432=ORIENTED_EDGE('',*,*,#1073,.F.);
#1433=ORIENTED_EDGE('',*,*,#935,.F.);
#1434=ORIENTED_EDGE('',*,*,#1073,.T.);
#1435=ORIENTED_EDGE('',*,*,#1074,.T.);
#1436=ORIENTED_EDGE('',*,*,#1075,.F.);
#1437=ORIENTED_EDGE('',*,*,#936,.F.);
#1438=ORIENTED_EDGE('',*,*,#1075,.T.);
#1439=ORIENTED_EDGE('',*,*,#1076,.T.);
#1440=ORIENTED_EDGE('',*,*,#922,.F.);
#1441=ORIENTED_EDGE('',*,*,#1076,.F.);
#1442=ORIENTED_EDGE('',*,*,#1077,.T.);
#1443=ORIENTED_EDGE('',*,*,#958,.F.);
#1444=ORIENTED_EDGE('',*,*,#918,.F.);
#1445=ORIENTED_EDGE('',*,*,#1074,.F.);
#1446=ORIENTED_EDGE('',*,*,#1078,.T.);
#1447=ORIENTED_EDGE('',*,*,#959,.F.);
#1448=ORIENTED_EDGE('',*,*,#1077,.F.);
#1449=ORIENTED_EDGE('',*,*,#1072,.F.);
#1450=ORIENTED_EDGE('',*,*,#1079,.T.);
#1451=ORIENTED_EDGE('',*,*,#960,.F.);
#1452=ORIENTED_EDGE('',*,*,#1078,.F.);
#1453=ORIENTED_EDGE('',*,*,#1070,.F.);
#1454=ORIENTED_EDGE('',*,*,#1068,.T.);
#1455=ORIENTED_EDGE('',*,*,#1036,.F.);
#1456=ORIENTED_EDGE('',*,*,#1060,.F.);
#1457=ORIENTED_EDGE('',*,*,#961,.F.);
#1458=ORIENTED_EDGE('',*,*,#1079,.F.);
#1459=ORIENTED_EDGE('',*,*,#1041,.F.);
#1460=ORIENTED_EDGE('',*,*,#1080,.T.);
#1461=ORIENTED_EDGE('',*,*,#1081,.T.);
#1462=ORIENTED_EDGE('',*,*,#1082,.F.);
#1463=ORIENTED_EDGE('',*,*,#1042,.F.);
#1464=ORIENTED_EDGE('',*,*,#1082,.T.);
#1465=ORIENTED_EDGE('',*,*,#1083,.T.);
#1466=ORIENTED_EDGE('',*,*,#1084,.F.);
#1467=ORIENTED_EDGE('',*,*,#1043,.F.);
#1468=ORIENTED_EDGE('',*,*,#1084,.T.);
#1469=ORIENTED_EDGE('',*,*,#1085,.T.);
#1470=ORIENTED_EDGE('',*,*,#1086,.F.);
#1471=ORIENTED_EDGE('',*,*,#1044,.F.);
#1472=ORIENTED_EDGE('',*,*,#1086,.T.);
#1473=ORIENTED_EDGE('',*,*,#1087,.T.);
#1474=ORIENTED_EDGE('',*,*,#1088,.F.);
#1475=ORIENTED_EDGE('',*,*,#1045,.F.);
#1476=ORIENTED_EDGE('',*,*,#1088,.T.);
#1477=ORIENTED_EDGE('',*,*,#1089,.T.);
#1478=ORIENTED_EDGE('',*,*,#1090,.F.);
#1479=ORIENTED_EDGE('',*,*,#1046,.F.);
#1480=ORIENTED_EDGE('',*,*,#1090,.T.);
#1481=ORIENTED_EDGE('',*,*,#1091,.T.);
#1482=ORIENTED_EDGE('',*,*,#1080,.F.);
#1483=ORIENTED_EDGE('',*,*,#1081,.F.);
#1484=ORIENTED_EDGE('',*,*,#1091,.F.);
#1485=ORIENTED_EDGE('',*,*,#1089,.F.);
#1486=ORIENTED_EDGE('',*,*,#1087,.F.);
#1487=ORIENTED_EDGE('',*,*,#1085,.F.);
#1488=ORIENTED_EDGE('',*,*,#1083,.F.);
#1489=ORIENTED_EDGE('',*,*,#1092,.F.);
#1490=ORIENTED_EDGE('',*,*,#1093,.T.);
#1491=ORIENTED_EDGE('',*,*,#1000,.T.);
#1492=ORIENTED_EDGE('',*,*,#1093,.F.);
#1493=ORIENTED_EDGE('',*,*,#1092,.T.);
#1494=ORIENTED_EDGE('',*,*,#1094,.T.);
#1495=ORIENTED_EDGE('',*,*,#1094,.F.);
#1496=ORIENTED_EDGE('',*,*,#1095,.T.);
#1497=ORIENTED_EDGE('',*,*,#1007,.T.);
#1498=ORIENTED_EDGE('',*,*,#1095,.F.);
#1499=ORIENTED_EDGE('',*,*,#982,.F.);
#1500=ORIENTED_EDGE('',*,*,#1096,.T.);
#1501=ORIENTED_EDGE('',*,*,#1097,.T.);
#1502=ORIENTED_EDGE('',*,*,#1096,.F.);
#1503=ORIENTED_EDGE('',*,*,#1097,.F.);
#1504=ORIENTED_EDGE('',*,*,#983,.F.);
#1505=ORIENTED_EDGE('',*,*,#1098,.T.);
#1506=ORIENTED_EDGE('',*,*,#1099,.T.);
#1507=ORIENTED_EDGE('',*,*,#1098,.F.);
#1508=ORIENTED_EDGE('',*,*,#1099,.F.);
#1509=ORIENTED_EDGE('',*,*,#984,.F.);
#1510=ORIENTED_EDGE('',*,*,#1100,.T.);
#1511=ORIENTED_EDGE('',*,*,#1101,.T.);
#1512=ORIENTED_EDGE('',*,*,#1100,.F.);
#1513=ORIENTED_EDGE('',*,*,#1101,.F.);
#1514=ORIENTED_EDGE('',*,*,#1102,.F.);
#1515=ORIENTED_EDGE('',*,*,#1103,.T.);
#1516=ORIENTED_EDGE('',*,*,#964,.F.);
#1517=ORIENTED_EDGE('',*,*,#1104,.F.);
#1518=ORIENTED_EDGE('',*,*,#931,.F.);
#1519=ORIENTED_EDGE('',*,*,#1105,.T.);
#1520=ORIENTED_EDGE('',*,*,#1102,.T.);
#1521=ORIENTED_EDGE('',*,*,#1106,.F.);
#1522=ORIENTED_EDGE('',*,*,#932,.F.);
#1523=ORIENTED_EDGE('',*,*,#1106,.T.);
#1524=ORIENTED_EDGE('',*,*,#1107,.T.);
#1525=ORIENTED_EDGE('',*,*,#1108,.F.);
#1526=ORIENTED_EDGE('',*,*,#933,.F.);
#1527=ORIENTED_EDGE('',*,*,#1108,.T.);
#1528=ORIENTED_EDGE('',*,*,#1109,.T.);
#1529=ORIENTED_EDGE('',*,*,#1110,.F.);
#1530=ORIENTED_EDGE('',*,*,#928,.F.);
#1531=ORIENTED_EDGE('',*,*,#1110,.T.);
#1532=ORIENTED_EDGE('',*,*,#1111,.T.);
#1533=ORIENTED_EDGE('',*,*,#1112,.F.);
#1534=ORIENTED_EDGE('',*,*,#929,.F.);
#1535=ORIENTED_EDGE('',*,*,#1112,.T.);
#1536=ORIENTED_EDGE('',*,*,#1113,.T.);
#1537=ORIENTED_EDGE('',*,*,#1114,.F.);
#1538=ORIENTED_EDGE('',*,*,#930,.F.);
#1539=ORIENTED_EDGE('',*,*,#1114,.T.);
#1540=ORIENTED_EDGE('',*,*,#1115,.T.);
#1541=ORIENTED_EDGE('',*,*,#1105,.F.);
#1542=ORIENTED_EDGE('',*,*,#1115,.F.);
#1543=ORIENTED_EDGE('',*,*,#1116,.T.);
#1544=ORIENTED_EDGE('',*,*,#965,.F.);
#1545=ORIENTED_EDGE('',*,*,#1103,.F.);
#1546=ORIENTED_EDGE('',*,*,#1113,.F.);
#1547=ORIENTED_EDGE('',*,*,#1117,.T.);
#1548=ORIENTED_EDGE('',*,*,#966,.F.);
#1549=ORIENTED_EDGE('',*,*,#1116,.F.);
#1550=ORIENTED_EDGE('',*,*,#1111,.F.);
#1551=ORIENTED_EDGE('',*,*,#1118,.T.);
#1552=ORIENTED_EDGE('',*,*,#967,.F.);
#1553=ORIENTED_EDGE('',*,*,#1117,.F.);
#1554=ORIENTED_EDGE('',*,*,#1109,.F.);
#1555=ORIENTED_EDGE('',*,*,#1119,.T.);
#1556=ORIENTED_EDGE('',*,*,#968,.F.);
#1557=ORIENTED_EDGE('',*,*,#1118,.F.);
#1558=ORIENTED_EDGE('',*,*,#1107,.F.);
#1559=ORIENTED_EDGE('',*,*,#1104,.T.);
#1560=ORIENTED_EDGE('',*,*,#969,.F.);
#1561=ORIENTED_EDGE('',*,*,#1119,.F.);
#1562=ORIENTED_EDGE('',*,*,#1120,.F.);
#1563=ORIENTED_EDGE('',*,*,#1121,.F.);
#1564=ORIENTED_EDGE('',*,*,#1122,.T.);
#1565=ORIENTED_EDGE('',*,*,#1120,.T.);
#1566=ORIENTED_EDGE('',*,*,#1122,.F.);
#1567=ORIENTED_EDGE('',*,*,#1123,.F.);
#1568=ORIENTED_EDGE('',*,*,#1121,.T.);
#1569=ORIENTED_EDGE('',*,*,#1124,.T.);
#1570=ORIENTED_EDGE('',*,*,#1125,.F.);
#1571=ORIENTED_EDGE('',*,*,#1124,.F.);
#1572=ORIENTED_EDGE('',*,*,#1123,.T.);
#1573=ORIENTED_EDGE('',*,*,#1125,.T.);
#1574=ORIENTED_EDGE('',*,*,#1126,.F.);
#1575=ORIENTED_EDGE('',*,*,#1127,.F.);
#1576=ORIENTED_EDGE('',*,*,#1128,.T.);
#1577=ORIENTED_EDGE('',*,*,#1126,.T.);
#1578=ORIENTED_EDGE('',*,*,#1128,.F.);
#1579=ORIENTED_EDGE('',*,*,#1129,.F.);
#1580=ORIENTED_EDGE('',*,*,#1127,.T.);
#1581=ORIENTED_EDGE('',*,*,#1130,.T.);
#1582=ORIENTED_EDGE('',*,*,#1131,.F.);
#1583=ORIENTED_EDGE('',*,*,#1130,.F.);
#1584=ORIENTED_EDGE('',*,*,#1129,.T.);
#1585=ORIENTED_EDGE('',*,*,#1131,.T.);
#1586=ORIENTED_EDGE('',*,*,#1132,.F.);
#1587=ORIENTED_EDGE('',*,*,#1133,.F.);
#1588=ORIENTED_EDGE('',*,*,#1134,.T.);
#1589=ORIENTED_EDGE('',*,*,#1132,.T.);
#1590=ORIENTED_EDGE('',*,*,#1134,.F.);
#1591=ORIENTED_EDGE('',*,*,#1135,.F.);
#1592=ORIENTED_EDGE('',*,*,#1133,.T.);
#1593=ORIENTED_EDGE('',*,*,#1136,.T.);
#1594=ORIENTED_EDGE('',*,*,#1137,.F.);
#1595=ORIENTED_EDGE('',*,*,#1136,.F.);
#1596=ORIENTED_EDGE('',*,*,#1135,.T.);
#1597=ORIENTED_EDGE('',*,*,#1137,.T.);
#1598=ORIENTED_EDGE('',*,*,#1138,.T.);
#1599=ORIENTED_EDGE('',*,*,#1138,.F.);
#1600=ORIENTED_EDGE('',*,*,#1139,.T.);
#1601=ORIENTED_EDGE('',*,*,#1140,.T.);
#1602=ORIENTED_EDGE('',*,*,#1141,.T.);
#1603=ORIENTED_EDGE('',*,*,#1139,.F.);
#1604=ORIENTED_EDGE('',*,*,#1140,.F.);
#1605=ORIENTED_EDGE('',*,*,#1141,.F.);
#1606=ORIENTED_EDGE('',*,*,#1142,.T.);
#1607=ORIENTED_EDGE('',*,*,#1143,.F.);
#1608=ORIENTED_EDGE('',*,*,#1144,.F.);
#1609=ORIENTED_EDGE('',*,*,#1142,.F.);
#1610=ORIENTED_EDGE('',*,*,#1143,.T.);
#1611=ORIENTED_EDGE('',*,*,#1144,.T.);
#1612=ORIENTED_EDGE('',*,*,#1145,.T.);
#1613=ORIENTED_EDGE('',*,*,#1146,.F.);
#1614=ORIENTED_EDGE('',*,*,#1145,.F.);
#1615=ORIENTED_EDGE('',*,*,#1146,.T.);
#1616=ORIENTED_EDGE('',*,*,#1147,.T.);
#1617=ORIENTED_EDGE('',*,*,#1147,.F.);
#1618=ORIENTED_EDGE('',*,*,#1148,.T.);
#1619=ORIENTED_EDGE('',*,*,#1149,.T.);
#1620=ORIENTED_EDGE('',*,*,#1150,.T.);
#1621=ORIENTED_EDGE('',*,*,#1148,.F.);
#1622=ORIENTED_EDGE('',*,*,#1150,.F.);
#1623=ORIENTED_EDGE('',*,*,#1151,.T.);
#1624=ORIENTED_EDGE('',*,*,#1152,.F.);
#1625=ORIENTED_EDGE('',*,*,#1153,.F.);
#1626=ORIENTED_EDGE('',*,*,#1151,.F.);
#1627=ORIENTED_EDGE('',*,*,#1149,.F.);
#1628=ORIENTED_EDGE('',*,*,#1153,.T.);
#1629=ORIENTED_EDGE('',*,*,#1154,.T.);
#1630=ORIENTED_EDGE('',*,*,#1155,.F.);
#1631=ORIENTED_EDGE('',*,*,#1154,.F.);
#1632=ORIENTED_EDGE('',*,*,#1152,.T.);
#1633=ORIENTED_EDGE('',*,*,#1155,.T.);
#1634=PLANE('',#1827);
#1635=PLANE('',#1828);
#1636=PLANE('',#1829);
#1637=PLANE('',#1842);
#1638=PLANE('',#1845);
#1639=PLANE('',#1846);
#1640=PLANE('',#1847);
#1641=PLANE('',#1849);
#1642=PLANE('',#1865);
#1643=PLANE('',#1880);
#1644=PLANE('',#1883);
#1645=PLANE('',#1887);
#1646=PLANE('',#1894);
#1647=PLANE('',#1906);
#1648=PLANE('',#1911);
#1649=PLANE('',#1916);
#1650=PLANE('',#1921);
#1651=PLANE('',#1926);
#1652=PLANE('',#1931);
#1653=PLANE('',#1935);
#1654=PLANE('',#1943);
#1655=PLANE('',#1948);
#1656=PLANE('',#1953);
#1657=PLANE('',#1958);
#1658=PLANE('',#1959);
#1659=PLANE('',#1966);
#1660=PLANE('',#1969);
#1661=PLANE('',#1973);
#1662=PLANE('',#1975);
#1663=PLANE('',#1976);
#1664=PLANE('',#1977);
#1665=PLANE('',#1978);
#1666=PLANE('',#1979);
#1667=PLANE('',#1980);
#1668=PLANE('',#1981);
#1669=PLANE('',#1982);
#1670=PLANE('',#1985);
#1671=PLANE('',#1986);
#1672=PLANE('',#1991);
#1673=PLANE('',#1994);
#1674=PLANE('',#1997);
#1675=PLANE('',#1998);
#1676=PLANE('',#1999);
#1677=PLANE('',#2002);
#1678=PLANE('',#2005);
#1679=PLANE('',#2009);
#1680=PLANE('',#2011);
#1681=PLANE('',#2013);
#1682=PLANE('',#2020);
#1683=PLANE('',#2021);
#1684=PLANE('',#2028);
#1685=PLANE('',#2029);
#1686=PLANE('',#2036);
#1687=PLANE('',#2037);
#1688=PLANE('',#2049);
#1689=PLANE('',#2050);
#1690=PLANE('',#2062);
#1691=ADVANCED_FACE('',(#247),#1634,.F.);
#1692=ADVANCED_FACE('',(#248),#1635,.T.);
#1693=ADVANCED_FACE('',(#249,#87,#88,#89,#90),#1636,.T.);
#1694=ADVANCED_FACE('',(#250),#73,.T.);
#1695=ADVANCED_FACE('',(#251),#1637,.T.);
#1696=ADVANCED_FACE('',(#252),#74,.T.);
#1697=ADVANCED_FACE('',(#253),#1638,.T.);
#1698=ADVANCED_FACE('',(#254),#1639,.T.);
#1699=ADVANCED_FACE('',(#255),#1640,.T.);
#1700=ADVANCED_FACE('',(#256,#91,#92),#1641,.F.);
#1701=ADVANCED_FACE('',(#257),#29,.T.);
#1702=ADVANCED_FACE('',(#258),#75,.T.);
#1703=ADVANCED_FACE('',(#259,#93,#94,#95,#96,#97,#98,#99,#100,#101,#102),
#1642,.T.);
#1704=ADVANCED_FACE('',(#260),#30,.T.);
#1705=ADVANCED_FACE('',(#261),#76,.T.);
#1706=ADVANCED_FACE('',(#262),#1643,.T.);
#1707=ADVANCED_FACE('',(#263),#31,.F.);
#1708=ADVANCED_FACE('',(#264,#103),#1644,.T.);
#1709=ADVANCED_FACE('',(#265),#32,.F.);
#1710=ADVANCED_FACE('',(#266,#104,#105,#106,#107,#108),#1645,.T.);
#1711=ADVANCED_FACE('',(#267,#109,#110,#111,#112,#113,#114,#115),#1646,
 .T.);
#1712=ADVANCED_FACE('',(#268),#33,.F.);
#1713=ADVANCED_FACE('',(#269),#34,.F.);
#1714=ADVANCED_FACE('',(#270),#35,.F.);
#1715=ADVANCED_FACE('',(#271,#116),#1647,.T.);
#1716=ADVANCED_FACE('',(#272),#36,.F.);
#1717=ADVANCED_FACE('',(#273),#37,.F.);
#1718=ADVANCED_FACE('',(#274,#117),#1648,.T.);
#1719=ADVANCED_FACE('',(#275),#38,.F.);
#1720=ADVANCED_FACE('',(#276),#39,.F.);
#1721=ADVANCED_FACE('',(#277,#118),#1649,.T.);
#1722=ADVANCED_FACE('',(#278),#40,.F.);
#1723=ADVANCED_FACE('',(#279),#41,.F.);
#1724=ADVANCED_FACE('',(#280,#119),#1650,.T.);
#1725=ADVANCED_FACE('',(#281),#42,.F.);
#1726=ADVANCED_FACE('',(#282),#43,.F.);
#1727=ADVANCED_FACE('',(#283,#120),#1651,.T.);
#1728=ADVANCED_FACE('',(#284),#44,.F.);
#1729=ADVANCED_FACE('',(#285),#45,.F.);
#1730=ADVANCED_FACE('',(#286,#121),#1652,.T.);
#1731=ADVANCED_FACE('',(#287),#46,.F.);
#1732=ADVANCED_FACE('',(#288,#122,#123,#124,#125,#126),#1653,.T.);
#1733=ADVANCED_FACE('',(#289),#47,.F.);
#1734=ADVANCED_FACE('',(#290,#127),#1654,.T.);
#1735=ADVANCED_FACE('',(#291),#48,.F.);
#1736=ADVANCED_FACE('',(#292),#49,.F.);
#1737=ADVANCED_FACE('',(#293,#128),#1655,.T.);
#1738=ADVANCED_FACE('',(#294),#50,.F.);
#1739=ADVANCED_FACE('',(#295),#51,.F.);
#1740=ADVANCED_FACE('',(#296,#129),#1656,.T.);
#1741=ADVANCED_FACE('',(#297),#52,.F.);
#1742=ADVANCED_FACE('',(#298),#53,.T.);
#1743=ADVANCED_FACE('',(#299),#1657,.T.);
#1744=ADVANCED_FACE('',(#300),#1658,.T.);
#1745=ADVANCED_FACE('',(#301),#77,.T.);
#1746=ADVANCED_FACE('',(#302),#54,.T.);
#1747=ADVANCED_FACE('',(#303),#55,.F.);
#1748=ADVANCED_FACE('',(#304),#78,.F.);
#1749=ADVANCED_FACE('',(#305),#1659,.T.);
#1750=ADVANCED_FACE('',(#306),#79,.F.);
#1751=ADVANCED_FACE('',(#307),#1660,.T.);
#1752=ADVANCED_FACE('',(#308),#80,.F.);
#1753=ADVANCED_FACE('',(#309),#56,.F.);
#1754=ADVANCED_FACE('',(#310),#1661,.F.);
#1755=ADVANCED_FACE('',(#311),#57,.F.);
#1756=ADVANCED_FACE('',(#312),#1662,.F.);
#1757=ADVANCED_FACE('',(#313),#1663,.T.);
#1758=ADVANCED_FACE('',(#314),#1664,.T.);
#1759=ADVANCED_FACE('',(#315),#1665,.T.);
#1760=ADVANCED_FACE('',(#316),#1666,.T.);
#1761=ADVANCED_FACE('',(#317),#1667,.T.);
#1762=ADVANCED_FACE('',(#318),#1668,.T.);
#1763=ADVANCED_FACE('',(#319),#1669,.T.);
#1764=ADVANCED_FACE('',(#320),#58,.F.);
#1765=ADVANCED_FACE('',(#321),#1670,.T.);
#1766=ADVANCED_FACE('',(#322),#1671,.T.);
#1767=ADVANCED_FACE('',(#323),#59,.F.);
#1768=ADVANCED_FACE('',(#324),#60,.F.);
#1769=ADVANCED_FACE('',(#325),#1672,.F.);
#1770=ADVANCED_FACE('',(#326),#61,.F.);
#1771=ADVANCED_FACE('',(#327),#1673,.F.);
#1772=ADVANCED_FACE('',(#328),#62,.F.);
#1773=ADVANCED_FACE('',(#329),#1674,.F.);
#1774=ADVANCED_FACE('',(#330),#1675,.F.);
#1775=ADVANCED_FACE('',(#331),#1676,.T.);
#1776=ADVANCED_FACE('',(#332),#81,.F.);
#1777=ADVANCED_FACE('',(#333),#1677,.T.);
#1778=ADVANCED_FACE('',(#334),#82,.F.);
#1779=ADVANCED_FACE('',(#335),#1678,.T.);
#1780=ADVANCED_FACE('',(#336),#83,.F.);
#1781=ADVANCED_FACE('',(#337),#63,.F.);
#1782=ADVANCED_FACE('',(#338),#1679,.F.);
#1783=ADVANCED_FACE('',(#339),#64,.F.);
#1784=ADVANCED_FACE('',(#340),#1680,.F.);
#1785=ADVANCED_FACE('',(#341),#65,.F.);
#1786=ADVANCED_FACE('',(#342),#1681,.F.);
#1787=ADVANCED_FACE('',(#343),#66,.T.);
#1788=ADVANCED_FACE('',(#344),#84,.T.);
#1789=ADVANCED_FACE('',(#345),#1682,.T.);
#1790=ADVANCED_FACE('',(#346),#1683,.F.);
#1791=ADVANCED_FACE('',(#347),#67,.T.);
#1792=ADVANCED_FACE('',(#348),#85,.T.);
#1793=ADVANCED_FACE('',(#349),#1684,.T.);
#1794=ADVANCED_FACE('',(#350),#1685,.F.);
#1795=ADVANCED_FACE('',(#351),#68,.T.);
#1796=ADVANCED_FACE('',(#352),#86,.T.);
#1797=ADVANCED_FACE('',(#353),#1686,.T.);
#1798=ADVANCED_FACE('',(#354),#1687,.T.);
#1799=ADVANCED_FACE('',(#355),#13,.T.);
#1800=ADVANCED_FACE('',(#356),#69,.T.);
#1801=ADVANCED_FACE('',(#357),#14,.T.);
#1802=ADVANCED_FACE('',(#358),#1688,.F.);
#1803=ADVANCED_FACE('',(#359),#1689,.T.);
#1804=ADVANCED_FACE('',(#360),#15,.T.);
#1805=ADVANCED_FACE('',(#361),#70,.T.);
#1806=ADVANCED_FACE('',(#362),#16,.T.);
#1807=ADVANCED_FACE('',(#363),#1690,.F.);
#1808=CLOSED_SHELL('',(#1691,#1692,#1693,#1694,#1695,#1696,#1697,#1698,
#1699,#1700,#1701,#1702,#1703,#1704,#1705,#1706,#1707,#1708,#1709,#1710,
#1711,#1712,#1713,#1714,#1715,#1716,#1717,#1718,#1719,#1720,#1721,#1722,
#1723,#1724,#1725,#1726,#1727,#1728,#1729,#1730,#1731,#1732,#1733,#1734,
#1735,#1736,#1737,#1738,#1739,#1740,#1741,#1742,#1743,#1744,#1745,#1746,
#1747,#1748,#1749,#1750,#1751,#1752,#1753,#1754,#1755,#1756,#1757,#1758,
#1759,#1760,#1761,#1762,#1763,#1764,#1765,#1766,#1767,#1768,#1769,#1770,
#1771,#1772,#1773,#1774,#1775,#1776,#1777,#1778,#1779,#1780,#1781,#1782,
#1783,#1784,#1785));
#1809=CLOSED_SHELL('',(#1786,#1787,#1788,#1789));
#1810=CLOSED_SHELL('',(#1790,#1791,#1792,#1793));
#1811=CLOSED_SHELL('',(#1794,#1795,#1796,#1797));
#1812=CLOSED_SHELL('',(#1798,#1799,#1800,#1801,#1802));
#1813=CLOSED_SHELL('',(#1803,#1804,#1805,#1806,#1807));
#1814=DERIVED_UNIT_ELEMENT(#1816,1.);
#1815=DERIVED_UNIT_ELEMENT(#3172,-3.);
#1816=(
MASS_UNIT()
NAMED_UNIT(*)
SI_UNIT(.KILO.,.GRAM.)
);
#1817=DERIVED_UNIT((#1814,#1815));
#1818=MEASURE_REPRESENTATION_ITEM('density measure',
POSITIVE_RATIO_MEASURE(7850.),#1817);
#1819=PROPERTY_DEFINITION_REPRESENTATION(#1824,#1821);
#1820=PROPERTY_DEFINITION_REPRESENTATION(#1825,#1822);
#1821=REPRESENTATION('material name',(#1823),#3169);
#1822=REPRESENTATION('density',(#1818),#3169);
#1823=DESCRIPTIVE_REPRESENTATION_ITEM('\X2\94A2\X0\','\X2\94A2\X0\');
#1824=PROPERTY_DEFINITION('material property','material name',#3179);
#1825=PROPERTY_DEFINITION('material property','density of part',#3179);
#1826=AXIS2_PLACEMENT_3D('',#2657,#2063,#2064);
#1827=AXIS2_PLACEMENT_3D('',#2658,#2065,#2066);
#1828=AXIS2_PLACEMENT_3D('',#2667,#2071,#2072);
#1829=AXIS2_PLACEMENT_3D('',#2673,#2076,#2077);
#1830=AXIS2_PLACEMENT_3D('',#2676,#2078,#2079);
#1831=AXIS2_PLACEMENT_3D('',#2680,#2081,#2082);
#1832=AXIS2_PLACEMENT_3D('',#2684,#2084,#2085);
#1833=AXIS2_PLACEMENT_3D('',#2688,#2087,#2088);
#1834=AXIS2_PLACEMENT_3D('',#2692,#2090,#2091);
#1835=AXIS2_PLACEMENT_3D('',#2696,#2093,#2094);
#1836=AXIS2_PLACEMENT_3D('',#2699,#2096,#2097);
#1837=AXIS2_PLACEMENT_3D('',#2701,#2098,#2099);
#1838=AXIS2_PLACEMENT_3D('',#2704,#2101,#2102);
#1839=AXIS2_PLACEMENT_3D('',#2706,#2103,#2104);
#1840=AXIS2_PLACEMENT_3D('',#2707,#2105,#2106);
#1841=AXIS2_PLACEMENT_3D('',#2711,#2108,#2109);
#1842=AXIS2_PLACEMENT_3D('',#2713,#2111,#2112);
#1843=AXIS2_PLACEMENT_3D('',#2717,#2115,#2116);
#1844=AXIS2_PLACEMENT_3D('',#2719,#2117,#2118);
#1845=AXIS2_PLACEMENT_3D('',#2721,#2120,#2121);
#1846=AXIS2_PLACEMENT_3D('',#2723,#2123,#2124);
#1847=AXIS2_PLACEMENT_3D('',#2729,#2128,#2129);
#1848=AXIS2_PLACEMENT_3D('',#2733,#2131,#2132);
#1849=AXIS2_PLACEMENT_3D('',#2735,#2134,#2135);
#1850=AXIS2_PLACEMENT_3D('',#2740,#2137,#2138);
#1851=AXIS2_PLACEMENT_3D('',#2741,#2139,#2140);
#1852=AXIS2_PLACEMENT_3D('',#2743,#2141,#2142);
#1853=AXIS2_PLACEMENT_3D('',#2747,#2144,#2145);
#1854=AXIS2_PLACEMENT_3D('',#2750,#2147,#2148);
#1855=AXIS2_PLACEMENT_3D('',#2751,#2149,#2150);
#1856=AXIS2_PLACEMENT_3D('',#2756,#2152,#2153);
#1857=AXIS2_PLACEMENT_3D('',#2760,#2155,#2156);
#1858=AXIS2_PLACEMENT_3D('',#2763,#2158,#2159);
#1859=AXIS2_PLACEMENT_3D('',#2765,#2160,#2161);
#1860=AXIS2_PLACEMENT_3D('',#2766,#2162,#2163);
#1861=AXIS2_PLACEMENT_3D('',#2770,#2165,#2166);
#1862=AXIS2_PLACEMENT_3D('',#2771,#2167,#2168);
#1863=AXIS2_PLACEMENT_3D('',#2772,#2169,#2170);
#1864=AXIS2_PLACEMENT_3D('',#2775,#2172,#2173);
#1865=AXIS2_PLACEMENT_3D('',#2776,#2174,#2175);
#1866=AXIS2_PLACEMENT_3D('',#2778,#2176,#2177);
#1867=AXIS2_PLACEMENT_3D('',#2780,#2178,#2179);
#1868=AXIS2_PLACEMENT_3D('',#2782,#2180,#2181);
#1869=AXIS2_PLACEMENT_3D('',#2784,#2182,#2183);
#1870=AXIS2_PLACEMENT_3D('',#2786,#2184,#2185);
#1871=AXIS2_PLACEMENT_3D('',#2788,#2186,#2187);
#1872=AXIS2_PLACEMENT_3D('',#2790,#2188,#2189);
#1873=AXIS2_PLACEMENT_3D('',#2792,#2190,#2191);
#1874=AXIS2_PLACEMENT_3D('',#2794,#2192,#2193);
#1875=AXIS2_PLACEMENT_3D('',#2796,#2194,#2195);
#1876=AXIS2_PLACEMENT_3D('',#2797,#2196,#2197);
#1877=AXIS2_PLACEMENT_3D('',#2799,#2198,#2199);
#1878=AXIS2_PLACEMENT_3D('',#2801,#2201,#2202);
#1879=AXIS2_PLACEMENT_3D('',#2804,#2204,#2205);
#1880=AXIS2_PLACEMENT_3D('',#2805,#2206,#2207);
#1881=AXIS2_PLACEMENT_3D('',#2806,#2208,#2209);
#1882=AXIS2_PLACEMENT_3D('',#2809,#2211,#2212);
#1883=AXIS2_PLACEMENT_3D('',#2810,#2213,#2214);
#1884=AXIS2_PLACEMENT_3D('',#2812,#2215,#2216);
#1885=AXIS2_PLACEMENT_3D('',#2813,#2217,#2218);
#1886=AXIS2_PLACEMENT_3D('',#2816,#2220,#2221);
#1887=AXIS2_PLACEMENT_3D('',#2817,#2222,#2223);
#1888=AXIS2_PLACEMENT_3D('',#2819,#2224,#2225);
#1889=AXIS2_PLACEMENT_3D('',#2821,#2226,#2227);
#1890=AXIS2_PLACEMENT_3D('',#2823,#2228,#2229);
#1891=AXIS2_PLACEMENT_3D('',#2825,#2230,#2231);
#1892=AXIS2_PLACEMENT_3D('',#2827,#2232,#2233);
#1893=AXIS2_PLACEMENT_3D('',#2829,#2234,#2235);
#1894=AXIS2_PLACEMENT_3D('',#2830,#2236,#2237);
#1895=AXIS2_PLACEMENT_3D('',#2832,#2238,#2239);
#1896=AXIS2_PLACEMENT_3D('',#2834,#2240,#2241);
#1897=AXIS2_PLACEMENT_3D('',#2836,#2242,#2243);
#1898=AXIS2_PLACEMENT_3D('',#2838,#2244,#2245);
#1899=AXIS2_PLACEMENT_3D('',#2840,#2246,#2247);
#1900=AXIS2_PLACEMENT_3D('',#2842,#2248,#2249);
#1901=AXIS2_PLACEMENT_3D('',#2844,#2250,#2251);
#1902=AXIS2_PLACEMENT_3D('',#2845,#2252,#2253);
#1903=AXIS2_PLACEMENT_3D('',#2847,#2255,#2256);
#1904=AXIS2_PLACEMENT_3D('',#2849,#2258,#2259);
#1905=AXIS2_PLACEMENT_3D('',#2851,#2260,#2261);
#1906=AXIS2_PLACEMENT_3D('',#2853,#2263,#2264);
#1907=AXIS2_PLACEMENT_3D('',#2855,#2265,#2266);
#1908=AXIS2_PLACEMENT_3D('',#2856,#2267,#2268);
#1909=AXIS2_PLACEMENT_3D('',#2858,#2270,#2271);
#1910=AXIS2_PLACEMENT_3D('',#2860,#2272,#2273);
#1911=AXIS2_PLACEMENT_3D('',#2862,#2275,#2276);
#1912=AXIS2_PLACEMENT_3D('',#2864,#2277,#2278);
#1913=AXIS2_PLACEMENT_3D('',#2865,#2279,#2280);
#1914=AXIS2_PLACEMENT_3D('',#2867,#2282,#2283);
#1915=AXIS2_PLACEMENT_3D('',#2869,#2284,#2285);
#1916=AXIS2_PLACEMENT_3D('',#2871,#2287,#2288);
#1917=AXIS2_PLACEMENT_3D('',#2873,#2289,#2290);
#1918=AXIS2_PLACEMENT_3D('',#2874,#2291,#2292);
#1919=AXIS2_PLACEMENT_3D('',#2876,#2294,#2295);
#1920=AXIS2_PLACEMENT_3D('',#2878,#2296,#2297);
#1921=AXIS2_PLACEMENT_3D('',#2880,#2299,#2300);
#1922=AXIS2_PLACEMENT_3D('',#2882,#2301,#2302);
#1923=AXIS2_PLACEMENT_3D('',#2883,#2303,#2304);
#1924=AXIS2_PLACEMENT_3D('',#2885,#2306,#2307);
#1925=AXIS2_PLACEMENT_3D('',#2887,#2308,#2309);
#1926=AXIS2_PLACEMENT_3D('',#2889,#2311,#2312);
#1927=AXIS2_PLACEMENT_3D('',#2891,#2313,#2314);
#1928=AXIS2_PLACEMENT_3D('',#2892,#2315,#2316);
#1929=AXIS2_PLACEMENT_3D('',#2894,#2318,#2319);
#1930=AXIS2_PLACEMENT_3D('',#2896,#2320,#2321);
#1931=AXIS2_PLACEMENT_3D('',#2898,#2323,#2324);
#1932=AXIS2_PLACEMENT_3D('',#2900,#2325,#2326);
#1933=AXIS2_PLACEMENT_3D('',#2901,#2327,#2328);
#1934=AXIS2_PLACEMENT_3D('',#2903,#2329,#2330);
#1935=AXIS2_PLACEMENT_3D('',#2905,#2332,#2333);
#1936=AXIS2_PLACEMENT_3D('',#2908,#2334,#2335);
#1937=AXIS2_PLACEMENT_3D('',#2911,#2337,#2338);
#1938=AXIS2_PLACEMENT_3D('',#2913,#2339,#2340);
#1939=AXIS2_PLACEMENT_3D('',#2915,#2341,#2342);
#1940=AXIS2_PLACEMENT_3D('',#2917,#2343,#2344);
#1941=AXIS2_PLACEMENT_3D('',#2930,#2351,#2352);
#1942=AXIS2_PLACEMENT_3D('',#2933,#2354,#2355);
#1943=AXIS2_PLACEMENT_3D('',#2934,#2356,#2357);
#1944=AXIS2_PLACEMENT_3D('',#2936,#2358,#2359);
#1945=AXIS2_PLACEMENT_3D('',#2937,#2360,#2361);
#1946=AXIS2_PLACEMENT_3D('',#2939,#2363,#2364);
#1947=AXIS2_PLACEMENT_3D('',#2942,#2366,#2367);
#1948=AXIS2_PLACEMENT_3D('',#2943,#2368,#2369);
#1949=AXIS2_PLACEMENT_3D('',#2945,#2370,#2371);
#1950=AXIS2_PLACEMENT_3D('',#2946,#2372,#2373);
#1951=AXIS2_PLACEMENT_3D('',#2948,#2375,#2376);
#1952=AXIS2_PLACEMENT_3D('',#2951,#2378,#2379);
#1953=AXIS2_PLACEMENT_3D('',#2952,#2380,#2381);
#1954=AXIS2_PLACEMENT_3D('',#2954,#2382,#2383);
#1955=AXIS2_PLACEMENT_3D('',#2955,#2384,#2385);
#1956=AXIS2_PLACEMENT_3D('',#2957,#2387,#2388);
#1957=AXIS2_PLACEMENT_3D('',#2962,#2392,#2393);
#1958=AXIS2_PLACEMENT_3D('',#2963,#2394,#2395);
#1959=AXIS2_PLACEMENT_3D('',#2967,#2398,#2399);
#1960=AXIS2_PLACEMENT_3D('',#2969,#2401,#2402);
#1961=AXIS2_PLACEMENT_3D('',#2970,#2403,#2404);
#1962=AXIS2_PLACEMENT_3D('',#2971,#2405,#2406);
#1963=AXIS2_PLACEMENT_3D('',#2972,#2407,#2408);
#1964=AXIS2_PLACEMENT_3D('',#2974,#2409,#2410);
#1965=AXIS2_PLACEMENT_3D('',#2976,#2412,#2413);
#1966=AXIS2_PLACEMENT_3D('',#2978,#2415,#2416);
#1967=AXIS2_PLACEMENT_3D('',#2982,#2419,#2420);
#1968=AXIS2_PLACEMENT_3D('',#2984,#2421,#2422);
#1969=AXIS2_PLACEMENT_3D('',#2986,#2424,#2425);
#1970=AXIS2_PLACEMENT_3D('',#2990,#2428,#2429);
#1971=AXIS2_PLACEMENT_3D('',#2991,#2430,#2431);
#1972=AXIS2_PLACEMENT_3D('',#2992,#2432,#2433);
#1973=AXIS2_PLACEMENT_3D('',#2994,#2435,#2436);
#1974=AXIS2_PLACEMENT_3D('',#2996,#2438,#2439);
#1975=AXIS2_PLACEMENT_3D('',#2998,#2441,#2442);
#1976=AXIS2_PLACEMENT_3D('',#2999,#2443,#2444);
#1977=AXIS2_PLACEMENT_3D('',#3005,#2448,#2449);
#1978=AXIS2_PLACEMENT_3D('',#3009,#2452,#2453);
#1979=AXIS2_PLACEMENT_3D('',#3013,#2456,#2457);
#1980=AXIS2_PLACEMENT_3D('',#3017,#2460,#2461);
#1981=AXIS2_PLACEMENT_3D('',#3021,#2464,#2465);
#1982=AXIS2_PLACEMENT_3D('',#3023,#2467,#2468);
#1983=AXIS2_PLACEMENT_3D('',#3024,#2469,#2470);
#1984=AXIS2_PLACEMENT_3D('',#3026,#2471,#2472);
#1985=AXIS2_PLACEMENT_3D('',#3028,#2474,#2475);
#1986=AXIS2_PLACEMENT_3D('',#3029,#2476,#2477);
#1987=AXIS2_PLACEMENT_3D('',#3031,#2478,#2479);
#1988=AXIS2_PLACEMENT_3D('',#3032,#2480,#2481);
#1989=AXIS2_PLACEMENT_3D('',#3034,#2483,#2484);
#1990=AXIS2_PLACEMENT_3D('',#3037,#2486,#2487);
#1991=AXIS2_PLACEMENT_3D('',#3038,#2488,#2489);
#1992=AXIS2_PLACEMENT_3D('',#3039,#2490,#2491);
#1993=AXIS2_PLACEMENT_3D('',#3042,#2493,#2494);
#1994=AXIS2_PLACEMENT_3D('',#3043,#2495,#2496);
#1995=AXIS2_PLACEMENT_3D('',#3044,#2497,#2498);
#1996=AXIS2_PLACEMENT_3D('',#3047,#2500,#2501);
#1997=AXIS2_PLACEMENT_3D('',#3048,#2502,#2503);
#1998=AXIS2_PLACEMENT_3D('',#3049,#2504,#2505);
#1999=AXIS2_PLACEMENT_3D('',#3055,#2509,#2510);
#2000=AXIS2_PLACEMENT_3D('',#3058,#2513,#2514);
#2001=AXIS2_PLACEMENT_3D('',#3060,#2515,#2516);
#2002=AXIS2_PLACEMENT_3D('',#3062,#2518,#2519);
#2003=AXIS2_PLACEMENT_3D('',#3066,#2522,#2523);
#2004=AXIS2_PLACEMENT_3D('',#3068,#2524,#2525);
#2005=AXIS2_PLACEMENT_3D('',#3070,#2527,#2528);
#2006=AXIS2_PLACEMENT_3D('',#3074,#2531,#2532);
#2007=AXIS2_PLACEMENT_3D('',#3075,#2533,#2534);
#2008=AXIS2_PLACEMENT_3D('',#3076,#2535,#2536);
#2009=AXIS2_PLACEMENT_3D('',#3078,#2538,#2539);
#2010=AXIS2_PLACEMENT_3D('',#3080,#2541,#2542);
#2011=AXIS2_PLACEMENT_3D('',#3082,#2544,#2545);
#2012=AXIS2_PLACEMENT_3D('',#3084,#2547,#2548);
#2013=AXIS2_PLACEMENT_3D('',#3085,#2549,#2550);
#2014=AXIS2_PLACEMENT_3D('',#3087,#2551,#2552);
#2015=AXIS2_PLACEMENT_3D('',#3088,#2553,#2554);
#2016=AXIS2_PLACEMENT_3D('',#3091,#2555,#2556);
#2017=AXIS2_PLACEMENT_3D('',#3093,#2558,#2559);
#2018=AXIS2_PLACEMENT_3D('',#3094,#2560,#2561);
#2019=AXIS2_PLACEMENT_3D('',#3097,#2563,#2564);
#2020=AXIS2_PLACEMENT_3D('',#3098,#2565,#2566);
#2021=AXIS2_PLACEMENT_3D('',#3099,#2567,#2568);
#2022=AXIS2_PLACEMENT_3D('',#3101,#2569,#2570);
#2023=AXIS2_PLACEMENT_3D('',#3102,#2571,#2572);
#2024=AXIS2_PLACEMENT_3D('',#3105,#2573,#2574);
#2025=AXIS2_PLACEMENT_3D('',#3107,#2576,#2577);
#2026=AXIS2_PLACEMENT_3D('',#3108,#2578,#2579);
#2027=AXIS2_PLACEMENT_3D('',#3111,#2581,#2582);
#2028=AXIS2_PLACEMENT_3D('',#3112,#2583,#2584);
#2029=AXIS2_PLACEMENT_3D('',#3113,#2585,#2586);
#2030=AXIS2_PLACEMENT_3D('',#3115,#2587,#2588);
#2031=AXIS2_PLACEMENT_3D('',#3116,#2589,#2590);
#2032=AXIS2_PLACEMENT_3D('',#3119,#2591,#2592);
#2033=AXIS2_PLACEMENT_3D('',#3121,#2594,#2595);
#2034=AXIS2_PLACEMENT_3D('',#3122,#2596,#2597);
#2035=AXIS2_PLACEMENT_3D('',#3125,#2599,#2600);
#2036=AXIS2_PLACEMENT_3D('',#3126,#2601,#2602);
#2037=AXIS2_PLACEMENT_3D('',#3127,#2603,#2604);
#2038=AXIS2_PLACEMENT_3D('',#3129,#2605,#2606);
#2039=AXIS2_PLACEMENT_3D('',#3130,#2607,#2608);
#2040=AXIS2_PLACEMENT_3D('',#3132,#2609,#2610);
#2041=AXIS2_PLACEMENT_3D('',#3134,#2611,#2612);
#2042=AXIS2_PLACEMENT_3D('',#3135,#2613,#2614);
#2043=AXIS2_PLACEMENT_3D('',#3136,#2615,#2616);
#2044=AXIS2_PLACEMENT_3D('',#3140,#2618,#2619);
#2045=AXIS2_PLACEMENT_3D('',#3141,#2620,#2621);
#2046=AXIS2_PLACEMENT_3D('',#3142,#2622,#2623);
#2047=AXIS2_PLACEMENT_3D('',#3144,#2624,#2625);
#2048=AXIS2_PLACEMENT_3D('',#3145,#2626,#2627);
#2049=AXIS2_PLACEMENT_3D('',#3146,#2628,#2629);
#2050=AXIS2_PLACEMENT_3D('',#3147,#2630,#2631);
#2051=AXIS2_PLACEMENT_3D('',#3149,#2632,#2633);
#2052=AXIS2_PLACEMENT_3D('',#3150,#2634,#2635);
#2053=AXIS2_PLACEMENT_3D('',#3152,#2636,#2637);
#2054=AXIS2_PLACEMENT_3D('',#3154,#2638,#2639);
#2055=AXIS2_PLACEMENT_3D('',#3155,#2640,#2641);
#2056=AXIS2_PLACEMENT_3D('',#3156,#2642,#2643);
#2057=AXIS2_PLACEMENT_3D('',#3160,#2645,#2646);
#2058=AXIS2_PLACEMENT_3D('',#3161,#2647,#2648);
#2059=AXIS2_PLACEMENT_3D('',#3162,#2649,#2650);
#2060=AXIS2_PLACEMENT_3D('',#3164,#2651,#2652);
#2061=AXIS2_PLACEMENT_3D('',#3165,#2653,#2654);
#2062=AXIS2_PLACEMENT_3D('',#3166,#2655,#2656);
#2063=DIRECTION('axis',(0.,0.,1.));
#2064=DIRECTION('refdir',(1.,0.,0.));
#2065=DIRECTION('center_axis',(-0.866025403784429,-0.500000000000017,0.));
#2066=DIRECTION('ref_axis',(0.500000000000017,-0.866025403784429,0.));
#2067=DIRECTION('',(-0.499999999950314,0.866025403813125,-5.73390832978616E-11));
#2068=DIRECTION('',(-8.598113688648E-9,1.149254013568E-8,-1.));
#2069=DIRECTION('',(0.500000000000017,-0.866025403784429,0.));
#2070=DIRECTION('',(-4.362873421181E-9,3.793315480836E-9,-1.));
#2071=DIRECTION('center_axis',(0.612372435695813,0.353553390593307,0.707106781186515));
#2072=DIRECTION('ref_axis',(0.612372435695756,0.353553390593275,-0.70710678118658));
#2073=DIRECTION('',(-0.499999999911708,0.866025403835414,-1.01936099977202E-10));
#2074=DIRECTION('',(0.612372410221847,0.353553434715427,-0.707106781186554));
#2075=DIRECTION('',(0.612372425924784,0.353553407517091,-0.707106781186582));
#2076=DIRECTION('center_axis',(0.,0.,1.));
#2077=DIRECTION('ref_axis',(1.,0.,0.));
#2078=DIRECTION('center_axis',(0.,0.,1.));
#2079=DIRECTION('ref_axis',(0.866025403784429,0.500000000000017,0.));
#2080=DIRECTION('',(0.500000000002423,-0.86602540378304,2.80103982484113E-12));
#2081=DIRECTION('center_axis',(0.,0.,1.));
#2082=DIRECTION('ref_axis',(-0.866025403784429,-0.500000000000017,0.));
#2083=DIRECTION('',(-0.499999999997611,0.866025403785818,-2.75705384746806E-12));
#2084=DIRECTION('center_axis',(0.,0.,-1.));
#2085=DIRECTION('ref_axis',(0.866025403784429,0.500000000000017,0.));
#2086=DIRECTION('',(-1.,1.019354965862E-10,-1.019359706791E-10));
#2087=DIRECTION('center_axis',(0.,0.,-1.));
#2088=DIRECTION('ref_axis',(0.,-1.,0.));
#2089=DIRECTION('',(0.500000000088282,0.866025403733469,-1.01935970679096E-10));
#2090=DIRECTION('center_axis',(0.,0.,-1.));
#2091=DIRECTION('ref_axis',(-0.866025403784429,0.500000000000017,0.));
#2092=DIRECTION('',(0.499999999911708,-0.866025403835414,-1.01935841381102E-10));
#2093=DIRECTION('center_axis',(0.,0.,-1.));
#2094=DIRECTION('ref_axis',(0.,1.,0.));
#2095=DIRECTION('',(-0.500000000088282,-0.866025403733469,-1.01935970679096E-10));
#2096=DIRECTION('center_axis',(0.,0.,-1.));
#2097=DIRECTION('ref_axis',(0.866025403784429,-0.500000000000017,0.));
#2098=DIRECTION('center_axis',(0.,0.,-1.));
#2099=DIRECTION('ref_axis',(-0.866025403784429,-0.500000000000017,0.));
#2100=DIRECTION('',(1.,-1.019358413811E-10,-1.019360137785E-10));
#2101=DIRECTION('center_axis',(0.,0.,1.));
#2102=DIRECTION('ref_axis',(1.,0.,0.));
#2103=DIRECTION('center_axis',(0.,0.,1.));
#2104=DIRECTION('ref_axis',(1.,0.,0.));
#2105=DIRECTION('center_axis',(0.,0.,-1.));
#2106=DIRECTION('ref_axis',(-0.499999999292426,0.866025404192957,0.));
#2107=DIRECTION('',(0.612372434467931,0.353553392720018,-0.707106781186536));
#2108=DIRECTION('center_axis',(0.,0.,1.));
#2109=DIRECTION('ref_axis',(0.866025403784429,0.500000000000017,0.));
#2110=DIRECTION('',(-0.612372435693214,-0.353553390597808,-0.707106781186516));
#2111=DIRECTION('center_axis',(-0.612372435695813,-0.353553390593307,0.707106781186515));
#2112=DIRECTION('ref_axis',(-0.612372435695756,-0.353553390593275,-0.70710678118658));
#2113=DIRECTION('',(0.500000000001993,-0.866025403783288,2.28345385026597E-12));
#2114=DIRECTION('',(-0.612372434248618,-0.35355339309991,-0.707106781186521));
#2115=DIRECTION('center_axis',(0.,0.,-1.));
#2116=DIRECTION('ref_axis',(0.,-1.,0.));
#2117=DIRECTION('center_axis',(0.,0.,1.));
#2118=DIRECTION('ref_axis',(-0.866025403784429,-0.500000000000017,0.));
#2119=DIRECTION('',(0.612372437436327,0.353553387578616,-0.707106781186531));
#2120=DIRECTION('center_axis',(0.612372435695813,0.353553390593307,0.707106781186515));
#2121=DIRECTION('ref_axis',(0.612372435695756,0.353553390593275,-0.70710678118658));
#2122=DIRECTION('',(-0.499999999998072,0.866025403785552,-2.24755664013887E-12));
#2123=DIRECTION('center_axis',(0.866025403784429,0.500000000000017,0.));
#2124=DIRECTION('ref_axis',(-0.500000000000017,0.866025403784429,0.));
#2125=DIRECTION('',(0.499999999995011,-0.866025403787319,-5.75272105487413E-12));
#2126=DIRECTION('',(3.372801889505E-9,-5.915887236656E-9,1.));
#2127=DIRECTION('',(1.734830353123E-9,-2.947982598225E-9,1.));
#2128=DIRECTION('center_axis',(0.612372435695813,0.353553390593307,-0.707106781186515));
#2129=DIRECTION('ref_axis',(0.612372435695756,0.353553390593275,0.70710678118658));
#2130=DIRECTION('',(0.499999999992991,-0.866025403788485,-8.03288533158286E-12));
#2131=DIRECTION('center_axis',(0.612372435695813,0.353553390593307,-0.707106781186515));
#2132=DIRECTION('ref_axis',(0.612372435695756,0.353553390593275,0.70710678118658));
#2133=DIRECTION('',(0.612372441519631,0.353553380506118,0.707106781186535));
#2134=DIRECTION('center_axis',(0.,0.,1.));
#2135=DIRECTION('ref_axis',(1.,0.,0.));
#2136=DIRECTION('',(-0.500000000003819,0.866025403782234,4.41802006594717E-12));
#2137=DIRECTION('center_axis',(0.,0.,1.));
#2138=DIRECTION('ref_axis',(-0.691384387633103,-0.722487113059603,0.));
#2139=DIRECTION('center_axis',(0.,0.,1.));
#2140=DIRECTION('ref_axis',(-0.954225429969637,0.299088329426712,0.));
#2141=DIRECTION('center_axis',(0.,0.,1.));
#2142=DIRECTION('ref_axis',(-0.866025403784429,-0.500000000000017,0.));
#2143=DIRECTION('',(0.500000000000017,0.866025403784429,0.));
#2144=DIRECTION('center_axis',(0.,0.,1.));
#2145=DIRECTION('ref_axis',(0.866025403784429,-0.500000000000017,0.));
#2146=DIRECTION('',(-1.,0.,0.));
#2147=DIRECTION('center_axis',(0.,0.,-1.));
#2148=DIRECTION('ref_axis',(0.971384387633053,0.237512886940389,0.));
#2149=DIRECTION('center_axis',(0.,0.,-1.));
#2150=DIRECTION('ref_axis',(0.866025403784429,0.500000000000017,0.));
#2151=DIRECTION('',(-0.500000000000017,-0.866025403784429,0.));
#2152=DIRECTION('center_axis',(0.,0.,1.));
#2153=DIRECTION('ref_axis',(-0.866025403784429,0.500000000000017,0.));
#2154=DIRECTION('',(1.,0.,0.));
#2155=DIRECTION('center_axis',(0.,0.,1.));
#2156=DIRECTION('ref_axis',(0.,-1.,0.));
#2157=DIRECTION('',(-0.500000000000017,0.866025403784429,0.));
#2158=DIRECTION('center_axis',(0.,0.,1.));
#2159=DIRECTION('ref_axis',(0.866025403784429,0.500000000000017,0.));
#2160=DIRECTION('center_axis',(0.,0.,-1.));
#2161=DIRECTION('ref_axis',(1.,0.,0.));
#2162=DIRECTION('center_axis',(0.,0.,1.));
#2163=DIRECTION('ref_axis',(1.,0.,0.));
#2164=DIRECTION('',(0.,0.,-1.));
#2165=DIRECTION('center_axis',(0.,0.,-1.));
#2166=DIRECTION('ref_axis',(1.,0.,0.));
#2167=DIRECTION('center_axis',(0.,0.,-1.));
#2168=DIRECTION('ref_axis',(1.,0.,0.));
#2169=DIRECTION('center_axis',(0.,0.,1.));
#2170=DIRECTION('ref_axis',(0.,-1.,0.));
#2171=DIRECTION('',(8.65956056235493E-17,-0.707106781186548,-0.707106781186548));
#2172=DIRECTION('center_axis',(0.,0.,-1.));
#2173=DIRECTION('ref_axis',(-1.,0.,0.));
#2174=DIRECTION('center_axis',(0.,0.,-1.));
#2175=DIRECTION('ref_axis',(-1.,0.,0.));
#2176=DIRECTION('center_axis',(0.,0.,1.));
#2177=DIRECTION('ref_axis',(-1.,0.,0.));
#2178=DIRECTION('center_axis',(0.,0.,1.));
#2179=DIRECTION('ref_axis',(-1.,0.,0.));
#2180=DIRECTION('center_axis',(0.,0.,1.));
#2181=DIRECTION('ref_axis',(-1.,0.,0.));
#2182=DIRECTION('center_axis',(0.,0.,1.));
#2183=DIRECTION('ref_axis',(-1.,0.,0.));
#2184=DIRECTION('center_axis',(0.,0.,1.));
#2185=DIRECTION('ref_axis',(-1.,0.,0.));
#2186=DIRECTION('center_axis',(0.,0.,1.));
#2187=DIRECTION('ref_axis',(1.,0.,0.));
#2188=DIRECTION('center_axis',(0.,0.,1.));
#2189=DIRECTION('ref_axis',(1.,0.,0.));
#2190=DIRECTION('center_axis',(0.,0.,1.));
#2191=DIRECTION('ref_axis',(1.,0.,0.));
#2192=DIRECTION('center_axis',(0.,0.,1.));
#2193=DIRECTION('ref_axis',(1.,0.,0.));
#2194=DIRECTION('center_axis',(0.,0.,-1.));
#2195=DIRECTION('ref_axis',(0.,-1.,0.));
#2196=DIRECTION('center_axis',(0.,0.,-1.));
#2197=DIRECTION('ref_axis',(0.,-1.,0.));
#2198=DIRECTION('center_axis',(0.,0.,-1.));
#2199=DIRECTION('ref_axis',(0.,-1.,0.));
#2200=DIRECTION('',(0.,0.,1.));
#2201=DIRECTION('center_axis',(0.,0.,1.));
#2202=DIRECTION('ref_axis',(0.,-1.,0.));
#2203=DIRECTION('',(8.65956056235493E-17,-0.707106781186547,-0.707106781186547));
#2204=DIRECTION('center_axis',(0.,0.,-1.));
#2205=DIRECTION('ref_axis',(0.,-1.,0.));
#2206=DIRECTION('center_axis',(0.,0.,-1.));
#2207=DIRECTION('ref_axis',(0.,-1.,0.));
#2208=DIRECTION('center_axis',(0.,0.,1.));
#2209=DIRECTION('ref_axis',(-1.,0.,0.));
#2210=DIRECTION('',(0.,0.,1.));
#2211=DIRECTION('center_axis',(0.,0.,1.));
#2212=DIRECTION('ref_axis',(-1.,0.,0.));
#2213=DIRECTION('center_axis',(0.,0.,1.));
#2214=DIRECTION('ref_axis',(-1.,0.,0.));
#2215=DIRECTION('center_axis',(0.,0.,1.));
#2216=DIRECTION('ref_axis',(-1.,0.,0.));
#2217=DIRECTION('center_axis',(0.,0.,1.));
#2218=DIRECTION('ref_axis',(-1.,0.,0.));
#2219=DIRECTION('',(0.,0.,1.));
#2220=DIRECTION('center_axis',(0.,0.,1.));
#2221=DIRECTION('ref_axis',(-1.,0.,0.));
#2222=DIRECTION('center_axis',(0.,0.,1.));
#2223=DIRECTION('ref_axis',(1.,0.,0.));
#2224=DIRECTION('center_axis',(0.,0.,1.));
#2225=DIRECTION('ref_axis',(1.,0.,0.));
#2226=DIRECTION('center_axis',(0.,0.,1.));
#2227=DIRECTION('ref_axis',(-1.,0.,0.));
#2228=DIRECTION('center_axis',(0.,0.,1.));
#2229=DIRECTION('ref_axis',(-1.,0.,0.));
#2230=DIRECTION('center_axis',(0.,0.,1.));
#2231=DIRECTION('ref_axis',(-1.,0.,0.));
#2232=DIRECTION('center_axis',(0.,0.,1.));
#2233=DIRECTION('ref_axis',(-1.,0.,0.));
#2234=DIRECTION('center_axis',(0.,0.,1.));
#2235=DIRECTION('ref_axis',(1.,0.,0.));
#2236=DIRECTION('center_axis',(0.,0.,1.));
#2237=DIRECTION('ref_axis',(1.,0.,0.));
#2238=DIRECTION('center_axis',(0.,0.,1.));
#2239=DIRECTION('ref_axis',(1.,0.,0.));
#2240=DIRECTION('center_axis',(0.,0.,1.));
#2241=DIRECTION('ref_axis',(-1.,0.,0.));
#2242=DIRECTION('center_axis',(0.,0.,1.));
#2243=DIRECTION('ref_axis',(-1.,0.,0.));
#2244=DIRECTION('center_axis',(0.,0.,1.));
#2245=DIRECTION('ref_axis',(-1.,0.,0.));
#2246=DIRECTION('center_axis',(0.,0.,1.));
#2247=DIRECTION('ref_axis',(-1.,0.,0.));
#2248=DIRECTION('center_axis',(0.,0.,1.));
#2249=DIRECTION('ref_axis',(-1.,0.,0.));
#2250=DIRECTION('center_axis',(0.,0.,1.));
#2251=DIRECTION('ref_axis',(1.,0.,0.));
#2252=DIRECTION('center_axis',(0.,0.,1.));
#2253=DIRECTION('ref_axis',(1.,0.,0.));
#2254=DIRECTION('',(0.,0.,1.));
#2255=DIRECTION('center_axis',(0.,0.,1.));
#2256=DIRECTION('ref_axis',(1.,0.,0.));
#2257=DIRECTION('',(0.,0.,1.));
#2258=DIRECTION('center_axis',(0.,0.,1.));
#2259=DIRECTION('ref_axis',(-1.,0.,0.));
#2260=DIRECTION('center_axis',(0.,0.,1.));
#2261=DIRECTION('ref_axis',(-1.,0.,0.));
#2262=DIRECTION('',(0.,0.,1.));
#2263=DIRECTION('center_axis',(0.,0.,1.));
#2264=DIRECTION('ref_axis',(-1.,0.,0.));
#2265=DIRECTION('center_axis',(0.,0.,-1.));
#2266=DIRECTION('ref_axis',(-1.,0.,0.));
#2267=DIRECTION('center_axis',(0.,0.,1.));
#2268=DIRECTION('ref_axis',(-1.,0.,0.));
#2269=DIRECTION('',(0.,0.,1.));
#2270=DIRECTION('center_axis',(0.,0.,1.));
#2271=DIRECTION('ref_axis',(-1.,0.,0.));
#2272=DIRECTION('center_axis',(0.,0.,1.));
#2273=DIRECTION('ref_axis',(-1.,0.,0.));
#2274=DIRECTION('',(0.,0.,1.));
#2275=DIRECTION('center_axis',(0.,0.,1.));
#2276=DIRECTION('ref_axis',(-1.,0.,0.));
#2277=DIRECTION('center_axis',(0.,0.,-1.));
#2278=DIRECTION('ref_axis',(-1.,0.,0.));
#2279=DIRECTION('center_axis',(0.,0.,1.));
#2280=DIRECTION('ref_axis',(-1.,0.,0.));
#2281=DIRECTION('',(0.,0.,1.));
#2282=DIRECTION('center_axis',(0.,0.,1.));
#2283=DIRECTION('ref_axis',(-1.,0.,0.));
#2284=DIRECTION('center_axis',(0.,0.,1.));
#2285=DIRECTION('ref_axis',(-1.,0.,0.));
#2286=DIRECTION('',(0.,0.,1.));
#2287=DIRECTION('center_axis',(0.,0.,1.));
#2288=DIRECTION('ref_axis',(-1.,0.,0.));
#2289=DIRECTION('center_axis',(0.,0.,-1.));
#2290=DIRECTION('ref_axis',(-1.,0.,0.));
#2291=DIRECTION('center_axis',(0.,0.,1.));
#2292=DIRECTION('ref_axis',(-1.,0.,0.));
#2293=DIRECTION('',(0.,0.,1.));
#2294=DIRECTION('center_axis',(0.,0.,1.));
#2295=DIRECTION('ref_axis',(-1.,0.,0.));
#2296=DIRECTION('center_axis',(0.,0.,1.));
#2297=DIRECTION('ref_axis',(-1.,0.,0.));
#2298=DIRECTION('',(0.,0.,1.));
#2299=DIRECTION('center_axis',(0.,0.,1.));
#2300=DIRECTION('ref_axis',(-1.,0.,0.));
#2301=DIRECTION('center_axis',(0.,0.,-1.));
#2302=DIRECTION('ref_axis',(-1.,0.,0.));
#2303=DIRECTION('center_axis',(0.,0.,1.));
#2304=DIRECTION('ref_axis',(-1.,0.,0.));
#2305=DIRECTION('',(0.,0.,1.));
#2306=DIRECTION('center_axis',(0.,0.,1.));
#2307=DIRECTION('ref_axis',(-1.,0.,0.));
#2308=DIRECTION('center_axis',(0.,0.,1.));
#2309=DIRECTION('ref_axis',(-1.,0.,0.));
#2310=DIRECTION('',(0.,0.,1.));
#2311=DIRECTION('center_axis',(0.,0.,1.));
#2312=DIRECTION('ref_axis',(-1.,0.,0.));
#2313=DIRECTION('center_axis',(0.,0.,-1.));
#2314=DIRECTION('ref_axis',(-1.,0.,0.));
#2315=DIRECTION('center_axis',(0.,0.,1.));
#2316=DIRECTION('ref_axis',(-1.,0.,0.));
#2317=DIRECTION('',(0.,0.,1.));
#2318=DIRECTION('center_axis',(0.,0.,1.));
#2319=DIRECTION('ref_axis',(-1.,0.,0.));
#2320=DIRECTION('center_axis',(0.,0.,1.));
#2321=DIRECTION('ref_axis',(-1.,0.,0.));
#2322=DIRECTION('',(0.,0.,1.));
#2323=DIRECTION('center_axis',(0.,0.,1.));
#2324=DIRECTION('ref_axis',(-1.,0.,0.));
#2325=DIRECTION('center_axis',(0.,0.,-1.));
#2326=DIRECTION('ref_axis',(-1.,0.,0.));
#2327=DIRECTION('center_axis',(0.,0.,1.));
#2328=DIRECTION('ref_axis',(-1.,0.,0.));
#2329=DIRECTION('center_axis',(0.,0.,1.));
#2330=DIRECTION('ref_axis',(1.,0.,0.));
#2331=DIRECTION('',(0.,0.,1.));
#2332=DIRECTION('center_axis',(0.,0.,-1.));
#2333=DIRECTION('ref_axis',(0.,-1.,0.));
#2334=DIRECTION('center_axis',(0.,0.,-1.));
#2335=DIRECTION('ref_axis',(-0.171635180807391,-0.985160578133948,0.));
#2336=DIRECTION('',(-1.,0.,0.));
#2337=DIRECTION('center_axis',(0.,0.,1.));
#2338=DIRECTION('ref_axis',(0.,1.,0.));
#2339=DIRECTION('center_axis',(0.,0.,1.));
#2340=DIRECTION('ref_axis',(-1.,0.,0.));
#2341=DIRECTION('center_axis',(0.,0.,1.));
#2342=DIRECTION('ref_axis',(-1.,0.,0.));
#2343=DIRECTION('center_axis',(0.,0.,1.));
#2344=DIRECTION('ref_axis',(-1.,0.,0.));
#2345=DIRECTION('',(0.500000000000017,-0.866025403784429,0.));
#2346=DIRECTION('',(0.866025403784429,0.500000000000017,0.));
#2347=DIRECTION('',(-0.500000000000017,0.866025403784429,0.));
#2348=DIRECTION('',(-0.866025403784429,-0.500000000000017,0.));
#2349=DIRECTION('',(0.500000000000017,-0.866025403784429,0.));
#2350=DIRECTION('',(0.866025403784429,0.500000000000017,0.));
#2351=DIRECTION('center_axis',(0.,0.,1.));
#2352=DIRECTION('ref_axis',(-1.,0.,0.));
#2353=DIRECTION('',(0.,0.,1.));
#2354=DIRECTION('center_axis',(0.,0.,1.));
#2355=DIRECTION('ref_axis',(-1.,0.,0.));
#2356=DIRECTION('center_axis',(0.,0.,1.));
#2357=DIRECTION('ref_axis',(-1.,0.,0.));
#2358=DIRECTION('center_axis',(0.,0.,1.));
#2359=DIRECTION('ref_axis',(-1.,0.,0.));
#2360=DIRECTION('center_axis',(0.,0.,1.));
#2361=DIRECTION('ref_axis',(-1.,0.,0.));
#2362=DIRECTION('',(0.,0.,1.));
#2363=DIRECTION('center_axis',(0.,0.,1.));
#2364=DIRECTION('ref_axis',(-1.,0.,0.));
#2365=DIRECTION('',(0.,0.,1.));
#2366=DIRECTION('center_axis',(0.,0.,1.));
#2367=DIRECTION('ref_axis',(-1.,0.,0.));
#2368=DIRECTION('center_axis',(0.,0.,1.));
#2369=DIRECTION('ref_axis',(-1.,0.,0.));
#2370=DIRECTION('center_axis',(0.,0.,1.));
#2371=DIRECTION('ref_axis',(-1.,0.,0.));
#2372=DIRECTION('center_axis',(0.,0.,1.));
#2373=DIRECTION('ref_axis',(-1.,0.,0.));
#2374=DIRECTION('',(0.,0.,1.));
#2375=DIRECTION('center_axis',(0.,0.,1.));
#2376=DIRECTION('ref_axis',(-1.,0.,0.));
#2377=DIRECTION('',(0.,0.,1.));
#2378=DIRECTION('center_axis',(0.,0.,1.));
#2379=DIRECTION('ref_axis',(-1.,0.,0.));
#2380=DIRECTION('center_axis',(0.,0.,1.));
#2381=DIRECTION('ref_axis',(-1.,0.,0.));
#2382=DIRECTION('center_axis',(0.,0.,1.));
#2383=DIRECTION('ref_axis',(-1.,0.,0.));
#2384=DIRECTION('center_axis',(0.,0.,1.));
#2385=DIRECTION('ref_axis',(-1.,0.,0.));
#2386=DIRECTION('',(0.,0.,1.));
#2387=DIRECTION('center_axis',(0.,0.,1.));
#2388=DIRECTION('ref_axis',(-0.13762181791083,0.990484848564035,0.));
#2389=DIRECTION('',(-6.63331118428E-12,1.297451035497E-11,1.));
#2390=DIRECTION('',(0.,0.,-1.));
#2391=DIRECTION('',(0.,0.,1.));
#2392=DIRECTION('center_axis',(-0.612372435695813,-0.353553390593307,-0.707106781186515));
#2393=DIRECTION('ref_axis',(0.612372435695756,0.353553390593275,-0.70710678118658));
#2394=DIRECTION('center_axis',(-0.866025403784429,-0.500000000000017,0.));
#2395=DIRECTION('ref_axis',(0.500000000000017,-0.866025403784429,0.));
#2396=DIRECTION('',(-0.500000000002691,0.866025403782885,3.16395058485795E-12));
#2397=DIRECTION('',(1.422321026243E-9,-2.494919233916E-9,1.));
#2398=DIRECTION('center_axis',(-0.612372435695813,-0.353553390593307,-0.707106781186515));
#2399=DIRECTION('ref_axis',(-0.612372435695756,-0.353553390593275,0.70710678118658));
#2400=DIRECTION('',(-0.612372430841026,-0.353553399002015,0.70710678118653));
#2401=DIRECTION('center_axis',(0.,0.,1.));
#2402=DIRECTION('ref_axis',(0.,-1.,0.));
#2403=DIRECTION('center_axis',(0.,0.,-1.));
#2404=DIRECTION('ref_axis',(0.866025403784429,0.500000000000017,0.));
#2405=DIRECTION('center_axis',(0.,0.,1.));
#2406=DIRECTION('ref_axis',(1.,0.,0.));
#2407=DIRECTION('center_axis',(0.,0.,-1.));
#2408=DIRECTION('ref_axis',(-0.866025403784429,-0.500000000000017,0.));
#2409=DIRECTION('center_axis',(0.,0.,-1.));
#2410=DIRECTION('ref_axis',(-0.866025403784429,-0.500000000000017,0.));
#2411=DIRECTION('',(1.235163724233E-8,1.473258258302E-9,-1.));
#2412=DIRECTION('center_axis',(0.,0.,1.));
#2413=DIRECTION('ref_axis',(0.,-1.,0.));
#2414=DIRECTION('',(5.09479029960534E-8,-0.707106781186547,-0.707106781186547));
#2415=DIRECTION('center_axis',(0.,-0.707106781186548,0.707106781186548));
#2416=DIRECTION('ref_axis',(0.,-0.707106781186548,-0.707106781186548));
#2417=DIRECTION('',(1.,-5.733869540365E-11,-5.733916949658E-11));
#2418=DIRECTION('',(1.95418984777513E-8,-0.707106781186547,-0.707106781186547));
#2419=DIRECTION('center_axis',(0.,0.,1.));
#2420=DIRECTION('ref_axis',(0.866025392598996,0.500000019373754,0.));
#2421=DIRECTION('center_axis',(0.,0.,-1.));
#2422=DIRECTION('ref_axis',(0.,1.,0.));
#2423=DIRECTION('',(-0.612372461169736,0.353553346471121,-0.707106781186542));
#2424=DIRECTION('center_axis',(-0.612372435695813,0.353553390593307,0.707106781186515));
#2425=DIRECTION('ref_axis',(-0.612372435695756,0.353553390593275,-0.70710678118658));
#2426=DIRECTION('',(-0.500000000049676,-0.866025403755758,-5.73388678010673E-11));
#2427=DIRECTION('',(-0.612372445466735,0.35355337366952,-0.707106781186541));
#2428=DIRECTION('center_axis',(0.,0.,1.));
#2429=DIRECTION('ref_axis',(0.,-1.,0.));
#2430=DIRECTION('center_axis',(0.,0.,-1.));
#2431=DIRECTION('ref_axis',(0.866025403784429,-0.500000000000017,0.));
#2432=DIRECTION('center_axis',(0.,0.,-1.));
#2433=DIRECTION('ref_axis',(0.866025403784429,-0.500000000000017,0.));
#2434=DIRECTION('',(-1.103670729536E-9,-5.67501684321E-9,-1.));
#2435=DIRECTION('center_axis',(0.866025403784429,-0.500000000000017,0.));
#2436=DIRECTION('ref_axis',(0.500000000000017,0.866025403784429,0.));
#2437=DIRECTION('',(-5.653774893771E-9,-1.319245241789E-8,-1.));
#2438=DIRECTION('center_axis',(0.,0.,-1.));
#2439=DIRECTION('ref_axis',(0.,1.,0.));
#2440=DIRECTION('',(5.466544697288E-9,1.881701908945E-9,-1.));
#2441=DIRECTION('center_axis',(0.,1.,0.));
#2442=DIRECTION('ref_axis',(-1.,0.,0.));
#2443=DIRECTION('center_axis',(0.866025403784429,0.500000000000017,0.));
#2444=DIRECTION('ref_axis',(0.500000000000017,-0.866025403784429,0.));
#2445=DIRECTION('',(0.,2.84217094304E-14,1.));
#2446=DIRECTION('',(0.500000000000017,-0.866025403784429,0.));
#2447=DIRECTION('',(-2.13162820728E-14,0.,1.));
#2448=DIRECTION('center_axis',(-0.500000000000017,0.866025403784429,0.));
#2449=DIRECTION('ref_axis',(0.866025403784429,0.500000000000017,0.));
#2450=DIRECTION('',(0.866025403784429,0.500000000000017,0.));
#2451=DIRECTION('',(0.,0.,1.));
#2452=DIRECTION('center_axis',(-0.866025403784429,-0.500000000000017,0.));
#2453=DIRECTION('ref_axis',(-0.500000000000017,0.866025403784429,0.));
#2454=DIRECTION('',(-0.500000000000017,0.866025403784429,0.));
#2455=DIRECTION('',(0.,0.,1.));
#2456=DIRECTION('center_axis',(0.500000000000017,-0.866025403784429,0.));
#2457=DIRECTION('ref_axis',(-0.866025403784429,-0.500000000000017,0.));
#2458=DIRECTION('',(-0.866025403784429,-0.500000000000017,0.));
#2459=DIRECTION('',(-2.84217094304E-14,0.,1.));
#2460=DIRECTION('center_axis',(0.866025403784429,0.500000000000017,0.));
#2461=DIRECTION('ref_axis',(0.500000000000017,-0.866025403784429,0.));
#2462=DIRECTION('',(0.500000000000017,-0.866025403784429,0.));
#2463=DIRECTION('',(0.,0.,1.));
#2464=DIRECTION('center_axis',(-0.500000000000017,0.866025403784429,0.));
#2465=DIRECTION('ref_axis',(0.866025403784429,0.500000000000017,0.));
#2466=DIRECTION('',(0.866025403784429,0.500000000000017,0.));
#2467=DIRECTION('center_axis',(0.,0.,-1.));
#2468=DIRECTION('ref_axis',(0.,-1.,0.));
#2469=DIRECTION('center_axis',(0.,0.,1.));
#2470=DIRECTION('ref_axis',(1.,0.,0.));
#2471=DIRECTION('center_axis',(0.,0.,1.));
#2472=DIRECTION('ref_axis',(1.,0.,0.));
#2473=DIRECTION('',(0.,0.,1.));
#2474=DIRECTION('center_axis',(0.,0.,1.));
#2475=DIRECTION('ref_axis',(1.,0.,0.));
#2476=DIRECTION('center_axis',(0.,0.,1.));
#2477=DIRECTION('ref_axis',(1.,0.,0.));
#2478=DIRECTION('center_axis',(0.,0.,1.));
#2479=DIRECTION('ref_axis',(1.,0.,0.));
#2480=DIRECTION('center_axis',(0.,0.,1.));
#2481=DIRECTION('ref_axis',(1.,0.,0.));
#2482=DIRECTION('',(0.,0.,1.));
#2483=DIRECTION('center_axis',(0.,0.,1.));
#2484=DIRECTION('ref_axis',(1.,0.,0.));
#2485=DIRECTION('',(0.,0.,1.));
#2486=DIRECTION('center_axis',(0.,0.,1.));
#2487=DIRECTION('ref_axis',(1.,0.,0.));
#2488=DIRECTION('center_axis',(0.,0.,1.));
#2489=DIRECTION('ref_axis',(1.,0.,0.));
#2490=DIRECTION('center_axis',(0.,0.,1.));
#2491=DIRECTION('ref_axis',(1.,0.,0.));
#2492=DIRECTION('',(0.,0.,1.));
#2493=DIRECTION('center_axis',(0.,0.,1.));
#2494=DIRECTION('ref_axis',(1.,0.,0.));
#2495=DIRECTION('center_axis',(0.,0.,1.));
#2496=DIRECTION('ref_axis',(1.,0.,0.));
#2497=DIRECTION('center_axis',(0.,0.,1.));
#2498=DIRECTION('ref_axis',(1.,0.,0.));
#2499=DIRECTION('',(0.,0.,1.));
#2500=DIRECTION('center_axis',(0.,0.,1.));
#2501=DIRECTION('ref_axis',(1.,0.,0.));
#2502=DIRECTION('center_axis',(0.,0.,1.));
#2503=DIRECTION('ref_axis',(1.,0.,0.));
#2504=DIRECTION('center_axis',(-0.866025403784429,0.500000000000017,0.));
#2505=DIRECTION('ref_axis',(-0.500000000000017,-0.866025403784429,0.));
#2506=DIRECTION('',(0.500000000049676,0.866025403755758,-5.73389109004272E-11));
#2507=DIRECTION('',(5.653775986913E-9,1.319245460417E-8,-1.));
#2508=DIRECTION('',(1.103670729536E-9,5.675017389781E-9,-1.));
#2509=DIRECTION('center_axis',(0.612372435695813,-0.353553390593307,0.707106781186515));
#2510=DIRECTION('ref_axis',(0.612372435695756,-0.353553390593275,-0.70710678118658));
#2511=DIRECTION('',(0.612372461169736,-0.353553346471121,-0.707106781186542));
#2512=DIRECTION('',(0.612372445466735,-0.35355337366952,-0.707106781186541));
#2513=DIRECTION('center_axis',(0.,0.,1.));
#2514=DIRECTION('ref_axis',(-2.23706429932564E-8,1.,0.));
#2515=DIRECTION('center_axis',(0.,0.,-1.));
#2516=DIRECTION('ref_axis',(-0.866025403784429,0.500000000000017,0.));
#2517=DIRECTION('',(-0.612372410221826,-0.353553434715515,-0.707106781186529));
#2518=DIRECTION('center_axis',(-0.612372435695813,-0.353553390593307,0.707106781186515));
#2519=DIRECTION('ref_axis',(-0.612372435695756,-0.353553390593275,-0.70710678118658));
#2520=DIRECTION('',(0.499999999950314,-0.866025403813125,-5.73389539997917E-11));
#2521=DIRECTION('',(-0.612372425924828,-0.353553407517116,-0.707106781186532));
#2522=DIRECTION('center_axis',(0.,0.,1.));
#2523=DIRECTION('ref_axis',(0.,-1.,0.));
#2524=DIRECTION('center_axis',(0.,0.,-1.));
#2525=DIRECTION('ref_axis',(0.866025403784429,0.500000000000017,0.));
#2526=DIRECTION('',(-5.09479011119434E-8,0.707106781186547,-0.707106781186547));
#2527=DIRECTION('center_axis',(0.,0.707106781186548,0.707106781186548));
#2528=DIRECTION('ref_axis',(0.,0.707106781186548,-0.707106781186548));
#2529=DIRECTION('',(-1.,5.733869540365E-11,-5.733895399979E-11));
#2530=DIRECTION('',(-1.95418959656013E-8,0.707106781186547,-0.707106781186547));
#2531=DIRECTION('center_axis',(0.,0.,1.));
#2532=DIRECTION('ref_axis',(0.,-1.,0.));
#2533=DIRECTION('center_axis',(0.,0.,-1.));
#2534=DIRECTION('ref_axis',(0.,-1.,0.));
#2535=DIRECTION('center_axis',(0.,0.,-1.));
#2536=DIRECTION('ref_axis',(0.,-1.,0.));
#2537=DIRECTION('',(-5.466543604145E-9,-1.881701362374E-9,-1.));
#2538=DIRECTION('center_axis',(0.,-1.,0.));
#2539=DIRECTION('ref_axis',(1.,0.,0.));
#2540=DIRECTION('',(-1.425188830913E-8,-1.69991392192E-9,-1.));
#2541=DIRECTION('center_axis',(0.,0.,-1.));
#2542=DIRECTION('ref_axis',(0.866025403784429,0.500000000000017,0.));
#2543=DIRECTION('',(4.362873421181E-9,-3.793315480836E-9,-1.));
#2544=DIRECTION('center_axis',(0.866025403784429,0.500000000000017,0.));
#2545=DIRECTION('ref_axis',(-0.500000000000017,0.866025403784429,0.));
#2546=DIRECTION('',(8.59811327872E-9,-1.149254013568E-8,-1.));
#2547=DIRECTION('center_axis',(0.,0.,-1.));
#2548=DIRECTION('ref_axis',(-0.866025403784429,0.500000000000017,0.));
#2549=DIRECTION('center_axis',(0.,0.,-1.));
#2550=DIRECTION('ref_axis',(-1.,0.,0.));
#2551=DIRECTION('center_axis',(0.,0.,-1.));
#2552=DIRECTION('ref_axis',(-1.,0.,0.));
#2553=DIRECTION('center_axis',(0.,0.,-1.));
#2554=DIRECTION('ref_axis',(-1.,0.,0.));
#2555=DIRECTION('center_axis',(0.,0.,-1.));
#2556=DIRECTION('ref_axis',(-1.,0.,0.));
#2557=DIRECTION('',(0.,0.,1.));
#2558=DIRECTION('center_axis',(0.,0.,-1.));
#2559=DIRECTION('ref_axis',(-1.,0.,0.));
#2560=DIRECTION('center_axis',(0.,0.,1.));
#2561=DIRECTION('ref_axis',(0.,-1.,0.));
#2562=DIRECTION('',(8.65956056235493E-17,-0.707106781186548,-0.707106781186548));
#2563=DIRECTION('center_axis',(0.,0.,-1.));
#2564=DIRECTION('ref_axis',(-1.,0.,0.));
#2565=DIRECTION('center_axis',(0.,0.,-1.));
#2566=DIRECTION('ref_axis',(-1.,0.,0.));
#2567=DIRECTION('center_axis',(0.,0.,-1.));
#2568=DIRECTION('ref_axis',(-1.,0.,0.));
#2569=DIRECTION('center_axis',(0.,0.,-1.));
#2570=DIRECTION('ref_axis',(-1.,0.,0.));
#2571=DIRECTION('center_axis',(0.,0.,-1.));
#2572=DIRECTION('ref_axis',(-1.,0.,0.));
#2573=DIRECTION('center_axis',(0.,0.,-1.));
#2574=DIRECTION('ref_axis',(-1.,0.,0.));
#2575=DIRECTION('',(0.,0.,1.));
#2576=DIRECTION('center_axis',(0.,0.,-1.));
#2577=DIRECTION('ref_axis',(-1.,0.,0.));
#2578=DIRECTION('center_axis',(0.,0.,1.));
#2579=DIRECTION('ref_axis',(0.,-1.,0.));
#2580=DIRECTION('',(8.65956056235493E-17,-0.707106781186548,-0.707106781186548));
#2581=DIRECTION('center_axis',(0.,0.,-1.));
#2582=DIRECTION('ref_axis',(-1.,0.,0.));
#2583=DIRECTION('center_axis',(0.,0.,-1.));
#2584=DIRECTION('ref_axis',(-1.,0.,0.));
#2585=DIRECTION('center_axis',(0.,0.,-1.));
#2586=DIRECTION('ref_axis',(-1.,0.,0.));
#2587=DIRECTION('center_axis',(0.,0.,-1.));
#2588=DIRECTION('ref_axis',(-1.,0.,0.));
#2589=DIRECTION('center_axis',(0.,0.,-1.));
#2590=DIRECTION('ref_axis',(-1.,0.,0.));
#2591=DIRECTION('center_axis',(0.,0.,-1.));
#2592=DIRECTION('ref_axis',(-1.,0.,0.));
#2593=DIRECTION('',(0.,0.,1.));
#2594=DIRECTION('center_axis',(0.,0.,-1.));
#2595=DIRECTION('ref_axis',(-1.,0.,0.));
#2596=DIRECTION('center_axis',(0.,0.,1.));
#2597=DIRECTION('ref_axis',(0.,-1.,0.));
#2598=DIRECTION('',(8.65956056235493E-17,-0.707106781186548,-0.707106781186548));
#2599=DIRECTION('center_axis',(0.,0.,-1.));
#2600=DIRECTION('ref_axis',(-1.,0.,0.));
#2601=DIRECTION('center_axis',(0.,0.,-1.));
#2602=DIRECTION('ref_axis',(-1.,0.,0.));
#2603=DIRECTION('center_axis',(0.,0.,1.));
#2604=DIRECTION('ref_axis',(1.,0.,0.));
#2605=DIRECTION('center_axis',(0.,0.,1.));
#2606=DIRECTION('ref_axis',(-1.,0.,0.));
#2607=DIRECTION('center_axis',(0.,0.,1.));
#2608=DIRECTION('ref_axis',(-0.99921534593307,0.0396067223063788,0.));
#2609=DIRECTION('center_axis',(0.0396067223063787,0.99921534593307,0.));
#2610=DIRECTION('ref_axis',(0.99921534593307,-0.0396067223063787,0.));
#2611=DIRECTION('center_axis',(0.,0.,1.));
#2612=DIRECTION('ref_axis',(-1.,0.,0.));
#2613=DIRECTION('center_axis',(0.,0.,1.));
#2614=DIRECTION('ref_axis',(-1.,0.,0.));
#2615=DIRECTION('center_axis',(0.,0.,1.));
#2616=DIRECTION('ref_axis',(1.,0.,0.));
#2617=DIRECTION('',(0.,0.,-1.));
#2618=DIRECTION('center_axis',(0.,0.,-1.));
#2619=DIRECTION('ref_axis',(-1.,0.,0.));
#2620=DIRECTION('center_axis',(0.,0.,-1.));
#2621=DIRECTION('ref_axis',(-1.,0.,0.));
#2622=DIRECTION('center_axis',(0.,0.,1.));
#2623=DIRECTION('ref_axis',(-0.998416795911042,-0.0562485701394223,0.));
#2624=DIRECTION('center_axis',(-0.0562485701394225,0.998416795911042,0.));
#2625=DIRECTION('ref_axis',(0.998416795911042,0.0562485701394225,0.));
#2626=DIRECTION('center_axis',(0.,0.,-1.));
#2627=DIRECTION('ref_axis',(-1.,0.,0.));
#2628=DIRECTION('center_axis',(0.,0.,1.));
#2629=DIRECTION('ref_axis',(1.,0.,0.));
#2630=DIRECTION('center_axis',(0.,0.,1.));
#2631=DIRECTION('ref_axis',(1.,0.,0.));
#2632=DIRECTION('center_axis',(0.,0.,1.));
#2633=DIRECTION('ref_axis',(1.,0.,0.));
#2634=DIRECTION('center_axis',(0.,0.,1.));
#2635=DIRECTION('ref_axis',(0.99921534593307,-0.0396067223063786,0.));
#2636=DIRECTION('center_axis',(-0.0396067223063786,-0.99921534593307,0.));
#2637=DIRECTION('ref_axis',(-0.99921534593307,0.0396067223063786,0.));
#2638=DIRECTION('center_axis',(0.,0.,1.));
#2639=DIRECTION('ref_axis',(1.,0.,0.));
#2640=DIRECTION('center_axis',(0.,0.,1.));
#2641=DIRECTION('ref_axis',(1.,0.,0.));
#2642=DIRECTION('center_axis',(0.,0.,1.));
#2643=DIRECTION('ref_axis',(1.,0.,0.));
#2644=DIRECTION('',(0.,0.,-1.));
#2645=DIRECTION('center_axis',(0.,0.,-1.));
#2646=DIRECTION('ref_axis',(1.,0.,0.));
#2647=DIRECTION('center_axis',(0.,0.,-1.));
#2648=DIRECTION('ref_axis',(1.,0.,0.));
#2649=DIRECTION('center_axis',(0.,0.,1.));
#2650=DIRECTION('ref_axis',(0.998416795911042,0.0562485701394214,0.));
#2651=DIRECTION('center_axis',(0.0562485701394225,-0.998416795911042,0.));
#2652=DIRECTION('ref_axis',(-0.998416795911042,-0.0562485701394226,0.));
#2653=DIRECTION('center_axis',(0.,0.,-1.));
#2654=DIRECTION('ref_axis',(1.,0.,0.));
#2655=DIRECTION('center_axis',(0.,0.,1.));
#2656=DIRECTION('ref_axis',(1.,0.,0.));
#2657=CARTESIAN_POINT('',(0.,0.,0.));
#2658=CARTESIAN_POINT('Origin',(-48.62435565298,50.21985447626,8.));
#2659=CARTESIAN_POINT('',(-35.7224318148089,27.8730668872537,6.99999999440057));
#2660=CARTESIAN_POINT('',(-46.0262794205552,45.7198544474039,6.99999999082716));
#2661=CARTESIAN_POINT('',(-35.72243180845,27.87306688424,6.999999988951));
#2662=CARTESIAN_POINT('',(-35.72243186434,27.87306695895,0.5));
#2663=CARTESIAN_POINT('',(-35.72243180845,27.87306688424,6.999999988951));
#2664=CARTESIAN_POINT('',(-46.02627944163,45.71985447626,0.5));
#2665=CARTESIAN_POINT('',(-46.02627944163,45.71985447626,0.5));
#2666=CARTESIAN_POINT('',(-46.02627941327,45.71985445161,6.999999987769));
#2667=CARTESIAN_POINT('Origin',(-41.30736835487,36.54646071761,7.5));
#2668=CARTESIAN_POINT('',(-36.5884571820886,27.3730668295753,7.99999999018285));
#2669=CARTESIAN_POINT('',(-46.8923048046977,45.219854426831,7.99999998945398));
#2670=CARTESIAN_POINT('',(-36.58845716876,27.37306682614,7.999999980357));
#2671=CARTESIAN_POINT('',(-36.58845716876,27.37306682614,7.999999980357));
#2672=CARTESIAN_POINT('',(-46.892304795,45.21985443243,7.999999978256));
#2673=CARTESIAN_POINT('Origin',(0.,0.,8.));
#2674=CARTESIAN_POINT('',(-22.0814156949867,84.24613388656,8.00000000010255));
#2675=CARTESIAN_POINT('',(-61.91858428704,61.24613391789,8.));
#2676=CARTESIAN_POINT('Origin',(-42.,72.74613391789,8.));
#2677=CARTESIAN_POINT('',(-19.91858430899,-11.49999996151,8.000000000239));
#2678=CARTESIAN_POINT('',(-61.91858428708,61.24613391796,8.000000000004));
#2679=CARTESIAN_POINT('',(19.9185842609022,11.5000000448388,8.00000000021792));
#2680=CARTESIAN_POINT('Origin',(2.30926389122E-14,2.13162820728E-14,8.));
#2681=CARTESIAN_POINT('',(19.91858426002,11.50000004593,8.000000000436));
#2682=CARTESIAN_POINT('',(4.89230480861258,27.5262794837155,7.99999998917319));
#2683=CARTESIAN_POINT('',(1.4282033853252,21.5262794514453,7.99999999018274));
#2684=CARTESIAN_POINT('Origin',(1.428203230276,25.52627944163,8.));
#2685=CARTESIAN_POINT('',(-19.17949186114,21.526279452174,7.99999998945364));
#2686=CARTESIAN_POINT('',(1.428203394964,21.52627946127,7.999999980357));
#2687=CARTESIAN_POINT('',(-22.643593608471,27.5262793024411,7.99999999018321));
#2688=CARTESIAN_POINT('Origin',(-19.17949192431,25.52627944163,8.));
#2689=CARTESIAN_POINT('',(-12.3397459846064,45.3730668989682,7.99999998945381));
#2690=CARTESIAN_POINT('',(-22.64359360478,27.52627928918,7.999999980357));
#2691=CARTESIAN_POINT('',(-5.41154281790651,45.373067088316,7.99999999018313));
#2692=CARTESIAN_POINT('Origin',(-8.875644347018,43.37306695895,8.));
#2693=CARTESIAN_POINT('',(-5.411542831236,45.37306709175,7.999999980357));
#2694=CARTESIAN_POINT('',(-22.8205081305413,51.2198544654348,7.99999998917249));
#2695=CARTESIAN_POINT('',(-19.356406391529,45.2198546154489,7.99999999018321));
#2696=CARTESIAN_POINT('Origin',(-22.82050807569,47.21985447626,8.));
#2697=CARTESIAN_POINT('',(-29.6602540153948,27.3730670189225,7.9999999894535));
#2698=CARTESIAN_POINT('',(-19.35640639522,45.21985462871,7.999999980357));
#2699=CARTESIAN_POINT('Origin',(-33.12435565298,29.37306695895,8.));
#2700=CARTESIAN_POINT('',(-43.4282033853217,51.2198544664447,7.99999999018274));
#2701=CARTESIAN_POINT('Origin',(-43.42820323028,47.21985447626,8.));
#2702=CARTESIAN_POINT('',(-43.42820339496,51.21985445662,7.999999980357));
#2703=CARTESIAN_POINT('',(-62.05,72.74613391789,8.));
#2704=CARTESIAN_POINT('Origin',(-42.,72.74613391789,8.));
#2705=CARTESIAN_POINT('',(-20.05,-2.45541683229044E-15,8.));
#2706=CARTESIAN_POINT('Origin',(0.,0.,8.));
#2707=CARTESIAN_POINT('Origin',(-42.,72.74613391789,7.000000000306));
#2708=CARTESIAN_POINT('',(-20.3493648906411,85.2461338921292,6.00000000008719));
#2709=CARTESIAN_POINT('',(-22.08141569434,84.24613388524,8.000000000204));
#2710=CARTESIAN_POINT('',(-63.65063509461,60.24613391789,6.));
#2711=CARTESIAN_POINT('Origin',(-42.,72.74613391789,6.));
#2712=CARTESIAN_POINT('',(-61.91858428708,61.24613391796,8.000000000004));
#2713=CARTESIAN_POINT('Origin',(-41.78460969083,24.37306695895,7.));
#2714=CARTESIAN_POINT('',(-21.6506351125,-12.49999996862,6.000000000195));
#2715=CARTESIAN_POINT('',(-63.65063509464,60.24613391795,6.000000000003));
#2716=CARTESIAN_POINT('',(-19.91858430899,-11.49999996151,8.000000000239));
#2717=CARTESIAN_POINT('Origin',(2.30926389122E-14,2.13162820728E-14,7.000000000585));
#2718=CARTESIAN_POINT('',(21.6506350730313,12.5000000369182,6.00000000018641));
#2719=CARTESIAN_POINT('Origin',(0.,0.,6.));
#2720=CARTESIAN_POINT('',(19.91858426002,11.50000004593,8.000000000436));
#2721=CARTESIAN_POINT('Origin',(-0.2153903091735,48.37306695895,7.));
#2722=CARTESIAN_POINT('',(21.65063507258,12.50000003744,6.000000000355));
#2723=CARTESIAN_POINT('Origin',(21.65063509461,12.5,0.));
#2724=CARTESIAN_POINT('',(-20.34936490539,85.24613391789,1.5));
#2725=CARTESIAN_POINT('',(21.6506350653861,12.5000000499953,1.49999999974656));
#2726=CARTESIAN_POINT('',(-20.34936490539,85.24613391789,1.5));
#2727=CARTESIAN_POINT('',(-20.34936490539,85.24613391789,1.5));
#2728=CARTESIAN_POINT('',(21.65063506478,12.50000005071,1.499999999517));
#2729=CARTESIAN_POINT('Origin',(1.967622392719,45.5919780457,1.));
#2730=CARTESIAN_POINT('',(-17.71539030917,78.6839560914,0.5));
#2731=CARTESIAN_POINT('',(20.7846096538877,12.0000000633586,0.499999999690879));
#2732=CARTESIAN_POINT('',(-17.71539030917,78.6839560914,0.5));
#2733=CARTESIAN_POINT('Origin',(-42.,72.74613391789,-23.5000000000022));
#2734=CARTESIAN_POINT('',(20.78460965264,12.0000000649,0.4999999993815));
#2735=CARTESIAN_POINT('Origin',(0.,0.,0.5));
#2736=CARTESIAN_POINT('',(-20.78460972192,-11.99999994547,0.4999999996598));
#2737=CARTESIAN_POINT('',(-59.28460969083,54.6839560914,0.5));
#2738=CARTESIAN_POINT('',(-20.78460972192,-11.99999994547,0.4999999996598));
#2739=CARTESIAN_POINT('',(-46.29087952018,48.11711946454,0.5));
#2740=CARTESIAN_POINT('Origin',(-42.,72.74613391789,0.5));
#2741=CARTESIAN_POINT('Origin',(-43.42820323028,47.21985447626,0.5));
#2742=CARTESIAN_POINT('',(-30.52627944163,27.87306695895,0.5));
#2743=CARTESIAN_POINT('Origin',(-33.12435565298,29.37306695895,0.5));
#2744=CARTESIAN_POINT('',(-20.22243186434,45.71985447626,0.5));
#2745=CARTESIAN_POINT('',(-30.52627944163,27.87306695895,0.5));
#2746=CARTESIAN_POINT('',(-22.82050807569,50.21985447626,0.5));
#2747=CARTESIAN_POINT('Origin',(-22.82050807569,47.21985447626,0.5));
#2748=CARTESIAN_POINT('',(-31.15718050885,50.21985447626,0.5));
#2749=CARTESIAN_POINT('',(-22.82050807569,50.21985447626,0.5));
#2750=CARTESIAN_POINT('Origin',(-42.,72.74613391789,0.5));
#2751=CARTESIAN_POINT('Origin',(0.,8.348877145181E-14,0.5));
#2752=CARTESIAN_POINT('',(-11.47372055837,44.87306695895,0.5));
#2753=CARTESIAN_POINT('',(-21.77756813566,27.02627944163,0.5));
#2754=CARTESIAN_POINT('',(-11.47372055837,44.87306695895,0.5));
#2755=CARTESIAN_POINT('',(-19.17949192431,22.52627944163,0.5));
#2756=CARTESIAN_POINT('Origin',(-19.17949192431,25.52627944163,0.5));
#2757=CARTESIAN_POINT('',(1.428203230276,22.52627944163,0.5));
#2758=CARTESIAN_POINT('',(-19.17949192431,22.52627944163,0.5));
#2759=CARTESIAN_POINT('',(4.026279441629,27.02627944163,0.5));
#2760=CARTESIAN_POINT('Origin',(1.428203230276,25.52627944163,0.5));
#2761=CARTESIAN_POINT('',(-6.277568135665,44.87306695895,0.5));
#2762=CARTESIAN_POINT('',(4.026279441629,27.02627944163,0.5));
#2763=CARTESIAN_POINT('Origin',(-8.875644347018,43.37306695895,0.5));
#2764=CARTESIAN_POINT('',(-19.,-2.32682891837997E-15,0.5));
#2765=CARTESIAN_POINT('Origin',(0.,0.,0.5));
#2766=CARTESIAN_POINT('Origin',(0.,0.,0.));
#2767=CARTESIAN_POINT('',(-19.,-2.32682891837997E-15,-6.7));
#2768=CARTESIAN_POINT('',(-19.,-2.32682891837997E-15,0.));
#2769=CARTESIAN_POINT('',(-2.32682891838003E-15,19.0000000000005,-6.7000000000005));
#2770=CARTESIAN_POINT('Origin',(0.,0.,-6.7));
#2771=CARTESIAN_POINT('Origin',(0.,0.,-6.7));
#2772=CARTESIAN_POINT('Origin',(0.,0.,-6.850000001561));
#2773=CARTESIAN_POINT('',(-2.29008951440561E-15,18.7000000000005,-7.0000000000005));
#2774=CARTESIAN_POINT('',(-2.30845921620172E-15,18.84999999844,-6.850000001561));
#2775=CARTESIAN_POINT('Origin',(0.,0.,-7.));
#2776=CARTESIAN_POINT('Origin',(0.,0.,-7.));
#2777=CARTESIAN_POINT('',(-8.292304845413,6.,-7.));
#2778=CARTESIAN_POINT('Origin',(-10.39230484541,6.,-7.));
#2779=CARTESIAN_POINT('',(-8.29230484541,-6.,-7.));
#2780=CARTESIAN_POINT('Origin',(-10.39230484541,-6.,-7.));
#2781=CARTESIAN_POINT('',(12.49230484541,6.,-7.));
#2782=CARTESIAN_POINT('Origin',(10.39230484541,6.,-7.));
#2783=CARTESIAN_POINT('',(12.49230484541,-6.,-7.));
#2784=CARTESIAN_POINT('Origin',(10.39230484541,-6.,-7.));
#2785=CARTESIAN_POINT('',(2.1,12.,-7.));
#2786=CARTESIAN_POINT('Origin',(-2.620126338115E-14,12.,-7.));
#2787=CARTESIAN_POINT('',(2.10000000000004,-12.,-7.));
#2788=CARTESIAN_POINT('Origin',(3.996802888651E-14,-12.,-7.));
#2789=CARTESIAN_POINT('',(4.,-10.39230484541,-7.));
#2790=CARTESIAN_POINT('Origin',(6.,-10.39230484541,-7.));
#2791=CARTESIAN_POINT('',(-14.,0.,-7.));
#2792=CARTESIAN_POINT('Origin',(-12.,0.,-7.));
#2793=CARTESIAN_POINT('',(4.,10.39230484541,-7.));
#2794=CARTESIAN_POINT('Origin',(6.,10.39230484541,-7.));
#2795=CARTESIAN_POINT('',(0.,6.95,-7.));
#2796=CARTESIAN_POINT('Origin',(0.,0.,-7.));
#2797=CARTESIAN_POINT('Origin',(0.,0.,-7.));
#2798=CARTESIAN_POINT('',(0.,6.95,-9.6));
#2799=CARTESIAN_POINT('Origin',(0.,0.,-9.6));
#2800=CARTESIAN_POINT('',(8.51129525407411E-16,6.95,-7.));
#2801=CARTESIAN_POINT('Origin',(0.,0.,-9.750000005397));
#2802=CARTESIAN_POINT('',(0.,6.65,-9.9));
#2803=CARTESIAN_POINT('',(-8.32759822759258E-16,6.799999994603,-9.750000005397));
#2804=CARTESIAN_POINT('Origin',(0.,0.,-9.9));
#2805=CARTESIAN_POINT('Origin',(0.,0.,-9.9));
#2806=CARTESIAN_POINT('Origin',(-10.39230484541,6.,-33.32989766496));
#2807=CARTESIAN_POINT('',(-8.292304845413,6.,3.));
#2808=CARTESIAN_POINT('',(-8.29230484541,6.,-33.32989766496));
#2809=CARTESIAN_POINT('Origin',(-10.39230484541,6.,3.));
#2810=CARTESIAN_POINT('Origin',(-10.39230484541,6.,3.));
#2811=CARTESIAN_POINT('',(-6.14230484541,6.,3.));
#2812=CARTESIAN_POINT('Origin',(-10.39230484541,6.,3.));
#2813=CARTESIAN_POINT('Origin',(-10.39230484541,6.,-33.32989766496));
#2814=CARTESIAN_POINT('',(-6.14230484541,6.,7.));
#2815=CARTESIAN_POINT('',(-6.14230484541,6.,-33.32989766496));
#2816=CARTESIAN_POINT('Origin',(-10.39230484541,6.,7.));
#2817=CARTESIAN_POINT('Origin',(0.,0.,7.));
#2818=CARTESIAN_POINT('',(-62.05,72.74613391789,7.));
#2819=CARTESIAN_POINT('Origin',(-42.,72.74613391789,7.));
#2820=CARTESIAN_POINT('',(-23.75,72.74613391789,7.));
#2821=CARTESIAN_POINT('Origin',(-27.,72.74613391789,7.));
#2822=CARTESIAN_POINT('',(-53.75,72.74613391789,7.));
#2823=CARTESIAN_POINT('Origin',(-57.,72.74613391789,7.));
#2824=CARTESIAN_POINT('',(-38.75,57.74613391789,7.));
#2825=CARTESIAN_POINT('Origin',(-42.,57.74613391789,7.));
#2826=CARTESIAN_POINT('',(-38.75,87.74613391789,7.));
#2827=CARTESIAN_POINT('Origin',(-42.,87.74613391789,7.));
#2828=CARTESIAN_POINT('',(-48.,72.74613391789,7.));
#2829=CARTESIAN_POINT('Origin',(-42.,72.74613391789,7.));
#2830=CARTESIAN_POINT('Origin',(0.,0.,7.));
#2831=CARTESIAN_POINT('',(-20.05,-2.45541683229044E-15,7.));
#2832=CARTESIAN_POINT('Origin',(0.,0.,7.));
#2833=CARTESIAN_POINT('',(-6.14230484541,-6.,7.));
#2834=CARTESIAN_POINT('Origin',(-10.39230484541,-6.,7.));
#2835=CARTESIAN_POINT('',(14.64230484541,6.,7.));
#2836=CARTESIAN_POINT('Origin',(10.39230484541,6.,7.));
#2837=CARTESIAN_POINT('',(14.64230484541,-6.,7.));
#2838=CARTESIAN_POINT('Origin',(10.39230484541,-6.,7.));
#2839=CARTESIAN_POINT('',(4.24999999999997,12.,7.));
#2840=CARTESIAN_POINT('Origin',(-2.620126338115E-14,12.,7.));
#2841=CARTESIAN_POINT('',(4.25000000000004,-12.,7.));
#2842=CARTESIAN_POINT('Origin',(3.996802888651E-14,-12.,7.));
#2843=CARTESIAN_POINT('',(-6.,-7.34788079488412E-16,7.));
#2844=CARTESIAN_POINT('Origin',(0.,0.,7.));
#2845=CARTESIAN_POINT('Origin',(-42.,72.74613391789,8.));
#2846=CARTESIAN_POINT('',(-62.05,72.74613391789,8.));
#2847=CARTESIAN_POINT('Origin',(0.,0.,8.));
#2848=CARTESIAN_POINT('',(-20.05,-2.45541683229044E-15,8.));
#2849=CARTESIAN_POINT('Origin',(-10.39230484541,-6.,-33.32989766496));
#2850=CARTESIAN_POINT('',(-6.14230484541,-6.,3.));
#2851=CARTESIAN_POINT('Origin',(-10.39230484541,-6.,3.));
#2852=CARTESIAN_POINT('',(-6.14230484541,-6.,-33.32989766496));
#2853=CARTESIAN_POINT('Origin',(-10.39230484541,-6.,3.));
#2854=CARTESIAN_POINT('',(-8.29230484541,-6.,3.));
#2855=CARTESIAN_POINT('Origin',(-10.39230484541,-6.,3.));
#2856=CARTESIAN_POINT('Origin',(-10.39230484541,-6.,-33.32989766496));
#2857=CARTESIAN_POINT('',(-8.29230484541,-6.,-33.32989766496));
#2858=CARTESIAN_POINT('Origin',(10.39230484541,6.,-33.32989766496));
#2859=CARTESIAN_POINT('',(14.64230484541,6.,3.));
#2860=CARTESIAN_POINT('Origin',(10.39230484541,6.,3.));
#2861=CARTESIAN_POINT('',(14.64230484541,6.,-33.32989766496));
#2862=CARTESIAN_POINT('Origin',(10.39230484541,6.,3.));
#2863=CARTESIAN_POINT('',(12.49230484541,6.,3.));
#2864=CARTESIAN_POINT('Origin',(10.39230484541,6.,3.));
#2865=CARTESIAN_POINT('Origin',(10.39230484541,6.,-33.32989766496));
#2866=CARTESIAN_POINT('',(12.49230484541,6.,-33.32989766496));
#2867=CARTESIAN_POINT('Origin',(10.39230484541,-6.,-33.32989766496));
#2868=CARTESIAN_POINT('',(14.64230484541,-6.,3.));
#2869=CARTESIAN_POINT('Origin',(10.39230484541,-6.,3.));
#2870=CARTESIAN_POINT('',(14.64230484541,-6.,-33.32989766496));
#2871=CARTESIAN_POINT('Origin',(10.39230484541,-6.,3.));
#2872=CARTESIAN_POINT('',(12.49230484541,-6.,3.));
#2873=CARTESIAN_POINT('Origin',(10.39230484541,-6.,3.));
#2874=CARTESIAN_POINT('Origin',(10.39230484541,-6.,-33.32989766496));
#2875=CARTESIAN_POINT('',(12.49230484541,-6.,-33.32989766496));
#2876=CARTESIAN_POINT('Origin',(-2.620126338115E-14,12.,-33.32989766496));
#2877=CARTESIAN_POINT('',(4.24999999999997,12.,3.));
#2878=CARTESIAN_POINT('Origin',(-2.620126338115E-14,12.,3.));
#2879=CARTESIAN_POINT('',(4.24999999999997,12.,-33.32989766496));
#2880=CARTESIAN_POINT('Origin',(-2.620126338115E-14,12.,3.));
#2881=CARTESIAN_POINT('',(2.1,12.,3.));
#2882=CARTESIAN_POINT('Origin',(-2.620126338115E-14,12.,3.));
#2883=CARTESIAN_POINT('Origin',(-2.620126338115E-14,12.,-33.32989766496));
#2884=CARTESIAN_POINT('',(2.09999999999997,12.,-33.32989766496));
#2885=CARTESIAN_POINT('Origin',(3.996802888651E-14,-12.,-33.32989766496));
#2886=CARTESIAN_POINT('',(4.25000000000004,-12.,3.));
#2887=CARTESIAN_POINT('Origin',(3.996802888651E-14,-12.,3.));
#2888=CARTESIAN_POINT('',(4.25000000000004,-12.,-33.32989766496));
#2889=CARTESIAN_POINT('Origin',(3.996802888651E-14,-12.,3.));
#2890=CARTESIAN_POINT('',(2.10000000000004,-12.,3.));
#2891=CARTESIAN_POINT('Origin',(3.996802888651E-14,-12.,3.));
#2892=CARTESIAN_POINT('Origin',(3.996802888651E-14,-12.,-33.32989766496));
#2893=CARTESIAN_POINT('',(2.10000000000004,-12.,-33.32989766496));
#2894=CARTESIAN_POINT('Origin',(-27.,72.74613391789,-33.53944583997));
#2895=CARTESIAN_POINT('',(-23.75,72.74613391789,4.));
#2896=CARTESIAN_POINT('Origin',(-27.,72.74613391789,4.));
#2897=CARTESIAN_POINT('',(-23.75,72.74613391789,-33.53944583997));
#2898=CARTESIAN_POINT('Origin',(-27.,72.74613391789,4.));
#2899=CARTESIAN_POINT('',(-25.4,72.74613391789,4.));
#2900=CARTESIAN_POINT('Origin',(-27.,72.74613391789,4.));
#2901=CARTESIAN_POINT('Origin',(-27.,72.74613391789,-33.53944583997));
#2902=CARTESIAN_POINT('',(-25.4,72.74613391789,-0.499999999999998));
#2903=CARTESIAN_POINT('Origin',(-27.,72.74613391789,-0.5));
#2904=CARTESIAN_POINT('',(-25.4,72.74613391789,-33.53944583997));
#2905=CARTESIAN_POINT('Origin',(0.,0.,-0.5));
#2906=CARTESIAN_POINT('',(-46.29087952018,48.11711946454,-0.5));
#2907=CARTESIAN_POINT('',(-31.15718050885,50.21985447626,-0.5));
#2908=CARTESIAN_POINT('Origin',(-42.,72.74613391789,-0.5));
#2909=CARTESIAN_POINT('',(-43.42820323028,50.21985447626,-0.5));
#2910=CARTESIAN_POINT('',(-31.15718050885,50.21985447626,-0.5));
#2911=CARTESIAN_POINT('Origin',(-43.42820323028,47.21985447626,-0.5));
#2912=CARTESIAN_POINT('',(-55.4,72.74613391789,-0.5));
#2913=CARTESIAN_POINT('Origin',(-57.,72.74613391789,-0.5));
#2914=CARTESIAN_POINT('',(-40.4,57.74613391789,-0.5));
#2915=CARTESIAN_POINT('Origin',(-42.,57.74613391789,-0.5));
#2916=CARTESIAN_POINT('',(-40.4,87.74613391789,-0.5));
#2917=CARTESIAN_POINT('Origin',(-42.,87.74613391789,-0.5));
#2918=CARTESIAN_POINT('',(-35.50845307463,74.32896677325,-0.5));
#2919=CARTESIAN_POINT('',(-30.82095307463,66.20997861277,-0.5));
#2920=CARTESIAN_POINT('',(-35.50845307463,74.32896677325,-0.5));
#2921=CARTESIAN_POINT('',(-29.16260656086,67.16742541891,-0.5));
#2922=CARTESIAN_POINT('',(-30.82095307463,66.20997861277,-0.5));
#2923=CARTESIAN_POINT('',(-34.78760656086,76.91021121148,-0.5));
#2924=CARTESIAN_POINT('',(-29.16260656086,67.16742541891,-0.5));
#2925=CARTESIAN_POINT('',(-47.77798761763,69.41021121148,-0.5));
#2926=CARTESIAN_POINT('',(-34.78760656086,76.91021121148,-0.5));
#2927=CARTESIAN_POINT('',(-46.84048761763,67.78641357938,-0.5));
#2928=CARTESIAN_POINT('',(-47.77798761763,69.41021121148,-0.5));
#2929=CARTESIAN_POINT('',(-46.84048761763,67.78641357938,-0.5));
#2930=CARTESIAN_POINT('Origin',(-57.,72.74613391789,-33.53944583997));
#2931=CARTESIAN_POINT('',(-55.4,72.74613391789,4.));
#2932=CARTESIAN_POINT('',(-55.4,72.74613391789,-33.53944583997));
#2933=CARTESIAN_POINT('Origin',(-57.,72.74613391789,4.));
#2934=CARTESIAN_POINT('Origin',(-57.,72.74613391789,4.));
#2935=CARTESIAN_POINT('',(-53.75,72.74613391789,4.));
#2936=CARTESIAN_POINT('Origin',(-57.,72.74613391789,4.));
#2937=CARTESIAN_POINT('Origin',(-57.,72.74613391789,-33.53944583997));
#2938=CARTESIAN_POINT('',(-53.75,72.74613391789,-33.53944583997));
#2939=CARTESIAN_POINT('Origin',(-42.,57.74613391789,-33.53944583997));
#2940=CARTESIAN_POINT('',(-40.4,57.74613391789,4.));
#2941=CARTESIAN_POINT('',(-40.4,57.74613391789,-33.53944583997));
#2942=CARTESIAN_POINT('Origin',(-42.,57.74613391789,4.));
#2943=CARTESIAN_POINT('Origin',(-42.,57.74613391789,4.));
#2944=CARTESIAN_POINT('',(-38.75,57.74613391789,4.));
#2945=CARTESIAN_POINT('Origin',(-42.,57.74613391789,4.));
#2946=CARTESIAN_POINT('Origin',(-42.,57.74613391789,-33.53944583997));
#2947=CARTESIAN_POINT('',(-38.75,57.74613391789,-33.53944583997));
#2948=CARTESIAN_POINT('Origin',(-42.,87.74613391789,-33.53944583997));
#2949=CARTESIAN_POINT('',(-40.4,87.74613391789,4.));
#2950=CARTESIAN_POINT('',(-40.4,87.74613391789,-33.53944583997));
#2951=CARTESIAN_POINT('Origin',(-42.,87.74613391789,4.));
#2952=CARTESIAN_POINT('Origin',(-42.,87.74613391789,4.));
#2953=CARTESIAN_POINT('',(-38.75,87.74613391789,4.));
#2954=CARTESIAN_POINT('Origin',(-42.,87.74613391789,4.));
#2955=CARTESIAN_POINT('Origin',(-42.,87.74613391789,-33.53944583997));
#2956=CARTESIAN_POINT('',(-38.75,87.74613391789,-33.53944583997));
#2957=CARTESIAN_POINT('Origin',(-42.,72.74613391789,0.));
#2958=CARTESIAN_POINT('',(-63.65063509461,60.24613391789,1.5));
#2959=CARTESIAN_POINT('',(-63.65063509461,60.24613391789,1.5));
#2960=CARTESIAN_POINT('',(-31.15718050885,50.21985447626,0.5));
#2961=CARTESIAN_POINT('',(-46.29087952018,48.11711946454,-0.5));
#2962=CARTESIAN_POINT('Origin',(-42.,72.74613391789,-23.5000000000037));
#2963=CARTESIAN_POINT('Origin',(-63.65063509461,60.24613391789,0.));
#2964=CARTESIAN_POINT('',(-21.6506351189,-12.4999999574,1.499999999734));
#2965=CARTESIAN_POINT('',(-21.6506351189,-12.4999999574,1.499999999734));
#2966=CARTESIAN_POINT('',(-21.6506351189,-12.4999999574,1.499999999734));
#2967=CARTESIAN_POINT('Origin',(-40.46762239272,21.0919780457,1.));
#2968=CARTESIAN_POINT('',(-20.78460972192,-11.99999994547,0.4999999996598));
#2969=CARTESIAN_POINT('Origin',(0.,8.348877145181E-14,0.9999999991653));
#2970=CARTESIAN_POINT('Origin',(0.,0.,1.5));
#2971=CARTESIAN_POINT('Origin',(0.,0.,0.));
#2972=CARTESIAN_POINT('Origin',(-43.42820323028,47.21985447626,31.33444000301));
#2973=CARTESIAN_POINT('',(-43.4282033171201,50.2198544692139,6.99999999439934));
#2974=CARTESIAN_POINT('Origin',(-43.42820323028,47.21985447626,7.));
#2975=CARTESIAN_POINT('',(-43.42820332291,50.21985446521,6.999999988951));
#2976=CARTESIAN_POINT('Origin',(-43.42820323028,47.21985447626,7.499999978679));
#2977=CARTESIAN_POINT('',(-43.42820339496,51.21985445662,7.999999980357));
#2978=CARTESIAN_POINT('Origin',(-33.12435565298,50.71985447626,7.5));
#2979=CARTESIAN_POINT('',(-22.8205081067803,50.2198544686162,6.99999999417065));
#2980=CARTESIAN_POINT('',(-43.42820332291,50.21985446521,6.999999988951));
#2981=CARTESIAN_POINT('',(-22.82050813886,51.21985445452,7.999999978256));
#2982=CARTESIAN_POINT('Origin',(-22.82050807569,47.21985447626,7.499999978679));
#2983=CARTESIAN_POINT('',(-20.2224318270162,45.7198545549962,6.99999999440013));
#2984=CARTESIAN_POINT('Origin',(-22.82050807569,47.21985447626,7.));
#2985=CARTESIAN_POINT('',(-19.35640639522,45.21985462871,7.999999980357));
#2986=CARTESIAN_POINT('Origin',(-24.94134295109,36.54646071761,7.5));
#2987=CARTESIAN_POINT('',(-30.5262794271728,27.8730669916285,6.99999999082876));
#2988=CARTESIAN_POINT('',(-20.22243182759,45.71985456201,6.999999988951));
#2989=CARTESIAN_POINT('',(-29.66025402509,27.37306702452,7.999999978256));
#2990=CARTESIAN_POINT('Origin',(-33.12435565298,29.37306695895,7.499999978679));
#2991=CARTESIAN_POINT('Origin',(-33.12435565298,29.37306695895,7.));
#2992=CARTESIAN_POINT('Origin',(-33.12435565298,29.37306695895,31.33444000301));
#2993=CARTESIAN_POINT('',(-30.52627943445,27.87306699583,6.999999987769));
#2994=CARTESIAN_POINT('Origin',(-33.12435565298,23.37306695895,8.));
#2995=CARTESIAN_POINT('',(-20.22243182759,45.71985456201,6.999999988951));
#2996=CARTESIAN_POINT('Origin',(-22.82050807569,47.21985447626,31.33444000301));
#2997=CARTESIAN_POINT('',(-22.82050811122,50.21985446403,6.999999987769));
#2998=CARTESIAN_POINT('Origin',(-17.62435565298,50.21985447626,8.));
#2999=CARTESIAN_POINT('Origin',(-33.16470307463,70.26947269301,-0.25));
#3000=CARTESIAN_POINT('',(-35.50845307463,74.32896677325,0.));
#3001=CARTESIAN_POINT('',(-35.50845307463,74.32896677325,-0.5));
#3002=CARTESIAN_POINT('',(-30.82095307463,66.20997861277,0.));
#3003=CARTESIAN_POINT('',(-35.50845307463,74.32896677325,0.));
#3004=CARTESIAN_POINT('',(-30.82095307463,66.20997861277,-0.5));
#3005=CARTESIAN_POINT('Origin',(-29.99177981775,66.68870201584,-0.25));
#3006=CARTESIAN_POINT('',(-29.16260656086,67.16742541891,0.));
#3007=CARTESIAN_POINT('',(-30.82095307463,66.20997861277,0.));
#3008=CARTESIAN_POINT('',(-29.16260656086,67.16742541891,-0.5));
#3009=CARTESIAN_POINT('Origin',(-31.97510656086,72.03881831519,-0.25));
#3010=CARTESIAN_POINT('',(-34.78760656086,76.91021121148,0.));
#3011=CARTESIAN_POINT('',(-29.16260656086,67.16742541891,0.));
#3012=CARTESIAN_POINT('',(-34.78760656086,76.91021121148,-0.5));
#3013=CARTESIAN_POINT('Origin',(-41.28279708925,73.16021121148,-0.25));
#3014=CARTESIAN_POINT('',(-47.77798761763,69.41021121148,0.));
#3015=CARTESIAN_POINT('',(-34.78760656086,76.91021121148,0.));
#3016=CARTESIAN_POINT('',(-47.77798761763,69.41021121148,-0.5));
#3017=CARTESIAN_POINT('Origin',(-47.30923761763,68.59831239543,-0.25));
#3018=CARTESIAN_POINT('',(-46.84048761763,67.78641357938,0.));
#3019=CARTESIAN_POINT('',(-47.77798761763,69.41021121148,0.));
#3020=CARTESIAN_POINT('',(-46.84048761763,67.78641357938,-0.5));
#3021=CARTESIAN_POINT('Origin',(-41.17447034613,71.05769017632,-0.25));
#3022=CARTESIAN_POINT('',(-46.84048761763,67.78641357938,0.));
#3023=CARTESIAN_POINT('Origin',(0.,0.,0.));
#3024=CARTESIAN_POINT('Origin',(-42.,72.74613391789,7.));
#3025=CARTESIAN_POINT('',(-48.,72.74613391789,3.9));
#3026=CARTESIAN_POINT('Origin',(-42.,72.74613391789,3.9));
#3027=CARTESIAN_POINT('',(-48.,72.74613391789,7.));
#3028=CARTESIAN_POINT('Origin',(0.,0.,3.9));
#3029=CARTESIAN_POINT('Origin',(0.,0.,3.9));
#3030=CARTESIAN_POINT('',(-6.,-7.34788079488412E-16,3.9));
#3031=CARTESIAN_POINT('Origin',(0.,0.,3.9));
#3032=CARTESIAN_POINT('Origin',(0.,0.,7.));
#3033=CARTESIAN_POINT('',(-6.,-7.34788079488412E-16,7.));
#3034=CARTESIAN_POINT('Origin',(6.,-10.39230484541,-7.));
#3035=CARTESIAN_POINT('',(4.,-10.39230484541,-1.));
#3036=CARTESIAN_POINT('',(4.,-10.39230484541,-7.));
#3037=CARTESIAN_POINT('Origin',(6.,-10.39230484541,-1.));
#3038=CARTESIAN_POINT('Origin',(6.,-10.39230484541,-1.));
#3039=CARTESIAN_POINT('Origin',(-12.,0.,-7.));
#3040=CARTESIAN_POINT('',(-14.,0.,-1.));
#3041=CARTESIAN_POINT('',(-14.,-2.44929359829471E-16,-7.));
#3042=CARTESIAN_POINT('Origin',(-12.,0.,-1.));
#3043=CARTESIAN_POINT('Origin',(-12.,0.,-1.));
#3044=CARTESIAN_POINT('Origin',(6.,10.39230484541,-7.));
#3045=CARTESIAN_POINT('',(4.,10.39230484541,-1.));
#3046=CARTESIAN_POINT('',(4.,10.39230484541,-7.));
#3047=CARTESIAN_POINT('Origin',(6.,10.39230484541,-1.));
#3048=CARTESIAN_POINT('Origin',(6.,10.39230484541,-1.));
#3049=CARTESIAN_POINT('Origin',(-8.875644347018,49.37306695895,8.));
#3050=CARTESIAN_POINT('',(-21.7775681729838,27.0262793628938,6.99999999440013));
#3051=CARTESIAN_POINT('',(-11.4737205728299,44.873066926263,6.99999999082765));
#3052=CARTESIAN_POINT('',(-21.77756817241,27.02627935588,6.999999988951));
#3053=CARTESIAN_POINT('',(-21.77756817241,27.02627935588,6.999999988951));
#3054=CARTESIAN_POINT('',(-11.47372056555,44.87306692206,6.999999987769));
#3055=CARTESIAN_POINT('Origin',(-17.05865704891,36.19967320029,7.5));
#3056=CARTESIAN_POINT('',(-22.64359360478,27.52627928918,7.999999980357));
#3057=CARTESIAN_POINT('',(-12.33974597491,45.37306689337,7.999999978256));
#3058=CARTESIAN_POINT('Origin',(-8.875644347018,43.37306695895,7.499999978679));
#3059=CARTESIAN_POINT('',(-6.27756818518998,44.8730670306372,6.99999999440016));
#3060=CARTESIAN_POINT('Origin',(-8.875644347018,43.37306695895,7.));
#3061=CARTESIAN_POINT('',(-5.411542831236,45.37306709175,7.999999980357));
#3062=CARTESIAN_POINT('Origin',(-0.6926316451256,36.19967320029,7.5));
#3063=CARTESIAN_POINT('',(4.02627941946351,27.0262794647334,6.99999999417173));
#3064=CARTESIAN_POINT('',(-6.277568191552,44.87306703365,6.999999988951));
#3065=CARTESIAN_POINT('',(4.892304794998,27.52627948546,7.999999978256));
#3066=CARTESIAN_POINT('Origin',(1.428203230276,25.52627944163,7.499999978679));
#3067=CARTESIAN_POINT('',(1.42820331712309,22.5262794486761,6.99999999439934));
#3068=CARTESIAN_POINT('Origin',(1.428203230276,25.52627944163,7.));
#3069=CARTESIAN_POINT('',(1.428203394964,21.52627946127,7.999999980357));
#3070=CARTESIAN_POINT('Origin',(-8.875644347018,22.02627944163,7.5));
#3071=CARTESIAN_POINT('',(-19.17949188878,22.5262794454521,6.99999999082697));
#3072=CARTESIAN_POINT('',(1.428203322913,22.52627945268,6.999999988951));
#3073=CARTESIAN_POINT('',(-19.17949186114,21.52627946337,7.999999978256));
#3074=CARTESIAN_POINT('Origin',(-19.17949192431,25.52627944163,7.499999978679));
#3075=CARTESIAN_POINT('Origin',(-19.17949192431,25.52627944163,7.));
#3076=CARTESIAN_POINT('Origin',(-19.17949192431,25.52627944163,31.33444000301));
#3077=CARTESIAN_POINT('',(-19.17949188878,22.52627945386,6.999999987769));
#3078=CARTESIAN_POINT('Origin',(-24.37564434702,22.52627944163,8.));
#3079=CARTESIAN_POINT('',(1.428203322913,22.52627945268,6.999999988951));
#3080=CARTESIAN_POINT('Origin',(1.428203230276,25.52627944163,31.33444000301));
#3081=CARTESIAN_POINT('',(4.02627941327,27.02627946629,6.999999987769));
#3082=CARTESIAN_POINT('Origin',(6.624355652982,22.52627944163,8.));
#3083=CARTESIAN_POINT('',(-6.277568191552,44.87306703365,6.999999988951));
#3084=CARTESIAN_POINT('Origin',(-8.875644347018,43.37306695895,31.33444000301));
#3085=CARTESIAN_POINT('Origin',(0.,0.,-1.));
#3086=CARTESIAN_POINT('',(8.,-10.39230484541,-1.));
#3087=CARTESIAN_POINT('Origin',(6.,-10.39230484541,-1.));
#3088=CARTESIAN_POINT('Origin',(6.,-10.39230484541,-1.));
#3089=CARTESIAN_POINT('',(8.,-10.39230484541,-10.5));
#3090=CARTESIAN_POINT('',(6.,-8.392304845412,-10.499999999998));
#3091=CARTESIAN_POINT('Origin',(6.,-10.39230484541,-10.5));
#3092=CARTESIAN_POINT('',(8.,-10.39230484541,-1.));
#3093=CARTESIAN_POINT('Origin',(6.,-10.39230484541,-10.5));
#3094=CARTESIAN_POINT('Origin',(6.,-10.39230484541,-10.75000001516));
#3095=CARTESIAN_POINT('',(6.,-8.892304845412,-10.999999999998));
#3096=CARTESIAN_POINT('',(6.,-8.642304860574,-10.75000001516));
#3097=CARTESIAN_POINT('Origin',(6.,-10.39230484541,-11.));
#3098=CARTESIAN_POINT('Origin',(0.,0.,-11.));
#3099=CARTESIAN_POINT('Origin',(0.,0.,-1.));
#3100=CARTESIAN_POINT('',(-10.,0.,-1.));
#3101=CARTESIAN_POINT('Origin',(-12.,0.,-1.));
#3102=CARTESIAN_POINT('Origin',(-12.,0.,-1.));
#3103=CARTESIAN_POINT('',(-10.,0.,-10.5));
#3104=CARTESIAN_POINT('',(-12.,1.999999999998,-10.499999999998));
#3105=CARTESIAN_POINT('Origin',(-12.,0.,-10.5));
#3106=CARTESIAN_POINT('',(-10.,-2.44929359829471E-16,-1.));
#3107=CARTESIAN_POINT('Origin',(-12.,0.,-10.5));
#3108=CARTESIAN_POINT('Origin',(-12.,0.,-10.75000001516));
#3109=CARTESIAN_POINT('',(-12.,1.499999999998,-10.999999999998));
#3110=CARTESIAN_POINT('',(-12.,1.749999984836,-10.75000001516));
#3111=CARTESIAN_POINT('Origin',(-12.,0.,-11.));
#3112=CARTESIAN_POINT('Origin',(0.,0.,-11.));
#3113=CARTESIAN_POINT('Origin',(0.,0.,-1.));
#3114=CARTESIAN_POINT('',(8.,10.39230484541,-1.));
#3115=CARTESIAN_POINT('Origin',(6.,10.39230484541,-1.));
#3116=CARTESIAN_POINT('Origin',(6.,10.39230484541,-1.));
#3117=CARTESIAN_POINT('',(8.,10.39230484541,-10.5));
#3118=CARTESIAN_POINT('',(6.,12.392304845408,-10.499999999998));
#3119=CARTESIAN_POINT('Origin',(6.,10.39230484541,-10.5));
#3120=CARTESIAN_POINT('',(8.,10.39230484541,-1.));
#3121=CARTESIAN_POINT('Origin',(6.,10.39230484541,-10.5));
#3122=CARTESIAN_POINT('Origin',(6.,10.39230484541,-10.75000001516));
#3123=CARTESIAN_POINT('',(6.,11.892304845408,-10.999999999998));
#3124=CARTESIAN_POINT('',(6.,12.142304830246,-10.75000001516));
#3125=CARTESIAN_POINT('Origin',(6.,10.39230484541,-11.));
#3126=CARTESIAN_POINT('Origin',(0.,0.,-11.));
#3127=CARTESIAN_POINT('Origin',(0.,0.,7.));
#3128=CARTESIAN_POINT('',(5.6955274718185,-0.225758317146359,7.));
#3129=CARTESIAN_POINT('Origin',(0.,0.,7.));
#3130=CARTESIAN_POINT('Origin',(0.,0.,6.7));
#3131=CARTESIAN_POINT('',(5.99529207559842,-0.237640333838272,6.7));
#3132=CARTESIAN_POINT('Origin',(5.6955274718185,-0.225758317146359,6.7));
#3133=CARTESIAN_POINT('',(-6.,-7.34788079488412E-16,6.7));
#3134=CARTESIAN_POINT('Origin',(0.,0.,6.7));
#3135=CARTESIAN_POINT('Origin',(0.,0.,6.7));
#3136=CARTESIAN_POINT('Origin',(0.,0.,7.));
#3137=CARTESIAN_POINT('',(-6.,-7.34788079488412E-16,4.3));
#3138=CARTESIAN_POINT('',(-6.,-7.34788079488412E-16,7.));
#3139=CARTESIAN_POINT('',(5.99050077546625,0.337491420836535,4.3));
#3140=CARTESIAN_POINT('Origin',(0.,0.,4.3));
#3141=CARTESIAN_POINT('Origin',(0.,0.,4.3));
#3142=CARTESIAN_POINT('Origin',(0.,0.,4.3));
#3143=CARTESIAN_POINT('',(5.69097573669294,0.320616849794708,4.));
#3144=CARTESIAN_POINT('Origin',(5.69097573669294,0.320616849794708,4.3));
#3145=CARTESIAN_POINT('Origin',(0.,0.,4.));
#3146=CARTESIAN_POINT('Origin',(0.,0.,4.));
#3147=CARTESIAN_POINT('Origin',(0.,0.,7.));
#3148=CARTESIAN_POINT('',(-47.6955274718185,72.9718922350363,7.));
#3149=CARTESIAN_POINT('Origin',(-42.,72.74613391789,7.));
#3150=CARTESIAN_POINT('Origin',(-42.,72.74613391789,6.7));
#3151=CARTESIAN_POINT('',(-47.9952920755984,72.9837742517283,6.7));
#3152=CARTESIAN_POINT('Origin',(-47.6955274718185,72.9718922350364,6.7));
#3153=CARTESIAN_POINT('',(-48.,72.74613391789,6.7));
#3154=CARTESIAN_POINT('Origin',(-42.,72.74613391789,6.7));
#3155=CARTESIAN_POINT('Origin',(-42.,72.74613391789,6.7));
#3156=CARTESIAN_POINT('Origin',(-42.,72.74613391789,7.));
#3157=CARTESIAN_POINT('',(-48.,72.74613391789,4.3));
#3158=CARTESIAN_POINT('',(-48.,72.74613391789,7.));
#3159=CARTESIAN_POINT('',(-47.9905007754663,72.4086424970535,4.3));
#3160=CARTESIAN_POINT('Origin',(-42.,72.74613391789,4.3));
#3161=CARTESIAN_POINT('Origin',(-42.,72.74613391789,4.3));
#3162=CARTESIAN_POINT('Origin',(-42.,72.74613391789,4.3));
#3163=CARTESIAN_POINT('',(-47.6909757366929,72.4255170680953,4.));
#3164=CARTESIAN_POINT('Origin',(-47.6909757366929,72.4255170680953,4.3));
#3165=CARTESIAN_POINT('Origin',(-42.,72.74613391789,4.));
#3166=CARTESIAN_POINT('Origin',(0.,0.,4.));
#3167=UNCERTAINTY_MEASURE_WITH_UNIT(LENGTH_MEASURE(0.01),#3171,
'DISTANCE_ACCURACY_VALUE',
'Maximum model space distance between geometric entities at asserted c
onnectivities');
#3168=UNCERTAINTY_MEASURE_WITH_UNIT(LENGTH_MEASURE(0.01),#3171,
'DISTANCE_ACCURACY_VALUE',
'Maximum model space distance between geometric entities at asserted c
onnectivities');
#3169=(
GEOMETRIC_REPRESENTATION_CONTEXT(3)
GLOBAL_UNCERTAINTY_ASSIGNED_CONTEXT((#3167))
GLOBAL_UNIT_ASSIGNED_CONTEXT((#3171,#3173,#3174))
REPRESENTATION_CONTEXT('','3D')
);
#3170=(
GEOMETRIC_REPRESENTATION_CONTEXT(3)
GLOBAL_UNCERTAINTY_ASSIGNED_CONTEXT((#3168))
GLOBAL_UNIT_ASSIGNED_CONTEXT((#3171,#3173,#3174))
REPRESENTATION_CONTEXT('','3D')
);
#3171=(
LENGTH_UNIT()
NAMED_UNIT(*)
SI_UNIT(.MILLI.,.METRE.)
);
#3172=(
LENGTH_UNIT()
NAMED_UNIT(*)
SI_UNIT($,.METRE.)
);
#3173=(
NAMED_UNIT(*)
PLANE_ANGLE_UNIT()
SI_UNIT($,.RADIAN.)
);
#3174=(
NAMED_UNIT(*)
SI_UNIT($,.STERADIAN.)
SOLID_ANGLE_UNIT()
);
#3175=SHAPE_DEFINITION_REPRESENTATION(#3176,#3177);
#3176=PRODUCT_DEFINITION_SHAPE('',$,#3179);
#3177=SHAPE_REPRESENTATION('',(#1826),#3169);
#3178=PRODUCT_DEFINITION_CONTEXT('part definition',#3183,'design');
#3179=PRODUCT_DEFINITION('2026-07-09-11-08-59-322','2-RSM3-ROTATOR-L',#3180,
#3178);
#3180=PRODUCT_DEFINITION_FORMATION('',$,#3185);
#3181=PRODUCT_RELATED_PRODUCT_CATEGORY('2-RSM3-ROTATOR-L',
'2-RSM3-ROTATOR-L',(#3185));
#3182=APPLICATION_PROTOCOL_DEFINITION('international standard',
'automotive_design',2009,#3183);
#3183=APPLICATION_CONTEXT(
'Core Data for Automotive Mechanical Design Process');
#3184=PRODUCT_CONTEXT('part definition',#3183,'mechanical');
#3185=PRODUCT('2026-07-09-11-08-59-322','2-RSM3-ROTATOR-L',
'NOT SPECIFIED',(#3184));
#3186=PRESENTATION_STYLE_ASSIGNMENT((#3187));
#3187=SURFACE_STYLE_USAGE(.BOTH.,#3188);
#3188=SURFACE_SIDE_STYLE('',(#3189));
#3189=SURFACE_STYLE_FILL_AREA(#3190);
#3190=FILL_AREA_STYLE('\X2\94A2\X0\ - \X2\7F0E5149\X0\',(#3191));
#3191=FILL_AREA_STYLE_COLOUR('\X2\94A2\X0\ - \X2\7F0E5149\X0\',#3192);
#3192=COLOUR_RGB('\X2\94A2\X0\ - \X2\7F0E5149\X0\',0.627450980392157,0.627450980392157,
0.627450980392157);
ENDSEC;
END-ISO-10303-21;
