ISO-10303-21;
HEADER;
/* Generated by software containing ST-Developer
 * from STEP Tools, Inc. (www.steptools.com) 
 */

FILE_DESCRIPTION(
/* description */ ('NOT SPECIFIED'),
/* implementation_level */ '2;1');

FILE_NAME(
/* name */ '2-RSM3-ROTATOR-R.step',
/* time_stamp */ '2026-07-09T11:09:06+08:00',
/* author */ (''),
/* organization */ (''),
/* preprocessor_version */ 'ST-DEVELOPER v20.1',
/* originating_system */ 'Autodesk Translation Framework v15.8.0.0',
/* authorisation */ '');

FILE_SCHEMA (('AUTOMOTIVE_DESIGN { 1 0 10303 214 3 1 1 }'));
ENDSEC;

DATA;
#10=MECHANICAL_DESIGN_GEOMETRIC_PRESENTATION_REPRESENTATION('',(#17,#18,
#19),#3083);
#11=SHAPE_REPRESENTATION_RELATIONSHIP('SRR','None',#3090,#12);
#12=ADVANCED_BREP_SHAPE_REPRESENTATION('',(#20,#21,#22),#3082);
#13=TOROIDAL_SURFACE('',#1952,5.7,0.3);
#14=TOROIDAL_SURFACE('',#1959,5.7,0.3);
#15=TOROIDAL_SURFACE('',#1965,5.7,0.3);
#16=TOROIDAL_SURFACE('',#1972,5.7,0.3);
#17=STYLED_ITEM('',(#3099),#20);
#18=STYLED_ITEM('',(#3099),#21);
#19=STYLED_ITEM('',(#3099),#22);
#20=MANIFOLD_SOLID_BREP('\X2\5B9E4F53\X0\1',#1775);
#21=MANIFOLD_SOLID_BREP('\X2\5B9E4F53\X0\2',#1776);
#22=MANIFOLD_SOLID_BREP('\X2\5B9E4F53\X0\3',#1777);
#23=(
BOUNDED_CURVE()
B_SPLINE_CURVE(2,(#2763,#2764,#2765),.UNSPECIFIED.,.F.,.F.)
B_SPLINE_CURVE_WITH_KNOTS((3,3),(1.50578746944566,1.5960328777862),
 .UNSPECIFIED.)
CURVE()
GEOMETRIC_REPRESENTATION_ITEM()
RATIONAL_B_SPLINE_CURVE((1.01700722321176,1.01581175658377,1.01441190761175))
REPRESENTATION_ITEM('')
);
#24=B_SPLINE_CURVE_WITH_KNOTS('',3,(#2697,#2698,#2699,#2700,#2701,#2702,
#2703,#2704,#2705,#2706,#2707,#2708,#2709,#2710,#2711,#2712,#2713,#2714,
#2715,#2716,#2717,#2718,#2719,#2720,#2721,#2722,#2723,#2724,#2725,#2726,
#2727,#2728,#2729,#2730,#2731,#2732,#2733,#2734,#2735,#2736,#2737,#2738,
#2739,#2740,#2741,#2742,#2743,#2744,#2745,#2746,#2747,#2748,#2749,#2750,
#2751,#2752,#2753,#2754,#2755,#2756,#2757,#2758,#2759),.UNSPECIFIED.,.F.,
 .F.,(4,2,2,2,2,2,2,2,2,2,2,2,2,2,2,2,2,2,2,2,2,2,2,2,3,2,2,2,2,2,4),(4.18756083627459,
4.23772535031655,4.70858372219226,5.17944209406798,5.6503004659437,6.12115883864636,
6.59201721134902,7.06287558405169,7.53373395675435,8.00459232947286,8.47545070219137,
8.94630907490988,9.41716744762839,9.88802581952002,10.3588841914116,10.8297425633033,
11.3006009351949,11.7714593070706,12.2423176789463,12.713176050822,13.1840344226977,
13.6548927954003,14.1257511681029,14.5966095408055,15.0674679135081,15.5383262862267,
16.0091846589453,16.4800430316638,16.9509014043824,17.421759776274,17.7609778642709),
 .UNSPECIFIED.);
#25=B_SPLINE_CURVE_WITH_KNOTS('',3,(#2775,#2776,#2777,#2778),
 .UNSPECIFIED.,.F.,.F.,(4,4),(-1.27541669707217,-1.23518648740641),
 .UNSPECIFIED.);
#26=CYLINDRICAL_SURFACE('',#1824,19.);
#27=CYLINDRICAL_SURFACE('',#1831,10.);
#28=CYLINDRICAL_SURFACE('',#1835,8.475);
#29=CYLINDRICAL_SURFACE('',#1851,3.);
#30=CYLINDRICAL_SURFACE('',#1853,3.);
#31=CYLINDRICAL_SURFACE('',#1855,3.);
#32=CYLINDRICAL_SURFACE('',#1859,25.);
#33=CYLINDRICAL_SURFACE('',#1870,1.6);
#34=CYLINDRICAL_SURFACE('',#1874,3.25);
#35=CYLINDRICAL_SURFACE('',#1885,20.05);
#36=CYLINDRICAL_SURFACE('',#1886,20.05);
#37=CYLINDRICAL_SURFACE('',#1887,3.25);
#38=CYLINDRICAL_SURFACE('',#1891,1.6);
#39=CYLINDRICAL_SURFACE('',#1892,3.25);
#40=CYLINDRICAL_SURFACE('',#1896,1.6);
#41=CYLINDRICAL_SURFACE('',#1897,3.25);
#42=CYLINDRICAL_SURFACE('',#1901,1.6);
#43=CYLINDRICAL_SURFACE('',#1902,6.);
#44=CYLINDRICAL_SURFACE('',#1907,6.);
#45=CYLINDRICAL_SURFACE('',#1935,3.);
#46=CYLINDRICAL_SURFACE('',#1941,3.);
#47=CYLINDRICAL_SURFACE('',#1946,3.);
#48=CYLINDRICAL_SURFACE('',#1947,25.);
#49=CYLINDRICAL_SURFACE('',#1956,6.);
#50=CYLINDRICAL_SURFACE('',#1969,6.);
#51=ELLIPSE('',#1812,35.355339059329,25.);
#52=ELLIPSE('',#1857,35.355339059329,25.);
#53=CONICAL_SURFACE('',#1804,23.99999999969,0.785398163397448);
#54=CONICAL_SURFACE('',#1807,23.99999999941,0.785398163397448);
#55=CONICAL_SURFACE('',#1827,18.84999999844,0.785398163397448);
#56=CONICAL_SURFACE('',#1838,8.324999993777,0.785398163397448);
#57=CONICAL_SURFACE('',#1843,3.499999978679,0.785398163397448);
#58=CONICAL_SURFACE('',#1846,3.499999978679,0.785398163397448);
#59=CONICAL_SURFACE('',#1849,3.499999978679,0.785398163397448);
#60=CONICAL_SURFACE('',#1861,24.85035139979,0.785427383016314);
#61=CONICAL_SURFACE('',#1937,3.499999978679,0.785398163397448);
#62=CONICAL_SURFACE('',#1939,3.499999978679,0.785398163397448);
#63=CONICAL_SURFACE('',#1944,3.499999978679,0.785398163397448);
#64=CONICAL_SURFACE('',#1949,24.49999999917,0.785398163397448);
#65=FACE_BOUND('',#275,.T.);
#66=FACE_BOUND('',#276,.T.);
#67=FACE_BOUND('',#277,.T.);
#68=FACE_BOUND('',#278,.T.);
#69=FACE_BOUND('',#286,.T.);
#70=FACE_BOUND('',#287,.T.);
#71=FACE_BOUND('',#291,.T.);
#72=FACE_BOUND('',#294,.T.);
#73=FACE_BOUND('',#317,.T.);
#74=FACE_BOUND('',#318,.T.);
#75=FACE_BOUND('',#319,.T.);
#76=FACE_BOUND('',#320,.T.);
#77=FACE_BOUND('',#321,.T.);
#78=FACE_BOUND('',#324,.T.);
#79=FACE_BOUND('',#327,.T.);
#80=FACE_BOUND('',#328,.T.);
#81=FACE_BOUND('',#329,.T.);
#82=FACE_BOUND('',#330,.T.);
#83=FACE_BOUND('',#331,.T.);
#84=FACE_BOUND('',#333,.T.);
#85=FACE_BOUND('',#338,.T.);
#86=FACE_BOUND('',#342,.T.);
#87=FACE_BOUND('',#346,.T.);
#88=FACE_BOUND('',#363,.T.);
#89=CIRCLE('',#1794,23.);
#90=CIRCLE('',#1795,23.);
#91=CIRCLE('',#1796,4.);
#92=CIRCLE('',#1797,4.);
#93=CIRCLE('',#1798,4.);
#94=CIRCLE('',#1799,4.);
#95=CIRCLE('',#1800,4.);
#96=CIRCLE('',#1801,4.);
#97=CIRCLE('',#1802,20.05);
#98=CIRCLE('',#1803,20.05);
#99=CIRCLE('',#1805,25.);
#100=CIRCLE('',#1808,25.);
#101=CIRCLE('',#1814,25.);
#102=CIRCLE('',#1815,3.);
#103=CIRCLE('',#1816,3.);
#104=CIRCLE('',#1817,3.);
#105=CIRCLE('',#1818,25.);
#106=CIRCLE('',#1819,24.);
#107=CIRCLE('',#1820,3.);
#108=CIRCLE('',#1821,3.);
#109=CIRCLE('',#1822,3.);
#110=CIRCLE('',#1823,19.);
#111=CIRCLE('',#1825,19.);
#112=CIRCLE('',#1826,19.);
#113=CIRCLE('',#1828,18.7);
#114=CIRCLE('',#1830,10.);
#115=CIRCLE('',#1832,10.);
#116=CIRCLE('',#1834,8.475);
#117=CIRCLE('',#1836,8.475);
#118=CIRCLE('',#1837,8.475);
#119=CIRCLE('',#1839,8.175);
#120=CIRCLE('',#1844,3.);
#121=CIRCLE('',#1847,3.);
#122=CIRCLE('',#1850,3.);
#123=CIRCLE('',#1862,24.69998221348);
#124=CIRCLE('',#1865,3.);
#125=CIRCLE('',#1866,1.6);
#126=CIRCLE('',#1867,1.6);
#127=CIRCLE('',#1868,1.6);
#128=CIRCLE('',#1869,1.6);
#129=CIRCLE('',#1871,1.6);
#130=CIRCLE('',#1873,3.25);
#131=CIRCLE('',#1875,3.25);
#132=CIRCLE('',#1877,20.05);
#133=CIRCLE('',#1878,3.25);
#134=CIRCLE('',#1879,3.25);
#135=CIRCLE('',#1880,3.25);
#136=CIRCLE('',#1881,6.);
#137=CIRCLE('',#1883,20.05);
#138=CIRCLE('',#1884,6.);
#139=CIRCLE('',#1888,3.25);
#140=CIRCLE('',#1890,1.6);
#141=CIRCLE('',#1893,3.25);
#142=CIRCLE('',#1895,1.6);
#143=CIRCLE('',#1898,3.25);
#144=CIRCLE('',#1900,1.6);
#145=CIRCLE('',#1903,6.);
#146=CIRCLE('',#1906,6.);
#147=CIRCLE('',#1936,3.);
#148=CIRCLE('',#1940,3.);
#149=CIRCLE('',#1945,3.);
#150=CIRCLE('',#1948,25.);
#151=CIRCLE('',#1951,5.7);
#152=CIRCLE('',#1953,0.3);
#153=CIRCLE('',#1954,6.);
#154=CIRCLE('',#1955,6.);
#155=CIRCLE('',#1957,6.);
#156=CIRCLE('',#1958,6.);
#157=CIRCLE('',#1960,0.3);
#158=CIRCLE('',#1961,5.7);
#159=CIRCLE('',#1964,5.7);
#160=CIRCLE('',#1966,0.3);
#161=CIRCLE('',#1967,6.);
#162=CIRCLE('',#1968,6.);
#163=CIRCLE('',#1970,6.);
#164=CIRCLE('',#1971,6.);
#165=CIRCLE('',#1973,0.3);
#166=CIRCLE('',#1974,5.7);
#167=FACE_OUTER_BOUND('',#272,.T.);
#168=FACE_OUTER_BOUND('',#273,.T.);
#169=FACE_OUTER_BOUND('',#274,.T.);
#170=FACE_OUTER_BOUND('',#279,.T.);
#171=FACE_OUTER_BOUND('',#280,.T.);
#172=FACE_OUTER_BOUND('',#281,.T.);
#173=FACE_OUTER_BOUND('',#282,.T.);
#174=FACE_OUTER_BOUND('',#283,.T.);
#175=FACE_OUTER_BOUND('',#284,.T.);
#176=FACE_OUTER_BOUND('',#285,.T.);
#177=FACE_OUTER_BOUND('',#288,.T.);
#178=FACE_OUTER_BOUND('',#289,.T.);
#179=FACE_OUTER_BOUND('',#290,.T.);
#180=FACE_OUTER_BOUND('',#292,.T.);
#181=FACE_OUTER_BOUND('',#293,.T.);
#182=FACE_OUTER_BOUND('',#295,.T.);
#183=FACE_OUTER_BOUND('',#296,.T.);
#184=FACE_OUTER_BOUND('',#297,.T.);
#185=FACE_OUTER_BOUND('',#298,.T.);
#186=FACE_OUTER_BOUND('',#299,.T.);
#187=FACE_OUTER_BOUND('',#300,.T.);
#188=FACE_OUTER_BOUND('',#301,.T.);
#189=FACE_OUTER_BOUND('',#302,.T.);
#190=FACE_OUTER_BOUND('',#303,.T.);
#191=FACE_OUTER_BOUND('',#304,.T.);
#192=FACE_OUTER_BOUND('',#305,.T.);
#193=FACE_OUTER_BOUND('',#306,.T.);
#194=FACE_OUTER_BOUND('',#307,.T.);
#195=FACE_OUTER_BOUND('',#308,.T.);
#196=FACE_OUTER_BOUND('',#309,.T.);
#197=FACE_OUTER_BOUND('',#310,.T.);
#198=FACE_OUTER_BOUND('',#311,.T.);
#199=FACE_OUTER_BOUND('',#312,.T.);
#200=FACE_OUTER_BOUND('',#313,.T.);
#201=FACE_OUTER_BOUND('',#314,.T.);
#202=FACE_OUTER_BOUND('',#315,.T.);
#203=FACE_OUTER_BOUND('',#316,.T.);
#204=FACE_OUTER_BOUND('',#322,.T.);
#205=FACE_OUTER_BOUND('',#323,.T.);
#206=FACE_OUTER_BOUND('',#325,.T.);
#207=FACE_OUTER_BOUND('',#326,.T.);
#208=FACE_OUTER_BOUND('',#332,.T.);
#209=FACE_OUTER_BOUND('',#334,.T.);
#210=FACE_OUTER_BOUND('',#335,.T.);
#211=FACE_OUTER_BOUND('',#336,.T.);
#212=FACE_OUTER_BOUND('',#337,.T.);
#213=FACE_OUTER_BOUND('',#339,.T.);
#214=FACE_OUTER_BOUND('',#340,.T.);
#215=FACE_OUTER_BOUND('',#341,.T.);
#216=FACE_OUTER_BOUND('',#343,.T.);
#217=FACE_OUTER_BOUND('',#344,.T.);
#218=FACE_OUTER_BOUND('',#345,.T.);
#219=FACE_OUTER_BOUND('',#347,.T.);
#220=FACE_OUTER_BOUND('',#348,.T.);
#221=FACE_OUTER_BOUND('',#349,.T.);
#222=FACE_OUTER_BOUND('',#350,.T.);
#223=FACE_OUTER_BOUND('',#351,.T.);
#224=FACE_OUTER_BOUND('',#352,.T.);
#225=FACE_OUTER_BOUND('',#353,.T.);
#226=FACE_OUTER_BOUND('',#354,.T.);
#227=FACE_OUTER_BOUND('',#355,.T.);
#228=FACE_OUTER_BOUND('',#356,.T.);
#229=FACE_OUTER_BOUND('',#357,.T.);
#230=FACE_OUTER_BOUND('',#358,.T.);
#231=FACE_OUTER_BOUND('',#359,.T.);
#232=FACE_OUTER_BOUND('',#360,.T.);
#233=FACE_OUTER_BOUND('',#361,.T.);
#234=FACE_OUTER_BOUND('',#362,.T.);
#235=FACE_OUTER_BOUND('',#364,.T.);
#236=FACE_OUTER_BOUND('',#365,.T.);
#237=FACE_OUTER_BOUND('',#366,.T.);
#238=FACE_OUTER_BOUND('',#367,.T.);
#239=FACE_OUTER_BOUND('',#368,.T.);
#240=FACE_OUTER_BOUND('',#369,.T.);
#241=FACE_OUTER_BOUND('',#370,.T.);
#242=FACE_OUTER_BOUND('',#371,.T.);
#243=FACE_OUTER_BOUND('',#372,.T.);
#244=FACE_OUTER_BOUND('',#373,.T.);
#245=FACE_OUTER_BOUND('',#374,.T.);
#246=FACE_OUTER_BOUND('',#375,.T.);
#247=FACE_OUTER_BOUND('',#376,.T.);
#248=FACE_OUTER_BOUND('',#377,.T.);
#249=FACE_OUTER_BOUND('',#378,.T.);
#250=FACE_OUTER_BOUND('',#379,.T.);
#251=FACE_OUTER_BOUND('',#380,.T.);
#252=FACE_OUTER_BOUND('',#381,.T.);
#253=FACE_OUTER_BOUND('',#382,.T.);
#254=FACE_OUTER_BOUND('',#383,.T.);
#255=FACE_OUTER_BOUND('',#384,.T.);
#256=FACE_OUTER_BOUND('',#385,.T.);
#257=FACE_OUTER_BOUND('',#386,.T.);
#258=FACE_OUTER_BOUND('',#387,.T.);
#259=FACE_OUTER_BOUND('',#388,.T.);
#260=FACE_OUTER_BOUND('',#389,.T.);
#261=FACE_OUTER_BOUND('',#390,.T.);
#262=FACE_OUTER_BOUND('',#391,.T.);
#263=FACE_OUTER_BOUND('',#392,.T.);
#264=FACE_OUTER_BOUND('',#393,.T.);
#265=FACE_OUTER_BOUND('',#394,.T.);
#266=FACE_OUTER_BOUND('',#395,.T.);
#267=FACE_OUTER_BOUND('',#396,.T.);
#268=FACE_OUTER_BOUND('',#397,.T.);
#269=FACE_OUTER_BOUND('',#398,.T.);
#270=FACE_OUTER_BOUND('',#399,.T.);
#271=FACE_OUTER_BOUND('',#400,.T.);
#272=EDGE_LOOP('',(#1120,#1121,#1122,#1123));
#273=EDGE_LOOP('',(#1124,#1125,#1126,#1127));
#274=EDGE_LOOP('',(#1128,#1129,#1130,#1131));
#275=EDGE_LOOP('',(#1132,#1133,#1134,#1135,#1136,#1137));
#276=EDGE_LOOP('',(#1138,#1139,#1140,#1141,#1142,#1143));
#277=EDGE_LOOP('',(#1144));
#278=EDGE_LOOP('',(#1145));
#279=EDGE_LOOP('',(#1146,#1147,#1148,#1149));
#280=EDGE_LOOP('',(#1150,#1151,#1152,#1153));
#281=EDGE_LOOP('',(#1154,#1155,#1156,#1157));
#282=EDGE_LOOP('',(#1158,#1159,#1160,#1161));
#283=EDGE_LOOP('',(#1162,#1163,#1164,#1165));
#284=EDGE_LOOP('',(#1166,#1167,#1168,#1169));
#285=EDGE_LOOP('',(#1170,#1171,#1172,#1173,#1174,#1175,#1176,#1177,#1178,
#1179,#1180));
#286=EDGE_LOOP('',(#1181,#1182,#1183,#1184,#1185,#1186));
#287=EDGE_LOOP('',(#1187));
#288=EDGE_LOOP('',(#1188,#1189,#1190,#1191,#1192));
#289=EDGE_LOOP('',(#1193,#1194,#1195,#1196,#1197));
#290=EDGE_LOOP('',(#1198));
#291=EDGE_LOOP('',(#1199));
#292=EDGE_LOOP('',(#1200,#1201,#1202,#1203));
#293=EDGE_LOOP('',(#1204));
#294=EDGE_LOOP('',(#1205));
#295=EDGE_LOOP('',(#1206,#1207,#1208,#1209,#1210));
#296=EDGE_LOOP('',(#1211,#1212,#1213,#1214,#1215));
#297=EDGE_LOOP('',(#1216));
#298=EDGE_LOOP('',(#1217,#1218,#1219,#1220));
#299=EDGE_LOOP('',(#1221,#1222,#1223,#1224));
#300=EDGE_LOOP('',(#1225,#1226,#1227,#1228));
#301=EDGE_LOOP('',(#1229,#1230,#1231,#1232));
#302=EDGE_LOOP('',(#1233,#1234,#1235,#1236));
#303=EDGE_LOOP('',(#1237,#1238,#1239,#1240));
#304=EDGE_LOOP('',(#1241,#1242,#1243,#1244));
#305=EDGE_LOOP('',(#1245,#1246,#1247,#1248));
#306=EDGE_LOOP('',(#1249,#1250,#1251,#1252));
#307=EDGE_LOOP('',(#1253,#1254,#1255,#1256));
#308=EDGE_LOOP('',(#1257,#1258,#1259,#1260));
#309=EDGE_LOOP('',(#1261,#1262,#1263,#1264));
#310=EDGE_LOOP('',(#1265,#1266,#1267,#1268));
#311=EDGE_LOOP('',(#1269,#1270,#1271,#1272));
#312=EDGE_LOOP('',(#1273,#1274,#1275,#1276,#1277,#1278,#1279,#1280,#1281,
#1282));
#313=EDGE_LOOP('',(#1283,#1284,#1285,#1286,#1287,#1288,#1289));
#314=EDGE_LOOP('',(#1290,#1291,#1292,#1293));
#315=EDGE_LOOP('',(#1294,#1295,#1296,#1297,#1298,#1299,#1300,#1301,#1302,
#1303));
#316=EDGE_LOOP('',(#1304,#1305,#1306));
#317=EDGE_LOOP('',(#1307));
#318=EDGE_LOOP('',(#1308));
#319=EDGE_LOOP('',(#1309));
#320=EDGE_LOOP('',(#1310));
#321=EDGE_LOOP('',(#1311,#1312,#1313,#1314,#1315,#1316,#1317,#1318,#1319,
#1320,#1321,#1322,#1323,#1324,#1325,#1326));
#322=EDGE_LOOP('',(#1327,#1328,#1329,#1330));
#323=EDGE_LOOP('',(#1331));
#324=EDGE_LOOP('',(#1332));
#325=EDGE_LOOP('',(#1333,#1334,#1335,#1336));
#326=EDGE_LOOP('',(#1337));
#327=EDGE_LOOP('',(#1338));
#328=EDGE_LOOP('',(#1339));
#329=EDGE_LOOP('',(#1340));
#330=EDGE_LOOP('',(#1341));
#331=EDGE_LOOP('',(#1342));
#332=EDGE_LOOP('',(#1343));
#333=EDGE_LOOP('',(#1344));
#334=EDGE_LOOP('',(#1345,#1346,#1347,#1348));
#335=EDGE_LOOP('',(#1349,#1350,#1351,#1352));
#336=EDGE_LOOP('',(#1353,#1354,#1355,#1356));
#337=EDGE_LOOP('',(#1357));
#338=EDGE_LOOP('',(#1358));
#339=EDGE_LOOP('',(#1359,#1360,#1361,#1362));
#340=EDGE_LOOP('',(#1363,#1364,#1365,#1366));
#341=EDGE_LOOP('',(#1367));
#342=EDGE_LOOP('',(#1368));
#343=EDGE_LOOP('',(#1369,#1370,#1371,#1372));
#344=EDGE_LOOP('',(#1373,#1374,#1375,#1376));
#345=EDGE_LOOP('',(#1377));
#346=EDGE_LOOP('',(#1378));
#347=EDGE_LOOP('',(#1379,#1380,#1381,#1382));
#348=EDGE_LOOP('',(#1383,#1384,#1385,#1386));
#349=EDGE_LOOP('',(#1387));
#350=EDGE_LOOP('',(#1388));
#351=EDGE_LOOP('',(#1389,#1390,#1391,#1392));
#352=EDGE_LOOP('',(#1393,#1394,#1395,#1396));
#353=EDGE_LOOP('',(#1397,#1398,#1399,#1400));
#354=EDGE_LOOP('',(#1401,#1402,#1403,#1404));
#355=EDGE_LOOP('',(#1405,#1406,#1407,#1408));
#356=EDGE_LOOP('',(#1409,#1410,#1411,#1412));
#357=EDGE_LOOP('',(#1413,#1414,#1415,#1416));
#358=EDGE_LOOP('',(#1417,#1418,#1419,#1420));
#359=EDGE_LOOP('',(#1421,#1422,#1423,#1424));
#360=EDGE_LOOP('',(#1425,#1426,#1427,#1428));
#361=EDGE_LOOP('',(#1429,#1430,#1431,#1432));
#362=EDGE_LOOP('',(#1433,#1434,#1435,#1436,#1437,#1438,#1439,#1440,#1441,
#1442,#1443,#1444,#1445,#1446,#1447,#1448));
#363=EDGE_LOOP('',(#1449,#1450,#1451,#1452,#1453,#1454,#1455,#1456,#1457,
#1458));
#364=EDGE_LOOP('',(#1459,#1460,#1461,#1462));
#365=EDGE_LOOP('',(#1463,#1464,#1465,#1466));
#366=EDGE_LOOP('',(#1467,#1468,#1469,#1470));
#367=EDGE_LOOP('',(#1471,#1472,#1473,#1474));
#368=EDGE_LOOP('',(#1475,#1476,#1477,#1478));
#369=EDGE_LOOP('',(#1479,#1480,#1481,#1482));
#370=EDGE_LOOP('',(#1483,#1484,#1485,#1486));
#371=EDGE_LOOP('',(#1487,#1488,#1489,#1490));
#372=EDGE_LOOP('',(#1491,#1492,#1493,#1494));
#373=EDGE_LOOP('',(#1495,#1496,#1497,#1498));
#374=EDGE_LOOP('',(#1499,#1500,#1501,#1502));
#375=EDGE_LOOP('',(#1503,#1504,#1505,#1506));
#376=EDGE_LOOP('',(#1507,#1508,#1509,#1510));
#377=EDGE_LOOP('',(#1511,#1512,#1513,#1514));
#378=EDGE_LOOP('',(#1515,#1516,#1517,#1518));
#379=EDGE_LOOP('',(#1519,#1520,#1521,#1522));
#380=EDGE_LOOP('',(#1523,#1524,#1525,#1526,#1527,#1528,#1529));
#381=EDGE_LOOP('',(#1530,#1531,#1532,#1533));
#382=EDGE_LOOP('',(#1534,#1535,#1536,#1537));
#383=EDGE_LOOP('',(#1538,#1539,#1540,#1541));
#384=EDGE_LOOP('',(#1542,#1543,#1544,#1545));
#385=EDGE_LOOP('',(#1546,#1547,#1548,#1549));
#386=EDGE_LOOP('',(#1550,#1551,#1552,#1553));
#387=EDGE_LOOP('',(#1554,#1555,#1556,#1557));
#388=EDGE_LOOP('',(#1558,#1559,#1560,#1561));
#389=EDGE_LOOP('',(#1562,#1563,#1564,#1565));
#390=EDGE_LOOP('',(#1566,#1567,#1568,#1569));
#391=EDGE_LOOP('',(#1570));
#392=EDGE_LOOP('',(#1571,#1572,#1573,#1574,#1575));
#393=EDGE_LOOP('',(#1576,#1577,#1578,#1579,#1580,#1581));
#394=EDGE_LOOP('',(#1582,#1583,#1584,#1585,#1586));
#395=EDGE_LOOP('',(#1587));
#396=EDGE_LOOP('',(#1588));
#397=EDGE_LOOP('',(#1589,#1590,#1591,#1592,#1593));
#398=EDGE_LOOP('',(#1594,#1595,#1596,#1597,#1598,#1599));
#399=EDGE_LOOP('',(#1600,#1601,#1602,#1603,#1604));
#400=EDGE_LOOP('',(#1605));
#401=LINE('',#2512,#561);
#402=LINE('',#2514,#562);
#403=LINE('',#2516,#563);
#404=LINE('',#2517,#564);
#405=LINE('',#2521,#565);
#406=LINE('',#2522,#566);
#407=LINE('',#2523,#567);
#408=LINE('',#2529,#568);
#409=LINE('',#2532,#569);
#410=LINE('',#2537,#570);
#411=LINE('',#2541,#571);
#412=LINE('',#2544,#572);
#413=LINE('',#2548,#573);
#414=LINE('',#2552,#574);
#415=LINE('',#2560,#575);
#416=LINE('',#2563,#576);
#417=LINE('',#2566,#577);
#418=LINE('',#2567,#578);
#419=LINE('',#2571,#579);
#420=LINE('',#2573,#580);
#421=LINE('',#2577,#581);
#422=LINE('',#2578,#582);
#423=LINE('',#2579,#583);
#424=LINE('',#2583,#584);
#425=LINE('',#2585,#585);
#426=LINE('',#2589,#586);
#427=LINE('',#2593,#587);
#428=LINE('',#2598,#588);
#429=LINE('',#2605,#589);
#430=LINE('',#2609,#590);
#431=LINE('',#2613,#591);
#432=LINE('',#2621,#592);
#433=LINE('',#2625,#593);
#434=LINE('',#2633,#594);
#435=LINE('',#2641,#595);
#436=LINE('',#2645,#596);
#437=LINE('',#2651,#597);
#438=LINE('',#2652,#598);
#439=LINE('',#2653,#599);
#440=LINE('',#2655,#600);
#441=LINE('',#2656,#601);
#442=LINE('',#2660,#602);
#443=LINE('',#2663,#603);
#444=LINE('',#2664,#604);
#445=LINE('',#2668,#605);
#446=LINE('',#2671,#606);
#447=LINE('',#2672,#607);
#448=LINE('',#2676,#608);
#449=LINE('',#2678,#609);
#450=LINE('',#2680,#610);
#451=LINE('',#2682,#611);
#452=LINE('',#2687,#612);
#453=LINE('',#2689,#613);
#454=LINE('',#2691,#614);
#455=LINE('',#2692,#615);
#456=LINE('',#2695,#616);
#457=LINE('',#2760,#617);
#458=LINE('',#2767,#618);
#459=LINE('',#2769,#619);
#460=LINE('',#2771,#620);
#461=LINE('',#2772,#621);
#462=LINE('',#2783,#622);
#463=LINE('',#2785,#623);
#464=LINE('',#2787,#624);
#465=LINE('',#2789,#625);
#466=LINE('',#2791,#626);
#467=LINE('',#2793,#627);
#468=LINE('',#2795,#628);
#469=LINE('',#2797,#629);
#470=LINE('',#2799,#630);
#471=LINE('',#2800,#631);
#472=LINE('',#2813,#632);
#473=LINE('',#2815,#633);
#474=LINE('',#2817,#634);
#475=LINE('',#2819,#635);
#476=LINE('',#2821,#636);
#477=LINE('',#2823,#637);
#478=LINE('',#2825,#638);
#479=LINE('',#2827,#639);
#480=LINE('',#2829,#640);
#481=LINE('',#2831,#641);
#482=LINE('',#2833,#642);
#483=LINE('',#2835,#643);
#484=LINE('',#2837,#644);
#485=LINE('',#2839,#645);
#486=LINE('',#2841,#646);
#487=LINE('',#2842,#647);
#488=LINE('',#2846,#648);
#489=LINE('',#2853,#649);
#490=LINE('',#2871,#650);
#491=LINE('',#2873,#651);
#492=LINE('',#2876,#652);
#493=LINE('',#2882,#653);
#494=LINE('',#2885,#654);
#495=LINE('',#2891,#655);
#496=LINE('',#2894,#656);
#497=LINE('',#2900,#657);
#498=LINE('',#2903,#658);
#499=LINE('',#2910,#659);
#500=LINE('',#2913,#660);
#501=LINE('',#2915,#661);
#502=LINE('',#2916,#662);
#503=LINE('',#2919,#663);
#504=LINE('',#2920,#664);
#505=LINE('',#2923,#665);
#506=LINE('',#2924,#666);
#507=LINE('',#2927,#667);
#508=LINE('',#2928,#668);
#509=LINE('',#2931,#669);
#510=LINE('',#2932,#670);
#511=LINE('',#2935,#671);
#512=LINE('',#2936,#672);
#513=LINE('',#2939,#673);
#514=LINE('',#2940,#674);
#515=LINE('',#2943,#675);
#516=LINE('',#2944,#676);
#517=LINE('',#2947,#677);
#518=LINE('',#2948,#678);
#519=LINE('',#2950,#679);
#520=LINE('',#2954,#680);
#521=LINE('',#2956,#681);
#522=LINE('',#2958,#682);
#523=LINE('',#2960,#683);
#524=LINE('',#2962,#684);
#525=LINE('',#2964,#685);
#526=LINE('',#2966,#686);
#527=LINE('',#2968,#687);
#528=LINE('',#2970,#688);
#529=LINE('',#2972,#689);
#530=LINE('',#2974,#690);
#531=LINE('',#2976,#691);
#532=LINE('',#2978,#692);
#533=LINE('',#2980,#693);
#534=LINE('',#2982,#694);
#535=LINE('',#2983,#695);
#536=LINE('',#2985,#696);
#537=LINE('',#2986,#697);
#538=LINE('',#2988,#698);
#539=LINE('',#2990,#699);
#540=LINE('',#2992,#700);
#541=LINE('',#2994,#701);
#542=LINE('',#2996,#702);
#543=LINE('',#2998,#703);
#544=LINE('',#3000,#704);
#545=LINE('',#3002,#705);
#546=LINE('',#3004,#706);
#547=LINE('',#3006,#707);
#548=LINE('',#3008,#708);
#549=LINE('',#3010,#709);
#550=LINE('',#3012,#710);
#551=LINE('',#3014,#711);
#552=LINE('',#3018,#712);
#553=LINE('',#3021,#713);
#554=LINE('',#3022,#714);
#555=LINE('',#3025,#715);
#556=LINE('',#3026,#716);
#557=LINE('',#3030,#717);
#558=LINE('',#3033,#718);
#559=LINE('',#3051,#719);
#560=LINE('',#3071,#720);
#561=VECTOR('',#1980,20.607695211691);
#562=VECTOR('',#1981,6.499999987769);
#563=VECTOR('',#1982,20.6076951545893);
#564=VECTOR('',#1983,6.499999988951);
#565=VECTOR('',#1986,20.6076952561107);
#566=VECTOR('',#1987,1.41421354891992);
#567=VECTOR('',#1988,1.41421355021902);
#568=VECTOR('',#1993,83.9999999091282);
#569=VECTOR('',#1996,83.9999999557761);
#570=VECTOR('',#1999,20.6076952561097);
#571=VECTOR('',#2002,20.6076952561107);
#572=VECTOR('',#2005,20.60769525611);
#573=VECTOR('',#2008,20.60769525611);
#574=VECTOR('',#2011,20.6076952561097);
#575=VECTOR('',#2020,2.82842712474694);
#576=VECTOR('',#2023,2.82842712479986);
#577=VECTOR('',#2026,83.9999999259247);
#578=VECTOR('',#2027,2.82842712485988);
#579=VECTOR('',#2032,2.82842712480892);
#580=VECTOR('',#2035,83.9999999639512);
#581=VECTOR('',#2038,83.9999999509915);
#582=VECTOR('',#2039,4.500000000003);
#583=VECTOR('',#2040,4.50000000046);
#584=VECTOR('',#2043,76.999999937267);
#585=VECTOR('',#2046,1.41421356247799);
#586=VECTOR('',#2049,76.9999999247285);
#587=VECTOR('',#2052,8.336672433162);
#588=VECTOR('',#2057,20.6076951545893);
#589=VECTOR('',#2064,20.6076951545893);
#590=VECTOR('',#2067,20.6076951545893);
#591=VECTOR('',#2070,20.60769515459);
#592=VECTOR('',#2079,19.);
#593=VECTOR('',#2084,18.84999999844);
#594=VECTOR('',#2095,10.);
#595=VECTOR('',#2104,8.475);
#596=VECTOR('',#2109,8.324999993777);
#597=VECTOR('',#2116,20.607695211691);
#598=VECTOR('',#2117,6.499999987769);
#599=VECTOR('',#2118,6.499999988951);
#600=VECTOR('',#2121,1.41421354891992);
#601=VECTOR('',#2122,1.41421355021892);
#602=VECTOR('',#2127,1.41421354891991);
#603=VECTOR('',#2130,20.60769521169);
#604=VECTOR('',#2131,1.41421355021891);
#605=VECTOR('',#2136,1.41421354891994);
#606=VECTOR('',#2139,20.6076952116894);
#607=VECTOR('',#2140,1.41421355021894);
#608=VECTOR('',#2147,6.499999988951);
#609=VECTOR('',#2150,6.499999987769);
#610=VECTOR('',#2153,6.499999988951);
#611=VECTOR('',#2156,6.499999987769);
#612=VECTOR('',#2161,83.9999999411982);
#613=VECTOR('',#2164,1.414213562564);
#614=VECTOR('',#2167,4.500000000838);
#615=VECTOR('',#2168,4.500000000167);
#616=VECTOR('',#2171,10.);
#617=VECTOR('',#2172,10.);
#618=VECTOR('',#2175,10.);
#619=VECTOR('',#2176,7.499999988951);
#620=VECTOR('',#2177,20.60769521169);
#621=VECTOR('',#2178,6.499999987769);
#622=VECTOR('',#2185,4.14893645048086);
#623=VECTOR('',#2186,5.14583307504683);
#624=VECTOR('',#2187,0.858289833177089);
#625=VECTOR('',#2188,0.774224649910892);
#626=VECTOR('',#2189,0.872867254602208);
#627=VECTOR('',#2190,0.829787909984572);
#628=VECTOR('',#2191,0.872867254602241);
#629=VECTOR('',#2192,0.774224649910888);
#630=VECTOR('',#2193,0.858289833177124);
#631=VECTOR('',#2194,5.14583307504683);
#632=VECTOR('',#2207,6.49999999999978);
#633=VECTOR('',#2208,1.38212635036506);
#634=VECTOR('',#2209,1.36460882347601);
#635=VECTOR('',#2210,1.37267594637805);
#636=VECTOR('',#2211,0.872867254602241);
#637=VECTOR('',#2212,1.10638362169296);
#638=VECTOR('',#2213,0.872867254602208);
#639=VECTOR('',#2214,1.37267594637806);
#640=VECTOR('',#2215,1.21640096285299);
#641=VECTOR('',#2216,6.81268378987474);
#642=VECTOR('',#2217,1.89583384990694);
#643=VECTOR('',#2218,6.19945486939421);
#644=VECTOR('',#2219,4.60416653752285);
#645=VECTOR('',#2220,5.80851072072981);
#646=VECTOR('',#2221,1.62499999999995);
#647=VECTOR('',#2222,12.9999999999996);
#648=VECTOR('',#2227,1.6);
#649=VECTOR('',#2236,3.25);
#650=VECTOR('',#2257,20.05);
#651=VECTOR('',#2260,20.05);
#652=VECTOR('',#2263,3.25);
#653=VECTOR('',#2272,1.6);
#654=VECTOR('',#2275,3.25);
#655=VECTOR('',#2284,1.6);
#656=VECTOR('',#2287,3.25);
#657=VECTOR('',#2296,1.6);
#658=VECTOR('',#2299,6.);
#659=VECTOR('',#2310,6.);
#660=VECTOR('',#2313,0.5);
#661=VECTOR('',#2314,4.14893645048086);
#662=VECTOR('',#2315,0.5);
#663=VECTOR('',#2318,5.14583307504683);
#664=VECTOR('',#2319,0.5);
#665=VECTOR('',#2322,0.858289833177197);
#666=VECTOR('',#2323,0.5);
#667=VECTOR('',#2326,0.774224649910873);
#668=VECTOR('',#2327,0.5);
#669=VECTOR('',#2330,0.872867254602108);
#670=VECTOR('',#2331,0.5);
#671=VECTOR('',#2334,0.829787909984672);
#672=VECTOR('',#2335,0.5);
#673=VECTOR('',#2338,0.872867254602241);
#674=VECTOR('',#2339,0.5);
#675=VECTOR('',#2342,0.774224649910888);
#676=VECTOR('',#2343,0.5);
#677=VECTOR('',#2346,0.858289833177224);
#678=VECTOR('',#2347,0.5);
#679=VECTOR('',#2350,5.14583307504683);
#680=VECTOR('',#2353,6.49999999999978);
#681=VECTOR('',#2354,12.9999999999996);
#682=VECTOR('',#2355,1.62499999999995);
#683=VECTOR('',#2356,5.80851072072981);
#684=VECTOR('',#2357,4.60416653752285);
#685=VECTOR('',#2358,6.19945486939421);
#686=VECTOR('',#2359,1.89583384990694);
#687=VECTOR('',#2360,6.81268378987474);
#688=VECTOR('',#2361,1.21640096285399);
#689=VECTOR('',#2362,1.37267594637806);
#690=VECTOR('',#2363,0.872867254602208);
#691=VECTOR('',#2364,1.10638362169296);
#692=VECTOR('',#2365,0.872867254602341);
#693=VECTOR('',#2366,1.37267594637805);
#694=VECTOR('',#2367,1.36460882347603);
#695=VECTOR('',#2368,1.38212635036506);
#696=VECTOR('',#2371,0.5);
#697=VECTOR('',#2372,0.5);
#698=VECTOR('',#2375,0.5);
#699=VECTOR('',#2378,0.5);
#700=VECTOR('',#2381,0.5);
#701=VECTOR('',#2384,0.5);
#702=VECTOR('',#2387,0.5);
#703=VECTOR('',#2390,0.5);
#704=VECTOR('',#2393,0.5);
#705=VECTOR('',#2396,0.5);
#706=VECTOR('',#2399,0.5);
#707=VECTOR('',#2402,0.5);
#708=VECTOR('',#2405,0.5);
#709=VECTOR('',#2408,0.5);
#710=VECTOR('',#2411,0.5);
#711=VECTOR('',#2414,0.5);
#712=VECTOR('',#2419,6.499999987769);
#713=VECTOR('',#2424,1.41421355021901);
#714=VECTOR('',#2425,1.41421354891994);
#715=VECTOR('',#2428,20.6076952116894);
#716=VECTOR('',#2429,1.41421355021894);
#717=VECTOR('',#2436,6.499999988951);
#718=VECTOR('',#2441,1.41421354892001);
#719=VECTOR('',#2468,6.);
#720=VECTOR('',#2495,6.);
#721=VERTEX_POINT('',#2510);
#722=VERTEX_POINT('',#2511);
#723=VERTEX_POINT('',#2513);
#724=VERTEX_POINT('',#2515);
#725=VERTEX_POINT('',#2519);
#726=VERTEX_POINT('',#2520);
#727=VERTEX_POINT('',#2525);
#728=VERTEX_POINT('',#2526);
#729=VERTEX_POINT('',#2528);
#730=VERTEX_POINT('',#2530);
#731=VERTEX_POINT('',#2533);
#732=VERTEX_POINT('',#2534);
#733=VERTEX_POINT('',#2536);
#734=VERTEX_POINT('',#2538);
#735=VERTEX_POINT('',#2540);
#736=VERTEX_POINT('',#2542);
#737=VERTEX_POINT('',#2545);
#738=VERTEX_POINT('',#2547);
#739=VERTEX_POINT('',#2549);
#740=VERTEX_POINT('',#2551);
#741=VERTEX_POINT('',#2554);
#742=VERTEX_POINT('',#2556);
#743=VERTEX_POINT('',#2559);
#744=VERTEX_POINT('',#2561);
#745=VERTEX_POINT('',#2565);
#746=VERTEX_POINT('',#2569);
#747=VERTEX_POINT('',#2575);
#748=VERTEX_POINT('',#2576);
#749=VERTEX_POINT('',#2581);
#750=VERTEX_POINT('',#2582);
#751=VERTEX_POINT('',#2587);
#752=VERTEX_POINT('',#2588);
#753=VERTEX_POINT('',#2590);
#754=VERTEX_POINT('',#2592);
#755=VERTEX_POINT('',#2595);
#756=VERTEX_POINT('',#2597);
#757=VERTEX_POINT('',#2599);
#758=VERTEX_POINT('',#2603);
#759=VERTEX_POINT('',#2604);
#760=VERTEX_POINT('',#2606);
#761=VERTEX_POINT('',#2608);
#762=VERTEX_POINT('',#2610);
#763=VERTEX_POINT('',#2612);
#764=VERTEX_POINT('',#2615);
#765=VERTEX_POINT('',#2618);
#766=VERTEX_POINT('',#2619);
#767=VERTEX_POINT('',#2624);
#768=VERTEX_POINT('',#2628);
#769=VERTEX_POINT('',#2631);
#770=VERTEX_POINT('',#2635);
#771=VERTEX_POINT('',#2638);
#772=VERTEX_POINT('',#2639);
#773=VERTEX_POINT('',#2644);
#774=VERTEX_POINT('',#2649);
#775=VERTEX_POINT('',#2650);
#776=VERTEX_POINT('',#2658);
#777=VERTEX_POINT('',#2662);
#778=VERTEX_POINT('',#2666);
#779=VERTEX_POINT('',#2670);
#780=VERTEX_POINT('',#2685);
#781=VERTEX_POINT('',#2686);
#782=VERTEX_POINT('',#2694);
#783=VERTEX_POINT('',#2696);
#784=VERTEX_POINT('',#2762);
#785=VERTEX_POINT('',#2766);
#786=VERTEX_POINT('',#2768);
#787=VERTEX_POINT('',#2770);
#788=VERTEX_POINT('',#2774);
#789=VERTEX_POINT('',#2781);
#790=VERTEX_POINT('',#2782);
#791=VERTEX_POINT('',#2784);
#792=VERTEX_POINT('',#2786);
#793=VERTEX_POINT('',#2788);
#794=VERTEX_POINT('',#2790);
#795=VERTEX_POINT('',#2792);
#796=VERTEX_POINT('',#2794);
#797=VERTEX_POINT('',#2796);
#798=VERTEX_POINT('',#2798);
#799=VERTEX_POINT('',#2803);
#800=VERTEX_POINT('',#2805);
#801=VERTEX_POINT('',#2807);
#802=VERTEX_POINT('',#2809);
#803=VERTEX_POINT('',#2811);
#804=VERTEX_POINT('',#2812);
#805=VERTEX_POINT('',#2814);
#806=VERTEX_POINT('',#2816);
#807=VERTEX_POINT('',#2818);
#808=VERTEX_POINT('',#2820);
#809=VERTEX_POINT('',#2822);
#810=VERTEX_POINT('',#2824);
#811=VERTEX_POINT('',#2826);
#812=VERTEX_POINT('',#2828);
#813=VERTEX_POINT('',#2830);
#814=VERTEX_POINT('',#2832);
#815=VERTEX_POINT('',#2834);
#816=VERTEX_POINT('',#2836);
#817=VERTEX_POINT('',#2838);
#818=VERTEX_POINT('',#2840);
#819=VERTEX_POINT('',#2844);
#820=VERTEX_POINT('',#2848);
#821=VERTEX_POINT('',#2851);
#822=VERTEX_POINT('',#2855);
#823=VERTEX_POINT('',#2857);
#824=VERTEX_POINT('',#2859);
#825=VERTEX_POINT('',#2861);
#826=VERTEX_POINT('',#2863);
#827=VERTEX_POINT('',#2866);
#828=VERTEX_POINT('',#2868);
#829=VERTEX_POINT('',#2875);
#830=VERTEX_POINT('',#2879);
#831=VERTEX_POINT('',#2884);
#832=VERTEX_POINT('',#2888);
#833=VERTEX_POINT('',#2893);
#834=VERTEX_POINT('',#2897);
#835=VERTEX_POINT('',#2902);
#836=VERTEX_POINT('',#2907);
#837=VERTEX_POINT('',#2912);
#838=VERTEX_POINT('',#2914);
#839=VERTEX_POINT('',#2918);
#840=VERTEX_POINT('',#2922);
#841=VERTEX_POINT('',#2926);
#842=VERTEX_POINT('',#2930);
#843=VERTEX_POINT('',#2934);
#844=VERTEX_POINT('',#2938);
#845=VERTEX_POINT('',#2942);
#846=VERTEX_POINT('',#2946);
#847=VERTEX_POINT('',#2952);
#848=VERTEX_POINT('',#2953);
#849=VERTEX_POINT('',#2955);
#850=VERTEX_POINT('',#2957);
#851=VERTEX_POINT('',#2959);
#852=VERTEX_POINT('',#2961);
#853=VERTEX_POINT('',#2963);
#854=VERTEX_POINT('',#2965);
#855=VERTEX_POINT('',#2967);
#856=VERTEX_POINT('',#2969);
#857=VERTEX_POINT('',#2971);
#858=VERTEX_POINT('',#2973);
#859=VERTEX_POINT('',#2975);
#860=VERTEX_POINT('',#2977);
#861=VERTEX_POINT('',#2979);
#862=VERTEX_POINT('',#2981);
#863=VERTEX_POINT('',#3017);
#864=VERTEX_POINT('',#3024);
#865=VERTEX_POINT('',#3041);
#866=VERTEX_POINT('',#3044);
#867=VERTEX_POINT('',#3046);
#868=VERTEX_POINT('',#3050);
#869=VERTEX_POINT('',#3052);
#870=VERTEX_POINT('',#3056);
#871=VERTEX_POINT('',#3061);
#872=VERTEX_POINT('',#3064);
#873=VERTEX_POINT('',#3066);
#874=VERTEX_POINT('',#3070);
#875=VERTEX_POINT('',#3072);
#876=VERTEX_POINT('',#3076);
#877=EDGE_CURVE('',#721,#722,#401,.T.);
#878=EDGE_CURVE('',#722,#723,#402,.T.);
#879=EDGE_CURVE('',#723,#724,#403,.T.);
#880=EDGE_CURVE('',#721,#724,#404,.T.);
#881=EDGE_CURVE('',#725,#726,#405,.T.);
#882=EDGE_CURVE('',#726,#722,#406,.T.);
#883=EDGE_CURVE('',#725,#721,#407,.T.);
#884=EDGE_CURVE('',#727,#728,#89,.T.);
#885=EDGE_CURVE('',#729,#727,#408,.T.);
#886=EDGE_CURVE('',#730,#729,#90,.T.);
#887=EDGE_CURVE('',#728,#730,#409,.T.);
#888=EDGE_CURVE('',#731,#732,#91,.T.);
#889=EDGE_CURVE('',#733,#731,#410,.T.);
#890=EDGE_CURVE('',#734,#733,#92,.T.);
#891=EDGE_CURVE('',#735,#734,#411,.T.);
#892=EDGE_CURVE('',#736,#735,#93,.T.);
#893=EDGE_CURVE('',#732,#736,#412,.T.);
#894=EDGE_CURVE('',#737,#725,#94,.T.);
#895=EDGE_CURVE('',#738,#737,#413,.T.);
#896=EDGE_CURVE('',#739,#738,#95,.T.);
#897=EDGE_CURVE('',#740,#739,#414,.T.);
#898=EDGE_CURVE('',#726,#740,#96,.T.);
#899=EDGE_CURVE('',#741,#741,#97,.T.);
#900=EDGE_CURVE('',#742,#742,#98,.T.);
#901=EDGE_CURVE('',#728,#743,#415,.T.);
#902=EDGE_CURVE('',#744,#743,#99,.T.);
#903=EDGE_CURVE('',#727,#744,#416,.T.);
#904=EDGE_CURVE('',#745,#744,#417,.T.);
#905=EDGE_CURVE('',#729,#745,#418,.T.);
#906=EDGE_CURVE('',#746,#745,#100,.T.);
#907=EDGE_CURVE('',#730,#746,#419,.T.);
#908=EDGE_CURVE('',#743,#746,#420,.T.);
#909=EDGE_CURVE('',#747,#748,#421,.T.);
#910=EDGE_CURVE('',#747,#743,#422,.T.);
#911=EDGE_CURVE('',#748,#746,#423,.T.);
#912=EDGE_CURVE('',#749,#750,#424,.T.);
#913=EDGE_CURVE('',#747,#749,#51,.T.);
#914=EDGE_CURVE('',#750,#748,#425,.T.);
#915=EDGE_CURVE('',#751,#752,#426,.T.);
#916=EDGE_CURVE('',#752,#753,#101,.T.);
#917=EDGE_CURVE('',#754,#753,#427,.T.);
#918=EDGE_CURVE('',#724,#754,#102,.T.);
#919=EDGE_CURVE('',#755,#723,#103,.T.);
#920=EDGE_CURVE('',#756,#755,#428,.T.);
#921=EDGE_CURVE('',#757,#756,#104,.T.);
#922=EDGE_CURVE('',#749,#757,#105,.T.);
#923=EDGE_CURVE('',#750,#751,#106,.T.);
#924=EDGE_CURVE('',#758,#759,#429,.T.);
#925=EDGE_CURVE('',#760,#758,#107,.T.);
#926=EDGE_CURVE('',#761,#760,#430,.T.);
#927=EDGE_CURVE('',#762,#761,#108,.T.);
#928=EDGE_CURVE('',#763,#762,#431,.T.);
#929=EDGE_CURVE('',#759,#763,#109,.T.);
#930=EDGE_CURVE('',#764,#764,#110,.T.);
#931=EDGE_CURVE('',#765,#766,#111,.T.);
#932=EDGE_CURVE('',#765,#764,#432,.T.);
#933=EDGE_CURVE('',#766,#765,#112,.T.);
#934=EDGE_CURVE('',#766,#767,#433,.T.);
#935=EDGE_CURVE('',#767,#767,#113,.T.);
#936=EDGE_CURVE('',#768,#768,#114,.T.);
#937=EDGE_CURVE('',#769,#769,#115,.T.);
#938=EDGE_CURVE('',#769,#768,#434,.T.);
#939=EDGE_CURVE('',#770,#770,#116,.T.);
#940=EDGE_CURVE('',#771,#772,#117,.T.);
#941=EDGE_CURVE('',#771,#770,#435,.T.);
#942=EDGE_CURVE('',#772,#771,#118,.T.);
#943=EDGE_CURVE('',#772,#773,#436,.T.);
#944=EDGE_CURVE('',#773,#773,#119,.T.);
#945=EDGE_CURVE('',#774,#775,#437,.T.);
#946=EDGE_CURVE('',#775,#758,#438,.T.);
#947=EDGE_CURVE('',#774,#759,#439,.T.);
#948=EDGE_CURVE('',#734,#775,#440,.T.);
#949=EDGE_CURVE('',#735,#774,#441,.T.);
#950=EDGE_CURVE('',#776,#774,#120,.T.);
#951=EDGE_CURVE('',#736,#776,#442,.T.);
#952=EDGE_CURVE('',#777,#776,#443,.T.);
#953=EDGE_CURVE('',#732,#777,#444,.T.);
#954=EDGE_CURVE('',#778,#777,#121,.T.);
#955=EDGE_CURVE('',#731,#778,#445,.T.);
#956=EDGE_CURVE('',#779,#778,#446,.T.);
#957=EDGE_CURVE('',#733,#779,#447,.T.);
#958=EDGE_CURVE('',#775,#779,#122,.T.);
#959=EDGE_CURVE('',#779,#760,#448,.T.);
#960=EDGE_CURVE('',#778,#761,#449,.T.);
#961=EDGE_CURVE('',#777,#762,#450,.T.);
#962=EDGE_CURVE('',#776,#763,#451,.T.);
#963=EDGE_CURVE('',#780,#781,#452,.T.);
#964=EDGE_CURVE('',#752,#781,#52,.T.);
#965=EDGE_CURVE('',#751,#780,#453,.T.);
#966=EDGE_CURVE('',#780,#745,#454,.T.);
#967=EDGE_CURVE('',#781,#744,#455,.T.);
#968=EDGE_CURVE('',#782,#757,#456,.T.);
#969=EDGE_CURVE('',#782,#783,#24,.T.);
#970=EDGE_CURVE('',#753,#783,#457,.T.);
#971=EDGE_CURVE('',#783,#784,#23,.T.);
#972=EDGE_CURVE('',#784,#785,#458,.T.);
#973=EDGE_CURVE('',#786,#785,#459,.T.);
#974=EDGE_CURVE('',#786,#787,#460,.T.);
#975=EDGE_CURVE('',#787,#754,#461,.T.);
#976=EDGE_CURVE('',#788,#782,#25,.T.);
#977=EDGE_CURVE('',#784,#788,#123,.T.);
#978=EDGE_CURVE('',#789,#790,#462,.T.);
#979=EDGE_CURVE('',#790,#791,#463,.T.);
#980=EDGE_CURVE('',#791,#792,#464,.T.);
#981=EDGE_CURVE('',#792,#793,#465,.T.);
#982=EDGE_CURVE('',#793,#794,#466,.T.);
#983=EDGE_CURVE('',#794,#795,#467,.T.);
#984=EDGE_CURVE('',#795,#796,#468,.T.);
#985=EDGE_CURVE('',#796,#797,#469,.T.);
#986=EDGE_CURVE('',#797,#798,#470,.T.);
#987=EDGE_CURVE('',#798,#789,#471,.T.);
#988=EDGE_CURVE('',#785,#788,#124,.T.);
#989=EDGE_CURVE('',#799,#799,#125,.T.);
#990=EDGE_CURVE('',#800,#800,#126,.T.);
#991=EDGE_CURVE('',#801,#801,#127,.T.);
#992=EDGE_CURVE('',#802,#802,#128,.T.);
#993=EDGE_CURVE('',#803,#804,#472,.T.);
#994=EDGE_CURVE('',#804,#805,#473,.T.);
#995=EDGE_CURVE('',#805,#806,#474,.T.);
#996=EDGE_CURVE('',#806,#807,#475,.T.);
#997=EDGE_CURVE('',#807,#808,#476,.T.);
#998=EDGE_CURVE('',#808,#809,#477,.T.);
#999=EDGE_CURVE('',#809,#810,#478,.T.);
#1000=EDGE_CURVE('',#810,#811,#479,.T.);
#1001=EDGE_CURVE('',#811,#812,#480,.T.);
#1002=EDGE_CURVE('',#812,#813,#481,.T.);
#1003=EDGE_CURVE('',#813,#814,#482,.T.);
#1004=EDGE_CURVE('',#814,#815,#483,.T.);
#1005=EDGE_CURVE('',#815,#816,#484,.T.);
#1006=EDGE_CURVE('',#816,#817,#485,.T.);
#1007=EDGE_CURVE('',#817,#818,#486,.T.);
#1008=EDGE_CURVE('',#818,#803,#487,.T.);
#1009=EDGE_CURVE('',#819,#819,#129,.T.);
#1010=EDGE_CURVE('',#819,#799,#488,.T.);
#1011=EDGE_CURVE('',#820,#820,#130,.T.);
#1012=EDGE_CURVE('',#821,#821,#131,.T.);
#1013=EDGE_CURVE('',#821,#820,#489,.T.);
#1014=EDGE_CURVE('',#822,#822,#132,.T.);
#1015=EDGE_CURVE('',#823,#823,#133,.T.);
#1016=EDGE_CURVE('',#824,#824,#134,.T.);
#1017=EDGE_CURVE('',#825,#825,#135,.T.);
#1018=EDGE_CURVE('',#826,#826,#136,.T.);
#1019=EDGE_CURVE('',#827,#827,#137,.T.);
#1020=EDGE_CURVE('',#828,#828,#138,.T.);
#1021=EDGE_CURVE('',#741,#822,#490,.T.);
#1022=EDGE_CURVE('',#742,#827,#491,.T.);
#1023=EDGE_CURVE('',#823,#829,#492,.T.);
#1024=EDGE_CURVE('',#829,#829,#139,.T.);
#1025=EDGE_CURVE('',#830,#830,#140,.T.);
#1026=EDGE_CURVE('',#830,#800,#493,.T.);
#1027=EDGE_CURVE('',#824,#831,#494,.T.);
#1028=EDGE_CURVE('',#831,#831,#141,.T.);
#1029=EDGE_CURVE('',#832,#832,#142,.T.);
#1030=EDGE_CURVE('',#832,#801,#495,.T.);
#1031=EDGE_CURVE('',#825,#833,#496,.T.);
#1032=EDGE_CURVE('',#833,#833,#143,.T.);
#1033=EDGE_CURVE('',#834,#834,#144,.T.);
#1034=EDGE_CURVE('',#834,#802,#497,.T.);
#1035=EDGE_CURVE('',#826,#835,#498,.T.);
#1036=EDGE_CURVE('',#835,#835,#145,.T.);
#1037=EDGE_CURVE('',#836,#836,#146,.T.);
#1038=EDGE_CURVE('',#828,#836,#499,.T.);
#1039=EDGE_CURVE('',#789,#837,#500,.T.);
#1040=EDGE_CURVE('',#837,#838,#501,.T.);
#1041=EDGE_CURVE('',#790,#838,#502,.T.);
#1042=EDGE_CURVE('',#838,#839,#503,.T.);
#1043=EDGE_CURVE('',#791,#839,#504,.T.);
#1044=EDGE_CURVE('',#839,#840,#505,.T.);
#1045=EDGE_CURVE('',#792,#840,#506,.T.);
#1046=EDGE_CURVE('',#840,#841,#507,.T.);
#1047=EDGE_CURVE('',#793,#841,#508,.T.);
#1048=EDGE_CURVE('',#841,#842,#509,.T.);
#1049=EDGE_CURVE('',#794,#842,#510,.T.);
#1050=EDGE_CURVE('',#842,#843,#511,.T.);
#1051=EDGE_CURVE('',#795,#843,#512,.T.);
#1052=EDGE_CURVE('',#843,#844,#513,.T.);
#1053=EDGE_CURVE('',#796,#844,#514,.T.);
#1054=EDGE_CURVE('',#844,#845,#515,.T.);
#1055=EDGE_CURVE('',#797,#845,#516,.T.);
#1056=EDGE_CURVE('',#845,#846,#517,.T.);
#1057=EDGE_CURVE('',#798,#846,#518,.T.);
#1058=EDGE_CURVE('',#846,#837,#519,.T.);
#1059=EDGE_CURVE('',#847,#848,#520,.T.);
#1060=EDGE_CURVE('',#849,#847,#521,.T.);
#1061=EDGE_CURVE('',#850,#849,#522,.T.);
#1062=EDGE_CURVE('',#851,#850,#523,.T.);
#1063=EDGE_CURVE('',#852,#851,#524,.T.);
#1064=EDGE_CURVE('',#853,#852,#525,.T.);
#1065=EDGE_CURVE('',#854,#853,#526,.T.);
#1066=EDGE_CURVE('',#855,#854,#527,.T.);
#1067=EDGE_CURVE('',#856,#855,#528,.T.);
#1068=EDGE_CURVE('',#857,#856,#529,.T.);
#1069=EDGE_CURVE('',#858,#857,#530,.T.);
#1070=EDGE_CURVE('',#859,#858,#531,.T.);
#1071=EDGE_CURVE('',#860,#859,#532,.T.);
#1072=EDGE_CURVE('',#861,#860,#533,.T.);
#1073=EDGE_CURVE('',#862,#861,#534,.T.);
#1074=EDGE_CURVE('',#848,#862,#535,.T.);
#1075=EDGE_CURVE('',#803,#847,#536,.T.);
#1076=EDGE_CURVE('',#804,#848,#537,.T.);
#1077=EDGE_CURVE('',#805,#862,#538,.T.);
#1078=EDGE_CURVE('',#806,#861,#539,.T.);
#1079=EDGE_CURVE('',#807,#860,#540,.T.);
#1080=EDGE_CURVE('',#808,#859,#541,.T.);
#1081=EDGE_CURVE('',#809,#858,#542,.T.);
#1082=EDGE_CURVE('',#810,#857,#543,.T.);
#1083=EDGE_CURVE('',#811,#856,#544,.T.);
#1084=EDGE_CURVE('',#812,#855,#545,.T.);
#1085=EDGE_CURVE('',#813,#854,#546,.T.);
#1086=EDGE_CURVE('',#814,#853,#547,.T.);
#1087=EDGE_CURVE('',#815,#852,#548,.T.);
#1088=EDGE_CURVE('',#816,#851,#549,.T.);
#1089=EDGE_CURVE('',#817,#850,#550,.T.);
#1090=EDGE_CURVE('',#818,#849,#551,.T.);
#1091=EDGE_CURVE('',#863,#756,#552,.T.);
#1092=EDGE_CURVE('',#863,#786,#147,.T.);
#1093=EDGE_CURVE('',#738,#786,#553,.T.);
#1094=EDGE_CURVE('',#739,#863,#554,.T.);
#1095=EDGE_CURVE('',#864,#863,#555,.T.);
#1096=EDGE_CURVE('',#740,#864,#556,.T.);
#1097=EDGE_CURVE('',#722,#864,#148,.T.);
#1098=EDGE_CURVE('',#864,#755,#557,.T.);
#1099=EDGE_CURVE('',#737,#787,#558,.T.);
#1100=EDGE_CURVE('',#787,#721,#149,.T.);
#1101=EDGE_CURVE('',#748,#780,#150,.T.);
#1102=EDGE_CURVE('',#865,#865,#151,.T.);
#1103=EDGE_CURVE('',#865,#866,#152,.T.);
#1104=EDGE_CURVE('',#866,#867,#153,.T.);
#1105=EDGE_CURVE('',#867,#866,#154,.T.);
#1106=EDGE_CURVE('',#867,#868,#559,.T.);
#1107=EDGE_CURVE('',#869,#868,#155,.T.);
#1108=EDGE_CURVE('',#868,#869,#156,.T.);
#1109=EDGE_CURVE('',#869,#870,#157,.T.);
#1110=EDGE_CURVE('',#870,#870,#158,.T.);
#1111=EDGE_CURVE('',#871,#871,#159,.T.);
#1112=EDGE_CURVE('',#871,#872,#160,.T.);
#1113=EDGE_CURVE('',#872,#873,#161,.T.);
#1114=EDGE_CURVE('',#873,#872,#162,.T.);
#1115=EDGE_CURVE('',#873,#874,#560,.T.);
#1116=EDGE_CURVE('',#875,#874,#163,.T.);
#1117=EDGE_CURVE('',#874,#875,#164,.T.);
#1118=EDGE_CURVE('',#875,#876,#165,.T.);
#1119=EDGE_CURVE('',#876,#876,#166,.T.);
#1120=ORIENTED_EDGE('',*,*,#877,.T.);
#1121=ORIENTED_EDGE('',*,*,#878,.T.);
#1122=ORIENTED_EDGE('',*,*,#879,.T.);
#1123=ORIENTED_EDGE('',*,*,#880,.F.);
#1124=ORIENTED_EDGE('',*,*,#881,.T.);
#1125=ORIENTED_EDGE('',*,*,#882,.T.);
#1126=ORIENTED_EDGE('',*,*,#877,.F.);
#1127=ORIENTED_EDGE('',*,*,#883,.F.);
#1128=ORIENTED_EDGE('',*,*,#884,.F.);
#1129=ORIENTED_EDGE('',*,*,#885,.F.);
#1130=ORIENTED_EDGE('',*,*,#886,.F.);
#1131=ORIENTED_EDGE('',*,*,#887,.F.);
#1132=ORIENTED_EDGE('',*,*,#888,.F.);
#1133=ORIENTED_EDGE('',*,*,#889,.F.);
#1134=ORIENTED_EDGE('',*,*,#890,.F.);
#1135=ORIENTED_EDGE('',*,*,#891,.F.);
#1136=ORIENTED_EDGE('',*,*,#892,.F.);
#1137=ORIENTED_EDGE('',*,*,#893,.F.);
#1138=ORIENTED_EDGE('',*,*,#894,.F.);
#1139=ORIENTED_EDGE('',*,*,#895,.F.);
#1140=ORIENTED_EDGE('',*,*,#896,.F.);
#1141=ORIENTED_EDGE('',*,*,#897,.F.);
#1142=ORIENTED_EDGE('',*,*,#898,.F.);
#1143=ORIENTED_EDGE('',*,*,#881,.F.);
#1144=ORIENTED_EDGE('',*,*,#899,.T.);
#1145=ORIENTED_EDGE('',*,*,#900,.T.);
#1146=ORIENTED_EDGE('',*,*,#884,.T.);
#1147=ORIENTED_EDGE('',*,*,#901,.T.);
#1148=ORIENTED_EDGE('',*,*,#902,.F.);
#1149=ORIENTED_EDGE('',*,*,#903,.F.);
#1150=ORIENTED_EDGE('',*,*,#885,.T.);
#1151=ORIENTED_EDGE('',*,*,#903,.T.);
#1152=ORIENTED_EDGE('',*,*,#904,.F.);
#1153=ORIENTED_EDGE('',*,*,#905,.F.);
#1154=ORIENTED_EDGE('',*,*,#886,.T.);
#1155=ORIENTED_EDGE('',*,*,#905,.T.);
#1156=ORIENTED_EDGE('',*,*,#906,.F.);
#1157=ORIENTED_EDGE('',*,*,#907,.F.);
#1158=ORIENTED_EDGE('',*,*,#887,.T.);
#1159=ORIENTED_EDGE('',*,*,#907,.T.);
#1160=ORIENTED_EDGE('',*,*,#908,.F.);
#1161=ORIENTED_EDGE('',*,*,#901,.F.);
#1162=ORIENTED_EDGE('',*,*,#909,.F.);
#1163=ORIENTED_EDGE('',*,*,#910,.T.);
#1164=ORIENTED_EDGE('',*,*,#908,.T.);
#1165=ORIENTED_EDGE('',*,*,#911,.F.);
#1166=ORIENTED_EDGE('',*,*,#912,.F.);
#1167=ORIENTED_EDGE('',*,*,#913,.F.);
#1168=ORIENTED_EDGE('',*,*,#909,.T.);
#1169=ORIENTED_EDGE('',*,*,#914,.F.);
#1170=ORIENTED_EDGE('',*,*,#915,.T.);
#1171=ORIENTED_EDGE('',*,*,#916,.T.);
#1172=ORIENTED_EDGE('',*,*,#917,.F.);
#1173=ORIENTED_EDGE('',*,*,#918,.F.);
#1174=ORIENTED_EDGE('',*,*,#879,.F.);
#1175=ORIENTED_EDGE('',*,*,#919,.F.);
#1176=ORIENTED_EDGE('',*,*,#920,.F.);
#1177=ORIENTED_EDGE('',*,*,#921,.F.);
#1178=ORIENTED_EDGE('',*,*,#922,.F.);
#1179=ORIENTED_EDGE('',*,*,#912,.T.);
#1180=ORIENTED_EDGE('',*,*,#923,.T.);
#1181=ORIENTED_EDGE('',*,*,#924,.F.);
#1182=ORIENTED_EDGE('',*,*,#925,.F.);
#1183=ORIENTED_EDGE('',*,*,#926,.F.);
#1184=ORIENTED_EDGE('',*,*,#927,.F.);
#1185=ORIENTED_EDGE('',*,*,#928,.F.);
#1186=ORIENTED_EDGE('',*,*,#929,.F.);
#1187=ORIENTED_EDGE('',*,*,#930,.F.);
#1188=ORIENTED_EDGE('',*,*,#931,.F.);
#1189=ORIENTED_EDGE('',*,*,#932,.T.);
#1190=ORIENTED_EDGE('',*,*,#930,.T.);
#1191=ORIENTED_EDGE('',*,*,#932,.F.);
#1192=ORIENTED_EDGE('',*,*,#933,.F.);
#1193=ORIENTED_EDGE('',*,*,#931,.T.);
#1194=ORIENTED_EDGE('',*,*,#934,.T.);
#1195=ORIENTED_EDGE('',*,*,#935,.F.);
#1196=ORIENTED_EDGE('',*,*,#934,.F.);
#1197=ORIENTED_EDGE('',*,*,#933,.T.);
#1198=ORIENTED_EDGE('',*,*,#935,.T.);
#1199=ORIENTED_EDGE('',*,*,#936,.F.);
#1200=ORIENTED_EDGE('',*,*,#937,.F.);
#1201=ORIENTED_EDGE('',*,*,#938,.T.);
#1202=ORIENTED_EDGE('',*,*,#936,.T.);
#1203=ORIENTED_EDGE('',*,*,#938,.F.);
#1204=ORIENTED_EDGE('',*,*,#937,.T.);
#1205=ORIENTED_EDGE('',*,*,#939,.F.);
#1206=ORIENTED_EDGE('',*,*,#940,.F.);
#1207=ORIENTED_EDGE('',*,*,#941,.T.);
#1208=ORIENTED_EDGE('',*,*,#939,.T.);
#1209=ORIENTED_EDGE('',*,*,#941,.F.);
#1210=ORIENTED_EDGE('',*,*,#942,.F.);
#1211=ORIENTED_EDGE('',*,*,#940,.T.);
#1212=ORIENTED_EDGE('',*,*,#943,.T.);
#1213=ORIENTED_EDGE('',*,*,#944,.F.);
#1214=ORIENTED_EDGE('',*,*,#943,.F.);
#1215=ORIENTED_EDGE('',*,*,#942,.T.);
#1216=ORIENTED_EDGE('',*,*,#944,.T.);
#1217=ORIENTED_EDGE('',*,*,#945,.T.);
#1218=ORIENTED_EDGE('',*,*,#946,.T.);
#1219=ORIENTED_EDGE('',*,*,#924,.T.);
#1220=ORIENTED_EDGE('',*,*,#947,.F.);
#1221=ORIENTED_EDGE('',*,*,#891,.T.);
#1222=ORIENTED_EDGE('',*,*,#948,.T.);
#1223=ORIENTED_EDGE('',*,*,#945,.F.);
#1224=ORIENTED_EDGE('',*,*,#949,.F.);
#1225=ORIENTED_EDGE('',*,*,#892,.T.);
#1226=ORIENTED_EDGE('',*,*,#949,.T.);
#1227=ORIENTED_EDGE('',*,*,#950,.F.);
#1228=ORIENTED_EDGE('',*,*,#951,.F.);
#1229=ORIENTED_EDGE('',*,*,#893,.T.);
#1230=ORIENTED_EDGE('',*,*,#951,.T.);
#1231=ORIENTED_EDGE('',*,*,#952,.F.);
#1232=ORIENTED_EDGE('',*,*,#953,.F.);
#1233=ORIENTED_EDGE('',*,*,#888,.T.);
#1234=ORIENTED_EDGE('',*,*,#953,.T.);
#1235=ORIENTED_EDGE('',*,*,#954,.F.);
#1236=ORIENTED_EDGE('',*,*,#955,.F.);
#1237=ORIENTED_EDGE('',*,*,#889,.T.);
#1238=ORIENTED_EDGE('',*,*,#955,.T.);
#1239=ORIENTED_EDGE('',*,*,#956,.F.);
#1240=ORIENTED_EDGE('',*,*,#957,.F.);
#1241=ORIENTED_EDGE('',*,*,#890,.T.);
#1242=ORIENTED_EDGE('',*,*,#957,.T.);
#1243=ORIENTED_EDGE('',*,*,#958,.F.);
#1244=ORIENTED_EDGE('',*,*,#948,.F.);
#1245=ORIENTED_EDGE('',*,*,#958,.T.);
#1246=ORIENTED_EDGE('',*,*,#959,.T.);
#1247=ORIENTED_EDGE('',*,*,#925,.T.);
#1248=ORIENTED_EDGE('',*,*,#946,.F.);
#1249=ORIENTED_EDGE('',*,*,#956,.T.);
#1250=ORIENTED_EDGE('',*,*,#960,.T.);
#1251=ORIENTED_EDGE('',*,*,#926,.T.);
#1252=ORIENTED_EDGE('',*,*,#959,.F.);
#1253=ORIENTED_EDGE('',*,*,#954,.T.);
#1254=ORIENTED_EDGE('',*,*,#961,.T.);
#1255=ORIENTED_EDGE('',*,*,#927,.T.);
#1256=ORIENTED_EDGE('',*,*,#960,.F.);
#1257=ORIENTED_EDGE('',*,*,#952,.T.);
#1258=ORIENTED_EDGE('',*,*,#962,.T.);
#1259=ORIENTED_EDGE('',*,*,#928,.T.);
#1260=ORIENTED_EDGE('',*,*,#961,.F.);
#1261=ORIENTED_EDGE('',*,*,#950,.T.);
#1262=ORIENTED_EDGE('',*,*,#947,.T.);
#1263=ORIENTED_EDGE('',*,*,#929,.T.);
#1264=ORIENTED_EDGE('',*,*,#962,.F.);
#1265=ORIENTED_EDGE('',*,*,#963,.T.);
#1266=ORIENTED_EDGE('',*,*,#964,.F.);
#1267=ORIENTED_EDGE('',*,*,#915,.F.);
#1268=ORIENTED_EDGE('',*,*,#965,.T.);
#1269=ORIENTED_EDGE('',*,*,#963,.F.);
#1270=ORIENTED_EDGE('',*,*,#966,.T.);
#1271=ORIENTED_EDGE('',*,*,#904,.T.);
#1272=ORIENTED_EDGE('',*,*,#967,.F.);
#1273=ORIENTED_EDGE('',*,*,#967,.T.);
#1274=ORIENTED_EDGE('',*,*,#902,.T.);
#1275=ORIENTED_EDGE('',*,*,#910,.F.);
#1276=ORIENTED_EDGE('',*,*,#913,.T.);
#1277=ORIENTED_EDGE('',*,*,#922,.T.);
#1278=ORIENTED_EDGE('',*,*,#968,.F.);
#1279=ORIENTED_EDGE('',*,*,#969,.T.);
#1280=ORIENTED_EDGE('',*,*,#970,.F.);
#1281=ORIENTED_EDGE('',*,*,#916,.F.);
#1282=ORIENTED_EDGE('',*,*,#964,.T.);
#1283=ORIENTED_EDGE('',*,*,#971,.T.);
#1284=ORIENTED_EDGE('',*,*,#972,.T.);
#1285=ORIENTED_EDGE('',*,*,#973,.F.);
#1286=ORIENTED_EDGE('',*,*,#974,.T.);
#1287=ORIENTED_EDGE('',*,*,#975,.T.);
#1288=ORIENTED_EDGE('',*,*,#917,.T.);
#1289=ORIENTED_EDGE('',*,*,#970,.T.);
#1290=ORIENTED_EDGE('',*,*,#969,.F.);
#1291=ORIENTED_EDGE('',*,*,#976,.F.);
#1292=ORIENTED_EDGE('',*,*,#977,.F.);
#1293=ORIENTED_EDGE('',*,*,#971,.F.);
#1294=ORIENTED_EDGE('',*,*,#978,.T.);
#1295=ORIENTED_EDGE('',*,*,#979,.T.);
#1296=ORIENTED_EDGE('',*,*,#980,.T.);
#1297=ORIENTED_EDGE('',*,*,#981,.T.);
#1298=ORIENTED_EDGE('',*,*,#982,.T.);
#1299=ORIENTED_EDGE('',*,*,#983,.T.);
#1300=ORIENTED_EDGE('',*,*,#984,.T.);
#1301=ORIENTED_EDGE('',*,*,#985,.T.);
#1302=ORIENTED_EDGE('',*,*,#986,.T.);
#1303=ORIENTED_EDGE('',*,*,#987,.T.);
#1304=ORIENTED_EDGE('',*,*,#977,.T.);
#1305=ORIENTED_EDGE('',*,*,#988,.F.);
#1306=ORIENTED_EDGE('',*,*,#972,.F.);
#1307=ORIENTED_EDGE('',*,*,#989,.F.);
#1308=ORIENTED_EDGE('',*,*,#990,.F.);
#1309=ORIENTED_EDGE('',*,*,#991,.F.);
#1310=ORIENTED_EDGE('',*,*,#992,.F.);
#1311=ORIENTED_EDGE('',*,*,#993,.T.);
#1312=ORIENTED_EDGE('',*,*,#994,.T.);
#1313=ORIENTED_EDGE('',*,*,#995,.T.);
#1314=ORIENTED_EDGE('',*,*,#996,.T.);
#1315=ORIENTED_EDGE('',*,*,#997,.T.);
#1316=ORIENTED_EDGE('',*,*,#998,.T.);
#1317=ORIENTED_EDGE('',*,*,#999,.T.);
#1318=ORIENTED_EDGE('',*,*,#1000,.T.);
#1319=ORIENTED_EDGE('',*,*,#1001,.T.);
#1320=ORIENTED_EDGE('',*,*,#1002,.T.);
#1321=ORIENTED_EDGE('',*,*,#1003,.T.);
#1322=ORIENTED_EDGE('',*,*,#1004,.T.);
#1323=ORIENTED_EDGE('',*,*,#1005,.T.);
#1324=ORIENTED_EDGE('',*,*,#1006,.T.);
#1325=ORIENTED_EDGE('',*,*,#1007,.T.);
#1326=ORIENTED_EDGE('',*,*,#1008,.T.);
#1327=ORIENTED_EDGE('',*,*,#1009,.F.);
#1328=ORIENTED_EDGE('',*,*,#1010,.T.);
#1329=ORIENTED_EDGE('',*,*,#989,.T.);
#1330=ORIENTED_EDGE('',*,*,#1010,.F.);
#1331=ORIENTED_EDGE('',*,*,#1011,.F.);
#1332=ORIENTED_EDGE('',*,*,#1009,.T.);
#1333=ORIENTED_EDGE('',*,*,#1012,.F.);
#1334=ORIENTED_EDGE('',*,*,#1013,.T.);
#1335=ORIENTED_EDGE('',*,*,#1011,.T.);
#1336=ORIENTED_EDGE('',*,*,#1013,.F.);
#1337=ORIENTED_EDGE('',*,*,#1014,.F.);
#1338=ORIENTED_EDGE('',*,*,#1012,.T.);
#1339=ORIENTED_EDGE('',*,*,#1015,.T.);
#1340=ORIENTED_EDGE('',*,*,#1016,.T.);
#1341=ORIENTED_EDGE('',*,*,#1017,.T.);
#1342=ORIENTED_EDGE('',*,*,#1018,.T.);
#1343=ORIENTED_EDGE('',*,*,#1019,.F.);
#1344=ORIENTED_EDGE('',*,*,#1020,.T.);
#1345=ORIENTED_EDGE('',*,*,#899,.F.);
#1346=ORIENTED_EDGE('',*,*,#1021,.T.);
#1347=ORIENTED_EDGE('',*,*,#1014,.T.);
#1348=ORIENTED_EDGE('',*,*,#1021,.F.);
#1349=ORIENTED_EDGE('',*,*,#900,.F.);
#1350=ORIENTED_EDGE('',*,*,#1022,.T.);
#1351=ORIENTED_EDGE('',*,*,#1019,.T.);
#1352=ORIENTED_EDGE('',*,*,#1022,.F.);
#1353=ORIENTED_EDGE('',*,*,#1015,.F.);
#1354=ORIENTED_EDGE('',*,*,#1023,.T.);
#1355=ORIENTED_EDGE('',*,*,#1024,.T.);
#1356=ORIENTED_EDGE('',*,*,#1023,.F.);
#1357=ORIENTED_EDGE('',*,*,#1024,.F.);
#1358=ORIENTED_EDGE('',*,*,#1025,.F.);
#1359=ORIENTED_EDGE('',*,*,#1025,.T.);
#1360=ORIENTED_EDGE('',*,*,#1026,.T.);
#1361=ORIENTED_EDGE('',*,*,#990,.T.);
#1362=ORIENTED_EDGE('',*,*,#1026,.F.);
#1363=ORIENTED_EDGE('',*,*,#1016,.F.);
#1364=ORIENTED_EDGE('',*,*,#1027,.T.);
#1365=ORIENTED_EDGE('',*,*,#1028,.T.);
#1366=ORIENTED_EDGE('',*,*,#1027,.F.);
#1367=ORIENTED_EDGE('',*,*,#1028,.F.);
#1368=ORIENTED_EDGE('',*,*,#1029,.F.);
#1369=ORIENTED_EDGE('',*,*,#1029,.T.);
#1370=ORIENTED_EDGE('',*,*,#1030,.T.);
#1371=ORIENTED_EDGE('',*,*,#991,.T.);
#1372=ORIENTED_EDGE('',*,*,#1030,.F.);
#1373=ORIENTED_EDGE('',*,*,#1017,.F.);
#1374=ORIENTED_EDGE('',*,*,#1031,.T.);
#1375=ORIENTED_EDGE('',*,*,#1032,.T.);
#1376=ORIENTED_EDGE('',*,*,#1031,.F.);
#1377=ORIENTED_EDGE('',*,*,#1032,.F.);
#1378=ORIENTED_EDGE('',*,*,#1033,.F.);
#1379=ORIENTED_EDGE('',*,*,#1033,.T.);
#1380=ORIENTED_EDGE('',*,*,#1034,.T.);
#1381=ORIENTED_EDGE('',*,*,#992,.T.);
#1382=ORIENTED_EDGE('',*,*,#1034,.F.);
#1383=ORIENTED_EDGE('',*,*,#1018,.F.);
#1384=ORIENTED_EDGE('',*,*,#1035,.T.);
#1385=ORIENTED_EDGE('',*,*,#1036,.T.);
#1386=ORIENTED_EDGE('',*,*,#1035,.F.);
#1387=ORIENTED_EDGE('',*,*,#1036,.F.);
#1388=ORIENTED_EDGE('',*,*,#1037,.F.);
#1389=ORIENTED_EDGE('',*,*,#1020,.F.);
#1390=ORIENTED_EDGE('',*,*,#1038,.T.);
#1391=ORIENTED_EDGE('',*,*,#1037,.T.);
#1392=ORIENTED_EDGE('',*,*,#1038,.F.);
#1393=ORIENTED_EDGE('',*,*,#978,.F.);
#1394=ORIENTED_EDGE('',*,*,#1039,.T.);
#1395=ORIENTED_EDGE('',*,*,#1040,.T.);
#1396=ORIENTED_EDGE('',*,*,#1041,.F.);
#1397=ORIENTED_EDGE('',*,*,#979,.F.);
#1398=ORIENTED_EDGE('',*,*,#1041,.T.);
#1399=ORIENTED_EDGE('',*,*,#1042,.T.);
#1400=ORIENTED_EDGE('',*,*,#1043,.F.);
#1401=ORIENTED_EDGE('',*,*,#980,.F.);
#1402=ORIENTED_EDGE('',*,*,#1043,.T.);
#1403=ORIENTED_EDGE('',*,*,#1044,.T.);
#1404=ORIENTED_EDGE('',*,*,#1045,.F.);
#1405=ORIENTED_EDGE('',*,*,#981,.F.);
#1406=ORIENTED_EDGE('',*,*,#1045,.T.);
#1407=ORIENTED_EDGE('',*,*,#1046,.T.);
#1408=ORIENTED_EDGE('',*,*,#1047,.F.);
#1409=ORIENTED_EDGE('',*,*,#982,.F.);
#1410=ORIENTED_EDGE('',*,*,#1047,.T.);
#1411=ORIENTED_EDGE('',*,*,#1048,.T.);
#1412=ORIENTED_EDGE('',*,*,#1049,.F.);
#1413=ORIENTED_EDGE('',*,*,#983,.F.);
#1414=ORIENTED_EDGE('',*,*,#1049,.T.);
#1415=ORIENTED_EDGE('',*,*,#1050,.T.);
#1416=ORIENTED_EDGE('',*,*,#1051,.F.);
#1417=ORIENTED_EDGE('',*,*,#984,.F.);
#1418=ORIENTED_EDGE('',*,*,#1051,.T.);
#1419=ORIENTED_EDGE('',*,*,#1052,.T.);
#1420=ORIENTED_EDGE('',*,*,#1053,.F.);
#1421=ORIENTED_EDGE('',*,*,#985,.F.);
#1422=ORIENTED_EDGE('',*,*,#1053,.T.);
#1423=ORIENTED_EDGE('',*,*,#1054,.T.);
#1424=ORIENTED_EDGE('',*,*,#1055,.F.);
#1425=ORIENTED_EDGE('',*,*,#986,.F.);
#1426=ORIENTED_EDGE('',*,*,#1055,.T.);
#1427=ORIENTED_EDGE('',*,*,#1056,.T.);
#1428=ORIENTED_EDGE('',*,*,#1057,.F.);
#1429=ORIENTED_EDGE('',*,*,#987,.F.);
#1430=ORIENTED_EDGE('',*,*,#1057,.T.);
#1431=ORIENTED_EDGE('',*,*,#1058,.T.);
#1432=ORIENTED_EDGE('',*,*,#1039,.F.);
#1433=ORIENTED_EDGE('',*,*,#1059,.F.);
#1434=ORIENTED_EDGE('',*,*,#1060,.F.);
#1435=ORIENTED_EDGE('',*,*,#1061,.F.);
#1436=ORIENTED_EDGE('',*,*,#1062,.F.);
#1437=ORIENTED_EDGE('',*,*,#1063,.F.);
#1438=ORIENTED_EDGE('',*,*,#1064,.F.);
#1439=ORIENTED_EDGE('',*,*,#1065,.F.);
#1440=ORIENTED_EDGE('',*,*,#1066,.F.);
#1441=ORIENTED_EDGE('',*,*,#1067,.F.);
#1442=ORIENTED_EDGE('',*,*,#1068,.F.);
#1443=ORIENTED_EDGE('',*,*,#1069,.F.);
#1444=ORIENTED_EDGE('',*,*,#1070,.F.);
#1445=ORIENTED_EDGE('',*,*,#1071,.F.);
#1446=ORIENTED_EDGE('',*,*,#1072,.F.);
#1447=ORIENTED_EDGE('',*,*,#1073,.F.);
#1448=ORIENTED_EDGE('',*,*,#1074,.F.);
#1449=ORIENTED_EDGE('',*,*,#1040,.F.);
#1450=ORIENTED_EDGE('',*,*,#1058,.F.);
#1451=ORIENTED_EDGE('',*,*,#1056,.F.);
#1452=ORIENTED_EDGE('',*,*,#1054,.F.);
#1453=ORIENTED_EDGE('',*,*,#1052,.F.);
#1454=ORIENTED_EDGE('',*,*,#1050,.F.);
#1455=ORIENTED_EDGE('',*,*,#1048,.F.);
#1456=ORIENTED_EDGE('',*,*,#1046,.F.);
#1457=ORIENTED_EDGE('',*,*,#1044,.F.);
#1458=ORIENTED_EDGE('',*,*,#1042,.F.);
#1459=ORIENTED_EDGE('',*,*,#993,.F.);
#1460=ORIENTED_EDGE('',*,*,#1075,.T.);
#1461=ORIENTED_EDGE('',*,*,#1059,.T.);
#1462=ORIENTED_EDGE('',*,*,#1076,.F.);
#1463=ORIENTED_EDGE('',*,*,#994,.F.);
#1464=ORIENTED_EDGE('',*,*,#1076,.T.);
#1465=ORIENTED_EDGE('',*,*,#1074,.T.);
#1466=ORIENTED_EDGE('',*,*,#1077,.F.);
#1467=ORIENTED_EDGE('',*,*,#995,.F.);
#1468=ORIENTED_EDGE('',*,*,#1077,.T.);
#1469=ORIENTED_EDGE('',*,*,#1073,.T.);
#1470=ORIENTED_EDGE('',*,*,#1078,.F.);
#1471=ORIENTED_EDGE('',*,*,#996,.F.);
#1472=ORIENTED_EDGE('',*,*,#1078,.T.);
#1473=ORIENTED_EDGE('',*,*,#1072,.T.);
#1474=ORIENTED_EDGE('',*,*,#1079,.F.);
#1475=ORIENTED_EDGE('',*,*,#997,.F.);
#1476=ORIENTED_EDGE('',*,*,#1079,.T.);
#1477=ORIENTED_EDGE('',*,*,#1071,.T.);
#1478=ORIENTED_EDGE('',*,*,#1080,.F.);
#1479=ORIENTED_EDGE('',*,*,#998,.F.);
#1480=ORIENTED_EDGE('',*,*,#1080,.T.);
#1481=ORIENTED_EDGE('',*,*,#1070,.T.);
#1482=ORIENTED_EDGE('',*,*,#1081,.F.);
#1483=ORIENTED_EDGE('',*,*,#999,.F.);
#1484=ORIENTED_EDGE('',*,*,#1081,.T.);
#1485=ORIENTED_EDGE('',*,*,#1069,.T.);
#1486=ORIENTED_EDGE('',*,*,#1082,.F.);
#1487=ORIENTED_EDGE('',*,*,#1000,.F.);
#1488=ORIENTED_EDGE('',*,*,#1082,.T.);
#1489=ORIENTED_EDGE('',*,*,#1068,.T.);
#1490=ORIENTED_EDGE('',*,*,#1083,.F.);
#1491=ORIENTED_EDGE('',*,*,#1001,.F.);
#1492=ORIENTED_EDGE('',*,*,#1083,.T.);
#1493=ORIENTED_EDGE('',*,*,#1067,.T.);
#1494=ORIENTED_EDGE('',*,*,#1084,.F.);
#1495=ORIENTED_EDGE('',*,*,#1002,.F.);
#1496=ORIENTED_EDGE('',*,*,#1084,.T.);
#1497=ORIENTED_EDGE('',*,*,#1066,.T.);
#1498=ORIENTED_EDGE('',*,*,#1085,.F.);
#1499=ORIENTED_EDGE('',*,*,#1003,.F.);
#1500=ORIENTED_EDGE('',*,*,#1085,.T.);
#1501=ORIENTED_EDGE('',*,*,#1065,.T.);
#1502=ORIENTED_EDGE('',*,*,#1086,.F.);
#1503=ORIENTED_EDGE('',*,*,#1004,.F.);
#1504=ORIENTED_EDGE('',*,*,#1086,.T.);
#1505=ORIENTED_EDGE('',*,*,#1064,.T.);
#1506=ORIENTED_EDGE('',*,*,#1087,.F.);
#1507=ORIENTED_EDGE('',*,*,#1005,.F.);
#1508=ORIENTED_EDGE('',*,*,#1087,.T.);
#1509=ORIENTED_EDGE('',*,*,#1063,.T.);
#1510=ORIENTED_EDGE('',*,*,#1088,.F.);
#1511=ORIENTED_EDGE('',*,*,#1006,.F.);
#1512=ORIENTED_EDGE('',*,*,#1088,.T.);
#1513=ORIENTED_EDGE('',*,*,#1062,.T.);
#1514=ORIENTED_EDGE('',*,*,#1089,.F.);
#1515=ORIENTED_EDGE('',*,*,#1007,.F.);
#1516=ORIENTED_EDGE('',*,*,#1089,.T.);
#1517=ORIENTED_EDGE('',*,*,#1061,.T.);
#1518=ORIENTED_EDGE('',*,*,#1090,.F.);
#1519=ORIENTED_EDGE('',*,*,#1008,.F.);
#1520=ORIENTED_EDGE('',*,*,#1090,.T.);
#1521=ORIENTED_EDGE('',*,*,#1060,.T.);
#1522=ORIENTED_EDGE('',*,*,#1075,.F.);
#1523=ORIENTED_EDGE('',*,*,#976,.T.);
#1524=ORIENTED_EDGE('',*,*,#968,.T.);
#1525=ORIENTED_EDGE('',*,*,#921,.T.);
#1526=ORIENTED_EDGE('',*,*,#1091,.F.);
#1527=ORIENTED_EDGE('',*,*,#1092,.T.);
#1528=ORIENTED_EDGE('',*,*,#973,.T.);
#1529=ORIENTED_EDGE('',*,*,#988,.T.);
#1530=ORIENTED_EDGE('',*,*,#896,.T.);
#1531=ORIENTED_EDGE('',*,*,#1093,.T.);
#1532=ORIENTED_EDGE('',*,*,#1092,.F.);
#1533=ORIENTED_EDGE('',*,*,#1094,.F.);
#1534=ORIENTED_EDGE('',*,*,#897,.T.);
#1535=ORIENTED_EDGE('',*,*,#1094,.T.);
#1536=ORIENTED_EDGE('',*,*,#1095,.F.);
#1537=ORIENTED_EDGE('',*,*,#1096,.F.);
#1538=ORIENTED_EDGE('',*,*,#898,.T.);
#1539=ORIENTED_EDGE('',*,*,#1096,.T.);
#1540=ORIENTED_EDGE('',*,*,#1097,.F.);
#1541=ORIENTED_EDGE('',*,*,#882,.F.);
#1542=ORIENTED_EDGE('',*,*,#1097,.T.);
#1543=ORIENTED_EDGE('',*,*,#1098,.T.);
#1544=ORIENTED_EDGE('',*,*,#919,.T.);
#1545=ORIENTED_EDGE('',*,*,#878,.F.);
#1546=ORIENTED_EDGE('',*,*,#1095,.T.);
#1547=ORIENTED_EDGE('',*,*,#1091,.T.);
#1548=ORIENTED_EDGE('',*,*,#920,.T.);
#1549=ORIENTED_EDGE('',*,*,#1098,.F.);
#1550=ORIENTED_EDGE('',*,*,#895,.T.);
#1551=ORIENTED_EDGE('',*,*,#1099,.T.);
#1552=ORIENTED_EDGE('',*,*,#974,.F.);
#1553=ORIENTED_EDGE('',*,*,#1093,.F.);
#1554=ORIENTED_EDGE('',*,*,#894,.T.);
#1555=ORIENTED_EDGE('',*,*,#883,.T.);
#1556=ORIENTED_EDGE('',*,*,#1100,.F.);
#1557=ORIENTED_EDGE('',*,*,#1099,.F.);
#1558=ORIENTED_EDGE('',*,*,#1100,.T.);
#1559=ORIENTED_EDGE('',*,*,#880,.T.);
#1560=ORIENTED_EDGE('',*,*,#918,.T.);
#1561=ORIENTED_EDGE('',*,*,#975,.F.);
#1562=ORIENTED_EDGE('',*,*,#1101,.F.);
#1563=ORIENTED_EDGE('',*,*,#911,.T.);
#1564=ORIENTED_EDGE('',*,*,#906,.T.);
#1565=ORIENTED_EDGE('',*,*,#966,.F.);
#1566=ORIENTED_EDGE('',*,*,#923,.F.);
#1567=ORIENTED_EDGE('',*,*,#914,.T.);
#1568=ORIENTED_EDGE('',*,*,#1101,.T.);
#1569=ORIENTED_EDGE('',*,*,#965,.F.);
#1570=ORIENTED_EDGE('',*,*,#1102,.T.);
#1571=ORIENTED_EDGE('',*,*,#1102,.F.);
#1572=ORIENTED_EDGE('',*,*,#1103,.T.);
#1573=ORIENTED_EDGE('',*,*,#1104,.T.);
#1574=ORIENTED_EDGE('',*,*,#1105,.T.);
#1575=ORIENTED_EDGE('',*,*,#1103,.F.);
#1576=ORIENTED_EDGE('',*,*,#1104,.F.);
#1577=ORIENTED_EDGE('',*,*,#1105,.F.);
#1578=ORIENTED_EDGE('',*,*,#1106,.T.);
#1579=ORIENTED_EDGE('',*,*,#1107,.F.);
#1580=ORIENTED_EDGE('',*,*,#1108,.F.);
#1581=ORIENTED_EDGE('',*,*,#1106,.F.);
#1582=ORIENTED_EDGE('',*,*,#1107,.T.);
#1583=ORIENTED_EDGE('',*,*,#1108,.T.);
#1584=ORIENTED_EDGE('',*,*,#1109,.T.);
#1585=ORIENTED_EDGE('',*,*,#1110,.F.);
#1586=ORIENTED_EDGE('',*,*,#1109,.F.);
#1587=ORIENTED_EDGE('',*,*,#1110,.T.);
#1588=ORIENTED_EDGE('',*,*,#1111,.T.);
#1589=ORIENTED_EDGE('',*,*,#1111,.F.);
#1590=ORIENTED_EDGE('',*,*,#1112,.T.);
#1591=ORIENTED_EDGE('',*,*,#1113,.T.);
#1592=ORIENTED_EDGE('',*,*,#1114,.T.);
#1593=ORIENTED_EDGE('',*,*,#1112,.F.);
#1594=ORIENTED_EDGE('',*,*,#1113,.F.);
#1595=ORIENTED_EDGE('',*,*,#1114,.F.);
#1596=ORIENTED_EDGE('',*,*,#1115,.T.);
#1597=ORIENTED_EDGE('',*,*,#1116,.F.);
#1598=ORIENTED_EDGE('',*,*,#1117,.F.);
#1599=ORIENTED_EDGE('',*,*,#1115,.F.);
#1600=ORIENTED_EDGE('',*,*,#1117,.T.);
#1601=ORIENTED_EDGE('',*,*,#1118,.T.);
#1602=ORIENTED_EDGE('',*,*,#1119,.F.);
#1603=ORIENTED_EDGE('',*,*,#1118,.F.);
#1604=ORIENTED_EDGE('',*,*,#1116,.T.);
#1605=ORIENTED_EDGE('',*,*,#1119,.T.);
#1606=PLANE('',#1791);
#1607=PLANE('',#1792);
#1608=PLANE('',#1793);
#1609=PLANE('',#1806);
#1610=PLANE('',#1809);
#1611=PLANE('',#1810);
#1612=PLANE('',#1811);
#1613=PLANE('',#1813);
#1614=PLANE('',#1829);
#1615=PLANE('',#1833);
#1616=PLANE('',#1840);
#1617=PLANE('',#1841);
#1618=PLANE('',#1842);
#1619=PLANE('',#1845);
#1620=PLANE('',#1848);
#1621=PLANE('',#1852);
#1622=PLANE('',#1854);
#1623=PLANE('',#1856);
#1624=PLANE('',#1858);
#1625=PLANE('',#1860);
#1626=PLANE('',#1863);
#1627=PLANE('',#1864);
#1628=PLANE('',#1872);
#1629=PLANE('',#1876);
#1630=PLANE('',#1882);
#1631=PLANE('',#1889);
#1632=PLANE('',#1894);
#1633=PLANE('',#1899);
#1634=PLANE('',#1904);
#1635=PLANE('',#1905);
#1636=PLANE('',#1908);
#1637=PLANE('',#1909);
#1638=PLANE('',#1910);
#1639=PLANE('',#1911);
#1640=PLANE('',#1912);
#1641=PLANE('',#1913);
#1642=PLANE('',#1914);
#1643=PLANE('',#1915);
#1644=PLANE('',#1916);
#1645=PLANE('',#1917);
#1646=PLANE('',#1918);
#1647=PLANE('',#1919);
#1648=PLANE('',#1920);
#1649=PLANE('',#1921);
#1650=PLANE('',#1922);
#1651=PLANE('',#1923);
#1652=PLANE('',#1924);
#1653=PLANE('',#1925);
#1654=PLANE('',#1926);
#1655=PLANE('',#1927);
#1656=PLANE('',#1928);
#1657=PLANE('',#1929);
#1658=PLANE('',#1930);
#1659=PLANE('',#1931);
#1660=PLANE('',#1932);
#1661=PLANE('',#1933);
#1662=PLANE('',#1934);
#1663=PLANE('',#1938);
#1664=PLANE('',#1942);
#1665=PLANE('',#1943);
#1666=PLANE('',#1950);
#1667=PLANE('',#1962);
#1668=PLANE('',#1963);
#1669=PLANE('',#1975);
#1670=ADVANCED_FACE('',(#167),#1606,.T.);
#1671=ADVANCED_FACE('',(#168),#1607,.F.);
#1672=ADVANCED_FACE('',(#169,#65,#66,#67,#68),#1608,.F.);
#1673=ADVANCED_FACE('',(#170),#53,.T.);
#1674=ADVANCED_FACE('',(#171),#1609,.F.);
#1675=ADVANCED_FACE('',(#172),#54,.T.);
#1676=ADVANCED_FACE('',(#173),#1610,.F.);
#1677=ADVANCED_FACE('',(#174),#1611,.F.);
#1678=ADVANCED_FACE('',(#175),#1612,.T.);
#1679=ADVANCED_FACE('',(#176,#69,#70),#1613,.T.);
#1680=ADVANCED_FACE('',(#177),#26,.T.);
#1681=ADVANCED_FACE('',(#178),#55,.T.);
#1682=ADVANCED_FACE('',(#179,#71),#1614,.F.);
#1683=ADVANCED_FACE('',(#180),#27,.T.);
#1684=ADVANCED_FACE('',(#181,#72),#1615,.T.);
#1685=ADVANCED_FACE('',(#182),#28,.T.);
#1686=ADVANCED_FACE('',(#183),#56,.T.);
#1687=ADVANCED_FACE('',(#184),#1616,.T.);
#1688=ADVANCED_FACE('',(#185),#1617,.T.);
#1689=ADVANCED_FACE('',(#186),#1618,.F.);
#1690=ADVANCED_FACE('',(#187),#57,.F.);
#1691=ADVANCED_FACE('',(#188),#1619,.F.);
#1692=ADVANCED_FACE('',(#189),#58,.F.);
#1693=ADVANCED_FACE('',(#190),#1620,.F.);
#1694=ADVANCED_FACE('',(#191),#59,.F.);
#1695=ADVANCED_FACE('',(#192),#29,.F.);
#1696=ADVANCED_FACE('',(#193),#1621,.T.);
#1697=ADVANCED_FACE('',(#194),#30,.F.);
#1698=ADVANCED_FACE('',(#195),#1622,.T.);
#1699=ADVANCED_FACE('',(#196),#31,.F.);
#1700=ADVANCED_FACE('',(#197),#1623,.T.);
#1701=ADVANCED_FACE('',(#198),#1624,.F.);
#1702=ADVANCED_FACE('',(#199),#32,.T.);
#1703=ADVANCED_FACE('',(#200),#1625,.T.);
#1704=ADVANCED_FACE('',(#201),#60,.T.);
#1705=ADVANCED_FACE('',(#202),#1626,.F.);
#1706=ADVANCED_FACE('',(#203,#73,#74,#75,#76,#77),#1627,.F.);
#1707=ADVANCED_FACE('',(#204),#33,.F.);
#1708=ADVANCED_FACE('',(#205,#78),#1628,.F.);
#1709=ADVANCED_FACE('',(#206),#34,.F.);
#1710=ADVANCED_FACE('',(#207,#79,#80,#81,#82,#83),#1629,.F.);
#1711=ADVANCED_FACE('',(#208,#84),#1630,.F.);
#1712=ADVANCED_FACE('',(#209),#35,.F.);
#1713=ADVANCED_FACE('',(#210),#36,.F.);
#1714=ADVANCED_FACE('',(#211),#37,.F.);
#1715=ADVANCED_FACE('',(#212,#85),#1631,.F.);
#1716=ADVANCED_FACE('',(#213),#38,.F.);
#1717=ADVANCED_FACE('',(#214),#39,.F.);
#1718=ADVANCED_FACE('',(#215,#86),#1632,.F.);
#1719=ADVANCED_FACE('',(#216),#40,.F.);
#1720=ADVANCED_FACE('',(#217),#41,.F.);
#1721=ADVANCED_FACE('',(#218,#87),#1633,.F.);
#1722=ADVANCED_FACE('',(#219),#42,.F.);
#1723=ADVANCED_FACE('',(#220),#43,.F.);
#1724=ADVANCED_FACE('',(#221),#1634,.F.);
#1725=ADVANCED_FACE('',(#222),#1635,.F.);
#1726=ADVANCED_FACE('',(#223),#44,.F.);
#1727=ADVANCED_FACE('',(#224),#1636,.T.);
#1728=ADVANCED_FACE('',(#225),#1637,.T.);
#1729=ADVANCED_FACE('',(#226),#1638,.T.);
#1730=ADVANCED_FACE('',(#227),#1639,.T.);
#1731=ADVANCED_FACE('',(#228),#1640,.T.);
#1732=ADVANCED_FACE('',(#229),#1641,.T.);
#1733=ADVANCED_FACE('',(#230),#1642,.T.);
#1734=ADVANCED_FACE('',(#231),#1643,.T.);
#1735=ADVANCED_FACE('',(#232),#1644,.T.);
#1736=ADVANCED_FACE('',(#233),#1645,.T.);
#1737=ADVANCED_FACE('',(#234,#88),#1646,.F.);
#1738=ADVANCED_FACE('',(#235),#1647,.T.);
#1739=ADVANCED_FACE('',(#236),#1648,.T.);
#1740=ADVANCED_FACE('',(#237),#1649,.T.);
#1741=ADVANCED_FACE('',(#238),#1650,.T.);
#1742=ADVANCED_FACE('',(#239),#1651,.T.);
#1743=ADVANCED_FACE('',(#240),#1652,.T.);
#1744=ADVANCED_FACE('',(#241),#1653,.T.);
#1745=ADVANCED_FACE('',(#242),#1654,.T.);
#1746=ADVANCED_FACE('',(#243),#1655,.T.);
#1747=ADVANCED_FACE('',(#244),#1656,.T.);
#1748=ADVANCED_FACE('',(#245),#1657,.T.);
#1749=ADVANCED_FACE('',(#246),#1658,.T.);
#1750=ADVANCED_FACE('',(#247),#1659,.T.);
#1751=ADVANCED_FACE('',(#248),#1660,.T.);
#1752=ADVANCED_FACE('',(#249),#1661,.T.);
#1753=ADVANCED_FACE('',(#250),#1662,.T.);
#1754=ADVANCED_FACE('',(#251),#45,.F.);
#1755=ADVANCED_FACE('',(#252),#61,.F.);
#1756=ADVANCED_FACE('',(#253),#1663,.F.);
#1757=ADVANCED_FACE('',(#254),#62,.F.);
#1758=ADVANCED_FACE('',(#255),#46,.F.);
#1759=ADVANCED_FACE('',(#256),#1664,.T.);
#1760=ADVANCED_FACE('',(#257),#1665,.F.);
#1761=ADVANCED_FACE('',(#258),#63,.F.);
#1762=ADVANCED_FACE('',(#259),#47,.F.);
#1763=ADVANCED_FACE('',(#260),#48,.T.);
#1764=ADVANCED_FACE('',(#261),#64,.T.);
#1765=ADVANCED_FACE('',(#262),#1666,.T.);
#1766=ADVANCED_FACE('',(#263),#13,.T.);
#1767=ADVANCED_FACE('',(#264),#49,.T.);
#1768=ADVANCED_FACE('',(#265),#14,.T.);
#1769=ADVANCED_FACE('',(#266),#1667,.F.);
#1770=ADVANCED_FACE('',(#267),#1668,.T.);
#1771=ADVANCED_FACE('',(#268),#15,.T.);
#1772=ADVANCED_FACE('',(#269),#50,.T.);
#1773=ADVANCED_FACE('',(#270),#16,.T.);
#1774=ADVANCED_FACE('',(#271),#1669,.F.);
#1775=CLOSED_SHELL('',(#1670,#1671,#1672,#1673,#1674,#1675,#1676,#1677,
#1678,#1679,#1680,#1681,#1682,#1683,#1684,#1685,#1686,#1687,#1688,#1689,
#1690,#1691,#1692,#1693,#1694,#1695,#1696,#1697,#1698,#1699,#1700,#1701,
#1702,#1703,#1704,#1705,#1706,#1707,#1708,#1709,#1710,#1711,#1712,#1713,
#1714,#1715,#1716,#1717,#1718,#1719,#1720,#1721,#1722,#1723,#1724,#1725,
#1726,#1727,#1728,#1729,#1730,#1731,#1732,#1733,#1734,#1735,#1736,#1737,
#1738,#1739,#1740,#1741,#1742,#1743,#1744,#1745,#1746,#1747,#1748,#1749,
#1750,#1751,#1752,#1753,#1754,#1755,#1756,#1757,#1758,#1759,#1760,#1761,
#1762,#1763,#1764));
#1776=CLOSED_SHELL('',(#1765,#1766,#1767,#1768,#1769));
#1777=CLOSED_SHELL('',(#1770,#1771,#1772,#1773,#1774));
#1778=DERIVED_UNIT_ELEMENT(#1780,1.);
#1779=DERIVED_UNIT_ELEMENT(#3085,-3.);
#1780=(
MASS_UNIT()
NAMED_UNIT(*)
SI_UNIT(.KILO.,.GRAM.)
);
#1781=DERIVED_UNIT((#1778,#1779));
#1782=MEASURE_REPRESENTATION_ITEM('density measure',
POSITIVE_RATIO_MEASURE(7850.),#1781);
#1783=PROPERTY_DEFINITION_REPRESENTATION(#1788,#1785);
#1784=PROPERTY_DEFINITION_REPRESENTATION(#1789,#1786);
#1785=REPRESENTATION('material name',(#1787),#3082);
#1786=REPRESENTATION('density',(#1782),#3082);
#1787=DESCRIPTIVE_REPRESENTATION_ITEM('\X2\94A2\X0\','\X2\94A2\X0\');
#1788=PROPERTY_DEFINITION('material property','material name',#3092);
#1789=PROPERTY_DEFINITION('material property','density of part',#3092);
#1790=AXIS2_PLACEMENT_3D('',#2508,#1976,#1977);
#1791=AXIS2_PLACEMENT_3D('',#2509,#1978,#1979);
#1792=AXIS2_PLACEMENT_3D('',#2518,#1984,#1985);
#1793=AXIS2_PLACEMENT_3D('',#2524,#1989,#1990);
#1794=AXIS2_PLACEMENT_3D('',#2527,#1991,#1992);
#1795=AXIS2_PLACEMENT_3D('',#2531,#1994,#1995);
#1796=AXIS2_PLACEMENT_3D('',#2535,#1997,#1998);
#1797=AXIS2_PLACEMENT_3D('',#2539,#2000,#2001);
#1798=AXIS2_PLACEMENT_3D('',#2543,#2003,#2004);
#1799=AXIS2_PLACEMENT_3D('',#2546,#2006,#2007);
#1800=AXIS2_PLACEMENT_3D('',#2550,#2009,#2010);
#1801=AXIS2_PLACEMENT_3D('',#2553,#2012,#2013);
#1802=AXIS2_PLACEMENT_3D('',#2555,#2014,#2015);
#1803=AXIS2_PLACEMENT_3D('',#2557,#2016,#2017);
#1804=AXIS2_PLACEMENT_3D('',#2558,#2018,#2019);
#1805=AXIS2_PLACEMENT_3D('',#2562,#2021,#2022);
#1806=AXIS2_PLACEMENT_3D('',#2564,#2024,#2025);
#1807=AXIS2_PLACEMENT_3D('',#2568,#2028,#2029);
#1808=AXIS2_PLACEMENT_3D('',#2570,#2030,#2031);
#1809=AXIS2_PLACEMENT_3D('',#2572,#2033,#2034);
#1810=AXIS2_PLACEMENT_3D('',#2574,#2036,#2037);
#1811=AXIS2_PLACEMENT_3D('',#2580,#2041,#2042);
#1812=AXIS2_PLACEMENT_3D('',#2584,#2044,#2045);
#1813=AXIS2_PLACEMENT_3D('',#2586,#2047,#2048);
#1814=AXIS2_PLACEMENT_3D('',#2591,#2050,#2051);
#1815=AXIS2_PLACEMENT_3D('',#2594,#2053,#2054);
#1816=AXIS2_PLACEMENT_3D('',#2596,#2055,#2056);
#1817=AXIS2_PLACEMENT_3D('',#2600,#2058,#2059);
#1818=AXIS2_PLACEMENT_3D('',#2601,#2060,#2061);
#1819=AXIS2_PLACEMENT_3D('',#2602,#2062,#2063);
#1820=AXIS2_PLACEMENT_3D('',#2607,#2065,#2066);
#1821=AXIS2_PLACEMENT_3D('',#2611,#2068,#2069);
#1822=AXIS2_PLACEMENT_3D('',#2614,#2071,#2072);
#1823=AXIS2_PLACEMENT_3D('',#2616,#2073,#2074);
#1824=AXIS2_PLACEMENT_3D('',#2617,#2075,#2076);
#1825=AXIS2_PLACEMENT_3D('',#2620,#2077,#2078);
#1826=AXIS2_PLACEMENT_3D('',#2622,#2080,#2081);
#1827=AXIS2_PLACEMENT_3D('',#2623,#2082,#2083);
#1828=AXIS2_PLACEMENT_3D('',#2626,#2085,#2086);
#1829=AXIS2_PLACEMENT_3D('',#2627,#2087,#2088);
#1830=AXIS2_PLACEMENT_3D('',#2629,#2089,#2090);
#1831=AXIS2_PLACEMENT_3D('',#2630,#2091,#2092);
#1832=AXIS2_PLACEMENT_3D('',#2632,#2093,#2094);
#1833=AXIS2_PLACEMENT_3D('',#2634,#2096,#2097);
#1834=AXIS2_PLACEMENT_3D('',#2636,#2098,#2099);
#1835=AXIS2_PLACEMENT_3D('',#2637,#2100,#2101);
#1836=AXIS2_PLACEMENT_3D('',#2640,#2102,#2103);
#1837=AXIS2_PLACEMENT_3D('',#2642,#2105,#2106);
#1838=AXIS2_PLACEMENT_3D('',#2643,#2107,#2108);
#1839=AXIS2_PLACEMENT_3D('',#2646,#2110,#2111);
#1840=AXIS2_PLACEMENT_3D('',#2647,#2112,#2113);
#1841=AXIS2_PLACEMENT_3D('',#2648,#2114,#2115);
#1842=AXIS2_PLACEMENT_3D('',#2654,#2119,#2120);
#1843=AXIS2_PLACEMENT_3D('',#2657,#2123,#2124);
#1844=AXIS2_PLACEMENT_3D('',#2659,#2125,#2126);
#1845=AXIS2_PLACEMENT_3D('',#2661,#2128,#2129);
#1846=AXIS2_PLACEMENT_3D('',#2665,#2132,#2133);
#1847=AXIS2_PLACEMENT_3D('',#2667,#2134,#2135);
#1848=AXIS2_PLACEMENT_3D('',#2669,#2137,#2138);
#1849=AXIS2_PLACEMENT_3D('',#2673,#2141,#2142);
#1850=AXIS2_PLACEMENT_3D('',#2674,#2143,#2144);
#1851=AXIS2_PLACEMENT_3D('',#2675,#2145,#2146);
#1852=AXIS2_PLACEMENT_3D('',#2677,#2148,#2149);
#1853=AXIS2_PLACEMENT_3D('',#2679,#2151,#2152);
#1854=AXIS2_PLACEMENT_3D('',#2681,#2154,#2155);
#1855=AXIS2_PLACEMENT_3D('',#2683,#2157,#2158);
#1856=AXIS2_PLACEMENT_3D('',#2684,#2159,#2160);
#1857=AXIS2_PLACEMENT_3D('',#2688,#2162,#2163);
#1858=AXIS2_PLACEMENT_3D('',#2690,#2165,#2166);
#1859=AXIS2_PLACEMENT_3D('',#2693,#2169,#2170);
#1860=AXIS2_PLACEMENT_3D('',#2761,#2173,#2174);
#1861=AXIS2_PLACEMENT_3D('',#2773,#2179,#2180);
#1862=AXIS2_PLACEMENT_3D('',#2779,#2181,#2182);
#1863=AXIS2_PLACEMENT_3D('',#2780,#2183,#2184);
#1864=AXIS2_PLACEMENT_3D('',#2801,#2195,#2196);
#1865=AXIS2_PLACEMENT_3D('',#2802,#2197,#2198);
#1866=AXIS2_PLACEMENT_3D('',#2804,#2199,#2200);
#1867=AXIS2_PLACEMENT_3D('',#2806,#2201,#2202);
#1868=AXIS2_PLACEMENT_3D('',#2808,#2203,#2204);
#1869=AXIS2_PLACEMENT_3D('',#2810,#2205,#2206);
#1870=AXIS2_PLACEMENT_3D('',#2843,#2223,#2224);
#1871=AXIS2_PLACEMENT_3D('',#2845,#2225,#2226);
#1872=AXIS2_PLACEMENT_3D('',#2847,#2228,#2229);
#1873=AXIS2_PLACEMENT_3D('',#2849,#2230,#2231);
#1874=AXIS2_PLACEMENT_3D('',#2850,#2232,#2233);
#1875=AXIS2_PLACEMENT_3D('',#2852,#2234,#2235);
#1876=AXIS2_PLACEMENT_3D('',#2854,#2237,#2238);
#1877=AXIS2_PLACEMENT_3D('',#2856,#2239,#2240);
#1878=AXIS2_PLACEMENT_3D('',#2858,#2241,#2242);
#1879=AXIS2_PLACEMENT_3D('',#2860,#2243,#2244);
#1880=AXIS2_PLACEMENT_3D('',#2862,#2245,#2246);
#1881=AXIS2_PLACEMENT_3D('',#2864,#2247,#2248);
#1882=AXIS2_PLACEMENT_3D('',#2865,#2249,#2250);
#1883=AXIS2_PLACEMENT_3D('',#2867,#2251,#2252);
#1884=AXIS2_PLACEMENT_3D('',#2869,#2253,#2254);
#1885=AXIS2_PLACEMENT_3D('',#2870,#2255,#2256);
#1886=AXIS2_PLACEMENT_3D('',#2872,#2258,#2259);
#1887=AXIS2_PLACEMENT_3D('',#2874,#2261,#2262);
#1888=AXIS2_PLACEMENT_3D('',#2877,#2264,#2265);
#1889=AXIS2_PLACEMENT_3D('',#2878,#2266,#2267);
#1890=AXIS2_PLACEMENT_3D('',#2880,#2268,#2269);
#1891=AXIS2_PLACEMENT_3D('',#2881,#2270,#2271);
#1892=AXIS2_PLACEMENT_3D('',#2883,#2273,#2274);
#1893=AXIS2_PLACEMENT_3D('',#2886,#2276,#2277);
#1894=AXIS2_PLACEMENT_3D('',#2887,#2278,#2279);
#1895=AXIS2_PLACEMENT_3D('',#2889,#2280,#2281);
#1896=AXIS2_PLACEMENT_3D('',#2890,#2282,#2283);
#1897=AXIS2_PLACEMENT_3D('',#2892,#2285,#2286);
#1898=AXIS2_PLACEMENT_3D('',#2895,#2288,#2289);
#1899=AXIS2_PLACEMENT_3D('',#2896,#2290,#2291);
#1900=AXIS2_PLACEMENT_3D('',#2898,#2292,#2293);
#1901=AXIS2_PLACEMENT_3D('',#2899,#2294,#2295);
#1902=AXIS2_PLACEMENT_3D('',#2901,#2297,#2298);
#1903=AXIS2_PLACEMENT_3D('',#2904,#2300,#2301);
#1904=AXIS2_PLACEMENT_3D('',#2905,#2302,#2303);
#1905=AXIS2_PLACEMENT_3D('',#2906,#2304,#2305);
#1906=AXIS2_PLACEMENT_3D('',#2908,#2306,#2307);
#1907=AXIS2_PLACEMENT_3D('',#2909,#2308,#2309);
#1908=AXIS2_PLACEMENT_3D('',#2911,#2311,#2312);
#1909=AXIS2_PLACEMENT_3D('',#2917,#2316,#2317);
#1910=AXIS2_PLACEMENT_3D('',#2921,#2320,#2321);
#1911=AXIS2_PLACEMENT_3D('',#2925,#2324,#2325);
#1912=AXIS2_PLACEMENT_3D('',#2929,#2328,#2329);
#1913=AXIS2_PLACEMENT_3D('',#2933,#2332,#2333);
#1914=AXIS2_PLACEMENT_3D('',#2937,#2336,#2337);
#1915=AXIS2_PLACEMENT_3D('',#2941,#2340,#2341);
#1916=AXIS2_PLACEMENT_3D('',#2945,#2344,#2345);
#1917=AXIS2_PLACEMENT_3D('',#2949,#2348,#2349);
#1918=AXIS2_PLACEMENT_3D('',#2951,#2351,#2352);
#1919=AXIS2_PLACEMENT_3D('',#2984,#2369,#2370);
#1920=AXIS2_PLACEMENT_3D('',#2987,#2373,#2374);
#1921=AXIS2_PLACEMENT_3D('',#2989,#2376,#2377);
#1922=AXIS2_PLACEMENT_3D('',#2991,#2379,#2380);
#1923=AXIS2_PLACEMENT_3D('',#2993,#2382,#2383);
#1924=AXIS2_PLACEMENT_3D('',#2995,#2385,#2386);
#1925=AXIS2_PLACEMENT_3D('',#2997,#2388,#2389);
#1926=AXIS2_PLACEMENT_3D('',#2999,#2391,#2392);
#1927=AXIS2_PLACEMENT_3D('',#3001,#2394,#2395);
#1928=AXIS2_PLACEMENT_3D('',#3003,#2397,#2398);
#1929=AXIS2_PLACEMENT_3D('',#3005,#2400,#2401);
#1930=AXIS2_PLACEMENT_3D('',#3007,#2403,#2404);
#1931=AXIS2_PLACEMENT_3D('',#3009,#2406,#2407);
#1932=AXIS2_PLACEMENT_3D('',#3011,#2409,#2410);
#1933=AXIS2_PLACEMENT_3D('',#3013,#2412,#2413);
#1934=AXIS2_PLACEMENT_3D('',#3015,#2415,#2416);
#1935=AXIS2_PLACEMENT_3D('',#3016,#2417,#2418);
#1936=AXIS2_PLACEMENT_3D('',#3019,#2420,#2421);
#1937=AXIS2_PLACEMENT_3D('',#3020,#2422,#2423);
#1938=AXIS2_PLACEMENT_3D('',#3023,#2426,#2427);
#1939=AXIS2_PLACEMENT_3D('',#3027,#2430,#2431);
#1940=AXIS2_PLACEMENT_3D('',#3028,#2432,#2433);
#1941=AXIS2_PLACEMENT_3D('',#3029,#2434,#2435);
#1942=AXIS2_PLACEMENT_3D('',#3031,#2437,#2438);
#1943=AXIS2_PLACEMENT_3D('',#3032,#2439,#2440);
#1944=AXIS2_PLACEMENT_3D('',#3034,#2442,#2443);
#1945=AXIS2_PLACEMENT_3D('',#3035,#2444,#2445);
#1946=AXIS2_PLACEMENT_3D('',#3036,#2446,#2447);
#1947=AXIS2_PLACEMENT_3D('',#3037,#2448,#2449);
#1948=AXIS2_PLACEMENT_3D('',#3038,#2450,#2451);
#1949=AXIS2_PLACEMENT_3D('',#3039,#2452,#2453);
#1950=AXIS2_PLACEMENT_3D('',#3040,#2454,#2455);
#1951=AXIS2_PLACEMENT_3D('',#3042,#2456,#2457);
#1952=AXIS2_PLACEMENT_3D('',#3043,#2458,#2459);
#1953=AXIS2_PLACEMENT_3D('',#3045,#2460,#2461);
#1954=AXIS2_PLACEMENT_3D('',#3047,#2462,#2463);
#1955=AXIS2_PLACEMENT_3D('',#3048,#2464,#2465);
#1956=AXIS2_PLACEMENT_3D('',#3049,#2466,#2467);
#1957=AXIS2_PLACEMENT_3D('',#3053,#2469,#2470);
#1958=AXIS2_PLACEMENT_3D('',#3054,#2471,#2472);
#1959=AXIS2_PLACEMENT_3D('',#3055,#2473,#2474);
#1960=AXIS2_PLACEMENT_3D('',#3057,#2475,#2476);
#1961=AXIS2_PLACEMENT_3D('',#3058,#2477,#2478);
#1962=AXIS2_PLACEMENT_3D('',#3059,#2479,#2480);
#1963=AXIS2_PLACEMENT_3D('',#3060,#2481,#2482);
#1964=AXIS2_PLACEMENT_3D('',#3062,#2483,#2484);
#1965=AXIS2_PLACEMENT_3D('',#3063,#2485,#2486);
#1966=AXIS2_PLACEMENT_3D('',#3065,#2487,#2488);
#1967=AXIS2_PLACEMENT_3D('',#3067,#2489,#2490);
#1968=AXIS2_PLACEMENT_3D('',#3068,#2491,#2492);
#1969=AXIS2_PLACEMENT_3D('',#3069,#2493,#2494);
#1970=AXIS2_PLACEMENT_3D('',#3073,#2496,#2497);
#1971=AXIS2_PLACEMENT_3D('',#3074,#2498,#2499);
#1972=AXIS2_PLACEMENT_3D('',#3075,#2500,#2501);
#1973=AXIS2_PLACEMENT_3D('',#3077,#2502,#2503);
#1974=AXIS2_PLACEMENT_3D('',#3078,#2504,#2505);
#1975=AXIS2_PLACEMENT_3D('',#3079,#2506,#2507);
#1976=DIRECTION('axis',(0.,0.,1.));
#1977=DIRECTION('refdir',(1.,0.,0.));
#1978=DIRECTION('center_axis',(-0.866025403784429,0.500000000000017,0.));
#1979=DIRECTION('ref_axis',(0.500000000000017,0.866025403784429,0.));
#1980=DIRECTION('',(-0.500000000049676,-0.866025403755758,5.73390401984973E-11));
#1981=DIRECTION('',(-1.103670729536E-9,-5.675017389781E-9,1.));
#1982=DIRECTION('',(0.500000000000017,0.866025403784429,0.));
#1983=DIRECTION('',(-5.653775440342E-9,-1.319245460417E-8,1.));
#1984=DIRECTION('center_axis',(0.612372435695813,-0.353553390593307,0.707106781186515));
#1985=DIRECTION('ref_axis',(-0.612372435695756,0.353553390593275,0.70710678118658));
#1986=DIRECTION('',(-0.500000000088282,-0.866025403733469,1.01936099977196E-10));
#1987=DIRECTION('',(-0.612372445466735,0.35355337366952,0.707106781186541));
#1988=DIRECTION('',(-0.612372461169693,0.353553346471096,0.707106781186592));
#1989=DIRECTION('center_axis',(0.,0.,1.));
#1990=DIRECTION('ref_axis',(1.,0.,0.));
#1991=DIRECTION('center_axis',(0.,0.,1.));
#1992=DIRECTION('ref_axis',(0.866025403784429,0.500000000000017,0.));
#1993=DIRECTION('',(-0.499999999997611,0.866025403785818,2.75711728878406E-12));
#1994=DIRECTION('center_axis',(0.,0.,1.));
#1995=DIRECTION('ref_axis',(-0.866025403784429,-0.500000000000017,0.));
#1996=DIRECTION('',(0.500000000002423,-0.86602540378304,-2.80110326615713E-12));
#1997=DIRECTION('center_axis',(0.,0.,-1.));
#1998=DIRECTION('ref_axis',(0.866025403784429,0.500000000000017,0.));
#1999=DIRECTION('',(0.499999999911708,-0.866025403835414,1.01935841381102E-10));
#2000=DIRECTION('center_axis',(0.,0.,-1.));
#2001=DIRECTION('ref_axis',(-0.866025403784429,0.500000000000017,0.));
#2002=DIRECTION('',(0.500000000088282,0.866025403733469,1.01935884480396E-10));
#2003=DIRECTION('center_axis',(0.,0.,-1.));
#2004=DIRECTION('ref_axis',(0.,-1.,0.));
#2005=DIRECTION('',(-1.,1.019353241888E-10,1.019359275798E-10));
#2006=DIRECTION('center_axis',(0.,0.,-1.));
#2007=DIRECTION('ref_axis',(0.,1.,0.));
#2008=DIRECTION('',(1.,-1.019361861759E-10,1.019360137785E-10));
#2009=DIRECTION('center_axis',(0.,0.,-1.));
#2010=DIRECTION('ref_axis',(-0.866025403784429,-0.500000000000017,0.));
#2011=DIRECTION('',(-0.499999999911708,0.866025403835414,1.01936099977202E-10));
#2012=DIRECTION('center_axis',(0.,0.,-1.));
#2013=DIRECTION('ref_axis',(0.866025403784429,-0.500000000000017,0.));
#2014=DIRECTION('center_axis',(0.,0.,1.));
#2015=DIRECTION('ref_axis',(1.,0.,0.));
#2016=DIRECTION('center_axis',(0.,0.,1.));
#2017=DIRECTION('ref_axis',(1.,0.,0.));
#2018=DIRECTION('center_axis',(0.,0.,1.));
#2019=DIRECTION('ref_axis',(0.,1.,0.));
#2020=DIRECTION('',(-0.612372435693214,-0.353553390597808,0.707106781186516));
#2021=DIRECTION('center_axis',(0.,0.,1.));
#2022=DIRECTION('ref_axis',(0.866025403784429,0.500000000000017,0.));
#2023=DIRECTION('',(0.612372434467931,0.353553392720018,0.707106781186536));
#2024=DIRECTION('center_axis',(-0.612372435695813,-0.353553390593307,0.707106781186515));
#2025=DIRECTION('ref_axis',(0.612372435695756,0.353553390593275,0.70710678118658));
#2026=DIRECTION('',(-0.499999999998072,0.866025403785552,2.24762008145387E-12));
#2027=DIRECTION('',(0.612372437436327,0.353553387578616,0.707106781186531));
#2028=DIRECTION('center_axis',(0.,0.,1.));
#2029=DIRECTION('ref_axis',(0.500000000169069,-0.866025403686827,0.));
#2030=DIRECTION('center_axis',(0.,0.,1.));
#2031=DIRECTION('ref_axis',(-0.866025403784429,-0.500000000000017,0.));
#2032=DIRECTION('',(-0.612372434248618,-0.35355339309991,0.707106781186521));
#2033=DIRECTION('center_axis',(0.612372435695813,0.353553390593307,0.707106781186515));
#2034=DIRECTION('ref_axis',(-0.612372435695756,-0.353553390593275,0.70710678118658));
#2035=DIRECTION('',(0.500000000001993,-0.866025403783288,-2.28348557092397E-12));
#2036=DIRECTION('center_axis',(0.866025403784429,0.500000000000017,0.));
#2037=DIRECTION('ref_axis',(0.500000000000017,-0.866025403784429,0.));
#2038=DIRECTION('',(0.500000000002691,-0.866025403782885,3.15875632713194E-12));
#2039=DIRECTION('',(-6.63331118428E-12,1.297608933883E-11,-1.));
#2040=DIRECTION('',(1.419129110376E-9,-2.489195022688E-9,-1.));
#2041=DIRECTION('center_axis',(-0.612372435695813,-0.353553390593307,0.707106781186515));
#2042=DIRECTION('ref_axis',(-0.612372435695756,-0.353553390593275,-0.70710678118658));
#2043=DIRECTION('',(0.500000000003819,-0.866025403782234,4.41076036083617E-12));
#2044=DIRECTION('center_axis',(-0.612372435695813,-0.353553390593307,0.707106781186515));
#2045=DIRECTION('ref_axis',(0.612372435695756,0.353553390593275,0.70710678118658));
#2046=DIRECTION('',(-0.612372430844005,-0.353553398996903,-0.707106781186506));
#2047=DIRECTION('center_axis',(0.,0.,1.));
#2048=DIRECTION('ref_axis',(1.,0.,0.));
#2049=DIRECTION('',(-0.49999999999311,0.866025403788417,-8.02031962551615E-12));
#2050=DIRECTION('center_axis',(0.,0.,-1.));
#2051=DIRECTION('ref_axis',(0.971384387633053,0.237512886940389,0.));
#2052=DIRECTION('',(-1.,0.,0.));
#2053=DIRECTION('center_axis',(0.,0.,1.));
#2054=DIRECTION('ref_axis',(0.866025403784429,-0.500000000000017,0.));
#2055=DIRECTION('center_axis',(0.,0.,1.));
#2056=DIRECTION('ref_axis',(-0.866025403784429,-0.500000000000017,0.));
#2057=DIRECTION('',(0.500000000000017,-0.866025403784429,0.));
#2058=DIRECTION('center_axis',(0.,0.,1.));
#2059=DIRECTION('ref_axis',(-0.954225429969637,0.299088329426712,0.));
#2060=DIRECTION('center_axis',(0.,0.,1.));
#2061=DIRECTION('ref_axis',(-0.691384387633103,-0.722487113059603,0.));
#2062=DIRECTION('center_axis',(0.,0.,1.));
#2063=DIRECTION('ref_axis',(-0.866025403784429,-0.500000000000017,0.));
#2064=DIRECTION('',(-0.500000000000017,-0.866025403784429,0.));
#2065=DIRECTION('center_axis',(0.,0.,1.));
#2066=DIRECTION('ref_axis',(0.866025403784429,0.500000000000017,0.));
#2067=DIRECTION('',(-0.500000000000017,0.866025403784429,0.));
#2068=DIRECTION('center_axis',(0.,0.,1.));
#2069=DIRECTION('ref_axis',(0.,-1.,0.));
#2070=DIRECTION('',(1.,0.,0.));
#2071=DIRECTION('center_axis',(0.,0.,1.));
#2072=DIRECTION('ref_axis',(-0.866025403784429,0.500000000000017,0.));
#2073=DIRECTION('center_axis',(0.,0.,1.));
#2074=DIRECTION('ref_axis',(1.,0.,0.));
#2075=DIRECTION('center_axis',(0.,0.,1.));
#2076=DIRECTION('ref_axis',(1.,0.,0.));
#2077=DIRECTION('center_axis',(0.,0.,1.));
#2078=DIRECTION('ref_axis',(1.,0.,0.));
#2079=DIRECTION('',(0.,0.,-1.));
#2080=DIRECTION('center_axis',(0.,0.,1.));
#2081=DIRECTION('ref_axis',(1.,0.,0.));
#2082=DIRECTION('center_axis',(0.,0.,-1.));
#2083=DIRECTION('ref_axis',(0.,-1.,0.));
#2084=DIRECTION('',(-8.65956056235493E-17,-0.707106781186548,0.707106781186548));
#2085=DIRECTION('center_axis',(0.,0.,1.));
#2086=DIRECTION('ref_axis',(-1.,0.,0.));
#2087=DIRECTION('center_axis',(0.,0.,-1.));
#2088=DIRECTION('ref_axis',(-1.,0.,0.));
#2089=DIRECTION('center_axis',(0.,0.,1.));
#2090=DIRECTION('ref_axis',(1.,0.,0.));
#2091=DIRECTION('center_axis',(0.,0.,1.));
#2092=DIRECTION('ref_axis',(1.,0.,0.));
#2093=DIRECTION('center_axis',(0.,0.,1.));
#2094=DIRECTION('ref_axis',(1.,0.,0.));
#2095=DIRECTION('',(0.,0.,-1.));
#2096=DIRECTION('center_axis',(0.,0.,1.));
#2097=DIRECTION('ref_axis',(1.,0.,0.));
#2098=DIRECTION('center_axis',(0.,0.,1.));
#2099=DIRECTION('ref_axis',(1.,0.,0.));
#2100=DIRECTION('center_axis',(0.,0.,1.));
#2101=DIRECTION('ref_axis',(1.,0.,0.));
#2102=DIRECTION('center_axis',(0.,0.,1.));
#2103=DIRECTION('ref_axis',(1.,0.,0.));
#2104=DIRECTION('',(0.,0.,-1.));
#2105=DIRECTION('center_axis',(0.,0.,1.));
#2106=DIRECTION('ref_axis',(1.,0.,0.));
#2107=DIRECTION('center_axis',(0.,0.,-1.));
#2108=DIRECTION('ref_axis',(0.,-1.,0.));
#2109=DIRECTION('',(-8.65956056235493E-17,-0.707106781186547,0.707106781186547));
#2110=DIRECTION('center_axis',(0.,0.,1.));
#2111=DIRECTION('ref_axis',(1.,0.,0.));
#2112=DIRECTION('center_axis',(0.,0.,1.));
#2113=DIRECTION('ref_axis',(1.,0.,0.));
#2114=DIRECTION('center_axis',(0.866025403784429,-0.500000000000017,0.));
#2115=DIRECTION('ref_axis',(-0.500000000000017,-0.866025403784429,0.));
#2116=DIRECTION('',(0.500000000049676,0.866025403755758,5.73389109004272E-11));
#2117=DIRECTION('',(1.103670729536E-9,5.675017389781E-9,1.));
#2118=DIRECTION('',(5.653776533485E-9,1.319245515075E-8,1.));
#2119=DIRECTION('center_axis',(-0.612372435695813,0.353553390593307,0.707106781186515));
#2120=DIRECTION('ref_axis',(0.612372435695756,-0.353553390593275,0.70710678118658));
#2121=DIRECTION('',(0.612372445466735,-0.35355337366952,0.707106781186541));
#2122=DIRECTION('',(0.612372461169736,-0.353553346471121,0.707106781186542));
#2123=DIRECTION('center_axis',(0.,0.,-1.));
#2124=DIRECTION('ref_axis',(-0.866025392598997,-0.500000019373753,0.));
#2125=DIRECTION('center_axis',(0.,0.,-1.));
#2126=DIRECTION('ref_axis',(0.,-1.,0.));
#2127=DIRECTION('',(-1.95418984777513E-8,0.707106781186547,0.707106781186547));
#2128=DIRECTION('center_axis',(0.,-0.707106781186548,0.707106781186548));
#2129=DIRECTION('ref_axis',(0.,0.707106781186548,0.707106781186548));
#2130=DIRECTION('',(-1.,5.733869540365E-11,5.733891090043E-11));
#2131=DIRECTION('',(-5.09479022110034E-8,0.707106781186547,0.707106781186547));
#2132=DIRECTION('center_axis',(0.,0.,-1.));
#2133=DIRECTION('ref_axis',(0.,1.,0.));
#2134=DIRECTION('center_axis',(0.,0.,-1.));
#2135=DIRECTION('ref_axis',(0.866025403784429,0.500000000000017,0.));
#2136=DIRECTION('',(-0.612372425924828,-0.353553407517116,0.707106781186532));
#2137=DIRECTION('center_axis',(0.612372435695813,0.353553390593307,0.707106781186515));
#2138=DIRECTION('ref_axis',(-0.612372435695756,-0.353553390593275,0.70710678118658));
#2139=DIRECTION('',(0.499999999950314,-0.866025403813125,5.73389539997917E-11));
#2140=DIRECTION('',(-0.612372410221826,-0.353553434715515,0.707106781186529));
#2141=DIRECTION('center_axis',(0.,0.,-1.));
#2142=DIRECTION('ref_axis',(0.,1.,0.));
#2143=DIRECTION('center_axis',(0.,0.,-1.));
#2144=DIRECTION('ref_axis',(-0.866025403784429,0.500000000000017,0.));
#2145=DIRECTION('center_axis',(0.,0.,-1.));
#2146=DIRECTION('ref_axis',(-0.866025403784429,0.500000000000017,0.));
#2147=DIRECTION('',(8.598112732149E-9,-1.149254122882E-8,1.));
#2148=DIRECTION('center_axis',(-0.866025403784429,-0.500000000000017,0.));
#2149=DIRECTION('ref_axis',(-0.500000000000017,0.866025403784429,0.));
#2150=DIRECTION('',(4.362873421181E-9,-3.793316027407E-9,1.));
#2151=DIRECTION('center_axis',(0.,0.,-1.));
#2152=DIRECTION('ref_axis',(0.866025403784429,0.500000000000017,0.));
#2153=DIRECTION('',(-1.425188824081E-8,-1.69991392192E-9,1.));
#2154=DIRECTION('center_axis',(0.,1.,0.));
#2155=DIRECTION('ref_axis',(1.,0.,0.));
#2156=DIRECTION('',(-5.466544150717E-9,-1.881701362374E-9,1.));
#2157=DIRECTION('center_axis',(0.,0.,-1.));
#2158=DIRECTION('ref_axis',(0.,-1.,0.));
#2159=DIRECTION('center_axis',(0.612372435695813,0.353553390593307,0.707106781186515));
#2160=DIRECTION('ref_axis',(0.612372435695756,0.353553390593275,-0.70710678118658));
#2161=DIRECTION('',(-0.499999999995011,0.866025403787319,-5.74372031820213E-12));
#2162=DIRECTION('center_axis',(0.612372435695813,0.353553390593307,0.707106781186515));
#2163=DIRECTION('ref_axis',(0.612372435695756,0.353553390593275,-0.70710678118658));
#2164=DIRECTION('',(0.6123724415172,0.3535533805104,-0.707106781186499));
#2165=DIRECTION('center_axis',(-0.866025403784429,-0.500000000000017,0.));
#2166=DIRECTION('ref_axis',(-0.500000000000017,0.866025403784429,0.));
#2167=DIRECTION('',(1.73191396994E-9,-2.943261831239E-9,-1.));
#2168=DIRECTION('',(3.372800310522E-9,-5.915890394624E-9,-1.));
#2169=DIRECTION('center_axis',(0.,0.,1.));
#2170=DIRECTION('ref_axis',(-0.137621817910776,0.990484848564042,0.));
#2171=DIRECTION('',(0.,0.,-1.));
#2172=DIRECTION('',(0.,0.,1.));
#2173=DIRECTION('center_axis',(0.,-1.,0.));
#2174=DIRECTION('ref_axis',(-1.,0.,0.));
#2175=DIRECTION('',(-1.,0.,0.));
#2176=DIRECTION('',(1.235163629494E-8,1.473259205692E-9,1.));
#2177=DIRECTION('',(1.,-5.733869540365E-11,5.733886780107E-11));
#2178=DIRECTION('',(5.466544150717E-9,1.881701908945E-9,1.));
#2179=DIRECTION('center_axis',(0.,0.,-1.));
#2180=DIRECTION('ref_axis',(-0.125933758688269,0.992038652685794,0.));
#2181=DIRECTION('center_axis',(0.,0.,1.));
#2182=DIRECTION('ref_axis',(0.41022327393171,-0.911985123521623,0.));
#2183=DIRECTION('center_axis',(0.,0.,-1.));
#2184=DIRECTION('ref_axis',(0.,-1.,0.));
#2185=DIRECTION('',(-0.866025403784429,-0.500000000000017,0.));
#2186=DIRECTION('',(0.500000000000017,-0.866025403784429,0.));
#2187=DIRECTION('',(0.75241356468881,-0.658690995590708,0.));
#2188=DIRECTION('',(0.96859650283291,-0.248637918869703,0.));
#2189=DIRECTION('',(0.978422860717291,0.206612452736498,0.));
#2190=DIRECTION('',(0.866025403784429,0.500000000000017,0.));
#2191=DIRECTION('',(0.668143063166669,0.744032826656365,0.));
#2192=DIRECTION('',(0.268971497331204,0.963148136904916,0.));
#2193=DIRECTION('',(-0.194236353081195,0.980954758967873,0.));
#2194=DIRECTION('',(-0.500000000000017,0.866025403784429,0.));
#2195=DIRECTION('center_axis',(0.,0.,-1.));
#2196=DIRECTION('ref_axis',(0.,-1.,0.));
#2197=DIRECTION('center_axis',(0.,0.,1.));
#2198=DIRECTION('ref_axis',(0.,1.,0.));
#2199=DIRECTION('center_axis',(0.,0.,1.));
#2200=DIRECTION('ref_axis',(-1.,0.,0.));
#2201=DIRECTION('center_axis',(0.,0.,1.));
#2202=DIRECTION('ref_axis',(-1.,0.,0.));
#2203=DIRECTION('center_axis',(0.,0.,1.));
#2204=DIRECTION('ref_axis',(-1.,0.,0.));
#2205=DIRECTION('center_axis',(0.,0.,1.));
#2206=DIRECTION('ref_axis',(-1.,0.,0.));
#2207=DIRECTION('',(0.500000000000017,-0.866025403784429,0.));
#2208=DIRECTION('',(0.316573480741586,-0.948567989809458,0.));
#2209=DIRECTION('',(-0.129671007678999,-0.991557073378791,0.));
#2210=DIRECTION('',(-0.402065507976887,-0.91561090387527,0.));
#2211=DIRECTION('',(-0.668143063166669,-0.744032826656365,0.));
#2212=DIRECTION('',(-0.866025403784429,-0.500000000000017,0.));
#2213=DIRECTION('',(-0.978422860717291,-0.206612452736498,0.));
#2214=DIRECTION('',(-0.993975056726454,0.109606508044195,0.));
#2215=DIRECTION('',(-0.83915122934691,0.543898165363306,0.));
#2216=DIRECTION('',(-0.629802556595524,-0.776755263712929,0.));
#2217=DIRECTION('',(-0.500000000000017,0.866025403784429,0.));
#2218=DIRECTION('',(0.636666393529278,0.771139354040774,0.));
#2219=DIRECTION('',(-0.500000000000017,0.866025403784429,0.));
#2220=DIRECTION('',(-0.866025403784429,-0.500000000000017,0.));
#2221=DIRECTION('',(-0.500000000000017,0.866025403784429,0.));
#2222=DIRECTION('',(0.866025403784429,0.500000000000017,0.));
#2223=DIRECTION('center_axis',(0.,0.,1.));
#2224=DIRECTION('ref_axis',(-1.,0.,0.));
#2225=DIRECTION('center_axis',(0.,0.,1.));
#2226=DIRECTION('ref_axis',(-1.,0.,0.));
#2227=DIRECTION('',(0.,0.,1.));
#2228=DIRECTION('center_axis',(0.,0.,1.));
#2229=DIRECTION('ref_axis',(-1.,0.,0.));
#2230=DIRECTION('center_axis',(0.,0.,1.));
#2231=DIRECTION('ref_axis',(-1.,0.,0.));
#2232=DIRECTION('center_axis',(0.,0.,1.));
#2233=DIRECTION('ref_axis',(-1.,0.,0.));
#2234=DIRECTION('center_axis',(0.,0.,1.));
#2235=DIRECTION('ref_axis',(-1.,0.,0.));
#2236=DIRECTION('',(0.,0.,1.));
#2237=DIRECTION('center_axis',(0.,0.,1.));
#2238=DIRECTION('ref_axis',(1.,0.,0.));
#2239=DIRECTION('center_axis',(0.,0.,1.));
#2240=DIRECTION('ref_axis',(1.,0.,0.));
#2241=DIRECTION('center_axis',(0.,0.,1.));
#2242=DIRECTION('ref_axis',(-1.,0.,0.));
#2243=DIRECTION('center_axis',(0.,0.,1.));
#2244=DIRECTION('ref_axis',(-1.,0.,0.));
#2245=DIRECTION('center_axis',(0.,0.,1.));
#2246=DIRECTION('ref_axis',(-1.,0.,0.));
#2247=DIRECTION('center_axis',(0.,0.,1.));
#2248=DIRECTION('ref_axis',(1.,0.,0.));
#2249=DIRECTION('center_axis',(0.,0.,1.));
#2250=DIRECTION('ref_axis',(1.,0.,0.));
#2251=DIRECTION('center_axis',(0.,0.,1.));
#2252=DIRECTION('ref_axis',(1.,0.,0.));
#2253=DIRECTION('center_axis',(0.,0.,1.));
#2254=DIRECTION('ref_axis',(1.,0.,0.));
#2255=DIRECTION('center_axis',(0.,0.,1.));
#2256=DIRECTION('ref_axis',(1.,0.,0.));
#2257=DIRECTION('',(0.,0.,1.));
#2258=DIRECTION('center_axis',(0.,0.,1.));
#2259=DIRECTION('ref_axis',(1.,0.,0.));
#2260=DIRECTION('',(0.,0.,1.));
#2261=DIRECTION('center_axis',(0.,0.,1.));
#2262=DIRECTION('ref_axis',(-1.,0.,0.));
#2263=DIRECTION('',(0.,0.,1.));
#2264=DIRECTION('center_axis',(0.,0.,1.));
#2265=DIRECTION('ref_axis',(-1.,0.,0.));
#2266=DIRECTION('center_axis',(0.,0.,1.));
#2267=DIRECTION('ref_axis',(-1.,0.,0.));
#2268=DIRECTION('center_axis',(0.,0.,-1.));
#2269=DIRECTION('ref_axis',(-1.,0.,0.));
#2270=DIRECTION('center_axis',(0.,0.,1.));
#2271=DIRECTION('ref_axis',(-1.,0.,0.));
#2272=DIRECTION('',(0.,0.,1.));
#2273=DIRECTION('center_axis',(0.,0.,1.));
#2274=DIRECTION('ref_axis',(-1.,0.,0.));
#2275=DIRECTION('',(0.,0.,1.));
#2276=DIRECTION('center_axis',(0.,0.,1.));
#2277=DIRECTION('ref_axis',(-1.,0.,0.));
#2278=DIRECTION('center_axis',(0.,0.,1.));
#2279=DIRECTION('ref_axis',(-1.,0.,0.));
#2280=DIRECTION('center_axis',(0.,0.,-1.));
#2281=DIRECTION('ref_axis',(-1.,0.,0.));
#2282=DIRECTION('center_axis',(0.,0.,1.));
#2283=DIRECTION('ref_axis',(-1.,0.,0.));
#2284=DIRECTION('',(0.,0.,1.));
#2285=DIRECTION('center_axis',(0.,0.,1.));
#2286=DIRECTION('ref_axis',(-1.,0.,0.));
#2287=DIRECTION('',(0.,0.,1.));
#2288=DIRECTION('center_axis',(0.,0.,1.));
#2289=DIRECTION('ref_axis',(-1.,0.,0.));
#2290=DIRECTION('center_axis',(0.,0.,1.));
#2291=DIRECTION('ref_axis',(-1.,0.,0.));
#2292=DIRECTION('center_axis',(0.,0.,-1.));
#2293=DIRECTION('ref_axis',(-1.,0.,0.));
#2294=DIRECTION('center_axis',(0.,0.,1.));
#2295=DIRECTION('ref_axis',(-1.,0.,0.));
#2296=DIRECTION('',(0.,0.,1.));
#2297=DIRECTION('center_axis',(0.,0.,1.));
#2298=DIRECTION('ref_axis',(1.,0.,0.));
#2299=DIRECTION('',(0.,0.,1.));
#2300=DIRECTION('center_axis',(0.,0.,1.));
#2301=DIRECTION('ref_axis',(1.,0.,0.));
#2302=DIRECTION('center_axis',(0.,0.,1.));
#2303=DIRECTION('ref_axis',(1.,0.,0.));
#2304=DIRECTION('center_axis',(0.,0.,1.));
#2305=DIRECTION('ref_axis',(1.,0.,0.));
#2306=DIRECTION('center_axis',(0.,0.,1.));
#2307=DIRECTION('ref_axis',(1.,0.,0.));
#2308=DIRECTION('center_axis',(0.,0.,1.));
#2309=DIRECTION('ref_axis',(1.,0.,0.));
#2310=DIRECTION('',(0.,0.,1.));
#2311=DIRECTION('center_axis',(-0.500000000000017,0.866025403784429,0.));
#2312=DIRECTION('ref_axis',(-0.866025403784429,-0.500000000000017,0.));
#2313=DIRECTION('',(1.42108547152E-14,0.,-1.));
#2314=DIRECTION('',(-0.866025403784429,-0.500000000000017,0.));
#2315=DIRECTION('',(-1.42108547152E-14,0.,-1.));
#2316=DIRECTION('center_axis',(-0.866025403784429,-0.500000000000017,0.));
#2317=DIRECTION('ref_axis',(0.500000000000017,-0.866025403784429,0.));
#2318=DIRECTION('',(0.500000000000017,-0.866025403784429,0.));
#2319=DIRECTION('',(1.42108547152E-14,-2.84217094304E-14,-1.));
#2320=DIRECTION('center_axis',(-0.658690995590659,-0.752413564688853,0.));
#2321=DIRECTION('ref_axis',(0.752413564688853,-0.658690995590659,0.));
#2322=DIRECTION('',(0.752413564688903,-0.658690995590602,0.));
#2323=DIRECTION('',(1.136868377216E-13,-5.684341886081E-14,-1.));
#2324=DIRECTION('center_axis',(-0.248637918869609,-0.968596502832934,0.));
#2325=DIRECTION('ref_axis',(0.968596502832934,-0.248637918869609,0.));
#2326=DIRECTION('',(0.968596502832934,-0.248637918869609,0.));
#2327=DIRECTION('',(1.847411112976E-13,0.,-1.));
#2328=DIRECTION('center_axis',(0.206612452736498,-0.978422860717292,0.));
#2329=DIRECTION('ref_axis',(0.978422860717291,0.206612452736498,0.));
#2330=DIRECTION('',(0.978422860717291,0.206612452736498,0.));
#2331=DIRECTION('',(-2.84217094304E-14,0.,-1.));
#2332=DIRECTION('center_axis',(0.500000000000017,-0.866025403784429,0.));
#2333=DIRECTION('ref_axis',(0.866025403784429,0.500000000000017,0.));
#2334=DIRECTION('',(0.866025403784429,0.500000000000017,0.));
#2335=DIRECTION('',(4.263256414561E-14,5.684341886081E-14,-1.));
#2336=DIRECTION('center_axis',(0.744032826656365,-0.668143063166669,0.));
#2337=DIRECTION('ref_axis',(0.668143063166669,0.744032826656365,0.));
#2338=DIRECTION('',(0.668143063166669,0.744032826656365,0.));
#2339=DIRECTION('',(0.,2.84217094304E-14,-1.));
#2340=DIRECTION('center_axis',(0.96314813690489,-0.268971497331297,0.));
#2341=DIRECTION('ref_axis',(0.268971497331297,0.96314813690489,0.));
#2342=DIRECTION('',(0.268971497331204,0.963148136904916,0.));
#2343=DIRECTION('',(0.,0.,-1.));
#2344=DIRECTION('center_axis',(0.980954758967873,0.194236353081195,0.));
#2345=DIRECTION('ref_axis',(-0.194236353081195,0.980954758967873,0.));
#2346=DIRECTION('',(-0.194236353081195,0.980954758967873,0.));
#2347=DIRECTION('',(-1.42108547152E-14,8.526512829121E-14,-1.));
#2348=DIRECTION('center_axis',(0.866025403784429,0.500000000000017,0.));
#2349=DIRECTION('ref_axis',(-0.500000000000017,0.866025403784429,0.));
#2350=DIRECTION('',(-0.500000000000017,0.866025403784429,0.));
#2351=DIRECTION('center_axis',(0.,0.,-1.));
#2352=DIRECTION('ref_axis',(0.,-1.,0.));
#2353=DIRECTION('',(0.500000000000017,-0.866025403784429,0.));
#2354=DIRECTION('',(0.866025403784429,0.500000000000017,0.));
#2355=DIRECTION('',(-0.500000000000017,0.866025403784429,0.));
#2356=DIRECTION('',(-0.866025403784429,-0.500000000000017,0.));
#2357=DIRECTION('',(-0.500000000000017,0.866025403784429,0.));
#2358=DIRECTION('',(0.636666393529278,0.771139354040774,0.));
#2359=DIRECTION('',(-0.500000000000017,0.866025403784429,0.));
#2360=DIRECTION('',(-0.629802556595524,-0.776755263712929,0.));
#2361=DIRECTION('',(-0.839151229346909,0.543898165363306,0.));
#2362=DIRECTION('',(-0.993975056726454,0.109606508044195,0.));
#2363=DIRECTION('',(-0.978422860717291,-0.206612452736498,0.));
#2364=DIRECTION('',(-0.866025403784429,-0.500000000000017,0.));
#2365=DIRECTION('',(-0.668143063166669,-0.744032826656365,0.));
#2366=DIRECTION('',(-0.402065507976887,-0.91561090387527,0.));
#2367=DIRECTION('',(-0.129671007679097,-0.991557073378778,0.));
#2368=DIRECTION('',(0.316573480741586,-0.948567989809458,0.));
#2369=DIRECTION('center_axis',(-0.866025403784429,-0.500000000000017,0.));
#2370=DIRECTION('ref_axis',(0.500000000000017,-0.866025403784429,0.));
#2371=DIRECTION('',(0.,0.,-1.));
#2372=DIRECTION('',(-1.42108547152E-14,5.684341886081E-14,-1.));
#2373=DIRECTION('center_axis',(-0.948567989809458,-0.316573480741586,0.));
#2374=DIRECTION('ref_axis',(0.316573480741586,-0.948567989809458,0.));
#2375=DIRECTION('',(0.,2.84217094304E-14,-1.));
#2376=DIRECTION('center_axis',(-0.991557073378791,0.129671007678999,0.));
#2377=DIRECTION('ref_axis',(-0.129671007678999,-0.991557073378791,0.));
#2378=DIRECTION('',(-2.84217094304E-14,0.,-1.));
#2379=DIRECTION('center_axis',(-0.91561090387527,0.402065507976887,0.));
#2380=DIRECTION('ref_axis',(-0.402065507976887,-0.91561090387527,0.));
#2381=DIRECTION('',(2.84217094304E-14,5.684341886081E-14,-1.));
#2382=DIRECTION('center_axis',(-0.744032826656365,0.668143063166669,0.));
#2383=DIRECTION('ref_axis',(-0.668143063166669,-0.744032826656365,0.));
#2384=DIRECTION('',(-4.263256414561E-14,-2.84217094304E-14,-1.));
#2385=DIRECTION('center_axis',(-0.500000000000017,0.866025403784429,0.));
#2386=DIRECTION('ref_axis',(-0.866025403784429,-0.500000000000017,0.));
#2387=DIRECTION('',(5.684341886081E-14,0.,-1.));
#2388=DIRECTION('center_axis',(-0.206612452736498,0.978422860717292,0.));
#2389=DIRECTION('ref_axis',(-0.978422860717291,-0.206612452736498,0.));
#2390=DIRECTION('',(-5.684341886081E-14,0.,-1.));
#2391=DIRECTION('center_axis',(0.109606508044195,0.993975056726454,0.));
#2392=DIRECTION('ref_axis',(-0.993975056726454,0.109606508044195,0.));
#2393=DIRECTION('',(2.84217094304E-14,0.,-1.));
#2394=DIRECTION('center_axis',(0.543898165363306,0.83915122934691,0.));
#2395=DIRECTION('ref_axis',(-0.83915122934691,0.543898165363306,0.));
#2396=DIRECTION('',(1.42108547152E-14,5.684341886081E-14,-1.));
#2397=DIRECTION('center_axis',(-0.776755263712929,0.629802556595524,0.));
#2398=DIRECTION('ref_axis',(-0.629802556595524,-0.776755263712929,0.));
#2399=DIRECTION('',(0.,0.,-1.));
#2400=DIRECTION('center_axis',(0.866025403784429,0.500000000000017,0.));
#2401=DIRECTION('ref_axis',(-0.500000000000017,0.866025403784429,0.));
#2402=DIRECTION('',(0.,0.,-1.));
#2403=DIRECTION('center_axis',(0.771139354040774,-0.636666393529278,0.));
#2404=DIRECTION('ref_axis',(0.636666393529278,0.771139354040774,0.));
#2405=DIRECTION('',(0.,-2.84217094304E-14,-1.));
#2406=DIRECTION('center_axis',(0.866025403784429,0.500000000000017,0.));
#2407=DIRECTION('ref_axis',(-0.500000000000017,0.866025403784429,0.));
#2408=DIRECTION('',(-1.42108547152E-14,2.84217094304E-14,-1.));
#2409=DIRECTION('center_axis',(-0.500000000000017,0.866025403784429,0.));
#2410=DIRECTION('ref_axis',(-0.866025403784429,-0.500000000000017,0.));
#2411=DIRECTION('',(4.263256414561E-14,-2.84217094304E-14,-1.));
#2412=DIRECTION('center_axis',(0.866025403784429,0.500000000000017,0.));
#2413=DIRECTION('ref_axis',(-0.500000000000017,0.866025403784429,0.));
#2414=DIRECTION('',(1.42108547152E-14,0.,-1.));
#2415=DIRECTION('center_axis',(0.500000000000017,-0.866025403784429,0.));
#2416=DIRECTION('ref_axis',(0.866025403784429,0.500000000000017,0.));
#2417=DIRECTION('center_axis',(0.,0.,-1.));
#2418=DIRECTION('ref_axis',(-0.866025403784429,-0.500000000000017,0.));
#2419=DIRECTION('',(-4.362872328038E-9,3.793314387693E-9,1.));
#2420=DIRECTION('center_axis',(0.,0.,-1.));
#2421=DIRECTION('ref_axis',(-0.866025403784429,-0.500000000000017,0.));
#2422=DIRECTION('center_axis',(0.,0.,-1.));
#2423=DIRECTION('ref_axis',(0.,1.,0.));
#2424=DIRECTION('',(5.09479130446398E-8,-0.707106781186497,0.707106781186597));
#2425=DIRECTION('',(0.612372425924828,0.353553407517116,0.707106781186532));
#2426=DIRECTION('center_axis',(-0.612372435695813,-0.353553390593307,0.707106781186515));
#2427=DIRECTION('ref_axis',(0.612372435695756,0.353553390593275,0.70710678118658));
#2428=DIRECTION('',(-0.499999999950314,0.866025403813125,5.73391263972216E-11));
#2429=DIRECTION('',(0.612372410221826,0.353553434715515,0.707106781186529));
#2430=DIRECTION('center_axis',(0.,0.,-1.));
#2431=DIRECTION('ref_axis',(2.23706752126089E-8,-1.,0.));
#2432=DIRECTION('center_axis',(0.,0.,-1.));
#2433=DIRECTION('ref_axis',(0.866025403784429,-0.500000000000017,0.));
#2434=DIRECTION('center_axis',(0.,0.,-1.));
#2435=DIRECTION('ref_axis',(0.866025403784429,-0.500000000000017,0.));
#2436=DIRECTION('',(-8.598113688648E-9,1.149254068225E-8,1.));
#2437=DIRECTION('center_axis',(0.866025403784429,0.500000000000017,0.));
#2438=DIRECTION('ref_axis',(0.500000000000017,-0.866025403784429,0.));
#2439=DIRECTION('center_axis',(0.,0.707106781186548,0.707106781186548));
#2440=DIRECTION('ref_axis',(0.,-0.707106781186548,0.707106781186548));
#2441=DIRECTION('',(1.95418934534499E-8,-0.707106781186597,0.707106781186497));
#2442=DIRECTION('center_axis',(0.,0.,-1.));
#2443=DIRECTION('ref_axis',(0.,1.,0.));
#2444=DIRECTION('center_axis',(0.,0.,-1.));
#2445=DIRECTION('ref_axis',(0.,1.,0.));
#2446=DIRECTION('center_axis',(0.,0.,-1.));
#2447=DIRECTION('ref_axis',(0.,1.,0.));
#2448=DIRECTION('center_axis',(0.,0.,1.));
#2449=DIRECTION('ref_axis',(1.,0.,0.));
#2450=DIRECTION('center_axis',(0.,0.,1.));
#2451=DIRECTION('ref_axis',(-0.866025403784429,-0.500000000000017,0.));
#2452=DIRECTION('center_axis',(0.,0.,-1.));
#2453=DIRECTION('ref_axis',(0.,-1.,0.));
#2454=DIRECTION('center_axis',(0.,0.,-1.));
#2455=DIRECTION('ref_axis',(-1.,0.,0.));
#2456=DIRECTION('center_axis',(0.,0.,-1.));
#2457=DIRECTION('ref_axis',(1.,0.,0.));
#2458=DIRECTION('center_axis',(0.,0.,-1.));
#2459=DIRECTION('ref_axis',(0.999216785359761,0.0395703911441985,0.));
#2460=DIRECTION('center_axis',(-0.0395703911441984,0.999216785359761,0.));
#2461=DIRECTION('ref_axis',(-0.999216785359761,-0.0395703911441983,0.));
#2462=DIRECTION('center_axis',(0.,0.,-1.));
#2463=DIRECTION('ref_axis',(1.,0.,0.));
#2464=DIRECTION('center_axis',(0.,0.,-1.));
#2465=DIRECTION('ref_axis',(1.,0.,0.));
#2466=DIRECTION('center_axis',(0.,0.,-1.));
#2467=DIRECTION('ref_axis',(-1.,0.,0.));
#2468=DIRECTION('',(0.,0.,1.));
#2469=DIRECTION('center_axis',(0.,0.,1.));
#2470=DIRECTION('ref_axis',(1.,0.,0.));
#2471=DIRECTION('center_axis',(0.,0.,1.));
#2472=DIRECTION('ref_axis',(1.,0.,0.));
#2473=DIRECTION('center_axis',(0.,0.,-1.));
#2474=DIRECTION('ref_axis',(0.998419699870109,-0.0561970009100205,0.));
#2475=DIRECTION('center_axis',(0.0561970009100207,0.998419699870109,0.));
#2476=DIRECTION('ref_axis',(-0.998419699870109,0.0561970009100207,0.));
#2477=DIRECTION('center_axis',(0.,0.,1.));
#2478=DIRECTION('ref_axis',(1.,0.,0.));
#2479=DIRECTION('center_axis',(0.,0.,-1.));
#2480=DIRECTION('ref_axis',(-1.,0.,0.));
#2481=DIRECTION('center_axis',(0.,0.,-1.));
#2482=DIRECTION('ref_axis',(-1.,0.,0.));
#2483=DIRECTION('center_axis',(0.,0.,-1.));
#2484=DIRECTION('ref_axis',(1.,0.,0.));
#2485=DIRECTION('center_axis',(0.,0.,-1.));
#2486=DIRECTION('ref_axis',(0.999216785359761,0.039570391144198,0.));
#2487=DIRECTION('center_axis',(-0.0395703911441977,0.999216785359761,0.));
#2488=DIRECTION('ref_axis',(-0.999216785359761,-0.0395703911441977,0.));
#2489=DIRECTION('center_axis',(0.,0.,-1.));
#2490=DIRECTION('ref_axis',(1.,0.,0.));
#2491=DIRECTION('center_axis',(0.,0.,-1.));
#2492=DIRECTION('ref_axis',(1.,0.,0.));
#2493=DIRECTION('center_axis',(0.,0.,-1.));
#2494=DIRECTION('ref_axis',(-1.,0.,0.));
#2495=DIRECTION('',(0.,0.,1.));
#2496=DIRECTION('center_axis',(0.,0.,1.));
#2497=DIRECTION('ref_axis',(1.,0.,0.));
#2498=DIRECTION('center_axis',(0.,0.,1.));
#2499=DIRECTION('ref_axis',(1.,0.,0.));
#2500=DIRECTION('center_axis',(0.,0.,-1.));
#2501=DIRECTION('ref_axis',(-0.998419699870109,0.0561970009100202,0.));
#2502=DIRECTION('center_axis',(-0.0561970009100203,-0.998419699870109,0.));
#2503=DIRECTION('ref_axis',(0.998419699870109,-0.0561970009100203,0.));
#2504=DIRECTION('center_axis',(0.,0.,1.));
#2505=DIRECTION('ref_axis',(-1.,0.,0.));
#2506=DIRECTION('center_axis',(0.,0.,-1.));
#2507=DIRECTION('ref_axis',(-1.,0.,0.));
#2508=CARTESIAN_POINT('',(0.,0.,0.));
#2509=CARTESIAN_POINT('Origin',(-33.12435565298,23.37306695895,-8.));
#2510=CARTESIAN_POINT('',(-20.2224318270162,45.7198545549962,-6.99999999440011));
#2511=CARTESIAN_POINT('',(-30.5262794271728,27.8730669916285,-6.99999999082876));
#2512=CARTESIAN_POINT('',(-20.22243182759,45.71985456201,-6.999999988951));
#2513=CARTESIAN_POINT('',(-30.52627944163,27.87306695895,-0.5));
#2514=CARTESIAN_POINT('',(-30.52627943445,27.87306699583,-6.999999987769));
#2515=CARTESIAN_POINT('',(-20.22243186434,45.71985447626,-0.5));
#2516=CARTESIAN_POINT('',(-30.52627944163,27.87306695895,-0.5));
#2517=CARTESIAN_POINT('',(-20.22243182759,45.71985456201,-6.999999988951));
#2518=CARTESIAN_POINT('Origin',(-24.94134295109,36.54646071761,-7.5));
#2519=CARTESIAN_POINT('',(-19.356406391529,45.2198546154489,-7.99999999018321));
#2520=CARTESIAN_POINT('',(-29.6602540153948,27.3730670189225,-7.9999999894535));
#2521=CARTESIAN_POINT('',(-19.35640639522,45.21985462871,-7.999999980357));
#2522=CARTESIAN_POINT('',(-29.66025402509,27.37306702452,-7.999999978256));
#2523=CARTESIAN_POINT('',(-19.35640639522,45.21985462871,-7.999999980357));
#2524=CARTESIAN_POINT('Origin',(0.,0.,-8.));
#2525=CARTESIAN_POINT('',(-22.0814156949867,84.24613388656,-8.00000000010255));
#2526=CARTESIAN_POINT('',(-61.91858428704,61.24613391789,-8.));
#2527=CARTESIAN_POINT('Origin',(-42.,72.74613391789,-8.));
#2528=CARTESIAN_POINT('',(19.9185842609022,11.5000000448388,-8.00000000021792));
#2529=CARTESIAN_POINT('',(19.91858426002,11.50000004593,-8.000000000436));
#2530=CARTESIAN_POINT('',(-19.91858430899,-11.49999996151,-8.000000000239));
#2531=CARTESIAN_POINT('Origin',(0.,1.15463194561E-14,-8.));
#2532=CARTESIAN_POINT('',(-61.91858428708,61.24613391796,-8.000000000004));
#2533=CARTESIAN_POINT('',(4.89230480861258,27.5262794837155,-7.99999998917319));
#2534=CARTESIAN_POINT('',(1.4282033853252,21.5262794514453,-7.99999999018274));
#2535=CARTESIAN_POINT('Origin',(1.428203230276,25.52627944163,-8.));
#2536=CARTESIAN_POINT('',(-5.41154281790651,45.373067088316,-7.99999999018313));
#2537=CARTESIAN_POINT('',(-5.411542831236,45.37306709175,-7.999999980357));
#2538=CARTESIAN_POINT('',(-12.3397459846064,45.3730668989682,-7.99999998945381));
#2539=CARTESIAN_POINT('Origin',(-8.875644347018,43.37306695895,-8.));
#2540=CARTESIAN_POINT('',(-22.643593608471,27.5262793024411,-7.99999999018321));
#2541=CARTESIAN_POINT('',(-22.64359360478,27.52627928918,-7.999999980357));
#2542=CARTESIAN_POINT('',(-19.17949186114,21.526279452174,-7.99999998945364));
#2543=CARTESIAN_POINT('Origin',(-19.17949192431,25.52627944163,-8.));
#2544=CARTESIAN_POINT('',(1.428203394964,21.52627946127,-7.999999980357));
#2545=CARTESIAN_POINT('',(-22.8205081305413,51.2198544654348,-7.99999998917249));
#2546=CARTESIAN_POINT('Origin',(-22.82050807569,47.21985447626,-8.));
#2547=CARTESIAN_POINT('',(-43.4282033853217,51.2198544664447,-7.99999999018274));
#2548=CARTESIAN_POINT('',(-43.42820339496,51.21985445662,-7.999999980357));
#2549=CARTESIAN_POINT('',(-46.8923048046977,45.219854426831,-7.99999998945398));
#2550=CARTESIAN_POINT('Origin',(-43.42820323028,47.21985447626,-8.));
#2551=CARTESIAN_POINT('',(-36.5884571820886,27.3730668295753,-7.99999999018285));
#2552=CARTESIAN_POINT('',(-36.58845716876,27.37306682614,-7.999999980357));
#2553=CARTESIAN_POINT('Origin',(-33.12435565298,29.37306695895,-8.));
#2554=CARTESIAN_POINT('',(-62.05,72.74613391789,-8.));
#2555=CARTESIAN_POINT('Origin',(-42.,72.74613391789,-8.));
#2556=CARTESIAN_POINT('',(-20.05,0.,-8.));
#2557=CARTESIAN_POINT('Origin',(0.,0.,-8.));
#2558=CARTESIAN_POINT('Origin',(-42.,72.74613391789,-7.000000000306));
#2559=CARTESIAN_POINT('',(-63.65063509461,60.24613391789,-6.));
#2560=CARTESIAN_POINT('',(-61.91858428708,61.24613391796,-8.000000000004));
#2561=CARTESIAN_POINT('',(-20.3493648906411,85.2461338921292,-6.00000000008719));
#2562=CARTESIAN_POINT('Origin',(-42.,72.74613391789,-6.));
#2563=CARTESIAN_POINT('',(-22.08141569434,84.24613388524,-8.000000000204));
#2564=CARTESIAN_POINT('Origin',(-0.2153903091735,48.37306695895,-7.));
#2565=CARTESIAN_POINT('',(21.6506350730301,12.500000036919,-6.00000000018653));
#2566=CARTESIAN_POINT('',(21.65063507258,12.50000003744,-6.000000000355));
#2567=CARTESIAN_POINT('',(19.91858426002,11.50000004593,-8.000000000436));
#2568=CARTESIAN_POINT('Origin',(0.,1.15463194561E-14,-7.000000000585));
#2569=CARTESIAN_POINT('',(-21.6506351125,-12.49999996862,-6.000000000195));
#2570=CARTESIAN_POINT('Origin',(0.,0.,-6.));
#2571=CARTESIAN_POINT('',(-19.91858430899,-11.49999996151,-8.000000000239));
#2572=CARTESIAN_POINT('Origin',(-41.78460969083,24.37306695895,-7.));
#2573=CARTESIAN_POINT('',(-63.65063509464,60.24613391795,-6.000000000003));
#2574=CARTESIAN_POINT('Origin',(-63.65063509461,60.24613391789,0.));
#2575=CARTESIAN_POINT('',(-63.65063509461,60.24613391789,-1.5));
#2576=CARTESIAN_POINT('',(-21.6506351185882,-12.4999999581316,-1.49999999986097));
#2577=CARTESIAN_POINT('',(-63.65063509461,60.24613391789,-1.5));
#2578=CARTESIAN_POINT('',(-63.65063509461,60.24613391789,-1.5));
#2579=CARTESIAN_POINT('',(-21.65063511889,-12.49999995742,-1.499999999735));
#2580=CARTESIAN_POINT('Origin',(-40.46762239272,21.0919780457,-1.));
#2581=CARTESIAN_POINT('',(-59.28460969083,54.6839560914,-0.5));
#2582=CARTESIAN_POINT('',(-20.7846097212325,-11.9999999469989,-0.49999999983052));
#2583=CARTESIAN_POINT('',(-59.28460969083,54.6839560914,-0.5));
#2584=CARTESIAN_POINT('Origin',(-42.,72.74613391789,23.5000000000037));
#2585=CARTESIAN_POINT('',(-20.7846097219,-11.9999999455,-0.4999999996604));
#2586=CARTESIAN_POINT('Origin',(0.,0.,-0.5));
#2587=CARTESIAN_POINT('',(20.78460965266,12.00000006488,-0.4999999993824));
#2588=CARTESIAN_POINT('',(-17.71539030917,78.6839560914,-0.5));
#2589=CARTESIAN_POINT('',(20.78460965266,12.00000006488,-0.4999999993824));
#2590=CARTESIAN_POINT('',(-31.15718050885,50.21985447626,-0.5));
#2591=CARTESIAN_POINT('Origin',(-42.,72.74613391789,-0.5));
#2592=CARTESIAN_POINT('',(-22.82050807569,50.21985447626,-0.5));
#2593=CARTESIAN_POINT('',(-22.82050807569,50.21985447626,-0.5));
#2594=CARTESIAN_POINT('Origin',(-22.82050807569,47.21985447626,-0.5));
#2595=CARTESIAN_POINT('',(-35.72243186434,27.87306695895,-0.5));
#2596=CARTESIAN_POINT('Origin',(-33.12435565298,29.37306695895,-0.5));
#2597=CARTESIAN_POINT('',(-46.02627944163,45.71985447626,-0.5));
#2598=CARTESIAN_POINT('',(-46.02627944163,45.71985447626,-0.5));
#2599=CARTESIAN_POINT('',(-46.29087952018,48.11711946454,-0.5));
#2600=CARTESIAN_POINT('Origin',(-43.42820323028,47.21985447626,-0.5));
#2601=CARTESIAN_POINT('Origin',(-42.,72.74613391789,-0.5));
#2602=CARTESIAN_POINT('Origin',(-4.973799150321E-14,8.437694987151E-14,
-0.5));
#2603=CARTESIAN_POINT('',(-11.47372055837,44.87306695895,-0.5));
#2604=CARTESIAN_POINT('',(-21.77756813566,27.02627944163,-0.5));
#2605=CARTESIAN_POINT('',(-11.47372055837,44.87306695895,-0.5));
#2606=CARTESIAN_POINT('',(-6.277568135665,44.87306695895,-0.5));
#2607=CARTESIAN_POINT('Origin',(-8.875644347018,43.37306695895,-0.5));
#2608=CARTESIAN_POINT('',(4.026279441629,27.02627944163,-0.5));
#2609=CARTESIAN_POINT('',(4.026279441629,27.02627944163,-0.5));
#2610=CARTESIAN_POINT('',(1.428203230276,22.52627944163,-0.5));
#2611=CARTESIAN_POINT('Origin',(1.428203230276,25.52627944163,-0.5));
#2612=CARTESIAN_POINT('',(-19.17949192431,22.52627944163,-0.5));
#2613=CARTESIAN_POINT('',(-19.17949192431,22.52627944163,-0.5));
#2614=CARTESIAN_POINT('Origin',(-19.17949192431,25.52627944163,-0.5));
#2615=CARTESIAN_POINT('',(-19.,-2.32682891837997E-15,-0.5));
#2616=CARTESIAN_POINT('Origin',(0.,0.,-0.5));
#2617=CARTESIAN_POINT('Origin',(0.,0.,0.));
#2618=CARTESIAN_POINT('',(-19.,-2.32682891837997E-15,2.7));
#2619=CARTESIAN_POINT('',(2.32682891838004E-15,19.0000000000007,2.70000000000043));
#2620=CARTESIAN_POINT('Origin',(0.,0.,2.7));
#2621=CARTESIAN_POINT('',(-19.,-2.32682891837997E-15,0.));
#2622=CARTESIAN_POINT('Origin',(0.,0.,2.7));
#2623=CARTESIAN_POINT('Origin',(0.,1.450390146652E-13,2.850000001561));
#2624=CARTESIAN_POINT('',(2.29008951440561E-15,18.7000000000006,3.0000000000005));
#2625=CARTESIAN_POINT('',(2.30845921620172E-15,18.8499999984401,2.850000001561));
#2626=CARTESIAN_POINT('Origin',(0.,1.450390146652E-13,3.));
#2627=CARTESIAN_POINT('Origin',(0.,0.,3.));
#2628=CARTESIAN_POINT('',(-10.,-1.22464679914735E-15,3.));
#2629=CARTESIAN_POINT('Origin',(0.,0.,3.));
#2630=CARTESIAN_POINT('Origin',(0.,0.,3.));
#2631=CARTESIAN_POINT('',(-10.,-1.22464679914735E-15,3.5));
#2632=CARTESIAN_POINT('Origin',(0.,0.,3.5));
#2633=CARTESIAN_POINT('',(-10.,-1.22464679914735E-15,3.));
#2634=CARTESIAN_POINT('Origin',(0.,0.,3.5));
#2635=CARTESIAN_POINT('',(-8.475,0.,3.5));
#2636=CARTESIAN_POINT('Origin',(0.,0.,3.5));
#2637=CARTESIAN_POINT('Origin',(0.,0.,3.5));
#2638=CARTESIAN_POINT('',(-8.475,0.,7.2));
#2639=CARTESIAN_POINT('',(1.03788816227738E-15,8.475,7.2));
#2640=CARTESIAN_POINT('Origin',(0.,0.,7.2));
#2641=CARTESIAN_POINT('',(-8.475,-1.03788816227738E-15,3.5));
#2642=CARTESIAN_POINT('Origin',(0.,0.,7.2));
#2643=CARTESIAN_POINT('Origin',(0.,0.,7.350000006223));
#2644=CARTESIAN_POINT('',(1.00114875830296E-15,8.175,7.5));
#2645=CARTESIAN_POINT('',(1.01951845952807E-15,8.324999993777,7.350000006223));
#2646=CARTESIAN_POINT('Origin',(0.,0.,7.5));
#2647=CARTESIAN_POINT('Origin',(0.,0.,7.5));
#2648=CARTESIAN_POINT('Origin',(-8.875644347018,49.37306695895,-8.));
#2649=CARTESIAN_POINT('',(-21.7775681729838,27.0262793628938,-6.99999999440013));
#2650=CARTESIAN_POINT('',(-11.4737205728299,44.873066926263,-6.99999999082765));
#2651=CARTESIAN_POINT('',(-21.77756817241,27.02627935588,-6.999999988951));
#2652=CARTESIAN_POINT('',(-11.47372056555,44.87306692206,-6.999999987769));
#2653=CARTESIAN_POINT('',(-21.77756817241,27.02627935588,-6.999999988951));
#2654=CARTESIAN_POINT('Origin',(-17.05865704891,36.19967320029,-7.5));
#2655=CARTESIAN_POINT('',(-12.33974597491,45.37306689337,-7.999999978256));
#2656=CARTESIAN_POINT('',(-22.64359360478,27.52627928918,-7.999999980357));
#2657=CARTESIAN_POINT('Origin',(-19.17949192431,25.52627944163,-7.499999978679));
#2658=CARTESIAN_POINT('',(-19.17949188878,22.5262794454521,-6.99999999082697));
#2659=CARTESIAN_POINT('Origin',(-19.17949192431,25.52627944163,-7.));
#2660=CARTESIAN_POINT('',(-19.17949186114,21.52627946337,-7.999999978256));
#2661=CARTESIAN_POINT('Origin',(-8.875644347018,22.02627944163,-7.5));
#2662=CARTESIAN_POINT('',(1.42820331712309,22.5262794486761,-6.99999999439934));
#2663=CARTESIAN_POINT('',(1.428203322913,22.52627945268,-6.999999988951));
#2664=CARTESIAN_POINT('',(1.428203394964,21.52627946127,-7.999999980357));
#2665=CARTESIAN_POINT('Origin',(1.428203230276,25.52627944163,-7.499999978679));
#2666=CARTESIAN_POINT('',(4.02627941946351,27.0262794647334,-6.99999999417173));
#2667=CARTESIAN_POINT('Origin',(1.428203230276,25.52627944163,-7.));
#2668=CARTESIAN_POINT('',(4.892304794998,27.52627948546,-7.999999978256));
#2669=CARTESIAN_POINT('Origin',(-0.6926316451256,36.19967320029,-7.5));
#2670=CARTESIAN_POINT('',(-6.27756818518998,44.8730670306372,-6.99999999440016));
#2671=CARTESIAN_POINT('',(-6.277568191552,44.87306703365,-6.999999988951));
#2672=CARTESIAN_POINT('',(-5.411542831236,45.37306709175,-7.999999980357));
#2673=CARTESIAN_POINT('Origin',(-8.875644347018,43.37306695895,-7.499999978679));
#2674=CARTESIAN_POINT('Origin',(-8.875644347018,43.37306695895,-7.));
#2675=CARTESIAN_POINT('Origin',(-8.875644347018,43.37306695895,-31.33444000301));
#2676=CARTESIAN_POINT('',(-6.277568191552,44.87306703365,-6.999999988951));
#2677=CARTESIAN_POINT('Origin',(6.624355652982,22.52627944163,-8.));
#2678=CARTESIAN_POINT('',(4.02627941327,27.02627946629,-6.999999987769));
#2679=CARTESIAN_POINT('Origin',(1.428203230276,25.52627944163,-31.33444000301));
#2680=CARTESIAN_POINT('',(1.428203322913,22.52627945268,-6.999999988951));
#2681=CARTESIAN_POINT('Origin',(-24.37564434702,22.52627944163,-8.));
#2682=CARTESIAN_POINT('',(-19.17949188878,22.52627945386,-6.999999987769));
#2683=CARTESIAN_POINT('Origin',(-19.17949192431,25.52627944163,-31.33444000301));
#2684=CARTESIAN_POINT('Origin',(1.967622392719,45.5919780457,-1.));
#2685=CARTESIAN_POINT('',(21.65063506479,12.50000005069,-1.499999999518));
#2686=CARTESIAN_POINT('',(-20.34936490539,85.24613391789,-1.5));
#2687=CARTESIAN_POINT('',(21.65063506479,12.50000005069,-1.499999999518));
#2688=CARTESIAN_POINT('Origin',(-42.,72.74613391789,23.5000000000022));
#2689=CARTESIAN_POINT('',(20.78460965266,12.00000006488,-0.4999999993824));
#2690=CARTESIAN_POINT('Origin',(21.65063509461,12.5,0.));
#2691=CARTESIAN_POINT('',(21.65063506479,12.50000005069,-1.499999999518));
#2692=CARTESIAN_POINT('',(-20.34936490539,85.24613391789,-1.5));
#2693=CARTESIAN_POINT('Origin',(-42.,72.74613391789,0.));
#2694=CARTESIAN_POINT('',(-46.2908795201884,48.1171194645419,0.201393036924038));
#2695=CARTESIAN_POINT('',(-46.2908795201884,48.1171194645419,0.));
#2696=CARTESIAN_POINT('',(-31.157180508853,50.21985447626,0.201258856697195));
#2697=CARTESIAN_POINT('Ctrl Pts',(-46.2908795201884,48.1171194645419,0.201393036924044));
#2698=CARTESIAN_POINT('Ctrl Pts',(-46.4629930195096,48.1471051666002,0.201391523274034));
#2699=CARTESIAN_POINT('Ctrl Pts',(-46.6350848117006,48.1789462967942,0.20138990496535));
#2700=CARTESIAN_POINT('Ctrl Pts',(-48.4214972373389,48.5289752719896,0.201372006310637));
#2701=CARTESIAN_POINT('Ctrl Pts',(-50.0272150495326,49.0113102523349,0.20134646007246));
#2702=CARTESIAN_POINT('Ctrl Pts',(-53.1069565648062,50.2869809562589,0.201277693244967));
#2703=CARTESIAN_POINT('Ctrl Pts',(-54.583432853745,51.0813325741618,0.201234417895746));
#2704=CARTESIAN_POINT('Ctrl Pts',(-57.3139158700277,52.9171051879287,0.201133704915157));
#2705=CARTESIAN_POINT('Ctrl Pts',(-58.5678456988777,53.9586405581331,0.201076260759689));
#2706=CARTESIAN_POINT('Ctrl Pts',(-60.787493351364,56.1782882092338,0.200953373769549));
#2707=CARTESIAN_POINT('Ctrl Pts',(-61.8290287235885,57.432218039408,0.200883733422162));
#2708=CARTESIAN_POINT('Ctrl Pts',(-63.6648013404092,60.162701058184,0.200731644059585));
#2709=CARTESIAN_POINT('Ctrl Pts',(-64.4591529593494,61.63917734829,0.200649199503701));
#2710=CARTESIAN_POINT('Ctrl Pts',(-65.7348236646963,64.7189188655693,0.200476838691462));
#2711=CARTESIAN_POINT('Ctrl Pts',(-66.2171586454251,66.3246366785895,0.200386785177254));
#2712=CARTESIAN_POINT('Ctrl Pts',(-66.849814438237,69.5534670017804,0.200205356061128));
#2713=CARTESIAN_POINT('Ctrl Pts',(-67.,71.1766060113767,0.200113978826932));
#2714=CARTESIAN_POINT('Ctrl Pts',(-67.,74.3156618244561,0.19993696220716));
#2715=CARTESIAN_POINT('Ctrl Pts',(-66.8498144382271,75.9388008340875,0.199845276381476));
#2716=CARTESIAN_POINT('Ctrl Pts',(-66.217158645393,79.1676311573174,0.199662547208881));
#2717=CARTESIAN_POINT('Ctrl Pts',(-65.7348236646518,80.7733489703416,0.199571502505925));
#2718=CARTESIAN_POINT('Ctrl Pts',(-64.459152959291,83.8530904876076,0.19939651982753));
#2719=CARTESIAN_POINT('Ctrl Pts',(-63.6648013403495,85.3295667776957,0.199312442499419));
#2720=CARTESIAN_POINT('Ctrl Pts',(-61.8290287235448,88.0600497964261,0.1991565790047));
#2721=CARTESIAN_POINT('Ctrl Pts',(-60.7874933513375,89.3139796265725,0.19908479705174));
#2722=CARTESIAN_POINT('Ctrl Pts',(-58.5678456989053,91.5336272776194,0.198957344994947));
#2723=CARTESIAN_POINT('Ctrl Pts',(-57.3139158700829,92.5751626478067,0.198897321455206));
#2724=CARTESIAN_POINT('Ctrl Pts',(-54.5834328538458,94.4109352615579,0.198790990202292));
#2725=CARTESIAN_POINT('Ctrl Pts',(-53.1069565649247,95.2052868794623,0.198744676113606));
#2726=CARTESIAN_POINT('Ctrl Pts',(-50.0272150496643,96.4809575834003,0.1986695689436));
#2727=CARTESIAN_POINT('Ctrl Pts',(-48.4214972374664,96.963292563758,0.198640716046315));
#2728=CARTESIAN_POINT('Ctrl Pts',(-45.1926669154996,97.5959483561631,0.198601714147089));
#2729=CARTESIAN_POINT('Ctrl Pts',(-43.5695279063046,97.74613391789,0.198591572743397));
#2730=CARTESIAN_POINT('Ctrl Pts',(-40.4304720937485,97.74613391789,0.198588337879659));
#2731=CARTESIAN_POINT('Ctrl Pts',(-38.8073330845887,97.595948356173,0.198595133924969));
#2732=CARTESIAN_POINT('Ctrl Pts',(-35.5785027626611,96.9632925637904,0.198627481046495));
#2733=CARTESIAN_POINT('Ctrl Pts',(-33.9727849504673,96.4809575834451,0.198653024469488));
#2734=CARTESIAN_POINT('Ctrl Pts',(-30.8930434351936,95.2052868795211,0.198721784077323));
#2735=CARTESIAN_POINT('Ctrl Pts',(-29.4165671462546,94.410935261618,0.198765055022955));
#2736=CARTESIAN_POINT('Ctrl Pts',(-26.6860841299718,92.5751626478509,0.198865758461267));
#2737=CARTESIAN_POINT('Ctrl Pts',(-25.4321543011217,91.5336272776464,0.198923197487859));
#2738=CARTESIAN_POINT('Ctrl Pts',(-23.2125066486355,89.3139796265455,0.199046074498506));
#2739=CARTESIAN_POINT('Ctrl Pts',(-22.1709712764109,88.0600497963713,0.199115709646472));
#2740=CARTESIAN_POINT('Ctrl Pts',(-20.3351986595904,85.3295667775953,0.199267789178105));
#2741=CARTESIAN_POINT('Ctrl Pts',(-19.5408470406503,83.8530904874893,0.199350229112476));
#2742=CARTESIAN_POINT('Ctrl Pts',(-18.2651763353034,80.77334897021,0.199522582157076));
#2743=CARTESIAN_POINT('Ctrl Pts',(-17.7828413545747,79.1676311571898,0.199612632526085));
#2744=CARTESIAN_POINT('Ctrl Pts',(-17.1501855617629,75.9388008339993,0.199794057340502));
#2745=CARTESIAN_POINT('Ctrl Pts',(-17.,74.3156618244031,0.199885433421094));
#2746=CARTESIAN_POINT('Ctrl Pts',(-17.,72.74613391789,0.199973941548538));
#2747=CARTESIAN_POINT('Ctrl Pts',(-17.,71.1766060113236,0.200062449675985));
#2748=CARTESIAN_POINT('Ctrl Pts',(-17.1501855617729,69.5534670016921,0.200154136277632));
#2749=CARTESIAN_POINT('Ctrl Pts',(-17.7828413546072,66.324636678462,0.200336869043592));
#2750=CARTESIAN_POINT('Ctrl Pts',(-18.2651763353484,64.7189188654377,0.200427916561777));
#2751=CARTESIAN_POINT('Ctrl Pts',(-19.5408470407094,61.6391773481716,0.20060290645983));
#2752=CARTESIAN_POINT('Ctrl Pts',(-20.335198659651,60.1627010580836,0.200686988191521));
#2753=CARTESIAN_POINT('Ctrl Pts',(-22.1709712764557,57.4322180393532,0.200842861228517));
#2754=CARTESIAN_POINT('Ctrl Pts',(-23.212506648663,56.1782882092069,0.200914648310351));
#2755=CARTESIAN_POINT('Ctrl Pts',(-25.4321543010952,53.9586405581602,0.201042110346637));
#2756=CARTESIAN_POINT('Ctrl Pts',(-26.6860841299175,52.917105187973,0.201102139085804));
#2757=CARTESIAN_POINT('Ctrl Pts',(-29.0348795932886,51.3379507448511,0.201193615009239));
#2758=CARTESIAN_POINT('Ctrl Pts',(-30.0759282398358,50.7403054103668,0.20122839177598));
#2759=CARTESIAN_POINT('Ctrl Pts',(-31.157180508853,50.21985447626,0.201258856697185));
#2760=CARTESIAN_POINT('',(-31.157180508853,50.21985447626,0.));
#2761=CARTESIAN_POINT('Origin',(-17.62435565298,50.21985447626,-8.));
#2762=CARTESIAN_POINT('',(-31.864969167439,50.219854476261,0.500000000001109));
#2763=CARTESIAN_POINT('Ctrl Pts',(-31.1571805087462,50.21985447626,0.201258856650867));
#2764=CARTESIAN_POINT('Ctrl Pts',(-31.5132022363163,50.21985447626,0.355669150473831));
#2765=CARTESIAN_POINT('Ctrl Pts',(-31.8649691674381,50.21985447626,0.500000000003318));
#2766=CARTESIAN_POINT('',(-43.42820323028,50.21985447626,0.5));
#2767=CARTESIAN_POINT('',(-8.81217782649,50.21985447626,0.5));
#2768=CARTESIAN_POINT('',(-43.4282033171201,50.2198544692139,-6.99999999439932));
#2769=CARTESIAN_POINT('',(-43.42820332291,50.21985446521,-6.999999988951));
#2770=CARTESIAN_POINT('',(-22.8205081067803,50.2198544686162,-6.99999999417068));
#2771=CARTESIAN_POINT('',(-43.42820332291,50.21985446521,-6.999999988951));
#2772=CARTESIAN_POINT('',(-22.82050811122,50.21985446403,-6.999999987769));
#2773=CARTESIAN_POINT('Origin',(-42.00002576599,72.74472404504,0.3496396009007));
#2774=CARTESIAN_POINT('',(-46.1854963223169,48.401943645742,0.500000000000979));
#2775=CARTESIAN_POINT('Ctrl Pts',(-46.1854963223175,48.4019436457402,0.500000000002936));
#2776=CARTESIAN_POINT('Ctrl Pts',(-46.2259371550898,48.3076130049405,0.400186571485933));
#2777=CARTESIAN_POINT('Ctrl Pts',(-46.2610316050583,48.2123476524928,0.30032537738962));
#2778=CARTESIAN_POINT('Ctrl Pts',(-46.2908795201883,48.1171194645419,0.201393036924025));
#2779=CARTESIAN_POINT('Origin',(-42.00002576599,72.74472404504,0.5));
#2780=CARTESIAN_POINT('Origin',(0.,0.,0.5));
#2781=CARTESIAN_POINT('',(-38.10397829148,73.11911472521,0.5));
#2782=CARTESIAN_POINT('',(-41.69706265628,71.04464649997,0.5));
#2783=CARTESIAN_POINT('',(-38.10397829148,73.11911472521,0.5));
#2784=CARTESIAN_POINT('',(-39.12414611876,66.58822433335,0.5));
#2785=CARTESIAN_POINT('',(-41.69706265628,71.04464649997,0.5));
#2786=CARTESIAN_POINT('',(-38.47835720584,66.02287654862,0.5));
#2787=CARTESIAN_POINT('',(-39.12414611876,66.58822433335,0.5));
#2788=CARTESIAN_POINT('',(-37.72844591753,65.83037494293,0.5));
#2789=CARTESIAN_POINT('',(-38.47835720584,66.02287654862,0.5));
#2790=CARTESIAN_POINT('',(-36.87441264126,66.01072018732,0.5));
#2791=CARTESIAN_POINT('',(-37.72844591753,65.83037494293,0.5));
#2792=CARTESIAN_POINT('',(-36.15579523146,66.42561414231,0.5));
#2793=CARTESIAN_POINT('',(-36.87441264126,66.01072018732,0.5));
#2794=CARTESIAN_POINT('',(-35.57259503023,67.07505603305,0.5));
#2795=CARTESIAN_POINT('',(-36.15579523146,66.42561414231,0.5));
#2796=CARTESIAN_POINT('',(-35.36435066687,67.82074906216,0.5));
#2797=CARTESIAN_POINT('',(-35.57259503023,67.07505603305,0.5));
#2798=CARTESIAN_POINT('',(-35.53106175395,68.66269255859,0.5));
#2799=CARTESIAN_POINT('',(-35.36435066687,67.82074906216,0.5));
#2800=CARTESIAN_POINT('',(-35.53106175395,68.66269255859,0.5));
#2801=CARTESIAN_POINT('Origin',(0.,0.,0.5));
#2802=CARTESIAN_POINT('Origin',(-43.42820323028,47.21985447626,0.5));
#2803=CARTESIAN_POINT('',(-25.4,72.74613391789,0.499999999999998));
#2804=CARTESIAN_POINT('Origin',(-27.,72.74613391789,0.5));
#2805=CARTESIAN_POINT('',(-55.4,72.74613391789,0.5));
#2806=CARTESIAN_POINT('Origin',(-57.,72.74613391789,0.5));
#2807=CARTESIAN_POINT('',(-40.4,57.74613391789,0.5));
#2808=CARTESIAN_POINT('Origin',(-42.,57.74613391789,0.5));
#2809=CARTESIAN_POINT('',(-40.4,87.74613391789,0.5));
#2810=CARTESIAN_POINT('Origin',(-42.,87.74613391789,0.5));
#2811=CARTESIAN_POINT('',(-37.71878372689,75.21789528563,0.5));
#2812=CARTESIAN_POINT('',(-34.46878372689,69.58873016103,0.5));
#2813=CARTESIAN_POINT('',(-37.71878372689,75.21789528563,0.5));
#2814=CARTESIAN_POINT('',(-34.03123917733,68.2776893472,0.5));
#2815=CARTESIAN_POINT('',(-34.46878372689,69.58873016103,0.5));
#2816=CARTESIAN_POINT('',(-34.20818937856,66.92460181589,0.5));
#2817=CARTESIAN_POINT('',(-34.03123917733,68.2776893472,0.5));
#2818=CARTESIAN_POINT('',(-34.76009503023,65.6677647519,0.5));
#2819=CARTESIAN_POINT('',(-34.20818937856,66.92460181589,0.5));
#2820=CARTESIAN_POINT('',(-35.34329523146,65.01832286116,0.5));
#2821=CARTESIAN_POINT('',(-34.76009503023,65.6677647519,0.5));
#2822=CARTESIAN_POINT('',(-36.30145155417,64.46513105032,0.5));
#2823=CARTESIAN_POINT('',(-35.34329523146,65.01832286116,0.5));
#2824=CARTESIAN_POINT('',(-37.15548483045,64.28478580593,0.5));
#2825=CARTESIAN_POINT('',(-36.30145155417,64.46513105032,0.5));
#2826=CARTESIAN_POINT('',(-38.51989048212,64.43524002309,0.5));
#2827=CARTESIAN_POINT('',(-37.15548483045,64.28478580593,0.5));
#2828=CARTESIAN_POINT('',(-39.54063484547,65.09683827513,0.5));
#2829=CARTESIAN_POINT('',(-38.51989048212,64.43524002309,0.5));
#2830=CARTESIAN_POINT('',(-43.83128051361,59.80505028133,0.5));
#2831=CARTESIAN_POINT('',(-39.54063484547,65.09683827513,0.5));
#2832=CARTESIAN_POINT('',(-44.77919743857,61.44689055671,0.5));
#2833=CARTESIAN_POINT('',(-43.83128051361,59.80505028133,0.5));
#2834=CARTESIAN_POINT('',(-40.83221286502,66.2275341801,0.5));
#2835=CARTESIAN_POINT('',(-44.77919743857,61.44689055671,0.5));
#2836=CARTESIAN_POINT('',(-43.13429613378,70.21485936485,0.5));
#2837=CARTESIAN_POINT('',(-40.83221286502,66.2275341801,0.5));
#2838=CARTESIAN_POINT('',(-48.16461397609,67.31060400448,0.5));
#2839=CARTESIAN_POINT('',(-43.13429613378,70.21485936485,0.5));
#2840=CARTESIAN_POINT('',(-48.97711397609,68.71789528563,0.5));
#2841=CARTESIAN_POINT('',(-48.16461397609,67.31060400448,0.5));
#2842=CARTESIAN_POINT('',(-48.97711397609,68.71789528563,0.5));
#2843=CARTESIAN_POINT('Origin',(-27.,72.74613391789,33.53944583997));
#2844=CARTESIAN_POINT('',(-25.4,72.74613391789,-4.));
#2845=CARTESIAN_POINT('Origin',(-27.,72.74613391789,-4.));
#2846=CARTESIAN_POINT('',(-25.4,72.74613391789,33.53944583997));
#2847=CARTESIAN_POINT('Origin',(-27.,72.74613391789,-4.));
#2848=CARTESIAN_POINT('',(-23.75,72.74613391789,-4.));
#2849=CARTESIAN_POINT('Origin',(-27.,72.74613391789,-4.));
#2850=CARTESIAN_POINT('Origin',(-27.,72.74613391789,33.53944583997));
#2851=CARTESIAN_POINT('',(-23.75,72.74613391789,-7.));
#2852=CARTESIAN_POINT('Origin',(-27.,72.74613391789,-7.));
#2853=CARTESIAN_POINT('',(-23.75,72.74613391789,33.53944583997));
#2854=CARTESIAN_POINT('Origin',(0.,0.,-7.));
#2855=CARTESIAN_POINT('',(-62.05,72.74613391789,-7.));
#2856=CARTESIAN_POINT('Origin',(-42.,72.74613391789,-7.));
#2857=CARTESIAN_POINT('',(-53.75,72.74613391789,-7.));
#2858=CARTESIAN_POINT('Origin',(-57.,72.74613391789,-7.));
#2859=CARTESIAN_POINT('',(-38.75,57.74613391789,-7.));
#2860=CARTESIAN_POINT('Origin',(-42.,57.74613391789,-7.));
#2861=CARTESIAN_POINT('',(-38.75,87.74613391789,-7.));
#2862=CARTESIAN_POINT('Origin',(-42.,87.74613391789,-7.));
#2863=CARTESIAN_POINT('',(-48.,72.74613391789,-7.));
#2864=CARTESIAN_POINT('Origin',(-42.,72.74613391789,-7.));
#2865=CARTESIAN_POINT('Origin',(0.,0.,-7.));
#2866=CARTESIAN_POINT('',(-20.05,0.,-7.));
#2867=CARTESIAN_POINT('Origin',(0.,0.,-7.));
#2868=CARTESIAN_POINT('',(-6.,0.,-7.));
#2869=CARTESIAN_POINT('Origin',(0.,0.,-7.));
#2870=CARTESIAN_POINT('Origin',(-42.,72.74613391789,-8.));
#2871=CARTESIAN_POINT('',(-62.05,72.74613391789,-8.));
#2872=CARTESIAN_POINT('Origin',(0.,0.,-8.));
#2873=CARTESIAN_POINT('',(-20.05,-2.45541683229044E-15,-8.));
#2874=CARTESIAN_POINT('Origin',(-57.,72.74613391789,33.53944583997));
#2875=CARTESIAN_POINT('',(-53.75,72.74613391789,-4.));
#2876=CARTESIAN_POINT('',(-53.75,72.74613391789,33.53944583997));
#2877=CARTESIAN_POINT('Origin',(-57.,72.74613391789,-4.));
#2878=CARTESIAN_POINT('Origin',(-57.,72.74613391789,-4.));
#2879=CARTESIAN_POINT('',(-55.4,72.74613391789,-4.));
#2880=CARTESIAN_POINT('Origin',(-57.,72.74613391789,-4.));
#2881=CARTESIAN_POINT('Origin',(-57.,72.74613391789,33.53944583997));
#2882=CARTESIAN_POINT('',(-55.4,72.74613391789,33.53944583997));
#2883=CARTESIAN_POINT('Origin',(-42.,57.74613391789,33.53944583997));
#2884=CARTESIAN_POINT('',(-38.75,57.74613391789,-4.));
#2885=CARTESIAN_POINT('',(-38.75,57.74613391789,33.53944583997));
#2886=CARTESIAN_POINT('Origin',(-42.,57.74613391789,-4.));
#2887=CARTESIAN_POINT('Origin',(-42.,57.74613391789,-4.));
#2888=CARTESIAN_POINT('',(-40.4,57.74613391789,-4.));
#2889=CARTESIAN_POINT('Origin',(-42.,57.74613391789,-4.));
#2890=CARTESIAN_POINT('Origin',(-42.,57.74613391789,33.53944583997));
#2891=CARTESIAN_POINT('',(-40.4,57.74613391789,33.53944583997));
#2892=CARTESIAN_POINT('Origin',(-42.,87.74613391789,33.53944583997));
#2893=CARTESIAN_POINT('',(-38.75,87.74613391789,-4.));
#2894=CARTESIAN_POINT('',(-38.75,87.74613391789,33.53944583997));
#2895=CARTESIAN_POINT('Origin',(-42.,87.74613391789,-4.));
#2896=CARTESIAN_POINT('Origin',(-42.,87.74613391789,-4.));
#2897=CARTESIAN_POINT('',(-40.4,87.74613391789,-4.));
#2898=CARTESIAN_POINT('Origin',(-42.,87.74613391789,-4.));
#2899=CARTESIAN_POINT('Origin',(-42.,87.74613391789,33.53944583997));
#2900=CARTESIAN_POINT('',(-40.4,87.74613391789,33.53944583997));
#2901=CARTESIAN_POINT('Origin',(-42.,72.74613391789,-7.));
#2902=CARTESIAN_POINT('',(-48.,72.74613391789,-3.9));
#2903=CARTESIAN_POINT('',(-48.,72.74613391789,-7.));
#2904=CARTESIAN_POINT('Origin',(-42.,72.74613391789,-3.9));
#2905=CARTESIAN_POINT('Origin',(0.,0.,-3.9));
#2906=CARTESIAN_POINT('Origin',(0.,0.,-3.9));
#2907=CARTESIAN_POINT('',(-6.,0.,-3.9));
#2908=CARTESIAN_POINT('Origin',(0.,0.,-3.9));
#2909=CARTESIAN_POINT('Origin',(0.,0.,-7.));
#2910=CARTESIAN_POINT('',(-6.,-7.34788079488412E-16,-7.));
#2911=CARTESIAN_POINT('Origin',(-39.90052047388,72.08188061259,0.25));
#2912=CARTESIAN_POINT('',(-38.10397829148,73.11911472521,0.));
#2913=CARTESIAN_POINT('',(-38.10397829148,73.11911472521,0.5));
#2914=CARTESIAN_POINT('',(-41.69706265628,71.04464649997,0.));
#2915=CARTESIAN_POINT('',(-38.10397829148,73.11911472521,0.));
#2916=CARTESIAN_POINT('',(-41.69706265628,71.04464649997,0.5));
#2917=CARTESIAN_POINT('Origin',(-40.41060438752,68.81643541666,0.25));
#2918=CARTESIAN_POINT('',(-39.12414611876,66.58822433335,0.));
#2919=CARTESIAN_POINT('',(-41.69706265628,71.04464649997,0.));
#2920=CARTESIAN_POINT('',(-39.12414611876,66.58822433335,0.5));
#2921=CARTESIAN_POINT('Origin',(-38.8012516623,66.30555044099,0.25));
#2922=CARTESIAN_POINT('',(-38.47835720584,66.02287654862,0.));
#2923=CARTESIAN_POINT('',(-39.12414611876,66.58822433335,0.));
#2924=CARTESIAN_POINT('',(-38.47835720584,66.02287654862,0.5));
#2925=CARTESIAN_POINT('Origin',(-38.10340156169,65.92662574578,0.25));
#2926=CARTESIAN_POINT('',(-37.72844591753,65.83037494293,0.));
#2927=CARTESIAN_POINT('',(-38.47835720584,66.02287654862,0.));
#2928=CARTESIAN_POINT('',(-37.72844591753,65.83037494293,0.5));
#2929=CARTESIAN_POINT('Origin',(-37.30142927939,65.92054756513,0.25));
#2930=CARTESIAN_POINT('',(-36.87441264126,66.01072018732,0.));
#2931=CARTESIAN_POINT('',(-37.72844591753,65.83037494293,0.));
#2932=CARTESIAN_POINT('',(-36.87441264126,66.01072018732,0.5));
#2933=CARTESIAN_POINT('Origin',(-36.51510393636,66.21816716482,0.25));
#2934=CARTESIAN_POINT('',(-36.15579523146,66.42561414231,0.));
#2935=CARTESIAN_POINT('',(-36.87441264126,66.01072018732,0.));
#2936=CARTESIAN_POINT('',(-36.15579523146,66.42561414231,0.5));
#2937=CARTESIAN_POINT('Origin',(-35.86419513084,66.75033508768,0.25));
#2938=CARTESIAN_POINT('',(-35.57259503023,67.07505603305,0.));
#2939=CARTESIAN_POINT('',(-36.15579523146,66.42561414231,0.));
#2940=CARTESIAN_POINT('',(-35.57259503023,67.07505603305,0.5));
#2941=CARTESIAN_POINT('Origin',(-35.46847284855,67.4479025476,0.25));
#2942=CARTESIAN_POINT('',(-35.36435066687,67.82074906216,0.));
#2943=CARTESIAN_POINT('',(-35.57259503023,67.07505603305,0.));
#2944=CARTESIAN_POINT('',(-35.36435066687,67.82074906216,0.5));
#2945=CARTESIAN_POINT('Origin',(-35.44770621041,68.24172081037,0.25));
#2946=CARTESIAN_POINT('',(-35.53106175395,68.66269255859,0.));
#2947=CARTESIAN_POINT('',(-35.36435066687,67.82074906216,0.));
#2948=CARTESIAN_POINT('',(-35.53106175395,68.66269255859,0.5));
#2949=CARTESIAN_POINT('Origin',(-36.81752002272,70.8909036419,0.25));
#2950=CARTESIAN_POINT('',(-35.53106175395,68.66269255859,0.));
#2951=CARTESIAN_POINT('Origin',(0.,0.,0.));
#2952=CARTESIAN_POINT('',(-37.71878372689,75.21789528563,0.));
#2953=CARTESIAN_POINT('',(-34.46878372689,69.58873016103,0.));
#2954=CARTESIAN_POINT('',(-37.71878372689,75.21789528563,0.));
#2955=CARTESIAN_POINT('',(-48.97711397609,68.71789528563,0.));
#2956=CARTESIAN_POINT('',(-48.97711397609,68.71789528563,0.));
#2957=CARTESIAN_POINT('',(-48.16461397609,67.31060400448,0.));
#2958=CARTESIAN_POINT('',(-48.16461397609,67.31060400448,0.));
#2959=CARTESIAN_POINT('',(-43.13429613378,70.21485936485,0.));
#2960=CARTESIAN_POINT('',(-43.13429613378,70.21485936485,0.));
#2961=CARTESIAN_POINT('',(-40.83221286502,66.2275341801,0.));
#2962=CARTESIAN_POINT('',(-40.83221286502,66.2275341801,0.));
#2963=CARTESIAN_POINT('',(-44.77919743857,61.44689055671,0.));
#2964=CARTESIAN_POINT('',(-44.77919743857,61.44689055671,0.));
#2965=CARTESIAN_POINT('',(-43.83128051361,59.80505028133,0.));
#2966=CARTESIAN_POINT('',(-43.83128051361,59.80505028133,0.));
#2967=CARTESIAN_POINT('',(-39.54063484547,65.09683827513,0.));
#2968=CARTESIAN_POINT('',(-39.54063484547,65.09683827513,0.));
#2969=CARTESIAN_POINT('',(-38.51989048212,64.43524002309,0.));
#2970=CARTESIAN_POINT('',(-38.51989048212,64.43524002309,0.));
#2971=CARTESIAN_POINT('',(-37.15548483045,64.28478580593,0.));
#2972=CARTESIAN_POINT('',(-37.15548483045,64.28478580593,0.));
#2973=CARTESIAN_POINT('',(-36.30145155417,64.46513105032,0.));
#2974=CARTESIAN_POINT('',(-36.30145155417,64.46513105032,0.));
#2975=CARTESIAN_POINT('',(-35.34329523146,65.01832286116,0.));
#2976=CARTESIAN_POINT('',(-35.34329523146,65.01832286116,0.));
#2977=CARTESIAN_POINT('',(-34.76009503023,65.6677647519,0.));
#2978=CARTESIAN_POINT('',(-34.76009503023,65.6677647519,0.));
#2979=CARTESIAN_POINT('',(-34.20818937856,66.92460181589,0.));
#2980=CARTESIAN_POINT('',(-34.20818937856,66.92460181589,0.));
#2981=CARTESIAN_POINT('',(-34.03123917733,68.2776893472,0.));
#2982=CARTESIAN_POINT('',(-34.03123917733,68.2776893472,0.));
#2983=CARTESIAN_POINT('',(-34.46878372689,69.58873016103,0.));
#2984=CARTESIAN_POINT('Origin',(-36.09378372689,72.40331272333,0.25));
#2985=CARTESIAN_POINT('',(-37.71878372689,75.21789528563,0.5));
#2986=CARTESIAN_POINT('',(-34.46878372689,69.58873016103,0.5));
#2987=CARTESIAN_POINT('Origin',(-34.25001145211,68.93320975412,0.25));
#2988=CARTESIAN_POINT('',(-34.03123917733,68.2776893472,0.5));
#2989=CARTESIAN_POINT('Origin',(-34.11971427795,67.60114558155,0.25));
#2990=CARTESIAN_POINT('',(-34.20818937856,66.92460181589,0.5));
#2991=CARTESIAN_POINT('Origin',(-34.48414220439,66.2961832839,0.25));
#2992=CARTESIAN_POINT('',(-34.76009503023,65.6677647519,0.5));
#2993=CARTESIAN_POINT('Origin',(-35.05169513084,65.34304380653,0.25));
#2994=CARTESIAN_POINT('',(-35.34329523146,65.01832286116,0.5));
#2995=CARTESIAN_POINT('Origin',(-35.82237339281,64.74172695574,0.25));
#2996=CARTESIAN_POINT('',(-36.30145155417,64.46513105032,0.5));
#2997=CARTESIAN_POINT('Origin',(-36.72846819231,64.37495842812,0.25));
#2998=CARTESIAN_POINT('',(-37.15548483045,64.28478580593,0.5));
#2999=CARTESIAN_POINT('Origin',(-37.83768765628,64.36001291451,0.25));
#3000=CARTESIAN_POINT('',(-38.51989048212,64.43524002309,0.5));
#3001=CARTESIAN_POINT('Origin',(-39.03026266379,64.76603914911,0.25));
#3002=CARTESIAN_POINT('',(-39.54063484547,65.09683827513,0.5));
#3003=CARTESIAN_POINT('Origin',(-41.68595767954,62.45094427823,0.25));
#3004=CARTESIAN_POINT('',(-43.83128051361,59.80505028133,0.5));
#3005=CARTESIAN_POINT('Origin',(-44.30523897609,60.62597041902,0.25));
#3006=CARTESIAN_POINT('',(-44.77919743857,61.44689055671,0.5));
#3007=CARTESIAN_POINT('Origin',(-42.80570515179,63.8372123684,0.25));
#3008=CARTESIAN_POINT('',(-40.83221286502,66.2275341801,0.5));
#3009=CARTESIAN_POINT('Origin',(-41.9832544994,68.22119677247,0.25));
#3010=CARTESIAN_POINT('',(-43.13429613378,70.21485936485,0.5));
#3011=CARTESIAN_POINT('Origin',(-45.64945505494,68.76273168466,0.25));
#3012=CARTESIAN_POINT('',(-48.16461397609,67.31060400448,0.5));
#3013=CARTESIAN_POINT('Origin',(-48.57086397609,68.01424964506,0.25));
#3014=CARTESIAN_POINT('',(-48.97711397609,68.71789528563,0.5));
#3015=CARTESIAN_POINT('Origin',(-43.34794885149,71.96789528563,0.25));
#3016=CARTESIAN_POINT('Origin',(-43.42820323028,47.21985447626,-31.33444000301));
#3017=CARTESIAN_POINT('',(-46.0262794205552,45.7198544474039,-6.99999999082716));
#3018=CARTESIAN_POINT('',(-46.02627941327,45.71985445161,-6.999999987769));
#3019=CARTESIAN_POINT('Origin',(-43.42820323028,47.21985447626,-7.));
#3020=CARTESIAN_POINT('Origin',(-43.42820323028,47.21985447626,-7.499999978679));
#3021=CARTESIAN_POINT('',(-43.42820339496,51.21985445662,-7.999999980357));
#3022=CARTESIAN_POINT('',(-46.892304795,45.21985443243,-7.999999978256));
#3023=CARTESIAN_POINT('Origin',(-41.30736835487,36.54646071761,-7.5));
#3024=CARTESIAN_POINT('',(-35.7224318148089,27.8730668872537,-6.99999999440058));
#3025=CARTESIAN_POINT('',(-35.72243180845,27.87306688424,-6.999999988951));
#3026=CARTESIAN_POINT('',(-36.58845716876,27.37306682614,-7.999999980357));
#3027=CARTESIAN_POINT('Origin',(-33.12435565298,29.37306695895,-7.499999978679));
#3028=CARTESIAN_POINT('Origin',(-33.12435565298,29.37306695895,-7.));
#3029=CARTESIAN_POINT('Origin',(-33.12435565298,29.37306695895,-31.33444000301));
#3030=CARTESIAN_POINT('',(-35.72243180845,27.87306688424,-6.999999988951));
#3031=CARTESIAN_POINT('Origin',(-48.62435565298,50.21985447626,-8.));
#3032=CARTESIAN_POINT('Origin',(-33.12435565298,50.71985447626,-7.5));
#3033=CARTESIAN_POINT('',(-22.82050813886,51.21985445452,-7.999999978256));
#3034=CARTESIAN_POINT('Origin',(-22.82050807569,47.21985447626,-7.499999978679));
#3035=CARTESIAN_POINT('Origin',(-22.82050807569,47.21985447626,-7.));
#3036=CARTESIAN_POINT('Origin',(-22.82050807569,47.21985447626,-31.33444000301));
#3037=CARTESIAN_POINT('Origin',(0.,0.,0.));
#3038=CARTESIAN_POINT('Origin',(0.,0.,-1.5));
#3039=CARTESIAN_POINT('Origin',(-4.973799150321E-14,8.437694987151E-14,
-0.9999999991666));
#3040=CARTESIAN_POINT('Origin',(0.,0.,-7.));
#3041=CARTESIAN_POINT('',(-5.69553567655064,-0.225551229521931,-7.));
#3042=CARTESIAN_POINT('Origin',(0.,0.,-7.));
#3043=CARTESIAN_POINT('Origin',(0.,0.,-6.7));
#3044=CARTESIAN_POINT('',(-5.99530071215857,-0.23742234686519,-6.7));
#3045=CARTESIAN_POINT('Origin',(-5.69553567655064,-0.225551229521931,-6.7));
#3046=CARTESIAN_POINT('',(6.,-7.34788079488412E-16,-6.7));
#3047=CARTESIAN_POINT('Origin',(0.,0.,-6.7));
#3048=CARTESIAN_POINT('Origin',(0.,0.,-6.7));
#3049=CARTESIAN_POINT('Origin',(0.,0.,-7.));
#3050=CARTESIAN_POINT('',(6.,-7.34788079488412E-16,-4.3));
#3051=CARTESIAN_POINT('',(6.,-7.34788079488412E-16,-7.));
#3052=CARTESIAN_POINT('',(-5.99051819922066,0.337182005460124,-4.3));
#3053=CARTESIAN_POINT('Origin',(0.,0.,-4.3));
#3054=CARTESIAN_POINT('Origin',(0.,0.,-4.3));
#3055=CARTESIAN_POINT('Origin',(0.,0.,-4.3));
#3056=CARTESIAN_POINT('',(-5.69099228925962,0.320322905187118,-4.));
#3057=CARTESIAN_POINT('Origin',(-5.69099228925962,0.320322905187118,-4.3));
#3058=CARTESIAN_POINT('Origin',(0.,0.,-4.));
#3059=CARTESIAN_POINT('Origin',(0.,0.,-4.));
#3060=CARTESIAN_POINT('Origin',(0.,0.,-7.));
#3061=CARTESIAN_POINT('',(-47.6955356765506,72.5205826883681,-7.));
#3062=CARTESIAN_POINT('Origin',(-42.,72.74613391789,-7.));
#3063=CARTESIAN_POINT('Origin',(-42.,72.74613391789,-6.7));
#3064=CARTESIAN_POINT('',(-47.9953007121586,72.5087115710248,-6.7));
#3065=CARTESIAN_POINT('Origin',(-47.6955356765506,72.5205826883681,-6.7));
#3066=CARTESIAN_POINT('',(-36.,72.74613391789,-6.7));
#3067=CARTESIAN_POINT('Origin',(-42.,72.74613391789,-6.7));
#3068=CARTESIAN_POINT('Origin',(-42.,72.74613391789,-6.7));
#3069=CARTESIAN_POINT('Origin',(-42.,72.74613391789,-7.));
#3070=CARTESIAN_POINT('',(-36.,72.74613391789,-4.3));
#3071=CARTESIAN_POINT('',(-36.,72.74613391789,-7.));
#3072=CARTESIAN_POINT('',(-36.0094818007793,72.4089519124299,-4.3));
#3073=CARTESIAN_POINT('Origin',(-42.,72.74613391789,-4.3));
#3074=CARTESIAN_POINT('Origin',(-42.,72.74613391789,-4.3));
#3075=CARTESIAN_POINT('Origin',(-42.,72.74613391789,-4.3));
#3076=CARTESIAN_POINT('',(-36.3090077107404,72.4258110127029,-4.));
#3077=CARTESIAN_POINT('Origin',(-36.3090077107404,72.4258110127029,-4.3));
#3078=CARTESIAN_POINT('Origin',(-42.,72.74613391789,-4.));
#3079=CARTESIAN_POINT('Origin',(0.,0.,-4.));
#3080=UNCERTAINTY_MEASURE_WITH_UNIT(LENGTH_MEASURE(0.01),#3084,
'DISTANCE_ACCURACY_VALUE',
'Maximum model space distance between geometric entities at asserted c
onnectivities');
#3081=UNCERTAINTY_MEASURE_WITH_UNIT(LENGTH_MEASURE(0.01),#3084,
'DISTANCE_ACCURACY_VALUE',
'Maximum model space distance between geometric entities at asserted c
onnectivities');
#3082=(
GEOMETRIC_REPRESENTATION_CONTEXT(3)
GLOBAL_UNCERTAINTY_ASSIGNED_CONTEXT((#3080))
GLOBAL_UNIT_ASSIGNED_CONTEXT((#3084,#3086,#3087))
REPRESENTATION_CONTEXT('','3D')
);
#3083=(
GEOMETRIC_REPRESENTATION_CONTEXT(3)
GLOBAL_UNCERTAINTY_ASSIGNED_CONTEXT((#3081))
GLOBAL_UNIT_ASSIGNED_CONTEXT((#3084,#3086,#3087))
REPRESENTATION_CONTEXT('','3D')
);
#3084=(
LENGTH_UNIT()
NAMED_UNIT(*)
SI_UNIT(.MILLI.,.METRE.)
);
#3085=(
LENGTH_UNIT()
NAMED_UNIT(*)
SI_UNIT($,.METRE.)
);
#3086=(
NAMED_UNIT(*)
PLANE_ANGLE_UNIT()
SI_UNIT($,.RADIAN.)
);
#3087=(
NAMED_UNIT(*)
SI_UNIT($,.STERADIAN.)
SOLID_ANGLE_UNIT()
);
#3088=SHAPE_DEFINITION_REPRESENTATION(#3089,#3090);
#3089=PRODUCT_DEFINITION_SHAPE('',$,#3092);
#3090=SHAPE_REPRESENTATION('',(#1790),#3082);
#3091=PRODUCT_DEFINITION_CONTEXT('part definition',#3096,'design');
#3092=PRODUCT_DEFINITION('2026-07-09-11-09-06-600','2-RSM3-ROTATOR-R',#3093,
#3091);
#3093=PRODUCT_DEFINITION_FORMATION('',$,#3098);
#3094=PRODUCT_RELATED_PRODUCT_CATEGORY('2-RSM3-ROTATOR-R',
'2-RSM3-ROTATOR-R',(#3098));
#3095=APPLICATION_PROTOCOL_DEFINITION('international standard',
'automotive_design',2009,#3096);
#3096=APPLICATION_CONTEXT(
'Core Data for Automotive Mechanical Design Process');
#3097=PRODUCT_CONTEXT('part definition',#3096,'mechanical');
#3098=PRODUCT('2026-07-09-11-09-06-600','2-RSM3-ROTATOR-R',
'NOT SPECIFIED',(#3097));
#3099=PRESENTATION_STYLE_ASSIGNMENT((#3100));
#3100=SURFACE_STYLE_USAGE(.BOTH.,#3101);
#3101=SURFACE_SIDE_STYLE('',(#3102));
#3102=SURFACE_STYLE_FILL_AREA(#3103);
#3103=FILL_AREA_STYLE('\X2\94A2\X0\ - \X2\7F0E5149\X0\',(#3104));
#3104=FILL_AREA_STYLE_COLOUR('\X2\94A2\X0\ - \X2\7F0E5149\X0\',#3105);
#3105=COLOUR_RGB('\X2\94A2\X0\ - \X2\7F0E5149\X0\',0.627450980392157,0.627450980392157,
0.627450980392157);
ENDSEC;
END-ISO-10303-21;
