ISO-10303-21;
HEADER;
/* Generated by software containing ST-Developer
 * from STEP Tools, Inc. (www.steptools.com) 
 */

FILE_DESCRIPTION(
/* description */ ('NOT SPECIFIED'),
/* implementation_level */ '2;1');

FILE_NAME(
/* name */ '2-RSM1-ROTOR-1.step',
/* time_stamp */ '2026-07-07T17:42:00+08:00',
/* author */ (''),
/* organization */ (''),
/* preprocessor_version */ 'ST-DEVELOPER v20.1',
/* originating_system */ 'Autodesk Translation Framework v15.8.0.0',
/* authorisation */ '');

FILE_SCHEMA (('AUTOMOTIVE_DESIGN { 1 0 10303 214 3 1 1 }'));
ENDSEC;

DATA;
#10=MECHANICAL_DESIGN_GEOMETRIC_PRESENTATION_REPRESENTATION('',(#13,#14,
#15,#16),#6130);
#11=SHAPE_REPRESENTATION_RELATIONSHIP('SRR','None',#6137,#12);
#12=ADVANCED_BREP_SHAPE_REPRESENTATION('',(#17,#18,#19,#20),#6129);
#13=STYLED_ITEM('',(#6146),#17);
#14=STYLED_ITEM('',(#6146),#18);
#15=STYLED_ITEM('',(#6146),#19);
#16=STYLED_ITEM('',(#6146),#20);
#17=MANIFOLD_SOLID_BREP('\X2\5B9E4F53\X0\1',#3589);
#18=MANIFOLD_SOLID_BREP('\X2\5B9E4F53\X0\2',#3590);
#19=MANIFOLD_SOLID_BREP('\X2\5B9E4F53\X0\3',#3591);
#20=MANIFOLD_SOLID_BREP('\X2\5B9E4F53\X0\4',#3592);
#21=B_SPLINE_SURFACE_WITH_KNOTS('',3,3,((#5077,#5078,#5079,#5080),(#5081,
#5082,#5083,#5084),(#5085,#5086,#5087,#5088),(#5089,#5090,#5091,#5092),
(#5093,#5094,#5095,#5096),(#5097,#5098,#5099,#5100),(#5101,#5102,#5103,
#5104),(#5105,#5106,#5107,#5108),(#5109,#5110,#5111,#5112),(#5113,#5114,
#5115,#5116),(#5117,#5118,#5119,#5120),(#5121,#5122,#5123,#5124),(#5125,
#5126,#5127,#5128)),.UNSPECIFIED.,.F.,.F.,.F.,(4,1,1,1,1,1,1,1,1,1,4),(4,
4),(-0.01999950525547,0.,0.125,0.25,0.375,0.5,0.625,0.75,0.875,1.,1.019999505255),
(-0.2634584627603,1.86345846276),.UNSPECIFIED.);
#22=B_SPLINE_SURFACE_WITH_KNOTS('',3,3,((#5869,#5870,#5871,#5872),(#5873,
#5874,#5875,#5876),(#5877,#5878,#5879,#5880),(#5881,#5882,#5883,#5884),
(#5885,#5886,#5887,#5888),(#5889,#5890,#5891,#5892),(#5893,#5894,#5895,
#5896),(#5897,#5898,#5899,#5900),(#5901,#5902,#5903,#5904),(#5905,#5906,
#5907,#5908),(#5909,#5910,#5911,#5912),(#5913,#5914,#5915,#5916),(#5917,
#5918,#5919,#5920)),.UNSPECIFIED.,.F.,.F.,.F.,(4,1,1,1,1,1,1,1,1,1,4),(4,
4),(-0.01999950525547,0.,0.125,0.25,0.375,0.5,0.625,0.75,0.875,1.,1.019999505255),
(-0.2634584627603,1.86345846276),.UNSPECIFIED.);
#23=B_SPLINE_CURVE_WITH_KNOTS('',3,(#4933,#4934,#4935,#4936,#4937,#4938,
#4939,#4940),.UNSPECIFIED.,.F.,.F.,(4,2,2,4),(2.1299077281179,2.17201807286196,
2.21412841760602,2.21907437456926),.UNSPECIFIED.);
#24=B_SPLINE_CURVE_WITH_KNOTS('',3,(#4944,#4945,#4946,#4947,#4948,#4949,
#4950,#4951),.UNSPECIFIED.,.F.,.F.,(4,2,2,4),(2.04074108166647,2.04568703862973,
2.0877973833738,2.12990772811786),.UNSPECIFIED.);
#25=B_SPLINE_CURVE_WITH_KNOTS('',3,(#4968,#4969,#4970,#4971,#4972,#4973,
#4974,#4975,#4976,#4977,#4978,#4979,#4980,#4981,#4982,#4983),
 .UNSPECIFIED.,.F.,.F.,(4,3,3,3,3,4),(0.,0.267779080331538,0.3333333333333,
0.643447630381698,0.6666666666667,0.999999997121635),.UNSPECIFIED.);
#26=B_SPLINE_CURVE_WITH_KNOTS('',3,(#4989,#4990,#4991,#4992,#4993),
 .UNSPECIFIED.,.F.,.F.,(4,1,4),(0.,0.5,1.),.UNSPECIFIED.);
#27=B_SPLINE_CURVE_WITH_KNOTS('',3,(#5005,#5006,#5007,#5008,#5009),
 .UNSPECIFIED.,.F.,.F.,(4,1,4),(0.,0.5,1.),.UNSPECIFIED.);
#28=B_SPLINE_CURVE_WITH_KNOTS('',3,(#5014,#5015,#5016,#5017,#5018),
 .UNSPECIFIED.,.F.,.F.,(4,1,4),(0.,0.5,1.),.UNSPECIFIED.);
#29=B_SPLINE_CURVE_WITH_KNOTS('',3,(#5019,#5020,#5021,#5022,#5023),
 .UNSPECIFIED.,.F.,.F.,(4,1,4),(0.,0.5,1.),.UNSPECIFIED.);
#30=B_SPLINE_CURVE_WITH_KNOTS('',3,(#5039,#5040,#5041,#5042,#5043,#5044,
#5045,#5046,#5047,#5048,#5049,#5050,#5051,#5052),.UNSPECIFIED.,.F.,.F.,
(4,2,2,2,2,2,4),(-7.14269395282188,-5.95159003785176,-4.86422677564629,
-3.57134797640944,-2.27846917717201,-1.19110591496581,-9.99999905104687E-7),
 .UNSPECIFIED.);
#31=B_SPLINE_CURVE_WITH_KNOTS('',3,(#5056,#5057,#5058,#5059,#5060,#5061,
#5062,#5063,#5064,#5065,#5066,#5067,#5068,#5069),.UNSPECIFIED.,.F.,.F.,
(4,2,2,2,2,2,4),(-7.14269395282188,-5.95159003785176,-4.86422677564629,
-3.57134797640944,-2.27846917717201,-1.19110591496581,-9.99999905104687E-7),
 .UNSPECIFIED.);
#32=B_SPLINE_CURVE_WITH_KNOTS('',3,(#5131,#5132,#5133,#5134,#5135,#5136,
#5137,#5138,#5139,#5140,#5141),.UNSPECIFIED.,.F.,.F.,(4,1,1,1,1,1,1,1,4),
(0.,0.1190512890419,0.2460341926946,0.3730170963473,0.5,0.6269829036527,
0.7539658073054,0.8809487109581,1.),.UNSPECIFIED.);
#33=B_SPLINE_CURVE_WITH_KNOTS('',3,(#5143,#5144,#5145,#5146,#5147,#5148),
 .UNSPECIFIED.,.F.,.F.,(4,2,4),(9.99999999980909E-7,0.035266911410719,0.0705328333038246),
 .UNSPECIFIED.);
#34=B_SPLINE_CURVE_WITH_KNOTS('',3,(#5152,#5153,#5154,#5155,#5156,#5157),
 .UNSPECIFIED.,.F.,.F.,(4,2,4),(9.99999999959052E-7,0.0352669166808711,
0.0705328228789428),.UNSPECIFIED.);
#35=B_SPLINE_CURVE_WITH_KNOTS('',3,(#5166,#5167,#5168,#5169,#5170,#5171,
#5172,#5173,#5174,#5175,#5176),.UNSPECIFIED.,.F.,.F.,(4,1,1,1,1,1,1,1,4),
(0.,0.1190512890419,0.2460341926946,0.3730170963473,0.5,0.6269829036527,
0.7539658073054,0.8809487109581,1.),.UNSPECIFIED.);
#36=B_SPLINE_CURVE_WITH_KNOTS('',3,(#5185,#5186,#5187,#5188,#5189,#5190),
 .UNSPECIFIED.,.F.,.F.,(4,2,4),(1.00000000001488E-6,0.0352669166809062,
0.0705328228790634),.UNSPECIFIED.);
#37=B_SPLINE_CURVE_WITH_KNOTS('',3,(#5921,#5922,#5923,#5924,#5925,#5926),
 .UNSPECIFIED.,.F.,.F.,(4,2,4),(9.9999999992709E-7,0.035266911410665,0.0705328333037865),
 .UNSPECIFIED.);
#38=FACE_BOUND('',#441,.T.);
#39=FACE_BOUND('',#442,.T.);
#40=FACE_BOUND('',#443,.T.);
#41=FACE_BOUND('',#444,.T.);
#42=FACE_BOUND('',#445,.T.);
#43=FACE_BOUND('',#446,.T.);
#44=FACE_BOUND('',#447,.T.);
#45=FACE_BOUND('',#448,.T.);
#46=FACE_BOUND('',#449,.T.);
#47=FACE_BOUND('',#450,.T.);
#48=FACE_BOUND('',#463,.T.);
#49=FACE_BOUND('',#472,.T.);
#50=FACE_BOUND('',#473,.T.);
#51=FACE_BOUND('',#474,.T.);
#52=FACE_BOUND('',#475,.T.);
#53=FACE_BOUND('',#476,.T.);
#54=FACE_BOUND('',#477,.T.);
#55=FACE_BOUND('',#478,.T.);
#56=FACE_BOUND('',#479,.T.);
#57=FACE_BOUND('',#480,.T.);
#58=FACE_BOUND('',#484,.T.);
#59=FACE_BOUND('',#489,.T.);
#60=FACE_BOUND('',#494,.T.);
#61=FACE_BOUND('',#499,.T.);
#62=FACE_BOUND('',#504,.T.);
#63=FACE_BOUND('',#509,.T.);
#64=FACE_BOUND('',#523,.T.);
#65=FACE_BOUND('',#524,.T.);
#66=FACE_BOUND('',#525,.T.);
#67=FACE_BOUND('',#561,.T.);
#68=FACE_BOUND('',#562,.T.);
#69=FACE_BOUND('',#563,.T.);
#70=FACE_BOUND('',#621,.T.);
#71=CYLINDRICAL_SURFACE('',#3611,6.975);
#72=CYLINDRICAL_SURFACE('',#3627,18.5);
#73=CYLINDRICAL_SURFACE('',#3645,0.6);
#74=CYLINDRICAL_SURFACE('',#3667,4.25);
#75=CYLINDRICAL_SURFACE('',#3671,2.1);
#76=CYLINDRICAL_SURFACE('',#3675,4.25);
#77=CYLINDRICAL_SURFACE('',#3679,2.1);
#78=CYLINDRICAL_SURFACE('',#3683,4.25);
#79=CYLINDRICAL_SURFACE('',#3687,2.1);
#80=CYLINDRICAL_SURFACE('',#3691,4.25);
#81=CYLINDRICAL_SURFACE('',#3695,2.1);
#82=CYLINDRICAL_SURFACE('',#3699,4.25);
#83=CYLINDRICAL_SURFACE('',#3703,2.1);
#84=CYLINDRICAL_SURFACE('',#3707,4.25);
#85=CYLINDRICAL_SURFACE('',#3711,2.1);
#86=CYLINDRICAL_SURFACE('',#3716,0.6);
#87=CYLINDRICAL_SURFACE('',#3721,0.6);
#88=CYLINDRICAL_SURFACE('',#3723,0.6);
#89=CYLINDRICAL_SURFACE('',#3735,1.8);
#90=CYLINDRICAL_SURFACE('',#3742,1.8);
#91=CYLINDRICAL_SURFACE('',#3749,1.8);
#92=CYLINDRICAL_SURFACE('',#3784,1.8);
#93=CYLINDRICAL_SURFACE('',#3789,1.8);
#94=CYLINDRICAL_SURFACE('',#3794,1.8);
#95=CYLINDRICAL_SURFACE('',#3867,24.);
#96=CYLINDRICAL_SURFACE('',#3870,0.6);
#97=CYLINDRICAL_SURFACE('',#3874,2.);
#98=CYLINDRICAL_SURFACE('',#3880,2.);
#99=CYLINDRICAL_SURFACE('',#3886,2.);
#100=CYLINDRICAL_SURFACE('',#3891,2.);
#101=CYLINDRICAL_SURFACE('',#3896,2.);
#102=CYLINDRICAL_SURFACE('',#3901,2.);
#103=PLANE('',#3610);
#104=PLANE('',#3613);
#105=PLANE('',#3631);
#106=PLANE('',#3637);
#107=PLANE('',#3638);
#108=PLANE('',#3639);
#109=PLANE('',#3642);
#110=PLANE('',#3647);
#111=PLANE('',#3650);
#112=PLANE('',#3651);
#113=PLANE('',#3652);
#114=PLANE('',#3653);
#115=PLANE('',#3654);
#116=PLANE('',#3655);
#117=PLANE('',#3656);
#118=PLANE('',#3666);
#119=PLANE('',#3669);
#120=PLANE('',#3677);
#121=PLANE('',#3685);
#122=PLANE('',#3693);
#123=PLANE('',#3701);
#124=PLANE('',#3709);
#125=PLANE('',#3715);
#126=PLANE('',#3718);
#127=PLANE('',#3722);
#128=PLANE('',#3724);
#129=PLANE('',#3725);
#130=PLANE('',#3726);
#131=PLANE('',#3727);
#132=PLANE('',#3728);
#133=PLANE('',#3753);
#134=PLANE('',#3754);
#135=PLANE('',#3755);
#136=PLANE('',#3756);
#137=PLANE('',#3757);
#138=PLANE('',#3758);
#139=PLANE('',#3759);
#140=PLANE('',#3760);
#141=PLANE('',#3761);
#142=PLANE('',#3762);
#143=PLANE('',#3763);
#144=PLANE('',#3764);
#145=PLANE('',#3765);
#146=PLANE('',#3766);
#147=PLANE('',#3767);
#148=PLANE('',#3768);
#149=PLANE('',#3769);
#150=PLANE('',#3770);
#151=PLANE('',#3771);
#152=PLANE('',#3772);
#153=PLANE('',#3773);
#154=PLANE('',#3774);
#155=PLANE('',#3775);
#156=PLANE('',#3776);
#157=PLANE('',#3777);
#158=PLANE('',#3778);
#159=PLANE('',#3797);
#160=PLANE('',#3798);
#161=PLANE('',#3799);
#162=PLANE('',#3800);
#163=PLANE('',#3801);
#164=PLANE('',#3802);
#165=PLANE('',#3803);
#166=PLANE('',#3804);
#167=PLANE('',#3805);
#168=PLANE('',#3806);
#169=PLANE('',#3807);
#170=PLANE('',#3808);
#171=PLANE('',#3809);
#172=PLANE('',#3810);
#173=PLANE('',#3811);
#174=PLANE('',#3812);
#175=PLANE('',#3813);
#176=PLANE('',#3814);
#177=PLANE('',#3815);
#178=PLANE('',#3816);
#179=PLANE('',#3817);
#180=PLANE('',#3818);
#181=PLANE('',#3819);
#182=PLANE('',#3820);
#183=PLANE('',#3821);
#184=PLANE('',#3822);
#185=PLANE('',#3823);
#186=PLANE('',#3824);
#187=PLANE('',#3825);
#188=PLANE('',#3826);
#189=PLANE('',#3827);
#190=PLANE('',#3828);
#191=PLANE('',#3829);
#192=PLANE('',#3830);
#193=PLANE('',#3831);
#194=PLANE('',#3832);
#195=PLANE('',#3833);
#196=PLANE('',#3834);
#197=PLANE('',#3835);
#198=PLANE('',#3836);
#199=PLANE('',#3837);
#200=PLANE('',#3838);
#201=PLANE('',#3839);
#202=PLANE('',#3840);
#203=PLANE('',#3841);
#204=PLANE('',#3842);
#205=PLANE('',#3843);
#206=PLANE('',#3844);
#207=PLANE('',#3845);
#208=PLANE('',#3846);
#209=PLANE('',#3847);
#210=PLANE('',#3848);
#211=PLANE('',#3849);
#212=PLANE('',#3850);
#213=PLANE('',#3851);
#214=PLANE('',#3852);
#215=PLANE('',#3853);
#216=PLANE('',#3854);
#217=PLANE('',#3855);
#218=PLANE('',#3856);
#219=PLANE('',#3857);
#220=PLANE('',#3858);
#221=PLANE('',#3859);
#222=PLANE('',#3860);
#223=PLANE('',#3861);
#224=PLANE('',#3862);
#225=PLANE('',#3863);
#226=PLANE('',#3864);
#227=PLANE('',#3865);
#228=PLANE('',#3866);
#229=PLANE('',#3868);
#230=PLANE('',#3869);
#231=PLANE('',#3876);
#232=PLANE('',#3882);
#233=PLANE('',#3888);
#234=PLANE('',#3889);
#235=PLANE('',#3893);
#236=PLANE('',#3894);
#237=PLANE('',#3898);
#238=PLANE('',#3899);
#239=PLANE('',#3903);
#240=FACE_OUTER_BOUND('',#437,.T.);
#241=FACE_OUTER_BOUND('',#438,.T.);
#242=FACE_OUTER_BOUND('',#439,.T.);
#243=FACE_OUTER_BOUND('',#440,.T.);
#244=FACE_OUTER_BOUND('',#451,.T.);
#245=FACE_OUTER_BOUND('',#452,.T.);
#246=FACE_OUTER_BOUND('',#453,.T.);
#247=FACE_OUTER_BOUND('',#454,.T.);
#248=FACE_OUTER_BOUND('',#455,.T.);
#249=FACE_OUTER_BOUND('',#456,.T.);
#250=FACE_OUTER_BOUND('',#457,.T.);
#251=FACE_OUTER_BOUND('',#458,.T.);
#252=FACE_OUTER_BOUND('',#459,.T.);
#253=FACE_OUTER_BOUND('',#460,.T.);
#254=FACE_OUTER_BOUND('',#461,.T.);
#255=FACE_OUTER_BOUND('',#462,.T.);
#256=FACE_OUTER_BOUND('',#464,.T.);
#257=FACE_OUTER_BOUND('',#465,.T.);
#258=FACE_OUTER_BOUND('',#466,.T.);
#259=FACE_OUTER_BOUND('',#467,.T.);
#260=FACE_OUTER_BOUND('',#468,.T.);
#261=FACE_OUTER_BOUND('',#469,.T.);
#262=FACE_OUTER_BOUND('',#470,.T.);
#263=FACE_OUTER_BOUND('',#471,.T.);
#264=FACE_OUTER_BOUND('',#481,.T.);
#265=FACE_OUTER_BOUND('',#482,.T.);
#266=FACE_OUTER_BOUND('',#483,.T.);
#267=FACE_OUTER_BOUND('',#485,.T.);
#268=FACE_OUTER_BOUND('',#486,.T.);
#269=FACE_OUTER_BOUND('',#487,.T.);
#270=FACE_OUTER_BOUND('',#488,.T.);
#271=FACE_OUTER_BOUND('',#490,.T.);
#272=FACE_OUTER_BOUND('',#491,.T.);
#273=FACE_OUTER_BOUND('',#492,.T.);
#274=FACE_OUTER_BOUND('',#493,.T.);
#275=FACE_OUTER_BOUND('',#495,.T.);
#276=FACE_OUTER_BOUND('',#496,.T.);
#277=FACE_OUTER_BOUND('',#497,.T.);
#278=FACE_OUTER_BOUND('',#498,.T.);
#279=FACE_OUTER_BOUND('',#500,.T.);
#280=FACE_OUTER_BOUND('',#501,.T.);
#281=FACE_OUTER_BOUND('',#502,.T.);
#282=FACE_OUTER_BOUND('',#503,.T.);
#283=FACE_OUTER_BOUND('',#505,.T.);
#284=FACE_OUTER_BOUND('',#506,.T.);
#285=FACE_OUTER_BOUND('',#507,.T.);
#286=FACE_OUTER_BOUND('',#508,.T.);
#287=FACE_OUTER_BOUND('',#510,.T.);
#288=FACE_OUTER_BOUND('',#511,.T.);
#289=FACE_OUTER_BOUND('',#512,.T.);
#290=FACE_OUTER_BOUND('',#513,.T.);
#291=FACE_OUTER_BOUND('',#514,.T.);
#292=FACE_OUTER_BOUND('',#515,.T.);
#293=FACE_OUTER_BOUND('',#516,.T.);
#294=FACE_OUTER_BOUND('',#517,.T.);
#295=FACE_OUTER_BOUND('',#518,.T.);
#296=FACE_OUTER_BOUND('',#519,.T.);
#297=FACE_OUTER_BOUND('',#520,.T.);
#298=FACE_OUTER_BOUND('',#521,.T.);
#299=FACE_OUTER_BOUND('',#522,.T.);
#300=FACE_OUTER_BOUND('',#526,.T.);
#301=FACE_OUTER_BOUND('',#527,.T.);
#302=FACE_OUTER_BOUND('',#528,.T.);
#303=FACE_OUTER_BOUND('',#529,.T.);
#304=FACE_OUTER_BOUND('',#530,.T.);
#305=FACE_OUTER_BOUND('',#531,.T.);
#306=FACE_OUTER_BOUND('',#532,.T.);
#307=FACE_OUTER_BOUND('',#533,.T.);
#308=FACE_OUTER_BOUND('',#534,.T.);
#309=FACE_OUTER_BOUND('',#535,.T.);
#310=FACE_OUTER_BOUND('',#536,.T.);
#311=FACE_OUTER_BOUND('',#537,.T.);
#312=FACE_OUTER_BOUND('',#538,.T.);
#313=FACE_OUTER_BOUND('',#539,.T.);
#314=FACE_OUTER_BOUND('',#540,.T.);
#315=FACE_OUTER_BOUND('',#541,.T.);
#316=FACE_OUTER_BOUND('',#542,.T.);
#317=FACE_OUTER_BOUND('',#543,.T.);
#318=FACE_OUTER_BOUND('',#544,.T.);
#319=FACE_OUTER_BOUND('',#545,.T.);
#320=FACE_OUTER_BOUND('',#546,.T.);
#321=FACE_OUTER_BOUND('',#547,.T.);
#322=FACE_OUTER_BOUND('',#548,.T.);
#323=FACE_OUTER_BOUND('',#549,.T.);
#324=FACE_OUTER_BOUND('',#550,.T.);
#325=FACE_OUTER_BOUND('',#551,.T.);
#326=FACE_OUTER_BOUND('',#552,.T.);
#327=FACE_OUTER_BOUND('',#553,.T.);
#328=FACE_OUTER_BOUND('',#554,.T.);
#329=FACE_OUTER_BOUND('',#555,.T.);
#330=FACE_OUTER_BOUND('',#556,.T.);
#331=FACE_OUTER_BOUND('',#557,.T.);
#332=FACE_OUTER_BOUND('',#558,.T.);
#333=FACE_OUTER_BOUND('',#559,.T.);
#334=FACE_OUTER_BOUND('',#560,.T.);
#335=FACE_OUTER_BOUND('',#564,.T.);
#336=FACE_OUTER_BOUND('',#565,.T.);
#337=FACE_OUTER_BOUND('',#566,.T.);
#338=FACE_OUTER_BOUND('',#567,.T.);
#339=FACE_OUTER_BOUND('',#568,.T.);
#340=FACE_OUTER_BOUND('',#569,.T.);
#341=FACE_OUTER_BOUND('',#570,.T.);
#342=FACE_OUTER_BOUND('',#571,.T.);
#343=FACE_OUTER_BOUND('',#572,.T.);
#344=FACE_OUTER_BOUND('',#573,.T.);
#345=FACE_OUTER_BOUND('',#574,.T.);
#346=FACE_OUTER_BOUND('',#575,.T.);
#347=FACE_OUTER_BOUND('',#576,.T.);
#348=FACE_OUTER_BOUND('',#577,.T.);
#349=FACE_OUTER_BOUND('',#578,.T.);
#350=FACE_OUTER_BOUND('',#579,.T.);
#351=FACE_OUTER_BOUND('',#580,.T.);
#352=FACE_OUTER_BOUND('',#581,.T.);
#353=FACE_OUTER_BOUND('',#582,.T.);
#354=FACE_OUTER_BOUND('',#583,.T.);
#355=FACE_OUTER_BOUND('',#584,.T.);
#356=FACE_OUTER_BOUND('',#585,.T.);
#357=FACE_OUTER_BOUND('',#586,.T.);
#358=FACE_OUTER_BOUND('',#587,.T.);
#359=FACE_OUTER_BOUND('',#588,.T.);
#360=FACE_OUTER_BOUND('',#589,.T.);
#361=FACE_OUTER_BOUND('',#590,.T.);
#362=FACE_OUTER_BOUND('',#591,.T.);
#363=FACE_OUTER_BOUND('',#592,.T.);
#364=FACE_OUTER_BOUND('',#593,.T.);
#365=FACE_OUTER_BOUND('',#594,.T.);
#366=FACE_OUTER_BOUND('',#595,.T.);
#367=FACE_OUTER_BOUND('',#596,.T.);
#368=FACE_OUTER_BOUND('',#597,.T.);
#369=FACE_OUTER_BOUND('',#598,.T.);
#370=FACE_OUTER_BOUND('',#599,.T.);
#371=FACE_OUTER_BOUND('',#600,.T.);
#372=FACE_OUTER_BOUND('',#601,.T.);
#373=FACE_OUTER_BOUND('',#602,.T.);
#374=FACE_OUTER_BOUND('',#603,.T.);
#375=FACE_OUTER_BOUND('',#604,.T.);
#376=FACE_OUTER_BOUND('',#605,.T.);
#377=FACE_OUTER_BOUND('',#606,.T.);
#378=FACE_OUTER_BOUND('',#607,.T.);
#379=FACE_OUTER_BOUND('',#608,.T.);
#380=FACE_OUTER_BOUND('',#609,.T.);
#381=FACE_OUTER_BOUND('',#610,.T.);
#382=FACE_OUTER_BOUND('',#611,.T.);
#383=FACE_OUTER_BOUND('',#612,.T.);
#384=FACE_OUTER_BOUND('',#613,.T.);
#385=FACE_OUTER_BOUND('',#614,.T.);
#386=FACE_OUTER_BOUND('',#615,.T.);
#387=FACE_OUTER_BOUND('',#616,.T.);
#388=FACE_OUTER_BOUND('',#617,.T.);
#389=FACE_OUTER_BOUND('',#618,.T.);
#390=FACE_OUTER_BOUND('',#619,.T.);
#391=FACE_OUTER_BOUND('',#620,.T.);
#392=FACE_OUTER_BOUND('',#622,.T.);
#393=FACE_OUTER_BOUND('',#623,.T.);
#394=FACE_OUTER_BOUND('',#624,.T.);
#395=FACE_OUTER_BOUND('',#625,.T.);
#396=FACE_OUTER_BOUND('',#626,.T.);
#397=FACE_OUTER_BOUND('',#627,.T.);
#398=FACE_OUTER_BOUND('',#628,.T.);
#399=FACE_OUTER_BOUND('',#629,.T.);
#400=FACE_OUTER_BOUND('',#630,.T.);
#401=FACE_OUTER_BOUND('',#631,.T.);
#402=FACE_OUTER_BOUND('',#632,.T.);
#403=FACE_OUTER_BOUND('',#633,.T.);
#404=FACE_OUTER_BOUND('',#634,.T.);
#405=FACE_OUTER_BOUND('',#635,.T.);
#406=FACE_OUTER_BOUND('',#636,.T.);
#407=FACE_OUTER_BOUND('',#637,.T.);
#408=FACE_OUTER_BOUND('',#638,.T.);
#409=FACE_OUTER_BOUND('',#639,.T.);
#410=FACE_OUTER_BOUND('',#640,.T.);
#411=FACE_OUTER_BOUND('',#641,.T.);
#412=FACE_OUTER_BOUND('',#642,.T.);
#413=FACE_OUTER_BOUND('',#643,.T.);
#414=FACE_OUTER_BOUND('',#644,.T.);
#415=FACE_OUTER_BOUND('',#645,.T.);
#416=FACE_OUTER_BOUND('',#646,.T.);
#417=FACE_OUTER_BOUND('',#647,.T.);
#418=FACE_OUTER_BOUND('',#648,.T.);
#419=FACE_OUTER_BOUND('',#649,.T.);
#420=FACE_OUTER_BOUND('',#650,.T.);
#421=FACE_OUTER_BOUND('',#651,.T.);
#422=FACE_OUTER_BOUND('',#652,.T.);
#423=FACE_OUTER_BOUND('',#653,.T.);
#424=FACE_OUTER_BOUND('',#654,.T.);
#425=FACE_OUTER_BOUND('',#655,.T.);
#426=FACE_OUTER_BOUND('',#656,.T.);
#427=FACE_OUTER_BOUND('',#657,.T.);
#428=FACE_OUTER_BOUND('',#658,.T.);
#429=FACE_OUTER_BOUND('',#659,.T.);
#430=FACE_OUTER_BOUND('',#660,.T.);
#431=FACE_OUTER_BOUND('',#661,.T.);
#432=FACE_OUTER_BOUND('',#662,.T.);
#433=FACE_OUTER_BOUND('',#663,.T.);
#434=FACE_OUTER_BOUND('',#664,.T.);
#435=FACE_OUTER_BOUND('',#665,.T.);
#436=FACE_OUTER_BOUND('',#666,.T.);
#437=EDGE_LOOP('',(#2366,#2367,#2368,#2369,#2370));
#438=EDGE_LOOP('',(#2371));
#439=EDGE_LOOP('',(#2372,#2373,#2374,#2375,#2376));
#440=EDGE_LOOP('',(#2377));
#441=EDGE_LOOP('',(#2378));
#442=EDGE_LOOP('',(#2379));
#443=EDGE_LOOP('',(#2380));
#444=EDGE_LOOP('',(#2381));
#445=EDGE_LOOP('',(#2382));
#446=EDGE_LOOP('',(#2383));
#447=EDGE_LOOP('',(#2384));
#448=EDGE_LOOP('',(#2385));
#449=EDGE_LOOP('',(#2386));
#450=EDGE_LOOP('',(#2387));
#451=EDGE_LOOP('',(#2388,#2389,#2390,#2391,#2392));
#452=EDGE_LOOP('',(#2393,#2394,#2395,#2396,#2397,#2398,#2399,#2400,#2401,
#2402,#2403));
#453=EDGE_LOOP('',(#2404,#2405,#2406,#2407,#2408,#2409));
#454=EDGE_LOOP('',(#2410,#2411,#2412,#2413));
#455=EDGE_LOOP('',(#2414,#2415,#2416,#2417,#2418));
#456=EDGE_LOOP('',(#2419,#2420,#2421,#2422));
#457=EDGE_LOOP('',(#2423,#2424,#2425,#2426,#2427));
#458=EDGE_LOOP('',(#2428,#2429,#2430,#2431,#2432,#2433));
#459=EDGE_LOOP('',(#2434,#2435,#2436,#2437,#2438));
#460=EDGE_LOOP('',(#2439,#2440,#2441,#2442));
#461=EDGE_LOOP('',(#2443,#2444,#2445,#2446));
#462=EDGE_LOOP('',(#2447,#2448,#2449,#2450));
#463=EDGE_LOOP('',(#2451,#2452,#2453,#2454,#2455,#2456,#2457,#2458,#2459));
#464=EDGE_LOOP('',(#2460,#2461,#2462,#2463,#2464,#2465));
#465=EDGE_LOOP('',(#2466,#2467,#2468,#2469));
#466=EDGE_LOOP('',(#2470,#2471,#2472,#2473));
#467=EDGE_LOOP('',(#2474,#2475,#2476,#2477,#2478));
#468=EDGE_LOOP('',(#2479,#2480,#2481,#2482,#2483,#2484));
#469=EDGE_LOOP('',(#2485,#2486,#2487,#2488));
#470=EDGE_LOOP('',(#2489,#2490,#2491,#2492,#2493,#2494));
#471=EDGE_LOOP('',(#2495,#2496,#2497,#2498,#2499,#2500,#2501,#2502,#2503,
#2504,#2505,#2506,#2507,#2508,#2509,#2510,#2511,#2512,#2513,#2514));
#472=EDGE_LOOP('',(#2515));
#473=EDGE_LOOP('',(#2516));
#474=EDGE_LOOP('',(#2517));
#475=EDGE_LOOP('',(#2518));
#476=EDGE_LOOP('',(#2519));
#477=EDGE_LOOP('',(#2520));
#478=EDGE_LOOP('',(#2521,#2522,#2523,#2524,#2525,#2526));
#479=EDGE_LOOP('',(#2527,#2528,#2529,#2530,#2531,#2532,#2533,#2534,#2535,
#2536,#2537,#2538,#2539,#2540,#2541,#2542));
#480=EDGE_LOOP('',(#2543,#2544,#2545,#2546,#2547,#2548));
#481=EDGE_LOOP('',(#2549,#2550,#2551,#2552,#2553,#2554,#2555,#2556,#2557,
#2558));
#482=EDGE_LOOP('',(#2559,#2560,#2561,#2562));
#483=EDGE_LOOP('',(#2563));
#484=EDGE_LOOP('',(#2564));
#485=EDGE_LOOP('',(#2565,#2566,#2567,#2568,#2569));
#486=EDGE_LOOP('',(#2570,#2571,#2572,#2573,#2574));
#487=EDGE_LOOP('',(#2575,#2576,#2577,#2578));
#488=EDGE_LOOP('',(#2579));
#489=EDGE_LOOP('',(#2580));
#490=EDGE_LOOP('',(#2581,#2582,#2583,#2584,#2585));
#491=EDGE_LOOP('',(#2586,#2587,#2588,#2589,#2590));
#492=EDGE_LOOP('',(#2591,#2592,#2593,#2594));
#493=EDGE_LOOP('',(#2595));
#494=EDGE_LOOP('',(#2596));
#495=EDGE_LOOP('',(#2597,#2598,#2599,#2600,#2601));
#496=EDGE_LOOP('',(#2602,#2603,#2604,#2605,#2606));
#497=EDGE_LOOP('',(#2607,#2608,#2609,#2610));
#498=EDGE_LOOP('',(#2611));
#499=EDGE_LOOP('',(#2612));
#500=EDGE_LOOP('',(#2613,#2614,#2615,#2616,#2617));
#501=EDGE_LOOP('',(#2618,#2619,#2620,#2621,#2622));
#502=EDGE_LOOP('',(#2623,#2624,#2625,#2626));
#503=EDGE_LOOP('',(#2627));
#504=EDGE_LOOP('',(#2628));
#505=EDGE_LOOP('',(#2629,#2630,#2631,#2632,#2633));
#506=EDGE_LOOP('',(#2634,#2635,#2636,#2637,#2638));
#507=EDGE_LOOP('',(#2639,#2640,#2641,#2642));
#508=EDGE_LOOP('',(#2643));
#509=EDGE_LOOP('',(#2644));
#510=EDGE_LOOP('',(#2645,#2646,#2647,#2648,#2649));
#511=EDGE_LOOP('',(#2650,#2651,#2652,#2653,#2654));
#512=EDGE_LOOP('',(#2655,#2656,#2657,#2658));
#513=EDGE_LOOP('',(#2659,#2660,#2661,#2662));
#514=EDGE_LOOP('',(#2663,#2664,#2665,#2666,#2667,#2668));
#515=EDGE_LOOP('',(#2669,#2670,#2671,#2672));
#516=EDGE_LOOP('',(#2673,#2674,#2675,#2676));
#517=EDGE_LOOP('',(#2677,#2678,#2679,#2680));
#518=EDGE_LOOP('',(#2681,#2682,#2683,#2684));
#519=EDGE_LOOP('',(#2685,#2686,#2687,#2688,#2689,#2690));
#520=EDGE_LOOP('',(#2691,#2692,#2693,#2694,#2695));
#521=EDGE_LOOP('',(#2696,#2697,#2698,#2699));
#522=EDGE_LOOP('',(#2700,#2701,#2702,#2703,#2704,#2705,#2706,#2707,#2708,
#2709,#2710,#2711,#2712,#2713,#2714,#2715,#2716,#2717,#2718,#2719));
#523=EDGE_LOOP('',(#2720));
#524=EDGE_LOOP('',(#2721));
#525=EDGE_LOOP('',(#2722));
#526=EDGE_LOOP('',(#2723,#2724,#2725,#2726,#2727));
#527=EDGE_LOOP('',(#2728,#2729,#2730,#2731,#2732,#2733));
#528=EDGE_LOOP('',(#2734,#2735,#2736,#2737));
#529=EDGE_LOOP('',(#2738,#2739,#2740,#2741,#2742));
#530=EDGE_LOOP('',(#2743,#2744,#2745,#2746,#2747,#2748));
#531=EDGE_LOOP('',(#2749,#2750,#2751,#2752));
#532=EDGE_LOOP('',(#2753,#2754,#2755,#2756,#2757));
#533=EDGE_LOOP('',(#2758,#2759,#2760,#2761,#2762,#2763));
#534=EDGE_LOOP('',(#2764,#2765,#2766,#2767));
#535=EDGE_LOOP('',(#2768,#2769,#2770,#2771));
#536=EDGE_LOOP('',(#2772,#2773,#2774,#2775,#2776));
#537=EDGE_LOOP('',(#2777,#2778,#2779,#2780,#2781,#2782));
#538=EDGE_LOOP('',(#2783,#2784,#2785,#2786,#2787));
#539=EDGE_LOOP('',(#2788,#2789,#2790,#2791,#2792,#2793));
#540=EDGE_LOOP('',(#2794,#2795,#2796,#2797,#2798));
#541=EDGE_LOOP('',(#2799,#2800,#2801,#2802));
#542=EDGE_LOOP('',(#2803,#2804,#2805,#2806,#2807));
#543=EDGE_LOOP('',(#2808,#2809,#2810,#2811));
#544=EDGE_LOOP('',(#2812,#2813,#2814,#2815,#2816,#2817));
#545=EDGE_LOOP('',(#2818,#2819,#2820,#2821));
#546=EDGE_LOOP('',(#2822,#2823,#2824,#2825));
#547=EDGE_LOOP('',(#2826,#2827,#2828,#2829,#2830,#2831));
#548=EDGE_LOOP('',(#2832,#2833,#2834,#2835,#2836));
#549=EDGE_LOOP('',(#2837,#2838,#2839,#2840));
#550=EDGE_LOOP('',(#2841,#2842,#2843,#2844,#2845));
#551=EDGE_LOOP('',(#2846,#2847,#2848,#2849));
#552=EDGE_LOOP('',(#2850,#2851,#2852,#2853,#2854));
#553=EDGE_LOOP('',(#2855,#2856,#2857,#2858,#2859,#2860));
#554=EDGE_LOOP('',(#2861,#2862,#2863,#2864,#2865,#2866));
#555=EDGE_LOOP('',(#2867,#2868,#2869,#2870,#2871));
#556=EDGE_LOOP('',(#2872,#2873,#2874,#2875,#2876,#2877));
#557=EDGE_LOOP('',(#2878,#2879,#2880,#2881));
#558=EDGE_LOOP('',(#2882,#2883,#2884,#2885,#2886,#2887));
#559=EDGE_LOOP('',(#2888,#2889,#2890,#2891,#2892,#2893));
#560=EDGE_LOOP('',(#2894,#2895,#2896,#2897,#2898,#2899,#2900,#2901,#2902,
#2903,#2904,#2905,#2906,#2907,#2908,#2909,#2910,#2911,#2912,#2913));
#561=EDGE_LOOP('',(#2914));
#562=EDGE_LOOP('',(#2915));
#563=EDGE_LOOP('',(#2916));
#564=EDGE_LOOP('',(#2917,#2918,#2919,#2920));
#565=EDGE_LOOP('',(#2921,#2922,#2923,#2924));
#566=EDGE_LOOP('',(#2925,#2926,#2927));
#567=EDGE_LOOP('',(#2928,#2929,#2930,#2931));
#568=EDGE_LOOP('',(#2932,#2933,#2934,#2935));
#569=EDGE_LOOP('',(#2936,#2937,#2938));
#570=EDGE_LOOP('',(#2939,#2940,#2941,#2942));
#571=EDGE_LOOP('',(#2943,#2944,#2945,#2946));
#572=EDGE_LOOP('',(#2947,#2948,#2949));
#573=EDGE_LOOP('',(#2950,#2951,#2952,#2953));
#574=EDGE_LOOP('',(#2954,#2955,#2956,#2957,#2958));
#575=EDGE_LOOP('',(#2959,#2960,#2961,#2962,#2963,#2964));
#576=EDGE_LOOP('',(#2965,#2966,#2967,#2968,#2969));
#577=EDGE_LOOP('',(#2970,#2971,#2972,#2973));
#578=EDGE_LOOP('',(#2974,#2975,#2976,#2977,#2978));
#579=EDGE_LOOP('',(#2979,#2980,#2981,#2982,#2983,#2984));
#580=EDGE_LOOP('',(#2985,#2986,#2987,#2988,#2989));
#581=EDGE_LOOP('',(#2990,#2991,#2992,#2993));
#582=EDGE_LOOP('',(#2994,#2995,#2996,#2997,#2998,#2999));
#583=EDGE_LOOP('',(#3000,#3001,#3002,#3003));
#584=EDGE_LOOP('',(#3004,#3005,#3006,#3007));
#585=EDGE_LOOP('',(#3008,#3009,#3010,#3011,#3012,#3013));
#586=EDGE_LOOP('',(#3014,#3015,#3016,#3017,#3018,#3019));
#587=EDGE_LOOP('',(#3020,#3021,#3022,#3023,#3024));
#588=EDGE_LOOP('',(#3025,#3026,#3027,#3028));
#589=EDGE_LOOP('',(#3029,#3030,#3031,#3032,#3033));
#590=EDGE_LOOP('',(#3034,#3035,#3036,#3037));
#591=EDGE_LOOP('',(#3038,#3039,#3040,#3041,#3042));
#592=EDGE_LOOP('',(#3043,#3044,#3045,#3046));
#593=EDGE_LOOP('',(#3047,#3048,#3049,#3050,#3051));
#594=EDGE_LOOP('',(#3052,#3053,#3054,#3055,#3056,#3057));
#595=EDGE_LOOP('',(#3058,#3059,#3060,#3061,#3062,#3063));
#596=EDGE_LOOP('',(#3064,#3065,#3066,#3067,#3068,#3069));
#597=EDGE_LOOP('',(#3070,#3071,#3072,#3073));
#598=EDGE_LOOP('',(#3074,#3075,#3076,#3077,#3078));
#599=EDGE_LOOP('',(#3079,#3080,#3081,#3082,#3083));
#600=EDGE_LOOP('',(#3084,#3085,#3086,#3087,#3088,#3089));
#601=EDGE_LOOP('',(#3090,#3091,#3092,#3093,#3094));
#602=EDGE_LOOP('',(#3095,#3096,#3097,#3098,#3099,#3100));
#603=EDGE_LOOP('',(#3101,#3102,#3103,#3104,#3105));
#604=EDGE_LOOP('',(#3106,#3107,#3108,#3109,#3110,#3111));
#605=EDGE_LOOP('',(#3112,#3113,#3114,#3115,#3116));
#606=EDGE_LOOP('',(#3117,#3118,#3119,#3120,#3121,#3122));
#607=EDGE_LOOP('',(#3123,#3124,#3125,#3126,#3127));
#608=EDGE_LOOP('',(#3128,#3129,#3130,#3131,#3132,#3133));
#609=EDGE_LOOP('',(#3134,#3135,#3136,#3137));
#610=EDGE_LOOP('',(#3138,#3139,#3140,#3141));
#611=EDGE_LOOP('',(#3142,#3143,#3144,#3145));
#612=EDGE_LOOP('',(#3146,#3147,#3148,#3149));
#613=EDGE_LOOP('',(#3150,#3151,#3152,#3153));
#614=EDGE_LOOP('',(#3154,#3155,#3156,#3157));
#615=EDGE_LOOP('',(#3158,#3159,#3160,#3161));
#616=EDGE_LOOP('',(#3162,#3163,#3164,#3165));
#617=EDGE_LOOP('',(#3166,#3167,#3168,#3169));
#618=EDGE_LOOP('',(#3170,#3171,#3172,#3173));
#619=EDGE_LOOP('',(#3174,#3175,#3176,#3177));
#620=EDGE_LOOP('',(#3178,#3179,#3180,#3181,#3182,#3183,#3184,#3185,#3186,
#3187,#3188,#3189,#3190,#3191,#3192,#3193));
#621=EDGE_LOOP('',(#3194,#3195,#3196,#3197,#3198,#3199,#3200,#3201,#3202,
#3203));
#622=EDGE_LOOP('',(#3204,#3205,#3206,#3207,#3208,#3209));
#623=EDGE_LOOP('',(#3210,#3211,#3212,#3213));
#624=EDGE_LOOP('',(#3214,#3215,#3216,#3217));
#625=EDGE_LOOP('',(#3218,#3219,#3220,#3221));
#626=EDGE_LOOP('',(#3222,#3223,#3224,#3225));
#627=EDGE_LOOP('',(#3226,#3227,#3228,#3229));
#628=EDGE_LOOP('',(#3230,#3231,#3232,#3233));
#629=EDGE_LOOP('',(#3234,#3235,#3236,#3237));
#630=EDGE_LOOP('',(#3238,#3239,#3240,#3241));
#631=EDGE_LOOP('',(#3242,#3243,#3244,#3245));
#632=EDGE_LOOP('',(#3246,#3247,#3248,#3249));
#633=EDGE_LOOP('',(#3250,#3251,#3252,#3253));
#634=EDGE_LOOP('',(#3254,#3255,#3256,#3257));
#635=EDGE_LOOP('',(#3258,#3259,#3260,#3261));
#636=EDGE_LOOP('',(#3262,#3263,#3264,#3265));
#637=EDGE_LOOP('',(#3266,#3267,#3268,#3269));
#638=EDGE_LOOP('',(#3270,#3271,#3272,#3273));
#639=EDGE_LOOP('',(#3274,#3275,#3276,#3277));
#640=EDGE_LOOP('',(#3278,#3279,#3280,#3281));
#641=EDGE_LOOP('',(#3282,#3283,#3284,#3285));
#642=EDGE_LOOP('',(#3286,#3287,#3288,#3289));
#643=EDGE_LOOP('',(#3290,#3291,#3292,#3293));
#644=EDGE_LOOP('',(#3294,#3295,#3296,#3297));
#645=EDGE_LOOP('',(#3298,#3299,#3300,#3301));
#646=EDGE_LOOP('',(#3302,#3303,#3304,#3305,#3306));
#647=EDGE_LOOP('',(#3307,#3308,#3309,#3310));
#648=EDGE_LOOP('',(#3311,#3312,#3313,#3314));
#649=EDGE_LOOP('',(#3315,#3316,#3317,#3318,#3319));
#650=EDGE_LOOP('',(#3320,#3321,#3322,#3323,#3324));
#651=EDGE_LOOP('',(#3325));
#652=EDGE_LOOP('',(#3326,#3327,#3328,#3329,#3330));
#653=EDGE_LOOP('',(#3331,#3332,#3333,#3334,#3335));
#654=EDGE_LOOP('',(#3336));
#655=EDGE_LOOP('',(#3337,#3338,#3339,#3340,#3341));
#656=EDGE_LOOP('',(#3342,#3343,#3344,#3345,#3346));
#657=EDGE_LOOP('',(#3347));
#658=EDGE_LOOP('',(#3348));
#659=EDGE_LOOP('',(#3349,#3350,#3351,#3352));
#660=EDGE_LOOP('',(#3353));
#661=EDGE_LOOP('',(#3354));
#662=EDGE_LOOP('',(#3355,#3356,#3357,#3358));
#663=EDGE_LOOP('',(#3359));
#664=EDGE_LOOP('',(#3360));
#665=EDGE_LOOP('',(#3361,#3362,#3363,#3364));
#666=EDGE_LOOP('',(#3365));
#667=LINE('',#4890,#1049);
#668=LINE('',#4897,#1050);
#669=LINE('',#4923,#1051);
#670=LINE('',#4927,#1052);
#671=LINE('',#4931,#1053);
#672=LINE('',#4953,#1054);
#673=LINE('',#4959,#1055);
#674=LINE('',#4963,#1056);
#675=LINE('',#4986,#1057);
#676=LINE('',#4988,#1058);
#677=LINE('',#4996,#1059);
#678=LINE('',#4998,#1060);
#679=LINE('',#4999,#1061);
#680=LINE('',#5002,#1062);
#681=LINE('',#5004,#1063);
#682=LINE('',#5026,#1064);
#683=LINE('',#5028,#1065);
#684=LINE('',#5029,#1066);
#685=LINE('',#5034,#1067);
#686=LINE('',#5054,#1068);
#687=LINE('',#5070,#1069);
#688=LINE('',#5075,#1070);
#689=LINE('',#5076,#1071);
#690=LINE('',#5149,#1072);
#691=LINE('',#5151,#1073);
#692=LINE('',#5161,#1074);
#693=LINE('',#5163,#1075);
#694=LINE('',#5165,#1076);
#695=LINE('',#5179,#1077);
#696=LINE('',#5181,#1078);
#697=LINE('',#5182,#1079);
#698=LINE('',#5192,#1080);
#699=LINE('',#5194,#1081);
#700=LINE('',#5195,#1082);
#701=LINE('',#5199,#1083);
#702=LINE('',#5201,#1084);
#703=LINE('',#5202,#1085);
#704=LINE('',#5203,#1086);
#705=LINE('',#5207,#1087);
#706=LINE('',#5208,#1088);
#707=LINE('',#5209,#1089);
#708=LINE('',#5213,#1090);
#709=LINE('',#5215,#1091);
#710=LINE('',#5216,#1092);
#711=LINE('',#5218,#1093);
#712=LINE('',#5219,#1094);
#713=LINE('',#5223,#1095);
#714=LINE('',#5225,#1096);
#715=LINE('',#5227,#1097);
#716=LINE('',#5229,#1098);
#717=LINE('',#5231,#1099);
#718=LINE('',#5233,#1100);
#719=LINE('',#5234,#1101);
#720=LINE('',#5236,#1102);
#721=LINE('',#5238,#1103);
#722=LINE('',#5240,#1104);
#723=LINE('',#5242,#1105);
#724=LINE('',#5244,#1106);
#725=LINE('',#5246,#1107);
#726=LINE('',#5248,#1108);
#727=LINE('',#5250,#1109);
#728=LINE('',#5252,#1110);
#729=LINE('',#5254,#1111);
#730=LINE('',#5256,#1112);
#731=LINE('',#5257,#1113);
#732=LINE('',#5272,#1114);
#733=LINE('',#5276,#1115);
#734=LINE('',#5280,#1116);
#735=LINE('',#5284,#1117);
#736=LINE('',#5286,#1118);
#737=LINE('',#5288,#1119);
#738=LINE('',#5290,#1120);
#739=LINE('',#5292,#1121);
#740=LINE('',#5294,#1122);
#741=LINE('',#5296,#1123);
#742=LINE('',#5298,#1124);
#743=LINE('',#5300,#1125);
#744=LINE('',#5302,#1126);
#745=LINE('',#5304,#1127);
#746=LINE('',#5306,#1128);
#747=LINE('',#5308,#1129);
#748=LINE('',#5310,#1130);
#749=LINE('',#5312,#1131);
#750=LINE('',#5313,#1132);
#751=LINE('',#5316,#1133);
#752=LINE('',#5318,#1134);
#753=LINE('',#5320,#1135);
#754=LINE('',#5322,#1136);
#755=LINE('',#5324,#1137);
#756=LINE('',#5325,#1138);
#757=LINE('',#5329,#1139);
#758=LINE('',#5331,#1140);
#759=LINE('',#5333,#1141);
#760=LINE('',#5335,#1142);
#761=LINE('',#5337,#1143);
#762=LINE('',#5339,#1144);
#763=LINE('',#5341,#1145);
#764=LINE('',#5343,#1146);
#765=LINE('',#5345,#1147);
#766=LINE('',#5346,#1148);
#767=LINE('',#5350,#1149);
#768=LINE('',#5359,#1150);
#769=LINE('',#5361,#1151);
#770=LINE('',#5365,#1152);
#771=LINE('',#5374,#1153);
#772=LINE('',#5376,#1154);
#773=LINE('',#5380,#1155);
#774=LINE('',#5389,#1156);
#775=LINE('',#5391,#1157);
#776=LINE('',#5395,#1158);
#777=LINE('',#5404,#1159);
#778=LINE('',#5406,#1160);
#779=LINE('',#5410,#1161);
#780=LINE('',#5419,#1162);
#781=LINE('',#5421,#1163);
#782=LINE('',#5425,#1164);
#783=LINE('',#5434,#1165);
#784=LINE('',#5436,#1166);
#785=LINE('',#5439,#1167);
#786=LINE('',#5441,#1168);
#787=LINE('',#5442,#1169);
#788=LINE('',#5446,#1170);
#789=LINE('',#5452,#1171);
#790=LINE('',#5454,#1172);
#791=LINE('',#5456,#1173);
#792=LINE('',#5457,#1174);
#793=LINE('',#5459,#1175);
#794=LINE('',#5464,#1176);
#795=LINE('',#5466,#1177);
#796=LINE('',#5468,#1178);
#797=LINE('',#5470,#1179);
#798=LINE('',#5471,#1180);
#799=LINE('',#5475,#1181);
#800=LINE('',#5476,#1182);
#801=LINE('',#5477,#1183);
#802=LINE('',#5480,#1184);
#803=LINE('',#5482,#1185);
#804=LINE('',#5483,#1186);
#805=LINE('',#5487,#1187);
#806=LINE('',#5488,#1188);
#807=LINE('',#5490,#1189);
#808=LINE('',#5492,#1190);
#809=LINE('',#5494,#1191);
#810=LINE('',#5496,#1192);
#811=LINE('',#5498,#1193);
#812=LINE('',#5500,#1194);
#813=LINE('',#5501,#1195);
#814=LINE('',#5503,#1196);
#815=LINE('',#5505,#1197);
#816=LINE('',#5507,#1198);
#817=LINE('',#5509,#1199);
#818=LINE('',#5511,#1200);
#819=LINE('',#5513,#1201);
#820=LINE('',#5515,#1202);
#821=LINE('',#5516,#1203);
#822=LINE('',#5527,#1204);
#823=LINE('',#5531,#1205);
#824=LINE('',#5537,#1206);
#825=LINE('',#5542,#1207);
#826=LINE('',#5546,#1208);
#827=LINE('',#5552,#1209);
#828=LINE('',#5557,#1210);
#829=LINE('',#5561,#1211);
#830=LINE('',#5567,#1212);
#831=LINE('',#5570,#1213);
#832=LINE('',#5572,#1214);
#833=LINE('',#5573,#1215);
#834=LINE('',#5576,#1216);
#835=LINE('',#5578,#1217);
#836=LINE('',#5579,#1218);
#837=LINE('',#5582,#1219);
#838=LINE('',#5584,#1220);
#839=LINE('',#5586,#1221);
#840=LINE('',#5587,#1222);
#841=LINE('',#5589,#1223);
#842=LINE('',#5590,#1224);
#843=LINE('',#5593,#1225);
#844=LINE('',#5595,#1226);
#845=LINE('',#5596,#1227);
#846=LINE('',#5599,#1228);
#847=LINE('',#5600,#1229);
#848=LINE('',#5601,#1230);
#849=LINE('',#5604,#1231);
#850=LINE('',#5605,#1232);
#851=LINE('',#5608,#1233);
#852=LINE('',#5610,#1234);
#853=LINE('',#5611,#1235);
#854=LINE('',#5613,#1236);
#855=LINE('',#5616,#1237);
#856=LINE('',#5617,#1238);
#857=LINE('',#5620,#1239);
#858=LINE('',#5622,#1240);
#859=LINE('',#5623,#1241);
#860=LINE('',#5625,#1242);
#861=LINE('',#5628,#1243);
#862=LINE('',#5629,#1244);
#863=LINE('',#5632,#1245);
#864=LINE('',#5633,#1246);
#865=LINE('',#5636,#1247);
#866=LINE('',#5637,#1248);
#867=LINE('',#5640,#1249);
#868=LINE('',#5642,#1250);
#869=LINE('',#5643,#1251);
#870=LINE('',#5646,#1252);
#871=LINE('',#5647,#1253);
#872=LINE('',#5649,#1254);
#873=LINE('',#5650,#1255);
#874=LINE('',#5652,#1256);
#875=LINE('',#5656,#1257);
#876=LINE('',#5657,#1258);
#877=LINE('',#5661,#1259);
#878=LINE('',#5663,#1260);
#879=LINE('',#5664,#1261);
#880=LINE('',#5665,#1262);
#881=LINE('',#5668,#1263);
#882=LINE('',#5670,#1264);
#883=LINE('',#5671,#1265);
#884=LINE('',#5674,#1266);
#885=LINE('',#5675,#1267);
#886=LINE('',#5679,#1268);
#887=LINE('',#5681,#1269);
#888=LINE('',#5682,#1270);
#889=LINE('',#5683,#1271);
#890=LINE('',#5687,#1272);
#891=LINE('',#5689,#1273);
#892=LINE('',#5691,#1274);
#893=LINE('',#5693,#1275);
#894=LINE('',#5694,#1276);
#895=LINE('',#5695,#1277);
#896=LINE('',#5696,#1278);
#897=LINE('',#5698,#1279);
#898=LINE('',#5700,#1280);
#899=LINE('',#5702,#1281);
#900=LINE('',#5704,#1282);
#901=LINE('',#5706,#1283);
#902=LINE('',#5708,#1284);
#903=LINE('',#5710,#1285);
#904=LINE('',#5712,#1286);
#905=LINE('',#5713,#1287);
#906=LINE('',#5723,#1288);
#907=LINE('',#5727,#1289);
#908=LINE('',#5730,#1290);
#909=LINE('',#5734,#1291);
#910=LINE('',#5738,#1292);
#911=LINE('',#5741,#1293);
#912=LINE('',#5745,#1294);
#913=LINE('',#5749,#1295);
#914=LINE('',#5752,#1296);
#915=LINE('',#5755,#1297);
#916=LINE('',#5757,#1298);
#917=LINE('',#5758,#1299);
#918=LINE('',#5761,#1300);
#919=LINE('',#5763,#1301);
#920=LINE('',#5764,#1302);
#921=LINE('',#5767,#1303);
#922=LINE('',#5769,#1304);
#923=LINE('',#5771,#1305);
#924=LINE('',#5772,#1306);
#925=LINE('',#5775,#1307);
#926=LINE('',#5776,#1308);
#927=LINE('',#5779,#1309);
#928=LINE('',#5780,#1310);
#929=LINE('',#5782,#1311);
#930=LINE('',#5784,#1312);
#931=LINE('',#5785,#1313);
#932=LINE('',#5788,#1314);
#933=LINE('',#5790,#1315);
#934=LINE('',#5792,#1316);
#935=LINE('',#5793,#1317);
#936=LINE('',#5796,#1318);
#937=LINE('',#5797,#1319);
#938=LINE('',#5798,#1320);
#939=LINE('',#5800,#1321);
#940=LINE('',#5802,#1322);
#941=LINE('',#5804,#1323);
#942=LINE('',#5808,#1324);
#943=LINE('',#5810,#1325);
#944=LINE('',#5812,#1326);
#945=LINE('',#5813,#1327);
#946=LINE('',#5817,#1328);
#947=LINE('',#5818,#1329);
#948=LINE('',#5820,#1330);
#949=LINE('',#5821,#1331);
#950=LINE('',#5824,#1332);
#951=LINE('',#5825,#1333);
#952=LINE('',#5826,#1334);
#953=LINE('',#5829,#1335);
#954=LINE('',#5830,#1336);
#955=LINE('',#5833,#1337);
#956=LINE('',#5835,#1338);
#957=LINE('',#5836,#1339);
#958=LINE('',#5839,#1340);
#959=LINE('',#5840,#1341);
#960=LINE('',#5843,#1342);
#961=LINE('',#5845,#1343);
#962=LINE('',#5846,#1344);
#963=LINE('',#5849,#1345);
#964=LINE('',#5850,#1346);
#965=LINE('',#5852,#1347);
#966=LINE('',#5853,#1348);
#967=LINE('',#5855,#1349);
#968=LINE('',#5857,#1350);
#969=LINE('',#5862,#1351);
#970=LINE('',#5865,#1352);
#971=LINE('',#5867,#1353);
#972=LINE('',#5928,#1354);
#973=LINE('',#5930,#1355);
#974=LINE('',#5936,#1356);
#975=LINE('',#5938,#1357);
#976=LINE('',#5939,#1358);
#977=LINE('',#5942,#1359);
#978=LINE('',#5943,#1360);
#979=LINE('',#5946,#1361);
#980=LINE('',#5947,#1362);
#981=LINE('',#5950,#1363);
#982=LINE('',#5951,#1364);
#983=LINE('',#5954,#1365);
#984=LINE('',#5955,#1366);
#985=LINE('',#5958,#1367);
#986=LINE('',#5959,#1368);
#987=LINE('',#5962,#1369);
#988=LINE('',#5963,#1370);
#989=LINE('',#5966,#1371);
#990=LINE('',#5967,#1372);
#991=LINE('',#5970,#1373);
#992=LINE('',#5971,#1374);
#993=LINE('',#5973,#1375);
#994=LINE('',#5977,#1376);
#995=LINE('',#5979,#1377);
#996=LINE('',#5981,#1378);
#997=LINE('',#5983,#1379);
#998=LINE('',#5985,#1380);
#999=LINE('',#5987,#1381);
#1000=LINE('',#5989,#1382);
#1001=LINE('',#5991,#1383);
#1002=LINE('',#5993,#1384);
#1003=LINE('',#5995,#1385);
#1004=LINE('',#5997,#1386);
#1005=LINE('',#5999,#1387);
#1006=LINE('',#6001,#1388);
#1007=LINE('',#6003,#1389);
#1008=LINE('',#6005,#1390);
#1009=LINE('',#6006,#1391);
#1010=LINE('',#6010,#1392);
#1011=LINE('',#6012,#1393);
#1012=LINE('',#6014,#1394);
#1013=LINE('',#6016,#1395);
#1014=LINE('',#6018,#1396);
#1015=LINE('',#6019,#1397);
#1016=LINE('',#6021,#1398);
#1017=LINE('',#6022,#1399);
#1018=LINE('',#6024,#1400);
#1019=LINE('',#6026,#1401);
#1020=LINE('',#6028,#1402);
#1021=LINE('',#6030,#1403);
#1022=LINE('',#6032,#1404);
#1023=LINE('',#6034,#1405);
#1024=LINE('',#6036,#1406);
#1025=LINE('',#6038,#1407);
#1026=LINE('',#6040,#1408);
#1027=LINE('',#6042,#1409);
#1028=LINE('',#6044,#1410);
#1029=LINE('',#6046,#1411);
#1030=LINE('',#6048,#1412);
#1031=LINE('',#6050,#1413);
#1032=LINE('',#6053,#1414);
#1033=LINE('',#6054,#1415);
#1034=LINE('',#6056,#1416);
#1035=LINE('',#6058,#1417);
#1036=LINE('',#6060,#1418);
#1037=LINE('',#6062,#1419);
#1038=LINE('',#6065,#1420);
#1039=LINE('',#6067,#1421);
#1040=LINE('',#6074,#1422);
#1041=LINE('',#6078,#1423);
#1042=LINE('',#6085,#1424);
#1043=LINE('',#6089,#1425);
#1044=LINE('',#6096,#1426);
#1045=LINE('',#6100,#1427);
#1046=LINE('',#6109,#1428);
#1047=LINE('',#6117,#1429);
#1048=LINE('',#6125,#1430);
#1049=VECTOR('',#3910,6.82499999736);
#1050=VECTOR('',#3921,6.975);
#1051=VECTOR('',#3948,18.34999999953);
#1052=VECTOR('',#3953,18.5);
#1053=VECTOR('',#3956,2.2);
#1054=VECTOR('',#3959,2.2);
#1055=VECTOR('',#3966,10.);
#1056=VECTOR('',#3969,4.60752782861886);
#1057=VECTOR('',#3978,4.60752757780418);
#1058=VECTOR('',#3979,0.261589765063116);
#1059=VECTOR('',#3982,2.2);
#1060=VECTOR('',#3983,2.199999997971);
#1061=VECTOR('',#3984,4.60752759963212);
#1062=VECTOR('',#3987,0.426940840178911);
#1063=VECTOR('',#3988,2.2);
#1064=VECTOR('',#3995,0.261589765063005);
#1065=VECTOR('',#3996,10.);
#1066=VECTOR('',#3997,0.424228302323198);
#1067=VECTOR('',#4004,2.200025286246);
#1068=VECTOR('',#4009,34.68068626772);
#1069=VECTOR('',#4010,34.68068626772);
#1070=VECTOR('',#4015,4.60752759963212);
#1071=VECTOR('',#4016,0.426940840178911);
#1072=VECTOR('',#4017,0.8);
#1073=VECTOR('',#4018,0.8);
#1074=VECTOR('',#4021,20.79622176548);
#1075=VECTOR('',#4022,65.9);
#1076=VECTOR('',#4023,20.79622176548);
#1077=VECTOR('',#4026,20.79622176548);
#1078=VECTOR('',#4027,65.9);
#1079=VECTOR('',#4028,20.79622176548);
#1080=VECTOR('',#4031,21.35965686614);
#1081=VECTOR('',#4032,0.259807621135288);
#1082=VECTOR('',#4033,0.259807621135288);
#1083=VECTOR('',#4036,65.9);
#1084=VECTOR('',#4037,0.259807621135303);
#1085=VECTOR('',#4038,0.259807621135288);
#1086=VECTOR('',#4039,0.259807621135288);
#1087=VECTOR('',#4042,65.9);
#1088=VECTOR('',#4043,8.9);
#1089=VECTOR('',#4044,8.9);
#1090=VECTOR('',#4047,65.9);
#1091=VECTOR('',#4048,0.259807621135288);
#1092=VECTOR('',#4049,0.259807621135288);
#1093=VECTOR('',#4050,0.259807621135288);
#1094=VECTOR('',#4051,0.259807621135288);
#1095=VECTOR('',#4054,9.4);
#1096=VECTOR('',#4055,4.);
#1097=VECTOR('',#4056,20.6);
#1098=VECTOR('',#4057,4.);
#1099=VECTOR('',#4058,9.4);
#1100=VECTOR('',#4059,4.);
#1101=VECTOR('',#4060,19.);
#1102=VECTOR('',#4061,19.);
#1103=VECTOR('',#4062,4.);
#1104=VECTOR('',#4063,9.4);
#1105=VECTOR('',#4064,4.);
#1106=VECTOR('',#4065,20.6);
#1107=VECTOR('',#4066,4.);
#1108=VECTOR('',#4067,9.4);
#1109=VECTOR('',#4068,4.);
#1110=VECTOR('',#4069,19.);
#1111=VECTOR('',#4070,65.9);
#1112=VECTOR('',#4071,19.);
#1113=VECTOR('',#4072,4.);
#1114=VECTOR('',#4085,3.921539030917);
#1115=VECTOR('',#4088,3.92153903091687);
#1116=VECTOR('',#4091,3.92153903091687);
#1117=VECTOR('',#4094,2.124999940395);
#1118=VECTOR('',#4095,2.680851101875);
#1119=VECTOR('',#4096,0.75);
#1120=VECTOR('',#4097,6.);
#1121=VECTOR('',#4098,3.);
#1122=VECTOR('',#4099,0.637904469399192);
#1123=VECTOR('',#4100,0.629819456988733);
#1124=VECTOR('',#4101,0.633542744482104);
#1125=VECTOR('',#4102,0.402861809816409);
#1126=VECTOR('',#4103,0.5106385946274);
#1127=VECTOR('',#4104,0.402861809816409);
#1128=VECTOR('',#4105,0.633542744482104);
#1129=VECTOR('',#4106,0.561415829009283);
#1130=VECTOR('',#4107,3.14431559532706);
#1131=VECTOR('',#4108,0.8750002384186);
#1132=VECTOR('',#4109,2.86128686279711);
#1133=VECTOR('',#4110,0.7659574449062);
#1134=VECTOR('',#4111,4.5);
#1135=VECTOR('',#4112,6.);
#1136=VECTOR('',#4113,0.75);
#1137=VECTOR('',#4114,5.234042555094);
#1138=VECTOR('',#4115,3.75);
#1139=VECTOR('',#4118,0.357334453805019);
#1140=VECTOR('',#4119,0.402861809816409);
#1141=VECTOR('',#4120,0.3829790353775);
#1142=VECTOR('',#4121,0.402861809816409);
#1143=VECTOR('',#4122,0.357334453805019);
#1144=VECTOR('',#4123,0.396133769158697);
#1145=VECTOR('',#4124,2.374999880791);
#1146=VECTOR('',#4125,1.914893746376);
#1147=VECTOR('',#4126,2.374999880791);
#1148=VECTOR('',#4127,0.396133769158697);
#1149=VECTOR('',#4132,4.25);
#1150=VECTOR('',#4143,2.1);
#1151=VECTOR('',#4146,2.249999991625);
#1152=VECTOR('',#4151,4.25);
#1153=VECTOR('',#4162,2.1);
#1154=VECTOR('',#4165,2.249999991625);
#1155=VECTOR('',#4170,4.25);
#1156=VECTOR('',#4181,2.1);
#1157=VECTOR('',#4184,2.249999991625);
#1158=VECTOR('',#4189,4.25);
#1159=VECTOR('',#4200,2.1);
#1160=VECTOR('',#4203,2.249999991625);
#1161=VECTOR('',#4208,4.25);
#1162=VECTOR('',#4219,2.1);
#1163=VECTOR('',#4222,2.249999991625);
#1164=VECTOR('',#4227,4.25);
#1165=VECTOR('',#4238,2.1);
#1166=VECTOR('',#4241,2.249999991625);
#1167=VECTOR('',#4244,0.5);
#1168=VECTOR('',#4245,3.921539030917);
#1169=VECTOR('',#4246,0.5);
#1170=VECTOR('',#4251,0.5);
#1171=VECTOR('',#4256,3.92153903091687);
#1172=VECTOR('',#4259,3.92153903091687);
#1173=VECTOR('',#4262,0.5);
#1174=VECTOR('',#4263,0.5);
#1175=VECTOR('',#4266,0.5);
#1176=VECTOR('',#4273,0.259807621135288);
#1177=VECTOR('',#4274,0.259807621135288);
#1178=VECTOR('',#4275,9.4);
#1179=VECTOR('',#4276,0.259807621135288);
#1180=VECTOR('',#4277,0.259807621135288);
#1181=VECTOR('',#4280,3.7);
#1182=VECTOR('',#4281,0.519615242270677);
#1183=VECTOR('',#4282,0.259807621135288);
#1184=VECTOR('',#4285,6.4);
#1185=VECTOR('',#4286,3.7);
#1186=VECTOR('',#4287,6.4);
#1187=VECTOR('',#4290,6.4);
#1188=VECTOR('',#4291,20.);
#1189=VECTOR('',#4292,0.424264068711901);
#1190=VECTOR('',#4293,9.4);
#1191=VECTOR('',#4294,0.424264068711901);
#1192=VECTOR('',#4295,6.4);
#1193=VECTOR('',#4296,18.7);
#1194=VECTOR('',#4297,8.9);
#1195=VECTOR('',#4298,21.35965686614);
#1196=VECTOR('',#4299,0.8);
#1197=VECTOR('',#4300,21.35965686614);
#1198=VECTOR('',#4301,8.9);
#1199=VECTOR('',#4302,18.7);
#1200=VECTOR('',#4303,6.4);
#1201=VECTOR('',#4304,0.424264068711901);
#1202=VECTOR('',#4305,9.4);
#1203=VECTOR('',#4306,0.424264068711872);
#1204=VECTOR('',#4317,1.98);
#1205=VECTOR('',#4322,1.8);
#1206=VECTOR('',#4329,0.9564569948428);
#1207=VECTOR('',#4334,1.98);
#1208=VECTOR('',#4339,1.8);
#1209=VECTOR('',#4346,0.9564569948428);
#1210=VECTOR('',#4351,1.98);
#1211=VECTOR('',#4356,1.8);
#1212=VECTOR('',#4363,0.9564569948428);
#1213=VECTOR('',#4366,3.7);
#1214=VECTOR('',#4367,6.4);
#1215=VECTOR('',#4368,3.7);
#1216=VECTOR('',#4371,3.7);
#1217=VECTOR('',#4372,0.259807621135288);
#1218=VECTOR('',#4373,0.259807621135288);
#1219=VECTOR('',#4376,0.259807621135288);
#1220=VECTOR('',#4377,6.4);
#1221=VECTOR('',#4378,0.259807621135303);
#1222=VECTOR('',#4379,0.259807621135288);
#1223=VECTOR('',#4382,0.519615242270677);
#1224=VECTOR('',#4383,0.259807621135303);
#1225=VECTOR('',#4386,9.4);
#1226=VECTOR('',#4387,0.259807621135303);
#1227=VECTOR('',#4388,0.259807621135288);
#1228=VECTOR('',#4391,3.7);
#1229=VECTOR('',#4392,0.519615242270677);
#1230=VECTOR('',#4393,0.259807621135288);
#1231=VECTOR('',#4396,6.4);
#1232=VECTOR('',#4397,3.7);
#1233=VECTOR('',#4400,3.7);
#1234=VECTOR('',#4401,0.259807621135288);
#1235=VECTOR('',#4402,0.259807621135288);
#1236=VECTOR('',#4405,9.4);
#1237=VECTOR('',#4408,9.4);
#1238=VECTOR('',#4409,0.259807621135288);
#1239=VECTOR('',#4412,6.4);
#1240=VECTOR('',#4413,9.4);
#1241=VECTOR('',#4414,6.4);
#1242=VECTOR('',#4417,6.4);
#1243=VECTOR('',#4420,0.259807621135288);
#1244=VECTOR('',#4421,0.259807621135288);
#1245=VECTOR('',#4424,3.7);
#1246=VECTOR('',#4425,0.259807621135288);
#1247=VECTOR('',#4428,9.4);
#1248=VECTOR('',#4429,3.7);
#1249=VECTOR('',#4432,3.7);
#1250=VECTOR('',#4433,0.259807621135288);
#1251=VECTOR('',#4434,0.259807621135288);
#1252=VECTOR('',#4437,6.4);
#1253=VECTOR('',#4438,3.7);
#1254=VECTOR('',#4441,0.519615242270677);
#1255=VECTOR('',#4442,0.259807621135288);
#1256=VECTOR('',#4445,0.259807621135288);
#1257=VECTOR('',#4450,0.259807621135303);
#1258=VECTOR('',#4451,0.259807621135303);
#1259=VECTOR('',#4454,8.9);
#1260=VECTOR('',#4455,0.259807621135288);
#1261=VECTOR('',#4456,0.259807621135288);
#1262=VECTOR('',#4457,0.259807621135288);
#1263=VECTOR('',#4460,65.9);
#1264=VECTOR('',#4461,8.9);
#1265=VECTOR('',#4462,65.9);
#1266=VECTOR('',#4465,0.259807621135288);
#1267=VECTOR('',#4466,0.259807621135288);
#1268=VECTOR('',#4469,8.9);
#1269=VECTOR('',#4470,0.259807621135288);
#1270=VECTOR('',#4471,0.259807621135303);
#1271=VECTOR('',#4472,0.259807621135288);
#1272=VECTOR('',#4475,9.4);
#1273=VECTOR('',#4476,0.424264068711872);
#1274=VECTOR('',#4477,6.4);
#1275=VECTOR('',#4478,18.7);
#1276=VECTOR('',#4479,8.9);
#1277=VECTOR('',#4480,0.8);
#1278=VECTOR('',#4481,21.35965686614);
#1279=VECTOR('',#4482,18.7);
#1280=VECTOR('',#4483,6.4);
#1281=VECTOR('',#4484,0.424264068711901);
#1282=VECTOR('',#4485,9.4);
#1283=VECTOR('',#4486,0.424264068711872);
#1284=VECTOR('',#4487,6.4);
#1285=VECTOR('',#4488,20.);
#1286=VECTOR('',#4489,6.4);
#1287=VECTOR('',#4490,0.424264068711872);
#1288=VECTOR('',#4501,1.98);
#1289=VECTOR('',#4506,1.8);
#1290=VECTOR('',#4509,0.9564569948428);
#1291=VECTOR('',#4514,1.98);
#1292=VECTOR('',#4519,1.8);
#1293=VECTOR('',#4522,0.9564569948428);
#1294=VECTOR('',#4527,1.98);
#1295=VECTOR('',#4532,1.8);
#1296=VECTOR('',#4535,0.9564569948428);
#1297=VECTOR('',#4538,3.7);
#1298=VECTOR('',#4539,9.4);
#1299=VECTOR('',#4540,3.7);
#1300=VECTOR('',#4543,3.7);
#1301=VECTOR('',#4544,0.259807621135288);
#1302=VECTOR('',#4545,0.259807621135288);
#1303=VECTOR('',#4548,0.259807621135303);
#1304=VECTOR('',#4549,9.4);
#1305=VECTOR('',#4550,0.259807621135288);
#1306=VECTOR('',#4551,0.259807621135288);
#1307=VECTOR('',#4554,3.7);
#1308=VECTOR('',#4555,0.259807621135288);
#1309=VECTOR('',#4558,6.4);
#1310=VECTOR('',#4559,3.7);
#1311=VECTOR('',#4562,0.519615242270677);
#1312=VECTOR('',#4563,0.259807621135303);
#1313=VECTOR('',#4564,0.259807621135288);
#1314=VECTOR('',#4567,0.259807621135303);
#1315=VECTOR('',#4568,9.4);
#1316=VECTOR('',#4569,0.259807621135303);
#1317=VECTOR('',#4570,0.259807621135288);
#1318=VECTOR('',#4573,3.7);
#1319=VECTOR('',#4574,0.519615242270677);
#1320=VECTOR('',#4575,0.259807621135303);
#1321=VECTOR('',#4578,6.4);
#1322=VECTOR('',#4581,6.4);
#1323=VECTOR('',#4584,6.4);
#1324=VECTOR('',#4587,9.4);
#1325=VECTOR('',#4588,6.4);
#1326=VECTOR('',#4589,9.4);
#1327=VECTOR('',#4590,6.4);
#1328=VECTOR('',#4595,0.259807621135288);
#1329=VECTOR('',#4596,0.259807621135303);
#1330=VECTOR('',#4597,0.259807621135303);
#1331=VECTOR('',#4598,0.259807621135288);
#1332=VECTOR('',#4601,3.7);
#1333=VECTOR('',#4602,0.519615242270677);
#1334=VECTOR('',#4603,0.259807621135288);
#1335=VECTOR('',#4606,6.4);
#1336=VECTOR('',#4607,3.7);
#1337=VECTOR('',#4610,3.7);
#1338=VECTOR('',#4611,0.259807621135288);
#1339=VECTOR('',#4612,0.259807621135303);
#1340=VECTOR('',#4615,9.4);
#1341=VECTOR('',#4616,3.7);
#1342=VECTOR('',#4619,3.7);
#1343=VECTOR('',#4620,0.259807621135288);
#1344=VECTOR('',#4621,0.259807621135288);
#1345=VECTOR('',#4624,6.4);
#1346=VECTOR('',#4625,3.7);
#1347=VECTOR('',#4628,0.519615242270677);
#1348=VECTOR('',#4629,0.259807621135288);
#1349=VECTOR('',#4632,0.259807621135288);
#1350=VECTOR('',#4635,0.259807621135288);
#1351=VECTOR('',#4644,0.259807621135288);
#1352=VECTOR('',#4649,0.259807621135288);
#1353=VECTOR('',#4652,0.259807621135288);
#1354=VECTOR('',#4657,0.259807621135303);
#1355=VECTOR('',#4660,0.259807621135288);
#1356=VECTOR('',#4669,0.3);
#1357=VECTOR('',#4670,0.357334453805019);
#1358=VECTOR('',#4671,0.3);
#1359=VECTOR('',#4674,0.402861809816409);
#1360=VECTOR('',#4675,0.3);
#1361=VECTOR('',#4678,0.3829790353775);
#1362=VECTOR('',#4679,0.3);
#1363=VECTOR('',#4682,0.402861809816409);
#1364=VECTOR('',#4683,0.3);
#1365=VECTOR('',#4686,0.357334453805019);
#1366=VECTOR('',#4687,0.3);
#1367=VECTOR('',#4690,0.396133769158697);
#1368=VECTOR('',#4691,0.3);
#1369=VECTOR('',#4694,2.374999880791);
#1370=VECTOR('',#4695,0.3);
#1371=VECTOR('',#4698,1.914893746376);
#1372=VECTOR('',#4699,0.3);
#1373=VECTOR('',#4702,2.374999880791);
#1374=VECTOR('',#4703,0.3);
#1375=VECTOR('',#4706,0.396133769158697);
#1376=VECTOR('',#4709,2.86128686279711);
#1377=VECTOR('',#4710,0.8750002384186);
#1378=VECTOR('',#4711,3.14431559532706);
#1379=VECTOR('',#4712,0.561415829009283);
#1380=VECTOR('',#4713,0.633542744482104);
#1381=VECTOR('',#4714,0.402861809816409);
#1382=VECTOR('',#4715,0.5106385946274);
#1383=VECTOR('',#4716,0.402861809816409);
#1384=VECTOR('',#4717,0.633542744482104);
#1385=VECTOR('',#4718,0.629819456988733);
#1386=VECTOR('',#4719,0.637904469399192);
#1387=VECTOR('',#4720,3.);
#1388=VECTOR('',#4721,6.);
#1389=VECTOR('',#4722,0.75);
#1390=VECTOR('',#4723,2.680851101875);
#1391=VECTOR('',#4724,2.124999940395);
#1392=VECTOR('',#4727,3.75);
#1393=VECTOR('',#4728,5.234042555094);
#1394=VECTOR('',#4729,0.75);
#1395=VECTOR('',#4730,6.);
#1396=VECTOR('',#4731,4.5);
#1397=VECTOR('',#4732,0.7659574449062);
#1398=VECTOR('',#4735,0.3);
#1399=VECTOR('',#4736,0.3);
#1400=VECTOR('',#4739,0.3);
#1401=VECTOR('',#4742,0.3);
#1402=VECTOR('',#4745,0.3);
#1403=VECTOR('',#4748,0.3);
#1404=VECTOR('',#4751,0.3);
#1405=VECTOR('',#4754,0.3);
#1406=VECTOR('',#4757,0.3);
#1407=VECTOR('',#4760,0.3);
#1408=VECTOR('',#4763,0.3);
#1409=VECTOR('',#4766,0.3);
#1410=VECTOR('',#4769,0.3);
#1411=VECTOR('',#4772,0.3);
#1412=VECTOR('',#4775,0.3);
#1413=VECTOR('',#4778,0.3);
#1414=VECTOR('',#4783,0.3);
#1415=VECTOR('',#4784,0.3);
#1416=VECTOR('',#4787,0.3);
#1417=VECTOR('',#4790,0.3);
#1418=VECTOR('',#4793,0.3);
#1419=VECTOR('',#4796,0.3);
#1420=VECTOR('',#4801,2.2);
#1421=VECTOR('',#4804,2.2);
#1422=VECTOR('',#4813,2.149999991878);
#1423=VECTOR('',#4818,2.);
#1424=VECTOR('',#4827,2.149999991878);
#1425=VECTOR('',#4832,2.);
#1426=VECTOR('',#4841,2.149999991878);
#1427=VECTOR('',#4846,2.);
#1428=VECTOR('',#4859,2.);
#1429=VECTOR('',#4870,2.);
#1430=VECTOR('',#4881,2.);
#1431=CIRCLE('',#3607,6.975);
#1432=CIRCLE('',#3608,6.675);
#1433=CIRCLE('',#3609,6.975);
#1434=CIRCLE('',#3612,6.975);
#1435=CIRCLE('',#3614,18.2);
#1436=CIRCLE('',#3615,2.3);
#1437=CIRCLE('',#3616,2.3);
#1438=CIRCLE('',#3617,2.3);
#1439=CIRCLE('',#3618,2.4);
#1440=CIRCLE('',#3619,2.4);
#1441=CIRCLE('',#3620,2.4);
#1442=CIRCLE('',#3621,2.4);
#1443=CIRCLE('',#3622,2.4);
#1444=CIRCLE('',#3623,2.4);
#1445=CIRCLE('',#3625,18.5);
#1446=CIRCLE('',#3626,18.5);
#1447=CIRCLE('',#3628,18.5);
#1448=CIRCLE('',#3629,18.5);
#1449=CIRCLE('',#3630,18.5);
#1450=CIRCLE('',#3632,0.9);
#1451=CIRCLE('',#3633,23.7);
#1452=CIRCLE('',#3634,0.9);
#1453=CIRCLE('',#3636,0.6);
#1454=CIRCLE('',#3641,24.);
#1455=CIRCLE('',#3644,0.6);
#1456=CIRCLE('',#3646,0.6);
#1457=CIRCLE('',#3648,24.);
#1458=CIRCLE('',#3649,0.6);
#1459=CIRCLE('',#3657,4.25);
#1460=CIRCLE('',#3658,4.25);
#1461=CIRCLE('',#3659,4.25);
#1462=CIRCLE('',#3660,4.25);
#1463=CIRCLE('',#3661,4.25);
#1464=CIRCLE('',#3662,4.25);
#1465=CIRCLE('',#3663,0.6);
#1466=CIRCLE('',#3664,0.6);
#1467=CIRCLE('',#3665,0.6);
#1468=CIRCLE('',#3668,4.25);
#1469=CIRCLE('',#3670,2.1);
#1470=CIRCLE('',#3672,2.1);
#1471=CIRCLE('',#3673,2.1);
#1472=CIRCLE('',#3676,4.25);
#1473=CIRCLE('',#3678,2.1);
#1474=CIRCLE('',#3680,2.1);
#1475=CIRCLE('',#3681,2.1);
#1476=CIRCLE('',#3684,4.25);
#1477=CIRCLE('',#3686,2.1);
#1478=CIRCLE('',#3688,2.1);
#1479=CIRCLE('',#3689,2.1);
#1480=CIRCLE('',#3692,4.25);
#1481=CIRCLE('',#3694,2.1);
#1482=CIRCLE('',#3696,2.1);
#1483=CIRCLE('',#3697,2.1);
#1484=CIRCLE('',#3700,4.25);
#1485=CIRCLE('',#3702,2.1);
#1486=CIRCLE('',#3704,2.1);
#1487=CIRCLE('',#3705,2.1);
#1488=CIRCLE('',#3708,4.25);
#1489=CIRCLE('',#3710,2.1);
#1490=CIRCLE('',#3712,2.1);
#1491=CIRCLE('',#3713,2.1);
#1492=CIRCLE('',#3717,0.6);
#1493=CIRCLE('',#3719,0.6);
#1494=CIRCLE('',#3720,0.6);
#1495=CIRCLE('',#3729,2.16);
#1496=CIRCLE('',#3730,2.16);
#1497=CIRCLE('',#3731,2.16);
#1498=CIRCLE('',#3733,1.8);
#1499=CIRCLE('',#3734,1.8);
#1500=CIRCLE('',#3736,1.8);
#1501=CIRCLE('',#3737,1.8);
#1502=CIRCLE('',#3740,1.8);
#1503=CIRCLE('',#3741,1.8);
#1504=CIRCLE('',#3743,1.8);
#1505=CIRCLE('',#3744,1.8);
#1506=CIRCLE('',#3747,1.8);
#1507=CIRCLE('',#3748,1.8);
#1508=CIRCLE('',#3750,1.8);
#1509=CIRCLE('',#3751,1.8);
#1510=CIRCLE('',#3779,2.16);
#1511=CIRCLE('',#3780,2.16);
#1512=CIRCLE('',#3781,2.16);
#1513=CIRCLE('',#3783,1.8);
#1514=CIRCLE('',#3785,1.8);
#1515=CIRCLE('',#3788,1.8);
#1516=CIRCLE('',#3790,1.8);
#1517=CIRCLE('',#3793,1.8);
#1518=CIRCLE('',#3795,1.8);
#1519=CIRCLE('',#3872,2.);
#1520=CIRCLE('',#3873,2.);
#1521=CIRCLE('',#3875,2.);
#1522=CIRCLE('',#3878,2.);
#1523=CIRCLE('',#3879,2.);
#1524=CIRCLE('',#3881,2.);
#1525=CIRCLE('',#3884,2.);
#1526=CIRCLE('',#3885,2.);
#1527=CIRCLE('',#3887,2.);
#1528=CIRCLE('',#3890,2.);
#1529=CIRCLE('',#3892,2.);
#1530=CIRCLE('',#3895,2.);
#1531=CIRCLE('',#3897,2.);
#1532=CIRCLE('',#3900,2.);
#1533=CIRCLE('',#3902,2.);
#1534=VERTEX_POINT('',#4886);
#1535=VERTEX_POINT('',#4887);
#1536=VERTEX_POINT('',#4889);
#1537=VERTEX_POINT('',#4895);
#1538=VERTEX_POINT('',#4899);
#1539=VERTEX_POINT('',#4901);
#1540=VERTEX_POINT('',#4903);
#1541=VERTEX_POINT('',#4905);
#1542=VERTEX_POINT('',#4907);
#1543=VERTEX_POINT('',#4909);
#1544=VERTEX_POINT('',#4911);
#1545=VERTEX_POINT('',#4913);
#1546=VERTEX_POINT('',#4915);
#1547=VERTEX_POINT('',#4917);
#1548=VERTEX_POINT('',#4920);
#1549=VERTEX_POINT('',#4921);
#1550=VERTEX_POINT('',#4926);
#1551=VERTEX_POINT('',#4928);
#1552=VERTEX_POINT('',#4930);
#1553=VERTEX_POINT('',#4932);
#1554=VERTEX_POINT('',#4941);
#1555=VERTEX_POINT('',#4943);
#1556=VERTEX_POINT('',#4952);
#1557=VERTEX_POINT('',#4956);
#1558=VERTEX_POINT('',#4958);
#1559=VERTEX_POINT('',#4960);
#1560=VERTEX_POINT('',#4962);
#1561=VERTEX_POINT('',#4966);
#1562=VERTEX_POINT('',#4985);
#1563=VERTEX_POINT('',#4987);
#1564=VERTEX_POINT('',#4995);
#1565=VERTEX_POINT('',#4997);
#1566=VERTEX_POINT('',#5001);
#1567=VERTEX_POINT('',#5003);
#1568=VERTEX_POINT('',#5011);
#1569=VERTEX_POINT('',#5013);
#1570=VERTEX_POINT('',#5025);
#1571=VERTEX_POINT('',#5027);
#1572=VERTEX_POINT('',#5033);
#1573=VERTEX_POINT('',#5037);
#1574=VERTEX_POINT('',#5038);
#1575=VERTEX_POINT('',#5053);
#1576=VERTEX_POINT('',#5055);
#1577=VERTEX_POINT('',#5071);
#1578=VERTEX_POINT('',#5074);
#1579=VERTEX_POINT('',#5129);
#1580=VERTEX_POINT('',#5130);
#1581=VERTEX_POINT('',#5142);
#1582=VERTEX_POINT('',#5150);
#1583=VERTEX_POINT('',#5159);
#1584=VERTEX_POINT('',#5160);
#1585=VERTEX_POINT('',#5162);
#1586=VERTEX_POINT('',#5164);
#1587=VERTEX_POINT('',#5178);
#1588=VERTEX_POINT('',#5180);
#1589=VERTEX_POINT('',#5184);
#1590=VERTEX_POINT('',#5191);
#1591=VERTEX_POINT('',#5193);
#1592=VERTEX_POINT('',#5197);
#1593=VERTEX_POINT('',#5198);
#1594=VERTEX_POINT('',#5200);
#1595=VERTEX_POINT('',#5205);
#1596=VERTEX_POINT('',#5206);
#1597=VERTEX_POINT('',#5211);
#1598=VERTEX_POINT('',#5212);
#1599=VERTEX_POINT('',#5214);
#1600=VERTEX_POINT('',#5217);
#1601=VERTEX_POINT('',#5221);
#1602=VERTEX_POINT('',#5222);
#1603=VERTEX_POINT('',#5224);
#1604=VERTEX_POINT('',#5226);
#1605=VERTEX_POINT('',#5228);
#1606=VERTEX_POINT('',#5230);
#1607=VERTEX_POINT('',#5232);
#1608=VERTEX_POINT('',#5235);
#1609=VERTEX_POINT('',#5237);
#1610=VERTEX_POINT('',#5239);
#1611=VERTEX_POINT('',#5241);
#1612=VERTEX_POINT('',#5243);
#1613=VERTEX_POINT('',#5245);
#1614=VERTEX_POINT('',#5247);
#1615=VERTEX_POINT('',#5249);
#1616=VERTEX_POINT('',#5251);
#1617=VERTEX_POINT('',#5253);
#1618=VERTEX_POINT('',#5255);
#1619=VERTEX_POINT('',#5258);
#1620=VERTEX_POINT('',#5260);
#1621=VERTEX_POINT('',#5262);
#1622=VERTEX_POINT('',#5264);
#1623=VERTEX_POINT('',#5266);
#1624=VERTEX_POINT('',#5268);
#1625=VERTEX_POINT('',#5270);
#1626=VERTEX_POINT('',#5271);
#1627=VERTEX_POINT('',#5273);
#1628=VERTEX_POINT('',#5275);
#1629=VERTEX_POINT('',#5277);
#1630=VERTEX_POINT('',#5279);
#1631=VERTEX_POINT('',#5282);
#1632=VERTEX_POINT('',#5283);
#1633=VERTEX_POINT('',#5285);
#1634=VERTEX_POINT('',#5287);
#1635=VERTEX_POINT('',#5289);
#1636=VERTEX_POINT('',#5291);
#1637=VERTEX_POINT('',#5293);
#1638=VERTEX_POINT('',#5295);
#1639=VERTEX_POINT('',#5297);
#1640=VERTEX_POINT('',#5299);
#1641=VERTEX_POINT('',#5301);
#1642=VERTEX_POINT('',#5303);
#1643=VERTEX_POINT('',#5305);
#1644=VERTEX_POINT('',#5307);
#1645=VERTEX_POINT('',#5309);
#1646=VERTEX_POINT('',#5311);
#1647=VERTEX_POINT('',#5314);
#1648=VERTEX_POINT('',#5315);
#1649=VERTEX_POINT('',#5317);
#1650=VERTEX_POINT('',#5319);
#1651=VERTEX_POINT('',#5321);
#1652=VERTEX_POINT('',#5323);
#1653=VERTEX_POINT('',#5327);
#1654=VERTEX_POINT('',#5328);
#1655=VERTEX_POINT('',#5330);
#1656=VERTEX_POINT('',#5332);
#1657=VERTEX_POINT('',#5334);
#1658=VERTEX_POINT('',#5336);
#1659=VERTEX_POINT('',#5338);
#1660=VERTEX_POINT('',#5340);
#1661=VERTEX_POINT('',#5342);
#1662=VERTEX_POINT('',#5344);
#1663=VERTEX_POINT('',#5348);
#1664=VERTEX_POINT('',#5352);
#1665=VERTEX_POINT('',#5355);
#1666=VERTEX_POINT('',#5356);
#1667=VERTEX_POINT('',#5363);
#1668=VERTEX_POINT('',#5367);
#1669=VERTEX_POINT('',#5370);
#1670=VERTEX_POINT('',#5371);
#1671=VERTEX_POINT('',#5378);
#1672=VERTEX_POINT('',#5382);
#1673=VERTEX_POINT('',#5385);
#1674=VERTEX_POINT('',#5386);
#1675=VERTEX_POINT('',#5393);
#1676=VERTEX_POINT('',#5397);
#1677=VERTEX_POINT('',#5400);
#1678=VERTEX_POINT('',#5401);
#1679=VERTEX_POINT('',#5408);
#1680=VERTEX_POINT('',#5412);
#1681=VERTEX_POINT('',#5415);
#1682=VERTEX_POINT('',#5416);
#1683=VERTEX_POINT('',#5423);
#1684=VERTEX_POINT('',#5427);
#1685=VERTEX_POINT('',#5430);
#1686=VERTEX_POINT('',#5431);
#1687=VERTEX_POINT('',#5438);
#1688=VERTEX_POINT('',#5440);
#1689=VERTEX_POINT('',#5444);
#1690=VERTEX_POINT('',#5448);
#1691=VERTEX_POINT('',#5449);
#1692=VERTEX_POINT('',#5451);
#1693=VERTEX_POINT('',#5463);
#1694=VERTEX_POINT('',#5465);
#1695=VERTEX_POINT('',#5467);
#1696=VERTEX_POINT('',#5469);
#1697=VERTEX_POINT('',#5473);
#1698=VERTEX_POINT('',#5474);
#1699=VERTEX_POINT('',#5479);
#1700=VERTEX_POINT('',#5481);
#1701=VERTEX_POINT('',#5485);
#1702=VERTEX_POINT('',#5486);
#1703=VERTEX_POINT('',#5489);
#1704=VERTEX_POINT('',#5491);
#1705=VERTEX_POINT('',#5493);
#1706=VERTEX_POINT('',#5495);
#1707=VERTEX_POINT('',#5497);
#1708=VERTEX_POINT('',#5499);
#1709=VERTEX_POINT('',#5502);
#1710=VERTEX_POINT('',#5504);
#1711=VERTEX_POINT('',#5506);
#1712=VERTEX_POINT('',#5508);
#1713=VERTEX_POINT('',#5510);
#1714=VERTEX_POINT('',#5512);
#1715=VERTEX_POINT('',#5514);
#1716=VERTEX_POINT('',#5517);
#1717=VERTEX_POINT('',#5519);
#1718=VERTEX_POINT('',#5521);
#1719=VERTEX_POINT('',#5524);
#1720=VERTEX_POINT('',#5525);
#1721=VERTEX_POINT('',#5530);
#1722=VERTEX_POINT('',#5532);
#1723=VERTEX_POINT('',#5536);
#1724=VERTEX_POINT('',#5539);
#1725=VERTEX_POINT('',#5540);
#1726=VERTEX_POINT('',#5545);
#1727=VERTEX_POINT('',#5547);
#1728=VERTEX_POINT('',#5551);
#1729=VERTEX_POINT('',#5554);
#1730=VERTEX_POINT('',#5555);
#1731=VERTEX_POINT('',#5560);
#1732=VERTEX_POINT('',#5562);
#1733=VERTEX_POINT('',#5566);
#1734=VERTEX_POINT('',#5569);
#1735=VERTEX_POINT('',#5571);
#1736=VERTEX_POINT('',#5575);
#1737=VERTEX_POINT('',#5577);
#1738=VERTEX_POINT('',#5581);
#1739=VERTEX_POINT('',#5583);
#1740=VERTEX_POINT('',#5585);
#1741=VERTEX_POINT('',#5592);
#1742=VERTEX_POINT('',#5594);
#1743=VERTEX_POINT('',#5598);
#1744=VERTEX_POINT('',#5603);
#1745=VERTEX_POINT('',#5607);
#1746=VERTEX_POINT('',#5609);
#1747=VERTEX_POINT('',#5615);
#1748=VERTEX_POINT('',#5619);
#1749=VERTEX_POINT('',#5621);
#1750=VERTEX_POINT('',#5627);
#1751=VERTEX_POINT('',#5631);
#1752=VERTEX_POINT('',#5635);
#1753=VERTEX_POINT('',#5639);
#1754=VERTEX_POINT('',#5641);
#1755=VERTEX_POINT('',#5645);
#1756=VERTEX_POINT('',#5655);
#1757=VERTEX_POINT('',#5659);
#1758=VERTEX_POINT('',#5660);
#1759=VERTEX_POINT('',#5662);
#1760=VERTEX_POINT('',#5667);
#1761=VERTEX_POINT('',#5669);
#1762=VERTEX_POINT('',#5673);
#1763=VERTEX_POINT('',#5677);
#1764=VERTEX_POINT('',#5678);
#1765=VERTEX_POINT('',#5680);
#1766=VERTEX_POINT('',#5685);
#1767=VERTEX_POINT('',#5686);
#1768=VERTEX_POINT('',#5688);
#1769=VERTEX_POINT('',#5690);
#1770=VERTEX_POINT('',#5692);
#1771=VERTEX_POINT('',#5697);
#1772=VERTEX_POINT('',#5699);
#1773=VERTEX_POINT('',#5701);
#1774=VERTEX_POINT('',#5703);
#1775=VERTEX_POINT('',#5705);
#1776=VERTEX_POINT('',#5707);
#1777=VERTEX_POINT('',#5709);
#1778=VERTEX_POINT('',#5711);
#1779=VERTEX_POINT('',#5714);
#1780=VERTEX_POINT('',#5716);
#1781=VERTEX_POINT('',#5718);
#1782=VERTEX_POINT('',#5721);
#1783=VERTEX_POINT('',#5725);
#1784=VERTEX_POINT('',#5729);
#1785=VERTEX_POINT('',#5732);
#1786=VERTEX_POINT('',#5736);
#1787=VERTEX_POINT('',#5740);
#1788=VERTEX_POINT('',#5743);
#1789=VERTEX_POINT('',#5747);
#1790=VERTEX_POINT('',#5751);
#1791=VERTEX_POINT('',#5754);
#1792=VERTEX_POINT('',#5756);
#1793=VERTEX_POINT('',#5760);
#1794=VERTEX_POINT('',#5762);
#1795=VERTEX_POINT('',#5766);
#1796=VERTEX_POINT('',#5768);
#1797=VERTEX_POINT('',#5770);
#1798=VERTEX_POINT('',#5774);
#1799=VERTEX_POINT('',#5778);
#1800=VERTEX_POINT('',#5783);
#1801=VERTEX_POINT('',#5787);
#1802=VERTEX_POINT('',#5789);
#1803=VERTEX_POINT('',#5791);
#1804=VERTEX_POINT('',#5795);
#1805=VERTEX_POINT('',#5806);
#1806=VERTEX_POINT('',#5807);
#1807=VERTEX_POINT('',#5809);
#1808=VERTEX_POINT('',#5811);
#1809=VERTEX_POINT('',#5816);
#1810=VERTEX_POINT('',#5819);
#1811=VERTEX_POINT('',#5823);
#1812=VERTEX_POINT('',#5828);
#1813=VERTEX_POINT('',#5832);
#1814=VERTEX_POINT('',#5834);
#1815=VERTEX_POINT('',#5838);
#1816=VERTEX_POINT('',#5842);
#1817=VERTEX_POINT('',#5844);
#1818=VERTEX_POINT('',#5848);
#1819=VERTEX_POINT('',#5935);
#1820=VERTEX_POINT('',#5937);
#1821=VERTEX_POINT('',#5941);
#1822=VERTEX_POINT('',#5945);
#1823=VERTEX_POINT('',#5949);
#1824=VERTEX_POINT('',#5953);
#1825=VERTEX_POINT('',#5957);
#1826=VERTEX_POINT('',#5961);
#1827=VERTEX_POINT('',#5965);
#1828=VERTEX_POINT('',#5969);
#1829=VERTEX_POINT('',#5975);
#1830=VERTEX_POINT('',#5976);
#1831=VERTEX_POINT('',#5978);
#1832=VERTEX_POINT('',#5980);
#1833=VERTEX_POINT('',#5982);
#1834=VERTEX_POINT('',#5984);
#1835=VERTEX_POINT('',#5986);
#1836=VERTEX_POINT('',#5988);
#1837=VERTEX_POINT('',#5990);
#1838=VERTEX_POINT('',#5992);
#1839=VERTEX_POINT('',#5994);
#1840=VERTEX_POINT('',#5996);
#1841=VERTEX_POINT('',#5998);
#1842=VERTEX_POINT('',#6000);
#1843=VERTEX_POINT('',#6002);
#1844=VERTEX_POINT('',#6004);
#1845=VERTEX_POINT('',#6008);
#1846=VERTEX_POINT('',#6009);
#1847=VERTEX_POINT('',#6011);
#1848=VERTEX_POINT('',#6013);
#1849=VERTEX_POINT('',#6015);
#1850=VERTEX_POINT('',#6017);
#1851=VERTEX_POINT('',#6071);
#1852=VERTEX_POINT('',#6072);
#1853=VERTEX_POINT('',#6077);
#1854=VERTEX_POINT('',#6082);
#1855=VERTEX_POINT('',#6083);
#1856=VERTEX_POINT('',#6088);
#1857=VERTEX_POINT('',#6093);
#1858=VERTEX_POINT('',#6094);
#1859=VERTEX_POINT('',#6099);
#1860=VERTEX_POINT('',#6104);
#1861=VERTEX_POINT('',#6107);
#1862=VERTEX_POINT('',#6112);
#1863=VERTEX_POINT('',#6115);
#1864=VERTEX_POINT('',#6120);
#1865=VERTEX_POINT('',#6123);
#1866=EDGE_CURVE('',#1534,#1535,#1431,.T.);
#1867=EDGE_CURVE('',#1535,#1536,#667,.T.);
#1868=EDGE_CURVE('',#1536,#1536,#1432,.T.);
#1869=EDGE_CURVE('',#1535,#1534,#1433,.T.);
#1870=EDGE_CURVE('',#1537,#1537,#1434,.T.);
#1871=EDGE_CURVE('',#1537,#1534,#668,.T.);
#1872=EDGE_CURVE('',#1538,#1538,#1435,.T.);
#1873=EDGE_CURVE('',#1539,#1539,#1436,.T.);
#1874=EDGE_CURVE('',#1540,#1540,#1437,.T.);
#1875=EDGE_CURVE('',#1541,#1541,#1438,.T.);
#1876=EDGE_CURVE('',#1542,#1542,#1439,.T.);
#1877=EDGE_CURVE('',#1543,#1543,#1440,.T.);
#1878=EDGE_CURVE('',#1544,#1544,#1441,.T.);
#1879=EDGE_CURVE('',#1545,#1545,#1442,.T.);
#1880=EDGE_CURVE('',#1546,#1546,#1443,.T.);
#1881=EDGE_CURVE('',#1547,#1547,#1444,.T.);
#1882=EDGE_CURVE('',#1548,#1549,#1445,.T.);
#1883=EDGE_CURVE('',#1549,#1538,#669,.T.);
#1884=EDGE_CURVE('',#1549,#1548,#1446,.T.);
#1885=EDGE_CURVE('',#1548,#1550,#670,.T.);
#1886=EDGE_CURVE('',#1550,#1551,#1447,.T.);
#1887=EDGE_CURVE('',#1552,#1551,#671,.T.);
#1888=EDGE_CURVE('',#1552,#1553,#23,.T.);
#1889=EDGE_CURVE('',#1553,#1554,#1448,.T.);
#1890=EDGE_CURVE('',#1554,#1555,#24,.T.);
#1891=EDGE_CURVE('',#1556,#1555,#672,.T.);
#1892=EDGE_CURVE('',#1556,#1550,#1449,.T.);
#1893=EDGE_CURVE('',#1553,#1557,#1450,.T.);
#1894=EDGE_CURVE('',#1557,#1558,#673,.T.);
#1895=EDGE_CURVE('',#1558,#1559,#1451,.T.);
#1896=EDGE_CURVE('',#1560,#1559,#674,.T.);
#1897=EDGE_CURVE('',#1554,#1560,#1452,.T.);
#1898=EDGE_CURVE('',#1552,#1561,#1453,.T.);
#1899=EDGE_CURVE('',#1557,#1561,#25,.T.);
#1900=EDGE_CURVE('',#1561,#1562,#675,.T.);
#1901=EDGE_CURVE('',#1562,#1563,#676,.T.);
#1902=EDGE_CURVE('',#1563,#1558,#26,.T.);
#1903=EDGE_CURVE('',#1564,#1562,#677,.T.);
#1904=EDGE_CURVE('',#1561,#1565,#678,.T.);
#1905=EDGE_CURVE('',#1564,#1565,#679,.T.);
#1906=EDGE_CURVE('',#1566,#1564,#680,.T.);
#1907=EDGE_CURVE('',#1566,#1567,#681,.T.);
#1908=EDGE_CURVE('',#1567,#1563,#27,.T.);
#1909=EDGE_CURVE('',#1567,#1568,#1454,.T.);
#1910=EDGE_CURVE('',#1569,#1568,#28,.T.);
#1911=EDGE_CURVE('',#1559,#1569,#29,.T.);
#1912=EDGE_CURVE('',#1570,#1569,#682,.T.);
#1913=EDGE_CURVE('',#1571,#1570,#683,.T.);
#1914=EDGE_CURVE('',#1571,#1560,#684,.T.);
#1915=EDGE_CURVE('',#1555,#1571,#1455,.T.);
#1916=EDGE_CURVE('',#1572,#1571,#685,.T.);
#1917=EDGE_CURVE('',#1556,#1572,#1456,.T.);
#1918=EDGE_CURVE('',#1573,#1574,#30,.T.);
#1919=EDGE_CURVE('',#1575,#1574,#686,.T.);
#1920=EDGE_CURVE('',#1575,#1576,#31,.T.);
#1921=EDGE_CURVE('',#1573,#1576,#687,.T.);
#1922=EDGE_CURVE('',#1577,#1566,#1457,.T.);
#1923=EDGE_CURVE('',#1565,#1551,#1458,.T.);
#1924=EDGE_CURVE('',#1572,#1578,#688,.T.);
#1925=EDGE_CURVE('',#1578,#1577,#689,.T.);
#1926=EDGE_CURVE('',#1579,#1580,#32,.T.);
#1927=EDGE_CURVE('',#1580,#1581,#33,.T.);
#1928=EDGE_CURVE('',#1574,#1581,#690,.T.);
#1929=EDGE_CURVE('',#1582,#1573,#691,.T.);
#1930=EDGE_CURVE('',#1582,#1579,#34,.T.);
#1931=EDGE_CURVE('',#1583,#1584,#692,.T.);
#1932=EDGE_CURVE('',#1584,#1585,#693,.T.);
#1933=EDGE_CURVE('',#1585,#1586,#694,.T.);
#1934=EDGE_CURVE('',#1583,#1586,#35,.T.);
#1935=EDGE_CURVE('',#1579,#1587,#695,.T.);
#1936=EDGE_CURVE('',#1587,#1588,#696,.T.);
#1937=EDGE_CURVE('',#1588,#1580,#697,.T.);
#1938=EDGE_CURVE('',#1589,#1583,#36,.T.);
#1939=EDGE_CURVE('',#1589,#1590,#698,.T.);
#1940=EDGE_CURVE('',#1590,#1591,#699,.T.);
#1941=EDGE_CURVE('',#1584,#1591,#700,.T.);
#1942=EDGE_CURVE('',#1592,#1593,#701,.T.);
#1943=EDGE_CURVE('',#1593,#1594,#702,.T.);
#1944=EDGE_CURVE('',#1585,#1594,#703,.T.);
#1945=EDGE_CURVE('',#1591,#1592,#704,.T.);
#1946=EDGE_CURVE('',#1595,#1596,#705,.T.);
#1947=EDGE_CURVE('',#1595,#1593,#706,.T.);
#1948=EDGE_CURVE('',#1596,#1592,#707,.T.);
#1949=EDGE_CURVE('',#1597,#1598,#708,.T.);
#1950=EDGE_CURVE('',#1597,#1599,#709,.T.);
#1951=EDGE_CURVE('',#1595,#1599,#710,.T.);
#1952=EDGE_CURVE('',#1596,#1600,#711,.T.);
#1953=EDGE_CURVE('',#1600,#1598,#712,.T.);
#1954=EDGE_CURVE('',#1601,#1602,#713,.T.);
#1955=EDGE_CURVE('',#1603,#1601,#714,.T.);
#1956=EDGE_CURVE('',#1603,#1604,#715,.T.);
#1957=EDGE_CURVE('',#1604,#1605,#716,.T.);
#1958=EDGE_CURVE('',#1606,#1605,#717,.T.);
#1959=EDGE_CURVE('',#1607,#1606,#718,.T.);
#1960=EDGE_CURVE('',#1607,#1597,#719,.T.);
#1961=EDGE_CURVE('',#1598,#1608,#720,.T.);
#1962=EDGE_CURVE('',#1609,#1608,#721,.T.);
#1963=EDGE_CURVE('',#1610,#1609,#722,.T.);
#1964=EDGE_CURVE('',#1610,#1611,#723,.T.);
#1965=EDGE_CURVE('',#1611,#1612,#724,.T.);
#1966=EDGE_CURVE('',#1613,#1612,#725,.T.);
#1967=EDGE_CURVE('',#1614,#1613,#726,.T.);
#1968=EDGE_CURVE('',#1614,#1615,#727,.T.);
#1969=EDGE_CURVE('',#1615,#1616,#728,.T.);
#1970=EDGE_CURVE('',#1616,#1617,#729,.T.);
#1971=EDGE_CURVE('',#1617,#1618,#730,.T.);
#1972=EDGE_CURVE('',#1618,#1602,#731,.T.);
#1973=EDGE_CURVE('',#1619,#1619,#1459,.T.);
#1974=EDGE_CURVE('',#1620,#1620,#1460,.T.);
#1975=EDGE_CURVE('',#1621,#1621,#1461,.T.);
#1976=EDGE_CURVE('',#1622,#1622,#1462,.T.);
#1977=EDGE_CURVE('',#1623,#1623,#1463,.T.);
#1978=EDGE_CURVE('',#1624,#1624,#1464,.T.);
#1979=EDGE_CURVE('',#1625,#1626,#732,.T.);
#1980=EDGE_CURVE('',#1626,#1627,#1465,.T.);
#1981=EDGE_CURVE('',#1627,#1628,#733,.T.);
#1982=EDGE_CURVE('',#1628,#1629,#1466,.T.);
#1983=EDGE_CURVE('',#1629,#1630,#734,.T.);
#1984=EDGE_CURVE('',#1630,#1625,#1467,.T.);
#1985=EDGE_CURVE('',#1631,#1632,#735,.T.);
#1986=EDGE_CURVE('',#1633,#1631,#736,.T.);
#1987=EDGE_CURVE('',#1634,#1633,#737,.T.);
#1988=EDGE_CURVE('',#1635,#1634,#738,.T.);
#1989=EDGE_CURVE('',#1636,#1635,#739,.T.);
#1990=EDGE_CURVE('',#1637,#1636,#740,.T.);
#1991=EDGE_CURVE('',#1638,#1637,#741,.T.);
#1992=EDGE_CURVE('',#1639,#1638,#742,.T.);
#1993=EDGE_CURVE('',#1640,#1639,#743,.T.);
#1994=EDGE_CURVE('',#1641,#1640,#744,.T.);
#1995=EDGE_CURVE('',#1642,#1641,#745,.T.);
#1996=EDGE_CURVE('',#1643,#1642,#746,.T.);
#1997=EDGE_CURVE('',#1644,#1643,#747,.T.);
#1998=EDGE_CURVE('',#1645,#1644,#748,.T.);
#1999=EDGE_CURVE('',#1646,#1645,#749,.T.);
#2000=EDGE_CURVE('',#1632,#1646,#750,.T.);
#2001=EDGE_CURVE('',#1647,#1648,#751,.T.);
#2002=EDGE_CURVE('',#1649,#1647,#752,.T.);
#2003=EDGE_CURVE('',#1650,#1649,#753,.T.);
#2004=EDGE_CURVE('',#1651,#1650,#754,.T.);
#2005=EDGE_CURVE('',#1652,#1651,#755,.T.);
#2006=EDGE_CURVE('',#1648,#1652,#756,.T.);
#2007=EDGE_CURVE('',#1653,#1654,#757,.T.);
#2008=EDGE_CURVE('',#1655,#1653,#758,.T.);
#2009=EDGE_CURVE('',#1656,#1655,#759,.T.);
#2010=EDGE_CURVE('',#1657,#1656,#760,.T.);
#2011=EDGE_CURVE('',#1658,#1657,#761,.T.);
#2012=EDGE_CURVE('',#1659,#1658,#762,.T.);
#2013=EDGE_CURVE('',#1660,#1659,#763,.T.);
#2014=EDGE_CURVE('',#1661,#1660,#764,.T.);
#2015=EDGE_CURVE('',#1662,#1661,#765,.T.);
#2016=EDGE_CURVE('',#1654,#1662,#766,.T.);
#2017=EDGE_CURVE('',#1663,#1663,#1468,.T.);
#2018=EDGE_CURVE('',#1663,#1619,#767,.T.);
#2019=EDGE_CURVE('',#1664,#1664,#1469,.T.);
#2020=EDGE_CURVE('',#1665,#1666,#1470,.T.);
#2021=EDGE_CURVE('',#1666,#1665,#1471,.T.);
#2022=EDGE_CURVE('',#1666,#1664,#768,.T.);
#2023=EDGE_CURVE('',#1665,#1547,#769,.T.);
#2024=EDGE_CURVE('',#1667,#1667,#1472,.T.);
#2025=EDGE_CURVE('',#1667,#1620,#770,.T.);
#2026=EDGE_CURVE('',#1668,#1668,#1473,.T.);
#2027=EDGE_CURVE('',#1669,#1670,#1474,.T.);
#2028=EDGE_CURVE('',#1670,#1669,#1475,.T.);
#2029=EDGE_CURVE('',#1670,#1668,#771,.T.);
#2030=EDGE_CURVE('',#1669,#1546,#772,.T.);
#2031=EDGE_CURVE('',#1671,#1671,#1476,.T.);
#2032=EDGE_CURVE('',#1671,#1621,#773,.T.);
#2033=EDGE_CURVE('',#1672,#1672,#1477,.T.);
#2034=EDGE_CURVE('',#1673,#1674,#1478,.T.);
#2035=EDGE_CURVE('',#1674,#1673,#1479,.T.);
#2036=EDGE_CURVE('',#1674,#1672,#774,.T.);
#2037=EDGE_CURVE('',#1673,#1545,#775,.T.);
#2038=EDGE_CURVE('',#1675,#1675,#1480,.T.);
#2039=EDGE_CURVE('',#1675,#1622,#776,.T.);
#2040=EDGE_CURVE('',#1676,#1676,#1481,.T.);
#2041=EDGE_CURVE('',#1677,#1678,#1482,.T.);
#2042=EDGE_CURVE('',#1678,#1677,#1483,.T.);
#2043=EDGE_CURVE('',#1678,#1676,#777,.T.);
#2044=EDGE_CURVE('',#1677,#1544,#778,.T.);
#2045=EDGE_CURVE('',#1679,#1679,#1484,.T.);
#2046=EDGE_CURVE('',#1679,#1623,#779,.T.);
#2047=EDGE_CURVE('',#1680,#1680,#1485,.T.);
#2048=EDGE_CURVE('',#1681,#1682,#1486,.T.);
#2049=EDGE_CURVE('',#1682,#1681,#1487,.T.);
#2050=EDGE_CURVE('',#1682,#1680,#780,.T.);
#2051=EDGE_CURVE('',#1681,#1543,#781,.T.);
#2052=EDGE_CURVE('',#1683,#1683,#1488,.T.);
#2053=EDGE_CURVE('',#1683,#1624,#782,.T.);
#2054=EDGE_CURVE('',#1684,#1684,#1489,.T.);
#2055=EDGE_CURVE('',#1685,#1686,#1490,.T.);
#2056=EDGE_CURVE('',#1686,#1685,#1491,.T.);
#2057=EDGE_CURVE('',#1686,#1684,#783,.T.);
#2058=EDGE_CURVE('',#1685,#1542,#784,.T.);
#2059=EDGE_CURVE('',#1625,#1687,#785,.T.);
#2060=EDGE_CURVE('',#1687,#1688,#786,.T.);
#2061=EDGE_CURVE('',#1626,#1688,#787,.T.);
#2062=EDGE_CURVE('',#1687,#1689,#1492,.T.);
#2063=EDGE_CURVE('',#1630,#1689,#788,.T.);
#2064=EDGE_CURVE('',#1690,#1691,#1493,.T.);
#2065=EDGE_CURVE('',#1692,#1691,#789,.T.);
#2066=EDGE_CURVE('',#1692,#1688,#1494,.T.);
#2067=EDGE_CURVE('',#1690,#1689,#790,.T.);
#2068=EDGE_CURVE('',#1629,#1690,#791,.T.);
#2069=EDGE_CURVE('',#1628,#1691,#792,.T.);
#2070=EDGE_CURVE('',#1627,#1692,#793,.T.);
#2071=EDGE_CURVE('',#1693,#1602,#794,.T.);
#2072=EDGE_CURVE('',#1694,#1693,#795,.T.);
#2073=EDGE_CURVE('',#1695,#1694,#796,.T.);
#2074=EDGE_CURVE('',#1696,#1695,#797,.T.);
#2075=EDGE_CURVE('',#1601,#1696,#798,.T.);
#2076=EDGE_CURVE('',#1697,#1698,#799,.T.);
#2077=EDGE_CURVE('',#1697,#1603,#800,.T.);
#2078=EDGE_CURVE('',#1698,#1696,#801,.T.);
#2079=EDGE_CURVE('',#1699,#1698,#802,.T.);
#2080=EDGE_CURVE('',#1700,#1699,#803,.T.);
#2081=EDGE_CURVE('',#1697,#1700,#804,.T.);
#2082=EDGE_CURVE('',#1701,#1702,#805,.T.);
#2083=EDGE_CURVE('',#1697,#1701,#806,.T.);
#2084=EDGE_CURVE('',#1700,#1703,#807,.T.);
#2085=EDGE_CURVE('',#1703,#1704,#808,.T.);
#2086=EDGE_CURVE('',#1704,#1705,#809,.T.);
#2087=EDGE_CURVE('',#1706,#1705,#810,.T.);
#2088=EDGE_CURVE('',#1707,#1706,#811,.T.);
#2089=EDGE_CURVE('',#1707,#1708,#812,.T.);
#2090=EDGE_CURVE('',#1582,#1708,#813,.T.);
#2091=EDGE_CURVE('',#1576,#1709,#814,.T.);
#2092=EDGE_CURVE('',#1710,#1709,#815,.T.);
#2093=EDGE_CURVE('',#1711,#1710,#816,.T.);
#2094=EDGE_CURVE('',#1712,#1711,#817,.T.);
#2095=EDGE_CURVE('',#1712,#1713,#818,.T.);
#2096=EDGE_CURVE('',#1713,#1714,#819,.T.);
#2097=EDGE_CURVE('',#1714,#1715,#820,.T.);
#2098=EDGE_CURVE('',#1715,#1702,#821,.T.);
#2099=EDGE_CURVE('',#1716,#1716,#1495,.T.);
#2100=EDGE_CURVE('',#1717,#1717,#1496,.T.);
#2101=EDGE_CURVE('',#1718,#1718,#1497,.T.);
#2102=EDGE_CURVE('',#1719,#1720,#1498,.T.);
#2103=EDGE_CURVE('',#1720,#1718,#822,.T.);
#2104=EDGE_CURVE('',#1720,#1719,#1499,.T.);
#2105=EDGE_CURVE('',#1719,#1721,#823,.T.);
#2106=EDGE_CURVE('',#1721,#1722,#1500,.T.);
#2107=EDGE_CURVE('',#1722,#1721,#1501,.T.);
#2108=EDGE_CURVE('',#1723,#1722,#824,.T.);
#2109=EDGE_CURVE('',#1724,#1725,#1502,.T.);
#2110=EDGE_CURVE('',#1725,#1716,#825,.T.);
#2111=EDGE_CURVE('',#1725,#1724,#1503,.T.);
#2112=EDGE_CURVE('',#1724,#1726,#826,.T.);
#2113=EDGE_CURVE('',#1726,#1727,#1504,.T.);
#2114=EDGE_CURVE('',#1727,#1726,#1505,.T.);
#2115=EDGE_CURVE('',#1728,#1727,#827,.T.);
#2116=EDGE_CURVE('',#1729,#1730,#1506,.T.);
#2117=EDGE_CURVE('',#1730,#1717,#828,.T.);
#2118=EDGE_CURVE('',#1730,#1729,#1507,.T.);
#2119=EDGE_CURVE('',#1729,#1731,#829,.T.);
#2120=EDGE_CURVE('',#1731,#1732,#1508,.T.);
#2121=EDGE_CURVE('',#1732,#1731,#1509,.T.);
#2122=EDGE_CURVE('',#1733,#1732,#830,.T.);
#2123=EDGE_CURVE('',#1702,#1734,#831,.T.);
#2124=EDGE_CURVE('',#1735,#1734,#832,.T.);
#2125=EDGE_CURVE('',#1701,#1735,#833,.T.);
#2126=EDGE_CURVE('',#1715,#1736,#834,.T.);
#2127=EDGE_CURVE('',#1736,#1737,#835,.T.);
#2128=EDGE_CURVE('',#1734,#1737,#836,.T.);
#2129=EDGE_CURVE('',#1737,#1738,#837,.T.);
#2130=EDGE_CURVE('',#1739,#1738,#838,.T.);
#2131=EDGE_CURVE('',#1739,#1740,#839,.T.);
#2132=EDGE_CURVE('',#1735,#1740,#840,.T.);
#2133=EDGE_CURVE('',#1701,#1604,#841,.T.);
#2134=EDGE_CURVE('',#1740,#1605,#842,.T.);
#2135=EDGE_CURVE('',#1741,#1739,#843,.T.);
#2136=EDGE_CURVE('',#1742,#1741,#844,.T.);
#2137=EDGE_CURVE('',#1606,#1742,#845,.T.);
#2138=EDGE_CURVE('',#1712,#1743,#846,.T.);
#2139=EDGE_CURVE('',#1712,#1607,#847,.T.);
#2140=EDGE_CURVE('',#1743,#1742,#848,.T.);
#2141=EDGE_CURVE('',#1744,#1743,#849,.T.);
#2142=EDGE_CURVE('',#1713,#1744,#850,.T.);
#2143=EDGE_CURVE('',#1714,#1745,#851,.T.);
#2144=EDGE_CURVE('',#1744,#1746,#852,.T.);
#2145=EDGE_CURVE('',#1745,#1746,#853,.T.);
#2146=EDGE_CURVE('',#1736,#1745,#854,.T.);
#2147=EDGE_CURVE('',#1738,#1747,#855,.T.);
#2148=EDGE_CURVE('',#1746,#1747,#856,.T.);
#2149=EDGE_CURVE('',#1694,#1748,#857,.T.);
#2150=EDGE_CURVE('',#1748,#1749,#858,.T.);
#2151=EDGE_CURVE('',#1749,#1695,#859,.T.);
#2152=EDGE_CURVE('',#1747,#1741,#860,.T.);
#2153=EDGE_CURVE('',#1750,#1749,#861,.T.);
#2154=EDGE_CURVE('',#1699,#1750,#862,.T.);
#2155=EDGE_CURVE('',#1703,#1751,#863,.T.);
#2156=EDGE_CURVE('',#1751,#1750,#864,.T.);
#2157=EDGE_CURVE('',#1752,#1751,#865,.T.);
#2158=EDGE_CURVE('',#1704,#1752,#866,.T.);
#2159=EDGE_CURVE('',#1705,#1753,#867,.T.);
#2160=EDGE_CURVE('',#1752,#1754,#868,.T.);
#2161=EDGE_CURVE('',#1753,#1754,#869,.T.);
#2162=EDGE_CURVE('',#1755,#1753,#870,.T.);
#2163=EDGE_CURVE('',#1706,#1755,#871,.T.);
#2164=EDGE_CURVE('',#1706,#1618,#872,.T.);
#2165=EDGE_CURVE('',#1755,#1693,#873,.T.);
#2166=EDGE_CURVE('',#1754,#1748,#874,.T.);
#2167=EDGE_CURVE('',#1617,#1756,#875,.T.);
#2168=EDGE_CURVE('',#1707,#1756,#876,.T.);
#2169=EDGE_CURVE('',#1757,#1758,#877,.T.);
#2170=EDGE_CURVE('',#1759,#1758,#878,.T.);
#2171=EDGE_CURVE('',#1708,#1759,#879,.T.);
#2172=EDGE_CURVE('',#1756,#1757,#880,.T.);
#2173=EDGE_CURVE('',#1760,#1757,#881,.T.);
#2174=EDGE_CURVE('',#1760,#1761,#882,.T.);
#2175=EDGE_CURVE('',#1758,#1761,#883,.T.);
#2176=EDGE_CURVE('',#1616,#1762,#884,.T.);
#2177=EDGE_CURVE('',#1760,#1762,#885,.T.);
#2178=EDGE_CURVE('',#1763,#1764,#886,.T.);
#2179=EDGE_CURVE('',#1765,#1764,#887,.T.);
#2180=EDGE_CURVE('',#1761,#1765,#888,.T.);
#2181=EDGE_CURVE('',#1762,#1763,#889,.T.);
#2182=EDGE_CURVE('',#1766,#1767,#890,.T.);
#2183=EDGE_CURVE('',#1766,#1768,#891,.T.);
#2184=EDGE_CURVE('',#1769,#1768,#892,.T.);
#2185=EDGE_CURVE('',#1770,#1769,#893,.T.);
#2186=EDGE_CURVE('',#1770,#1590,#894,.T.);
#2187=EDGE_CURVE('',#1589,#1575,#895,.T.);
#2188=EDGE_CURVE('',#1764,#1581,#896,.T.);
#2189=EDGE_CURVE('',#1771,#1763,#897,.T.);
#2190=EDGE_CURVE('',#1771,#1772,#898,.T.);
#2191=EDGE_CURVE('',#1772,#1773,#899,.T.);
#2192=EDGE_CURVE('',#1774,#1773,#900,.T.);
#2193=EDGE_CURVE('',#1774,#1775,#901,.T.);
#2194=EDGE_CURVE('',#1776,#1775,#902,.T.);
#2195=EDGE_CURVE('',#1777,#1776,#903,.T.);
#2196=EDGE_CURVE('',#1777,#1778,#904,.T.);
#2197=EDGE_CURVE('',#1778,#1767,#905,.T.);
#2198=EDGE_CURVE('',#1779,#1779,#1510,.T.);
#2199=EDGE_CURVE('',#1780,#1780,#1511,.T.);
#2200=EDGE_CURVE('',#1781,#1781,#1512,.T.);
#2201=EDGE_CURVE('',#1782,#1782,#1513,.T.);
#2202=EDGE_CURVE('',#1782,#1781,#906,.T.);
#2203=EDGE_CURVE('',#1783,#1783,#1514,.T.);
#2204=EDGE_CURVE('',#1783,#1782,#907,.T.);
#2205=EDGE_CURVE('',#1784,#1783,#908,.T.);
#2206=EDGE_CURVE('',#1785,#1785,#1515,.T.);
#2207=EDGE_CURVE('',#1785,#1779,#909,.T.);
#2208=EDGE_CURVE('',#1786,#1786,#1516,.T.);
#2209=EDGE_CURVE('',#1786,#1785,#910,.T.);
#2210=EDGE_CURVE('',#1787,#1786,#911,.T.);
#2211=EDGE_CURVE('',#1788,#1788,#1517,.T.);
#2212=EDGE_CURVE('',#1788,#1780,#912,.T.);
#2213=EDGE_CURVE('',#1789,#1789,#1518,.T.);
#2214=EDGE_CURVE('',#1789,#1788,#913,.T.);
#2215=EDGE_CURVE('',#1790,#1789,#914,.T.);
#2216=EDGE_CURVE('',#1791,#1767,#915,.T.);
#2217=EDGE_CURVE('',#1792,#1791,#916,.T.);
#2218=EDGE_CURVE('',#1792,#1766,#917,.T.);
#2219=EDGE_CURVE('',#1793,#1778,#918,.T.);
#2220=EDGE_CURVE('',#1793,#1794,#919,.T.);
#2221=EDGE_CURVE('',#1794,#1791,#920,.T.);
#2222=EDGE_CURVE('',#1795,#1794,#921,.T.);
#2223=EDGE_CURVE('',#1796,#1795,#922,.T.);
#2224=EDGE_CURVE('',#1796,#1797,#923,.T.);
#2225=EDGE_CURVE('',#1792,#1797,#924,.T.);
#2226=EDGE_CURVE('',#1798,#1768,#925,.T.);
#2227=EDGE_CURVE('',#1797,#1798,#926,.T.);
#2228=EDGE_CURVE('',#1799,#1798,#927,.T.);
#2229=EDGE_CURVE('',#1799,#1769,#928,.T.);
#2230=EDGE_CURVE('',#1769,#1608,#929,.T.);
#2231=EDGE_CURVE('',#1799,#1800,#930,.T.);
#2232=EDGE_CURVE('',#1800,#1609,#931,.T.);
#2233=EDGE_CURVE('',#1801,#1800,#932,.T.);
#2234=EDGE_CURVE('',#1802,#1801,#933,.T.);
#2235=EDGE_CURVE('',#1803,#1802,#934,.T.);
#2236=EDGE_CURVE('',#1610,#1803,#935,.T.);
#2237=EDGE_CURVE('',#1804,#1777,#936,.T.);
#2238=EDGE_CURVE('',#1777,#1611,#937,.T.);
#2239=EDGE_CURVE('',#1804,#1803,#938,.T.);
#2240=EDGE_CURVE('',#1793,#1804,#939,.T.);
#2241=EDGE_CURVE('',#1795,#1802,#940,.T.);
#2242=EDGE_CURVE('',#1801,#1796,#941,.T.);
#2243=EDGE_CURVE('',#1805,#1806,#942,.T.);
#2244=EDGE_CURVE('',#1806,#1807,#943,.T.);
#2245=EDGE_CURVE('',#1807,#1808,#944,.T.);
#2246=EDGE_CURVE('',#1808,#1805,#945,.T.);
#2247=EDGE_CURVE('',#1809,#1613,#946,.T.);
#2248=EDGE_CURVE('',#1806,#1809,#947,.T.);
#2249=EDGE_CURVE('',#1810,#1805,#948,.T.);
#2250=EDGE_CURVE('',#1614,#1810,#949,.T.);
#2251=EDGE_CURVE('',#1811,#1771,#950,.T.);
#2252=EDGE_CURVE('',#1771,#1615,#951,.T.);
#2253=EDGE_CURVE('',#1811,#1810,#952,.T.);
#2254=EDGE_CURVE('',#1812,#1811,#953,.T.);
#2255=EDGE_CURVE('',#1812,#1772,#954,.T.);
#2256=EDGE_CURVE('',#1813,#1773,#955,.T.);
#2257=EDGE_CURVE('',#1812,#1814,#956,.T.);
#2258=EDGE_CURVE('',#1814,#1813,#957,.T.);
#2259=EDGE_CURVE('',#1815,#1813,#958,.T.);
#2260=EDGE_CURVE('',#1815,#1774,#959,.T.);
#2261=EDGE_CURVE('',#1816,#1775,#960,.T.);
#2262=EDGE_CURVE('',#1815,#1817,#961,.T.);
#2263=EDGE_CURVE('',#1817,#1816,#962,.T.);
#2264=EDGE_CURVE('',#1818,#1816,#963,.T.);
#2265=EDGE_CURVE('',#1818,#1776,#964,.T.);
#2266=EDGE_CURVE('',#1776,#1612,#965,.T.);
#2267=EDGE_CURVE('',#1818,#1809,#966,.T.);
#2268=EDGE_CURVE('',#1807,#1817,#967,.T.);
#2269=EDGE_CURVE('',#1808,#1814,#968,.T.);
#2270=EDGE_CURVE('',#1770,#1600,#969,.T.);
#2271=EDGE_CURVE('',#1588,#1765,#970,.T.);
#2272=EDGE_CURVE('',#1587,#1759,#971,.T.);
#2273=EDGE_CURVE('',#1586,#1709,#37,.T.);
#2274=EDGE_CURVE('',#1594,#1710,#972,.T.);
#2275=EDGE_CURVE('',#1599,#1711,#973,.T.);
#2276=EDGE_CURVE('',#1654,#1819,#974,.T.);
#2277=EDGE_CURVE('',#1820,#1819,#975,.T.);
#2278=EDGE_CURVE('',#1653,#1820,#976,.T.);
#2279=EDGE_CURVE('',#1821,#1820,#977,.T.);
#2280=EDGE_CURVE('',#1655,#1821,#978,.T.);
#2281=EDGE_CURVE('',#1822,#1821,#979,.T.);
#2282=EDGE_CURVE('',#1656,#1822,#980,.T.);
#2283=EDGE_CURVE('',#1823,#1822,#981,.T.);
#2284=EDGE_CURVE('',#1657,#1823,#982,.T.);
#2285=EDGE_CURVE('',#1824,#1823,#983,.T.);
#2286=EDGE_CURVE('',#1658,#1824,#984,.T.);
#2287=EDGE_CURVE('',#1825,#1824,#985,.T.);
#2288=EDGE_CURVE('',#1659,#1825,#986,.T.);
#2289=EDGE_CURVE('',#1826,#1825,#987,.T.);
#2290=EDGE_CURVE('',#1660,#1826,#988,.T.);
#2291=EDGE_CURVE('',#1827,#1826,#989,.T.);
#2292=EDGE_CURVE('',#1661,#1827,#990,.T.);
#2293=EDGE_CURVE('',#1828,#1827,#991,.T.);
#2294=EDGE_CURVE('',#1662,#1828,#992,.T.);
#2295=EDGE_CURVE('',#1819,#1828,#993,.T.);
#2296=EDGE_CURVE('',#1829,#1830,#994,.T.);
#2297=EDGE_CURVE('',#1830,#1831,#995,.T.);
#2298=EDGE_CURVE('',#1831,#1832,#996,.T.);
#2299=EDGE_CURVE('',#1832,#1833,#997,.T.);
#2300=EDGE_CURVE('',#1833,#1834,#998,.T.);
#2301=EDGE_CURVE('',#1834,#1835,#999,.T.);
#2302=EDGE_CURVE('',#1835,#1836,#1000,.T.);
#2303=EDGE_CURVE('',#1836,#1837,#1001,.T.);
#2304=EDGE_CURVE('',#1837,#1838,#1002,.T.);
#2305=EDGE_CURVE('',#1838,#1839,#1003,.T.);
#2306=EDGE_CURVE('',#1839,#1840,#1004,.T.);
#2307=EDGE_CURVE('',#1840,#1841,#1005,.T.);
#2308=EDGE_CURVE('',#1841,#1842,#1006,.T.);
#2309=EDGE_CURVE('',#1842,#1843,#1007,.T.);
#2310=EDGE_CURVE('',#1843,#1844,#1008,.T.);
#2311=EDGE_CURVE('',#1844,#1829,#1009,.T.);
#2312=EDGE_CURVE('',#1845,#1846,#1010,.T.);
#2313=EDGE_CURVE('',#1846,#1847,#1011,.T.);
#2314=EDGE_CURVE('',#1847,#1848,#1012,.T.);
#2315=EDGE_CURVE('',#1848,#1849,#1013,.T.);
#2316=EDGE_CURVE('',#1849,#1850,#1014,.T.);
#2317=EDGE_CURVE('',#1850,#1845,#1015,.T.);
#2318=EDGE_CURVE('',#1646,#1830,#1016,.T.);
#2319=EDGE_CURVE('',#1632,#1829,#1017,.T.);
#2320=EDGE_CURVE('',#1631,#1844,#1018,.T.);
#2321=EDGE_CURVE('',#1633,#1843,#1019,.T.);
#2322=EDGE_CURVE('',#1634,#1842,#1020,.T.);
#2323=EDGE_CURVE('',#1635,#1841,#1021,.T.);
#2324=EDGE_CURVE('',#1636,#1840,#1022,.T.);
#2325=EDGE_CURVE('',#1637,#1839,#1023,.T.);
#2326=EDGE_CURVE('',#1638,#1838,#1024,.T.);
#2327=EDGE_CURVE('',#1639,#1837,#1025,.T.);
#2328=EDGE_CURVE('',#1640,#1836,#1026,.T.);
#2329=EDGE_CURVE('',#1641,#1835,#1027,.T.);
#2330=EDGE_CURVE('',#1642,#1834,#1028,.T.);
#2331=EDGE_CURVE('',#1643,#1833,#1029,.T.);
#2332=EDGE_CURVE('',#1644,#1832,#1030,.T.);
#2333=EDGE_CURVE('',#1645,#1831,#1031,.T.);
#2334=EDGE_CURVE('',#1652,#1846,#1032,.T.);
#2335=EDGE_CURVE('',#1648,#1845,#1033,.T.);
#2336=EDGE_CURVE('',#1647,#1850,#1034,.T.);
#2337=EDGE_CURVE('',#1649,#1849,#1035,.T.);
#2338=EDGE_CURVE('',#1650,#1848,#1036,.T.);
#2339=EDGE_CURVE('',#1651,#1847,#1037,.T.);
#2340=EDGE_CURVE('',#1577,#1568,#1038,.T.);
#2341=EDGE_CURVE('',#1578,#1570,#1039,.T.);
#2342=EDGE_CURVE('',#1851,#1852,#1519,.T.);
#2343=EDGE_CURVE('',#1852,#1539,#1040,.T.);
#2344=EDGE_CURVE('',#1852,#1851,#1520,.T.);
#2345=EDGE_CURVE('',#1851,#1853,#1041,.T.);
#2346=EDGE_CURVE('',#1853,#1853,#1521,.T.);
#2347=EDGE_CURVE('',#1854,#1855,#1522,.T.);
#2348=EDGE_CURVE('',#1855,#1540,#1042,.T.);
#2349=EDGE_CURVE('',#1855,#1854,#1523,.T.);
#2350=EDGE_CURVE('',#1854,#1856,#1043,.T.);
#2351=EDGE_CURVE('',#1856,#1856,#1524,.T.);
#2352=EDGE_CURVE('',#1857,#1858,#1525,.T.);
#2353=EDGE_CURVE('',#1858,#1541,#1044,.T.);
#2354=EDGE_CURVE('',#1858,#1857,#1526,.T.);
#2355=EDGE_CURVE('',#1857,#1859,#1045,.T.);
#2356=EDGE_CURVE('',#1859,#1859,#1527,.T.);
#2357=EDGE_CURVE('',#1860,#1860,#1528,.T.);
#2358=EDGE_CURVE('',#1861,#1861,#1529,.T.);
#2359=EDGE_CURVE('',#1861,#1860,#1046,.T.);
#2360=EDGE_CURVE('',#1862,#1862,#1530,.T.);
#2361=EDGE_CURVE('',#1863,#1863,#1531,.T.);
#2362=EDGE_CURVE('',#1863,#1862,#1047,.T.);
#2363=EDGE_CURVE('',#1864,#1864,#1532,.T.);
#2364=EDGE_CURVE('',#1865,#1865,#1533,.T.);
#2365=EDGE_CURVE('',#1865,#1864,#1048,.T.);
#2366=ORIENTED_EDGE('',*,*,#1866,.T.);
#2367=ORIENTED_EDGE('',*,*,#1867,.T.);
#2368=ORIENTED_EDGE('',*,*,#1868,.F.);
#2369=ORIENTED_EDGE('',*,*,#1867,.F.);
#2370=ORIENTED_EDGE('',*,*,#1869,.T.);
#2371=ORIENTED_EDGE('',*,*,#1868,.T.);
#2372=ORIENTED_EDGE('',*,*,#1870,.F.);
#2373=ORIENTED_EDGE('',*,*,#1871,.T.);
#2374=ORIENTED_EDGE('',*,*,#1869,.F.);
#2375=ORIENTED_EDGE('',*,*,#1866,.F.);
#2376=ORIENTED_EDGE('',*,*,#1871,.F.);
#2377=ORIENTED_EDGE('',*,*,#1872,.T.);
#2378=ORIENTED_EDGE('',*,*,#1870,.T.);
#2379=ORIENTED_EDGE('',*,*,#1873,.T.);
#2380=ORIENTED_EDGE('',*,*,#1874,.T.);
#2381=ORIENTED_EDGE('',*,*,#1875,.T.);
#2382=ORIENTED_EDGE('',*,*,#1876,.T.);
#2383=ORIENTED_EDGE('',*,*,#1877,.T.);
#2384=ORIENTED_EDGE('',*,*,#1878,.T.);
#2385=ORIENTED_EDGE('',*,*,#1879,.T.);
#2386=ORIENTED_EDGE('',*,*,#1880,.T.);
#2387=ORIENTED_EDGE('',*,*,#1881,.T.);
#2388=ORIENTED_EDGE('',*,*,#1882,.T.);
#2389=ORIENTED_EDGE('',*,*,#1883,.T.);
#2390=ORIENTED_EDGE('',*,*,#1872,.F.);
#2391=ORIENTED_EDGE('',*,*,#1883,.F.);
#2392=ORIENTED_EDGE('',*,*,#1884,.T.);
#2393=ORIENTED_EDGE('',*,*,#1882,.F.);
#2394=ORIENTED_EDGE('',*,*,#1885,.T.);
#2395=ORIENTED_EDGE('',*,*,#1886,.T.);
#2396=ORIENTED_EDGE('',*,*,#1887,.F.);
#2397=ORIENTED_EDGE('',*,*,#1888,.T.);
#2398=ORIENTED_EDGE('',*,*,#1889,.T.);
#2399=ORIENTED_EDGE('',*,*,#1890,.T.);
#2400=ORIENTED_EDGE('',*,*,#1891,.F.);
#2401=ORIENTED_EDGE('',*,*,#1892,.T.);
#2402=ORIENTED_EDGE('',*,*,#1885,.F.);
#2403=ORIENTED_EDGE('',*,*,#1884,.F.);
#2404=ORIENTED_EDGE('',*,*,#1893,.T.);
#2405=ORIENTED_EDGE('',*,*,#1894,.T.);
#2406=ORIENTED_EDGE('',*,*,#1895,.T.);
#2407=ORIENTED_EDGE('',*,*,#1896,.F.);
#2408=ORIENTED_EDGE('',*,*,#1897,.F.);
#2409=ORIENTED_EDGE('',*,*,#1889,.F.);
#2410=ORIENTED_EDGE('',*,*,#1893,.F.);
#2411=ORIENTED_EDGE('',*,*,#1888,.F.);
#2412=ORIENTED_EDGE('',*,*,#1898,.T.);
#2413=ORIENTED_EDGE('',*,*,#1899,.F.);
#2414=ORIENTED_EDGE('',*,*,#1900,.T.);
#2415=ORIENTED_EDGE('',*,*,#1901,.T.);
#2416=ORIENTED_EDGE('',*,*,#1902,.T.);
#2417=ORIENTED_EDGE('',*,*,#1894,.F.);
#2418=ORIENTED_EDGE('',*,*,#1899,.T.);
#2419=ORIENTED_EDGE('',*,*,#1903,.T.);
#2420=ORIENTED_EDGE('',*,*,#1900,.F.);
#2421=ORIENTED_EDGE('',*,*,#1904,.T.);
#2422=ORIENTED_EDGE('',*,*,#1905,.F.);
#2423=ORIENTED_EDGE('',*,*,#1903,.F.);
#2424=ORIENTED_EDGE('',*,*,#1906,.F.);
#2425=ORIENTED_EDGE('',*,*,#1907,.T.);
#2426=ORIENTED_EDGE('',*,*,#1908,.T.);
#2427=ORIENTED_EDGE('',*,*,#1901,.F.);
#2428=ORIENTED_EDGE('',*,*,#1895,.F.);
#2429=ORIENTED_EDGE('',*,*,#1902,.F.);
#2430=ORIENTED_EDGE('',*,*,#1908,.F.);
#2431=ORIENTED_EDGE('',*,*,#1909,.T.);
#2432=ORIENTED_EDGE('',*,*,#1910,.F.);
#2433=ORIENTED_EDGE('',*,*,#1911,.F.);
#2434=ORIENTED_EDGE('',*,*,#1896,.T.);
#2435=ORIENTED_EDGE('',*,*,#1911,.T.);
#2436=ORIENTED_EDGE('',*,*,#1912,.F.);
#2437=ORIENTED_EDGE('',*,*,#1913,.F.);
#2438=ORIENTED_EDGE('',*,*,#1914,.T.);
#2439=ORIENTED_EDGE('',*,*,#1915,.F.);
#2440=ORIENTED_EDGE('',*,*,#1890,.F.);
#2441=ORIENTED_EDGE('',*,*,#1897,.T.);
#2442=ORIENTED_EDGE('',*,*,#1914,.F.);
#2443=ORIENTED_EDGE('',*,*,#1915,.T.);
#2444=ORIENTED_EDGE('',*,*,#1916,.F.);
#2445=ORIENTED_EDGE('',*,*,#1917,.F.);
#2446=ORIENTED_EDGE('',*,*,#1891,.T.);
#2447=ORIENTED_EDGE('',*,*,#1918,.T.);
#2448=ORIENTED_EDGE('',*,*,#1919,.F.);
#2449=ORIENTED_EDGE('',*,*,#1920,.T.);
#2450=ORIENTED_EDGE('',*,*,#1921,.F.);
#2451=ORIENTED_EDGE('',*,*,#1922,.T.);
#2452=ORIENTED_EDGE('',*,*,#1906,.T.);
#2453=ORIENTED_EDGE('',*,*,#1905,.T.);
#2454=ORIENTED_EDGE('',*,*,#1923,.T.);
#2455=ORIENTED_EDGE('',*,*,#1886,.F.);
#2456=ORIENTED_EDGE('',*,*,#1892,.F.);
#2457=ORIENTED_EDGE('',*,*,#1917,.T.);
#2458=ORIENTED_EDGE('',*,*,#1924,.T.);
#2459=ORIENTED_EDGE('',*,*,#1925,.T.);
#2460=ORIENTED_EDGE('',*,*,#1926,.T.);
#2461=ORIENTED_EDGE('',*,*,#1927,.T.);
#2462=ORIENTED_EDGE('',*,*,#1928,.F.);
#2463=ORIENTED_EDGE('',*,*,#1918,.F.);
#2464=ORIENTED_EDGE('',*,*,#1929,.F.);
#2465=ORIENTED_EDGE('',*,*,#1930,.T.);
#2466=ORIENTED_EDGE('',*,*,#1931,.T.);
#2467=ORIENTED_EDGE('',*,*,#1932,.T.);
#2468=ORIENTED_EDGE('',*,*,#1933,.T.);
#2469=ORIENTED_EDGE('',*,*,#1934,.F.);
#2470=ORIENTED_EDGE('',*,*,#1935,.T.);
#2471=ORIENTED_EDGE('',*,*,#1936,.T.);
#2472=ORIENTED_EDGE('',*,*,#1937,.T.);
#2473=ORIENTED_EDGE('',*,*,#1926,.F.);
#2474=ORIENTED_EDGE('',*,*,#1931,.F.);
#2475=ORIENTED_EDGE('',*,*,#1938,.F.);
#2476=ORIENTED_EDGE('',*,*,#1939,.T.);
#2477=ORIENTED_EDGE('',*,*,#1940,.T.);
#2478=ORIENTED_EDGE('',*,*,#1941,.F.);
#2479=ORIENTED_EDGE('',*,*,#1942,.T.);
#2480=ORIENTED_EDGE('',*,*,#1943,.T.);
#2481=ORIENTED_EDGE('',*,*,#1944,.F.);
#2482=ORIENTED_EDGE('',*,*,#1932,.F.);
#2483=ORIENTED_EDGE('',*,*,#1941,.T.);
#2484=ORIENTED_EDGE('',*,*,#1945,.T.);
#2485=ORIENTED_EDGE('',*,*,#1946,.F.);
#2486=ORIENTED_EDGE('',*,*,#1947,.T.);
#2487=ORIENTED_EDGE('',*,*,#1942,.F.);
#2488=ORIENTED_EDGE('',*,*,#1948,.F.);
#2489=ORIENTED_EDGE('',*,*,#1949,.F.);
#2490=ORIENTED_EDGE('',*,*,#1950,.T.);
#2491=ORIENTED_EDGE('',*,*,#1951,.F.);
#2492=ORIENTED_EDGE('',*,*,#1946,.T.);
#2493=ORIENTED_EDGE('',*,*,#1952,.T.);
#2494=ORIENTED_EDGE('',*,*,#1953,.T.);
#2495=ORIENTED_EDGE('',*,*,#1954,.F.);
#2496=ORIENTED_EDGE('',*,*,#1955,.F.);
#2497=ORIENTED_EDGE('',*,*,#1956,.T.);
#2498=ORIENTED_EDGE('',*,*,#1957,.T.);
#2499=ORIENTED_EDGE('',*,*,#1958,.F.);
#2500=ORIENTED_EDGE('',*,*,#1959,.F.);
#2501=ORIENTED_EDGE('',*,*,#1960,.T.);
#2502=ORIENTED_EDGE('',*,*,#1949,.T.);
#2503=ORIENTED_EDGE('',*,*,#1961,.T.);
#2504=ORIENTED_EDGE('',*,*,#1962,.F.);
#2505=ORIENTED_EDGE('',*,*,#1963,.F.);
#2506=ORIENTED_EDGE('',*,*,#1964,.T.);
#2507=ORIENTED_EDGE('',*,*,#1965,.T.);
#2508=ORIENTED_EDGE('',*,*,#1966,.F.);
#2509=ORIENTED_EDGE('',*,*,#1967,.F.);
#2510=ORIENTED_EDGE('',*,*,#1968,.T.);
#2511=ORIENTED_EDGE('',*,*,#1969,.T.);
#2512=ORIENTED_EDGE('',*,*,#1970,.T.);
#2513=ORIENTED_EDGE('',*,*,#1971,.T.);
#2514=ORIENTED_EDGE('',*,*,#1972,.T.);
#2515=ORIENTED_EDGE('',*,*,#1973,.F.);
#2516=ORIENTED_EDGE('',*,*,#1974,.F.);
#2517=ORIENTED_EDGE('',*,*,#1975,.F.);
#2518=ORIENTED_EDGE('',*,*,#1976,.F.);
#2519=ORIENTED_EDGE('',*,*,#1977,.F.);
#2520=ORIENTED_EDGE('',*,*,#1978,.F.);
#2521=ORIENTED_EDGE('',*,*,#1979,.T.);
#2522=ORIENTED_EDGE('',*,*,#1980,.T.);
#2523=ORIENTED_EDGE('',*,*,#1981,.T.);
#2524=ORIENTED_EDGE('',*,*,#1982,.T.);
#2525=ORIENTED_EDGE('',*,*,#1983,.T.);
#2526=ORIENTED_EDGE('',*,*,#1984,.T.);
#2527=ORIENTED_EDGE('',*,*,#1985,.F.);
#2528=ORIENTED_EDGE('',*,*,#1986,.F.);
#2529=ORIENTED_EDGE('',*,*,#1987,.F.);
#2530=ORIENTED_EDGE('',*,*,#1988,.F.);
#2531=ORIENTED_EDGE('',*,*,#1989,.F.);
#2532=ORIENTED_EDGE('',*,*,#1990,.F.);
#2533=ORIENTED_EDGE('',*,*,#1991,.F.);
#2534=ORIENTED_EDGE('',*,*,#1992,.F.);
#2535=ORIENTED_EDGE('',*,*,#1993,.F.);
#2536=ORIENTED_EDGE('',*,*,#1994,.F.);
#2537=ORIENTED_EDGE('',*,*,#1995,.F.);
#2538=ORIENTED_EDGE('',*,*,#1996,.F.);
#2539=ORIENTED_EDGE('',*,*,#1997,.F.);
#2540=ORIENTED_EDGE('',*,*,#1998,.F.);
#2541=ORIENTED_EDGE('',*,*,#1999,.F.);
#2542=ORIENTED_EDGE('',*,*,#2000,.F.);
#2543=ORIENTED_EDGE('',*,*,#2001,.F.);
#2544=ORIENTED_EDGE('',*,*,#2002,.F.);
#2545=ORIENTED_EDGE('',*,*,#2003,.F.);
#2546=ORIENTED_EDGE('',*,*,#2004,.F.);
#2547=ORIENTED_EDGE('',*,*,#2005,.F.);
#2548=ORIENTED_EDGE('',*,*,#2006,.F.);
#2549=ORIENTED_EDGE('',*,*,#2007,.F.);
#2550=ORIENTED_EDGE('',*,*,#2008,.F.);
#2551=ORIENTED_EDGE('',*,*,#2009,.F.);
#2552=ORIENTED_EDGE('',*,*,#2010,.F.);
#2553=ORIENTED_EDGE('',*,*,#2011,.F.);
#2554=ORIENTED_EDGE('',*,*,#2012,.F.);
#2555=ORIENTED_EDGE('',*,*,#2013,.F.);
#2556=ORIENTED_EDGE('',*,*,#2014,.F.);
#2557=ORIENTED_EDGE('',*,*,#2015,.F.);
#2558=ORIENTED_EDGE('',*,*,#2016,.F.);
#2559=ORIENTED_EDGE('',*,*,#2017,.F.);
#2560=ORIENTED_EDGE('',*,*,#2018,.T.);
#2561=ORIENTED_EDGE('',*,*,#1973,.T.);
#2562=ORIENTED_EDGE('',*,*,#2018,.F.);
#2563=ORIENTED_EDGE('',*,*,#2017,.T.);
#2564=ORIENTED_EDGE('',*,*,#2019,.T.);
#2565=ORIENTED_EDGE('',*,*,#2020,.F.);
#2566=ORIENTED_EDGE('',*,*,#2021,.F.);
#2567=ORIENTED_EDGE('',*,*,#2022,.T.);
#2568=ORIENTED_EDGE('',*,*,#2019,.F.);
#2569=ORIENTED_EDGE('',*,*,#2022,.F.);
#2570=ORIENTED_EDGE('',*,*,#2020,.T.);
#2571=ORIENTED_EDGE('',*,*,#2021,.T.);
#2572=ORIENTED_EDGE('',*,*,#2023,.T.);
#2573=ORIENTED_EDGE('',*,*,#1881,.F.);
#2574=ORIENTED_EDGE('',*,*,#2023,.F.);
#2575=ORIENTED_EDGE('',*,*,#2024,.F.);
#2576=ORIENTED_EDGE('',*,*,#2025,.T.);
#2577=ORIENTED_EDGE('',*,*,#1974,.T.);
#2578=ORIENTED_EDGE('',*,*,#2025,.F.);
#2579=ORIENTED_EDGE('',*,*,#2024,.T.);
#2580=ORIENTED_EDGE('',*,*,#2026,.T.);
#2581=ORIENTED_EDGE('',*,*,#2027,.F.);
#2582=ORIENTED_EDGE('',*,*,#2028,.F.);
#2583=ORIENTED_EDGE('',*,*,#2029,.T.);
#2584=ORIENTED_EDGE('',*,*,#2026,.F.);
#2585=ORIENTED_EDGE('',*,*,#2029,.F.);
#2586=ORIENTED_EDGE('',*,*,#2027,.T.);
#2587=ORIENTED_EDGE('',*,*,#2028,.T.);
#2588=ORIENTED_EDGE('',*,*,#2030,.T.);
#2589=ORIENTED_EDGE('',*,*,#1880,.F.);
#2590=ORIENTED_EDGE('',*,*,#2030,.F.);
#2591=ORIENTED_EDGE('',*,*,#2031,.F.);
#2592=ORIENTED_EDGE('',*,*,#2032,.T.);
#2593=ORIENTED_EDGE('',*,*,#1975,.T.);
#2594=ORIENTED_EDGE('',*,*,#2032,.F.);
#2595=ORIENTED_EDGE('',*,*,#2031,.T.);
#2596=ORIENTED_EDGE('',*,*,#2033,.T.);
#2597=ORIENTED_EDGE('',*,*,#2034,.F.);
#2598=ORIENTED_EDGE('',*,*,#2035,.F.);
#2599=ORIENTED_EDGE('',*,*,#2036,.T.);
#2600=ORIENTED_EDGE('',*,*,#2033,.F.);
#2601=ORIENTED_EDGE('',*,*,#2036,.F.);
#2602=ORIENTED_EDGE('',*,*,#2034,.T.);
#2603=ORIENTED_EDGE('',*,*,#2035,.T.);
#2604=ORIENTED_EDGE('',*,*,#2037,.T.);
#2605=ORIENTED_EDGE('',*,*,#1879,.F.);
#2606=ORIENTED_EDGE('',*,*,#2037,.F.);
#2607=ORIENTED_EDGE('',*,*,#2038,.F.);
#2608=ORIENTED_EDGE('',*,*,#2039,.T.);
#2609=ORIENTED_EDGE('',*,*,#1976,.T.);
#2610=ORIENTED_EDGE('',*,*,#2039,.F.);
#2611=ORIENTED_EDGE('',*,*,#2038,.T.);
#2612=ORIENTED_EDGE('',*,*,#2040,.T.);
#2613=ORIENTED_EDGE('',*,*,#2041,.F.);
#2614=ORIENTED_EDGE('',*,*,#2042,.F.);
#2615=ORIENTED_EDGE('',*,*,#2043,.T.);
#2616=ORIENTED_EDGE('',*,*,#2040,.F.);
#2617=ORIENTED_EDGE('',*,*,#2043,.F.);
#2618=ORIENTED_EDGE('',*,*,#2041,.T.);
#2619=ORIENTED_EDGE('',*,*,#2042,.T.);
#2620=ORIENTED_EDGE('',*,*,#2044,.T.);
#2621=ORIENTED_EDGE('',*,*,#1878,.F.);
#2622=ORIENTED_EDGE('',*,*,#2044,.F.);
#2623=ORIENTED_EDGE('',*,*,#2045,.F.);
#2624=ORIENTED_EDGE('',*,*,#2046,.T.);
#2625=ORIENTED_EDGE('',*,*,#1977,.T.);
#2626=ORIENTED_EDGE('',*,*,#2046,.F.);
#2627=ORIENTED_EDGE('',*,*,#2045,.T.);
#2628=ORIENTED_EDGE('',*,*,#2047,.T.);
#2629=ORIENTED_EDGE('',*,*,#2048,.F.);
#2630=ORIENTED_EDGE('',*,*,#2049,.F.);
#2631=ORIENTED_EDGE('',*,*,#2050,.T.);
#2632=ORIENTED_EDGE('',*,*,#2047,.F.);
#2633=ORIENTED_EDGE('',*,*,#2050,.F.);
#2634=ORIENTED_EDGE('',*,*,#2048,.T.);
#2635=ORIENTED_EDGE('',*,*,#2049,.T.);
#2636=ORIENTED_EDGE('',*,*,#2051,.T.);
#2637=ORIENTED_EDGE('',*,*,#1877,.F.);
#2638=ORIENTED_EDGE('',*,*,#2051,.F.);
#2639=ORIENTED_EDGE('',*,*,#2052,.F.);
#2640=ORIENTED_EDGE('',*,*,#2053,.T.);
#2641=ORIENTED_EDGE('',*,*,#1978,.T.);
#2642=ORIENTED_EDGE('',*,*,#2053,.F.);
#2643=ORIENTED_EDGE('',*,*,#2052,.T.);
#2644=ORIENTED_EDGE('',*,*,#2054,.T.);
#2645=ORIENTED_EDGE('',*,*,#2055,.F.);
#2646=ORIENTED_EDGE('',*,*,#2056,.F.);
#2647=ORIENTED_EDGE('',*,*,#2057,.T.);
#2648=ORIENTED_EDGE('',*,*,#2054,.F.);
#2649=ORIENTED_EDGE('',*,*,#2057,.F.);
#2650=ORIENTED_EDGE('',*,*,#2055,.T.);
#2651=ORIENTED_EDGE('',*,*,#2056,.T.);
#2652=ORIENTED_EDGE('',*,*,#2058,.T.);
#2653=ORIENTED_EDGE('',*,*,#1876,.F.);
#2654=ORIENTED_EDGE('',*,*,#2058,.F.);
#2655=ORIENTED_EDGE('',*,*,#2059,.T.);
#2656=ORIENTED_EDGE('',*,*,#2060,.T.);
#2657=ORIENTED_EDGE('',*,*,#2061,.F.);
#2658=ORIENTED_EDGE('',*,*,#1979,.F.);
#2659=ORIENTED_EDGE('',*,*,#2062,.F.);
#2660=ORIENTED_EDGE('',*,*,#2059,.F.);
#2661=ORIENTED_EDGE('',*,*,#1984,.F.);
#2662=ORIENTED_EDGE('',*,*,#2063,.T.);
#2663=ORIENTED_EDGE('',*,*,#2064,.T.);
#2664=ORIENTED_EDGE('',*,*,#2065,.F.);
#2665=ORIENTED_EDGE('',*,*,#2066,.T.);
#2666=ORIENTED_EDGE('',*,*,#2060,.F.);
#2667=ORIENTED_EDGE('',*,*,#2062,.T.);
#2668=ORIENTED_EDGE('',*,*,#2067,.F.);
#2669=ORIENTED_EDGE('',*,*,#2064,.F.);
#2670=ORIENTED_EDGE('',*,*,#2068,.F.);
#2671=ORIENTED_EDGE('',*,*,#1982,.F.);
#2672=ORIENTED_EDGE('',*,*,#2069,.T.);
#2673=ORIENTED_EDGE('',*,*,#2069,.F.);
#2674=ORIENTED_EDGE('',*,*,#1981,.F.);
#2675=ORIENTED_EDGE('',*,*,#2070,.T.);
#2676=ORIENTED_EDGE('',*,*,#2065,.T.);
#2677=ORIENTED_EDGE('',*,*,#2066,.F.);
#2678=ORIENTED_EDGE('',*,*,#2070,.F.);
#2679=ORIENTED_EDGE('',*,*,#1980,.F.);
#2680=ORIENTED_EDGE('',*,*,#2061,.T.);
#2681=ORIENTED_EDGE('',*,*,#2068,.T.);
#2682=ORIENTED_EDGE('',*,*,#2067,.T.);
#2683=ORIENTED_EDGE('',*,*,#2063,.F.);
#2684=ORIENTED_EDGE('',*,*,#1983,.F.);
#2685=ORIENTED_EDGE('',*,*,#1954,.T.);
#2686=ORIENTED_EDGE('',*,*,#2071,.F.);
#2687=ORIENTED_EDGE('',*,*,#2072,.F.);
#2688=ORIENTED_EDGE('',*,*,#2073,.F.);
#2689=ORIENTED_EDGE('',*,*,#2074,.F.);
#2690=ORIENTED_EDGE('',*,*,#2075,.F.);
#2691=ORIENTED_EDGE('',*,*,#2076,.F.);
#2692=ORIENTED_EDGE('',*,*,#2077,.T.);
#2693=ORIENTED_EDGE('',*,*,#1955,.T.);
#2694=ORIENTED_EDGE('',*,*,#2075,.T.);
#2695=ORIENTED_EDGE('',*,*,#2078,.F.);
#2696=ORIENTED_EDGE('',*,*,#2076,.T.);
#2697=ORIENTED_EDGE('',*,*,#2079,.F.);
#2698=ORIENTED_EDGE('',*,*,#2080,.F.);
#2699=ORIENTED_EDGE('',*,*,#2081,.F.);
#2700=ORIENTED_EDGE('',*,*,#2082,.F.);
#2701=ORIENTED_EDGE('',*,*,#2083,.F.);
#2702=ORIENTED_EDGE('',*,*,#2081,.T.);
#2703=ORIENTED_EDGE('',*,*,#2084,.T.);
#2704=ORIENTED_EDGE('',*,*,#2085,.T.);
#2705=ORIENTED_EDGE('',*,*,#2086,.T.);
#2706=ORIENTED_EDGE('',*,*,#2087,.F.);
#2707=ORIENTED_EDGE('',*,*,#2088,.F.);
#2708=ORIENTED_EDGE('',*,*,#2089,.T.);
#2709=ORIENTED_EDGE('',*,*,#2090,.F.);
#2710=ORIENTED_EDGE('',*,*,#1929,.T.);
#2711=ORIENTED_EDGE('',*,*,#1921,.T.);
#2712=ORIENTED_EDGE('',*,*,#2091,.T.);
#2713=ORIENTED_EDGE('',*,*,#2092,.F.);
#2714=ORIENTED_EDGE('',*,*,#2093,.F.);
#2715=ORIENTED_EDGE('',*,*,#2094,.F.);
#2716=ORIENTED_EDGE('',*,*,#2095,.T.);
#2717=ORIENTED_EDGE('',*,*,#2096,.T.);
#2718=ORIENTED_EDGE('',*,*,#2097,.T.);
#2719=ORIENTED_EDGE('',*,*,#2098,.T.);
#2720=ORIENTED_EDGE('',*,*,#2099,.T.);
#2721=ORIENTED_EDGE('',*,*,#2100,.T.);
#2722=ORIENTED_EDGE('',*,*,#2101,.T.);
#2723=ORIENTED_EDGE('',*,*,#2102,.T.);
#2724=ORIENTED_EDGE('',*,*,#2103,.T.);
#2725=ORIENTED_EDGE('',*,*,#2101,.F.);
#2726=ORIENTED_EDGE('',*,*,#2103,.F.);
#2727=ORIENTED_EDGE('',*,*,#2104,.T.);
#2728=ORIENTED_EDGE('',*,*,#2102,.F.);
#2729=ORIENTED_EDGE('',*,*,#2105,.T.);
#2730=ORIENTED_EDGE('',*,*,#2106,.T.);
#2731=ORIENTED_EDGE('',*,*,#2107,.T.);
#2732=ORIENTED_EDGE('',*,*,#2105,.F.);
#2733=ORIENTED_EDGE('',*,*,#2104,.F.);
#2734=ORIENTED_EDGE('',*,*,#2108,.T.);
#2735=ORIENTED_EDGE('',*,*,#2106,.F.);
#2736=ORIENTED_EDGE('',*,*,#2107,.F.);
#2737=ORIENTED_EDGE('',*,*,#2108,.F.);
#2738=ORIENTED_EDGE('',*,*,#2109,.T.);
#2739=ORIENTED_EDGE('',*,*,#2110,.T.);
#2740=ORIENTED_EDGE('',*,*,#2099,.F.);
#2741=ORIENTED_EDGE('',*,*,#2110,.F.);
#2742=ORIENTED_EDGE('',*,*,#2111,.T.);
#2743=ORIENTED_EDGE('',*,*,#2109,.F.);
#2744=ORIENTED_EDGE('',*,*,#2112,.T.);
#2745=ORIENTED_EDGE('',*,*,#2113,.T.);
#2746=ORIENTED_EDGE('',*,*,#2114,.T.);
#2747=ORIENTED_EDGE('',*,*,#2112,.F.);
#2748=ORIENTED_EDGE('',*,*,#2111,.F.);
#2749=ORIENTED_EDGE('',*,*,#2115,.T.);
#2750=ORIENTED_EDGE('',*,*,#2113,.F.);
#2751=ORIENTED_EDGE('',*,*,#2114,.F.);
#2752=ORIENTED_EDGE('',*,*,#2115,.F.);
#2753=ORIENTED_EDGE('',*,*,#2116,.T.);
#2754=ORIENTED_EDGE('',*,*,#2117,.T.);
#2755=ORIENTED_EDGE('',*,*,#2100,.F.);
#2756=ORIENTED_EDGE('',*,*,#2117,.F.);
#2757=ORIENTED_EDGE('',*,*,#2118,.T.);
#2758=ORIENTED_EDGE('',*,*,#2116,.F.);
#2759=ORIENTED_EDGE('',*,*,#2119,.T.);
#2760=ORIENTED_EDGE('',*,*,#2120,.T.);
#2761=ORIENTED_EDGE('',*,*,#2121,.T.);
#2762=ORIENTED_EDGE('',*,*,#2119,.F.);
#2763=ORIENTED_EDGE('',*,*,#2118,.F.);
#2764=ORIENTED_EDGE('',*,*,#2122,.T.);
#2765=ORIENTED_EDGE('',*,*,#2120,.F.);
#2766=ORIENTED_EDGE('',*,*,#2121,.F.);
#2767=ORIENTED_EDGE('',*,*,#2122,.F.);
#2768=ORIENTED_EDGE('',*,*,#2123,.T.);
#2769=ORIENTED_EDGE('',*,*,#2124,.F.);
#2770=ORIENTED_EDGE('',*,*,#2125,.F.);
#2771=ORIENTED_EDGE('',*,*,#2082,.T.);
#2772=ORIENTED_EDGE('',*,*,#2123,.F.);
#2773=ORIENTED_EDGE('',*,*,#2098,.F.);
#2774=ORIENTED_EDGE('',*,*,#2126,.T.);
#2775=ORIENTED_EDGE('',*,*,#2127,.T.);
#2776=ORIENTED_EDGE('',*,*,#2128,.F.);
#2777=ORIENTED_EDGE('',*,*,#2124,.T.);
#2778=ORIENTED_EDGE('',*,*,#2128,.T.);
#2779=ORIENTED_EDGE('',*,*,#2129,.T.);
#2780=ORIENTED_EDGE('',*,*,#2130,.F.);
#2781=ORIENTED_EDGE('',*,*,#2131,.T.);
#2782=ORIENTED_EDGE('',*,*,#2132,.F.);
#2783=ORIENTED_EDGE('',*,*,#1957,.F.);
#2784=ORIENTED_EDGE('',*,*,#2133,.F.);
#2785=ORIENTED_EDGE('',*,*,#2125,.T.);
#2786=ORIENTED_EDGE('',*,*,#2132,.T.);
#2787=ORIENTED_EDGE('',*,*,#2134,.T.);
#2788=ORIENTED_EDGE('',*,*,#1958,.T.);
#2789=ORIENTED_EDGE('',*,*,#2134,.F.);
#2790=ORIENTED_EDGE('',*,*,#2131,.F.);
#2791=ORIENTED_EDGE('',*,*,#2135,.F.);
#2792=ORIENTED_EDGE('',*,*,#2136,.F.);
#2793=ORIENTED_EDGE('',*,*,#2137,.F.);
#2794=ORIENTED_EDGE('',*,*,#2138,.F.);
#2795=ORIENTED_EDGE('',*,*,#2139,.T.);
#2796=ORIENTED_EDGE('',*,*,#1959,.T.);
#2797=ORIENTED_EDGE('',*,*,#2137,.T.);
#2798=ORIENTED_EDGE('',*,*,#2140,.F.);
#2799=ORIENTED_EDGE('',*,*,#2138,.T.);
#2800=ORIENTED_EDGE('',*,*,#2141,.F.);
#2801=ORIENTED_EDGE('',*,*,#2142,.F.);
#2802=ORIENTED_EDGE('',*,*,#2095,.F.);
#2803=ORIENTED_EDGE('',*,*,#2143,.F.);
#2804=ORIENTED_EDGE('',*,*,#2096,.F.);
#2805=ORIENTED_EDGE('',*,*,#2142,.T.);
#2806=ORIENTED_EDGE('',*,*,#2144,.T.);
#2807=ORIENTED_EDGE('',*,*,#2145,.F.);
#2808=ORIENTED_EDGE('',*,*,#2143,.T.);
#2809=ORIENTED_EDGE('',*,*,#2146,.F.);
#2810=ORIENTED_EDGE('',*,*,#2126,.F.);
#2811=ORIENTED_EDGE('',*,*,#2097,.F.);
#2812=ORIENTED_EDGE('',*,*,#2147,.F.);
#2813=ORIENTED_EDGE('',*,*,#2129,.F.);
#2814=ORIENTED_EDGE('',*,*,#2127,.F.);
#2815=ORIENTED_EDGE('',*,*,#2146,.T.);
#2816=ORIENTED_EDGE('',*,*,#2145,.T.);
#2817=ORIENTED_EDGE('',*,*,#2148,.T.);
#2818=ORIENTED_EDGE('',*,*,#2073,.T.);
#2819=ORIENTED_EDGE('',*,*,#2149,.T.);
#2820=ORIENTED_EDGE('',*,*,#2150,.T.);
#2821=ORIENTED_EDGE('',*,*,#2151,.T.);
#2822=ORIENTED_EDGE('',*,*,#2135,.T.);
#2823=ORIENTED_EDGE('',*,*,#2130,.T.);
#2824=ORIENTED_EDGE('',*,*,#2147,.T.);
#2825=ORIENTED_EDGE('',*,*,#2152,.T.);
#2826=ORIENTED_EDGE('',*,*,#2151,.F.);
#2827=ORIENTED_EDGE('',*,*,#2153,.F.);
#2828=ORIENTED_EDGE('',*,*,#2154,.F.);
#2829=ORIENTED_EDGE('',*,*,#2079,.T.);
#2830=ORIENTED_EDGE('',*,*,#2078,.T.);
#2831=ORIENTED_EDGE('',*,*,#2074,.T.);
#2832=ORIENTED_EDGE('',*,*,#2155,.F.);
#2833=ORIENTED_EDGE('',*,*,#2084,.F.);
#2834=ORIENTED_EDGE('',*,*,#2080,.T.);
#2835=ORIENTED_EDGE('',*,*,#2154,.T.);
#2836=ORIENTED_EDGE('',*,*,#2156,.F.);
#2837=ORIENTED_EDGE('',*,*,#2155,.T.);
#2838=ORIENTED_EDGE('',*,*,#2157,.F.);
#2839=ORIENTED_EDGE('',*,*,#2158,.F.);
#2840=ORIENTED_EDGE('',*,*,#2085,.F.);
#2841=ORIENTED_EDGE('',*,*,#2159,.F.);
#2842=ORIENTED_EDGE('',*,*,#2086,.F.);
#2843=ORIENTED_EDGE('',*,*,#2158,.T.);
#2844=ORIENTED_EDGE('',*,*,#2160,.T.);
#2845=ORIENTED_EDGE('',*,*,#2161,.F.);
#2846=ORIENTED_EDGE('',*,*,#2159,.T.);
#2847=ORIENTED_EDGE('',*,*,#2162,.F.);
#2848=ORIENTED_EDGE('',*,*,#2163,.F.);
#2849=ORIENTED_EDGE('',*,*,#2087,.T.);
#2850=ORIENTED_EDGE('',*,*,#1972,.F.);
#2851=ORIENTED_EDGE('',*,*,#2164,.F.);
#2852=ORIENTED_EDGE('',*,*,#2163,.T.);
#2853=ORIENTED_EDGE('',*,*,#2165,.T.);
#2854=ORIENTED_EDGE('',*,*,#2071,.T.);
#2855=ORIENTED_EDGE('',*,*,#2162,.T.);
#2856=ORIENTED_EDGE('',*,*,#2161,.T.);
#2857=ORIENTED_EDGE('',*,*,#2166,.T.);
#2858=ORIENTED_EDGE('',*,*,#2149,.F.);
#2859=ORIENTED_EDGE('',*,*,#2072,.T.);
#2860=ORIENTED_EDGE('',*,*,#2165,.F.);
#2861=ORIENTED_EDGE('',*,*,#2150,.F.);
#2862=ORIENTED_EDGE('',*,*,#2166,.F.);
#2863=ORIENTED_EDGE('',*,*,#2160,.F.);
#2864=ORIENTED_EDGE('',*,*,#2157,.T.);
#2865=ORIENTED_EDGE('',*,*,#2156,.T.);
#2866=ORIENTED_EDGE('',*,*,#2153,.T.);
#2867=ORIENTED_EDGE('',*,*,#2088,.T.);
#2868=ORIENTED_EDGE('',*,*,#2164,.T.);
#2869=ORIENTED_EDGE('',*,*,#1971,.F.);
#2870=ORIENTED_EDGE('',*,*,#2167,.T.);
#2871=ORIENTED_EDGE('',*,*,#2168,.F.);
#2872=ORIENTED_EDGE('',*,*,#2169,.T.);
#2873=ORIENTED_EDGE('',*,*,#2170,.F.);
#2874=ORIENTED_EDGE('',*,*,#2171,.F.);
#2875=ORIENTED_EDGE('',*,*,#2089,.F.);
#2876=ORIENTED_EDGE('',*,*,#2168,.T.);
#2877=ORIENTED_EDGE('',*,*,#2172,.T.);
#2878=ORIENTED_EDGE('',*,*,#2173,.F.);
#2879=ORIENTED_EDGE('',*,*,#2174,.T.);
#2880=ORIENTED_EDGE('',*,*,#2175,.F.);
#2881=ORIENTED_EDGE('',*,*,#2169,.F.);
#2882=ORIENTED_EDGE('',*,*,#2173,.T.);
#2883=ORIENTED_EDGE('',*,*,#2172,.F.);
#2884=ORIENTED_EDGE('',*,*,#2167,.F.);
#2885=ORIENTED_EDGE('',*,*,#1970,.F.);
#2886=ORIENTED_EDGE('',*,*,#2176,.T.);
#2887=ORIENTED_EDGE('',*,*,#2177,.F.);
#2888=ORIENTED_EDGE('',*,*,#2178,.T.);
#2889=ORIENTED_EDGE('',*,*,#2179,.F.);
#2890=ORIENTED_EDGE('',*,*,#2180,.F.);
#2891=ORIENTED_EDGE('',*,*,#2174,.F.);
#2892=ORIENTED_EDGE('',*,*,#2177,.T.);
#2893=ORIENTED_EDGE('',*,*,#2181,.T.);
#2894=ORIENTED_EDGE('',*,*,#2182,.F.);
#2895=ORIENTED_EDGE('',*,*,#2183,.T.);
#2896=ORIENTED_EDGE('',*,*,#2184,.F.);
#2897=ORIENTED_EDGE('',*,*,#2185,.F.);
#2898=ORIENTED_EDGE('',*,*,#2186,.T.);
#2899=ORIENTED_EDGE('',*,*,#1939,.F.);
#2900=ORIENTED_EDGE('',*,*,#2187,.T.);
#2901=ORIENTED_EDGE('',*,*,#1919,.T.);
#2902=ORIENTED_EDGE('',*,*,#1928,.T.);
#2903=ORIENTED_EDGE('',*,*,#2188,.F.);
#2904=ORIENTED_EDGE('',*,*,#2178,.F.);
#2905=ORIENTED_EDGE('',*,*,#2189,.F.);
#2906=ORIENTED_EDGE('',*,*,#2190,.T.);
#2907=ORIENTED_EDGE('',*,*,#2191,.T.);
#2908=ORIENTED_EDGE('',*,*,#2192,.F.);
#2909=ORIENTED_EDGE('',*,*,#2193,.T.);
#2910=ORIENTED_EDGE('',*,*,#2194,.F.);
#2911=ORIENTED_EDGE('',*,*,#2195,.F.);
#2912=ORIENTED_EDGE('',*,*,#2196,.T.);
#2913=ORIENTED_EDGE('',*,*,#2197,.T.);
#2914=ORIENTED_EDGE('',*,*,#2198,.F.);
#2915=ORIENTED_EDGE('',*,*,#2199,.F.);
#2916=ORIENTED_EDGE('',*,*,#2200,.F.);
#2917=ORIENTED_EDGE('',*,*,#2201,.F.);
#2918=ORIENTED_EDGE('',*,*,#2202,.T.);
#2919=ORIENTED_EDGE('',*,*,#2200,.T.);
#2920=ORIENTED_EDGE('',*,*,#2202,.F.);
#2921=ORIENTED_EDGE('',*,*,#2203,.T.);
#2922=ORIENTED_EDGE('',*,*,#2204,.T.);
#2923=ORIENTED_EDGE('',*,*,#2201,.T.);
#2924=ORIENTED_EDGE('',*,*,#2204,.F.);
#2925=ORIENTED_EDGE('',*,*,#2205,.T.);
#2926=ORIENTED_EDGE('',*,*,#2203,.F.);
#2927=ORIENTED_EDGE('',*,*,#2205,.F.);
#2928=ORIENTED_EDGE('',*,*,#2206,.F.);
#2929=ORIENTED_EDGE('',*,*,#2207,.T.);
#2930=ORIENTED_EDGE('',*,*,#2198,.T.);
#2931=ORIENTED_EDGE('',*,*,#2207,.F.);
#2932=ORIENTED_EDGE('',*,*,#2208,.T.);
#2933=ORIENTED_EDGE('',*,*,#2209,.T.);
#2934=ORIENTED_EDGE('',*,*,#2206,.T.);
#2935=ORIENTED_EDGE('',*,*,#2209,.F.);
#2936=ORIENTED_EDGE('',*,*,#2210,.T.);
#2937=ORIENTED_EDGE('',*,*,#2208,.F.);
#2938=ORIENTED_EDGE('',*,*,#2210,.F.);
#2939=ORIENTED_EDGE('',*,*,#2211,.F.);
#2940=ORIENTED_EDGE('',*,*,#2212,.T.);
#2941=ORIENTED_EDGE('',*,*,#2199,.T.);
#2942=ORIENTED_EDGE('',*,*,#2212,.F.);
#2943=ORIENTED_EDGE('',*,*,#2213,.T.);
#2944=ORIENTED_EDGE('',*,*,#2214,.T.);
#2945=ORIENTED_EDGE('',*,*,#2211,.T.);
#2946=ORIENTED_EDGE('',*,*,#2214,.F.);
#2947=ORIENTED_EDGE('',*,*,#2215,.T.);
#2948=ORIENTED_EDGE('',*,*,#2213,.F.);
#2949=ORIENTED_EDGE('',*,*,#2215,.F.);
#2950=ORIENTED_EDGE('',*,*,#2216,.F.);
#2951=ORIENTED_EDGE('',*,*,#2217,.F.);
#2952=ORIENTED_EDGE('',*,*,#2218,.T.);
#2953=ORIENTED_EDGE('',*,*,#2182,.T.);
#2954=ORIENTED_EDGE('',*,*,#2216,.T.);
#2955=ORIENTED_EDGE('',*,*,#2197,.F.);
#2956=ORIENTED_EDGE('',*,*,#2219,.F.);
#2957=ORIENTED_EDGE('',*,*,#2220,.T.);
#2958=ORIENTED_EDGE('',*,*,#2221,.T.);
#2959=ORIENTED_EDGE('',*,*,#2217,.T.);
#2960=ORIENTED_EDGE('',*,*,#2221,.F.);
#2961=ORIENTED_EDGE('',*,*,#2222,.F.);
#2962=ORIENTED_EDGE('',*,*,#2223,.F.);
#2963=ORIENTED_EDGE('',*,*,#2224,.T.);
#2964=ORIENTED_EDGE('',*,*,#2225,.F.);
#2965=ORIENTED_EDGE('',*,*,#2226,.T.);
#2966=ORIENTED_EDGE('',*,*,#2183,.F.);
#2967=ORIENTED_EDGE('',*,*,#2218,.F.);
#2968=ORIENTED_EDGE('',*,*,#2225,.T.);
#2969=ORIENTED_EDGE('',*,*,#2227,.T.);
#2970=ORIENTED_EDGE('',*,*,#2226,.F.);
#2971=ORIENTED_EDGE('',*,*,#2228,.F.);
#2972=ORIENTED_EDGE('',*,*,#2229,.T.);
#2973=ORIENTED_EDGE('',*,*,#2184,.T.);
#2974=ORIENTED_EDGE('',*,*,#1962,.T.);
#2975=ORIENTED_EDGE('',*,*,#2230,.F.);
#2976=ORIENTED_EDGE('',*,*,#2229,.F.);
#2977=ORIENTED_EDGE('',*,*,#2231,.T.);
#2978=ORIENTED_EDGE('',*,*,#2232,.T.);
#2979=ORIENTED_EDGE('',*,*,#1963,.T.);
#2980=ORIENTED_EDGE('',*,*,#2232,.F.);
#2981=ORIENTED_EDGE('',*,*,#2233,.F.);
#2982=ORIENTED_EDGE('',*,*,#2234,.F.);
#2983=ORIENTED_EDGE('',*,*,#2235,.F.);
#2984=ORIENTED_EDGE('',*,*,#2236,.F.);
#2985=ORIENTED_EDGE('',*,*,#2237,.T.);
#2986=ORIENTED_EDGE('',*,*,#2238,.T.);
#2987=ORIENTED_EDGE('',*,*,#1964,.F.);
#2988=ORIENTED_EDGE('',*,*,#2236,.T.);
#2989=ORIENTED_EDGE('',*,*,#2239,.F.);
#2990=ORIENTED_EDGE('',*,*,#2237,.F.);
#2991=ORIENTED_EDGE('',*,*,#2240,.F.);
#2992=ORIENTED_EDGE('',*,*,#2219,.T.);
#2993=ORIENTED_EDGE('',*,*,#2196,.F.);
#2994=ORIENTED_EDGE('',*,*,#2241,.F.);
#2995=ORIENTED_EDGE('',*,*,#2222,.T.);
#2996=ORIENTED_EDGE('',*,*,#2220,.F.);
#2997=ORIENTED_EDGE('',*,*,#2240,.T.);
#2998=ORIENTED_EDGE('',*,*,#2239,.T.);
#2999=ORIENTED_EDGE('',*,*,#2235,.T.);
#3000=ORIENTED_EDGE('',*,*,#2234,.T.);
#3001=ORIENTED_EDGE('',*,*,#2242,.T.);
#3002=ORIENTED_EDGE('',*,*,#2223,.T.);
#3003=ORIENTED_EDGE('',*,*,#2241,.T.);
#3004=ORIENTED_EDGE('',*,*,#2243,.T.);
#3005=ORIENTED_EDGE('',*,*,#2244,.T.);
#3006=ORIENTED_EDGE('',*,*,#2245,.T.);
#3007=ORIENTED_EDGE('',*,*,#2246,.T.);
#3008=ORIENTED_EDGE('',*,*,#2228,.T.);
#3009=ORIENTED_EDGE('',*,*,#2227,.F.);
#3010=ORIENTED_EDGE('',*,*,#2224,.F.);
#3011=ORIENTED_EDGE('',*,*,#2242,.F.);
#3012=ORIENTED_EDGE('',*,*,#2233,.T.);
#3013=ORIENTED_EDGE('',*,*,#2231,.F.);
#3014=ORIENTED_EDGE('',*,*,#1967,.T.);
#3015=ORIENTED_EDGE('',*,*,#2247,.F.);
#3016=ORIENTED_EDGE('',*,*,#2248,.F.);
#3017=ORIENTED_EDGE('',*,*,#2243,.F.);
#3018=ORIENTED_EDGE('',*,*,#2249,.F.);
#3019=ORIENTED_EDGE('',*,*,#2250,.F.);
#3020=ORIENTED_EDGE('',*,*,#2251,.T.);
#3021=ORIENTED_EDGE('',*,*,#2252,.T.);
#3022=ORIENTED_EDGE('',*,*,#1968,.F.);
#3023=ORIENTED_EDGE('',*,*,#2250,.T.);
#3024=ORIENTED_EDGE('',*,*,#2253,.F.);
#3025=ORIENTED_EDGE('',*,*,#2251,.F.);
#3026=ORIENTED_EDGE('',*,*,#2254,.F.);
#3027=ORIENTED_EDGE('',*,*,#2255,.T.);
#3028=ORIENTED_EDGE('',*,*,#2190,.F.);
#3029=ORIENTED_EDGE('',*,*,#2256,.T.);
#3030=ORIENTED_EDGE('',*,*,#2191,.F.);
#3031=ORIENTED_EDGE('',*,*,#2255,.F.);
#3032=ORIENTED_EDGE('',*,*,#2257,.T.);
#3033=ORIENTED_EDGE('',*,*,#2258,.T.);
#3034=ORIENTED_EDGE('',*,*,#2256,.F.);
#3035=ORIENTED_EDGE('',*,*,#2259,.F.);
#3036=ORIENTED_EDGE('',*,*,#2260,.T.);
#3037=ORIENTED_EDGE('',*,*,#2192,.T.);
#3038=ORIENTED_EDGE('',*,*,#2261,.T.);
#3039=ORIENTED_EDGE('',*,*,#2193,.F.);
#3040=ORIENTED_EDGE('',*,*,#2260,.F.);
#3041=ORIENTED_EDGE('',*,*,#2262,.T.);
#3042=ORIENTED_EDGE('',*,*,#2263,.T.);
#3043=ORIENTED_EDGE('',*,*,#2261,.F.);
#3044=ORIENTED_EDGE('',*,*,#2264,.F.);
#3045=ORIENTED_EDGE('',*,*,#2265,.T.);
#3046=ORIENTED_EDGE('',*,*,#2194,.T.);
#3047=ORIENTED_EDGE('',*,*,#1966,.T.);
#3048=ORIENTED_EDGE('',*,*,#2266,.F.);
#3049=ORIENTED_EDGE('',*,*,#2265,.F.);
#3050=ORIENTED_EDGE('',*,*,#2267,.T.);
#3051=ORIENTED_EDGE('',*,*,#2247,.T.);
#3052=ORIENTED_EDGE('',*,*,#2264,.T.);
#3053=ORIENTED_EDGE('',*,*,#2263,.F.);
#3054=ORIENTED_EDGE('',*,*,#2268,.F.);
#3055=ORIENTED_EDGE('',*,*,#2244,.F.);
#3056=ORIENTED_EDGE('',*,*,#2248,.T.);
#3057=ORIENTED_EDGE('',*,*,#2267,.F.);
#3058=ORIENTED_EDGE('',*,*,#2259,.T.);
#3059=ORIENTED_EDGE('',*,*,#2258,.F.);
#3060=ORIENTED_EDGE('',*,*,#2269,.F.);
#3061=ORIENTED_EDGE('',*,*,#2245,.F.);
#3062=ORIENTED_EDGE('',*,*,#2268,.T.);
#3063=ORIENTED_EDGE('',*,*,#2262,.F.);
#3064=ORIENTED_EDGE('',*,*,#2246,.F.);
#3065=ORIENTED_EDGE('',*,*,#2269,.T.);
#3066=ORIENTED_EDGE('',*,*,#2257,.F.);
#3067=ORIENTED_EDGE('',*,*,#2254,.T.);
#3068=ORIENTED_EDGE('',*,*,#2253,.T.);
#3069=ORIENTED_EDGE('',*,*,#2249,.T.);
#3070=ORIENTED_EDGE('',*,*,#1965,.F.);
#3071=ORIENTED_EDGE('',*,*,#2238,.F.);
#3072=ORIENTED_EDGE('',*,*,#2195,.T.);
#3073=ORIENTED_EDGE('',*,*,#2266,.T.);
#3074=ORIENTED_EDGE('',*,*,#2189,.T.);
#3075=ORIENTED_EDGE('',*,*,#2181,.F.);
#3076=ORIENTED_EDGE('',*,*,#2176,.F.);
#3077=ORIENTED_EDGE('',*,*,#1969,.F.);
#3078=ORIENTED_EDGE('',*,*,#2252,.F.);
#3079=ORIENTED_EDGE('',*,*,#1961,.F.);
#3080=ORIENTED_EDGE('',*,*,#1953,.F.);
#3081=ORIENTED_EDGE('',*,*,#2270,.F.);
#3082=ORIENTED_EDGE('',*,*,#2185,.T.);
#3083=ORIENTED_EDGE('',*,*,#2230,.T.);
#3084=ORIENTED_EDGE('',*,*,#1948,.T.);
#3085=ORIENTED_EDGE('',*,*,#1945,.F.);
#3086=ORIENTED_EDGE('',*,*,#1940,.F.);
#3087=ORIENTED_EDGE('',*,*,#2186,.F.);
#3088=ORIENTED_EDGE('',*,*,#2270,.T.);
#3089=ORIENTED_EDGE('',*,*,#1952,.F.);
#3090=ORIENTED_EDGE('',*,*,#2188,.T.);
#3091=ORIENTED_EDGE('',*,*,#1927,.F.);
#3092=ORIENTED_EDGE('',*,*,#1937,.F.);
#3093=ORIENTED_EDGE('',*,*,#2271,.T.);
#3094=ORIENTED_EDGE('',*,*,#2179,.T.);
#3095=ORIENTED_EDGE('',*,*,#1936,.F.);
#3096=ORIENTED_EDGE('',*,*,#2272,.T.);
#3097=ORIENTED_EDGE('',*,*,#2170,.T.);
#3098=ORIENTED_EDGE('',*,*,#2175,.T.);
#3099=ORIENTED_EDGE('',*,*,#2180,.T.);
#3100=ORIENTED_EDGE('',*,*,#2271,.F.);
#3101=ORIENTED_EDGE('',*,*,#1935,.F.);
#3102=ORIENTED_EDGE('',*,*,#1930,.F.);
#3103=ORIENTED_EDGE('',*,*,#2090,.T.);
#3104=ORIENTED_EDGE('',*,*,#2171,.T.);
#3105=ORIENTED_EDGE('',*,*,#2272,.F.);
#3106=ORIENTED_EDGE('',*,*,#2091,.F.);
#3107=ORIENTED_EDGE('',*,*,#1920,.F.);
#3108=ORIENTED_EDGE('',*,*,#2187,.F.);
#3109=ORIENTED_EDGE('',*,*,#1938,.T.);
#3110=ORIENTED_EDGE('',*,*,#1934,.T.);
#3111=ORIENTED_EDGE('',*,*,#2273,.T.);
#3112=ORIENTED_EDGE('',*,*,#2092,.T.);
#3113=ORIENTED_EDGE('',*,*,#2273,.F.);
#3114=ORIENTED_EDGE('',*,*,#1933,.F.);
#3115=ORIENTED_EDGE('',*,*,#1944,.T.);
#3116=ORIENTED_EDGE('',*,*,#2274,.T.);
#3117=ORIENTED_EDGE('',*,*,#2093,.T.);
#3118=ORIENTED_EDGE('',*,*,#2274,.F.);
#3119=ORIENTED_EDGE('',*,*,#1943,.F.);
#3120=ORIENTED_EDGE('',*,*,#1947,.F.);
#3121=ORIENTED_EDGE('',*,*,#1951,.T.);
#3122=ORIENTED_EDGE('',*,*,#2275,.T.);
#3123=ORIENTED_EDGE('',*,*,#2094,.T.);
#3124=ORIENTED_EDGE('',*,*,#2275,.F.);
#3125=ORIENTED_EDGE('',*,*,#1950,.F.);
#3126=ORIENTED_EDGE('',*,*,#1960,.F.);
#3127=ORIENTED_EDGE('',*,*,#2139,.F.);
#3128=ORIENTED_EDGE('',*,*,#2152,.F.);
#3129=ORIENTED_EDGE('',*,*,#2148,.F.);
#3130=ORIENTED_EDGE('',*,*,#2144,.F.);
#3131=ORIENTED_EDGE('',*,*,#2141,.T.);
#3132=ORIENTED_EDGE('',*,*,#2140,.T.);
#3133=ORIENTED_EDGE('',*,*,#2136,.T.);
#3134=ORIENTED_EDGE('',*,*,#2083,.T.);
#3135=ORIENTED_EDGE('',*,*,#2133,.T.);
#3136=ORIENTED_EDGE('',*,*,#1956,.F.);
#3137=ORIENTED_EDGE('',*,*,#2077,.F.);
#3138=ORIENTED_EDGE('',*,*,#2007,.T.);
#3139=ORIENTED_EDGE('',*,*,#2276,.T.);
#3140=ORIENTED_EDGE('',*,*,#2277,.F.);
#3141=ORIENTED_EDGE('',*,*,#2278,.F.);
#3142=ORIENTED_EDGE('',*,*,#2008,.T.);
#3143=ORIENTED_EDGE('',*,*,#2278,.T.);
#3144=ORIENTED_EDGE('',*,*,#2279,.F.);
#3145=ORIENTED_EDGE('',*,*,#2280,.F.);
#3146=ORIENTED_EDGE('',*,*,#2009,.T.);
#3147=ORIENTED_EDGE('',*,*,#2280,.T.);
#3148=ORIENTED_EDGE('',*,*,#2281,.F.);
#3149=ORIENTED_EDGE('',*,*,#2282,.F.);
#3150=ORIENTED_EDGE('',*,*,#2010,.T.);
#3151=ORIENTED_EDGE('',*,*,#2282,.T.);
#3152=ORIENTED_EDGE('',*,*,#2283,.F.);
#3153=ORIENTED_EDGE('',*,*,#2284,.F.);
#3154=ORIENTED_EDGE('',*,*,#2011,.T.);
#3155=ORIENTED_EDGE('',*,*,#2284,.T.);
#3156=ORIENTED_EDGE('',*,*,#2285,.F.);
#3157=ORIENTED_EDGE('',*,*,#2286,.F.);
#3158=ORIENTED_EDGE('',*,*,#2012,.T.);
#3159=ORIENTED_EDGE('',*,*,#2286,.T.);
#3160=ORIENTED_EDGE('',*,*,#2287,.F.);
#3161=ORIENTED_EDGE('',*,*,#2288,.F.);
#3162=ORIENTED_EDGE('',*,*,#2013,.T.);
#3163=ORIENTED_EDGE('',*,*,#2288,.T.);
#3164=ORIENTED_EDGE('',*,*,#2289,.F.);
#3165=ORIENTED_EDGE('',*,*,#2290,.F.);
#3166=ORIENTED_EDGE('',*,*,#2014,.T.);
#3167=ORIENTED_EDGE('',*,*,#2290,.T.);
#3168=ORIENTED_EDGE('',*,*,#2291,.F.);
#3169=ORIENTED_EDGE('',*,*,#2292,.F.);
#3170=ORIENTED_EDGE('',*,*,#2015,.T.);
#3171=ORIENTED_EDGE('',*,*,#2292,.T.);
#3172=ORIENTED_EDGE('',*,*,#2293,.F.);
#3173=ORIENTED_EDGE('',*,*,#2294,.F.);
#3174=ORIENTED_EDGE('',*,*,#2016,.T.);
#3175=ORIENTED_EDGE('',*,*,#2294,.T.);
#3176=ORIENTED_EDGE('',*,*,#2295,.F.);
#3177=ORIENTED_EDGE('',*,*,#2276,.F.);
#3178=ORIENTED_EDGE('',*,*,#2296,.T.);
#3179=ORIENTED_EDGE('',*,*,#2297,.T.);
#3180=ORIENTED_EDGE('',*,*,#2298,.T.);
#3181=ORIENTED_EDGE('',*,*,#2299,.T.);
#3182=ORIENTED_EDGE('',*,*,#2300,.T.);
#3183=ORIENTED_EDGE('',*,*,#2301,.T.);
#3184=ORIENTED_EDGE('',*,*,#2302,.T.);
#3185=ORIENTED_EDGE('',*,*,#2303,.T.);
#3186=ORIENTED_EDGE('',*,*,#2304,.T.);
#3187=ORIENTED_EDGE('',*,*,#2305,.T.);
#3188=ORIENTED_EDGE('',*,*,#2306,.T.);
#3189=ORIENTED_EDGE('',*,*,#2307,.T.);
#3190=ORIENTED_EDGE('',*,*,#2308,.T.);
#3191=ORIENTED_EDGE('',*,*,#2309,.T.);
#3192=ORIENTED_EDGE('',*,*,#2310,.T.);
#3193=ORIENTED_EDGE('',*,*,#2311,.T.);
#3194=ORIENTED_EDGE('',*,*,#2295,.T.);
#3195=ORIENTED_EDGE('',*,*,#2293,.T.);
#3196=ORIENTED_EDGE('',*,*,#2291,.T.);
#3197=ORIENTED_EDGE('',*,*,#2289,.T.);
#3198=ORIENTED_EDGE('',*,*,#2287,.T.);
#3199=ORIENTED_EDGE('',*,*,#2285,.T.);
#3200=ORIENTED_EDGE('',*,*,#2283,.T.);
#3201=ORIENTED_EDGE('',*,*,#2281,.T.);
#3202=ORIENTED_EDGE('',*,*,#2279,.T.);
#3203=ORIENTED_EDGE('',*,*,#2277,.T.);
#3204=ORIENTED_EDGE('',*,*,#2312,.T.);
#3205=ORIENTED_EDGE('',*,*,#2313,.T.);
#3206=ORIENTED_EDGE('',*,*,#2314,.T.);
#3207=ORIENTED_EDGE('',*,*,#2315,.T.);
#3208=ORIENTED_EDGE('',*,*,#2316,.T.);
#3209=ORIENTED_EDGE('',*,*,#2317,.T.);
#3210=ORIENTED_EDGE('',*,*,#2000,.T.);
#3211=ORIENTED_EDGE('',*,*,#2318,.T.);
#3212=ORIENTED_EDGE('',*,*,#2296,.F.);
#3213=ORIENTED_EDGE('',*,*,#2319,.F.);
#3214=ORIENTED_EDGE('',*,*,#1985,.T.);
#3215=ORIENTED_EDGE('',*,*,#2319,.T.);
#3216=ORIENTED_EDGE('',*,*,#2311,.F.);
#3217=ORIENTED_EDGE('',*,*,#2320,.F.);
#3218=ORIENTED_EDGE('',*,*,#1986,.T.);
#3219=ORIENTED_EDGE('',*,*,#2320,.T.);
#3220=ORIENTED_EDGE('',*,*,#2310,.F.);
#3221=ORIENTED_EDGE('',*,*,#2321,.F.);
#3222=ORIENTED_EDGE('',*,*,#1987,.T.);
#3223=ORIENTED_EDGE('',*,*,#2321,.T.);
#3224=ORIENTED_EDGE('',*,*,#2309,.F.);
#3225=ORIENTED_EDGE('',*,*,#2322,.F.);
#3226=ORIENTED_EDGE('',*,*,#1988,.T.);
#3227=ORIENTED_EDGE('',*,*,#2322,.T.);
#3228=ORIENTED_EDGE('',*,*,#2308,.F.);
#3229=ORIENTED_EDGE('',*,*,#2323,.F.);
#3230=ORIENTED_EDGE('',*,*,#1989,.T.);
#3231=ORIENTED_EDGE('',*,*,#2323,.T.);
#3232=ORIENTED_EDGE('',*,*,#2307,.F.);
#3233=ORIENTED_EDGE('',*,*,#2324,.F.);
#3234=ORIENTED_EDGE('',*,*,#1990,.T.);
#3235=ORIENTED_EDGE('',*,*,#2324,.T.);
#3236=ORIENTED_EDGE('',*,*,#2306,.F.);
#3237=ORIENTED_EDGE('',*,*,#2325,.F.);
#3238=ORIENTED_EDGE('',*,*,#1991,.T.);
#3239=ORIENTED_EDGE('',*,*,#2325,.T.);
#3240=ORIENTED_EDGE('',*,*,#2305,.F.);
#3241=ORIENTED_EDGE('',*,*,#2326,.F.);
#3242=ORIENTED_EDGE('',*,*,#1992,.T.);
#3243=ORIENTED_EDGE('',*,*,#2326,.T.);
#3244=ORIENTED_EDGE('',*,*,#2304,.F.);
#3245=ORIENTED_EDGE('',*,*,#2327,.F.);
#3246=ORIENTED_EDGE('',*,*,#1993,.T.);
#3247=ORIENTED_EDGE('',*,*,#2327,.T.);
#3248=ORIENTED_EDGE('',*,*,#2303,.F.);
#3249=ORIENTED_EDGE('',*,*,#2328,.F.);
#3250=ORIENTED_EDGE('',*,*,#1994,.T.);
#3251=ORIENTED_EDGE('',*,*,#2328,.T.);
#3252=ORIENTED_EDGE('',*,*,#2302,.F.);
#3253=ORIENTED_EDGE('',*,*,#2329,.F.);
#3254=ORIENTED_EDGE('',*,*,#1995,.T.);
#3255=ORIENTED_EDGE('',*,*,#2329,.T.);
#3256=ORIENTED_EDGE('',*,*,#2301,.F.);
#3257=ORIENTED_EDGE('',*,*,#2330,.F.);
#3258=ORIENTED_EDGE('',*,*,#1996,.T.);
#3259=ORIENTED_EDGE('',*,*,#2330,.T.);
#3260=ORIENTED_EDGE('',*,*,#2300,.F.);
#3261=ORIENTED_EDGE('',*,*,#2331,.F.);
#3262=ORIENTED_EDGE('',*,*,#1997,.T.);
#3263=ORIENTED_EDGE('',*,*,#2331,.T.);
#3264=ORIENTED_EDGE('',*,*,#2299,.F.);
#3265=ORIENTED_EDGE('',*,*,#2332,.F.);
#3266=ORIENTED_EDGE('',*,*,#1998,.T.);
#3267=ORIENTED_EDGE('',*,*,#2332,.T.);
#3268=ORIENTED_EDGE('',*,*,#2298,.F.);
#3269=ORIENTED_EDGE('',*,*,#2333,.F.);
#3270=ORIENTED_EDGE('',*,*,#1999,.T.);
#3271=ORIENTED_EDGE('',*,*,#2333,.T.);
#3272=ORIENTED_EDGE('',*,*,#2297,.F.);
#3273=ORIENTED_EDGE('',*,*,#2318,.F.);
#3274=ORIENTED_EDGE('',*,*,#2006,.T.);
#3275=ORIENTED_EDGE('',*,*,#2334,.T.);
#3276=ORIENTED_EDGE('',*,*,#2312,.F.);
#3277=ORIENTED_EDGE('',*,*,#2335,.F.);
#3278=ORIENTED_EDGE('',*,*,#2001,.T.);
#3279=ORIENTED_EDGE('',*,*,#2335,.T.);
#3280=ORIENTED_EDGE('',*,*,#2317,.F.);
#3281=ORIENTED_EDGE('',*,*,#2336,.F.);
#3282=ORIENTED_EDGE('',*,*,#2002,.T.);
#3283=ORIENTED_EDGE('',*,*,#2336,.T.);
#3284=ORIENTED_EDGE('',*,*,#2316,.F.);
#3285=ORIENTED_EDGE('',*,*,#2337,.F.);
#3286=ORIENTED_EDGE('',*,*,#2003,.T.);
#3287=ORIENTED_EDGE('',*,*,#2337,.T.);
#3288=ORIENTED_EDGE('',*,*,#2315,.F.);
#3289=ORIENTED_EDGE('',*,*,#2338,.F.);
#3290=ORIENTED_EDGE('',*,*,#2004,.T.);
#3291=ORIENTED_EDGE('',*,*,#2338,.T.);
#3292=ORIENTED_EDGE('',*,*,#2314,.F.);
#3293=ORIENTED_EDGE('',*,*,#2339,.F.);
#3294=ORIENTED_EDGE('',*,*,#2005,.T.);
#3295=ORIENTED_EDGE('',*,*,#2339,.T.);
#3296=ORIENTED_EDGE('',*,*,#2313,.F.);
#3297=ORIENTED_EDGE('',*,*,#2334,.F.);
#3298=ORIENTED_EDGE('',*,*,#1907,.F.);
#3299=ORIENTED_EDGE('',*,*,#1922,.F.);
#3300=ORIENTED_EDGE('',*,*,#2340,.T.);
#3301=ORIENTED_EDGE('',*,*,#1909,.F.);
#3302=ORIENTED_EDGE('',*,*,#2340,.F.);
#3303=ORIENTED_EDGE('',*,*,#1925,.F.);
#3304=ORIENTED_EDGE('',*,*,#2341,.T.);
#3305=ORIENTED_EDGE('',*,*,#1912,.T.);
#3306=ORIENTED_EDGE('',*,*,#1910,.T.);
#3307=ORIENTED_EDGE('',*,*,#2341,.F.);
#3308=ORIENTED_EDGE('',*,*,#1924,.F.);
#3309=ORIENTED_EDGE('',*,*,#1916,.T.);
#3310=ORIENTED_EDGE('',*,*,#1913,.T.);
#3311=ORIENTED_EDGE('',*,*,#1898,.F.);
#3312=ORIENTED_EDGE('',*,*,#1887,.T.);
#3313=ORIENTED_EDGE('',*,*,#1923,.F.);
#3314=ORIENTED_EDGE('',*,*,#1904,.F.);
#3315=ORIENTED_EDGE('',*,*,#2342,.T.);
#3316=ORIENTED_EDGE('',*,*,#2343,.T.);
#3317=ORIENTED_EDGE('',*,*,#1873,.F.);
#3318=ORIENTED_EDGE('',*,*,#2343,.F.);
#3319=ORIENTED_EDGE('',*,*,#2344,.T.);
#3320=ORIENTED_EDGE('',*,*,#2342,.F.);
#3321=ORIENTED_EDGE('',*,*,#2345,.T.);
#3322=ORIENTED_EDGE('',*,*,#2346,.T.);
#3323=ORIENTED_EDGE('',*,*,#2345,.F.);
#3324=ORIENTED_EDGE('',*,*,#2344,.F.);
#3325=ORIENTED_EDGE('',*,*,#2346,.F.);
#3326=ORIENTED_EDGE('',*,*,#2347,.T.);
#3327=ORIENTED_EDGE('',*,*,#2348,.T.);
#3328=ORIENTED_EDGE('',*,*,#1874,.F.);
#3329=ORIENTED_EDGE('',*,*,#2348,.F.);
#3330=ORIENTED_EDGE('',*,*,#2349,.T.);
#3331=ORIENTED_EDGE('',*,*,#2347,.F.);
#3332=ORIENTED_EDGE('',*,*,#2350,.T.);
#3333=ORIENTED_EDGE('',*,*,#2351,.T.);
#3334=ORIENTED_EDGE('',*,*,#2350,.F.);
#3335=ORIENTED_EDGE('',*,*,#2349,.F.);
#3336=ORIENTED_EDGE('',*,*,#2351,.F.);
#3337=ORIENTED_EDGE('',*,*,#2352,.T.);
#3338=ORIENTED_EDGE('',*,*,#2353,.T.);
#3339=ORIENTED_EDGE('',*,*,#1875,.F.);
#3340=ORIENTED_EDGE('',*,*,#2353,.F.);
#3341=ORIENTED_EDGE('',*,*,#2354,.T.);
#3342=ORIENTED_EDGE('',*,*,#2352,.F.);
#3343=ORIENTED_EDGE('',*,*,#2355,.T.);
#3344=ORIENTED_EDGE('',*,*,#2356,.T.);
#3345=ORIENTED_EDGE('',*,*,#2355,.F.);
#3346=ORIENTED_EDGE('',*,*,#2354,.F.);
#3347=ORIENTED_EDGE('',*,*,#2356,.F.);
#3348=ORIENTED_EDGE('',*,*,#2357,.F.);
#3349=ORIENTED_EDGE('',*,*,#2358,.F.);
#3350=ORIENTED_EDGE('',*,*,#2359,.T.);
#3351=ORIENTED_EDGE('',*,*,#2357,.T.);
#3352=ORIENTED_EDGE('',*,*,#2359,.F.);
#3353=ORIENTED_EDGE('',*,*,#2358,.T.);
#3354=ORIENTED_EDGE('',*,*,#2360,.F.);
#3355=ORIENTED_EDGE('',*,*,#2361,.F.);
#3356=ORIENTED_EDGE('',*,*,#2362,.T.);
#3357=ORIENTED_EDGE('',*,*,#2360,.T.);
#3358=ORIENTED_EDGE('',*,*,#2362,.F.);
#3359=ORIENTED_EDGE('',*,*,#2361,.T.);
#3360=ORIENTED_EDGE('',*,*,#2363,.F.);
#3361=ORIENTED_EDGE('',*,*,#2364,.F.);
#3362=ORIENTED_EDGE('',*,*,#2365,.T.);
#3363=ORIENTED_EDGE('',*,*,#2363,.T.);
#3364=ORIENTED_EDGE('',*,*,#2365,.F.);
#3365=ORIENTED_EDGE('',*,*,#2364,.T.);
#3366=CONICAL_SURFACE('',#3606,6.82499999736,0.785398163397448);
#3367=CONICAL_SURFACE('',#3624,18.34999999953,0.785398163397448);
#3368=CONICAL_SURFACE('',#3635,0.7500051457016,0.785398163397448);
#3369=CONICAL_SURFACE('',#3640,23.85,0.785398163397448);
#3370=CONICAL_SURFACE('',#3643,0.7499951313549,0.785398163397448);
#3371=CONICAL_SURFACE('',#3674,2.249999991625,0.785398163397448);
#3372=CONICAL_SURFACE('',#3682,2.249999991625,0.785398163397448);
#3373=CONICAL_SURFACE('',#3690,2.249999991625,0.785398163397448);
#3374=CONICAL_SURFACE('',#3698,2.249999991625,0.785398163397448);
#3375=CONICAL_SURFACE('',#3706,2.249999991625,0.785398163397448);
#3376=CONICAL_SURFACE('',#3714,2.249999991625,0.785398163397448);
#3377=CONICAL_SURFACE('',#3732,1.98,0.785398163397448);
#3378=CONICAL_SURFACE('',#3738,0.9564569948428,1.02974425867665);
#3379=CONICAL_SURFACE('',#3739,1.98,0.785398163397448);
#3380=CONICAL_SURFACE('',#3745,0.9564569948428,1.02974425867665);
#3381=CONICAL_SURFACE('',#3746,1.98,0.785398163397448);
#3382=CONICAL_SURFACE('',#3752,0.9564569948428,1.02974425867665);
#3383=CONICAL_SURFACE('',#3782,1.98,0.785398163397448);
#3384=CONICAL_SURFACE('',#3786,0.9564569948428,1.02974425867665);
#3385=CONICAL_SURFACE('',#3787,1.98,0.785398163397448);
#3386=CONICAL_SURFACE('',#3791,0.9564569948428,1.02974425867665);
#3387=CONICAL_SURFACE('',#3792,1.98,0.785398163397448);
#3388=CONICAL_SURFACE('',#3796,0.9564569948428,1.02974425867665);
#3389=CONICAL_SURFACE('',#3871,2.149999991878,0.785398163397448);
#3390=CONICAL_SURFACE('',#3877,2.149999991878,0.785398163397448);
#3391=CONICAL_SURFACE('',#3883,2.149999991878,0.785398163397448);
#3392=ADVANCED_FACE('',(#240),#3366,.T.);
#3393=ADVANCED_FACE('',(#241),#103,.F.);
#3394=ADVANCED_FACE('',(#242),#71,.T.);
#3395=ADVANCED_FACE('',(#243,#38,#39,#40,#41,#42,#43,#44,#45,#46,#47),#104,
 .T.);
#3396=ADVANCED_FACE('',(#244),#3367,.T.);
#3397=ADVANCED_FACE('',(#245),#72,.T.);
#3398=ADVANCED_FACE('',(#246),#105,.F.);
#3399=ADVANCED_FACE('',(#247),#3368,.F.);
#3400=ADVANCED_FACE('',(#248),#106,.T.);
#3401=ADVANCED_FACE('',(#249),#107,.T.);
#3402=ADVANCED_FACE('',(#250),#108,.T.);
#3403=ADVANCED_FACE('',(#251),#3369,.T.);
#3404=ADVANCED_FACE('',(#252),#109,.T.);
#3405=ADVANCED_FACE('',(#253),#3370,.F.);
#3406=ADVANCED_FACE('',(#254),#73,.F.);
#3407=ADVANCED_FACE('',(#255,#48),#110,.F.);
#3408=ADVANCED_FACE('',(#256),#21,.F.);
#3409=ADVANCED_FACE('',(#257),#111,.F.);
#3410=ADVANCED_FACE('',(#258),#112,.F.);
#3411=ADVANCED_FACE('',(#259),#113,.T.);
#3412=ADVANCED_FACE('',(#260),#114,.T.);
#3413=ADVANCED_FACE('',(#261),#115,.T.);
#3414=ADVANCED_FACE('',(#262),#116,.T.);
#3415=ADVANCED_FACE('',(#263,#49,#50,#51,#52,#53,#54,#55,#56,#57),#117,
 .T.);
#3416=ADVANCED_FACE('',(#264),#118,.T.);
#3417=ADVANCED_FACE('',(#265),#74,.F.);
#3418=ADVANCED_FACE('',(#266,#58),#119,.T.);
#3419=ADVANCED_FACE('',(#267),#75,.F.);
#3420=ADVANCED_FACE('',(#268),#3371,.F.);
#3421=ADVANCED_FACE('',(#269),#76,.F.);
#3422=ADVANCED_FACE('',(#270,#59),#120,.T.);
#3423=ADVANCED_FACE('',(#271),#77,.F.);
#3424=ADVANCED_FACE('',(#272),#3372,.F.);
#3425=ADVANCED_FACE('',(#273),#78,.F.);
#3426=ADVANCED_FACE('',(#274,#60),#121,.T.);
#3427=ADVANCED_FACE('',(#275),#79,.F.);
#3428=ADVANCED_FACE('',(#276),#3373,.F.);
#3429=ADVANCED_FACE('',(#277),#80,.F.);
#3430=ADVANCED_FACE('',(#278,#61),#122,.T.);
#3431=ADVANCED_FACE('',(#279),#81,.F.);
#3432=ADVANCED_FACE('',(#280),#3374,.F.);
#3433=ADVANCED_FACE('',(#281),#82,.F.);
#3434=ADVANCED_FACE('',(#282,#62),#123,.T.);
#3435=ADVANCED_FACE('',(#283),#83,.F.);
#3436=ADVANCED_FACE('',(#284),#3375,.F.);
#3437=ADVANCED_FACE('',(#285),#84,.F.);
#3438=ADVANCED_FACE('',(#286,#63),#124,.T.);
#3439=ADVANCED_FACE('',(#287),#85,.F.);
#3440=ADVANCED_FACE('',(#288),#3376,.F.);
#3441=ADVANCED_FACE('',(#289),#125,.T.);
#3442=ADVANCED_FACE('',(#290),#86,.F.);
#3443=ADVANCED_FACE('',(#291),#126,.T.);
#3444=ADVANCED_FACE('',(#292),#87,.F.);
#3445=ADVANCED_FACE('',(#293),#127,.T.);
#3446=ADVANCED_FACE('',(#294),#88,.F.);
#3447=ADVANCED_FACE('',(#295),#128,.T.);
#3448=ADVANCED_FACE('',(#296),#129,.T.);
#3449=ADVANCED_FACE('',(#297),#130,.T.);
#3450=ADVANCED_FACE('',(#298),#131,.F.);
#3451=ADVANCED_FACE('',(#299,#64,#65,#66),#132,.T.);
#3452=ADVANCED_FACE('',(#300),#3377,.F.);
#3453=ADVANCED_FACE('',(#301),#89,.F.);
#3454=ADVANCED_FACE('',(#302),#3378,.F.);
#3455=ADVANCED_FACE('',(#303),#3379,.F.);
#3456=ADVANCED_FACE('',(#304),#90,.F.);
#3457=ADVANCED_FACE('',(#305),#3380,.F.);
#3458=ADVANCED_FACE('',(#306),#3381,.F.);
#3459=ADVANCED_FACE('',(#307),#91,.F.);
#3460=ADVANCED_FACE('',(#308),#3382,.F.);
#3461=ADVANCED_FACE('',(#309),#133,.F.);
#3462=ADVANCED_FACE('',(#310),#134,.T.);
#3463=ADVANCED_FACE('',(#311),#135,.T.);
#3464=ADVANCED_FACE('',(#312),#136,.T.);
#3465=ADVANCED_FACE('',(#313),#137,.T.);
#3466=ADVANCED_FACE('',(#314),#138,.T.);
#3467=ADVANCED_FACE('',(#315),#139,.F.);
#3468=ADVANCED_FACE('',(#316),#140,.T.);
#3469=ADVANCED_FACE('',(#317),#141,.F.);
#3470=ADVANCED_FACE('',(#318),#142,.T.);
#3471=ADVANCED_FACE('',(#319),#143,.F.);
#3472=ADVANCED_FACE('',(#320),#144,.F.);
#3473=ADVANCED_FACE('',(#321),#145,.T.);
#3474=ADVANCED_FACE('',(#322),#146,.T.);
#3475=ADVANCED_FACE('',(#323),#147,.F.);
#3476=ADVANCED_FACE('',(#324),#148,.T.);
#3477=ADVANCED_FACE('',(#325),#149,.F.);
#3478=ADVANCED_FACE('',(#326),#150,.T.);
#3479=ADVANCED_FACE('',(#327),#151,.T.);
#3480=ADVANCED_FACE('',(#328),#152,.T.);
#3481=ADVANCED_FACE('',(#329),#153,.T.);
#3482=ADVANCED_FACE('',(#330),#154,.T.);
#3483=ADVANCED_FACE('',(#331),#155,.T.);
#3484=ADVANCED_FACE('',(#332),#156,.T.);
#3485=ADVANCED_FACE('',(#333),#157,.T.);
#3486=ADVANCED_FACE('',(#334,#67,#68,#69),#158,.T.);
#3487=ADVANCED_FACE('',(#335),#3383,.F.);
#3488=ADVANCED_FACE('',(#336),#92,.F.);
#3489=ADVANCED_FACE('',(#337),#3384,.F.);
#3490=ADVANCED_FACE('',(#338),#3385,.F.);
#3491=ADVANCED_FACE('',(#339),#93,.F.);
#3492=ADVANCED_FACE('',(#340),#3386,.F.);
#3493=ADVANCED_FACE('',(#341),#3387,.F.);
#3494=ADVANCED_FACE('',(#342),#94,.F.);
#3495=ADVANCED_FACE('',(#343),#3388,.F.);
#3496=ADVANCED_FACE('',(#344),#159,.T.);
#3497=ADVANCED_FACE('',(#345),#160,.T.);
#3498=ADVANCED_FACE('',(#346),#161,.T.);
#3499=ADVANCED_FACE('',(#347),#162,.T.);
#3500=ADVANCED_FACE('',(#348),#163,.T.);
#3501=ADVANCED_FACE('',(#349),#164,.T.);
#3502=ADVANCED_FACE('',(#350),#165,.T.);
#3503=ADVANCED_FACE('',(#351),#166,.T.);
#3504=ADVANCED_FACE('',(#352),#167,.T.);
#3505=ADVANCED_FACE('',(#353),#168,.T.);
#3506=ADVANCED_FACE('',(#354),#169,.T.);
#3507=ADVANCED_FACE('',(#355),#170,.T.);
#3508=ADVANCED_FACE('',(#356),#171,.T.);
#3509=ADVANCED_FACE('',(#357),#172,.T.);
#3510=ADVANCED_FACE('',(#358),#173,.T.);
#3511=ADVANCED_FACE('',(#359),#174,.T.);
#3512=ADVANCED_FACE('',(#360),#175,.T.);
#3513=ADVANCED_FACE('',(#361),#176,.T.);
#3514=ADVANCED_FACE('',(#362),#177,.T.);
#3515=ADVANCED_FACE('',(#363),#178,.T.);
#3516=ADVANCED_FACE('',(#364),#179,.T.);
#3517=ADVANCED_FACE('',(#365),#180,.T.);
#3518=ADVANCED_FACE('',(#366),#181,.T.);
#3519=ADVANCED_FACE('',(#367),#182,.T.);
#3520=ADVANCED_FACE('',(#368),#183,.T.);
#3521=ADVANCED_FACE('',(#369),#184,.T.);
#3522=ADVANCED_FACE('',(#370),#185,.T.);
#3523=ADVANCED_FACE('',(#371),#186,.T.);
#3524=ADVANCED_FACE('',(#372),#187,.T.);
#3525=ADVANCED_FACE('',(#373),#188,.T.);
#3526=ADVANCED_FACE('',(#374),#189,.T.);
#3527=ADVANCED_FACE('',(#375),#22,.F.);
#3528=ADVANCED_FACE('',(#376),#190,.T.);
#3529=ADVANCED_FACE('',(#377),#191,.T.);
#3530=ADVANCED_FACE('',(#378),#192,.T.);
#3531=ADVANCED_FACE('',(#379),#193,.T.);
#3532=ADVANCED_FACE('',(#380),#194,.T.);
#3533=ADVANCED_FACE('',(#381),#195,.F.);
#3534=ADVANCED_FACE('',(#382),#196,.F.);
#3535=ADVANCED_FACE('',(#383),#197,.F.);
#3536=ADVANCED_FACE('',(#384),#198,.F.);
#3537=ADVANCED_FACE('',(#385),#199,.F.);
#3538=ADVANCED_FACE('',(#386),#200,.F.);
#3539=ADVANCED_FACE('',(#387),#201,.F.);
#3540=ADVANCED_FACE('',(#388),#202,.F.);
#3541=ADVANCED_FACE('',(#389),#203,.F.);
#3542=ADVANCED_FACE('',(#390),#204,.F.);
#3543=ADVANCED_FACE('',(#391,#70),#205,.T.);
#3544=ADVANCED_FACE('',(#392),#206,.T.);
#3545=ADVANCED_FACE('',(#393),#207,.F.);
#3546=ADVANCED_FACE('',(#394),#208,.F.);
#3547=ADVANCED_FACE('',(#395),#209,.F.);
#3548=ADVANCED_FACE('',(#396),#210,.F.);
#3549=ADVANCED_FACE('',(#397),#211,.F.);
#3550=ADVANCED_FACE('',(#398),#212,.F.);
#3551=ADVANCED_FACE('',(#399),#213,.F.);
#3552=ADVANCED_FACE('',(#400),#214,.F.);
#3553=ADVANCED_FACE('',(#401),#215,.F.);
#3554=ADVANCED_FACE('',(#402),#216,.F.);
#3555=ADVANCED_FACE('',(#403),#217,.F.);
#3556=ADVANCED_FACE('',(#404),#218,.F.);
#3557=ADVANCED_FACE('',(#405),#219,.F.);
#3558=ADVANCED_FACE('',(#406),#220,.F.);
#3559=ADVANCED_FACE('',(#407),#221,.F.);
#3560=ADVANCED_FACE('',(#408),#222,.F.);
#3561=ADVANCED_FACE('',(#409),#223,.F.);
#3562=ADVANCED_FACE('',(#410),#224,.F.);
#3563=ADVANCED_FACE('',(#411),#225,.F.);
#3564=ADVANCED_FACE('',(#412),#226,.F.);
#3565=ADVANCED_FACE('',(#413),#227,.F.);
#3566=ADVANCED_FACE('',(#414),#228,.F.);
#3567=ADVANCED_FACE('',(#415),#95,.T.);
#3568=ADVANCED_FACE('',(#416),#229,.T.);
#3569=ADVANCED_FACE('',(#417),#230,.T.);
#3570=ADVANCED_FACE('',(#418),#96,.F.);
#3571=ADVANCED_FACE('',(#419),#3389,.F.);
#3572=ADVANCED_FACE('',(#420),#97,.F.);
#3573=ADVANCED_FACE('',(#421),#231,.F.);
#3574=ADVANCED_FACE('',(#422),#3390,.F.);
#3575=ADVANCED_FACE('',(#423),#98,.F.);
#3576=ADVANCED_FACE('',(#424),#232,.F.);
#3577=ADVANCED_FACE('',(#425),#3391,.F.);
#3578=ADVANCED_FACE('',(#426),#99,.F.);
#3579=ADVANCED_FACE('',(#427),#233,.F.);
#3580=ADVANCED_FACE('',(#428),#234,.F.);
#3581=ADVANCED_FACE('',(#429),#100,.T.);
#3582=ADVANCED_FACE('',(#430),#235,.T.);
#3583=ADVANCED_FACE('',(#431),#236,.F.);
#3584=ADVANCED_FACE('',(#432),#101,.T.);
#3585=ADVANCED_FACE('',(#433),#237,.T.);
#3586=ADVANCED_FACE('',(#434),#238,.F.);
#3587=ADVANCED_FACE('',(#435),#102,.T.);
#3588=ADVANCED_FACE('',(#436),#239,.T.);
#3589=CLOSED_SHELL('',(#3392,#3393,#3394,#3395,#3396,#3397,#3398,#3399,
#3400,#3401,#3402,#3403,#3404,#3405,#3406,#3407,#3408,#3409,#3410,#3411,
#3412,#3413,#3414,#3415,#3416,#3417,#3418,#3419,#3420,#3421,#3422,#3423,
#3424,#3425,#3426,#3427,#3428,#3429,#3430,#3431,#3432,#3433,#3434,#3435,
#3436,#3437,#3438,#3439,#3440,#3441,#3442,#3443,#3444,#3445,#3446,#3447,
#3448,#3449,#3450,#3451,#3452,#3453,#3454,#3455,#3456,#3457,#3458,#3459,
#3460,#3461,#3462,#3463,#3464,#3465,#3466,#3467,#3468,#3469,#3470,#3471,
#3472,#3473,#3474,#3475,#3476,#3477,#3478,#3479,#3480,#3481,#3482,#3483,
#3484,#3485,#3486,#3487,#3488,#3489,#3490,#3491,#3492,#3493,#3494,#3495,
#3496,#3497,#3498,#3499,#3500,#3501,#3502,#3503,#3504,#3505,#3506,#3507,
#3508,#3509,#3510,#3511,#3512,#3513,#3514,#3515,#3516,#3517,#3518,#3519,
#3520,#3521,#3522,#3523,#3524,#3525,#3526,#3527,#3528,#3529,#3530,#3531,
#3532,#3533,#3534,#3535,#3536,#3537,#3538,#3539,#3540,#3541,#3542,#3543,
#3544,#3545,#3546,#3547,#3548,#3549,#3550,#3551,#3552,#3553,#3554,#3555,
#3556,#3557,#3558,#3559,#3560,#3561,#3562,#3563,#3564,#3565,#3566,#3567,
#3568,#3569,#3570,#3571,#3572,#3573,#3574,#3575,#3576,#3577,#3578,#3579));
#3590=CLOSED_SHELL('',(#3580,#3581,#3582));
#3591=CLOSED_SHELL('',(#3583,#3584,#3585));
#3592=CLOSED_SHELL('',(#3586,#3587,#3588));
#3593=DERIVED_UNIT_ELEMENT(#3595,1.);
#3594=DERIVED_UNIT_ELEMENT(#6132,-3.);
#3595=(
MASS_UNIT()
NAMED_UNIT(*)
SI_UNIT(.KILO.,.GRAM.)
);
#3596=DERIVED_UNIT((#3593,#3594));
#3597=MEASURE_REPRESENTATION_ITEM('density measure',
POSITIVE_RATIO_MEASURE(7850.),#3596);
#3598=PROPERTY_DEFINITION_REPRESENTATION(#3603,#3600);
#3599=PROPERTY_DEFINITION_REPRESENTATION(#3604,#3601);
#3600=REPRESENTATION('material name',(#3602),#6129);
#3601=REPRESENTATION('density',(#3597),#6129);
#3602=DESCRIPTIVE_REPRESENTATION_ITEM('\X2\94A2\X0\','\X2\94A2\X0\');
#3603=PROPERTY_DEFINITION('material property','material name',#6139);
#3604=PROPERTY_DEFINITION('material property','density of part',#6139);
#3605=AXIS2_PLACEMENT_3D('',#4884,#3904,#3905);
#3606=AXIS2_PLACEMENT_3D('',#4885,#3906,#3907);
#3607=AXIS2_PLACEMENT_3D('',#4888,#3908,#3909);
#3608=AXIS2_PLACEMENT_3D('',#4891,#3911,#3912);
#3609=AXIS2_PLACEMENT_3D('',#4892,#3913,#3914);
#3610=AXIS2_PLACEMENT_3D('',#4893,#3915,#3916);
#3611=AXIS2_PLACEMENT_3D('',#4894,#3917,#3918);
#3612=AXIS2_PLACEMENT_3D('',#4896,#3919,#3920);
#3613=AXIS2_PLACEMENT_3D('',#4898,#3922,#3923);
#3614=AXIS2_PLACEMENT_3D('',#4900,#3924,#3925);
#3615=AXIS2_PLACEMENT_3D('',#4902,#3926,#3927);
#3616=AXIS2_PLACEMENT_3D('',#4904,#3928,#3929);
#3617=AXIS2_PLACEMENT_3D('',#4906,#3930,#3931);
#3618=AXIS2_PLACEMENT_3D('',#4908,#3932,#3933);
#3619=AXIS2_PLACEMENT_3D('',#4910,#3934,#3935);
#3620=AXIS2_PLACEMENT_3D('',#4912,#3936,#3937);
#3621=AXIS2_PLACEMENT_3D('',#4914,#3938,#3939);
#3622=AXIS2_PLACEMENT_3D('',#4916,#3940,#3941);
#3623=AXIS2_PLACEMENT_3D('',#4918,#3942,#3943);
#3624=AXIS2_PLACEMENT_3D('',#4919,#3944,#3945);
#3625=AXIS2_PLACEMENT_3D('',#4922,#3946,#3947);
#3626=AXIS2_PLACEMENT_3D('',#4924,#3949,#3950);
#3627=AXIS2_PLACEMENT_3D('',#4925,#3951,#3952);
#3628=AXIS2_PLACEMENT_3D('',#4929,#3954,#3955);
#3629=AXIS2_PLACEMENT_3D('',#4942,#3957,#3958);
#3630=AXIS2_PLACEMENT_3D('',#4954,#3960,#3961);
#3631=AXIS2_PLACEMENT_3D('',#4955,#3962,#3963);
#3632=AXIS2_PLACEMENT_3D('',#4957,#3964,#3965);
#3633=AXIS2_PLACEMENT_3D('',#4961,#3967,#3968);
#3634=AXIS2_PLACEMENT_3D('',#4964,#3970,#3971);
#3635=AXIS2_PLACEMENT_3D('',#4965,#3972,#3973);
#3636=AXIS2_PLACEMENT_3D('',#4967,#3974,#3975);
#3637=AXIS2_PLACEMENT_3D('',#4984,#3976,#3977);
#3638=AXIS2_PLACEMENT_3D('',#4994,#3980,#3981);
#3639=AXIS2_PLACEMENT_3D('',#5000,#3985,#3986);
#3640=AXIS2_PLACEMENT_3D('',#5010,#3989,#3990);
#3641=AXIS2_PLACEMENT_3D('',#5012,#3991,#3992);
#3642=AXIS2_PLACEMENT_3D('',#5024,#3993,#3994);
#3643=AXIS2_PLACEMENT_3D('',#5030,#3998,#3999);
#3644=AXIS2_PLACEMENT_3D('',#5031,#4000,#4001);
#3645=AXIS2_PLACEMENT_3D('',#5032,#4002,#4003);
#3646=AXIS2_PLACEMENT_3D('',#5035,#4005,#4006);
#3647=AXIS2_PLACEMENT_3D('',#5036,#4007,#4008);
#3648=AXIS2_PLACEMENT_3D('',#5072,#4011,#4012);
#3649=AXIS2_PLACEMENT_3D('',#5073,#4013,#4014);
#3650=AXIS2_PLACEMENT_3D('',#5158,#4019,#4020);
#3651=AXIS2_PLACEMENT_3D('',#5177,#4024,#4025);
#3652=AXIS2_PLACEMENT_3D('',#5183,#4029,#4030);
#3653=AXIS2_PLACEMENT_3D('',#5196,#4034,#4035);
#3654=AXIS2_PLACEMENT_3D('',#5204,#4040,#4041);
#3655=AXIS2_PLACEMENT_3D('',#5210,#4045,#4046);
#3656=AXIS2_PLACEMENT_3D('',#5220,#4052,#4053);
#3657=AXIS2_PLACEMENT_3D('',#5259,#4073,#4074);
#3658=AXIS2_PLACEMENT_3D('',#5261,#4075,#4076);
#3659=AXIS2_PLACEMENT_3D('',#5263,#4077,#4078);
#3660=AXIS2_PLACEMENT_3D('',#5265,#4079,#4080);
#3661=AXIS2_PLACEMENT_3D('',#5267,#4081,#4082);
#3662=AXIS2_PLACEMENT_3D('',#5269,#4083,#4084);
#3663=AXIS2_PLACEMENT_3D('',#5274,#4086,#4087);
#3664=AXIS2_PLACEMENT_3D('',#5278,#4089,#4090);
#3665=AXIS2_PLACEMENT_3D('',#5281,#4092,#4093);
#3666=AXIS2_PLACEMENT_3D('',#5326,#4116,#4117);
#3667=AXIS2_PLACEMENT_3D('',#5347,#4128,#4129);
#3668=AXIS2_PLACEMENT_3D('',#5349,#4130,#4131);
#3669=AXIS2_PLACEMENT_3D('',#5351,#4133,#4134);
#3670=AXIS2_PLACEMENT_3D('',#5353,#4135,#4136);
#3671=AXIS2_PLACEMENT_3D('',#5354,#4137,#4138);
#3672=AXIS2_PLACEMENT_3D('',#5357,#4139,#4140);
#3673=AXIS2_PLACEMENT_3D('',#5358,#4141,#4142);
#3674=AXIS2_PLACEMENT_3D('',#5360,#4144,#4145);
#3675=AXIS2_PLACEMENT_3D('',#5362,#4147,#4148);
#3676=AXIS2_PLACEMENT_3D('',#5364,#4149,#4150);
#3677=AXIS2_PLACEMENT_3D('',#5366,#4152,#4153);
#3678=AXIS2_PLACEMENT_3D('',#5368,#4154,#4155);
#3679=AXIS2_PLACEMENT_3D('',#5369,#4156,#4157);
#3680=AXIS2_PLACEMENT_3D('',#5372,#4158,#4159);
#3681=AXIS2_PLACEMENT_3D('',#5373,#4160,#4161);
#3682=AXIS2_PLACEMENT_3D('',#5375,#4163,#4164);
#3683=AXIS2_PLACEMENT_3D('',#5377,#4166,#4167);
#3684=AXIS2_PLACEMENT_3D('',#5379,#4168,#4169);
#3685=AXIS2_PLACEMENT_3D('',#5381,#4171,#4172);
#3686=AXIS2_PLACEMENT_3D('',#5383,#4173,#4174);
#3687=AXIS2_PLACEMENT_3D('',#5384,#4175,#4176);
#3688=AXIS2_PLACEMENT_3D('',#5387,#4177,#4178);
#3689=AXIS2_PLACEMENT_3D('',#5388,#4179,#4180);
#3690=AXIS2_PLACEMENT_3D('',#5390,#4182,#4183);
#3691=AXIS2_PLACEMENT_3D('',#5392,#4185,#4186);
#3692=AXIS2_PLACEMENT_3D('',#5394,#4187,#4188);
#3693=AXIS2_PLACEMENT_3D('',#5396,#4190,#4191);
#3694=AXIS2_PLACEMENT_3D('',#5398,#4192,#4193);
#3695=AXIS2_PLACEMENT_3D('',#5399,#4194,#4195);
#3696=AXIS2_PLACEMENT_3D('',#5402,#4196,#4197);
#3697=AXIS2_PLACEMENT_3D('',#5403,#4198,#4199);
#3698=AXIS2_PLACEMENT_3D('',#5405,#4201,#4202);
#3699=AXIS2_PLACEMENT_3D('',#5407,#4204,#4205);
#3700=AXIS2_PLACEMENT_3D('',#5409,#4206,#4207);
#3701=AXIS2_PLACEMENT_3D('',#5411,#4209,#4210);
#3702=AXIS2_PLACEMENT_3D('',#5413,#4211,#4212);
#3703=AXIS2_PLACEMENT_3D('',#5414,#4213,#4214);
#3704=AXIS2_PLACEMENT_3D('',#5417,#4215,#4216);
#3705=AXIS2_PLACEMENT_3D('',#5418,#4217,#4218);
#3706=AXIS2_PLACEMENT_3D('',#5420,#4220,#4221);
#3707=AXIS2_PLACEMENT_3D('',#5422,#4223,#4224);
#3708=AXIS2_PLACEMENT_3D('',#5424,#4225,#4226);
#3709=AXIS2_PLACEMENT_3D('',#5426,#4228,#4229);
#3710=AXIS2_PLACEMENT_3D('',#5428,#4230,#4231);
#3711=AXIS2_PLACEMENT_3D('',#5429,#4232,#4233);
#3712=AXIS2_PLACEMENT_3D('',#5432,#4234,#4235);
#3713=AXIS2_PLACEMENT_3D('',#5433,#4236,#4237);
#3714=AXIS2_PLACEMENT_3D('',#5435,#4239,#4240);
#3715=AXIS2_PLACEMENT_3D('',#5437,#4242,#4243);
#3716=AXIS2_PLACEMENT_3D('',#5443,#4247,#4248);
#3717=AXIS2_PLACEMENT_3D('',#5445,#4249,#4250);
#3718=AXIS2_PLACEMENT_3D('',#5447,#4252,#4253);
#3719=AXIS2_PLACEMENT_3D('',#5450,#4254,#4255);
#3720=AXIS2_PLACEMENT_3D('',#5453,#4257,#4258);
#3721=AXIS2_PLACEMENT_3D('',#5455,#4260,#4261);
#3722=AXIS2_PLACEMENT_3D('',#5458,#4264,#4265);
#3723=AXIS2_PLACEMENT_3D('',#5460,#4267,#4268);
#3724=AXIS2_PLACEMENT_3D('',#5461,#4269,#4270);
#3725=AXIS2_PLACEMENT_3D('',#5462,#4271,#4272);
#3726=AXIS2_PLACEMENT_3D('',#5472,#4278,#4279);
#3727=AXIS2_PLACEMENT_3D('',#5478,#4283,#4284);
#3728=AXIS2_PLACEMENT_3D('',#5484,#4288,#4289);
#3729=AXIS2_PLACEMENT_3D('',#5518,#4307,#4308);
#3730=AXIS2_PLACEMENT_3D('',#5520,#4309,#4310);
#3731=AXIS2_PLACEMENT_3D('',#5522,#4311,#4312);
#3732=AXIS2_PLACEMENT_3D('',#5523,#4313,#4314);
#3733=AXIS2_PLACEMENT_3D('',#5526,#4315,#4316);
#3734=AXIS2_PLACEMENT_3D('',#5528,#4318,#4319);
#3735=AXIS2_PLACEMENT_3D('',#5529,#4320,#4321);
#3736=AXIS2_PLACEMENT_3D('',#5533,#4323,#4324);
#3737=AXIS2_PLACEMENT_3D('',#5534,#4325,#4326);
#3738=AXIS2_PLACEMENT_3D('',#5535,#4327,#4328);
#3739=AXIS2_PLACEMENT_3D('',#5538,#4330,#4331);
#3740=AXIS2_PLACEMENT_3D('',#5541,#4332,#4333);
#3741=AXIS2_PLACEMENT_3D('',#5543,#4335,#4336);
#3742=AXIS2_PLACEMENT_3D('',#5544,#4337,#4338);
#3743=AXIS2_PLACEMENT_3D('',#5548,#4340,#4341);
#3744=AXIS2_PLACEMENT_3D('',#5549,#4342,#4343);
#3745=AXIS2_PLACEMENT_3D('',#5550,#4344,#4345);
#3746=AXIS2_PLACEMENT_3D('',#5553,#4347,#4348);
#3747=AXIS2_PLACEMENT_3D('',#5556,#4349,#4350);
#3748=AXIS2_PLACEMENT_3D('',#5558,#4352,#4353);
#3749=AXIS2_PLACEMENT_3D('',#5559,#4354,#4355);
#3750=AXIS2_PLACEMENT_3D('',#5563,#4357,#4358);
#3751=AXIS2_PLACEMENT_3D('',#5564,#4359,#4360);
#3752=AXIS2_PLACEMENT_3D('',#5565,#4361,#4362);
#3753=AXIS2_PLACEMENT_3D('',#5568,#4364,#4365);
#3754=AXIS2_PLACEMENT_3D('',#5574,#4369,#4370);
#3755=AXIS2_PLACEMENT_3D('',#5580,#4374,#4375);
#3756=AXIS2_PLACEMENT_3D('',#5588,#4380,#4381);
#3757=AXIS2_PLACEMENT_3D('',#5591,#4384,#4385);
#3758=AXIS2_PLACEMENT_3D('',#5597,#4389,#4390);
#3759=AXIS2_PLACEMENT_3D('',#5602,#4394,#4395);
#3760=AXIS2_PLACEMENT_3D('',#5606,#4398,#4399);
#3761=AXIS2_PLACEMENT_3D('',#5612,#4403,#4404);
#3762=AXIS2_PLACEMENT_3D('',#5614,#4406,#4407);
#3763=AXIS2_PLACEMENT_3D('',#5618,#4410,#4411);
#3764=AXIS2_PLACEMENT_3D('',#5624,#4415,#4416);
#3765=AXIS2_PLACEMENT_3D('',#5626,#4418,#4419);
#3766=AXIS2_PLACEMENT_3D('',#5630,#4422,#4423);
#3767=AXIS2_PLACEMENT_3D('',#5634,#4426,#4427);
#3768=AXIS2_PLACEMENT_3D('',#5638,#4430,#4431);
#3769=AXIS2_PLACEMENT_3D('',#5644,#4435,#4436);
#3770=AXIS2_PLACEMENT_3D('',#5648,#4439,#4440);
#3771=AXIS2_PLACEMENT_3D('',#5651,#4443,#4444);
#3772=AXIS2_PLACEMENT_3D('',#5653,#4446,#4447);
#3773=AXIS2_PLACEMENT_3D('',#5654,#4448,#4449);
#3774=AXIS2_PLACEMENT_3D('',#5658,#4452,#4453);
#3775=AXIS2_PLACEMENT_3D('',#5666,#4458,#4459);
#3776=AXIS2_PLACEMENT_3D('',#5672,#4463,#4464);
#3777=AXIS2_PLACEMENT_3D('',#5676,#4467,#4468);
#3778=AXIS2_PLACEMENT_3D('',#5684,#4473,#4474);
#3779=AXIS2_PLACEMENT_3D('',#5715,#4491,#4492);
#3780=AXIS2_PLACEMENT_3D('',#5717,#4493,#4494);
#3781=AXIS2_PLACEMENT_3D('',#5719,#4495,#4496);
#3782=AXIS2_PLACEMENT_3D('',#5720,#4497,#4498);
#3783=AXIS2_PLACEMENT_3D('',#5722,#4499,#4500);
#3784=AXIS2_PLACEMENT_3D('',#5724,#4502,#4503);
#3785=AXIS2_PLACEMENT_3D('',#5726,#4504,#4505);
#3786=AXIS2_PLACEMENT_3D('',#5728,#4507,#4508);
#3787=AXIS2_PLACEMENT_3D('',#5731,#4510,#4511);
#3788=AXIS2_PLACEMENT_3D('',#5733,#4512,#4513);
#3789=AXIS2_PLACEMENT_3D('',#5735,#4515,#4516);
#3790=AXIS2_PLACEMENT_3D('',#5737,#4517,#4518);
#3791=AXIS2_PLACEMENT_3D('',#5739,#4520,#4521);
#3792=AXIS2_PLACEMENT_3D('',#5742,#4523,#4524);
#3793=AXIS2_PLACEMENT_3D('',#5744,#4525,#4526);
#3794=AXIS2_PLACEMENT_3D('',#5746,#4528,#4529);
#3795=AXIS2_PLACEMENT_3D('',#5748,#4530,#4531);
#3796=AXIS2_PLACEMENT_3D('',#5750,#4533,#4534);
#3797=AXIS2_PLACEMENT_3D('',#5753,#4536,#4537);
#3798=AXIS2_PLACEMENT_3D('',#5759,#4541,#4542);
#3799=AXIS2_PLACEMENT_3D('',#5765,#4546,#4547);
#3800=AXIS2_PLACEMENT_3D('',#5773,#4552,#4553);
#3801=AXIS2_PLACEMENT_3D('',#5777,#4556,#4557);
#3802=AXIS2_PLACEMENT_3D('',#5781,#4560,#4561);
#3803=AXIS2_PLACEMENT_3D('',#5786,#4565,#4566);
#3804=AXIS2_PLACEMENT_3D('',#5794,#4571,#4572);
#3805=AXIS2_PLACEMENT_3D('',#5799,#4576,#4577);
#3806=AXIS2_PLACEMENT_3D('',#5801,#4579,#4580);
#3807=AXIS2_PLACEMENT_3D('',#5803,#4582,#4583);
#3808=AXIS2_PLACEMENT_3D('',#5805,#4585,#4586);
#3809=AXIS2_PLACEMENT_3D('',#5814,#4591,#4592);
#3810=AXIS2_PLACEMENT_3D('',#5815,#4593,#4594);
#3811=AXIS2_PLACEMENT_3D('',#5822,#4599,#4600);
#3812=AXIS2_PLACEMENT_3D('',#5827,#4604,#4605);
#3813=AXIS2_PLACEMENT_3D('',#5831,#4608,#4609);
#3814=AXIS2_PLACEMENT_3D('',#5837,#4613,#4614);
#3815=AXIS2_PLACEMENT_3D('',#5841,#4617,#4618);
#3816=AXIS2_PLACEMENT_3D('',#5847,#4622,#4623);
#3817=AXIS2_PLACEMENT_3D('',#5851,#4626,#4627);
#3818=AXIS2_PLACEMENT_3D('',#5854,#4630,#4631);
#3819=AXIS2_PLACEMENT_3D('',#5856,#4633,#4634);
#3820=AXIS2_PLACEMENT_3D('',#5858,#4636,#4637);
#3821=AXIS2_PLACEMENT_3D('',#5859,#4638,#4639);
#3822=AXIS2_PLACEMENT_3D('',#5860,#4640,#4641);
#3823=AXIS2_PLACEMENT_3D('',#5861,#4642,#4643);
#3824=AXIS2_PLACEMENT_3D('',#5863,#4645,#4646);
#3825=AXIS2_PLACEMENT_3D('',#5864,#4647,#4648);
#3826=AXIS2_PLACEMENT_3D('',#5866,#4650,#4651);
#3827=AXIS2_PLACEMENT_3D('',#5868,#4653,#4654);
#3828=AXIS2_PLACEMENT_3D('',#5927,#4655,#4656);
#3829=AXIS2_PLACEMENT_3D('',#5929,#4658,#4659);
#3830=AXIS2_PLACEMENT_3D('',#5931,#4661,#4662);
#3831=AXIS2_PLACEMENT_3D('',#5932,#4663,#4664);
#3832=AXIS2_PLACEMENT_3D('',#5933,#4665,#4666);
#3833=AXIS2_PLACEMENT_3D('',#5934,#4667,#4668);
#3834=AXIS2_PLACEMENT_3D('',#5940,#4672,#4673);
#3835=AXIS2_PLACEMENT_3D('',#5944,#4676,#4677);
#3836=AXIS2_PLACEMENT_3D('',#5948,#4680,#4681);
#3837=AXIS2_PLACEMENT_3D('',#5952,#4684,#4685);
#3838=AXIS2_PLACEMENT_3D('',#5956,#4688,#4689);
#3839=AXIS2_PLACEMENT_3D('',#5960,#4692,#4693);
#3840=AXIS2_PLACEMENT_3D('',#5964,#4696,#4697);
#3841=AXIS2_PLACEMENT_3D('',#5968,#4700,#4701);
#3842=AXIS2_PLACEMENT_3D('',#5972,#4704,#4705);
#3843=AXIS2_PLACEMENT_3D('',#5974,#4707,#4708);
#3844=AXIS2_PLACEMENT_3D('',#6007,#4725,#4726);
#3845=AXIS2_PLACEMENT_3D('',#6020,#4733,#4734);
#3846=AXIS2_PLACEMENT_3D('',#6023,#4737,#4738);
#3847=AXIS2_PLACEMENT_3D('',#6025,#4740,#4741);
#3848=AXIS2_PLACEMENT_3D('',#6027,#4743,#4744);
#3849=AXIS2_PLACEMENT_3D('',#6029,#4746,#4747);
#3850=AXIS2_PLACEMENT_3D('',#6031,#4749,#4750);
#3851=AXIS2_PLACEMENT_3D('',#6033,#4752,#4753);
#3852=AXIS2_PLACEMENT_3D('',#6035,#4755,#4756);
#3853=AXIS2_PLACEMENT_3D('',#6037,#4758,#4759);
#3854=AXIS2_PLACEMENT_3D('',#6039,#4761,#4762);
#3855=AXIS2_PLACEMENT_3D('',#6041,#4764,#4765);
#3856=AXIS2_PLACEMENT_3D('',#6043,#4767,#4768);
#3857=AXIS2_PLACEMENT_3D('',#6045,#4770,#4771);
#3858=AXIS2_PLACEMENT_3D('',#6047,#4773,#4774);
#3859=AXIS2_PLACEMENT_3D('',#6049,#4776,#4777);
#3860=AXIS2_PLACEMENT_3D('',#6051,#4779,#4780);
#3861=AXIS2_PLACEMENT_3D('',#6052,#4781,#4782);
#3862=AXIS2_PLACEMENT_3D('',#6055,#4785,#4786);
#3863=AXIS2_PLACEMENT_3D('',#6057,#4788,#4789);
#3864=AXIS2_PLACEMENT_3D('',#6059,#4791,#4792);
#3865=AXIS2_PLACEMENT_3D('',#6061,#4794,#4795);
#3866=AXIS2_PLACEMENT_3D('',#6063,#4797,#4798);
#3867=AXIS2_PLACEMENT_3D('',#6064,#4799,#4800);
#3868=AXIS2_PLACEMENT_3D('',#6066,#4802,#4803);
#3869=AXIS2_PLACEMENT_3D('',#6068,#4805,#4806);
#3870=AXIS2_PLACEMENT_3D('',#6069,#4807,#4808);
#3871=AXIS2_PLACEMENT_3D('',#6070,#4809,#4810);
#3872=AXIS2_PLACEMENT_3D('',#6073,#4811,#4812);
#3873=AXIS2_PLACEMENT_3D('',#6075,#4814,#4815);
#3874=AXIS2_PLACEMENT_3D('',#6076,#4816,#4817);
#3875=AXIS2_PLACEMENT_3D('',#6079,#4819,#4820);
#3876=AXIS2_PLACEMENT_3D('',#6080,#4821,#4822);
#3877=AXIS2_PLACEMENT_3D('',#6081,#4823,#4824);
#3878=AXIS2_PLACEMENT_3D('',#6084,#4825,#4826);
#3879=AXIS2_PLACEMENT_3D('',#6086,#4828,#4829);
#3880=AXIS2_PLACEMENT_3D('',#6087,#4830,#4831);
#3881=AXIS2_PLACEMENT_3D('',#6090,#4833,#4834);
#3882=AXIS2_PLACEMENT_3D('',#6091,#4835,#4836);
#3883=AXIS2_PLACEMENT_3D('',#6092,#4837,#4838);
#3884=AXIS2_PLACEMENT_3D('',#6095,#4839,#4840);
#3885=AXIS2_PLACEMENT_3D('',#6097,#4842,#4843);
#3886=AXIS2_PLACEMENT_3D('',#6098,#4844,#4845);
#3887=AXIS2_PLACEMENT_3D('',#6101,#4847,#4848);
#3888=AXIS2_PLACEMENT_3D('',#6102,#4849,#4850);
#3889=AXIS2_PLACEMENT_3D('',#6103,#4851,#4852);
#3890=AXIS2_PLACEMENT_3D('',#6105,#4853,#4854);
#3891=AXIS2_PLACEMENT_3D('',#6106,#4855,#4856);
#3892=AXIS2_PLACEMENT_3D('',#6108,#4857,#4858);
#3893=AXIS2_PLACEMENT_3D('',#6110,#4860,#4861);
#3894=AXIS2_PLACEMENT_3D('',#6111,#4862,#4863);
#3895=AXIS2_PLACEMENT_3D('',#6113,#4864,#4865);
#3896=AXIS2_PLACEMENT_3D('',#6114,#4866,#4867);
#3897=AXIS2_PLACEMENT_3D('',#6116,#4868,#4869);
#3898=AXIS2_PLACEMENT_3D('',#6118,#4871,#4872);
#3899=AXIS2_PLACEMENT_3D('',#6119,#4873,#4874);
#3900=AXIS2_PLACEMENT_3D('',#6121,#4875,#4876);
#3901=AXIS2_PLACEMENT_3D('',#6122,#4877,#4878);
#3902=AXIS2_PLACEMENT_3D('',#6124,#4879,#4880);
#3903=AXIS2_PLACEMENT_3D('',#6126,#4882,#4883);
#3904=DIRECTION('axis',(0.,0.,1.));
#3905=DIRECTION('refdir',(1.,0.,0.));
#3906=DIRECTION('center_axis',(0.,1.,0.));
#3907=DIRECTION('ref_axis',(0.,0.,-1.));
#3908=DIRECTION('center_axis',(0.,-1.,0.));
#3909=DIRECTION('ref_axis',(-1.,0.,0.));
#3910=DIRECTION('',(-8.65956056235493E-17,-0.707106781186548,-0.707106781186548));
#3911=DIRECTION('center_axis',(0.,-1.,0.));
#3912=DIRECTION('ref_axis',(-1.,0.,0.));
#3913=DIRECTION('center_axis',(0.,-1.,0.));
#3914=DIRECTION('ref_axis',(-1.,0.,0.));
#3915=DIRECTION('center_axis',(0.,1.,0.));
#3916=DIRECTION('ref_axis',(1.,0.,0.));
#3917=DIRECTION('center_axis',(0.,1.,0.));
#3918=DIRECTION('ref_axis',(1.,0.,0.));
#3919=DIRECTION('center_axis',(0.,1.,0.));
#3920=DIRECTION('ref_axis',(-1.,0.,0.));
#3921=DIRECTION('',(0.,-1.,0.));
#3922=DIRECTION('center_axis',(0.,-1.,0.));
#3923=DIRECTION('ref_axis',(-0.500000000000017,0.,-0.866025403784429));
#3924=DIRECTION('center_axis',(0.,-1.,0.));
#3925=DIRECTION('ref_axis',(1.,0.,0.));
#3926=DIRECTION('center_axis',(0.,1.,0.));
#3927=DIRECTION('ref_axis',(1.,0.,0.));
#3928=DIRECTION('center_axis',(0.,1.,0.));
#3929=DIRECTION('ref_axis',(1.,0.,0.));
#3930=DIRECTION('center_axis',(0.,1.,0.));
#3931=DIRECTION('ref_axis',(1.,0.,0.));
#3932=DIRECTION('center_axis',(0.,1.,0.));
#3933=DIRECTION('ref_axis',(-1.,0.,0.));
#3934=DIRECTION('center_axis',(0.,1.,0.));
#3935=DIRECTION('ref_axis',(-1.,0.,0.));
#3936=DIRECTION('center_axis',(0.,1.,0.));
#3937=DIRECTION('ref_axis',(-1.,0.,0.));
#3938=DIRECTION('center_axis',(0.,1.,0.));
#3939=DIRECTION('ref_axis',(-1.,0.,0.));
#3940=DIRECTION('center_axis',(0.,1.,0.));
#3941=DIRECTION('ref_axis',(-1.,0.,0.));
#3942=DIRECTION('center_axis',(0.,1.,0.));
#3943=DIRECTION('ref_axis',(-1.,0.,0.));
#3944=DIRECTION('center_axis',(0.,1.,0.));
#3945=DIRECTION('ref_axis',(0.,0.,-1.));
#3946=DIRECTION('center_axis',(0.,-1.,0.));
#3947=DIRECTION('ref_axis',(1.,0.,0.));
#3948=DIRECTION('',(-8.65956056235493E-17,-0.707106781186547,-0.707106781186547));
#3949=DIRECTION('center_axis',(0.,-1.,0.));
#3950=DIRECTION('ref_axis',(1.,0.,0.));
#3951=DIRECTION('center_axis',(0.,-1.,0.));
#3952=DIRECTION('ref_axis',(1.,0.,0.));
#3953=DIRECTION('',(0.,1.,0.));
#3954=DIRECTION('center_axis',(0.,-1.,0.));
#3955=DIRECTION('ref_axis',(-1.,0.,0.));
#3956=DIRECTION('',(0.,1.,0.));
#3957=DIRECTION('center_axis',(0.,-1.,0.));
#3958=DIRECTION('ref_axis',(0.967022070587341,0.,-0.254692589207011));
#3959=DIRECTION('',(0.,-1.,0.));
#3960=DIRECTION('center_axis',(0.,-1.,0.));
#3961=DIRECTION('ref_axis',(-1.,0.,0.));
#3962=DIRECTION('center_axis',(0.,1.,0.));
#3963=DIRECTION('ref_axis',(1.,0.,0.));
#3964=DIRECTION('center_axis',(0.,1.,0.));
#3965=DIRECTION('ref_axis',(-0.438753707163195,0.,0.89860735833319));
#3966=DIRECTION('',(0.965925826289073,0.,-0.258819045102502));
#3967=DIRECTION('center_axis',(0.,-1.,0.));
#3968=DIRECTION('ref_axis',(0.969124628132062,0.,-0.24657139969569));
#3969=DIRECTION('',(0.96592582675943,-1.81728804507006E-9,0.258819043347108));
#3970=DIRECTION('center_axis',(0.,-1.,0.));
#3971=DIRECTION('ref_axis',(-0.438753707163195,0.,-0.89860735833319));
#3972=DIRECTION('center_axis',(0.,-1.,0.));
#3973=DIRECTION('ref_axis',(-0.486298606497912,0.,0.873792690126319));
#3974=DIRECTION('center_axis',(0.,1.,0.));
#3975=DIRECTION('ref_axis',(-0.957318672372385,0.,0.289034529991096));
#3976=DIRECTION('center_axis',(-0.183012701892209,-0.707106781186536,-0.683012701892234));
#3977=DIRECTION('ref_axis',(-0.183012701892203,0.707106781186559,-0.683012701892212));
#3978=DIRECTION('',(0.965925826403062,-4.40444704740583E-10,-0.25881904467709));
#3979=DIRECTION('',(0.703027097964558,-0.579771035652465,0.411847600145976));
#3980=DIRECTION('center_axis',(-0.258819045102493,0.,-0.965925826289076));
#3981=DIRECTION('ref_axis',(-0.965925826289076,0.,0.258819045102493));
#3982=DIRECTION('',(0.,-1.,0.));
#3983=DIRECTION('',(-9.345171110227E-9,1.,3.459008840126E-9));
#3984=DIRECTION('',(-0.965925826289076,0.,0.258819045102493));
#3985=DIRECTION('center_axis',(0.505471268308687,0.,-0.862843437081379));
#3986=DIRECTION('ref_axis',(0.862843437081379,0.,0.505471268308687));
#3987=DIRECTION('',(-0.862843437081379,0.,-0.505471268308687));
#3988=DIRECTION('',(0.,-1.,0.));
#3989=DIRECTION('center_axis',(0.,1.,0.));
#3990=DIRECTION('ref_axis',(0.,0.,-1.));
#3991=DIRECTION('center_axis',(0.,-1.,0.));
#3992=DIRECTION('ref_axis',(0.969124628132032,0.,-0.246571399695808));
#3993=DIRECTION('center_axis',(-0.183012701892209,-0.707106781186536,0.683012701892234));
#3994=DIRECTION('ref_axis',(0.183012701892203,-0.707106781186559,-0.683012701892212));
#3995=DIRECTION('',(0.703027097964587,-0.579771035652489,-0.411847600145893));
#3996=DIRECTION('',(0.965925826289076,-8.98877932596476E-15,0.258819045102493));
#3997=DIRECTION('',(0.182927148946801,-0.707106772934603,-0.683035628535003));
#3998=DIRECTION('center_axis',(0.,-1.,0.));
#3999=DIRECTION('ref_axis',(0.,0.,-1.));
#4000=DIRECTION('center_axis',(0.,-1.,0.));
#4001=DIRECTION('ref_axis',(-0.957318672372385,0.,-0.289034529991096));
#4002=DIRECTION('center_axis',(0.,-1.,0.));
#4003=DIRECTION('ref_axis',(-0.957318672372385,0.,-0.289034529991096));
#4004=DIRECTION('',(1.937083754026E-5,-0.999999999789898,-6.70626169917299E-6));
#4005=DIRECTION('center_axis',(0.,-1.,0.));
#4006=DIRECTION('ref_axis',(-0.957318672372385,0.,-0.289034529991096));
#4007=DIRECTION('center_axis',(0.,1.,0.));
#4008=DIRECTION('ref_axis',(1.,0.,0.));
#4009=DIRECTION('',(1.,0.,0.));
#4010=DIRECTION('',(-1.,0.,0.));
#4011=DIRECTION('center_axis',(0.,1.,0.));
#4012=DIRECTION('ref_axis',(0.969124628132032,0.,0.246571399695808));
#4013=DIRECTION('center_axis',(0.,-1.,0.));
#4014=DIRECTION('ref_axis',(0.258819045102493,0.,0.965925826289076));
#4015=DIRECTION('',(0.965925826289076,0.,0.258819045102493));
#4016=DIRECTION('',(0.862843437081379,0.,-0.505471268308687));
#4017=DIRECTION('',(3.552713678801E-14,1.,0.));
#4018=DIRECTION('',(-4.263256414561E-13,-1.,-2.39808173319E-13));
#4019=DIRECTION('center_axis',(0.,1.,0.));
#4020=DIRECTION('ref_axis',(1.,0.,0.));
#4021=DIRECTION('',(-1.,0.,0.));
#4022=DIRECTION('',(0.,0.,-1.));
#4023=DIRECTION('',(1.,0.,0.));
#4024=DIRECTION('center_axis',(0.,1.,0.));
#4025=DIRECTION('ref_axis',(1.,0.,0.));
#4026=DIRECTION('',(1.,0.,0.));
#4027=DIRECTION('',(0.,0.,1.));
#4028=DIRECTION('',(-1.,0.,0.));
#4029=DIRECTION('center_axis',(0.,-0.707106781186498,0.707106781186598));
#4030=DIRECTION('ref_axis',(0.,0.707106781186598,0.707106781186498));
#4031=DIRECTION('',(-1.,0.,0.));
#4032=DIRECTION('',(-0.577350269189626,-0.577350269189626,-0.577350269189626));
#4033=DIRECTION('',(-0.577350269189626,0.577350269189626,0.577350269189626));
#4034=DIRECTION('center_axis',(-0.707106781186598,-0.707106781186498,0.));
#4035=DIRECTION('ref_axis',(-0.707106781186498,0.707106781186598,0.));
#4036=DIRECTION('',(0.,0.,-1.));
#4037=DIRECTION('',(0.577350269189592,-0.577350269189592,-0.577350269189692));
#4038=DIRECTION('',(-0.577350269189626,0.577350269189626,-0.577350269189626));
#4039=DIRECTION('',(-0.577350269189626,0.577350269189626,-0.577350269189626));
#4040=DIRECTION('center_axis',(-1.,0.,0.));
#4041=DIRECTION('ref_axis',(0.,0.,1.));
#4042=DIRECTION('',(0.,0.,1.));
#4043=DIRECTION('',(0.,-1.,0.));
#4044=DIRECTION('',(0.,-1.,0.));
#4045=DIRECTION('center_axis',(-0.707106781186598,0.707106781186498,0.));
#4046=DIRECTION('ref_axis',(-0.707106781186498,-0.707106781186598,0.));
#4047=DIRECTION('',(0.,0.,1.));
#4048=DIRECTION('',(-0.577350269189626,-0.577350269189626,-0.577350269189626));
#4049=DIRECTION('',(0.577350269189626,0.577350269189626,-0.577350269189626));
#4050=DIRECTION('',(0.577350269189626,0.577350269189626,0.577350269189626));
#4051=DIRECTION('',(0.577350269189626,0.577350269189626,-0.577350269189626));
#4052=DIRECTION('center_axis',(0.,1.,0.));
#4053=DIRECTION('ref_axis',(1.,0.,0.));
#4054=DIRECTION('',(1.,0.,0.));
#4055=DIRECTION('',(0.,0.,-1.));
#4056=DIRECTION('',(-1.,0.,0.));
#4057=DIRECTION('',(0.,0.,-1.));
#4058=DIRECTION('',(1.,0.,0.));
#4059=DIRECTION('',(0.,0.,-1.));
#4060=DIRECTION('',(-1.,0.,0.));
#4061=DIRECTION('',(1.,0.,0.));
#4062=DIRECTION('',(0.,0.,-1.));
#4063=DIRECTION('',(-1.,0.,0.));
#4064=DIRECTION('',(0.,0.,-1.));
#4065=DIRECTION('',(1.,0.,0.));
#4066=DIRECTION('',(0.,0.,-1.));
#4067=DIRECTION('',(-1.,0.,0.));
#4068=DIRECTION('',(0.,0.,-1.));
#4069=DIRECTION('',(1.,0.,0.));
#4070=DIRECTION('',(0.,0.,-1.));
#4071=DIRECTION('',(-1.,0.,0.));
#4072=DIRECTION('',(0.,0.,-1.));
#4073=DIRECTION('center_axis',(0.,1.,0.));
#4074=DIRECTION('ref_axis',(1.,0.,0.));
#4075=DIRECTION('center_axis',(0.,1.,0.));
#4076=DIRECTION('ref_axis',(1.,0.,0.));
#4077=DIRECTION('center_axis',(0.,1.,0.));
#4078=DIRECTION('ref_axis',(1.,0.,0.));
#4079=DIRECTION('center_axis',(0.,1.,0.));
#4080=DIRECTION('ref_axis',(1.,0.,0.));
#4081=DIRECTION('center_axis',(0.,1.,0.));
#4082=DIRECTION('ref_axis',(1.,0.,0.));
#4083=DIRECTION('center_axis',(0.,1.,0.));
#4084=DIRECTION('ref_axis',(1.,0.,0.));
#4085=DIRECTION('',(0.,0.,1.));
#4086=DIRECTION('center_axis',(0.,-1.,0.));
#4087=DIRECTION('ref_axis',(1.,0.,0.));
#4088=DIRECTION('',(-0.866025403784429,0.,-0.500000000000017));
#4089=DIRECTION('center_axis',(0.,-1.,0.));
#4090=DIRECTION('ref_axis',(-0.500000000000017,0.,0.866025403784429));
#4091=DIRECTION('',(0.866025403784429,0.,-0.500000000000017));
#4092=DIRECTION('center_axis',(0.,-1.,0.));
#4093=DIRECTION('ref_axis',(-0.500000000000017,0.,-0.866025403784429));
#4094=DIRECTION('',(1.,0.,0.));
#4095=DIRECTION('',(0.,0.,-1.));
#4096=DIRECTION('',(1.,0.,0.));
#4097=DIRECTION('',(0.,0.,1.));
#4098=DIRECTION('',(-1.,0.,0.));
#4099=DIRECTION('',(-0.979770716762512,0.,-0.200123318418102));
#4100=DIRECTION('',(-0.793878111008659,0.,-0.608076923473769));
#4101=DIRECTION('',(-0.591909548749597,0.,-0.806004395831095));
#4102=DIRECTION('',(-0.310279797550593,0.,-0.950645279392878));
#4103=DIRECTION('',(0.,0.,-1.));
#4104=DIRECTION('',(0.310279797550593,0.,-0.950645279392878));
#4105=DIRECTION('',(0.591909548749597,0.,-0.806004395831095));
#4106=DIRECTION('',(0.890605242949827,0.,-0.454777199549714));
#4107=DIRECTION('',(-0.357788512600894,0.,-0.933802645236583));
#4108=DIRECTION('',(1.,0.,0.));
#4109=DIRECTION('',(0.349493073692587,0.,0.936938947552565));
#4110=DIRECTION('',(0.,0.,-1.));
#4111=DIRECTION('',(1.,0.,0.));
#4112=DIRECTION('',(0.,0.,1.));
#4113=DIRECTION('',(-1.,0.,0.));
#4114=DIRECTION('',(0.,0.,-1.));
#4115=DIRECTION('',(-1.,0.,0.));
#4116=DIRECTION('center_axis',(0.,1.,0.));
#4117=DIRECTION('ref_axis',(1.,0.,0.));
#4118=DIRECTION('',(-0.699625005501663,0.,0.714510218035262));
#4119=DIRECTION('',(-0.310279797550593,0.,0.950645279392878));
#4120=DIRECTION('',(0.,0.,1.));
#4121=DIRECTION('',(0.310279797550593,0.,0.950645279392878));
#4122=DIRECTION('',(0.699625005501663,0.,0.714510218035262));
#4123=DIRECTION('',(0.946649917770008,0.,0.322263763377203));
#4124=DIRECTION('',(1.,0.,0.));
#4125=DIRECTION('',(0.,0.,-1.));
#4126=DIRECTION('',(-1.,0.,0.));
#4127=DIRECTION('',(-0.946649917770008,0.,0.322263763377203));
#4128=DIRECTION('center_axis',(0.,1.,0.));
#4129=DIRECTION('ref_axis',(1.,0.,0.));
#4130=DIRECTION('center_axis',(0.,1.,0.));
#4131=DIRECTION('ref_axis',(1.,0.,0.));
#4132=DIRECTION('',(0.,1.,0.));
#4133=DIRECTION('center_axis',(0.,1.,0.));
#4134=DIRECTION('ref_axis',(1.,0.,0.));
#4135=DIRECTION('center_axis',(0.,-1.,0.));
#4136=DIRECTION('ref_axis',(1.,0.,0.));
#4137=DIRECTION('center_axis',(0.,1.,0.));
#4138=DIRECTION('ref_axis',(1.,0.,0.));
#4139=DIRECTION('center_axis',(0.,1.,0.));
#4140=DIRECTION('ref_axis',(-1.,0.,0.));
#4141=DIRECTION('center_axis',(0.,1.,0.));
#4142=DIRECTION('ref_axis',(-1.,0.,0.));
#4143=DIRECTION('',(0.,1.,0.));
#4144=DIRECTION('center_axis',(0.,-1.,0.));
#4145=DIRECTION('ref_axis',(0.,0.,-1.));
#4146=DIRECTION('',(-8.65956056235493E-17,-0.707106781186548,0.707106781186548));
#4147=DIRECTION('center_axis',(0.,1.,0.));
#4148=DIRECTION('ref_axis',(1.,0.,0.));
#4149=DIRECTION('center_axis',(0.,1.,0.));
#4150=DIRECTION('ref_axis',(1.,0.,0.));
#4151=DIRECTION('',(0.,1.,0.));
#4152=DIRECTION('center_axis',(0.,1.,0.));
#4153=DIRECTION('ref_axis',(1.,0.,0.));
#4154=DIRECTION('center_axis',(0.,-1.,0.));
#4155=DIRECTION('ref_axis',(1.,0.,0.));
#4156=DIRECTION('center_axis',(0.,1.,0.));
#4157=DIRECTION('ref_axis',(1.,0.,0.));
#4158=DIRECTION('center_axis',(0.,1.,0.));
#4159=DIRECTION('ref_axis',(-1.,0.,0.));
#4160=DIRECTION('center_axis',(0.,1.,0.));
#4161=DIRECTION('ref_axis',(-1.,0.,0.));
#4162=DIRECTION('',(0.,1.,0.));
#4163=DIRECTION('center_axis',(0.,-1.,0.));
#4164=DIRECTION('ref_axis',(0.,0.,-1.));
#4165=DIRECTION('',(-8.65956056235493E-17,-0.707106781186548,0.707106781186548));
#4166=DIRECTION('center_axis',(0.,1.,0.));
#4167=DIRECTION('ref_axis',(1.,0.,0.));
#4168=DIRECTION('center_axis',(0.,1.,0.));
#4169=DIRECTION('ref_axis',(1.,0.,0.));
#4170=DIRECTION('',(0.,1.,0.));
#4171=DIRECTION('center_axis',(0.,1.,0.));
#4172=DIRECTION('ref_axis',(1.,0.,0.));
#4173=DIRECTION('center_axis',(0.,-1.,0.));
#4174=DIRECTION('ref_axis',(1.,0.,0.));
#4175=DIRECTION('center_axis',(0.,1.,0.));
#4176=DIRECTION('ref_axis',(1.,0.,0.));
#4177=DIRECTION('center_axis',(0.,1.,0.));
#4178=DIRECTION('ref_axis',(-1.,0.,0.));
#4179=DIRECTION('center_axis',(0.,1.,0.));
#4180=DIRECTION('ref_axis',(-1.,0.,0.));
#4181=DIRECTION('',(0.,1.,0.));
#4182=DIRECTION('center_axis',(0.,-1.,0.));
#4183=DIRECTION('ref_axis',(0.,0.,-1.));
#4184=DIRECTION('',(-8.65956056235493E-17,-0.707106781186548,0.707106781186548));
#4185=DIRECTION('center_axis',(0.,1.,0.));
#4186=DIRECTION('ref_axis',(1.,0.,0.));
#4187=DIRECTION('center_axis',(0.,1.,0.));
#4188=DIRECTION('ref_axis',(1.,0.,0.));
#4189=DIRECTION('',(0.,1.,0.));
#4190=DIRECTION('center_axis',(0.,1.,0.));
#4191=DIRECTION('ref_axis',(1.,0.,0.));
#4192=DIRECTION('center_axis',(0.,-1.,0.));
#4193=DIRECTION('ref_axis',(1.,0.,0.));
#4194=DIRECTION('center_axis',(0.,1.,0.));
#4195=DIRECTION('ref_axis',(1.,0.,0.));
#4196=DIRECTION('center_axis',(0.,1.,0.));
#4197=DIRECTION('ref_axis',(-1.,0.,0.));
#4198=DIRECTION('center_axis',(0.,1.,0.));
#4199=DIRECTION('ref_axis',(-1.,0.,0.));
#4200=DIRECTION('',(0.,1.,0.));
#4201=DIRECTION('center_axis',(0.,-1.,0.));
#4202=DIRECTION('ref_axis',(0.,0.,-1.));
#4203=DIRECTION('',(-8.65956056235493E-17,-0.707106781186548,0.707106781186548));
#4204=DIRECTION('center_axis',(0.,1.,0.));
#4205=DIRECTION('ref_axis',(1.,0.,0.));
#4206=DIRECTION('center_axis',(0.,1.,0.));
#4207=DIRECTION('ref_axis',(1.,0.,0.));
#4208=DIRECTION('',(0.,1.,0.));
#4209=DIRECTION('center_axis',(0.,1.,0.));
#4210=DIRECTION('ref_axis',(1.,0.,0.));
#4211=DIRECTION('center_axis',(0.,-1.,0.));
#4212=DIRECTION('ref_axis',(1.,0.,0.));
#4213=DIRECTION('center_axis',(0.,1.,0.));
#4214=DIRECTION('ref_axis',(1.,0.,0.));
#4215=DIRECTION('center_axis',(0.,1.,0.));
#4216=DIRECTION('ref_axis',(-1.,0.,0.));
#4217=DIRECTION('center_axis',(0.,1.,0.));
#4218=DIRECTION('ref_axis',(-1.,0.,0.));
#4219=DIRECTION('',(0.,1.,0.));
#4220=DIRECTION('center_axis',(0.,-1.,0.));
#4221=DIRECTION('ref_axis',(0.,0.,-1.));
#4222=DIRECTION('',(-8.65956056235493E-17,-0.707106781186548,0.707106781186548));
#4223=DIRECTION('center_axis',(0.,1.,0.));
#4224=DIRECTION('ref_axis',(1.,0.,0.));
#4225=DIRECTION('center_axis',(0.,1.,0.));
#4226=DIRECTION('ref_axis',(1.,0.,0.));
#4227=DIRECTION('',(0.,1.,0.));
#4228=DIRECTION('center_axis',(0.,1.,0.));
#4229=DIRECTION('ref_axis',(1.,0.,0.));
#4230=DIRECTION('center_axis',(0.,-1.,0.));
#4231=DIRECTION('ref_axis',(1.,0.,0.));
#4232=DIRECTION('center_axis',(0.,1.,0.));
#4233=DIRECTION('ref_axis',(1.,0.,0.));
#4234=DIRECTION('center_axis',(0.,1.,0.));
#4235=DIRECTION('ref_axis',(-1.,0.,0.));
#4236=DIRECTION('center_axis',(0.,1.,0.));
#4237=DIRECTION('ref_axis',(-1.,0.,0.));
#4238=DIRECTION('',(0.,1.,0.));
#4239=DIRECTION('center_axis',(0.,-1.,0.));
#4240=DIRECTION('ref_axis',(0.,0.,-1.));
#4241=DIRECTION('',(-8.65956056235493E-17,-0.707106781186548,0.707106781186548));
#4242=DIRECTION('center_axis',(-1.,0.,0.));
#4243=DIRECTION('ref_axis',(0.,0.,1.));
#4244=DIRECTION('',(0.,-1.,0.));
#4245=DIRECTION('',(0.,0.,1.));
#4246=DIRECTION('',(0.,-1.,0.));
#4247=DIRECTION('center_axis',(0.,-1.,0.));
#4248=DIRECTION('ref_axis',(-0.500000000000017,0.,-0.866025403784429));
#4249=DIRECTION('center_axis',(0.,1.,0.));
#4250=DIRECTION('ref_axis',(1.,0.,0.));
#4251=DIRECTION('',(0.,-1.,0.));
#4252=DIRECTION('center_axis',(0.,1.,0.));
#4253=DIRECTION('ref_axis',(1.,0.,0.));
#4254=DIRECTION('center_axis',(0.,1.,0.));
#4255=DIRECTION('ref_axis',(-0.500000000000017,0.,-0.866025403784429));
#4256=DIRECTION('',(-0.866025403784429,0.,-0.500000000000017));
#4257=DIRECTION('center_axis',(0.,1.,0.));
#4258=DIRECTION('ref_axis',(-0.500000000000017,0.,0.866025403784429));
#4259=DIRECTION('',(0.866025403784429,0.,-0.500000000000017));
#4260=DIRECTION('center_axis',(0.,-1.,0.));
#4261=DIRECTION('ref_axis',(-0.500000000000017,0.,0.866025403784429));
#4262=DIRECTION('',(1.42108547152E-14,-1.,0.));
#4263=DIRECTION('',(0.,-1.,0.));
#4264=DIRECTION('center_axis',(0.500000000000017,0.,-0.866025403784429));
#4265=DIRECTION('ref_axis',(-0.866025403784429,0.,-0.500000000000017));
#4266=DIRECTION('',(-1.42108547152E-14,-1.,0.));
#4267=DIRECTION('center_axis',(0.,-1.,0.));
#4268=DIRECTION('ref_axis',(1.,0.,0.));
#4269=DIRECTION('center_axis',(0.500000000000017,0.,0.866025403784429));
#4270=DIRECTION('ref_axis',(0.866025403784429,0.,-0.500000000000017));
#4271=DIRECTION('center_axis',(0.,0.707106781186498,-0.707106781186598));
#4272=DIRECTION('ref_axis',(0.,0.707106781186598,0.707106781186498));
#4273=DIRECTION('',(-0.577350269189626,0.577350269189626,0.577350269189626));
#4274=DIRECTION('',(0.577350269189626,0.577350269189626,0.577350269189626));
#4275=DIRECTION('',(1.,0.,0.));
#4276=DIRECTION('',(0.577350269189626,-0.577350269189626,-0.577350269189626));
#4277=DIRECTION('',(-0.577350269189626,-0.577350269189626,-0.577350269189626));
#4278=DIRECTION('center_axis',(-0.707106781186548,0.707106781186548,0.));
#4279=DIRECTION('ref_axis',(0.707106781186548,0.707106781186548,0.));
#4280=DIRECTION('',(0.,0.,-1.));
#4281=DIRECTION('',(0.577350269189626,0.577350269189626,0.577350269189626));
#4282=DIRECTION('',(0.577350269189626,0.577350269189626,-0.577350269189626));
#4283=DIRECTION('center_axis',(1.,0.,0.));
#4284=DIRECTION('ref_axis',(0.,-1.,0.));
#4285=DIRECTION('',(0.,1.,0.));
#4286=DIRECTION('',(0.,0.,-1.));
#4287=DIRECTION('',(0.,-1.,0.));
#4288=DIRECTION('center_axis',(0.,0.,-1.));
#4289=DIRECTION('ref_axis',(-1.,0.,0.));
#4290=DIRECTION('',(0.,-1.,0.));
#4291=DIRECTION('',(-1.,0.,0.));
#4292=DIRECTION('',(0.707106781186598,-0.707106781186498,0.));
#4293=DIRECTION('',(1.,0.,0.));
#4294=DIRECTION('',(0.707106781186498,0.707106781186598,0.));
#4295=DIRECTION('',(0.,-1.,0.));
#4296=DIRECTION('',(-1.,0.,0.));
#4297=DIRECTION('',(0.,-1.,0.));
#4298=DIRECTION('',(1.,0.,0.));
#4299=DIRECTION('',(0.,1.,0.));
#4300=DIRECTION('',(1.,0.,0.));
#4301=DIRECTION('',(0.,-1.,0.));
#4302=DIRECTION('',(-1.,0.,0.));
#4303=DIRECTION('',(0.,-1.,0.));
#4304=DIRECTION('',(0.707106781186498,-0.707106781186598,0.));
#4305=DIRECTION('',(1.,0.,0.));
#4306=DIRECTION('',(0.707106781186548,0.707106781186548,0.));
#4307=DIRECTION('center_axis',(0.,0.,1.));
#4308=DIRECTION('ref_axis',(-1.,0.,0.));
#4309=DIRECTION('center_axis',(0.,0.,1.));
#4310=DIRECTION('ref_axis',(-1.,0.,0.));
#4311=DIRECTION('center_axis',(0.,0.,1.));
#4312=DIRECTION('ref_axis',(-1.,0.,0.));
#4313=DIRECTION('center_axis',(0.,0.,-1.));
#4314=DIRECTION('ref_axis',(1.,0.,0.));
#4315=DIRECTION('center_axis',(0.,0.,1.));
#4316=DIRECTION('ref_axis',(-1.,0.,0.));
#4317=DIRECTION('',(-0.707106781186548,8.65956056235493E-17,-0.707106781186548));
#4318=DIRECTION('center_axis',(0.,0.,1.));
#4319=DIRECTION('ref_axis',(-1.,0.,0.));
#4320=DIRECTION('center_axis',(0.,0.,1.));
#4321=DIRECTION('ref_axis',(-1.,0.,0.));
#4322=DIRECTION('',(0.,0.,1.));
#4323=DIRECTION('center_axis',(0.,0.,1.));
#4324=DIRECTION('ref_axis',(-1.,0.,0.));
#4325=DIRECTION('center_axis',(0.,0.,1.));
#4326=DIRECTION('ref_axis',(-1.,0.,0.));
#4327=DIRECTION('center_axis',(0.,0.,-1.));
#4328=DIRECTION('ref_axis',(1.,0.,0.));
#4329=DIRECTION('',(-0.857167300702112,1.04972719113862E-16,-0.515038074910054));
#4330=DIRECTION('center_axis',(0.,0.,-1.));
#4331=DIRECTION('ref_axis',(1.,0.,0.));
#4332=DIRECTION('center_axis',(0.,0.,1.));
#4333=DIRECTION('ref_axis',(-1.,0.,0.));
#4334=DIRECTION('',(-0.707106781186548,8.65956056235493E-17,-0.707106781186548));
#4335=DIRECTION('center_axis',(0.,0.,1.));
#4336=DIRECTION('ref_axis',(-1.,0.,0.));
#4337=DIRECTION('center_axis',(0.,0.,1.));
#4338=DIRECTION('ref_axis',(-1.,0.,0.));
#4339=DIRECTION('',(0.,0.,1.));
#4340=DIRECTION('center_axis',(0.,0.,1.));
#4341=DIRECTION('ref_axis',(-1.,0.,0.));
#4342=DIRECTION('center_axis',(0.,0.,1.));
#4343=DIRECTION('ref_axis',(-1.,0.,0.));
#4344=DIRECTION('center_axis',(0.,0.,-1.));
#4345=DIRECTION('ref_axis',(1.,0.,0.));
#4346=DIRECTION('',(-0.857167300702112,1.04972719113862E-16,-0.515038074910054));
#4347=DIRECTION('center_axis',(0.,0.,-1.));
#4348=DIRECTION('ref_axis',(1.,0.,0.));
#4349=DIRECTION('center_axis',(0.,0.,1.));
#4350=DIRECTION('ref_axis',(-1.,0.,0.));
#4351=DIRECTION('',(-0.707106781186548,8.65956056235493E-17,-0.707106781186548));
#4352=DIRECTION('center_axis',(0.,0.,1.));
#4353=DIRECTION('ref_axis',(-1.,0.,0.));
#4354=DIRECTION('center_axis',(0.,0.,1.));
#4355=DIRECTION('ref_axis',(-1.,0.,0.));
#4356=DIRECTION('',(0.,0.,1.));
#4357=DIRECTION('center_axis',(0.,0.,1.));
#4358=DIRECTION('ref_axis',(-1.,0.,0.));
#4359=DIRECTION('center_axis',(0.,0.,1.));
#4360=DIRECTION('ref_axis',(-1.,0.,0.));
#4361=DIRECTION('center_axis',(0.,0.,-1.));
#4362=DIRECTION('ref_axis',(1.,0.,0.));
#4363=DIRECTION('',(-0.857167300702112,1.04972719113862E-16,-0.515038074910054));
#4364=DIRECTION('center_axis',(-1.,0.,0.));
#4365=DIRECTION('ref_axis',(0.,1.,0.));
#4366=DIRECTION('',(0.,0.,-1.));
#4367=DIRECTION('',(0.,-1.,0.));
#4368=DIRECTION('',(0.,0.,-1.));
#4369=DIRECTION('center_axis',(0.707106781186548,-0.707106781186548,0.));
#4370=DIRECTION('ref_axis',(-0.707106781186548,-0.707106781186548,0.));
#4371=DIRECTION('',(0.,0.,-1.));
#4372=DIRECTION('',(0.577350269189626,0.577350269189626,-0.577350269189626));
#4373=DIRECTION('',(-0.577350269189626,-0.577350269189626,-0.577350269189626));
#4374=DIRECTION('center_axis',(0.707106781186498,0.,-0.707106781186598));
#4375=DIRECTION('ref_axis',(0.707106781186598,0.,0.707106781186498));
#4376=DIRECTION('',(-0.577350269189626,0.577350269189626,-0.577350269189626));
#4377=DIRECTION('',(0.,-1.,0.));
#4378=DIRECTION('',(0.577350269189592,0.577350269189592,0.577350269189692));
#4379=DIRECTION('',(-0.577350269189626,0.577350269189626,-0.577350269189626));
#4380=DIRECTION('center_axis',(0.707106781186548,0.707106781186548,0.));
#4381=DIRECTION('ref_axis',(0.707106781186548,-0.707106781186548,0.));
#4382=DIRECTION('',(-0.577350269189626,0.577350269189626,0.577350269189626));
#4383=DIRECTION('',(-0.577350269189592,0.577350269189692,0.577350269189592));
#4384=DIRECTION('center_axis',(0.,0.707106781186498,-0.707106781186598));
#4385=DIRECTION('ref_axis',(0.,0.707106781186598,0.707106781186498));
#4386=DIRECTION('',(1.,0.,0.));
#4387=DIRECTION('',(0.577350269189692,-0.577350269189592,-0.577350269189592));
#4388=DIRECTION('',(-0.577350269189626,-0.577350269189626,-0.577350269189626));
#4389=DIRECTION('center_axis',(-0.707106781186548,0.707106781186548,0.));
#4390=DIRECTION('ref_axis',(0.707106781186548,0.707106781186548,0.));
#4391=DIRECTION('',(0.,0.,-1.));
#4392=DIRECTION('',(0.577350269189626,0.577350269189626,0.577350269189626));
#4393=DIRECTION('',(0.577350269189626,0.577350269189626,-0.577350269189626));
#4394=DIRECTION('center_axis',(1.,0.,0.));
#4395=DIRECTION('ref_axis',(0.,-1.,0.));
#4396=DIRECTION('',(0.,1.,0.));
#4397=DIRECTION('',(0.,0.,-1.));
#4398=DIRECTION('center_axis',(-0.707106781186548,-0.707106781186548,0.));
#4399=DIRECTION('ref_axis',(-0.707106781186548,0.707106781186548,0.));
#4400=DIRECTION('',(0.,0.,-1.));
#4401=DIRECTION('',(0.577350269189626,-0.577350269189626,-0.577350269189626));
#4402=DIRECTION('',(-0.577350269189626,0.577350269189626,-0.577350269189626));
#4403=DIRECTION('center_axis',(0.,1.,0.));
#4404=DIRECTION('ref_axis',(1.,0.,0.));
#4405=DIRECTION('',(-1.,0.,0.));
#4406=DIRECTION('center_axis',(0.,-0.707106781186498,-0.707106781186598));
#4407=DIRECTION('ref_axis',(0.,-0.707106781186598,0.707106781186498));
#4408=DIRECTION('',(-1.,0.,0.));
#4409=DIRECTION('',(0.577350269189626,0.577350269189626,-0.577350269189626));
#4410=DIRECTION('center_axis',(0.,0.,1.));
#4411=DIRECTION('ref_axis',(1.,0.,0.));
#4412=DIRECTION('',(0.,-1.,0.));
#4413=DIRECTION('',(-1.,0.,0.));
#4414=DIRECTION('',(0.,1.,0.));
#4415=DIRECTION('center_axis',(0.,0.,1.));
#4416=DIRECTION('ref_axis',(1.,0.,0.));
#4417=DIRECTION('',(0.,1.,0.));
#4418=DIRECTION('center_axis',(-0.707106781186498,0.,-0.707106781186598));
#4419=DIRECTION('ref_axis',(-0.707106781186598,0.,0.707106781186498));
#4420=DIRECTION('',(0.577350269189626,0.577350269189626,-0.577350269189626));
#4421=DIRECTION('',(0.577350269189626,-0.577350269189626,-0.577350269189626));
#4422=DIRECTION('center_axis',(-0.707106781186548,-0.707106781186548,0.));
#4423=DIRECTION('ref_axis',(-0.707106781186548,0.707106781186548,0.));
#4424=DIRECTION('',(0.,0.,-1.));
#4425=DIRECTION('',(-0.577350269189626,0.577350269189626,-0.577350269189626));
#4426=DIRECTION('center_axis',(0.,1.,0.));
#4427=DIRECTION('ref_axis',(1.,0.,0.));
#4428=DIRECTION('',(-1.,0.,0.));
#4429=DIRECTION('',(0.,0.,-1.));
#4430=DIRECTION('center_axis',(0.707106781186548,-0.707106781186548,0.));
#4431=DIRECTION('ref_axis',(-0.707106781186548,-0.707106781186548,0.));
#4432=DIRECTION('',(0.,0.,-1.));
#4433=DIRECTION('',(0.577350269189626,0.577350269189626,-0.577350269189626));
#4434=DIRECTION('',(-0.577350269189626,-0.577350269189626,-0.577350269189626));
#4435=DIRECTION('center_axis',(-1.,0.,0.));
#4436=DIRECTION('ref_axis',(0.,1.,0.));
#4437=DIRECTION('',(0.,-1.,0.));
#4438=DIRECTION('',(0.,0.,-1.));
#4439=DIRECTION('center_axis',(0.707106781186548,0.707106781186548,0.));
#4440=DIRECTION('ref_axis',(0.707106781186548,-0.707106781186548,0.));
#4441=DIRECTION('',(-0.577350269189626,0.577350269189626,0.577350269189626));
#4442=DIRECTION('',(-0.577350269189626,0.577350269189626,-0.577350269189626));
#4443=DIRECTION('center_axis',(0.707106781186548,0.,-0.707106781186548));
#4444=DIRECTION('ref_axis',(0.707106781186548,0.,0.707106781186548));
#4445=DIRECTION('',(-0.577350269189626,0.577350269189626,-0.577350269189626));
#4446=DIRECTION('center_axis',(0.,-0.707106781186498,-0.707106781186598));
#4447=DIRECTION('ref_axis',(0.,-0.707106781186598,0.707106781186498));
#4448=DIRECTION('center_axis',(0.,0.707106781186498,-0.707106781186598));
#4449=DIRECTION('ref_axis',(0.,-0.707106781186598,-0.707106781186498));
#4450=DIRECTION('',(0.577350269189692,-0.577350269189592,-0.577350269189592));
#4451=DIRECTION('',(0.577350269189592,0.577350269189592,0.577350269189692));
#4452=DIRECTION('center_axis',(0.707106781186598,0.,-0.707106781186498));
#4453=DIRECTION('ref_axis',(0.707106781186498,0.,0.707106781186598));
#4454=DIRECTION('',(0.,-1.,0.));
#4455=DIRECTION('',(0.577350269189626,0.577350269189626,0.577350269189626));
#4456=DIRECTION('',(0.577350269189626,-0.577350269189626,0.577350269189626));
#4457=DIRECTION('',(0.577350269189626,-0.577350269189626,0.577350269189626));
#4458=DIRECTION('center_axis',(1.,0.,0.));
#4459=DIRECTION('ref_axis',(0.,0.,-1.));
#4460=DIRECTION('',(0.,0.,-1.));
#4461=DIRECTION('',(0.,-1.,0.));
#4462=DIRECTION('',(0.,0.,1.));
#4463=DIRECTION('center_axis',(0.707106781186598,0.707106781186498,0.));
#4464=DIRECTION('ref_axis',(0.707106781186498,-0.707106781186598,0.));
#4465=DIRECTION('',(0.577350269189626,-0.577350269189626,0.577350269189626));
#4466=DIRECTION('',(-0.577350269189626,0.577350269189626,0.577350269189626));
#4467=DIRECTION('center_axis',(0.707106781186548,0.,0.707106781186548));
#4468=DIRECTION('ref_axis',(-0.707106781186548,0.,0.707106781186548));
#4469=DIRECTION('',(0.,-1.,0.));
#4470=DIRECTION('',(-0.577350269189626,0.577350269189626,0.577350269189626));
#4471=DIRECTION('',(-0.577350269189592,-0.577350269189592,0.577350269189692));
#4472=DIRECTION('',(-0.577350269189626,-0.577350269189626,0.577350269189626));
#4473=DIRECTION('center_axis',(0.,0.,1.));
#4474=DIRECTION('ref_axis',(1.,0.,0.));
#4475=DIRECTION('',(1.,0.,0.));
#4476=DIRECTION('',(-0.707106781186548,0.707106781186548,0.));
#4477=DIRECTION('',(0.,-1.,0.));
#4478=DIRECTION('',(1.,0.,0.));
#4479=DIRECTION('',(0.,-1.,0.));
#4480=DIRECTION('',(0.,-1.,0.));
#4481=DIRECTION('',(-1.,0.,0.));
#4482=DIRECTION('',(1.,0.,0.));
#4483=DIRECTION('',(0.,-1.,0.));
#4484=DIRECTION('',(-0.707106781186598,-0.707106781186498,-1.67476528926299E-14));
#4485=DIRECTION('',(1.,0.,0.));
#4486=DIRECTION('',(-0.707106781186548,0.707106781186548,0.));
#4487=DIRECTION('',(0.,-1.,0.));
#4488=DIRECTION('',(1.,0.,0.));
#4489=DIRECTION('',(0.,-1.,0.));
#4490=DIRECTION('',(-0.707106781186548,-0.707106781186548,0.));
#4491=DIRECTION('center_axis',(0.,0.,1.));
#4492=DIRECTION('ref_axis',(-1.,0.,0.));
#4493=DIRECTION('center_axis',(0.,0.,1.));
#4494=DIRECTION('ref_axis',(-1.,0.,0.));
#4495=DIRECTION('center_axis',(0.,0.,1.));
#4496=DIRECTION('ref_axis',(-1.,0.,0.));
#4497=DIRECTION('center_axis',(0.,0.,1.));
#4498=DIRECTION('ref_axis',(-1.,0.,0.));
#4499=DIRECTION('center_axis',(0.,0.,1.));
#4500=DIRECTION('ref_axis',(-1.,0.,0.));
#4501=DIRECTION('',(0.707106781186548,8.65956056235493E-17,0.707106781186548));
#4502=DIRECTION('center_axis',(0.,0.,1.));
#4503=DIRECTION('ref_axis',(-1.,0.,0.));
#4504=DIRECTION('center_axis',(0.,0.,-1.));
#4505=DIRECTION('ref_axis',(-1.,0.,0.));
#4506=DIRECTION('',(0.,0.,1.));
#4507=DIRECTION('center_axis',(0.,0.,1.));
#4508=DIRECTION('ref_axis',(-1.,0.,0.));
#4509=DIRECTION('',(0.857167300702112,1.04972719113862E-16,0.515038074910054));
#4510=DIRECTION('center_axis',(0.,0.,1.));
#4511=DIRECTION('ref_axis',(-1.,0.,0.));
#4512=DIRECTION('center_axis',(0.,0.,1.));
#4513=DIRECTION('ref_axis',(-1.,0.,0.));
#4514=DIRECTION('',(0.707106781186548,8.65956056235493E-17,0.707106781186548));
#4515=DIRECTION('center_axis',(0.,0.,1.));
#4516=DIRECTION('ref_axis',(-1.,0.,0.));
#4517=DIRECTION('center_axis',(0.,0.,-1.));
#4518=DIRECTION('ref_axis',(-1.,0.,0.));
#4519=DIRECTION('',(0.,0.,1.));
#4520=DIRECTION('center_axis',(0.,0.,1.));
#4521=DIRECTION('ref_axis',(-1.,0.,0.));
#4522=DIRECTION('',(0.857167300702112,1.04972719113862E-16,0.515038074910054));
#4523=DIRECTION('center_axis',(0.,0.,1.));
#4524=DIRECTION('ref_axis',(-1.,0.,0.));
#4525=DIRECTION('center_axis',(0.,0.,1.));
#4526=DIRECTION('ref_axis',(-1.,0.,0.));
#4527=DIRECTION('',(0.707106781186548,8.65956056235493E-17,0.707106781186548));
#4528=DIRECTION('center_axis',(0.,0.,1.));
#4529=DIRECTION('ref_axis',(-1.,0.,0.));
#4530=DIRECTION('center_axis',(0.,0.,-1.));
#4531=DIRECTION('ref_axis',(-1.,0.,0.));
#4532=DIRECTION('',(0.,0.,1.));
#4533=DIRECTION('center_axis',(0.,0.,1.));
#4534=DIRECTION('ref_axis',(-1.,0.,0.));
#4535=DIRECTION('',(0.857167300702112,1.04972719113862E-16,0.515038074910054));
#4536=DIRECTION('center_axis',(0.,-1.,0.));
#4537=DIRECTION('ref_axis',(1.,0.,0.));
#4538=DIRECTION('',(0.,0.,-1.));
#4539=DIRECTION('',(1.,0.,0.));
#4540=DIRECTION('',(0.,0.,-1.));
#4541=DIRECTION('center_axis',(0.707106781186548,-0.707106781186548,0.));
#4542=DIRECTION('ref_axis',(-0.707106781186548,-0.707106781186548,0.));
#4543=DIRECTION('',(0.,0.,-1.));
#4544=DIRECTION('',(-0.577350269189626,-0.577350269189626,0.577350269189626));
#4545=DIRECTION('',(-0.577350269189626,-0.577350269189626,-0.577350269189626));
#4546=DIRECTION('center_axis',(0.,-0.707106781186498,0.707106781186598));
#4547=DIRECTION('ref_axis',(0.,-0.707106781186598,-0.707106781186498));
#4548=DIRECTION('',(0.577350269189592,-0.577350269189692,-0.577350269189592));
#4549=DIRECTION('',(1.,0.,0.));
#4550=DIRECTION('',(-0.577350269189626,-0.577350269189626,-0.577350269189626));
#4551=DIRECTION('',(-0.577350269189626,0.577350269189626,0.577350269189626));
#4552=DIRECTION('center_axis',(-0.707106781186548,-0.707106781186548,0.));
#4553=DIRECTION('ref_axis',(-0.707106781186548,0.707106781186548,0.));
#4554=DIRECTION('',(0.,0.,-1.));
#4555=DIRECTION('',(-0.577350269189626,0.577350269189626,-0.577350269189626));
#4556=DIRECTION('center_axis',(-1.,0.,0.));
#4557=DIRECTION('ref_axis',(0.,-1.,0.));
#4558=DIRECTION('',(0.,-1.,0.));
#4559=DIRECTION('',(0.,0.,-1.));
#4560=DIRECTION('center_axis',(-0.707106781186498,0.707106781186598,0.));
#4561=DIRECTION('ref_axis',(0.707106781186598,0.707106781186498,0.));
#4562=DIRECTION('',(0.577350269189626,0.577350269189626,-0.577350269189626));
#4563=DIRECTION('',(0.577350269189692,0.577350269189592,0.577350269189592));
#4564=DIRECTION('',(0.577350269189626,0.577350269189626,-0.577350269189626));
#4565=DIRECTION('center_axis',(0.,0.707106781186498,0.707106781186598));
#4566=DIRECTION('ref_axis',(0.,0.707106781186598,-0.707106781186498));
#4567=DIRECTION('',(-0.577350269189592,0.577350269189592,-0.577350269189692));
#4568=DIRECTION('',(-1.,0.,0.));
#4569=DIRECTION('',(-0.577350269189592,-0.577350269189592,0.577350269189692));
#4570=DIRECTION('',(0.577350269189626,-0.577350269189626,0.577350269189626));
#4571=DIRECTION('center_axis',(0.707106781186548,0.707106781186548,0.));
#4572=DIRECTION('ref_axis',(0.707106781186548,-0.707106781186548,0.));
#4573=DIRECTION('',(0.,0.,-1.));
#4574=DIRECTION('',(-0.577350269189626,0.577350269189626,-0.577350269189626));
#4575=DIRECTION('',(-0.577350269189592,0.577350269189692,0.577350269189592));
#4576=DIRECTION('center_axis',(1.,0.,0.));
#4577=DIRECTION('ref_axis',(0.,1.,0.));
#4578=DIRECTION('',(0.,1.,0.));
#4579=DIRECTION('center_axis',(0.707106781186498,0.,0.707106781186598));
#4580=DIRECTION('ref_axis',(0.707106781186598,0.,-0.707106781186498));
#4581=DIRECTION('',(0.,1.,0.));
#4582=DIRECTION('center_axis',(0.,0.,1.));
#4583=DIRECTION('ref_axis',(1.,0.,0.));
#4584=DIRECTION('',(0.,-1.,0.));
#4585=DIRECTION('center_axis',(0.,0.,1.));
#4586=DIRECTION('ref_axis',(1.,0.,0.));
#4587=DIRECTION('',(-1.,0.,0.));
#4588=DIRECTION('',(0.,-1.,0.));
#4589=DIRECTION('',(1.,0.,0.));
#4590=DIRECTION('',(0.,1.,0.));
#4591=DIRECTION('center_axis',(-0.707106781186498,0.,0.707106781186598));
#4592=DIRECTION('ref_axis',(-0.707106781186598,0.,-0.707106781186498));
#4593=DIRECTION('center_axis',(0.,0.707106781186498,0.707106781186598));
#4594=DIRECTION('ref_axis',(0.,0.707106781186598,-0.707106781186498));
#4595=DIRECTION('',(0.577350269189626,0.577350269189626,-0.577350269189626));
#4596=DIRECTION('',(-0.577350269189592,0.577350269189592,-0.577350269189692));
#4597=DIRECTION('',(-0.577350269189592,-0.577350269189592,0.577350269189692));
#4598=DIRECTION('',(0.577350269189626,-0.577350269189626,0.577350269189626));
#4599=DIRECTION('center_axis',(0.707106781186548,0.707106781186548,0.));
#4600=DIRECTION('ref_axis',(0.707106781186548,-0.707106781186548,0.));
#4601=DIRECTION('',(0.,0.,-1.));
#4602=DIRECTION('',(-0.577350269189626,0.577350269189626,-0.577350269189626));
#4603=DIRECTION('',(-0.577350269189626,0.577350269189626,0.577350269189626));
#4604=DIRECTION('center_axis',(1.,0.,0.));
#4605=DIRECTION('ref_axis',(0.,1.,0.));
#4606=DIRECTION('',(0.,1.,0.));
#4607=DIRECTION('',(0.,0.,-1.));
#4608=DIRECTION('center_axis',(0.707106781186498,-0.707106781186598,0.));
#4609=DIRECTION('ref_axis',(-0.707106781186598,-0.707106781186498,0.));
#4610=DIRECTION('',(0.,0.,-1.));
#4611=DIRECTION('',(-0.577350269189626,-0.577350269189626,0.577350269189626));
#4612=DIRECTION('',(-0.577350269189692,-0.577350269189592,-0.577350269189592));
#4613=DIRECTION('center_axis',(0.,-1.,0.));
#4614=DIRECTION('ref_axis',(1.,0.,0.));
#4615=DIRECTION('',(1.,0.,0.));
#4616=DIRECTION('',(0.,0.,-1.));
#4617=DIRECTION('center_axis',(-0.707106781186548,-0.707106781186548,0.));
#4618=DIRECTION('ref_axis',(-0.707106781186548,0.707106781186548,0.));
#4619=DIRECTION('',(0.,0.,-1.));
#4620=DIRECTION('',(-0.577350269189626,0.577350269189626,0.577350269189626));
#4621=DIRECTION('',(-0.577350269189626,0.577350269189626,-0.577350269189626));
#4622=DIRECTION('center_axis',(-1.,0.,0.));
#4623=DIRECTION('ref_axis',(0.,-1.,0.));
#4624=DIRECTION('',(0.,-1.,0.));
#4625=DIRECTION('',(0.,0.,-1.));
#4626=DIRECTION('center_axis',(-0.707106781186548,0.707106781186548,0.));
#4627=DIRECTION('ref_axis',(0.707106781186548,0.707106781186548,0.));
#4628=DIRECTION('',(0.577350269189626,0.577350269189626,-0.577350269189626));
#4629=DIRECTION('',(0.577350269189626,0.577350269189626,0.577350269189626));
#4630=DIRECTION('center_axis',(-0.707106781186498,0.,0.707106781186598));
#4631=DIRECTION('ref_axis',(-0.707106781186598,0.,-0.707106781186498));
#4632=DIRECTION('',(-0.577350269189626,-0.577350269189626,-0.577350269189626));
#4633=DIRECTION('center_axis',(0.,-0.707106781186498,0.707106781186598));
#4634=DIRECTION('ref_axis',(0.,-0.707106781186598,-0.707106781186498));
#4635=DIRECTION('',(0.577350269189626,-0.577350269189626,-0.577350269189626));
#4636=DIRECTION('center_axis',(0.707106781186498,0.,0.707106781186598));
#4637=DIRECTION('ref_axis',(0.707106781186598,0.,-0.707106781186498));
#4638=DIRECTION('center_axis',(0.,0.707106781186498,0.707106781186598));
#4639=DIRECTION('ref_axis',(0.,-0.707106781186598,0.707106781186498));
#4640=DIRECTION('center_axis',(0.,0.707106781186498,0.707106781186598));
#4641=DIRECTION('ref_axis',(0.,-0.707106781186598,0.707106781186498));
#4642=DIRECTION('center_axis',(0.,0.707106781186498,0.707106781186598));
#4643=DIRECTION('ref_axis',(0.,-0.707106781186598,0.707106781186498));
#4644=DIRECTION('',(-0.577350269189626,0.577350269189626,-0.577350269189626));
#4645=DIRECTION('center_axis',(-0.707106781186598,0.,0.707106781186498));
#4646=DIRECTION('ref_axis',(-0.707106781186498,0.,-0.707106781186598));
#4647=DIRECTION('center_axis',(0.,-0.707106781186498,0.707106781186598));
#4648=DIRECTION('ref_axis',(0.,0.707106781186598,0.707106781186498));
#4649=DIRECTION('',(0.577350269189626,0.577350269189626,0.577350269189626));
#4650=DIRECTION('center_axis',(0.707106781186598,-0.707106781186498,0.));
#4651=DIRECTION('ref_axis',(0.707106781186498,0.707106781186598,0.));
#4652=DIRECTION('',(0.577350269189626,0.577350269189626,-0.577350269189626));
#4653=DIRECTION('center_axis',(0.,-0.707106781186498,-0.707106781186598));
#4654=DIRECTION('ref_axis',(0.,0.707106781186598,-0.707106781186498));
#4655=DIRECTION('center_axis',(0.,-0.707106781186498,-0.707106781186598));
#4656=DIRECTION('ref_axis',(0.,0.707106781186598,-0.707106781186498));
#4657=DIRECTION('',(0.577350269189692,0.577350269189592,-0.577350269189592));
#4658=DIRECTION('center_axis',(-0.707106781186548,0.,-0.707106781186548));
#4659=DIRECTION('ref_axis',(0.707106781186548,0.,-0.707106781186548));
#4660=DIRECTION('',(0.577350269189626,-0.577350269189626,-0.577350269189626));
#4661=DIRECTION('center_axis',(0.,0.707106781186498,-0.707106781186598));
#4662=DIRECTION('ref_axis',(0.,-0.707106781186598,-0.707106781186498));
#4663=DIRECTION('center_axis',(-0.707106781186498,0.,-0.707106781186598));
#4664=DIRECTION('ref_axis',(-0.707106781186598,0.,0.707106781186498));
#4665=DIRECTION('center_axis',(0.,0.707106781186498,-0.707106781186598));
#4666=DIRECTION('ref_axis',(0.,-0.707106781186598,-0.707106781186498));
#4667=DIRECTION('center_axis',(-0.714510218035262,0.,-0.699625005501663));
#4668=DIRECTION('ref_axis',(-0.699625005501663,0.,0.714510218035262));
#4669=DIRECTION('',(0.,-1.,0.));
#4670=DIRECTION('',(-0.699625005501663,0.,0.714510218035262));
#4671=DIRECTION('',(0.,-1.,0.));
#4672=DIRECTION('center_axis',(-0.950645279392878,0.,-0.310279797550593));
#4673=DIRECTION('ref_axis',(-0.310279797550593,0.,0.950645279392878));
#4674=DIRECTION('',(-0.310279797550593,0.,0.950645279392878));
#4675=DIRECTION('',(0.,-1.,0.));
#4676=DIRECTION('center_axis',(-1.,0.,0.));
#4677=DIRECTION('ref_axis',(0.,0.,1.));
#4678=DIRECTION('',(0.,0.,1.));
#4679=DIRECTION('',(0.,-1.,0.));
#4680=DIRECTION('center_axis',(-0.950645279392878,0.,0.310279797550593));
#4681=DIRECTION('ref_axis',(0.310279797550593,0.,0.950645279392878));
#4682=DIRECTION('',(0.310279797550593,0.,0.950645279392878));
#4683=DIRECTION('',(0.,-1.,0.));
#4684=DIRECTION('center_axis',(-0.714510218035262,0.,0.699625005501663));
#4685=DIRECTION('ref_axis',(0.699625005501663,0.,0.714510218035262));
#4686=DIRECTION('',(0.699625005501663,0.,0.714510218035262));
#4687=DIRECTION('',(0.,-1.,0.));
#4688=DIRECTION('center_axis',(-0.322263763377203,0.,0.946649917770008));
#4689=DIRECTION('ref_axis',(0.946649917770008,0.,0.322263763377203));
#4690=DIRECTION('',(0.946649917770008,0.,0.322263763377203));
#4691=DIRECTION('',(0.,-1.,0.));
#4692=DIRECTION('center_axis',(0.,0.,1.));
#4693=DIRECTION('ref_axis',(1.,0.,0.));
#4694=DIRECTION('',(1.,0.,0.));
#4695=DIRECTION('',(0.,-1.,0.));
#4696=DIRECTION('center_axis',(1.,0.,0.));
#4697=DIRECTION('ref_axis',(0.,0.,-1.));
#4698=DIRECTION('',(0.,0.,-1.));
#4699=DIRECTION('',(0.,-1.,0.));
#4700=DIRECTION('center_axis',(0.,0.,-1.));
#4701=DIRECTION('ref_axis',(-1.,0.,0.));
#4702=DIRECTION('',(-1.,0.,0.));
#4703=DIRECTION('',(0.,-1.,0.));
#4704=DIRECTION('center_axis',(-0.322263763377203,0.,-0.946649917770008));
#4705=DIRECTION('ref_axis',(-0.946649917770008,0.,0.322263763377203));
#4706=DIRECTION('',(-0.946649917770008,0.,0.322263763377203));
#4707=DIRECTION('center_axis',(0.,1.,0.));
#4708=DIRECTION('ref_axis',(1.,0.,0.));
#4709=DIRECTION('',(0.349493073692587,0.,0.936938947552565));
#4710=DIRECTION('',(1.,0.,0.));
#4711=DIRECTION('',(-0.357788512600894,0.,-0.933802645236583));
#4712=DIRECTION('',(0.890605242949827,0.,-0.454777199549714));
#4713=DIRECTION('',(0.591909548749597,0.,-0.806004395831095));
#4714=DIRECTION('',(0.310279797550593,0.,-0.950645279392878));
#4715=DIRECTION('',(0.,0.,-1.));
#4716=DIRECTION('',(-0.310279797550593,0.,-0.950645279392878));
#4717=DIRECTION('',(-0.591909548749597,0.,-0.806004395831095));
#4718=DIRECTION('',(-0.793878111008659,0.,-0.608076923473769));
#4719=DIRECTION('',(-0.979770716762512,0.,-0.200123318418102));
#4720=DIRECTION('',(-1.,0.,0.));
#4721=DIRECTION('',(0.,0.,1.));
#4722=DIRECTION('',(1.,0.,0.));
#4723=DIRECTION('',(0.,0.,-1.));
#4724=DIRECTION('',(1.,0.,0.));
#4725=DIRECTION('center_axis',(0.,1.,0.));
#4726=DIRECTION('ref_axis',(1.,0.,0.));
#4727=DIRECTION('',(-1.,0.,0.));
#4728=DIRECTION('',(0.,0.,-1.));
#4729=DIRECTION('',(-1.,0.,0.));
#4730=DIRECTION('',(0.,0.,1.));
#4731=DIRECTION('',(1.,0.,0.));
#4732=DIRECTION('',(0.,0.,-1.));
#4733=DIRECTION('center_axis',(-0.936938947552565,0.,0.349493073692587));
#4734=DIRECTION('ref_axis',(0.349493073692587,0.,0.936938947552565));
#4735=DIRECTION('',(0.,-1.,0.));
#4736=DIRECTION('',(0.,-1.,0.));
#4737=DIRECTION('center_axis',(0.,0.,1.));
#4738=DIRECTION('ref_axis',(1.,0.,0.));
#4739=DIRECTION('',(0.,-1.,0.));
#4740=DIRECTION('center_axis',(1.,0.,0.));
#4741=DIRECTION('ref_axis',(0.,0.,-1.));
#4742=DIRECTION('',(0.,-1.,0.));
#4743=DIRECTION('center_axis',(0.,0.,1.));
#4744=DIRECTION('ref_axis',(1.,0.,0.));
#4745=DIRECTION('',(0.,-1.,0.));
#4746=DIRECTION('center_axis',(-1.,0.,0.));
#4747=DIRECTION('ref_axis',(0.,0.,1.));
#4748=DIRECTION('',(0.,-1.,0.));
#4749=DIRECTION('center_axis',(0.,0.,-1.));
#4750=DIRECTION('ref_axis',(-1.,0.,0.));
#4751=DIRECTION('',(0.,-1.,0.));
#4752=DIRECTION('center_axis',(0.200123318418102,0.,-0.979770716762512));
#4753=DIRECTION('ref_axis',(-0.979770716762512,0.,-0.200123318418102));
#4754=DIRECTION('',(0.,-1.,0.));
#4755=DIRECTION('center_axis',(0.608076923473769,0.,-0.793878111008659));
#4756=DIRECTION('ref_axis',(-0.793878111008659,0.,-0.608076923473769));
#4757=DIRECTION('',(0.,-1.,0.));
#4758=DIRECTION('center_axis',(0.806004395831095,0.,-0.591909548749597));
#4759=DIRECTION('ref_axis',(-0.591909548749597,0.,-0.806004395831095));
#4760=DIRECTION('',(0.,-1.,0.));
#4761=DIRECTION('center_axis',(0.950645279392878,0.,-0.310279797550593));
#4762=DIRECTION('ref_axis',(-0.310279797550593,0.,-0.950645279392878));
#4763=DIRECTION('',(0.,-1.,0.));
#4764=DIRECTION('center_axis',(1.,0.,0.));
#4765=DIRECTION('ref_axis',(0.,0.,-1.));
#4766=DIRECTION('',(0.,-1.,0.));
#4767=DIRECTION('center_axis',(0.950645279392878,0.,0.310279797550593));
#4768=DIRECTION('ref_axis',(0.310279797550593,0.,-0.950645279392878));
#4769=DIRECTION('',(0.,-1.,0.));
#4770=DIRECTION('center_axis',(0.806004395831095,0.,0.591909548749597));
#4771=DIRECTION('ref_axis',(0.591909548749597,0.,-0.806004395831095));
#4772=DIRECTION('',(0.,-1.,0.));
#4773=DIRECTION('center_axis',(0.454777199549714,0.,0.890605242949827));
#4774=DIRECTION('ref_axis',(0.890605242949827,0.,-0.454777199549714));
#4775=DIRECTION('',(0.,-1.,0.));
#4776=DIRECTION('center_axis',(0.933802645236583,0.,-0.357788512600894));
#4777=DIRECTION('ref_axis',(-0.357788512600894,0.,-0.933802645236583));
#4778=DIRECTION('',(0.,-1.,0.));
#4779=DIRECTION('center_axis',(0.,0.,1.));
#4780=DIRECTION('ref_axis',(1.,0.,0.));
#4781=DIRECTION('center_axis',(0.,0.,-1.));
#4782=DIRECTION('ref_axis',(-1.,0.,0.));
#4783=DIRECTION('',(0.,-1.,0.));
#4784=DIRECTION('',(0.,-1.,0.));
#4785=DIRECTION('center_axis',(1.,0.,0.));
#4786=DIRECTION('ref_axis',(0.,0.,-1.));
#4787=DIRECTION('',(0.,-1.,0.));
#4788=DIRECTION('center_axis',(0.,0.,1.));
#4789=DIRECTION('ref_axis',(1.,0.,0.));
#4790=DIRECTION('',(0.,-1.,0.));
#4791=DIRECTION('center_axis',(-1.,0.,0.));
#4792=DIRECTION('ref_axis',(0.,0.,1.));
#4793=DIRECTION('',(0.,-1.,0.));
#4794=DIRECTION('center_axis',(0.,0.,-1.));
#4795=DIRECTION('ref_axis',(-1.,0.,0.));
#4796=DIRECTION('',(0.,-1.,0.));
#4797=DIRECTION('center_axis',(1.,0.,0.));
#4798=DIRECTION('ref_axis',(0.,0.,-1.));
#4799=DIRECTION('center_axis',(0.,1.,0.));
#4800=DIRECTION('ref_axis',(1.,0.,0.));
#4801=DIRECTION('',(0.,-1.,0.));
#4802=DIRECTION('center_axis',(0.505471268308687,0.,0.862843437081379));
#4803=DIRECTION('ref_axis',(-0.862843437081379,0.,0.505471268308687));
#4804=DIRECTION('',(0.,-1.,0.));
#4805=DIRECTION('center_axis',(-0.258819045102493,0.,0.965925826289076));
#4806=DIRECTION('ref_axis',(0.965925826289076,0.,0.258819045102493));
#4807=DIRECTION('center_axis',(0.,1.,0.));
#4808=DIRECTION('ref_axis',(-0.957318672372385,0.,0.289034529991096));
#4809=DIRECTION('center_axis',(0.,-1.,0.));
#4810=DIRECTION('ref_axis',(0.,0.,-1.));
#4811=DIRECTION('center_axis',(0.,1.,0.));
#4812=DIRECTION('ref_axis',(1.,0.,0.));
#4813=DIRECTION('',(-8.65956056235493E-17,-0.707106781186548,0.707106781186548));
#4814=DIRECTION('center_axis',(0.,1.,0.));
#4815=DIRECTION('ref_axis',(1.,0.,0.));
#4816=DIRECTION('center_axis',(0.,1.,0.));
#4817=DIRECTION('ref_axis',(-1.,0.,0.));
#4818=DIRECTION('',(0.,1.,0.));
#4819=DIRECTION('center_axis',(0.,1.,0.));
#4820=DIRECTION('ref_axis',(-1.,0.,0.));
#4821=DIRECTION('center_axis',(0.,1.,0.));
#4822=DIRECTION('ref_axis',(-1.,0.,0.));
#4823=DIRECTION('center_axis',(0.,-1.,0.));
#4824=DIRECTION('ref_axis',(0.,0.,-1.));
#4825=DIRECTION('center_axis',(0.,1.,0.));
#4826=DIRECTION('ref_axis',(1.,0.,0.));
#4827=DIRECTION('',(-8.65956056235493E-17,-0.707106781186548,0.707106781186548));
#4828=DIRECTION('center_axis',(0.,1.,0.));
#4829=DIRECTION('ref_axis',(1.,0.,0.));
#4830=DIRECTION('center_axis',(0.,1.,0.));
#4831=DIRECTION('ref_axis',(-1.,0.,0.));
#4832=DIRECTION('',(0.,1.,0.));
#4833=DIRECTION('center_axis',(0.,1.,0.));
#4834=DIRECTION('ref_axis',(-1.,0.,0.));
#4835=DIRECTION('center_axis',(0.,1.,0.));
#4836=DIRECTION('ref_axis',(-1.,0.,0.));
#4837=DIRECTION('center_axis',(0.,-1.,0.));
#4838=DIRECTION('ref_axis',(0.,0.,-1.));
#4839=DIRECTION('center_axis',(0.,1.,0.));
#4840=DIRECTION('ref_axis',(1.,0.,0.));
#4841=DIRECTION('',(-8.65956056235493E-17,-0.707106781186548,0.707106781186548));
#4842=DIRECTION('center_axis',(0.,1.,0.));
#4843=DIRECTION('ref_axis',(1.,0.,0.));
#4844=DIRECTION('center_axis',(0.,1.,0.));
#4845=DIRECTION('ref_axis',(-1.,0.,0.));
#4846=DIRECTION('',(0.,1.,0.));
#4847=DIRECTION('center_axis',(0.,1.,0.));
#4848=DIRECTION('ref_axis',(-1.,0.,0.));
#4849=DIRECTION('center_axis',(0.,1.,0.));
#4850=DIRECTION('ref_axis',(-1.,0.,0.));
#4851=DIRECTION('center_axis',(0.,-1.,0.));
#4852=DIRECTION('ref_axis',(1.,0.,0.));
#4853=DIRECTION('center_axis',(0.,-1.,0.));
#4854=DIRECTION('ref_axis',(1.,0.,0.));
#4855=DIRECTION('center_axis',(0.,-1.,0.));
#4856=DIRECTION('ref_axis',(1.,0.,0.));
#4857=DIRECTION('center_axis',(0.,-1.,0.));
#4858=DIRECTION('ref_axis',(1.,0.,0.));
#4859=DIRECTION('',(0.,1.,0.));
#4860=DIRECTION('center_axis',(0.,-1.,0.));
#4861=DIRECTION('ref_axis',(1.,0.,0.));
#4862=DIRECTION('center_axis',(0.,-1.,0.));
#4863=DIRECTION('ref_axis',(1.,0.,0.));
#4864=DIRECTION('center_axis',(0.,-1.,0.));
#4865=DIRECTION('ref_axis',(1.,0.,0.));
#4866=DIRECTION('center_axis',(0.,-1.,0.));
#4867=DIRECTION('ref_axis',(1.,0.,0.));
#4868=DIRECTION('center_axis',(0.,-1.,0.));
#4869=DIRECTION('ref_axis',(1.,0.,0.));
#4870=DIRECTION('',(0.,1.,0.));
#4871=DIRECTION('center_axis',(0.,-1.,0.));
#4872=DIRECTION('ref_axis',(1.,0.,0.));
#4873=DIRECTION('center_axis',(0.,-1.,0.));
#4874=DIRECTION('ref_axis',(1.,0.,0.));
#4875=DIRECTION('center_axis',(0.,-1.,0.));
#4876=DIRECTION('ref_axis',(1.,0.,0.));
#4877=DIRECTION('center_axis',(0.,-1.,0.));
#4878=DIRECTION('ref_axis',(1.,0.,0.));
#4879=DIRECTION('center_axis',(0.,-1.,0.));
#4880=DIRECTION('ref_axis',(1.,0.,0.));
#4881=DIRECTION('',(0.,1.,0.));
#4882=DIRECTION('center_axis',(0.,-1.,0.));
#4883=DIRECTION('ref_axis',(1.,0.,0.));
#4884=CARTESIAN_POINT('',(0.,0.,0.));
#4885=CARTESIAN_POINT('Origin',(0.,-9.15000000264,0.));
#4886=CARTESIAN_POINT('',(-6.975,-9.,8.54191142405279E-16));
#4887=CARTESIAN_POINT('',(8.54191142405279E-16,-9.,6.975));
#4888=CARTESIAN_POINT('Origin',(0.,-9.,0.));
#4889=CARTESIAN_POINT('',(8.17451738430858E-16,-9.3,6.675));
#4890=CARTESIAN_POINT('',(8.35821440094762E-16,-9.15000000264,6.82499999736));
#4891=CARTESIAN_POINT('Origin',(0.,-9.3,0.));
#4892=CARTESIAN_POINT('Origin',(0.,-9.,0.));
#4893=CARTESIAN_POINT('Origin',(0.,-9.3,0.));
#4894=CARTESIAN_POINT('Origin',(0.,-6.4,0.));
#4895=CARTESIAN_POINT('',(-6.975,-6.4,0.));
#4896=CARTESIAN_POINT('Origin',(0.,-6.4,0.));
#4897=CARTESIAN_POINT('',(-6.975,-6.4,8.54191142405279E-16));
#4898=CARTESIAN_POINT('Origin',(0.,-6.4,0.));
#4899=CARTESIAN_POINT('',(1.21244765414248E-13,-6.399999999999,18.1999999999991));
#4900=CARTESIAN_POINT('Origin',(1.190159082398E-13,-6.4,5.222871756938E-14));
#4901=CARTESIAN_POINT('',(-6.005,-6.4,-8.10096509945));
#4902=CARTESIAN_POINT('Origin',(-6.005,-6.4,-10.40096509945));
#4903=CARTESIAN_POINT('',(12.01,-6.4,2.3));
#4904=CARTESIAN_POINT('Origin',(12.01,-6.4,0.));
#4905=CARTESIAN_POINT('',(-6.005,-6.4,12.70096509945));
#4906=CARTESIAN_POINT('Origin',(-6.005,-6.4,10.40096509945));
#4907=CARTESIAN_POINT('',(-10.40096509945,-6.4,8.405));
#4908=CARTESIAN_POINT('Origin',(-10.40096509945,-6.4,6.005));
#4909=CARTESIAN_POINT('',(-5.44303197298095E-13,-6.4,14.41));
#4910=CARTESIAN_POINT('Origin',(-5.440092820663E-13,-6.4,12.01));
#4911=CARTESIAN_POINT('',(10.40096509945,-6.4,8.404999999999));
#4912=CARTESIAN_POINT('Origin',(10.40096509945,-6.4,6.004999999999));
#4913=CARTESIAN_POINT('',(10.40096509945,-6.4,-3.605));
#4914=CARTESIAN_POINT('Origin',(10.40096509945,-6.4,-6.005));
#4915=CARTESIAN_POINT('',(5.66363916536905E-13,-6.4,-9.61));
#4916=CARTESIAN_POINT('Origin',(5.666578317687E-13,-6.4,-12.01));
#4917=CARTESIAN_POINT('',(-10.40096509945,-6.4,-3.604999999999));
#4918=CARTESIAN_POINT('Origin',(-10.40096509945,-6.4,-6.004999999999));
#4919=CARTESIAN_POINT('Origin',(1.190159082398E-13,-6.250000000468,5.222871756938E-14));
#4920=CARTESIAN_POINT('',(-18.5,-6.1,1.074155935929E-14));
#4921=CARTESIAN_POINT('',(1.21281504818222E-13,-6.09999999999893,18.4999999999991));
#4922=CARTESIAN_POINT('Origin',(0.,-6.1,0.));
#4923=CARTESIAN_POINT('',(1.21263135116178E-13,-6.250000000468,18.3499999995301));
#4924=CARTESIAN_POINT('Origin',(0.,-6.1,0.));
#4925=CARTESIAN_POINT('Origin',(0.,0.,0.));
#4926=CARTESIAN_POINT('',(-18.5,0.,-2.2655965784226E-15));
#4927=CARTESIAN_POINT('',(-18.5,0.,-2.2655965784226E-15));
#4928=CARTESIAN_POINT('',(17.71039543889,0.,-5.347138804835));
#4929=CARTESIAN_POINT('Origin',(0.,0.,0.));
#4930=CARTESIAN_POINT('',(17.71039543889,-2.2,-5.347138804835));
#4931=CARTESIAN_POINT('',(17.71039543889,-2.2,-5.347138804835));
#4932=CARTESIAN_POINT('',(17.88990830587,-2.5,-4.711812900329));
#4933=CARTESIAN_POINT('Ctrl Pts',(17.7103954388892,-2.19999999999768,-5.34713880483513));
#4934=CARTESIAN_POINT('Ctrl Pts',(17.7509665845587,-2.19999999999777,-5.21276207375664));
#4935=CARTESIAN_POINT('Ctrl Pts',(17.7806775193009,-2.24475977114085,-5.10955025500009));
#4936=CARTESIAN_POINT('Ctrl Pts',(17.8348645342715,-2.34785585320289,-4.91707251791263));
#4937=CARTESIAN_POINT('Ctrl Pts',(17.8587314768878,-2.40959442671915,-4.82947659232316));
#4938=CARTESIAN_POINT('Ctrl Pts',(17.8845345991282,-2.48413458620991,-4.73218044850013));
#4939=CARTESIAN_POINT('Ctrl Pts',(17.8872295049298,-2.49203566436514,-4.72198382691987));
#4940=CARTESIAN_POINT('Ctrl Pts',(17.8899083058663,-2.50000000000002,-4.71181290032803));
#4941=CARTESIAN_POINT('',(17.88990830587,-2.5,4.711812900329));
#4942=CARTESIAN_POINT('Origin',(0.,-2.5,0.));
#4943=CARTESIAN_POINT('',(17.71039543889,-2.2,5.347138804835));
#4944=CARTESIAN_POINT('Ctrl Pts',(17.8899083058663,-2.49999999999983,4.71181290032789));
#4945=CARTESIAN_POINT('Ctrl Pts',(17.8872295049298,-2.49203566436491,4.72198382691977));
#4946=CARTESIAN_POINT('Ctrl Pts',(17.8845345991282,-2.48413458620965,4.73218044850008));
#4947=CARTESIAN_POINT('Ctrl Pts',(17.8587314768878,-2.40959442671885,4.82947659232315));
#4948=CARTESIAN_POINT('Ctrl Pts',(17.8348645342715,-2.3478558532026,4.91707251791262));
#4949=CARTESIAN_POINT('Ctrl Pts',(17.7806775193009,-2.24475977114055,5.10955025500009));
#4950=CARTESIAN_POINT('Ctrl Pts',(17.7509665845587,-2.19999999999738,5.21276207375663));
#4951=CARTESIAN_POINT('Ctrl Pts',(17.7103954388892,-2.19999999999738,5.34713880483512));
#4952=CARTESIAN_POINT('',(17.71039543889,0.,5.347138804835));
#4953=CARTESIAN_POINT('',(17.71039543889,0.,5.347138804835));
#4954=CARTESIAN_POINT('Origin',(0.,0.,0.));
#4955=CARTESIAN_POINT('Origin',(0.,-2.5,0.));
#4956=CARTESIAN_POINT('',(18.5174696972267,-2.49998215536456,-4.65117670960521));
#4957=CARTESIAN_POINT('Origin',(18.28478664231,-2.5,-5.520559522829));
#4958=CARTESIAN_POINT('',(22.96825368673,-2.5,-5.843742172789));
#4959=CARTESIAN_POINT('',(10.4832201886079,-2.5,-2.49838752949295));
#4960=CARTESIAN_POINT('',(22.96825368673,-2.5,5.843742172789));
#4961=CARTESIAN_POINT('Origin',(-1.564970375512E-12,-2.5,-1.278976924368E-13));
#4962=CARTESIAN_POINT('',(18.5177235644748,-2.49999999581288,4.65122622497574));
#4963=CARTESIAN_POINT('',(18.51772355955,-2.499999991627,4.651226227991));
#4964=CARTESIAN_POINT('Origin',(18.28478664231,-2.5,5.520559522829));
#4965=CARTESIAN_POINT('Origin',(18.28478664231,-2.350005145702,-5.520559522829));
#4966=CARTESIAN_POINT('',(18.4400780888026,-2.19999999897156,-4.94100403360239));
#4967=CARTESIAN_POINT('Origin',(18.28478664231,-2.2,-5.520559522829));
#4968=CARTESIAN_POINT('Ctrl Pts',(18.5174649975477,-2.49996431072912,-4.65119392448197));
#4969=CARTESIAN_POINT('Ctrl Pts',(18.5105788923267,-2.47331561396933,-4.67693755686975));
#4970=CARTESIAN_POINT('Ctrl Pts',(18.5037932113745,-2.44664933199979,-4.70272627581482));
#4971=CARTESIAN_POINT('Ctrl Pts',(18.4969572419955,-2.41994604259506,-4.72853985805057));
#4972=CARTESIAN_POINT('Ctrl Pts',(18.4952837473162,-2.41340888447409,-4.73485920943033));
#4973=CARTESIAN_POINT('Ctrl Pts',(18.4936074752838,-2.40686950847619,-4.74118011356293));
#4974=CARTESIAN_POINT('Ctrl Pts',(18.4919266751882,-2.4003276296494,-4.74750239585919));
#4975=CARTESIAN_POINT('Ctrl Pts',(18.4839753964189,-2.36938028358334,-4.77741090736327));
#4976=CARTESIAN_POINT('Ctrl Pts',(18.4759137421878,-2.33837691169667,-4.80734784615817));
#4977=CARTESIAN_POINT('Ctrl Pts',(18.4678586281258,-2.30732184174618,-4.83734005895219));
#4978=CARTESIAN_POINT('Ctrl Pts',(18.4672555215052,-2.30499667066289,-4.83958565125077));
#4979=CARTESIAN_POINT('Ctrl Pts',(18.4666524281434,-2.30267120976578,-4.84183154714387));
#4980=CARTESIAN_POINT('Ctrl Pts',(18.4660493857366,-2.30034546087133,-4.84407775485001));
#4981=CARTESIAN_POINT('Ctrl Pts',(18.4573920869844,-2.26695692504791,-4.87632439447749));
#4982=CARTESIAN_POINT('Ctrl Pts',(18.4487508690491,-2.2335090341885,-4.90863679180179));
#4983=CARTESIAN_POINT('Ctrl Pts',(18.4400780901548,-2.19999999883867,-4.94100403382713));
#4984=CARTESIAN_POINT('Origin',(20.84997180692,-2.35,-5.431441680815));
#4985=CARTESIAN_POINT('',(22.8906079732,-2.2,-6.133519920676));
#4986=CARTESIAN_POINT('',(18.44007808993,-2.199999997971,-4.941004034666));
#4987=CARTESIAN_POINT('',(23.07451266659,-2.351662169007,-6.025784803712));
#4988=CARTESIAN_POINT('',(22.8906079732,-2.2,-6.133519920676));
#4989=CARTESIAN_POINT('Ctrl Pts',(23.07451266659,-2.351662169007,-6.025784803712));
#4990=CARTESIAN_POINT('Ctrl Pts',(23.05680595278,-2.376486897268,-5.995339854194));
#4991=CARTESIAN_POINT('Ctrl Pts',(23.02138929896,-2.426034546918,-5.934554488926));
#4992=CARTESIAN_POINT('Ctrl Pts',(22.98596652265,-2.475378733854,-5.873978123241));
#4993=CARTESIAN_POINT('Ctrl Pts',(22.96825368673,-2.5,-5.843742172789));
#4994=CARTESIAN_POINT('Origin',(23.18221983094,0.,-6.21165708246));
#4995=CARTESIAN_POINT('',(22.8906079732,0.,-6.133519920676));
#4996=CARTESIAN_POINT('',(22.8906079732,0.,-6.133519920676));
#4997=CARTESIAN_POINT('',(18.44007806937,0.,-4.941004027056));
#4998=CARTESIAN_POINT('',(18.44007808993,-2.199999997971,-4.941004034666));
#4999=CARTESIAN_POINT('',(22.8906079732,0.,-6.133519920676));
#5000=CARTESIAN_POINT('Origin',(23.07479952418,-1.25,-6.025616756687));
#5001=CARTESIAN_POINT('',(23.25899107517,0.,-5.917713592698));
#5002=CARTESIAN_POINT('',(23.25899107517,0.,-5.917713592698));
#5003=CARTESIAN_POINT('',(23.25899107517,-2.2,-5.917713592698));
#5004=CARTESIAN_POINT('',(23.25899107517,0.,-5.917713592698));
#5005=CARTESIAN_POINT('Ctrl Pts',(23.25899107517,-2.2,-5.917713592698));
#5006=CARTESIAN_POINT('Ctrl Pts',(23.22815629627,-2.225428766183,-5.935777234521));
#5007=CARTESIAN_POINT('Ctrl Pts',(23.16657513541,-2.27613459218,-5.971852733446));
#5008=CARTESIAN_POINT('Ctrl Pts',(23.10517070959,-2.326536909961,-6.007824697376));
#5009=CARTESIAN_POINT('Ctrl Pts',(23.07451266659,-2.351662169007,-6.025784803712));
#5010=CARTESIAN_POINT('Origin',(-1.564970375512E-12,-2.35,-1.278976924368E-13));
#5011=CARTESIAN_POINT('',(23.25899107517,-2.2,5.917713592698));
#5012=CARTESIAN_POINT('Origin',(0.,-2.2,0.));
#5013=CARTESIAN_POINT('',(23.07451266659,-2.351662169007,6.025784803712));
#5014=CARTESIAN_POINT('Ctrl Pts',(23.07451266659,-2.351662169007,6.025784803712));
#5015=CARTESIAN_POINT('Ctrl Pts',(23.10516128514,-2.326544633603,6.007830218411));
#5016=CARTESIAN_POINT('Ctrl Pts',(23.1665563063,-2.276150071951,5.971863763922));
#5017=CARTESIAN_POINT('Ctrl Pts',(23.22814689155,-2.225436522054,5.935782744));
#5018=CARTESIAN_POINT('Ctrl Pts',(23.25899107517,-2.2,5.917713592698));
#5019=CARTESIAN_POINT('Ctrl Pts',(22.96825368673,-2.5,5.843742172789));
#5020=CARTESIAN_POINT('Ctrl Pts',(22.98595879052,-2.475389481697,5.873964924439));
#5021=CARTESIAN_POINT('Ctrl Pts',(23.02137388447,-2.426056065605,5.934528080841));
#5022=CARTESIAN_POINT('Ctrl Pts',(23.05679827036,-2.37649766799,5.995326645022));
#5023=CARTESIAN_POINT('Ctrl Pts',(23.07451266659,-2.351662169007,6.025784803712));
#5024=CARTESIAN_POINT('Origin',(20.84997180692,-2.35,5.431441680815));
#5025=CARTESIAN_POINT('',(22.8906079732,-2.2,6.133519920676));
#5026=CARTESIAN_POINT('',(22.8906079732,-2.2,6.133519920676));
#5027=CARTESIAN_POINT('',(18.4401206853514,-2.19999999907553,4.94098927276799));
#5028=CARTESIAN_POINT('',(19.3403883682524,-2.2000000000009,5.18224144457724));
#5029=CARTESIAN_POINT('',(18.44012068571,-2.200025285783,4.94098927311));
#5030=CARTESIAN_POINT('Origin',(18.28478664231,-2.349995131355,5.520559522829));
#5031=CARTESIAN_POINT('Origin',(18.28478664231,-2.2,5.520559522829));
#5032=CARTESIAN_POINT('Origin',(18.28478664231,35.15948,5.520559522829));
#5033=CARTESIAN_POINT('',(18.44007806937,0.,4.941004027056));
#5034=CARTESIAN_POINT('',(18.44007806937,0.,4.941004027056));
#5035=CARTESIAN_POINT('Origin',(18.28478664231,0.,5.520559522829));
#5036=CARTESIAN_POINT('Origin',(0.,0.,0.));
#5037=CARTESIAN_POINT('',(17.34034313386,0.,-33.25));
#5038=CARTESIAN_POINT('',(17.34034313386,0.,33.25));
#5039=CARTESIAN_POINT('Ctrl Pts',(17.3403431338601,-3.80542671866534E-18,
-33.2500000000003));
#5040=CARTESIAN_POINT('Ctrl Pts',(20.8606118038289,-3.80542671866534E-18,
-31.4138711348296));
#5041=CARTESIAN_POINT('Ctrl Pts',(24.4814531193663,-7.72298087038178E-17,
-28.8134226661783));
#5042=CARTESIAN_POINT('Ctrl Pts',(30.6937083139213,-7.72298087038178E-17,
-21.9879739848647));
#5043=CARTESIAN_POINT('Ctrl Pts',(33.0605200262204,-2.66251995403104E-17,
-18.2389840401638));
#5044=CARTESIAN_POINT('Ctrl Pts',(36.7065907888109,-2.66251995403104E-17,
-9.29457956555707));
#5045=CARTESIAN_POINT('Ctrl Pts',(37.4999999999987,-4.13689752053929E-29,
-4.43999149177135));
#5046=CARTESIAN_POINT('Ctrl Pts',(37.5000000000013,-4.13689752053929E-29,
4.43999149175117));
#5047=CARTESIAN_POINT('Ctrl Pts',(36.7065907888157,-1.30708608098906E-16,
9.29457956553705));
#5048=CARTESIAN_POINT('Ctrl Pts',(33.0605200262314,-1.30708608098906E-16,
18.2389840401437));
#5049=CARTESIAN_POINT('Ctrl Pts',(30.6937083139345,-2.02203214429307E-16,
21.9879739848467));
#5050=CARTESIAN_POINT('Ctrl Pts',(24.4814503928887,-2.02203214429307E-16,
28.8134256617817));
#5051=CARTESIAN_POINT('Ctrl Pts',(20.8606141003354,-1.63519904578384E-18,
31.4138699369995));
#5052=CARTESIAN_POINT('Ctrl Pts',(17.3403431338601,-1.63519904578384E-18,
33.2500000000003));
#5053=CARTESIAN_POINT('',(-17.34034313386,0.,33.25));
#5054=CARTESIAN_POINT('',(-17.34034313386,0.,33.25));
#5055=CARTESIAN_POINT('',(-17.34034313386,0.,-33.25));
#5056=CARTESIAN_POINT('Ctrl Pts',(-17.3403431338601,-3.80542671866534E-18,
33.2500000000003));
#5057=CARTESIAN_POINT('Ctrl Pts',(-20.8606118038289,-3.80542671866534E-18,
31.4138711348296));
#5058=CARTESIAN_POINT('Ctrl Pts',(-24.4814531193663,-7.72298087038178E-17,
28.8134226661783));
#5059=CARTESIAN_POINT('Ctrl Pts',(-30.6937083139213,-7.72298087038178E-17,
21.9879739848647));
#5060=CARTESIAN_POINT('Ctrl Pts',(-33.0605200262204,-2.66251995403104E-17,
18.2389840401638));
#5061=CARTESIAN_POINT('Ctrl Pts',(-36.7065907888109,-2.66251995403104E-17,
9.29457956555707));
#5062=CARTESIAN_POINT('Ctrl Pts',(-37.4999999999987,-4.13689752053929E-29,
4.43999149177135));
#5063=CARTESIAN_POINT('Ctrl Pts',(-37.5000000000013,-4.13689752053929E-29,
-4.43999149175117));
#5064=CARTESIAN_POINT('Ctrl Pts',(-36.7065907888157,-1.30708608098906E-16,
-9.29457956553705));
#5065=CARTESIAN_POINT('Ctrl Pts',(-33.0605200262314,-1.30708608098906E-16,
-18.2389840401437));
#5066=CARTESIAN_POINT('Ctrl Pts',(-30.6937083139345,-2.02203214429307E-16,
-21.9879739848467));
#5067=CARTESIAN_POINT('Ctrl Pts',(-24.4814503928887,-2.02203214429307E-16,
-28.8134256617817));
#5068=CARTESIAN_POINT('Ctrl Pts',(-20.8606141003354,-1.63519904578384E-18,
-31.4138699369995));
#5069=CARTESIAN_POINT('Ctrl Pts',(-17.3403431338601,-1.63519904578384E-18,
-33.2500000000003));
#5070=CARTESIAN_POINT('',(17.34034313386,0.,-33.25));
#5071=CARTESIAN_POINT('',(23.25899107517,0.,5.917713592698));
#5072=CARTESIAN_POINT('Origin',(0.,0.,0.));
#5073=CARTESIAN_POINT('Origin',(18.28478664231,0.,-5.520559522829));
#5074=CARTESIAN_POINT('',(22.8906079732,0.,6.133519920676));
#5075=CARTESIAN_POINT('',(18.44007806937,0.,4.941004027056));
#5076=CARTESIAN_POINT('',(22.8906079732,0.,6.133519920676));
#5077=CARTESIAN_POINT('Ctrl Pts',(15.87458364757,-0.1317292313801,-33.97430572278));
#5078=CARTESIAN_POINT('Ctrl Pts',(15.87447475678,0.2227569228733,-33.97412470896));
#5079=CARTESIAN_POINT('Ctrl Pts',(15.87436586598,0.5772430771267,-33.97394369514));
#5080=CARTESIAN_POINT('Ctrl Pts',(15.87425697518,0.9317292313801,-33.97376268131));
#5081=CARTESIAN_POINT('Ctrl Pts',(16.36833868958,-0.1317292313801,-33.74353215097));
#5082=CARTESIAN_POINT('Ctrl Pts',(16.3683121825,0.2227569228733,-33.74348853352));
#5083=CARTESIAN_POINT('Ctrl Pts',(16.36828567542,0.5772430771267,-33.74344491607));
#5084=CARTESIAN_POINT('Ctrl Pts',(16.36825916833,0.9317292313801,-33.74340129863));
#5085=CARTESIAN_POINT('Ctrl Pts',(19.91196559168,-0.1317292313801,-31.99282724988));
#5086=CARTESIAN_POINT('Ctrl Pts',(19.91204686937,0.2227569228733,-31.99296099064));
#5087=CARTESIAN_POINT('Ctrl Pts',(19.91212814705,0.5772430771267,-31.9930947314));
#5088=CARTESIAN_POINT('Ctrl Pts',(19.91220942474,0.9317292313801,-31.99322847216));
#5089=CARTESIAN_POINT('Ctrl Pts',(25.96947875187,-0.1317292313801,-27.69640802172));
#5090=CARTESIAN_POINT('Ctrl Pts',(25.9694449727,0.2227569228733,-27.69635248139));
#5091=CARTESIAN_POINT('Ctrl Pts',(25.96941119352,0.5772430771267,-27.69629694107));
#5092=CARTESIAN_POINT('Ctrl Pts',(25.96937741434,0.9317292313801,-27.69624140074));
#5093=CARTESIAN_POINT('Ctrl Pts',(32.46581400162,-0.1317292313801,-19.684170937));
#5094=CARTESIAN_POINT('Ctrl Pts',(32.46582309601,0.2227569228733,-19.68418574775));
#5095=CARTESIAN_POINT('Ctrl Pts',(32.46583219041,0.5772430771267,-19.6842005585));
#5096=CARTESIAN_POINT('Ctrl Pts',(32.4658412848,0.9317292313801,-19.68421536926));
#5097=CARTESIAN_POINT('Ctrl Pts',(36.56589209578,-0.1317292313801,-10.21924804671));
#5098=CARTESIAN_POINT('Ctrl Pts',(36.56588949738,0.2227569228733,-10.21924434402));
#5099=CARTESIAN_POINT('Ctrl Pts',(36.56588689898,0.5772430771267,-10.21924064133));
#5100=CARTESIAN_POINT('Ctrl Pts',(36.56588430058,0.9317292313801,-10.21923693864));
#5101=CARTESIAN_POINT('Ctrl Pts',(37.96705395211,-0.1317292313801,0.));
#5102=CARTESIAN_POINT('Ctrl Pts',(37.96705525131,0.2227569228733,0.));
#5103=CARTESIAN_POINT('Ctrl Pts',(37.96705655051,0.5772430771267,0.));
#5104=CARTESIAN_POINT('Ctrl Pts',(37.96705784971,0.9317292313801,0.));
#5105=CARTESIAN_POINT('Ctrl Pts',(36.56589209578,-0.1317292313801,10.21924804671));
#5106=CARTESIAN_POINT('Ctrl Pts',(36.56588949738,0.2227569228733,10.21924434402));
#5107=CARTESIAN_POINT('Ctrl Pts',(36.56588689898,0.5772430771267,10.21924064133));
#5108=CARTESIAN_POINT('Ctrl Pts',(36.56588430058,0.9317292313801,10.21923693864));
#5109=CARTESIAN_POINT('Ctrl Pts',(32.46581400162,-0.1317292313801,19.684170937));
#5110=CARTESIAN_POINT('Ctrl Pts',(32.46582309601,0.2227569228733,19.68418574775));
#5111=CARTESIAN_POINT('Ctrl Pts',(32.46583219041,0.5772430771267,19.6842005585));
#5112=CARTESIAN_POINT('Ctrl Pts',(32.4658412848,0.9317292313801,19.68421536926));
#5113=CARTESIAN_POINT('Ctrl Pts',(25.96947875187,-0.1317292313801,27.69640802172));
#5114=CARTESIAN_POINT('Ctrl Pts',(25.9694449727,0.2227569228733,27.69635248139));
#5115=CARTESIAN_POINT('Ctrl Pts',(25.96941119352,0.5772430771267,27.69629694107));
#5116=CARTESIAN_POINT('Ctrl Pts',(25.96937741434,0.9317292313801,27.69624140074));
#5117=CARTESIAN_POINT('Ctrl Pts',(19.91196559168,-0.1317292313801,31.99282724988));
#5118=CARTESIAN_POINT('Ctrl Pts',(19.91204686937,0.2227569228733,31.99296099064));
#5119=CARTESIAN_POINT('Ctrl Pts',(19.91212814705,0.5772430771267,31.9930947314));
#5120=CARTESIAN_POINT('Ctrl Pts',(19.91220942474,0.9317292313801,31.99322847216));
#5121=CARTESIAN_POINT('Ctrl Pts',(16.36833868958,-0.1317292313801,33.74353215097));
#5122=CARTESIAN_POINT('Ctrl Pts',(16.3683121825,0.2227569228733,33.74348853352));
#5123=CARTESIAN_POINT('Ctrl Pts',(16.36828567542,0.5772430771267,33.74344491607));
#5124=CARTESIAN_POINT('Ctrl Pts',(16.36825916833,0.9317292313801,33.74340129863));
#5125=CARTESIAN_POINT('Ctrl Pts',(15.87458364757,-0.1317292313801,33.97430572278));
#5126=CARTESIAN_POINT('Ctrl Pts',(15.87447475678,0.2227569228733,33.97412470896));
#5127=CARTESIAN_POINT('Ctrl Pts',(15.87436586598,0.5772430771267,33.97394369514));
#5128=CARTESIAN_POINT('Ctrl Pts',(15.87425697518,0.9317292313801,33.97376268131));
#5129=CARTESIAN_POINT('',(17.90377823452,0.5,-32.95));
#5130=CARTESIAN_POINT('',(17.90377823452,0.5,32.95));
#5131=CARTESIAN_POINT('Ctrl Pts',(17.90377823452,0.5,-32.95));
#5132=CARTESIAN_POINT('Ctrl Pts',(20.70986997497,0.5,-31.42496082131));
#5133=CARTESIAN_POINT('Ctrl Pts',(26.1046783203,0.5,-27.52949135772));
#5134=CARTESIAN_POINT('Ctrl Pts',(32.46583020873,0.5,-19.68419733122));
#5135=CARTESIAN_POINT('Ctrl Pts',(36.56588746518,0.5,-10.21924144815));
#5136=CARTESIAN_POINT('Ctrl Pts',(37.96705626741,0.5,0.));
#5137=CARTESIAN_POINT('Ctrl Pts',(36.56588746518,0.5,10.21924144815));
#5138=CARTESIAN_POINT('Ctrl Pts',(32.46583020873,0.5,19.68419733122));
#5139=CARTESIAN_POINT('Ctrl Pts',(26.1046783203,0.5,27.52949135772));
#5140=CARTESIAN_POINT('Ctrl Pts',(20.70986997497,0.5,31.42496082131));
#5141=CARTESIAN_POINT('Ctrl Pts',(17.90377823452,0.5,32.95));
#5142=CARTESIAN_POINT('',(17.34034313386,0.8,33.25));
#5143=CARTESIAN_POINT('Ctrl Pts',(17.9037782345194,0.499999999999452,32.9499999999995));
#5144=CARTESIAN_POINT('Ctrl Pts',(17.8105765816343,0.550656532939984,33.00065653294));
#5145=CARTESIAN_POINT('Ctrl Pts',(17.7170217964579,0.600988920340924,33.0509889203409));
#5146=CARTESIAN_POINT('Ctrl Pts',(17.5292097376305,0.70099268978029,33.1509926897802));
#5147=CARTESIAN_POINT('Ctrl Pts',(17.4349515392516,0.750664563859727,33.2006645638597));
#5148=CARTESIAN_POINT('Ctrl Pts',(17.3403431338608,0.800000000000769,33.2500000000007));
#5149=CARTESIAN_POINT('',(17.34034313386,0.,33.25));
#5150=CARTESIAN_POINT('',(17.34034313386,0.8,-33.25));
#5151=CARTESIAN_POINT('',(17.34034313386,0.8,-33.25));
#5152=CARTESIAN_POINT('Ctrl Pts',(17.3403431338608,0.80000000000075,-33.2500000000007));
#5153=CARTESIAN_POINT('Ctrl Pts',(17.4349515392509,0.750664563860074,-33.2006645638601));
#5154=CARTESIAN_POINT('Ctrl Pts',(17.5292097376292,0.700992689781005,-33.1509926897809));
#5155=CARTESIAN_POINT('Ctrl Pts',(17.7170217964582,0.600988920340823,-33.0509889203408));
#5156=CARTESIAN_POINT('Ctrl Pts',(17.8105765816348,0.550656532939761,-33.0006565329398));
#5157=CARTESIAN_POINT('Ctrl Pts',(17.9037782345195,0.499999999999492,-32.9499999999995));
#5158=CARTESIAN_POINT('Origin',(0.,0.5,0.));
#5159=CARTESIAN_POINT('',(-17.90377823452,0.5,32.95));
#5160=CARTESIAN_POINT('',(-38.7,0.5,32.95));
#5161=CARTESIAN_POINT('',(-17.90377823452,0.5,32.95));
#5162=CARTESIAN_POINT('',(-38.7,0.5,-32.95));
#5163=CARTESIAN_POINT('',(-38.7,0.5,32.95));
#5164=CARTESIAN_POINT('',(-17.90377823452,0.5,-32.95));
#5165=CARTESIAN_POINT('',(-38.7,0.5,-32.95));
#5166=CARTESIAN_POINT('Ctrl Pts',(-17.90377823452,0.5,32.95));
#5167=CARTESIAN_POINT('Ctrl Pts',(-20.70986997497,0.5,31.42496082131));
#5168=CARTESIAN_POINT('Ctrl Pts',(-26.1046783203,0.5,27.52949135772));
#5169=CARTESIAN_POINT('Ctrl Pts',(-32.46583020873,0.5,19.68419733122));
#5170=CARTESIAN_POINT('Ctrl Pts',(-36.56588746518,0.5,10.21924144815));
#5171=CARTESIAN_POINT('Ctrl Pts',(-37.96705626741,0.5,0.));
#5172=CARTESIAN_POINT('Ctrl Pts',(-36.56588746518,0.5,-10.21924144815));
#5173=CARTESIAN_POINT('Ctrl Pts',(-32.46583020873,0.5,-19.68419733122));
#5174=CARTESIAN_POINT('Ctrl Pts',(-26.1046783203,0.5,-27.52949135772));
#5175=CARTESIAN_POINT('Ctrl Pts',(-20.70986997497,0.5,-31.42496082131));
#5176=CARTESIAN_POINT('Ctrl Pts',(-17.90377823452,0.5,-32.95));
#5177=CARTESIAN_POINT('Origin',(0.,0.5,0.));
#5178=CARTESIAN_POINT('',(38.7,0.5,-32.95));
#5179=CARTESIAN_POINT('',(17.90377823452,0.5,-32.95));
#5180=CARTESIAN_POINT('',(38.7,0.5,32.95));
#5181=CARTESIAN_POINT('',(38.7,0.5,-32.95));
#5182=CARTESIAN_POINT('',(38.7,0.5,32.95));
#5183=CARTESIAN_POINT('Origin',(-28.45188911726,0.65,33.1));
#5184=CARTESIAN_POINT('',(-17.34034313386,0.8,33.25));
#5185=CARTESIAN_POINT('Ctrl Pts',(-17.3403431338608,0.80000000000075,33.2500000000007));
#5186=CARTESIAN_POINT('Ctrl Pts',(-17.434951539251,0.750664563860025,33.20066456386));
#5187=CARTESIAN_POINT('Ctrl Pts',(-17.5292097376294,0.700992689780903,33.1509926897808));
#5188=CARTESIAN_POINT('Ctrl Pts',(-17.7170217964581,0.600988920340854,33.0509889203408));
#5189=CARTESIAN_POINT('Ctrl Pts',(-17.8105765816346,0.550656532939825,33.0006565329398));
#5190=CARTESIAN_POINT('Ctrl Pts',(-17.9037782345195,0.499999999999493,32.9499999999995));
#5191=CARTESIAN_POINT('',(-38.7,0.8,33.25));
#5192=CARTESIAN_POINT('',(-17.34034313386,0.8,33.25));
#5193=CARTESIAN_POINT('',(-38.85,0.65,33.1));
#5194=CARTESIAN_POINT('',(-38.7,0.8,33.25));
#5195=CARTESIAN_POINT('',(-38.7,0.5,32.95));
#5196=CARTESIAN_POINT('Origin',(-38.85,0.65,0.));
#5197=CARTESIAN_POINT('',(-39.,0.8,32.95));
#5198=CARTESIAN_POINT('',(-39.,0.8,-32.95));
#5199=CARTESIAN_POINT('',(-39.,0.8,32.95));
#5200=CARTESIAN_POINT('',(-38.85,0.65,-33.1));
#5201=CARTESIAN_POINT('',(-39.,0.8,-32.95));
#5202=CARTESIAN_POINT('',(-38.7,0.5,-32.95));
#5203=CARTESIAN_POINT('',(-38.85,0.65,33.1));
#5204=CARTESIAN_POINT('Origin',(-39.,0.,-33.25));
#5205=CARTESIAN_POINT('',(-39.,9.7,-32.95));
#5206=CARTESIAN_POINT('',(-39.,9.7,32.95));
#5207=CARTESIAN_POINT('',(-39.,9.7,-32.95));
#5208=CARTESIAN_POINT('',(-39.,9.7,-32.95));
#5209=CARTESIAN_POINT('',(-39.,9.7,32.95));
#5210=CARTESIAN_POINT('Origin',(-38.85,9.85,0.));
#5211=CARTESIAN_POINT('',(-38.7,10.,-32.95));
#5212=CARTESIAN_POINT('',(-38.7,10.,32.95));
#5213=CARTESIAN_POINT('',(-38.7,10.,-32.95));
#5214=CARTESIAN_POINT('',(-38.85,9.85,-33.1));
#5215=CARTESIAN_POINT('',(-38.7,10.,-32.95));
#5216=CARTESIAN_POINT('',(-39.,9.7,-32.95));
#5217=CARTESIAN_POINT('',(-38.85,9.85,33.1));
#5218=CARTESIAN_POINT('',(-39.,9.7,32.95));
#5219=CARTESIAN_POINT('',(-38.85,9.85,33.1));
#5220=CARTESIAN_POINT('Origin',(0.,10.,0.));
#5221=CARTESIAN_POINT('',(10.3,10.,-36.95));
#5222=CARTESIAN_POINT('',(19.7,10.,-36.95));
#5223=CARTESIAN_POINT('',(10.3,10.,-36.95));
#5224=CARTESIAN_POINT('',(10.3,10.,-32.95));
#5225=CARTESIAN_POINT('',(10.3,10.,-32.95));
#5226=CARTESIAN_POINT('',(-10.3,10.,-32.95));
#5227=CARTESIAN_POINT('',(10.3,10.,-32.95));
#5228=CARTESIAN_POINT('',(-10.3,10.,-36.95));
#5229=CARTESIAN_POINT('',(-10.3,10.,-32.95));
#5230=CARTESIAN_POINT('',(-19.7,10.,-36.95));
#5231=CARTESIAN_POINT('',(-19.7,10.,-36.95));
#5232=CARTESIAN_POINT('',(-19.7,10.,-32.95));
#5233=CARTESIAN_POINT('',(-19.7,10.,-32.95));
#5234=CARTESIAN_POINT('',(-19.7,10.,-32.95));
#5235=CARTESIAN_POINT('',(-19.7,10.,32.95));
#5236=CARTESIAN_POINT('',(-38.7,10.,32.95));
#5237=CARTESIAN_POINT('',(-19.7,10.,36.95));
#5238=CARTESIAN_POINT('',(-19.7,10.,36.95));
#5239=CARTESIAN_POINT('',(-10.3,10.,36.95));
#5240=CARTESIAN_POINT('',(-10.3,10.,36.95));
#5241=CARTESIAN_POINT('',(-10.3,10.,32.95));
#5242=CARTESIAN_POINT('',(-10.3,10.,36.95));
#5243=CARTESIAN_POINT('',(10.3,10.,32.95));
#5244=CARTESIAN_POINT('',(-10.3,10.,32.95));
#5245=CARTESIAN_POINT('',(10.3,10.,36.95));
#5246=CARTESIAN_POINT('',(10.3,10.,36.95));
#5247=CARTESIAN_POINT('',(19.7,10.,36.95));
#5248=CARTESIAN_POINT('',(19.7,10.,36.95));
#5249=CARTESIAN_POINT('',(19.7,10.,32.95));
#5250=CARTESIAN_POINT('',(19.7,10.,36.95));
#5251=CARTESIAN_POINT('',(38.7,10.,32.95));
#5252=CARTESIAN_POINT('',(19.7,10.,32.95));
#5253=CARTESIAN_POINT('',(38.7,10.,-32.95));
#5254=CARTESIAN_POINT('',(38.7,10.,32.95));
#5255=CARTESIAN_POINT('',(19.7,10.,-32.95));
#5256=CARTESIAN_POINT('',(38.7,10.,-32.95));
#5257=CARTESIAN_POINT('',(19.7,10.,-32.95));
#5258=CARTESIAN_POINT('',(-14.65096509945,10.,-6.004999999999));
#5259=CARTESIAN_POINT('Origin',(-10.40096509945,10.,-6.004999999999));
#5260=CARTESIAN_POINT('',(-4.24999999999944,10.,-12.01));
#5261=CARTESIAN_POINT('Origin',(5.653255641391E-13,10.,-12.01));
#5262=CARTESIAN_POINT('',(6.15096509945,10.,-6.005));
#5263=CARTESIAN_POINT('Origin',(10.40096509945,10.,-6.005));
#5264=CARTESIAN_POINT('',(6.15096509945,10.,6.004999999999));
#5265=CARTESIAN_POINT('Origin',(10.40096509945,10.,6.004999999999));
#5266=CARTESIAN_POINT('',(-4.25000000000054,10.,12.01));
#5267=CARTESIAN_POINT('Origin',(-5.440092820663E-13,10.,12.01));
#5268=CARTESIAN_POINT('',(-14.65096509945,10.,6.005));
#5269=CARTESIAN_POINT('Origin',(-10.40096509945,10.,6.005));
#5270=CARTESIAN_POINT('',(-32.,10.,-1.960769515459));
#5271=CARTESIAN_POINT('',(-32.,10.,1.960769515459));
#5272=CARTESIAN_POINT('',(-32.,10.,-1.960769515459));
#5273=CARTESIAN_POINT('',(-32.9,10.,2.480384757729));
#5274=CARTESIAN_POINT('Origin',(-32.6,10.,1.960769515459));
#5275=CARTESIAN_POINT('',(-36.29615242271,10.,0.5196152422707));
#5276=CARTESIAN_POINT('',(-32.9,10.,2.480384757729));
#5277=CARTESIAN_POINT('',(-36.29615242271,10.,-0.5196152422707));
#5278=CARTESIAN_POINT('Origin',(-35.99615242271,10.,0.));
#5279=CARTESIAN_POINT('',(-32.9,10.,-2.480384757729));
#5280=CARTESIAN_POINT('',(-36.29615242271,10.,-0.5196152422707));
#5281=CARTESIAN_POINT('Origin',(-32.6,10.,-1.960769515459));
#5282=CARTESIAN_POINT('',(0.75,10.,-27.68085110188));
#5283=CARTESIAN_POINT('',(2.874999940395,10.,-27.68085110188));
#5284=CARTESIAN_POINT('',(0.75,10.,-27.68085110188));
#5285=CARTESIAN_POINT('',(0.75,10.,-25.));
#5286=CARTESIAN_POINT('',(0.75,10.,-25.));
#5287=CARTESIAN_POINT('',(0.,10.,-25.));
#5288=CARTESIAN_POINT('',(0.,10.,-25.));
#5289=CARTESIAN_POINT('',(0.,10.,-31.));
#5290=CARTESIAN_POINT('',(0.,10.,-31.));
#5291=CARTESIAN_POINT('',(3.,10.,-31.));
#5292=CARTESIAN_POINT('',(3.,10.,-31.));
#5293=CARTESIAN_POINT('',(3.625000119209,10.,-30.87234044075));
#5294=CARTESIAN_POINT('',(3.625000119209,10.,-30.87234044075));
#5295=CARTESIAN_POINT('',(4.125,10.,-30.489361763));
#5296=CARTESIAN_POINT('',(4.125,10.,-30.489361763));
#5297=CARTESIAN_POINT('',(4.5,10.,-29.978723526));
#5298=CARTESIAN_POINT('',(4.5,10.,-29.978723526));
#5299=CARTESIAN_POINT('',(4.624999880791,10.,-29.59574484825));
#5300=CARTESIAN_POINT('',(4.624999880791,10.,-29.59574484825));
#5301=CARTESIAN_POINT('',(4.624999880791,10.,-29.08510625362));
#5302=CARTESIAN_POINT('',(4.624999880791,10.,-29.08510625362));
#5303=CARTESIAN_POINT('',(4.5,10.,-28.70212757587));
#5304=CARTESIAN_POINT('',(4.5,10.,-28.70212757587));
#5305=CARTESIAN_POINT('',(4.125,10.,-28.19148933887));
#5306=CARTESIAN_POINT('',(4.125,10.,-28.19148933887));
#5307=CARTESIAN_POINT('',(3.625000119209,10.,-27.93617022038));
#5308=CARTESIAN_POINT('',(3.625000119209,10.,-27.93617022038));
#5309=CARTESIAN_POINT('',(4.750000119209,10.,-25.));
#5310=CARTESIAN_POINT('',(4.750000119209,10.,-25.));
#5311=CARTESIAN_POINT('',(3.874999880791,10.,-25.));
#5312=CARTESIAN_POINT('',(3.874999880791,10.,-25.));
#5313=CARTESIAN_POINT('',(2.874999940395,10.,-27.68085110188));
#5314=CARTESIAN_POINT('',(4.5,10.,30.));
#5315=CARTESIAN_POINT('',(4.5,10.,29.23404255509));
#5316=CARTESIAN_POINT('',(4.5,10.,30.));
#5317=CARTESIAN_POINT('',(0.,10.,30.));
#5318=CARTESIAN_POINT('',(0.,10.,30.));
#5319=CARTESIAN_POINT('',(0.,10.,24.));
#5320=CARTESIAN_POINT('',(0.,10.,24.));
#5321=CARTESIAN_POINT('',(0.75,10.,24.));
#5322=CARTESIAN_POINT('',(0.75,10.,24.));
#5323=CARTESIAN_POINT('',(0.75,10.,29.23404255509));
#5324=CARTESIAN_POINT('',(0.75,10.,29.23404255509));
#5325=CARTESIAN_POINT('',(4.5,10.,29.23404255509));
#5326=CARTESIAN_POINT('Origin',(0.,10.,0.));
#5327=CARTESIAN_POINT('',(3.75,10.,-28.82978713512));
#5328=CARTESIAN_POINT('',(3.499999880791,10.,-28.57446801662));
#5329=CARTESIAN_POINT('',(3.75,10.,-28.82978713512));
#5330=CARTESIAN_POINT('',(3.874999880791,10.,-29.21276581287));
#5331=CARTESIAN_POINT('',(3.874999880791,10.,-29.21276581287));
#5332=CARTESIAN_POINT('',(3.874999880791,10.,-29.59574484825));
#5333=CARTESIAN_POINT('',(3.874999880791,10.,-29.59574484825));
#5334=CARTESIAN_POINT('',(3.75,10.,-29.978723526));
#5335=CARTESIAN_POINT('',(3.75,10.,-29.978723526));
#5336=CARTESIAN_POINT('',(3.499999880791,10.,-30.2340426445));
#5337=CARTESIAN_POINT('',(3.499999880791,10.,-30.2340426445));
#5338=CARTESIAN_POINT('',(3.124999880791,10.,-30.36170220375));
#5339=CARTESIAN_POINT('',(3.124999880791,10.,-30.36170220375));
#5340=CARTESIAN_POINT('',(0.75,10.,-30.36170220375));
#5341=CARTESIAN_POINT('',(0.75,10.,-30.36170220375));
#5342=CARTESIAN_POINT('',(0.75,10.,-28.44680845737));
#5343=CARTESIAN_POINT('',(0.75,10.,-28.44680845737));
#5344=CARTESIAN_POINT('',(3.124999880791,10.,-28.44680845737));
#5345=CARTESIAN_POINT('',(3.124999880791,10.,-28.44680845737));
#5346=CARTESIAN_POINT('',(3.499999880791,10.,-28.57446801662));
#5347=CARTESIAN_POINT('Origin',(-10.40096509945,-18.61439766496,-6.004999999999));
#5348=CARTESIAN_POINT('',(-14.65096509945,3.6,-6.004999999999));
#5349=CARTESIAN_POINT('Origin',(-10.40096509945,3.6,-6.004999999999));
#5350=CARTESIAN_POINT('',(-14.65096509945,-18.61439766496,-6.004999999999));
#5351=CARTESIAN_POINT('Origin',(-10.40096509945,3.6,-6.004999999999));
#5352=CARTESIAN_POINT('',(-12.50096509945,3.6,-6.004999999999));
#5353=CARTESIAN_POINT('Origin',(-10.40096509945,3.6,-6.004999999999));
#5354=CARTESIAN_POINT('Origin',(-10.40096509945,-18.61439766496,-6.004999999999));
#5355=CARTESIAN_POINT('',(-10.40096509945,-6.1,-3.904999999999));
#5356=CARTESIAN_POINT('',(-12.50096509945,-6.1,-6.004999999999));
#5357=CARTESIAN_POINT('Origin',(-10.40096509945,-6.1,-6.004999999999));
#5358=CARTESIAN_POINT('Origin',(-10.40096509945,-6.1,-6.004999999999));
#5359=CARTESIAN_POINT('',(-12.50096509945,-18.61439766496,-6.004999999999));
#5360=CARTESIAN_POINT('Origin',(-10.40096509945,-6.249999991625,-6.004999999999));
#5361=CARTESIAN_POINT('',(-10.40096509945,-6.249999991625,-3.755000008374));
#5362=CARTESIAN_POINT('Origin',(5.653255641391E-13,-18.61439766496,-12.01));
#5363=CARTESIAN_POINT('',(-4.24999999999944,3.6,-12.01));
#5364=CARTESIAN_POINT('Origin',(5.653255641391E-13,3.6,-12.01));
#5365=CARTESIAN_POINT('',(-4.24999999999944,-18.61439766496,-12.01));
#5366=CARTESIAN_POINT('Origin',(5.653255641391E-13,3.6,-12.01));
#5367=CARTESIAN_POINT('',(-2.09999999999943,3.6,-12.01));
#5368=CARTESIAN_POINT('Origin',(5.653255641391E-13,3.6,-12.01));
#5369=CARTESIAN_POINT('Origin',(5.653255641391E-13,-18.61439766496,-12.01));
#5370=CARTESIAN_POINT('',(5.66400655940879E-13,-6.1,-9.91));
#5371=CARTESIAN_POINT('',(-2.09999999999943,-6.1,-12.01));
#5372=CARTESIAN_POINT('Origin',(5.653255641391E-13,-6.1,-12.01));
#5373=CARTESIAN_POINT('Origin',(5.653255641391E-13,-6.1,-12.01));
#5374=CARTESIAN_POINT('',(-2.09999999999943,-18.61439766496,-12.01));
#5375=CARTESIAN_POINT('Origin',(5.666578317687E-13,-6.249999991625,-12.01));
#5376=CARTESIAN_POINT('',(5.66382286239918E-13,-6.249999991625,-9.760000008375));
#5377=CARTESIAN_POINT('Origin',(10.40096509945,-18.61439766496,-6.005));
#5378=CARTESIAN_POINT('',(6.15096509945,3.6,-6.005));
#5379=CARTESIAN_POINT('Origin',(10.40096509945,3.6,-6.005));
#5380=CARTESIAN_POINT('',(6.15096509945,-18.61439766496,-6.005));
#5381=CARTESIAN_POINT('Origin',(10.40096509945,3.6,-6.005));
#5382=CARTESIAN_POINT('',(8.30096509945,3.6,-6.005));
#5383=CARTESIAN_POINT('Origin',(10.40096509945,3.6,-6.005));
#5384=CARTESIAN_POINT('Origin',(10.40096509945,-18.61439766496,-6.005));
#5385=CARTESIAN_POINT('',(10.40096509945,-6.1,-3.905));
#5386=CARTESIAN_POINT('',(8.30096509945,-6.1,-6.005));
#5387=CARTESIAN_POINT('Origin',(10.40096509945,-6.1,-6.005));
#5388=CARTESIAN_POINT('Origin',(10.40096509945,-6.1,-6.005));
#5389=CARTESIAN_POINT('',(8.30096509945,-18.61439766496,-6.005));
#5390=CARTESIAN_POINT('Origin',(10.40096509945,-6.249999991625,-6.005));
#5391=CARTESIAN_POINT('',(10.40096509945,-6.249999991625,-3.755000008375));
#5392=CARTESIAN_POINT('Origin',(10.40096509945,-18.61439766496,6.004999999999));
#5393=CARTESIAN_POINT('',(6.15096509945,3.6,6.004999999999));
#5394=CARTESIAN_POINT('Origin',(10.40096509945,3.6,6.004999999999));
#5395=CARTESIAN_POINT('',(6.15096509945,-18.61439766496,6.004999999999));
#5396=CARTESIAN_POINT('Origin',(10.40096509945,3.6,6.004999999999));
#5397=CARTESIAN_POINT('',(8.30096509945,3.6,6.004999999999));
#5398=CARTESIAN_POINT('Origin',(10.40096509945,3.6,6.004999999999));
#5399=CARTESIAN_POINT('Origin',(10.40096509945,-18.61439766496,6.004999999999));
#5400=CARTESIAN_POINT('',(10.40096509945,-6.1,8.104999999999));
#5401=CARTESIAN_POINT('',(8.30096509945,-6.1,6.004999999999));
#5402=CARTESIAN_POINT('Origin',(10.40096509945,-6.1,6.004999999999));
#5403=CARTESIAN_POINT('Origin',(10.40096509945,-6.1,6.004999999999));
#5404=CARTESIAN_POINT('',(8.30096509945,-18.61439766496,6.004999999999));
#5405=CARTESIAN_POINT('Origin',(10.40096509945,-6.249999991625,6.004999999999));
#5406=CARTESIAN_POINT('',(10.40096509945,-6.249999991625,8.254999991624));
#5407=CARTESIAN_POINT('Origin',(-5.440092820663E-13,-18.61439766496,12.01));
#5408=CARTESIAN_POINT('',(-4.25000000000054,3.6,12.01));
#5409=CARTESIAN_POINT('Origin',(-5.440092820663E-13,3.6,12.01));
#5410=CARTESIAN_POINT('',(-4.25000000000054,-18.61439766496,12.01));
#5411=CARTESIAN_POINT('Origin',(-5.440092820663E-13,3.6,12.01));
#5412=CARTESIAN_POINT('',(-2.10000000000054,3.6,12.01));
#5413=CARTESIAN_POINT('Origin',(-5.440092820663E-13,3.6,12.01));
#5414=CARTESIAN_POINT('Origin',(-5.440092820663E-13,-18.61439766496,12.01));
#5415=CARTESIAN_POINT('',(-5.44266457894121E-13,-6.1,14.11));
#5416=CARTESIAN_POINT('',(-2.10000000000054,-6.1,12.01));
#5417=CARTESIAN_POINT('Origin',(-5.440092820663E-13,-6.1,12.01));
#5418=CARTESIAN_POINT('Origin',(-5.440092820663E-13,-6.1,12.01));
#5419=CARTESIAN_POINT('',(-2.10000000000054,-18.61439766496,12.01));
#5420=CARTESIAN_POINT('Origin',(-5.440092820663E-13,-6.249999991625,12.01));
#5421=CARTESIAN_POINT('',(-5.44284827595083E-13,-6.249999991625,14.259999991625));
#5422=CARTESIAN_POINT('Origin',(-10.40096509945,-18.61439766496,6.005));
#5423=CARTESIAN_POINT('',(-14.65096509945,3.6,6.005));
#5424=CARTESIAN_POINT('Origin',(-10.40096509945,3.6,6.005));
#5425=CARTESIAN_POINT('',(-14.65096509945,-18.61439766496,6.005));
#5426=CARTESIAN_POINT('Origin',(-10.40096509945,3.6,6.005));
#5427=CARTESIAN_POINT('',(-12.50096509945,3.6,6.005));
#5428=CARTESIAN_POINT('Origin',(-10.40096509945,3.6,6.005));
#5429=CARTESIAN_POINT('Origin',(-10.40096509945,-18.61439766496,6.005));
#5430=CARTESIAN_POINT('',(-10.40096509945,-6.1,8.105));
#5431=CARTESIAN_POINT('',(-12.50096509945,-6.1,6.005));
#5432=CARTESIAN_POINT('Origin',(-10.40096509945,-6.1,6.005));
#5433=CARTESIAN_POINT('Origin',(-10.40096509945,-6.1,6.005));
#5434=CARTESIAN_POINT('',(-12.50096509945,-18.61439766496,6.005));
#5435=CARTESIAN_POINT('Origin',(-10.40096509945,-6.249999991625,6.005));
#5436=CARTESIAN_POINT('',(-10.40096509945,-6.249999991625,8.254999991625));
#5437=CARTESIAN_POINT('Origin',(-32.,9.75,0.));
#5438=CARTESIAN_POINT('',(-32.,9.5,-1.960769515459));
#5439=CARTESIAN_POINT('',(-32.,10.,-1.960769515459));
#5440=CARTESIAN_POINT('',(-32.,9.5,1.960769515459));
#5441=CARTESIAN_POINT('',(-32.,9.5,-1.960769515459));
#5442=CARTESIAN_POINT('',(-32.,10.,1.960769515459));
#5443=CARTESIAN_POINT('Origin',(-32.6,35.15948000765,-1.960769515459));
#5444=CARTESIAN_POINT('',(-32.9,9.5,-2.480384757729));
#5445=CARTESIAN_POINT('Origin',(-32.6,9.5,-1.960769515459));
#5446=CARTESIAN_POINT('',(-32.9,10.,-2.480384757729));
#5447=CARTESIAN_POINT('Origin',(0.,9.5,0.));
#5448=CARTESIAN_POINT('',(-36.29615242271,9.5,-0.5196152422707));
#5449=CARTESIAN_POINT('',(-36.29615242271,9.5,0.5196152422707));
#5450=CARTESIAN_POINT('Origin',(-35.99615242271,9.5,0.));
#5451=CARTESIAN_POINT('',(-32.9,9.5,2.480384757729));
#5452=CARTESIAN_POINT('',(-32.9,9.5,2.480384757729));
#5453=CARTESIAN_POINT('Origin',(-32.6,9.5,1.960769515459));
#5454=CARTESIAN_POINT('',(-36.29615242271,9.5,-0.5196152422707));
#5455=CARTESIAN_POINT('Origin',(-35.99615242271,35.15948000765,0.));
#5456=CARTESIAN_POINT('',(-36.29615242271,10.,-0.5196152422707));
#5457=CARTESIAN_POINT('',(-36.29615242271,10.,0.5196152422707));
#5458=CARTESIAN_POINT('Origin',(-34.59807621135,9.75,1.5));
#5459=CARTESIAN_POINT('',(-32.9,10.,2.480384757729));
#5460=CARTESIAN_POINT('Origin',(-32.6,35.15948000765,1.960769515459));
#5461=CARTESIAN_POINT('Origin',(-34.59807621135,9.75,-1.5));
#5462=CARTESIAN_POINT('Origin',(15.,9.85,-37.1));
#5463=CARTESIAN_POINT('',(19.85,9.85,-37.1));
#5464=CARTESIAN_POINT('',(19.85,9.85,-37.1));
#5465=CARTESIAN_POINT('',(19.7,9.7,-37.25));
#5466=CARTESIAN_POINT('',(19.7,9.7,-37.25));
#5467=CARTESIAN_POINT('',(10.3,9.7,-37.25));
#5468=CARTESIAN_POINT('',(10.3,9.7,-37.25));
#5469=CARTESIAN_POINT('',(10.15,9.85,-37.1));
#5470=CARTESIAN_POINT('',(10.15,9.85,-37.1));
#5471=CARTESIAN_POINT('',(10.3,10.,-36.95));
#5472=CARTESIAN_POINT('Origin',(10.15,9.85,-35.25));
#5473=CARTESIAN_POINT('',(10.,9.7,-33.25));
#5474=CARTESIAN_POINT('',(10.,9.7,-36.95));
#5475=CARTESIAN_POINT('',(10.,9.7,-33.25));
#5476=CARTESIAN_POINT('',(10.,9.7,-33.25));
#5477=CARTESIAN_POINT('',(10.,9.7,-36.95));
#5478=CARTESIAN_POINT('Origin',(10.,10.,-33.25));
#5479=CARTESIAN_POINT('',(10.,3.3,-36.95));
#5480=CARTESIAN_POINT('',(10.,3.3,-36.95));
#5481=CARTESIAN_POINT('',(10.,3.3,-33.25));
#5482=CARTESIAN_POINT('',(10.,3.3,-33.25));
#5483=CARTESIAN_POINT('',(10.,9.7,-33.25));
#5484=CARTESIAN_POINT('Origin',(39.,0.,-33.25));
#5485=CARTESIAN_POINT('',(-10.,9.7,-33.25));
#5486=CARTESIAN_POINT('',(-10.,3.3,-33.25));
#5487=CARTESIAN_POINT('',(-10.,9.7,-33.25));
#5488=CARTESIAN_POINT('',(10.,9.7,-33.25));
#5489=CARTESIAN_POINT('',(10.3,3.,-33.25));
#5490=CARTESIAN_POINT('',(10.,3.3,-33.25));
#5491=CARTESIAN_POINT('',(19.7,3.,-33.25));
#5492=CARTESIAN_POINT('',(10.3,3.,-33.25));
#5493=CARTESIAN_POINT('',(20.,3.3,-33.25));
#5494=CARTESIAN_POINT('',(19.7,3.,-33.25));
#5495=CARTESIAN_POINT('',(20.,9.7,-33.25));
#5496=CARTESIAN_POINT('',(20.,9.7,-33.25));
#5497=CARTESIAN_POINT('',(38.7,9.7,-33.25));
#5498=CARTESIAN_POINT('',(38.7,9.7,-33.25));
#5499=CARTESIAN_POINT('',(38.7,0.8,-33.25));
#5500=CARTESIAN_POINT('',(38.7,9.7,-33.25));
#5501=CARTESIAN_POINT('',(17.34034313386,0.8,-33.25));
#5502=CARTESIAN_POINT('',(-17.34034313386,0.8,-33.25));
#5503=CARTESIAN_POINT('',(-17.34034313386,0.,-33.25));
#5504=CARTESIAN_POINT('',(-38.7,0.8,-33.25));
#5505=CARTESIAN_POINT('',(-38.7,0.8,-33.25));
#5506=CARTESIAN_POINT('',(-38.7,9.7,-33.25));
#5507=CARTESIAN_POINT('',(-38.7,9.7,-33.25));
#5508=CARTESIAN_POINT('',(-20.,9.7,-33.25));
#5509=CARTESIAN_POINT('',(-20.,9.7,-33.25));
#5510=CARTESIAN_POINT('',(-20.,3.3,-33.25));
#5511=CARTESIAN_POINT('',(-20.,9.7,-33.25));
#5512=CARTESIAN_POINT('',(-19.7,3.,-33.25));
#5513=CARTESIAN_POINT('',(-20.,3.3,-33.25));
#5514=CARTESIAN_POINT('',(-10.3,3.,-33.25));
#5515=CARTESIAN_POINT('',(-19.7,3.,-33.25));
#5516=CARTESIAN_POINT('',(-10.3,3.,-33.25));
#5517=CARTESIAN_POINT('',(27.84,5.,-33.25));
#5518=CARTESIAN_POINT('Origin',(30.,5.,-33.25));
#5519=CARTESIAN_POINT('',(-2.16,5.,-33.25));
#5520=CARTESIAN_POINT('Origin',(0.,5.,-33.25));
#5521=CARTESIAN_POINT('',(-32.16,5.,-33.25));
#5522=CARTESIAN_POINT('Origin',(-30.,5.,-33.25));
#5523=CARTESIAN_POINT('Origin',(-30.,5.,-33.07));
#5524=CARTESIAN_POINT('',(-28.2,5.,-32.89));
#5525=CARTESIAN_POINT('',(-31.8,5.,-32.89));
#5526=CARTESIAN_POINT('Origin',(-30.,5.,-32.89));
#5527=CARTESIAN_POINT('',(-31.98,5.,-33.07));
#5528=CARTESIAN_POINT('Origin',(-30.,5.,-32.89));
#5529=CARTESIAN_POINT('Origin',(-30.,5.,-21.61437343004));
#5530=CARTESIAN_POINT('',(-28.2,5.,-23.25));
#5531=CARTESIAN_POINT('',(-28.2,5.,-21.61437343004));
#5532=CARTESIAN_POINT('',(-31.8000000000022,5.,-23.2499999999964));
#5533=CARTESIAN_POINT('Origin',(-30.,5.,-23.25));
#5534=CARTESIAN_POINT('Origin',(-30.,5.,-23.25));
#5535=CARTESIAN_POINT('Origin',(-30.,5.,-22.74314822774));
#5536=CARTESIAN_POINT('',(-30.,5.,-22.16845088575));
#5537=CARTESIAN_POINT('',(-30.9564569948428,5.,-22.74314822774));
#5538=CARTESIAN_POINT('Origin',(30.,5.,-33.07));
#5539=CARTESIAN_POINT('',(31.8,5.,-32.89));
#5540=CARTESIAN_POINT('',(28.2,5.,-32.89));
#5541=CARTESIAN_POINT('Origin',(30.,5.,-32.89));
#5542=CARTESIAN_POINT('',(28.02,5.,-33.07));
#5543=CARTESIAN_POINT('Origin',(30.,5.,-32.89));
#5544=CARTESIAN_POINT('Origin',(30.,5.,-21.61437343004));
#5545=CARTESIAN_POINT('',(31.8,5.,-23.25));
#5546=CARTESIAN_POINT('',(31.8,5.,-21.61437343004));
#5547=CARTESIAN_POINT('',(28.1999999999978,5.,-23.2499999999964));
#5548=CARTESIAN_POINT('Origin',(30.,5.,-23.25));
#5549=CARTESIAN_POINT('Origin',(30.,5.,-23.25));
#5550=CARTESIAN_POINT('Origin',(30.,5.,-22.74314822774));
#5551=CARTESIAN_POINT('',(30.,5.,-22.16845088575));
#5552=CARTESIAN_POINT('',(29.0435430051572,5.,-22.74314822774));
#5553=CARTESIAN_POINT('Origin',(0.,5.,-33.07));
#5554=CARTESIAN_POINT('',(1.8,5.,-32.89));
#5555=CARTESIAN_POINT('',(-1.8,5.,-32.89));
#5556=CARTESIAN_POINT('Origin',(0.,5.,-32.89));
#5557=CARTESIAN_POINT('',(-1.98,5.,-33.07));
#5558=CARTESIAN_POINT('Origin',(0.,5.,-32.89));
#5559=CARTESIAN_POINT('Origin',(0.,5.,-21.61437343004));
#5560=CARTESIAN_POINT('',(1.8,5.,-23.25));
#5561=CARTESIAN_POINT('',(1.8,5.,-21.61437343004));
#5562=CARTESIAN_POINT('',(-1.80000000000215,5.,-23.2499999999964));
#5563=CARTESIAN_POINT('Origin',(0.,5.,-23.25));
#5564=CARTESIAN_POINT('Origin',(0.,5.,-23.25));
#5565=CARTESIAN_POINT('Origin',(0.,5.,-22.74314822774));
#5566=CARTESIAN_POINT('',(0.,5.,-22.16845088575));
#5567=CARTESIAN_POINT('',(-0.9564569948428,5.,-22.74314822774));
#5568=CARTESIAN_POINT('Origin',(-10.,3.,-33.25));
#5569=CARTESIAN_POINT('',(-10.,3.3,-36.95));
#5570=CARTESIAN_POINT('',(-10.,3.3,-33.25));
#5571=CARTESIAN_POINT('',(-10.,9.7,-36.95));
#5572=CARTESIAN_POINT('',(-10.,9.7,-36.95));
#5573=CARTESIAN_POINT('',(-10.,9.7,-33.25));
#5574=CARTESIAN_POINT('Origin',(-10.15,3.15,-35.25));
#5575=CARTESIAN_POINT('',(-10.3,3.,-36.95));
#5576=CARTESIAN_POINT('',(-10.3,3.,-33.25));
#5577=CARTESIAN_POINT('',(-10.15,3.15,-37.1));
#5578=CARTESIAN_POINT('',(-10.3,3.,-36.95));
#5579=CARTESIAN_POINT('',(-10.,3.3,-36.95));
#5580=CARTESIAN_POINT('Origin',(-10.15,6.5,-37.1));
#5581=CARTESIAN_POINT('',(-10.3,3.3,-37.25));
#5582=CARTESIAN_POINT('',(-10.15,3.15,-37.1));
#5583=CARTESIAN_POINT('',(-10.3,9.7,-37.25));
#5584=CARTESIAN_POINT('',(-10.3,9.7,-37.25));
#5585=CARTESIAN_POINT('',(-10.15,9.85,-37.1));
#5586=CARTESIAN_POINT('',(-10.3,9.7,-37.25));
#5587=CARTESIAN_POINT('',(-10.,9.7,-36.95));
#5588=CARTESIAN_POINT('Origin',(-10.15,9.85,-35.25));
#5589=CARTESIAN_POINT('',(-10.,9.7,-33.25));
#5590=CARTESIAN_POINT('',(-10.15,9.85,-37.1));
#5591=CARTESIAN_POINT('Origin',(-15.,9.85,-37.1));
#5592=CARTESIAN_POINT('',(-19.7,9.7,-37.25));
#5593=CARTESIAN_POINT('',(-19.7,9.7,-37.25));
#5594=CARTESIAN_POINT('',(-19.85,9.85,-37.1));
#5595=CARTESIAN_POINT('',(-19.85,9.85,-37.1));
#5596=CARTESIAN_POINT('',(-19.7,10.,-36.95));
#5597=CARTESIAN_POINT('Origin',(-19.85,9.85,-35.25));
#5598=CARTESIAN_POINT('',(-20.,9.7,-36.95));
#5599=CARTESIAN_POINT('',(-20.,9.7,-33.25));
#5600=CARTESIAN_POINT('',(-20.,9.7,-33.25));
#5601=CARTESIAN_POINT('',(-20.,9.7,-36.95));
#5602=CARTESIAN_POINT('Origin',(-20.,10.,-33.25));
#5603=CARTESIAN_POINT('',(-20.,3.3,-36.95));
#5604=CARTESIAN_POINT('',(-20.,3.3,-36.95));
#5605=CARTESIAN_POINT('',(-20.,3.3,-33.25));
#5606=CARTESIAN_POINT('Origin',(-19.85,3.15,-35.25));
#5607=CARTESIAN_POINT('',(-19.7,3.,-36.95));
#5608=CARTESIAN_POINT('',(-19.7,3.,-33.25));
#5609=CARTESIAN_POINT('',(-19.85,3.15,-37.1));
#5610=CARTESIAN_POINT('',(-20.,3.3,-36.95));
#5611=CARTESIAN_POINT('',(-19.7,3.,-36.95));
#5612=CARTESIAN_POINT('Origin',(-20.,3.,-33.25));
#5613=CARTESIAN_POINT('',(-10.3,3.,-36.95));
#5614=CARTESIAN_POINT('Origin',(-15.,3.15,-37.1));
#5615=CARTESIAN_POINT('',(-19.7,3.3,-37.25));
#5616=CARTESIAN_POINT('',(-10.3,3.3,-37.25));
#5617=CARTESIAN_POINT('',(-19.85,3.15,-37.1));
#5618=CARTESIAN_POINT('Origin',(0.,0.,-37.25));
#5619=CARTESIAN_POINT('',(19.7,3.3,-37.25));
#5620=CARTESIAN_POINT('',(19.7,9.7,-37.25));
#5621=CARTESIAN_POINT('',(10.3,3.3,-37.25));
#5622=CARTESIAN_POINT('',(19.7,3.3,-37.25));
#5623=CARTESIAN_POINT('',(10.3,3.3,-37.25));
#5624=CARTESIAN_POINT('Origin',(0.,0.,-37.25));
#5625=CARTESIAN_POINT('',(-19.7,3.3,-37.25));
#5626=CARTESIAN_POINT('Origin',(10.15,6.5,-37.1));
#5627=CARTESIAN_POINT('',(10.15,3.15,-37.1));
#5628=CARTESIAN_POINT('',(10.15,3.15,-37.1));
#5629=CARTESIAN_POINT('',(10.,3.3,-36.95));
#5630=CARTESIAN_POINT('Origin',(10.15,3.15,-35.25));
#5631=CARTESIAN_POINT('',(10.3,3.,-36.95));
#5632=CARTESIAN_POINT('',(10.3,3.,-33.25));
#5633=CARTESIAN_POINT('',(10.3,3.,-36.95));
#5634=CARTESIAN_POINT('Origin',(10.,3.,-33.25));
#5635=CARTESIAN_POINT('',(19.7,3.,-36.95));
#5636=CARTESIAN_POINT('',(19.7,3.,-36.95));
#5637=CARTESIAN_POINT('',(19.7,3.,-33.25));
#5638=CARTESIAN_POINT('Origin',(19.85,3.15,-35.25));
#5639=CARTESIAN_POINT('',(20.,3.3,-36.95));
#5640=CARTESIAN_POINT('',(20.,3.3,-33.25));
#5641=CARTESIAN_POINT('',(19.85,3.15,-37.1));
#5642=CARTESIAN_POINT('',(19.7,3.,-36.95));
#5643=CARTESIAN_POINT('',(20.,3.3,-36.95));
#5644=CARTESIAN_POINT('Origin',(20.,3.,-33.25));
#5645=CARTESIAN_POINT('',(20.,9.7,-36.95));
#5646=CARTESIAN_POINT('',(20.,9.7,-36.95));
#5647=CARTESIAN_POINT('',(20.,9.7,-33.25));
#5648=CARTESIAN_POINT('Origin',(19.85,9.85,-35.25));
#5649=CARTESIAN_POINT('',(20.,9.7,-33.25));
#5650=CARTESIAN_POINT('',(20.,9.7,-36.95));
#5651=CARTESIAN_POINT('Origin',(19.85,6.5,-37.1));
#5652=CARTESIAN_POINT('',(19.85,3.15,-37.1));
#5653=CARTESIAN_POINT('Origin',(15.,3.15,-37.1));
#5654=CARTESIAN_POINT('Origin',(29.5,9.85,-33.1));
#5655=CARTESIAN_POINT('',(38.85,9.85,-33.1));
#5656=CARTESIAN_POINT('',(38.7,10.,-32.95));
#5657=CARTESIAN_POINT('',(38.7,9.7,-33.25));
#5658=CARTESIAN_POINT('Origin',(38.85,5.25,-33.1));
#5659=CARTESIAN_POINT('',(39.,9.7,-32.95));
#5660=CARTESIAN_POINT('',(39.,0.8,-32.95));
#5661=CARTESIAN_POINT('',(39.,9.7,-32.95));
#5662=CARTESIAN_POINT('',(38.85,0.65,-33.1));
#5663=CARTESIAN_POINT('',(38.85,0.65,-33.1));
#5664=CARTESIAN_POINT('',(38.7,0.8,-33.25));
#5665=CARTESIAN_POINT('',(38.85,9.85,-33.1));
#5666=CARTESIAN_POINT('Origin',(39.,0.,33.25));
#5667=CARTESIAN_POINT('',(39.,9.7,32.95));
#5668=CARTESIAN_POINT('',(39.,9.7,32.95));
#5669=CARTESIAN_POINT('',(39.,0.8,32.95));
#5670=CARTESIAN_POINT('',(39.,9.7,32.95));
#5671=CARTESIAN_POINT('',(39.,0.8,-32.95));
#5672=CARTESIAN_POINT('Origin',(38.85,9.85,0.));
#5673=CARTESIAN_POINT('',(38.85,9.85,33.1));
#5674=CARTESIAN_POINT('',(38.7,10.,32.95));
#5675=CARTESIAN_POINT('',(39.,9.7,32.95));
#5676=CARTESIAN_POINT('Origin',(38.85,5.25,33.1));
#5677=CARTESIAN_POINT('',(38.7,9.7,33.25));
#5678=CARTESIAN_POINT('',(38.7,0.8,33.25));
#5679=CARTESIAN_POINT('',(38.7,9.7,33.25));
#5680=CARTESIAN_POINT('',(38.85,0.65,33.1));
#5681=CARTESIAN_POINT('',(38.85,0.65,33.1));
#5682=CARTESIAN_POINT('',(39.,0.8,32.95));
#5683=CARTESIAN_POINT('',(38.85,9.85,33.1));
#5684=CARTESIAN_POINT('Origin',(-39.,0.,33.25));
#5685=CARTESIAN_POINT('',(-19.7,3.,33.25));
#5686=CARTESIAN_POINT('',(-10.3,3.,33.25));
#5687=CARTESIAN_POINT('',(-19.7,3.,33.25));
#5688=CARTESIAN_POINT('',(-20.,3.3,33.25));
#5689=CARTESIAN_POINT('',(-19.7,3.,33.25));
#5690=CARTESIAN_POINT('',(-20.,9.7,33.25));
#5691=CARTESIAN_POINT('',(-20.,9.7,33.25));
#5692=CARTESIAN_POINT('',(-38.7,9.7,33.25));
#5693=CARTESIAN_POINT('',(-38.7,9.7,33.25));
#5694=CARTESIAN_POINT('',(-38.7,9.7,33.25));
#5695=CARTESIAN_POINT('',(-17.34034313386,0.8,33.25));
#5696=CARTESIAN_POINT('',(38.7,0.8,33.25));
#5697=CARTESIAN_POINT('',(20.,9.7,33.25));
#5698=CARTESIAN_POINT('',(20.,9.7,33.25));
#5699=CARTESIAN_POINT('',(20.,3.3,33.25));
#5700=CARTESIAN_POINT('',(20.,9.7,33.25));
#5701=CARTESIAN_POINT('',(19.7,3.,33.25));
#5702=CARTESIAN_POINT('',(20.,3.3,33.25));
#5703=CARTESIAN_POINT('',(10.3,3.,33.25));
#5704=CARTESIAN_POINT('',(10.3,3.,33.25));
#5705=CARTESIAN_POINT('',(10.,3.3,33.25));
#5706=CARTESIAN_POINT('',(10.3,3.,33.25));
#5707=CARTESIAN_POINT('',(10.,9.7,33.25));
#5708=CARTESIAN_POINT('',(10.,9.7,33.25));
#5709=CARTESIAN_POINT('',(-10.,9.7,33.25));
#5710=CARTESIAN_POINT('',(-10.,9.7,33.25));
#5711=CARTESIAN_POINT('',(-10.,3.3,33.25));
#5712=CARTESIAN_POINT('',(-10.,9.7,33.25));
#5713=CARTESIAN_POINT('',(-10.,3.3,33.25));
#5714=CARTESIAN_POINT('',(32.16,5.,33.25));
#5715=CARTESIAN_POINT('Origin',(30.,5.,33.25));
#5716=CARTESIAN_POINT('',(2.16,5.,33.25));
#5717=CARTESIAN_POINT('Origin',(0.,5.,33.25));
#5718=CARTESIAN_POINT('',(-27.84,5.,33.25));
#5719=CARTESIAN_POINT('Origin',(-30.,5.,33.25));
#5720=CARTESIAN_POINT('Origin',(-30.,5.,33.07));
#5721=CARTESIAN_POINT('',(-28.2,5.,32.89));
#5722=CARTESIAN_POINT('Origin',(-30.,5.,32.89));
#5723=CARTESIAN_POINT('',(-28.02,5.,33.07));
#5724=CARTESIAN_POINT('Origin',(-30.,5.,21.61437343004));
#5725=CARTESIAN_POINT('',(-28.2,5.,23.25));
#5726=CARTESIAN_POINT('Origin',(-30.,5.,23.25));
#5727=CARTESIAN_POINT('',(-28.2,5.,21.61437343004));
#5728=CARTESIAN_POINT('Origin',(-30.,5.,22.74314822774));
#5729=CARTESIAN_POINT('',(-30.,5.,22.16845088575));
#5730=CARTESIAN_POINT('',(-29.0435430051572,5.,22.74314822774));
#5731=CARTESIAN_POINT('Origin',(30.,5.,33.07));
#5732=CARTESIAN_POINT('',(31.8,5.,32.89));
#5733=CARTESIAN_POINT('Origin',(30.,5.,32.89));
#5734=CARTESIAN_POINT('',(31.98,5.,33.07));
#5735=CARTESIAN_POINT('Origin',(30.,5.,21.61437343004));
#5736=CARTESIAN_POINT('',(31.8,5.,23.25));
#5737=CARTESIAN_POINT('Origin',(30.,5.,23.25));
#5738=CARTESIAN_POINT('',(31.8,5.,21.61437343004));
#5739=CARTESIAN_POINT('Origin',(30.,5.,22.74314822774));
#5740=CARTESIAN_POINT('',(30.,5.,22.16845088575));
#5741=CARTESIAN_POINT('',(30.9564569948428,5.,22.74314822774));
#5742=CARTESIAN_POINT('Origin',(0.,5.,33.07));
#5743=CARTESIAN_POINT('',(1.8,5.,32.89));
#5744=CARTESIAN_POINT('Origin',(0.,5.,32.89));
#5745=CARTESIAN_POINT('',(1.98,5.,33.07));
#5746=CARTESIAN_POINT('Origin',(0.,5.,21.61437343004));
#5747=CARTESIAN_POINT('',(1.8,5.,23.25));
#5748=CARTESIAN_POINT('Origin',(0.,5.,23.25));
#5749=CARTESIAN_POINT('',(1.8,5.,21.61437343004));
#5750=CARTESIAN_POINT('Origin',(0.,5.,22.74314822774));
#5751=CARTESIAN_POINT('',(0.,5.,22.16845088575));
#5752=CARTESIAN_POINT('',(0.9564569948428,5.,22.74314822774));
#5753=CARTESIAN_POINT('Origin',(-20.,3.,33.25));
#5754=CARTESIAN_POINT('',(-10.3,3.,36.95));
#5755=CARTESIAN_POINT('',(-10.3,3.,36.95));
#5756=CARTESIAN_POINT('',(-19.7,3.,36.95));
#5757=CARTESIAN_POINT('',(-19.7,3.,36.95));
#5758=CARTESIAN_POINT('',(-19.7,3.,36.95));
#5759=CARTESIAN_POINT('Origin',(-10.15,3.15,35.25));
#5760=CARTESIAN_POINT('',(-10.,3.3,36.95));
#5761=CARTESIAN_POINT('',(-10.,3.3,36.95));
#5762=CARTESIAN_POINT('',(-10.15,3.15,37.1));
#5763=CARTESIAN_POINT('',(-10.,3.3,36.95));
#5764=CARTESIAN_POINT('',(-10.15,3.15,37.1));
#5765=CARTESIAN_POINT('Origin',(-15.,3.15,37.1));
#5766=CARTESIAN_POINT('',(-10.3,3.3,37.25));
#5767=CARTESIAN_POINT('',(-10.3,3.3,37.25));
#5768=CARTESIAN_POINT('',(-19.7,3.3,37.25));
#5769=CARTESIAN_POINT('',(-19.7,3.3,37.25));
#5770=CARTESIAN_POINT('',(-19.85,3.15,37.1));
#5771=CARTESIAN_POINT('',(-19.7,3.3,37.25));
#5772=CARTESIAN_POINT('',(-19.7,3.,36.95));
#5773=CARTESIAN_POINT('Origin',(-19.85,3.15,35.25));
#5774=CARTESIAN_POINT('',(-20.,3.3,36.95));
#5775=CARTESIAN_POINT('',(-20.,3.3,36.95));
#5776=CARTESIAN_POINT('',(-19.85,3.15,37.1));
#5777=CARTESIAN_POINT('Origin',(-20.,10.,33.25));
#5778=CARTESIAN_POINT('',(-20.,9.7,36.95));
#5779=CARTESIAN_POINT('',(-20.,9.7,36.95));
#5780=CARTESIAN_POINT('',(-20.,9.7,36.95));
#5781=CARTESIAN_POINT('Origin',(-19.85,9.85,35.25));
#5782=CARTESIAN_POINT('',(-20.,9.7,33.25));
#5783=CARTESIAN_POINT('',(-19.85,9.85,37.1));
#5784=CARTESIAN_POINT('',(-20.,9.7,36.95));
#5785=CARTESIAN_POINT('',(-19.85,9.85,37.1));
#5786=CARTESIAN_POINT('Origin',(-15.,9.85,37.1));
#5787=CARTESIAN_POINT('',(-19.7,9.7,37.25));
#5788=CARTESIAN_POINT('',(-19.7,9.7,37.25));
#5789=CARTESIAN_POINT('',(-10.3,9.7,37.25));
#5790=CARTESIAN_POINT('',(-10.3,9.7,37.25));
#5791=CARTESIAN_POINT('',(-10.15,9.85,37.1));
#5792=CARTESIAN_POINT('',(-10.15,9.85,37.1));
#5793=CARTESIAN_POINT('',(-10.3,10.,36.95));
#5794=CARTESIAN_POINT('Origin',(-10.15,9.85,35.25));
#5795=CARTESIAN_POINT('',(-10.,9.7,36.95));
#5796=CARTESIAN_POINT('',(-10.,9.7,36.95));
#5797=CARTESIAN_POINT('',(-10.,9.7,33.25));
#5798=CARTESIAN_POINT('',(-10.,9.7,36.95));
#5799=CARTESIAN_POINT('Origin',(-10.,3.,33.25));
#5800=CARTESIAN_POINT('',(-10.,3.3,36.95));
#5801=CARTESIAN_POINT('Origin',(-10.15,6.5,37.1));
#5802=CARTESIAN_POINT('',(-10.3,3.3,37.25));
#5803=CARTESIAN_POINT('Origin',(0.,0.,37.25));
#5804=CARTESIAN_POINT('',(-19.7,9.7,37.25));
#5805=CARTESIAN_POINT('Origin',(0.,0.,37.25));
#5806=CARTESIAN_POINT('',(19.7,9.7,37.25));
#5807=CARTESIAN_POINT('',(10.3,9.7,37.25));
#5808=CARTESIAN_POINT('',(19.7,9.7,37.25));
#5809=CARTESIAN_POINT('',(10.3,3.3,37.25));
#5810=CARTESIAN_POINT('',(10.3,9.7,37.25));
#5811=CARTESIAN_POINT('',(19.7,3.3,37.25));
#5812=CARTESIAN_POINT('',(10.3,3.3,37.25));
#5813=CARTESIAN_POINT('',(19.7,3.3,37.25));
#5814=CARTESIAN_POINT('Origin',(-19.85,6.5,37.1));
#5815=CARTESIAN_POINT('Origin',(15.,9.85,37.1));
#5816=CARTESIAN_POINT('',(10.15,9.85,37.1));
#5817=CARTESIAN_POINT('',(10.15,9.85,37.1));
#5818=CARTESIAN_POINT('',(10.3,9.7,37.25));
#5819=CARTESIAN_POINT('',(19.85,9.85,37.1));
#5820=CARTESIAN_POINT('',(19.85,9.85,37.1));
#5821=CARTESIAN_POINT('',(19.7,10.,36.95));
#5822=CARTESIAN_POINT('Origin',(19.85,9.85,35.25));
#5823=CARTESIAN_POINT('',(20.,9.7,36.95));
#5824=CARTESIAN_POINT('',(20.,9.7,36.95));
#5825=CARTESIAN_POINT('',(20.,9.7,33.25));
#5826=CARTESIAN_POINT('',(20.,9.7,36.95));
#5827=CARTESIAN_POINT('Origin',(20.,3.,33.25));
#5828=CARTESIAN_POINT('',(20.,3.3,36.95));
#5829=CARTESIAN_POINT('',(20.,3.3,36.95));
#5830=CARTESIAN_POINT('',(20.,3.3,36.95));
#5831=CARTESIAN_POINT('Origin',(19.85,3.15,35.25));
#5832=CARTESIAN_POINT('',(19.7,3.,36.95));
#5833=CARTESIAN_POINT('',(19.7,3.,36.95));
#5834=CARTESIAN_POINT('',(19.85,3.15,37.1));
#5835=CARTESIAN_POINT('',(20.,3.3,36.95));
#5836=CARTESIAN_POINT('',(19.85,3.15,37.1));
#5837=CARTESIAN_POINT('Origin',(10.,3.,33.25));
#5838=CARTESIAN_POINT('',(10.3,3.,36.95));
#5839=CARTESIAN_POINT('',(10.3,3.,36.95));
#5840=CARTESIAN_POINT('',(10.3,3.,36.95));
#5841=CARTESIAN_POINT('Origin',(10.15,3.15,35.25));
#5842=CARTESIAN_POINT('',(10.,3.3,36.95));
#5843=CARTESIAN_POINT('',(10.,3.3,36.95));
#5844=CARTESIAN_POINT('',(10.15,3.15,37.1));
#5845=CARTESIAN_POINT('',(10.3,3.,36.95));
#5846=CARTESIAN_POINT('',(10.15,3.15,37.1));
#5847=CARTESIAN_POINT('Origin',(10.,10.,33.25));
#5848=CARTESIAN_POINT('',(10.,9.7,36.95));
#5849=CARTESIAN_POINT('',(10.,9.7,36.95));
#5850=CARTESIAN_POINT('',(10.,9.7,36.95));
#5851=CARTESIAN_POINT('Origin',(10.15,9.85,35.25));
#5852=CARTESIAN_POINT('',(10.,9.7,33.25));
#5853=CARTESIAN_POINT('',(10.,9.7,36.95));
#5854=CARTESIAN_POINT('Origin',(10.15,6.5,37.1));
#5855=CARTESIAN_POINT('',(10.3,3.3,37.25));
#5856=CARTESIAN_POINT('Origin',(15.,3.15,37.1));
#5857=CARTESIAN_POINT('',(19.7,3.3,37.25));
#5858=CARTESIAN_POINT('Origin',(19.85,6.5,37.1));
#5859=CARTESIAN_POINT('Origin',(-5.684341886081E-14,9.85,33.1));
#5860=CARTESIAN_POINT('Origin',(29.5,9.85,33.1));
#5861=CARTESIAN_POINT('Origin',(-29.5,9.85,33.1));
#5862=CARTESIAN_POINT('',(-38.7,9.7,33.25));
#5863=CARTESIAN_POINT('Origin',(-38.85,5.25,33.1));
#5864=CARTESIAN_POINT('Origin',(28.45188911726,0.65,33.1));
#5865=CARTESIAN_POINT('',(38.7,0.5,32.95));
#5866=CARTESIAN_POINT('Origin',(38.85,0.65,3.552713678801E-14));
#5867=CARTESIAN_POINT('',(38.7,0.5,-32.95));
#5868=CARTESIAN_POINT('Origin',(28.45188911726,0.65,-33.1));
#5869=CARTESIAN_POINT('Ctrl Pts',(-15.87458364757,-0.1317292313801,33.97430572278));
#5870=CARTESIAN_POINT('Ctrl Pts',(-15.87447475678,0.2227569228733,33.97412470896));
#5871=CARTESIAN_POINT('Ctrl Pts',(-15.87436586598,0.5772430771267,33.97394369514));
#5872=CARTESIAN_POINT('Ctrl Pts',(-15.87425697518,0.9317292313801,33.97376268131));
#5873=CARTESIAN_POINT('Ctrl Pts',(-16.36833868958,-0.1317292313801,33.74353215097));
#5874=CARTESIAN_POINT('Ctrl Pts',(-16.3683121825,0.2227569228733,33.74348853352));
#5875=CARTESIAN_POINT('Ctrl Pts',(-16.36828567542,0.5772430771267,33.74344491607));
#5876=CARTESIAN_POINT('Ctrl Pts',(-16.36825916833,0.9317292313801,33.74340129863));
#5877=CARTESIAN_POINT('Ctrl Pts',(-19.91196559168,-0.1317292313801,31.99282724988));
#5878=CARTESIAN_POINT('Ctrl Pts',(-19.91204686937,0.2227569228733,31.99296099064));
#5879=CARTESIAN_POINT('Ctrl Pts',(-19.91212814705,0.5772430771267,31.9930947314));
#5880=CARTESIAN_POINT('Ctrl Pts',(-19.91220942474,0.9317292313801,31.99322847216));
#5881=CARTESIAN_POINT('Ctrl Pts',(-25.96947875187,-0.1317292313801,27.69640802172));
#5882=CARTESIAN_POINT('Ctrl Pts',(-25.9694449727,0.2227569228733,27.69635248139));
#5883=CARTESIAN_POINT('Ctrl Pts',(-25.96941119352,0.5772430771267,27.69629694107));
#5884=CARTESIAN_POINT('Ctrl Pts',(-25.96937741434,0.9317292313801,27.69624140074));
#5885=CARTESIAN_POINT('Ctrl Pts',(-32.46581400162,-0.1317292313801,19.684170937));
#5886=CARTESIAN_POINT('Ctrl Pts',(-32.46582309601,0.2227569228733,19.68418574775));
#5887=CARTESIAN_POINT('Ctrl Pts',(-32.46583219041,0.5772430771267,19.6842005585));
#5888=CARTESIAN_POINT('Ctrl Pts',(-32.4658412848,0.9317292313801,19.68421536926));
#5889=CARTESIAN_POINT('Ctrl Pts',(-36.56589209578,-0.1317292313801,10.21924804671));
#5890=CARTESIAN_POINT('Ctrl Pts',(-36.56588949738,0.2227569228733,10.21924434402));
#5891=CARTESIAN_POINT('Ctrl Pts',(-36.56588689898,0.5772430771267,10.21924064133));
#5892=CARTESIAN_POINT('Ctrl Pts',(-36.56588430058,0.9317292313801,10.21923693864));
#5893=CARTESIAN_POINT('Ctrl Pts',(-37.96705395211,-0.1317292313801,0.));
#5894=CARTESIAN_POINT('Ctrl Pts',(-37.96705525131,0.2227569228733,0.));
#5895=CARTESIAN_POINT('Ctrl Pts',(-37.96705655051,0.5772430771267,0.));
#5896=CARTESIAN_POINT('Ctrl Pts',(-37.96705784971,0.9317292313801,0.));
#5897=CARTESIAN_POINT('Ctrl Pts',(-36.56589209578,-0.1317292313801,-10.21924804671));
#5898=CARTESIAN_POINT('Ctrl Pts',(-36.56588949738,0.2227569228733,-10.21924434402));
#5899=CARTESIAN_POINT('Ctrl Pts',(-36.56588689898,0.5772430771267,-10.21924064133));
#5900=CARTESIAN_POINT('Ctrl Pts',(-36.56588430058,0.9317292313801,-10.21923693864));
#5901=CARTESIAN_POINT('Ctrl Pts',(-32.46581400162,-0.1317292313801,-19.684170937));
#5902=CARTESIAN_POINT('Ctrl Pts',(-32.46582309601,0.2227569228733,-19.68418574775));
#5903=CARTESIAN_POINT('Ctrl Pts',(-32.46583219041,0.5772430771267,-19.6842005585));
#5904=CARTESIAN_POINT('Ctrl Pts',(-32.4658412848,0.9317292313801,-19.68421536926));
#5905=CARTESIAN_POINT('Ctrl Pts',(-25.96947875187,-0.1317292313801,-27.69640802172));
#5906=CARTESIAN_POINT('Ctrl Pts',(-25.9694449727,0.2227569228733,-27.69635248139));
#5907=CARTESIAN_POINT('Ctrl Pts',(-25.96941119352,0.5772430771267,-27.69629694107));
#5908=CARTESIAN_POINT('Ctrl Pts',(-25.96937741434,0.9317292313801,-27.69624140074));
#5909=CARTESIAN_POINT('Ctrl Pts',(-19.91196559168,-0.1317292313801,-31.99282724988));
#5910=CARTESIAN_POINT('Ctrl Pts',(-19.91204686937,0.2227569228733,-31.99296099064));
#5911=CARTESIAN_POINT('Ctrl Pts',(-19.91212814705,0.5772430771267,-31.9930947314));
#5912=CARTESIAN_POINT('Ctrl Pts',(-19.91220942474,0.9317292313801,-31.99322847216));
#5913=CARTESIAN_POINT('Ctrl Pts',(-16.36833868958,-0.1317292313801,-33.74353215097));
#5914=CARTESIAN_POINT('Ctrl Pts',(-16.3683121825,0.2227569228733,-33.74348853352));
#5915=CARTESIAN_POINT('Ctrl Pts',(-16.36828567542,0.5772430771267,-33.74344491607));
#5916=CARTESIAN_POINT('Ctrl Pts',(-16.36825916833,0.9317292313801,-33.74340129863));
#5917=CARTESIAN_POINT('Ctrl Pts',(-15.87458364757,-0.1317292313801,-33.97430572278));
#5918=CARTESIAN_POINT('Ctrl Pts',(-15.87447475678,0.2227569228733,-33.97412470896));
#5919=CARTESIAN_POINT('Ctrl Pts',(-15.87436586598,0.5772430771267,-33.97394369514));
#5920=CARTESIAN_POINT('Ctrl Pts',(-15.87425697518,0.9317292313801,-33.97376268131));
#5921=CARTESIAN_POINT('Ctrl Pts',(-17.9037782345194,0.499999999999453,-32.9499999999995));
#5922=CARTESIAN_POINT('Ctrl Pts',(-17.8105765816344,0.550656532939908,-33.0006565329399));
#5923=CARTESIAN_POINT('Ctrl Pts',(-17.717021796458,0.600988920340886,-33.0509889203408));
#5924=CARTESIAN_POINT('Ctrl Pts',(-17.5292097376302,0.700992689780423,-33.1509926897803));
#5925=CARTESIAN_POINT('Ctrl Pts',(-17.4349515392515,0.750664563859791,-33.2006645638598));
#5926=CARTESIAN_POINT('Ctrl Pts',(-17.3403431338608,0.800000000000769,-33.2500000000007));
#5927=CARTESIAN_POINT('Origin',(-28.45188911726,0.65,-33.1));
#5928=CARTESIAN_POINT('',(-38.85,0.65,-33.1));
#5929=CARTESIAN_POINT('Origin',(-38.85,5.25,-33.1));
#5930=CARTESIAN_POINT('',(-38.85,9.85,-33.1));
#5931=CARTESIAN_POINT('Origin',(-29.5,9.85,-33.1));
#5932=CARTESIAN_POINT('Origin',(-19.85,6.5,-37.1));
#5933=CARTESIAN_POINT('Origin',(-1.42108547152E-14,9.85,-33.1));
#5934=CARTESIAN_POINT('Origin',(3.75,10.,-28.82978713512));
#5935=CARTESIAN_POINT('',(3.499999880791,9.7,-28.57446801662));
#5936=CARTESIAN_POINT('',(3.499999880791,10.,-28.57446801662));
#5937=CARTESIAN_POINT('',(3.75,9.7,-28.82978713512));
#5938=CARTESIAN_POINT('',(3.75,9.7,-28.82978713512));
#5939=CARTESIAN_POINT('',(3.75,10.,-28.82978713512));
#5940=CARTESIAN_POINT('Origin',(3.874999880791,10.,-29.21276581287));
#5941=CARTESIAN_POINT('',(3.874999880791,9.7,-29.21276581287));
#5942=CARTESIAN_POINT('',(3.874999880791,9.7,-29.21276581287));
#5943=CARTESIAN_POINT('',(3.874999880791,10.,-29.21276581287));
#5944=CARTESIAN_POINT('Origin',(3.874999880791,10.,-29.59574484825));
#5945=CARTESIAN_POINT('',(3.874999880791,9.7,-29.59574484825));
#5946=CARTESIAN_POINT('',(3.874999880791,9.7,-29.59574484825));
#5947=CARTESIAN_POINT('',(3.874999880791,10.,-29.59574484825));
#5948=CARTESIAN_POINT('Origin',(3.75,10.,-29.978723526));
#5949=CARTESIAN_POINT('',(3.75,9.7,-29.978723526));
#5950=CARTESIAN_POINT('',(3.75,9.7,-29.978723526));
#5951=CARTESIAN_POINT('',(3.75,10.,-29.978723526));
#5952=CARTESIAN_POINT('Origin',(3.499999880791,10.,-30.2340426445));
#5953=CARTESIAN_POINT('',(3.499999880791,9.7,-30.2340426445));
#5954=CARTESIAN_POINT('',(3.499999880791,9.7,-30.2340426445));
#5955=CARTESIAN_POINT('',(3.499999880791,10.,-30.2340426445));
#5956=CARTESIAN_POINT('Origin',(3.124999880791,10.,-30.36170220375));
#5957=CARTESIAN_POINT('',(3.124999880791,9.7,-30.36170220375));
#5958=CARTESIAN_POINT('',(3.124999880791,9.7,-30.36170220375));
#5959=CARTESIAN_POINT('',(3.124999880791,10.,-30.36170220375));
#5960=CARTESIAN_POINT('Origin',(0.75,10.,-30.36170220375));
#5961=CARTESIAN_POINT('',(0.75,9.7,-30.36170220375));
#5962=CARTESIAN_POINT('',(0.75,9.7,-30.36170220375));
#5963=CARTESIAN_POINT('',(0.75,10.,-30.36170220375));
#5964=CARTESIAN_POINT('Origin',(0.75,10.,-28.44680845737));
#5965=CARTESIAN_POINT('',(0.75,9.7,-28.44680845737));
#5966=CARTESIAN_POINT('',(0.75,9.7,-28.44680845737));
#5967=CARTESIAN_POINT('',(0.75,10.,-28.44680845737));
#5968=CARTESIAN_POINT('Origin',(3.124999880791,10.,-28.44680845737));
#5969=CARTESIAN_POINT('',(3.124999880791,9.7,-28.44680845737));
#5970=CARTESIAN_POINT('',(3.124999880791,9.7,-28.44680845737));
#5971=CARTESIAN_POINT('',(3.124999880791,10.,-28.44680845737));
#5972=CARTESIAN_POINT('Origin',(3.499999880791,10.,-28.57446801662));
#5973=CARTESIAN_POINT('',(3.499999880791,9.7,-28.57446801662));
#5974=CARTESIAN_POINT('Origin',(0.,9.7,0.));
#5975=CARTESIAN_POINT('',(2.874999940395,9.7,-27.68085110188));
#5976=CARTESIAN_POINT('',(3.874999880791,9.7,-25.));
#5977=CARTESIAN_POINT('',(2.874999940395,9.7,-27.68085110188));
#5978=CARTESIAN_POINT('',(4.750000119209,9.7,-25.));
#5979=CARTESIAN_POINT('',(3.874999880791,9.7,-25.));
#5980=CARTESIAN_POINT('',(3.625000119209,9.7,-27.93617022038));
#5981=CARTESIAN_POINT('',(4.750000119209,9.7,-25.));
#5982=CARTESIAN_POINT('',(4.125,9.7,-28.19148933887));
#5983=CARTESIAN_POINT('',(3.625000119209,9.7,-27.93617022038));
#5984=CARTESIAN_POINT('',(4.5,9.7,-28.70212757587));
#5985=CARTESIAN_POINT('',(4.125,9.7,-28.19148933887));
#5986=CARTESIAN_POINT('',(4.624999880791,9.7,-29.08510625362));
#5987=CARTESIAN_POINT('',(4.5,9.7,-28.70212757587));
#5988=CARTESIAN_POINT('',(4.624999880791,9.7,-29.59574484825));
#5989=CARTESIAN_POINT('',(4.624999880791,9.7,-29.08510625362));
#5990=CARTESIAN_POINT('',(4.5,9.7,-29.978723526));
#5991=CARTESIAN_POINT('',(4.624999880791,9.7,-29.59574484825));
#5992=CARTESIAN_POINT('',(4.125,9.7,-30.489361763));
#5993=CARTESIAN_POINT('',(4.5,9.7,-29.978723526));
#5994=CARTESIAN_POINT('',(3.625000119209,9.7,-30.87234044075));
#5995=CARTESIAN_POINT('',(4.125,9.7,-30.489361763));
#5996=CARTESIAN_POINT('',(3.,9.7,-31.));
#5997=CARTESIAN_POINT('',(3.625000119209,9.7,-30.87234044075));
#5998=CARTESIAN_POINT('',(0.,9.7,-31.));
#5999=CARTESIAN_POINT('',(3.,9.7,-31.));
#6000=CARTESIAN_POINT('',(0.,9.7,-25.));
#6001=CARTESIAN_POINT('',(0.,9.7,-31.));
#6002=CARTESIAN_POINT('',(0.75,9.7,-25.));
#6003=CARTESIAN_POINT('',(0.,9.7,-25.));
#6004=CARTESIAN_POINT('',(0.75,9.7,-27.68085110188));
#6005=CARTESIAN_POINT('',(0.75,9.7,-25.));
#6006=CARTESIAN_POINT('',(0.75,9.7,-27.68085110188));
#6007=CARTESIAN_POINT('Origin',(0.,9.7,0.));
#6008=CARTESIAN_POINT('',(4.5,9.7,29.23404255509));
#6009=CARTESIAN_POINT('',(0.75,9.7,29.23404255509));
#6010=CARTESIAN_POINT('',(4.5,9.7,29.23404255509));
#6011=CARTESIAN_POINT('',(0.75,9.7,24.));
#6012=CARTESIAN_POINT('',(0.75,9.7,29.23404255509));
#6013=CARTESIAN_POINT('',(0.,9.7,24.));
#6014=CARTESIAN_POINT('',(0.75,9.7,24.));
#6015=CARTESIAN_POINT('',(0.,9.7,30.));
#6016=CARTESIAN_POINT('',(0.,9.7,24.));
#6017=CARTESIAN_POINT('',(4.5,9.7,30.));
#6018=CARTESIAN_POINT('',(0.,9.7,30.));
#6019=CARTESIAN_POINT('',(4.5,9.7,30.));
#6020=CARTESIAN_POINT('Origin',(2.874999940395,10.,-27.68085110188));
#6021=CARTESIAN_POINT('',(3.874999880791,10.,-25.));
#6022=CARTESIAN_POINT('',(2.874999940395,10.,-27.68085110188));
#6023=CARTESIAN_POINT('Origin',(0.75,10.,-27.68085110188));
#6024=CARTESIAN_POINT('',(0.75,10.,-27.68085110188));
#6025=CARTESIAN_POINT('Origin',(0.75,10.,-25.));
#6026=CARTESIAN_POINT('',(0.75,10.,-25.));
#6027=CARTESIAN_POINT('Origin',(0.,10.,-25.));
#6028=CARTESIAN_POINT('',(0.,10.,-25.));
#6029=CARTESIAN_POINT('Origin',(0.,10.,-31.));
#6030=CARTESIAN_POINT('',(0.,10.,-31.));
#6031=CARTESIAN_POINT('Origin',(3.,10.,-31.));
#6032=CARTESIAN_POINT('',(3.,10.,-31.));
#6033=CARTESIAN_POINT('Origin',(3.625000119209,10.,-30.87234044075));
#6034=CARTESIAN_POINT('',(3.625000119209,10.,-30.87234044075));
#6035=CARTESIAN_POINT('Origin',(4.125,10.,-30.489361763));
#6036=CARTESIAN_POINT('',(4.125,10.,-30.489361763));
#6037=CARTESIAN_POINT('Origin',(4.5,10.,-29.978723526));
#6038=CARTESIAN_POINT('',(4.5,10.,-29.978723526));
#6039=CARTESIAN_POINT('Origin',(4.624999880791,10.,-29.59574484825));
#6040=CARTESIAN_POINT('',(4.624999880791,10.,-29.59574484825));
#6041=CARTESIAN_POINT('Origin',(4.624999880791,10.,-29.08510625362));
#6042=CARTESIAN_POINT('',(4.624999880791,10.,-29.08510625362));
#6043=CARTESIAN_POINT('Origin',(4.5,10.,-28.70212757587));
#6044=CARTESIAN_POINT('',(4.5,10.,-28.70212757587));
#6045=CARTESIAN_POINT('Origin',(4.125,10.,-28.19148933887));
#6046=CARTESIAN_POINT('',(4.125,10.,-28.19148933887));
#6047=CARTESIAN_POINT('Origin',(3.625000119209,10.,-27.93617022038));
#6048=CARTESIAN_POINT('',(3.625000119209,10.,-27.93617022038));
#6049=CARTESIAN_POINT('Origin',(4.750000119209,10.,-25.));
#6050=CARTESIAN_POINT('',(4.750000119209,10.,-25.));
#6051=CARTESIAN_POINT('Origin',(3.874999880791,10.,-25.));
#6052=CARTESIAN_POINT('Origin',(4.5,10.,29.23404255509));
#6053=CARTESIAN_POINT('',(0.75,10.,29.23404255509));
#6054=CARTESIAN_POINT('',(4.5,10.,29.23404255509));
#6055=CARTESIAN_POINT('Origin',(4.5,10.,30.));
#6056=CARTESIAN_POINT('',(4.5,10.,30.));
#6057=CARTESIAN_POINT('Origin',(0.,10.,30.));
#6058=CARTESIAN_POINT('',(0.,10.,30.));
#6059=CARTESIAN_POINT('Origin',(0.,10.,24.));
#6060=CARTESIAN_POINT('',(0.,10.,24.));
#6061=CARTESIAN_POINT('Origin',(0.75,10.,24.));
#6062=CARTESIAN_POINT('',(0.75,10.,24.));
#6063=CARTESIAN_POINT('Origin',(0.75,10.,29.23404255509));
#6064=CARTESIAN_POINT('Origin',(0.,0.,0.));
#6065=CARTESIAN_POINT('',(23.25899107517,0.,5.917713592698));
#6066=CARTESIAN_POINT('Origin',(23.07479952418,-1.25,6.025616756687));
#6067=CARTESIAN_POINT('',(22.8906079732,0.,6.133519920676));
#6068=CARTESIAN_POINT('Origin',(17.86962778635,0.,4.788152334397));
#6069=CARTESIAN_POINT('Origin',(18.28478664231,-34.45948,-5.520559522829));
#6070=CARTESIAN_POINT('Origin',(-6.005,-6.249999991878,-10.40096509945));
#6071=CARTESIAN_POINT('',(-4.005,-6.1,-10.40096509945));
#6072=CARTESIAN_POINT('',(-6.005,-6.1,-8.40096509945));
#6073=CARTESIAN_POINT('Origin',(-6.005,-6.1,-10.40096509945));
#6074=CARTESIAN_POINT('',(-6.005,-6.249999991878,-8.250965107572));
#6075=CARTESIAN_POINT('Origin',(-6.005,-6.1,-10.40096509945));
#6076=CARTESIAN_POINT('Origin',(-6.005,-6.4,-10.40096509945));
#6077=CARTESIAN_POINT('',(-4.005,-0.4,-10.40096509945));
#6078=CARTESIAN_POINT('',(-4.005,-6.4,-10.40096509945));
#6079=CARTESIAN_POINT('Origin',(-6.005,-0.4,-10.40096509945));
#6080=CARTESIAN_POINT('Origin',(-6.005,-0.4,-10.40096509945));
#6081=CARTESIAN_POINT('Origin',(12.01,-6.249999991878,0.));
#6082=CARTESIAN_POINT('',(14.01,-6.1,-2.44929359829471E-16));
#6083=CARTESIAN_POINT('',(12.01,-6.1,2.));
#6084=CARTESIAN_POINT('Origin',(12.01,-6.1,0.));
#6085=CARTESIAN_POINT('',(12.01,-6.249999991878,2.149999991878));
#6086=CARTESIAN_POINT('Origin',(12.01,-6.1,0.));
#6087=CARTESIAN_POINT('Origin',(12.01,-6.4,0.));
#6088=CARTESIAN_POINT('',(14.01,-0.4,0.));
#6089=CARTESIAN_POINT('',(14.01,-6.4,-2.44929359829471E-16));
#6090=CARTESIAN_POINT('Origin',(12.01,-0.4,0.));
#6091=CARTESIAN_POINT('Origin',(12.01,-0.4,0.));
#6092=CARTESIAN_POINT('Origin',(-6.005,-6.249999991878,10.40096509945));
#6093=CARTESIAN_POINT('',(-4.005,-6.1,10.40096509945));
#6094=CARTESIAN_POINT('',(-6.005,-6.1,12.40096509945));
#6095=CARTESIAN_POINT('Origin',(-6.005,-6.1,10.40096509945));
#6096=CARTESIAN_POINT('',(-6.005,-6.249999991878,12.550965091328));
#6097=CARTESIAN_POINT('Origin',(-6.005,-6.1,10.40096509945));
#6098=CARTESIAN_POINT('Origin',(-6.005,-6.4,10.40096509945));
#6099=CARTESIAN_POINT('',(-4.005,-0.4,10.40096509945));
#6100=CARTESIAN_POINT('',(-4.005,-6.4,10.40096509945));
#6101=CARTESIAN_POINT('Origin',(-6.005,-0.4,10.40096509945));
#6102=CARTESIAN_POINT('Origin',(-6.005,-0.4,10.40096509945));
#6103=CARTESIAN_POINT('Origin',(0.,-0.4,0.));
#6104=CARTESIAN_POINT('',(10.01,-0.4,-2.44929359829471E-16));
#6105=CARTESIAN_POINT('Origin',(12.01,-0.4,0.));
#6106=CARTESIAN_POINT('Origin',(12.01,-0.4,0.));
#6107=CARTESIAN_POINT('',(10.01,-10.4,-2.44929359829471E-16));
#6108=CARTESIAN_POINT('Origin',(12.01,-10.4,0.));
#6109=CARTESIAN_POINT('',(10.01,-0.4,-2.44929359829471E-16));
#6110=CARTESIAN_POINT('Origin',(0.,-10.4,0.));
#6111=CARTESIAN_POINT('Origin',(0.,-0.4,0.));
#6112=CARTESIAN_POINT('',(-8.005,-0.4,10.40096509945));
#6113=CARTESIAN_POINT('Origin',(-6.005,-0.4,10.40096509945));
#6114=CARTESIAN_POINT('Origin',(-6.005,-0.4,10.40096509945));
#6115=CARTESIAN_POINT('',(-8.005,-10.4,10.40096509945));
#6116=CARTESIAN_POINT('Origin',(-6.005,-10.4,10.40096509945));
#6117=CARTESIAN_POINT('',(-8.005,-0.4,10.40096509945));
#6118=CARTESIAN_POINT('Origin',(0.,-10.4,0.));
#6119=CARTESIAN_POINT('Origin',(0.,-0.4,0.));
#6120=CARTESIAN_POINT('',(-8.005,-0.4,-10.40096509945));
#6121=CARTESIAN_POINT('Origin',(-6.005,-0.4,-10.40096509945));
#6122=CARTESIAN_POINT('Origin',(-6.005,-0.4,-10.40096509945));
#6123=CARTESIAN_POINT('',(-8.005,-10.4,-10.40096509945));
#6124=CARTESIAN_POINT('Origin',(-6.005,-10.4,-10.40096509945));
#6125=CARTESIAN_POINT('',(-8.005,-0.4,-10.40096509945));
#6126=CARTESIAN_POINT('Origin',(0.,-10.4,0.));
#6127=UNCERTAINTY_MEASURE_WITH_UNIT(LENGTH_MEASURE(0.01),#6131,
'DISTANCE_ACCURACY_VALUE',
'Maximum model space distance between geometric entities at asserted c
onnectivities');
#6128=UNCERTAINTY_MEASURE_WITH_UNIT(LENGTH_MEASURE(0.01),#6131,
'DISTANCE_ACCURACY_VALUE',
'Maximum model space distance between geometric entities at asserted c
onnectivities');
#6129=(
GEOMETRIC_REPRESENTATION_CONTEXT(3)
GLOBAL_UNCERTAINTY_ASSIGNED_CONTEXT((#6127))
GLOBAL_UNIT_ASSIGNED_CONTEXT((#6131,#6133,#6134))
REPRESENTATION_CONTEXT('','3D')
);
#6130=(
GEOMETRIC_REPRESENTATION_CONTEXT(3)
GLOBAL_UNCERTAINTY_ASSIGNED_CONTEXT((#6128))
GLOBAL_UNIT_ASSIGNED_CONTEXT((#6131,#6133,#6134))
REPRESENTATION_CONTEXT('','3D')
);
#6131=(
LENGTH_UNIT()
NAMED_UNIT(*)
SI_UNIT(.MILLI.,.METRE.)
);
#6132=(
LENGTH_UNIT()
NAMED_UNIT(*)
SI_UNIT($,.METRE.)
);
#6133=(
NAMED_UNIT(*)
PLANE_ANGLE_UNIT()
SI_UNIT($,.RADIAN.)
);
#6134=(
NAMED_UNIT(*)
SI_UNIT($,.STERADIAN.)
SOLID_ANGLE_UNIT()
);
#6135=SHAPE_DEFINITION_REPRESENTATION(#6136,#6137);
#6136=PRODUCT_DEFINITION_SHAPE('',$,#6139);
#6137=SHAPE_REPRESENTATION('',(#3605),#6129);
#6138=PRODUCT_DEFINITION_CONTEXT('part definition',#6143,'design');
#6139=PRODUCT_DEFINITION('2026-07-07-17-42-00-454','2-RSM1-ROTOR-1',#6140,
#6138);
#6140=PRODUCT_DEFINITION_FORMATION('',$,#6145);
#6141=PRODUCT_RELATED_PRODUCT_CATEGORY('2-RSM1-ROTOR-1',
'2-RSM1-ROTOR-1',(#6145));
#6142=APPLICATION_PROTOCOL_DEFINITION('international standard',
'automotive_design',2009,#6143);
#6143=APPLICATION_CONTEXT(
'Core Data for Automotive Mechanical Design Process');
#6144=PRODUCT_CONTEXT('part definition',#6143,'mechanical');
#6145=PRODUCT('2026-07-07-17-42-00-454','2-RSM1-ROTOR-1',
'NOT SPECIFIED',(#6144));
#6146=PRESENTATION_STYLE_ASSIGNMENT((#6147));
#6147=SURFACE_STYLE_USAGE(.BOTH.,#6148);
#6148=SURFACE_SIDE_STYLE('',(#6149));
#6149=SURFACE_STYLE_FILL_AREA(#6150);
#6150=FILL_AREA_STYLE('\X2\94A2\X0\ - \X2\7F0E5149\X0\',(#6151));
#6151=FILL_AREA_STYLE_COLOUR('\X2\94A2\X0\ - \X2\7F0E5149\X0\',#6152);
#6152=COLOUR_RGB('\X2\94A2\X0\ - \X2\7F0E5149\X0\',0.627450980392157,0.627450980392157,
0.627450980392157);
ENDSEC;
END-ISO-10303-21;
