ISO-10303-21;
HEADER;
/* Generated by software containing ST-Developer
 * from STEP Tools, Inc. (www.steptools.com) 
 */

FILE_DESCRIPTION(
/* description */ ('NOT SPECIFIED'),
/* implementation_level */ '2;1');

FILE_NAME(
/* name */ '2-RSM-ROTOR-R.step',
/* time_stamp */ '2026-07-07T17:41:52+08:00',
/* author */ (''),
/* organization */ (''),
/* preprocessor_version */ 'ST-DEVELOPER v20.1',
/* originating_system */ 'Autodesk Translation Framework v15.8.0.0',
/* authorisation */ '');

FILE_SCHEMA (('AUTOMOTIVE_DESIGN { 1 0 10303 214 3 1 1 }'));
ENDSEC;

DATA;
#10=MECHANICAL_DESIGN_GEOMETRIC_PRESENTATION_REPRESENTATION('',(#13,#14),
#9750);
#11=SHAPE_REPRESENTATION_RELATIONSHIP('SRR','None',#9757,#12);
#12=ADVANCED_BREP_SHAPE_REPRESENTATION('',(#15,#16),#9749);
#13=STYLED_ITEM('',(#9766),#15);
#14=STYLED_ITEM('',(#9766),#16);
#15=MANIFOLD_SOLID_BREP('\X2\5B9E4F53\X0\1',#5948);
#16=MANIFOLD_SOLID_BREP('\X2\5B9E4F53\X0\2',#5949);
#17=ELLIPSE('',#6188,18.0828453947534,3.28409051231689);
#18=ELLIPSE('',#6194,17.7371091390734,3.24697688467103);
#19=ELLIPSE('',#6201,17.7043814962566,3.24344228445868);
#20=ELLIPSE('',#6205,18.081240824508,3.28391919176186);
#21=ELLIPSE('',#6223,18.1845239555504,3.29492800631756);
#22=ELLIPSE('',#6226,17.8383127477771,3.25788325742879);
#23=ELLIPSE('',#6232,17.7295094852475,3.24615645246288);
#24=ELLIPSE('',#6238,17.8947351234136,3.26394833093774);
#25=(
BOUNDED_CURVE()
B_SPLINE_CURVE(2,(#8995,#8996,#8997),.UNSPECIFIED.,.F.,.F.)
B_SPLINE_CURVE_WITH_KNOTS((3,3),(-0.147670883730785,-0.104617276212754),
 .UNSPECIFIED.)
CURVE()
GEOMETRIC_REPRESENTATION_ITEM()
RATIONAL_B_SPLINE_CURVE((0.999998059591677,0.999998259212278,0.999998507372336))
REPRESENTATION_ITEM('')
);
#26=(
BOUNDED_CURVE()
B_SPLINE_CURVE(2,(#9016,#9017,#9018),.UNSPECIFIED.,.F.,.F.)
B_SPLINE_CURVE_WITH_KNOTS((3,3),(-0.147670883730688,-0.104617276212693),
 .UNSPECIFIED.)
CURVE()
GEOMETRIC_REPRESENTATION_ITEM()
RATIONAL_B_SPLINE_CURVE((0.999998059591677,0.999998259212278,0.999998507372335))
REPRESENTATION_ITEM('')
);
#27=(
BOUNDED_CURVE()
B_SPLINE_CURVE(2,(#9034,#9035,#9036),.UNSPECIFIED.,.F.,.F.)
B_SPLINE_CURVE_WITH_KNOTS((3,3),(-0.147670883730778,-0.104617276212753),
 .UNSPECIFIED.)
CURVE()
GEOMETRIC_REPRESENTATION_ITEM()
RATIONAL_B_SPLINE_CURVE((0.999998059591678,0.999998259212279,0.999998507372337))
REPRESENTATION_ITEM('')
);
#28=(
BOUNDED_CURVE()
B_SPLINE_CURVE(2,(#9054,#9055,#9056),.UNSPECIFIED.,.F.,.F.)
B_SPLINE_CURVE_WITH_KNOTS((3,3),(-0.14767088373069,-0.104617276212694),
 .UNSPECIFIED.)
CURVE()
GEOMETRIC_REPRESENTATION_ITEM()
RATIONAL_B_SPLINE_CURVE((0.999998059591677,0.999998259212278,0.999998507372336))
REPRESENTATION_ITEM('')
);
#29=(
BOUNDED_CURVE()
B_SPLINE_CURVE(2,(#9089,#9090,#9091),.UNSPECIFIED.,.F.,.F.)
B_SPLINE_CURVE_WITH_KNOTS((3,3),(-0.14767088373079,-0.104617276212754),
 .UNSPECIFIED.)
CURVE()
GEOMETRIC_REPRESENTATION_ITEM()
RATIONAL_B_SPLINE_CURVE((0.999998059591677,0.999998259212278,0.999998507372335))
REPRESENTATION_ITEM('')
);
#30=(
BOUNDED_CURVE()
B_SPLINE_CURVE(2,(#9103,#9104,#9105),.UNSPECIFIED.,.F.,.F.)
B_SPLINE_CURVE_WITH_KNOTS((3,3),(-0.147670883730692,-0.104617276212694),
 .UNSPECIFIED.)
CURVE()
GEOMETRIC_REPRESENTATION_ITEM()
RATIONAL_B_SPLINE_CURVE((0.999998059591677,0.999998259212278,0.999998507372336))
REPRESENTATION_ITEM('')
);
#31=(
BOUNDED_CURVE()
B_SPLINE_CURVE(2,(#9117,#9118,#9119),.UNSPECIFIED.,.F.,.F.)
B_SPLINE_CURVE_WITH_KNOTS((3,3),(-0.147670883730785,-0.104617276212754),
 .UNSPECIFIED.)
CURVE()
GEOMETRIC_REPRESENTATION_ITEM()
RATIONAL_B_SPLINE_CURVE((0.999998059591677,0.999998259212278,0.999998507372335))
REPRESENTATION_ITEM('')
);
#32=(
BOUNDED_CURVE()
B_SPLINE_CURVE(2,(#9131,#9132,#9133),.UNSPECIFIED.,.F.,.F.)
B_SPLINE_CURVE_WITH_KNOTS((3,3),(-0.14767088373069,-0.104617276212693),
 .UNSPECIFIED.)
CURVE()
GEOMETRIC_REPRESENTATION_ITEM()
RATIONAL_B_SPLINE_CURVE((0.999998059591676,0.999998259212278,0.999998507372335))
REPRESENTATION_ITEM('')
);
#33=CYLINDRICAL_SURFACE('',#5999,3.);
#34=CYLINDRICAL_SURFACE('',#6001,3.);
#35=CYLINDRICAL_SURFACE('',#6004,3.);
#36=CYLINDRICAL_SURFACE('',#6007,3.);
#37=CYLINDRICAL_SURFACE('',#6010,3.);
#38=CYLINDRICAL_SURFACE('',#6027,3.);
#39=CYLINDRICAL_SURFACE('',#6030,3.);
#40=CYLINDRICAL_SURFACE('',#6033,3.);
#41=CYLINDRICAL_SURFACE('',#6036,3.);
#42=CYLINDRICAL_SURFACE('',#6061,3.);
#43=CYLINDRICAL_SURFACE('',#6072,3.);
#44=CYLINDRICAL_SURFACE('',#6074,3.);
#45=CYLINDRICAL_SURFACE('',#6085,5.);
#46=CYLINDRICAL_SURFACE('',#6094,5.);
#47=CYLINDRICAL_SURFACE('',#6104,27.5);
#48=CYLINDRICAL_SURFACE('',#6122,2.1);
#49=CYLINDRICAL_SURFACE('',#6126,2.1);
#50=CYLINDRICAL_SURFACE('',#6131,4.);
#51=CYLINDRICAL_SURFACE('',#6138,4.);
#52=CYLINDRICAL_SURFACE('',#6145,4.);
#53=CYLINDRICAL_SURFACE('',#6148,2.1);
#54=CYLINDRICAL_SURFACE('',#6153,22.);
#55=CYLINDRICAL_SURFACE('',#6170,10.);
#56=CYLINDRICAL_SURFACE('',#6174,8.475);
#57=CYLINDRICAL_SURFACE('',#6182,0.6);
#58=CYLINDRICAL_SURFACE('',#6183,19.);
#59=CYLINDRICAL_SURFACE('',#6184,0.6);
#60=CYLINDRICAL_SURFACE('',#6190,1.05);
#61=CYLINDRICAL_SURFACE('',#6197,1.05);
#62=CYLINDRICAL_SURFACE('',#6206,1.05);
#63=CYLINDRICAL_SURFACE('',#6212,1.05);
#64=CYLINDRICAL_SURFACE('',#6227,1.05);
#65=CYLINDRICAL_SURFACE('',#6233,1.05);
#66=CYLINDRICAL_SURFACE('',#6239,1.05);
#67=CYLINDRICAL_SURFACE('',#6244,1.05);
#68=CYLINDRICAL_SURFACE('',#6272,20.1);
#69=CYLINDRICAL_SURFACE('',#6276,2.6);
#70=CYLINDRICAL_SURFACE('',#6414,2.5);
#71=B_SPLINE_CURVE_WITH_KNOTS('',3,(#8356,#8357,#8358,#8359,#8360,#8361),
 .UNSPECIFIED.,.F.,.F.,(4,1,1,4),(1.3298842979452E-5,0.3333333333333,0.6666666666667,
1.),.UNSPECIFIED.);
#72=B_SPLINE_CURVE_WITH_KNOTS('',3,(#8905,#8906,#8907,#8908,#8909),
 .UNSPECIFIED.,.F.,.F.,(4,1,4),(0.,0.5,1.),.UNSPECIFIED.);
#73=B_SPLINE_CURVE_WITH_KNOTS('',3,(#8912,#8913,#8914,#8915,#8916),
 .UNSPECIFIED.,.F.,.F.,(4,1,4),(0.,0.5,1.),.UNSPECIFIED.);
#74=B_SPLINE_CURVE_WITH_KNOTS('',3,(#8920,#8921,#8922,#8923,#8924),
 .UNSPECIFIED.,.F.,.F.,(4,1,4),(0.,0.5,1.),.UNSPECIFIED.);
#75=B_SPLINE_CURVE_WITH_KNOTS('',3,(#8925,#8926,#8927,#8928,#8929),
 .UNSPECIFIED.,.F.,.F.,(4,1,4),(0.,0.5,1.),.UNSPECIFIED.);
#76=CONICAL_SURFACE('',#5985,3.500222496729,0.785398163397448);
#77=CONICAL_SURFACE('',#5988,3.499999980893,0.785398163397448);
#78=CONICAL_SURFACE('',#5991,3.499999991823,0.785398163397448);
#79=CONICAL_SURFACE('',#5994,3.499999990472,0.785398163397448);
#80=CONICAL_SURFACE('',#5997,3.50026662984,0.785398163397448);
#81=CONICAL_SURFACE('',#6014,3.499999991823,0.785398163397448);
#82=CONICAL_SURFACE('',#6017,3.49999998994,0.785398163397448);
#83=CONICAL_SURFACE('',#6020,3.499999991086,0.785398163397448);
#84=CONICAL_SURFACE('',#6023,3.499999985252,0.785398163397448);
#85=CONICAL_SURFACE('',#6063,3.499999993122,0.785398163397448);
#86=CONICAL_SURFACE('',#6065,3.49999998788,0.785398163397448);
#87=CONICAL_SURFACE('',#6068,3.49999999579,0.785398163397448);
#88=CONICAL_SURFACE('',#6088,4.849999999303,0.785398163397448);
#89=CONICAL_SURFACE('',#6090,27.34999999858,0.785398163397448);
#90=CONICAL_SURFACE('',#6097,5.149999999998,0.785398163397448);
#91=CONICAL_SURFACE('',#6098,5.999999999995,0.785398163397448);
#92=CONICAL_SURFACE('',#6100,26.49999999904,0.785398163397448);
#93=CONICAL_SURFACE('',#6105,3.999999999997,0.785398163397448);
#94=CONICAL_SURFACE('',#6109,4.149999988229,0.785398163397448);
#95=CONICAL_SURFACE('',#6125,2.249999991131,0.785398163397448);
#96=CONICAL_SURFACE('',#6129,2.249999991131,0.785398163397448);
#97=CONICAL_SURFACE('',#6134,4.149999988229,0.785398163397448);
#98=CONICAL_SURFACE('',#6141,4.149999988229,0.785398163397448);
#99=CONICAL_SURFACE('',#6151,2.249999991131,0.785398163397448);
#100=CONICAL_SURFACE('',#6156,21.85,0.785398163397448);
#101=CONICAL_SURFACE('',#6161,0.7499999990114,0.785398163397448);
#102=CONICAL_SURFACE('',#6164,18.84999999905,0.785398163397448);
#103=CONICAL_SURFACE('',#6177,8.324999996815,0.785398163397448);
#104=CONICAL_SURFACE('',#6180,0.7499999990114,0.785398163397448);
#105=CONICAL_SURFACE('',#6193,1.199999072218,0.785397417090821);
#106=CONICAL_SURFACE('',#6200,1.199999072218,0.785397417090821);
#107=CONICAL_SURFACE('',#6203,1.199999072218,0.785397417090821);
#108=CONICAL_SURFACE('',#6210,1.199999072218,0.785397417090821);
#109=CONICAL_SURFACE('',#6224,1.199999072218,0.785397417090821);
#110=CONICAL_SURFACE('',#6230,1.199999072218,0.785397417090821);
#111=CONICAL_SURFACE('',#6236,1.199999072218,0.785397417090821);
#112=CONICAL_SURFACE('',#6242,1.199999072218,0.785397417090821);
#113=FACE_BOUND('',#598,.T.);
#114=FACE_BOUND('',#599,.T.);
#115=FACE_BOUND('',#600,.T.);
#116=FACE_BOUND('',#601,.T.);
#117=FACE_BOUND('',#602,.T.);
#118=FACE_BOUND('',#603,.T.);
#119=FACE_BOUND('',#604,.T.);
#120=FACE_BOUND('',#605,.T.);
#121=FACE_BOUND('',#606,.T.);
#122=FACE_BOUND('',#607,.T.);
#123=FACE_BOUND('',#608,.T.);
#124=FACE_BOUND('',#609,.T.);
#125=FACE_BOUND('',#610,.T.);
#126=FACE_BOUND('',#611,.T.);
#127=FACE_BOUND('',#612,.T.);
#128=FACE_BOUND('',#613,.T.);
#129=FACE_BOUND('',#614,.T.);
#130=FACE_BOUND('',#615,.T.);
#131=FACE_BOUND('',#616,.T.);
#132=FACE_BOUND('',#653,.T.);
#133=FACE_BOUND('',#654,.T.);
#134=FACE_BOUND('',#655,.T.);
#135=FACE_BOUND('',#656,.T.);
#136=FACE_BOUND('',#657,.T.);
#137=FACE_BOUND('',#658,.T.);
#138=FACE_BOUND('',#659,.T.);
#139=FACE_BOUND('',#660,.T.);
#140=FACE_BOUND('',#661,.T.);
#141=FACE_BOUND('',#706,.T.);
#142=FACE_BOUND('',#708,.T.);
#143=FACE_BOUND('',#710,.T.);
#144=FACE_BOUND('',#743,.T.);
#145=FACE_BOUND('',#746,.T.);
#146=FACE_BOUND('',#801,.T.);
#147=FACE_BOUND('',#820,.T.);
#148=FACE_BOUND('',#831,.T.);
#149=CIRCLE('',#5966,7.);
#150=CIRCLE('',#5967,25.5);
#151=CIRCLE('',#5968,3.);
#152=CIRCLE('',#5969,4.3);
#153=CIRCLE('',#5970,4.3);
#154=CIRCLE('',#5971,4.3);
#155=CIRCLE('',#5972,4.);
#156=CIRCLE('',#5973,4.);
#157=CIRCLE('',#5974,4.);
#158=CIRCLE('',#5975,4.);
#159=CIRCLE('',#5976,4.);
#160=CIRCLE('',#5977,4.);
#161=CIRCLE('',#5978,4.);
#162=CIRCLE('',#5979,4.);
#163=CIRCLE('',#5980,4.);
#164=CIRCLE('',#5981,4.);
#165=CIRCLE('',#5982,4.);
#166=CIRCLE('',#5983,4.);
#167=CIRCLE('',#5984,20.1);
#168=CIRCLE('',#5986,3.);
#169=CIRCLE('',#5989,3.);
#170=CIRCLE('',#5992,3.);
#171=CIRCLE('',#5995,3.);
#172=CIRCLE('',#5998,3.);
#173=CIRCLE('',#6000,3.);
#174=CIRCLE('',#6002,3.);
#175=CIRCLE('',#6005,3.);
#176=CIRCLE('',#6008,3.);
#177=CIRCLE('',#6011,3.);
#178=CIRCLE('',#6015,3.);
#179=CIRCLE('',#6018,3.);
#180=CIRCLE('',#6021,3.);
#181=CIRCLE('',#6024,3.);
#182=CIRCLE('',#6028,3.);
#183=CIRCLE('',#6031,3.);
#184=CIRCLE('',#6034,3.);
#185=CIRCLE('',#6037,3.);
#186=CIRCLE('',#6039,4.7);
#187=CIRCLE('',#6040,27.2);
#188=CIRCLE('',#6041,5.3);
#189=CIRCLE('',#6042,3.);
#190=CIRCLE('',#6043,3.);
#191=CIRCLE('',#6044,3.);
#192=CIRCLE('',#6045,22.);
#193=CIRCLE('',#6046,0.6);
#194=CIRCLE('',#6047,19.);
#195=CIRCLE('',#6048,0.6);
#196=CIRCLE('',#6049,1.349997010649);
#197=CIRCLE('',#6050,1.349997010649);
#198=CIRCLE('',#6051,1.349997010649);
#199=CIRCLE('',#6052,1.349997010649);
#200=CIRCLE('',#6053,1.349997010649);
#201=CIRCLE('',#6054,1.349997010649);
#202=CIRCLE('',#6055,1.349997010649);
#203=CIRCLE('',#6056,1.349997010649);
#204=CIRCLE('',#6057,2.4);
#205=CIRCLE('',#6058,2.4);
#206=CIRCLE('',#6059,2.4);
#207=CIRCLE('',#6062,3.);
#208=CIRCLE('',#6066,3.);
#209=CIRCLE('',#6069,3.);
#210=CIRCLE('',#6086,5.);
#211=CIRCLE('',#6087,5.);
#212=CIRCLE('',#6091,27.5);
#213=CIRCLE('',#6095,5.);
#214=CIRCLE('',#6096,5.);
#215=CIRCLE('',#6101,27.5);
#216=CIRCLE('',#6110,4.);
#217=CIRCLE('',#6114,4.);
#218=CIRCLE('',#6115,2.1);
#219=CIRCLE('',#6117,4.);
#220=CIRCLE('',#6118,2.1);
#221=CIRCLE('',#6120,4.);
#222=CIRCLE('',#6121,2.1);
#223=CIRCLE('',#6123,2.1);
#224=CIRCLE('',#6124,2.1);
#225=CIRCLE('',#6127,2.1);
#226=CIRCLE('',#6128,2.1);
#227=CIRCLE('',#6135,4.);
#228=CIRCLE('',#6142,4.);
#229=CIRCLE('',#6149,2.1);
#230=CIRCLE('',#6150,2.1);
#231=CIRCLE('',#6154,22.);
#232=CIRCLE('',#6157,21.7);
#233=CIRCLE('',#6162,0.6);
#234=CIRCLE('',#6163,0.9);
#235=CIRCLE('',#6165,18.7);
#236=CIRCLE('',#6166,19.);
#237=CIRCLE('',#6168,0.9);
#238=CIRCLE('',#6169,10.);
#239=CIRCLE('',#6171,10.);
#240=CIRCLE('',#6173,8.475);
#241=CIRCLE('',#6175,8.475);
#242=CIRCLE('',#6176,8.475);
#243=CIRCLE('',#6178,8.175);
#244=CIRCLE('',#6181,0.6);
#245=CIRCLE('',#6191,1.05);
#246=CIRCLE('',#6192,1.05);
#247=CIRCLE('',#6198,1.05);
#248=CIRCLE('',#6199,1.05);
#249=CIRCLE('',#6204,1.05);
#250=CIRCLE('',#6207,1.05);
#251=CIRCLE('',#6211,1.05);
#252=CIRCLE('',#6213,1.05);
#253=CIRCLE('',#6216,1.05);
#254=CIRCLE('',#6217,1.05);
#255=CIRCLE('',#6218,1.05);
#256=CIRCLE('',#6219,1.05);
#257=CIRCLE('',#6225,1.05);
#258=CIRCLE('',#6231,1.05);
#259=CIRCLE('',#6237,1.05);
#260=CIRCLE('',#6243,1.05);
#261=CIRCLE('',#6273,20.1);
#262=CIRCLE('',#6275,2.6);
#263=CIRCLE('',#6277,2.6);
#264=CIRCLE('',#6413,2.5);
#265=CIRCLE('',#6415,2.5);
#266=FACE_OUTER_BOUND('',#595,.T.);
#267=FACE_OUTER_BOUND('',#596,.T.);
#268=FACE_OUTER_BOUND('',#597,.T.);
#269=FACE_OUTER_BOUND('',#617,.T.);
#270=FACE_OUTER_BOUND('',#618,.T.);
#271=FACE_OUTER_BOUND('',#619,.T.);
#272=FACE_OUTER_BOUND('',#620,.T.);
#273=FACE_OUTER_BOUND('',#621,.T.);
#274=FACE_OUTER_BOUND('',#622,.T.);
#275=FACE_OUTER_BOUND('',#623,.T.);
#276=FACE_OUTER_BOUND('',#624,.T.);
#277=FACE_OUTER_BOUND('',#625,.T.);
#278=FACE_OUTER_BOUND('',#626,.T.);
#279=FACE_OUTER_BOUND('',#627,.T.);
#280=FACE_OUTER_BOUND('',#628,.T.);
#281=FACE_OUTER_BOUND('',#629,.T.);
#282=FACE_OUTER_BOUND('',#630,.T.);
#283=FACE_OUTER_BOUND('',#631,.T.);
#284=FACE_OUTER_BOUND('',#632,.T.);
#285=FACE_OUTER_BOUND('',#633,.T.);
#286=FACE_OUTER_BOUND('',#634,.T.);
#287=FACE_OUTER_BOUND('',#635,.T.);
#288=FACE_OUTER_BOUND('',#636,.T.);
#289=FACE_OUTER_BOUND('',#637,.T.);
#290=FACE_OUTER_BOUND('',#638,.T.);
#291=FACE_OUTER_BOUND('',#639,.T.);
#292=FACE_OUTER_BOUND('',#640,.T.);
#293=FACE_OUTER_BOUND('',#641,.T.);
#294=FACE_OUTER_BOUND('',#642,.T.);
#295=FACE_OUTER_BOUND('',#643,.T.);
#296=FACE_OUTER_BOUND('',#644,.T.);
#297=FACE_OUTER_BOUND('',#645,.T.);
#298=FACE_OUTER_BOUND('',#646,.T.);
#299=FACE_OUTER_BOUND('',#647,.T.);
#300=FACE_OUTER_BOUND('',#648,.T.);
#301=FACE_OUTER_BOUND('',#649,.T.);
#302=FACE_OUTER_BOUND('',#650,.T.);
#303=FACE_OUTER_BOUND('',#651,.T.);
#304=FACE_OUTER_BOUND('',#652,.T.);
#305=FACE_OUTER_BOUND('',#662,.T.);
#306=FACE_OUTER_BOUND('',#663,.T.);
#307=FACE_OUTER_BOUND('',#664,.T.);
#308=FACE_OUTER_BOUND('',#665,.T.);
#309=FACE_OUTER_BOUND('',#666,.T.);
#310=FACE_OUTER_BOUND('',#667,.T.);
#311=FACE_OUTER_BOUND('',#668,.T.);
#312=FACE_OUTER_BOUND('',#669,.T.);
#313=FACE_OUTER_BOUND('',#670,.T.);
#314=FACE_OUTER_BOUND('',#671,.T.);
#315=FACE_OUTER_BOUND('',#672,.T.);
#316=FACE_OUTER_BOUND('',#673,.T.);
#317=FACE_OUTER_BOUND('',#674,.T.);
#318=FACE_OUTER_BOUND('',#675,.T.);
#319=FACE_OUTER_BOUND('',#676,.T.);
#320=FACE_OUTER_BOUND('',#677,.T.);
#321=FACE_OUTER_BOUND('',#678,.T.);
#322=FACE_OUTER_BOUND('',#679,.T.);
#323=FACE_OUTER_BOUND('',#680,.T.);
#324=FACE_OUTER_BOUND('',#681,.T.);
#325=FACE_OUTER_BOUND('',#682,.T.);
#326=FACE_OUTER_BOUND('',#683,.T.);
#327=FACE_OUTER_BOUND('',#684,.T.);
#328=FACE_OUTER_BOUND('',#685,.T.);
#329=FACE_OUTER_BOUND('',#686,.T.);
#330=FACE_OUTER_BOUND('',#687,.T.);
#331=FACE_OUTER_BOUND('',#688,.T.);
#332=FACE_OUTER_BOUND('',#689,.T.);
#333=FACE_OUTER_BOUND('',#690,.T.);
#334=FACE_OUTER_BOUND('',#691,.T.);
#335=FACE_OUTER_BOUND('',#692,.T.);
#336=FACE_OUTER_BOUND('',#693,.T.);
#337=FACE_OUTER_BOUND('',#694,.T.);
#338=FACE_OUTER_BOUND('',#695,.T.);
#339=FACE_OUTER_BOUND('',#696,.T.);
#340=FACE_OUTER_BOUND('',#697,.T.);
#341=FACE_OUTER_BOUND('',#698,.T.);
#342=FACE_OUTER_BOUND('',#699,.T.);
#343=FACE_OUTER_BOUND('',#700,.T.);
#344=FACE_OUTER_BOUND('',#701,.T.);
#345=FACE_OUTER_BOUND('',#702,.T.);
#346=FACE_OUTER_BOUND('',#703,.T.);
#347=FACE_OUTER_BOUND('',#704,.T.);
#348=FACE_OUTER_BOUND('',#705,.T.);
#349=FACE_OUTER_BOUND('',#707,.T.);
#350=FACE_OUTER_BOUND('',#709,.T.);
#351=FACE_OUTER_BOUND('',#711,.T.);
#352=FACE_OUTER_BOUND('',#712,.T.);
#353=FACE_OUTER_BOUND('',#713,.T.);
#354=FACE_OUTER_BOUND('',#714,.T.);
#355=FACE_OUTER_BOUND('',#715,.T.);
#356=FACE_OUTER_BOUND('',#716,.T.);
#357=FACE_OUTER_BOUND('',#717,.T.);
#358=FACE_OUTER_BOUND('',#718,.T.);
#359=FACE_OUTER_BOUND('',#719,.T.);
#360=FACE_OUTER_BOUND('',#720,.T.);
#361=FACE_OUTER_BOUND('',#721,.T.);
#362=FACE_OUTER_BOUND('',#722,.T.);
#363=FACE_OUTER_BOUND('',#723,.T.);
#364=FACE_OUTER_BOUND('',#724,.T.);
#365=FACE_OUTER_BOUND('',#725,.T.);
#366=FACE_OUTER_BOUND('',#726,.T.);
#367=FACE_OUTER_BOUND('',#727,.T.);
#368=FACE_OUTER_BOUND('',#728,.T.);
#369=FACE_OUTER_BOUND('',#729,.T.);
#370=FACE_OUTER_BOUND('',#730,.T.);
#371=FACE_OUTER_BOUND('',#731,.T.);
#372=FACE_OUTER_BOUND('',#732,.T.);
#373=FACE_OUTER_BOUND('',#733,.T.);
#374=FACE_OUTER_BOUND('',#734,.T.);
#375=FACE_OUTER_BOUND('',#735,.T.);
#376=FACE_OUTER_BOUND('',#736,.T.);
#377=FACE_OUTER_BOUND('',#737,.T.);
#378=FACE_OUTER_BOUND('',#738,.T.);
#379=FACE_OUTER_BOUND('',#739,.T.);
#380=FACE_OUTER_BOUND('',#740,.T.);
#381=FACE_OUTER_BOUND('',#741,.T.);
#382=FACE_OUTER_BOUND('',#742,.T.);
#383=FACE_OUTER_BOUND('',#744,.T.);
#384=FACE_OUTER_BOUND('',#745,.T.);
#385=FACE_OUTER_BOUND('',#747,.T.);
#386=FACE_OUTER_BOUND('',#748,.T.);
#387=FACE_OUTER_BOUND('',#749,.T.);
#388=FACE_OUTER_BOUND('',#750,.T.);
#389=FACE_OUTER_BOUND('',#751,.T.);
#390=FACE_OUTER_BOUND('',#752,.T.);
#391=FACE_OUTER_BOUND('',#753,.T.);
#392=FACE_OUTER_BOUND('',#754,.T.);
#393=FACE_OUTER_BOUND('',#755,.T.);
#394=FACE_OUTER_BOUND('',#756,.T.);
#395=FACE_OUTER_BOUND('',#757,.T.);
#396=FACE_OUTER_BOUND('',#758,.T.);
#397=FACE_OUTER_BOUND('',#759,.T.);
#398=FACE_OUTER_BOUND('',#760,.T.);
#399=FACE_OUTER_BOUND('',#761,.T.);
#400=FACE_OUTER_BOUND('',#762,.T.);
#401=FACE_OUTER_BOUND('',#763,.T.);
#402=FACE_OUTER_BOUND('',#764,.T.);
#403=FACE_OUTER_BOUND('',#765,.T.);
#404=FACE_OUTER_BOUND('',#766,.T.);
#405=FACE_OUTER_BOUND('',#767,.T.);
#406=FACE_OUTER_BOUND('',#768,.T.);
#407=FACE_OUTER_BOUND('',#769,.T.);
#408=FACE_OUTER_BOUND('',#770,.T.);
#409=FACE_OUTER_BOUND('',#771,.T.);
#410=FACE_OUTER_BOUND('',#772,.T.);
#411=FACE_OUTER_BOUND('',#773,.T.);
#412=FACE_OUTER_BOUND('',#774,.T.);
#413=FACE_OUTER_BOUND('',#775,.T.);
#414=FACE_OUTER_BOUND('',#776,.T.);
#415=FACE_OUTER_BOUND('',#777,.T.);
#416=FACE_OUTER_BOUND('',#778,.T.);
#417=FACE_OUTER_BOUND('',#779,.T.);
#418=FACE_OUTER_BOUND('',#780,.T.);
#419=FACE_OUTER_BOUND('',#781,.T.);
#420=FACE_OUTER_BOUND('',#782,.T.);
#421=FACE_OUTER_BOUND('',#783,.T.);
#422=FACE_OUTER_BOUND('',#784,.T.);
#423=FACE_OUTER_BOUND('',#785,.T.);
#424=FACE_OUTER_BOUND('',#786,.T.);
#425=FACE_OUTER_BOUND('',#787,.T.);
#426=FACE_OUTER_BOUND('',#788,.T.);
#427=FACE_OUTER_BOUND('',#789,.T.);
#428=FACE_OUTER_BOUND('',#790,.T.);
#429=FACE_OUTER_BOUND('',#791,.T.);
#430=FACE_OUTER_BOUND('',#792,.T.);
#431=FACE_OUTER_BOUND('',#793,.T.);
#432=FACE_OUTER_BOUND('',#794,.T.);
#433=FACE_OUTER_BOUND('',#795,.T.);
#434=FACE_OUTER_BOUND('',#796,.T.);
#435=FACE_OUTER_BOUND('',#797,.T.);
#436=FACE_OUTER_BOUND('',#798,.T.);
#437=FACE_OUTER_BOUND('',#799,.T.);
#438=FACE_OUTER_BOUND('',#800,.T.);
#439=FACE_OUTER_BOUND('',#802,.T.);
#440=FACE_OUTER_BOUND('',#803,.T.);
#441=FACE_OUTER_BOUND('',#804,.T.);
#442=FACE_OUTER_BOUND('',#805,.T.);
#443=FACE_OUTER_BOUND('',#806,.T.);
#444=FACE_OUTER_BOUND('',#807,.T.);
#445=FACE_OUTER_BOUND('',#808,.T.);
#446=FACE_OUTER_BOUND('',#809,.T.);
#447=FACE_OUTER_BOUND('',#810,.T.);
#448=FACE_OUTER_BOUND('',#811,.T.);
#449=FACE_OUTER_BOUND('',#812,.T.);
#450=FACE_OUTER_BOUND('',#813,.T.);
#451=FACE_OUTER_BOUND('',#814,.T.);
#452=FACE_OUTER_BOUND('',#815,.T.);
#453=FACE_OUTER_BOUND('',#816,.T.);
#454=FACE_OUTER_BOUND('',#817,.T.);
#455=FACE_OUTER_BOUND('',#818,.T.);
#456=FACE_OUTER_BOUND('',#819,.T.);
#457=FACE_OUTER_BOUND('',#821,.T.);
#458=FACE_OUTER_BOUND('',#822,.T.);
#459=FACE_OUTER_BOUND('',#823,.T.);
#460=FACE_OUTER_BOUND('',#824,.T.);
#461=FACE_OUTER_BOUND('',#825,.T.);
#462=FACE_OUTER_BOUND('',#826,.T.);
#463=FACE_OUTER_BOUND('',#827,.T.);
#464=FACE_OUTER_BOUND('',#828,.T.);
#465=FACE_OUTER_BOUND('',#829,.T.);
#466=FACE_OUTER_BOUND('',#830,.T.);
#467=FACE_OUTER_BOUND('',#832,.T.);
#468=FACE_OUTER_BOUND('',#833,.T.);
#469=FACE_OUTER_BOUND('',#834,.T.);
#470=FACE_OUTER_BOUND('',#835,.T.);
#471=FACE_OUTER_BOUND('',#836,.T.);
#472=FACE_OUTER_BOUND('',#837,.T.);
#473=FACE_OUTER_BOUND('',#838,.T.);
#474=FACE_OUTER_BOUND('',#839,.T.);
#475=FACE_OUTER_BOUND('',#840,.T.);
#476=FACE_OUTER_BOUND('',#841,.T.);
#477=FACE_OUTER_BOUND('',#842,.T.);
#478=FACE_OUTER_BOUND('',#843,.T.);
#479=FACE_OUTER_BOUND('',#844,.T.);
#480=FACE_OUTER_BOUND('',#845,.T.);
#481=FACE_OUTER_BOUND('',#846,.T.);
#482=FACE_OUTER_BOUND('',#847,.T.);
#483=FACE_OUTER_BOUND('',#848,.T.);
#484=FACE_OUTER_BOUND('',#849,.T.);
#485=FACE_OUTER_BOUND('',#850,.T.);
#486=FACE_OUTER_BOUND('',#851,.T.);
#487=FACE_OUTER_BOUND('',#852,.T.);
#488=FACE_OUTER_BOUND('',#853,.T.);
#489=FACE_OUTER_BOUND('',#854,.T.);
#490=FACE_OUTER_BOUND('',#855,.T.);
#491=FACE_OUTER_BOUND('',#856,.T.);
#492=FACE_OUTER_BOUND('',#857,.T.);
#493=FACE_OUTER_BOUND('',#858,.T.);
#494=FACE_OUTER_BOUND('',#859,.T.);
#495=FACE_OUTER_BOUND('',#860,.T.);
#496=FACE_OUTER_BOUND('',#861,.T.);
#497=FACE_OUTER_BOUND('',#862,.T.);
#498=FACE_OUTER_BOUND('',#863,.T.);
#499=FACE_OUTER_BOUND('',#864,.T.);
#500=FACE_OUTER_BOUND('',#865,.T.);
#501=FACE_OUTER_BOUND('',#866,.T.);
#502=FACE_OUTER_BOUND('',#867,.T.);
#503=FACE_OUTER_BOUND('',#868,.T.);
#504=FACE_OUTER_BOUND('',#869,.T.);
#505=FACE_OUTER_BOUND('',#870,.T.);
#506=FACE_OUTER_BOUND('',#871,.T.);
#507=FACE_OUTER_BOUND('',#872,.T.);
#508=FACE_OUTER_BOUND('',#873,.T.);
#509=FACE_OUTER_BOUND('',#874,.T.);
#510=FACE_OUTER_BOUND('',#875,.T.);
#511=FACE_OUTER_BOUND('',#876,.T.);
#512=FACE_OUTER_BOUND('',#877,.T.);
#513=FACE_OUTER_BOUND('',#878,.T.);
#514=FACE_OUTER_BOUND('',#879,.T.);
#515=FACE_OUTER_BOUND('',#880,.T.);
#516=FACE_OUTER_BOUND('',#881,.T.);
#517=FACE_OUTER_BOUND('',#882,.T.);
#518=FACE_OUTER_BOUND('',#883,.T.);
#519=FACE_OUTER_BOUND('',#884,.T.);
#520=FACE_OUTER_BOUND('',#885,.T.);
#521=FACE_OUTER_BOUND('',#886,.T.);
#522=FACE_OUTER_BOUND('',#887,.T.);
#523=FACE_OUTER_BOUND('',#888,.T.);
#524=FACE_OUTER_BOUND('',#889,.T.);
#525=FACE_OUTER_BOUND('',#890,.T.);
#526=FACE_OUTER_BOUND('',#891,.T.);
#527=FACE_OUTER_BOUND('',#892,.T.);
#528=FACE_OUTER_BOUND('',#893,.T.);
#529=FACE_OUTER_BOUND('',#894,.T.);
#530=FACE_OUTER_BOUND('',#895,.T.);
#531=FACE_OUTER_BOUND('',#896,.T.);
#532=FACE_OUTER_BOUND('',#897,.T.);
#533=FACE_OUTER_BOUND('',#898,.T.);
#534=FACE_OUTER_BOUND('',#899,.T.);
#535=FACE_OUTER_BOUND('',#900,.T.);
#536=FACE_OUTER_BOUND('',#901,.T.);
#537=FACE_OUTER_BOUND('',#902,.T.);
#538=FACE_OUTER_BOUND('',#903,.T.);
#539=FACE_OUTER_BOUND('',#904,.T.);
#540=FACE_OUTER_BOUND('',#905,.T.);
#541=FACE_OUTER_BOUND('',#906,.T.);
#542=FACE_OUTER_BOUND('',#907,.T.);
#543=FACE_OUTER_BOUND('',#908,.T.);
#544=FACE_OUTER_BOUND('',#909,.T.);
#545=FACE_OUTER_BOUND('',#910,.T.);
#546=FACE_OUTER_BOUND('',#911,.T.);
#547=FACE_OUTER_BOUND('',#912,.T.);
#548=FACE_OUTER_BOUND('',#913,.T.);
#549=FACE_OUTER_BOUND('',#914,.T.);
#550=FACE_OUTER_BOUND('',#915,.T.);
#551=FACE_OUTER_BOUND('',#916,.T.);
#552=FACE_OUTER_BOUND('',#917,.T.);
#553=FACE_OUTER_BOUND('',#918,.T.);
#554=FACE_OUTER_BOUND('',#919,.T.);
#555=FACE_OUTER_BOUND('',#920,.T.);
#556=FACE_OUTER_BOUND('',#921,.T.);
#557=FACE_OUTER_BOUND('',#922,.T.);
#558=FACE_OUTER_BOUND('',#923,.T.);
#559=FACE_OUTER_BOUND('',#924,.T.);
#560=FACE_OUTER_BOUND('',#925,.T.);
#561=FACE_OUTER_BOUND('',#926,.T.);
#562=FACE_OUTER_BOUND('',#927,.T.);
#563=FACE_OUTER_BOUND('',#928,.T.);
#564=FACE_OUTER_BOUND('',#929,.T.);
#565=FACE_OUTER_BOUND('',#930,.T.);
#566=FACE_OUTER_BOUND('',#931,.T.);
#567=FACE_OUTER_BOUND('',#932,.T.);
#568=FACE_OUTER_BOUND('',#933,.T.);
#569=FACE_OUTER_BOUND('',#934,.T.);
#570=FACE_OUTER_BOUND('',#935,.T.);
#571=FACE_OUTER_BOUND('',#936,.T.);
#572=FACE_OUTER_BOUND('',#937,.T.);
#573=FACE_OUTER_BOUND('',#938,.T.);
#574=FACE_OUTER_BOUND('',#939,.T.);
#575=FACE_OUTER_BOUND('',#940,.T.);
#576=FACE_OUTER_BOUND('',#941,.T.);
#577=FACE_OUTER_BOUND('',#942,.T.);
#578=FACE_OUTER_BOUND('',#943,.T.);
#579=FACE_OUTER_BOUND('',#944,.T.);
#580=FACE_OUTER_BOUND('',#945,.T.);
#581=FACE_OUTER_BOUND('',#946,.T.);
#582=FACE_OUTER_BOUND('',#947,.T.);
#583=FACE_OUTER_BOUND('',#948,.T.);
#584=FACE_OUTER_BOUND('',#949,.T.);
#585=FACE_OUTER_BOUND('',#950,.T.);
#586=FACE_OUTER_BOUND('',#951,.T.);
#587=FACE_OUTER_BOUND('',#952,.T.);
#588=FACE_OUTER_BOUND('',#953,.T.);
#589=FACE_OUTER_BOUND('',#954,.T.);
#590=FACE_OUTER_BOUND('',#955,.T.);
#591=FACE_OUTER_BOUND('',#956,.T.);
#592=FACE_OUTER_BOUND('',#957,.T.);
#593=FACE_OUTER_BOUND('',#958,.T.);
#594=FACE_OUTER_BOUND('',#959,.T.);
#595=EDGE_LOOP('',(#3705,#3706,#3707,#3708));
#596=EDGE_LOOP('',(#3709,#3710,#3711,#3712,#3713,#3714,#3715,#3716));
#597=EDGE_LOOP('',(#3717,#3718,#3719,#3720,#3721,#3722,#3723,#3724,#3725,
#3726,#3727,#3728,#3729,#3730,#3731,#3732,#3733,#3734,#3735,#3736));
#598=EDGE_LOOP('',(#3737,#3738,#3739,#3740,#3741,#3742,#3743,#3744,#3745));
#599=EDGE_LOOP('',(#3746,#3747,#3748,#3749,#3750,#3751,#3752,#3753));
#600=EDGE_LOOP('',(#3754,#3755,#3756,#3757,#3758,#3759));
#601=EDGE_LOOP('',(#3760));
#602=EDGE_LOOP('',(#3761,#3762,#3763));
#603=EDGE_LOOP('',(#3764,#3765,#3766,#3767,#3768,#3769,#3770,#3771));
#604=EDGE_LOOP('',(#3772,#3773,#3774,#3775,#3776,#3777,#3778,#3779,#3780,
#3781,#3782,#3783,#3784,#3785,#3786,#3787,#3788,#3789,#3790));
#605=EDGE_LOOP('',(#3791,#3792,#3793));
#606=EDGE_LOOP('',(#3794,#3795,#3796,#3797,#3798,#3799,#3800,#3801));
#607=EDGE_LOOP('',(#3802,#3803,#3804,#3805,#3806,#3807,#3808,#3809,#3810,
#3811,#3812,#3813,#3814,#3815,#3816,#3817,#3818,#3819,#3820,#3821,#3822,
#3823,#3824,#3825));
#608=EDGE_LOOP('',(#3826,#3827,#3828,#3829,#3830,#3831,#3832,#3833,#3834,
#3835,#3836,#3837,#3838,#3839,#3840,#3841));
#609=EDGE_LOOP('',(#3842,#3843,#3844));
#610=EDGE_LOOP('',(#3845,#3846,#3847,#3848));
#611=EDGE_LOOP('',(#3849,#3850,#3851,#3852));
#612=EDGE_LOOP('',(#3853,#3854,#3855,#3856));
#613=EDGE_LOOP('',(#3857,#3858,#3859,#3860));
#614=EDGE_LOOP('',(#3861,#3862,#3863,#3864));
#615=EDGE_LOOP('',(#3865,#3866,#3867,#3868));
#616=EDGE_LOOP('',(#3869,#3870,#3871));
#617=EDGE_LOOP('',(#3872,#3873,#3874,#3875));
#618=EDGE_LOOP('',(#3876,#3877,#3878,#3879));
#619=EDGE_LOOP('',(#3880,#3881,#3882,#3883));
#620=EDGE_LOOP('',(#3884,#3885,#3886,#3887));
#621=EDGE_LOOP('',(#3888,#3889,#3890,#3891));
#622=EDGE_LOOP('',(#3892,#3893,#3894,#3895));
#623=EDGE_LOOP('',(#3896,#3897,#3898,#3899));
#624=EDGE_LOOP('',(#3900,#3901,#3902,#3903));
#625=EDGE_LOOP('',(#3904,#3905,#3906,#3907));
#626=EDGE_LOOP('',(#3908,#3909,#3910,#3911));
#627=EDGE_LOOP('',(#3912,#3913,#3914,#3915));
#628=EDGE_LOOP('',(#3916,#3917,#3918,#3919));
#629=EDGE_LOOP('',(#3920,#3921,#3922,#3923));
#630=EDGE_LOOP('',(#3924,#3925,#3926,#3927));
#631=EDGE_LOOP('',(#3928,#3929,#3930,#3931));
#632=EDGE_LOOP('',(#3932,#3933,#3934,#3935));
#633=EDGE_LOOP('',(#3936,#3937,#3938,#3939));
#634=EDGE_LOOP('',(#3940,#3941,#3942,#3943));
#635=EDGE_LOOP('',(#3944,#3945,#3946,#3947,#3948,#3949,#3950,#3951,#3952));
#636=EDGE_LOOP('',(#3953,#3954,#3955,#3956));
#637=EDGE_LOOP('',(#3957,#3958,#3959,#3960));
#638=EDGE_LOOP('',(#3961,#3962,#3963,#3964));
#639=EDGE_LOOP('',(#3965,#3966,#3967,#3968));
#640=EDGE_LOOP('',(#3969,#3970,#3971,#3972));
#641=EDGE_LOOP('',(#3973,#3974,#3975,#3976));
#642=EDGE_LOOP('',(#3977,#3978,#3979,#3980));
#643=EDGE_LOOP('',(#3981,#3982,#3983,#3984));
#644=EDGE_LOOP('',(#3985,#3986,#3987,#3988));
#645=EDGE_LOOP('',(#3989,#3990,#3991,#3992));
#646=EDGE_LOOP('',(#3993,#3994,#3995,#3996));
#647=EDGE_LOOP('',(#3997,#3998,#3999,#4000));
#648=EDGE_LOOP('',(#4001,#4002,#4003,#4004));
#649=EDGE_LOOP('',(#4005,#4006,#4007,#4008));
#650=EDGE_LOOP('',(#4009,#4010,#4011,#4012));
#651=EDGE_LOOP('',(#4013,#4014,#4015,#4016));
#652=EDGE_LOOP('',(#4017,#4018,#4019,#4020,#4021,#4022,#4023,#4024));
#653=EDGE_LOOP('',(#4025,#4026,#4027,#4028,#4029,#4030,#4031,#4032));
#654=EDGE_LOOP('',(#4033,#4034,#4035,#4036,#4037,#4038));
#655=EDGE_LOOP('',(#4039,#4040,#4041,#4042,#4043,#4044,#4045,#4046));
#656=EDGE_LOOP('',(#4047,#4048,#4049,#4050,#4051,#4052,#4053,#4054));
#657=EDGE_LOOP('',(#4055,#4056,#4057,#4058,#4059,#4060,#4061,#4062));
#658=EDGE_LOOP('',(#4063));
#659=EDGE_LOOP('',(#4064));
#660=EDGE_LOOP('',(#4065));
#661=EDGE_LOOP('',(#4066,#4067,#4068,#4069,#4070,#4071,#4072,#4073,#4074,
#4075,#4076,#4077,#4078,#4079,#4080,#4081));
#662=EDGE_LOOP('',(#4082,#4083,#4084,#4085,#4086,#4087,#4088,#4089,#4090,
#4091));
#663=EDGE_LOOP('',(#4092,#4093,#4094,#4095));
#664=EDGE_LOOP('',(#4096,#4097,#4098,#4099));
#665=EDGE_LOOP('',(#4100,#4101,#4102,#4103));
#666=EDGE_LOOP('',(#4104,#4105,#4106,#4107));
#667=EDGE_LOOP('',(#4108,#4109,#4110,#4111));
#668=EDGE_LOOP('',(#4112,#4113,#4114,#4115));
#669=EDGE_LOOP('',(#4116,#4117,#4118,#4119));
#670=EDGE_LOOP('',(#4120,#4121,#4122,#4123));
#671=EDGE_LOOP('',(#4124,#4125,#4126,#4127));
#672=EDGE_LOOP('',(#4128,#4129,#4130,#4131));
#673=EDGE_LOOP('',(#4132,#4133,#4134,#4135));
#674=EDGE_LOOP('',(#4136,#4137,#4138,#4139));
#675=EDGE_LOOP('',(#4140,#4141,#4142,#4143,#4144));
#676=EDGE_LOOP('',(#4145,#4146,#4147,#4148));
#677=EDGE_LOOP('',(#4149,#4150,#4151,#4152,#4153));
#678=EDGE_LOOP('',(#4154,#4155,#4156,#4157,#4158,#4159));
#679=EDGE_LOOP('',(#4160,#4161,#4162,#4163));
#680=EDGE_LOOP('',(#4164,#4165,#4166,#4167,#4168,#4169,#4170,#4171,#4172,
#4173,#4174,#4175,#4176,#4177,#4178,#4179,#4180,#4181));
#681=EDGE_LOOP('',(#4182,#4183,#4184,#4185,#4186,#4187));
#682=EDGE_LOOP('',(#4188,#4189,#4190,#4191,#4192));
#683=EDGE_LOOP('',(#4193,#4194,#4195,#4196));
#684=EDGE_LOOP('',(#4197,#4198,#4199,#4200));
#685=EDGE_LOOP('',(#4201,#4202,#4203,#4204));
#686=EDGE_LOOP('',(#4205,#4206,#4207,#4208));
#687=EDGE_LOOP('',(#4209,#4210,#4211,#4212));
#688=EDGE_LOOP('',(#4213,#4214,#4215,#4216));
#689=EDGE_LOOP('',(#4217,#4218,#4219,#4220));
#690=EDGE_LOOP('',(#4221,#4222,#4223,#4224));
#691=EDGE_LOOP('',(#4225,#4226,#4227,#4228));
#692=EDGE_LOOP('',(#4229,#4230,#4231,#4232));
#693=EDGE_LOOP('',(#4233,#4234,#4235,#4236));
#694=EDGE_LOOP('',(#4237,#4238,#4239,#4240));
#695=EDGE_LOOP('',(#4241,#4242,#4243,#4244));
#696=EDGE_LOOP('',(#4245,#4246,#4247,#4248));
#697=EDGE_LOOP('',(#4249,#4250,#4251,#4252));
#698=EDGE_LOOP('',(#4253,#4254,#4255,#4256));
#699=EDGE_LOOP('',(#4257,#4258,#4259,#4260,#4261,#4262));
#700=EDGE_LOOP('',(#4263,#4264,#4265,#4266));
#701=EDGE_LOOP('',(#4267,#4268,#4269,#4270));
#702=EDGE_LOOP('',(#4271,#4272,#4273,#4274));
#703=EDGE_LOOP('',(#4275,#4276,#4277,#4278));
#704=EDGE_LOOP('',(#4279,#4280,#4281,#4282));
#705=EDGE_LOOP('',(#4283,#4284,#4285,#4286));
#706=EDGE_LOOP('',(#4287));
#707=EDGE_LOOP('',(#4288,#4289,#4290,#4291));
#708=EDGE_LOOP('',(#4292));
#709=EDGE_LOOP('',(#4293,#4294,#4295,#4296));
#710=EDGE_LOOP('',(#4297));
#711=EDGE_LOOP('',(#4298,#4299,#4300,#4301,#4302));
#712=EDGE_LOOP('',(#4303,#4304,#4305,#4306,#4307));
#713=EDGE_LOOP('',(#4308,#4309,#4310,#4311,#4312));
#714=EDGE_LOOP('',(#4313,#4314,#4315,#4316,#4317));
#715=EDGE_LOOP('',(#4318,#4319,#4320,#4321));
#716=EDGE_LOOP('',(#4322,#4323,#4324,#4325));
#717=EDGE_LOOP('',(#4326,#4327,#4328,#4329));
#718=EDGE_LOOP('',(#4330,#4331,#4332,#4333));
#719=EDGE_LOOP('',(#4334,#4335,#4336,#4337));
#720=EDGE_LOOP('',(#4338,#4339,#4340,#4341));
#721=EDGE_LOOP('',(#4342,#4343,#4344,#4345));
#722=EDGE_LOOP('',(#4346,#4347,#4348,#4349));
#723=EDGE_LOOP('',(#4350,#4351,#4352,#4353));
#724=EDGE_LOOP('',(#4354,#4355,#4356,#4357));
#725=EDGE_LOOP('',(#4358,#4359,#4360,#4361));
#726=EDGE_LOOP('',(#4362,#4363,#4364,#4365));
#727=EDGE_LOOP('',(#4366,#4367,#4368,#4369));
#728=EDGE_LOOP('',(#4370,#4371,#4372,#4373));
#729=EDGE_LOOP('',(#4374,#4375,#4376,#4377));
#730=EDGE_LOOP('',(#4378,#4379,#4380,#4381));
#731=EDGE_LOOP('',(#4382,#4383,#4384,#4385,#4386));
#732=EDGE_LOOP('',(#4387,#4388,#4389,#4390,#4391));
#733=EDGE_LOOP('',(#4392,#4393,#4394,#4395,#4396));
#734=EDGE_LOOP('',(#4397,#4398,#4399,#4400));
#735=EDGE_LOOP('',(#4401,#4402,#4403,#4404,#4405));
#736=EDGE_LOOP('',(#4406,#4407,#4408,#4409,#4410,#4411));
#737=EDGE_LOOP('',(#4412,#4413,#4414,#4415,#4416));
#738=EDGE_LOOP('',(#4417,#4418,#4419,#4420));
#739=EDGE_LOOP('',(#4421,#4422,#4423,#4424,#4425));
#740=EDGE_LOOP('',(#4426,#4427,#4428,#4429));
#741=EDGE_LOOP('',(#4430,#4431,#4432,#4433));
#742=EDGE_LOOP('',(#4434,#4435,#4436,#4437,#4438,#4439));
#743=EDGE_LOOP('',(#4440));
#744=EDGE_LOOP('',(#4441,#4442,#4443,#4444));
#745=EDGE_LOOP('',(#4445));
#746=EDGE_LOOP('',(#4446));
#747=EDGE_LOOP('',(#4447,#4448,#4449,#4450,#4451));
#748=EDGE_LOOP('',(#4452,#4453,#4454,#4455,#4456));
#749=EDGE_LOOP('',(#4457));
#750=EDGE_LOOP('',(#4458,#4459,#4460,#4461));
#751=EDGE_LOOP('',(#4462,#4463,#4464,#4465));
#752=EDGE_LOOP('',(#4466,#4467,#4468,#4469));
#753=EDGE_LOOP('',(#4470,#4471,#4472,#4473));
#754=EDGE_LOOP('',(#4474,#4475,#4476,#4477));
#755=EDGE_LOOP('',(#4478,#4479,#4480,#4481,#4482));
#756=EDGE_LOOP('',(#4483,#4484,#4485,#4486));
#757=EDGE_LOOP('',(#4487,#4488,#4489,#4490));
#758=EDGE_LOOP('',(#4491,#4492,#4493,#4494));
#759=EDGE_LOOP('',(#4495,#4496,#4497,#4498));
#760=EDGE_LOOP('',(#4499,#4500,#4501,#4502));
#761=EDGE_LOOP('',(#4503,#4504,#4505,#4506));
#762=EDGE_LOOP('',(#4507,#4508,#4509,#4510));
#763=EDGE_LOOP('',(#4511,#4512,#4513,#4514));
#764=EDGE_LOOP('',(#4515,#4516,#4517,#4518));
#765=EDGE_LOOP('',(#4519,#4520,#4521,#4522));
#766=EDGE_LOOP('',(#4523,#4524,#4525,#4526));
#767=EDGE_LOOP('',(#4527,#4528,#4529,#4530));
#768=EDGE_LOOP('',(#4531,#4532,#4533,#4534));
#769=EDGE_LOOP('',(#4535,#4536,#4537,#4538));
#770=EDGE_LOOP('',(#4539,#4540,#4541,#4542));
#771=EDGE_LOOP('',(#4543,#4544,#4545,#4546,#4547,#4548,#4549,#4550));
#772=EDGE_LOOP('',(#4551,#4552,#4553,#4554,#4555,#4556,#4557,#4558));
#773=EDGE_LOOP('',(#4559,#4560,#4561,#4562));
#774=EDGE_LOOP('',(#4563,#4564,#4565,#4566));
#775=EDGE_LOOP('',(#4567,#4568,#4569,#4570));
#776=EDGE_LOOP('',(#4571,#4572,#4573,#4574));
#777=EDGE_LOOP('',(#4575,#4576,#4577,#4578));
#778=EDGE_LOOP('',(#4579,#4580,#4581,#4582));
#779=EDGE_LOOP('',(#4583,#4584,#4585,#4586));
#780=EDGE_LOOP('',(#4587,#4588,#4589,#4590));
#781=EDGE_LOOP('',(#4591,#4592,#4593,#4594));
#782=EDGE_LOOP('',(#4595,#4596,#4597,#4598));
#783=EDGE_LOOP('',(#4599,#4600,#4601,#4602));
#784=EDGE_LOOP('',(#4603,#4604,#4605,#4606));
#785=EDGE_LOOP('',(#4607,#4608,#4609,#4610));
#786=EDGE_LOOP('',(#4611,#4612,#4613,#4614));
#787=EDGE_LOOP('',(#4615,#4616,#4617,#4618));
#788=EDGE_LOOP('',(#4619,#4620,#4621,#4622));
#789=EDGE_LOOP('',(#4623,#4624,#4625,#4626));
#790=EDGE_LOOP('',(#4627,#4628,#4629,#4630));
#791=EDGE_LOOP('',(#4631,#4632,#4633,#4634));
#792=EDGE_LOOP('',(#4635,#4636,#4637,#4638));
#793=EDGE_LOOP('',(#4639,#4640,#4641,#4642));
#794=EDGE_LOOP('',(#4643,#4644,#4645,#4646));
#795=EDGE_LOOP('',(#4647,#4648,#4649,#4650));
#796=EDGE_LOOP('',(#4651,#4652,#4653,#4654));
#797=EDGE_LOOP('',(#4655,#4656,#4657,#4658));
#798=EDGE_LOOP('',(#4659,#4660,#4661,#4662));
#799=EDGE_LOOP('',(#4663,#4664,#4665,#4666));
#800=EDGE_LOOP('',(#4667,#4668,#4669,#4670,#4671,#4672,#4673,#4674,#4675,
#4676,#4677,#4678,#4679,#4680,#4681,#4682));
#801=EDGE_LOOP('',(#4683,#4684,#4685,#4686,#4687,#4688,#4689,#4690,#4691,
#4692));
#802=EDGE_LOOP('',(#4693,#4694,#4695,#4696));
#803=EDGE_LOOP('',(#4697,#4698,#4699,#4700));
#804=EDGE_LOOP('',(#4701,#4702,#4703,#4704));
#805=EDGE_LOOP('',(#4705,#4706,#4707,#4708));
#806=EDGE_LOOP('',(#4709,#4710,#4711,#4712));
#807=EDGE_LOOP('',(#4713,#4714,#4715,#4716));
#808=EDGE_LOOP('',(#4717,#4718,#4719,#4720));
#809=EDGE_LOOP('',(#4721,#4722,#4723,#4724));
#810=EDGE_LOOP('',(#4725,#4726,#4727,#4728));
#811=EDGE_LOOP('',(#4729,#4730,#4731,#4732));
#812=EDGE_LOOP('',(#4733,#4734,#4735,#4736));
#813=EDGE_LOOP('',(#4737,#4738,#4739,#4740));
#814=EDGE_LOOP('',(#4741,#4742,#4743,#4744));
#815=EDGE_LOOP('',(#4745,#4746,#4747,#4748));
#816=EDGE_LOOP('',(#4749,#4750,#4751,#4752));
#817=EDGE_LOOP('',(#4753,#4754,#4755,#4756));
#818=EDGE_LOOP('',(#4757,#4758,#4759,#4760));
#819=EDGE_LOOP('',(#4761));
#820=EDGE_LOOP('',(#4762));
#821=EDGE_LOOP('',(#4763,#4764,#4765,#4766));
#822=EDGE_LOOP('',(#4767));
#823=EDGE_LOOP('',(#4768,#4769,#4770,#4771));
#824=EDGE_LOOP('',(#4772,#4773,#4774,#4775));
#825=EDGE_LOOP('',(#4776,#4777,#4778,#4779));
#826=EDGE_LOOP('',(#4780,#4781,#4782));
#827=EDGE_LOOP('',(#4783,#4784,#4785,#4786,#4787,#4788,#4789,#4790));
#828=EDGE_LOOP('',(#4791,#4792,#4793,#4794,#4795,#4796,#4797,#4798,#4799,
#4800,#4801,#4802,#4803,#4804,#4805,#4806,#4807,#4808,#4809));
#829=EDGE_LOOP('',(#4810,#4811,#4812));
#830=EDGE_LOOP('',(#4813,#4814,#4815,#4816,#4817,#4818,#4819,#4820));
#831=EDGE_LOOP('',(#4821,#4822,#4823,#4824,#4825,#4826,#4827,#4828));
#832=EDGE_LOOP('',(#4829,#4830,#4831,#4832,#4833,#4834,#4835,#4836,#4837,
#4838,#4839,#4840,#4841,#4842,#4843,#4844,#4845,#4846,#4847,#4848,#4849,
#4850,#4851,#4852));
#833=EDGE_LOOP('',(#4853,#4854,#4855,#4856,#4857,#4858,#4859,#4860,#4861,
#4862,#4863,#4864,#4865,#4866,#4867,#4868));
#834=EDGE_LOOP('',(#4869,#4870,#4871));
#835=EDGE_LOOP('',(#4872,#4873,#4874,#4875));
#836=EDGE_LOOP('',(#4876,#4877,#4878,#4879));
#837=EDGE_LOOP('',(#4880,#4881,#4882,#4883));
#838=EDGE_LOOP('',(#4884,#4885,#4886,#4887));
#839=EDGE_LOOP('',(#4888,#4889,#4890,#4891));
#840=EDGE_LOOP('',(#4892,#4893,#4894,#4895));
#841=EDGE_LOOP('',(#4896,#4897,#4898));
#842=EDGE_LOOP('',(#4899,#4900,#4901,#4902));
#843=EDGE_LOOP('',(#4903,#4904,#4905,#4906));
#844=EDGE_LOOP('',(#4907,#4908,#4909,#4910));
#845=EDGE_LOOP('',(#4911,#4912,#4913,#4914));
#846=EDGE_LOOP('',(#4915,#4916,#4917,#4918));
#847=EDGE_LOOP('',(#4919,#4920,#4921,#4922));
#848=EDGE_LOOP('',(#4923,#4924,#4925,#4926));
#849=EDGE_LOOP('',(#4927,#4928,#4929,#4930));
#850=EDGE_LOOP('',(#4931,#4932,#4933,#4934));
#851=EDGE_LOOP('',(#4935,#4936,#4937,#4938));
#852=EDGE_LOOP('',(#4939,#4940,#4941,#4942));
#853=EDGE_LOOP('',(#4943,#4944,#4945,#4946));
#854=EDGE_LOOP('',(#4947,#4948,#4949,#4950));
#855=EDGE_LOOP('',(#4951,#4952,#4953,#4954));
#856=EDGE_LOOP('',(#4955,#4956,#4957,#4958));
#857=EDGE_LOOP('',(#4959,#4960,#4961,#4962));
#858=EDGE_LOOP('',(#4963,#4964,#4965,#4966));
#859=EDGE_LOOP('',(#4967,#4968,#4969,#4970));
#860=EDGE_LOOP('',(#4971,#4972,#4973,#4974));
#861=EDGE_LOOP('',(#4975,#4976,#4977,#4978));
#862=EDGE_LOOP('',(#4979,#4980,#4981,#4982));
#863=EDGE_LOOP('',(#4983,#4984,#4985,#4986));
#864=EDGE_LOOP('',(#4987,#4988,#4989,#4990));
#865=EDGE_LOOP('',(#4991,#4992,#4993,#4994));
#866=EDGE_LOOP('',(#4995,#4996,#4997,#4998));
#867=EDGE_LOOP('',(#4999,#5000,#5001,#5002));
#868=EDGE_LOOP('',(#5003,#5004,#5005,#5006));
#869=EDGE_LOOP('',(#5007,#5008,#5009,#5010));
#870=EDGE_LOOP('',(#5011,#5012,#5013,#5014));
#871=EDGE_LOOP('',(#5015,#5016,#5017,#5018));
#872=EDGE_LOOP('',(#5019,#5020,#5021,#5022));
#873=EDGE_LOOP('',(#5023,#5024,#5025,#5026));
#874=EDGE_LOOP('',(#5027,#5028,#5029,#5030));
#875=EDGE_LOOP('',(#5031,#5032,#5033,#5034));
#876=EDGE_LOOP('',(#5035,#5036,#5037,#5038));
#877=EDGE_LOOP('',(#5039,#5040,#5041,#5042));
#878=EDGE_LOOP('',(#5043,#5044,#5045,#5046));
#879=EDGE_LOOP('',(#5047,#5048,#5049,#5050));
#880=EDGE_LOOP('',(#5051,#5052,#5053,#5054));
#881=EDGE_LOOP('',(#5055,#5056,#5057,#5058));
#882=EDGE_LOOP('',(#5059,#5060,#5061,#5062));
#883=EDGE_LOOP('',(#5063,#5064,#5065,#5066));
#884=EDGE_LOOP('',(#5067,#5068,#5069,#5070));
#885=EDGE_LOOP('',(#5071,#5072,#5073,#5074));
#886=EDGE_LOOP('',(#5075,#5076,#5077,#5078));
#887=EDGE_LOOP('',(#5079,#5080,#5081,#5082));
#888=EDGE_LOOP('',(#5083,#5084,#5085,#5086));
#889=EDGE_LOOP('',(#5087,#5088,#5089,#5090));
#890=EDGE_LOOP('',(#5091,#5092,#5093,#5094));
#891=EDGE_LOOP('',(#5095,#5096,#5097,#5098));
#892=EDGE_LOOP('',(#5099,#5100,#5101,#5102));
#893=EDGE_LOOP('',(#5103,#5104,#5105,#5106));
#894=EDGE_LOOP('',(#5107,#5108,#5109,#5110));
#895=EDGE_LOOP('',(#5111,#5112,#5113,#5114));
#896=EDGE_LOOP('',(#5115,#5116,#5117,#5118));
#897=EDGE_LOOP('',(#5119,#5120,#5121,#5122));
#898=EDGE_LOOP('',(#5123,#5124,#5125,#5126));
#899=EDGE_LOOP('',(#5127,#5128,#5129,#5130));
#900=EDGE_LOOP('',(#5131,#5132,#5133,#5134));
#901=EDGE_LOOP('',(#5135,#5136,#5137,#5138));
#902=EDGE_LOOP('',(#5139,#5140,#5141,#5142));
#903=EDGE_LOOP('',(#5143,#5144,#5145,#5146));
#904=EDGE_LOOP('',(#5147,#5148,#5149,#5150));
#905=EDGE_LOOP('',(#5151,#5152,#5153,#5154));
#906=EDGE_LOOP('',(#5155,#5156,#5157,#5158));
#907=EDGE_LOOP('',(#5159,#5160,#5161,#5162));
#908=EDGE_LOOP('',(#5163,#5164,#5165,#5166));
#909=EDGE_LOOP('',(#5167,#5168,#5169,#5170));
#910=EDGE_LOOP('',(#5171,#5172,#5173,#5174));
#911=EDGE_LOOP('',(#5175,#5176,#5177,#5178));
#912=EDGE_LOOP('',(#5179,#5180,#5181,#5182));
#913=EDGE_LOOP('',(#5183,#5184,#5185,#5186));
#914=EDGE_LOOP('',(#5187,#5188,#5189,#5190));
#915=EDGE_LOOP('',(#5191,#5192,#5193,#5194));
#916=EDGE_LOOP('',(#5195,#5196,#5197,#5198));
#917=EDGE_LOOP('',(#5199,#5200,#5201,#5202));
#918=EDGE_LOOP('',(#5203,#5204,#5205,#5206));
#919=EDGE_LOOP('',(#5207,#5208,#5209,#5210));
#920=EDGE_LOOP('',(#5211,#5212,#5213,#5214));
#921=EDGE_LOOP('',(#5215,#5216,#5217,#5218));
#922=EDGE_LOOP('',(#5219,#5220,#5221,#5222));
#923=EDGE_LOOP('',(#5223,#5224,#5225,#5226));
#924=EDGE_LOOP('',(#5227,#5228,#5229,#5230));
#925=EDGE_LOOP('',(#5231,#5232,#5233,#5234));
#926=EDGE_LOOP('',(#5235,#5236,#5237,#5238));
#927=EDGE_LOOP('',(#5239,#5240,#5241,#5242));
#928=EDGE_LOOP('',(#5243,#5244,#5245,#5246));
#929=EDGE_LOOP('',(#5247,#5248,#5249,#5250));
#930=EDGE_LOOP('',(#5251,#5252,#5253,#5254));
#931=EDGE_LOOP('',(#5255,#5256,#5257,#5258));
#932=EDGE_LOOP('',(#5259,#5260,#5261,#5262));
#933=EDGE_LOOP('',(#5263,#5264,#5265,#5266));
#934=EDGE_LOOP('',(#5267,#5268,#5269,#5270));
#935=EDGE_LOOP('',(#5271,#5272,#5273,#5274));
#936=EDGE_LOOP('',(#5275,#5276,#5277,#5278));
#937=EDGE_LOOP('',(#5279,#5280,#5281,#5282));
#938=EDGE_LOOP('',(#5283,#5284,#5285,#5286));
#939=EDGE_LOOP('',(#5287,#5288,#5289,#5290));
#940=EDGE_LOOP('',(#5291,#5292,#5293,#5294));
#941=EDGE_LOOP('',(#5295,#5296,#5297,#5298));
#942=EDGE_LOOP('',(#5299,#5300,#5301,#5302));
#943=EDGE_LOOP('',(#5303,#5304,#5305,#5306));
#944=EDGE_LOOP('',(#5307,#5308,#5309,#5310));
#945=EDGE_LOOP('',(#5311,#5312,#5313,#5314));
#946=EDGE_LOOP('',(#5315,#5316,#5317,#5318));
#947=EDGE_LOOP('',(#5319,#5320,#5321,#5322));
#948=EDGE_LOOP('',(#5323,#5324,#5325,#5326));
#949=EDGE_LOOP('',(#5327,#5328,#5329,#5330));
#950=EDGE_LOOP('',(#5331,#5332,#5333,#5334));
#951=EDGE_LOOP('',(#5335,#5336,#5337,#5338));
#952=EDGE_LOOP('',(#5339,#5340,#5341,#5342));
#953=EDGE_LOOP('',(#5343,#5344,#5345,#5346));
#954=EDGE_LOOP('',(#5347,#5348,#5349,#5350));
#955=EDGE_LOOP('',(#5351,#5352,#5353,#5354));
#956=EDGE_LOOP('',(#5355,#5356,#5357,#5358));
#957=EDGE_LOOP('',(#5359));
#958=EDGE_LOOP('',(#5360,#5361,#5362,#5363));
#959=EDGE_LOOP('',(#5364));
#960=LINE('',#8023,#1652);
#961=LINE('',#8025,#1653);
#962=LINE('',#8027,#1654);
#963=LINE('',#8028,#1655);
#964=LINE('',#8032,#1656);
#965=LINE('',#8034,#1657);
#966=LINE('',#8036,#1658);
#967=LINE('',#8038,#1659);
#968=LINE('',#8040,#1660);
#969=LINE('',#8042,#1661);
#970=LINE('',#8044,#1662);
#971=LINE('',#8045,#1663);
#972=LINE('',#8049,#1664);
#973=LINE('',#8051,#1665);
#974=LINE('',#8055,#1666);
#975=LINE('',#8059,#1667);
#976=LINE('',#8063,#1668);
#977=LINE('',#8065,#1669);
#978=LINE('',#8067,#1670);
#979=LINE('',#8071,#1671);
#980=LINE('',#8073,#1672);
#981=LINE('',#8075,#1673);
#982=LINE('',#8079,#1674);
#983=LINE('',#8081,#1675);
#984=LINE('',#8083,#1676);
#985=LINE('',#8086,#1677);
#986=LINE('',#8091,#1678);
#987=LINE('',#8095,#1679);
#988=LINE('',#8099,#1680);
#989=LINE('',#8103,#1681);
#990=LINE('',#8109,#1682);
#991=LINE('',#8113,#1683);
#992=LINE('',#8117,#1684);
#993=LINE('',#8120,#1685);
#994=LINE('',#8125,#1686);
#995=LINE('',#8129,#1687);
#996=LINE('',#8132,#1688);
#997=LINE('',#8137,#1689);
#998=LINE('',#8139,#1690);
#999=LINE('',#8140,#1691);
#1000=LINE('',#8143,#1692);
#1001=LINE('',#8145,#1693);
#1002=LINE('',#8147,#1694);
#1003=LINE('',#8149,#1695);
#1004=LINE('',#8151,#1696);
#1005=LINE('',#8153,#1697);
#1006=LINE('',#8155,#1698);
#1007=LINE('',#8156,#1699);
#1008=LINE('',#8159,#1700);
#1009=LINE('',#8161,#1701);
#1010=LINE('',#8163,#1702);
#1011=LINE('',#8165,#1703);
#1012=LINE('',#8167,#1704);
#1013=LINE('',#8169,#1705);
#1014=LINE('',#8171,#1706);
#1015=LINE('',#8173,#1707);
#1016=LINE('',#8175,#1708);
#1017=LINE('',#8177,#1709);
#1018=LINE('',#8179,#1710);
#1019=LINE('',#8181,#1711);
#1020=LINE('',#8183,#1712);
#1021=LINE('',#8185,#1713);
#1022=LINE('',#8187,#1714);
#1023=LINE('',#8189,#1715);
#1024=LINE('',#8191,#1716);
#1025=LINE('',#8193,#1717);
#1026=LINE('',#8194,#1718);
#1027=LINE('',#8197,#1719);
#1028=LINE('',#8199,#1720);
#1029=LINE('',#8200,#1721);
#1030=LINE('',#8203,#1722);
#1031=LINE('',#8205,#1723);
#1032=LINE('',#8207,#1724);
#1033=LINE('',#8209,#1725);
#1034=LINE('',#8211,#1726);
#1035=LINE('',#8213,#1727);
#1036=LINE('',#8215,#1728);
#1037=LINE('',#8216,#1729);
#1038=LINE('',#8219,#1730);
#1039=LINE('',#8221,#1731);
#1040=LINE('',#8223,#1732);
#1041=LINE('',#8225,#1733);
#1042=LINE('',#8227,#1734);
#1043=LINE('',#8229,#1735);
#1044=LINE('',#8231,#1736);
#1045=LINE('',#8233,#1737);
#1046=LINE('',#8235,#1738);
#1047=LINE('',#8237,#1739);
#1048=LINE('',#8239,#1740);
#1049=LINE('',#8241,#1741);
#1050=LINE('',#8243,#1742);
#1051=LINE('',#8245,#1743);
#1052=LINE('',#8247,#1744);
#1053=LINE('',#8249,#1745);
#1054=LINE('',#8251,#1746);
#1055=LINE('',#8253,#1747);
#1056=LINE('',#8255,#1748);
#1057=LINE('',#8257,#1749);
#1058=LINE('',#8259,#1750);
#1059=LINE('',#8261,#1751);
#1060=LINE('',#8263,#1752);
#1061=LINE('',#8264,#1753);
#1062=LINE('',#8267,#1754);
#1063=LINE('',#8269,#1755);
#1064=LINE('',#8271,#1756);
#1065=LINE('',#8273,#1757);
#1066=LINE('',#8275,#1758);
#1067=LINE('',#8276,#1759);
#1068=LINE('',#8278,#1760);
#1069=LINE('',#8280,#1761);
#1070=LINE('',#8282,#1762);
#1071=LINE('',#8284,#1763);
#1072=LINE('',#8286,#1764);
#1073=LINE('',#8288,#1765);
#1074=LINE('',#8290,#1766);
#1075=LINE('',#8292,#1767);
#1076=LINE('',#8293,#1768);
#1077=LINE('',#8296,#1769);
#1078=LINE('',#8298,#1770);
#1079=LINE('',#8299,#1771);
#1080=LINE('',#8302,#1772);
#1081=LINE('',#8304,#1773);
#1082=LINE('',#8306,#1774);
#1083=LINE('',#8307,#1775);
#1084=LINE('',#8310,#1776);
#1085=LINE('',#8312,#1777);
#1086=LINE('',#8314,#1778);
#1087=LINE('',#8315,#1779);
#1088=LINE('',#8318,#1780);
#1089=LINE('',#8320,#1781);
#1090=LINE('',#8322,#1782);
#1091=LINE('',#8323,#1783);
#1092=LINE('',#8326,#1784);
#1093=LINE('',#8328,#1785);
#1094=LINE('',#8330,#1786);
#1095=LINE('',#8331,#1787);
#1096=LINE('',#8334,#1788);
#1097=LINE('',#8336,#1789);
#1098=LINE('',#8338,#1790);
#1099=LINE('',#8339,#1791);
#1100=LINE('',#8342,#1792);
#1101=LINE('',#8344,#1793);
#1102=LINE('',#8346,#1794);
#1103=LINE('',#8347,#1795);
#1104=LINE('',#8350,#1796);
#1105=LINE('',#8352,#1797);
#1106=LINE('',#8353,#1798);
#1107=LINE('',#8364,#1799);
#1108=LINE('',#8367,#1800);
#1109=LINE('',#8368,#1801);
#1110=LINE('',#8372,#1802);
#1111=LINE('',#8375,#1803);
#1112=LINE('',#8376,#1804);
#1113=LINE('',#8380,#1805);
#1114=LINE('',#8383,#1806);
#1115=LINE('',#8384,#1807);
#1116=LINE('',#8388,#1808);
#1117=LINE('',#8391,#1809);
#1118=LINE('',#8392,#1810);
#1119=LINE('',#8397,#1811);
#1120=LINE('',#8400,#1812);
#1121=LINE('',#8404,#1813);
#1122=LINE('',#8407,#1814);
#1123=LINE('',#8408,#1815);
#1124=LINE('',#8412,#1816);
#1125=LINE('',#8415,#1817);
#1126=LINE('',#8416,#1818);
#1127=LINE('',#8420,#1819);
#1128=LINE('',#8423,#1820);
#1129=LINE('',#8424,#1821);
#1130=LINE('',#8428,#1822);
#1131=LINE('',#8430,#1823);
#1132=LINE('',#8434,#1824);
#1133=LINE('',#8437,#1825);
#1134=LINE('',#8440,#1826);
#1135=LINE('',#8441,#1827);
#1136=LINE('',#8445,#1828);
#1137=LINE('',#8448,#1829);
#1138=LINE('',#8449,#1830);
#1139=LINE('',#8453,#1831);
#1140=LINE('',#8456,#1832);
#1141=LINE('',#8457,#1833);
#1142=LINE('',#8461,#1834);
#1143=LINE('',#8463,#1835);
#1144=LINE('',#8466,#1836);
#1145=LINE('',#8468,#1837);
#1146=LINE('',#8469,#1838);
#1147=LINE('',#8473,#1839);
#1148=LINE('',#8476,#1840);
#1149=LINE('',#8477,#1841);
#1150=LINE('',#8481,#1842);
#1151=LINE('',#8484,#1843);
#1152=LINE('',#8485,#1844);
#1153=LINE('',#8489,#1845);
#1154=LINE('',#8492,#1846);
#1155=LINE('',#8493,#1847);
#1156=LINE('',#8499,#1848);
#1157=LINE('',#8501,#1849);
#1158=LINE('',#8503,#1850);
#1159=LINE('',#8507,#1851);
#1160=LINE('',#8511,#1852);
#1161=LINE('',#8517,#1853);
#1162=LINE('',#8521,#1854);
#1163=LINE('',#8524,#1855);
#1164=LINE('',#8529,#1856);
#1165=LINE('',#8531,#1857);
#1166=LINE('',#8539,#1858);
#1167=LINE('',#8540,#1859);
#1168=LINE('',#8543,#1860);
#1169=LINE('',#8547,#1861);
#1170=LINE('',#8551,#1862);
#1171=LINE('',#8555,#1863);
#1172=LINE('',#8561,#1864);
#1173=LINE('',#8565,#1865);
#1174=LINE('',#8569,#1866);
#1175=LINE('',#8572,#1867);
#1176=LINE('',#8581,#1868);
#1177=LINE('',#8583,#1869);
#1178=LINE('',#8585,#1870);
#1179=LINE('',#8587,#1871);
#1180=LINE('',#8589,#1872);
#1181=LINE('',#8591,#1873);
#1182=LINE('',#8593,#1874);
#1183=LINE('',#8595,#1875);
#1184=LINE('',#8597,#1876);
#1185=LINE('',#8599,#1877);
#1186=LINE('',#8601,#1878);
#1187=LINE('',#8603,#1879);
#1188=LINE('',#8605,#1880);
#1189=LINE('',#8607,#1881);
#1190=LINE('',#8609,#1882);
#1191=LINE('',#8610,#1883);
#1192=LINE('',#8614,#1884);
#1193=LINE('',#8616,#1885);
#1194=LINE('',#8618,#1886);
#1195=LINE('',#8620,#1887);
#1196=LINE('',#8622,#1888);
#1197=LINE('',#8624,#1889);
#1198=LINE('',#8626,#1890);
#1199=LINE('',#8628,#1891);
#1200=LINE('',#8630,#1892);
#1201=LINE('',#8631,#1893);
#1202=LINE('',#8636,#1894);
#1203=LINE('',#8637,#1895);
#1204=LINE('',#8639,#1896);
#1205=LINE('',#8640,#1897);
#1206=LINE('',#8643,#1898);
#1207=LINE('',#8644,#1899);
#1208=LINE('',#8648,#1900);
#1209=LINE('',#8651,#1901);
#1210=LINE('',#8652,#1902);
#1211=LINE('',#8656,#1903);
#1212=LINE('',#8658,#1904);
#1213=LINE('',#8660,#1905);
#1214=LINE('',#8662,#1906);
#1215=LINE('',#8664,#1907);
#1216=LINE('',#8666,#1908);
#1217=LINE('',#8671,#1909);
#1218=LINE('',#8673,#1910);
#1219=LINE('',#8674,#1911);
#1220=LINE('',#8675,#1912);
#1221=LINE('',#8678,#1913);
#1222=LINE('',#8680,#1914);
#1223=LINE('',#8681,#1915);
#1224=LINE('',#8684,#1916);
#1225=LINE('',#8686,#1917);
#1226=LINE('',#8687,#1918);
#1227=LINE('',#8690,#1919);
#1228=LINE('',#8691,#1920);
#1229=LINE('',#8692,#1921);
#1230=LINE('',#8695,#1922);
#1231=LINE('',#8696,#1923);
#1232=LINE('',#8699,#1924);
#1233=LINE('',#8701,#1925);
#1234=LINE('',#8703,#1926);
#1235=LINE('',#8705,#1927);
#1236=LINE('',#8707,#1928);
#1237=LINE('',#8709,#1929);
#1238=LINE('',#8711,#1930);
#1239=LINE('',#8713,#1931);
#1240=LINE('',#8715,#1932);
#1241=LINE('',#8717,#1933);
#1242=LINE('',#8719,#1934);
#1243=LINE('',#8721,#1935);
#1244=LINE('',#8723,#1936);
#1245=LINE('',#8725,#1937);
#1246=LINE('',#8726,#1938);
#1247=LINE('',#8729,#1939);
#1248=LINE('',#8730,#1940);
#1249=LINE('',#8734,#1941);
#1250=LINE('',#8735,#1942);
#1251=LINE('',#8736,#1943);
#1252=LINE('',#8739,#1944);
#1253=LINE('',#8741,#1945);
#1254=LINE('',#8742,#1946);
#1255=LINE('',#8748,#1947);
#1256=LINE('',#8750,#1948);
#1257=LINE('',#8753,#1949);
#1258=LINE('',#8754,#1950);
#1259=LINE('',#8758,#1951);
#1260=LINE('',#8761,#1952);
#1261=LINE('',#8762,#1953);
#1262=LINE('',#8765,#1954);
#1263=LINE('',#8767,#1955);
#1264=LINE('',#8768,#1956);
#1265=LINE('',#8774,#1957);
#1266=LINE('',#8776,#1958);
#1267=LINE('',#8780,#1959);
#1268=LINE('',#8782,#1960);
#1269=LINE('',#8783,#1961);
#1270=LINE('',#8785,#1962);
#1271=LINE('',#8788,#1963);
#1272=LINE('',#8790,#1964);
#1273=LINE('',#8791,#1965);
#1274=LINE('',#8793,#1966);
#1275=LINE('',#8796,#1967);
#1276=LINE('',#8797,#1968);
#1277=LINE('',#8801,#1969);
#1278=LINE('',#8803,#1970);
#1279=LINE('',#8804,#1971);
#1280=LINE('',#8807,#1972);
#1281=LINE('',#8808,#1973);
#1282=LINE('',#8811,#1974);
#1283=LINE('',#8817,#1975);
#1284=LINE('',#8819,#1976);
#1285=LINE('',#8827,#1977);
#1286=LINE('',#8828,#1978);
#1287=LINE('',#8833,#1979);
#1288=LINE('',#8838,#1980);
#1289=LINE('',#8841,#1981);
#1290=LINE('',#8846,#1982);
#1291=LINE('',#8848,#1983);
#1292=LINE('',#8852,#1984);
#1293=LINE('',#8853,#1985);
#1294=LINE('',#8855,#1986);
#1295=LINE('',#8856,#1987);
#1296=LINE('',#8860,#1988);
#1297=LINE('',#8862,#1989);
#1298=LINE('',#8863,#1990);
#1299=LINE('',#8865,#1991);
#1300=LINE('',#8868,#1992);
#1301=LINE('',#8871,#1993);
#1302=LINE('',#8872,#1994);
#1303=LINE('',#8876,#1995);
#1304=LINE('',#8878,#1996);
#1305=LINE('',#8880,#1997);
#1306=LINE('',#8882,#1998);
#1307=LINE('',#8887,#1999);
#1308=LINE('',#8892,#2000);
#1309=LINE('',#8896,#2001);
#1310=LINE('',#8899,#2002);
#1311=LINE('',#8902,#2003);
#1312=LINE('',#8904,#2004);
#1313=LINE('',#8932,#2005);
#1314=LINE('',#8933,#2006);
#1315=LINE('',#8936,#2007);
#1316=LINE('',#8937,#2008);
#1317=LINE('',#8940,#2009);
#1318=LINE('',#8941,#2010);
#1319=LINE('',#8945,#2011);
#1320=LINE('',#8952,#2012);
#1321=LINE('',#8956,#2013);
#1322=LINE('',#8963,#2014);
#1323=LINE('',#8971,#2015);
#1324=LINE('',#8975,#2016);
#1325=LINE('',#8980,#2017);
#1326=LINE('',#8983,#2018);
#1327=LINE('',#8984,#2019);
#1328=LINE('',#8986,#2020);
#1329=LINE('',#8989,#2021);
#1330=LINE('',#8994,#2022);
#1331=LINE('',#9001,#2023);
#1332=LINE('',#9003,#2024);
#1333=LINE('',#9004,#2025);
#1334=LINE('',#9010,#2026);
#1335=LINE('',#9015,#2027);
#1336=LINE('',#9021,#2028);
#1337=LINE('',#9022,#2029);
#1338=LINE('',#9028,#2030);
#1339=LINE('',#9033,#2031);
#1340=LINE('',#9043,#2032);
#1341=LINE('',#9046,#2033);
#1342=LINE('',#9049,#2034);
#1343=LINE('',#9051,#2035);
#1344=LINE('',#9052,#2036);
#1345=LINE('',#9062,#2037);
#1346=LINE('',#9066,#2038);
#1347=LINE('',#9070,#2039);
#1348=LINE('',#9074,#2040);
#1349=LINE('',#9078,#2041);
#1350=LINE('',#9084,#2042);
#1351=LINE('',#9085,#2043);
#1352=LINE('',#9086,#2044);
#1353=LINE('',#9097,#2045);
#1354=LINE('',#9100,#2046);
#1355=LINE('',#9101,#2047);
#1356=LINE('',#9111,#2048);
#1357=LINE('',#9114,#2049);
#1358=LINE('',#9115,#2050);
#1359=LINE('',#9125,#2051);
#1360=LINE('',#9128,#2052);
#1361=LINE('',#9129,#2053);
#1362=LINE('',#9139,#2054);
#1363=LINE('',#9141,#2055);
#1364=LINE('',#9142,#2056);
#1365=LINE('',#9145,#2057);
#1366=LINE('',#9146,#2058);
#1367=LINE('',#9149,#2059);
#1368=LINE('',#9150,#2060);
#1369=LINE('',#9153,#2061);
#1370=LINE('',#9154,#2062);
#1371=LINE('',#9157,#2063);
#1372=LINE('',#9158,#2064);
#1373=LINE('',#9161,#2065);
#1374=LINE('',#9162,#2066);
#1375=LINE('',#9165,#2067);
#1376=LINE('',#9166,#2068);
#1377=LINE('',#9169,#2069);
#1378=LINE('',#9170,#2070);
#1379=LINE('',#9173,#2071);
#1380=LINE('',#9174,#2072);
#1381=LINE('',#9176,#2073);
#1382=LINE('',#9180,#2074);
#1383=LINE('',#9182,#2075);
#1384=LINE('',#9184,#2076);
#1385=LINE('',#9186,#2077);
#1386=LINE('',#9188,#2078);
#1387=LINE('',#9190,#2079);
#1388=LINE('',#9192,#2080);
#1389=LINE('',#9194,#2081);
#1390=LINE('',#9196,#2082);
#1391=LINE('',#9198,#2083);
#1392=LINE('',#9200,#2084);
#1393=LINE('',#9202,#2085);
#1394=LINE('',#9204,#2086);
#1395=LINE('',#9206,#2087);
#1396=LINE('',#9208,#2088);
#1397=LINE('',#9209,#2089);
#1398=LINE('',#9211,#2090);
#1399=LINE('',#9212,#2091);
#1400=LINE('',#9214,#2092);
#1401=LINE('',#9216,#2093);
#1402=LINE('',#9218,#2094);
#1403=LINE('',#9220,#2095);
#1404=LINE('',#9222,#2096);
#1405=LINE('',#9224,#2097);
#1406=LINE('',#9226,#2098);
#1407=LINE('',#9228,#2099);
#1408=LINE('',#9230,#2100);
#1409=LINE('',#9232,#2101);
#1410=LINE('',#9234,#2102);
#1411=LINE('',#9236,#2103);
#1412=LINE('',#9238,#2104);
#1413=LINE('',#9240,#2105);
#1414=LINE('',#9245,#2106);
#1415=LINE('',#9252,#2107);
#1416=LINE('',#9256,#2108);
#1417=LINE('',#9258,#2109);
#1418=LINE('',#9259,#2110);
#1419=LINE('',#9262,#2111);
#1420=LINE('',#9263,#2112);
#1421=LINE('',#9265,#2113);
#1422=LINE('',#9270,#2114);
#1423=LINE('',#9272,#2115);
#1424=LINE('',#9274,#2116);
#1425=LINE('',#9276,#2117);
#1426=LINE('',#9278,#2118);
#1427=LINE('',#9280,#2119);
#1428=LINE('',#9282,#2120);
#1429=LINE('',#9283,#2121);
#1430=LINE('',#9287,#2122);
#1431=LINE('',#9289,#2123);
#1432=LINE('',#9291,#2124);
#1433=LINE('',#9293,#2125);
#1434=LINE('',#9295,#2126);
#1435=LINE('',#9297,#2127);
#1436=LINE('',#9299,#2128);
#1437=LINE('',#9301,#2129);
#1438=LINE('',#9303,#2130);
#1439=LINE('',#9305,#2131);
#1440=LINE('',#9307,#2132);
#1441=LINE('',#9309,#2133);
#1442=LINE('',#9311,#2134);
#1443=LINE('',#9313,#2135);
#1444=LINE('',#9315,#2136);
#1445=LINE('',#9317,#2137);
#1446=LINE('',#9319,#2138);
#1447=LINE('',#9321,#2139);
#1448=LINE('',#9322,#2140);
#1449=LINE('',#9326,#2141);
#1450=LINE('',#9328,#2142);
#1451=LINE('',#9329,#2143);
#1452=LINE('',#9333,#2144);
#1453=LINE('',#9335,#2145);
#1454=LINE('',#9337,#2146);
#1455=LINE('',#9339,#2147);
#1456=LINE('',#9341,#2148);
#1457=LINE('',#9343,#2149);
#1458=LINE('',#9345,#2150);
#1459=LINE('',#9346,#2151);
#1460=LINE('',#9349,#2152);
#1461=LINE('',#9351,#2153);
#1462=LINE('',#9353,#2154);
#1463=LINE('',#9355,#2155);
#1464=LINE('',#9357,#2156);
#1465=LINE('',#9359,#2157);
#1466=LINE('',#9361,#2158);
#1467=LINE('',#9362,#2159);
#1468=LINE('',#9366,#2160);
#1469=LINE('',#9368,#2161);
#1470=LINE('',#9370,#2162);
#1471=LINE('',#9372,#2163);
#1472=LINE('',#9374,#2164);
#1473=LINE('',#9376,#2165);
#1474=LINE('',#9378,#2166);
#1475=LINE('',#9380,#2167);
#1476=LINE('',#9382,#2168);
#1477=LINE('',#9384,#2169);
#1478=LINE('',#9386,#2170);
#1479=LINE('',#9388,#2171);
#1480=LINE('',#9390,#2172);
#1481=LINE('',#9392,#2173);
#1482=LINE('',#9394,#2174);
#1483=LINE('',#9396,#2175);
#1484=LINE('',#9398,#2176);
#1485=LINE('',#9400,#2177);
#1486=LINE('',#9402,#2178);
#1487=LINE('',#9404,#2179);
#1488=LINE('',#9406,#2180);
#1489=LINE('',#9408,#2181);
#1490=LINE('',#9410,#2182);
#1491=LINE('',#9411,#2183);
#1492=LINE('',#9415,#2184);
#1493=LINE('',#9417,#2185);
#1494=LINE('',#9419,#2186);
#1495=LINE('',#9421,#2187);
#1496=LINE('',#9423,#2188);
#1497=LINE('',#9425,#2189);
#1498=LINE('',#9427,#2190);
#1499=LINE('',#9429,#2191);
#1500=LINE('',#9431,#2192);
#1501=LINE('',#9432,#2193);
#1502=LINE('',#9434,#2194);
#1503=LINE('',#9436,#2195);
#1504=LINE('',#9438,#2196);
#1505=LINE('',#9440,#2197);
#1506=LINE('',#9441,#2198);
#1507=LINE('',#9445,#2199);
#1508=LINE('',#9447,#2200);
#1509=LINE('',#9448,#2201);
#1510=LINE('',#9452,#2202);
#1511=LINE('',#9454,#2203);
#1512=LINE('',#9456,#2204);
#1513=LINE('',#9457,#2205);
#1514=LINE('',#9461,#2206);
#1515=LINE('',#9463,#2207);
#1516=LINE('',#9465,#2208);
#1517=LINE('',#9466,#2209);
#1518=LINE('',#9470,#2210);
#1519=LINE('',#9472,#2211);
#1520=LINE('',#9474,#2212);
#1521=LINE('',#9475,#2213);
#1522=LINE('',#9479,#2214);
#1523=LINE('',#9481,#2215);
#1524=LINE('',#9483,#2216);
#1525=LINE('',#9484,#2217);
#1526=LINE('',#9488,#2218);
#1527=LINE('',#9490,#2219);
#1528=LINE('',#9492,#2220);
#1529=LINE('',#9493,#2221);
#1530=LINE('',#9497,#2222);
#1531=LINE('',#9499,#2223);
#1532=LINE('',#9501,#2224);
#1533=LINE('',#9502,#2225);
#1534=LINE('',#9506,#2226);
#1535=LINE('',#9508,#2227);
#1536=LINE('',#9509,#2228);
#1537=LINE('',#9511,#2229);
#1538=LINE('',#9512,#2230);
#1539=LINE('',#9514,#2231);
#1540=LINE('',#9516,#2232);
#1541=LINE('',#9518,#2233);
#1542=LINE('',#9520,#2234);
#1543=LINE('',#9522,#2235);
#1544=LINE('',#9524,#2236);
#1545=LINE('',#9527,#2237);
#1546=LINE('',#9528,#2238);
#1547=LINE('',#9530,#2239);
#1548=LINE('',#9532,#2240);
#1549=LINE('',#9534,#2241);
#1550=LINE('',#9536,#2242);
#1551=LINE('',#9538,#2243);
#1552=LINE('',#9540,#2244);
#1553=LINE('',#9542,#2245);
#1554=LINE('',#9544,#2246);
#1555=LINE('',#9546,#2247);
#1556=LINE('',#9548,#2248);
#1557=LINE('',#9550,#2249);
#1558=LINE('',#9552,#2250);
#1559=LINE('',#9554,#2251);
#1560=LINE('',#9556,#2252);
#1561=LINE('',#9558,#2253);
#1562=LINE('',#9560,#2254);
#1563=LINE('',#9562,#2255);
#1564=LINE('',#9565,#2256);
#1565=LINE('',#9566,#2257);
#1566=LINE('',#9568,#2258);
#1567=LINE('',#9571,#2259);
#1568=LINE('',#9572,#2260);
#1569=LINE('',#9574,#2261);
#1570=LINE('',#9576,#2262);
#1571=LINE('',#9578,#2263);
#1572=LINE('',#9580,#2264);
#1573=LINE('',#9582,#2265);
#1574=LINE('',#9584,#2266);
#1575=LINE('',#9587,#2267);
#1576=LINE('',#9588,#2268);
#1577=LINE('',#9590,#2269);
#1578=LINE('',#9592,#2270);
#1579=LINE('',#9594,#2271);
#1580=LINE('',#9596,#2272);
#1581=LINE('',#9598,#2273);
#1582=LINE('',#9600,#2274);
#1583=LINE('',#9603,#2275);
#1584=LINE('',#9604,#2276);
#1585=LINE('',#9606,#2277);
#1586=LINE('',#9608,#2278);
#1587=LINE('',#9610,#2279);
#1588=LINE('',#9612,#2280);
#1589=LINE('',#9614,#2281);
#1590=LINE('',#9616,#2282);
#1591=LINE('',#9618,#2283);
#1592=LINE('',#9620,#2284);
#1593=LINE('',#9622,#2285);
#1594=LINE('',#9624,#2286);
#1595=LINE('',#9626,#2287);
#1596=LINE('',#9628,#2288);
#1597=LINE('',#9630,#2289);
#1598=LINE('',#9632,#2290);
#1599=LINE('',#9634,#2291);
#1600=LINE('',#9636,#2292);
#1601=LINE('',#9638,#2293);
#1602=LINE('',#9640,#2294);
#1603=LINE('',#9642,#2295);
#1604=LINE('',#9644,#2296);
#1605=LINE('',#9646,#2297);
#1606=LINE('',#9648,#2298);
#1607=LINE('',#9651,#2299);
#1608=LINE('',#9652,#2300);
#1609=LINE('',#9654,#2301);
#1610=LINE('',#9656,#2302);
#1611=LINE('',#9658,#2303);
#1612=LINE('',#9660,#2304);
#1613=LINE('',#9663,#2305);
#1614=LINE('',#9665,#2306);
#1615=LINE('',#9667,#2307);
#1616=LINE('',#9669,#2308);
#1617=LINE('',#9671,#2309);
#1618=LINE('',#9673,#2310);
#1619=LINE('',#9675,#2311);
#1620=LINE('',#9677,#2312);
#1621=LINE('',#9680,#2313);
#1622=LINE('',#9681,#2314);
#1623=LINE('',#9683,#2315);
#1624=LINE('',#9686,#2316);
#1625=LINE('',#9687,#2317);
#1626=LINE('',#9689,#2318);
#1627=LINE('',#9691,#2319);
#1628=LINE('',#9694,#2320);
#1629=LINE('',#9695,#2321);
#1630=LINE('',#9697,#2322);
#1631=LINE('',#9699,#2323);
#1632=LINE('',#9702,#2324);
#1633=LINE('',#9703,#2325);
#1634=LINE('',#9705,#2326);
#1635=LINE('',#9707,#2327);
#1636=LINE('',#9710,#2328);
#1637=LINE('',#9711,#2329);
#1638=LINE('',#9713,#2330);
#1639=LINE('',#9715,#2331);
#1640=LINE('',#9718,#2332);
#1641=LINE('',#9719,#2333);
#1642=LINE('',#9721,#2334);
#1643=LINE('',#9723,#2335);
#1644=LINE('',#9726,#2336);
#1645=LINE('',#9727,#2337);
#1646=LINE('',#9729,#2338);
#1647=LINE('',#9731,#2339);
#1648=LINE('',#9734,#2340);
#1649=LINE('',#9735,#2341);
#1650=LINE('',#9737,#2342);
#1651=LINE('',#9744,#2343);
#1652=VECTOR('',#6421,2.147901152185);
#1653=VECTOR('',#6422,0.3);
#1654=VECTOR('',#6423,2.147901152185);
#1655=VECTOR('',#6424,0.3);
#1656=VECTOR('',#6427,0.505799079370902);
#1657=VECTOR('',#6428,2.134806015035);
#1658=VECTOR('',#6429,0.505799079371002);
#1659=VECTOR('',#6430,1.787337404996);
#1660=VECTOR('',#6431,0.505799079371002);
#1661=VECTOR('',#6432,2.134806015035);
#1662=VECTOR('',#6433,0.505799079370902);
#1663=VECTOR('',#6434,1.787337404996);
#1664=VECTOR('',#6437,2.7);
#1665=VECTOR('',#6438,8.83553885941);
#1666=VECTOR('',#6441,56.2460501341429);
#1667=VECTOR('',#6444,78.3994935417587);
#1668=VECTOR('',#6447,8.071196713813);
#1669=VECTOR('',#6448,2.7);
#1670=VECTOR('',#6449,4.199999866609);
#1671=VECTOR('',#6452,4.199999965729);
#1672=VECTOR('',#6453,21.4);
#1673=VECTOR('',#6454,4.199999866609);
#1674=VECTOR('',#6457,4.199999965729);
#1675=VECTOR('',#6458,21.4);
#1676=VECTOR('',#6459,4.199999866609);
#1677=VECTOR('',#6462,4.199999965729);
#1678=VECTOR('',#6465,10.);
#1679=VECTOR('',#6468,22.60563868314);
#1680=VECTOR('',#6471,2.73894809799294);
#1681=VECTOR('',#6474,10.);
#1682=VECTOR('',#6479,15.7183564250203);
#1683=VECTOR('',#6482,7.48728746364816);
#1684=VECTOR('',#6485,12.70360191081);
#1685=VECTOR('',#6488,11.6240766748497);
#1686=VECTOR('',#6491,11.6090759781296);
#1687=VECTOR('',#6494,18.21148720654);
#1688=VECTOR('',#6497,22.9727270923505);
#1689=VECTOR('',#6500,1.35550371232);
#1690=VECTOR('',#6501,1.91697173380901);
#1691=VECTOR('',#6502,1.35550371232);
#1692=VECTOR('',#6503,3.219073252747);
#1693=VECTOR('',#6504,2.61109893460001);
#1694=VECTOR('',#6505,2.816661358996);
#1695=VECTOR('',#6506,1.65311463301301);
#1696=VECTOR('',#6507,1.319654104407);
#1697=VECTOR('',#6508,1.286971192307);
#1698=VECTOR('',#6509,1.722065998158);
#1699=VECTOR('',#6510,1.78810107169101);
#1700=VECTOR('',#6511,1.831097100363);
#1701=VECTOR('',#6512,2.62150700223197);
#1702=VECTOR('',#6513,0.496444580926302);
#1703=VECTOR('',#6514,0.3710988301339);
#1704=VECTOR('',#6515,2.63433818684405);
#1705=VECTOR('',#6516,1.56662060546501);
#1706=VECTOR('',#6517,1.52656978369103);
#1707=VECTOR('',#6518,0.410660768499);
#1708=VECTOR('',#6519,0.489905622701702);
#1709=VECTOR('',#6520,3.90654860873892);
#1710=VECTOR('',#6521,1.61329433075701);
#1711=VECTOR('',#6522,3.10304366821488);
#1712=VECTOR('',#6523,1.71319994835201);
#1713=VECTOR('',#6524,2.448392874554);
#1714=VECTOR('',#6525,1.70985018664901);
#1715=VECTOR('',#6526,3.03404905773913);
#1716=VECTOR('',#6527,1.67105097205801);
#1717=VECTOR('',#6528,1.789709845303);
#1718=VECTOR('',#6529,1.24989474027102);
#1719=VECTOR('',#6530,1.106083549473);
#1720=VECTOR('',#6531,1.56423835678301);
#1721=VECTOR('',#6532,1.106083549473);
#1722=VECTOR('',#6533,2.419561395304);
#1723=VECTOR('',#6534,1.82922843192201);
#1724=VECTOR('',#6535,2.637974364468);
#1725=VECTOR('',#6536,1.82922843192201);
#1726=VECTOR('',#6537,2.419561395304);
#1727=VECTOR('',#6538,1.82922843192201);
#1728=VECTOR('',#6539,2.637974364468);
#1729=VECTOR('',#6540,1.82922843192201);
#1730=VECTOR('',#6541,1.363458427554);
#1731=VECTOR('',#6542,0.974638906607903);
#1732=VECTOR('',#6543,0.974638906607903);
#1733=VECTOR('',#6544,1.205199402193);
#1734=VECTOR('',#6545,1.66559157818301);
#1735=VECTOR('',#6546,4.950230465405);
#1736=VECTOR('',#6547,1.56983909802701);
#1737=VECTOR('',#6548,3.393269255478);
#1738=VECTOR('',#6549,0.594451840622202);
#1739=VECTOR('',#6550,0.6845792160326);
#1740=VECTOR('',#6551,0.411982838689101);
#1741=VECTOR('',#6552,3.171550176149);
#1742=VECTOR('',#6553,1.131688815405);
#1743=VECTOR('',#6554,3.171550176149);
#1744=VECTOR('',#6555,0.418159636437102);
#1745=VECTOR('',#6556,0.7989292897872);
#1746=VECTOR('',#6557,0.547842825783702);
#1747=VECTOR('',#6558,3.528972799009);
#1748=VECTOR('',#6559,3.657736582624);
#1749=VECTOR('',#6560,1.68045760678601);
#1750=VECTOR('',#6561,4.432048633854);
#1751=VECTOR('',#6562,2.20143031467501);
#1752=VECTOR('',#6563,3.610028929044);
#1753=VECTOR('',#6564,1.60923894044001);
#1754=VECTOR('',#6565,0.3384743445366);
#1755=VECTOR('',#6566,1.67248313061801);
#1756=VECTOR('',#6567,1.521098507617);
#1757=VECTOR('',#6568,2.043275714132);
#1758=VECTOR('',#6569,1.59469321756601);
#1759=VECTOR('',#6570,0.9156573260783);
#1760=VECTOR('',#6571,0.419667604464801);
#1761=VECTOR('',#6572,1.683625002691);
#1762=VECTOR('',#6573,1.52498513753701);
#1763=VECTOR('',#6574,1.108661399669);
#1764=VECTOR('',#6575,1.38028692281);
#1765=VECTOR('',#6576,2.546968050006);
#1766=VECTOR('',#6577,0.6139923446091);
#1767=VECTOR('',#6578,1.127618388053);
#1768=VECTOR('',#6579,0.6139923446091);
#1769=VECTOR('',#6580,1.345412617788);
#1770=VECTOR('',#6581,1.345412617788);
#1771=VECTOR('',#6582,1.90270077106401);
#1772=VECTOR('',#6583,4.96178215313002);
#1773=VECTOR('',#6584,1.799189781113);
#1774=VECTOR('',#6585,4.96178215313002);
#1775=VECTOR('',#6586,1.799189781113);
#1776=VECTOR('',#6587,4.96178215313002);
#1777=VECTOR('',#6588,1.799189781114);
#1778=VECTOR('',#6589,4.96178215313002);
#1779=VECTOR('',#6590,1.799189781114);
#1780=VECTOR('',#6591,4.96178215313002);
#1781=VECTOR('',#6592,1.799189781113);
#1782=VECTOR('',#6593,4.96178215313002);
#1783=VECTOR('',#6594,1.799189781114);
#1784=VECTOR('',#6595,4.96178215313002);
#1785=VECTOR('',#6596,1.799189781114);
#1786=VECTOR('',#6597,4.96178215313002);
#1787=VECTOR('',#6598,1.799189781114);
#1788=VECTOR('',#6599,4.96178215313002);
#1789=VECTOR('',#6600,1.799189781113);
#1790=VECTOR('',#6601,4.96178215313002);
#1791=VECTOR('',#6602,1.799189781113);
#1792=VECTOR('',#6603,4.96178215313002);
#1793=VECTOR('',#6604,1.799189781114);
#1794=VECTOR('',#6605,4.96178215313102);
#1795=VECTOR('',#6606,1.799189781113);
#1796=VECTOR('',#6607,1.34225859669);
#1797=VECTOR('',#6608,1.89824031165201);
#1798=VECTOR('',#6609,1.342258596691);
#1799=VECTOR('',#6614,1.41444551686501);
#1800=VECTOR('',#6617,26.0221677325198);
#1801=VECTOR('',#6618,1.41421355081101);
#1802=VECTOR('',#6623,1.41421355031694);
#1803=VECTOR('',#6626,22.6056387152405);
#1804=VECTOR('',#6627,1.41421355721293);
#1805=VECTOR('',#6632,1.414213557503);
#1806=VECTOR('',#6635,2.73894808622097);
#1807=VECTOR('',#6636,1.41421355706693);
#1808=VECTOR('',#6641,1.41421355636091);
#1809=VECTOR('',#6644,10.);
#1810=VECTOR('',#6645,1.41433212239693);
#1811=VECTOR('',#6652,1.00010782511204);
#1812=VECTOR('',#6655,10.);
#1813=VECTOR('',#6660,0.999999986739403);
#1814=VECTOR('',#6663,26.0221677312191);
#1815=VECTOR('',#6664,0.999999989488303);
#1816=VECTOR('',#6669,0.999999989039002);
#1817=VECTOR('',#6672,22.6056387565192);
#1818=VECTOR('',#6673,0.9999999953091);
#1819=VECTOR('',#6678,0.999999995572301);
#1820=VECTOR('',#6681,2.7389480710859);
#1821=VECTOR('',#6682,0.999999995175601);
#1822=VECTOR('',#6687,0.9999999945341);
#1823=VECTOR('',#6690,41.65116563915);
#1824=VECTOR('',#6695,1.41421355721293);
#1825=VECTOR('',#6698,1.414213557503);
#1826=VECTOR('',#6701,15.7183564256796);
#1827=VECTOR('',#6702,1.41421355612999);
#1828=VECTOR('',#6707,1.41421355602494);
#1829=VECTOR('',#6710,7.48728747966075);
#1830=VECTOR('',#6711,1.41421355618499);
#1831=VECTOR('',#6716,1.41421355670191);
#1832=VECTOR('',#6719,12.70360191782);
#1833=VECTOR('',#6720,1.41421355306701);
#1834=VECTOR('',#6725,1.41421355328092);
#1835=VECTOR('',#6728,11.6240767089804);
#1836=VECTOR('',#6731,6.999999991734);
#1837=VECTOR('',#6732,11.6240767528796);
#1838=VECTOR('',#6733,6.999999995309);
#1839=VECTOR('',#6738,6.999999995572);
#1840=VECTOR('',#6741,15.7183564265194);
#1841=VECTOR('',#6742,6.999999994324);
#1842=VECTOR('',#6747,6.999999994229);
#1843=VECTOR('',#6750,7.48728750024975);
#1844=VECTOR('',#6751,6.999999994374);
#1845=VECTOR('',#6756,6.999999994844);
#1846=VECTOR('',#6759,12.70360192684);
#1847=VECTOR('',#6760,6.99999999154);
#1848=VECTOR('',#6767,8.835538859335);
#1849=VECTOR('',#6768,77.4);
#1850=VECTOR('',#6769,8.071196709347);
#1851=VECTOR('',#6772,78.3994935177289);
#1852=VECTOR('',#6775,56.2460500790493);
#1853=VECTOR('',#6780,18.21148718673);
#1854=VECTOR('',#6783,11.6090759993798);
#1855=VECTOR('',#6786,22.9727270669392);
#1856=VECTOR('',#6789,0.427186703049897);
#1857=VECTOR('',#6790,2.10711199419003);
#1858=VECTOR('',#6797,2.10711199418991);
#1859=VECTOR('',#6798,0.427186703049917);
#1860=VECTOR('',#6799,10.);
#1861=VECTOR('',#6802,10.);
#1862=VECTOR('',#6805,10.);
#1863=VECTOR('',#6808,10.);
#1864=VECTOR('',#6813,10.);
#1865=VECTOR('',#6816,10.);
#1866=VECTOR('',#6819,10.);
#1867=VECTOR('',#6822,10.);
#1868=VECTOR('',#6829,1.00715452454102);
#1869=VECTOR('',#6830,1.58385686120501);
#1870=VECTOR('',#6831,1.40353957252296);
#1871=VECTOR('',#6832,7.86078898831814);
#1872=VECTOR('',#6833,2.187500596046);
#1873=VECTOR('',#6834,7.15321715699327);
#1874=VECTOR('',#6835,5.312499850988);
#1875=VECTOR('',#6836,6.702127754688);
#1876=VECTOR('',#6837,1.875);
#1877=VECTOR('',#6838,15.);
#1878=VECTOR('',#6839,7.5);
#1879=VECTOR('',#6840,1.59476117349798);
#1880=VECTOR('',#6841,1.57454864247208);
#1881=VECTOR('',#6842,1.58385686120501);
#1882=VECTOR('',#6843,1.00715452454102);
#1883=VECTOR('',#6844,1.276596486568);
#1884=VECTOR('',#6847,1.00715452454102);
#1885=VECTOR('',#6848,0.9574475884438);
#1886=VECTOR('',#6849,1.00715452454102);
#1887=VECTOR('',#6850,0.893336134512647);
#1888=VECTOR('',#6851,0.990334422896692);
#1889=VECTOR('',#6852,5.937499701977);
#1890=VECTOR('',#6853,4.78723436594);
#1891=VECTOR('',#6854,5.937499701977);
#1892=VECTOR('',#6855,0.990334422896692);
#1893=VECTOR('',#6856,0.893336134512647);
#1894=VECTOR('',#6861,6.999999996146);
#1895=VECTOR('',#6862,6.999999996054);
#1896=VECTOR('',#6865,1.41421355813391);
#1897=VECTOR('',#6866,1.41421355803294);
#1898=VECTOR('',#6869,22.9727270812298);
#1899=VECTOR('',#6870,1.4142135547259);
#1900=VECTOR('',#6875,1.41421355771994);
#1901=VECTOR('',#6878,11.6090759874206);
#1902=VECTOR('',#6879,1.414213559766);
#1903=VECTOR('',#6884,1.41421355971691);
#1904=VECTOR('',#6887,18.21148719788);
#1905=VECTOR('',#6890,6.999999997585);
#1906=VECTOR('',#6893,6.99999999763);
#1907=VECTOR('',#6896,6.99999999577);
#1908=VECTOR('',#6899,6.999999993047);
#1909=VECTOR('',#6904,8.835538859323);
#1910=VECTOR('',#6905,0.259807621135288);
#1911=VECTOR('',#6906,0.259807621135288);
#1912=VECTOR('',#6907,0.424264068711301);
#1913=VECTOR('',#6910,5.699999999996);
#1914=VECTOR('',#6911,8.835538859356);
#1915=VECTOR('',#6912,5.7);
#1916=VECTOR('',#6915,0.519615242270677);
#1917=VECTOR('',#6916,6.);
#1918=VECTOR('',#6917,0.259807621135288);
#1919=VECTOR('',#6920,0.519615242270677);
#1920=VECTOR('',#6921,1.97989898732187);
#1921=VECTOR('',#6922,2.82842712474301);
#1922=VECTOR('',#6925,0.519615242270677);
#1923=VECTOR('',#6926,3.3);
#1924=VECTOR('',#6929,5.7);
#1925=VECTOR('',#6930,8.);
#1926=VECTOR('',#6931,5.7);
#1927=VECTOR('',#6932,22.);
#1928=VECTOR('',#6933,5.7);
#1929=VECTOR('',#6934,8.);
#1930=VECTOR('',#6935,5.7);
#1931=VECTOR('',#6936,22.);
#1932=VECTOR('',#6937,5.7);
#1933=VECTOR('',#6938,8.);
#1934=VECTOR('',#6939,5.7);
#1935=VECTOR('',#6940,3.3);
#1936=VECTOR('',#6941,1.97989898732187);
#1937=VECTOR('',#6942,6.);
#1938=VECTOR('',#6943,77.4);
#1939=VECTOR('',#6946,0.259807621135288);
#1940=VECTOR('',#6947,0.259807621135318);
#1941=VECTOR('',#6950,8.071196710252);
#1942=VECTOR('',#6951,0.424264068868701);
#1943=VECTOR('',#6952,0.259807621135303);
#1944=VECTOR('',#6955,5.7);
#1945=VECTOR('',#6956,8.071196713811);
#1946=VECTOR('',#6957,5.70000000044);
#1947=VECTOR('',#6964,5.700000000336);
#1948=VECTOR('',#6967,0.4242640688316);
#1949=VECTOR('',#6970,78.3994935286678);
#1950=VECTOR('',#6971,0.42426406876288);
#1951=VECTOR('',#6976,0.424264069070793);
#1952=VECTOR('',#6979,56.2460501205518);
#1953=VECTOR('',#6980,0.424264068711717);
#1954=VECTOR('',#6983,5.700000001372);
#1955=VECTOR('',#6984,56.2460501563902);
#1956=VECTOR('',#6985,5.699999999998);
#1957=VECTOR('',#6996,2.82842712474497);
#1958=VECTOR('',#6999,2.82842712493894);
#1959=VECTOR('',#7004,2.82842712477195);
#1960=VECTOR('',#7007,78.3994935461291);
#1961=VECTOR('',#7008,2.82842712474587);
#1962=VECTOR('',#7011,5.700000000189);
#1963=VECTOR('',#7016,2.82842712474581);
#1964=VECTOR('',#7019,0.519615242270677);
#1965=VECTOR('',#7020,0.519615242270677);
#1966=VECTOR('',#7023,0.519615242270677);
#1967=VECTOR('',#7026,4.499999906936);
#1968=VECTOR('',#7027,0.424264065452903);
#1969=VECTOR('',#7032,0.424264064688702);
#1970=VECTOR('',#7035,4.49999997609);
#1971=VECTOR('',#7036,0.519615242270677);
#1972=VECTOR('',#7039,5.699999993435);
#1973=VECTOR('',#7040,4.5);
#1974=VECTOR('',#7043,4.5);
#1975=VECTOR('',#7050,4.5);
#1976=VECTOR('',#7051,4.5);
#1977=VECTOR('',#7060,4.5);
#1978=VECTOR('',#7061,4.5);
#1979=VECTOR('',#7066,2.1);
#1980=VECTOR('',#7073,2.249999991131);
#1981=VECTOR('',#7076,2.1);
#1982=VECTOR('',#7083,2.249999991131);
#1983=VECTOR('',#7086,5.699999994682);
#1984=VECTOR('',#7091,4.499999906936);
#1985=VECTOR('',#7092,5.699999994682);
#1986=VECTOR('',#7095,0.519615242270677);
#1987=VECTOR('',#7096,0.424264065452903);
#1988=VECTOR('',#7101,0.424264064688702);
#1989=VECTOR('',#7104,4.49999997609);
#1990=VECTOR('',#7105,0.519615242270677);
#1991=VECTOR('',#7108,5.699999993435);
#1992=VECTOR('',#7113,0.519615242270677);
#1993=VECTOR('',#7116,4.499999906936);
#1994=VECTOR('',#7117,0.424264065452903);
#1995=VECTOR('',#7122,0.424264064688672);
#1996=VECTOR('',#7125,4.49999997609);
#1997=VECTOR('',#7128,5.699999993435);
#1998=VECTOR('',#7131,5.699999994682);
#1999=VECTOR('',#7138,2.1);
#2000=VECTOR('',#7145,2.249999991131);
#2001=VECTOR('',#7150,2.7);
#2002=VECTOR('',#7153,2.7);
#2003=VECTOR('',#7156,2.7);
#2004=VECTOR('',#7157,0.261754099079614);
#2005=VECTOR('',#7164,2.7);
#2006=VECTOR('',#7165,0.261754099079597);
#2007=VECTOR('',#7168,2.10711199815999);
#2008=VECTOR('',#7169,2.699999999422);
#2009=VECTOR('',#7172,2.10711200213096);
#2010=VECTOR('',#7173,0.424264067894887);
#2011=VECTOR('',#7176,0.424264068911214);
#2012=VECTOR('',#7185,0.424264068806776);
#2013=VECTOR('',#7190,2.10711200213102);
#2014=VECTOR('',#7199,10.);
#2015=VECTOR('',#7208,8.475);
#2016=VECTOR('',#7213,8.324999996815);
#2017=VECTOR('',#7220,0.424264067894904);
#2018=VECTOR('',#7225,2.699999999422);
#2019=VECTOR('',#7226,2.700000000271);
#2020=VECTOR('',#7229,2.700000000508);
#2021=VECTOR('',#7234,2.1071119981599);
#2022=VECTOR('',#7239,4.90238218489893);
#2023=VECTOR('',#7244,3.89999969194301);
#2024=VECTOR('',#7245,4.90238230366);
#2025=VECTOR('',#7246,3.90000168276803);
#2026=VECTOR('',#7253,3.89999969194301);
#2027=VECTOR('',#7260,7.90238218489926);
#2028=VECTOR('',#7263,7.90238230366);
#2029=VECTOR('',#7264,3.90000168276803);
#2030=VECTOR('',#7271,3.89999969194301);
#2031=VECTOR('',#7278,4.90238218489893);
#2032=VECTOR('',#7287,3.90000168276803);
#2033=VECTOR('',#7290,3.89999969194301);
#2034=VECTOR('',#7293,7.90238218489926);
#2035=VECTOR('',#7294,7.90238230366);
#2036=VECTOR('',#7295,3.90000168276803);
#2037=VECTOR('',#7308,4.90238230366);
#2038=VECTOR('',#7311,4.90238230366);
#2039=VECTOR('',#7314,7.90238230366);
#2040=VECTOR('',#7317,4.90238230366);
#2041=VECTOR('',#7320,7.90238230366);
#2042=VECTOR('',#7327,4.90238218489893);
#2043=VECTOR('',#7328,3.89999969194301);
#2044=VECTOR('',#7329,3.90000168276803);
#2045=VECTOR('',#7342,3.89999969194301);
#2046=VECTOR('',#7345,7.90238218489926);
#2047=VECTOR('',#7346,3.90000168276803);
#2048=VECTOR('',#7357,3.89999969194301);
#2049=VECTOR('',#7360,4.90238218489893);
#2050=VECTOR('',#7361,3.90000168276803);
#2051=VECTOR('',#7372,3.89999969194301);
#2052=VECTOR('',#7375,7.90238218489926);
#2053=VECTOR('',#7376,3.90000168276803);
#2054=VECTOR('',#7387,0.5);
#2055=VECTOR('',#7388,1.00715452454102);
#2056=VECTOR('',#7389,0.5);
#2057=VECTOR('',#7392,0.9574475884438);
#2058=VECTOR('',#7393,0.5);
#2059=VECTOR('',#7396,1.00715452454102);
#2060=VECTOR('',#7397,0.5);
#2061=VECTOR('',#7400,0.893336134512647);
#2062=VECTOR('',#7401,0.5);
#2063=VECTOR('',#7404,0.990334422896692);
#2064=VECTOR('',#7405,0.5);
#2065=VECTOR('',#7408,5.937499701977);
#2066=VECTOR('',#7409,0.5);
#2067=VECTOR('',#7412,4.78723436594);
#2068=VECTOR('',#7413,0.5);
#2069=VECTOR('',#7416,5.937499701977);
#2070=VECTOR('',#7417,0.5);
#2071=VECTOR('',#7420,0.990334422896692);
#2072=VECTOR('',#7421,0.5);
#2073=VECTOR('',#7424,0.893336134512647);
#2074=VECTOR('',#7427,1.00715452454102);
#2075=VECTOR('',#7428,1.276596486568);
#2076=VECTOR('',#7429,1.00715452454102);
#2077=VECTOR('',#7430,1.58385686120501);
#2078=VECTOR('',#7431,1.57454864247208);
#2079=VECTOR('',#7432,1.59476117349795);
#2080=VECTOR('',#7433,7.5);
#2081=VECTOR('',#7434,15.);
#2082=VECTOR('',#7435,1.875);
#2083=VECTOR('',#7436,6.702127754688);
#2084=VECTOR('',#7437,5.312499850988);
#2085=VECTOR('',#7438,7.15321715699327);
#2086=VECTOR('',#7439,2.187500596046);
#2087=VECTOR('',#7440,7.86078898831814);
#2088=VECTOR('',#7441,1.40353957252296);
#2089=VECTOR('',#7442,1.58385686120501);
#2090=VECTOR('',#7445,0.5);
#2091=VECTOR('',#7446,0.5);
#2092=VECTOR('',#7449,0.5);
#2093=VECTOR('',#7452,0.5);
#2094=VECTOR('',#7455,0.5);
#2095=VECTOR('',#7458,0.5);
#2096=VECTOR('',#7461,0.5);
#2097=VECTOR('',#7464,0.5);
#2098=VECTOR('',#7467,0.5);
#2099=VECTOR('',#7470,0.5);
#2100=VECTOR('',#7473,0.5);
#2101=VECTOR('',#7476,0.5);
#2102=VECTOR('',#7479,0.5);
#2103=VECTOR('',#7482,0.5);
#2104=VECTOR('',#7485,0.5);
#2105=VECTOR('',#7488,0.5);
#2106=VECTOR('',#7495,20.1);
#2107=VECTOR('',#7504,2.6);
#2108=VECTOR('',#7509,0.3);
#2109=VECTOR('',#7510,1.35550371232);
#2110=VECTOR('',#7511,0.3);
#2111=VECTOR('',#7514,1.91697173380901);
#2112=VECTOR('',#7515,0.3);
#2113=VECTOR('',#7518,1.35550371232);
#2114=VECTOR('',#7523,3.219073252747);
#2115=VECTOR('',#7524,1.78810107169101);
#2116=VECTOR('',#7525,1.722065998158);
#2117=VECTOR('',#7526,1.286971192307);
#2118=VECTOR('',#7527,1.319654104407);
#2119=VECTOR('',#7528,1.65311463301301);
#2120=VECTOR('',#7529,2.816661358996);
#2121=VECTOR('',#7530,2.61109893460001);
#2122=VECTOR('',#7533,1.831097100363);
#2123=VECTOR('',#7534,1.24989474027102);
#2124=VECTOR('',#7535,1.789709845303);
#2125=VECTOR('',#7536,1.67105097205801);
#2126=VECTOR('',#7537,3.03404905773913);
#2127=VECTOR('',#7538,1.70985018664901);
#2128=VECTOR('',#7539,2.448392874554);
#2129=VECTOR('',#7540,1.71319994835201);
#2130=VECTOR('',#7541,3.10304366821488);
#2131=VECTOR('',#7542,1.61329433075701);
#2132=VECTOR('',#7543,3.90654860873892);
#2133=VECTOR('',#7544,0.489905622701702);
#2134=VECTOR('',#7545,0.410660768499);
#2135=VECTOR('',#7546,1.52656978369103);
#2136=VECTOR('',#7547,1.56662060546501);
#2137=VECTOR('',#7548,2.63433818684405);
#2138=VECTOR('',#7549,0.3710988301339);
#2139=VECTOR('',#7550,0.496444580926302);
#2140=VECTOR('',#7551,2.62150700223197);
#2141=VECTOR('',#7554,1.106083549473);
#2142=VECTOR('',#7555,1.106083549473);
#2143=VECTOR('',#7556,1.56423835678301);
#2144=VECTOR('',#7559,2.419561395304);
#2145=VECTOR('',#7560,1.82922843192201);
#2146=VECTOR('',#7561,2.637974364468);
#2147=VECTOR('',#7562,1.82922843192201);
#2148=VECTOR('',#7563,2.419561395304);
#2149=VECTOR('',#7564,1.82922843192201);
#2150=VECTOR('',#7565,2.637974364468);
#2151=VECTOR('',#7566,1.82922843192201);
#2152=VECTOR('',#7567,0.505799079370902);
#2153=VECTOR('',#7568,1.787337404996);
#2154=VECTOR('',#7569,0.505799079370902);
#2155=VECTOR('',#7570,2.134806015035);
#2156=VECTOR('',#7571,0.505799079371002);
#2157=VECTOR('',#7572,1.787337404996);
#2158=VECTOR('',#7573,0.505799079371002);
#2159=VECTOR('',#7574,2.134806015035);
#2160=VECTOR('',#7577,1.363458427554);
#2161=VECTOR('',#7578,1.60923894044001);
#2162=VECTOR('',#7579,3.610028929044);
#2163=VECTOR('',#7580,2.20143031467501);
#2164=VECTOR('',#7581,4.432048633854);
#2165=VECTOR('',#7582,1.68045760678601);
#2166=VECTOR('',#7583,3.657736582624);
#2167=VECTOR('',#7584,3.528972799009);
#2168=VECTOR('',#7585,0.547842825783702);
#2169=VECTOR('',#7586,0.7989292897872);
#2170=VECTOR('',#7587,0.418159636437102);
#2171=VECTOR('',#7588,3.171550176149);
#2172=VECTOR('',#7589,1.131688815405);
#2173=VECTOR('',#7590,3.171550176149);
#2174=VECTOR('',#7591,0.411982838689101);
#2175=VECTOR('',#7592,0.6845792160326);
#2176=VECTOR('',#7593,0.594451840622302);
#2177=VECTOR('',#7594,3.393269255478);
#2178=VECTOR('',#7595,1.56983909802701);
#2179=VECTOR('',#7596,4.950230465405);
#2180=VECTOR('',#7597,1.66559157818301);
#2181=VECTOR('',#7598,1.205199402193);
#2182=VECTOR('',#7599,0.974638906607903);
#2183=VECTOR('',#7600,0.974638906607903);
#2184=VECTOR('',#7603,0.3384743445366);
#2185=VECTOR('',#7604,0.6139923446091);
#2186=VECTOR('',#7605,1.127618388053);
#2187=VECTOR('',#7606,0.6139923446091);
#2188=VECTOR('',#7607,2.546968050006);
#2189=VECTOR('',#7608,1.38028692281);
#2190=VECTOR('',#7609,1.108661399669);
#2191=VECTOR('',#7610,1.52498513753701);
#2192=VECTOR('',#7611,1.683625002691);
#2193=VECTOR('',#7612,0.419667604464801);
#2194=VECTOR('',#7613,0.9156573260783);
#2195=VECTOR('',#7614,1.59469321756601);
#2196=VECTOR('',#7615,2.043275714132);
#2197=VECTOR('',#7616,1.521098507617);
#2198=VECTOR('',#7617,1.67248313061801);
#2199=VECTOR('',#7620,1.345412617788);
#2200=VECTOR('',#7621,1.90270077106401);
#2201=VECTOR('',#7622,1.345412617788);
#2202=VECTOR('',#7625,4.96178215313002);
#2203=VECTOR('',#7626,1.799189781113);
#2204=VECTOR('',#7627,4.96178215313002);
#2205=VECTOR('',#7628,1.799189781113);
#2206=VECTOR('',#7631,4.96178215313002);
#2207=VECTOR('',#7632,1.799189781114);
#2208=VECTOR('',#7633,4.96178215313002);
#2209=VECTOR('',#7634,1.799189781114);
#2210=VECTOR('',#7637,4.96178215313002);
#2211=VECTOR('',#7638,1.799189781114);
#2212=VECTOR('',#7639,4.96178215313002);
#2213=VECTOR('',#7640,1.799189781113);
#2214=VECTOR('',#7643,4.96178215313002);
#2215=VECTOR('',#7644,1.799189781114);
#2216=VECTOR('',#7645,4.96178215313002);
#2217=VECTOR('',#7646,1.799189781114);
#2218=VECTOR('',#7649,4.96178215313002);
#2219=VECTOR('',#7650,1.799189781113);
#2220=VECTOR('',#7651,4.96178215313002);
#2221=VECTOR('',#7652,1.799189781113);
#2222=VECTOR('',#7655,4.96178215313002);
#2223=VECTOR('',#7656,1.799189781113);
#2224=VECTOR('',#7657,4.96178215313102);
#2225=VECTOR('',#7658,1.799189781114);
#2226=VECTOR('',#7661,1.34225859669);
#2227=VECTOR('',#7662,1.342258596691);
#2228=VECTOR('',#7663,1.89824031165201);
#2229=VECTOR('',#7666,0.3);
#2230=VECTOR('',#7667,0.3);
#2231=VECTOR('',#7670,0.3);
#2232=VECTOR('',#7673,0.3);
#2233=VECTOR('',#7676,0.3);
#2234=VECTOR('',#7679,0.3);
#2235=VECTOR('',#7682,0.3);
#2236=VECTOR('',#7685,0.3);
#2237=VECTOR('',#7690,0.3);
#2238=VECTOR('',#7691,0.3);
#2239=VECTOR('',#7694,0.3);
#2240=VECTOR('',#7697,0.3);
#2241=VECTOR('',#7700,0.3);
#2242=VECTOR('',#7703,0.3);
#2243=VECTOR('',#7706,0.3);
#2244=VECTOR('',#7709,0.3);
#2245=VECTOR('',#7712,0.3);
#2246=VECTOR('',#7715,0.3);
#2247=VECTOR('',#7718,0.3);
#2248=VECTOR('',#7721,0.3);
#2249=VECTOR('',#7724,0.3);
#2250=VECTOR('',#7727,0.3);
#2251=VECTOR('',#7730,0.3);
#2252=VECTOR('',#7733,0.3);
#2253=VECTOR('',#7736,0.3);
#2254=VECTOR('',#7739,0.3);
#2255=VECTOR('',#7742,0.3);
#2256=VECTOR('',#7747,0.3);
#2257=VECTOR('',#7748,0.3);
#2258=VECTOR('',#7751,0.3);
#2259=VECTOR('',#7756,0.3);
#2260=VECTOR('',#7757,0.3);
#2261=VECTOR('',#7760,0.3);
#2262=VECTOR('',#7763,0.3);
#2263=VECTOR('',#7766,0.3);
#2264=VECTOR('',#7769,0.3);
#2265=VECTOR('',#7772,0.3);
#2266=VECTOR('',#7775,0.3);
#2267=VECTOR('',#7780,0.3);
#2268=VECTOR('',#7781,0.3);
#2269=VECTOR('',#7784,0.3);
#2270=VECTOR('',#7787,0.3);
#2271=VECTOR('',#7790,0.3);
#2272=VECTOR('',#7793,0.3);
#2273=VECTOR('',#7796,0.3);
#2274=VECTOR('',#7799,0.3);
#2275=VECTOR('',#7804,0.3);
#2276=VECTOR('',#7805,0.3);
#2277=VECTOR('',#7808,0.3);
#2278=VECTOR('',#7811,0.3);
#2279=VECTOR('',#7814,0.3);
#2280=VECTOR('',#7817,0.3);
#2281=VECTOR('',#7820,0.3);
#2282=VECTOR('',#7823,0.3);
#2283=VECTOR('',#7826,0.3);
#2284=VECTOR('',#7829,0.3);
#2285=VECTOR('',#7832,0.3);
#2286=VECTOR('',#7835,0.3);
#2287=VECTOR('',#7838,0.3);
#2288=VECTOR('',#7841,0.3);
#2289=VECTOR('',#7844,0.3);
#2290=VECTOR('',#7847,0.3);
#2291=VECTOR('',#7850,0.3);
#2292=VECTOR('',#7853,0.3);
#2293=VECTOR('',#7856,0.3);
#2294=VECTOR('',#7859,0.3);
#2295=VECTOR('',#7862,0.3);
#2296=VECTOR('',#7865,0.3);
#2297=VECTOR('',#7868,0.3);
#2298=VECTOR('',#7871,0.3);
#2299=VECTOR('',#7876,0.3);
#2300=VECTOR('',#7877,0.3);
#2301=VECTOR('',#7880,0.3);
#2302=VECTOR('',#7883,0.3);
#2303=VECTOR('',#7886,0.3);
#2304=VECTOR('',#7889,0.3);
#2305=VECTOR('',#7894,0.3);
#2306=VECTOR('',#7897,0.3);
#2307=VECTOR('',#7900,0.3);
#2308=VECTOR('',#7903,0.3);
#2309=VECTOR('',#7906,0.3);
#2310=VECTOR('',#7909,0.3);
#2311=VECTOR('',#7912,0.3);
#2312=VECTOR('',#7915,0.3);
#2313=VECTOR('',#7920,0.3);
#2314=VECTOR('',#7921,0.3);
#2315=VECTOR('',#7924,0.3);
#2316=VECTOR('',#7929,0.3);
#2317=VECTOR('',#7930,0.3);
#2318=VECTOR('',#7933,0.3);
#2319=VECTOR('',#7936,0.3);
#2320=VECTOR('',#7941,0.3);
#2321=VECTOR('',#7942,0.3);
#2322=VECTOR('',#7945,0.3);
#2323=VECTOR('',#7948,0.3);
#2324=VECTOR('',#7953,0.3);
#2325=VECTOR('',#7954,0.3);
#2326=VECTOR('',#7957,0.3);
#2327=VECTOR('',#7960,0.3);
#2328=VECTOR('',#7965,0.3);
#2329=VECTOR('',#7966,0.3);
#2330=VECTOR('',#7969,0.3);
#2331=VECTOR('',#7972,0.3);
#2332=VECTOR('',#7977,0.3);
#2333=VECTOR('',#7978,0.3);
#2334=VECTOR('',#7981,0.3);
#2335=VECTOR('',#7984,0.3);
#2336=VECTOR('',#7989,0.3);
#2337=VECTOR('',#7990,0.3);
#2338=VECTOR('',#7993,0.3);
#2339=VECTOR('',#7996,0.3);
#2340=VECTOR('',#8001,0.3);
#2341=VECTOR('',#8002,0.3);
#2342=VECTOR('',#8005,0.3);
#2343=VECTOR('',#8014,2.5);
#2344=VERTEX_POINT('',#8021);
#2345=VERTEX_POINT('',#8022);
#2346=VERTEX_POINT('',#8024);
#2347=VERTEX_POINT('',#8026);
#2348=VERTEX_POINT('',#8030);
#2349=VERTEX_POINT('',#8031);
#2350=VERTEX_POINT('',#8033);
#2351=VERTEX_POINT('',#8035);
#2352=VERTEX_POINT('',#8037);
#2353=VERTEX_POINT('',#8039);
#2354=VERTEX_POINT('',#8041);
#2355=VERTEX_POINT('',#8043);
#2356=VERTEX_POINT('',#8047);
#2357=VERTEX_POINT('',#8048);
#2358=VERTEX_POINT('',#8050);
#2359=VERTEX_POINT('',#8052);
#2360=VERTEX_POINT('',#8054);
#2361=VERTEX_POINT('',#8056);
#2362=VERTEX_POINT('',#8058);
#2363=VERTEX_POINT('',#8060);
#2364=VERTEX_POINT('',#8062);
#2365=VERTEX_POINT('',#8064);
#2366=VERTEX_POINT('',#8066);
#2367=VERTEX_POINT('',#8068);
#2368=VERTEX_POINT('',#8070);
#2369=VERTEX_POINT('',#8072);
#2370=VERTEX_POINT('',#8074);
#2371=VERTEX_POINT('',#8076);
#2372=VERTEX_POINT('',#8078);
#2373=VERTEX_POINT('',#8080);
#2374=VERTEX_POINT('',#8082);
#2375=VERTEX_POINT('',#8084);
#2376=VERTEX_POINT('',#8087);
#2377=VERTEX_POINT('',#8088);
#2378=VERTEX_POINT('',#8090);
#2379=VERTEX_POINT('',#8092);
#2380=VERTEX_POINT('',#8094);
#2381=VERTEX_POINT('',#8096);
#2382=VERTEX_POINT('',#8098);
#2383=VERTEX_POINT('',#8100);
#2384=VERTEX_POINT('',#8102);
#2385=VERTEX_POINT('',#8105);
#2386=VERTEX_POINT('',#8106);
#2387=VERTEX_POINT('',#8108);
#2388=VERTEX_POINT('',#8110);
#2389=VERTEX_POINT('',#8112);
#2390=VERTEX_POINT('',#8114);
#2391=VERTEX_POINT('',#8116);
#2392=VERTEX_POINT('',#8118);
#2393=VERTEX_POINT('',#8121);
#2394=VERTEX_POINT('',#8122);
#2395=VERTEX_POINT('',#8124);
#2396=VERTEX_POINT('',#8126);
#2397=VERTEX_POINT('',#8128);
#2398=VERTEX_POINT('',#8130);
#2399=VERTEX_POINT('',#8133);
#2400=VERTEX_POINT('',#8135);
#2401=VERTEX_POINT('',#8136);
#2402=VERTEX_POINT('',#8138);
#2403=VERTEX_POINT('',#8141);
#2404=VERTEX_POINT('',#8142);
#2405=VERTEX_POINT('',#8144);
#2406=VERTEX_POINT('',#8146);
#2407=VERTEX_POINT('',#8148);
#2408=VERTEX_POINT('',#8150);
#2409=VERTEX_POINT('',#8152);
#2410=VERTEX_POINT('',#8154);
#2411=VERTEX_POINT('',#8157);
#2412=VERTEX_POINT('',#8158);
#2413=VERTEX_POINT('',#8160);
#2414=VERTEX_POINT('',#8162);
#2415=VERTEX_POINT('',#8164);
#2416=VERTEX_POINT('',#8166);
#2417=VERTEX_POINT('',#8168);
#2418=VERTEX_POINT('',#8170);
#2419=VERTEX_POINT('',#8172);
#2420=VERTEX_POINT('',#8174);
#2421=VERTEX_POINT('',#8176);
#2422=VERTEX_POINT('',#8178);
#2423=VERTEX_POINT('',#8180);
#2424=VERTEX_POINT('',#8182);
#2425=VERTEX_POINT('',#8184);
#2426=VERTEX_POINT('',#8186);
#2427=VERTEX_POINT('',#8188);
#2428=VERTEX_POINT('',#8190);
#2429=VERTEX_POINT('',#8192);
#2430=VERTEX_POINT('',#8195);
#2431=VERTEX_POINT('',#8196);
#2432=VERTEX_POINT('',#8198);
#2433=VERTEX_POINT('',#8201);
#2434=VERTEX_POINT('',#8202);
#2435=VERTEX_POINT('',#8204);
#2436=VERTEX_POINT('',#8206);
#2437=VERTEX_POINT('',#8208);
#2438=VERTEX_POINT('',#8210);
#2439=VERTEX_POINT('',#8212);
#2440=VERTEX_POINT('',#8214);
#2441=VERTEX_POINT('',#8217);
#2442=VERTEX_POINT('',#8218);
#2443=VERTEX_POINT('',#8220);
#2444=VERTEX_POINT('',#8222);
#2445=VERTEX_POINT('',#8224);
#2446=VERTEX_POINT('',#8226);
#2447=VERTEX_POINT('',#8228);
#2448=VERTEX_POINT('',#8230);
#2449=VERTEX_POINT('',#8232);
#2450=VERTEX_POINT('',#8234);
#2451=VERTEX_POINT('',#8236);
#2452=VERTEX_POINT('',#8238);
#2453=VERTEX_POINT('',#8240);
#2454=VERTEX_POINT('',#8242);
#2455=VERTEX_POINT('',#8244);
#2456=VERTEX_POINT('',#8246);
#2457=VERTEX_POINT('',#8248);
#2458=VERTEX_POINT('',#8250);
#2459=VERTEX_POINT('',#8252);
#2460=VERTEX_POINT('',#8254);
#2461=VERTEX_POINT('',#8256);
#2462=VERTEX_POINT('',#8258);
#2463=VERTEX_POINT('',#8260);
#2464=VERTEX_POINT('',#8262);
#2465=VERTEX_POINT('',#8265);
#2466=VERTEX_POINT('',#8266);
#2467=VERTEX_POINT('',#8268);
#2468=VERTEX_POINT('',#8270);
#2469=VERTEX_POINT('',#8272);
#2470=VERTEX_POINT('',#8274);
#2471=VERTEX_POINT('',#8277);
#2472=VERTEX_POINT('',#8279);
#2473=VERTEX_POINT('',#8281);
#2474=VERTEX_POINT('',#8283);
#2475=VERTEX_POINT('',#8285);
#2476=VERTEX_POINT('',#8287);
#2477=VERTEX_POINT('',#8289);
#2478=VERTEX_POINT('',#8291);
#2479=VERTEX_POINT('',#8294);
#2480=VERTEX_POINT('',#8295);
#2481=VERTEX_POINT('',#8297);
#2482=VERTEX_POINT('',#8300);
#2483=VERTEX_POINT('',#8301);
#2484=VERTEX_POINT('',#8303);
#2485=VERTEX_POINT('',#8305);
#2486=VERTEX_POINT('',#8308);
#2487=VERTEX_POINT('',#8309);
#2488=VERTEX_POINT('',#8311);
#2489=VERTEX_POINT('',#8313);
#2490=VERTEX_POINT('',#8316);
#2491=VERTEX_POINT('',#8317);
#2492=VERTEX_POINT('',#8319);
#2493=VERTEX_POINT('',#8321);
#2494=VERTEX_POINT('',#8324);
#2495=VERTEX_POINT('',#8325);
#2496=VERTEX_POINT('',#8327);
#2497=VERTEX_POINT('',#8329);
#2498=VERTEX_POINT('',#8332);
#2499=VERTEX_POINT('',#8333);
#2500=VERTEX_POINT('',#8335);
#2501=VERTEX_POINT('',#8337);
#2502=VERTEX_POINT('',#8340);
#2503=VERTEX_POINT('',#8341);
#2504=VERTEX_POINT('',#8343);
#2505=VERTEX_POINT('',#8345);
#2506=VERTEX_POINT('',#8348);
#2507=VERTEX_POINT('',#8349);
#2508=VERTEX_POINT('',#8351);
#2509=VERTEX_POINT('',#8355);
#2510=VERTEX_POINT('',#8362);
#2511=VERTEX_POINT('',#8366);
#2512=VERTEX_POINT('',#8370);
#2513=VERTEX_POINT('',#8374);
#2514=VERTEX_POINT('',#8378);
#2515=VERTEX_POINT('',#8382);
#2516=VERTEX_POINT('',#8386);
#2517=VERTEX_POINT('',#8390);
#2518=VERTEX_POINT('',#8396);
#2519=VERTEX_POINT('',#8398);
#2520=VERTEX_POINT('',#8402);
#2521=VERTEX_POINT('',#8406);
#2522=VERTEX_POINT('',#8410);
#2523=VERTEX_POINT('',#8414);
#2524=VERTEX_POINT('',#8418);
#2525=VERTEX_POINT('',#8422);
#2526=VERTEX_POINT('',#8426);
#2527=VERTEX_POINT('',#8433);
#2528=VERTEX_POINT('',#8435);
#2529=VERTEX_POINT('',#8439);
#2530=VERTEX_POINT('',#8443);
#2531=VERTEX_POINT('',#8447);
#2532=VERTEX_POINT('',#8451);
#2533=VERTEX_POINT('',#8455);
#2534=VERTEX_POINT('',#8459);
#2535=VERTEX_POINT('',#8465);
#2536=VERTEX_POINT('',#8467);
#2537=VERTEX_POINT('',#8471);
#2538=VERTEX_POINT('',#8475);
#2539=VERTEX_POINT('',#8479);
#2540=VERTEX_POINT('',#8483);
#2541=VERTEX_POINT('',#8487);
#2542=VERTEX_POINT('',#8491);
#2543=VERTEX_POINT('',#8497);
#2544=VERTEX_POINT('',#8498);
#2545=VERTEX_POINT('',#8500);
#2546=VERTEX_POINT('',#8502);
#2547=VERTEX_POINT('',#8504);
#2548=VERTEX_POINT('',#8506);
#2549=VERTEX_POINT('',#8508);
#2550=VERTEX_POINT('',#8510);
#2551=VERTEX_POINT('',#8513);
#2552=VERTEX_POINT('',#8514);
#2553=VERTEX_POINT('',#8516);
#2554=VERTEX_POINT('',#8518);
#2555=VERTEX_POINT('',#8520);
#2556=VERTEX_POINT('',#8522);
#2557=VERTEX_POINT('',#8525);
#2558=VERTEX_POINT('',#8526);
#2559=VERTEX_POINT('',#8528);
#2560=VERTEX_POINT('',#8530);
#2561=VERTEX_POINT('',#8532);
#2562=VERTEX_POINT('',#8534);
#2563=VERTEX_POINT('',#8536);
#2564=VERTEX_POINT('',#8538);
#2565=VERTEX_POINT('',#8541);
#2566=VERTEX_POINT('',#8542);
#2567=VERTEX_POINT('',#8544);
#2568=VERTEX_POINT('',#8546);
#2569=VERTEX_POINT('',#8548);
#2570=VERTEX_POINT('',#8550);
#2571=VERTEX_POINT('',#8552);
#2572=VERTEX_POINT('',#8554);
#2573=VERTEX_POINT('',#8557);
#2574=VERTEX_POINT('',#8558);
#2575=VERTEX_POINT('',#8560);
#2576=VERTEX_POINT('',#8562);
#2577=VERTEX_POINT('',#8564);
#2578=VERTEX_POINT('',#8566);
#2579=VERTEX_POINT('',#8568);
#2580=VERTEX_POINT('',#8570);
#2581=VERTEX_POINT('',#8573);
#2582=VERTEX_POINT('',#8575);
#2583=VERTEX_POINT('',#8577);
#2584=VERTEX_POINT('',#8579);
#2585=VERTEX_POINT('',#8580);
#2586=VERTEX_POINT('',#8582);
#2587=VERTEX_POINT('',#8584);
#2588=VERTEX_POINT('',#8586);
#2589=VERTEX_POINT('',#8588);
#2590=VERTEX_POINT('',#8590);
#2591=VERTEX_POINT('',#8592);
#2592=VERTEX_POINT('',#8594);
#2593=VERTEX_POINT('',#8596);
#2594=VERTEX_POINT('',#8598);
#2595=VERTEX_POINT('',#8600);
#2596=VERTEX_POINT('',#8602);
#2597=VERTEX_POINT('',#8604);
#2598=VERTEX_POINT('',#8606);
#2599=VERTEX_POINT('',#8608);
#2600=VERTEX_POINT('',#8612);
#2601=VERTEX_POINT('',#8613);
#2602=VERTEX_POINT('',#8615);
#2603=VERTEX_POINT('',#8617);
#2604=VERTEX_POINT('',#8619);
#2605=VERTEX_POINT('',#8621);
#2606=VERTEX_POINT('',#8623);
#2607=VERTEX_POINT('',#8625);
#2608=VERTEX_POINT('',#8627);
#2609=VERTEX_POINT('',#8629);
#2610=VERTEX_POINT('',#8633);
#2611=VERTEX_POINT('',#8634);
#2612=VERTEX_POINT('',#8642);
#2613=VERTEX_POINT('',#8646);
#2614=VERTEX_POINT('',#8650);
#2615=VERTEX_POINT('',#8654);
#2616=VERTEX_POINT('',#8669);
#2617=VERTEX_POINT('',#8670);
#2618=VERTEX_POINT('',#8672);
#2619=VERTEX_POINT('',#8677);
#2620=VERTEX_POINT('',#8679);
#2621=VERTEX_POINT('',#8683);
#2622=VERTEX_POINT('',#8685);
#2623=VERTEX_POINT('',#8689);
#2624=VERTEX_POINT('',#8694);
#2625=VERTEX_POINT('',#8698);
#2626=VERTEX_POINT('',#8700);
#2627=VERTEX_POINT('',#8702);
#2628=VERTEX_POINT('',#8704);
#2629=VERTEX_POINT('',#8706);
#2630=VERTEX_POINT('',#8708);
#2631=VERTEX_POINT('',#8710);
#2632=VERTEX_POINT('',#8712);
#2633=VERTEX_POINT('',#8714);
#2634=VERTEX_POINT('',#8716);
#2635=VERTEX_POINT('',#8718);
#2636=VERTEX_POINT('',#8720);
#2637=VERTEX_POINT('',#8722);
#2638=VERTEX_POINT('',#8724);
#2639=VERTEX_POINT('',#8728);
#2640=VERTEX_POINT('',#8732);
#2641=VERTEX_POINT('',#8733);
#2642=VERTEX_POINT('',#8738);
#2643=VERTEX_POINT('',#8740);
#2644=VERTEX_POINT('',#8744);
#2645=VERTEX_POINT('',#8746);
#2646=VERTEX_POINT('',#8752);
#2647=VERTEX_POINT('',#8756);
#2648=VERTEX_POINT('',#8760);
#2649=VERTEX_POINT('',#8764);
#2650=VERTEX_POINT('',#8766);
#2651=VERTEX_POINT('',#8778);
#2652=VERTEX_POINT('',#8795);
#2653=VERTEX_POINT('',#8799);
#2654=VERTEX_POINT('',#8806);
#2655=VERTEX_POINT('',#8810);
#2656=VERTEX_POINT('',#8813);
#2657=VERTEX_POINT('',#8816);
#2658=VERTEX_POINT('',#8818);
#2659=VERTEX_POINT('',#8821);
#2660=VERTEX_POINT('',#8824);
#2661=VERTEX_POINT('',#8825);
#2662=VERTEX_POINT('',#8829);
#2663=VERTEX_POINT('',#8832);
#2664=VERTEX_POINT('',#8834);
#2665=VERTEX_POINT('',#8840);
#2666=VERTEX_POINT('',#8842);
#2667=VERTEX_POINT('',#8851);
#2668=VERTEX_POINT('',#8858);
#2669=VERTEX_POINT('',#8870);
#2670=VERTEX_POINT('',#8874);
#2671=VERTEX_POINT('',#8886);
#2672=VERTEX_POINT('',#8888);
#2673=VERTEX_POINT('',#8895);
#2674=VERTEX_POINT('',#8897);
#2675=VERTEX_POINT('',#8901);
#2676=VERTEX_POINT('',#8903);
#2677=VERTEX_POINT('',#8911);
#2678=VERTEX_POINT('',#8917);
#2679=VERTEX_POINT('',#8919);
#2680=VERTEX_POINT('',#8931);
#2681=VERTEX_POINT('',#8935);
#2682=VERTEX_POINT('',#8939);
#2683=VERTEX_POINT('',#8943);
#2684=VERTEX_POINT('',#8944);
#2685=VERTEX_POINT('',#8949);
#2686=VERTEX_POINT('',#8951);
#2687=VERTEX_POINT('',#8955);
#2688=VERTEX_POINT('',#8958);
#2689=VERTEX_POINT('',#8961);
#2690=VERTEX_POINT('',#8965);
#2691=VERTEX_POINT('',#8968);
#2692=VERTEX_POINT('',#8969);
#2693=VERTEX_POINT('',#8974);
#2694=VERTEX_POINT('',#8979);
#2695=VERTEX_POINT('',#8992);
#2696=VERTEX_POINT('',#8993);
#2697=VERTEX_POINT('',#9000);
#2698=VERTEX_POINT('',#9002);
#2699=VERTEX_POINT('',#9006);
#2700=VERTEX_POINT('',#9008);
#2701=VERTEX_POINT('',#9014);
#2702=VERTEX_POINT('',#9020);
#2703=VERTEX_POINT('',#9024);
#2704=VERTEX_POINT('',#9026);
#2705=VERTEX_POINT('',#9032);
#2706=VERTEX_POINT('',#9038);
#2707=VERTEX_POINT('',#9042);
#2708=VERTEX_POINT('',#9044);
#2709=VERTEX_POINT('',#9048);
#2710=VERTEX_POINT('',#9050);
#2711=VERTEX_POINT('',#9064);
#2712=VERTEX_POINT('',#9065);
#2713=VERTEX_POINT('',#9067);
#2714=VERTEX_POINT('',#9069);
#2715=VERTEX_POINT('',#9071);
#2716=VERTEX_POINT('',#9073);
#2717=VERTEX_POINT('',#9075);
#2718=VERTEX_POINT('',#9077);
#2719=VERTEX_POINT('',#9082);
#2720=VERTEX_POINT('',#9083);
#2721=VERTEX_POINT('',#9093);
#2722=VERTEX_POINT('',#9099);
#2723=VERTEX_POINT('',#9107);
#2724=VERTEX_POINT('',#9113);
#2725=VERTEX_POINT('',#9121);
#2726=VERTEX_POINT('',#9127);
#2727=VERTEX_POINT('',#9138);
#2728=VERTEX_POINT('',#9140);
#2729=VERTEX_POINT('',#9144);
#2730=VERTEX_POINT('',#9148);
#2731=VERTEX_POINT('',#9152);
#2732=VERTEX_POINT('',#9156);
#2733=VERTEX_POINT('',#9160);
#2734=VERTEX_POINT('',#9164);
#2735=VERTEX_POINT('',#9168);
#2736=VERTEX_POINT('',#9172);
#2737=VERTEX_POINT('',#9178);
#2738=VERTEX_POINT('',#9179);
#2739=VERTEX_POINT('',#9181);
#2740=VERTEX_POINT('',#9183);
#2741=VERTEX_POINT('',#9185);
#2742=VERTEX_POINT('',#9187);
#2743=VERTEX_POINT('',#9189);
#2744=VERTEX_POINT('',#9191);
#2745=VERTEX_POINT('',#9193);
#2746=VERTEX_POINT('',#9195);
#2747=VERTEX_POINT('',#9197);
#2748=VERTEX_POINT('',#9199);
#2749=VERTEX_POINT('',#9201);
#2750=VERTEX_POINT('',#9203);
#2751=VERTEX_POINT('',#9205);
#2752=VERTEX_POINT('',#9207);
#2753=VERTEX_POINT('',#9243);
#2754=VERTEX_POINT('',#9247);
#2755=VERTEX_POINT('',#9250);
#2756=VERTEX_POINT('',#9255);
#2757=VERTEX_POINT('',#9257);
#2758=VERTEX_POINT('',#9261);
#2759=VERTEX_POINT('',#9268);
#2760=VERTEX_POINT('',#9269);
#2761=VERTEX_POINT('',#9271);
#2762=VERTEX_POINT('',#9273);
#2763=VERTEX_POINT('',#9275);
#2764=VERTEX_POINT('',#9277);
#2765=VERTEX_POINT('',#9279);
#2766=VERTEX_POINT('',#9281);
#2767=VERTEX_POINT('',#9285);
#2768=VERTEX_POINT('',#9286);
#2769=VERTEX_POINT('',#9288);
#2770=VERTEX_POINT('',#9290);
#2771=VERTEX_POINT('',#9292);
#2772=VERTEX_POINT('',#9294);
#2773=VERTEX_POINT('',#9296);
#2774=VERTEX_POINT('',#9298);
#2775=VERTEX_POINT('',#9300);
#2776=VERTEX_POINT('',#9302);
#2777=VERTEX_POINT('',#9304);
#2778=VERTEX_POINT('',#9306);
#2779=VERTEX_POINT('',#9308);
#2780=VERTEX_POINT('',#9310);
#2781=VERTEX_POINT('',#9312);
#2782=VERTEX_POINT('',#9314);
#2783=VERTEX_POINT('',#9316);
#2784=VERTEX_POINT('',#9318);
#2785=VERTEX_POINT('',#9320);
#2786=VERTEX_POINT('',#9324);
#2787=VERTEX_POINT('',#9325);
#2788=VERTEX_POINT('',#9327);
#2789=VERTEX_POINT('',#9331);
#2790=VERTEX_POINT('',#9332);
#2791=VERTEX_POINT('',#9334);
#2792=VERTEX_POINT('',#9336);
#2793=VERTEX_POINT('',#9338);
#2794=VERTEX_POINT('',#9340);
#2795=VERTEX_POINT('',#9342);
#2796=VERTEX_POINT('',#9344);
#2797=VERTEX_POINT('',#9347);
#2798=VERTEX_POINT('',#9348);
#2799=VERTEX_POINT('',#9350);
#2800=VERTEX_POINT('',#9352);
#2801=VERTEX_POINT('',#9354);
#2802=VERTEX_POINT('',#9356);
#2803=VERTEX_POINT('',#9358);
#2804=VERTEX_POINT('',#9360);
#2805=VERTEX_POINT('',#9364);
#2806=VERTEX_POINT('',#9365);
#2807=VERTEX_POINT('',#9367);
#2808=VERTEX_POINT('',#9369);
#2809=VERTEX_POINT('',#9371);
#2810=VERTEX_POINT('',#9373);
#2811=VERTEX_POINT('',#9375);
#2812=VERTEX_POINT('',#9377);
#2813=VERTEX_POINT('',#9379);
#2814=VERTEX_POINT('',#9381);
#2815=VERTEX_POINT('',#9383);
#2816=VERTEX_POINT('',#9385);
#2817=VERTEX_POINT('',#9387);
#2818=VERTEX_POINT('',#9389);
#2819=VERTEX_POINT('',#9391);
#2820=VERTEX_POINT('',#9393);
#2821=VERTEX_POINT('',#9395);
#2822=VERTEX_POINT('',#9397);
#2823=VERTEX_POINT('',#9399);
#2824=VERTEX_POINT('',#9401);
#2825=VERTEX_POINT('',#9403);
#2826=VERTEX_POINT('',#9405);
#2827=VERTEX_POINT('',#9407);
#2828=VERTEX_POINT('',#9409);
#2829=VERTEX_POINT('',#9413);
#2830=VERTEX_POINT('',#9414);
#2831=VERTEX_POINT('',#9416);
#2832=VERTEX_POINT('',#9418);
#2833=VERTEX_POINT('',#9420);
#2834=VERTEX_POINT('',#9422);
#2835=VERTEX_POINT('',#9424);
#2836=VERTEX_POINT('',#9426);
#2837=VERTEX_POINT('',#9428);
#2838=VERTEX_POINT('',#9430);
#2839=VERTEX_POINT('',#9433);
#2840=VERTEX_POINT('',#9435);
#2841=VERTEX_POINT('',#9437);
#2842=VERTEX_POINT('',#9439);
#2843=VERTEX_POINT('',#9443);
#2844=VERTEX_POINT('',#9444);
#2845=VERTEX_POINT('',#9446);
#2846=VERTEX_POINT('',#9450);
#2847=VERTEX_POINT('',#9451);
#2848=VERTEX_POINT('',#9453);
#2849=VERTEX_POINT('',#9455);
#2850=VERTEX_POINT('',#9459);
#2851=VERTEX_POINT('',#9460);
#2852=VERTEX_POINT('',#9462);
#2853=VERTEX_POINT('',#9464);
#2854=VERTEX_POINT('',#9468);
#2855=VERTEX_POINT('',#9469);
#2856=VERTEX_POINT('',#9471);
#2857=VERTEX_POINT('',#9473);
#2858=VERTEX_POINT('',#9477);
#2859=VERTEX_POINT('',#9478);
#2860=VERTEX_POINT('',#9480);
#2861=VERTEX_POINT('',#9482);
#2862=VERTEX_POINT('',#9486);
#2863=VERTEX_POINT('',#9487);
#2864=VERTEX_POINT('',#9489);
#2865=VERTEX_POINT('',#9491);
#2866=VERTEX_POINT('',#9495);
#2867=VERTEX_POINT('',#9496);
#2868=VERTEX_POINT('',#9498);
#2869=VERTEX_POINT('',#9500);
#2870=VERTEX_POINT('',#9504);
#2871=VERTEX_POINT('',#9505);
#2872=VERTEX_POINT('',#9507);
#2873=VERTEX_POINT('',#9740);
#2874=VERTEX_POINT('',#9743);
#2875=EDGE_CURVE('',#2344,#2345,#960,.T.);
#2876=EDGE_CURVE('',#2345,#2346,#961,.T.);
#2877=EDGE_CURVE('',#2347,#2346,#962,.T.);
#2878=EDGE_CURVE('',#2344,#2347,#963,.T.);
#2879=EDGE_CURVE('',#2348,#2349,#964,.T.);
#2880=EDGE_CURVE('',#2350,#2348,#965,.T.);
#2881=EDGE_CURVE('',#2351,#2350,#966,.T.);
#2882=EDGE_CURVE('',#2352,#2351,#967,.T.);
#2883=EDGE_CURVE('',#2353,#2352,#968,.T.);
#2884=EDGE_CURVE('',#2354,#2353,#969,.T.);
#2885=EDGE_CURVE('',#2355,#2354,#970,.T.);
#2886=EDGE_CURVE('',#2349,#2355,#971,.T.);
#2887=EDGE_CURVE('',#2356,#2357,#972,.T.);
#2888=EDGE_CURVE('',#2357,#2358,#973,.T.);
#2889=EDGE_CURVE('',#2358,#2359,#149,.T.);
#2890=EDGE_CURVE('',#2359,#2360,#974,.T.);
#2891=EDGE_CURVE('',#2360,#2361,#150,.T.);
#2892=EDGE_CURVE('',#2361,#2362,#975,.T.);
#2893=EDGE_CURVE('',#2362,#2363,#151,.T.);
#2894=EDGE_CURVE('',#2363,#2364,#976,.T.);
#2895=EDGE_CURVE('',#2364,#2365,#977,.T.);
#2896=EDGE_CURVE('',#2365,#2366,#978,.T.);
#2897=EDGE_CURVE('',#2366,#2367,#152,.T.);
#2898=EDGE_CURVE('',#2367,#2368,#979,.T.);
#2899=EDGE_CURVE('',#2368,#2369,#980,.T.);
#2900=EDGE_CURVE('',#2369,#2370,#981,.T.);
#2901=EDGE_CURVE('',#2370,#2371,#153,.T.);
#2902=EDGE_CURVE('',#2371,#2372,#982,.T.);
#2903=EDGE_CURVE('',#2372,#2373,#983,.T.);
#2904=EDGE_CURVE('',#2373,#2374,#984,.T.);
#2905=EDGE_CURVE('',#2374,#2375,#154,.T.);
#2906=EDGE_CURVE('',#2375,#2356,#985,.T.);
#2907=EDGE_CURVE('',#2376,#2377,#155,.T.);
#2908=EDGE_CURVE('',#2377,#2378,#986,.T.);
#2909=EDGE_CURVE('',#2378,#2379,#156,.T.);
#2910=EDGE_CURVE('',#2379,#2380,#987,.T.);
#2911=EDGE_CURVE('',#2380,#2381,#157,.T.);
#2912=EDGE_CURVE('',#2381,#2382,#988,.T.);
#2913=EDGE_CURVE('',#2382,#2383,#158,.T.);
#2914=EDGE_CURVE('',#2383,#2384,#989,.T.);
#2915=EDGE_CURVE('',#2384,#2376,#159,.T.);
#2916=EDGE_CURVE('',#2385,#2386,#160,.T.);
#2917=EDGE_CURVE('',#2386,#2387,#990,.T.);
#2918=EDGE_CURVE('',#2387,#2388,#161,.T.);
#2919=EDGE_CURVE('',#2388,#2389,#991,.T.);
#2920=EDGE_CURVE('',#2389,#2390,#162,.T.);
#2921=EDGE_CURVE('',#2390,#2391,#992,.T.);
#2922=EDGE_CURVE('',#2391,#2392,#163,.T.);
#2923=EDGE_CURVE('',#2392,#2385,#993,.T.);
#2924=EDGE_CURVE('',#2393,#2394,#164,.T.);
#2925=EDGE_CURVE('',#2394,#2395,#994,.T.);
#2926=EDGE_CURVE('',#2395,#2396,#165,.T.);
#2927=EDGE_CURVE('',#2396,#2397,#995,.T.);
#2928=EDGE_CURVE('',#2397,#2398,#166,.T.);
#2929=EDGE_CURVE('',#2398,#2393,#996,.T.);
#2930=EDGE_CURVE('',#2399,#2399,#167,.T.);
#2931=EDGE_CURVE('',#2400,#2401,#997,.T.);
#2932=EDGE_CURVE('',#2402,#2400,#998,.T.);
#2933=EDGE_CURVE('',#2401,#2402,#999,.T.);
#2934=EDGE_CURVE('',#2403,#2404,#1000,.T.);
#2935=EDGE_CURVE('',#2405,#2403,#1001,.T.);
#2936=EDGE_CURVE('',#2406,#2405,#1002,.T.);
#2937=EDGE_CURVE('',#2407,#2406,#1003,.T.);
#2938=EDGE_CURVE('',#2408,#2407,#1004,.T.);
#2939=EDGE_CURVE('',#2409,#2408,#1005,.T.);
#2940=EDGE_CURVE('',#2410,#2409,#1006,.T.);
#2941=EDGE_CURVE('',#2404,#2410,#1007,.T.);
#2942=EDGE_CURVE('',#2411,#2412,#1008,.T.);
#2943=EDGE_CURVE('',#2413,#2411,#1009,.T.);
#2944=EDGE_CURVE('',#2414,#2413,#1010,.T.);
#2945=EDGE_CURVE('',#2415,#2414,#1011,.T.);
#2946=EDGE_CURVE('',#2416,#2415,#1012,.T.);
#2947=EDGE_CURVE('',#2417,#2416,#1013,.T.);
#2948=EDGE_CURVE('',#2418,#2417,#1014,.T.);
#2949=EDGE_CURVE('',#2419,#2418,#1015,.T.);
#2950=EDGE_CURVE('',#2420,#2419,#1016,.T.);
#2951=EDGE_CURVE('',#2421,#2420,#1017,.T.);
#2952=EDGE_CURVE('',#2422,#2421,#1018,.T.);
#2953=EDGE_CURVE('',#2423,#2422,#1019,.T.);
#2954=EDGE_CURVE('',#2424,#2423,#1020,.T.);
#2955=EDGE_CURVE('',#2425,#2424,#1021,.T.);
#2956=EDGE_CURVE('',#2426,#2425,#1022,.T.);
#2957=EDGE_CURVE('',#2427,#2426,#1023,.T.);
#2958=EDGE_CURVE('',#2428,#2427,#1024,.T.);
#2959=EDGE_CURVE('',#2429,#2428,#1025,.T.);
#2960=EDGE_CURVE('',#2412,#2429,#1026,.T.);
#2961=EDGE_CURVE('',#2430,#2431,#1027,.T.);
#2962=EDGE_CURVE('',#2432,#2430,#1028,.T.);
#2963=EDGE_CURVE('',#2431,#2432,#1029,.T.);
#2964=EDGE_CURVE('',#2433,#2434,#1030,.T.);
#2965=EDGE_CURVE('',#2435,#2433,#1031,.T.);
#2966=EDGE_CURVE('',#2436,#2435,#1032,.T.);
#2967=EDGE_CURVE('',#2437,#2436,#1033,.T.);
#2968=EDGE_CURVE('',#2438,#2437,#1034,.T.);
#2969=EDGE_CURVE('',#2439,#2438,#1035,.T.);
#2970=EDGE_CURVE('',#2440,#2439,#1036,.T.);
#2971=EDGE_CURVE('',#2434,#2440,#1037,.T.);
#2972=EDGE_CURVE('',#2441,#2442,#1038,.T.);
#2973=EDGE_CURVE('',#2443,#2441,#1039,.T.);
#2974=EDGE_CURVE('',#2444,#2443,#1040,.T.);
#2975=EDGE_CURVE('',#2445,#2444,#1041,.T.);
#2976=EDGE_CURVE('',#2446,#2445,#1042,.T.);
#2977=EDGE_CURVE('',#2447,#2446,#1043,.T.);
#2978=EDGE_CURVE('',#2448,#2447,#1044,.T.);
#2979=EDGE_CURVE('',#2449,#2448,#1045,.T.);
#2980=EDGE_CURVE('',#2450,#2449,#1046,.T.);
#2981=EDGE_CURVE('',#2451,#2450,#1047,.T.);
#2982=EDGE_CURVE('',#2452,#2451,#1048,.T.);
#2983=EDGE_CURVE('',#2453,#2452,#1049,.T.);
#2984=EDGE_CURVE('',#2454,#2453,#1050,.T.);
#2985=EDGE_CURVE('',#2455,#2454,#1051,.T.);
#2986=EDGE_CURVE('',#2456,#2455,#1052,.T.);
#2987=EDGE_CURVE('',#2457,#2456,#1053,.T.);
#2988=EDGE_CURVE('',#2458,#2457,#1054,.T.);
#2989=EDGE_CURVE('',#2459,#2458,#1055,.T.);
#2990=EDGE_CURVE('',#2460,#2459,#1056,.T.);
#2991=EDGE_CURVE('',#2461,#2460,#1057,.T.);
#2992=EDGE_CURVE('',#2462,#2461,#1058,.T.);
#2993=EDGE_CURVE('',#2463,#2462,#1059,.T.);
#2994=EDGE_CURVE('',#2464,#2463,#1060,.T.);
#2995=EDGE_CURVE('',#2442,#2464,#1061,.T.);
#2996=EDGE_CURVE('',#2465,#2466,#1062,.T.);
#2997=EDGE_CURVE('',#2467,#2465,#1063,.T.);
#2998=EDGE_CURVE('',#2468,#2467,#1064,.T.);
#2999=EDGE_CURVE('',#2469,#2468,#1065,.T.);
#3000=EDGE_CURVE('',#2470,#2469,#1066,.T.);
#3001=EDGE_CURVE('',#2345,#2470,#1067,.T.);
#3002=EDGE_CURVE('',#2471,#2344,#1068,.T.);
#3003=EDGE_CURVE('',#2472,#2471,#1069,.T.);
#3004=EDGE_CURVE('',#2473,#2472,#1070,.T.);
#3005=EDGE_CURVE('',#2474,#2473,#1071,.T.);
#3006=EDGE_CURVE('',#2475,#2474,#1072,.T.);
#3007=EDGE_CURVE('',#2476,#2475,#1073,.T.);
#3008=EDGE_CURVE('',#2477,#2476,#1074,.T.);
#3009=EDGE_CURVE('',#2478,#2477,#1075,.T.);
#3010=EDGE_CURVE('',#2466,#2478,#1076,.T.);
#3011=EDGE_CURVE('',#2479,#2480,#1077,.T.);
#3012=EDGE_CURVE('',#2481,#2479,#1078,.T.);
#3013=EDGE_CURVE('',#2480,#2481,#1079,.T.);
#3014=EDGE_CURVE('',#2482,#2483,#1080,.T.);
#3015=EDGE_CURVE('',#2484,#2482,#1081,.T.);
#3016=EDGE_CURVE('',#2485,#2484,#1082,.T.);
#3017=EDGE_CURVE('',#2483,#2485,#1083,.T.);
#3018=EDGE_CURVE('',#2486,#2487,#1084,.T.);
#3019=EDGE_CURVE('',#2488,#2486,#1085,.T.);
#3020=EDGE_CURVE('',#2489,#2488,#1086,.T.);
#3021=EDGE_CURVE('',#2487,#2489,#1087,.T.);
#3022=EDGE_CURVE('',#2490,#2491,#1088,.T.);
#3023=EDGE_CURVE('',#2492,#2490,#1089,.T.);
#3024=EDGE_CURVE('',#2493,#2492,#1090,.T.);
#3025=EDGE_CURVE('',#2491,#2493,#1091,.T.);
#3026=EDGE_CURVE('',#2494,#2495,#1092,.T.);
#3027=EDGE_CURVE('',#2496,#2494,#1093,.T.);
#3028=EDGE_CURVE('',#2497,#2496,#1094,.T.);
#3029=EDGE_CURVE('',#2495,#2497,#1095,.T.);
#3030=EDGE_CURVE('',#2498,#2499,#1096,.T.);
#3031=EDGE_CURVE('',#2500,#2498,#1097,.T.);
#3032=EDGE_CURVE('',#2501,#2500,#1098,.T.);
#3033=EDGE_CURVE('',#2499,#2501,#1099,.T.);
#3034=EDGE_CURVE('',#2502,#2503,#1100,.T.);
#3035=EDGE_CURVE('',#2504,#2502,#1101,.T.);
#3036=EDGE_CURVE('',#2505,#2504,#1102,.T.);
#3037=EDGE_CURVE('',#2503,#2505,#1103,.T.);
#3038=EDGE_CURVE('',#2506,#2507,#1104,.T.);
#3039=EDGE_CURVE('',#2508,#2506,#1105,.T.);
#3040=EDGE_CURVE('',#2507,#2508,#1106,.T.);
#3041=EDGE_CURVE('',#2509,#2376,#71,.T.);
#3042=EDGE_CURVE('',#2509,#2510,#168,.T.);
#3043=EDGE_CURVE('',#2377,#2510,#1107,.T.);
#3044=EDGE_CURVE('',#2510,#2511,#1108,.T.);
#3045=EDGE_CURVE('',#2378,#2511,#1109,.T.);
#3046=EDGE_CURVE('',#2511,#2512,#169,.T.);
#3047=EDGE_CURVE('',#2379,#2512,#1110,.T.);
#3048=EDGE_CURVE('',#2512,#2513,#1111,.T.);
#3049=EDGE_CURVE('',#2380,#2513,#1112,.T.);
#3050=EDGE_CURVE('',#2513,#2514,#170,.T.);
#3051=EDGE_CURVE('',#2381,#2514,#1113,.T.);
#3052=EDGE_CURVE('',#2514,#2515,#1114,.T.);
#3053=EDGE_CURVE('',#2382,#2515,#1115,.T.);
#3054=EDGE_CURVE('',#2515,#2516,#171,.T.);
#3055=EDGE_CURVE('',#2383,#2516,#1116,.T.);
#3056=EDGE_CURVE('',#2516,#2517,#1117,.T.);
#3057=EDGE_CURVE('',#2384,#2517,#1118,.T.);
#3058=EDGE_CURVE('',#2517,#2509,#172,.T.);
#3059=EDGE_CURVE('',#2517,#2518,#1119,.T.);
#3060=EDGE_CURVE('',#2519,#2518,#173,.T.);
#3061=EDGE_CURVE('',#2509,#2519,#1120,.T.);
#3062=EDGE_CURVE('',#2520,#2519,#174,.T.);
#3063=EDGE_CURVE('',#2510,#2520,#1121,.T.);
#3064=EDGE_CURVE('',#2521,#2520,#1122,.T.);
#3065=EDGE_CURVE('',#2511,#2521,#1123,.T.);
#3066=EDGE_CURVE('',#2522,#2521,#175,.T.);
#3067=EDGE_CURVE('',#2512,#2522,#1124,.T.);
#3068=EDGE_CURVE('',#2523,#2522,#1125,.T.);
#3069=EDGE_CURVE('',#2513,#2523,#1126,.T.);
#3070=EDGE_CURVE('',#2524,#2523,#176,.T.);
#3071=EDGE_CURVE('',#2514,#2524,#1127,.T.);
#3072=EDGE_CURVE('',#2525,#2524,#1128,.T.);
#3073=EDGE_CURVE('',#2515,#2525,#1129,.T.);
#3074=EDGE_CURVE('',#2526,#2525,#177,.T.);
#3075=EDGE_CURVE('',#2516,#2526,#1130,.T.);
#3076=EDGE_CURVE('',#2518,#2526,#1131,.T.);
#3077=EDGE_CURVE('',#2385,#2527,#1132,.T.);
#3078=EDGE_CURVE('',#2527,#2528,#178,.T.);
#3079=EDGE_CURVE('',#2386,#2528,#1133,.T.);
#3080=EDGE_CURVE('',#2528,#2529,#1134,.T.);
#3081=EDGE_CURVE('',#2387,#2529,#1135,.T.);
#3082=EDGE_CURVE('',#2529,#2530,#179,.T.);
#3083=EDGE_CURVE('',#2388,#2530,#1136,.T.);
#3084=EDGE_CURVE('',#2530,#2531,#1137,.T.);
#3085=EDGE_CURVE('',#2389,#2531,#1138,.T.);
#3086=EDGE_CURVE('',#2531,#2532,#180,.T.);
#3087=EDGE_CURVE('',#2390,#2532,#1139,.T.);
#3088=EDGE_CURVE('',#2532,#2533,#1140,.T.);
#3089=EDGE_CURVE('',#2391,#2533,#1141,.T.);
#3090=EDGE_CURVE('',#2533,#2534,#181,.T.);
#3091=EDGE_CURVE('',#2392,#2534,#1142,.T.);
#3092=EDGE_CURVE('',#2534,#2527,#1143,.T.);
#3093=EDGE_CURVE('',#2534,#2535,#1144,.T.);
#3094=EDGE_CURVE('',#2536,#2535,#1145,.T.);
#3095=EDGE_CURVE('',#2527,#2536,#1146,.T.);
#3096=EDGE_CURVE('',#2537,#2536,#182,.T.);
#3097=EDGE_CURVE('',#2528,#2537,#1147,.T.);
#3098=EDGE_CURVE('',#2538,#2537,#1148,.T.);
#3099=EDGE_CURVE('',#2529,#2538,#1149,.T.);
#3100=EDGE_CURVE('',#2539,#2538,#183,.T.);
#3101=EDGE_CURVE('',#2530,#2539,#1150,.T.);
#3102=EDGE_CURVE('',#2540,#2539,#1151,.T.);
#3103=EDGE_CURVE('',#2531,#2540,#1152,.T.);
#3104=EDGE_CURVE('',#2541,#2540,#184,.T.);
#3105=EDGE_CURVE('',#2532,#2541,#1153,.T.);
#3106=EDGE_CURVE('',#2542,#2541,#1154,.T.);
#3107=EDGE_CURVE('',#2533,#2542,#1155,.T.);
#3108=EDGE_CURVE('',#2535,#2542,#185,.T.);
#3109=EDGE_CURVE('',#2543,#2544,#1156,.T.);
#3110=EDGE_CURVE('',#2544,#2545,#1157,.T.);
#3111=EDGE_CURVE('',#2545,#2546,#1158,.T.);
#3112=EDGE_CURVE('',#2546,#2547,#186,.T.);
#3113=EDGE_CURVE('',#2547,#2548,#1159,.T.);
#3114=EDGE_CURVE('',#2548,#2549,#187,.T.);
#3115=EDGE_CURVE('',#2549,#2550,#1160,.T.);
#3116=EDGE_CURVE('',#2550,#2543,#188,.T.);
#3117=EDGE_CURVE('',#2551,#2552,#189,.T.);
#3118=EDGE_CURVE('',#2552,#2553,#1161,.T.);
#3119=EDGE_CURVE('',#2553,#2554,#190,.T.);
#3120=EDGE_CURVE('',#2554,#2555,#1162,.T.);
#3121=EDGE_CURVE('',#2555,#2556,#191,.T.);
#3122=EDGE_CURVE('',#2556,#2551,#1163,.T.);
#3123=EDGE_CURVE('',#2557,#2558,#192,.T.);
#3124=EDGE_CURVE('',#2557,#2559,#1164,.T.);
#3125=EDGE_CURVE('',#2560,#2559,#1165,.T.);
#3126=EDGE_CURVE('',#2560,#2561,#193,.T.);
#3127=EDGE_CURVE('',#2561,#2562,#194,.T.);
#3128=EDGE_CURVE('',#2562,#2563,#195,.T.);
#3129=EDGE_CURVE('',#2564,#2563,#1166,.T.);
#3130=EDGE_CURVE('',#2564,#2558,#1167,.T.);
#3131=EDGE_CURVE('',#2565,#2566,#1168,.T.);
#3132=EDGE_CURVE('',#2566,#2567,#196,.T.);
#3133=EDGE_CURVE('',#2567,#2568,#1169,.T.);
#3134=EDGE_CURVE('',#2568,#2569,#197,.T.);
#3135=EDGE_CURVE('',#2569,#2570,#1170,.T.);
#3136=EDGE_CURVE('',#2570,#2571,#198,.T.);
#3137=EDGE_CURVE('',#2571,#2572,#1171,.T.);
#3138=EDGE_CURVE('',#2572,#2565,#199,.T.);
#3139=EDGE_CURVE('',#2573,#2574,#200,.T.);
#3140=EDGE_CURVE('',#2574,#2575,#1172,.T.);
#3141=EDGE_CURVE('',#2575,#2576,#201,.T.);
#3142=EDGE_CURVE('',#2576,#2577,#1173,.T.);
#3143=EDGE_CURVE('',#2577,#2578,#202,.T.);
#3144=EDGE_CURVE('',#2578,#2579,#1174,.T.);
#3145=EDGE_CURVE('',#2579,#2580,#203,.T.);
#3146=EDGE_CURVE('',#2580,#2573,#1175,.T.);
#3147=EDGE_CURVE('',#2581,#2581,#204,.T.);
#3148=EDGE_CURVE('',#2582,#2582,#205,.T.);
#3149=EDGE_CURVE('',#2583,#2583,#206,.T.);
#3150=EDGE_CURVE('',#2584,#2585,#1176,.T.);
#3151=EDGE_CURVE('',#2585,#2586,#1177,.T.);
#3152=EDGE_CURVE('',#2586,#2587,#1178,.T.);
#3153=EDGE_CURVE('',#2587,#2588,#1179,.T.);
#3154=EDGE_CURVE('',#2588,#2589,#1180,.T.);
#3155=EDGE_CURVE('',#2589,#2590,#1181,.T.);
#3156=EDGE_CURVE('',#2590,#2591,#1182,.T.);
#3157=EDGE_CURVE('',#2591,#2592,#1183,.T.);
#3158=EDGE_CURVE('',#2592,#2593,#1184,.T.);
#3159=EDGE_CURVE('',#2593,#2594,#1185,.T.);
#3160=EDGE_CURVE('',#2594,#2595,#1186,.T.);
#3161=EDGE_CURVE('',#2595,#2596,#1187,.T.);
#3162=EDGE_CURVE('',#2596,#2597,#1188,.T.);
#3163=EDGE_CURVE('',#2597,#2598,#1189,.T.);
#3164=EDGE_CURVE('',#2598,#2599,#1190,.T.);
#3165=EDGE_CURVE('',#2599,#2584,#1191,.T.);
#3166=EDGE_CURVE('',#2600,#2601,#1192,.T.);
#3167=EDGE_CURVE('',#2601,#2602,#1193,.T.);
#3168=EDGE_CURVE('',#2602,#2603,#1194,.T.);
#3169=EDGE_CURVE('',#2603,#2604,#1195,.T.);
#3170=EDGE_CURVE('',#2604,#2605,#1196,.T.);
#3171=EDGE_CURVE('',#2605,#2606,#1197,.T.);
#3172=EDGE_CURVE('',#2606,#2607,#1198,.T.);
#3173=EDGE_CURVE('',#2607,#2608,#1199,.T.);
#3174=EDGE_CURVE('',#2608,#2609,#1200,.T.);
#3175=EDGE_CURVE('',#2609,#2600,#1201,.T.);
#3176=EDGE_CURVE('',#2610,#2611,#207,.T.);
#3177=EDGE_CURVE('',#2610,#2552,#1202,.T.);
#3178=EDGE_CURVE('',#2611,#2551,#1203,.T.);
#3179=EDGE_CURVE('',#2397,#2610,#1204,.T.);
#3180=EDGE_CURVE('',#2398,#2611,#1205,.T.);
#3181=EDGE_CURVE('',#2611,#2612,#1206,.T.);
#3182=EDGE_CURVE('',#2393,#2612,#1207,.T.);
#3183=EDGE_CURVE('',#2612,#2613,#208,.T.);
#3184=EDGE_CURVE('',#2394,#2613,#1208,.T.);
#3185=EDGE_CURVE('',#2613,#2614,#1209,.T.);
#3186=EDGE_CURVE('',#2395,#2614,#1210,.T.);
#3187=EDGE_CURVE('',#2614,#2615,#209,.T.);
#3188=EDGE_CURVE('',#2396,#2615,#1211,.T.);
#3189=EDGE_CURVE('',#2615,#2610,#1212,.T.);
#3190=EDGE_CURVE('',#2615,#2553,#1213,.T.);
#3191=EDGE_CURVE('',#2614,#2554,#1214,.T.);
#3192=EDGE_CURVE('',#2613,#2555,#1215,.T.);
#3193=EDGE_CURVE('',#2612,#2556,#1216,.T.);
#3194=EDGE_CURVE('',#2616,#2617,#1217,.T.);
#3195=EDGE_CURVE('',#2618,#2617,#1218,.T.);
#3196=EDGE_CURVE('',#2544,#2618,#1219,.T.);
#3197=EDGE_CURVE('',#2543,#2616,#1220,.T.);
#3198=EDGE_CURVE('',#2619,#2616,#1221,.T.);
#3199=EDGE_CURVE('',#2620,#2619,#1222,.T.);
#3200=EDGE_CURVE('',#2617,#2620,#1223,.T.);
#3201=EDGE_CURVE('',#2621,#2620,#1224,.T.);
#3202=EDGE_CURVE('',#2622,#2621,#1225,.T.);
#3203=EDGE_CURVE('',#2622,#2618,#1226,.T.);
#3204=EDGE_CURVE('',#2357,#2623,#1227,.T.);
#3205=EDGE_CURVE('',#2621,#2623,#1228,.T.);
#3206=EDGE_CURVE('',#2358,#2619,#1229,.T.);
#3207=EDGE_CURVE('',#2624,#2356,#1230,.T.);
#3208=EDGE_CURVE('',#2624,#2623,#1231,.T.);
#3209=EDGE_CURVE('',#2624,#2625,#1232,.T.);
#3210=EDGE_CURVE('',#2626,#2625,#1233,.T.);
#3211=EDGE_CURVE('',#2627,#2626,#1234,.T.);
#3212=EDGE_CURVE('',#2628,#2627,#1235,.T.);
#3213=EDGE_CURVE('',#2628,#2629,#1236,.T.);
#3214=EDGE_CURVE('',#2630,#2629,#1237,.T.);
#3215=EDGE_CURVE('',#2631,#2630,#1238,.T.);
#3216=EDGE_CURVE('',#2632,#2631,#1239,.T.);
#3217=EDGE_CURVE('',#2632,#2633,#1240,.T.);
#3218=EDGE_CURVE('',#2634,#2633,#1241,.T.);
#3219=EDGE_CURVE('',#2635,#2634,#1242,.T.);
#3220=EDGE_CURVE('',#2636,#2635,#1243,.T.);
#3221=EDGE_CURVE('',#2636,#2637,#1244,.T.);
#3222=EDGE_CURVE('',#2638,#2637,#1245,.T.);
#3223=EDGE_CURVE('',#2622,#2638,#1246,.T.);
#3224=EDGE_CURVE('',#2638,#2639,#1247,.T.);
#3225=EDGE_CURVE('',#2639,#2545,#1248,.T.);
#3226=EDGE_CURVE('',#2640,#2641,#1249,.T.);
#3227=EDGE_CURVE('',#2546,#2641,#1250,.T.);
#3228=EDGE_CURVE('',#2640,#2639,#1251,.T.);
#3229=EDGE_CURVE('',#2640,#2642,#1252,.T.);
#3230=EDGE_CURVE('',#2643,#2642,#1253,.T.);
#3231=EDGE_CURVE('',#2641,#2643,#1254,.T.);
#3232=EDGE_CURVE('',#2641,#2644,#210,.T.);
#3233=EDGE_CURVE('',#2645,#2643,#211,.T.);
#3234=EDGE_CURVE('',#2644,#2645,#1255,.T.);
#3235=EDGE_CURVE('',#2547,#2644,#1256,.T.);
#3236=EDGE_CURVE('',#2644,#2646,#1257,.T.);
#3237=EDGE_CURVE('',#2548,#2646,#1258,.T.);
#3238=EDGE_CURVE('',#2646,#2647,#212,.T.);
#3239=EDGE_CURVE('',#2549,#2647,#1259,.T.);
#3240=EDGE_CURVE('',#2647,#2648,#1260,.T.);
#3241=EDGE_CURVE('',#2550,#2648,#1261,.T.);
#3242=EDGE_CURVE('',#2647,#2649,#1262,.T.);
#3243=EDGE_CURVE('',#2650,#2649,#1263,.T.);
#3244=EDGE_CURVE('',#2650,#2648,#1264,.T.);
#3245=EDGE_CURVE('',#2648,#2616,#213,.T.);
#3246=EDGE_CURVE('',#2619,#2650,#214,.T.);
#3247=EDGE_CURVE('',#2359,#2650,#1265,.T.);
#3248=EDGE_CURVE('',#2360,#2649,#1266,.T.);
#3249=EDGE_CURVE('',#2649,#2651,#215,.T.);
#3250=EDGE_CURVE('',#2361,#2651,#1267,.T.);
#3251=EDGE_CURVE('',#2651,#2645,#1268,.T.);
#3252=EDGE_CURVE('',#2362,#2645,#1269,.T.);
#3253=EDGE_CURVE('',#2646,#2651,#1270,.T.);
#3254=EDGE_CURVE('',#2363,#2643,#1271,.T.);
#3255=EDGE_CURVE('',#2636,#2364,#1272,.T.);
#3256=EDGE_CURVE('',#2642,#2637,#1273,.T.);
#3257=EDGE_CURVE('',#2635,#2365,#1274,.T.);
#3258=EDGE_CURVE('',#2635,#2652,#1275,.T.);
#3259=EDGE_CURVE('',#2366,#2652,#1276,.T.);
#3260=EDGE_CURVE('',#2652,#2653,#216,.T.);
#3261=EDGE_CURVE('',#2367,#2653,#1277,.T.);
#3262=EDGE_CURVE('',#2653,#2632,#1278,.T.);
#3263=EDGE_CURVE('',#2632,#2368,#1279,.T.);
#3264=EDGE_CURVE('',#2653,#2654,#1280,.T.);
#3265=EDGE_CURVE('',#2633,#2654,#1281,.T.);
#3266=EDGE_CURVE('',#2655,#2634,#1282,.T.);
#3267=EDGE_CURVE('',#2654,#2655,#217,.T.);
#3268=EDGE_CURVE('',#2656,#2656,#218,.T.);
#3269=EDGE_CURVE('',#2657,#2630,#1283,.T.);
#3270=EDGE_CURVE('',#2629,#2658,#1284,.T.);
#3271=EDGE_CURVE('',#2658,#2657,#219,.T.);
#3272=EDGE_CURVE('',#2659,#2659,#220,.T.);
#3273=EDGE_CURVE('',#2660,#2661,#221,.T.);
#3274=EDGE_CURVE('',#2661,#2626,#1285,.T.);
#3275=EDGE_CURVE('',#2625,#2660,#1286,.T.);
#3276=EDGE_CURVE('',#2662,#2662,#222,.T.);
#3277=EDGE_CURVE('',#2659,#2663,#1287,.T.);
#3278=EDGE_CURVE('',#2664,#2663,#223,.T.);
#3279=EDGE_CURVE('',#2663,#2664,#224,.T.);
#3280=EDGE_CURVE('',#2664,#2582,#1288,.T.);
#3281=EDGE_CURVE('',#2656,#2665,#1289,.T.);
#3282=EDGE_CURVE('',#2666,#2665,#225,.T.);
#3283=EDGE_CURVE('',#2665,#2666,#226,.T.);
#3284=EDGE_CURVE('',#2666,#2583,#1290,.T.);
#3285=EDGE_CURVE('',#2652,#2655,#1291,.T.);
#3286=EDGE_CURVE('',#2631,#2667,#1292,.T.);
#3287=EDGE_CURVE('',#2667,#2657,#1293,.T.);
#3288=EDGE_CURVE('',#2631,#2369,#1294,.T.);
#3289=EDGE_CURVE('',#2370,#2667,#1295,.T.);
#3290=EDGE_CURVE('',#2667,#2668,#227,.T.);
#3291=EDGE_CURVE('',#2371,#2668,#1296,.T.);
#3292=EDGE_CURVE('',#2668,#2628,#1297,.T.);
#3293=EDGE_CURVE('',#2628,#2372,#1298,.T.);
#3294=EDGE_CURVE('',#2668,#2658,#1299,.T.);
#3295=EDGE_CURVE('',#2627,#2373,#1300,.T.);
#3296=EDGE_CURVE('',#2627,#2669,#1301,.T.);
#3297=EDGE_CURVE('',#2374,#2669,#1302,.T.);
#3298=EDGE_CURVE('',#2669,#2670,#228,.T.);
#3299=EDGE_CURVE('',#2375,#2670,#1303,.T.);
#3300=EDGE_CURVE('',#2670,#2624,#1304,.T.);
#3301=EDGE_CURVE('',#2670,#2660,#1305,.T.);
#3302=EDGE_CURVE('',#2669,#2661,#1306,.T.);
#3303=EDGE_CURVE('',#2662,#2671,#1307,.T.);
#3304=EDGE_CURVE('',#2672,#2671,#229,.T.);
#3305=EDGE_CURVE('',#2671,#2672,#230,.T.);
#3306=EDGE_CURVE('',#2672,#2581,#1308,.T.);
#3307=EDGE_CURVE('',#2673,#2558,#1309,.T.);
#3308=EDGE_CURVE('',#2674,#2673,#231,.T.);
#3309=EDGE_CURVE('',#2674,#2557,#1310,.T.);
#3310=EDGE_CURVE('',#2675,#2564,#1311,.T.);
#3311=EDGE_CURVE('',#2675,#2676,#1312,.T.);
#3312=EDGE_CURVE('',#2676,#2673,#72,.T.);
#3313=EDGE_CURVE('',#2677,#2676,#73,.T.);
#3314=EDGE_CURVE('',#2678,#2677,#232,.T.);
#3315=EDGE_CURVE('',#2678,#2679,#74,.T.);
#3316=EDGE_CURVE('',#2674,#2679,#75,.T.);
#3317=EDGE_CURVE('',#2680,#2559,#1313,.T.);
#3318=EDGE_CURVE('',#2679,#2680,#1314,.T.);
#3319=EDGE_CURVE('',#2681,#2680,#1315,.T.);
#3320=EDGE_CURVE('',#2681,#2560,#1316,.T.);
#3321=EDGE_CURVE('',#2682,#2678,#1317,.T.);
#3322=EDGE_CURVE('',#2682,#2681,#1318,.T.);
#3323=EDGE_CURVE('',#2683,#2684,#1319,.T.);
#3324=EDGE_CURVE('',#2684,#2681,#233,.T.);
#3325=EDGE_CURVE('',#2683,#2682,#234,.T.);
#3326=EDGE_CURVE('',#2685,#2683,#235,.T.);
#3327=EDGE_CURVE('',#2685,#2686,#1320,.T.);
#3328=EDGE_CURVE('',#2686,#2684,#236,.T.);
#3329=EDGE_CURVE('',#2677,#2687,#1321,.T.);
#3330=EDGE_CURVE('',#2687,#2685,#237,.T.);
#3331=EDGE_CURVE('',#2688,#2688,#238,.T.);
#3332=EDGE_CURVE('',#2689,#2689,#239,.T.);
#3333=EDGE_CURVE('',#2689,#2688,#1322,.T.);
#3334=EDGE_CURVE('',#2690,#2690,#240,.T.);
#3335=EDGE_CURVE('',#2691,#2692,#241,.T.);
#3336=EDGE_CURVE('',#2691,#2690,#1323,.T.);
#3337=EDGE_CURVE('',#2692,#2691,#242,.T.);
#3338=EDGE_CURVE('',#2692,#2693,#1324,.T.);
#3339=EDGE_CURVE('',#2693,#2693,#243,.T.);
#3340=EDGE_CURVE('',#2687,#2694,#1325,.T.);
#3341=EDGE_CURVE('',#2694,#2686,#244,.T.);
#3342=EDGE_CURVE('',#2563,#2694,#1326,.T.);
#3343=EDGE_CURVE('',#2562,#2686,#1327,.T.);
#3344=EDGE_CURVE('',#2684,#2561,#1328,.T.);
#3345=EDGE_CURVE('',#2675,#2694,#1329,.T.);
#3346=EDGE_CURVE('',#2695,#2696,#1330,.T.);
#3347=EDGE_CURVE('',#2696,#2566,#25,.T.);
#3348=EDGE_CURVE('',#2695,#2565,#17,.T.);
#3349=EDGE_CURVE('',#2697,#2695,#1331,.T.);
#3350=EDGE_CURVE('',#2697,#2698,#1332,.T.);
#3351=EDGE_CURVE('',#2698,#2696,#1333,.T.);
#3352=EDGE_CURVE('',#2699,#2696,#245,.T.);
#3353=EDGE_CURVE('',#2698,#2700,#246,.T.);
#3354=EDGE_CURVE('',#2700,#2699,#1334,.T.);
#3355=EDGE_CURVE('',#2699,#2567,#18,.T.);
#3356=EDGE_CURVE('',#2699,#2701,#1335,.T.);
#3357=EDGE_CURVE('',#2701,#2568,#26,.T.);
#3358=EDGE_CURVE('',#2700,#2702,#1336,.T.);
#3359=EDGE_CURVE('',#2702,#2701,#1337,.T.);
#3360=EDGE_CURVE('',#2703,#2701,#247,.T.);
#3361=EDGE_CURVE('',#2702,#2704,#248,.T.);
#3362=EDGE_CURVE('',#2704,#2703,#1338,.T.);
#3363=EDGE_CURVE('',#2703,#2569,#19,.T.);
#3364=EDGE_CURVE('',#2703,#2705,#1339,.T.);
#3365=EDGE_CURVE('',#2705,#2570,#27,.T.);
#3366=EDGE_CURVE('',#2706,#2705,#249,.T.);
#3367=EDGE_CURVE('',#2706,#2571,#20,.T.);
#3368=EDGE_CURVE('',#2707,#2705,#1340,.T.);
#3369=EDGE_CURVE('',#2707,#2708,#250,.T.);
#3370=EDGE_CURVE('',#2708,#2706,#1341,.T.);
#3371=EDGE_CURVE('',#2706,#2709,#1342,.T.);
#3372=EDGE_CURVE('',#2708,#2710,#1343,.T.);
#3373=EDGE_CURVE('',#2710,#2709,#1344,.T.);
#3374=EDGE_CURVE('',#2709,#2572,#28,.T.);
#3375=EDGE_CURVE('',#2695,#2709,#251,.T.);
#3376=EDGE_CURVE('',#2710,#2697,#252,.T.);
#3377=EDGE_CURVE('',#2704,#2707,#1345,.T.);
#3378=EDGE_CURVE('',#2711,#2712,#1346,.T.);
#3379=EDGE_CURVE('',#2713,#2711,#253,.T.);
#3380=EDGE_CURVE('',#2714,#2713,#1347,.T.);
#3381=EDGE_CURVE('',#2715,#2714,#254,.T.);
#3382=EDGE_CURVE('',#2716,#2715,#1348,.T.);
#3383=EDGE_CURVE('',#2717,#2716,#255,.T.);
#3384=EDGE_CURVE('',#2718,#2717,#1349,.T.);
#3385=EDGE_CURVE('',#2712,#2718,#256,.T.);
#3386=EDGE_CURVE('',#2719,#2720,#1350,.T.);
#3387=EDGE_CURVE('',#2711,#2719,#1351,.T.);
#3388=EDGE_CURVE('',#2712,#2720,#1352,.T.);
#3389=EDGE_CURVE('',#2719,#2578,#21,.T.);
#3390=EDGE_CURVE('',#2720,#2579,#29,.T.);
#3391=EDGE_CURVE('',#2721,#2720,#257,.T.);
#3392=EDGE_CURVE('',#2721,#2580,#22,.T.);
#3393=EDGE_CURVE('',#2718,#2721,#1353,.T.);
#3394=EDGE_CURVE('',#2721,#2722,#1354,.T.);
#3395=EDGE_CURVE('',#2717,#2722,#1355,.T.);
#3396=EDGE_CURVE('',#2722,#2573,#30,.T.);
#3397=EDGE_CURVE('',#2723,#2722,#258,.T.);
#3398=EDGE_CURVE('',#2723,#2574,#23,.T.);
#3399=EDGE_CURVE('',#2716,#2723,#1356,.T.);
#3400=EDGE_CURVE('',#2723,#2724,#1357,.T.);
#3401=EDGE_CURVE('',#2715,#2724,#1358,.T.);
#3402=EDGE_CURVE('',#2724,#2575,#31,.T.);
#3403=EDGE_CURVE('',#2725,#2724,#259,.T.);
#3404=EDGE_CURVE('',#2725,#2576,#24,.T.);
#3405=EDGE_CURVE('',#2714,#2725,#1359,.T.);
#3406=EDGE_CURVE('',#2725,#2726,#1360,.T.);
#3407=EDGE_CURVE('',#2713,#2726,#1361,.T.);
#3408=EDGE_CURVE('',#2726,#2577,#32,.T.);
#3409=EDGE_CURVE('',#2719,#2726,#260,.T.);
#3410=EDGE_CURVE('',#2600,#2727,#1362,.T.);
#3411=EDGE_CURVE('',#2727,#2728,#1363,.T.);
#3412=EDGE_CURVE('',#2601,#2728,#1364,.T.);
#3413=EDGE_CURVE('',#2728,#2729,#1365,.T.);
#3414=EDGE_CURVE('',#2602,#2729,#1366,.T.);
#3415=EDGE_CURVE('',#2729,#2730,#1367,.T.);
#3416=EDGE_CURVE('',#2603,#2730,#1368,.T.);
#3417=EDGE_CURVE('',#2730,#2731,#1369,.T.);
#3418=EDGE_CURVE('',#2604,#2731,#1370,.T.);
#3419=EDGE_CURVE('',#2731,#2732,#1371,.T.);
#3420=EDGE_CURVE('',#2605,#2732,#1372,.T.);
#3421=EDGE_CURVE('',#2732,#2733,#1373,.T.);
#3422=EDGE_CURVE('',#2606,#2733,#1374,.T.);
#3423=EDGE_CURVE('',#2733,#2734,#1375,.T.);
#3424=EDGE_CURVE('',#2607,#2734,#1376,.T.);
#3425=EDGE_CURVE('',#2734,#2735,#1377,.T.);
#3426=EDGE_CURVE('',#2608,#2735,#1378,.T.);
#3427=EDGE_CURVE('',#2735,#2736,#1379,.T.);
#3428=EDGE_CURVE('',#2609,#2736,#1380,.T.);
#3429=EDGE_CURVE('',#2736,#2727,#1381,.T.);
#3430=EDGE_CURVE('',#2737,#2738,#1382,.T.);
#3431=EDGE_CURVE('',#2739,#2737,#1383,.T.);
#3432=EDGE_CURVE('',#2740,#2739,#1384,.T.);
#3433=EDGE_CURVE('',#2741,#2740,#1385,.T.);
#3434=EDGE_CURVE('',#2742,#2741,#1386,.T.);
#3435=EDGE_CURVE('',#2743,#2742,#1387,.T.);
#3436=EDGE_CURVE('',#2744,#2743,#1388,.T.);
#3437=EDGE_CURVE('',#2745,#2744,#1389,.T.);
#3438=EDGE_CURVE('',#2746,#2745,#1390,.T.);
#3439=EDGE_CURVE('',#2747,#2746,#1391,.T.);
#3440=EDGE_CURVE('',#2748,#2747,#1392,.T.);
#3441=EDGE_CURVE('',#2749,#2748,#1393,.T.);
#3442=EDGE_CURVE('',#2750,#2749,#1394,.T.);
#3443=EDGE_CURVE('',#2751,#2750,#1395,.T.);
#3444=EDGE_CURVE('',#2752,#2751,#1396,.T.);
#3445=EDGE_CURVE('',#2738,#2752,#1397,.T.);
#3446=EDGE_CURVE('',#2584,#2737,#1398,.T.);
#3447=EDGE_CURVE('',#2585,#2738,#1399,.T.);
#3448=EDGE_CURVE('',#2586,#2752,#1400,.T.);
#3449=EDGE_CURVE('',#2587,#2751,#1401,.T.);
#3450=EDGE_CURVE('',#2588,#2750,#1402,.T.);
#3451=EDGE_CURVE('',#2589,#2749,#1403,.T.);
#3452=EDGE_CURVE('',#2590,#2748,#1404,.T.);
#3453=EDGE_CURVE('',#2591,#2747,#1405,.T.);
#3454=EDGE_CURVE('',#2592,#2746,#1406,.T.);
#3455=EDGE_CURVE('',#2593,#2745,#1407,.T.);
#3456=EDGE_CURVE('',#2594,#2744,#1408,.T.);
#3457=EDGE_CURVE('',#2595,#2743,#1409,.T.);
#3458=EDGE_CURVE('',#2596,#2742,#1410,.T.);
#3459=EDGE_CURVE('',#2597,#2741,#1411,.T.);
#3460=EDGE_CURVE('',#2598,#2740,#1412,.T.);
#3461=EDGE_CURVE('',#2599,#2739,#1413,.T.);
#3462=EDGE_CURVE('',#2753,#2753,#261,.T.);
#3463=EDGE_CURVE('',#2753,#2399,#1414,.T.);
#3464=EDGE_CURVE('',#2754,#2754,#262,.T.);
#3465=EDGE_CURVE('',#2755,#2755,#263,.T.);
#3466=EDGE_CURVE('',#2755,#2754,#1415,.T.);
#3467=EDGE_CURVE('',#2401,#2756,#1416,.T.);
#3468=EDGE_CURVE('',#2757,#2756,#1417,.T.);
#3469=EDGE_CURVE('',#2400,#2757,#1418,.T.);
#3470=EDGE_CURVE('',#2758,#2757,#1419,.T.);
#3471=EDGE_CURVE('',#2402,#2758,#1420,.T.);
#3472=EDGE_CURVE('',#2756,#2758,#1421,.T.);
#3473=EDGE_CURVE('',#2759,#2760,#1422,.T.);
#3474=EDGE_CURVE('',#2760,#2761,#1423,.T.);
#3475=EDGE_CURVE('',#2761,#2762,#1424,.T.);
#3476=EDGE_CURVE('',#2762,#2763,#1425,.T.);
#3477=EDGE_CURVE('',#2763,#2764,#1426,.T.);
#3478=EDGE_CURVE('',#2764,#2765,#1427,.T.);
#3479=EDGE_CURVE('',#2765,#2766,#1428,.T.);
#3480=EDGE_CURVE('',#2766,#2759,#1429,.T.);
#3481=EDGE_CURVE('',#2767,#2768,#1430,.T.);
#3482=EDGE_CURVE('',#2768,#2769,#1431,.T.);
#3483=EDGE_CURVE('',#2769,#2770,#1432,.T.);
#3484=EDGE_CURVE('',#2770,#2771,#1433,.T.);
#3485=EDGE_CURVE('',#2771,#2772,#1434,.T.);
#3486=EDGE_CURVE('',#2772,#2773,#1435,.T.);
#3487=EDGE_CURVE('',#2773,#2774,#1436,.T.);
#3488=EDGE_CURVE('',#2774,#2775,#1437,.T.);
#3489=EDGE_CURVE('',#2775,#2776,#1438,.T.);
#3490=EDGE_CURVE('',#2776,#2777,#1439,.T.);
#3491=EDGE_CURVE('',#2777,#2778,#1440,.T.);
#3492=EDGE_CURVE('',#2778,#2779,#1441,.T.);
#3493=EDGE_CURVE('',#2779,#2780,#1442,.T.);
#3494=EDGE_CURVE('',#2780,#2781,#1443,.T.);
#3495=EDGE_CURVE('',#2781,#2782,#1444,.T.);
#3496=EDGE_CURVE('',#2782,#2783,#1445,.T.);
#3497=EDGE_CURVE('',#2783,#2784,#1446,.T.);
#3498=EDGE_CURVE('',#2784,#2785,#1447,.T.);
#3499=EDGE_CURVE('',#2785,#2767,#1448,.T.);
#3500=EDGE_CURVE('',#2786,#2787,#1449,.T.);
#3501=EDGE_CURVE('',#2787,#2788,#1450,.T.);
#3502=EDGE_CURVE('',#2788,#2786,#1451,.T.);
#3503=EDGE_CURVE('',#2789,#2790,#1452,.T.);
#3504=EDGE_CURVE('',#2790,#2791,#1453,.T.);
#3505=EDGE_CURVE('',#2791,#2792,#1454,.T.);
#3506=EDGE_CURVE('',#2792,#2793,#1455,.T.);
#3507=EDGE_CURVE('',#2793,#2794,#1456,.T.);
#3508=EDGE_CURVE('',#2794,#2795,#1457,.T.);
#3509=EDGE_CURVE('',#2795,#2796,#1458,.T.);
#3510=EDGE_CURVE('',#2796,#2789,#1459,.T.);
#3511=EDGE_CURVE('',#2797,#2798,#1460,.T.);
#3512=EDGE_CURVE('',#2798,#2799,#1461,.T.);
#3513=EDGE_CURVE('',#2799,#2800,#1462,.T.);
#3514=EDGE_CURVE('',#2800,#2801,#1463,.T.);
#3515=EDGE_CURVE('',#2801,#2802,#1464,.T.);
#3516=EDGE_CURVE('',#2802,#2803,#1465,.T.);
#3517=EDGE_CURVE('',#2803,#2804,#1466,.T.);
#3518=EDGE_CURVE('',#2804,#2797,#1467,.T.);
#3519=EDGE_CURVE('',#2805,#2806,#1468,.T.);
#3520=EDGE_CURVE('',#2806,#2807,#1469,.T.);
#3521=EDGE_CURVE('',#2807,#2808,#1470,.T.);
#3522=EDGE_CURVE('',#2808,#2809,#1471,.T.);
#3523=EDGE_CURVE('',#2809,#2810,#1472,.T.);
#3524=EDGE_CURVE('',#2810,#2811,#1473,.T.);
#3525=EDGE_CURVE('',#2811,#2812,#1474,.T.);
#3526=EDGE_CURVE('',#2812,#2813,#1475,.T.);
#3527=EDGE_CURVE('',#2813,#2814,#1476,.T.);
#3528=EDGE_CURVE('',#2814,#2815,#1477,.T.);
#3529=EDGE_CURVE('',#2815,#2816,#1478,.T.);
#3530=EDGE_CURVE('',#2816,#2817,#1479,.T.);
#3531=EDGE_CURVE('',#2817,#2818,#1480,.T.);
#3532=EDGE_CURVE('',#2818,#2819,#1481,.T.);
#3533=EDGE_CURVE('',#2819,#2820,#1482,.T.);
#3534=EDGE_CURVE('',#2820,#2821,#1483,.T.);
#3535=EDGE_CURVE('',#2821,#2822,#1484,.T.);
#3536=EDGE_CURVE('',#2822,#2823,#1485,.T.);
#3537=EDGE_CURVE('',#2823,#2824,#1486,.T.);
#3538=EDGE_CURVE('',#2824,#2825,#1487,.T.);
#3539=EDGE_CURVE('',#2825,#2826,#1488,.T.);
#3540=EDGE_CURVE('',#2826,#2827,#1489,.T.);
#3541=EDGE_CURVE('',#2827,#2828,#1490,.T.);
#3542=EDGE_CURVE('',#2828,#2805,#1491,.T.);
#3543=EDGE_CURVE('',#2829,#2830,#1492,.T.);
#3544=EDGE_CURVE('',#2830,#2831,#1493,.T.);
#3545=EDGE_CURVE('',#2831,#2832,#1494,.T.);
#3546=EDGE_CURVE('',#2832,#2833,#1495,.T.);
#3547=EDGE_CURVE('',#2833,#2834,#1496,.T.);
#3548=EDGE_CURVE('',#2834,#2835,#1497,.T.);
#3549=EDGE_CURVE('',#2835,#2836,#1498,.T.);
#3550=EDGE_CURVE('',#2836,#2837,#1499,.T.);
#3551=EDGE_CURVE('',#2837,#2838,#1500,.T.);
#3552=EDGE_CURVE('',#2838,#2347,#1501,.T.);
#3553=EDGE_CURVE('',#2346,#2839,#1502,.T.);
#3554=EDGE_CURVE('',#2839,#2840,#1503,.T.);
#3555=EDGE_CURVE('',#2840,#2841,#1504,.T.);
#3556=EDGE_CURVE('',#2841,#2842,#1505,.T.);
#3557=EDGE_CURVE('',#2842,#2829,#1506,.T.);
#3558=EDGE_CURVE('',#2843,#2844,#1507,.T.);
#3559=EDGE_CURVE('',#2844,#2845,#1508,.T.);
#3560=EDGE_CURVE('',#2845,#2843,#1509,.T.);
#3561=EDGE_CURVE('',#2846,#2847,#1510,.T.);
#3562=EDGE_CURVE('',#2847,#2848,#1511,.T.);
#3563=EDGE_CURVE('',#2848,#2849,#1512,.T.);
#3564=EDGE_CURVE('',#2849,#2846,#1513,.T.);
#3565=EDGE_CURVE('',#2850,#2851,#1514,.T.);
#3566=EDGE_CURVE('',#2851,#2852,#1515,.T.);
#3567=EDGE_CURVE('',#2852,#2853,#1516,.T.);
#3568=EDGE_CURVE('',#2853,#2850,#1517,.T.);
#3569=EDGE_CURVE('',#2854,#2855,#1518,.T.);
#3570=EDGE_CURVE('',#2855,#2856,#1519,.T.);
#3571=EDGE_CURVE('',#2856,#2857,#1520,.T.);
#3572=EDGE_CURVE('',#2857,#2854,#1521,.T.);
#3573=EDGE_CURVE('',#2858,#2859,#1522,.T.);
#3574=EDGE_CURVE('',#2859,#2860,#1523,.T.);
#3575=EDGE_CURVE('',#2860,#2861,#1524,.T.);
#3576=EDGE_CURVE('',#2861,#2858,#1525,.T.);
#3577=EDGE_CURVE('',#2862,#2863,#1526,.T.);
#3578=EDGE_CURVE('',#2863,#2864,#1527,.T.);
#3579=EDGE_CURVE('',#2864,#2865,#1528,.T.);
#3580=EDGE_CURVE('',#2865,#2862,#1529,.T.);
#3581=EDGE_CURVE('',#2866,#2867,#1530,.T.);
#3582=EDGE_CURVE('',#2867,#2868,#1531,.T.);
#3583=EDGE_CURVE('',#2868,#2869,#1532,.T.);
#3584=EDGE_CURVE('',#2869,#2866,#1533,.T.);
#3585=EDGE_CURVE('',#2870,#2871,#1534,.T.);
#3586=EDGE_CURVE('',#2871,#2872,#1535,.T.);
#3587=EDGE_CURVE('',#2872,#2870,#1536,.T.);
#3588=EDGE_CURVE('',#2404,#2760,#1537,.T.);
#3589=EDGE_CURVE('',#2403,#2759,#1538,.T.);
#3590=EDGE_CURVE('',#2405,#2766,#1539,.T.);
#3591=EDGE_CURVE('',#2406,#2765,#1540,.T.);
#3592=EDGE_CURVE('',#2407,#2764,#1541,.T.);
#3593=EDGE_CURVE('',#2408,#2763,#1542,.T.);
#3594=EDGE_CURVE('',#2409,#2762,#1543,.T.);
#3595=EDGE_CURVE('',#2410,#2761,#1544,.T.);
#3596=EDGE_CURVE('',#2412,#2768,#1545,.T.);
#3597=EDGE_CURVE('',#2411,#2767,#1546,.T.);
#3598=EDGE_CURVE('',#2413,#2785,#1547,.T.);
#3599=EDGE_CURVE('',#2414,#2784,#1548,.T.);
#3600=EDGE_CURVE('',#2415,#2783,#1549,.T.);
#3601=EDGE_CURVE('',#2416,#2782,#1550,.T.);
#3602=EDGE_CURVE('',#2417,#2781,#1551,.T.);
#3603=EDGE_CURVE('',#2418,#2780,#1552,.T.);
#3604=EDGE_CURVE('',#2419,#2779,#1553,.T.);
#3605=EDGE_CURVE('',#2420,#2778,#1554,.T.);
#3606=EDGE_CURVE('',#2421,#2777,#1555,.T.);
#3607=EDGE_CURVE('',#2422,#2776,#1556,.T.);
#3608=EDGE_CURVE('',#2423,#2775,#1557,.T.);
#3609=EDGE_CURVE('',#2424,#2774,#1558,.T.);
#3610=EDGE_CURVE('',#2425,#2773,#1559,.T.);
#3611=EDGE_CURVE('',#2426,#2772,#1560,.T.);
#3612=EDGE_CURVE('',#2427,#2771,#1561,.T.);
#3613=EDGE_CURVE('',#2428,#2770,#1562,.T.);
#3614=EDGE_CURVE('',#2429,#2769,#1563,.T.);
#3615=EDGE_CURVE('',#2431,#2787,#1564,.T.);
#3616=EDGE_CURVE('',#2430,#2786,#1565,.T.);
#3617=EDGE_CURVE('',#2432,#2788,#1566,.T.);
#3618=EDGE_CURVE('',#2434,#2790,#1567,.T.);
#3619=EDGE_CURVE('',#2433,#2789,#1568,.T.);
#3620=EDGE_CURVE('',#2435,#2796,#1569,.T.);
#3621=EDGE_CURVE('',#2436,#2795,#1570,.T.);
#3622=EDGE_CURVE('',#2437,#2794,#1571,.T.);
#3623=EDGE_CURVE('',#2438,#2793,#1572,.T.);
#3624=EDGE_CURVE('',#2439,#2792,#1573,.T.);
#3625=EDGE_CURVE('',#2440,#2791,#1574,.T.);
#3626=EDGE_CURVE('',#2349,#2798,#1575,.T.);
#3627=EDGE_CURVE('',#2348,#2797,#1576,.T.);
#3628=EDGE_CURVE('',#2350,#2804,#1577,.T.);
#3629=EDGE_CURVE('',#2351,#2803,#1578,.T.);
#3630=EDGE_CURVE('',#2352,#2802,#1579,.T.);
#3631=EDGE_CURVE('',#2353,#2801,#1580,.T.);
#3632=EDGE_CURVE('',#2354,#2800,#1581,.T.);
#3633=EDGE_CURVE('',#2355,#2799,#1582,.T.);
#3634=EDGE_CURVE('',#2442,#2806,#1583,.T.);
#3635=EDGE_CURVE('',#2441,#2805,#1584,.T.);
#3636=EDGE_CURVE('',#2443,#2828,#1585,.T.);
#3637=EDGE_CURVE('',#2444,#2827,#1586,.T.);
#3638=EDGE_CURVE('',#2445,#2826,#1587,.T.);
#3639=EDGE_CURVE('',#2446,#2825,#1588,.T.);
#3640=EDGE_CURVE('',#2447,#2824,#1589,.T.);
#3641=EDGE_CURVE('',#2448,#2823,#1590,.T.);
#3642=EDGE_CURVE('',#2449,#2822,#1591,.T.);
#3643=EDGE_CURVE('',#2450,#2821,#1592,.T.);
#3644=EDGE_CURVE('',#2451,#2820,#1593,.T.);
#3645=EDGE_CURVE('',#2452,#2819,#1594,.T.);
#3646=EDGE_CURVE('',#2453,#2818,#1595,.T.);
#3647=EDGE_CURVE('',#2454,#2817,#1596,.T.);
#3648=EDGE_CURVE('',#2455,#2816,#1597,.T.);
#3649=EDGE_CURVE('',#2456,#2815,#1598,.T.);
#3650=EDGE_CURVE('',#2457,#2814,#1599,.T.);
#3651=EDGE_CURVE('',#2458,#2813,#1600,.T.);
#3652=EDGE_CURVE('',#2459,#2812,#1601,.T.);
#3653=EDGE_CURVE('',#2460,#2811,#1602,.T.);
#3654=EDGE_CURVE('',#2461,#2810,#1603,.T.);
#3655=EDGE_CURVE('',#2462,#2809,#1604,.T.);
#3656=EDGE_CURVE('',#2463,#2808,#1605,.T.);
#3657=EDGE_CURVE('',#2464,#2807,#1606,.T.);
#3658=EDGE_CURVE('',#2466,#2830,#1607,.T.);
#3659=EDGE_CURVE('',#2465,#2829,#1608,.T.);
#3660=EDGE_CURVE('',#2467,#2842,#1609,.T.);
#3661=EDGE_CURVE('',#2468,#2841,#1610,.T.);
#3662=EDGE_CURVE('',#2469,#2840,#1611,.T.);
#3663=EDGE_CURVE('',#2470,#2839,#1612,.T.);
#3664=EDGE_CURVE('',#2478,#2831,#1613,.T.);
#3665=EDGE_CURVE('',#2477,#2832,#1614,.T.);
#3666=EDGE_CURVE('',#2476,#2833,#1615,.T.);
#3667=EDGE_CURVE('',#2475,#2834,#1616,.T.);
#3668=EDGE_CURVE('',#2474,#2835,#1617,.T.);
#3669=EDGE_CURVE('',#2473,#2836,#1618,.T.);
#3670=EDGE_CURVE('',#2472,#2837,#1619,.T.);
#3671=EDGE_CURVE('',#2471,#2838,#1620,.T.);
#3672=EDGE_CURVE('',#2480,#2844,#1621,.T.);
#3673=EDGE_CURVE('',#2479,#2843,#1622,.T.);
#3674=EDGE_CURVE('',#2481,#2845,#1623,.T.);
#3675=EDGE_CURVE('',#2483,#2847,#1624,.T.);
#3676=EDGE_CURVE('',#2482,#2846,#1625,.T.);
#3677=EDGE_CURVE('',#2484,#2849,#1626,.T.);
#3678=EDGE_CURVE('',#2485,#2848,#1627,.T.);
#3679=EDGE_CURVE('',#2487,#2851,#1628,.T.);
#3680=EDGE_CURVE('',#2486,#2850,#1629,.T.);
#3681=EDGE_CURVE('',#2488,#2853,#1630,.T.);
#3682=EDGE_CURVE('',#2489,#2852,#1631,.T.);
#3683=EDGE_CURVE('',#2491,#2855,#1632,.T.);
#3684=EDGE_CURVE('',#2490,#2854,#1633,.T.);
#3685=EDGE_CURVE('',#2492,#2857,#1634,.T.);
#3686=EDGE_CURVE('',#2493,#2856,#1635,.T.);
#3687=EDGE_CURVE('',#2495,#2859,#1636,.T.);
#3688=EDGE_CURVE('',#2494,#2858,#1637,.T.);
#3689=EDGE_CURVE('',#2496,#2861,#1638,.T.);
#3690=EDGE_CURVE('',#2497,#2860,#1639,.T.);
#3691=EDGE_CURVE('',#2499,#2863,#1640,.T.);
#3692=EDGE_CURVE('',#2498,#2862,#1641,.T.);
#3693=EDGE_CURVE('',#2500,#2865,#1642,.T.);
#3694=EDGE_CURVE('',#2501,#2864,#1643,.T.);
#3695=EDGE_CURVE('',#2503,#2867,#1644,.T.);
#3696=EDGE_CURVE('',#2502,#2866,#1645,.T.);
#3697=EDGE_CURVE('',#2504,#2869,#1646,.T.);
#3698=EDGE_CURVE('',#2505,#2868,#1647,.T.);
#3699=EDGE_CURVE('',#2507,#2871,#1648,.T.);
#3700=EDGE_CURVE('',#2506,#2870,#1649,.T.);
#3701=EDGE_CURVE('',#2508,#2872,#1650,.T.);
#3702=EDGE_CURVE('',#2873,#2873,#264,.T.);
#3703=EDGE_CURVE('',#2873,#2874,#1651,.T.);
#3704=EDGE_CURVE('',#2874,#2874,#265,.T.);
#3705=ORIENTED_EDGE('',*,*,#2875,.T.);
#3706=ORIENTED_EDGE('',*,*,#2876,.T.);
#3707=ORIENTED_EDGE('',*,*,#2877,.F.);
#3708=ORIENTED_EDGE('',*,*,#2878,.F.);
#3709=ORIENTED_EDGE('',*,*,#2879,.F.);
#3710=ORIENTED_EDGE('',*,*,#2880,.F.);
#3711=ORIENTED_EDGE('',*,*,#2881,.F.);
#3712=ORIENTED_EDGE('',*,*,#2882,.F.);
#3713=ORIENTED_EDGE('',*,*,#2883,.F.);
#3714=ORIENTED_EDGE('',*,*,#2884,.F.);
#3715=ORIENTED_EDGE('',*,*,#2885,.F.);
#3716=ORIENTED_EDGE('',*,*,#2886,.F.);
#3717=ORIENTED_EDGE('',*,*,#2887,.T.);
#3718=ORIENTED_EDGE('',*,*,#2888,.T.);
#3719=ORIENTED_EDGE('',*,*,#2889,.T.);
#3720=ORIENTED_EDGE('',*,*,#2890,.T.);
#3721=ORIENTED_EDGE('',*,*,#2891,.T.);
#3722=ORIENTED_EDGE('',*,*,#2892,.T.);
#3723=ORIENTED_EDGE('',*,*,#2893,.T.);
#3724=ORIENTED_EDGE('',*,*,#2894,.T.);
#3725=ORIENTED_EDGE('',*,*,#2895,.T.);
#3726=ORIENTED_EDGE('',*,*,#2896,.T.);
#3727=ORIENTED_EDGE('',*,*,#2897,.T.);
#3728=ORIENTED_EDGE('',*,*,#2898,.T.);
#3729=ORIENTED_EDGE('',*,*,#2899,.T.);
#3730=ORIENTED_EDGE('',*,*,#2900,.T.);
#3731=ORIENTED_EDGE('',*,*,#2901,.T.);
#3732=ORIENTED_EDGE('',*,*,#2902,.T.);
#3733=ORIENTED_EDGE('',*,*,#2903,.T.);
#3734=ORIENTED_EDGE('',*,*,#2904,.T.);
#3735=ORIENTED_EDGE('',*,*,#2905,.T.);
#3736=ORIENTED_EDGE('',*,*,#2906,.T.);
#3737=ORIENTED_EDGE('',*,*,#2907,.T.);
#3738=ORIENTED_EDGE('',*,*,#2908,.T.);
#3739=ORIENTED_EDGE('',*,*,#2909,.T.);
#3740=ORIENTED_EDGE('',*,*,#2910,.T.);
#3741=ORIENTED_EDGE('',*,*,#2911,.T.);
#3742=ORIENTED_EDGE('',*,*,#2912,.T.);
#3743=ORIENTED_EDGE('',*,*,#2913,.T.);
#3744=ORIENTED_EDGE('',*,*,#2914,.T.);
#3745=ORIENTED_EDGE('',*,*,#2915,.T.);
#3746=ORIENTED_EDGE('',*,*,#2916,.T.);
#3747=ORIENTED_EDGE('',*,*,#2917,.T.);
#3748=ORIENTED_EDGE('',*,*,#2918,.T.);
#3749=ORIENTED_EDGE('',*,*,#2919,.T.);
#3750=ORIENTED_EDGE('',*,*,#2920,.T.);
#3751=ORIENTED_EDGE('',*,*,#2921,.T.);
#3752=ORIENTED_EDGE('',*,*,#2922,.T.);
#3753=ORIENTED_EDGE('',*,*,#2923,.T.);
#3754=ORIENTED_EDGE('',*,*,#2924,.T.);
#3755=ORIENTED_EDGE('',*,*,#2925,.T.);
#3756=ORIENTED_EDGE('',*,*,#2926,.T.);
#3757=ORIENTED_EDGE('',*,*,#2927,.T.);
#3758=ORIENTED_EDGE('',*,*,#2928,.T.);
#3759=ORIENTED_EDGE('',*,*,#2929,.T.);
#3760=ORIENTED_EDGE('',*,*,#2930,.F.);
#3761=ORIENTED_EDGE('',*,*,#2931,.F.);
#3762=ORIENTED_EDGE('',*,*,#2932,.F.);
#3763=ORIENTED_EDGE('',*,*,#2933,.F.);
#3764=ORIENTED_EDGE('',*,*,#2934,.F.);
#3765=ORIENTED_EDGE('',*,*,#2935,.F.);
#3766=ORIENTED_EDGE('',*,*,#2936,.F.);
#3767=ORIENTED_EDGE('',*,*,#2937,.F.);
#3768=ORIENTED_EDGE('',*,*,#2938,.F.);
#3769=ORIENTED_EDGE('',*,*,#2939,.F.);
#3770=ORIENTED_EDGE('',*,*,#2940,.F.);
#3771=ORIENTED_EDGE('',*,*,#2941,.F.);
#3772=ORIENTED_EDGE('',*,*,#2942,.F.);
#3773=ORIENTED_EDGE('',*,*,#2943,.F.);
#3774=ORIENTED_EDGE('',*,*,#2944,.F.);
#3775=ORIENTED_EDGE('',*,*,#2945,.F.);
#3776=ORIENTED_EDGE('',*,*,#2946,.F.);
#3777=ORIENTED_EDGE('',*,*,#2947,.F.);
#3778=ORIENTED_EDGE('',*,*,#2948,.F.);
#3779=ORIENTED_EDGE('',*,*,#2949,.F.);
#3780=ORIENTED_EDGE('',*,*,#2950,.F.);
#3781=ORIENTED_EDGE('',*,*,#2951,.F.);
#3782=ORIENTED_EDGE('',*,*,#2952,.F.);
#3783=ORIENTED_EDGE('',*,*,#2953,.F.);
#3784=ORIENTED_EDGE('',*,*,#2954,.F.);
#3785=ORIENTED_EDGE('',*,*,#2955,.F.);
#3786=ORIENTED_EDGE('',*,*,#2956,.F.);
#3787=ORIENTED_EDGE('',*,*,#2957,.F.);
#3788=ORIENTED_EDGE('',*,*,#2958,.F.);
#3789=ORIENTED_EDGE('',*,*,#2959,.F.);
#3790=ORIENTED_EDGE('',*,*,#2960,.F.);
#3791=ORIENTED_EDGE('',*,*,#2961,.F.);
#3792=ORIENTED_EDGE('',*,*,#2962,.F.);
#3793=ORIENTED_EDGE('',*,*,#2963,.F.);
#3794=ORIENTED_EDGE('',*,*,#2964,.F.);
#3795=ORIENTED_EDGE('',*,*,#2965,.F.);
#3796=ORIENTED_EDGE('',*,*,#2966,.F.);
#3797=ORIENTED_EDGE('',*,*,#2967,.F.);
#3798=ORIENTED_EDGE('',*,*,#2968,.F.);
#3799=ORIENTED_EDGE('',*,*,#2969,.F.);
#3800=ORIENTED_EDGE('',*,*,#2970,.F.);
#3801=ORIENTED_EDGE('',*,*,#2971,.F.);
#3802=ORIENTED_EDGE('',*,*,#2972,.F.);
#3803=ORIENTED_EDGE('',*,*,#2973,.F.);
#3804=ORIENTED_EDGE('',*,*,#2974,.F.);
#3805=ORIENTED_EDGE('',*,*,#2975,.F.);
#3806=ORIENTED_EDGE('',*,*,#2976,.F.);
#3807=ORIENTED_EDGE('',*,*,#2977,.F.);
#3808=ORIENTED_EDGE('',*,*,#2978,.F.);
#3809=ORIENTED_EDGE('',*,*,#2979,.F.);
#3810=ORIENTED_EDGE('',*,*,#2980,.F.);
#3811=ORIENTED_EDGE('',*,*,#2981,.F.);
#3812=ORIENTED_EDGE('',*,*,#2982,.F.);
#3813=ORIENTED_EDGE('',*,*,#2983,.F.);
#3814=ORIENTED_EDGE('',*,*,#2984,.F.);
#3815=ORIENTED_EDGE('',*,*,#2985,.F.);
#3816=ORIENTED_EDGE('',*,*,#2986,.F.);
#3817=ORIENTED_EDGE('',*,*,#2987,.F.);
#3818=ORIENTED_EDGE('',*,*,#2988,.F.);
#3819=ORIENTED_EDGE('',*,*,#2989,.F.);
#3820=ORIENTED_EDGE('',*,*,#2990,.F.);
#3821=ORIENTED_EDGE('',*,*,#2991,.F.);
#3822=ORIENTED_EDGE('',*,*,#2992,.F.);
#3823=ORIENTED_EDGE('',*,*,#2993,.F.);
#3824=ORIENTED_EDGE('',*,*,#2994,.F.);
#3825=ORIENTED_EDGE('',*,*,#2995,.F.);
#3826=ORIENTED_EDGE('',*,*,#2996,.F.);
#3827=ORIENTED_EDGE('',*,*,#2997,.F.);
#3828=ORIENTED_EDGE('',*,*,#2998,.F.);
#3829=ORIENTED_EDGE('',*,*,#2999,.F.);
#3830=ORIENTED_EDGE('',*,*,#3000,.F.);
#3831=ORIENTED_EDGE('',*,*,#3001,.F.);
#3832=ORIENTED_EDGE('',*,*,#2875,.F.);
#3833=ORIENTED_EDGE('',*,*,#3002,.F.);
#3834=ORIENTED_EDGE('',*,*,#3003,.F.);
#3835=ORIENTED_EDGE('',*,*,#3004,.F.);
#3836=ORIENTED_EDGE('',*,*,#3005,.F.);
#3837=ORIENTED_EDGE('',*,*,#3006,.F.);
#3838=ORIENTED_EDGE('',*,*,#3007,.F.);
#3839=ORIENTED_EDGE('',*,*,#3008,.F.);
#3840=ORIENTED_EDGE('',*,*,#3009,.F.);
#3841=ORIENTED_EDGE('',*,*,#3010,.F.);
#3842=ORIENTED_EDGE('',*,*,#3011,.F.);
#3843=ORIENTED_EDGE('',*,*,#3012,.F.);
#3844=ORIENTED_EDGE('',*,*,#3013,.F.);
#3845=ORIENTED_EDGE('',*,*,#3014,.F.);
#3846=ORIENTED_EDGE('',*,*,#3015,.F.);
#3847=ORIENTED_EDGE('',*,*,#3016,.F.);
#3848=ORIENTED_EDGE('',*,*,#3017,.F.);
#3849=ORIENTED_EDGE('',*,*,#3018,.F.);
#3850=ORIENTED_EDGE('',*,*,#3019,.F.);
#3851=ORIENTED_EDGE('',*,*,#3020,.F.);
#3852=ORIENTED_EDGE('',*,*,#3021,.F.);
#3853=ORIENTED_EDGE('',*,*,#3022,.F.);
#3854=ORIENTED_EDGE('',*,*,#3023,.F.);
#3855=ORIENTED_EDGE('',*,*,#3024,.F.);
#3856=ORIENTED_EDGE('',*,*,#3025,.F.);
#3857=ORIENTED_EDGE('',*,*,#3026,.F.);
#3858=ORIENTED_EDGE('',*,*,#3027,.F.);
#3859=ORIENTED_EDGE('',*,*,#3028,.F.);
#3860=ORIENTED_EDGE('',*,*,#3029,.F.);
#3861=ORIENTED_EDGE('',*,*,#3030,.F.);
#3862=ORIENTED_EDGE('',*,*,#3031,.F.);
#3863=ORIENTED_EDGE('',*,*,#3032,.F.);
#3864=ORIENTED_EDGE('',*,*,#3033,.F.);
#3865=ORIENTED_EDGE('',*,*,#3034,.F.);
#3866=ORIENTED_EDGE('',*,*,#3035,.F.);
#3867=ORIENTED_EDGE('',*,*,#3036,.F.);
#3868=ORIENTED_EDGE('',*,*,#3037,.F.);
#3869=ORIENTED_EDGE('',*,*,#3038,.F.);
#3870=ORIENTED_EDGE('',*,*,#3039,.F.);
#3871=ORIENTED_EDGE('',*,*,#3040,.F.);
#3872=ORIENTED_EDGE('',*,*,#2907,.F.);
#3873=ORIENTED_EDGE('',*,*,#3041,.F.);
#3874=ORIENTED_EDGE('',*,*,#3042,.T.);
#3875=ORIENTED_EDGE('',*,*,#3043,.F.);
#3876=ORIENTED_EDGE('',*,*,#2908,.F.);
#3877=ORIENTED_EDGE('',*,*,#3043,.T.);
#3878=ORIENTED_EDGE('',*,*,#3044,.T.);
#3879=ORIENTED_EDGE('',*,*,#3045,.F.);
#3880=ORIENTED_EDGE('',*,*,#2909,.F.);
#3881=ORIENTED_EDGE('',*,*,#3045,.T.);
#3882=ORIENTED_EDGE('',*,*,#3046,.T.);
#3883=ORIENTED_EDGE('',*,*,#3047,.F.);
#3884=ORIENTED_EDGE('',*,*,#2910,.F.);
#3885=ORIENTED_EDGE('',*,*,#3047,.T.);
#3886=ORIENTED_EDGE('',*,*,#3048,.T.);
#3887=ORIENTED_EDGE('',*,*,#3049,.F.);
#3888=ORIENTED_EDGE('',*,*,#2911,.F.);
#3889=ORIENTED_EDGE('',*,*,#3049,.T.);
#3890=ORIENTED_EDGE('',*,*,#3050,.T.);
#3891=ORIENTED_EDGE('',*,*,#3051,.F.);
#3892=ORIENTED_EDGE('',*,*,#2912,.F.);
#3893=ORIENTED_EDGE('',*,*,#3051,.T.);
#3894=ORIENTED_EDGE('',*,*,#3052,.T.);
#3895=ORIENTED_EDGE('',*,*,#3053,.F.);
#3896=ORIENTED_EDGE('',*,*,#2913,.F.);
#3897=ORIENTED_EDGE('',*,*,#3053,.T.);
#3898=ORIENTED_EDGE('',*,*,#3054,.T.);
#3899=ORIENTED_EDGE('',*,*,#3055,.F.);
#3900=ORIENTED_EDGE('',*,*,#2914,.F.);
#3901=ORIENTED_EDGE('',*,*,#3055,.T.);
#3902=ORIENTED_EDGE('',*,*,#3056,.T.);
#3903=ORIENTED_EDGE('',*,*,#3057,.F.);
#3904=ORIENTED_EDGE('',*,*,#3058,.T.);
#3905=ORIENTED_EDGE('',*,*,#3041,.T.);
#3906=ORIENTED_EDGE('',*,*,#2915,.F.);
#3907=ORIENTED_EDGE('',*,*,#3057,.T.);
#3908=ORIENTED_EDGE('',*,*,#3058,.F.);
#3909=ORIENTED_EDGE('',*,*,#3059,.T.);
#3910=ORIENTED_EDGE('',*,*,#3060,.F.);
#3911=ORIENTED_EDGE('',*,*,#3061,.F.);
#3912=ORIENTED_EDGE('',*,*,#3042,.F.);
#3913=ORIENTED_EDGE('',*,*,#3061,.T.);
#3914=ORIENTED_EDGE('',*,*,#3062,.F.);
#3915=ORIENTED_EDGE('',*,*,#3063,.F.);
#3916=ORIENTED_EDGE('',*,*,#3044,.F.);
#3917=ORIENTED_EDGE('',*,*,#3063,.T.);
#3918=ORIENTED_EDGE('',*,*,#3064,.F.);
#3919=ORIENTED_EDGE('',*,*,#3065,.F.);
#3920=ORIENTED_EDGE('',*,*,#3046,.F.);
#3921=ORIENTED_EDGE('',*,*,#3065,.T.);
#3922=ORIENTED_EDGE('',*,*,#3066,.F.);
#3923=ORIENTED_EDGE('',*,*,#3067,.F.);
#3924=ORIENTED_EDGE('',*,*,#3048,.F.);
#3925=ORIENTED_EDGE('',*,*,#3067,.T.);
#3926=ORIENTED_EDGE('',*,*,#3068,.F.);
#3927=ORIENTED_EDGE('',*,*,#3069,.F.);
#3928=ORIENTED_EDGE('',*,*,#3050,.F.);
#3929=ORIENTED_EDGE('',*,*,#3069,.T.);
#3930=ORIENTED_EDGE('',*,*,#3070,.F.);
#3931=ORIENTED_EDGE('',*,*,#3071,.F.);
#3932=ORIENTED_EDGE('',*,*,#3052,.F.);
#3933=ORIENTED_EDGE('',*,*,#3071,.T.);
#3934=ORIENTED_EDGE('',*,*,#3072,.F.);
#3935=ORIENTED_EDGE('',*,*,#3073,.F.);
#3936=ORIENTED_EDGE('',*,*,#3054,.F.);
#3937=ORIENTED_EDGE('',*,*,#3073,.T.);
#3938=ORIENTED_EDGE('',*,*,#3074,.F.);
#3939=ORIENTED_EDGE('',*,*,#3075,.F.);
#3940=ORIENTED_EDGE('',*,*,#3056,.F.);
#3941=ORIENTED_EDGE('',*,*,#3075,.T.);
#3942=ORIENTED_EDGE('',*,*,#3076,.F.);
#3943=ORIENTED_EDGE('',*,*,#3059,.F.);
#3944=ORIENTED_EDGE('',*,*,#3066,.T.);
#3945=ORIENTED_EDGE('',*,*,#3064,.T.);
#3946=ORIENTED_EDGE('',*,*,#3062,.T.);
#3947=ORIENTED_EDGE('',*,*,#3060,.T.);
#3948=ORIENTED_EDGE('',*,*,#3076,.T.);
#3949=ORIENTED_EDGE('',*,*,#3074,.T.);
#3950=ORIENTED_EDGE('',*,*,#3072,.T.);
#3951=ORIENTED_EDGE('',*,*,#3070,.T.);
#3952=ORIENTED_EDGE('',*,*,#3068,.T.);
#3953=ORIENTED_EDGE('',*,*,#2916,.F.);
#3954=ORIENTED_EDGE('',*,*,#3077,.T.);
#3955=ORIENTED_EDGE('',*,*,#3078,.T.);
#3956=ORIENTED_EDGE('',*,*,#3079,.F.);
#3957=ORIENTED_EDGE('',*,*,#2917,.F.);
#3958=ORIENTED_EDGE('',*,*,#3079,.T.);
#3959=ORIENTED_EDGE('',*,*,#3080,.T.);
#3960=ORIENTED_EDGE('',*,*,#3081,.F.);
#3961=ORIENTED_EDGE('',*,*,#2918,.F.);
#3962=ORIENTED_EDGE('',*,*,#3081,.T.);
#3963=ORIENTED_EDGE('',*,*,#3082,.T.);
#3964=ORIENTED_EDGE('',*,*,#3083,.F.);
#3965=ORIENTED_EDGE('',*,*,#2919,.F.);
#3966=ORIENTED_EDGE('',*,*,#3083,.T.);
#3967=ORIENTED_EDGE('',*,*,#3084,.T.);
#3968=ORIENTED_EDGE('',*,*,#3085,.F.);
#3969=ORIENTED_EDGE('',*,*,#2920,.F.);
#3970=ORIENTED_EDGE('',*,*,#3085,.T.);
#3971=ORIENTED_EDGE('',*,*,#3086,.T.);
#3972=ORIENTED_EDGE('',*,*,#3087,.F.);
#3973=ORIENTED_EDGE('',*,*,#2921,.F.);
#3974=ORIENTED_EDGE('',*,*,#3087,.T.);
#3975=ORIENTED_EDGE('',*,*,#3088,.T.);
#3976=ORIENTED_EDGE('',*,*,#3089,.F.);
#3977=ORIENTED_EDGE('',*,*,#2922,.F.);
#3978=ORIENTED_EDGE('',*,*,#3089,.T.);
#3979=ORIENTED_EDGE('',*,*,#3090,.T.);
#3980=ORIENTED_EDGE('',*,*,#3091,.F.);
#3981=ORIENTED_EDGE('',*,*,#2923,.F.);
#3982=ORIENTED_EDGE('',*,*,#3091,.T.);
#3983=ORIENTED_EDGE('',*,*,#3092,.T.);
#3984=ORIENTED_EDGE('',*,*,#3077,.F.);
#3985=ORIENTED_EDGE('',*,*,#3092,.F.);
#3986=ORIENTED_EDGE('',*,*,#3093,.T.);
#3987=ORIENTED_EDGE('',*,*,#3094,.F.);
#3988=ORIENTED_EDGE('',*,*,#3095,.F.);
#3989=ORIENTED_EDGE('',*,*,#3078,.F.);
#3990=ORIENTED_EDGE('',*,*,#3095,.T.);
#3991=ORIENTED_EDGE('',*,*,#3096,.F.);
#3992=ORIENTED_EDGE('',*,*,#3097,.F.);
#3993=ORIENTED_EDGE('',*,*,#3080,.F.);
#3994=ORIENTED_EDGE('',*,*,#3097,.T.);
#3995=ORIENTED_EDGE('',*,*,#3098,.F.);
#3996=ORIENTED_EDGE('',*,*,#3099,.F.);
#3997=ORIENTED_EDGE('',*,*,#3082,.F.);
#3998=ORIENTED_EDGE('',*,*,#3099,.T.);
#3999=ORIENTED_EDGE('',*,*,#3100,.F.);
#4000=ORIENTED_EDGE('',*,*,#3101,.F.);
#4001=ORIENTED_EDGE('',*,*,#3084,.F.);
#4002=ORIENTED_EDGE('',*,*,#3101,.T.);
#4003=ORIENTED_EDGE('',*,*,#3102,.F.);
#4004=ORIENTED_EDGE('',*,*,#3103,.F.);
#4005=ORIENTED_EDGE('',*,*,#3086,.F.);
#4006=ORIENTED_EDGE('',*,*,#3103,.T.);
#4007=ORIENTED_EDGE('',*,*,#3104,.F.);
#4008=ORIENTED_EDGE('',*,*,#3105,.F.);
#4009=ORIENTED_EDGE('',*,*,#3088,.F.);
#4010=ORIENTED_EDGE('',*,*,#3105,.T.);
#4011=ORIENTED_EDGE('',*,*,#3106,.F.);
#4012=ORIENTED_EDGE('',*,*,#3107,.F.);
#4013=ORIENTED_EDGE('',*,*,#3090,.F.);
#4014=ORIENTED_EDGE('',*,*,#3107,.T.);
#4015=ORIENTED_EDGE('',*,*,#3108,.F.);
#4016=ORIENTED_EDGE('',*,*,#3093,.F.);
#4017=ORIENTED_EDGE('',*,*,#3109,.T.);
#4018=ORIENTED_EDGE('',*,*,#3110,.T.);
#4019=ORIENTED_EDGE('',*,*,#3111,.T.);
#4020=ORIENTED_EDGE('',*,*,#3112,.T.);
#4021=ORIENTED_EDGE('',*,*,#3113,.T.);
#4022=ORIENTED_EDGE('',*,*,#3114,.T.);
#4023=ORIENTED_EDGE('',*,*,#3115,.T.);
#4024=ORIENTED_EDGE('',*,*,#3116,.T.);
#4025=ORIENTED_EDGE('',*,*,#3104,.T.);
#4026=ORIENTED_EDGE('',*,*,#3102,.T.);
#4027=ORIENTED_EDGE('',*,*,#3100,.T.);
#4028=ORIENTED_EDGE('',*,*,#3098,.T.);
#4029=ORIENTED_EDGE('',*,*,#3096,.T.);
#4030=ORIENTED_EDGE('',*,*,#3094,.T.);
#4031=ORIENTED_EDGE('',*,*,#3108,.T.);
#4032=ORIENTED_EDGE('',*,*,#3106,.T.);
#4033=ORIENTED_EDGE('',*,*,#3117,.T.);
#4034=ORIENTED_EDGE('',*,*,#3118,.T.);
#4035=ORIENTED_EDGE('',*,*,#3119,.T.);
#4036=ORIENTED_EDGE('',*,*,#3120,.T.);
#4037=ORIENTED_EDGE('',*,*,#3121,.T.);
#4038=ORIENTED_EDGE('',*,*,#3122,.T.);
#4039=ORIENTED_EDGE('',*,*,#3123,.F.);
#4040=ORIENTED_EDGE('',*,*,#3124,.T.);
#4041=ORIENTED_EDGE('',*,*,#3125,.F.);
#4042=ORIENTED_EDGE('',*,*,#3126,.T.);
#4043=ORIENTED_EDGE('',*,*,#3127,.T.);
#4044=ORIENTED_EDGE('',*,*,#3128,.T.);
#4045=ORIENTED_EDGE('',*,*,#3129,.F.);
#4046=ORIENTED_EDGE('',*,*,#3130,.T.);
#4047=ORIENTED_EDGE('',*,*,#3131,.T.);
#4048=ORIENTED_EDGE('',*,*,#3132,.T.);
#4049=ORIENTED_EDGE('',*,*,#3133,.T.);
#4050=ORIENTED_EDGE('',*,*,#3134,.T.);
#4051=ORIENTED_EDGE('',*,*,#3135,.T.);
#4052=ORIENTED_EDGE('',*,*,#3136,.T.);
#4053=ORIENTED_EDGE('',*,*,#3137,.T.);
#4054=ORIENTED_EDGE('',*,*,#3138,.T.);
#4055=ORIENTED_EDGE('',*,*,#3139,.T.);
#4056=ORIENTED_EDGE('',*,*,#3140,.T.);
#4057=ORIENTED_EDGE('',*,*,#3141,.T.);
#4058=ORIENTED_EDGE('',*,*,#3142,.T.);
#4059=ORIENTED_EDGE('',*,*,#3143,.T.);
#4060=ORIENTED_EDGE('',*,*,#3144,.T.);
#4061=ORIENTED_EDGE('',*,*,#3145,.T.);
#4062=ORIENTED_EDGE('',*,*,#3146,.T.);
#4063=ORIENTED_EDGE('',*,*,#3147,.T.);
#4064=ORIENTED_EDGE('',*,*,#3148,.T.);
#4065=ORIENTED_EDGE('',*,*,#3149,.T.);
#4066=ORIENTED_EDGE('',*,*,#3150,.T.);
#4067=ORIENTED_EDGE('',*,*,#3151,.T.);
#4068=ORIENTED_EDGE('',*,*,#3152,.T.);
#4069=ORIENTED_EDGE('',*,*,#3153,.T.);
#4070=ORIENTED_EDGE('',*,*,#3154,.T.);
#4071=ORIENTED_EDGE('',*,*,#3155,.T.);
#4072=ORIENTED_EDGE('',*,*,#3156,.T.);
#4073=ORIENTED_EDGE('',*,*,#3157,.T.);
#4074=ORIENTED_EDGE('',*,*,#3158,.T.);
#4075=ORIENTED_EDGE('',*,*,#3159,.T.);
#4076=ORIENTED_EDGE('',*,*,#3160,.T.);
#4077=ORIENTED_EDGE('',*,*,#3161,.T.);
#4078=ORIENTED_EDGE('',*,*,#3162,.T.);
#4079=ORIENTED_EDGE('',*,*,#3163,.T.);
#4080=ORIENTED_EDGE('',*,*,#3164,.T.);
#4081=ORIENTED_EDGE('',*,*,#3165,.T.);
#4082=ORIENTED_EDGE('',*,*,#3166,.T.);
#4083=ORIENTED_EDGE('',*,*,#3167,.T.);
#4084=ORIENTED_EDGE('',*,*,#3168,.T.);
#4085=ORIENTED_EDGE('',*,*,#3169,.T.);
#4086=ORIENTED_EDGE('',*,*,#3170,.T.);
#4087=ORIENTED_EDGE('',*,*,#3171,.T.);
#4088=ORIENTED_EDGE('',*,*,#3172,.T.);
#4089=ORIENTED_EDGE('',*,*,#3173,.T.);
#4090=ORIENTED_EDGE('',*,*,#3174,.T.);
#4091=ORIENTED_EDGE('',*,*,#3175,.T.);
#4092=ORIENTED_EDGE('',*,*,#3176,.F.);
#4093=ORIENTED_EDGE('',*,*,#3177,.T.);
#4094=ORIENTED_EDGE('',*,*,#3117,.F.);
#4095=ORIENTED_EDGE('',*,*,#3178,.F.);
#4096=ORIENTED_EDGE('',*,*,#2928,.F.);
#4097=ORIENTED_EDGE('',*,*,#3179,.T.);
#4098=ORIENTED_EDGE('',*,*,#3176,.T.);
#4099=ORIENTED_EDGE('',*,*,#3180,.F.);
#4100=ORIENTED_EDGE('',*,*,#2929,.F.);
#4101=ORIENTED_EDGE('',*,*,#3180,.T.);
#4102=ORIENTED_EDGE('',*,*,#3181,.T.);
#4103=ORIENTED_EDGE('',*,*,#3182,.F.);
#4104=ORIENTED_EDGE('',*,*,#2924,.F.);
#4105=ORIENTED_EDGE('',*,*,#3182,.T.);
#4106=ORIENTED_EDGE('',*,*,#3183,.T.);
#4107=ORIENTED_EDGE('',*,*,#3184,.F.);
#4108=ORIENTED_EDGE('',*,*,#2925,.F.);
#4109=ORIENTED_EDGE('',*,*,#3184,.T.);
#4110=ORIENTED_EDGE('',*,*,#3185,.T.);
#4111=ORIENTED_EDGE('',*,*,#3186,.F.);
#4112=ORIENTED_EDGE('',*,*,#2926,.F.);
#4113=ORIENTED_EDGE('',*,*,#3186,.T.);
#4114=ORIENTED_EDGE('',*,*,#3187,.T.);
#4115=ORIENTED_EDGE('',*,*,#3188,.F.);
#4116=ORIENTED_EDGE('',*,*,#2927,.F.);
#4117=ORIENTED_EDGE('',*,*,#3188,.T.);
#4118=ORIENTED_EDGE('',*,*,#3189,.T.);
#4119=ORIENTED_EDGE('',*,*,#3179,.F.);
#4120=ORIENTED_EDGE('',*,*,#3189,.F.);
#4121=ORIENTED_EDGE('',*,*,#3190,.T.);
#4122=ORIENTED_EDGE('',*,*,#3118,.F.);
#4123=ORIENTED_EDGE('',*,*,#3177,.F.);
#4124=ORIENTED_EDGE('',*,*,#3187,.F.);
#4125=ORIENTED_EDGE('',*,*,#3191,.T.);
#4126=ORIENTED_EDGE('',*,*,#3119,.F.);
#4127=ORIENTED_EDGE('',*,*,#3190,.F.);
#4128=ORIENTED_EDGE('',*,*,#3185,.F.);
#4129=ORIENTED_EDGE('',*,*,#3192,.T.);
#4130=ORIENTED_EDGE('',*,*,#3120,.F.);
#4131=ORIENTED_EDGE('',*,*,#3191,.F.);
#4132=ORIENTED_EDGE('',*,*,#3183,.F.);
#4133=ORIENTED_EDGE('',*,*,#3193,.T.);
#4134=ORIENTED_EDGE('',*,*,#3121,.F.);
#4135=ORIENTED_EDGE('',*,*,#3192,.F.);
#4136=ORIENTED_EDGE('',*,*,#3181,.F.);
#4137=ORIENTED_EDGE('',*,*,#3178,.T.);
#4138=ORIENTED_EDGE('',*,*,#3122,.F.);
#4139=ORIENTED_EDGE('',*,*,#3193,.F.);
#4140=ORIENTED_EDGE('',*,*,#3194,.T.);
#4141=ORIENTED_EDGE('',*,*,#3195,.F.);
#4142=ORIENTED_EDGE('',*,*,#3196,.F.);
#4143=ORIENTED_EDGE('',*,*,#3109,.F.);
#4144=ORIENTED_EDGE('',*,*,#3197,.T.);
#4145=ORIENTED_EDGE('',*,*,#3194,.F.);
#4146=ORIENTED_EDGE('',*,*,#3198,.F.);
#4147=ORIENTED_EDGE('',*,*,#3199,.F.);
#4148=ORIENTED_EDGE('',*,*,#3200,.F.);
#4149=ORIENTED_EDGE('',*,*,#3201,.F.);
#4150=ORIENTED_EDGE('',*,*,#3202,.F.);
#4151=ORIENTED_EDGE('',*,*,#3203,.T.);
#4152=ORIENTED_EDGE('',*,*,#3195,.T.);
#4153=ORIENTED_EDGE('',*,*,#3200,.T.);
#4154=ORIENTED_EDGE('',*,*,#3204,.T.);
#4155=ORIENTED_EDGE('',*,*,#3205,.F.);
#4156=ORIENTED_EDGE('',*,*,#3201,.T.);
#4157=ORIENTED_EDGE('',*,*,#3199,.T.);
#4158=ORIENTED_EDGE('',*,*,#3206,.F.);
#4159=ORIENTED_EDGE('',*,*,#2888,.F.);
#4160=ORIENTED_EDGE('',*,*,#3204,.F.);
#4161=ORIENTED_EDGE('',*,*,#2887,.F.);
#4162=ORIENTED_EDGE('',*,*,#3207,.F.);
#4163=ORIENTED_EDGE('',*,*,#3208,.T.);
#4164=ORIENTED_EDGE('',*,*,#3208,.F.);
#4165=ORIENTED_EDGE('',*,*,#3209,.T.);
#4166=ORIENTED_EDGE('',*,*,#3210,.F.);
#4167=ORIENTED_EDGE('',*,*,#3211,.F.);
#4168=ORIENTED_EDGE('',*,*,#3212,.F.);
#4169=ORIENTED_EDGE('',*,*,#3213,.T.);
#4170=ORIENTED_EDGE('',*,*,#3214,.F.);
#4171=ORIENTED_EDGE('',*,*,#3215,.F.);
#4172=ORIENTED_EDGE('',*,*,#3216,.F.);
#4173=ORIENTED_EDGE('',*,*,#3217,.T.);
#4174=ORIENTED_EDGE('',*,*,#3218,.F.);
#4175=ORIENTED_EDGE('',*,*,#3219,.F.);
#4176=ORIENTED_EDGE('',*,*,#3220,.F.);
#4177=ORIENTED_EDGE('',*,*,#3221,.T.);
#4178=ORIENTED_EDGE('',*,*,#3222,.F.);
#4179=ORIENTED_EDGE('',*,*,#3223,.F.);
#4180=ORIENTED_EDGE('',*,*,#3202,.T.);
#4181=ORIENTED_EDGE('',*,*,#3205,.T.);
#4182=ORIENTED_EDGE('',*,*,#3110,.F.);
#4183=ORIENTED_EDGE('',*,*,#3196,.T.);
#4184=ORIENTED_EDGE('',*,*,#3203,.F.);
#4185=ORIENTED_EDGE('',*,*,#3223,.T.);
#4186=ORIENTED_EDGE('',*,*,#3224,.T.);
#4187=ORIENTED_EDGE('',*,*,#3225,.T.);
#4188=ORIENTED_EDGE('',*,*,#3226,.T.);
#4189=ORIENTED_EDGE('',*,*,#3227,.F.);
#4190=ORIENTED_EDGE('',*,*,#3111,.F.);
#4191=ORIENTED_EDGE('',*,*,#3225,.F.);
#4192=ORIENTED_EDGE('',*,*,#3228,.F.);
#4193=ORIENTED_EDGE('',*,*,#3226,.F.);
#4194=ORIENTED_EDGE('',*,*,#3229,.T.);
#4195=ORIENTED_EDGE('',*,*,#3230,.F.);
#4196=ORIENTED_EDGE('',*,*,#3231,.F.);
#4197=ORIENTED_EDGE('',*,*,#3232,.F.);
#4198=ORIENTED_EDGE('',*,*,#3231,.T.);
#4199=ORIENTED_EDGE('',*,*,#3233,.F.);
#4200=ORIENTED_EDGE('',*,*,#3234,.F.);
#4201=ORIENTED_EDGE('',*,*,#3112,.F.);
#4202=ORIENTED_EDGE('',*,*,#3227,.T.);
#4203=ORIENTED_EDGE('',*,*,#3232,.T.);
#4204=ORIENTED_EDGE('',*,*,#3235,.F.);
#4205=ORIENTED_EDGE('',*,*,#3113,.F.);
#4206=ORIENTED_EDGE('',*,*,#3235,.T.);
#4207=ORIENTED_EDGE('',*,*,#3236,.T.);
#4208=ORIENTED_EDGE('',*,*,#3237,.F.);
#4209=ORIENTED_EDGE('',*,*,#3114,.F.);
#4210=ORIENTED_EDGE('',*,*,#3237,.T.);
#4211=ORIENTED_EDGE('',*,*,#3238,.T.);
#4212=ORIENTED_EDGE('',*,*,#3239,.F.);
#4213=ORIENTED_EDGE('',*,*,#3240,.T.);
#4214=ORIENTED_EDGE('',*,*,#3241,.F.);
#4215=ORIENTED_EDGE('',*,*,#3115,.F.);
#4216=ORIENTED_EDGE('',*,*,#3239,.T.);
#4217=ORIENTED_EDGE('',*,*,#3240,.F.);
#4218=ORIENTED_EDGE('',*,*,#3242,.T.);
#4219=ORIENTED_EDGE('',*,*,#3243,.F.);
#4220=ORIENTED_EDGE('',*,*,#3244,.T.);
#4221=ORIENTED_EDGE('',*,*,#3245,.F.);
#4222=ORIENTED_EDGE('',*,*,#3244,.F.);
#4223=ORIENTED_EDGE('',*,*,#3246,.F.);
#4224=ORIENTED_EDGE('',*,*,#3198,.T.);
#4225=ORIENTED_EDGE('',*,*,#3116,.F.);
#4226=ORIENTED_EDGE('',*,*,#3241,.T.);
#4227=ORIENTED_EDGE('',*,*,#3245,.T.);
#4228=ORIENTED_EDGE('',*,*,#3197,.F.);
#4229=ORIENTED_EDGE('',*,*,#2889,.F.);
#4230=ORIENTED_EDGE('',*,*,#3206,.T.);
#4231=ORIENTED_EDGE('',*,*,#3246,.T.);
#4232=ORIENTED_EDGE('',*,*,#3247,.F.);
#4233=ORIENTED_EDGE('',*,*,#2890,.F.);
#4234=ORIENTED_EDGE('',*,*,#3247,.T.);
#4235=ORIENTED_EDGE('',*,*,#3243,.T.);
#4236=ORIENTED_EDGE('',*,*,#3248,.F.);
#4237=ORIENTED_EDGE('',*,*,#2891,.F.);
#4238=ORIENTED_EDGE('',*,*,#3248,.T.);
#4239=ORIENTED_EDGE('',*,*,#3249,.T.);
#4240=ORIENTED_EDGE('',*,*,#3250,.F.);
#4241=ORIENTED_EDGE('',*,*,#3251,.T.);
#4242=ORIENTED_EDGE('',*,*,#3252,.F.);
#4243=ORIENTED_EDGE('',*,*,#2892,.F.);
#4244=ORIENTED_EDGE('',*,*,#3250,.T.);
#4245=ORIENTED_EDGE('',*,*,#3236,.F.);
#4246=ORIENTED_EDGE('',*,*,#3234,.T.);
#4247=ORIENTED_EDGE('',*,*,#3251,.F.);
#4248=ORIENTED_EDGE('',*,*,#3253,.F.);
#4249=ORIENTED_EDGE('',*,*,#3238,.F.);
#4250=ORIENTED_EDGE('',*,*,#3253,.T.);
#4251=ORIENTED_EDGE('',*,*,#3249,.F.);
#4252=ORIENTED_EDGE('',*,*,#3242,.F.);
#4253=ORIENTED_EDGE('',*,*,#3233,.T.);
#4254=ORIENTED_EDGE('',*,*,#3254,.F.);
#4255=ORIENTED_EDGE('',*,*,#2893,.F.);
#4256=ORIENTED_EDGE('',*,*,#3252,.T.);
#4257=ORIENTED_EDGE('',*,*,#3255,.T.);
#4258=ORIENTED_EDGE('',*,*,#2894,.F.);
#4259=ORIENTED_EDGE('',*,*,#3254,.T.);
#4260=ORIENTED_EDGE('',*,*,#3230,.T.);
#4261=ORIENTED_EDGE('',*,*,#3256,.T.);
#4262=ORIENTED_EDGE('',*,*,#3221,.F.);
#4263=ORIENTED_EDGE('',*,*,#3255,.F.);
#4264=ORIENTED_EDGE('',*,*,#3220,.T.);
#4265=ORIENTED_EDGE('',*,*,#3257,.T.);
#4266=ORIENTED_EDGE('',*,*,#2895,.F.);
#4267=ORIENTED_EDGE('',*,*,#2896,.F.);
#4268=ORIENTED_EDGE('',*,*,#3257,.F.);
#4269=ORIENTED_EDGE('',*,*,#3258,.T.);
#4270=ORIENTED_EDGE('',*,*,#3259,.F.);
#4271=ORIENTED_EDGE('',*,*,#2897,.F.);
#4272=ORIENTED_EDGE('',*,*,#3259,.T.);
#4273=ORIENTED_EDGE('',*,*,#3260,.T.);
#4274=ORIENTED_EDGE('',*,*,#3261,.F.);
#4275=ORIENTED_EDGE('',*,*,#3262,.T.);
#4276=ORIENTED_EDGE('',*,*,#3263,.T.);
#4277=ORIENTED_EDGE('',*,*,#2898,.F.);
#4278=ORIENTED_EDGE('',*,*,#3261,.T.);
#4279=ORIENTED_EDGE('',*,*,#3262,.F.);
#4280=ORIENTED_EDGE('',*,*,#3264,.T.);
#4281=ORIENTED_EDGE('',*,*,#3265,.F.);
#4282=ORIENTED_EDGE('',*,*,#3217,.F.);
#4283=ORIENTED_EDGE('',*,*,#3266,.T.);
#4284=ORIENTED_EDGE('',*,*,#3218,.T.);
#4285=ORIENTED_EDGE('',*,*,#3265,.T.);
#4286=ORIENTED_EDGE('',*,*,#3267,.T.);
#4287=ORIENTED_EDGE('',*,*,#3268,.F.);
#4288=ORIENTED_EDGE('',*,*,#3269,.T.);
#4289=ORIENTED_EDGE('',*,*,#3214,.T.);
#4290=ORIENTED_EDGE('',*,*,#3270,.T.);
#4291=ORIENTED_EDGE('',*,*,#3271,.T.);
#4292=ORIENTED_EDGE('',*,*,#3272,.F.);
#4293=ORIENTED_EDGE('',*,*,#3273,.T.);
#4294=ORIENTED_EDGE('',*,*,#3274,.T.);
#4295=ORIENTED_EDGE('',*,*,#3210,.T.);
#4296=ORIENTED_EDGE('',*,*,#3275,.T.);
#4297=ORIENTED_EDGE('',*,*,#3276,.F.);
#4298=ORIENTED_EDGE('',*,*,#3272,.T.);
#4299=ORIENTED_EDGE('',*,*,#3277,.T.);
#4300=ORIENTED_EDGE('',*,*,#3278,.F.);
#4301=ORIENTED_EDGE('',*,*,#3279,.F.);
#4302=ORIENTED_EDGE('',*,*,#3277,.F.);
#4303=ORIENTED_EDGE('',*,*,#3279,.T.);
#4304=ORIENTED_EDGE('',*,*,#3280,.T.);
#4305=ORIENTED_EDGE('',*,*,#3148,.F.);
#4306=ORIENTED_EDGE('',*,*,#3280,.F.);
#4307=ORIENTED_EDGE('',*,*,#3278,.T.);
#4308=ORIENTED_EDGE('',*,*,#3268,.T.);
#4309=ORIENTED_EDGE('',*,*,#3281,.T.);
#4310=ORIENTED_EDGE('',*,*,#3282,.F.);
#4311=ORIENTED_EDGE('',*,*,#3283,.F.);
#4312=ORIENTED_EDGE('',*,*,#3281,.F.);
#4313=ORIENTED_EDGE('',*,*,#3283,.T.);
#4314=ORIENTED_EDGE('',*,*,#3284,.T.);
#4315=ORIENTED_EDGE('',*,*,#3149,.F.);
#4316=ORIENTED_EDGE('',*,*,#3284,.F.);
#4317=ORIENTED_EDGE('',*,*,#3282,.T.);
#4318=ORIENTED_EDGE('',*,*,#3258,.F.);
#4319=ORIENTED_EDGE('',*,*,#3219,.T.);
#4320=ORIENTED_EDGE('',*,*,#3266,.F.);
#4321=ORIENTED_EDGE('',*,*,#3285,.F.);
#4322=ORIENTED_EDGE('',*,*,#3260,.F.);
#4323=ORIENTED_EDGE('',*,*,#3285,.T.);
#4324=ORIENTED_EDGE('',*,*,#3267,.F.);
#4325=ORIENTED_EDGE('',*,*,#3264,.F.);
#4326=ORIENTED_EDGE('',*,*,#3286,.F.);
#4327=ORIENTED_EDGE('',*,*,#3215,.T.);
#4328=ORIENTED_EDGE('',*,*,#3269,.F.);
#4329=ORIENTED_EDGE('',*,*,#3287,.F.);
#4330=ORIENTED_EDGE('',*,*,#2900,.F.);
#4331=ORIENTED_EDGE('',*,*,#3288,.F.);
#4332=ORIENTED_EDGE('',*,*,#3286,.T.);
#4333=ORIENTED_EDGE('',*,*,#3289,.F.);
#4334=ORIENTED_EDGE('',*,*,#2901,.F.);
#4335=ORIENTED_EDGE('',*,*,#3289,.T.);
#4336=ORIENTED_EDGE('',*,*,#3290,.T.);
#4337=ORIENTED_EDGE('',*,*,#3291,.F.);
#4338=ORIENTED_EDGE('',*,*,#3292,.T.);
#4339=ORIENTED_EDGE('',*,*,#3293,.T.);
#4340=ORIENTED_EDGE('',*,*,#2902,.F.);
#4341=ORIENTED_EDGE('',*,*,#3291,.T.);
#4342=ORIENTED_EDGE('',*,*,#3292,.F.);
#4343=ORIENTED_EDGE('',*,*,#3294,.T.);
#4344=ORIENTED_EDGE('',*,*,#3270,.F.);
#4345=ORIENTED_EDGE('',*,*,#3213,.F.);
#4346=ORIENTED_EDGE('',*,*,#3290,.F.);
#4347=ORIENTED_EDGE('',*,*,#3287,.T.);
#4348=ORIENTED_EDGE('',*,*,#3271,.F.);
#4349=ORIENTED_EDGE('',*,*,#3294,.F.);
#4350=ORIENTED_EDGE('',*,*,#3212,.T.);
#4351=ORIENTED_EDGE('',*,*,#3295,.T.);
#4352=ORIENTED_EDGE('',*,*,#2903,.F.);
#4353=ORIENTED_EDGE('',*,*,#3293,.F.);
#4354=ORIENTED_EDGE('',*,*,#2904,.F.);
#4355=ORIENTED_EDGE('',*,*,#3295,.F.);
#4356=ORIENTED_EDGE('',*,*,#3296,.T.);
#4357=ORIENTED_EDGE('',*,*,#3297,.F.);
#4358=ORIENTED_EDGE('',*,*,#2905,.F.);
#4359=ORIENTED_EDGE('',*,*,#3297,.T.);
#4360=ORIENTED_EDGE('',*,*,#3298,.T.);
#4361=ORIENTED_EDGE('',*,*,#3299,.F.);
#4362=ORIENTED_EDGE('',*,*,#3300,.T.);
#4363=ORIENTED_EDGE('',*,*,#3207,.T.);
#4364=ORIENTED_EDGE('',*,*,#2906,.F.);
#4365=ORIENTED_EDGE('',*,*,#3299,.T.);
#4366=ORIENTED_EDGE('',*,*,#3300,.F.);
#4367=ORIENTED_EDGE('',*,*,#3301,.T.);
#4368=ORIENTED_EDGE('',*,*,#3275,.F.);
#4369=ORIENTED_EDGE('',*,*,#3209,.F.);
#4370=ORIENTED_EDGE('',*,*,#3298,.F.);
#4371=ORIENTED_EDGE('',*,*,#3302,.T.);
#4372=ORIENTED_EDGE('',*,*,#3273,.F.);
#4373=ORIENTED_EDGE('',*,*,#3301,.F.);
#4374=ORIENTED_EDGE('',*,*,#3296,.F.);
#4375=ORIENTED_EDGE('',*,*,#3211,.T.);
#4376=ORIENTED_EDGE('',*,*,#3274,.F.);
#4377=ORIENTED_EDGE('',*,*,#3302,.F.);
#4378=ORIENTED_EDGE('',*,*,#3216,.T.);
#4379=ORIENTED_EDGE('',*,*,#3288,.T.);
#4380=ORIENTED_EDGE('',*,*,#2899,.F.);
#4381=ORIENTED_EDGE('',*,*,#3263,.F.);
#4382=ORIENTED_EDGE('',*,*,#3276,.T.);
#4383=ORIENTED_EDGE('',*,*,#3303,.T.);
#4384=ORIENTED_EDGE('',*,*,#3304,.F.);
#4385=ORIENTED_EDGE('',*,*,#3305,.F.);
#4386=ORIENTED_EDGE('',*,*,#3303,.F.);
#4387=ORIENTED_EDGE('',*,*,#3305,.T.);
#4388=ORIENTED_EDGE('',*,*,#3306,.T.);
#4389=ORIENTED_EDGE('',*,*,#3147,.F.);
#4390=ORIENTED_EDGE('',*,*,#3306,.F.);
#4391=ORIENTED_EDGE('',*,*,#3304,.T.);
#4392=ORIENTED_EDGE('',*,*,#3256,.F.);
#4393=ORIENTED_EDGE('',*,*,#3229,.F.);
#4394=ORIENTED_EDGE('',*,*,#3228,.T.);
#4395=ORIENTED_EDGE('',*,*,#3224,.F.);
#4396=ORIENTED_EDGE('',*,*,#3222,.T.);
#4397=ORIENTED_EDGE('',*,*,#3307,.F.);
#4398=ORIENTED_EDGE('',*,*,#3308,.F.);
#4399=ORIENTED_EDGE('',*,*,#3309,.T.);
#4400=ORIENTED_EDGE('',*,*,#3123,.T.);
#4401=ORIENTED_EDGE('',*,*,#3307,.T.);
#4402=ORIENTED_EDGE('',*,*,#3130,.F.);
#4403=ORIENTED_EDGE('',*,*,#3310,.F.);
#4404=ORIENTED_EDGE('',*,*,#3311,.T.);
#4405=ORIENTED_EDGE('',*,*,#3312,.T.);
#4406=ORIENTED_EDGE('',*,*,#3308,.T.);
#4407=ORIENTED_EDGE('',*,*,#3312,.F.);
#4408=ORIENTED_EDGE('',*,*,#3313,.F.);
#4409=ORIENTED_EDGE('',*,*,#3314,.F.);
#4410=ORIENTED_EDGE('',*,*,#3315,.T.);
#4411=ORIENTED_EDGE('',*,*,#3316,.F.);
#4412=ORIENTED_EDGE('',*,*,#3317,.T.);
#4413=ORIENTED_EDGE('',*,*,#3124,.F.);
#4414=ORIENTED_EDGE('',*,*,#3309,.F.);
#4415=ORIENTED_EDGE('',*,*,#3316,.T.);
#4416=ORIENTED_EDGE('',*,*,#3318,.T.);
#4417=ORIENTED_EDGE('',*,*,#3319,.F.);
#4418=ORIENTED_EDGE('',*,*,#3320,.T.);
#4419=ORIENTED_EDGE('',*,*,#3125,.T.);
#4420=ORIENTED_EDGE('',*,*,#3317,.F.);
#4421=ORIENTED_EDGE('',*,*,#3319,.T.);
#4422=ORIENTED_EDGE('',*,*,#3318,.F.);
#4423=ORIENTED_EDGE('',*,*,#3315,.F.);
#4424=ORIENTED_EDGE('',*,*,#3321,.F.);
#4425=ORIENTED_EDGE('',*,*,#3322,.T.);
#4426=ORIENTED_EDGE('',*,*,#3323,.T.);
#4427=ORIENTED_EDGE('',*,*,#3324,.T.);
#4428=ORIENTED_EDGE('',*,*,#3322,.F.);
#4429=ORIENTED_EDGE('',*,*,#3325,.F.);
#4430=ORIENTED_EDGE('',*,*,#3326,.F.);
#4431=ORIENTED_EDGE('',*,*,#3327,.T.);
#4432=ORIENTED_EDGE('',*,*,#3328,.T.);
#4433=ORIENTED_EDGE('',*,*,#3323,.F.);
#4434=ORIENTED_EDGE('',*,*,#3326,.T.);
#4435=ORIENTED_EDGE('',*,*,#3325,.T.);
#4436=ORIENTED_EDGE('',*,*,#3321,.T.);
#4437=ORIENTED_EDGE('',*,*,#3314,.T.);
#4438=ORIENTED_EDGE('',*,*,#3329,.T.);
#4439=ORIENTED_EDGE('',*,*,#3330,.T.);
#4440=ORIENTED_EDGE('',*,*,#3331,.F.);
#4441=ORIENTED_EDGE('',*,*,#3332,.F.);
#4442=ORIENTED_EDGE('',*,*,#3333,.T.);
#4443=ORIENTED_EDGE('',*,*,#3331,.T.);
#4444=ORIENTED_EDGE('',*,*,#3333,.F.);
#4445=ORIENTED_EDGE('',*,*,#3332,.T.);
#4446=ORIENTED_EDGE('',*,*,#3334,.F.);
#4447=ORIENTED_EDGE('',*,*,#3335,.F.);
#4448=ORIENTED_EDGE('',*,*,#3336,.T.);
#4449=ORIENTED_EDGE('',*,*,#3334,.T.);
#4450=ORIENTED_EDGE('',*,*,#3336,.F.);
#4451=ORIENTED_EDGE('',*,*,#3337,.F.);
#4452=ORIENTED_EDGE('',*,*,#3335,.T.);
#4453=ORIENTED_EDGE('',*,*,#3338,.T.);
#4454=ORIENTED_EDGE('',*,*,#3339,.F.);
#4455=ORIENTED_EDGE('',*,*,#3338,.F.);
#4456=ORIENTED_EDGE('',*,*,#3337,.T.);
#4457=ORIENTED_EDGE('',*,*,#3339,.T.);
#4458=ORIENTED_EDGE('',*,*,#3330,.F.);
#4459=ORIENTED_EDGE('',*,*,#3340,.T.);
#4460=ORIENTED_EDGE('',*,*,#3341,.T.);
#4461=ORIENTED_EDGE('',*,*,#3327,.F.);
#4462=ORIENTED_EDGE('',*,*,#3341,.F.);
#4463=ORIENTED_EDGE('',*,*,#3342,.F.);
#4464=ORIENTED_EDGE('',*,*,#3128,.F.);
#4465=ORIENTED_EDGE('',*,*,#3343,.T.);
#4466=ORIENTED_EDGE('',*,*,#3328,.F.);
#4467=ORIENTED_EDGE('',*,*,#3343,.F.);
#4468=ORIENTED_EDGE('',*,*,#3127,.F.);
#4469=ORIENTED_EDGE('',*,*,#3344,.F.);
#4470=ORIENTED_EDGE('',*,*,#3324,.F.);
#4471=ORIENTED_EDGE('',*,*,#3344,.T.);
#4472=ORIENTED_EDGE('',*,*,#3126,.F.);
#4473=ORIENTED_EDGE('',*,*,#3320,.F.);
#4474=ORIENTED_EDGE('',*,*,#3345,.F.);
#4475=ORIENTED_EDGE('',*,*,#3310,.T.);
#4476=ORIENTED_EDGE('',*,*,#3129,.T.);
#4477=ORIENTED_EDGE('',*,*,#3342,.T.);
#4478=ORIENTED_EDGE('',*,*,#3329,.F.);
#4479=ORIENTED_EDGE('',*,*,#3313,.T.);
#4480=ORIENTED_EDGE('',*,*,#3311,.F.);
#4481=ORIENTED_EDGE('',*,*,#3345,.T.);
#4482=ORIENTED_EDGE('',*,*,#3340,.F.);
#4483=ORIENTED_EDGE('',*,*,#3346,.T.);
#4484=ORIENTED_EDGE('',*,*,#3347,.T.);
#4485=ORIENTED_EDGE('',*,*,#3131,.F.);
#4486=ORIENTED_EDGE('',*,*,#3348,.F.);
#4487=ORIENTED_EDGE('',*,*,#3346,.F.);
#4488=ORIENTED_EDGE('',*,*,#3349,.F.);
#4489=ORIENTED_EDGE('',*,*,#3350,.T.);
#4490=ORIENTED_EDGE('',*,*,#3351,.T.);
#4491=ORIENTED_EDGE('',*,*,#3352,.T.);
#4492=ORIENTED_EDGE('',*,*,#3351,.F.);
#4493=ORIENTED_EDGE('',*,*,#3353,.T.);
#4494=ORIENTED_EDGE('',*,*,#3354,.T.);
#4495=ORIENTED_EDGE('',*,*,#3352,.F.);
#4496=ORIENTED_EDGE('',*,*,#3355,.T.);
#4497=ORIENTED_EDGE('',*,*,#3132,.F.);
#4498=ORIENTED_EDGE('',*,*,#3347,.F.);
#4499=ORIENTED_EDGE('',*,*,#3356,.T.);
#4500=ORIENTED_EDGE('',*,*,#3357,.T.);
#4501=ORIENTED_EDGE('',*,*,#3133,.F.);
#4502=ORIENTED_EDGE('',*,*,#3355,.F.);
#4503=ORIENTED_EDGE('',*,*,#3356,.F.);
#4504=ORIENTED_EDGE('',*,*,#3354,.F.);
#4505=ORIENTED_EDGE('',*,*,#3358,.T.);
#4506=ORIENTED_EDGE('',*,*,#3359,.T.);
#4507=ORIENTED_EDGE('',*,*,#3360,.T.);
#4508=ORIENTED_EDGE('',*,*,#3359,.F.);
#4509=ORIENTED_EDGE('',*,*,#3361,.T.);
#4510=ORIENTED_EDGE('',*,*,#3362,.T.);
#4511=ORIENTED_EDGE('',*,*,#3360,.F.);
#4512=ORIENTED_EDGE('',*,*,#3363,.T.);
#4513=ORIENTED_EDGE('',*,*,#3134,.F.);
#4514=ORIENTED_EDGE('',*,*,#3357,.F.);
#4515=ORIENTED_EDGE('',*,*,#3135,.F.);
#4516=ORIENTED_EDGE('',*,*,#3363,.F.);
#4517=ORIENTED_EDGE('',*,*,#3364,.T.);
#4518=ORIENTED_EDGE('',*,*,#3365,.T.);
#4519=ORIENTED_EDGE('',*,*,#3366,.F.);
#4520=ORIENTED_EDGE('',*,*,#3367,.T.);
#4521=ORIENTED_EDGE('',*,*,#3136,.F.);
#4522=ORIENTED_EDGE('',*,*,#3365,.F.);
#4523=ORIENTED_EDGE('',*,*,#3366,.T.);
#4524=ORIENTED_EDGE('',*,*,#3368,.F.);
#4525=ORIENTED_EDGE('',*,*,#3369,.T.);
#4526=ORIENTED_EDGE('',*,*,#3370,.T.);
#4527=ORIENTED_EDGE('',*,*,#3371,.F.);
#4528=ORIENTED_EDGE('',*,*,#3370,.F.);
#4529=ORIENTED_EDGE('',*,*,#3372,.T.);
#4530=ORIENTED_EDGE('',*,*,#3373,.T.);
#4531=ORIENTED_EDGE('',*,*,#3371,.T.);
#4532=ORIENTED_EDGE('',*,*,#3374,.T.);
#4533=ORIENTED_EDGE('',*,*,#3137,.F.);
#4534=ORIENTED_EDGE('',*,*,#3367,.F.);
#4535=ORIENTED_EDGE('',*,*,#3375,.F.);
#4536=ORIENTED_EDGE('',*,*,#3348,.T.);
#4537=ORIENTED_EDGE('',*,*,#3138,.F.);
#4538=ORIENTED_EDGE('',*,*,#3374,.F.);
#4539=ORIENTED_EDGE('',*,*,#3375,.T.);
#4540=ORIENTED_EDGE('',*,*,#3373,.F.);
#4541=ORIENTED_EDGE('',*,*,#3376,.T.);
#4542=ORIENTED_EDGE('',*,*,#3349,.T.);
#4543=ORIENTED_EDGE('',*,*,#3350,.F.);
#4544=ORIENTED_EDGE('',*,*,#3376,.F.);
#4545=ORIENTED_EDGE('',*,*,#3372,.F.);
#4546=ORIENTED_EDGE('',*,*,#3369,.F.);
#4547=ORIENTED_EDGE('',*,*,#3377,.F.);
#4548=ORIENTED_EDGE('',*,*,#3361,.F.);
#4549=ORIENTED_EDGE('',*,*,#3358,.F.);
#4550=ORIENTED_EDGE('',*,*,#3353,.F.);
#4551=ORIENTED_EDGE('',*,*,#3378,.F.);
#4552=ORIENTED_EDGE('',*,*,#3379,.F.);
#4553=ORIENTED_EDGE('',*,*,#3380,.F.);
#4554=ORIENTED_EDGE('',*,*,#3381,.F.);
#4555=ORIENTED_EDGE('',*,*,#3382,.F.);
#4556=ORIENTED_EDGE('',*,*,#3383,.F.);
#4557=ORIENTED_EDGE('',*,*,#3384,.F.);
#4558=ORIENTED_EDGE('',*,*,#3385,.F.);
#4559=ORIENTED_EDGE('',*,*,#3364,.F.);
#4560=ORIENTED_EDGE('',*,*,#3362,.F.);
#4561=ORIENTED_EDGE('',*,*,#3377,.T.);
#4562=ORIENTED_EDGE('',*,*,#3368,.T.);
#4563=ORIENTED_EDGE('',*,*,#3386,.F.);
#4564=ORIENTED_EDGE('',*,*,#3387,.F.);
#4565=ORIENTED_EDGE('',*,*,#3378,.T.);
#4566=ORIENTED_EDGE('',*,*,#3388,.T.);
#4567=ORIENTED_EDGE('',*,*,#3144,.F.);
#4568=ORIENTED_EDGE('',*,*,#3389,.F.);
#4569=ORIENTED_EDGE('',*,*,#3386,.T.);
#4570=ORIENTED_EDGE('',*,*,#3390,.T.);
#4571=ORIENTED_EDGE('',*,*,#3391,.F.);
#4572=ORIENTED_EDGE('',*,*,#3392,.T.);
#4573=ORIENTED_EDGE('',*,*,#3145,.F.);
#4574=ORIENTED_EDGE('',*,*,#3390,.F.);
#4575=ORIENTED_EDGE('',*,*,#3391,.T.);
#4576=ORIENTED_EDGE('',*,*,#3388,.F.);
#4577=ORIENTED_EDGE('',*,*,#3385,.T.);
#4578=ORIENTED_EDGE('',*,*,#3393,.T.);
#4579=ORIENTED_EDGE('',*,*,#3394,.F.);
#4580=ORIENTED_EDGE('',*,*,#3393,.F.);
#4581=ORIENTED_EDGE('',*,*,#3384,.T.);
#4582=ORIENTED_EDGE('',*,*,#3395,.T.);
#4583=ORIENTED_EDGE('',*,*,#3394,.T.);
#4584=ORIENTED_EDGE('',*,*,#3396,.T.);
#4585=ORIENTED_EDGE('',*,*,#3146,.F.);
#4586=ORIENTED_EDGE('',*,*,#3392,.F.);
#4587=ORIENTED_EDGE('',*,*,#3397,.F.);
#4588=ORIENTED_EDGE('',*,*,#3398,.T.);
#4589=ORIENTED_EDGE('',*,*,#3139,.F.);
#4590=ORIENTED_EDGE('',*,*,#3396,.F.);
#4591=ORIENTED_EDGE('',*,*,#3397,.T.);
#4592=ORIENTED_EDGE('',*,*,#3395,.F.);
#4593=ORIENTED_EDGE('',*,*,#3383,.T.);
#4594=ORIENTED_EDGE('',*,*,#3399,.T.);
#4595=ORIENTED_EDGE('',*,*,#3400,.F.);
#4596=ORIENTED_EDGE('',*,*,#3399,.F.);
#4597=ORIENTED_EDGE('',*,*,#3382,.T.);
#4598=ORIENTED_EDGE('',*,*,#3401,.T.);
#4599=ORIENTED_EDGE('',*,*,#3140,.F.);
#4600=ORIENTED_EDGE('',*,*,#3398,.F.);
#4601=ORIENTED_EDGE('',*,*,#3400,.T.);
#4602=ORIENTED_EDGE('',*,*,#3402,.T.);
#4603=ORIENTED_EDGE('',*,*,#3403,.F.);
#4604=ORIENTED_EDGE('',*,*,#3404,.T.);
#4605=ORIENTED_EDGE('',*,*,#3141,.F.);
#4606=ORIENTED_EDGE('',*,*,#3402,.F.);
#4607=ORIENTED_EDGE('',*,*,#3403,.T.);
#4608=ORIENTED_EDGE('',*,*,#3401,.F.);
#4609=ORIENTED_EDGE('',*,*,#3381,.T.);
#4610=ORIENTED_EDGE('',*,*,#3405,.T.);
#4611=ORIENTED_EDGE('',*,*,#3406,.F.);
#4612=ORIENTED_EDGE('',*,*,#3405,.F.);
#4613=ORIENTED_EDGE('',*,*,#3380,.T.);
#4614=ORIENTED_EDGE('',*,*,#3407,.T.);
#4615=ORIENTED_EDGE('',*,*,#3142,.F.);
#4616=ORIENTED_EDGE('',*,*,#3404,.F.);
#4617=ORIENTED_EDGE('',*,*,#3406,.T.);
#4618=ORIENTED_EDGE('',*,*,#3408,.T.);
#4619=ORIENTED_EDGE('',*,*,#3409,.F.);
#4620=ORIENTED_EDGE('',*,*,#3389,.T.);
#4621=ORIENTED_EDGE('',*,*,#3143,.F.);
#4622=ORIENTED_EDGE('',*,*,#3408,.F.);
#4623=ORIENTED_EDGE('',*,*,#3409,.T.);
#4624=ORIENTED_EDGE('',*,*,#3407,.F.);
#4625=ORIENTED_EDGE('',*,*,#3379,.T.);
#4626=ORIENTED_EDGE('',*,*,#3387,.T.);
#4627=ORIENTED_EDGE('',*,*,#3166,.F.);
#4628=ORIENTED_EDGE('',*,*,#3410,.T.);
#4629=ORIENTED_EDGE('',*,*,#3411,.T.);
#4630=ORIENTED_EDGE('',*,*,#3412,.F.);
#4631=ORIENTED_EDGE('',*,*,#3167,.F.);
#4632=ORIENTED_EDGE('',*,*,#3412,.T.);
#4633=ORIENTED_EDGE('',*,*,#3413,.T.);
#4634=ORIENTED_EDGE('',*,*,#3414,.F.);
#4635=ORIENTED_EDGE('',*,*,#3168,.F.);
#4636=ORIENTED_EDGE('',*,*,#3414,.T.);
#4637=ORIENTED_EDGE('',*,*,#3415,.T.);
#4638=ORIENTED_EDGE('',*,*,#3416,.F.);
#4639=ORIENTED_EDGE('',*,*,#3169,.F.);
#4640=ORIENTED_EDGE('',*,*,#3416,.T.);
#4641=ORIENTED_EDGE('',*,*,#3417,.T.);
#4642=ORIENTED_EDGE('',*,*,#3418,.F.);
#4643=ORIENTED_EDGE('',*,*,#3170,.F.);
#4644=ORIENTED_EDGE('',*,*,#3418,.T.);
#4645=ORIENTED_EDGE('',*,*,#3419,.T.);
#4646=ORIENTED_EDGE('',*,*,#3420,.F.);
#4647=ORIENTED_EDGE('',*,*,#3171,.F.);
#4648=ORIENTED_EDGE('',*,*,#3420,.T.);
#4649=ORIENTED_EDGE('',*,*,#3421,.T.);
#4650=ORIENTED_EDGE('',*,*,#3422,.F.);
#4651=ORIENTED_EDGE('',*,*,#3172,.F.);
#4652=ORIENTED_EDGE('',*,*,#3422,.T.);
#4653=ORIENTED_EDGE('',*,*,#3423,.T.);
#4654=ORIENTED_EDGE('',*,*,#3424,.F.);
#4655=ORIENTED_EDGE('',*,*,#3173,.F.);
#4656=ORIENTED_EDGE('',*,*,#3424,.T.);
#4657=ORIENTED_EDGE('',*,*,#3425,.T.);
#4658=ORIENTED_EDGE('',*,*,#3426,.F.);
#4659=ORIENTED_EDGE('',*,*,#3174,.F.);
#4660=ORIENTED_EDGE('',*,*,#3426,.T.);
#4661=ORIENTED_EDGE('',*,*,#3427,.T.);
#4662=ORIENTED_EDGE('',*,*,#3428,.F.);
#4663=ORIENTED_EDGE('',*,*,#3175,.F.);
#4664=ORIENTED_EDGE('',*,*,#3428,.T.);
#4665=ORIENTED_EDGE('',*,*,#3429,.T.);
#4666=ORIENTED_EDGE('',*,*,#3410,.F.);
#4667=ORIENTED_EDGE('',*,*,#3430,.F.);
#4668=ORIENTED_EDGE('',*,*,#3431,.F.);
#4669=ORIENTED_EDGE('',*,*,#3432,.F.);
#4670=ORIENTED_EDGE('',*,*,#3433,.F.);
#4671=ORIENTED_EDGE('',*,*,#3434,.F.);
#4672=ORIENTED_EDGE('',*,*,#3435,.F.);
#4673=ORIENTED_EDGE('',*,*,#3436,.F.);
#4674=ORIENTED_EDGE('',*,*,#3437,.F.);
#4675=ORIENTED_EDGE('',*,*,#3438,.F.);
#4676=ORIENTED_EDGE('',*,*,#3439,.F.);
#4677=ORIENTED_EDGE('',*,*,#3440,.F.);
#4678=ORIENTED_EDGE('',*,*,#3441,.F.);
#4679=ORIENTED_EDGE('',*,*,#3442,.F.);
#4680=ORIENTED_EDGE('',*,*,#3443,.F.);
#4681=ORIENTED_EDGE('',*,*,#3444,.F.);
#4682=ORIENTED_EDGE('',*,*,#3445,.F.);
#4683=ORIENTED_EDGE('',*,*,#3411,.F.);
#4684=ORIENTED_EDGE('',*,*,#3429,.F.);
#4685=ORIENTED_EDGE('',*,*,#3427,.F.);
#4686=ORIENTED_EDGE('',*,*,#3425,.F.);
#4687=ORIENTED_EDGE('',*,*,#3423,.F.);
#4688=ORIENTED_EDGE('',*,*,#3421,.F.);
#4689=ORIENTED_EDGE('',*,*,#3419,.F.);
#4690=ORIENTED_EDGE('',*,*,#3417,.F.);
#4691=ORIENTED_EDGE('',*,*,#3415,.F.);
#4692=ORIENTED_EDGE('',*,*,#3413,.F.);
#4693=ORIENTED_EDGE('',*,*,#3150,.F.);
#4694=ORIENTED_EDGE('',*,*,#3446,.T.);
#4695=ORIENTED_EDGE('',*,*,#3430,.T.);
#4696=ORIENTED_EDGE('',*,*,#3447,.F.);
#4697=ORIENTED_EDGE('',*,*,#3151,.F.);
#4698=ORIENTED_EDGE('',*,*,#3447,.T.);
#4699=ORIENTED_EDGE('',*,*,#3445,.T.);
#4700=ORIENTED_EDGE('',*,*,#3448,.F.);
#4701=ORIENTED_EDGE('',*,*,#3152,.F.);
#4702=ORIENTED_EDGE('',*,*,#3448,.T.);
#4703=ORIENTED_EDGE('',*,*,#3444,.T.);
#4704=ORIENTED_EDGE('',*,*,#3449,.F.);
#4705=ORIENTED_EDGE('',*,*,#3153,.F.);
#4706=ORIENTED_EDGE('',*,*,#3449,.T.);
#4707=ORIENTED_EDGE('',*,*,#3443,.T.);
#4708=ORIENTED_EDGE('',*,*,#3450,.F.);
#4709=ORIENTED_EDGE('',*,*,#3154,.F.);
#4710=ORIENTED_EDGE('',*,*,#3450,.T.);
#4711=ORIENTED_EDGE('',*,*,#3442,.T.);
#4712=ORIENTED_EDGE('',*,*,#3451,.F.);
#4713=ORIENTED_EDGE('',*,*,#3155,.F.);
#4714=ORIENTED_EDGE('',*,*,#3451,.T.);
#4715=ORIENTED_EDGE('',*,*,#3441,.T.);
#4716=ORIENTED_EDGE('',*,*,#3452,.F.);
#4717=ORIENTED_EDGE('',*,*,#3156,.F.);
#4718=ORIENTED_EDGE('',*,*,#3452,.T.);
#4719=ORIENTED_EDGE('',*,*,#3440,.T.);
#4720=ORIENTED_EDGE('',*,*,#3453,.F.);
#4721=ORIENTED_EDGE('',*,*,#3157,.F.);
#4722=ORIENTED_EDGE('',*,*,#3453,.T.);
#4723=ORIENTED_EDGE('',*,*,#3439,.T.);
#4724=ORIENTED_EDGE('',*,*,#3454,.F.);
#4725=ORIENTED_EDGE('',*,*,#3158,.F.);
#4726=ORIENTED_EDGE('',*,*,#3454,.T.);
#4727=ORIENTED_EDGE('',*,*,#3438,.T.);
#4728=ORIENTED_EDGE('',*,*,#3455,.F.);
#4729=ORIENTED_EDGE('',*,*,#3159,.F.);
#4730=ORIENTED_EDGE('',*,*,#3455,.T.);
#4731=ORIENTED_EDGE('',*,*,#3437,.T.);
#4732=ORIENTED_EDGE('',*,*,#3456,.F.);
#4733=ORIENTED_EDGE('',*,*,#3160,.F.);
#4734=ORIENTED_EDGE('',*,*,#3456,.T.);
#4735=ORIENTED_EDGE('',*,*,#3436,.T.);
#4736=ORIENTED_EDGE('',*,*,#3457,.F.);
#4737=ORIENTED_EDGE('',*,*,#3161,.F.);
#4738=ORIENTED_EDGE('',*,*,#3457,.T.);
#4739=ORIENTED_EDGE('',*,*,#3435,.T.);
#4740=ORIENTED_EDGE('',*,*,#3458,.F.);
#4741=ORIENTED_EDGE('',*,*,#3162,.F.);
#4742=ORIENTED_EDGE('',*,*,#3458,.T.);
#4743=ORIENTED_EDGE('',*,*,#3434,.T.);
#4744=ORIENTED_EDGE('',*,*,#3459,.F.);
#4745=ORIENTED_EDGE('',*,*,#3163,.F.);
#4746=ORIENTED_EDGE('',*,*,#3459,.T.);
#4747=ORIENTED_EDGE('',*,*,#3433,.T.);
#4748=ORIENTED_EDGE('',*,*,#3460,.F.);
#4749=ORIENTED_EDGE('',*,*,#3164,.F.);
#4750=ORIENTED_EDGE('',*,*,#3460,.T.);
#4751=ORIENTED_EDGE('',*,*,#3432,.T.);
#4752=ORIENTED_EDGE('',*,*,#3461,.F.);
#4753=ORIENTED_EDGE('',*,*,#3165,.F.);
#4754=ORIENTED_EDGE('',*,*,#3461,.T.);
#4755=ORIENTED_EDGE('',*,*,#3431,.T.);
#4756=ORIENTED_EDGE('',*,*,#3446,.F.);
#4757=ORIENTED_EDGE('',*,*,#3462,.F.);
#4758=ORIENTED_EDGE('',*,*,#3463,.T.);
#4759=ORIENTED_EDGE('',*,*,#2930,.T.);
#4760=ORIENTED_EDGE('',*,*,#3463,.F.);
#4761=ORIENTED_EDGE('',*,*,#3462,.T.);
#4762=ORIENTED_EDGE('',*,*,#3464,.F.);
#4763=ORIENTED_EDGE('',*,*,#3465,.F.);
#4764=ORIENTED_EDGE('',*,*,#3466,.T.);
#4765=ORIENTED_EDGE('',*,*,#3464,.T.);
#4766=ORIENTED_EDGE('',*,*,#3466,.F.);
#4767=ORIENTED_EDGE('',*,*,#3465,.T.);
#4768=ORIENTED_EDGE('',*,*,#2931,.T.);
#4769=ORIENTED_EDGE('',*,*,#3467,.T.);
#4770=ORIENTED_EDGE('',*,*,#3468,.F.);
#4771=ORIENTED_EDGE('',*,*,#3469,.F.);
#4772=ORIENTED_EDGE('',*,*,#2932,.T.);
#4773=ORIENTED_EDGE('',*,*,#3469,.T.);
#4774=ORIENTED_EDGE('',*,*,#3470,.F.);
#4775=ORIENTED_EDGE('',*,*,#3471,.F.);
#4776=ORIENTED_EDGE('',*,*,#2933,.T.);
#4777=ORIENTED_EDGE('',*,*,#3471,.T.);
#4778=ORIENTED_EDGE('',*,*,#3472,.F.);
#4779=ORIENTED_EDGE('',*,*,#3467,.F.);
#4780=ORIENTED_EDGE('',*,*,#3468,.T.);
#4781=ORIENTED_EDGE('',*,*,#3472,.T.);
#4782=ORIENTED_EDGE('',*,*,#3470,.T.);
#4783=ORIENTED_EDGE('',*,*,#3473,.T.);
#4784=ORIENTED_EDGE('',*,*,#3474,.T.);
#4785=ORIENTED_EDGE('',*,*,#3475,.T.);
#4786=ORIENTED_EDGE('',*,*,#3476,.T.);
#4787=ORIENTED_EDGE('',*,*,#3477,.T.);
#4788=ORIENTED_EDGE('',*,*,#3478,.T.);
#4789=ORIENTED_EDGE('',*,*,#3479,.T.);
#4790=ORIENTED_EDGE('',*,*,#3480,.T.);
#4791=ORIENTED_EDGE('',*,*,#3481,.T.);
#4792=ORIENTED_EDGE('',*,*,#3482,.T.);
#4793=ORIENTED_EDGE('',*,*,#3483,.T.);
#4794=ORIENTED_EDGE('',*,*,#3484,.T.);
#4795=ORIENTED_EDGE('',*,*,#3485,.T.);
#4796=ORIENTED_EDGE('',*,*,#3486,.T.);
#4797=ORIENTED_EDGE('',*,*,#3487,.T.);
#4798=ORIENTED_EDGE('',*,*,#3488,.T.);
#4799=ORIENTED_EDGE('',*,*,#3489,.T.);
#4800=ORIENTED_EDGE('',*,*,#3490,.T.);
#4801=ORIENTED_EDGE('',*,*,#3491,.T.);
#4802=ORIENTED_EDGE('',*,*,#3492,.T.);
#4803=ORIENTED_EDGE('',*,*,#3493,.T.);
#4804=ORIENTED_EDGE('',*,*,#3494,.T.);
#4805=ORIENTED_EDGE('',*,*,#3495,.T.);
#4806=ORIENTED_EDGE('',*,*,#3496,.T.);
#4807=ORIENTED_EDGE('',*,*,#3497,.T.);
#4808=ORIENTED_EDGE('',*,*,#3498,.T.);
#4809=ORIENTED_EDGE('',*,*,#3499,.T.);
#4810=ORIENTED_EDGE('',*,*,#3500,.T.);
#4811=ORIENTED_EDGE('',*,*,#3501,.T.);
#4812=ORIENTED_EDGE('',*,*,#3502,.T.);
#4813=ORIENTED_EDGE('',*,*,#3503,.T.);
#4814=ORIENTED_EDGE('',*,*,#3504,.T.);
#4815=ORIENTED_EDGE('',*,*,#3505,.T.);
#4816=ORIENTED_EDGE('',*,*,#3506,.T.);
#4817=ORIENTED_EDGE('',*,*,#3507,.T.);
#4818=ORIENTED_EDGE('',*,*,#3508,.T.);
#4819=ORIENTED_EDGE('',*,*,#3509,.T.);
#4820=ORIENTED_EDGE('',*,*,#3510,.T.);
#4821=ORIENTED_EDGE('',*,*,#3511,.T.);
#4822=ORIENTED_EDGE('',*,*,#3512,.T.);
#4823=ORIENTED_EDGE('',*,*,#3513,.T.);
#4824=ORIENTED_EDGE('',*,*,#3514,.T.);
#4825=ORIENTED_EDGE('',*,*,#3515,.T.);
#4826=ORIENTED_EDGE('',*,*,#3516,.T.);
#4827=ORIENTED_EDGE('',*,*,#3517,.T.);
#4828=ORIENTED_EDGE('',*,*,#3518,.T.);
#4829=ORIENTED_EDGE('',*,*,#3519,.T.);
#4830=ORIENTED_EDGE('',*,*,#3520,.T.);
#4831=ORIENTED_EDGE('',*,*,#3521,.T.);
#4832=ORIENTED_EDGE('',*,*,#3522,.T.);
#4833=ORIENTED_EDGE('',*,*,#3523,.T.);
#4834=ORIENTED_EDGE('',*,*,#3524,.T.);
#4835=ORIENTED_EDGE('',*,*,#3525,.T.);
#4836=ORIENTED_EDGE('',*,*,#3526,.T.);
#4837=ORIENTED_EDGE('',*,*,#3527,.T.);
#4838=ORIENTED_EDGE('',*,*,#3528,.T.);
#4839=ORIENTED_EDGE('',*,*,#3529,.T.);
#4840=ORIENTED_EDGE('',*,*,#3530,.T.);
#4841=ORIENTED_EDGE('',*,*,#3531,.T.);
#4842=ORIENTED_EDGE('',*,*,#3532,.T.);
#4843=ORIENTED_EDGE('',*,*,#3533,.T.);
#4844=ORIENTED_EDGE('',*,*,#3534,.T.);
#4845=ORIENTED_EDGE('',*,*,#3535,.T.);
#4846=ORIENTED_EDGE('',*,*,#3536,.T.);
#4847=ORIENTED_EDGE('',*,*,#3537,.T.);
#4848=ORIENTED_EDGE('',*,*,#3538,.T.);
#4849=ORIENTED_EDGE('',*,*,#3539,.T.);
#4850=ORIENTED_EDGE('',*,*,#3540,.T.);
#4851=ORIENTED_EDGE('',*,*,#3541,.T.);
#4852=ORIENTED_EDGE('',*,*,#3542,.T.);
#4853=ORIENTED_EDGE('',*,*,#3543,.T.);
#4854=ORIENTED_EDGE('',*,*,#3544,.T.);
#4855=ORIENTED_EDGE('',*,*,#3545,.T.);
#4856=ORIENTED_EDGE('',*,*,#3546,.T.);
#4857=ORIENTED_EDGE('',*,*,#3547,.T.);
#4858=ORIENTED_EDGE('',*,*,#3548,.T.);
#4859=ORIENTED_EDGE('',*,*,#3549,.T.);
#4860=ORIENTED_EDGE('',*,*,#3550,.T.);
#4861=ORIENTED_EDGE('',*,*,#3551,.T.);
#4862=ORIENTED_EDGE('',*,*,#3552,.T.);
#4863=ORIENTED_EDGE('',*,*,#2877,.T.);
#4864=ORIENTED_EDGE('',*,*,#3553,.T.);
#4865=ORIENTED_EDGE('',*,*,#3554,.T.);
#4866=ORIENTED_EDGE('',*,*,#3555,.T.);
#4867=ORIENTED_EDGE('',*,*,#3556,.T.);
#4868=ORIENTED_EDGE('',*,*,#3557,.T.);
#4869=ORIENTED_EDGE('',*,*,#3558,.T.);
#4870=ORIENTED_EDGE('',*,*,#3559,.T.);
#4871=ORIENTED_EDGE('',*,*,#3560,.T.);
#4872=ORIENTED_EDGE('',*,*,#3561,.T.);
#4873=ORIENTED_EDGE('',*,*,#3562,.T.);
#4874=ORIENTED_EDGE('',*,*,#3563,.T.);
#4875=ORIENTED_EDGE('',*,*,#3564,.T.);
#4876=ORIENTED_EDGE('',*,*,#3565,.T.);
#4877=ORIENTED_EDGE('',*,*,#3566,.T.);
#4878=ORIENTED_EDGE('',*,*,#3567,.T.);
#4879=ORIENTED_EDGE('',*,*,#3568,.T.);
#4880=ORIENTED_EDGE('',*,*,#3569,.T.);
#4881=ORIENTED_EDGE('',*,*,#3570,.T.);
#4882=ORIENTED_EDGE('',*,*,#3571,.T.);
#4883=ORIENTED_EDGE('',*,*,#3572,.T.);
#4884=ORIENTED_EDGE('',*,*,#3573,.T.);
#4885=ORIENTED_EDGE('',*,*,#3574,.T.);
#4886=ORIENTED_EDGE('',*,*,#3575,.T.);
#4887=ORIENTED_EDGE('',*,*,#3576,.T.);
#4888=ORIENTED_EDGE('',*,*,#3577,.T.);
#4889=ORIENTED_EDGE('',*,*,#3578,.T.);
#4890=ORIENTED_EDGE('',*,*,#3579,.T.);
#4891=ORIENTED_EDGE('',*,*,#3580,.T.);
#4892=ORIENTED_EDGE('',*,*,#3581,.T.);
#4893=ORIENTED_EDGE('',*,*,#3582,.T.);
#4894=ORIENTED_EDGE('',*,*,#3583,.T.);
#4895=ORIENTED_EDGE('',*,*,#3584,.T.);
#4896=ORIENTED_EDGE('',*,*,#3585,.T.);
#4897=ORIENTED_EDGE('',*,*,#3586,.T.);
#4898=ORIENTED_EDGE('',*,*,#3587,.T.);
#4899=ORIENTED_EDGE('',*,*,#2934,.T.);
#4900=ORIENTED_EDGE('',*,*,#3588,.T.);
#4901=ORIENTED_EDGE('',*,*,#3473,.F.);
#4902=ORIENTED_EDGE('',*,*,#3589,.F.);
#4903=ORIENTED_EDGE('',*,*,#2935,.T.);
#4904=ORIENTED_EDGE('',*,*,#3589,.T.);
#4905=ORIENTED_EDGE('',*,*,#3480,.F.);
#4906=ORIENTED_EDGE('',*,*,#3590,.F.);
#4907=ORIENTED_EDGE('',*,*,#2936,.T.);
#4908=ORIENTED_EDGE('',*,*,#3590,.T.);
#4909=ORIENTED_EDGE('',*,*,#3479,.F.);
#4910=ORIENTED_EDGE('',*,*,#3591,.F.);
#4911=ORIENTED_EDGE('',*,*,#2937,.T.);
#4912=ORIENTED_EDGE('',*,*,#3591,.T.);
#4913=ORIENTED_EDGE('',*,*,#3478,.F.);
#4914=ORIENTED_EDGE('',*,*,#3592,.F.);
#4915=ORIENTED_EDGE('',*,*,#2938,.T.);
#4916=ORIENTED_EDGE('',*,*,#3592,.T.);
#4917=ORIENTED_EDGE('',*,*,#3477,.F.);
#4918=ORIENTED_EDGE('',*,*,#3593,.F.);
#4919=ORIENTED_EDGE('',*,*,#2939,.T.);
#4920=ORIENTED_EDGE('',*,*,#3593,.T.);
#4921=ORIENTED_EDGE('',*,*,#3476,.F.);
#4922=ORIENTED_EDGE('',*,*,#3594,.F.);
#4923=ORIENTED_EDGE('',*,*,#2940,.T.);
#4924=ORIENTED_EDGE('',*,*,#3594,.T.);
#4925=ORIENTED_EDGE('',*,*,#3475,.F.);
#4926=ORIENTED_EDGE('',*,*,#3595,.F.);
#4927=ORIENTED_EDGE('',*,*,#2941,.T.);
#4928=ORIENTED_EDGE('',*,*,#3595,.T.);
#4929=ORIENTED_EDGE('',*,*,#3474,.F.);
#4930=ORIENTED_EDGE('',*,*,#3588,.F.);
#4931=ORIENTED_EDGE('',*,*,#2942,.T.);
#4932=ORIENTED_EDGE('',*,*,#3596,.T.);
#4933=ORIENTED_EDGE('',*,*,#3481,.F.);
#4934=ORIENTED_EDGE('',*,*,#3597,.F.);
#4935=ORIENTED_EDGE('',*,*,#2943,.T.);
#4936=ORIENTED_EDGE('',*,*,#3597,.T.);
#4937=ORIENTED_EDGE('',*,*,#3499,.F.);
#4938=ORIENTED_EDGE('',*,*,#3598,.F.);
#4939=ORIENTED_EDGE('',*,*,#2944,.T.);
#4940=ORIENTED_EDGE('',*,*,#3598,.T.);
#4941=ORIENTED_EDGE('',*,*,#3498,.F.);
#4942=ORIENTED_EDGE('',*,*,#3599,.F.);
#4943=ORIENTED_EDGE('',*,*,#2945,.T.);
#4944=ORIENTED_EDGE('',*,*,#3599,.T.);
#4945=ORIENTED_EDGE('',*,*,#3497,.F.);
#4946=ORIENTED_EDGE('',*,*,#3600,.F.);
#4947=ORIENTED_EDGE('',*,*,#2946,.T.);
#4948=ORIENTED_EDGE('',*,*,#3600,.T.);
#4949=ORIENTED_EDGE('',*,*,#3496,.F.);
#4950=ORIENTED_EDGE('',*,*,#3601,.F.);
#4951=ORIENTED_EDGE('',*,*,#2947,.T.);
#4952=ORIENTED_EDGE('',*,*,#3601,.T.);
#4953=ORIENTED_EDGE('',*,*,#3495,.F.);
#4954=ORIENTED_EDGE('',*,*,#3602,.F.);
#4955=ORIENTED_EDGE('',*,*,#2948,.T.);
#4956=ORIENTED_EDGE('',*,*,#3602,.T.);
#4957=ORIENTED_EDGE('',*,*,#3494,.F.);
#4958=ORIENTED_EDGE('',*,*,#3603,.F.);
#4959=ORIENTED_EDGE('',*,*,#2949,.T.);
#4960=ORIENTED_EDGE('',*,*,#3603,.T.);
#4961=ORIENTED_EDGE('',*,*,#3493,.F.);
#4962=ORIENTED_EDGE('',*,*,#3604,.F.);
#4963=ORIENTED_EDGE('',*,*,#2950,.T.);
#4964=ORIENTED_EDGE('',*,*,#3604,.T.);
#4965=ORIENTED_EDGE('',*,*,#3492,.F.);
#4966=ORIENTED_EDGE('',*,*,#3605,.F.);
#4967=ORIENTED_EDGE('',*,*,#2951,.T.);
#4968=ORIENTED_EDGE('',*,*,#3605,.T.);
#4969=ORIENTED_EDGE('',*,*,#3491,.F.);
#4970=ORIENTED_EDGE('',*,*,#3606,.F.);
#4971=ORIENTED_EDGE('',*,*,#2952,.T.);
#4972=ORIENTED_EDGE('',*,*,#3606,.T.);
#4973=ORIENTED_EDGE('',*,*,#3490,.F.);
#4974=ORIENTED_EDGE('',*,*,#3607,.F.);
#4975=ORIENTED_EDGE('',*,*,#2953,.T.);
#4976=ORIENTED_EDGE('',*,*,#3607,.T.);
#4977=ORIENTED_EDGE('',*,*,#3489,.F.);
#4978=ORIENTED_EDGE('',*,*,#3608,.F.);
#4979=ORIENTED_EDGE('',*,*,#2954,.T.);
#4980=ORIENTED_EDGE('',*,*,#3608,.T.);
#4981=ORIENTED_EDGE('',*,*,#3488,.F.);
#4982=ORIENTED_EDGE('',*,*,#3609,.F.);
#4983=ORIENTED_EDGE('',*,*,#2955,.T.);
#4984=ORIENTED_EDGE('',*,*,#3609,.T.);
#4985=ORIENTED_EDGE('',*,*,#3487,.F.);
#4986=ORIENTED_EDGE('',*,*,#3610,.F.);
#4987=ORIENTED_EDGE('',*,*,#2956,.T.);
#4988=ORIENTED_EDGE('',*,*,#3610,.T.);
#4989=ORIENTED_EDGE('',*,*,#3486,.F.);
#4990=ORIENTED_EDGE('',*,*,#3611,.F.);
#4991=ORIENTED_EDGE('',*,*,#2957,.T.);
#4992=ORIENTED_EDGE('',*,*,#3611,.T.);
#4993=ORIENTED_EDGE('',*,*,#3485,.F.);
#4994=ORIENTED_EDGE('',*,*,#3612,.F.);
#4995=ORIENTED_EDGE('',*,*,#2958,.T.);
#4996=ORIENTED_EDGE('',*,*,#3612,.T.);
#4997=ORIENTED_EDGE('',*,*,#3484,.F.);
#4998=ORIENTED_EDGE('',*,*,#3613,.F.);
#4999=ORIENTED_EDGE('',*,*,#2959,.T.);
#5000=ORIENTED_EDGE('',*,*,#3613,.T.);
#5001=ORIENTED_EDGE('',*,*,#3483,.F.);
#5002=ORIENTED_EDGE('',*,*,#3614,.F.);
#5003=ORIENTED_EDGE('',*,*,#2960,.T.);
#5004=ORIENTED_EDGE('',*,*,#3614,.T.);
#5005=ORIENTED_EDGE('',*,*,#3482,.F.);
#5006=ORIENTED_EDGE('',*,*,#3596,.F.);
#5007=ORIENTED_EDGE('',*,*,#2961,.T.);
#5008=ORIENTED_EDGE('',*,*,#3615,.T.);
#5009=ORIENTED_EDGE('',*,*,#3500,.F.);
#5010=ORIENTED_EDGE('',*,*,#3616,.F.);
#5011=ORIENTED_EDGE('',*,*,#2962,.T.);
#5012=ORIENTED_EDGE('',*,*,#3616,.T.);
#5013=ORIENTED_EDGE('',*,*,#3502,.F.);
#5014=ORIENTED_EDGE('',*,*,#3617,.F.);
#5015=ORIENTED_EDGE('',*,*,#2963,.T.);
#5016=ORIENTED_EDGE('',*,*,#3617,.T.);
#5017=ORIENTED_EDGE('',*,*,#3501,.F.);
#5018=ORIENTED_EDGE('',*,*,#3615,.F.);
#5019=ORIENTED_EDGE('',*,*,#2964,.T.);
#5020=ORIENTED_EDGE('',*,*,#3618,.T.);
#5021=ORIENTED_EDGE('',*,*,#3503,.F.);
#5022=ORIENTED_EDGE('',*,*,#3619,.F.);
#5023=ORIENTED_EDGE('',*,*,#2965,.T.);
#5024=ORIENTED_EDGE('',*,*,#3619,.T.);
#5025=ORIENTED_EDGE('',*,*,#3510,.F.);
#5026=ORIENTED_EDGE('',*,*,#3620,.F.);
#5027=ORIENTED_EDGE('',*,*,#2966,.T.);
#5028=ORIENTED_EDGE('',*,*,#3620,.T.);
#5029=ORIENTED_EDGE('',*,*,#3509,.F.);
#5030=ORIENTED_EDGE('',*,*,#3621,.F.);
#5031=ORIENTED_EDGE('',*,*,#2967,.T.);
#5032=ORIENTED_EDGE('',*,*,#3621,.T.);
#5033=ORIENTED_EDGE('',*,*,#3508,.F.);
#5034=ORIENTED_EDGE('',*,*,#3622,.F.);
#5035=ORIENTED_EDGE('',*,*,#2968,.T.);
#5036=ORIENTED_EDGE('',*,*,#3622,.T.);
#5037=ORIENTED_EDGE('',*,*,#3507,.F.);
#5038=ORIENTED_EDGE('',*,*,#3623,.F.);
#5039=ORIENTED_EDGE('',*,*,#2969,.T.);
#5040=ORIENTED_EDGE('',*,*,#3623,.T.);
#5041=ORIENTED_EDGE('',*,*,#3506,.F.);
#5042=ORIENTED_EDGE('',*,*,#3624,.F.);
#5043=ORIENTED_EDGE('',*,*,#2970,.T.);
#5044=ORIENTED_EDGE('',*,*,#3624,.T.);
#5045=ORIENTED_EDGE('',*,*,#3505,.F.);
#5046=ORIENTED_EDGE('',*,*,#3625,.F.);
#5047=ORIENTED_EDGE('',*,*,#2971,.T.);
#5048=ORIENTED_EDGE('',*,*,#3625,.T.);
#5049=ORIENTED_EDGE('',*,*,#3504,.F.);
#5050=ORIENTED_EDGE('',*,*,#3618,.F.);
#5051=ORIENTED_EDGE('',*,*,#2879,.T.);
#5052=ORIENTED_EDGE('',*,*,#3626,.T.);
#5053=ORIENTED_EDGE('',*,*,#3511,.F.);
#5054=ORIENTED_EDGE('',*,*,#3627,.F.);
#5055=ORIENTED_EDGE('',*,*,#2880,.T.);
#5056=ORIENTED_EDGE('',*,*,#3627,.T.);
#5057=ORIENTED_EDGE('',*,*,#3518,.F.);
#5058=ORIENTED_EDGE('',*,*,#3628,.F.);
#5059=ORIENTED_EDGE('',*,*,#2881,.T.);
#5060=ORIENTED_EDGE('',*,*,#3628,.T.);
#5061=ORIENTED_EDGE('',*,*,#3517,.F.);
#5062=ORIENTED_EDGE('',*,*,#3629,.F.);
#5063=ORIENTED_EDGE('',*,*,#2882,.T.);
#5064=ORIENTED_EDGE('',*,*,#3629,.T.);
#5065=ORIENTED_EDGE('',*,*,#3516,.F.);
#5066=ORIENTED_EDGE('',*,*,#3630,.F.);
#5067=ORIENTED_EDGE('',*,*,#2883,.T.);
#5068=ORIENTED_EDGE('',*,*,#3630,.T.);
#5069=ORIENTED_EDGE('',*,*,#3515,.F.);
#5070=ORIENTED_EDGE('',*,*,#3631,.F.);
#5071=ORIENTED_EDGE('',*,*,#2884,.T.);
#5072=ORIENTED_EDGE('',*,*,#3631,.T.);
#5073=ORIENTED_EDGE('',*,*,#3514,.F.);
#5074=ORIENTED_EDGE('',*,*,#3632,.F.);
#5075=ORIENTED_EDGE('',*,*,#2885,.T.);
#5076=ORIENTED_EDGE('',*,*,#3632,.T.);
#5077=ORIENTED_EDGE('',*,*,#3513,.F.);
#5078=ORIENTED_EDGE('',*,*,#3633,.F.);
#5079=ORIENTED_EDGE('',*,*,#2886,.T.);
#5080=ORIENTED_EDGE('',*,*,#3633,.T.);
#5081=ORIENTED_EDGE('',*,*,#3512,.F.);
#5082=ORIENTED_EDGE('',*,*,#3626,.F.);
#5083=ORIENTED_EDGE('',*,*,#2972,.T.);
#5084=ORIENTED_EDGE('',*,*,#3634,.T.);
#5085=ORIENTED_EDGE('',*,*,#3519,.F.);
#5086=ORIENTED_EDGE('',*,*,#3635,.F.);
#5087=ORIENTED_EDGE('',*,*,#2973,.T.);
#5088=ORIENTED_EDGE('',*,*,#3635,.T.);
#5089=ORIENTED_EDGE('',*,*,#3542,.F.);
#5090=ORIENTED_EDGE('',*,*,#3636,.F.);
#5091=ORIENTED_EDGE('',*,*,#2974,.T.);
#5092=ORIENTED_EDGE('',*,*,#3636,.T.);
#5093=ORIENTED_EDGE('',*,*,#3541,.F.);
#5094=ORIENTED_EDGE('',*,*,#3637,.F.);
#5095=ORIENTED_EDGE('',*,*,#2975,.T.);
#5096=ORIENTED_EDGE('',*,*,#3637,.T.);
#5097=ORIENTED_EDGE('',*,*,#3540,.F.);
#5098=ORIENTED_EDGE('',*,*,#3638,.F.);
#5099=ORIENTED_EDGE('',*,*,#2976,.T.);
#5100=ORIENTED_EDGE('',*,*,#3638,.T.);
#5101=ORIENTED_EDGE('',*,*,#3539,.F.);
#5102=ORIENTED_EDGE('',*,*,#3639,.F.);
#5103=ORIENTED_EDGE('',*,*,#2977,.T.);
#5104=ORIENTED_EDGE('',*,*,#3639,.T.);
#5105=ORIENTED_EDGE('',*,*,#3538,.F.);
#5106=ORIENTED_EDGE('',*,*,#3640,.F.);
#5107=ORIENTED_EDGE('',*,*,#2978,.T.);
#5108=ORIENTED_EDGE('',*,*,#3640,.T.);
#5109=ORIENTED_EDGE('',*,*,#3537,.F.);
#5110=ORIENTED_EDGE('',*,*,#3641,.F.);
#5111=ORIENTED_EDGE('',*,*,#2979,.T.);
#5112=ORIENTED_EDGE('',*,*,#3641,.T.);
#5113=ORIENTED_EDGE('',*,*,#3536,.F.);
#5114=ORIENTED_EDGE('',*,*,#3642,.F.);
#5115=ORIENTED_EDGE('',*,*,#2980,.T.);
#5116=ORIENTED_EDGE('',*,*,#3642,.T.);
#5117=ORIENTED_EDGE('',*,*,#3535,.F.);
#5118=ORIENTED_EDGE('',*,*,#3643,.F.);
#5119=ORIENTED_EDGE('',*,*,#2981,.T.);
#5120=ORIENTED_EDGE('',*,*,#3643,.T.);
#5121=ORIENTED_EDGE('',*,*,#3534,.F.);
#5122=ORIENTED_EDGE('',*,*,#3644,.F.);
#5123=ORIENTED_EDGE('',*,*,#2982,.T.);
#5124=ORIENTED_EDGE('',*,*,#3644,.T.);
#5125=ORIENTED_EDGE('',*,*,#3533,.F.);
#5126=ORIENTED_EDGE('',*,*,#3645,.F.);
#5127=ORIENTED_EDGE('',*,*,#2983,.T.);
#5128=ORIENTED_EDGE('',*,*,#3645,.T.);
#5129=ORIENTED_EDGE('',*,*,#3532,.F.);
#5130=ORIENTED_EDGE('',*,*,#3646,.F.);
#5131=ORIENTED_EDGE('',*,*,#2984,.T.);
#5132=ORIENTED_EDGE('',*,*,#3646,.T.);
#5133=ORIENTED_EDGE('',*,*,#3531,.F.);
#5134=ORIENTED_EDGE('',*,*,#3647,.F.);
#5135=ORIENTED_EDGE('',*,*,#2985,.T.);
#5136=ORIENTED_EDGE('',*,*,#3647,.T.);
#5137=ORIENTED_EDGE('',*,*,#3530,.F.);
#5138=ORIENTED_EDGE('',*,*,#3648,.F.);
#5139=ORIENTED_EDGE('',*,*,#2986,.T.);
#5140=ORIENTED_EDGE('',*,*,#3648,.T.);
#5141=ORIENTED_EDGE('',*,*,#3529,.F.);
#5142=ORIENTED_EDGE('',*,*,#3649,.F.);
#5143=ORIENTED_EDGE('',*,*,#2987,.T.);
#5144=ORIENTED_EDGE('',*,*,#3649,.T.);
#5145=ORIENTED_EDGE('',*,*,#3528,.F.);
#5146=ORIENTED_EDGE('',*,*,#3650,.F.);
#5147=ORIENTED_EDGE('',*,*,#2988,.T.);
#5148=ORIENTED_EDGE('',*,*,#3650,.T.);
#5149=ORIENTED_EDGE('',*,*,#3527,.F.);
#5150=ORIENTED_EDGE('',*,*,#3651,.F.);
#5151=ORIENTED_EDGE('',*,*,#2989,.T.);
#5152=ORIENTED_EDGE('',*,*,#3651,.T.);
#5153=ORIENTED_EDGE('',*,*,#3526,.F.);
#5154=ORIENTED_EDGE('',*,*,#3652,.F.);
#5155=ORIENTED_EDGE('',*,*,#2990,.T.);
#5156=ORIENTED_EDGE('',*,*,#3652,.T.);
#5157=ORIENTED_EDGE('',*,*,#3525,.F.);
#5158=ORIENTED_EDGE('',*,*,#3653,.F.);
#5159=ORIENTED_EDGE('',*,*,#2991,.T.);
#5160=ORIENTED_EDGE('',*,*,#3653,.T.);
#5161=ORIENTED_EDGE('',*,*,#3524,.F.);
#5162=ORIENTED_EDGE('',*,*,#3654,.F.);
#5163=ORIENTED_EDGE('',*,*,#2992,.T.);
#5164=ORIENTED_EDGE('',*,*,#3654,.T.);
#5165=ORIENTED_EDGE('',*,*,#3523,.F.);
#5166=ORIENTED_EDGE('',*,*,#3655,.F.);
#5167=ORIENTED_EDGE('',*,*,#2993,.T.);
#5168=ORIENTED_EDGE('',*,*,#3655,.T.);
#5169=ORIENTED_EDGE('',*,*,#3522,.F.);
#5170=ORIENTED_EDGE('',*,*,#3656,.F.);
#5171=ORIENTED_EDGE('',*,*,#2994,.T.);
#5172=ORIENTED_EDGE('',*,*,#3656,.T.);
#5173=ORIENTED_EDGE('',*,*,#3521,.F.);
#5174=ORIENTED_EDGE('',*,*,#3657,.F.);
#5175=ORIENTED_EDGE('',*,*,#2995,.T.);
#5176=ORIENTED_EDGE('',*,*,#3657,.T.);
#5177=ORIENTED_EDGE('',*,*,#3520,.F.);
#5178=ORIENTED_EDGE('',*,*,#3634,.F.);
#5179=ORIENTED_EDGE('',*,*,#2996,.T.);
#5180=ORIENTED_EDGE('',*,*,#3658,.T.);
#5181=ORIENTED_EDGE('',*,*,#3543,.F.);
#5182=ORIENTED_EDGE('',*,*,#3659,.F.);
#5183=ORIENTED_EDGE('',*,*,#2997,.T.);
#5184=ORIENTED_EDGE('',*,*,#3659,.T.);
#5185=ORIENTED_EDGE('',*,*,#3557,.F.);
#5186=ORIENTED_EDGE('',*,*,#3660,.F.);
#5187=ORIENTED_EDGE('',*,*,#2998,.T.);
#5188=ORIENTED_EDGE('',*,*,#3660,.T.);
#5189=ORIENTED_EDGE('',*,*,#3556,.F.);
#5190=ORIENTED_EDGE('',*,*,#3661,.F.);
#5191=ORIENTED_EDGE('',*,*,#2999,.T.);
#5192=ORIENTED_EDGE('',*,*,#3661,.T.);
#5193=ORIENTED_EDGE('',*,*,#3555,.F.);
#5194=ORIENTED_EDGE('',*,*,#3662,.F.);
#5195=ORIENTED_EDGE('',*,*,#3000,.T.);
#5196=ORIENTED_EDGE('',*,*,#3662,.T.);
#5197=ORIENTED_EDGE('',*,*,#3554,.F.);
#5198=ORIENTED_EDGE('',*,*,#3663,.F.);
#5199=ORIENTED_EDGE('',*,*,#3001,.T.);
#5200=ORIENTED_EDGE('',*,*,#3663,.T.);
#5201=ORIENTED_EDGE('',*,*,#3553,.F.);
#5202=ORIENTED_EDGE('',*,*,#2876,.F.);
#5203=ORIENTED_EDGE('',*,*,#3010,.T.);
#5204=ORIENTED_EDGE('',*,*,#3664,.T.);
#5205=ORIENTED_EDGE('',*,*,#3544,.F.);
#5206=ORIENTED_EDGE('',*,*,#3658,.F.);
#5207=ORIENTED_EDGE('',*,*,#3009,.T.);
#5208=ORIENTED_EDGE('',*,*,#3665,.T.);
#5209=ORIENTED_EDGE('',*,*,#3545,.F.);
#5210=ORIENTED_EDGE('',*,*,#3664,.F.);
#5211=ORIENTED_EDGE('',*,*,#3008,.T.);
#5212=ORIENTED_EDGE('',*,*,#3666,.T.);
#5213=ORIENTED_EDGE('',*,*,#3546,.F.);
#5214=ORIENTED_EDGE('',*,*,#3665,.F.);
#5215=ORIENTED_EDGE('',*,*,#3007,.T.);
#5216=ORIENTED_EDGE('',*,*,#3667,.T.);
#5217=ORIENTED_EDGE('',*,*,#3547,.F.);
#5218=ORIENTED_EDGE('',*,*,#3666,.F.);
#5219=ORIENTED_EDGE('',*,*,#3006,.T.);
#5220=ORIENTED_EDGE('',*,*,#3668,.T.);
#5221=ORIENTED_EDGE('',*,*,#3548,.F.);
#5222=ORIENTED_EDGE('',*,*,#3667,.F.);
#5223=ORIENTED_EDGE('',*,*,#3005,.T.);
#5224=ORIENTED_EDGE('',*,*,#3669,.T.);
#5225=ORIENTED_EDGE('',*,*,#3549,.F.);
#5226=ORIENTED_EDGE('',*,*,#3668,.F.);
#5227=ORIENTED_EDGE('',*,*,#3004,.T.);
#5228=ORIENTED_EDGE('',*,*,#3670,.T.);
#5229=ORIENTED_EDGE('',*,*,#3550,.F.);
#5230=ORIENTED_EDGE('',*,*,#3669,.F.);
#5231=ORIENTED_EDGE('',*,*,#3003,.T.);
#5232=ORIENTED_EDGE('',*,*,#3671,.T.);
#5233=ORIENTED_EDGE('',*,*,#3551,.F.);
#5234=ORIENTED_EDGE('',*,*,#3670,.F.);
#5235=ORIENTED_EDGE('',*,*,#3002,.T.);
#5236=ORIENTED_EDGE('',*,*,#2878,.T.);
#5237=ORIENTED_EDGE('',*,*,#3552,.F.);
#5238=ORIENTED_EDGE('',*,*,#3671,.F.);
#5239=ORIENTED_EDGE('',*,*,#3011,.T.);
#5240=ORIENTED_EDGE('',*,*,#3672,.T.);
#5241=ORIENTED_EDGE('',*,*,#3558,.F.);
#5242=ORIENTED_EDGE('',*,*,#3673,.F.);
#5243=ORIENTED_EDGE('',*,*,#3012,.T.);
#5244=ORIENTED_EDGE('',*,*,#3673,.T.);
#5245=ORIENTED_EDGE('',*,*,#3560,.F.);
#5246=ORIENTED_EDGE('',*,*,#3674,.F.);
#5247=ORIENTED_EDGE('',*,*,#3013,.T.);
#5248=ORIENTED_EDGE('',*,*,#3674,.T.);
#5249=ORIENTED_EDGE('',*,*,#3559,.F.);
#5250=ORIENTED_EDGE('',*,*,#3672,.F.);
#5251=ORIENTED_EDGE('',*,*,#3014,.T.);
#5252=ORIENTED_EDGE('',*,*,#3675,.T.);
#5253=ORIENTED_EDGE('',*,*,#3561,.F.);
#5254=ORIENTED_EDGE('',*,*,#3676,.F.);
#5255=ORIENTED_EDGE('',*,*,#3015,.T.);
#5256=ORIENTED_EDGE('',*,*,#3676,.T.);
#5257=ORIENTED_EDGE('',*,*,#3564,.F.);
#5258=ORIENTED_EDGE('',*,*,#3677,.F.);
#5259=ORIENTED_EDGE('',*,*,#3016,.T.);
#5260=ORIENTED_EDGE('',*,*,#3677,.T.);
#5261=ORIENTED_EDGE('',*,*,#3563,.F.);
#5262=ORIENTED_EDGE('',*,*,#3678,.F.);
#5263=ORIENTED_EDGE('',*,*,#3017,.T.);
#5264=ORIENTED_EDGE('',*,*,#3678,.T.);
#5265=ORIENTED_EDGE('',*,*,#3562,.F.);
#5266=ORIENTED_EDGE('',*,*,#3675,.F.);
#5267=ORIENTED_EDGE('',*,*,#3018,.T.);
#5268=ORIENTED_EDGE('',*,*,#3679,.T.);
#5269=ORIENTED_EDGE('',*,*,#3565,.F.);
#5270=ORIENTED_EDGE('',*,*,#3680,.F.);
#5271=ORIENTED_EDGE('',*,*,#3019,.T.);
#5272=ORIENTED_EDGE('',*,*,#3680,.T.);
#5273=ORIENTED_EDGE('',*,*,#3568,.F.);
#5274=ORIENTED_EDGE('',*,*,#3681,.F.);
#5275=ORIENTED_EDGE('',*,*,#3020,.T.);
#5276=ORIENTED_EDGE('',*,*,#3681,.T.);
#5277=ORIENTED_EDGE('',*,*,#3567,.F.);
#5278=ORIENTED_EDGE('',*,*,#3682,.F.);
#5279=ORIENTED_EDGE('',*,*,#3021,.T.);
#5280=ORIENTED_EDGE('',*,*,#3682,.T.);
#5281=ORIENTED_EDGE('',*,*,#3566,.F.);
#5282=ORIENTED_EDGE('',*,*,#3679,.F.);
#5283=ORIENTED_EDGE('',*,*,#3022,.T.);
#5284=ORIENTED_EDGE('',*,*,#3683,.T.);
#5285=ORIENTED_EDGE('',*,*,#3569,.F.);
#5286=ORIENTED_EDGE('',*,*,#3684,.F.);
#5287=ORIENTED_EDGE('',*,*,#3023,.T.);
#5288=ORIENTED_EDGE('',*,*,#3684,.T.);
#5289=ORIENTED_EDGE('',*,*,#3572,.F.);
#5290=ORIENTED_EDGE('',*,*,#3685,.F.);
#5291=ORIENTED_EDGE('',*,*,#3024,.T.);
#5292=ORIENTED_EDGE('',*,*,#3685,.T.);
#5293=ORIENTED_EDGE('',*,*,#3571,.F.);
#5294=ORIENTED_EDGE('',*,*,#3686,.F.);
#5295=ORIENTED_EDGE('',*,*,#3025,.T.);
#5296=ORIENTED_EDGE('',*,*,#3686,.T.);
#5297=ORIENTED_EDGE('',*,*,#3570,.F.);
#5298=ORIENTED_EDGE('',*,*,#3683,.F.);
#5299=ORIENTED_EDGE('',*,*,#3026,.T.);
#5300=ORIENTED_EDGE('',*,*,#3687,.T.);
#5301=ORIENTED_EDGE('',*,*,#3573,.F.);
#5302=ORIENTED_EDGE('',*,*,#3688,.F.);
#5303=ORIENTED_EDGE('',*,*,#3027,.T.);
#5304=ORIENTED_EDGE('',*,*,#3688,.T.);
#5305=ORIENTED_EDGE('',*,*,#3576,.F.);
#5306=ORIENTED_EDGE('',*,*,#3689,.F.);
#5307=ORIENTED_EDGE('',*,*,#3028,.T.);
#5308=ORIENTED_EDGE('',*,*,#3689,.T.);
#5309=ORIENTED_EDGE('',*,*,#3575,.F.);
#5310=ORIENTED_EDGE('',*,*,#3690,.F.);
#5311=ORIENTED_EDGE('',*,*,#3029,.T.);
#5312=ORIENTED_EDGE('',*,*,#3690,.T.);
#5313=ORIENTED_EDGE('',*,*,#3574,.F.);
#5314=ORIENTED_EDGE('',*,*,#3687,.F.);
#5315=ORIENTED_EDGE('',*,*,#3030,.T.);
#5316=ORIENTED_EDGE('',*,*,#3691,.T.);
#5317=ORIENTED_EDGE('',*,*,#3577,.F.);
#5318=ORIENTED_EDGE('',*,*,#3692,.F.);
#5319=ORIENTED_EDGE('',*,*,#3031,.T.);
#5320=ORIENTED_EDGE('',*,*,#3692,.T.);
#5321=ORIENTED_EDGE('',*,*,#3580,.F.);
#5322=ORIENTED_EDGE('',*,*,#3693,.F.);
#5323=ORIENTED_EDGE('',*,*,#3032,.T.);
#5324=ORIENTED_EDGE('',*,*,#3693,.T.);
#5325=ORIENTED_EDGE('',*,*,#3579,.F.);
#5326=ORIENTED_EDGE('',*,*,#3694,.F.);
#5327=ORIENTED_EDGE('',*,*,#3033,.T.);
#5328=ORIENTED_EDGE('',*,*,#3694,.T.);
#5329=ORIENTED_EDGE('',*,*,#3578,.F.);
#5330=ORIENTED_EDGE('',*,*,#3691,.F.);
#5331=ORIENTED_EDGE('',*,*,#3034,.T.);
#5332=ORIENTED_EDGE('',*,*,#3695,.T.);
#5333=ORIENTED_EDGE('',*,*,#3581,.F.);
#5334=ORIENTED_EDGE('',*,*,#3696,.F.);
#5335=ORIENTED_EDGE('',*,*,#3035,.T.);
#5336=ORIENTED_EDGE('',*,*,#3696,.T.);
#5337=ORIENTED_EDGE('',*,*,#3584,.F.);
#5338=ORIENTED_EDGE('',*,*,#3697,.F.);
#5339=ORIENTED_EDGE('',*,*,#3036,.T.);
#5340=ORIENTED_EDGE('',*,*,#3697,.T.);
#5341=ORIENTED_EDGE('',*,*,#3583,.F.);
#5342=ORIENTED_EDGE('',*,*,#3698,.F.);
#5343=ORIENTED_EDGE('',*,*,#3037,.T.);
#5344=ORIENTED_EDGE('',*,*,#3698,.T.);
#5345=ORIENTED_EDGE('',*,*,#3582,.F.);
#5346=ORIENTED_EDGE('',*,*,#3695,.F.);
#5347=ORIENTED_EDGE('',*,*,#3038,.T.);
#5348=ORIENTED_EDGE('',*,*,#3699,.T.);
#5349=ORIENTED_EDGE('',*,*,#3585,.F.);
#5350=ORIENTED_EDGE('',*,*,#3700,.F.);
#5351=ORIENTED_EDGE('',*,*,#3039,.T.);
#5352=ORIENTED_EDGE('',*,*,#3700,.T.);
#5353=ORIENTED_EDGE('',*,*,#3587,.F.);
#5354=ORIENTED_EDGE('',*,*,#3701,.F.);
#5355=ORIENTED_EDGE('',*,*,#3040,.T.);
#5356=ORIENTED_EDGE('',*,*,#3701,.T.);
#5357=ORIENTED_EDGE('',*,*,#3586,.F.);
#5358=ORIENTED_EDGE('',*,*,#3699,.F.);
#5359=ORIENTED_EDGE('',*,*,#3702,.T.);
#5360=ORIENTED_EDGE('',*,*,#3702,.F.);
#5361=ORIENTED_EDGE('',*,*,#3703,.T.);
#5362=ORIENTED_EDGE('',*,*,#3704,.T.);
#5363=ORIENTED_EDGE('',*,*,#3703,.F.);
#5364=ORIENTED_EDGE('',*,*,#3704,.F.);
#5365=PLANE('',#5963);
#5366=PLANE('',#5964);
#5367=PLANE('',#5965);
#5368=PLANE('',#5987);
#5369=PLANE('',#5990);
#5370=PLANE('',#5993);
#5371=PLANE('',#5996);
#5372=PLANE('',#6003);
#5373=PLANE('',#6006);
#5374=PLANE('',#6009);
#5375=PLANE('',#6012);
#5376=PLANE('',#6013);
#5377=PLANE('',#6016);
#5378=PLANE('',#6019);
#5379=PLANE('',#6022);
#5380=PLANE('',#6025);
#5381=PLANE('',#6026);
#5382=PLANE('',#6029);
#5383=PLANE('',#6032);
#5384=PLANE('',#6035);
#5385=PLANE('',#6038);
#5386=PLANE('',#6060);
#5387=PLANE('',#6064);
#5388=PLANE('',#6067);
#5389=PLANE('',#6070);
#5390=PLANE('',#6071);
#5391=PLANE('',#6073);
#5392=PLANE('',#6075);
#5393=PLANE('',#6076);
#5394=PLANE('',#6077);
#5395=PLANE('',#6078);
#5396=PLANE('',#6079);
#5397=PLANE('',#6080);
#5398=PLANE('',#6081);
#5399=PLANE('',#6082);
#5400=PLANE('',#6083);
#5401=PLANE('',#6084);
#5402=PLANE('',#6089);
#5403=PLANE('',#6092);
#5404=PLANE('',#6093);
#5405=PLANE('',#6099);
#5406=PLANE('',#6102);
#5407=PLANE('',#6103);
#5408=PLANE('',#6106);
#5409=PLANE('',#6107);
#5410=PLANE('',#6108);
#5411=PLANE('',#6111);
#5412=PLANE('',#6112);
#5413=PLANE('',#6113);
#5414=PLANE('',#6116);
#5415=PLANE('',#6119);
#5416=PLANE('',#6130);
#5417=PLANE('',#6132);
#5418=PLANE('',#6133);
#5419=PLANE('',#6136);
#5420=PLANE('',#6137);
#5421=PLANE('',#6139);
#5422=PLANE('',#6140);
#5423=PLANE('',#6143);
#5424=PLANE('',#6144);
#5425=PLANE('',#6146);
#5426=PLANE('',#6147);
#5427=PLANE('',#6152);
#5428=PLANE('',#6155);
#5429=PLANE('',#6158);
#5430=PLANE('',#6159);
#5431=PLANE('',#6160);
#5432=PLANE('',#6167);
#5433=PLANE('',#6172);
#5434=PLANE('',#6179);
#5435=PLANE('',#6185);
#5436=PLANE('',#6186);
#5437=PLANE('',#6187);
#5438=PLANE('',#6189);
#5439=PLANE('',#6195);
#5440=PLANE('',#6196);
#5441=PLANE('',#6202);
#5442=PLANE('',#6208);
#5443=PLANE('',#6209);
#5444=PLANE('',#6214);
#5445=PLANE('',#6215);
#5446=PLANE('',#6220);
#5447=PLANE('',#6221);
#5448=PLANE('',#6222);
#5449=PLANE('',#6228);
#5450=PLANE('',#6229);
#5451=PLANE('',#6234);
#5452=PLANE('',#6235);
#5453=PLANE('',#6240);
#5454=PLANE('',#6241);
#5455=PLANE('',#6245);
#5456=PLANE('',#6246);
#5457=PLANE('',#6247);
#5458=PLANE('',#6248);
#5459=PLANE('',#6249);
#5460=PLANE('',#6250);
#5461=PLANE('',#6251);
#5462=PLANE('',#6252);
#5463=PLANE('',#6253);
#5464=PLANE('',#6254);
#5465=PLANE('',#6255);
#5466=PLANE('',#6256);
#5467=PLANE('',#6257);
#5468=PLANE('',#6258);
#5469=PLANE('',#6259);
#5470=PLANE('',#6260);
#5471=PLANE('',#6261);
#5472=PLANE('',#6262);
#5473=PLANE('',#6263);
#5474=PLANE('',#6264);
#5475=PLANE('',#6265);
#5476=PLANE('',#6266);
#5477=PLANE('',#6267);
#5478=PLANE('',#6268);
#5479=PLANE('',#6269);
#5480=PLANE('',#6270);
#5481=PLANE('',#6271);
#5482=PLANE('',#6274);
#5483=PLANE('',#6278);
#5484=PLANE('',#6279);
#5485=PLANE('',#6280);
#5486=PLANE('',#6281);
#5487=PLANE('',#6282);
#5488=PLANE('',#6283);
#5489=PLANE('',#6284);
#5490=PLANE('',#6285);
#5491=PLANE('',#6286);
#5492=PLANE('',#6287);
#5493=PLANE('',#6288);
#5494=PLANE('',#6289);
#5495=PLANE('',#6290);
#5496=PLANE('',#6291);
#5497=PLANE('',#6292);
#5498=PLANE('',#6293);
#5499=PLANE('',#6294);
#5500=PLANE('',#6295);
#5501=PLANE('',#6296);
#5502=PLANE('',#6297);
#5503=PLANE('',#6298);
#5504=PLANE('',#6299);
#5505=PLANE('',#6300);
#5506=PLANE('',#6301);
#5507=PLANE('',#6302);
#5508=PLANE('',#6303);
#5509=PLANE('',#6304);
#5510=PLANE('',#6305);
#5511=PLANE('',#6306);
#5512=PLANE('',#6307);
#5513=PLANE('',#6308);
#5514=PLANE('',#6309);
#5515=PLANE('',#6310);
#5516=PLANE('',#6311);
#5517=PLANE('',#6312);
#5518=PLANE('',#6313);
#5519=PLANE('',#6314);
#5520=PLANE('',#6315);
#5521=PLANE('',#6316);
#5522=PLANE('',#6317);
#5523=PLANE('',#6318);
#5524=PLANE('',#6319);
#5525=PLANE('',#6320);
#5526=PLANE('',#6321);
#5527=PLANE('',#6322);
#5528=PLANE('',#6323);
#5529=PLANE('',#6324);
#5530=PLANE('',#6325);
#5531=PLANE('',#6326);
#5532=PLANE('',#6327);
#5533=PLANE('',#6328);
#5534=PLANE('',#6329);
#5535=PLANE('',#6330);
#5536=PLANE('',#6331);
#5537=PLANE('',#6332);
#5538=PLANE('',#6333);
#5539=PLANE('',#6334);
#5540=PLANE('',#6335);
#5541=PLANE('',#6336);
#5542=PLANE('',#6337);
#5543=PLANE('',#6338);
#5544=PLANE('',#6339);
#5545=PLANE('',#6340);
#5546=PLANE('',#6341);
#5547=PLANE('',#6342);
#5548=PLANE('',#6343);
#5549=PLANE('',#6344);
#5550=PLANE('',#6345);
#5551=PLANE('',#6346);
#5552=PLANE('',#6347);
#5553=PLANE('',#6348);
#5554=PLANE('',#6349);
#5555=PLANE('',#6350);
#5556=PLANE('',#6351);
#5557=PLANE('',#6352);
#5558=PLANE('',#6353);
#5559=PLANE('',#6354);
#5560=PLANE('',#6355);
#5561=PLANE('',#6356);
#5562=PLANE('',#6357);
#5563=PLANE('',#6358);
#5564=PLANE('',#6359);
#5565=PLANE('',#6360);
#5566=PLANE('',#6361);
#5567=PLANE('',#6362);
#5568=PLANE('',#6363);
#5569=PLANE('',#6364);
#5570=PLANE('',#6365);
#5571=PLANE('',#6366);
#5572=PLANE('',#6367);
#5573=PLANE('',#6368);
#5574=PLANE('',#6369);
#5575=PLANE('',#6370);
#5576=PLANE('',#6371);
#5577=PLANE('',#6372);
#5578=PLANE('',#6373);
#5579=PLANE('',#6374);
#5580=PLANE('',#6375);
#5581=PLANE('',#6376);
#5582=PLANE('',#6377);
#5583=PLANE('',#6378);
#5584=PLANE('',#6379);
#5585=PLANE('',#6380);
#5586=PLANE('',#6381);
#5587=PLANE('',#6382);
#5588=PLANE('',#6383);
#5589=PLANE('',#6384);
#5590=PLANE('',#6385);
#5591=PLANE('',#6386);
#5592=PLANE('',#6387);
#5593=PLANE('',#6388);
#5594=PLANE('',#6389);
#5595=PLANE('',#6390);
#5596=PLANE('',#6391);
#5597=PLANE('',#6392);
#5598=PLANE('',#6393);
#5599=PLANE('',#6394);
#5600=PLANE('',#6395);
#5601=PLANE('',#6396);
#5602=PLANE('',#6397);
#5603=PLANE('',#6398);
#5604=PLANE('',#6399);
#5605=PLANE('',#6400);
#5606=PLANE('',#6401);
#5607=PLANE('',#6402);
#5608=PLANE('',#6403);
#5609=PLANE('',#6404);
#5610=PLANE('',#6405);
#5611=PLANE('',#6406);
#5612=PLANE('',#6407);
#5613=PLANE('',#6408);
#5614=PLANE('',#6409);
#5615=PLANE('',#6410);
#5616=PLANE('',#6411);
#5617=PLANE('',#6412);
#5618=PLANE('',#6416);
#5619=ADVANCED_FACE('',(#266),#5365,.F.);
#5620=ADVANCED_FACE('',(#267),#5366,.F.);
#5621=ADVANCED_FACE('',(#268,#113,#114,#115,#116,#117,#118,#119,#120,#121,
#122,#123,#124,#125,#126,#127,#128,#129,#130,#131),#5367,.F.);
#5622=ADVANCED_FACE('',(#269),#76,.F.);
#5623=ADVANCED_FACE('',(#270),#5368,.T.);
#5624=ADVANCED_FACE('',(#271),#77,.F.);
#5625=ADVANCED_FACE('',(#272),#5369,.T.);
#5626=ADVANCED_FACE('',(#273),#78,.F.);
#5627=ADVANCED_FACE('',(#274),#5370,.T.);
#5628=ADVANCED_FACE('',(#275),#79,.F.);
#5629=ADVANCED_FACE('',(#276),#5371,.T.);
#5630=ADVANCED_FACE('',(#277),#80,.F.);
#5631=ADVANCED_FACE('',(#278),#33,.F.);
#5632=ADVANCED_FACE('',(#279),#34,.F.);
#5633=ADVANCED_FACE('',(#280),#5372,.F.);
#5634=ADVANCED_FACE('',(#281),#35,.F.);
#5635=ADVANCED_FACE('',(#282),#5373,.F.);
#5636=ADVANCED_FACE('',(#283),#36,.F.);
#5637=ADVANCED_FACE('',(#284),#5374,.F.);
#5638=ADVANCED_FACE('',(#285),#37,.F.);
#5639=ADVANCED_FACE('',(#286),#5375,.F.);
#5640=ADVANCED_FACE('',(#287),#5376,.T.);
#5641=ADVANCED_FACE('',(#288),#81,.F.);
#5642=ADVANCED_FACE('',(#289),#5377,.T.);
#5643=ADVANCED_FACE('',(#290),#82,.F.);
#5644=ADVANCED_FACE('',(#291),#5378,.T.);
#5645=ADVANCED_FACE('',(#292),#83,.F.);
#5646=ADVANCED_FACE('',(#293),#5379,.T.);
#5647=ADVANCED_FACE('',(#294),#84,.F.);
#5648=ADVANCED_FACE('',(#295),#5380,.T.);
#5649=ADVANCED_FACE('',(#296),#5381,.F.);
#5650=ADVANCED_FACE('',(#297),#38,.F.);
#5651=ADVANCED_FACE('',(#298),#5382,.F.);
#5652=ADVANCED_FACE('',(#299),#39,.F.);
#5653=ADVANCED_FACE('',(#300),#5383,.F.);
#5654=ADVANCED_FACE('',(#301),#40,.F.);
#5655=ADVANCED_FACE('',(#302),#5384,.F.);
#5656=ADVANCED_FACE('',(#303),#41,.F.);
#5657=ADVANCED_FACE('',(#304,#132,#133,#134,#135,#136,#137,#138,#139,#140),
#5385,.T.);
#5658=ADVANCED_FACE('',(#305),#5386,.T.);
#5659=ADVANCED_FACE('',(#306),#42,.F.);
#5660=ADVANCED_FACE('',(#307),#85,.F.);
#5661=ADVANCED_FACE('',(#308),#5387,.T.);
#5662=ADVANCED_FACE('',(#309),#86,.F.);
#5663=ADVANCED_FACE('',(#310),#5388,.T.);
#5664=ADVANCED_FACE('',(#311),#87,.F.);
#5665=ADVANCED_FACE('',(#312),#5389,.T.);
#5666=ADVANCED_FACE('',(#313),#5390,.F.);
#5667=ADVANCED_FACE('',(#314),#43,.F.);
#5668=ADVANCED_FACE('',(#315),#5391,.F.);
#5669=ADVANCED_FACE('',(#316),#44,.F.);
#5670=ADVANCED_FACE('',(#317),#5392,.F.);
#5671=ADVANCED_FACE('',(#318),#5393,.T.);
#5672=ADVANCED_FACE('',(#319),#5394,.F.);
#5673=ADVANCED_FACE('',(#320),#5395,.T.);
#5674=ADVANCED_FACE('',(#321),#5396,.T.);
#5675=ADVANCED_FACE('',(#322),#5397,.T.);
#5676=ADVANCED_FACE('',(#323),#5398,.F.);
#5677=ADVANCED_FACE('',(#324),#5399,.T.);
#5678=ADVANCED_FACE('',(#325),#5400,.T.);
#5679=ADVANCED_FACE('',(#326),#5401,.F.);
#5680=ADVANCED_FACE('',(#327),#45,.T.);
#5681=ADVANCED_FACE('',(#328),#88,.T.);
#5682=ADVANCED_FACE('',(#329),#5402,.T.);
#5683=ADVANCED_FACE('',(#330),#89,.T.);
#5684=ADVANCED_FACE('',(#331),#5403,.T.);
#5685=ADVANCED_FACE('',(#332),#5404,.F.);
#5686=ADVANCED_FACE('',(#333),#46,.F.);
#5687=ADVANCED_FACE('',(#334),#90,.F.);
#5688=ADVANCED_FACE('',(#335),#91,.F.);
#5689=ADVANCED_FACE('',(#336),#5405,.T.);
#5690=ADVANCED_FACE('',(#337),#92,.T.);
#5691=ADVANCED_FACE('',(#338),#5406,.T.);
#5692=ADVANCED_FACE('',(#339),#5407,.F.);
#5693=ADVANCED_FACE('',(#340),#47,.T.);
#5694=ADVANCED_FACE('',(#341),#93,.T.);
#5695=ADVANCED_FACE('',(#342),#5408,.T.);
#5696=ADVANCED_FACE('',(#343),#5409,.T.);
#5697=ADVANCED_FACE('',(#344),#5410,.T.);
#5698=ADVANCED_FACE('',(#345),#94,.F.);
#5699=ADVANCED_FACE('',(#346),#5411,.T.);
#5700=ADVANCED_FACE('',(#347),#5412,.F.);
#5701=ADVANCED_FACE('',(#348,#141),#5413,.F.);
#5702=ADVANCED_FACE('',(#349,#142),#5414,.F.);
#5703=ADVANCED_FACE('',(#350,#143),#5415,.F.);
#5704=ADVANCED_FACE('',(#351),#48,.F.);
#5705=ADVANCED_FACE('',(#352),#95,.F.);
#5706=ADVANCED_FACE('',(#353),#49,.F.);
#5707=ADVANCED_FACE('',(#354),#96,.F.);
#5708=ADVANCED_FACE('',(#355),#5416,.F.);
#5709=ADVANCED_FACE('',(#356),#50,.F.);
#5710=ADVANCED_FACE('',(#357),#5417,.F.);
#5711=ADVANCED_FACE('',(#358),#5418,.T.);
#5712=ADVANCED_FACE('',(#359),#97,.F.);
#5713=ADVANCED_FACE('',(#360),#5419,.T.);
#5714=ADVANCED_FACE('',(#361),#5420,.F.);
#5715=ADVANCED_FACE('',(#362),#51,.F.);
#5716=ADVANCED_FACE('',(#363),#5421,.T.);
#5717=ADVANCED_FACE('',(#364),#5422,.T.);
#5718=ADVANCED_FACE('',(#365),#98,.F.);
#5719=ADVANCED_FACE('',(#366),#5423,.T.);
#5720=ADVANCED_FACE('',(#367),#5424,.F.);
#5721=ADVANCED_FACE('',(#368),#52,.F.);
#5722=ADVANCED_FACE('',(#369),#5425,.F.);
#5723=ADVANCED_FACE('',(#370),#5426,.T.);
#5724=ADVANCED_FACE('',(#371),#53,.F.);
#5725=ADVANCED_FACE('',(#372),#99,.F.);
#5726=ADVANCED_FACE('',(#373),#5427,.T.);
#5727=ADVANCED_FACE('',(#374),#54,.T.);
#5728=ADVANCED_FACE('',(#375),#5428,.T.);
#5729=ADVANCED_FACE('',(#376),#100,.T.);
#5730=ADVANCED_FACE('',(#377),#5429,.T.);
#5731=ADVANCED_FACE('',(#378),#5430,.T.);
#5732=ADVANCED_FACE('',(#379),#5431,.T.);
#5733=ADVANCED_FACE('',(#380),#101,.F.);
#5734=ADVANCED_FACE('',(#381),#102,.T.);
#5735=ADVANCED_FACE('',(#382,#144),#5432,.T.);
#5736=ADVANCED_FACE('',(#383),#55,.T.);
#5737=ADVANCED_FACE('',(#384,#145),#5433,.T.);
#5738=ADVANCED_FACE('',(#385),#56,.T.);
#5739=ADVANCED_FACE('',(#386),#103,.T.);
#5740=ADVANCED_FACE('',(#387),#5434,.T.);
#5741=ADVANCED_FACE('',(#388),#104,.F.);
#5742=ADVANCED_FACE('',(#389),#57,.F.);
#5743=ADVANCED_FACE('',(#390),#58,.T.);
#5744=ADVANCED_FACE('',(#391),#59,.F.);
#5745=ADVANCED_FACE('',(#392),#5435,.T.);
#5746=ADVANCED_FACE('',(#393),#5436,.T.);
#5747=ADVANCED_FACE('',(#394),#5437,.T.);
#5748=ADVANCED_FACE('',(#395),#5438,.T.);
#5749=ADVANCED_FACE('',(#396),#60,.F.);
#5750=ADVANCED_FACE('',(#397),#105,.F.);
#5751=ADVANCED_FACE('',(#398),#5439,.T.);
#5752=ADVANCED_FACE('',(#399),#5440,.T.);
#5753=ADVANCED_FACE('',(#400),#61,.F.);
#5754=ADVANCED_FACE('',(#401),#106,.F.);
#5755=ADVANCED_FACE('',(#402),#5441,.T.);
#5756=ADVANCED_FACE('',(#403),#107,.F.);
#5757=ADVANCED_FACE('',(#404),#62,.F.);
#5758=ADVANCED_FACE('',(#405),#5442,.T.);
#5759=ADVANCED_FACE('',(#406),#5443,.T.);
#5760=ADVANCED_FACE('',(#407),#108,.F.);
#5761=ADVANCED_FACE('',(#408),#63,.F.);
#5762=ADVANCED_FACE('',(#409),#5444,.F.);
#5763=ADVANCED_FACE('',(#410),#5445,.F.);
#5764=ADVANCED_FACE('',(#411),#5446,.T.);
#5765=ADVANCED_FACE('',(#412),#5447,.T.);
#5766=ADVANCED_FACE('',(#413),#5448,.T.);
#5767=ADVANCED_FACE('',(#414),#109,.F.);
#5768=ADVANCED_FACE('',(#415),#64,.F.);
#5769=ADVANCED_FACE('',(#416),#5449,.T.);
#5770=ADVANCED_FACE('',(#417),#5450,.T.);
#5771=ADVANCED_FACE('',(#418),#110,.F.);
#5772=ADVANCED_FACE('',(#419),#65,.F.);
#5773=ADVANCED_FACE('',(#420),#5451,.T.);
#5774=ADVANCED_FACE('',(#421),#5452,.T.);
#5775=ADVANCED_FACE('',(#422),#111,.F.);
#5776=ADVANCED_FACE('',(#423),#66,.F.);
#5777=ADVANCED_FACE('',(#424),#5453,.T.);
#5778=ADVANCED_FACE('',(#425),#5454,.T.);
#5779=ADVANCED_FACE('',(#426),#112,.F.);
#5780=ADVANCED_FACE('',(#427),#67,.F.);
#5781=ADVANCED_FACE('',(#428),#5455,.T.);
#5782=ADVANCED_FACE('',(#429),#5456,.T.);
#5783=ADVANCED_FACE('',(#430),#5457,.T.);
#5784=ADVANCED_FACE('',(#431),#5458,.T.);
#5785=ADVANCED_FACE('',(#432),#5459,.T.);
#5786=ADVANCED_FACE('',(#433),#5460,.T.);
#5787=ADVANCED_FACE('',(#434),#5461,.T.);
#5788=ADVANCED_FACE('',(#435),#5462,.T.);
#5789=ADVANCED_FACE('',(#436),#5463,.T.);
#5790=ADVANCED_FACE('',(#437),#5464,.T.);
#5791=ADVANCED_FACE('',(#438,#146),#5465,.T.);
#5792=ADVANCED_FACE('',(#439),#5466,.T.);
#5793=ADVANCED_FACE('',(#440),#5467,.T.);
#5794=ADVANCED_FACE('',(#441),#5468,.T.);
#5795=ADVANCED_FACE('',(#442),#5469,.T.);
#5796=ADVANCED_FACE('',(#443),#5470,.T.);
#5797=ADVANCED_FACE('',(#444),#5471,.T.);
#5798=ADVANCED_FACE('',(#445),#5472,.T.);
#5799=ADVANCED_FACE('',(#446),#5473,.T.);
#5800=ADVANCED_FACE('',(#447),#5474,.T.);
#5801=ADVANCED_FACE('',(#448),#5475,.T.);
#5802=ADVANCED_FACE('',(#449),#5476,.T.);
#5803=ADVANCED_FACE('',(#450),#5477,.T.);
#5804=ADVANCED_FACE('',(#451),#5478,.T.);
#5805=ADVANCED_FACE('',(#452),#5479,.T.);
#5806=ADVANCED_FACE('',(#453),#5480,.T.);
#5807=ADVANCED_FACE('',(#454),#5481,.T.);
#5808=ADVANCED_FACE('',(#455),#68,.F.);
#5809=ADVANCED_FACE('',(#456,#147),#5482,.T.);
#5810=ADVANCED_FACE('',(#457),#69,.F.);
#5811=ADVANCED_FACE('',(#458),#5483,.T.);
#5812=ADVANCED_FACE('',(#459),#5484,.F.);
#5813=ADVANCED_FACE('',(#460),#5485,.F.);
#5814=ADVANCED_FACE('',(#461),#5486,.F.);
#5815=ADVANCED_FACE('',(#462),#5487,.T.);
#5816=ADVANCED_FACE('',(#463),#5488,.T.);
#5817=ADVANCED_FACE('',(#464),#5489,.T.);
#5818=ADVANCED_FACE('',(#465),#5490,.T.);
#5819=ADVANCED_FACE('',(#466,#148),#5491,.T.);
#5820=ADVANCED_FACE('',(#467),#5492,.T.);
#5821=ADVANCED_FACE('',(#468),#5493,.T.);
#5822=ADVANCED_FACE('',(#469),#5494,.T.);
#5823=ADVANCED_FACE('',(#470),#5495,.T.);
#5824=ADVANCED_FACE('',(#471),#5496,.T.);
#5825=ADVANCED_FACE('',(#472),#5497,.T.);
#5826=ADVANCED_FACE('',(#473),#5498,.T.);
#5827=ADVANCED_FACE('',(#474),#5499,.T.);
#5828=ADVANCED_FACE('',(#475),#5500,.T.);
#5829=ADVANCED_FACE('',(#476),#5501,.T.);
#5830=ADVANCED_FACE('',(#477),#5502,.F.);
#5831=ADVANCED_FACE('',(#478),#5503,.F.);
#5832=ADVANCED_FACE('',(#479),#5504,.F.);
#5833=ADVANCED_FACE('',(#480),#5505,.F.);
#5834=ADVANCED_FACE('',(#481),#5506,.F.);
#5835=ADVANCED_FACE('',(#482),#5507,.F.);
#5836=ADVANCED_FACE('',(#483),#5508,.F.);
#5837=ADVANCED_FACE('',(#484),#5509,.F.);
#5838=ADVANCED_FACE('',(#485),#5510,.F.);
#5839=ADVANCED_FACE('',(#486),#5511,.F.);
#5840=ADVANCED_FACE('',(#487),#5512,.F.);
#5841=ADVANCED_FACE('',(#488),#5513,.F.);
#5842=ADVANCED_FACE('',(#489),#5514,.F.);
#5843=ADVANCED_FACE('',(#490),#5515,.F.);
#5844=ADVANCED_FACE('',(#491),#5516,.F.);
#5845=ADVANCED_FACE('',(#492),#5517,.F.);
#5846=ADVANCED_FACE('',(#493),#5518,.F.);
#5847=ADVANCED_FACE('',(#494),#5519,.F.);
#5848=ADVANCED_FACE('',(#495),#5520,.F.);
#5849=ADVANCED_FACE('',(#496),#5521,.F.);
#5850=ADVANCED_FACE('',(#497),#5522,.F.);
#5851=ADVANCED_FACE('',(#498),#5523,.F.);
#5852=ADVANCED_FACE('',(#499),#5524,.F.);
#5853=ADVANCED_FACE('',(#500),#5525,.F.);
#5854=ADVANCED_FACE('',(#501),#5526,.F.);
#5855=ADVANCED_FACE('',(#502),#5527,.F.);
#5856=ADVANCED_FACE('',(#503),#5528,.F.);
#5857=ADVANCED_FACE('',(#504),#5529,.F.);
#5858=ADVANCED_FACE('',(#505),#5530,.F.);
#5859=ADVANCED_FACE('',(#506),#5531,.F.);
#5860=ADVANCED_FACE('',(#507),#5532,.F.);
#5861=ADVANCED_FACE('',(#508),#5533,.F.);
#5862=ADVANCED_FACE('',(#509),#5534,.F.);
#5863=ADVANCED_FACE('',(#510),#5535,.F.);
#5864=ADVANCED_FACE('',(#511),#5536,.F.);
#5865=ADVANCED_FACE('',(#512),#5537,.F.);
#5866=ADVANCED_FACE('',(#513),#5538,.F.);
#5867=ADVANCED_FACE('',(#514),#5539,.F.);
#5868=ADVANCED_FACE('',(#515),#5540,.F.);
#5869=ADVANCED_FACE('',(#516),#5541,.F.);
#5870=ADVANCED_FACE('',(#517),#5542,.F.);
#5871=ADVANCED_FACE('',(#518),#5543,.F.);
#5872=ADVANCED_FACE('',(#519),#5544,.F.);
#5873=ADVANCED_FACE('',(#520),#5545,.F.);
#5874=ADVANCED_FACE('',(#521),#5546,.F.);
#5875=ADVANCED_FACE('',(#522),#5547,.F.);
#5876=ADVANCED_FACE('',(#523),#5548,.F.);
#5877=ADVANCED_FACE('',(#524),#5549,.F.);
#5878=ADVANCED_FACE('',(#525),#5550,.F.);
#5879=ADVANCED_FACE('',(#526),#5551,.F.);
#5880=ADVANCED_FACE('',(#527),#5552,.F.);
#5881=ADVANCED_FACE('',(#528),#5553,.F.);
#5882=ADVANCED_FACE('',(#529),#5554,.F.);
#5883=ADVANCED_FACE('',(#530),#5555,.F.);
#5884=ADVANCED_FACE('',(#531),#5556,.F.);
#5885=ADVANCED_FACE('',(#532),#5557,.F.);
#5886=ADVANCED_FACE('',(#533),#5558,.F.);
#5887=ADVANCED_FACE('',(#534),#5559,.F.);
#5888=ADVANCED_FACE('',(#535),#5560,.F.);
#5889=ADVANCED_FACE('',(#536),#5561,.F.);
#5890=ADVANCED_FACE('',(#537),#5562,.F.);
#5891=ADVANCED_FACE('',(#538),#5563,.F.);
#5892=ADVANCED_FACE('',(#539),#5564,.F.);
#5893=ADVANCED_FACE('',(#540),#5565,.F.);
#5894=ADVANCED_FACE('',(#541),#5566,.F.);
#5895=ADVANCED_FACE('',(#542),#5567,.F.);
#5896=ADVANCED_FACE('',(#543),#5568,.F.);
#5897=ADVANCED_FACE('',(#544),#5569,.F.);
#5898=ADVANCED_FACE('',(#545),#5570,.F.);
#5899=ADVANCED_FACE('',(#546),#5571,.F.);
#5900=ADVANCED_FACE('',(#547),#5572,.F.);
#5901=ADVANCED_FACE('',(#548),#5573,.F.);
#5902=ADVANCED_FACE('',(#549),#5574,.F.);
#5903=ADVANCED_FACE('',(#550),#5575,.F.);
#5904=ADVANCED_FACE('',(#551),#5576,.F.);
#5905=ADVANCED_FACE('',(#552),#5577,.F.);
#5906=ADVANCED_FACE('',(#553),#5578,.F.);
#5907=ADVANCED_FACE('',(#554),#5579,.F.);
#5908=ADVANCED_FACE('',(#555),#5580,.F.);
#5909=ADVANCED_FACE('',(#556),#5581,.F.);
#5910=ADVANCED_FACE('',(#557),#5582,.F.);
#5911=ADVANCED_FACE('',(#558),#5583,.F.);
#5912=ADVANCED_FACE('',(#559),#5584,.F.);
#5913=ADVANCED_FACE('',(#560),#5585,.F.);
#5914=ADVANCED_FACE('',(#561),#5586,.F.);
#5915=ADVANCED_FACE('',(#562),#5587,.F.);
#5916=ADVANCED_FACE('',(#563),#5588,.F.);
#5917=ADVANCED_FACE('',(#564),#5589,.F.);
#5918=ADVANCED_FACE('',(#565),#5590,.F.);
#5919=ADVANCED_FACE('',(#566),#5591,.F.);
#5920=ADVANCED_FACE('',(#567),#5592,.F.);
#5921=ADVANCED_FACE('',(#568),#5593,.F.);
#5922=ADVANCED_FACE('',(#569),#5594,.F.);
#5923=ADVANCED_FACE('',(#570),#5595,.F.);
#5924=ADVANCED_FACE('',(#571),#5596,.F.);
#5925=ADVANCED_FACE('',(#572),#5597,.F.);
#5926=ADVANCED_FACE('',(#573),#5598,.F.);
#5927=ADVANCED_FACE('',(#574),#5599,.F.);
#5928=ADVANCED_FACE('',(#575),#5600,.F.);
#5929=ADVANCED_FACE('',(#576),#5601,.F.);
#5930=ADVANCED_FACE('',(#577),#5602,.F.);
#5931=ADVANCED_FACE('',(#578),#5603,.F.);
#5932=ADVANCED_FACE('',(#579),#5604,.F.);
#5933=ADVANCED_FACE('',(#580),#5605,.F.);
#5934=ADVANCED_FACE('',(#581),#5606,.F.);
#5935=ADVANCED_FACE('',(#582),#5607,.F.);
#5936=ADVANCED_FACE('',(#583),#5608,.F.);
#5937=ADVANCED_FACE('',(#584),#5609,.F.);
#5938=ADVANCED_FACE('',(#585),#5610,.F.);
#5939=ADVANCED_FACE('',(#586),#5611,.F.);
#5940=ADVANCED_FACE('',(#587),#5612,.F.);
#5941=ADVANCED_FACE('',(#588),#5613,.F.);
#5942=ADVANCED_FACE('',(#589),#5614,.F.);
#5943=ADVANCED_FACE('',(#590),#5615,.F.);
#5944=ADVANCED_FACE('',(#591),#5616,.F.);
#5945=ADVANCED_FACE('',(#592),#5617,.T.);
#5946=ADVANCED_FACE('',(#593),#70,.T.);
#5947=ADVANCED_FACE('',(#594),#5618,.F.);
#5948=CLOSED_SHELL('',(#5619,#5620,#5621,#5622,#5623,#5624,#5625,#5626,
#5627,#5628,#5629,#5630,#5631,#5632,#5633,#5634,#5635,#5636,#5637,#5638,
#5639,#5640,#5641,#5642,#5643,#5644,#5645,#5646,#5647,#5648,#5649,#5650,
#5651,#5652,#5653,#5654,#5655,#5656,#5657,#5658,#5659,#5660,#5661,#5662,
#5663,#5664,#5665,#5666,#5667,#5668,#5669,#5670,#5671,#5672,#5673,#5674,
#5675,#5676,#5677,#5678,#5679,#5680,#5681,#5682,#5683,#5684,#5685,#5686,
#5687,#5688,#5689,#5690,#5691,#5692,#5693,#5694,#5695,#5696,#5697,#5698,
#5699,#5700,#5701,#5702,#5703,#5704,#5705,#5706,#5707,#5708,#5709,#5710,
#5711,#5712,#5713,#5714,#5715,#5716,#5717,#5718,#5719,#5720,#5721,#5722,
#5723,#5724,#5725,#5726,#5727,#5728,#5729,#5730,#5731,#5732,#5733,#5734,
#5735,#5736,#5737,#5738,#5739,#5740,#5741,#5742,#5743,#5744,#5745,#5746,
#5747,#5748,#5749,#5750,#5751,#5752,#5753,#5754,#5755,#5756,#5757,#5758,
#5759,#5760,#5761,#5762,#5763,#5764,#5765,#5766,#5767,#5768,#5769,#5770,
#5771,#5772,#5773,#5774,#5775,#5776,#5777,#5778,#5779,#5780,#5781,#5782,
#5783,#5784,#5785,#5786,#5787,#5788,#5789,#5790,#5791,#5792,#5793,#5794,
#5795,#5796,#5797,#5798,#5799,#5800,#5801,#5802,#5803,#5804,#5805,#5806,
#5807,#5808,#5809,#5810,#5811,#5812,#5813,#5814,#5815,#5816,#5817,#5818,
#5819,#5820,#5821,#5822,#5823,#5824,#5825,#5826,#5827,#5828,#5829,#5830,
#5831,#5832,#5833,#5834,#5835,#5836,#5837,#5838,#5839,#5840,#5841,#5842,
#5843,#5844,#5845,#5846,#5847,#5848,#5849,#5850,#5851,#5852,#5853,#5854,
#5855,#5856,#5857,#5858,#5859,#5860,#5861,#5862,#5863,#5864,#5865,#5866,
#5867,#5868,#5869,#5870,#5871,#5872,#5873,#5874,#5875,#5876,#5877,#5878,
#5879,#5880,#5881,#5882,#5883,#5884,#5885,#5886,#5887,#5888,#5889,#5890,
#5891,#5892,#5893,#5894,#5895,#5896,#5897,#5898,#5899,#5900,#5901,#5902,
#5903,#5904,#5905,#5906,#5907,#5908,#5909,#5910,#5911,#5912,#5913,#5914,
#5915,#5916,#5917,#5918,#5919,#5920,#5921,#5922,#5923,#5924,#5925,#5926,
#5927,#5928,#5929,#5930,#5931,#5932,#5933,#5934,#5935,#5936,#5937,#5938,
#5939,#5940,#5941,#5942,#5943,#5944));
#5949=CLOSED_SHELL('',(#5945,#5946,#5947));
#5950=DERIVED_UNIT_ELEMENT(#5952,1.);
#5951=DERIVED_UNIT_ELEMENT(#9752,-3.);
#5952=(
MASS_UNIT()
NAMED_UNIT(*)
SI_UNIT(.KILO.,.GRAM.)
);
#5953=DERIVED_UNIT((#5950,#5951));
#5954=MEASURE_REPRESENTATION_ITEM('density measure',
POSITIVE_RATIO_MEASURE(7850.),#5953);
#5955=PROPERTY_DEFINITION_REPRESENTATION(#5960,#5957);
#5956=PROPERTY_DEFINITION_REPRESENTATION(#5961,#5958);
#5957=REPRESENTATION('material name',(#5959),#9749);
#5958=REPRESENTATION('density',(#5954),#9749);
#5959=DESCRIPTIVE_REPRESENTATION_ITEM('\X2\94A2\X0\','\X2\94A2\X0\');
#5960=PROPERTY_DEFINITION('material property','material name',#9759);
#5961=PROPERTY_DEFINITION('material property','density of part',#9759);
#5962=AXIS2_PLACEMENT_3D('',#8019,#6417,#6418);
#5963=AXIS2_PLACEMENT_3D('',#8020,#6419,#6420);
#5964=AXIS2_PLACEMENT_3D('',#8029,#6425,#6426);
#5965=AXIS2_PLACEMENT_3D('',#8046,#6435,#6436);
#5966=AXIS2_PLACEMENT_3D('',#8053,#6439,#6440);
#5967=AXIS2_PLACEMENT_3D('',#8057,#6442,#6443);
#5968=AXIS2_PLACEMENT_3D('',#8061,#6445,#6446);
#5969=AXIS2_PLACEMENT_3D('',#8069,#6450,#6451);
#5970=AXIS2_PLACEMENT_3D('',#8077,#6455,#6456);
#5971=AXIS2_PLACEMENT_3D('',#8085,#6460,#6461);
#5972=AXIS2_PLACEMENT_3D('',#8089,#6463,#6464);
#5973=AXIS2_PLACEMENT_3D('',#8093,#6466,#6467);
#5974=AXIS2_PLACEMENT_3D('',#8097,#6469,#6470);
#5975=AXIS2_PLACEMENT_3D('',#8101,#6472,#6473);
#5976=AXIS2_PLACEMENT_3D('',#8104,#6475,#6476);
#5977=AXIS2_PLACEMENT_3D('',#8107,#6477,#6478);
#5978=AXIS2_PLACEMENT_3D('',#8111,#6480,#6481);
#5979=AXIS2_PLACEMENT_3D('',#8115,#6483,#6484);
#5980=AXIS2_PLACEMENT_3D('',#8119,#6486,#6487);
#5981=AXIS2_PLACEMENT_3D('',#8123,#6489,#6490);
#5982=AXIS2_PLACEMENT_3D('',#8127,#6492,#6493);
#5983=AXIS2_PLACEMENT_3D('',#8131,#6495,#6496);
#5984=AXIS2_PLACEMENT_3D('',#8134,#6498,#6499);
#5985=AXIS2_PLACEMENT_3D('',#8354,#6610,#6611);
#5986=AXIS2_PLACEMENT_3D('',#8363,#6612,#6613);
#5987=AXIS2_PLACEMENT_3D('',#8365,#6615,#6616);
#5988=AXIS2_PLACEMENT_3D('',#8369,#6619,#6620);
#5989=AXIS2_PLACEMENT_3D('',#8371,#6621,#6622);
#5990=AXIS2_PLACEMENT_3D('',#8373,#6624,#6625);
#5991=AXIS2_PLACEMENT_3D('',#8377,#6628,#6629);
#5992=AXIS2_PLACEMENT_3D('',#8379,#6630,#6631);
#5993=AXIS2_PLACEMENT_3D('',#8381,#6633,#6634);
#5994=AXIS2_PLACEMENT_3D('',#8385,#6637,#6638);
#5995=AXIS2_PLACEMENT_3D('',#8387,#6639,#6640);
#5996=AXIS2_PLACEMENT_3D('',#8389,#6642,#6643);
#5997=AXIS2_PLACEMENT_3D('',#8393,#6646,#6647);
#5998=AXIS2_PLACEMENT_3D('',#8394,#6648,#6649);
#5999=AXIS2_PLACEMENT_3D('',#8395,#6650,#6651);
#6000=AXIS2_PLACEMENT_3D('',#8399,#6653,#6654);
#6001=AXIS2_PLACEMENT_3D('',#8401,#6656,#6657);
#6002=AXIS2_PLACEMENT_3D('',#8403,#6658,#6659);
#6003=AXIS2_PLACEMENT_3D('',#8405,#6661,#6662);
#6004=AXIS2_PLACEMENT_3D('',#8409,#6665,#6666);
#6005=AXIS2_PLACEMENT_3D('',#8411,#6667,#6668);
#6006=AXIS2_PLACEMENT_3D('',#8413,#6670,#6671);
#6007=AXIS2_PLACEMENT_3D('',#8417,#6674,#6675);
#6008=AXIS2_PLACEMENT_3D('',#8419,#6676,#6677);
#6009=AXIS2_PLACEMENT_3D('',#8421,#6679,#6680);
#6010=AXIS2_PLACEMENT_3D('',#8425,#6683,#6684);
#6011=AXIS2_PLACEMENT_3D('',#8427,#6685,#6686);
#6012=AXIS2_PLACEMENT_3D('',#8429,#6688,#6689);
#6013=AXIS2_PLACEMENT_3D('',#8431,#6691,#6692);
#6014=AXIS2_PLACEMENT_3D('',#8432,#6693,#6694);
#6015=AXIS2_PLACEMENT_3D('',#8436,#6696,#6697);
#6016=AXIS2_PLACEMENT_3D('',#8438,#6699,#6700);
#6017=AXIS2_PLACEMENT_3D('',#8442,#6703,#6704);
#6018=AXIS2_PLACEMENT_3D('',#8444,#6705,#6706);
#6019=AXIS2_PLACEMENT_3D('',#8446,#6708,#6709);
#6020=AXIS2_PLACEMENT_3D('',#8450,#6712,#6713);
#6021=AXIS2_PLACEMENT_3D('',#8452,#6714,#6715);
#6022=AXIS2_PLACEMENT_3D('',#8454,#6717,#6718);
#6023=AXIS2_PLACEMENT_3D('',#8458,#6721,#6722);
#6024=AXIS2_PLACEMENT_3D('',#8460,#6723,#6724);
#6025=AXIS2_PLACEMENT_3D('',#8462,#6726,#6727);
#6026=AXIS2_PLACEMENT_3D('',#8464,#6729,#6730);
#6027=AXIS2_PLACEMENT_3D('',#8470,#6734,#6735);
#6028=AXIS2_PLACEMENT_3D('',#8472,#6736,#6737);
#6029=AXIS2_PLACEMENT_3D('',#8474,#6739,#6740);
#6030=AXIS2_PLACEMENT_3D('',#8478,#6743,#6744);
#6031=AXIS2_PLACEMENT_3D('',#8480,#6745,#6746);
#6032=AXIS2_PLACEMENT_3D('',#8482,#6748,#6749);
#6033=AXIS2_PLACEMENT_3D('',#8486,#6752,#6753);
#6034=AXIS2_PLACEMENT_3D('',#8488,#6754,#6755);
#6035=AXIS2_PLACEMENT_3D('',#8490,#6757,#6758);
#6036=AXIS2_PLACEMENT_3D('',#8494,#6761,#6762);
#6037=AXIS2_PLACEMENT_3D('',#8495,#6763,#6764);
#6038=AXIS2_PLACEMENT_3D('',#8496,#6765,#6766);
#6039=AXIS2_PLACEMENT_3D('',#8505,#6770,#6771);
#6040=AXIS2_PLACEMENT_3D('',#8509,#6773,#6774);
#6041=AXIS2_PLACEMENT_3D('',#8512,#6776,#6777);
#6042=AXIS2_PLACEMENT_3D('',#8515,#6778,#6779);
#6043=AXIS2_PLACEMENT_3D('',#8519,#6781,#6782);
#6044=AXIS2_PLACEMENT_3D('',#8523,#6784,#6785);
#6045=AXIS2_PLACEMENT_3D('',#8527,#6787,#6788);
#6046=AXIS2_PLACEMENT_3D('',#8533,#6791,#6792);
#6047=AXIS2_PLACEMENT_3D('',#8535,#6793,#6794);
#6048=AXIS2_PLACEMENT_3D('',#8537,#6795,#6796);
#6049=AXIS2_PLACEMENT_3D('',#8545,#6800,#6801);
#6050=AXIS2_PLACEMENT_3D('',#8549,#6803,#6804);
#6051=AXIS2_PLACEMENT_3D('',#8553,#6806,#6807);
#6052=AXIS2_PLACEMENT_3D('',#8556,#6809,#6810);
#6053=AXIS2_PLACEMENT_3D('',#8559,#6811,#6812);
#6054=AXIS2_PLACEMENT_3D('',#8563,#6814,#6815);
#6055=AXIS2_PLACEMENT_3D('',#8567,#6817,#6818);
#6056=AXIS2_PLACEMENT_3D('',#8571,#6820,#6821);
#6057=AXIS2_PLACEMENT_3D('',#8574,#6823,#6824);
#6058=AXIS2_PLACEMENT_3D('',#8576,#6825,#6826);
#6059=AXIS2_PLACEMENT_3D('',#8578,#6827,#6828);
#6060=AXIS2_PLACEMENT_3D('',#8611,#6845,#6846);
#6061=AXIS2_PLACEMENT_3D('',#8632,#6857,#6858);
#6062=AXIS2_PLACEMENT_3D('',#8635,#6859,#6860);
#6063=AXIS2_PLACEMENT_3D('',#8638,#6863,#6864);
#6064=AXIS2_PLACEMENT_3D('',#8641,#6867,#6868);
#6065=AXIS2_PLACEMENT_3D('',#8645,#6871,#6872);
#6066=AXIS2_PLACEMENT_3D('',#8647,#6873,#6874);
#6067=AXIS2_PLACEMENT_3D('',#8649,#6876,#6877);
#6068=AXIS2_PLACEMENT_3D('',#8653,#6880,#6881);
#6069=AXIS2_PLACEMENT_3D('',#8655,#6882,#6883);
#6070=AXIS2_PLACEMENT_3D('',#8657,#6885,#6886);
#6071=AXIS2_PLACEMENT_3D('',#8659,#6888,#6889);
#6072=AXIS2_PLACEMENT_3D('',#8661,#6891,#6892);
#6073=AXIS2_PLACEMENT_3D('',#8663,#6894,#6895);
#6074=AXIS2_PLACEMENT_3D('',#8665,#6897,#6898);
#6075=AXIS2_PLACEMENT_3D('',#8667,#6900,#6901);
#6076=AXIS2_PLACEMENT_3D('',#8668,#6902,#6903);
#6077=AXIS2_PLACEMENT_3D('',#8676,#6908,#6909);
#6078=AXIS2_PLACEMENT_3D('',#8682,#6913,#6914);
#6079=AXIS2_PLACEMENT_3D('',#8688,#6918,#6919);
#6080=AXIS2_PLACEMENT_3D('',#8693,#6923,#6924);
#6081=AXIS2_PLACEMENT_3D('',#8697,#6927,#6928);
#6082=AXIS2_PLACEMENT_3D('',#8727,#6944,#6945);
#6083=AXIS2_PLACEMENT_3D('',#8731,#6948,#6949);
#6084=AXIS2_PLACEMENT_3D('',#8737,#6953,#6954);
#6085=AXIS2_PLACEMENT_3D('',#8743,#6958,#6959);
#6086=AXIS2_PLACEMENT_3D('',#8745,#6960,#6961);
#6087=AXIS2_PLACEMENT_3D('',#8747,#6962,#6963);
#6088=AXIS2_PLACEMENT_3D('',#8749,#6965,#6966);
#6089=AXIS2_PLACEMENT_3D('',#8751,#6968,#6969);
#6090=AXIS2_PLACEMENT_3D('',#8755,#6972,#6973);
#6091=AXIS2_PLACEMENT_3D('',#8757,#6974,#6975);
#6092=AXIS2_PLACEMENT_3D('',#8759,#6977,#6978);
#6093=AXIS2_PLACEMENT_3D('',#8763,#6981,#6982);
#6094=AXIS2_PLACEMENT_3D('',#8769,#6986,#6987);
#6095=AXIS2_PLACEMENT_3D('',#8770,#6988,#6989);
#6096=AXIS2_PLACEMENT_3D('',#8771,#6990,#6991);
#6097=AXIS2_PLACEMENT_3D('',#8772,#6992,#6993);
#6098=AXIS2_PLACEMENT_3D('',#8773,#6994,#6995);
#6099=AXIS2_PLACEMENT_3D('',#8775,#6997,#6998);
#6100=AXIS2_PLACEMENT_3D('',#8777,#7000,#7001);
#6101=AXIS2_PLACEMENT_3D('',#8779,#7002,#7003);
#6102=AXIS2_PLACEMENT_3D('',#8781,#7005,#7006);
#6103=AXIS2_PLACEMENT_3D('',#8784,#7009,#7010);
#6104=AXIS2_PLACEMENT_3D('',#8786,#7012,#7013);
#6105=AXIS2_PLACEMENT_3D('',#8787,#7014,#7015);
#6106=AXIS2_PLACEMENT_3D('',#8789,#7017,#7018);
#6107=AXIS2_PLACEMENT_3D('',#8792,#7021,#7022);
#6108=AXIS2_PLACEMENT_3D('',#8794,#7024,#7025);
#6109=AXIS2_PLACEMENT_3D('',#8798,#7028,#7029);
#6110=AXIS2_PLACEMENT_3D('',#8800,#7030,#7031);
#6111=AXIS2_PLACEMENT_3D('',#8802,#7033,#7034);
#6112=AXIS2_PLACEMENT_3D('',#8805,#7037,#7038);
#6113=AXIS2_PLACEMENT_3D('',#8809,#7041,#7042);
#6114=AXIS2_PLACEMENT_3D('',#8812,#7044,#7045);
#6115=AXIS2_PLACEMENT_3D('',#8814,#7046,#7047);
#6116=AXIS2_PLACEMENT_3D('',#8815,#7048,#7049);
#6117=AXIS2_PLACEMENT_3D('',#8820,#7052,#7053);
#6118=AXIS2_PLACEMENT_3D('',#8822,#7054,#7055);
#6119=AXIS2_PLACEMENT_3D('',#8823,#7056,#7057);
#6120=AXIS2_PLACEMENT_3D('',#8826,#7058,#7059);
#6121=AXIS2_PLACEMENT_3D('',#8830,#7062,#7063);
#6122=AXIS2_PLACEMENT_3D('',#8831,#7064,#7065);
#6123=AXIS2_PLACEMENT_3D('',#8835,#7067,#7068);
#6124=AXIS2_PLACEMENT_3D('',#8836,#7069,#7070);
#6125=AXIS2_PLACEMENT_3D('',#8837,#7071,#7072);
#6126=AXIS2_PLACEMENT_3D('',#8839,#7074,#7075);
#6127=AXIS2_PLACEMENT_3D('',#8843,#7077,#7078);
#6128=AXIS2_PLACEMENT_3D('',#8844,#7079,#7080);
#6129=AXIS2_PLACEMENT_3D('',#8845,#7081,#7082);
#6130=AXIS2_PLACEMENT_3D('',#8847,#7084,#7085);
#6131=AXIS2_PLACEMENT_3D('',#8849,#7087,#7088);
#6132=AXIS2_PLACEMENT_3D('',#8850,#7089,#7090);
#6133=AXIS2_PLACEMENT_3D('',#8854,#7093,#7094);
#6134=AXIS2_PLACEMENT_3D('',#8857,#7097,#7098);
#6135=AXIS2_PLACEMENT_3D('',#8859,#7099,#7100);
#6136=AXIS2_PLACEMENT_3D('',#8861,#7102,#7103);
#6137=AXIS2_PLACEMENT_3D('',#8864,#7106,#7107);
#6138=AXIS2_PLACEMENT_3D('',#8866,#7109,#7110);
#6139=AXIS2_PLACEMENT_3D('',#8867,#7111,#7112);
#6140=AXIS2_PLACEMENT_3D('',#8869,#7114,#7115);
#6141=AXIS2_PLACEMENT_3D('',#8873,#7118,#7119);
#6142=AXIS2_PLACEMENT_3D('',#8875,#7120,#7121);
#6143=AXIS2_PLACEMENT_3D('',#8877,#7123,#7124);
#6144=AXIS2_PLACEMENT_3D('',#8879,#7126,#7127);
#6145=AXIS2_PLACEMENT_3D('',#8881,#7129,#7130);
#6146=AXIS2_PLACEMENT_3D('',#8883,#7132,#7133);
#6147=AXIS2_PLACEMENT_3D('',#8884,#7134,#7135);
#6148=AXIS2_PLACEMENT_3D('',#8885,#7136,#7137);
#6149=AXIS2_PLACEMENT_3D('',#8889,#7139,#7140);
#6150=AXIS2_PLACEMENT_3D('',#8890,#7141,#7142);
#6151=AXIS2_PLACEMENT_3D('',#8891,#7143,#7144);
#6152=AXIS2_PLACEMENT_3D('',#8893,#7146,#7147);
#6153=AXIS2_PLACEMENT_3D('',#8894,#7148,#7149);
#6154=AXIS2_PLACEMENT_3D('',#8898,#7151,#7152);
#6155=AXIS2_PLACEMENT_3D('',#8900,#7154,#7155);
#6156=AXIS2_PLACEMENT_3D('',#8910,#7158,#7159);
#6157=AXIS2_PLACEMENT_3D('',#8918,#7160,#7161);
#6158=AXIS2_PLACEMENT_3D('',#8930,#7162,#7163);
#6159=AXIS2_PLACEMENT_3D('',#8934,#7166,#7167);
#6160=AXIS2_PLACEMENT_3D('',#8938,#7170,#7171);
#6161=AXIS2_PLACEMENT_3D('',#8942,#7174,#7175);
#6162=AXIS2_PLACEMENT_3D('',#8946,#7177,#7178);
#6163=AXIS2_PLACEMENT_3D('',#8947,#7179,#7180);
#6164=AXIS2_PLACEMENT_3D('',#8948,#7181,#7182);
#6165=AXIS2_PLACEMENT_3D('',#8950,#7183,#7184);
#6166=AXIS2_PLACEMENT_3D('',#8953,#7186,#7187);
#6167=AXIS2_PLACEMENT_3D('',#8954,#7188,#7189);
#6168=AXIS2_PLACEMENT_3D('',#8957,#7191,#7192);
#6169=AXIS2_PLACEMENT_3D('',#8959,#7193,#7194);
#6170=AXIS2_PLACEMENT_3D('',#8960,#7195,#7196);
#6171=AXIS2_PLACEMENT_3D('',#8962,#7197,#7198);
#6172=AXIS2_PLACEMENT_3D('',#8964,#7200,#7201);
#6173=AXIS2_PLACEMENT_3D('',#8966,#7202,#7203);
#6174=AXIS2_PLACEMENT_3D('',#8967,#7204,#7205);
#6175=AXIS2_PLACEMENT_3D('',#8970,#7206,#7207);
#6176=AXIS2_PLACEMENT_3D('',#8972,#7209,#7210);
#6177=AXIS2_PLACEMENT_3D('',#8973,#7211,#7212);
#6178=AXIS2_PLACEMENT_3D('',#8976,#7214,#7215);
#6179=AXIS2_PLACEMENT_3D('',#8977,#7216,#7217);
#6180=AXIS2_PLACEMENT_3D('',#8978,#7218,#7219);
#6181=AXIS2_PLACEMENT_3D('',#8981,#7221,#7222);
#6182=AXIS2_PLACEMENT_3D('',#8982,#7223,#7224);
#6183=AXIS2_PLACEMENT_3D('',#8985,#7227,#7228);
#6184=AXIS2_PLACEMENT_3D('',#8987,#7230,#7231);
#6185=AXIS2_PLACEMENT_3D('',#8988,#7232,#7233);
#6186=AXIS2_PLACEMENT_3D('',#8990,#7235,#7236);
#6187=AXIS2_PLACEMENT_3D('',#8991,#7237,#7238);
#6188=AXIS2_PLACEMENT_3D('',#8998,#7240,#7241);
#6189=AXIS2_PLACEMENT_3D('',#8999,#7242,#7243);
#6190=AXIS2_PLACEMENT_3D('',#9005,#7247,#7248);
#6191=AXIS2_PLACEMENT_3D('',#9007,#7249,#7250);
#6192=AXIS2_PLACEMENT_3D('',#9009,#7251,#7252);
#6193=AXIS2_PLACEMENT_3D('',#9011,#7254,#7255);
#6194=AXIS2_PLACEMENT_3D('',#9012,#7256,#7257);
#6195=AXIS2_PLACEMENT_3D('',#9013,#7258,#7259);
#6196=AXIS2_PLACEMENT_3D('',#9019,#7261,#7262);
#6197=AXIS2_PLACEMENT_3D('',#9023,#7265,#7266);
#6198=AXIS2_PLACEMENT_3D('',#9025,#7267,#7268);
#6199=AXIS2_PLACEMENT_3D('',#9027,#7269,#7270);
#6200=AXIS2_PLACEMENT_3D('',#9029,#7272,#7273);
#6201=AXIS2_PLACEMENT_3D('',#9030,#7274,#7275);
#6202=AXIS2_PLACEMENT_3D('',#9031,#7276,#7277);
#6203=AXIS2_PLACEMENT_3D('',#9037,#7279,#7280);
#6204=AXIS2_PLACEMENT_3D('',#9039,#7281,#7282);
#6205=AXIS2_PLACEMENT_3D('',#9040,#7283,#7284);
#6206=AXIS2_PLACEMENT_3D('',#9041,#7285,#7286);
#6207=AXIS2_PLACEMENT_3D('',#9045,#7288,#7289);
#6208=AXIS2_PLACEMENT_3D('',#9047,#7291,#7292);
#6209=AXIS2_PLACEMENT_3D('',#9053,#7296,#7297);
#6210=AXIS2_PLACEMENT_3D('',#9057,#7298,#7299);
#6211=AXIS2_PLACEMENT_3D('',#9058,#7300,#7301);
#6212=AXIS2_PLACEMENT_3D('',#9059,#7302,#7303);
#6213=AXIS2_PLACEMENT_3D('',#9060,#7304,#7305);
#6214=AXIS2_PLACEMENT_3D('',#9061,#7306,#7307);
#6215=AXIS2_PLACEMENT_3D('',#9063,#7309,#7310);
#6216=AXIS2_PLACEMENT_3D('',#9068,#7312,#7313);
#6217=AXIS2_PLACEMENT_3D('',#9072,#7315,#7316);
#6218=AXIS2_PLACEMENT_3D('',#9076,#7318,#7319);
#6219=AXIS2_PLACEMENT_3D('',#9079,#7321,#7322);
#6220=AXIS2_PLACEMENT_3D('',#9080,#7323,#7324);
#6221=AXIS2_PLACEMENT_3D('',#9081,#7325,#7326);
#6222=AXIS2_PLACEMENT_3D('',#9087,#7330,#7331);
#6223=AXIS2_PLACEMENT_3D('',#9088,#7332,#7333);
#6224=AXIS2_PLACEMENT_3D('',#9092,#7334,#7335);
#6225=AXIS2_PLACEMENT_3D('',#9094,#7336,#7337);
#6226=AXIS2_PLACEMENT_3D('',#9095,#7338,#7339);
#6227=AXIS2_PLACEMENT_3D('',#9096,#7340,#7341);
#6228=AXIS2_PLACEMENT_3D('',#9098,#7343,#7344);
#6229=AXIS2_PLACEMENT_3D('',#9102,#7347,#7348);
#6230=AXIS2_PLACEMENT_3D('',#9106,#7349,#7350);
#6231=AXIS2_PLACEMENT_3D('',#9108,#7351,#7352);
#6232=AXIS2_PLACEMENT_3D('',#9109,#7353,#7354);
#6233=AXIS2_PLACEMENT_3D('',#9110,#7355,#7356);
#6234=AXIS2_PLACEMENT_3D('',#9112,#7358,#7359);
#6235=AXIS2_PLACEMENT_3D('',#9116,#7362,#7363);
#6236=AXIS2_PLACEMENT_3D('',#9120,#7364,#7365);
#6237=AXIS2_PLACEMENT_3D('',#9122,#7366,#7367);
#6238=AXIS2_PLACEMENT_3D('',#9123,#7368,#7369);
#6239=AXIS2_PLACEMENT_3D('',#9124,#7370,#7371);
#6240=AXIS2_PLACEMENT_3D('',#9126,#7373,#7374);
#6241=AXIS2_PLACEMENT_3D('',#9130,#7377,#7378);
#6242=AXIS2_PLACEMENT_3D('',#9134,#7379,#7380);
#6243=AXIS2_PLACEMENT_3D('',#9135,#7381,#7382);
#6244=AXIS2_PLACEMENT_3D('',#9136,#7383,#7384);
#6245=AXIS2_PLACEMENT_3D('',#9137,#7385,#7386);
#6246=AXIS2_PLACEMENT_3D('',#9143,#7390,#7391);
#6247=AXIS2_PLACEMENT_3D('',#9147,#7394,#7395);
#6248=AXIS2_PLACEMENT_3D('',#9151,#7398,#7399);
#6249=AXIS2_PLACEMENT_3D('',#9155,#7402,#7403);
#6250=AXIS2_PLACEMENT_3D('',#9159,#7406,#7407);
#6251=AXIS2_PLACEMENT_3D('',#9163,#7410,#7411);
#6252=AXIS2_PLACEMENT_3D('',#9167,#7414,#7415);
#6253=AXIS2_PLACEMENT_3D('',#9171,#7418,#7419);
#6254=AXIS2_PLACEMENT_3D('',#9175,#7422,#7423);
#6255=AXIS2_PLACEMENT_3D('',#9177,#7425,#7426);
#6256=AXIS2_PLACEMENT_3D('',#9210,#7443,#7444);
#6257=AXIS2_PLACEMENT_3D('',#9213,#7447,#7448);
#6258=AXIS2_PLACEMENT_3D('',#9215,#7450,#7451);
#6259=AXIS2_PLACEMENT_3D('',#9217,#7453,#7454);
#6260=AXIS2_PLACEMENT_3D('',#9219,#7456,#7457);
#6261=AXIS2_PLACEMENT_3D('',#9221,#7459,#7460);
#6262=AXIS2_PLACEMENT_3D('',#9223,#7462,#7463);
#6263=AXIS2_PLACEMENT_3D('',#9225,#7465,#7466);
#6264=AXIS2_PLACEMENT_3D('',#9227,#7468,#7469);
#6265=AXIS2_PLACEMENT_3D('',#9229,#7471,#7472);
#6266=AXIS2_PLACEMENT_3D('',#9231,#7474,#7475);
#6267=AXIS2_PLACEMENT_3D('',#9233,#7477,#7478);
#6268=AXIS2_PLACEMENT_3D('',#9235,#7480,#7481);
#6269=AXIS2_PLACEMENT_3D('',#9237,#7483,#7484);
#6270=AXIS2_PLACEMENT_3D('',#9239,#7486,#7487);
#6271=AXIS2_PLACEMENT_3D('',#9241,#7489,#7490);
#6272=AXIS2_PLACEMENT_3D('',#9242,#7491,#7492);
#6273=AXIS2_PLACEMENT_3D('',#9244,#7493,#7494);
#6274=AXIS2_PLACEMENT_3D('',#9246,#7496,#7497);
#6275=AXIS2_PLACEMENT_3D('',#9248,#7498,#7499);
#6276=AXIS2_PLACEMENT_3D('',#9249,#7500,#7501);
#6277=AXIS2_PLACEMENT_3D('',#9251,#7502,#7503);
#6278=AXIS2_PLACEMENT_3D('',#9253,#7505,#7506);
#6279=AXIS2_PLACEMENT_3D('',#9254,#7507,#7508);
#6280=AXIS2_PLACEMENT_3D('',#9260,#7512,#7513);
#6281=AXIS2_PLACEMENT_3D('',#9264,#7516,#7517);
#6282=AXIS2_PLACEMENT_3D('',#9266,#7519,#7520);
#6283=AXIS2_PLACEMENT_3D('',#9267,#7521,#7522);
#6284=AXIS2_PLACEMENT_3D('',#9284,#7531,#7532);
#6285=AXIS2_PLACEMENT_3D('',#9323,#7552,#7553);
#6286=AXIS2_PLACEMENT_3D('',#9330,#7557,#7558);
#6287=AXIS2_PLACEMENT_3D('',#9363,#7575,#7576);
#6288=AXIS2_PLACEMENT_3D('',#9412,#7601,#7602);
#6289=AXIS2_PLACEMENT_3D('',#9442,#7618,#7619);
#6290=AXIS2_PLACEMENT_3D('',#9449,#7623,#7624);
#6291=AXIS2_PLACEMENT_3D('',#9458,#7629,#7630);
#6292=AXIS2_PLACEMENT_3D('',#9467,#7635,#7636);
#6293=AXIS2_PLACEMENT_3D('',#9476,#7641,#7642);
#6294=AXIS2_PLACEMENT_3D('',#9485,#7647,#7648);
#6295=AXIS2_PLACEMENT_3D('',#9494,#7653,#7654);
#6296=AXIS2_PLACEMENT_3D('',#9503,#7659,#7660);
#6297=AXIS2_PLACEMENT_3D('',#9510,#7664,#7665);
#6298=AXIS2_PLACEMENT_3D('',#9513,#7668,#7669);
#6299=AXIS2_PLACEMENT_3D('',#9515,#7671,#7672);
#6300=AXIS2_PLACEMENT_3D('',#9517,#7674,#7675);
#6301=AXIS2_PLACEMENT_3D('',#9519,#7677,#7678);
#6302=AXIS2_PLACEMENT_3D('',#9521,#7680,#7681);
#6303=AXIS2_PLACEMENT_3D('',#9523,#7683,#7684);
#6304=AXIS2_PLACEMENT_3D('',#9525,#7686,#7687);
#6305=AXIS2_PLACEMENT_3D('',#9526,#7688,#7689);
#6306=AXIS2_PLACEMENT_3D('',#9529,#7692,#7693);
#6307=AXIS2_PLACEMENT_3D('',#9531,#7695,#7696);
#6308=AXIS2_PLACEMENT_3D('',#9533,#7698,#7699);
#6309=AXIS2_PLACEMENT_3D('',#9535,#7701,#7702);
#6310=AXIS2_PLACEMENT_3D('',#9537,#7704,#7705);
#6311=AXIS2_PLACEMENT_3D('',#9539,#7707,#7708);
#6312=AXIS2_PLACEMENT_3D('',#9541,#7710,#7711);
#6313=AXIS2_PLACEMENT_3D('',#9543,#7713,#7714);
#6314=AXIS2_PLACEMENT_3D('',#9545,#7716,#7717);
#6315=AXIS2_PLACEMENT_3D('',#9547,#7719,#7720);
#6316=AXIS2_PLACEMENT_3D('',#9549,#7722,#7723);
#6317=AXIS2_PLACEMENT_3D('',#9551,#7725,#7726);
#6318=AXIS2_PLACEMENT_3D('',#9553,#7728,#7729);
#6319=AXIS2_PLACEMENT_3D('',#9555,#7731,#7732);
#6320=AXIS2_PLACEMENT_3D('',#9557,#7734,#7735);
#6321=AXIS2_PLACEMENT_3D('',#9559,#7737,#7738);
#6322=AXIS2_PLACEMENT_3D('',#9561,#7740,#7741);
#6323=AXIS2_PLACEMENT_3D('',#9563,#7743,#7744);
#6324=AXIS2_PLACEMENT_3D('',#9564,#7745,#7746);
#6325=AXIS2_PLACEMENT_3D('',#9567,#7749,#7750);
#6326=AXIS2_PLACEMENT_3D('',#9569,#7752,#7753);
#6327=AXIS2_PLACEMENT_3D('',#9570,#7754,#7755);
#6328=AXIS2_PLACEMENT_3D('',#9573,#7758,#7759);
#6329=AXIS2_PLACEMENT_3D('',#9575,#7761,#7762);
#6330=AXIS2_PLACEMENT_3D('',#9577,#7764,#7765);
#6331=AXIS2_PLACEMENT_3D('',#9579,#7767,#7768);
#6332=AXIS2_PLACEMENT_3D('',#9581,#7770,#7771);
#6333=AXIS2_PLACEMENT_3D('',#9583,#7773,#7774);
#6334=AXIS2_PLACEMENT_3D('',#9585,#7776,#7777);
#6335=AXIS2_PLACEMENT_3D('',#9586,#7778,#7779);
#6336=AXIS2_PLACEMENT_3D('',#9589,#7782,#7783);
#6337=AXIS2_PLACEMENT_3D('',#9591,#7785,#7786);
#6338=AXIS2_PLACEMENT_3D('',#9593,#7788,#7789);
#6339=AXIS2_PLACEMENT_3D('',#9595,#7791,#7792);
#6340=AXIS2_PLACEMENT_3D('',#9597,#7794,#7795);
#6341=AXIS2_PLACEMENT_3D('',#9599,#7797,#7798);
#6342=AXIS2_PLACEMENT_3D('',#9601,#7800,#7801);
#6343=AXIS2_PLACEMENT_3D('',#9602,#7802,#7803);
#6344=AXIS2_PLACEMENT_3D('',#9605,#7806,#7807);
#6345=AXIS2_PLACEMENT_3D('',#9607,#7809,#7810);
#6346=AXIS2_PLACEMENT_3D('',#9609,#7812,#7813);
#6347=AXIS2_PLACEMENT_3D('',#9611,#7815,#7816);
#6348=AXIS2_PLACEMENT_3D('',#9613,#7818,#7819);
#6349=AXIS2_PLACEMENT_3D('',#9615,#7821,#7822);
#6350=AXIS2_PLACEMENT_3D('',#9617,#7824,#7825);
#6351=AXIS2_PLACEMENT_3D('',#9619,#7827,#7828);
#6352=AXIS2_PLACEMENT_3D('',#9621,#7830,#7831);
#6353=AXIS2_PLACEMENT_3D('',#9623,#7833,#7834);
#6354=AXIS2_PLACEMENT_3D('',#9625,#7836,#7837);
#6355=AXIS2_PLACEMENT_3D('',#9627,#7839,#7840);
#6356=AXIS2_PLACEMENT_3D('',#9629,#7842,#7843);
#6357=AXIS2_PLACEMENT_3D('',#9631,#7845,#7846);
#6358=AXIS2_PLACEMENT_3D('',#9633,#7848,#7849);
#6359=AXIS2_PLACEMENT_3D('',#9635,#7851,#7852);
#6360=AXIS2_PLACEMENT_3D('',#9637,#7854,#7855);
#6361=AXIS2_PLACEMENT_3D('',#9639,#7857,#7858);
#6362=AXIS2_PLACEMENT_3D('',#9641,#7860,#7861);
#6363=AXIS2_PLACEMENT_3D('',#9643,#7863,#7864);
#6364=AXIS2_PLACEMENT_3D('',#9645,#7866,#7867);
#6365=AXIS2_PLACEMENT_3D('',#9647,#7869,#7870);
#6366=AXIS2_PLACEMENT_3D('',#9649,#7872,#7873);
#6367=AXIS2_PLACEMENT_3D('',#9650,#7874,#7875);
#6368=AXIS2_PLACEMENT_3D('',#9653,#7878,#7879);
#6369=AXIS2_PLACEMENT_3D('',#9655,#7881,#7882);
#6370=AXIS2_PLACEMENT_3D('',#9657,#7884,#7885);
#6371=AXIS2_PLACEMENT_3D('',#9659,#7887,#7888);
#6372=AXIS2_PLACEMENT_3D('',#9661,#7890,#7891);
#6373=AXIS2_PLACEMENT_3D('',#9662,#7892,#7893);
#6374=AXIS2_PLACEMENT_3D('',#9664,#7895,#7896);
#6375=AXIS2_PLACEMENT_3D('',#9666,#7898,#7899);
#6376=AXIS2_PLACEMENT_3D('',#9668,#7901,#7902);
#6377=AXIS2_PLACEMENT_3D('',#9670,#7904,#7905);
#6378=AXIS2_PLACEMENT_3D('',#9672,#7907,#7908);
#6379=AXIS2_PLACEMENT_3D('',#9674,#7910,#7911);
#6380=AXIS2_PLACEMENT_3D('',#9676,#7913,#7914);
#6381=AXIS2_PLACEMENT_3D('',#9678,#7916,#7917);
#6382=AXIS2_PLACEMENT_3D('',#9679,#7918,#7919);
#6383=AXIS2_PLACEMENT_3D('',#9682,#7922,#7923);
#6384=AXIS2_PLACEMENT_3D('',#9684,#7925,#7926);
#6385=AXIS2_PLACEMENT_3D('',#9685,#7927,#7928);
#6386=AXIS2_PLACEMENT_3D('',#9688,#7931,#7932);
#6387=AXIS2_PLACEMENT_3D('',#9690,#7934,#7935);
#6388=AXIS2_PLACEMENT_3D('',#9692,#7937,#7938);
#6389=AXIS2_PLACEMENT_3D('',#9693,#7939,#7940);
#6390=AXIS2_PLACEMENT_3D('',#9696,#7943,#7944);
#6391=AXIS2_PLACEMENT_3D('',#9698,#7946,#7947);
#6392=AXIS2_PLACEMENT_3D('',#9700,#7949,#7950);
#6393=AXIS2_PLACEMENT_3D('',#9701,#7951,#7952);
#6394=AXIS2_PLACEMENT_3D('',#9704,#7955,#7956);
#6395=AXIS2_PLACEMENT_3D('',#9706,#7958,#7959);
#6396=AXIS2_PLACEMENT_3D('',#9708,#7961,#7962);
#6397=AXIS2_PLACEMENT_3D('',#9709,#7963,#7964);
#6398=AXIS2_PLACEMENT_3D('',#9712,#7967,#7968);
#6399=AXIS2_PLACEMENT_3D('',#9714,#7970,#7971);
#6400=AXIS2_PLACEMENT_3D('',#9716,#7973,#7974);
#6401=AXIS2_PLACEMENT_3D('',#9717,#7975,#7976);
#6402=AXIS2_PLACEMENT_3D('',#9720,#7979,#7980);
#6403=AXIS2_PLACEMENT_3D('',#9722,#7982,#7983);
#6404=AXIS2_PLACEMENT_3D('',#9724,#7985,#7986);
#6405=AXIS2_PLACEMENT_3D('',#9725,#7987,#7988);
#6406=AXIS2_PLACEMENT_3D('',#9728,#7991,#7992);
#6407=AXIS2_PLACEMENT_3D('',#9730,#7994,#7995);
#6408=AXIS2_PLACEMENT_3D('',#9732,#7997,#7998);
#6409=AXIS2_PLACEMENT_3D('',#9733,#7999,#8000);
#6410=AXIS2_PLACEMENT_3D('',#9736,#8003,#8004);
#6411=AXIS2_PLACEMENT_3D('',#9738,#8006,#8007);
#6412=AXIS2_PLACEMENT_3D('',#9739,#8008,#8009);
#6413=AXIS2_PLACEMENT_3D('',#9741,#8010,#8011);
#6414=AXIS2_PLACEMENT_3D('',#9742,#8012,#8013);
#6415=AXIS2_PLACEMENT_3D('',#9745,#8015,#8016);
#6416=AXIS2_PLACEMENT_3D('',#9746,#8017,#8018);
#6417=DIRECTION('axis',(0.,0.,1.));
#6418=DIRECTION('refdir',(1.,0.,0.));
#6419=DIRECTION('center_axis',(-1.,0.,0.));
#6420=DIRECTION('ref_axis',(0.,1.,0.));
#6421=DIRECTION('',(0.,1.,0.));
#6422=DIRECTION('',(0.,0.,1.));
#6423=DIRECTION('',(0.,1.,0.));
#6424=DIRECTION('',(0.,0.,1.));
#6425=DIRECTION('center_axis',(0.,0.,1.));
#6426=DIRECTION('ref_axis',(1.,0.,0.));
#6427=DIRECTION('',(-0.707106781186398,-0.707106781186697,0.));
#6428=DIRECTION('',(-1.,0.,0.));
#6429=DIRECTION('',(-0.707106781186598,0.707106781186498,0.));
#6430=DIRECTION('',(0.,1.,0.));
#6431=DIRECTION('',(0.707106781186598,0.707106781186498,0.));
#6432=DIRECTION('',(1.,0.,0.));
#6433=DIRECTION('',(0.707106781186398,-0.707106781186697,0.));
#6434=DIRECTION('',(0.,-1.,0.));
#6435=DIRECTION('center_axis',(0.,0.,1.));
#6436=DIRECTION('ref_axis',(1.,0.,0.));
#6437=DIRECTION('',(-1.,0.,0.));
#6438=DIRECTION('',(-5.082463176789E-13,1.,5.114630665249E-13));
#6439=DIRECTION('center_axis',(0.,0.,1.));
#6440=DIRECTION('ref_axis',(1.,0.,0.));
#6441=DIRECTION('',(-0.145013956958593,0.989429609566649,-1.26940268041193E-11));
#6442=DIRECTION('center_axis',(0.,0.,-1.));
#6443=DIRECTION('ref_axis',(-0.989429609564816,-0.145013956971102,0.));
#6444=DIRECTION('',(0.429624278238807,-0.903007740580214,1.17729716361102E-12));
#6445=DIRECTION('center_axis',(0.,0.,-1.));
#6446=DIRECTION('ref_axis',(0.903007740580734,0.429624278237716,0.));
#6447=DIRECTION('',(2.112824933266E-13,-1.,2.112824933266E-13));
#6448=DIRECTION('',(-1.,0.,0.));
#6449=DIRECTION('',(-1.814883539235E-9,1.,1.814881847466E-9));
#6450=DIRECTION('center_axis',(0.,0.,1.));
#6451=DIRECTION('ref_axis',(1.,0.,0.));
#6452=DIRECTION('',(-2.240453766733E-9,-1.,-2.240452920849E-9));
#6453=DIRECTION('',(-1.,0.,0.));
#6454=DIRECTION('',(-1.814882270408E-9,1.,1.814880155698E-9));
#6455=DIRECTION('center_axis',(0.,0.,1.));
#6456=DIRECTION('ref_axis',(1.,0.,0.));
#6457=DIRECTION('',(-2.240456515857E-9,-1.,-2.240454612617E-9));
#6458=DIRECTION('',(-1.,0.,0.));
#6459=DIRECTION('',(-1.814879309813E-9,1.,1.814880155698E-9));
#6460=DIRECTION('center_axis',(0.,0.,1.));
#6461=DIRECTION('ref_axis',(1.,0.,0.));
#6462=DIRECTION('',(-2.240454612617E-9,-1.,-2.240456304386E-9));
#6463=DIRECTION('center_axis',(0.,0.,1.));
#6464=DIRECTION('ref_axis',(-0.968899346992839,-0.24745515835571,0.));
#6465=DIRECTION('',(0.866025403784424,-0.500000000000025,0.));
#6466=DIRECTION('center_axis',(0.,0.,1.));
#6467=DIRECTION('ref_axis',(-0.500000000000017,-0.866025403784429,0.));
#6468=DIRECTION('',(0.903007740792601,0.429624277792401,-4.93098325966701E-10));
#6469=DIRECTION('center_axis',(0.,0.,1.));
#6470=DIRECTION('ref_axis',(0.429624278237716,-0.903007740580734,0.));
#6471=DIRECTION('',(-0.42962427847021,0.90300774047012,2.57437183402006E-10));
#6472=DIRECTION('center_axis',(0.,0.,1.));
#6473=DIRECTION('ref_axis',(0.903007740580734,0.429624278237716,0.));
#6474=DIRECTION('',(-1.,0.,0.));
#6475=DIRECTION('center_axis',(0.,0.,1.));
#6476=DIRECTION('ref_axis',(0.,-1.,0.));
#6477=DIRECTION('center_axis',(0.,0.,1.));
#6478=DIRECTION('ref_axis',(0.903007740580734,0.429624278237716,0.));
#6479=DIRECTION('',(-0.903007740520084,-0.429624278365193,1.41137945317098E-10));
#6480=DIRECTION('center_axis',(0.,0.,1.));
#6481=DIRECTION('ref_axis',(-0.429624278237716,0.903007740580734,0.));
#6482=DIRECTION('',(0.866025403767182,-0.50000000002989,-3.45112929804093E-11));
#6483=DIRECTION('center_axis',(0.,0.,1.));
#6484=DIRECTION('ref_axis',(-0.500000000000017,-0.866025403784429,0.));
#6485=DIRECTION('',(1.,4.623533036083E-10,4.623538629322E-10));
#6486=DIRECTION('center_axis',(0.,0.,1.));
#6487=DIRECTION('ref_axis',(0.,-1.,0.));
#6488=DIRECTION('',(-0.429624277744011,0.903007740815624,-5.46746925497914E-10));
#6489=DIRECTION('center_axis',(0.,0.,1.));
#6490=DIRECTION('ref_axis',(0.500000000000017,0.866025403784429,0.));
#6491=DIRECTION('',(0.145013956689205,-0.989429609606131,-2.84938686691809E-10));
#6492=DIRECTION('center_axis',(0.,0.,1.));
#6493=DIRECTION('ref_axis',(-0.989429609564816,-0.145013956971102,0.));
#6494=DIRECTION('',(1.,1.404260740474E-10,1.404254888046E-10));
#6495=DIRECTION('center_axis',(0.,0.,1.));
#6496=DIRECTION('ref_axis',(0.,-1.,0.));
#6497=DIRECTION('',(-0.866025403900781,0.499999999798489,2.32700638935995E-10));
#6498=DIRECTION('center_axis',(0.,0.,-1.));
#6499=DIRECTION('ref_axis',(-1.,0.,0.));
#6500=DIRECTION('',(1.,0.,0.));
#6501=DIRECTION('',(-0.707106781186498,0.707106781186598,0.));
#6502=DIRECTION('',(0.,-1.,0.));
#6503=DIRECTION('',(0.,-1.,0.));
#6504=DIRECTION('',(0.707106781186498,-0.707106781186598,0.));
#6505=DIRECTION('',(1.,0.,0.));
#6506=DIRECTION('',(-0.707106781186597,0.707106781186498,0.));
#6507=DIRECTION('',(-1.,0.,0.));
#6508=DIRECTION('',(-0.707106781186598,0.707106781186498,0.));
#6509=DIRECTION('',(0.,1.,0.));
#6510=DIRECTION('',(-0.707106781186498,0.707106781186597,0.));
#6511=DIRECTION('',(0.,-1.,0.));
#6512=DIRECTION('',(-0.99999962176381,-0.000869754124051309,0.));
#6513=DIRECTION('',(-0.707106781186698,0.707106781186397,0.));
#6514=DIRECTION('',(0.,1.,0.));
#6515=DIRECTION('',(0.999999539519883,0.000959666620673483,0.));
#6516=DIRECTION('',(-0.707106781186598,0.707106781186498,0.));
#6517=DIRECTION('',(-0.999999434301881,-0.00106367096319998,0.));
#6518=DIRECTION('',(0.,1.,0.));
#6519=DIRECTION('',(0.707106781186598,0.707106781186498,0.));
#6520=DIRECTION('',(0.999999636890621,0.000852184619425318,0.));
#6521=DIRECTION('',(-0.707106781186598,0.707106781186498,0.));
#6522=DIRECTION('',(-0.999999628938438,-0.000861465603239233,0.));
#6523=DIRECTION('',(-0.707106781186598,-0.707106781186498,0.));
#6524=DIRECTION('',(0.,-1.,0.));
#6525=DIRECTION('',(0.707106781186498,-0.707106781186597,0.));
#6526=DIRECTION('',(0.999999628053958,0.000862491706949964,0.));
#6527=DIRECTION('',(0.707106781186598,0.707106781186498,0.));
#6528=DIRECTION('',(0.,1.,0.));
#6529=DIRECTION('',(-0.999999666792384,-0.000816342526704987,0.));
#6530=DIRECTION('',(1.,0.,0.));
#6531=DIRECTION('',(-0.707106781186598,0.707106781186498,0.));
#6532=DIRECTION('',(0.,-1.,0.));
#6533=DIRECTION('',(0.,-1.,0.));
#6534=DIRECTION('',(0.707106781186598,-0.707106781186498,0.));
#6535=DIRECTION('',(1.,0.,0.));
#6536=DIRECTION('',(0.707106781186498,0.707106781186598,0.));
#6537=DIRECTION('',(0.,1.,0.));
#6538=DIRECTION('',(-0.707106781186498,0.707106781186598,0.));
#6539=DIRECTION('',(-1.,0.,0.));
#6540=DIRECTION('',(-0.707106781186498,-0.707106781186598,0.));
#6541=DIRECTION('',(0.,1.,0.));
#6542=DIRECTION('',(-0.707106781186498,0.707106781186597,0.));
#6543=DIRECTION('',(0.707106781186498,0.707106781186597,0.));
#6544=DIRECTION('',(0.,1.,0.));
#6545=DIRECTION('',(-0.707106781186498,0.707106781186598,0.));
#6546=DIRECTION('',(-1.,0.,0.));
#6547=DIRECTION('',(0.707106781186597,-0.707106781186498,0.));
#6548=DIRECTION('',(1.,0.,0.));
#6549=DIRECTION('',(0.707106781186798,-0.707106781186298,0.));
#6550=DIRECTION('',(0.,-1.,0.));
#6551=DIRECTION('',(-0.707106781186498,-0.707106781186597,0.));
#6552=DIRECTION('',(-1.,0.,0.));
#6553=DIRECTION('',(0.,-1.,0.));
#6554=DIRECTION('',(1.,0.,0.));
#6555=DIRECTION('',(0.707106781186298,-0.707106781186797,0.));
#6556=DIRECTION('',(0.,-1.,0.));
#6557=DIRECTION('',(-0.707106781186598,-0.707106781186498,0.));
#6558=DIRECTION('',(-1.,0.,0.));
#6559=DIRECTION('',(0.,1.,0.));
#6560=DIRECTION('',(-0.707106781186398,0.707106781186697,0.));
#6561=DIRECTION('',(0.,-1.,0.));
#6562=DIRECTION('',(0.707106781186498,-0.707106781186597,0.));
#6563=DIRECTION('',(1.,0.,0.));
#6564=DIRECTION('',(0.707106781186498,0.707106781186598,0.));
#6565=DIRECTION('',(0.,-1.,0.));
#6566=DIRECTION('',(0.707106781186498,-0.707106781186597,0.));
#6567=DIRECTION('',(0.,1.,0.));
#6568=DIRECTION('',(1.,0.,0.));
#6569=DIRECTION('',(-0.707106781186698,0.707106781186398,0.));
#6570=DIRECTION('',(-1.,0.,0.));
#6571=DIRECTION('',(0.707106781186898,0.707106781186198,0.));
#6572=DIRECTION('',(1.,0.,0.));
#6573=DIRECTION('',(-0.707106781186598,0.707106781186498,0.));
#6574=DIRECTION('',(-1.,0.,0.));
#6575=DIRECTION('',(-0.707106781186498,-0.707106781186597,0.));
#6576=DIRECTION('',(0.,-1.,0.));
#6577=DIRECTION('',(-1.,0.,0.));
#6578=DIRECTION('',(0.,-1.,0.));
#6579=DIRECTION('',(1.,0.,0.));
#6580=DIRECTION('',(0.,-1.,0.));
#6581=DIRECTION('',(1.,-2.112490179936E-14,0.));
#6582=DIRECTION('',(-0.707106781186598,0.707106781186498,0.));
#6583=DIRECTION('',(0.707106781186498,-0.707106781186598,0.));
#6584=DIRECTION('',(1.,0.,0.));
#6585=DIRECTION('',(-0.707106781186598,0.707106781186498,0.));
#6586=DIRECTION('',(-1.,1.579694912052E-14,0.));
#6587=DIRECTION('',(0.707106781186598,-0.707106781186498,0.));
#6588=DIRECTION('',(1.,0.,0.));
#6589=DIRECTION('',(-0.707106781186498,0.707106781186598,0.));
#6590=DIRECTION('',(-1.,0.,0.));
#6591=DIRECTION('',(0.707106781186598,-0.707106781186498,0.));
#6592=DIRECTION('',(1.,-3.94923728013E-14,0.));
#6593=DIRECTION('',(-0.707106781186498,0.707106781186598,0.));
#6594=DIRECTION('',(-1.,3.159389824103E-14,0.));
#6595=DIRECTION('',(0.707106781186598,-0.707106781186498,0.));
#6596=DIRECTION('',(1.,0.,0.));
#6597=DIRECTION('',(-0.707106781186498,0.707106781186598,0.));
#6598=DIRECTION('',(-1.,2.369542368077E-14,0.));
#6599=DIRECTION('',(0.707106781186598,-0.707106781186498,0.));
#6600=DIRECTION('',(1.,-2.172080504071E-14,0.));
#6601=DIRECTION('',(-0.707106781186498,0.707106781186598,0.));
#6602=DIRECTION('',(-1.,-7.108627104233E-14,0.));
#6603=DIRECTION('',(0.707106781186498,-0.707106781186598,0.));
#6604=DIRECTION('',(1.,-5.52893219218E-14,0.));
#6605=DIRECTION('',(-0.707106781186598,0.707106781186498,0.));
#6606=DIRECTION('',(-1.,-3.159389824104E-14,0.));
#6607=DIRECTION('',(-1.,4.234908161584E-14,0.));
#6608=DIRECTION('',(0.707106781186498,-0.707106781186597,0.));
#6609=DIRECTION('',(0.,1.,0.));
#6610=DIRECTION('center_axis',(0.,0.,-1.));
#6611=DIRECTION('ref_axis',(0.,-1.,0.));
#6612=DIRECTION('center_axis',(0.,0.,1.));
#6613=DIRECTION('ref_axis',(-0.959635281221507,-0.281247448050502,0.));
#6614=DIRECTION('',(0.353553174512298,0.612372560450097,0.707106781186596));
#6615=DIRECTION('center_axis',(0.353553390593307,0.612372435695813,-0.707106781186515));
#6616=DIRECTION('ref_axis',(0.353553390593275,0.612372435695756,0.70710678118658));
#6617=DIRECTION('',(0.866025403731608,-0.500000000091505,-1.05638690994701E-10));
#6618=DIRECTION('',(0.353553353706199,0.612372456992498,0.707106781186597));
#6619=DIRECTION('center_axis',(0.,0.,-1.));
#6620=DIRECTION('ref_axis',(0.,-1.,0.));
#6621=DIRECTION('center_axis',(0.,0.,1.));
#6622=DIRECTION('ref_axis',(-0.500000000000017,-0.866025403784429,0.));
#6623=DIRECTION('',(-0.303790268845814,0.638522883344529,0.707106781186532));
#6624=DIRECTION('center_axis',(-0.303790240504303,0.638522896828606,-0.707106781186507));
#6625=DIRECTION('ref_axis',(-0.303790240504268,0.638522896828533,0.707106781186588));
#6626=DIRECTION('',(0.903007740699879,0.42962427798729,-2.77367866897593E-10));
#6627=DIRECTION('',(-0.303790248348515,0.638522893096532,0.707106781186535));
#6628=DIRECTION('center_axis',(0.,0.,-1.));
#6629=DIRECTION('ref_axis',(0.,-1.,0.));
#6630=DIRECTION('center_axis',(0.,0.,1.));
#6631=DIRECTION('ref_axis',(0.429624278237716,-0.903007740580734,0.));
#6632=DIRECTION('',(-0.638522888116402,-0.303790258816101,0.707106781186502));
#6633=DIRECTION('center_axis',(-0.638522896828606,-0.303790240504303,-0.707106781186507));
#6634=DIRECTION('ref_axis',(-0.638522896828533,-0.303790240504268,0.707106781186588));
#6635=DIRECTION('',(-0.429624278368504,0.903007740518509,1.44809226979001E-10));
#6636=DIRECTION('',(-0.638522884540231,-0.303790266332615,0.707106781186535));
#6637=DIRECTION('center_axis',(0.,0.,-1.));
#6638=DIRECTION('ref_axis',(0.534029821842806,0.845465640568876,0.));
#6639=DIRECTION('center_axis',(0.,0.,1.));
#6640=DIRECTION('ref_axis',(0.903007740580734,0.429624278237716,0.));
#6641=DIRECTION('',(8.01839941688854E-9,-0.707106781186548,0.707106781186548));
#6642=DIRECTION('center_axis',(0.,-0.707106781186548,-0.707106781186548));
#6643=DIRECTION('ref_axis',(0.,-0.707106781186548,0.707106781186548));
#6644=DIRECTION('',(-1.,0.,0.));
#6645=DIRECTION('',(0.000167550916346708,-0.707106784490334,0.707106758031934));
#6646=DIRECTION('center_axis',(0.,0.,-1.));
#6647=DIRECTION('ref_axis',(-0.721425986603697,0.692491549300699,0.));
#6648=DIRECTION('center_axis',(0.,0.,1.));
#6649=DIRECTION('ref_axis',(0.,1.,0.));
#6650=DIRECTION('center_axis',(0.,0.,-1.));
#6651=DIRECTION('ref_axis',(-1.,0.,0.));
#6652=DIRECTION('',(-0.000236912410139691,-0.000107742202461096,0.999999966132063));
#6653=DIRECTION('center_axis',(0.,0.,-1.));
#6654=DIRECTION('ref_axis',(-0.999982237010515,-0.00596034088336509,0.));
#6655=DIRECTION('',(0.,0.,1.));
#6656=DIRECTION('center_axis',(0.,0.,-1.));
#6657=DIRECTION('ref_axis',(-1.,0.,0.));
#6658=DIRECTION('center_axis',(0.,0.,-1.));
#6659=DIRECTION('ref_axis',(-0.500000000000017,-0.866025403784429,0.));
#6660=DIRECTION('',(-7.25768610397498E-8,2.65902219327399E-8,0.999999999999997));
#6661=DIRECTION('center_axis',(-0.500000000000017,-0.866025403784429,0.));
#6662=DIRECTION('ref_axis',(-0.866025403784429,0.500000000000017,0.));
#6663=DIRECTION('',(-0.866025403784429,0.500000000000017,0.));
#6664=DIRECTION('',(-7.23266325550698E-8,2.96199619059199E-8,0.999999999999997));
#6665=DIRECTION('center_axis',(0.,0.,-1.));
#6666=DIRECTION('ref_axis',(-1.,0.,0.));
#6667=DIRECTION('center_axis',(0.,0.,-1.));
#6668=DIRECTION('ref_axis',(0.429624278237716,-0.903007740580734,0.));
#6669=DIRECTION('',(-4.68235375608899E-8,-3.44155498985599E-8,0.999999999999998));
#6670=DIRECTION('center_axis',(0.429624278237716,-0.903007740580734,0.));
#6671=DIRECTION('ref_axis',(-0.903007740580734,-0.429624278237716,0.));
#6672=DIRECTION('',(-0.903007740580734,-0.429624278237716,0.));
#6673=DIRECTION('',(-1.224760387747E-8,-1.102179686027E-8,1.));
#6674=DIRECTION('center_axis',(0.,0.,-1.));
#6675=DIRECTION('ref_axis',(0.942313139390022,-0.33473265053311,0.));
#6676=DIRECTION('center_axis',(0.,0.,-1.));
#6677=DIRECTION('ref_axis',(0.903007740580734,0.429624278237716,0.));
#6678=DIRECTION('',(1.983947592779E-8,-3.139364693228E-8,0.999999999999999));
#6679=DIRECTION('center_axis',(0.903007740580734,0.429624278237716,0.));
#6680=DIRECTION('ref_axis',(0.429624278237716,-0.903007740580734,0.));
#6681=DIRECTION('',(0.429624278237716,-0.903007740580734,0.));
#6682=DIRECTION('',(2.669999700891E-8,-4.48902712724899E-8,0.999999999999999));
#6683=DIRECTION('center_axis',(0.,0.,-1.));
#6684=DIRECTION('ref_axis',(-1.,0.,0.));
#6685=DIRECTION('center_axis',(0.,0.,-1.));
#6686=DIRECTION('ref_axis',(0.,1.,0.));
#6687=DIRECTION('',(1.457965134375E-8,5.465949500694E-9,1.));
#6688=DIRECTION('center_axis',(0.,1.,0.));
#6689=DIRECTION('ref_axis',(1.,0.,0.));
#6690=DIRECTION('',(1.,0.,0.));
#6691=DIRECTION('center_axis',(0.,0.,-1.));
#6692=DIRECTION('ref_axis',(-1.,0.,0.));
#6693=DIRECTION('center_axis',(0.,0.,-1.));
#6694=DIRECTION('ref_axis',(0.334732646432762,0.942313140846565,0.));
#6695=DIRECTION('',(-0.638522893096532,-0.303790248348515,0.707106781186535));
#6696=DIRECTION('center_axis',(0.,0.,1.));
#6697=DIRECTION('ref_axis',(0.903007740580734,0.429624278237716,0.));
#6698=DIRECTION('',(0.303790258816101,-0.638522888116402,0.707106781186502));
#6699=DIRECTION('center_axis',(0.303790240504303,-0.638522896828606,-0.707106781186507));
#6700=DIRECTION('ref_axis',(0.303790240504268,-0.638522896828533,0.707106781186588));
#6701=DIRECTION('',(-0.903007740546623,-0.429624278309411,7.9390207249192E-11));
#6702=DIRECTION('',(0.303790258397402,-0.638522888315604,0.707106781186504));
#6703=DIRECTION('center_axis',(0.,0.,-1.));
#6704=DIRECTION('ref_axis',(0.,-1.,0.));
#6705=DIRECTION('center_axis',(0.,0.,1.));
#6706=DIRECTION('ref_axis',(-0.429624278237716,0.903007740580734,0.));
#6707=DIRECTION('',(0.353553374123014,0.612372445204925,0.707106781186529));
#6708=DIRECTION('center_axis',(0.353553390593307,0.612372435695813,-0.707106781186515));
#6709=DIRECTION('ref_axis',(0.353553390593275,0.612372435695756,0.70710678118658));
#6710=DIRECTION('',(0.866025403774729,-0.500000000016817,-1.94127208848207E-11));
#6711=DIRECTION('',(0.353553383929103,0.612372439543404,0.707106781186505));
#6712=DIRECTION('center_axis',(0.,0.,-1.));
#6713=DIRECTION('ref_axis',(0.,-1.,0.));
#6714=DIRECTION('center_axis',(0.,0.,1.));
#6715=DIRECTION('ref_axis',(-0.500000000000017,-0.866025403784429,0.));
#6716=DIRECTION('',(-2.69304407479918E-8,0.707106781186547,0.707106781186547));
#6717=DIRECTION('center_axis',(0.,0.707106781186548,-0.707106781186548));
#6718=DIRECTION('ref_axis',(0.,0.707106781186548,0.707106781186548));
#6719=DIRECTION('',(1.,2.600738380093E-10,2.600738380093E-10));
#6720=DIRECTION('',(-2.19708666400699E-8,0.707106781186597,0.707106781186498));
#6721=DIRECTION('center_axis',(0.,0.,-1.));
#6722=DIRECTION('ref_axis',(0.,-1.,0.));
#6723=DIRECTION('center_axis',(0.,0.,1.));
#6724=DIRECTION('ref_axis',(0.,-1.,0.));
#6725=DIRECTION('',(-0.638522882725538,-0.303790270146818,0.707106781186542));
#6726=DIRECTION('center_axis',(-0.638522896828606,-0.303790240504303,-0.707106781186507));
#6727=DIRECTION('ref_axis',(-0.638522896828533,-0.303790240504268,0.707106781186588));
#6728=DIRECTION('',(-0.429624277959986,0.90300774071287,-3.0754487725959E-10));
#6729=DIRECTION('center_axis',(0.903007740580734,0.429624278237716,0.));
#6730=DIRECTION('ref_axis',(0.429624278237716,-0.903007740580734,0.));
#6731=DIRECTION('',(4.729616069456E-9,-7.192441952107E-9,1.));
#6732=DIRECTION('',(0.429624278237716,-0.903007740580734,0.));
#6733=DIRECTION('',(1.574544939931E-9,-1.749664795173E-9,1.));
#6734=DIRECTION('center_axis',(0.,0.,-1.));
#6735=DIRECTION('ref_axis',(-1.,0.,0.));
#6736=DIRECTION('center_axis',(0.,0.,-1.));
#6737=DIRECTION('ref_axis',(-0.429624278237716,0.903007740580734,0.));
#6738=DIRECTION('',(4.48480618006E-9,2.834209821009E-9,1.));
#6739=DIRECTION('center_axis',(-0.429624278237716,0.903007740580734,0.));
#6740=DIRECTION('ref_axis',(0.903007740580734,0.429624278237716,0.));
#6741=DIRECTION('',(0.903007740580734,0.429624278237716,0.));
#6742=DIRECTION('',(4.299459870981E-9,2.943445616616E-9,1.));
#6743=DIRECTION('center_axis',(0.,0.,-1.));
#6744=DIRECTION('ref_axis',(-1.,0.,0.));
#6745=DIRECTION('center_axis',(0.,0.,-1.));
#6746=DIRECTION('ref_axis',(-0.500000000000017,-0.866025403784429,0.));
#6747=DIRECTION('',(-4.69043342648E-9,1.756045469216E-9,1.));
#6748=DIRECTION('center_axis',(-0.500000000000017,-0.866025403784429,0.));
#6749=DIRECTION('ref_axis',(-0.866025403784429,0.500000000000017,0.));
#6750=DIRECTION('',(-0.866025403784429,0.500000000000017,0.));
#6751=DIRECTION('',(-2.132883839515E-9,3.034200195123E-10,1.));
#6752=DIRECTION('center_axis',(0.,0.,-1.));
#6753=DIRECTION('ref_axis',(-1.,0.,0.));
#6754=DIRECTION('center_axis',(0.,0.,-1.));
#6755=DIRECTION('ref_axis',(0.,-1.,0.));
#6756=DIRECTION('',(-6.995276490204E-9,-7.365993534841E-10,1.));
#6757=DIRECTION('center_axis',(0.,-1.,0.));
#6758=DIRECTION('ref_axis',(-1.,0.,0.));
#6759=DIRECTION('',(-1.,0.,0.));
#6760=DIRECTION('',(-5.707010743902E-9,-1.208581426875E-9,1.));
#6761=DIRECTION('center_axis',(0.,0.,-1.));
#6762=DIRECTION('ref_axis',(0.845465639811308,-0.534029823042175,0.));
#6763=DIRECTION('center_axis',(0.,0.,-1.));
#6764=DIRECTION('ref_axis',(0.903007740580734,0.429624278237716,0.));
#6765=DIRECTION('center_axis',(0.,0.,1.));
#6766=DIRECTION('ref_axis',(1.,0.,0.));
#6767=DIRECTION('',(1.82550497016E-13,-1.,1.777253737468E-13));
#6768=DIRECTION('',(1.,0.,0.));
#6769=DIRECTION('',(-6.793964645422E-11,1.,6.793700542305E-11));
#6770=DIRECTION('center_axis',(0.,0.,1.));
#6771=DIRECTION('ref_axis',(1.,0.,0.));
#6772=DIRECTION('',(-0.429624278234606,0.903007740582213,-3.43817900018705E-12));
#6773=DIRECTION('center_axis',(0.,0.,1.));
#6774=DIRECTION('ref_axis',(0.903007740580734,0.429624278237716,0.));
#6775=DIRECTION('',(0.145013956952702,-0.989429609567512,-1.86756377014002E-11));
#6776=DIRECTION('center_axis',(0.,0.,-1.));
#6777=DIRECTION('ref_axis',(0.989429609564801,0.1450139569712,0.));
#6778=DIRECTION('center_axis',(0.,0.,-1.));
#6779=DIRECTION('ref_axis',(0.500000000000017,0.866025403784429,0.));
#6780=DIRECTION('',(-1.,0.,0.));
#6781=DIRECTION('center_axis',(0.,0.,-1.));
#6782=DIRECTION('ref_axis',(0.,-1.,0.));
#6783=DIRECTION('',(-0.145013956971102,0.989429609564816,0.));
#6784=DIRECTION('center_axis',(0.,0.,-1.));
#6785=DIRECTION('ref_axis',(-0.989429609564816,-0.145013956971102,0.));
#6786=DIRECTION('',(0.866025403784429,-0.500000000000017,0.));
#6787=DIRECTION('center_axis',(0.,0.,1.));
#6788=DIRECTION('ref_axis',(-0.929081793292001,0.369874331866,0.));
#6789=DIRECTION('',(0.921212118466007,0.389060705792003,0.));
#6790=DIRECTION('',(-0.923879532511285,0.382683432365094,0.));
#6791=DIRECTION('center_axis',(0.,0.,1.));
#6792=DIRECTION('ref_axis',(-0.382683432365094,-0.923879532511285,0.));
#6793=DIRECTION('center_axis',(0.,0.,-1.));
#6794=DIRECTION('ref_axis',(-0.911731743937089,0.410786108695795,0.));
#6795=DIRECTION('center_axis',(0.,0.,1.));
#6796=DIRECTION('ref_axis',(0.584189797338284,0.811617077620878,0.));
#6797=DIRECTION('',(0.608761429008725,0.793353340291232,0.));
#6798=DIRECTION('',(-0.99232344976166,-0.123669604402695,0.));
#6799=DIRECTION('',(0.,-1.,0.));
#6800=DIRECTION('center_axis',(0.,0.,-1.));
#6801=DIRECTION('ref_axis',(0.2592622884988,0.965806950566398,0.));
#6802=DIRECTION('',(-1.,0.,0.));
#6803=DIRECTION('center_axis',(0.,0.,-1.));
#6804=DIRECTION('ref_axis',(0.965806950566398,-0.2592622884988,0.));
#6805=DIRECTION('',(0.,1.,0.));
#6806=DIRECTION('center_axis',(0.,0.,-1.));
#6807=DIRECTION('ref_axis',(-0.2592622884988,-0.965806950566398,0.));
#6808=DIRECTION('',(1.,0.,0.));
#6809=DIRECTION('center_axis',(0.,0.,-1.));
#6810=DIRECTION('ref_axis',(-0.965806950566398,0.2592622884988,0.));
#6811=DIRECTION('center_axis',(0.,0.,-1.));
#6812=DIRECTION('ref_axis',(0.965806950566398,-0.2592622884988,0.));
#6813=DIRECTION('',(0.,1.,0.));
#6814=DIRECTION('center_axis',(0.,0.,-1.));
#6815=DIRECTION('ref_axis',(-0.2592622884988,-0.965806950566398,0.));
#6816=DIRECTION('',(1.,0.,0.));
#6817=DIRECTION('center_axis',(0.,0.,-1.));
#6818=DIRECTION('ref_axis',(-0.965806950566398,0.2592622884988,0.));
#6819=DIRECTION('',(0.,-1.,0.));
#6820=DIRECTION('center_axis',(0.,0.,-1.));
#6821=DIRECTION('ref_axis',(0.2592622884988,0.965806950566398,0.));
#6822=DIRECTION('',(-1.,0.,0.));
#6823=DIRECTION('center_axis',(0.,0.,-1.));
#6824=DIRECTION('ref_axis',(1.,0.,0.));
#6825=DIRECTION('center_axis',(0.,0.,-1.));
#6826=DIRECTION('ref_axis',(1.,0.,0.));
#6827=DIRECTION('center_axis',(0.,0.,-1.));
#6828=DIRECTION('ref_axis',(1.,0.,0.));
#6829=DIRECTION('',(-0.310279797550593,-0.950645279392878,0.));
#6830=DIRECTION('',(-0.591909548749597,-0.806004395831095,0.));
#6831=DIRECTION('',(-0.890605242949827,-0.454777199549714,0.));
#6832=DIRECTION('',(0.357788512600894,-0.933802645236583,0.));
#6833=DIRECTION('',(-1.,0.,0.));
#6834=DIRECTION('',(-0.349493073692587,0.936938947552565,0.));
#6835=DIRECTION('',(-1.,0.,0.));
#6836=DIRECTION('',(0.,-1.,0.));
#6837=DIRECTION('',(-1.,0.,0.));
#6838=DIRECTION('',(0.,1.,0.));
#6839=DIRECTION('',(1.,0.,0.));
#6840=DIRECTION('',(0.979770716762512,-0.200123318418102,0.));
#6841=DIRECTION('',(0.793878111008659,-0.608076923473769,0.));
#6842=DIRECTION('',(0.591909548749597,-0.806004395831095,0.));
#6843=DIRECTION('',(0.310279797550593,-0.950645279392878,0.));
#6844=DIRECTION('',(0.,-1.,0.));
#6845=DIRECTION('center_axis',(0.,0.,1.));
#6846=DIRECTION('ref_axis',(1.,0.,0.));
#6847=DIRECTION('',(0.310279797550593,0.950645279392878,0.));
#6848=DIRECTION('',(0.,1.,0.));
#6849=DIRECTION('',(-0.310279797550593,0.950645279392878,0.));
#6850=DIRECTION('',(-0.699625005501663,0.714510218035262,0.));
#6851=DIRECTION('',(-0.946649917770008,0.322263763377203,0.));
#6852=DIRECTION('',(-1.,0.,0.));
#6853=DIRECTION('',(0.,-1.,0.));
#6854=DIRECTION('',(1.,0.,0.));
#6855=DIRECTION('',(0.946649917770008,0.322263763377203,0.));
#6856=DIRECTION('',(0.699625005501663,0.714510218035262,0.));
#6857=DIRECTION('center_axis',(0.,0.,-1.));
#6858=DIRECTION('ref_axis',(0.965925827274611,-0.258819041424426,0.));
#6859=DIRECTION('center_axis',(0.,0.,1.));
#6860=DIRECTION('ref_axis',(0.,-1.,0.));
#6861=DIRECTION('',(-3.658521868423E-9,-5.505102408711E-10,1.));
#6862=DIRECTION('',(3.109316488575E-9,-1.144301669938E-9,1.));
#6863=DIRECTION('center_axis',(0.,0.,-1.));
#6864=DIRECTION('ref_axis',(0.,-1.,0.));
#6865=DIRECTION('',(-1.40845910633509E-8,0.707106781186547,0.707106781186547));
#6866=DIRECTION('',(-0.353553379708014,-0.612372441980424,0.707106781186528));
#6867=DIRECTION('center_axis',(-0.353553390593307,-0.612372435695813,-0.707106781186515));
#6868=DIRECTION('ref_axis',(-0.353553390593275,-0.612372435695756,0.70710678118658));
#6869=DIRECTION('',(-0.866025403849908,0.499999999886604,1.30894148127101E-10));
#6870=DIRECTION('',(-0.353553372901325,-0.612372445910243,0.70710678118655));
#6871=DIRECTION('center_axis',(0.,0.,-1.));
#6872=DIRECTION('ref_axis',(-0.561636442568913,0.82738413471527,0.));
#6873=DIRECTION('center_axis',(0.,0.,1.));
#6874=DIRECTION('ref_axis',(0.500000000000017,0.866025403784429,0.));
#6875=DIRECTION('',(0.699632384245231,0.102540367248005,0.707106781186532));
#6876=DIRECTION('center_axis',(0.69963238643004,0.102540352341006,-0.70710678118654));
#6877=DIRECTION('ref_axis',(0.699632386430026,0.102540352341004,0.707106781186555));
#6878=DIRECTION('',(0.145013956812592,-0.989429609588047,-1.60278393671991E-10));
#6879=DIRECTION('',(0.699632385198599,0.1025403607434,0.7071067811865));
#6880=DIRECTION('center_axis',(0.,0.,-1.));
#6881=DIRECTION('ref_axis',(0.,-1.,0.));
#6882=DIRECTION('center_axis',(0.,0.,1.));
#6883=DIRECTION('ref_axis',(-0.989429609564816,-0.145013956971102,0.));
#6884=DIRECTION('',(-7.95487973723353E-9,0.707106781186547,0.707106781186547));
#6885=DIRECTION('center_axis',(0.,0.707106781186548,-0.707106781186548));
#6886=DIRECTION('ref_axis',(0.,0.707106781186548,0.707106781186548));
#6887=DIRECTION('',(1.,7.898943503067E-11,7.898943503067E-11));
#6888=DIRECTION('center_axis',(0.,-1.,0.));
#6889=DIRECTION('ref_axis',(-1.,0.,0.));
#6890=DIRECTION('',(-2.066308521825E-9,-3.450080857116E-10,1.));
#6891=DIRECTION('center_axis',(0.,0.,-1.));
#6892=DIRECTION('ref_axis',(-1.,0.,0.));
#6893=DIRECTION('',(-6.548412608035E-10,2.133452780242E-9,1.));
#6894=DIRECTION('center_axis',(-0.989429609564816,-0.145013956971102,0.));
#6895=DIRECTION('ref_axis',(-0.145013956971102,0.989429609564816,0.));
#6896=DIRECTION('',(-1.165477873645E-9,3.78451911308E-9,1.));
#6897=DIRECTION('center_axis',(0.,0.,-1.));
#6898=DIRECTION('ref_axis',(-1.,0.,0.));
#6899=DIRECTION('',(5.092161871832E-9,-1.79307286657E-9,1.));
#6900=DIRECTION('center_axis',(0.500000000000017,0.866025403784429,0.));
#6901=DIRECTION('ref_axis',(0.866025403784429,-0.500000000000017,0.));
#6902=DIRECTION('center_axis',(-0.707106781186598,0.,0.707106781186498));
#6903=DIRECTION('ref_axis',(-0.707106781186498,0.,-0.707106781186598));
#6904=DIRECTION('',(1.28669953844E-13,-1.,1.262573922095E-13));
#6905=DIRECTION('',(-0.577350269189626,0.577350269189626,-0.577350269189626));
#6906=DIRECTION('',(-0.577350269189626,-0.577350269189626,-0.577350269189626));
#6907=DIRECTION('',(-0.707106781186498,-2.78011038017999E-11,-0.707106781186598));
#6908=DIRECTION('center_axis',(1.,0.,0.));
#6909=DIRECTION('ref_axis',(0.,-1.,0.));
#6910=DIRECTION('',(2.218887841498E-13,-5.892518442E-12,1.));
#6911=DIRECTION('',(-2.718152774945E-13,1.,2.734236519175E-13));
#6912=DIRECTION('',(0.,0.,-1.));
#6913=DIRECTION('center_axis',(-0.707106781186598,-0.707106781186498,0.));
#6914=DIRECTION('ref_axis',(-0.707106781186498,0.707106781186598,0.));
#6915=DIRECTION('',(-0.577350269189626,0.577350269189626,0.577350269189626));
#6916=DIRECTION('',(0.,0.,-1.));
#6917=DIRECTION('',(-0.577350269189626,0.577350269189626,0.577350269189626));
#6918=DIRECTION('center_axis',(-0.707106781186548,0.,-0.707106781186548));
#6919=DIRECTION('ref_axis',(-0.707106781186548,0.,0.707106781186548));
#6920=DIRECTION('',(-0.577350269189626,-0.577350269189626,0.577350269189626));
#6921=DIRECTION('',(0.707106781186547,0.,-0.707106781186547));
#6922=DIRECTION('',(-0.707106781186597,-1.90307766732299E-11,0.707106781186498));
#6923=DIRECTION('center_axis',(0.,-0.707106781186498,-0.707106781186598));
#6924=DIRECTION('ref_axis',(0.,-0.707106781186598,0.707106781186498));
#6925=DIRECTION('',(-0.577350269189626,0.577350269189626,-0.577350269189626));
#6926=DIRECTION('',(-1.,0.,0.));
#6927=DIRECTION('center_axis',(0.,1.,0.));
#6928=DIRECTION('ref_axis',(1.,0.,0.));
#6929=DIRECTION('',(0.,0.,1.));
#6930=DIRECTION('',(-1.,0.,0.));
#6931=DIRECTION('',(0.,0.,1.));
#6932=DIRECTION('',(-1.,0.,0.));
#6933=DIRECTION('',(0.,0.,1.));
#6934=DIRECTION('',(-1.,0.,0.));
#6935=DIRECTION('',(0.,0.,1.));
#6936=DIRECTION('',(-1.,0.,0.));
#6937=DIRECTION('',(0.,0.,1.));
#6938=DIRECTION('',(-1.,0.,0.));
#6939=DIRECTION('',(0.,0.,1.));
#6940=DIRECTION('',(-1.,0.,0.));
#6941=DIRECTION('',(0.707106781186547,0.,0.707106781186547));
#6942=DIRECTION('',(0.,0.,-1.));
#6943=DIRECTION('',(1.,0.,0.));
#6944=DIRECTION('center_axis',(0.,-0.707106781186498,0.707106781186598));
#6945=DIRECTION('ref_axis',(0.,-0.707106781186598,-0.707106781186498));
#6946=DIRECTION('',(0.577350269189626,0.577350269189626,0.577350269189626));
#6947=DIRECTION('',(-0.577350269189559,0.577350269189659,0.577350269189659));
#6948=DIRECTION('center_axis',(0.707106781186598,0.,0.707106781186498));
#6949=DIRECTION('ref_axis',(0.707106781186498,0.,-0.707106781186598));
#6950=DIRECTION('',(-5.420540403059E-11,1.,5.420364334315E-11));
#6951=DIRECTION('',(0.707106781186598,2.13222324032399E-9,-0.707106781186498));
#6952=DIRECTION('',(-0.577350269189692,-0.577350269189592,0.577350269189592));
#6953=DIRECTION('center_axis',(-1.,0.,0.));
#6954=DIRECTION('ref_axis',(0.,1.,0.));
#6955=DIRECTION('',(0.,0.,-1.));
#6956=DIRECTION('',(2.641031166584E-13,-1.,2.641031166584E-13));
#6957=DIRECTION('',(7.638209752212E-11,6.243807030376E-10,-1.));
#6958=DIRECTION('center_axis',(0.,0.,-1.));
#6959=DIRECTION('ref_axis',(0.903007740580734,0.429624278237716,0.));
#6960=DIRECTION('center_axis',(0.,0.,1.));
#6961=DIRECTION('ref_axis',(1.,0.,0.));
#6962=DIRECTION('center_axis',(0.,0.,-1.));
#6963=DIRECTION('ref_axis',(0.903007740580734,0.429624278237716,0.));
#6964=DIRECTION('',(6.860975724771E-10,-1.306406990307E-9,-1.));
#6965=DIRECTION('center_axis',(0.,0.,-1.));
#6966=DIRECTION('ref_axis',(0.,-1.,0.));
#6967=DIRECTION('',(0.638522898994401,0.3037902359519,-0.707106781186601));
#6968=DIRECTION('center_axis',(0.638522896828606,0.303790240504303,0.707106781186507));
#6969=DIRECTION('ref_axis',(0.638522896828533,0.303790240504268,-0.707106781186588));
#6970=DIRECTION('',(-0.429624278235212,0.903007740581925,-2.81844397229308E-12));
#6971=DIRECTION('',(0.63852288792453,0.303790259219314,-0.707106781186533));
#6972=DIRECTION('center_axis',(0.,0.,-1.));
#6973=DIRECTION('ref_axis',(-0.290550273763646,0.956859727659112,0.));
#6974=DIRECTION('center_axis',(0.,0.,1.));
#6975=DIRECTION('ref_axis',(0.903007740580734,0.429624278237716,0.));
#6976=DIRECTION('',(-0.699632400619212,-0.102540255527802,-0.707106781186612));
#6977=DIRECTION('center_axis',(-0.69963238643004,-0.102540352341006,0.70710678118654));
#6978=DIRECTION('ref_axis',(-0.699632386430026,-0.102540352341004,-0.707106781186555));
#6979=DIRECTION('',(0.145013956957095,-0.989429609566869,-1.41605636754195E-11));
#6980=DIRECTION('',(-0.699632386435272,-0.102540352305096,-0.707106781186571));
#6981=DIRECTION('center_axis',(0.989429609564816,0.145013956971102,0.));
#6982=DIRECTION('ref_axis',(0.145013956971102,-0.989429609564816,0.));
#6983=DIRECTION('',(-9.489597409681E-10,6.208562863103E-9,-1.));
#6984=DIRECTION('',(-0.145013956960999,0.989429609566296,-1.025792576119E-11));
#6985=DIRECTION('',(-1.037143080969E-12,7.706583909042E-12,1.));
#6986=DIRECTION('center_axis',(0.,0.,1.));
#6987=DIRECTION('ref_axis',(1.,0.,0.));
#6988=DIRECTION('center_axis',(0.,0.,-1.));
#6989=DIRECTION('ref_axis',(0.989429609564816,0.145013956971102,0.));
#6990=DIRECTION('center_axis',(0.,0.,1.));
#6991=DIRECTION('ref_axis',(1.,0.,0.));
#6992=DIRECTION('center_axis',(0.,0.,1.));
#6993=DIRECTION('ref_axis',(0.,-1.,0.));
#6994=DIRECTION('center_axis',(0.,0.,-1.));
#6995=DIRECTION('ref_axis',(0.,-1.,0.));
#6996=DIRECTION('',(-0.699632386433708,-0.102540352316201,0.707106781186508));
#6997=DIRECTION('center_axis',(-0.69963238643004,-0.102540352341006,-0.70710678118654));
#6998=DIRECTION('ref_axis',(-0.699632386430026,-0.102540352341004,0.707106781186555));
#6999=DIRECTION('',(-0.699632387574314,-0.102540344533802,0.707106781186514));
#7000=DIRECTION('center_axis',(0.,0.,1.));
#7001=DIRECTION('ref_axis',(-0.290550273143513,0.956859727847415,0.));
#7002=DIRECTION('center_axis',(0.,0.,-1.));
#7003=DIRECTION('ref_axis',(-0.989429609564816,-0.145013956971102,0.));
#7004=DIRECTION('',(0.638522896163711,0.303790241901805,0.707106781186512));
#7005=DIRECTION('center_axis',(0.638522896828606,0.303790240504303,-0.707106781186507));
#7006=DIRECTION('ref_axis',(0.638522896828533,0.303790240504268,0.707106781186588));
#7007=DIRECTION('',(0.429624278238605,-0.903007740580311,9.44556661929711E-13));
#7008=DIRECTION('',(0.63852289682743,0.303790240506714,0.707106781186533));
#7009=DIRECTION('center_axis',(-0.903007740580734,-0.429624278237716,0.));
#7010=DIRECTION('ref_axis',(-0.429624278237716,0.903007740580734,0.));
#7011=DIRECTION('',(-6.771413059675E-10,1.438470083741E-9,-1.));
#7012=DIRECTION('center_axis',(0.,0.,1.));
#7013=DIRECTION('ref_axis',(-0.290550273168583,0.956859727839803,0.));
#7014=DIRECTION('center_axis',(0.,0.,1.));
#7015=DIRECTION('ref_axis',(0.,-1.,0.));
#7016=DIRECTION('',(0.707106781186548,-8.43453668805157E-13,0.707106781186548));
#7017=DIRECTION('center_axis',(0.707106781186548,0.,-0.707106781186548));
#7018=DIRECTION('ref_axis',(0.707106781186548,0.,0.707106781186548));
#7019=DIRECTION('',(-0.577350269189626,0.577350269189626,-0.577350269189626));
#7020=DIRECTION('',(-0.577350269189626,-0.577350269189626,-0.577350269189626));
#7021=DIRECTION('center_axis',(0.,-0.707106781186498,-0.707106781186598));
#7022=DIRECTION('ref_axis',(0.,-0.707106781186598,0.707106781186498));
#7023=DIRECTION('',(0.577350269189626,0.577350269189626,-0.577350269189626));
#7024=DIRECTION('center_axis',(-0.707106781186598,0.,-0.707106781186498));
#7025=DIRECTION('ref_axis',(-0.707106781186498,0.,0.707106781186598));
#7026=DIRECTION('',(-1.18178417646E-9,1.,1.181782597476E-9));
#7027=DIRECTION('',(-0.707106781186494,9.50529062165692E-8,0.707106781186594));
#7028=DIRECTION('center_axis',(0.,0.,-1.));
#7029=DIRECTION('ref_axis',(1.15255812557154E-8,1.,0.));
#7030=DIRECTION('center_axis',(0.,0.,1.));
#7031=DIRECTION('ref_axis',(1.,0.,0.));
#7032=DIRECTION('',(0.707106781186597,2.44210089882899E-8,0.707106781186497));
#7033=DIRECTION('center_axis',(0.707106781186498,0.,-0.707106781186598));
#7034=DIRECTION('ref_axis',(0.707106781186598,0.,0.707106781186498));
#7035=DIRECTION('',(-1.458898984685E-9,-1.,-1.458898984685E-9));
#7036=DIRECTION('',(-0.577350269189626,0.577350269189626,-0.577350269189626));
#7037=DIRECTION('center_axis',(-1.,0.,0.));
#7038=DIRECTION('ref_axis',(0.,1.,0.));
#7039=DIRECTION('',(-1.151762351537E-9,4.194719274621E-9,1.));
#7040=DIRECTION('',(0.,1.,0.));
#7041=DIRECTION('center_axis',(0.,0.,1.));
#7042=DIRECTION('ref_axis',(-1.,0.,0.));
#7043=DIRECTION('',(0.,-1.,0.));
#7044=DIRECTION('center_axis',(0.,0.,-1.));
#7045=DIRECTION('ref_axis',(-1.,0.,0.));
#7046=DIRECTION('center_axis',(0.,0.,-1.));
#7047=DIRECTION('ref_axis',(-1.,0.,0.));
#7048=DIRECTION('center_axis',(0.,0.,1.));
#7049=DIRECTION('ref_axis',(-1.,0.,0.));
#7050=DIRECTION('',(0.,-1.,0.));
#7051=DIRECTION('',(0.,1.,0.));
#7052=DIRECTION('center_axis',(0.,0.,-1.));
#7053=DIRECTION('ref_axis',(-1.,0.,0.));
#7054=DIRECTION('center_axis',(0.,0.,-1.));
#7055=DIRECTION('ref_axis',(-1.,0.,0.));
#7056=DIRECTION('center_axis',(0.,0.,1.));
#7057=DIRECTION('ref_axis',(-1.,0.,0.));
#7058=DIRECTION('center_axis',(0.,0.,-1.));
#7059=DIRECTION('ref_axis',(-1.,0.,0.));
#7060=DIRECTION('',(0.,-1.,0.));
#7061=DIRECTION('',(0.,1.,0.));
#7062=DIRECTION('center_axis',(0.,0.,-1.));
#7063=DIRECTION('ref_axis',(-1.,0.,0.));
#7064=DIRECTION('center_axis',(0.,0.,1.));
#7065=DIRECTION('ref_axis',(-1.,0.,0.));
#7066=DIRECTION('',(0.,0.,1.));
#7067=DIRECTION('center_axis',(0.,0.,-1.));
#7068=DIRECTION('ref_axis',(-1.,0.,0.));
#7069=DIRECTION('center_axis',(0.,0.,-1.));
#7070=DIRECTION('ref_axis',(-1.,0.,0.));
#7071=DIRECTION('center_axis',(0.,0.,1.));
#7072=DIRECTION('ref_axis',(0.,-1.,0.));
#7073=DIRECTION('',(-8.65956056235493E-17,0.707106781186548,0.707106781186548));
#7074=DIRECTION('center_axis',(0.,0.,1.));
#7075=DIRECTION('ref_axis',(-1.,0.,0.));
#7076=DIRECTION('',(0.,0.,1.));
#7077=DIRECTION('center_axis',(0.,0.,-1.));
#7078=DIRECTION('ref_axis',(-1.,0.,0.));
#7079=DIRECTION('center_axis',(0.,0.,-1.));
#7080=DIRECTION('ref_axis',(-1.,0.,0.));
#7081=DIRECTION('center_axis',(0.,0.,1.));
#7082=DIRECTION('ref_axis',(0.,-1.,0.));
#7083=DIRECTION('',(-8.65956056235493E-17,0.707106781186548,0.707106781186548));
#7084=DIRECTION('center_axis',(1.,0.,0.));
#7085=DIRECTION('ref_axis',(0.,-1.,0.));
#7086=DIRECTION('',(9.329874893068E-10,1.632693576403E-8,1.));
#7087=DIRECTION('center_axis',(0.,0.,1.));
#7088=DIRECTION('ref_axis',(8.64424905595525E-9,1.,0.));
#7089=DIRECTION('center_axis',(1.,0.,0.));
#7090=DIRECTION('ref_axis',(0.,-1.,0.));
#7091=DIRECTION('',(-1.181784077773E-9,1.,1.181781018492E-9));
#7092=DIRECTION('',(9.329872555756E-10,1.632693638731E-8,1.));
#7093=DIRECTION('center_axis',(-0.707106781186548,0.,-0.707106781186548));
#7094=DIRECTION('ref_axis',(-0.707106781186548,0.,0.707106781186548));
#7095=DIRECTION('',(0.577350269189626,0.577350269189626,-0.577350269189626));
#7096=DIRECTION('',(-0.707106781186594,9.50529083100292E-8,0.707106781186494));
#7097=DIRECTION('center_axis',(0.,0.,-1.));
#7098=DIRECTION('ref_axis',(1.15255812557154E-8,1.,0.));
#7099=DIRECTION('center_axis',(0.,0.,1.));
#7100=DIRECTION('ref_axis',(1.,0.,0.));
#7101=DIRECTION('',(0.707106781186497,2.44210110817399E-8,0.707106781186597));
#7102=DIRECTION('center_axis',(0.707106781186498,0.,-0.707106781186598));
#7103=DIRECTION('ref_axis',(0.707106781186598,0.,0.707106781186498));
#7104=DIRECTION('',(-1.458900563669E-9,-1.,-1.458898984685E-9));
#7105=DIRECTION('',(-0.577350269189626,0.577350269189626,-0.577350269189626));
#7106=DIRECTION('center_axis',(-1.,0.,0.));
#7107=DIRECTION('ref_axis',(0.,1.,0.));
#7108=DIRECTION('',(-1.151763598103E-9,4.194719586263E-9,1.));
#7109=DIRECTION('center_axis',(0.,0.,1.));
#7110=DIRECTION('ref_axis',(8.64424905595525E-9,1.,0.));
#7111=DIRECTION('center_axis',(0.,-0.707106781186498,-0.707106781186598));
#7112=DIRECTION('ref_axis',(0.,-0.707106781186598,0.707106781186498));
#7113=DIRECTION('',(0.577350269189626,0.577350269189626,-0.577350269189626));
#7114=DIRECTION('center_axis',(-0.707106781186498,0.,-0.707106781186598));
#7115=DIRECTION('ref_axis',(-0.707106781186598,0.,0.707106781186498));
#7116=DIRECTION('',(-1.181781018492E-9,1.,1.181781018492E-9));
#7117=DIRECTION('',(-0.707106781186594,9.50529041231092E-8,0.707106781186494));
#7118=DIRECTION('center_axis',(0.,0.,-1.));
#7119=DIRECTION('ref_axis',(1.15255812557154E-8,1.,0.));
#7120=DIRECTION('center_axis',(0.,0.,1.));
#7121=DIRECTION('ref_axis',(1.,0.,0.));
#7122=DIRECTION('',(0.707106781186547,2.44210089882916E-8,0.707106781186547));
#7123=DIRECTION('center_axis',(0.707106781186548,0.,-0.707106781186548));
#7124=DIRECTION('ref_axis',(0.707106781186548,0.,0.707106781186548));
#7125=DIRECTION('',(-1.458902142653E-9,-1.,-1.458900563669E-9));
#7126=DIRECTION('center_axis',(-1.,0.,0.));
#7127=DIRECTION('ref_axis',(0.,1.,0.));
#7128=DIRECTION('',(-1.15176484467E-9,4.194719274622E-9,1.));
#7129=DIRECTION('center_axis',(0.,0.,1.));
#7130=DIRECTION('ref_axis',(8.64424905595525E-9,1.,0.));
#7131=DIRECTION('',(9.329862427406E-10,1.632693576403E-8,1.));
#7132=DIRECTION('center_axis',(1.,0.,0.));
#7133=DIRECTION('ref_axis',(0.,-1.,0.));
#7134=DIRECTION('center_axis',(0.,-0.707106781186498,-0.707106781186598));
#7135=DIRECTION('ref_axis',(0.,-0.707106781186598,0.707106781186498));
#7136=DIRECTION('center_axis',(0.,0.,1.));
#7137=DIRECTION('ref_axis',(-1.,0.,0.));
#7138=DIRECTION('',(0.,0.,1.));
#7139=DIRECTION('center_axis',(0.,0.,-1.));
#7140=DIRECTION('ref_axis',(-1.,0.,0.));
#7141=DIRECTION('center_axis',(0.,0.,-1.));
#7142=DIRECTION('ref_axis',(-1.,0.,0.));
#7143=DIRECTION('center_axis',(0.,0.,1.));
#7144=DIRECTION('ref_axis',(0.,-1.,0.));
#7145=DIRECTION('',(-8.65956056235493E-17,0.707106781186548,0.707106781186548));
#7146=DIRECTION('center_axis',(0.707106781186598,-0.707106781186498,0.));
#7147=DIRECTION('ref_axis',(-0.707106781186498,-0.707106781186598,0.));
#7148=DIRECTION('center_axis',(0.,0.,1.));
#7149=DIRECTION('ref_axis',(-0.965925826289071,-0.258819045102509,0.));
#7150=DIRECTION('',(0.,0.,-1.));
#7151=DIRECTION('center_axis',(0.,0.,1.));
#7152=DIRECTION('ref_axis',(-0.929081793292001,0.369874331866,0.));
#7153=DIRECTION('',(0.,0.,-1.));
#7154=DIRECTION('center_axis',(0.123669604402695,-0.99232344976166,0.));
#7155=DIRECTION('ref_axis',(-0.99232344976166,-0.123669604402695,0.));
#7156=DIRECTION('',(0.,0.,-1.));
#7157=DIRECTION('',(-0.808368245183458,-0.100743947064395,0.57999261832277));
#7158=DIRECTION('center_axis',(0.,0.,-1.));
#7159=DIRECTION('ref_axis',(0.,-1.,0.));
#7160=DIRECTION('center_axis',(0.,0.,1.));
#7161=DIRECTION('ref_axis',(-0.929081793292001,0.369874331866,0.));
#7162=DIRECTION('center_axis',(-0.389060705792003,0.921212118466007,0.));
#7163=DIRECTION('ref_axis',(0.921212118466007,0.389060705792003,0.));
#7164=DIRECTION('',(0.,0.,-1.));
#7165=DIRECTION('',(0.75043940947371,0.316937305156404,-0.579992618322808));
#7166=DIRECTION('center_axis',(0.382683432365094,0.923879532511285,0.));
#7167=DIRECTION('ref_axis',(-0.923879532511285,0.382683432365094,0.));
#7168=DIRECTION('',(-0.923879532616202,0.382683432111801,2.74185115094601E-10));
#7169=DIRECTION('',(-1.440433287359E-9,3.650452780345E-10,-1.));
#7170=DIRECTION('center_axis',(0.270598050073107,0.653281482438217,0.707106781186518));
#7171=DIRECTION('ref_axis',(0.270598050073084,0.653281482438162,-0.707106781186577));
#7172=DIRECTION('',(-0.92387953272112,0.382683431858508,5.48368543097712E-10));
#7173=DIRECTION('',(0.270598041427308,0.65328148601942,-0.707106781186522));
#7174=DIRECTION('center_axis',(0.,0.,1.));
#7175=DIRECTION('ref_axis',(0.,-1.,0.));
#7176=DIRECTION('',(-0.644691685204478,0.29046967316429,-0.707106781186576));
#7177=DIRECTION('center_axis',(0.,0.,-1.));
#7178=DIRECTION('ref_axis',(0.911731743937089,-0.410786108695795,0.));
#7179=DIRECTION('center_axis',(0.,0.,-1.));
#7180=DIRECTION('ref_axis',(0.911731743937035,-0.410786108695916,0.));
#7181=DIRECTION('center_axis',(0.,0.,-1.));
#7182=DIRECTION('ref_axis',(0.965925826212407,0.258819045388623,0.));
#7183=DIRECTION('center_axis',(0.,0.,1.));
#7184=DIRECTION('ref_axis',(-0.584189797338284,-0.811617077620878,0.));
#7185=DIRECTION('',(-0.413084545455024,-0.573899954962733,-0.70710678118654));
#7186=DIRECTION('center_axis',(0.,0.,1.));
#7187=DIRECTION('ref_axis',(-0.584189797338284,-0.811617077620878,0.));
#7188=DIRECTION('center_axis',(0.,0.,1.));
#7189=DIRECTION('ref_axis',(1.,0.,0.));
#7190=DIRECTION('',(0.608761429443794,0.793353339957392,-5.48360112806194E-10));
#7191=DIRECTION('center_axis',(0.,0.,-1.));
#7192=DIRECTION('ref_axis',(-0.793353340291232,0.608761429008725,0.));
#7193=DIRECTION('center_axis',(0.,0.,1.));
#7194=DIRECTION('ref_axis',(1.,0.,0.));
#7195=DIRECTION('center_axis',(0.,0.,1.));
#7196=DIRECTION('ref_axis',(1.,0.,0.));
#7197=DIRECTION('center_axis',(0.,0.,1.));
#7198=DIRECTION('ref_axis',(1.,0.,0.));
#7199=DIRECTION('',(0.,0.,-1.));
#7200=DIRECTION('center_axis',(0.,0.,1.));
#7201=DIRECTION('ref_axis',(1.,0.,0.));
#7202=DIRECTION('center_axis',(0.,0.,1.));
#7203=DIRECTION('ref_axis',(1.,0.,0.));
#7204=DIRECTION('center_axis',(0.,0.,1.));
#7205=DIRECTION('ref_axis',(1.,0.,0.));
#7206=DIRECTION('center_axis',(0.,0.,1.));
#7207=DIRECTION('ref_axis',(1.,0.,0.));
#7208=DIRECTION('',(0.,0.,-1.));
#7209=DIRECTION('center_axis',(0.,0.,1.));
#7210=DIRECTION('ref_axis',(1.,0.,0.));
#7211=DIRECTION('center_axis',(0.,0.,-1.));
#7212=DIRECTION('ref_axis',(0.,-1.,0.));
#7213=DIRECTION('',(-8.65956056235493E-17,-0.707106781186548,0.707106781186548));
#7214=DIRECTION('center_axis',(0.,0.,1.));
#7215=DIRECTION('ref_axis',(1.,0.,0.));
#7216=DIRECTION('center_axis',(0.,0.,1.));
#7217=DIRECTION('ref_axis',(1.,0.,0.));
#7218=DIRECTION('center_axis',(0.,0.,1.));
#7219=DIRECTION('ref_axis',(-0.145687879507573,0.989330602864678,0.));
#7220=DIRECTION('',(0.560985521099995,-0.430459342001196,-0.707106781186593));
#7221=DIRECTION('center_axis',(0.,0.,-1.));
#7222=DIRECTION('ref_axis',(-0.793353340291232,0.608761429008725,0.));
#7223=DIRECTION('center_axis',(0.,0.,1.));
#7224=DIRECTION('ref_axis',(0.584189797338332,0.811617077620844,0.));
#7225=DIRECTION('',(1.064925925448E-9,1.036347633446E-9,1.));
#7226=DIRECTION('',(-1.333014751945E-8,9.718561427893E-9,1.));
#7227=DIRECTION('center_axis',(0.,0.,1.));
#7228=DIRECTION('ref_axis',(1.,0.,0.));
#7229=DIRECTION('',(7.889084939388E-9,1.796727836133E-8,-1.));
#7230=DIRECTION('center_axis',(0.,0.,-1.));
#7231=DIRECTION('ref_axis',(0.911731743937089,-0.410786108695795,0.));
#7232=DIRECTION('center_axis',(0.793353340291232,-0.608761429008725,0.));
#7233=DIRECTION('ref_axis',(0.608761429008725,0.793353340291232,0.));
#7234=DIRECTION('',(0.608761429226228,0.793353340124336,-2.74181742978012E-10));
#7235=DIRECTION('center_axis',(0.560985526796924,-0.430459334576918,0.70710678118653));
#7236=DIRECTION('ref_axis',(0.560985526796896,-0.430459334576897,-0.707106781186565));
#7237=DIRECTION('center_axis',(-0.707106781186598,0.,0.707106781186498));
#7238=DIRECTION('ref_axis',(-0.707106781186498,0.,-0.707106781186598));
#7239=DIRECTION('',(-8.78279110401412E-8,-0.999999999999914,4.06093305455806E-7));
#7240=DIRECTION('center_axis',(-0.707086091108342,4.78743981785958E-5,0.707127469038763));
#7241=DIRECTION('ref_axis',(0.705674255804734,-0.0640300592456536,0.705637297914044));
#7242=DIRECTION('center_axis',(-1.,0.,0.));
#7243=DIRECTION('ref_axis',(0.,-1.,0.));
#7244=DIRECTION('',(5.58851015340598E-9,-8.27169846440397E-8,0.999999999999997));
#7245=DIRECTION('',(0.,-1.,0.));
#7246=DIRECTION('',(-1.04812979131999E-7,-5.22654623799796E-8,0.999999999999993));
#7247=DIRECTION('center_axis',(0.,0.,-1.));
#7248=DIRECTION('ref_axis',(0.707106915402445,-0.707106646970624,0.));
#7249=DIRECTION('center_axis',(0.,0.,1.));
#7250=DIRECTION('ref_axis',(-1.,0.,0.));
#7251=DIRECTION('center_axis',(0.,0.,-1.));
#7252=DIRECTION('ref_axis',(0.047619047619048,0.998865569685859,0.));
#7253=DIRECTION('',(-8.27169846440397E-8,-5.58848681025298E-9,0.999999999999997));
#7254=DIRECTION('center_axis',(0.,0.,1.));
#7255=DIRECTION('ref_axis',(0.,-1.,0.));
#7256=DIRECTION('center_axis',(4.7875742754592E-5,0.707086090533227,0.707127469613754));
#7257=DIRECTION('ref_axis',(-0.0652437036749699,-0.705618627523762,0.705581754031561));
#7258=DIRECTION('center_axis',(0.,0.707106781186598,0.707106781186498));
#7259=DIRECTION('ref_axis',(0.,0.707106781186498,-0.707106781186598));
#7260=DIRECTION('',(-0.999999999999967,5.44853898302882E-8,2.51927145447092E-7));
#7261=DIRECTION('center_axis',(0.,1.,0.));
#7262=DIRECTION('ref_axis',(-1.,0.,0.));
#7263=DIRECTION('',(-1.,0.,0.));
#7264=DIRECTION('',(-5.22654796880696E-8,1.04812589813899E-7,0.999999999999993));
#7265=DIRECTION('center_axis',(0.,0.,-1.));
#7266=DIRECTION('ref_axis',(-1.,0.,0.));
#7267=DIRECTION('center_axis',(0.,0.,1.));
#7268=DIRECTION('ref_axis',(-1.,0.,0.));
#7269=DIRECTION('center_axis',(0.,0.,-1.));
#7270=DIRECTION('ref_axis',(0.998865569685859,-0.047619047619048,0.));
#7271=DIRECTION('',(-5.58848419126498E-9,8.27169857827397E-8,0.999999999999997));
#7272=DIRECTION('center_axis',(0.,0.,1.));
#7273=DIRECTION('ref_axis',(0.,-1.,0.));
#7274=DIRECTION('center_axis',(0.707086090458632,-4.78759182316847E-5,0.707127469688333));
#7275=DIRECTION('ref_axis',(0.705613197191682,-0.0653609663251702,-0.705576331823831));
#7276=DIRECTION('center_axis',(0.707106781186598,0.,0.707106781186498));
#7277=DIRECTION('ref_axis',(0.707106781186498,0.,-0.707106781186598));
#7278=DIRECTION('',(8.78272218587212E-8,0.999999999999914,4.06093305455806E-7));
#7279=DIRECTION('center_axis',(0.,0.,1.));
#7280=DIRECTION('ref_axis',(-0.707103291669518,0.707110270686356,0.));
#7281=DIRECTION('center_axis',(0.,0.,1.));
#7282=DIRECTION('ref_axis',(-1.,0.,0.));
#7283=DIRECTION('center_axis',(-4.78744064802413E-5,-0.707086091104815,
0.70712746904229));
#7284=DIRECTION('ref_axis',(-0.0640355897207326,-0.705674004689277,-0.705637047181422));
#7285=DIRECTION('center_axis',(0.,0.,-1.));
#7286=DIRECTION('ref_axis',(-1.,0.,0.));
#7287=DIRECTION('',(1.04812140145399E-7,5.22655020063896E-8,0.999999999999993));
#7288=DIRECTION('center_axis',(0.,0.,-1.));
#7289=DIRECTION('ref_axis',(-0.047619047619048,-0.998865569685859,0.));
#7290=DIRECTION('',(8.27169855549997E-8,5.58850924245298E-9,0.999999999999997));
#7291=DIRECTION('center_axis',(0.,-1.,0.));
#7292=DIRECTION('ref_axis',(1.,0.,0.));
#7293=DIRECTION('',(0.999999999999967,-5.44857303271782E-8,2.51927145447092E-7));
#7294=DIRECTION('',(1.,0.,0.));
#7295=DIRECTION('',(5.22654505376096E-8,-1.04813257883199E-7,0.999999999999993));
#7296=DIRECTION('center_axis',(0.,-0.707106781186598,0.707106781186498));
#7297=DIRECTION('ref_axis',(0.,-0.707106781186498,-0.707106781186598));
#7298=DIRECTION('center_axis',(0.,0.,1.));
#7299=DIRECTION('ref_axis',(0.70711027068681,0.707103291669064,0.));
#7300=DIRECTION('center_axis',(0.,0.,1.));
#7301=DIRECTION('ref_axis',(-1.,0.,0.));
#7302=DIRECTION('center_axis',(0.,0.,-1.));
#7303=DIRECTION('ref_axis',(0.707106646970257,0.707106915402812,0.));
#7304=DIRECTION('center_axis',(0.,0.,-1.));
#7305=DIRECTION('ref_axis',(-0.998865569685859,0.047619047619048,0.));
#7306=DIRECTION('center_axis',(0.,0.,-1.));
#7307=DIRECTION('ref_axis',(-1.,0.,0.));
#7308=DIRECTION('',(0.,1.,0.));
#7309=DIRECTION('center_axis',(0.,0.,-1.));
#7310=DIRECTION('ref_axis',(-1.,0.,0.));
#7311=DIRECTION('',(0.,-1.,0.));
#7312=DIRECTION('center_axis',(0.,0.,-1.));
#7313=DIRECTION('ref_axis',(-0.998865569685859,0.047619047619048,0.));
#7314=DIRECTION('',(1.,0.,0.));
#7315=DIRECTION('center_axis',(0.,0.,-1.));
#7316=DIRECTION('ref_axis',(-0.047619047619048,-0.998865569685859,0.));
#7317=DIRECTION('',(0.,1.,0.));
#7318=DIRECTION('center_axis',(0.,0.,-1.));
#7319=DIRECTION('ref_axis',(0.998865569685859,-0.047619047619048,0.));
#7320=DIRECTION('',(-1.,0.,0.));
#7321=DIRECTION('center_axis',(0.,0.,-1.));
#7322=DIRECTION('ref_axis',(0.047619047619048,0.998865569685859,0.));
#7323=DIRECTION('center_axis',(1.,0.,0.));
#7324=DIRECTION('ref_axis',(0.,1.,0.));
#7325=DIRECTION('center_axis',(-1.,0.,0.));
#7326=DIRECTION('ref_axis',(0.,-1.,0.));
#7327=DIRECTION('',(-8.78280628629712E-8,-0.999999999999914,4.06093305455806E-7));
#7328=DIRECTION('',(5.58851516364298E-9,-8.27169864659497E-8,0.999999999999997));
#7329=DIRECTION('',(-1.04813165877099E-7,-5.22654525872496E-8,0.999999999999993));
#7330=DIRECTION('center_axis',(-0.707106781186598,0.,0.707106781186498));
#7331=DIRECTION('ref_axis',(-0.707106781186498,0.,-0.707106781186598));
#7332=DIRECTION('center_axis',(-0.707086091643463,4.78731310510332E-5,0.70712746850376));
#7333=DIRECTION('ref_axis',(0.705690031824888,-0.0636816416083811,0.705653050376068));
#7334=DIRECTION('center_axis',(0.,0.,1.));
#7335=DIRECTION('ref_axis',(0.,-1.,0.));
#7336=DIRECTION('center_axis',(0.,0.,1.));
#7337=DIRECTION('ref_axis',(-1.,0.,0.));
#7338=DIRECTION('center_axis',(4.78752303071749E-5,0.707086090751068,0.707127469395961));
#7339=DIRECTION('ref_axis',(-0.0648837362033964,-0.705635236189602,0.705598337741758));
#7340=DIRECTION('center_axis',(0.,0.,-1.));
#7341=DIRECTION('ref_axis',(0.707106915402691,-0.707106646970379,0.));
#7342=DIRECTION('',(-8.27169891988097E-8,-5.58849318691898E-9,0.999999999999997));
#7343=DIRECTION('center_axis',(0.,1.,0.));
#7344=DIRECTION('ref_axis',(-1.,0.,0.));
#7345=DIRECTION('',(-0.999999999999967,5.44855567350182E-8,2.51927145447092E-7));
#7346=DIRECTION('',(-5.22654669347396E-8,1.04812921741999E-7,0.999999999999993));
#7347=DIRECTION('center_axis',(0.,0.707106781186598,0.707106781186498));
#7348=DIRECTION('ref_axis',(0.,0.707106781186498,-0.707106781186598));
#7349=DIRECTION('center_axis',(0.,0.,1.));
#7350=DIRECTION('ref_axis',(0.,-1.,0.));
#7351=DIRECTION('center_axis',(0.,0.,1.));
#7352=DIRECTION('ref_axis',(-1.,0.,0.));
#7353=DIRECTION('center_axis',(0.707086090320953,-4.78762504247029E-5,0.707127469825981));
#7354=DIRECTION('ref_axis',(0.705617369330243,-0.0652708956745074,-0.705580497375966));
#7355=DIRECTION('center_axis',(0.,0.,-1.));
#7356=DIRECTION('ref_axis',(-1.,0.,0.));
#7357=DIRECTION('',(-5.58848737959798E-9,8.27169857827397E-8,0.999999999999997));
#7358=DIRECTION('center_axis',(1.,0.,0.));
#7359=DIRECTION('ref_axis',(0.,1.,0.));
#7360=DIRECTION('',(8.78279893068012E-8,0.999999999999914,4.06093305455806E-7));
#7361=DIRECTION('',(1.04813101199499E-7,5.22654564587996E-8,0.999999999999993));
#7362=DIRECTION('center_axis',(0.707106781186598,0.,0.707106781186498));
#7363=DIRECTION('ref_axis',(0.707106781186498,0.,-0.707106781186598));
#7364=DIRECTION('center_axis',(0.,0.,1.));
#7365=DIRECTION('ref_axis',(-0.707103291669502,0.707110270686373,0.));
#7366=DIRECTION('center_axis',(0.,0.,1.));
#7367=DIRECTION('ref_axis',(-1.,0.,0.));
#7368=DIRECTION('center_axis',(-4.78751189753822E-5,-0.707086090801931,
0.707127469345108));
#7369=DIRECTION('ref_axis',(-0.0646847606562746,-0.70564437728182,-0.705607464918983));
#7370=DIRECTION('center_axis',(0.,0.,-1.));
#7371=DIRECTION('ref_axis',(-1.,0.,0.));
#7372=DIRECTION('',(8.27169837330897E-8,5.58849740007398E-9,0.999999999999997));
#7373=DIRECTION('center_axis',(0.,-1.,0.));
#7374=DIRECTION('ref_axis',(1.,0.,0.));
#7375=DIRECTION('',(0.999999999999967,-5.44853962929282E-8,2.51927145447092E-7));
#7376=DIRECTION('',(5.22654792325897E-8,-1.04812593343899E-7,0.999999999999993));
#7377=DIRECTION('center_axis',(0.,-0.707106781186598,0.707106781186498));
#7378=DIRECTION('ref_axis',(0.,-0.707106781186498,-0.707106781186598));
#7379=DIRECTION('center_axis',(0.,0.,1.));
#7380=DIRECTION('ref_axis',(0.707110270687824,0.707103291668051,0.));
#7381=DIRECTION('center_axis',(0.,0.,1.));
#7382=DIRECTION('ref_axis',(-1.,0.,0.));
#7383=DIRECTION('center_axis',(0.,0.,-1.));
#7384=DIRECTION('ref_axis',(0.707106646971132,0.707106915401938,0.));
#7385=DIRECTION('center_axis',(0.950645279392878,-0.310279797550593,0.));
#7386=DIRECTION('ref_axis',(0.310279797550593,0.950645279392878,0.));
#7387=DIRECTION('',(0.,0.,-1.));
#7388=DIRECTION('',(0.310279797550593,0.950645279392878,0.));
#7389=DIRECTION('',(0.,0.,-1.));
#7390=DIRECTION('center_axis',(1.,0.,0.));
#7391=DIRECTION('ref_axis',(0.,1.,0.));
#7392=DIRECTION('',(0.,1.,0.));
#7393=DIRECTION('',(0.,-1.42108547152E-14,-1.));
#7394=DIRECTION('center_axis',(0.950645279392878,0.310279797550593,0.));
#7395=DIRECTION('ref_axis',(-0.310279797550593,0.950645279392878,0.));
#7396=DIRECTION('',(-0.310279797550593,0.950645279392878,0.));
#7397=DIRECTION('',(0.,2.84217094304E-14,-1.));
#7398=DIRECTION('center_axis',(0.714510218035262,0.699625005501663,0.));
#7399=DIRECTION('ref_axis',(-0.699625005501663,0.714510218035262,0.));
#7400=DIRECTION('',(-0.699625005501663,0.714510218035262,0.));
#7401=DIRECTION('',(2.84217094304E-14,-1.42108547152E-14,-1.));
#7402=DIRECTION('center_axis',(0.322263763377203,0.946649917770008,0.));
#7403=DIRECTION('ref_axis',(-0.946649917770008,0.322263763377203,0.));
#7404=DIRECTION('',(-0.946649917770008,0.322263763377203,0.));
#7405=DIRECTION('',(-4.263256414561E-14,0.,-1.));
#7406=DIRECTION('center_axis',(0.,1.,0.));
#7407=DIRECTION('ref_axis',(-1.,0.,0.));
#7408=DIRECTION('',(-1.,0.,0.));
#7409=DIRECTION('',(0.,0.,-1.));
#7410=DIRECTION('center_axis',(-1.,0.,0.));
#7411=DIRECTION('ref_axis',(0.,-1.,0.));
#7412=DIRECTION('',(0.,-1.,0.));
#7413=DIRECTION('',(0.,0.,-1.));
#7414=DIRECTION('center_axis',(0.,-1.,0.));
#7415=DIRECTION('ref_axis',(1.,0.,0.));
#7416=DIRECTION('',(1.,0.,0.));
#7417=DIRECTION('',(0.,0.,-1.));
#7418=DIRECTION('center_axis',(0.322263763377203,-0.946649917770008,0.));
#7419=DIRECTION('ref_axis',(0.946649917770008,0.322263763377203,0.));
#7420=DIRECTION('',(0.946649917770008,0.322263763377203,0.));
#7421=DIRECTION('',(1.86517468137E-14,0.,-1.));
#7422=DIRECTION('center_axis',(0.714510218035262,-0.699625005501663,0.));
#7423=DIRECTION('ref_axis',(0.699625005501663,0.714510218035262,0.));
#7424=DIRECTION('',(0.699625005501663,0.714510218035262,0.));
#7425=DIRECTION('center_axis',(0.,0.,1.));
#7426=DIRECTION('ref_axis',(1.,0.,0.));
#7427=DIRECTION('',(-0.310279797550593,-0.950645279392878,0.));
#7428=DIRECTION('',(0.,-1.,0.));
#7429=DIRECTION('',(0.310279797550593,-0.950645279392878,0.));
#7430=DIRECTION('',(0.591909548749597,-0.806004395831095,0.));
#7431=DIRECTION('',(0.793878111008659,-0.608076923473769,0.));
#7432=DIRECTION('',(0.979770716762532,-0.200123318418006,0.));
#7433=DIRECTION('',(1.,0.,0.));
#7434=DIRECTION('',(0.,1.,0.));
#7435=DIRECTION('',(-1.,0.,0.));
#7436=DIRECTION('',(0.,-1.,0.));
#7437=DIRECTION('',(-1.,0.,0.));
#7438=DIRECTION('',(-0.349493073692587,0.936938947552565,0.));
#7439=DIRECTION('',(-1.,0.,0.));
#7440=DIRECTION('',(0.357788512600894,-0.933802645236583,0.));
#7441=DIRECTION('',(-0.890605242949827,-0.454777199549714,0.));
#7442=DIRECTION('',(-0.591909548749597,-0.806004395831095,0.));
#7443=DIRECTION('center_axis',(-0.950645279392878,0.310279797550593,0.));
#7444=DIRECTION('ref_axis',(-0.310279797550593,-0.950645279392878,0.));
#7445=DIRECTION('',(0.,0.,-1.));
#7446=DIRECTION('',(0.,2.84217094304E-14,-1.));
#7447=DIRECTION('center_axis',(-0.806004395831095,0.591909548749597,0.));
#7448=DIRECTION('ref_axis',(-0.591909548749597,-0.806004395831095,0.));
#7449=DIRECTION('',(0.,0.,-1.));
#7450=DIRECTION('center_axis',(-0.454777199549714,0.890605242949827,0.));
#7451=DIRECTION('ref_axis',(-0.890605242949827,-0.454777199549714,0.));
#7452=DIRECTION('',(0.,0.,-1.));
#7453=DIRECTION('center_axis',(-0.933802645236583,-0.357788512600894,0.));
#7454=DIRECTION('ref_axis',(0.357788512600894,-0.933802645236583,0.));
#7455=DIRECTION('',(0.,0.,-1.));
#7456=DIRECTION('center_axis',(0.,1.,0.));
#7457=DIRECTION('ref_axis',(-1.,0.,0.));
#7458=DIRECTION('',(0.,0.,-1.));
#7459=DIRECTION('center_axis',(0.936938947552565,0.349493073692587,0.));
#7460=DIRECTION('ref_axis',(-0.349493073692587,0.936938947552565,0.));
#7461=DIRECTION('',(0.,0.,-1.));
#7462=DIRECTION('center_axis',(0.,1.,0.));
#7463=DIRECTION('ref_axis',(-1.,0.,0.));
#7464=DIRECTION('',(0.,0.,-1.));
#7465=DIRECTION('center_axis',(-1.,0.,0.));
#7466=DIRECTION('ref_axis',(0.,-1.,0.));
#7467=DIRECTION('',(0.,0.,-1.));
#7468=DIRECTION('center_axis',(0.,1.,0.));
#7469=DIRECTION('ref_axis',(-1.,0.,0.));
#7470=DIRECTION('',(0.,0.,-1.));
#7471=DIRECTION('center_axis',(1.,0.,0.));
#7472=DIRECTION('ref_axis',(0.,1.,0.));
#7473=DIRECTION('',(0.,0.,-1.));
#7474=DIRECTION('center_axis',(0.,-1.,0.));
#7475=DIRECTION('ref_axis',(1.,0.,0.));
#7476=DIRECTION('',(-2.75335310107E-14,0.,-1.));
#7477=DIRECTION('center_axis',(-0.200123318418102,-0.979770716762512,0.));
#7478=DIRECTION('ref_axis',(0.979770716762512,-0.200123318418102,0.));
#7479=DIRECTION('',(0.,0.,-1.));
#7480=DIRECTION('center_axis',(-0.608076923473769,-0.793878111008659,0.));
#7481=DIRECTION('ref_axis',(0.793878111008659,-0.608076923473769,0.));
#7482=DIRECTION('',(0.,0.,-1.));
#7483=DIRECTION('center_axis',(-0.806004395831095,-0.591909548749597,0.));
#7484=DIRECTION('ref_axis',(0.591909548749597,-0.806004395831095,0.));
#7485=DIRECTION('',(0.,1.42108547152E-14,-1.));
#7486=DIRECTION('center_axis',(-0.950645279392878,-0.310279797550593,0.));
#7487=DIRECTION('ref_axis',(0.310279797550593,-0.950645279392878,0.));
#7488=DIRECTION('',(0.,2.84217094304E-14,-1.));
#7489=DIRECTION('center_axis',(-1.,0.,0.));
#7490=DIRECTION('ref_axis',(0.,-1.,0.));
#7491=DIRECTION('center_axis',(0.,0.,-1.));
#7492=DIRECTION('ref_axis',(-1.,0.,0.));
#7493=DIRECTION('center_axis',(0.,0.,-1.));
#7494=DIRECTION('ref_axis',(-1.,0.,0.));
#7495=DIRECTION('',(0.,0.,-1.));
#7496=DIRECTION('center_axis',(0.,0.,-1.));
#7497=DIRECTION('ref_axis',(-1.,0.,0.));
#7498=DIRECTION('center_axis',(0.,0.,-1.));
#7499=DIRECTION('ref_axis',(-1.,0.,0.));
#7500=DIRECTION('center_axis',(0.,0.,-1.));
#7501=DIRECTION('ref_axis',(-1.,0.,0.));
#7502=DIRECTION('center_axis',(0.,0.,-1.));
#7503=DIRECTION('ref_axis',(-1.,0.,0.));
#7504=DIRECTION('',(0.,0.,-1.));
#7505=DIRECTION('center_axis',(0.,0.,-1.));
#7506=DIRECTION('ref_axis',(-1.,0.,0.));
#7507=DIRECTION('center_axis',(0.,1.,0.));
#7508=DIRECTION('ref_axis',(1.,0.,0.));
#7509=DIRECTION('',(0.,0.,1.));
#7510=DIRECTION('',(1.,0.,0.));
#7511=DIRECTION('',(0.,0.,1.));
#7512=DIRECTION('center_axis',(-0.707106781186598,-0.707106781186498,0.));
#7513=DIRECTION('ref_axis',(-0.707106781186498,0.707106781186598,0.));
#7514=DIRECTION('',(-0.707106781186498,0.707106781186598,0.));
#7515=DIRECTION('',(0.,0.,1.));
#7516=DIRECTION('center_axis',(1.,0.,0.));
#7517=DIRECTION('ref_axis',(0.,-1.,0.));
#7518=DIRECTION('',(0.,-1.,0.));
#7519=DIRECTION('center_axis',(0.,0.,-1.));
#7520=DIRECTION('ref_axis',(-1.,0.,0.));
#7521=DIRECTION('center_axis',(0.,0.,-1.));
#7522=DIRECTION('ref_axis',(-1.,0.,0.));
#7523=DIRECTION('',(0.,-1.,0.));
#7524=DIRECTION('',(-0.707106781186498,0.707106781186597,0.));
#7525=DIRECTION('',(0.,1.,0.));
#7526=DIRECTION('',(-0.707106781186598,0.707106781186498,0.));
#7527=DIRECTION('',(-1.,0.,0.));
#7528=DIRECTION('',(-0.707106781186597,0.707106781186498,0.));
#7529=DIRECTION('',(1.,0.,0.));
#7530=DIRECTION('',(0.707106781186498,-0.707106781186598,0.));
#7531=DIRECTION('center_axis',(0.,0.,-1.));
#7532=DIRECTION('ref_axis',(-1.,0.,0.));
#7533=DIRECTION('',(0.,-1.,0.));
#7534=DIRECTION('',(-0.999999666792384,-0.000816342526706387,0.));
#7535=DIRECTION('',(0.,1.,0.));
#7536=DIRECTION('',(0.707106781186598,0.707106781186498,0.));
#7537=DIRECTION('',(0.999999628053958,0.000862491706949964,0.));
#7538=DIRECTION('',(0.707106781186498,-0.707106781186597,0.));
#7539=DIRECTION('',(0.,-1.,0.));
#7540=DIRECTION('',(-0.707106781186598,-0.707106781186498,0.));
#7541=DIRECTION('',(-0.999999628938438,-0.000861465603239233,0.));
#7542=DIRECTION('',(-0.707106781186598,0.707106781186498,0.));
#7543=DIRECTION('',(0.999999636890621,0.000852184619425318,0.));
#7544=DIRECTION('',(0.707106781186598,0.707106781186498,0.));
#7545=DIRECTION('',(0.,1.,0.));
#7546=DIRECTION('',(-0.999999434301881,-0.00106367096319998,0.));
#7547=DIRECTION('',(-0.707106781186598,0.707106781186498,0.));
#7548=DIRECTION('',(0.999999539519883,0.000959666620673483,0.));
#7549=DIRECTION('',(0.,1.,0.));
#7550=DIRECTION('',(-0.707106781186698,0.707106781186397,0.));
#7551=DIRECTION('',(-0.99999962176381,-0.000869754124050609,0.));
#7552=DIRECTION('center_axis',(0.,0.,-1.));
#7553=DIRECTION('ref_axis',(-1.,0.,0.));
#7554=DIRECTION('',(1.,0.,0.));
#7555=DIRECTION('',(0.,-1.,0.));
#7556=DIRECTION('',(-0.707106781186598,0.707106781186498,0.));
#7557=DIRECTION('center_axis',(0.,0.,-1.));
#7558=DIRECTION('ref_axis',(-1.,0.,0.));
#7559=DIRECTION('',(0.,-1.,0.));
#7560=DIRECTION('',(-0.707106781186498,-0.707106781186598,0.));
#7561=DIRECTION('',(-1.,0.,0.));
#7562=DIRECTION('',(-0.707106781186498,0.707106781186598,0.));
#7563=DIRECTION('',(0.,1.,0.));
#7564=DIRECTION('',(0.707106781186498,0.707106781186598,0.));
#7565=DIRECTION('',(1.,0.,0.));
#7566=DIRECTION('',(0.707106781186598,-0.707106781186498,0.));
#7567=DIRECTION('',(-0.707106781186398,-0.707106781186697,0.));
#7568=DIRECTION('',(0.,-1.,0.));
#7569=DIRECTION('',(0.707106781186398,-0.707106781186697,0.));
#7570=DIRECTION('',(1.,0.,0.));
#7571=DIRECTION('',(0.707106781186598,0.707106781186498,0.));
#7572=DIRECTION('',(0.,1.,0.));
#7573=DIRECTION('',(-0.707106781186598,0.707106781186498,0.));
#7574=DIRECTION('',(-1.,0.,0.));
#7575=DIRECTION('center_axis',(0.,0.,-1.));
#7576=DIRECTION('ref_axis',(-1.,0.,0.));
#7577=DIRECTION('',(0.,1.,0.));
#7578=DIRECTION('',(0.707106781186498,0.707106781186598,0.));
#7579=DIRECTION('',(1.,0.,0.));
#7580=DIRECTION('',(0.707106781186498,-0.707106781186597,0.));
#7581=DIRECTION('',(0.,-1.,0.));
#7582=DIRECTION('',(-0.707106781186398,0.707106781186697,0.));
#7583=DIRECTION('',(0.,1.,0.));
#7584=DIRECTION('',(-1.,0.,0.));
#7585=DIRECTION('',(-0.707106781186598,-0.707106781186498,0.));
#7586=DIRECTION('',(0.,-1.,0.));
#7587=DIRECTION('',(0.707106781186298,-0.707106781186797,0.));
#7588=DIRECTION('',(1.,0.,0.));
#7589=DIRECTION('',(0.,-1.,0.));
#7590=DIRECTION('',(-1.,0.,0.));
#7591=DIRECTION('',(-0.707106781186498,-0.707106781186597,0.));
#7592=DIRECTION('',(0.,-1.,0.));
#7593=DIRECTION('',(0.707106781186797,-0.707106781186298,0.));
#7594=DIRECTION('',(1.,0.,0.));
#7595=DIRECTION('',(0.707106781186597,-0.707106781186498,0.));
#7596=DIRECTION('',(-1.,0.,0.));
#7597=DIRECTION('',(-0.707106781186498,0.707106781186598,0.));
#7598=DIRECTION('',(0.,1.,0.));
#7599=DIRECTION('',(0.707106781186498,0.707106781186597,0.));
#7600=DIRECTION('',(-0.707106781186498,0.707106781186597,0.));
#7601=DIRECTION('center_axis',(0.,0.,-1.));
#7602=DIRECTION('ref_axis',(-1.,0.,0.));
#7603=DIRECTION('',(0.,-1.,0.));
#7604=DIRECTION('',(1.,0.,0.));
#7605=DIRECTION('',(0.,-1.,0.));
#7606=DIRECTION('',(-1.,0.,0.));
#7607=DIRECTION('',(0.,-1.,0.));
#7608=DIRECTION('',(-0.707106781186498,-0.707106781186597,0.));
#7609=DIRECTION('',(-1.,0.,0.));
#7610=DIRECTION('',(-0.707106781186598,0.707106781186498,0.));
#7611=DIRECTION('',(1.,0.,0.));
#7612=DIRECTION('',(0.707106781186898,0.707106781186198,0.));
#7613=DIRECTION('',(-1.,0.,0.));
#7614=DIRECTION('',(-0.707106781186698,0.707106781186398,0.));
#7615=DIRECTION('',(1.,0.,0.));
#7616=DIRECTION('',(0.,1.,0.));
#7617=DIRECTION('',(0.707106781186498,-0.707106781186597,0.));
#7618=DIRECTION('center_axis',(0.,0.,-1.));
#7619=DIRECTION('ref_axis',(-1.,0.,0.));
#7620=DIRECTION('',(0.,-1.,0.));
#7621=DIRECTION('',(-0.707106781186598,0.707106781186498,0.));
#7622=DIRECTION('',(1.,-2.244520816182E-14,0.));
#7623=DIRECTION('center_axis',(0.,0.,-1.));
#7624=DIRECTION('ref_axis',(-1.,0.,0.));
#7625=DIRECTION('',(0.707106781186498,-0.707106781186598,0.));
#7626=DIRECTION('',(-1.,1.579694912052E-14,0.));
#7627=DIRECTION('',(-0.707106781186598,0.707106781186498,0.));
#7628=DIRECTION('',(1.,0.,0.));
#7629=DIRECTION('center_axis',(0.,0.,-1.));
#7630=DIRECTION('ref_axis',(-1.,0.,0.));
#7631=DIRECTION('',(0.707106781186598,-0.707106781186498,0.));
#7632=DIRECTION('',(-1.,0.,0.));
#7633=DIRECTION('',(-0.707106781186498,0.707106781186598,0.));
#7634=DIRECTION('',(1.,0.,0.));
#7635=DIRECTION('center_axis',(0.,0.,-1.));
#7636=DIRECTION('ref_axis',(-1.,0.,0.));
#7637=DIRECTION('',(0.707106781186598,-0.707106781186498,0.));
#7638=DIRECTION('',(-1.,3.159389824103E-14,0.));
#7639=DIRECTION('',(-0.707106781186498,0.707106781186598,0.));
#7640=DIRECTION('',(1.,-3.94923728013E-14,0.));
#7641=DIRECTION('center_axis',(0.,0.,-1.));
#7642=DIRECTION('ref_axis',(-1.,0.,0.));
#7643=DIRECTION('',(0.707106781186598,-0.707106781186498,0.));
#7644=DIRECTION('',(-1.,2.369542368077E-14,0.));
#7645=DIRECTION('',(-0.707106781186498,0.707106781186598,0.));
#7646=DIRECTION('',(1.,0.,0.));
#7647=DIRECTION('center_axis',(0.,0.,-1.));
#7648=DIRECTION('ref_axis',(-1.,0.,0.));
#7649=DIRECTION('',(0.707106781186598,-0.707106781186498,0.));
#7650=DIRECTION('',(-1.,-7.108627104233E-14,0.));
#7651=DIRECTION('',(-0.707106781186498,0.707106781186598,0.));
#7652=DIRECTION('',(1.,-2.369542368078E-14,0.));
#7653=DIRECTION('center_axis',(0.,0.,-1.));
#7654=DIRECTION('ref_axis',(-1.,0.,0.));
#7655=DIRECTION('',(0.707106781186498,-0.707106781186598,0.));
#7656=DIRECTION('',(-1.,-3.159389824104E-14,0.));
#7657=DIRECTION('',(-0.707106781186598,0.707106781186498,0.));
#7658=DIRECTION('',(1.,-5.52893219218E-14,0.));
#7659=DIRECTION('center_axis',(0.,0.,-1.));
#7660=DIRECTION('ref_axis',(-1.,0.,0.));
#7661=DIRECTION('',(-1.,4.234908161584E-14,0.));
#7662=DIRECTION('',(0.,1.,0.));
#7663=DIRECTION('',(0.707106781186498,-0.707106781186597,0.));
#7664=DIRECTION('center_axis',(1.,0.,0.));
#7665=DIRECTION('ref_axis',(0.,-1.,0.));
#7666=DIRECTION('',(0.,0.,1.));
#7667=DIRECTION('',(0.,0.,1.));
#7668=DIRECTION('center_axis',(0.707106781186598,0.707106781186498,0.));
#7669=DIRECTION('ref_axis',(0.707106781186498,-0.707106781186598,0.));
#7670=DIRECTION('',(0.,0.,1.));
#7671=DIRECTION('center_axis',(0.,1.,0.));
#7672=DIRECTION('ref_axis',(1.,0.,0.));
#7673=DIRECTION('',(2.368475785867E-14,0.,1.));
#7674=DIRECTION('center_axis',(-0.707106781186498,-0.707106781186598,0.));
#7675=DIRECTION('ref_axis',(-0.707106781186598,0.707106781186498,0.));
#7676=DIRECTION('',(0.,0.,1.));
#7677=DIRECTION('center_axis',(0.,-1.,0.));
#7678=DIRECTION('ref_axis',(-1.,0.,0.));
#7679=DIRECTION('',(0.,0.,1.));
#7680=DIRECTION('center_axis',(-0.707106781186498,-0.707106781186598,0.));
#7681=DIRECTION('ref_axis',(-0.707106781186598,0.707106781186498,0.));
#7682=DIRECTION('',(0.,0.,1.));
#7683=DIRECTION('center_axis',(-1.,0.,0.));
#7684=DIRECTION('ref_axis',(0.,1.,0.));
#7685=DIRECTION('',(0.,0.,1.));
#7686=DIRECTION('center_axis',(-0.707106781186598,-0.707106781186498,0.));
#7687=DIRECTION('ref_axis',(-0.707106781186498,0.707106781186598,0.));
#7688=DIRECTION('center_axis',(1.,0.,0.));
#7689=DIRECTION('ref_axis',(0.,-1.,0.));
#7690=DIRECTION('',(0.,0.,1.));
#7691=DIRECTION('',(0.,0.,1.));
#7692=DIRECTION('center_axis',(0.000869754124051309,-0.99999962176381,0.));
#7693=DIRECTION('ref_axis',(-0.99999962176381,-0.000869754124051309,0.));
#7694=DIRECTION('',(0.,0.,1.));
#7695=DIRECTION('center_axis',(-0.707106781186398,-0.707106781186698,0.));
#7696=DIRECTION('ref_axis',(-0.707106781186698,0.707106781186397,0.));
#7697=DIRECTION('',(0.,-1.184237892933E-14,1.));
#7698=DIRECTION('center_axis',(-1.,0.,0.));
#7699=DIRECTION('ref_axis',(0.,1.,0.));
#7700=DIRECTION('',(0.,0.,1.));
#7701=DIRECTION('center_axis',(-0.000959666620673483,0.999999539519883,
0.));
#7702=DIRECTION('ref_axis',(0.999999539519883,0.000959666620673483,0.));
#7703=DIRECTION('',(0.,0.,1.));
#7704=DIRECTION('center_axis',(-0.707106781186498,-0.707106781186598,0.));
#7705=DIRECTION('ref_axis',(-0.707106781186598,0.707106781186498,0.));
#7706=DIRECTION('',(0.,0.,1.));
#7707=DIRECTION('center_axis',(0.00106367096319898,-0.999999434301881,0.));
#7708=DIRECTION('ref_axis',(-0.999999434301881,-0.00106367096319898,0.));
#7709=DIRECTION('',(0.,0.,1.));
#7710=DIRECTION('center_axis',(-1.,0.,0.));
#7711=DIRECTION('ref_axis',(0.,1.,0.));
#7712=DIRECTION('',(0.,1.184237892933E-14,1.));
#7713=DIRECTION('center_axis',(-0.707106781186498,0.707106781186598,0.));
#7714=DIRECTION('ref_axis',(0.707106781186598,0.707106781186498,0.));
#7715=DIRECTION('',(0.,0.,1.));
#7716=DIRECTION('center_axis',(-0.000852184619425318,0.999999636890621,
0.));
#7717=DIRECTION('ref_axis',(0.999999636890621,0.000852184619425318,0.));
#7718=DIRECTION('',(-1.7763568394E-14,0.,1.));
#7719=DIRECTION('center_axis',(-0.707106781186498,-0.707106781186598,0.));
#7720=DIRECTION('ref_axis',(-0.707106781186598,0.707106781186498,0.));
#7721=DIRECTION('',(0.,0.,1.));
#7722=DIRECTION('center_axis',(0.000861465603239233,-0.999999628938438,
0.));
#7723=DIRECTION('ref_axis',(-0.999999628938438,-0.000861465603239233,0.));
#7724=DIRECTION('',(0.,0.,1.));
#7725=DIRECTION('center_axis',(0.707106781186498,-0.707106781186598,0.));
#7726=DIRECTION('ref_axis',(-0.707106781186598,-0.707106781186498,0.));
#7727=DIRECTION('',(0.,0.,1.));
#7728=DIRECTION('center_axis',(1.,0.,0.));
#7729=DIRECTION('ref_axis',(0.,-1.,0.));
#7730=DIRECTION('',(0.,0.,1.));
#7731=DIRECTION('center_axis',(0.707106781186598,0.707106781186498,0.));
#7732=DIRECTION('ref_axis',(0.707106781186498,-0.707106781186598,0.));
#7733=DIRECTION('',(0.,0.,1.));
#7734=DIRECTION('center_axis',(-0.000862491706949964,0.999999628053959,
0.));
#7735=DIRECTION('ref_axis',(0.999999628053959,0.000862491706949964,0.));
#7736=DIRECTION('',(0.,0.,1.));
#7737=DIRECTION('center_axis',(-0.707106781186498,0.707106781186598,0.));
#7738=DIRECTION('ref_axis',(0.707106781186598,0.707106781186498,0.));
#7739=DIRECTION('',(0.,0.,1.));
#7740=DIRECTION('center_axis',(-1.,0.,0.));
#7741=DIRECTION('ref_axis',(0.,1.,0.));
#7742=DIRECTION('',(0.,0.,1.));
#7743=DIRECTION('center_axis',(0.000816342526706387,-0.999999666792384,
0.));
#7744=DIRECTION('ref_axis',(-0.999999666792384,-0.000816342526706387,0.));
#7745=DIRECTION('center_axis',(0.,1.,0.));
#7746=DIRECTION('ref_axis',(1.,0.,0.));
#7747=DIRECTION('',(0.,0.,1.));
#7748=DIRECTION('',(0.,0.,1.));
#7749=DIRECTION('center_axis',(-0.707106781186498,-0.707106781186598,0.));
#7750=DIRECTION('ref_axis',(-0.707106781186598,0.707106781186498,0.));
#7751=DIRECTION('',(0.,0.,1.));
#7752=DIRECTION('center_axis',(1.,0.,0.));
#7753=DIRECTION('ref_axis',(0.,-1.,0.));
#7754=DIRECTION('center_axis',(1.,0.,0.));
#7755=DIRECTION('ref_axis',(0.,-1.,0.));
#7756=DIRECTION('',(0.,0.,1.));
#7757=DIRECTION('',(0.,0.,1.));
#7758=DIRECTION('center_axis',(0.707106781186498,0.707106781186598,0.));
#7759=DIRECTION('ref_axis',(0.707106781186598,-0.707106781186498,0.));
#7760=DIRECTION('',(0.,0.,1.));
#7761=DIRECTION('center_axis',(0.,1.,0.));
#7762=DIRECTION('ref_axis',(1.,0.,0.));
#7763=DIRECTION('',(0.,0.,1.));
#7764=DIRECTION('center_axis',(-0.707106781186598,0.707106781186498,0.));
#7765=DIRECTION('ref_axis',(0.707106781186498,0.707106781186598,0.));
#7766=DIRECTION('',(0.,0.,1.));
#7767=DIRECTION('center_axis',(-1.,0.,0.));
#7768=DIRECTION('ref_axis',(0.,1.,0.));
#7769=DIRECTION('',(0.,0.,1.));
#7770=DIRECTION('center_axis',(-0.707106781186598,-0.707106781186498,0.));
#7771=DIRECTION('ref_axis',(-0.707106781186498,0.707106781186598,0.));
#7772=DIRECTION('',(0.,0.,1.));
#7773=DIRECTION('center_axis',(0.,-1.,0.));
#7774=DIRECTION('ref_axis',(-1.,0.,0.));
#7775=DIRECTION('',(0.,0.,1.));
#7776=DIRECTION('center_axis',(0.707106781186598,-0.707106781186498,0.));
#7777=DIRECTION('ref_axis',(-0.707106781186498,-0.707106781186598,0.));
#7778=DIRECTION('center_axis',(0.707106781186698,-0.707106781186398,0.));
#7779=DIRECTION('ref_axis',(-0.707106781186397,-0.707106781186698,0.));
#7780=DIRECTION('',(0.,0.,1.));
#7781=DIRECTION('',(0.,0.,1.));
#7782=DIRECTION('center_axis',(0.,-1.,0.));
#7783=DIRECTION('ref_axis',(-1.,0.,0.));
#7784=DIRECTION('',(0.,0.,1.));
#7785=DIRECTION('center_axis',(-0.707106781186498,-0.707106781186598,0.));
#7786=DIRECTION('ref_axis',(-0.707106781186598,0.707106781186498,0.));
#7787=DIRECTION('',(0.,0.,1.));
#7788=DIRECTION('center_axis',(-1.,0.,0.));
#7789=DIRECTION('ref_axis',(0.,1.,0.));
#7790=DIRECTION('',(0.,0.,1.));
#7791=DIRECTION('center_axis',(-0.707106781186498,0.707106781186598,0.));
#7792=DIRECTION('ref_axis',(0.707106781186598,0.707106781186498,0.));
#7793=DIRECTION('',(0.,0.,1.));
#7794=DIRECTION('center_axis',(0.,1.,0.));
#7795=DIRECTION('ref_axis',(1.,0.,0.));
#7796=DIRECTION('',(0.,0.,1.));
#7797=DIRECTION('center_axis',(0.707106781186698,0.707106781186398,0.));
#7798=DIRECTION('ref_axis',(0.707106781186397,-0.707106781186698,0.));
#7799=DIRECTION('',(0.,0.,1.));
#7800=DIRECTION('center_axis',(1.,0.,0.));
#7801=DIRECTION('ref_axis',(0.,-1.,0.));
#7802=DIRECTION('center_axis',(-1.,0.,0.));
#7803=DIRECTION('ref_axis',(0.,1.,0.));
#7804=DIRECTION('',(0.,0.,1.));
#7805=DIRECTION('',(0.,0.,1.));
#7806=DIRECTION('center_axis',(-0.707106781186598,-0.707106781186498,0.));
#7807=DIRECTION('ref_axis',(-0.707106781186498,0.707106781186598,0.));
#7808=DIRECTION('',(0.,0.,1.));
#7809=DIRECTION('center_axis',(-0.707106781186598,0.707106781186498,0.));
#7810=DIRECTION('ref_axis',(0.707106781186498,0.707106781186598,0.));
#7811=DIRECTION('',(0.,0.,1.));
#7812=DIRECTION('center_axis',(-1.,0.,0.));
#7813=DIRECTION('ref_axis',(0.,1.,0.));
#7814=DIRECTION('',(0.,0.,1.));
#7815=DIRECTION('center_axis',(-0.707106781186598,-0.707106781186498,0.));
#7816=DIRECTION('ref_axis',(-0.707106781186498,0.707106781186598,0.));
#7817=DIRECTION('',(0.,0.,1.));
#7818=DIRECTION('center_axis',(0.,-1.,0.));
#7819=DIRECTION('ref_axis',(-1.,0.,0.));
#7820=DIRECTION('',(0.,0.,1.));
#7821=DIRECTION('center_axis',(0.707106781186498,0.707106781186598,0.));
#7822=DIRECTION('ref_axis',(0.707106781186598,-0.707106781186498,0.));
#7823=DIRECTION('',(0.,0.,1.));
#7824=DIRECTION('center_axis',(0.,1.,0.));
#7825=DIRECTION('ref_axis',(1.,0.,0.));
#7826=DIRECTION('',(0.,0.,1.));
#7827=DIRECTION('center_axis',(0.707106781186298,0.707106781186798,0.));
#7828=DIRECTION('ref_axis',(0.707106781186798,-0.707106781186298,0.));
#7829=DIRECTION('',(0.,1.184237892933E-14,1.));
#7830=DIRECTION('center_axis',(1.,0.,0.));
#7831=DIRECTION('ref_axis',(0.,-1.,0.));
#7832=DIRECTION('',(0.,0.,1.));
#7833=DIRECTION('center_axis',(0.707106781186598,-0.707106781186498,0.));
#7834=DIRECTION('ref_axis',(-0.707106781186498,-0.707106781186598,0.));
#7835=DIRECTION('',(0.,0.,1.));
#7836=DIRECTION('center_axis',(0.,-1.,0.));
#7837=DIRECTION('ref_axis',(-1.,0.,0.));
#7838=DIRECTION('',(0.,0.,1.));
#7839=DIRECTION('center_axis',(1.,0.,0.));
#7840=DIRECTION('ref_axis',(0.,-1.,0.));
#7841=DIRECTION('',(0.,0.,1.));
#7842=DIRECTION('center_axis',(0.,1.,0.));
#7843=DIRECTION('ref_axis',(1.,0.,0.));
#7844=DIRECTION('',(0.,0.,1.));
#7845=DIRECTION('center_axis',(0.707106781186798,0.707106781186298,0.));
#7846=DIRECTION('ref_axis',(0.707106781186298,-0.707106781186798,0.));
#7847=DIRECTION('',(0.,0.,1.));
#7848=DIRECTION('center_axis',(1.,0.,0.));
#7849=DIRECTION('ref_axis',(0.,-1.,0.));
#7850=DIRECTION('',(0.,0.,1.));
#7851=DIRECTION('center_axis',(0.707106781186498,-0.707106781186598,0.));
#7852=DIRECTION('ref_axis',(-0.707106781186598,-0.707106781186498,0.));
#7853=DIRECTION('',(0.,0.,1.));
#7854=DIRECTION('center_axis',(0.,-1.,0.));
#7855=DIRECTION('ref_axis',(-1.,0.,0.));
#7856=DIRECTION('',(0.,0.,1.));
#7857=DIRECTION('center_axis',(-1.,0.,0.));
#7858=DIRECTION('ref_axis',(0.,1.,0.));
#7859=DIRECTION('',(0.,0.,1.));
#7860=DIRECTION('center_axis',(-0.707106781186698,-0.707106781186398,0.));
#7861=DIRECTION('ref_axis',(-0.707106781186397,0.707106781186698,0.));
#7862=DIRECTION('',(0.,0.,1.));
#7863=DIRECTION('center_axis',(1.,0.,0.));
#7864=DIRECTION('ref_axis',(0.,-1.,0.));
#7865=DIRECTION('',(0.,0.,1.));
#7866=DIRECTION('center_axis',(0.707106781186598,0.707106781186498,0.));
#7867=DIRECTION('ref_axis',(0.707106781186498,-0.707106781186598,0.));
#7868=DIRECTION('',(0.,0.,1.));
#7869=DIRECTION('center_axis',(0.,1.,0.));
#7870=DIRECTION('ref_axis',(1.,0.,0.));
#7871=DIRECTION('',(0.,0.,1.));
#7872=DIRECTION('center_axis',(-0.707106781186598,0.707106781186498,0.));
#7873=DIRECTION('ref_axis',(0.707106781186498,0.707106781186598,0.));
#7874=DIRECTION('center_axis',(1.,0.,0.));
#7875=DIRECTION('ref_axis',(0.,-1.,0.));
#7876=DIRECTION('',(0.,0.,1.));
#7877=DIRECTION('',(0.,0.,1.));
#7878=DIRECTION('center_axis',(0.707106781186598,0.707106781186498,0.));
#7879=DIRECTION('ref_axis',(0.707106781186498,-0.707106781186598,0.));
#7880=DIRECTION('',(0.,0.,1.));
#7881=DIRECTION('center_axis',(-1.,0.,0.));
#7882=DIRECTION('ref_axis',(0.,1.,0.));
#7883=DIRECTION('',(0.,0.,1.));
#7884=DIRECTION('center_axis',(0.,1.,0.));
#7885=DIRECTION('ref_axis',(1.,0.,0.));
#7886=DIRECTION('',(0.,0.,1.));
#7887=DIRECTION('center_axis',(-0.707106781186398,-0.707106781186698,0.));
#7888=DIRECTION('ref_axis',(-0.707106781186698,0.707106781186397,0.));
#7889=DIRECTION('',(0.,0.,1.));
#7890=DIRECTION('center_axis',(0.,-1.,0.));
#7891=DIRECTION('ref_axis',(-1.,0.,0.));
#7892=DIRECTION('center_axis',(0.,1.,0.));
#7893=DIRECTION('ref_axis',(1.,0.,0.));
#7894=DIRECTION('',(0.,0.,1.));
#7895=DIRECTION('center_axis',(1.,0.,0.));
#7896=DIRECTION('ref_axis',(0.,-1.,0.));
#7897=DIRECTION('',(0.,0.,1.));
#7898=DIRECTION('center_axis',(0.,-1.,0.));
#7899=DIRECTION('ref_axis',(-1.,0.,0.));
#7900=DIRECTION('',(0.,0.,1.));
#7901=DIRECTION('center_axis',(1.,0.,0.));
#7902=DIRECTION('ref_axis',(0.,-1.,0.));
#7903=DIRECTION('',(0.,0.,1.));
#7904=DIRECTION('center_axis',(0.707106781186598,-0.707106781186498,0.));
#7905=DIRECTION('ref_axis',(-0.707106781186498,-0.707106781186598,0.));
#7906=DIRECTION('',(0.,0.,1.));
#7907=DIRECTION('center_axis',(0.,-1.,0.));
#7908=DIRECTION('ref_axis',(-1.,0.,0.));
#7909=DIRECTION('',(0.,0.,1.));
#7910=DIRECTION('center_axis',(-0.707106781186498,-0.707106781186598,0.));
#7911=DIRECTION('ref_axis',(-0.707106781186598,0.707106781186498,0.));
#7912=DIRECTION('',(0.,0.,1.));
#7913=DIRECTION('center_axis',(0.,1.,0.));
#7914=DIRECTION('ref_axis',(1.,0.,0.));
#7915=DIRECTION('',(0.,0.,1.));
#7916=DIRECTION('center_axis',(-0.707106781186198,0.707106781186898,0.));
#7917=DIRECTION('ref_axis',(0.707106781186898,0.707106781186198,0.));
#7918=DIRECTION('center_axis',(1.,0.,0.));
#7919=DIRECTION('ref_axis',(0.,-1.,0.));
#7920=DIRECTION('',(0.,0.,1.));
#7921=DIRECTION('',(0.,0.,1.));
#7922=DIRECTION('center_axis',(2.244520816182E-14,1.,0.));
#7923=DIRECTION('ref_axis',(1.,-2.244520816182E-14,0.));
#7924=DIRECTION('',(0.,0.,1.));
#7925=DIRECTION('center_axis',(-0.707106781186498,-0.707106781186598,0.));
#7926=DIRECTION('ref_axis',(-0.707106781186598,0.707106781186498,0.));
#7927=DIRECTION('center_axis',(0.707106781186598,0.707106781186498,0.));
#7928=DIRECTION('ref_axis',(0.707106781186498,-0.707106781186598,0.));
#7929=DIRECTION('',(0.,0.,1.));
#7930=DIRECTION('',(0.,0.,1.));
#7931=DIRECTION('center_axis',(0.,1.,0.));
#7932=DIRECTION('ref_axis',(1.,0.,0.));
#7933=DIRECTION('',(0.,0.,1.));
#7934=DIRECTION('center_axis',(-0.707106781186498,-0.707106781186598,0.));
#7935=DIRECTION('ref_axis',(-0.707106781186598,0.707106781186498,0.));
#7936=DIRECTION('',(0.,0.,1.));
#7937=DIRECTION('center_axis',(-1.579694912052E-14,-1.,0.));
#7938=DIRECTION('ref_axis',(-1.,1.579694912052E-14,0.));
#7939=DIRECTION('center_axis',(0.707106781186498,0.707106781186598,0.));
#7940=DIRECTION('ref_axis',(0.707106781186598,-0.707106781186498,0.));
#7941=DIRECTION('',(0.,0.,1.));
#7942=DIRECTION('',(0.,0.,1.));
#7943=DIRECTION('center_axis',(0.,1.,0.));
#7944=DIRECTION('ref_axis',(1.,0.,0.));
#7945=DIRECTION('',(0.,0.,1.));
#7946=DIRECTION('center_axis',(-0.707106781186598,-0.707106781186498,0.));
#7947=DIRECTION('ref_axis',(-0.707106781186498,0.707106781186598,0.));
#7948=DIRECTION('',(0.,0.,1.));
#7949=DIRECTION('center_axis',(0.,-1.,0.));
#7950=DIRECTION('ref_axis',(-1.,0.,0.));
#7951=DIRECTION('center_axis',(0.707106781186498,0.707106781186598,0.));
#7952=DIRECTION('ref_axis',(0.707106781186598,-0.707106781186498,0.));
#7953=DIRECTION('',(0.,0.,1.));
#7954=DIRECTION('',(0.,-1.184237892933E-14,1.));
#7955=DIRECTION('center_axis',(3.850506348126E-14,1.,0.));
#7956=DIRECTION('ref_axis',(1.,-3.850506348126E-14,0.));
#7957=DIRECTION('',(0.,0.,1.));
#7958=DIRECTION('center_axis',(-0.707106781186598,-0.707106781186498,0.));
#7959=DIRECTION('ref_axis',(-0.707106781186498,0.707106781186598,0.));
#7960=DIRECTION('',(0.,0.,1.));
#7961=DIRECTION('center_axis',(-3.159389824103E-14,-1.,0.));
#7962=DIRECTION('ref_axis',(-1.,3.159389824103E-14,0.));
#7963=DIRECTION('center_axis',(0.707106781186548,0.707106781186548,0.));
#7964=DIRECTION('ref_axis',(0.707106781186548,-0.707106781186548,0.));
#7965=DIRECTION('',(0.,0.,1.));
#7966=DIRECTION('',(0.,0.,1.));
#7967=DIRECTION('center_axis',(0.,1.,0.));
#7968=DIRECTION('ref_axis',(1.,0.,0.));
#7969=DIRECTION('',(0.,0.,1.));
#7970=DIRECTION('center_axis',(-0.707106781186598,-0.707106781186498,0.));
#7971=DIRECTION('ref_axis',(-0.707106781186498,0.707106781186598,0.));
#7972=DIRECTION('',(1.184237892933E-14,0.,1.));
#7973=DIRECTION('center_axis',(-2.369542368077E-14,-1.,0.));
#7974=DIRECTION('ref_axis',(-1.,2.369542368077E-14,0.));
#7975=DIRECTION('center_axis',(0.707106781186498,0.707106781186598,0.));
#7976=DIRECTION('ref_axis',(0.707106781186598,-0.707106781186498,0.));
#7977=DIRECTION('',(0.,0.,1.));
#7978=DIRECTION('',(0.,-1.184237892933E-14,1.));
#7979=DIRECTION('center_axis',(2.270811436075E-14,1.,0.));
#7980=DIRECTION('ref_axis',(1.,-2.270811436075E-14,0.));
#7981=DIRECTION('',(0.,0.,1.));
#7982=DIRECTION('center_axis',(-0.707106781186598,-0.707106781186498,0.));
#7983=DIRECTION('ref_axis',(-0.707106781186498,0.707106781186598,0.));
#7984=DIRECTION('',(0.,0.,1.));
#7985=DIRECTION('center_axis',(7.108627104233E-14,-1.,0.));
#7986=DIRECTION('ref_axis',(-1.,-7.108627104233E-14,0.));
#7987=DIRECTION('center_axis',(0.707106781186598,0.707106781186498,0.));
#7988=DIRECTION('ref_axis',(0.707106781186498,-0.707106781186598,0.));
#7989=DIRECTION('',(0.,0.,1.));
#7990=DIRECTION('',(0.,0.,1.));
#7991=DIRECTION('center_axis',(5.52893219218E-14,1.,0.));
#7992=DIRECTION('ref_axis',(1.,-5.52893219218E-14,0.));
#7993=DIRECTION('',(2.368475785867E-14,0.,1.));
#7994=DIRECTION('center_axis',(-0.707106781186498,-0.707106781186598,0.));
#7995=DIRECTION('ref_axis',(-0.707106781186598,0.707106781186498,0.));
#7996=DIRECTION('',(1.184237892933E-14,0.,1.));
#7997=DIRECTION('center_axis',(3.159389824104E-14,-1.,0.));
#7998=DIRECTION('ref_axis',(-1.,-3.159389824104E-14,0.));
#7999=DIRECTION('center_axis',(-4.234908161584E-14,-1.,0.));
#8000=DIRECTION('ref_axis',(-1.,4.234908161584E-14,0.));
#8001=DIRECTION('',(0.,0.,1.));
#8002=DIRECTION('',(1.184237892933E-14,0.,1.));
#8003=DIRECTION('center_axis',(0.707106781186598,0.707106781186498,0.));
#8004=DIRECTION('ref_axis',(0.707106781186498,-0.707106781186598,0.));
#8005=DIRECTION('',(0.,0.,1.));
#8006=DIRECTION('center_axis',(-1.,0.,0.));
#8007=DIRECTION('ref_axis',(0.,1.,0.));
#8008=DIRECTION('center_axis',(0.,0.,-1.));
#8009=DIRECTION('ref_axis',(-1.,0.,0.));
#8010=DIRECTION('center_axis',(0.,0.,-1.));
#8011=DIRECTION('ref_axis',(-1.,0.,0.));
#8012=DIRECTION('center_axis',(0.,0.,-1.));
#8013=DIRECTION('ref_axis',(-1.,0.,0.));
#8014=DIRECTION('',(0.,0.,1.));
#8015=DIRECTION('center_axis',(0.,0.,-1.));
#8016=DIRECTION('ref_axis',(-1.,0.,0.));
#8017=DIRECTION('center_axis',(0.,0.,-1.));
#8018=DIRECTION('ref_axis',(-1.,0.,0.));
#8019=CARTESIAN_POINT('',(0.,0.,0.));
#8020=CARTESIAN_POINT('Origin',(-2.28108665642,11.15094774915,-41.25));
#8021=CARTESIAN_POINT('',(-2.28108665642,11.15094774915,-41.25));
#8022=CARTESIAN_POINT('',(-2.28108665642,13.29884890134,-41.25));
#8023=CARTESIAN_POINT('',(-2.28108665642,11.15094774915,-41.25));
#8024=CARTESIAN_POINT('',(-2.28108665642,13.29884890134,-40.95));
#8025=CARTESIAN_POINT('',(-2.28108665642,13.29884890134,-41.25));
#8026=CARTESIAN_POINT('',(-2.28108665642,11.15094774915,-40.95));
#8027=CARTESIAN_POINT('',(-2.28108665642,11.15094774915,-40.95));
#8028=CARTESIAN_POINT('',(-2.28108665642,11.15094774915,-41.25));
#8029=CARTESIAN_POINT('Origin',(0.,0.,-41.25));
#8030=CARTESIAN_POINT('',(1.752210357105,13.32252708875,-41.25));
#8031=CARTESIAN_POINT('',(1.394556398164,12.96487312981,-41.25));
#8032=CARTESIAN_POINT('',(1.752210357105,13.32252708875,-41.25));
#8033=CARTESIAN_POINT('',(3.88701637214,13.32252708875,-41.25));
#8034=CARTESIAN_POINT('',(3.88701637214,13.32252708875,-41.25));
#8035=CARTESIAN_POINT('',(4.244670331081,12.96487312981,-41.25));
#8036=CARTESIAN_POINT('',(4.244670331081,12.96487312981,-41.25));
#8037=CARTESIAN_POINT('',(4.244670331081,11.17753572482,-41.25));
#8038=CARTESIAN_POINT('',(4.244670331081,11.17753572482,-41.25));
#8039=CARTESIAN_POINT('',(3.88701637214,10.81988176588,-41.25));
#8040=CARTESIAN_POINT('',(3.88701637214,10.81988176588,-41.25));
#8041=CARTESIAN_POINT('',(1.752210357105,10.81988176588,-41.25));
#8042=CARTESIAN_POINT('',(1.752210357105,10.81988176588,-41.25));
#8043=CARTESIAN_POINT('',(1.394556398164,11.17753572482,-41.25));
#8044=CARTESIAN_POINT('',(1.394556398164,11.17753572482,-41.25));
#8045=CARTESIAN_POINT('',(1.394556398164,12.96487312981,-41.25));
#8046=CARTESIAN_POINT('Origin',(0.,0.,-41.25));
#8047=CARTESIAN_POINT('',(-34.3,0.8,-41.25));
#8048=CARTESIAN_POINT('',(-37.,0.8,-41.25));
#8049=CARTESIAN_POINT('',(-34.3,0.8,-41.25));
#8050=CARTESIAN_POINT('',(-37.,9.63553885941,-41.25));
#8051=CARTESIAN_POINT('',(-37.,0.8,-41.25));
#8052=CARTESIAN_POINT('',(-37.07399273303,10.65063655794,-41.25));
#8053=CARTESIAN_POINT('Origin',(-44.,9.635538859294,-41.25));
#8054=CARTESIAN_POINT('',(-45.2304550265055,66.3021439817955,-41.2500000004747));
#8055=CARTESIAN_POINT('',(-37.07399273303,10.65063655794,-41.25));
#8056=CARTESIAN_POINT('',(3.02669739402881,80.9554190755706,-41.2500000000445));
#8057=CARTESIAN_POINT('Origin',(-20.,70.,-41.25));
#8058=CARTESIAN_POINT('',(36.70902322173,10.16006954856,-41.25));
#8059=CARTESIAN_POINT('',(3.026697394562,80.95541907434,-41.25000000009));
#8060=CARTESIAN_POINT('',(37.,8.871196713813,-41.25));
#8061=CARTESIAN_POINT('Origin',(34.,8.871196713823,-41.25));
#8062=CARTESIAN_POINT('',(37.,0.8,-41.25));
#8063=CARTESIAN_POINT('',(37.,8.871196713813,-41.25));
#8064=CARTESIAN_POINT('',(34.3,0.8,-41.25));
#8065=CARTESIAN_POINT('',(37.,0.8,-41.25));
#8066=CARTESIAN_POINT('',(34.2999999961889,4.99999987007881,-41.2499999961889));
#8067=CARTESIAN_POINT('',(34.3,0.8,-41.25));
#8068=CARTESIAN_POINT('',(25.7000000048405,4.999999965729,-41.2499999951595));
#8069=CARTESIAN_POINT('Origin',(30.,5.,-41.25));
#8070=CARTESIAN_POINT('',(25.7,0.8,-41.25));
#8071=CARTESIAN_POINT('',(25.70000000941,4.999999965729,-41.24999999059));
#8072=CARTESIAN_POINT('',(4.3,0.8,-41.25));
#8073=CARTESIAN_POINT('',(25.7,0.8,-41.25));
#8074=CARTESIAN_POINT('',(4.29999999618844,4.99999987007881,-41.2499999961894));
#8075=CARTESIAN_POINT('',(4.3,0.8,-41.25));
#8076=CARTESIAN_POINT('',(-4.29999999515946,4.999999965729,-41.2499999951595));
#8077=CARTESIAN_POINT('Origin',(0.,5.,-41.25));
#8078=CARTESIAN_POINT('',(-4.3,0.8,-41.25));
#8079=CARTESIAN_POINT('',(-4.29999999059,4.999999965729,-41.24999999059));
#8080=CARTESIAN_POINT('',(-25.7,0.8,-41.25));
#8081=CARTESIAN_POINT('',(-4.3,0.8,-41.25));
#8082=CARTESIAN_POINT('',(-25.7000000038111,4.99999987007881,-41.2499999961889));
#8083=CARTESIAN_POINT('',(-25.7,0.8,-41.25));
#8084=CARTESIAN_POINT('',(-34.2999999951595,4.999999965729,-41.2499999951595));
#8085=CARTESIAN_POINT('Origin',(-30.,5.,-41.25));
#8086=CARTESIAN_POINT('',(-34.29999999059,4.999999965729,-41.24999999059));
#8087=CARTESIAN_POINT('',(-34.76762189808,43.33604068808,-41.25));
#8088=CARTESIAN_POINT('',(-32.8920241398483,40.8617594925929,-41.2500000000002));
#8089=CARTESIAN_POINT('Origin',(-30.89202451011,44.3258613215,-41.25));
#8090=CARTESIAN_POINT('',(-10.3561660754704,27.8506757727052,-41.2499999999988));
#8091=CARTESIAN_POINT('',(-6.07672025236214,25.3799365747509,-41.25));
#8092=CARTESIAN_POINT('',(-6.63766899287109,27.7027465457921,-41.2499999904315));
#8093=CARTESIAN_POINT('Origin',(-8.356166193326,31.31477745589,-41.25));
#8094=CARTESIAN_POINT('',(13.7753977177679,37.414677742663,-41.2499999958452));
#8095=CARTESIAN_POINT('',(-6.637668997133,27.70274655475,-41.24999998051));
#8096=CARTESIAN_POINT('',(15.6689315150096,42.7452058611279,-41.249999995871));
#8097=CARTESIAN_POINT('Origin',(12.05690058458,41.02670869076,-41.25));
#8098=CARTESIAN_POINT('',(14.4922129166879,45.2184971913426,-41.2499999957112));
#8099=CARTESIAN_POINT('',(15.66893151163,42.74520585952,-41.24999999213));
#8100=CARTESIAN_POINT('',(10.88018197049,47.49999999932,-41.24999999932));
#8101=CARTESIAN_POINT('Origin',(10.88018199641,43.5,-41.25));
#8102=CARTESIAN_POINT('',(-30.7709836328676,47.5000000002006,-41.250000000203));
#8103=CARTESIAN_POINT('',(-4.9727004115825,47.5,-41.25));
#8104=CARTESIAN_POINT('Origin',(-30.77098364274,43.5,-41.25));
#8105=CARTESIAN_POINT('',(19.9651743150582,33.7151284181385,-41.2499999958489));
#8106=CARTESIAN_POINT('',(14.6346461999738,35.6086622172116,-41.2499999960664));
#8107=CARTESIAN_POINT('Origin',(16.35314336696,31.99663128495,-41.25));
#8108=CARTESIAN_POINT('',(0.440848676041722,28.8556746802425,-41.2499999948099));
#8109=CARTESIAN_POINT('',(14.6346461982,35.60866221201,-41.24999999213));
#8110=CARTESIAN_POINT('',(0.159345895728028,21.7795421113798,-41.2499999948771));
#8111=CARTESIAN_POINT('Origin',(2.159345844601,25.24364375012,-41.25));
#8112=CARTESIAN_POINT('',(6.6435270493678,18.0358983768808,-41.249999994856));
#8113=CARTESIAN_POINT('',(0.1593459029709,21.77954211313,-41.24999998974));
#8114=CARTESIAN_POINT('',(8.64352710891037,17.5000000045843,-41.2499999954157));
#8115=CARTESIAN_POINT('Origin',(8.643527025255,21.5,-41.25));
#8116=CARTESIAN_POINT('',(21.34712902311,17.5000000076041,-41.2499999923959));
#8117=CARTESIAN_POINT('',(8.643527112307,17.50000000917,-41.24999999083));
#8118=CARTESIAN_POINT('',(24.9591598648637,23.2184972000086,-41.2499999926583));
#8119=CARTESIAN_POINT('Origin',(21.34712895209,21.5,-41.25));
#8120=CARTESIAN_POINT('',(24.95915985556,23.21849720246,-41.24999998531));
#8121=CARTESIAN_POINT('',(-29.2514382641739,36.4504651733829,-41.2499999938307));
#8122=CARTESIAN_POINT('',(-35.2091566368139,32.4063076607652,-41.2499999962414));
#8123=CARTESIAN_POINT('Origin',(-31.25143820892,32.98636353347,-41.25));
#8124=CARTESIAN_POINT('',(-33.5256785933579,20.9199441453094,-41.2499999975826));
#8125=CARTESIAN_POINT('',(-35.20915663268,32.40630765849,-41.24999999248));
#8126=CARTESIAN_POINT('',(-29.5679601380171,17.5000000021421,-41.2499999978579));
#8127=CARTESIAN_POINT('Origin',(-29.56796016147,21.5,-41.25));
#8128=CARTESIAN_POINT('',(-11.35647292922,17.500000003593,-41.249999996407));
#8129=CARTESIAN_POINT('',(-29.56796013576,17.50000000429,-41.24999999571));
#8130=CARTESIAN_POINT('',(-9.3564730085939,24.964101630638,-41.2499999965003));
#8131=CARTESIAN_POINT('Origin',(-11.35647297474,21.5,-41.25));
#8132=CARTESIAN_POINT('',(-9.356473013439,24.96410162938,-41.24999999299));
#8133=CARTESIAN_POINT('',(0.100000000000002,70.,-41.25));
#8134=CARTESIAN_POINT('Origin',(-20.,70.,-41.25));
#8135=CARTESIAN_POINT('',(21.96070544329,14.85725686774,-41.25));
#8136=CARTESIAN_POINT('',(23.31620915561,14.85725686774,-41.25));
#8137=CARTESIAN_POINT('',(21.96070544329,14.85725686774,-41.25));
#8138=CARTESIAN_POINT('',(23.31620915561,13.50175315542,-41.25));
#8139=CARTESIAN_POINT('',(23.31620915561,13.50175315542,-41.25));
#8140=CARTESIAN_POINT('',(23.31620915561,14.85725686774,-41.25));
#8141=CARTESIAN_POINT('',(23.31620915561,13.01093110473,-41.25));
#8142=CARTESIAN_POINT('',(23.31620915561,9.791857851983,-41.25));
#8143=CARTESIAN_POINT('',(23.31620915561,13.01093110473,-41.25));
#8144=CARTESIAN_POINT('',(21.46988339261,14.85725686774,-41.25));
#8145=CARTESIAN_POINT('',(21.46988339261,14.85725686774,-41.25));
#8146=CARTESIAN_POINT('',(18.65322203361,14.85725686774,-41.25));
#8147=CARTESIAN_POINT('',(18.65322203361,14.85725686774,-41.25));
#8148=CARTESIAN_POINT('',(19.82215060069,13.68832830065,-41.25));
#8149=CARTESIAN_POINT('',(19.82215060069,13.68832830065,-41.25));
#8150=CARTESIAN_POINT('',(21.1418047051,13.68832830065,-41.25));
#8151=CARTESIAN_POINT('',(21.1418047051,13.68832830065,-41.25));
#8152=CARTESIAN_POINT('',(22.05183076237,12.77830224338,-41.25));
#8153=CARTESIAN_POINT('',(22.05183076237,12.77830224338,-41.25));
#8154=CARTESIAN_POINT('',(22.05183076237,11.05623624522,-41.25));
#8155=CARTESIAN_POINT('',(22.05183076237,11.05623624522,-41.25));
#8156=CARTESIAN_POINT('',(23.31620915561,9.791857851983,-41.25));
#8157=CARTESIAN_POINT('',(14.78979920736,13.52156513581,-41.25));
#8158=CARTESIAN_POINT('',(14.78979920736,11.69046803545,-41.25));
#8159=CARTESIAN_POINT('',(14.78979920736,13.52156513581,-41.25));
#8160=CARTESIAN_POINT('',(17.41130521804,13.52384520234,-41.25));
#8161=CARTESIAN_POINT('',(17.41130521804,13.52384520234,-41.25));
#8162=CARTESIAN_POINT('',(17.7623445477,13.17280587268,-41.25));
#8163=CARTESIAN_POINT('',(17.7623445477,13.17280587268,-41.25));
#8164=CARTESIAN_POINT('',(17.7623445477,12.80170704255,-41.25));
#8165=CARTESIAN_POINT('',(17.7623445477,12.80170704255,-41.25));
#8166=CARTESIAN_POINT('',(15.12800757391,12.79917895612,-41.25));
#8167=CARTESIAN_POINT('',(15.12800757391,12.79917895612,-41.25));
#8168=CARTESIAN_POINT('',(16.23577562758,11.69141090245,-41.25));
#8169=CARTESIAN_POINT('',(16.23577562758,11.69141090245,-41.25));
#8170=CARTESIAN_POINT('',(17.7623445477,11.6930346704,-41.25));
#8171=CARTESIAN_POINT('',(17.7623445477,11.6930346704,-41.25));
#8172=CARTESIAN_POINT('',(17.7623445477,11.2823739019,-41.25));
#8173=CARTESIAN_POINT('',(17.7623445477,11.2823739019,-41.25));
#8174=CARTESIAN_POINT('',(17.41592895974,10.93595831395,-41.25));
#8175=CARTESIAN_POINT('',(17.41592895974,10.93595831395,-41.25));
#8176=CARTESIAN_POINT('',(13.50938176951,10.93262921331,-41.25));
#8177=CARTESIAN_POINT('',(13.50938176951,10.93262921331,-41.25));
#8178=CARTESIAN_POINT('',(14.65015313084,9.791857851983,-41.25));
#8179=CARTESIAN_POINT('',(14.65015313084,9.791857851983,-41.25));
#8180=CARTESIAN_POINT('',(17.75319564763,9.794531017369,-41.25));
#8181=CARTESIAN_POINT('',(17.75319564763,9.794531017369,-41.25));
#8182=CARTESIAN_POINT('',(18.96461094864,11.00594631838,-41.25));
#8183=CARTESIAN_POINT('',(18.96461094864,11.00594631838,-41.25));
#8184=CARTESIAN_POINT('',(18.96461094864,13.45433919293,-41.25));
#8185=CARTESIAN_POINT('',(18.96461094864,13.45433919293,-41.25));
#8186=CARTESIAN_POINT('',(17.75556428685,14.66338585472,-41.25));
#8187=CARTESIAN_POINT('',(17.75556428685,14.66338585472,-41.25));
#8188=CARTESIAN_POINT('',(14.72151635761,14.66076901257,-41.25));
#8189=CARTESIAN_POINT('',(14.72151635761,14.66076901257,-41.25));
#8190=CARTESIAN_POINT('',(13.53990488356,13.47915753852,-41.25));
#8191=CARTESIAN_POINT('',(13.53990488356,13.47915753852,-41.25));
#8192=CARTESIAN_POINT('',(13.53990488356,11.68944769322,-41.25));
#8193=CARTESIAN_POINT('',(13.53990488356,11.68944769322,-41.25));
#8194=CARTESIAN_POINT('',(14.78979920736,11.69046803545,-41.25));
#8195=CARTESIAN_POINT('',(11.40709695565,16.03853086507,-41.25));
#8196=CARTESIAN_POINT('',(12.51318050513,16.03853086507,-41.25));
#8197=CARTESIAN_POINT('',(11.40709695565,16.03853086507,-41.25));
#8198=CARTESIAN_POINT('',(12.51318050513,14.9324473156,-41.25));
#8199=CARTESIAN_POINT('',(12.51318050513,14.9324473156,-41.25));
#8200=CARTESIAN_POINT('',(12.51318050513,16.03853086507,-41.25));
#8201=CARTESIAN_POINT('',(5.432060375408,13.28098512497,-41.25));
#8202=CARTESIAN_POINT('',(5.432060375408,10.86142372966,-41.25));
#8203=CARTESIAN_POINT('',(5.432060375408,13.28098512497,-41.25));
#8204=CARTESIAN_POINT('',(4.138600546856,14.57444495352,-41.25));
#8205=CARTESIAN_POINT('',(4.138600546856,14.57444495352,-41.25));
#8206=CARTESIAN_POINT('',(1.500626182388,14.57444495352,-41.25));
#8207=CARTESIAN_POINT('',(1.500626182388,14.57444495352,-41.25));
#8208=CARTESIAN_POINT('',(0.207166353837,13.28098512497,-41.25));
#8209=CARTESIAN_POINT('',(0.207166353837,13.28098512497,-41.25));
#8210=CARTESIAN_POINT('',(0.207166353837,10.86142372966,-41.25));
#8211=CARTESIAN_POINT('',(0.207166353837,10.86142372966,-41.25));
#8212=CARTESIAN_POINT('',(1.500626182388,9.567963901111,-41.25));
#8213=CARTESIAN_POINT('',(1.500626182388,9.567963901111,-41.25));
#8214=CARTESIAN_POINT('',(4.138600546856,9.567963901111,-41.25));
#8215=CARTESIAN_POINT('',(4.138600546856,9.567963901111,-41.25));
#8216=CARTESIAN_POINT('',(5.432060375408,10.86142372966,-41.25));
#8217=CARTESIAN_POINT('',(6.208601504933,13.53716867019,-41.25));
#8218=CARTESIAN_POINT('',(6.208601504933,14.90062709774,-41.25));
#8219=CARTESIAN_POINT('',(6.208601504933,13.53716867019,-41.25));
#8220=CARTESIAN_POINT('',(6.897775285003,12.84799489012,-41.25));
#8221=CARTESIAN_POINT('',(6.897775285003,12.84799489012,-41.25));
#8222=CARTESIAN_POINT('',(6.208601504933,12.15882111004,-41.25));
#8223=CARTESIAN_POINT('',(6.208601504933,12.15882111004,-41.25));
#8224=CARTESIAN_POINT('',(6.208601504933,10.95362170785,-41.25));
#8225=CARTESIAN_POINT('',(6.208601504933,10.95362170785,-41.25));
#8226=CARTESIAN_POINT('',(7.386352604553,9.775870608232,-41.25));
#8227=CARTESIAN_POINT('',(7.386352604553,9.775870608232,-41.25));
#8228=CARTESIAN_POINT('',(12.33658306996,9.775870608232,-41.25));
#8229=CARTESIAN_POINT('',(12.33658306996,9.775870608232,-41.25));
#8230=CARTESIAN_POINT('',(11.22653919837,10.88591447982,-41.25));
#8231=CARTESIAN_POINT('',(11.22653919837,10.88591447982,-41.25));
#8232=CARTESIAN_POINT('',(7.833269942894,10.88591447982,-41.25));
#8233=CARTESIAN_POINT('',(7.833269942894,10.88591447982,-41.25));
#8234=CARTESIAN_POINT('',(7.412929015301,11.30625540741,-41.25));
#8235=CARTESIAN_POINT('',(7.412929015301,11.30625540741,-41.25));
#8236=CARTESIAN_POINT('',(7.412929015301,11.99083462344,-41.25));
#8237=CARTESIAN_POINT('',(7.412929015301,11.99083462344,-41.25));
#8238=CARTESIAN_POINT('',(7.704244874271,12.28215048241,-41.25));
#8239=CARTESIAN_POINT('',(7.704244874271,12.28215048241,-41.25));
#8240=CARTESIAN_POINT('',(10.87579505042,12.28215048241,-41.25));
#8241=CARTESIAN_POINT('',(10.87579505042,12.28215048241,-41.25));
#8242=CARTESIAN_POINT('',(10.87579505042,13.41383929782,-41.25));
#8243=CARTESIAN_POINT('',(10.87579505042,13.41383929782,-41.25));
#8244=CARTESIAN_POINT('',(7.704244874271,13.41383929782,-41.25));
#8245=CARTESIAN_POINT('',(7.704244874271,13.41383929782,-41.25));
#8246=CARTESIAN_POINT('',(7.408561359728,13.70952281236,-41.25));
#8247=CARTESIAN_POINT('',(7.408561359728,13.70952281236,-41.25));
#8248=CARTESIAN_POINT('',(7.408561359728,14.50845210215,-41.25));
#8249=CARTESIAN_POINT('',(7.408561359728,14.50845210215,-41.25));
#8250=CARTESIAN_POINT('',(7.795944736864,14.89583547928,-41.25));
#8251=CARTESIAN_POINT('',(7.795944736864,14.89583547928,-41.25));
#8252=CARTESIAN_POINT('',(11.32491753587,14.89583547928,-41.25));
#8253=CARTESIAN_POINT('',(11.32491753587,14.89583547928,-41.25));
#8254=CARTESIAN_POINT('',(11.32491753587,11.23809889666,-41.25));
#8255=CARTESIAN_POINT('',(11.32491753587,11.23809889666,-41.25));
#8256=CARTESIAN_POINT('',(12.51318050513,10.0498359274,-41.25));
#8257=CARTESIAN_POINT('',(12.51318050513,10.0498359274,-41.25));
#8258=CARTESIAN_POINT('',(12.51318050513,14.48188456126,-41.25));
#8259=CARTESIAN_POINT('',(12.51318050513,14.48188456126,-41.25));
#8260=CARTESIAN_POINT('',(10.95653420131,16.03853086507,-41.25));
#8261=CARTESIAN_POINT('',(10.95653420131,16.03853086507,-41.25));
#8262=CARTESIAN_POINT('',(7.346505272267,16.03853086507,-41.25));
#8263=CARTESIAN_POINT('',(7.346505272267,16.03853086507,-41.25));
#8264=CARTESIAN_POINT('',(6.208601504933,14.90062709774,-41.25));
#8265=CARTESIAN_POINT('',(-1.098462493341,14.76494163393,-41.25));
#8266=CARTESIAN_POINT('',(-1.098462493341,14.42646728939,-41.25));
#8267=CARTESIAN_POINT('',(-1.098462493341,14.76494163393,-41.25));
#8268=CARTESIAN_POINT('',(-2.28108665642,15.94756579701,-41.25));
#8269=CARTESIAN_POINT('',(-2.28108665642,15.94756579701,-41.25));
#8270=CARTESIAN_POINT('',(-2.28108665642,14.42646728939,-41.25));
#8271=CARTESIAN_POINT('',(-2.28108665642,14.42646728939,-41.25));
#8272=CARTESIAN_POINT('',(-4.324362370552,14.42646728939,-41.25));
#8273=CARTESIAN_POINT('',(-4.324362370552,14.42646728939,-41.25));
#8274=CARTESIAN_POINT('',(-3.196743982499,13.29884890134,-41.25));
#8275=CARTESIAN_POINT('',(-3.196743982499,13.29884890134,-41.25));
#8276=CARTESIAN_POINT('',(-2.28108665642,13.29884890134,-41.25));
#8277=CARTESIAN_POINT('',(-2.577836465382,10.85419794019,-41.25));
#8278=CARTESIAN_POINT('',(-2.577836465382,10.85419794019,-41.25));
#8279=CARTESIAN_POINT('',(-4.261461468073,10.85419794019,-41.25));
#8280=CARTESIAN_POINT('',(-4.261461468073,10.85419794019,-41.25));
#8281=CARTESIAN_POINT('',(-3.183134136112,9.775870608232,-41.25));
#8282=CARTESIAN_POINT('',(-3.183134136112,9.775870608232,-41.25));
#8283=CARTESIAN_POINT('',(-2.074472736443,9.775870608232,-41.25));
#8284=CARTESIAN_POINT('',(-2.074472736443,9.775870608232,-41.25));
#8285=CARTESIAN_POINT('',(-1.098462493341,10.75188085133,-41.25));
#8286=CARTESIAN_POINT('',(-1.098462493341,10.75188085133,-41.25));
#8287=CARTESIAN_POINT('',(-1.098462493341,13.29884890134,-41.25));
#8288=CARTESIAN_POINT('',(-1.098462493341,13.29884890134,-41.25));
#8289=CARTESIAN_POINT('',(-0.4844701487316,13.29884890134,-41.25));
#8290=CARTESIAN_POINT('',(-0.4844701487316,13.29884890134,-41.25));
#8291=CARTESIAN_POINT('',(-0.4844701487316,14.42646728939,-41.25));
#8292=CARTESIAN_POINT('',(-0.4844701487316,14.42646728939,-41.25));
#8293=CARTESIAN_POINT('',(-1.098462493341,14.42646728939,-41.25));
#8294=CARTESIAN_POINT('',(-6.458541875914,13.56846360983,-41.25));
#8295=CARTESIAN_POINT('',(-6.458541875914,12.22305099205,-41.25));
#8296=CARTESIAN_POINT('',(-6.458541875914,13.56846360983,-41.25));
#8297=CARTESIAN_POINT('',(-7.803954493702,13.56846360983,-41.25));
#8298=CARTESIAN_POINT('',(-7.803954493702,13.56846360983,-41.25));
#8299=CARTESIAN_POINT('',(-6.458541875914,12.22305099205,-41.25));
#8300=CARTESIAN_POINT('',(-9.967051683162,13.56846360983,-41.25));
#8301=CARTESIAN_POINT('',(-6.458541875914,10.05995380259,-41.25));
#8302=CARTESIAN_POINT('',(-9.967051683162,13.56846360983,-41.25));
#8303=CARTESIAN_POINT('',(-11.76624146428,13.56846360983,-41.25));
#8304=CARTESIAN_POINT('',(-11.76624146428,13.56846360983,-41.25));
#8305=CARTESIAN_POINT('',(-8.257731657027,10.05995380259,-41.25));
#8306=CARTESIAN_POINT('',(-8.257731657027,10.05995380259,-41.25));
#8307=CARTESIAN_POINT('',(-6.458541875914,10.05995380259,-41.25));
#8308=CARTESIAN_POINT('',(-13.56543124539,13.56846360983,-41.25));
#8309=CARTESIAN_POINT('',(-10.05692143814,10.05995380259,-41.25));
#8310=CARTESIAN_POINT('',(-13.56543124539,13.56846360983,-41.25));
#8311=CARTESIAN_POINT('',(-15.3646210265,13.56846360983,-41.25));
#8312=CARTESIAN_POINT('',(-15.3646210265,13.56846360983,-41.25));
#8313=CARTESIAN_POINT('',(-11.85611121925,10.05995380259,-41.25));
#8314=CARTESIAN_POINT('',(-11.85611121925,10.05995380259,-41.25));
#8315=CARTESIAN_POINT('',(-10.05692143814,10.05995380259,-41.25));
#8316=CARTESIAN_POINT('',(-17.16381080762,13.56846360983,-41.25));
#8317=CARTESIAN_POINT('',(-13.65530100037,10.05995380259,-41.25));
#8318=CARTESIAN_POINT('',(-17.16381080762,13.56846360983,-41.25));
#8319=CARTESIAN_POINT('',(-18.96300058873,13.56846360983,-41.25));
#8320=CARTESIAN_POINT('',(-18.96300058873,13.56846360983,-41.25));
#8321=CARTESIAN_POINT('',(-15.45449078148,10.05995380259,-41.25));
#8322=CARTESIAN_POINT('',(-15.45449078148,10.05995380259,-41.25));
#8323=CARTESIAN_POINT('',(-13.65530100037,10.05995380259,-41.25));
#8324=CARTESIAN_POINT('',(-20.76219036984,13.56846360983,-41.25));
#8325=CARTESIAN_POINT('',(-17.25368056259,10.05995380259,-41.25));
#8326=CARTESIAN_POINT('',(-20.76219036984,13.56846360983,-41.25));
#8327=CARTESIAN_POINT('',(-22.56138015096,13.56846360983,-41.25));
#8328=CARTESIAN_POINT('',(-22.56138015096,13.56846360983,-41.25));
#8329=CARTESIAN_POINT('',(-19.05287034371,10.05995380259,-41.25));
#8330=CARTESIAN_POINT('',(-19.05287034371,10.05995380259,-41.25));
#8331=CARTESIAN_POINT('',(-17.25368056259,10.05995380259,-41.25));
#8332=CARTESIAN_POINT('',(-24.36056993207,13.56846360983,-41.25));
#8333=CARTESIAN_POINT('',(-20.85206012482,10.05995380259,-41.25));
#8334=CARTESIAN_POINT('',(-24.36056993207,13.56846360983,-41.25));
#8335=CARTESIAN_POINT('',(-26.15975971318,13.56846360983,-41.25));
#8336=CARTESIAN_POINT('',(-26.15975971318,13.56846360983,-41.25));
#8337=CARTESIAN_POINT('',(-22.65124990594,10.05995380259,-41.25));
#8338=CARTESIAN_POINT('',(-22.65124990594,10.05995380259,-41.25));
#8339=CARTESIAN_POINT('',(-20.85206012482,10.05995380259,-41.25));
#8340=CARTESIAN_POINT('',(-27.9589494943,13.56846360983,-41.25));
#8341=CARTESIAN_POINT('',(-24.45043968705,10.05995380259,-41.25));
#8342=CARTESIAN_POINT('',(-27.9589494943,13.56846360983,-41.25));
#8343=CARTESIAN_POINT('',(-29.75813927541,13.56846360983,-41.25));
#8344=CARTESIAN_POINT('',(-29.75813927541,13.56846360983,-41.25));
#8345=CARTESIAN_POINT('',(-26.24962946816,10.05995380259,-41.25));
#8346=CARTESIAN_POINT('',(-26.24962946816,10.05995380259,-41.25));
#8347=CARTESIAN_POINT('',(-24.45043968705,10.05995380259,-41.25));
#8348=CARTESIAN_POINT('',(-28.41588067872,10.05995380259,-41.25));
#8349=CARTESIAN_POINT('',(-29.75813927541,10.05995380259,-41.25));
#8350=CARTESIAN_POINT('',(-28.41588067872,10.05995380259,-41.25));
#8351=CARTESIAN_POINT('',(-29.75813927541,11.40221239928,-41.25));
#8352=CARTESIAN_POINT('',(-29.75813927541,11.40221239928,-41.25));
#8353=CARTESIAN_POINT('',(-29.75813927541,10.05995380259,-41.25));
#8354=CARTESIAN_POINT('Origin',(-30.89202451011,44.3258613215,-40.75022249673));
#8355=CARTESIAN_POINT('',(-33.7709303672563,43.4821190507851,-40.2499999964104));
#8356=CARTESIAN_POINT('Ctrl Pts',(-33.7709303865344,43.482119127357,-40.2499999892305));
#8357=CARTESIAN_POINT('Ctrl Pts',(-33.8689977005917,43.4677459693669,-40.3481512378386));
#8358=CARTESIAN_POINT('Ctrl Pts',(-34.0735885653694,43.4377603996319,-40.5531079674378));
#8359=CARTESIAN_POINT('Ctrl Pts',(-34.4047429963,43.38922538377,-40.88537439461));
#8360=CARTESIAN_POINT('Ctrl Pts',(-34.64373861995,43.35419741615,-41.12547659669));
#8361=CARTESIAN_POINT('Ctrl Pts',(-34.76762189808,43.33604068808,-41.25));
#8362=CARTESIAN_POINT('',(-32.39202444826,41.727785084011,-40.2499999936806));
#8363=CARTESIAN_POINT('Origin',(-30.89202451011,44.3258613215,-40.25));
#8364=CARTESIAN_POINT('',(-32.89210614019,40.86161746078,-41.25016400333));
#8365=CARTESIAN_POINT('Origin',(-21.37409535172,34.78923047545,-40.75));
#8366=CARTESIAN_POINT('',(-9.85616612709694,28.7167012140394,-40.2499999946708));
#8367=CARTESIAN_POINT('',(-32.39202443753,41.72778508356,-40.24999998674));
#8368=CARTESIAN_POINT('',(-10.35616606475,27.85067578809,-41.24999998131));
#8369=CARTESIAN_POINT('Origin',(-8.356166193326,31.31477745589,-40.74999998089));
#8370=CARTESIAN_POINT('',(-7.06729330855273,28.6057542617578,-40.2499999917788));
#8371=CARTESIAN_POINT('Origin',(-8.356166193326,31.31477745589,-40.25));
#8372=CARTESIAN_POINT('',(-6.637668997133,27.70274655475,-41.24999998051));
#8373=CARTESIAN_POINT('Origin',(3.354052169459,33.01021598129,-40.75));
#8374=CARTESIAN_POINT('',(13.3457734305153,38.3176854776029,-40.2499999977641));
#8375=CARTESIAN_POINT('',(-7.067293311789,28.60575426856,-40.24999998904));
#8376=CARTESIAN_POINT('',(13.77539771931,37.41467774803,-41.24999999166));
#8377=CARTESIAN_POINT('Origin',(12.05690058458,41.02670869076,-40.74999999182));
#8378=CARTESIAN_POINT('',(14.7659237878544,42.3155815575227,-40.2499999972316));
#8379=CARTESIAN_POINT('Origin',(12.05690058458,41.02670869076,-40.25));
#8380=CARTESIAN_POINT('',(15.66893151163,42.74520585952,-41.24999999213));
#8381=CARTESIAN_POINT('Origin',(14.62906838253,43.76703931921,-40.75));
#8382=CARTESIAN_POINT('',(13.5892051944264,44.7888728774187,-40.2499999975521));
#8383=CARTESIAN_POINT('',(14.76592378648,42.31558155687,-40.24999999557));
#8384=CARTESIAN_POINT('',(14.49221291127,45.21849719276,-41.24999999142));
#8385=CARTESIAN_POINT('Origin',(10.88018199641,43.5,-40.74999999047));
#8386=CARTESIAN_POINT('',(10.8801819818299,46.4999999977778,-40.2499999979486));
#8387=CARTESIAN_POINT('Origin',(10.88018199641,43.5,-40.25));
#8388=CARTESIAN_POINT('',(10.88018197049,47.49999999028,-41.24999999028));
#8389=CARTESIAN_POINT('Origin',(-9.945400823165,47.,-40.75));
#8390=CARTESIAN_POINT('',(-30.7707467303243,46.500107746764,-40.2499999322613));
#8391=CARTESIAN_POINT('',(-20.3581922329525,46.5,-40.25));
#8392=CARTESIAN_POINT('',(-30.77098367743,47.50019159309,-41.25019159309));
#8393=CARTESIAN_POINT('Origin',(-30.77098364274,43.5,-40.75026662984));
#8394=CARTESIAN_POINT('Origin',(-30.77098364274,43.5,-40.25));
#8395=CARTESIAN_POINT('Origin',(-30.77098364274,43.5,-41.25));
#8396=CARTESIAN_POINT('',(-30.77098364274,46.5,-39.25));
#8397=CARTESIAN_POINT('',(-30.77074670478,46.50010775382,-40.25010779124));
#8398=CARTESIAN_POINT('',(-33.77093035377,43.48211897735,-39.25));
#8399=CARTESIAN_POINT('Origin',(-30.77098364274,43.5,-39.25));
#8400=CARTESIAN_POINT('',(-33.7709303537715,43.4821189773381,-41.25));
#8401=CARTESIAN_POINT('Origin',(-30.89202451011,44.3258613215,-41.25));
#8402=CARTESIAN_POINT('',(-32.39202451011,41.72778511015,-39.25));
#8403=CARTESIAN_POINT('Origin',(-30.89202451011,44.3258613215,-39.25));
#8404=CARTESIAN_POINT('',(-32.39202443753,41.72778508356,-40.24999998674));
#8405=CARTESIAN_POINT('Origin',(-9.856166193326,28.71670124454,-41.25));
#8406=CARTESIAN_POINT('',(-9.856166193326,28.71670124454,-39.25));
#8407=CARTESIAN_POINT('',(-9.856166193326,28.71670124454,-39.25));
#8408=CARTESIAN_POINT('',(-9.856166120999,28.71670121492,-40.24999998949));
#8409=CARTESIAN_POINT('Origin',(-8.356166193326,31.31477745589,-41.25));
#8410=CARTESIAN_POINT('',(-7.067293358613,28.60575423415,-39.25));
#8411=CARTESIAN_POINT('Origin',(-8.356166193326,31.31477745589,-39.25));
#8412=CARTESIAN_POINT('',(-7.067293311789,28.60575426856,-40.24999998904));
#8413=CARTESIAN_POINT('Origin',(13.34577341929,38.31768546902,-41.25));
#8414=CARTESIAN_POINT('',(13.34577341929,38.31768546902,-39.25));
#8415=CARTESIAN_POINT('',(13.34577341929,38.31768546902,-39.25));
#8416=CARTESIAN_POINT('',(13.34577343154,38.31768548004,-40.24999999531));
#8417=CARTESIAN_POINT('Origin',(12.05690058458,41.02670869076,-41.25));
#8418=CARTESIAN_POINT('',(14.76592380632,42.31558152547,-39.25));
#8419=CARTESIAN_POINT('Origin',(12.05690058458,41.02670869076,-39.25));
#8420=CARTESIAN_POINT('',(14.76592378648,42.31558155687,-40.24999999557));
#8421=CARTESIAN_POINT('Origin',(13.58920521815,44.78887283471,-41.25));
#8422=CARTESIAN_POINT('',(13.58920521815,44.78887283471,-39.25));
#8423=CARTESIAN_POINT('',(13.58920521815,44.78887283471,-39.25));
#8424=CARTESIAN_POINT('',(13.58920519145,44.7888728796,-40.24999999518));
#8425=CARTESIAN_POINT('Origin',(10.88018199641,43.5,-41.25));
#8426=CARTESIAN_POINT('',(10.88018199641,46.5,-39.25));
#8427=CARTESIAN_POINT('Origin',(10.88018199641,43.5,-39.25));
#8428=CARTESIAN_POINT('',(10.88018198183,46.49999999453,-40.24999999453));
#8429=CARTESIAN_POINT('Origin',(-30.77098364274,46.5,-41.25));
#8430=CARTESIAN_POINT('',(-30.77098364274,46.5,-39.25));
#8431=CARTESIAN_POINT('Origin',(0.,0.,-39.25));
#8432=CARTESIAN_POINT('Origin',(16.35314336696,31.99663128495,-40.74999999182));
#8433=CARTESIAN_POINT('',(19.0621665801165,33.2855041308863,-40.2499999977623));
#8434=CARTESIAN_POINT('',(19.96517430969,33.71512841968,-41.24999999166));
#8435=CARTESIAN_POINT('',(15.0642705022448,34.7056544892969,-40.2499999977552));
#8436=CARTESIAN_POINT('Origin',(16.35314336696,31.99663128495,-40.25));
#8437=CARTESIAN_POINT('',(14.6346461982,35.60866221201,-41.24999999213));
#8438=CARTESIAN_POINT('Origin',(7.752559631947,31.78066460957,-40.75));
#8439=CARTESIAN_POINT('',(0.870472978953289,27.9526669530234,-40.2499999964507));
#8440=CARTESIAN_POINT('',(15.06427050085,34.70565448686,-40.24999999557));
#8441=CARTESIAN_POINT('',(0.4408486781458,28.85567467582,-41.24999998991));
#8442=CARTESIAN_POINT('Origin',(2.159345844601,25.24364375012,-40.74999998994));
#8443=CARTESIAN_POINT('',(0.659345874516985,22.6455675257475,-40.249999997075));
#8444=CARTESIAN_POINT('Origin',(2.159345844601,25.24364375012,-40.25));
#8445=CARTESIAN_POINT('',(0.1593459029709,21.77954211313,-41.24999998974));
#8446=CARTESIAN_POINT('Origin',(3.651436434928,20.34073296182,-40.75));
#8447=CARTESIAN_POINT('',(7.14352703921903,18.9019237848482,-40.2499999964841));
#8448=CARTESIAN_POINT('',(0.6593458774341,22.64556752648,-40.24999999423));
#8449=CARTESIAN_POINT('',(6.643527051798,18.03589838109,-41.24999999));
#8450=CARTESIAN_POINT('Origin',(8.643527025255,21.5,-40.74999999109));
#8451=CARTESIAN_POINT('',(8.64352707116138,18.5000000032905,-40.2499999973847));
#8452=CARTESIAN_POINT('Origin',(8.643527025255,21.5,-40.25));
#8453=CARTESIAN_POINT('',(8.643527112307,17.50000000917,-41.24999999083));
#8454=CARTESIAN_POINT('Origin',(14.99532798867,18.,-40.75));
#8455=CARTESIAN_POINT('',(21.34712899204,18.5000000026435,-40.2499999936545));
#8456=CARTESIAN_POINT('',(8.643527074222,18.50000000516,-40.24999999484));
#8457=CARTESIAN_POINT('',(21.34712902311,17.50000001504,-41.24999998496));
#8458=CARTESIAN_POINT('Origin',(21.34712895209,21.5,-40.74999998525));
#8459=CARTESIAN_POINT('',(24.0561521450344,22.7888728829785,-40.2499999958093));
#8460=CARTESIAN_POINT('Origin',(21.34712895209,21.5,-40.25));
#8461=CARTESIAN_POINT('',(24.95915985556,23.21849720246,-41.24999998531));
#8462=CARTESIAN_POINT('Origin',(22.01066325156,28.25200061631,-40.75));
#8463=CARTESIAN_POINT('',(24.05615214073,22.78887288506,-40.24999999173));
#8464=CARTESIAN_POINT('Origin',(19.0621665887,33.28550411967,-41.25));
#8465=CARTESIAN_POINT('',(24.05615217383,22.78887283471,-33.25));
#8466=CARTESIAN_POINT('',(24.05615214073,22.78887288506,-40.24999999173));
#8467=CARTESIAN_POINT('',(19.0621665887,33.28550411967,-33.25));
#8468=CARTESIAN_POINT('',(19.0621665887,33.28550411967,-33.25));
#8469=CARTESIAN_POINT('',(19.06216657768,33.28550413191,-40.24999999531));
#8470=CARTESIAN_POINT('Origin',(16.35314336696,31.99663128495,-41.25));
#8471=CARTESIAN_POINT('',(15.06427053224,34.7056545067,-33.25));
#8472=CARTESIAN_POINT('Origin',(16.35314336696,31.99663128495,-33.25));
#8473=CARTESIAN_POINT('',(15.06427050085,34.70565448686,-40.24999999557));
#8474=CARTESIAN_POINT('Origin',(0.8704730098879,27.95266697187,-41.25));
#8475=CARTESIAN_POINT('',(0.8704730098879,27.95266697187,-33.25));
#8476=CARTESIAN_POINT('',(0.8704730098879,27.95266697187,-33.25));
#8477=CARTESIAN_POINT('',(0.8704729797917,27.95266695126,-40.24999999432));
#8478=CARTESIAN_POINT('Origin',(2.159345844601,25.24364375012,-41.25));
#8479=CARTESIAN_POINT('',(0.659345844601,22.64556753877,-33.25));
#8480=CARTESIAN_POINT('Origin',(2.159345844601,25.24364375012,-33.25));
#8481=CARTESIAN_POINT('',(0.6593458774341,22.64556752648,-40.24999999423));
#8482=CARTESIAN_POINT('Origin',(7.143527025255,18.90192378865,-41.25));
#8483=CARTESIAN_POINT('',(7.143527025255,18.90192378865,-33.25));
#8484=CARTESIAN_POINT('',(7.143527025255,18.90192378865,-33.25));
#8485=CARTESIAN_POINT('',(7.143527040185,18.90192378652,-40.24999999437));
#8486=CARTESIAN_POINT('Origin',(8.643527025255,21.5,-41.25));
#8487=CARTESIAN_POINT('',(8.643527025255,18.5,-33.25));
#8488=CARTESIAN_POINT('Origin',(8.643527025255,21.5,-33.25));
#8489=CARTESIAN_POINT('',(8.643527074222,18.50000000516,-40.24999999484));
#8490=CARTESIAN_POINT('Origin',(21.34712895209,18.5,-41.25));
#8491=CARTESIAN_POINT('',(21.34712895209,18.5,-33.25));
#8492=CARTESIAN_POINT('',(21.34712895209,18.5,-33.25));
#8493=CARTESIAN_POINT('',(21.34712899204,18.50000000846,-40.24999999154));
#8494=CARTESIAN_POINT('Origin',(21.34712895209,21.5,-41.25));
#8495=CARTESIAN_POINT('Origin',(21.34712895209,21.5,-33.25));
#8496=CARTESIAN_POINT('Origin',(0.,0.,-33.25));
#8497=CARTESIAN_POINT('',(-38.7,9.635538859335,-33.25));
#8498=CARTESIAN_POINT('',(-38.7,0.8,-33.25));
#8499=CARTESIAN_POINT('',(-38.7,9.635538859335,-33.25));
#8500=CARTESIAN_POINT('',(38.7,0.8,-33.25));
#8501=CARTESIAN_POINT('',(-38.7,0.8,-33.25));
#8502=CARTESIAN_POINT('',(38.69999999945,8.871196709347,-33.24999999945));
#8503=CARTESIAN_POINT('',(38.7,0.8,-33.25));
#8504=CARTESIAN_POINT('',(38.24413637581,10.89043083092,-33.24999999958));
#8505=CARTESIAN_POINT('Origin',(34.,8.871196713823,-33.25));
#8506=CARTESIAN_POINT('',(4.56181055875064,81.685780336466,-33.2499999999257));
#8507=CARTESIAN_POINT('',(38.24413637581,10.89043083092,-33.24999999958));
#8508=CARTESIAN_POINT('',(-46.9124853546241,66.0556202005608,-33.2499999993583));
#8509=CARTESIAN_POINT('Origin',(-20.,70.,-33.25));
#8510=CARTESIAN_POINT('',(-38.7560230693,10.40411283119,-33.25));
#8511=CARTESIAN_POINT('',(-46.91248535422,66.05562020062,-33.24999999895));
#8512=CARTESIAN_POINT('Origin',(-44.,9.635538859294,-33.25));
#8513=CARTESIAN_POINT('',(-9.856472974745,24.09807621135,-33.25));
#8514=CARTESIAN_POINT('',(-11.35647297474,18.5,-33.25));
#8515=CARTESIAN_POINT('Origin',(-11.35647297474,21.5,-33.25));
#8516=CARTESIAN_POINT('',(-29.56796016147,18.5,-33.25));
#8517=CARTESIAN_POINT('',(-11.35647297474,18.5,-33.25));
#8518=CARTESIAN_POINT('',(-32.53624899017,21.06495812909,-33.25));
#8519=CARTESIAN_POINT('Origin',(-29.56796016147,21.5,-33.25));
#8520=CARTESIAN_POINT('',(-34.21972703762,32.55132166256,-33.25));
#8521=CARTESIAN_POINT('',(-32.53624899017,21.06495812909,-33.25));
#8522=CARTESIAN_POINT('',(-29.75143820892,35.58443974482,-33.25));
#8523=CARTESIAN_POINT('Origin',(-31.25143820892,32.98636353347,-33.25));
#8524=CARTESIAN_POINT('',(-29.75143820892,35.58443974482,-33.25));
#8525=CARTESIAN_POINT('',(-40.43979945242,78.13723530105,-33.25));
#8526=CARTESIAN_POINT('',(-33.63276792353,52.73304778651,-33.25));
#8527=CARTESIAN_POINT('Origin',(-20.,70.,-33.25));
#8528=CARTESIAN_POINT('',(-40.04626988473,78.30343686125,-33.25));
#8529=CARTESIAN_POINT('',(-40.43979945242,78.13723530105,-33.25));
#8530=CARTESIAN_POINT('',(-38.09955224059,77.49708001093,-33.25));
#8531=CARTESIAN_POINT('',(-38.09955224059,77.49708001093,-33.25));
#8532=CARTESIAN_POINT('',(-37.3229031348,77.80493606522,-33.25));
#8533=CARTESIAN_POINT('Origin',(-37.86994218117,78.05140773044,-33.25));
#8534=CARTESIAN_POINT('',(-31.09960614943,54.5792755252,-33.25));
#8535=CARTESIAN_POINT('Origin',(-20.,70.,-33.25));
#8536=CARTESIAN_POINT('',(-31.92613203201,54.45756213604,-33.25));
#8537=CARTESIAN_POINT('Origin',(-31.45012002783,54.09230527863,-33.25));
#8538=CARTESIAN_POINT('',(-33.20886054067,52.78587779708,-33.25));
#8539=CARTESIAN_POINT('',(-33.20886054067,52.78587779708,-33.25));
#8540=CARTESIAN_POINT('',(-33.20886054067,52.78587779708,-33.25));
#8541=CARTESIAN_POINT('',(20.3500001921922,8.69615755121012,-33.25000016363));
#8542=CARTESIAN_POINT('',(20.3500000007832,4.30383123026746,-33.2499999995634));
#8543=CARTESIAN_POINT('',(20.35,3.25,-33.25));
#8544=CARTESIAN_POINT('',(18.6961575512104,2.64999980780901,-33.25000016363));
#8545=CARTESIAN_POINT('Origin',(19.99999515891,2.99999514325,-33.25));
#8546=CARTESIAN_POINT('',(11.3038312302669,2.64999999921675,-33.2499999995634));
#8547=CARTESIAN_POINT('',(7.5,2.65000000000002,-33.25));
#8548=CARTESIAN_POINT('',(9.64999980780882,4.30384244879001,-33.25000016363));
#8549=CARTESIAN_POINT('Origin',(9.99999514325,3.000004841092,-33.25));
#8550=CARTESIAN_POINT('',(9.64999999921675,8.69616876973255,-33.2499999995634));
#8551=CARTESIAN_POINT('',(9.65000000000003,3.25,-33.25));
#8552=CARTESIAN_POINT('',(11.3038424487895,10.350000192192,-33.25000016363));
#8553=CARTESIAN_POINT('Origin',(10.00000484109,10.00000485675,-33.25));
#8554=CARTESIAN_POINT('',(18.6961687697331,10.3500000007832,-33.2499999995634));
#8555=CARTESIAN_POINT('',(7.5,10.35,-33.25));
#8556=CARTESIAN_POINT('Origin',(20.00000485675,9.999995158908,-33.25));
#8557=CARTESIAN_POINT('',(-18.6961687697331,2.64999999921675,-33.2499999995634));
#8558=CARTESIAN_POINT('',(-20.3500001921922,4.30384244878988,-33.25000016363));
#8559=CARTESIAN_POINT('Origin',(-20.00000485675,3.000004841092,-33.25));
#8560=CARTESIAN_POINT('',(-20.3500000007832,8.69616876973254,-33.2499999995634));
#8561=CARTESIAN_POINT('',(-20.35,3.25,-33.25));
#8562=CARTESIAN_POINT('',(-18.6961575512105,10.350000192192,-33.25000016363));
#8563=CARTESIAN_POINT('Origin',(-19.99999515891,10.00000485675,-33.25));
#8564=CARTESIAN_POINT('',(-11.3038312302669,10.3500000007832,-33.2499999995634));
#8565=CARTESIAN_POINT('',(-7.5,10.35,-33.25));
#8566=CARTESIAN_POINT('',(-9.64999980780882,8.69615755120999,-33.25000016363));
#8567=CARTESIAN_POINT('Origin',(-9.99999514325,9.999995158908,-33.25));
#8568=CARTESIAN_POINT('',(-9.64999999921675,4.30383123026746,-33.2499999995634));
#8569=CARTESIAN_POINT('',(-9.65000000000003,3.25,-33.25));
#8570=CARTESIAN_POINT('',(-11.3038424487896,2.64999980780901,-33.25000016363));
#8571=CARTESIAN_POINT('Origin',(-10.00000484109,2.99999514325,-33.25));
#8572=CARTESIAN_POINT('',(-7.5,2.65000000000002,-33.25));
#8573=CARTESIAN_POINT('',(-30.,7.4000000000005,-33.2500000000005));
#8574=CARTESIAN_POINT('Origin',(-30.,5.,-33.25));
#8575=CARTESIAN_POINT('',(2.83498388035346E-14,7.40000000000052,-33.2500000000005));
#8576=CARTESIAN_POINT('Origin',(0.,5.,-33.25));
#8577=CARTESIAN_POINT('',(30.,7.4000000000005,-33.2500000000005));
#8578=CARTESIAN_POINT('Origin',(30.,5.,-33.25));
#8579=CARTESIAN_POINT('',(6.562499701977,48.21276563406,-33.25));
#8580=CARTESIAN_POINT('',(6.25,47.25531893969,-33.25));
#8581=CARTESIAN_POINT('',(6.562499701977,48.21276563406,-33.25));
#8582=CARTESIAN_POINT('',(5.3125,45.97872334719,-33.25));
#8583=CARTESIAN_POINT('',(6.25,47.25531893969,-33.25));
#8584=CARTESIAN_POINT('',(4.062500298023,45.34042555094,-33.25));
#8585=CARTESIAN_POINT('',(5.3125,45.97872334719,-33.25));
#8586=CARTESIAN_POINT('',(6.875000298023,38.,-33.25));
#8587=CARTESIAN_POINT('',(4.062500298023,45.34042555094,-33.25));
#8588=CARTESIAN_POINT('',(4.687499701977,38.,-33.25));
#8589=CARTESIAN_POINT('',(6.875000298023,38.,-33.25));
#8590=CARTESIAN_POINT('',(2.187499850988,44.70212775469,-33.25));
#8591=CARTESIAN_POINT('',(4.687499701977,38.,-33.25));
#8592=CARTESIAN_POINT('',(-3.125,44.70212775469,-33.25));
#8593=CARTESIAN_POINT('',(2.187499850988,44.70212775469,-33.25));
#8594=CARTESIAN_POINT('',(-3.125,38.,-33.25));
#8595=CARTESIAN_POINT('',(-3.125,44.70212775469,-33.25));
#8596=CARTESIAN_POINT('',(-5.,38.,-33.25));
#8597=CARTESIAN_POINT('',(-3.125,38.,-33.25));
#8598=CARTESIAN_POINT('',(-5.,53.,-33.25));
#8599=CARTESIAN_POINT('',(-5.,38.,-33.25));
#8600=CARTESIAN_POINT('',(2.5,53.,-33.25));
#8601=CARTESIAN_POINT('',(-5.,53.,-33.25));
#8602=CARTESIAN_POINT('',(4.062500298023,52.68085110188,-33.25));
#8603=CARTESIAN_POINT('',(2.5,53.,-33.25));
#8604=CARTESIAN_POINT('',(5.3125,51.7234044075,-33.25));
#8605=CARTESIAN_POINT('',(4.062500298023,52.68085110188,-33.25));
#8606=CARTESIAN_POINT('',(6.25,50.446808815,-33.25));
#8607=CARTESIAN_POINT('',(5.3125,51.7234044075,-33.25));
#8608=CARTESIAN_POINT('',(6.562499701977,49.48936212063,-33.25));
#8609=CARTESIAN_POINT('',(6.25,50.446808815,-33.25));
#8610=CARTESIAN_POINT('',(6.562499701977,49.48936212063,-33.25));
#8611=CARTESIAN_POINT('Origin',(0.,0.,-33.25));
#8612=CARTESIAN_POINT('',(4.375,47.57446783781,-33.25));
#8613=CARTESIAN_POINT('',(4.687499701977,48.53191453218,-33.25));
#8614=CARTESIAN_POINT('',(4.375,47.57446783781,-33.25));
#8615=CARTESIAN_POINT('',(4.687499701977,49.48936212063,-33.25));
#8616=CARTESIAN_POINT('',(4.687499701977,48.53191453218,-33.25));
#8617=CARTESIAN_POINT('',(4.375,50.446808815,-33.25));
#8618=CARTESIAN_POINT('',(4.687499701977,49.48936212063,-33.25));
#8619=CARTESIAN_POINT('',(3.749999701977,51.08510661125,-33.25));
#8620=CARTESIAN_POINT('',(4.375,50.446808815,-33.25));
#8621=CARTESIAN_POINT('',(2.812499701977,51.40425550938,-33.25));
#8622=CARTESIAN_POINT('',(3.749999701977,51.08510661125,-33.25));
#8623=CARTESIAN_POINT('',(-3.125,51.40425550938,-33.25));
#8624=CARTESIAN_POINT('',(2.812499701977,51.40425550938,-33.25));
#8625=CARTESIAN_POINT('',(-3.125,46.61702114344,-33.25));
#8626=CARTESIAN_POINT('',(-3.125,51.40425550938,-33.25));
#8627=CARTESIAN_POINT('',(2.812499701977,46.61702114344,-33.25));
#8628=CARTESIAN_POINT('',(-3.125,46.61702114344,-33.25));
#8629=CARTESIAN_POINT('',(3.749999701977,46.93617004156,-33.25));
#8630=CARTESIAN_POINT('',(2.812499701977,46.61702114344,-33.25));
#8631=CARTESIAN_POINT('',(3.749999701977,46.93617004156,-33.25));
#8632=CARTESIAN_POINT('Origin',(-11.35647297474,21.5,-41.25));
#8633=CARTESIAN_POINT('',(-11.3564729491397,18.5000000025287,-40.2499999975915));
#8634=CARTESIAN_POINT('',(-9.85647299329669,24.0980762192149,-40.2499999981182));
#8635=CARTESIAN_POINT('Origin',(-11.35647297474,21.5,-40.25));
#8636=CARTESIAN_POINT('',(-11.35647294914,18.50000000385,-40.24999999615));
#8637=CARTESIAN_POINT('',(-9.85647299651,24.09807621936,-40.24999999605));
#8638=CARTESIAN_POINT('Origin',(-11.35647297474,21.5,-40.74999999312));
#8639=CARTESIAN_POINT('',(-11.35647292922,17.50000000685,-41.24999999315));
#8640=CARTESIAN_POINT('',(-9.356473013439,24.96410162938,-41.24999999299));
#8641=CARTESIAN_POINT('Origin',(-19.55395559183,30.27427067998,-40.75));
#8642=CARTESIAN_POINT('',(-29.7514382392434,35.5844397573115,-40.2499999966851));
#8643=CARTESIAN_POINT('',(-9.85647299651,24.09807621936,-40.24999999605));
#8644=CARTESIAN_POINT('',(-29.25143827229,36.45046517092,-41.24999998764));
#8645=CARTESIAN_POINT('Origin',(-31.25143820892,32.98636353347,-40.74999998788));
#8646=CARTESIAN_POINT('',(-34.2197270312237,32.5513216375399,-40.2499999978558));
#8647=CARTESIAN_POINT('Origin',(-31.25143820892,32.98636353347,-40.25));
#8648=CARTESIAN_POINT('',(-35.20915663268,32.40630765849,-41.24999999248));
#8649=CARTESIAN_POINT('Origin',(-33.87270281868,26.73563291734,-40.75));
#8650=CARTESIAN_POINT('',(-32.5362489863903,21.064958114034,-40.2499999985203));
#8651=CARTESIAN_POINT('',(-34.21972702946,32.55132163607,-40.24999999577));
#8652=CARTESIAN_POINT('',(-33.52567859158,20.91994414557,-41.24999999579));
#8653=CARTESIAN_POINT('Origin',(-29.56796016147,21.5,-40.74999999579));
#8654=CARTESIAN_POINT('',(-29.5679601479137,18.5000000015432,-40.2499999987735));
#8655=CARTESIAN_POINT('Origin',(-29.56796016147,21.5,-40.25));
#8656=CARTESIAN_POINT('',(-29.56796013576,17.50000000429,-41.24999999571));
#8657=CARTESIAN_POINT('Origin',(-20.46221656811,18.,-40.75));
#8658=CARTESIAN_POINT('',(-29.56796014701,18.50000000242,-40.24999999758));
#8659=CARTESIAN_POINT('Origin',(-11.35647297474,18.5,-41.25));
#8660=CARTESIAN_POINT('',(-29.56796014701,18.50000000242,-40.24999999758));
#8661=CARTESIAN_POINT('Origin',(-29.56796016147,21.5,-41.25));
#8662=CARTESIAN_POINT('',(-32.53624898559,21.06495811415,-40.24999999763));
#8663=CARTESIAN_POINT('Origin',(-32.53624899017,21.06495812909,-41.25));
#8664=CARTESIAN_POINT('',(-34.21972702946,32.55132163607,-40.24999999577));
#8665=CARTESIAN_POINT('Origin',(-31.25143820892,32.98636353347,-41.25));
#8666=CARTESIAN_POINT('',(-29.75143824457,35.58443975738,-40.24999999305));
#8667=CARTESIAN_POINT('Origin',(-29.75143820892,35.58443974482,-41.25));
#8668=CARTESIAN_POINT('Origin',(-38.85,5.067769429647,-33.4));
#8669=CARTESIAN_POINT('',(-39.,9.635538859323,-33.55));
#8670=CARTESIAN_POINT('',(-39.,0.8,-33.55));
#8671=CARTESIAN_POINT('',(-39.,9.635538859323,-33.55));
#8672=CARTESIAN_POINT('',(-38.85,0.65,-33.4));
#8673=CARTESIAN_POINT('',(-38.85,0.65,-33.4));
#8674=CARTESIAN_POINT('',(-38.7,0.8,-33.25));
#8675=CARTESIAN_POINT('',(-38.7,9.635538859335,-33.25));
#8676=CARTESIAN_POINT('Origin',(-39.,10.,-33.25));
#8677=CARTESIAN_POINT('',(-39.,9.635538859356,-39.25));
#8678=CARTESIAN_POINT('',(-39.,9.635538859356,-39.25));
#8679=CARTESIAN_POINT('',(-39.,0.8,-39.25));
#8680=CARTESIAN_POINT('',(-39.,0.8,-39.25));
#8681=CARTESIAN_POINT('',(-39.,0.8,-33.55));
#8682=CARTESIAN_POINT('Origin',(-38.85,0.65,-36.25));
#8683=CARTESIAN_POINT('',(-38.7,0.5,-39.55));
#8684=CARTESIAN_POINT('',(-38.7,0.5,-39.55));
#8685=CARTESIAN_POINT('',(-38.7,0.5,-33.55));
#8686=CARTESIAN_POINT('',(-38.7,0.5,-33.55));
#8687=CARTESIAN_POINT('',(-38.7,0.5,-33.55));
#8688=CARTESIAN_POINT('Origin',(-38.,5.067769429647,-40.25));
#8689=CARTESIAN_POINT('',(-37.3,0.5,-40.95));
#8690=CARTESIAN_POINT('',(-37.,0.8,-41.25));
#8691=CARTESIAN_POINT('',(-38.7,0.5,-39.55));
#8692=CARTESIAN_POINT('',(-37.,9.63553885941,-41.25));
#8693=CARTESIAN_POINT('Origin',(-35.5,0.65,-41.1));
#8694=CARTESIAN_POINT('',(-34.,0.5,-40.95));
#8695=CARTESIAN_POINT('',(-34.,0.5,-40.95));
#8696=CARTESIAN_POINT('',(-34.,0.5,-40.95));
#8697=CARTESIAN_POINT('Origin',(-39.,0.5,-33.25));
#8698=CARTESIAN_POINT('',(-34.,0.5,-35.25));
#8699=CARTESIAN_POINT('',(-34.,0.5,-40.95));
#8700=CARTESIAN_POINT('',(-26.,0.5,-35.25));
#8701=CARTESIAN_POINT('',(-26.,0.5,-35.25));
#8702=CARTESIAN_POINT('',(-26.,0.5,-40.95));
#8703=CARTESIAN_POINT('',(-26.,0.5,-40.95));
#8704=CARTESIAN_POINT('',(-4.,0.5,-40.95));
#8705=CARTESIAN_POINT('',(-4.,0.5,-40.95));
#8706=CARTESIAN_POINT('',(-4.,0.5,-35.25));
#8707=CARTESIAN_POINT('',(-4.,0.5,-40.95));
#8708=CARTESIAN_POINT('',(4.,0.5,-35.25));
#8709=CARTESIAN_POINT('',(4.,0.5,-35.25));
#8710=CARTESIAN_POINT('',(4.,0.5,-40.95));
#8711=CARTESIAN_POINT('',(4.,0.5,-40.95));
#8712=CARTESIAN_POINT('',(26.,0.5,-40.95));
#8713=CARTESIAN_POINT('',(26.,0.5,-40.95));
#8714=CARTESIAN_POINT('',(26.,0.5,-35.25));
#8715=CARTESIAN_POINT('',(26.,0.5,-40.95));
#8716=CARTESIAN_POINT('',(34.,0.5,-35.25));
#8717=CARTESIAN_POINT('',(34.,0.5,-35.25));
#8718=CARTESIAN_POINT('',(34.,0.5,-40.95));
#8719=CARTESIAN_POINT('',(34.,0.5,-40.95));
#8720=CARTESIAN_POINT('',(37.3,0.5,-40.95));
#8721=CARTESIAN_POINT('',(37.3,0.5,-40.95));
#8722=CARTESIAN_POINT('',(38.7,0.5,-39.55));
#8723=CARTESIAN_POINT('',(37.3,0.5,-40.95));
#8724=CARTESIAN_POINT('',(38.7,0.5,-33.55));
#8725=CARTESIAN_POINT('',(38.7,0.5,-33.55));
#8726=CARTESIAN_POINT('',(-38.7,0.5,-33.55));
#8727=CARTESIAN_POINT('Origin',(2.84217094304E-14,0.65,-33.4));
#8728=CARTESIAN_POINT('',(38.85,0.65,-33.4));
#8729=CARTESIAN_POINT('',(38.7,0.5,-33.55));
#8730=CARTESIAN_POINT('',(38.85,0.65,-33.4));
#8731=CARTESIAN_POINT('Origin',(38.85,4.685598356911,-33.4));
#8732=CARTESIAN_POINT('',(39.,0.8,-33.55));
#8733=CARTESIAN_POINT('',(38.99999999956,8.871196710252,-33.54999999956));
#8734=CARTESIAN_POINT('',(39.,0.8,-33.55));
#8735=CARTESIAN_POINT('',(38.69999999945,8.871196709347,-33.24999999945));
#8736=CARTESIAN_POINT('',(39.,0.8,-33.55));
#8737=CARTESIAN_POINT('Origin',(39.,0.,-33.25));
#8738=CARTESIAN_POINT('',(39.,0.8,-39.25));
#8739=CARTESIAN_POINT('',(39.,0.8,-33.55));
#8740=CARTESIAN_POINT('',(39.,8.871196713811,-39.25));
#8741=CARTESIAN_POINT('',(39.,8.871196713811,-39.25));
#8742=CARTESIAN_POINT('',(38.99999999956,8.871196710252,-33.54999999956));
#8743=CARTESIAN_POINT('Origin',(34.,8.871196713823,-5.5442));
#8744=CARTESIAN_POINT('',(38.51503869897,11.01931811249,-33.54999999967));
#8745=CARTESIAN_POINT('Origin',(34.,8.871196713823,-33.55));
#8746=CARTESIAN_POINT('',(38.51503870289,11.01931810505,-39.25));
#8747=CARTESIAN_POINT('Origin',(34.,8.871196713823,-39.25));
#8748=CARTESIAN_POINT('',(38.51503869897,11.01931811249,-33.54999999967));
#8749=CARTESIAN_POINT('Origin',(34.,8.871196713823,-33.3999999993));
#8750=CARTESIAN_POINT('',(38.24413637581,10.89043083092,-33.24999999958));
#8751=CARTESIAN_POINT('Origin',(21.53842462335,46.35254923654,-33.4));
#8752=CARTESIAN_POINT('',(4.83271287738306,81.8146676273738,-33.5499999999426));
#8753=CARTESIAN_POINT('',(38.51503869897,11.01931811249,-33.54999999967));
#8754=CARTESIAN_POINT('',(4.561810559289,81.68578033515,-33.24999999985));
#8755=CARTESIAN_POINT('Origin',(-20.,70.,-33.39999999858));
#8756=CARTESIAN_POINT('',(-47.2093142435566,66.0121160545328,-33.5499999994005));
#8757=CARTESIAN_POINT('Origin',(-20.,70.,-33.55));
#8758=CARTESIAN_POINT('',(-46.91248535422,66.05562020062,-33.24999999895));
#8759=CARTESIAN_POINT('Origin',(-42.98266866617,38.20811450727,-33.4));
#8760=CARTESIAN_POINT('',(-39.05285195217,10.36060864411,-33.55));
#8761=CARTESIAN_POINT('',(-47.20931424336,66.01211605456,-33.5499999992));
#8762=CARTESIAN_POINT('',(-38.7560230693,10.40411283119,-33.25));
#8763=CARTESIAN_POINT('Origin',(-47.20931426303,66.01211618329,-33.25));
#8764=CARTESIAN_POINT('',(-47.20931424877,66.01211608995,-39.25000000058));
#8765=CARTESIAN_POINT('',(-47.20931424336,66.01211605456,-33.5499999992));
#8766=CARTESIAN_POINT('',(-39.05285195217,10.36060864407,-39.25));
#8767=CARTESIAN_POINT('',(-39.05285195217,10.36060864407,-39.25));
#8768=CARTESIAN_POINT('',(-39.05285195217,10.36060864407,-39.25));
#8769=CARTESIAN_POINT('Origin',(-44.,9.635538859294,-61.4558));
#8770=CARTESIAN_POINT('Origin',(-44.,9.635538859294,-33.55));
#8771=CARTESIAN_POINT('Origin',(-44.,9.635538859294,-39.25));
#8772=CARTESIAN_POINT('Origin',(-44.,9.635538859294,-33.4));
#8773=CARTESIAN_POINT('Origin',(-44.,9.635538859294,-40.25));
#8774=CARTESIAN_POINT('',(-37.07399273303,10.65063655794,-41.25));
#8775=CARTESIAN_POINT('Origin',(-42.14165349804,38.33137637069,-40.25));
#8776=CARTESIAN_POINT('',(-45.23045502627,66.30214398183,-41.25000000071));
#8777=CARTESIAN_POINT('Origin',(-20.,70.,-40.25000000096));
#8778=CARTESIAN_POINT('',(4.83271287363427,81.814667635312,-39.2500000000403));
#8779=CARTESIAN_POINT('Origin',(-20.,70.,-39.25));
#8780=CARTESIAN_POINT('',(3.026697394562,80.95541907434,-41.25000000009));
#8781=CARTESIAN_POINT('Origin',(20.77086804386,45.98736860004,-40.25));
#8782=CARTESIAN_POINT('',(4.832712873858,81.81466763478,-39.25000000008));
#8783=CARTESIAN_POINT('',(36.70902322173,10.16006954856,-41.25));
#8784=CARTESIAN_POINT('Origin',(39.,10.,-33.25));
#8785=CARTESIAN_POINT('',(4.832712877718,81.81466762658,-33.54999999989));
#8786=CARTESIAN_POINT('Origin',(-20.,70.,-33.25));
#8787=CARTESIAN_POINT('Origin',(34.,8.871196713823,-40.25));
#8788=CARTESIAN_POINT('',(37.,8.871196713813,-41.25));
#8789=CARTESIAN_POINT('Origin',(38.,4.685598356911,-40.25));
#8790=CARTESIAN_POINT('',(37.3,0.5,-40.95));
#8791=CARTESIAN_POINT('',(39.,0.8,-39.25));
#8792=CARTESIAN_POINT('Origin',(35.5,0.65,-41.1));
#8793=CARTESIAN_POINT('',(34.,0.5,-40.95));
#8794=CARTESIAN_POINT('Origin',(34.15,2.75,-41.1));
#8795=CARTESIAN_POINT('',(33.9999999965796,4.99999990984451,-40.9499999972357));
#8796=CARTESIAN_POINT('',(34.,0.5,-40.95));
#8797=CARTESIAN_POINT('',(34.29999999238,4.999999866609,-41.24999999238));
#8798=CARTESIAN_POINT('Origin',(30.,5.,-41.09999998823));
#8799=CARTESIAN_POINT('',(26.0000000043116,4.99999997608999,-40.9499999958938));
#8800=CARTESIAN_POINT('Origin',(30.,5.,-40.95));
#8801=CARTESIAN_POINT('',(25.70000000941,4.999999965729,-41.24999999059));
#8802=CARTESIAN_POINT('Origin',(25.85,2.75,-41.1));
#8803=CARTESIAN_POINT('',(26.00000000657,4.99999997609,-40.94999999343));
#8804=CARTESIAN_POINT('',(26.,0.5,-40.95));
#8805=CARTESIAN_POINT('Origin',(26.,0.,-35.25));
#8806=CARTESIAN_POINT('',(26.,5.,-35.25));
#8807=CARTESIAN_POINT('',(26.00000000657,4.99999997609,-40.94999999343));
#8808=CARTESIAN_POINT('',(26.,0.5,-35.25));
#8809=CARTESIAN_POINT('Origin',(-30.,5.,-35.25));
#8810=CARTESIAN_POINT('',(34.,5.,-35.25));
#8811=CARTESIAN_POINT('',(34.,5.,-35.25));
#8812=CARTESIAN_POINT('Origin',(30.,5.,-35.25));
#8813=CARTESIAN_POINT('',(32.1,5.,-35.25));
#8814=CARTESIAN_POINT('Origin',(30.,5.,-35.25));
#8815=CARTESIAN_POINT('Origin',(-30.,5.,-35.25));
#8816=CARTESIAN_POINT('',(4.,5.,-35.25));
#8817=CARTESIAN_POINT('',(4.,5.,-35.25));
#8818=CARTESIAN_POINT('',(-4.,5.,-35.25));
#8819=CARTESIAN_POINT('',(-4.,0.5,-35.25));
#8820=CARTESIAN_POINT('Origin',(0.,5.,-35.25));
#8821=CARTESIAN_POINT('',(2.1,5.,-35.25));
#8822=CARTESIAN_POINT('Origin',(0.,5.,-35.25));
#8823=CARTESIAN_POINT('Origin',(-30.,5.,-35.25));
#8824=CARTESIAN_POINT('',(-34.,5.,-35.25));
#8825=CARTESIAN_POINT('',(-26.,5.,-35.25));
#8826=CARTESIAN_POINT('Origin',(-30.,5.,-35.25));
#8827=CARTESIAN_POINT('',(-26.,5.,-35.25));
#8828=CARTESIAN_POINT('',(-34.,0.5,-35.25));
#8829=CARTESIAN_POINT('',(-27.9,5.,-35.25));
#8830=CARTESIAN_POINT('Origin',(-30.,5.,-35.25));
#8831=CARTESIAN_POINT('Origin',(0.,5.,-6.335602335044));
#8832=CARTESIAN_POINT('',(2.1,5.,-33.55));
#8833=CARTESIAN_POINT('',(2.1,5.,-6.335602335044));
#8834=CARTESIAN_POINT('',(2.8386578207509E-14,7.10000000000049,-33.5500000000005));
#8835=CARTESIAN_POINT('Origin',(0.,5.,-33.55));
#8836=CARTESIAN_POINT('Origin',(0.,5.,-33.55));
#8837=CARTESIAN_POINT('Origin',(2.864375403533E-14,5.,-33.40000000887));
#8838=CARTESIAN_POINT('',(2.8368208506608E-14,7.249999991131,-33.40000000887));
#8839=CARTESIAN_POINT('Origin',(30.,5.,-6.335602335044));
#8840=CARTESIAN_POINT('',(32.1,5.,-33.55));
#8841=CARTESIAN_POINT('',(32.1,5.,-6.335602335044));
#8842=CARTESIAN_POINT('',(30.,7.1000000000005,-33.5500000000005));
#8843=CARTESIAN_POINT('Origin',(30.,5.,-33.55));
#8844=CARTESIAN_POINT('Origin',(30.,5.,-33.55));
#8845=CARTESIAN_POINT('Origin',(30.,5.,-33.40000000887));
#8846=CARTESIAN_POINT('',(30.,7.249999991131,-33.40000000887));
#8847=CARTESIAN_POINT('Origin',(34.,5.,-35.25));
#8848=CARTESIAN_POINT('',(33.99999999468,4.999999906936,-40.94999999468));
#8849=CARTESIAN_POINT('Origin',(30.,5.,-6.335602335044));
#8850=CARTESIAN_POINT('Origin',(4.,5.,-35.25));
#8851=CARTESIAN_POINT('',(3.99999999657981,4.99999990984451,-40.9499999972364));
#8852=CARTESIAN_POINT('',(4.,0.5,-40.95));
#8853=CARTESIAN_POINT('',(3.999999994682,4.999999906936,-40.94999999468));
#8854=CARTESIAN_POINT('Origin',(4.15,2.75,-41.1));
#8855=CARTESIAN_POINT('',(4.,0.5,-40.95));
#8856=CARTESIAN_POINT('',(4.299999992377,4.999999866609,-41.24999999238));
#8857=CARTESIAN_POINT('Origin',(0.,5.,-41.09999998823));
#8858=CARTESIAN_POINT('',(-3.99999999569119,4.99999997608999,-40.9499999958943));
#8859=CARTESIAN_POINT('Origin',(0.,5.,-40.95));
#8860=CARTESIAN_POINT('',(-4.29999999059,4.999999965729,-41.24999999059));
#8861=CARTESIAN_POINT('Origin',(-4.15,2.75,-41.1));
#8862=CARTESIAN_POINT('',(-3.999999993435,4.99999997609,-40.94999999343));
#8863=CARTESIAN_POINT('',(-4.,0.5,-40.95));
#8864=CARTESIAN_POINT('Origin',(-4.,0.5,-35.25));
#8865=CARTESIAN_POINT('',(-3.999999993435,4.99999997609,-40.94999999343));
#8866=CARTESIAN_POINT('Origin',(0.,5.,-6.335602335044));
#8867=CARTESIAN_POINT('Origin',(-15.,0.65,-41.1));
#8868=CARTESIAN_POINT('',(-26.,0.5,-40.95));
#8869=CARTESIAN_POINT('Origin',(-25.85,2.75,-41.1));
#8870=CARTESIAN_POINT('',(-26.0000000034204,4.99999990984451,-40.9499999972357));
#8871=CARTESIAN_POINT('',(-26.,0.5,-40.95));
#8872=CARTESIAN_POINT('',(-25.70000000762,4.999999866609,-41.24999999238));
#8873=CARTESIAN_POINT('Origin',(-30.,5.,-41.09999998823));
#8874=CARTESIAN_POINT('',(-33.9999999956884,4.99999997608999,-40.9499999958938));
#8875=CARTESIAN_POINT('Origin',(-30.,5.,-40.95));
#8876=CARTESIAN_POINT('',(-34.29999999059,4.999999965729,-41.24999999059));
#8877=CARTESIAN_POINT('Origin',(-34.15,2.75,-41.1));
#8878=CARTESIAN_POINT('',(-33.99999999343,4.99999997609,-40.94999999343));
#8879=CARTESIAN_POINT('Origin',(-34.,0.,-35.25));
#8880=CARTESIAN_POINT('',(-33.99999999343,4.99999997609,-40.94999999343));
#8881=CARTESIAN_POINT('Origin',(-30.,5.,-6.335602335044));
#8882=CARTESIAN_POINT('',(-26.00000000532,4.999999906936,-40.94999999468));
#8883=CARTESIAN_POINT('Origin',(-26.,5.,-35.25));
#8884=CARTESIAN_POINT('Origin',(15.,0.65,-41.1));
#8885=CARTESIAN_POINT('Origin',(-30.,5.,-6.335602335044));
#8886=CARTESIAN_POINT('',(-27.9,5.,-33.55));
#8887=CARTESIAN_POINT('',(-27.9,5.,-6.335602335044));
#8888=CARTESIAN_POINT('',(-30.,7.1000000000005,-33.5500000000005));
#8889=CARTESIAN_POINT('Origin',(-30.,5.,-33.55));
#8890=CARTESIAN_POINT('Origin',(-30.,5.,-33.55));
#8891=CARTESIAN_POINT('Origin',(-30.,5.,-33.40000000887));
#8892=CARTESIAN_POINT('',(-30.,7.249999991131,-33.40000000887));
#8893=CARTESIAN_POINT('Origin',(38.85,0.65,-36.25));
#8894=CARTESIAN_POINT('Origin',(-20.,70.,-33.25));
#8895=CARTESIAN_POINT('',(-33.63276792353,52.73304778651,-30.55));
#8896=CARTESIAN_POINT('',(-33.63276792353,52.73304778651,-30.55));
#8897=CARTESIAN_POINT('',(-40.43979945242,78.13723530105,-30.55));
#8898=CARTESIAN_POINT('Origin',(-20.,70.,-30.55));
#8899=CARTESIAN_POINT('',(-40.43979945242,78.13723530105,-30.55));
#8900=CARTESIAN_POINT('Origin',(-33.4208142321,52.75946279179,-31.75));
#8901=CARTESIAN_POINT('',(-33.20886054067,52.78587779708,-30.55));
#8902=CARTESIAN_POINT('',(-33.20886054067,52.78587779708,-30.55));
#8903=CARTESIAN_POINT('',(-33.42045424241,52.75950765598,-30.39818455472));
#8904=CARTESIAN_POINT('',(-33.20886054067,52.78587779708,-30.55));
#8905=CARTESIAN_POINT('Ctrl Pts',(-33.42045424241,52.75950765598,-30.39818455472));
#8906=CARTESIAN_POINT('Ctrl Pts',(-33.45572373246,52.75511214977,-30.42331768498));
#8907=CARTESIAN_POINT('Ctrl Pts',(-33.5263788221,52.74630666706,-30.47375340935));
#8908=CARTESIAN_POINT('Ctrl Pts',(-33.59726617194,52.73747223861,-30.52452800257));
#8909=CARTESIAN_POINT('Ctrl Pts',(-33.63276792353,52.73304778651,-30.55));
#8910=CARTESIAN_POINT('Origin',(-20.,70.,-30.4));
#8911=CARTESIAN_POINT('',(-33.44686654276,52.96850622578,-30.25));
#8912=CARTESIAN_POINT('Ctrl Pts',(-33.44686654276,52.96850622578,-30.25));
#8913=CARTESIAN_POINT('Ctrl Pts',(-33.44253509111,52.93375070872,-30.27459418987));
#8914=CARTESIAN_POINT('Ctrl Pts',(-33.43380167485,52.8641620558,-30.32388576262));
#8915=CARTESIAN_POINT('Ctrl Pts',(-33.42492697603,52.79441828788,-30.3733838504));
#8916=CARTESIAN_POINT('Ctrl Pts',(-33.42045424241,52.75950765598,-30.39818455472));
#8917=CARTESIAN_POINT('',(-40.16107491444,78.02627300149,-30.25));
#8918=CARTESIAN_POINT('Origin',(-20.,70.,-30.25));
#8919=CARTESIAN_POINT('',(-40.24270047627,78.22047722247,-30.39818455472));
#8920=CARTESIAN_POINT('Ctrl Pts',(-40.16107491444,78.02627300149,-30.25));
#8921=CARTESIAN_POINT('Ctrl Pts',(-40.17468593821,78.05850097995,-30.27456605638));
#8922=CARTESIAN_POINT('Ctrl Pts',(-40.20190146173,78.12309631005,-30.3238294298));
#8923=CARTESIAN_POINT('Ctrl Pts',(-40.22910321843,78.18797044261,-30.37335565144));
#8924=CARTESIAN_POINT('Ctrl Pts',(-40.24270047627,78.22047722247,-30.39818455472));
#8925=CARTESIAN_POINT('Ctrl Pts',(-40.43979945242,78.13723530105,-30.55));
#8926=CARTESIAN_POINT('Ctrl Pts',(-40.40684829828,78.15115174769,-30.52453301902));
#8927=CARTESIAN_POINT('Ctrl Pts',(-40.34104734376,78.17894183565,-30.47376341971));
#8928=CARTESIAN_POINT('Ctrl Pts',(-40.27544900926,78.20664634997,-30.4233226787));
#8929=CARTESIAN_POINT('Ctrl Pts',(-40.24270047627,78.22047722247,-30.39818455472));
#8930=CARTESIAN_POINT('Origin',(-40.24303466858,78.22033608115,-31.75));
#8931=CARTESIAN_POINT('',(-40.04626988473,78.30343686125,-30.55));
#8932=CARTESIAN_POINT('',(-40.04626988473,78.30343686125,-30.55));
#8933=CARTESIAN_POINT('',(-40.24270047627,78.22047722247,-30.39818455472));
#8934=CARTESIAN_POINT('Origin',(-37.55371111771,77.27098521494,-33.25));
#8935=CARTESIAN_POINT('',(-38.0995522377068,77.4970800101115,-30.5500000002359));
#8936=CARTESIAN_POINT('',(-38.0995522367,77.49708000995,-30.55000000058));
#8937=CARTESIAN_POINT('',(-38.0995522367,77.49708000995,-30.55000000058));
#8938=CARTESIAN_POINT('Origin',(-39.26985349277,77.8194758316,-30.4));
#8939=CARTESIAN_POINT('',(-38.2143572641935,77.2199161492691,-30.2500000005731));
#8940=CARTESIAN_POINT('',(-38.21435726252,77.21991614921,-30.25000000116));
#8941=CARTESIAN_POINT('',(-38.21435726252,77.21991614921,-30.25000000116));
#8942=CARTESIAN_POINT('Origin',(-37.86994218117,78.05140773044,-30.40000000099));
#8943=CARTESIAN_POINT('',(-37.0493836384241,77.6817001731342,-30.2499999999994));
#8944=CARTESIAN_POINT('',(-37.3229031560946,77.8049360176125,-30.5499999999701));
#8945=CARTESIAN_POINT('',(-37.04938363855,77.68170017128,-30.24999999935));
#8946=CARTESIAN_POINT('Origin',(-37.86994218117,78.05140773044,-30.55));
#8947=CARTESIAN_POINT('Origin',(-37.86994218117,78.05140773044,-30.25));
#8948=CARTESIAN_POINT('Origin',(-20.,70.,-30.39999999905));
#8949=CARTESIAN_POINT('',(-30.924349254417,54.8227606802967,-30.2499999999995));
#8950=CARTESIAN_POINT('Origin',(-20.,70.,-30.25));
#8951=CARTESIAN_POINT('',(-31.0996061849651,54.5792755508788,-30.549999999984));
#8952=CARTESIAN_POINT('',(-30.9243492554,54.82276068142,-30.24999999966));
#8953=CARTESIAN_POINT('Origin',(-20.,70.,-30.55));
#8954=CARTESIAN_POINT('Origin',(0.,0.,-30.25));
#8955=CARTESIAN_POINT('',(-32.1641380286962,54.6401905706133,-30.2500000007074));
#8956=CARTESIAN_POINT('',(-33.44686654276,52.96850622578,-30.25));
#8957=CARTESIAN_POINT('Origin',(-31.45012002783,54.09230527863,-30.25));
#8958=CARTESIAN_POINT('',(-30.,70.,-30.25));
#8959=CARTESIAN_POINT('Origin',(-20.,70.,-30.25));
#8960=CARTESIAN_POINT('Origin',(-20.,70.,-33.25));
#8961=CARTESIAN_POINT('',(-30.,70.,-29.75));
#8962=CARTESIAN_POINT('Origin',(-20.,70.,-29.75));
#8963=CARTESIAN_POINT('',(-30.,70.,-33.25));
#8964=CARTESIAN_POINT('Origin',(0.,0.,-29.75));
#8965=CARTESIAN_POINT('',(-28.475,70.,-29.75));
#8966=CARTESIAN_POINT('Origin',(-20.,70.,-29.75));
#8967=CARTESIAN_POINT('Origin',(-20.,70.,-29.75));
#8968=CARTESIAN_POINT('',(-28.475,70.,-26.05));
#8969=CARTESIAN_POINT('',(-20.,78.4750000000025,-26.0499999999975));
#8970=CARTESIAN_POINT('Origin',(-20.,70.,-26.05));
#8971=CARTESIAN_POINT('',(-28.475,70.,-29.75));
#8972=CARTESIAN_POINT('Origin',(-20.,70.,-26.05));
#8973=CARTESIAN_POINT('Origin',(-20.,70.,-25.89999999681));
#8974=CARTESIAN_POINT('',(-20.,78.1750000000025,-25.7499999999975));
#8975=CARTESIAN_POINT('',(-20.,78.324999996815,-25.89999999681));
#8976=CARTESIAN_POINT('Origin',(-20.,70.,-25.75));
#8977=CARTESIAN_POINT('Origin',(0.,0.,-25.75));
#8978=CARTESIAN_POINT('Origin',(-31.45012002783,54.09230527863,-30.40000000099));
#8979=CARTESIAN_POINT('',(-31.92613202913,54.45756213883,-30.55000000058));
#8980=CARTESIAN_POINT('',(-32.16413802834,54.64019057034,-30.25000000116));
#8981=CARTESIAN_POINT('Origin',(-31.45012002783,54.09230527863,-30.55));
#8982=CARTESIAN_POINT('Origin',(-31.45012002783,54.09230527863,-61.4558));
#8983=CARTESIAN_POINT('',(-31.92613203201,54.45756213604,-33.25));
#8984=CARTESIAN_POINT('',(-31.09960614943,54.5792755252,-33.25));
#8985=CARTESIAN_POINT('Origin',(-20.,70.,-33.25));
#8986=CARTESIAN_POINT('',(-37.32290315611,77.80493601671,-30.54999999949));
#8987=CARTESIAN_POINT('Origin',(-37.86994218117,78.05140773044,-5.5442));
#8988=CARTESIAN_POINT('Origin',(-33.39275143819,52.54622651359,-33.25));
#8989=CARTESIAN_POINT('',(-33.20886054067,52.78587779708,-30.55));
#8990=CARTESIAN_POINT('Origin',(-32.77844473614,53.59320853917,-30.4));
#8991=CARTESIAN_POINT('Origin',(20.2,6.5,-33.4));
#8992=CARTESIAN_POINT('',(20.050000159312,8.95119080250178,-33.5499992150496));
#8993=CARTESIAN_POINT('',(20.0500012162531,4.04880746421567,-33.5499962982053));
#8994=CARTESIAN_POINT('',(20.0500000218,8.951190829234,-33.55000030806));
#8995=CARTESIAN_POINT('Ctrl Pts',(20.0500037383959,4.04880478055665,-33.5499962616041));
#8996=CARTESIAN_POINT('Ctrl Pts',(20.1837420942438,4.17631806241914,-33.4162579057562));
#8997=CARTESIAN_POINT('Ctrl Pts',(20.3500000006798,4.30383123008541,-33.2499999993202));
#8998=CARTESIAN_POINT('Origin',(32.2805886715766,8.81745303447028,-21.3201182831164));
#8999=CARTESIAN_POINT('Origin',(20.05,10.,-33.25));
#9000=CARTESIAN_POINT('',(20.05,8.95119115183,-37.45));
#9001=CARTESIAN_POINT('',(20.05,8.95119115183,-37.45));
#9002=CARTESIAN_POINT('',(20.05,4.04880884817,-37.45));
#9003=CARTESIAN_POINT('',(20.05,8.95119115183,-37.45));
#9004=CARTESIAN_POINT('',(20.05,4.04880884817,-37.45));
#9005=CARTESIAN_POINT('Origin',(20.,3.,-33.25));
#9006=CARTESIAN_POINT('',(18.9511908025006,2.94999984069167,-33.5499992150499));
#9007=CARTESIAN_POINT('Origin',(20.,3.,-33.5499974584288));
#9008=CARTESIAN_POINT('',(18.95119115183,2.95,-37.45));
#9009=CARTESIAN_POINT('Origin',(20.,3.,-37.45));
#9010=CARTESIAN_POINT('',(18.95119115183,2.95,-37.45));
#9011=CARTESIAN_POINT('Origin',(19.99999515891,2.99999514325,-33.39999816232));
#9012=CARTESIAN_POINT('Origin',(18.8174711791628,-9.03602312146523,-21.5646695428111));
#9013=CARTESIAN_POINT('Origin',(15.,2.8,-33.4));
#9014=CARTESIAN_POINT('',(11.0488074642156,2.9499987837469,-33.5499962982053));
#9015=CARTESIAN_POINT('',(18.95119082923,2.949999978205,-33.55000030806));
#9016=CARTESIAN_POINT('Ctrl Pts',(11.0488047805565,2.9499962616041,-33.5499962616041));
#9017=CARTESIAN_POINT('Ctrl Pts',(11.1763180624188,2.81625790575619,-33.4162579057562));
#9018=CARTESIAN_POINT('Ctrl Pts',(11.3038312300849,2.6499999993202,-33.2499999993202));
#9019=CARTESIAN_POINT('Origin',(20.,2.95,-33.25));
#9020=CARTESIAN_POINT('',(11.04880884817,2.95,-37.45));
#9021=CARTESIAN_POINT('',(18.95119115183,2.95,-37.45));
#9022=CARTESIAN_POINT('',(11.04880884817,2.95,-37.45));
#9023=CARTESIAN_POINT('Origin',(10.,3.,-33.25));
#9024=CARTESIAN_POINT('',(9.94999984069122,4.04880919749859,-33.5499992150494));
#9025=CARTESIAN_POINT('Origin',(10.,3.,-33.5499974584288));
#9026=CARTESIAN_POINT('',(9.95,4.04880884817,-37.45));
#9027=CARTESIAN_POINT('Origin',(10.,3.,-37.45));
#9028=CARTESIAN_POINT('',(9.95,4.04880884817,-37.45));
#9029=CARTESIAN_POINT('Origin',(9.99999514325,3.000004841092,-33.39999816232));
#9030=CARTESIAN_POINT('Origin',(-2.01287228308299,4.18252716902369,-21.5878190290746));
#9031=CARTESIAN_POINT('Origin',(9.8,6.5,-33.4));
#9032=CARTESIAN_POINT('',(9.94999878374685,8.95119253578431,-33.5499962982052));
#9033=CARTESIAN_POINT('',(9.949999978205,4.048809170766,-33.55000030806));
#9034=CARTESIAN_POINT('Ctrl Pts',(9.94999626160405,8.95119521944333,-33.5499962616041));
#9035=CARTESIAN_POINT('Ctrl Pts',(9.81625790575618,8.82368193758085,-33.4162579057562));
#9036=CARTESIAN_POINT('Ctrl Pts',(9.6499999993202,8.6961687699146,-33.2499999993202));
#9037=CARTESIAN_POINT('Origin',(10.00000484109,10.00000485675,-33.39999816232));
#9038=CARTESIAN_POINT('',(11.0488091974991,10.0500001593115,-33.54999921505));
#9039=CARTESIAN_POINT('Origin',(10.,10.,-33.5499974584288));
#9040=CARTESIAN_POINT('Origin',(11.1825469166141,22.2794536419263,-21.3212532464735));
#9041=CARTESIAN_POINT('Origin',(10.,10.,-33.25));
#9042=CARTESIAN_POINT('',(9.95,8.95119115183,-37.45));
#9043=CARTESIAN_POINT('',(9.95,8.95119115183,-37.45));
#9044=CARTESIAN_POINT('',(11.04880884817,10.05,-37.45));
#9045=CARTESIAN_POINT('Origin',(10.,10.,-37.45));
#9046=CARTESIAN_POINT('',(11.04880884817,10.05,-37.45));
#9047=CARTESIAN_POINT('Origin',(10.,10.05,-33.25));
#9048=CARTESIAN_POINT('',(18.9511925357844,10.0500012162531,-33.5499962982054));
#9049=CARTESIAN_POINT('',(11.04880917077,10.0500000218,-33.55000030806));
#9050=CARTESIAN_POINT('',(18.95119115183,10.05,-37.45));
#9051=CARTESIAN_POINT('',(11.04880884817,10.05,-37.45));
#9052=CARTESIAN_POINT('',(18.95119115183,10.05,-37.45));
#9053=CARTESIAN_POINT('Origin',(15.,10.2,-33.4));
#9054=CARTESIAN_POINT('Ctrl Pts',(18.9511952194435,10.0500037383959,-33.5499962616041));
#9055=CARTESIAN_POINT('Ctrl Pts',(18.8236819375812,10.1837420942438,-33.4162579057562));
#9056=CARTESIAN_POINT('Ctrl Pts',(18.6961687699151,10.3500000006798,-33.2499999993202));
#9057=CARTESIAN_POINT('Origin',(20.00000485675,9.999995158908,-33.39999816232));
#9058=CARTESIAN_POINT('Origin',(20.,10.,-33.5499974584288));
#9059=CARTESIAN_POINT('Origin',(20.,10.,-33.25));
#9060=CARTESIAN_POINT('Origin',(20.,10.,-37.45));
#9061=CARTESIAN_POINT('Origin',(0.,0.,-37.45));
#9062=CARTESIAN_POINT('',(9.95,4.04880884817,-37.45));
#9063=CARTESIAN_POINT('Origin',(0.,0.,-37.45));
#9064=CARTESIAN_POINT('',(-9.95,8.95119115183,-37.45));
#9065=CARTESIAN_POINT('',(-9.95,4.04880884817,-37.45));
#9066=CARTESIAN_POINT('',(-9.95,8.95119115183,-37.45));
#9067=CARTESIAN_POINT('',(-11.04880884817,10.05,-37.45));
#9068=CARTESIAN_POINT('Origin',(-10.,10.,-37.45));
#9069=CARTESIAN_POINT('',(-18.95119115183,10.05,-37.45));
#9070=CARTESIAN_POINT('',(-18.95119115183,10.05,-37.45));
#9071=CARTESIAN_POINT('',(-20.05,8.95119115183,-37.45));
#9072=CARTESIAN_POINT('Origin',(-20.,10.,-37.45));
#9073=CARTESIAN_POINT('',(-20.05,4.04880884817,-37.45));
#9074=CARTESIAN_POINT('',(-20.05,4.04880884817,-37.45));
#9075=CARTESIAN_POINT('',(-18.95119115183,2.95,-37.45));
#9076=CARTESIAN_POINT('Origin',(-20.,3.,-37.45));
#9077=CARTESIAN_POINT('',(-11.04880884817,2.95,-37.45));
#9078=CARTESIAN_POINT('',(-11.04880884817,2.95,-37.45));
#9079=CARTESIAN_POINT('Origin',(-10.,3.,-37.45));
#9080=CARTESIAN_POINT('Origin',(9.95,3.,-33.25));
#9081=CARTESIAN_POINT('Origin',(-9.95,10.,-33.25));
#9082=CARTESIAN_POINT('',(-9.94999984069103,8.95119080250146,-33.5499992150493));
#9083=CARTESIAN_POINT('',(-9.9499987837469,4.04880746421564,-33.5499962982053));
#9084=CARTESIAN_POINT('',(-9.949999978205,8.951190829234,-33.55000030806));
#9085=CARTESIAN_POINT('',(-9.95,8.95119115183,-37.45));
#9086=CARTESIAN_POINT('',(-9.95,4.04880884817,-37.45));
#9087=CARTESIAN_POINT('Origin',(-9.8,6.5,-33.4));
#9088=CARTESIAN_POINT('Origin',(2.35251331862316,8.81744759298077,-21.2481978260268));
#9089=CARTESIAN_POINT('Ctrl Pts',(-9.94999626160411,4.04880478055662,-33.5499962616041));
#9090=CARTESIAN_POINT('Ctrl Pts',(-9.81625790575622,4.17631806241913,-33.4162579057562));
#9091=CARTESIAN_POINT('Ctrl Pts',(-9.6499999993202,4.30383123008541,-33.2499999993202));
#9092=CARTESIAN_POINT('Origin',(-10.00000484109,2.99999514325,-33.39999816232));
#9093=CARTESIAN_POINT('',(-11.0488091974994,2.94999984069163,-33.5499992150498));
#9094=CARTESIAN_POINT('Origin',(-10.,3.,-33.5499974584288));
#9095=CARTESIAN_POINT('Origin',(-11.1825341424043,-9.10761231004229,-21.4930845357375));
#9096=CARTESIAN_POINT('Origin',(-10.,3.,-33.25));
#9097=CARTESIAN_POINT('',(-11.04880884817,2.95,-37.45));
#9098=CARTESIAN_POINT('Origin',(-10.,2.95,-33.25));
#9099=CARTESIAN_POINT('',(-18.9511925357844,2.94999878374692,-33.5499962982054));
#9100=CARTESIAN_POINT('',(-11.04880917077,2.949999978205,-33.55000030806));
#9101=CARTESIAN_POINT('',(-18.95119115183,2.95,-37.45));
#9102=CARTESIAN_POINT('Origin',(-15.,2.8,-33.4));
#9103=CARTESIAN_POINT('Ctrl Pts',(-18.9511952194435,2.94999626160413,-33.5499962616042));
#9104=CARTESIAN_POINT('Ctrl Pts',(-18.8236819375812,2.8162579057562,-33.4162579057562));
#9105=CARTESIAN_POINT('Ctrl Pts',(-18.6961687699151,2.6499999993202,-33.2499999993202));
#9106=CARTESIAN_POINT('Origin',(-20.00000485675,3.000004841092,-33.39999816232));
#9107=CARTESIAN_POINT('',(-20.0500001593118,4.04880919749826,-33.5499992150497));
#9108=CARTESIAN_POINT('Origin',(-20.,3.,-33.5499974584288));
#9109=CARTESIAN_POINT('Origin',(-32.0306472927721,4.182528434987,-21.5700450640531));
#9110=CARTESIAN_POINT('Origin',(-20.,3.,-33.25));
#9111=CARTESIAN_POINT('',(-20.05,4.04880884817,-37.45));
#9112=CARTESIAN_POINT('Origin',(-20.05,3.,-33.25));
#9113=CARTESIAN_POINT('',(-20.0500012162531,8.95119253578434,-33.5499962982053));
#9114=CARTESIAN_POINT('',(-20.0500000218,4.048809170766,-33.55000030806));
#9115=CARTESIAN_POINT('',(-20.05,8.95119115183,-37.45));
#9116=CARTESIAN_POINT('Origin',(-20.2,6.5,-33.4));
#9117=CARTESIAN_POINT('Ctrl Pts',(-20.0500037383959,8.95119521944335,-33.5499962616041));
#9118=CARTESIAN_POINT('Ctrl Pts',(-20.1837420942438,8.82368193758086,-33.4162579057562));
#9119=CARTESIAN_POINT('Ctrl Pts',(-20.3500000006798,8.69616876991459,-33.2499999993202));
#9120=CARTESIAN_POINT('Origin',(-19.99999515891,10.00000485675,-33.39999816232));
#9121=CARTESIAN_POINT('',(-18.9511908025009,10.0500001593114,-33.5499992150501));
#9122=CARTESIAN_POINT('Origin',(-20.,10.,-33.5499974584288));
#9123=CARTESIAN_POINT('Origin',(-18.8174628694712,22.1475241845461,-21.4531749948217));
#9124=CARTESIAN_POINT('Origin',(-20.,10.,-33.25));
#9125=CARTESIAN_POINT('',(-18.95119115183,10.05,-37.45));
#9126=CARTESIAN_POINT('Origin',(-20.,10.05,-33.25));
#9127=CARTESIAN_POINT('',(-11.0488074642156,10.0500012162531,-33.5499962982054));
#9128=CARTESIAN_POINT('',(-18.95119082923,10.0500000218,-33.55000030806));
#9129=CARTESIAN_POINT('',(-11.04880884817,10.05,-37.45));
#9130=CARTESIAN_POINT('Origin',(-15.,10.2,-33.4));
#9131=CARTESIAN_POINT('Ctrl Pts',(-11.0488047805565,10.0500037383959,-33.5499962616041));
#9132=CARTESIAN_POINT('Ctrl Pts',(-11.1763180624188,10.1837420942438,-33.4162579057562));
#9133=CARTESIAN_POINT('Ctrl Pts',(-11.3038312300849,10.3500000006798,-33.2499999993202));
#9134=CARTESIAN_POINT('Origin',(-9.99999514325,9.999995158908,-33.39999816232));
#9135=CARTESIAN_POINT('Origin',(-10.,10.,-33.5499974584288));
#9136=CARTESIAN_POINT('Origin',(-10.,10.,-33.25));
#9137=CARTESIAN_POINT('Origin',(4.531249850988,48.053191185,-33.5));
#9138=CARTESIAN_POINT('',(4.375,47.57446783781,-33.75));
#9139=CARTESIAN_POINT('',(4.375,47.57446783781,-33.25));
#9140=CARTESIAN_POINT('',(4.687499701977,48.53191453218,-33.75));
#9141=CARTESIAN_POINT('',(4.375,47.57446783781,-33.75));
#9142=CARTESIAN_POINT('',(4.687499701977,48.53191453218,-33.25));
#9143=CARTESIAN_POINT('Origin',(4.687499701977,49.01063832641,-33.5));
#9144=CARTESIAN_POINT('',(4.687499701977,49.48936212063,-33.75));
#9145=CARTESIAN_POINT('',(4.687499701977,48.53191453218,-33.75));
#9146=CARTESIAN_POINT('',(4.687499701977,49.48936212063,-33.25));
#9147=CARTESIAN_POINT('Origin',(4.531249850988,49.96808546782,-33.5));
#9148=CARTESIAN_POINT('',(4.375,50.446808815,-33.75));
#9149=CARTESIAN_POINT('',(4.687499701977,49.48936212063,-33.75));
#9150=CARTESIAN_POINT('',(4.375,50.446808815,-33.25));
#9151=CARTESIAN_POINT('Origin',(4.062499850988,50.76595771313,-33.5));
#9152=CARTESIAN_POINT('',(3.749999701977,51.08510661125,-33.75));
#9153=CARTESIAN_POINT('',(4.375,50.446808815,-33.75));
#9154=CARTESIAN_POINT('',(3.749999701977,51.08510661125,-33.25));
#9155=CARTESIAN_POINT('Origin',(3.281249701977,51.24468106031,-33.5));
#9156=CARTESIAN_POINT('',(2.812499701977,51.40425550938,-33.75));
#9157=CARTESIAN_POINT('',(3.749999701977,51.08510661125,-33.75));
#9158=CARTESIAN_POINT('',(2.812499701977,51.40425550938,-33.25));
#9159=CARTESIAN_POINT('Origin',(-0.1562501490116,51.40425550938,-33.5));
#9160=CARTESIAN_POINT('',(-3.125,51.40425550938,-33.75));
#9161=CARTESIAN_POINT('',(2.812499701977,51.40425550938,-33.75));
#9162=CARTESIAN_POINT('',(-3.125,51.40425550938,-33.25));
#9163=CARTESIAN_POINT('Origin',(-3.125,49.01063832641,-33.5));
#9164=CARTESIAN_POINT('',(-3.125,46.61702114344,-33.75));
#9165=CARTESIAN_POINT('',(-3.125,51.40425550938,-33.75));
#9166=CARTESIAN_POINT('',(-3.125,46.61702114344,-33.25));
#9167=CARTESIAN_POINT('Origin',(-0.1562501490116,46.61702114344,-33.5));
#9168=CARTESIAN_POINT('',(2.812499701977,46.61702114344,-33.75));
#9169=CARTESIAN_POINT('',(-3.125,46.61702114344,-33.75));
#9170=CARTESIAN_POINT('',(2.812499701977,46.61702114344,-33.25));
#9171=CARTESIAN_POINT('Origin',(3.281249701977,46.7765955925,-33.5));
#9172=CARTESIAN_POINT('',(3.749999701977,46.93617004156,-33.75));
#9173=CARTESIAN_POINT('',(2.812499701977,46.61702114344,-33.75));
#9174=CARTESIAN_POINT('',(3.749999701977,46.93617004156,-33.25));
#9175=CARTESIAN_POINT('Origin',(4.062499850988,47.25531893969,-33.5));
#9176=CARTESIAN_POINT('',(3.749999701977,46.93617004156,-33.75));
#9177=CARTESIAN_POINT('Origin',(0.,0.,-33.75));
#9178=CARTESIAN_POINT('',(6.562499701977,48.21276563406,-33.75));
#9179=CARTESIAN_POINT('',(6.25,47.25531893969,-33.75));
#9180=CARTESIAN_POINT('',(6.562499701977,48.21276563406,-33.75));
#9181=CARTESIAN_POINT('',(6.562499701977,49.48936212063,-33.75));
#9182=CARTESIAN_POINT('',(6.562499701977,49.48936212063,-33.75));
#9183=CARTESIAN_POINT('',(6.25,50.446808815,-33.75));
#9184=CARTESIAN_POINT('',(6.25,50.446808815,-33.75));
#9185=CARTESIAN_POINT('',(5.3125,51.7234044075,-33.75));
#9186=CARTESIAN_POINT('',(5.3125,51.7234044075,-33.75));
#9187=CARTESIAN_POINT('',(4.062500298023,52.68085110188,-33.75));
#9188=CARTESIAN_POINT('',(4.062500298023,52.68085110188,-33.75));
#9189=CARTESIAN_POINT('',(2.5,53.,-33.75));
#9190=CARTESIAN_POINT('',(2.5,53.,-33.75));
#9191=CARTESIAN_POINT('',(-5.,53.,-33.75));
#9192=CARTESIAN_POINT('',(-5.,53.,-33.75));
#9193=CARTESIAN_POINT('',(-5.,38.,-33.75));
#9194=CARTESIAN_POINT('',(-5.,38.,-33.75));
#9195=CARTESIAN_POINT('',(-3.125,38.,-33.75));
#9196=CARTESIAN_POINT('',(-3.125,38.,-33.75));
#9197=CARTESIAN_POINT('',(-3.125,44.70212775469,-33.75));
#9198=CARTESIAN_POINT('',(-3.125,44.70212775469,-33.75));
#9199=CARTESIAN_POINT('',(2.187499850988,44.70212775469,-33.75));
#9200=CARTESIAN_POINT('',(2.187499850988,44.70212775469,-33.75));
#9201=CARTESIAN_POINT('',(4.687499701977,38.,-33.75));
#9202=CARTESIAN_POINT('',(4.687499701977,38.,-33.75));
#9203=CARTESIAN_POINT('',(6.875000298023,38.,-33.75));
#9204=CARTESIAN_POINT('',(6.875000298023,38.,-33.75));
#9205=CARTESIAN_POINT('',(4.062500298023,45.34042555094,-33.75));
#9206=CARTESIAN_POINT('',(4.062500298023,45.34042555094,-33.75));
#9207=CARTESIAN_POINT('',(5.3125,45.97872334719,-33.75));
#9208=CARTESIAN_POINT('',(5.3125,45.97872334719,-33.75));
#9209=CARTESIAN_POINT('',(6.25,47.25531893969,-33.75));
#9210=CARTESIAN_POINT('Origin',(6.406249850988,47.73404228687,-33.5));
#9211=CARTESIAN_POINT('',(6.562499701977,48.21276563406,-33.25));
#9212=CARTESIAN_POINT('',(6.25,47.25531893969,-33.25));
#9213=CARTESIAN_POINT('Origin',(5.78125,46.61702114344,-33.5));
#9214=CARTESIAN_POINT('',(5.3125,45.97872334719,-33.25));
#9215=CARTESIAN_POINT('Origin',(4.687500149012,45.65957444906,-33.5));
#9216=CARTESIAN_POINT('',(4.062500298023,45.34042555094,-33.25));
#9217=CARTESIAN_POINT('Origin',(5.468750298023,41.67021277547,-33.5));
#9218=CARTESIAN_POINT('',(6.875000298023,38.,-33.25));
#9219=CARTESIAN_POINT('Origin',(5.78125,38.,-33.5));
#9220=CARTESIAN_POINT('',(4.687499701977,38.,-33.25));
#9221=CARTESIAN_POINT('Origin',(3.437499776483,41.35106387734,-33.5));
#9222=CARTESIAN_POINT('',(2.187499850988,44.70212775469,-33.25));
#9223=CARTESIAN_POINT('Origin',(-0.4687500745058,44.70212775469,-33.5));
#9224=CARTESIAN_POINT('',(-3.125,44.70212775469,-33.25));
#9225=CARTESIAN_POINT('Origin',(-3.125,41.35106387734,-33.5));
#9226=CARTESIAN_POINT('',(-3.125,38.,-33.25));
#9227=CARTESIAN_POINT('Origin',(-4.0625,38.,-33.5));
#9228=CARTESIAN_POINT('',(-5.,38.,-33.25));
#9229=CARTESIAN_POINT('Origin',(-5.,45.5,-33.5));
#9230=CARTESIAN_POINT('',(-5.,53.,-33.25));
#9231=CARTESIAN_POINT('Origin',(-1.25,53.,-33.5));
#9232=CARTESIAN_POINT('',(2.5,53.,-33.25));
#9233=CARTESIAN_POINT('Origin',(3.281250149012,52.84042555094,-33.5));
#9234=CARTESIAN_POINT('',(4.062500298023,52.68085110188,-33.25));
#9235=CARTESIAN_POINT('Origin',(4.687500149012,52.20212775469,-33.5));
#9236=CARTESIAN_POINT('',(5.3125,51.7234044075,-33.25));
#9237=CARTESIAN_POINT('Origin',(5.78125,51.08510661125,-33.5));
#9238=CARTESIAN_POINT('',(6.25,50.446808815,-33.25));
#9239=CARTESIAN_POINT('Origin',(6.406249850988,49.96808546782,-33.5));
#9240=CARTESIAN_POINT('',(6.562499701977,49.48936212063,-33.25));
#9241=CARTESIAN_POINT('Origin',(6.562499701977,48.85106387734,-33.5));
#9242=CARTESIAN_POINT('Origin',(-20.,70.,-41.25));
#9243=CARTESIAN_POINT('',(0.100000000000002,70.,-40.25));
#9244=CARTESIAN_POINT('Origin',(-20.,70.,-40.25));
#9245=CARTESIAN_POINT('',(0.100000000000002,70.,-41.25));
#9246=CARTESIAN_POINT('Origin',(0.,0.,-40.25));
#9247=CARTESIAN_POINT('',(-17.4,70.,-40.25));
#9248=CARTESIAN_POINT('Origin',(-20.,70.,-40.25));
#9249=CARTESIAN_POINT('Origin',(-20.,70.,-40.25));
#9250=CARTESIAN_POINT('',(-17.4,70.,-37.05));
#9251=CARTESIAN_POINT('Origin',(-20.,70.,-37.05));
#9252=CARTESIAN_POINT('',(-17.4,70.,-40.25));
#9253=CARTESIAN_POINT('Origin',(0.,0.,-37.05));
#9254=CARTESIAN_POINT('Origin',(21.96070544329,14.85725686774,-41.25));
#9255=CARTESIAN_POINT('',(23.31620915561,14.85725686774,-40.95));
#9256=CARTESIAN_POINT('',(23.31620915561,14.85725686774,-41.25));
#9257=CARTESIAN_POINT('',(21.96070544329,14.85725686774,-40.95));
#9258=CARTESIAN_POINT('',(21.96070544329,14.85725686774,-40.95));
#9259=CARTESIAN_POINT('',(21.96070544329,14.85725686774,-41.25));
#9260=CARTESIAN_POINT('Origin',(23.31620915561,13.50175315542,-41.25));
#9261=CARTESIAN_POINT('',(23.31620915561,13.50175315542,-40.95));
#9262=CARTESIAN_POINT('',(23.31620915561,13.50175315542,-40.95));
#9263=CARTESIAN_POINT('',(23.31620915561,13.50175315542,-41.25));
#9264=CARTESIAN_POINT('Origin',(23.31620915561,14.85725686774,-41.25));
#9265=CARTESIAN_POINT('',(23.31620915561,14.85725686774,-40.95));
#9266=CARTESIAN_POINT('Origin',(0.,0.,-40.95));
#9267=CARTESIAN_POINT('Origin',(0.,0.,-40.95));
#9268=CARTESIAN_POINT('',(23.31620915561,13.01093110473,-40.95));
#9269=CARTESIAN_POINT('',(23.31620915561,9.791857851983,-40.95));
#9270=CARTESIAN_POINT('',(23.31620915561,13.01093110473,-40.95));
#9271=CARTESIAN_POINT('',(22.05183076237,11.05623624522,-40.95));
#9272=CARTESIAN_POINT('',(23.31620915561,9.791857851983,-40.95));
#9273=CARTESIAN_POINT('',(22.05183076237,12.77830224338,-40.95));
#9274=CARTESIAN_POINT('',(22.05183076237,11.05623624522,-40.95));
#9275=CARTESIAN_POINT('',(21.1418047051,13.68832830065,-40.95));
#9276=CARTESIAN_POINT('',(22.05183076237,12.77830224338,-40.95));
#9277=CARTESIAN_POINT('',(19.82215060069,13.68832830065,-40.95));
#9278=CARTESIAN_POINT('',(21.1418047051,13.68832830065,-40.95));
#9279=CARTESIAN_POINT('',(18.65322203361,14.85725686774,-40.95));
#9280=CARTESIAN_POINT('',(19.82215060069,13.68832830065,-40.95));
#9281=CARTESIAN_POINT('',(21.46988339261,14.85725686774,-40.95));
#9282=CARTESIAN_POINT('',(18.65322203361,14.85725686774,-40.95));
#9283=CARTESIAN_POINT('',(21.46988339261,14.85725686774,-40.95));
#9284=CARTESIAN_POINT('Origin',(0.,0.,-40.95));
#9285=CARTESIAN_POINT('',(14.78979920736,13.52156513581,-40.95));
#9286=CARTESIAN_POINT('',(14.78979920736,11.69046803545,-40.95));
#9287=CARTESIAN_POINT('',(14.78979920736,13.52156513581,-40.95));
#9288=CARTESIAN_POINT('',(13.53990488356,11.68944769322,-40.95));
#9289=CARTESIAN_POINT('',(14.78979920736,11.69046803545,-40.95));
#9290=CARTESIAN_POINT('',(13.53990488356,13.47915753852,-40.95));
#9291=CARTESIAN_POINT('',(13.53990488356,11.68944769322,-40.95));
#9292=CARTESIAN_POINT('',(14.72151635761,14.66076901257,-40.95));
#9293=CARTESIAN_POINT('',(13.53990488356,13.47915753852,-40.95));
#9294=CARTESIAN_POINT('',(17.75556428685,14.66338585472,-40.95));
#9295=CARTESIAN_POINT('',(14.72151635761,14.66076901257,-40.95));
#9296=CARTESIAN_POINT('',(18.96461094864,13.45433919293,-40.95));
#9297=CARTESIAN_POINT('',(17.75556428685,14.66338585472,-40.95));
#9298=CARTESIAN_POINT('',(18.96461094864,11.00594631838,-40.95));
#9299=CARTESIAN_POINT('',(18.96461094864,13.45433919293,-40.95));
#9300=CARTESIAN_POINT('',(17.75319564763,9.794531017369,-40.95));
#9301=CARTESIAN_POINT('',(18.96461094864,11.00594631838,-40.95));
#9302=CARTESIAN_POINT('',(14.65015313084,9.791857851983,-40.95));
#9303=CARTESIAN_POINT('',(17.75319564763,9.794531017369,-40.95));
#9304=CARTESIAN_POINT('',(13.50938176951,10.93262921331,-40.95));
#9305=CARTESIAN_POINT('',(14.65015313084,9.791857851983,-40.95));
#9306=CARTESIAN_POINT('',(17.41592895974,10.93595831395,-40.95));
#9307=CARTESIAN_POINT('',(13.50938176951,10.93262921331,-40.95));
#9308=CARTESIAN_POINT('',(17.7623445477,11.2823739019,-40.95));
#9309=CARTESIAN_POINT('',(17.41592895974,10.93595831395,-40.95));
#9310=CARTESIAN_POINT('',(17.7623445477,11.6930346704,-40.95));
#9311=CARTESIAN_POINT('',(17.7623445477,11.2823739019,-40.95));
#9312=CARTESIAN_POINT('',(16.23577562758,11.69141090245,-40.95));
#9313=CARTESIAN_POINT('',(17.7623445477,11.6930346704,-40.95));
#9314=CARTESIAN_POINT('',(15.12800757391,12.79917895612,-40.95));
#9315=CARTESIAN_POINT('',(16.23577562758,11.69141090245,-40.95));
#9316=CARTESIAN_POINT('',(17.7623445477,12.80170704255,-40.95));
#9317=CARTESIAN_POINT('',(15.12800757391,12.79917895612,-40.95));
#9318=CARTESIAN_POINT('',(17.7623445477,13.17280587268,-40.95));
#9319=CARTESIAN_POINT('',(17.7623445477,12.80170704255,-40.95));
#9320=CARTESIAN_POINT('',(17.41130521804,13.52384520234,-40.95));
#9321=CARTESIAN_POINT('',(17.7623445477,13.17280587268,-40.95));
#9322=CARTESIAN_POINT('',(17.41130521804,13.52384520234,-40.95));
#9323=CARTESIAN_POINT('Origin',(0.,0.,-40.95));
#9324=CARTESIAN_POINT('',(11.40709695565,16.03853086507,-40.95));
#9325=CARTESIAN_POINT('',(12.51318050513,16.03853086507,-40.95));
#9326=CARTESIAN_POINT('',(11.40709695565,16.03853086507,-40.95));
#9327=CARTESIAN_POINT('',(12.51318050513,14.9324473156,-40.95));
#9328=CARTESIAN_POINT('',(12.51318050513,16.03853086507,-40.95));
#9329=CARTESIAN_POINT('',(12.51318050513,14.9324473156,-40.95));
#9330=CARTESIAN_POINT('Origin',(0.,0.,-40.95));
#9331=CARTESIAN_POINT('',(5.432060375408,13.28098512497,-40.95));
#9332=CARTESIAN_POINT('',(5.432060375408,10.86142372966,-40.95));
#9333=CARTESIAN_POINT('',(5.432060375408,13.28098512497,-40.95));
#9334=CARTESIAN_POINT('',(4.138600546856,9.567963901111,-40.95));
#9335=CARTESIAN_POINT('',(5.432060375408,10.86142372966,-40.95));
#9336=CARTESIAN_POINT('',(1.500626182388,9.567963901111,-40.95));
#9337=CARTESIAN_POINT('',(4.138600546856,9.567963901111,-40.95));
#9338=CARTESIAN_POINT('',(0.207166353837,10.86142372966,-40.95));
#9339=CARTESIAN_POINT('',(1.500626182388,9.567963901111,-40.95));
#9340=CARTESIAN_POINT('',(0.207166353837,13.28098512497,-40.95));
#9341=CARTESIAN_POINT('',(0.207166353837,10.86142372966,-40.95));
#9342=CARTESIAN_POINT('',(1.500626182388,14.57444495352,-40.95));
#9343=CARTESIAN_POINT('',(0.207166353837,13.28098512497,-40.95));
#9344=CARTESIAN_POINT('',(4.138600546856,14.57444495352,-40.95));
#9345=CARTESIAN_POINT('',(1.500626182388,14.57444495352,-40.95));
#9346=CARTESIAN_POINT('',(4.138600546856,14.57444495352,-40.95));
#9347=CARTESIAN_POINT('',(1.752210357105,13.32252708875,-40.95));
#9348=CARTESIAN_POINT('',(1.394556398164,12.96487312981,-40.95));
#9349=CARTESIAN_POINT('',(1.752210357105,13.32252708875,-40.95));
#9350=CARTESIAN_POINT('',(1.394556398164,11.17753572482,-40.95));
#9351=CARTESIAN_POINT('',(1.394556398164,12.96487312981,-40.95));
#9352=CARTESIAN_POINT('',(1.752210357105,10.81988176588,-40.95));
#9353=CARTESIAN_POINT('',(1.394556398164,11.17753572482,-40.95));
#9354=CARTESIAN_POINT('',(3.88701637214,10.81988176588,-40.95));
#9355=CARTESIAN_POINT('',(1.752210357105,10.81988176588,-40.95));
#9356=CARTESIAN_POINT('',(4.244670331081,11.17753572482,-40.95));
#9357=CARTESIAN_POINT('',(3.88701637214,10.81988176588,-40.95));
#9358=CARTESIAN_POINT('',(4.244670331081,12.96487312981,-40.95));
#9359=CARTESIAN_POINT('',(4.244670331081,11.17753572482,-40.95));
#9360=CARTESIAN_POINT('',(3.88701637214,13.32252708875,-40.95));
#9361=CARTESIAN_POINT('',(4.244670331081,12.96487312981,-40.95));
#9362=CARTESIAN_POINT('',(3.88701637214,13.32252708875,-40.95));
#9363=CARTESIAN_POINT('Origin',(0.,0.,-40.95));
#9364=CARTESIAN_POINT('',(6.208601504933,13.53716867019,-40.95));
#9365=CARTESIAN_POINT('',(6.208601504933,14.90062709774,-40.95));
#9366=CARTESIAN_POINT('',(6.208601504933,13.53716867019,-40.95));
#9367=CARTESIAN_POINT('',(7.346505272267,16.03853086507,-40.95));
#9368=CARTESIAN_POINT('',(6.208601504933,14.90062709774,-40.95));
#9369=CARTESIAN_POINT('',(10.95653420131,16.03853086507,-40.95));
#9370=CARTESIAN_POINT('',(7.346505272267,16.03853086507,-40.95));
#9371=CARTESIAN_POINT('',(12.51318050513,14.48188456126,-40.95));
#9372=CARTESIAN_POINT('',(10.95653420131,16.03853086507,-40.95));
#9373=CARTESIAN_POINT('',(12.51318050513,10.0498359274,-40.95));
#9374=CARTESIAN_POINT('',(12.51318050513,14.48188456126,-40.95));
#9375=CARTESIAN_POINT('',(11.32491753587,11.23809889666,-40.95));
#9376=CARTESIAN_POINT('',(12.51318050513,10.0498359274,-40.95));
#9377=CARTESIAN_POINT('',(11.32491753587,14.89583547928,-40.95));
#9378=CARTESIAN_POINT('',(11.32491753587,11.23809889666,-40.95));
#9379=CARTESIAN_POINT('',(7.795944736864,14.89583547928,-40.95));
#9380=CARTESIAN_POINT('',(11.32491753587,14.89583547928,-40.95));
#9381=CARTESIAN_POINT('',(7.408561359728,14.50845210215,-40.95));
#9382=CARTESIAN_POINT('',(7.795944736864,14.89583547928,-40.95));
#9383=CARTESIAN_POINT('',(7.408561359728,13.70952281236,-40.95));
#9384=CARTESIAN_POINT('',(7.408561359728,14.50845210215,-40.95));
#9385=CARTESIAN_POINT('',(7.704244874271,13.41383929782,-40.95));
#9386=CARTESIAN_POINT('',(7.408561359728,13.70952281236,-40.95));
#9387=CARTESIAN_POINT('',(10.87579505042,13.41383929782,-40.95));
#9388=CARTESIAN_POINT('',(7.704244874271,13.41383929782,-40.95));
#9389=CARTESIAN_POINT('',(10.87579505042,12.28215048241,-40.95));
#9390=CARTESIAN_POINT('',(10.87579505042,13.41383929782,-40.95));
#9391=CARTESIAN_POINT('',(7.704244874271,12.28215048241,-40.95));
#9392=CARTESIAN_POINT('',(10.87579505042,12.28215048241,-40.95));
#9393=CARTESIAN_POINT('',(7.412929015301,11.99083462344,-40.95));
#9394=CARTESIAN_POINT('',(7.704244874271,12.28215048241,-40.95));
#9395=CARTESIAN_POINT('',(7.412929015301,11.30625540741,-40.95));
#9396=CARTESIAN_POINT('',(7.412929015301,11.99083462344,-40.95));
#9397=CARTESIAN_POINT('',(7.833269942894,10.88591447982,-40.95));
#9398=CARTESIAN_POINT('',(7.412929015301,11.30625540741,-40.95));
#9399=CARTESIAN_POINT('',(11.22653919837,10.88591447982,-40.95));
#9400=CARTESIAN_POINT('',(7.833269942894,10.88591447982,-40.95));
#9401=CARTESIAN_POINT('',(12.33658306996,9.775870608232,-40.95));
#9402=CARTESIAN_POINT('',(11.22653919837,10.88591447982,-40.95));
#9403=CARTESIAN_POINT('',(7.386352604553,9.775870608232,-40.95));
#9404=CARTESIAN_POINT('',(12.33658306996,9.775870608232,-40.95));
#9405=CARTESIAN_POINT('',(6.208601504933,10.95362170785,-40.95));
#9406=CARTESIAN_POINT('',(7.386352604553,9.775870608232,-40.95));
#9407=CARTESIAN_POINT('',(6.208601504933,12.15882111004,-40.95));
#9408=CARTESIAN_POINT('',(6.208601504933,10.95362170785,-40.95));
#9409=CARTESIAN_POINT('',(6.897775285003,12.84799489012,-40.95));
#9410=CARTESIAN_POINT('',(6.208601504933,12.15882111004,-40.95));
#9411=CARTESIAN_POINT('',(6.897775285003,12.84799489012,-40.95));
#9412=CARTESIAN_POINT('Origin',(0.,0.,-40.95));
#9413=CARTESIAN_POINT('',(-1.098462493341,14.76494163393,-40.95));
#9414=CARTESIAN_POINT('',(-1.098462493341,14.42646728939,-40.95));
#9415=CARTESIAN_POINT('',(-1.098462493341,14.76494163393,-40.95));
#9416=CARTESIAN_POINT('',(-0.4844701487316,14.42646728939,-40.95));
#9417=CARTESIAN_POINT('',(-1.098462493341,14.42646728939,-40.95));
#9418=CARTESIAN_POINT('',(-0.4844701487316,13.29884890134,-40.95));
#9419=CARTESIAN_POINT('',(-0.4844701487316,14.42646728939,-40.95));
#9420=CARTESIAN_POINT('',(-1.098462493341,13.29884890134,-40.95));
#9421=CARTESIAN_POINT('',(-0.4844701487316,13.29884890134,-40.95));
#9422=CARTESIAN_POINT('',(-1.098462493341,10.75188085133,-40.95));
#9423=CARTESIAN_POINT('',(-1.098462493341,13.29884890134,-40.95));
#9424=CARTESIAN_POINT('',(-2.074472736443,9.775870608232,-40.95));
#9425=CARTESIAN_POINT('',(-1.098462493341,10.75188085133,-40.95));
#9426=CARTESIAN_POINT('',(-3.183134136112,9.775870608232,-40.95));
#9427=CARTESIAN_POINT('',(-2.074472736443,9.775870608232,-40.95));
#9428=CARTESIAN_POINT('',(-4.261461468073,10.85419794019,-40.95));
#9429=CARTESIAN_POINT('',(-3.183134136112,9.775870608232,-40.95));
#9430=CARTESIAN_POINT('',(-2.577836465382,10.85419794019,-40.95));
#9431=CARTESIAN_POINT('',(-4.261461468073,10.85419794019,-40.95));
#9432=CARTESIAN_POINT('',(-2.577836465382,10.85419794019,-40.95));
#9433=CARTESIAN_POINT('',(-3.196743982499,13.29884890134,-40.95));
#9434=CARTESIAN_POINT('',(-2.28108665642,13.29884890134,-40.95));
#9435=CARTESIAN_POINT('',(-4.324362370552,14.42646728939,-40.95));
#9436=CARTESIAN_POINT('',(-3.196743982499,13.29884890134,-40.95));
#9437=CARTESIAN_POINT('',(-2.28108665642,14.42646728939,-40.95));
#9438=CARTESIAN_POINT('',(-4.324362370552,14.42646728939,-40.95));
#9439=CARTESIAN_POINT('',(-2.28108665642,15.94756579701,-40.95));
#9440=CARTESIAN_POINT('',(-2.28108665642,14.42646728939,-40.95));
#9441=CARTESIAN_POINT('',(-2.28108665642,15.94756579701,-40.95));
#9442=CARTESIAN_POINT('Origin',(0.,0.,-40.95));
#9443=CARTESIAN_POINT('',(-6.458541875914,13.56846360983,-40.95));
#9444=CARTESIAN_POINT('',(-6.458541875914,12.22305099205,-40.95));
#9445=CARTESIAN_POINT('',(-6.458541875914,13.56846360983,-40.95));
#9446=CARTESIAN_POINT('',(-7.803954493702,13.56846360983,-40.95));
#9447=CARTESIAN_POINT('',(-6.458541875914,12.22305099205,-40.95));
#9448=CARTESIAN_POINT('',(-7.803954493702,13.56846360983,-40.95));
#9449=CARTESIAN_POINT('Origin',(0.,0.,-40.95));
#9450=CARTESIAN_POINT('',(-9.967051683162,13.56846360983,-40.95));
#9451=CARTESIAN_POINT('',(-6.458541875914,10.05995380259,-40.95));
#9452=CARTESIAN_POINT('',(-9.967051683162,13.56846360983,-40.95));
#9453=CARTESIAN_POINT('',(-8.257731657027,10.05995380259,-40.95));
#9454=CARTESIAN_POINT('',(-6.458541875914,10.05995380259,-40.95));
#9455=CARTESIAN_POINT('',(-11.76624146428,13.56846360983,-40.95));
#9456=CARTESIAN_POINT('',(-8.257731657027,10.05995380259,-40.95));
#9457=CARTESIAN_POINT('',(-11.76624146428,13.56846360983,-40.95));
#9458=CARTESIAN_POINT('Origin',(0.,0.,-40.95));
#9459=CARTESIAN_POINT('',(-13.56543124539,13.56846360983,-40.95));
#9460=CARTESIAN_POINT('',(-10.05692143814,10.05995380259,-40.95));
#9461=CARTESIAN_POINT('',(-13.56543124539,13.56846360983,-40.95));
#9462=CARTESIAN_POINT('',(-11.85611121925,10.05995380259,-40.95));
#9463=CARTESIAN_POINT('',(-10.05692143814,10.05995380259,-40.95));
#9464=CARTESIAN_POINT('',(-15.3646210265,13.56846360983,-40.95));
#9465=CARTESIAN_POINT('',(-11.85611121925,10.05995380259,-40.95));
#9466=CARTESIAN_POINT('',(-15.3646210265,13.56846360983,-40.95));
#9467=CARTESIAN_POINT('Origin',(0.,0.,-40.95));
#9468=CARTESIAN_POINT('',(-17.16381080762,13.56846360983,-40.95));
#9469=CARTESIAN_POINT('',(-13.65530100037,10.05995380259,-40.95));
#9470=CARTESIAN_POINT('',(-17.16381080762,13.56846360983,-40.95));
#9471=CARTESIAN_POINT('',(-15.45449078148,10.05995380259,-40.95));
#9472=CARTESIAN_POINT('',(-13.65530100037,10.05995380259,-40.95));
#9473=CARTESIAN_POINT('',(-18.96300058873,13.56846360983,-40.95));
#9474=CARTESIAN_POINT('',(-15.45449078148,10.05995380259,-40.95));
#9475=CARTESIAN_POINT('',(-18.96300058873,13.56846360983,-40.95));
#9476=CARTESIAN_POINT('Origin',(0.,0.,-40.95));
#9477=CARTESIAN_POINT('',(-20.76219036984,13.56846360983,-40.95));
#9478=CARTESIAN_POINT('',(-17.25368056259,10.05995380259,-40.95));
#9479=CARTESIAN_POINT('',(-20.76219036984,13.56846360983,-40.95));
#9480=CARTESIAN_POINT('',(-19.05287034371,10.05995380259,-40.95));
#9481=CARTESIAN_POINT('',(-17.25368056259,10.05995380259,-40.95));
#9482=CARTESIAN_POINT('',(-22.56138015096,13.56846360983,-40.95));
#9483=CARTESIAN_POINT('',(-19.05287034371,10.05995380259,-40.95));
#9484=CARTESIAN_POINT('',(-22.56138015096,13.56846360983,-40.95));
#9485=CARTESIAN_POINT('Origin',(0.,0.,-40.95));
#9486=CARTESIAN_POINT('',(-24.36056993207,13.56846360983,-40.95));
#9487=CARTESIAN_POINT('',(-20.85206012482,10.05995380259,-40.95));
#9488=CARTESIAN_POINT('',(-24.36056993207,13.56846360983,-40.95));
#9489=CARTESIAN_POINT('',(-22.65124990594,10.05995380259,-40.95));
#9490=CARTESIAN_POINT('',(-20.85206012482,10.05995380259,-40.95));
#9491=CARTESIAN_POINT('',(-26.15975971318,13.56846360983,-40.95));
#9492=CARTESIAN_POINT('',(-22.65124990594,10.05995380259,-40.95));
#9493=CARTESIAN_POINT('',(-26.15975971318,13.56846360983,-40.95));
#9494=CARTESIAN_POINT('Origin',(0.,0.,-40.95));
#9495=CARTESIAN_POINT('',(-27.9589494943,13.56846360983,-40.95));
#9496=CARTESIAN_POINT('',(-24.45043968705,10.05995380259,-40.95));
#9497=CARTESIAN_POINT('',(-27.9589494943,13.56846360983,-40.95));
#9498=CARTESIAN_POINT('',(-26.24962946816,10.05995380259,-40.95));
#9499=CARTESIAN_POINT('',(-24.45043968705,10.05995380259,-40.95));
#9500=CARTESIAN_POINT('',(-29.75813927541,13.56846360983,-40.95));
#9501=CARTESIAN_POINT('',(-26.24962946816,10.05995380259,-40.95));
#9502=CARTESIAN_POINT('',(-29.75813927541,13.56846360983,-40.95));
#9503=CARTESIAN_POINT('Origin',(0.,0.,-40.95));
#9504=CARTESIAN_POINT('',(-28.41588067872,10.05995380259,-40.95));
#9505=CARTESIAN_POINT('',(-29.75813927541,10.05995380259,-40.95));
#9506=CARTESIAN_POINT('',(-28.41588067872,10.05995380259,-40.95));
#9507=CARTESIAN_POINT('',(-29.75813927541,11.40221239928,-40.95));
#9508=CARTESIAN_POINT('',(-29.75813927541,10.05995380259,-40.95));
#9509=CARTESIAN_POINT('',(-29.75813927541,11.40221239928,-40.95));
#9510=CARTESIAN_POINT('Origin',(23.31620915561,13.01093110473,-41.25));
#9511=CARTESIAN_POINT('',(23.31620915561,9.791857851983,-41.25));
#9512=CARTESIAN_POINT('',(23.31620915561,13.01093110473,-41.25));
#9513=CARTESIAN_POINT('Origin',(21.46988339261,14.85725686774,-41.25));
#9514=CARTESIAN_POINT('',(21.46988339261,14.85725686774,-41.25));
#9515=CARTESIAN_POINT('Origin',(18.65322203361,14.85725686774,-41.25));
#9516=CARTESIAN_POINT('',(18.65322203361,14.85725686774,-41.25));
#9517=CARTESIAN_POINT('Origin',(19.82215060069,13.68832830065,-41.25));
#9518=CARTESIAN_POINT('',(19.82215060069,13.68832830065,-41.25));
#9519=CARTESIAN_POINT('Origin',(21.1418047051,13.68832830065,-41.25));
#9520=CARTESIAN_POINT('',(21.1418047051,13.68832830065,-41.25));
#9521=CARTESIAN_POINT('Origin',(22.05183076237,12.77830224338,-41.25));
#9522=CARTESIAN_POINT('',(22.05183076237,12.77830224338,-41.25));
#9523=CARTESIAN_POINT('Origin',(22.05183076237,11.05623624522,-41.25));
#9524=CARTESIAN_POINT('',(22.05183076237,11.05623624522,-41.25));
#9525=CARTESIAN_POINT('Origin',(23.31620915561,9.791857851983,-41.25));
#9526=CARTESIAN_POINT('Origin',(14.78979920736,13.52156513581,-41.25));
#9527=CARTESIAN_POINT('',(14.78979920736,11.69046803545,-41.25));
#9528=CARTESIAN_POINT('',(14.78979920736,13.52156513581,-41.25));
#9529=CARTESIAN_POINT('Origin',(17.41130521804,13.52384520234,-41.25));
#9530=CARTESIAN_POINT('',(17.41130521804,13.52384520234,-41.25));
#9531=CARTESIAN_POINT('Origin',(17.7623445477,13.17280587268,-41.25));
#9532=CARTESIAN_POINT('',(17.7623445477,13.17280587268,-41.25));
#9533=CARTESIAN_POINT('Origin',(17.7623445477,12.80170704255,-41.25));
#9534=CARTESIAN_POINT('',(17.7623445477,12.80170704255,-41.25));
#9535=CARTESIAN_POINT('Origin',(15.12800757391,12.79917895612,-41.25));
#9536=CARTESIAN_POINT('',(15.12800757391,12.79917895612,-41.25));
#9537=CARTESIAN_POINT('Origin',(16.23577562758,11.69141090245,-41.25));
#9538=CARTESIAN_POINT('',(16.23577562758,11.69141090245,-41.25));
#9539=CARTESIAN_POINT('Origin',(17.7623445477,11.6930346704,-41.25));
#9540=CARTESIAN_POINT('',(17.7623445477,11.6930346704,-41.25));
#9541=CARTESIAN_POINT('Origin',(17.7623445477,11.2823739019,-41.25));
#9542=CARTESIAN_POINT('',(17.7623445477,11.2823739019,-41.25));
#9543=CARTESIAN_POINT('Origin',(17.41592895974,10.93595831395,-41.25));
#9544=CARTESIAN_POINT('',(17.41592895974,10.93595831395,-41.25));
#9545=CARTESIAN_POINT('Origin',(13.50938176951,10.93262921331,-41.25));
#9546=CARTESIAN_POINT('',(13.50938176951,10.93262921331,-41.25));
#9547=CARTESIAN_POINT('Origin',(14.65015313084,9.791857851983,-41.25));
#9548=CARTESIAN_POINT('',(14.65015313084,9.791857851983,-41.25));
#9549=CARTESIAN_POINT('Origin',(17.75319564763,9.794531017369,-41.25));
#9550=CARTESIAN_POINT('',(17.75319564763,9.794531017369,-41.25));
#9551=CARTESIAN_POINT('Origin',(18.96461094864,11.00594631838,-41.25));
#9552=CARTESIAN_POINT('',(18.96461094864,11.00594631838,-41.25));
#9553=CARTESIAN_POINT('Origin',(18.96461094864,13.45433919293,-41.25));
#9554=CARTESIAN_POINT('',(18.96461094864,13.45433919293,-41.25));
#9555=CARTESIAN_POINT('Origin',(17.75556428685,14.66338585472,-41.25));
#9556=CARTESIAN_POINT('',(17.75556428685,14.66338585472,-41.25));
#9557=CARTESIAN_POINT('Origin',(14.72151635761,14.66076901257,-41.25));
#9558=CARTESIAN_POINT('',(14.72151635761,14.66076901257,-41.25));
#9559=CARTESIAN_POINT('Origin',(13.53990488356,13.47915753852,-41.25));
#9560=CARTESIAN_POINT('',(13.53990488356,13.47915753852,-41.25));
#9561=CARTESIAN_POINT('Origin',(13.53990488356,11.68944769322,-41.25));
#9562=CARTESIAN_POINT('',(13.53990488356,11.68944769322,-41.25));
#9563=CARTESIAN_POINT('Origin',(14.78979920736,11.69046803545,-41.25));
#9564=CARTESIAN_POINT('Origin',(11.40709695565,16.03853086507,-41.25));
#9565=CARTESIAN_POINT('',(12.51318050513,16.03853086507,-41.25));
#9566=CARTESIAN_POINT('',(11.40709695565,16.03853086507,-41.25));
#9567=CARTESIAN_POINT('Origin',(12.51318050513,14.9324473156,-41.25));
#9568=CARTESIAN_POINT('',(12.51318050513,14.9324473156,-41.25));
#9569=CARTESIAN_POINT('Origin',(12.51318050513,16.03853086507,-41.25));
#9570=CARTESIAN_POINT('Origin',(5.432060375408,13.28098512497,-41.25));
#9571=CARTESIAN_POINT('',(5.432060375408,10.86142372966,-41.25));
#9572=CARTESIAN_POINT('',(5.432060375408,13.28098512497,-41.25));
#9573=CARTESIAN_POINT('Origin',(4.138600546856,14.57444495352,-41.25));
#9574=CARTESIAN_POINT('',(4.138600546856,14.57444495352,-41.25));
#9575=CARTESIAN_POINT('Origin',(1.500626182388,14.57444495352,-41.25));
#9576=CARTESIAN_POINT('',(1.500626182388,14.57444495352,-41.25));
#9577=CARTESIAN_POINT('Origin',(0.207166353837,13.28098512497,-41.25));
#9578=CARTESIAN_POINT('',(0.207166353837,13.28098512497,-41.25));
#9579=CARTESIAN_POINT('Origin',(0.207166353837,10.86142372966,-41.25));
#9580=CARTESIAN_POINT('',(0.207166353837,10.86142372966,-41.25));
#9581=CARTESIAN_POINT('Origin',(1.500626182388,9.567963901111,-41.25));
#9582=CARTESIAN_POINT('',(1.500626182388,9.567963901111,-41.25));
#9583=CARTESIAN_POINT('Origin',(4.138600546856,9.567963901111,-41.25));
#9584=CARTESIAN_POINT('',(4.138600546856,9.567963901111,-41.25));
#9585=CARTESIAN_POINT('Origin',(5.432060375408,10.86142372966,-41.25));
#9586=CARTESIAN_POINT('Origin',(1.752210357105,13.32252708875,-41.25));
#9587=CARTESIAN_POINT('',(1.394556398164,12.96487312981,-41.25));
#9588=CARTESIAN_POINT('',(1.752210357105,13.32252708875,-41.25));
#9589=CARTESIAN_POINT('Origin',(3.88701637214,13.32252708875,-41.25));
#9590=CARTESIAN_POINT('',(3.88701637214,13.32252708875,-41.25));
#9591=CARTESIAN_POINT('Origin',(4.244670331081,12.96487312981,-41.25));
#9592=CARTESIAN_POINT('',(4.244670331081,12.96487312981,-41.25));
#9593=CARTESIAN_POINT('Origin',(4.244670331081,11.17753572482,-41.25));
#9594=CARTESIAN_POINT('',(4.244670331081,11.17753572482,-41.25));
#9595=CARTESIAN_POINT('Origin',(3.88701637214,10.81988176588,-41.25));
#9596=CARTESIAN_POINT('',(3.88701637214,10.81988176588,-41.25));
#9597=CARTESIAN_POINT('Origin',(1.752210357105,10.81988176588,-41.25));
#9598=CARTESIAN_POINT('',(1.752210357105,10.81988176588,-41.25));
#9599=CARTESIAN_POINT('Origin',(1.394556398164,11.17753572482,-41.25));
#9600=CARTESIAN_POINT('',(1.394556398164,11.17753572482,-41.25));
#9601=CARTESIAN_POINT('Origin',(1.394556398164,12.96487312981,-41.25));
#9602=CARTESIAN_POINT('Origin',(6.208601504933,13.53716867019,-41.25));
#9603=CARTESIAN_POINT('',(6.208601504933,14.90062709774,-41.25));
#9604=CARTESIAN_POINT('',(6.208601504933,13.53716867019,-41.25));
#9605=CARTESIAN_POINT('Origin',(6.897775285003,12.84799489012,-41.25));
#9606=CARTESIAN_POINT('',(6.897775285003,12.84799489012,-41.25));
#9607=CARTESIAN_POINT('Origin',(6.208601504933,12.15882111004,-41.25));
#9608=CARTESIAN_POINT('',(6.208601504933,12.15882111004,-41.25));
#9609=CARTESIAN_POINT('Origin',(6.208601504933,10.95362170785,-41.25));
#9610=CARTESIAN_POINT('',(6.208601504933,10.95362170785,-41.25));
#9611=CARTESIAN_POINT('Origin',(7.386352604553,9.775870608232,-41.25));
#9612=CARTESIAN_POINT('',(7.386352604553,9.775870608232,-41.25));
#9613=CARTESIAN_POINT('Origin',(12.33658306996,9.775870608232,-41.25));
#9614=CARTESIAN_POINT('',(12.33658306996,9.775870608232,-41.25));
#9615=CARTESIAN_POINT('Origin',(11.22653919837,10.88591447982,-41.25));
#9616=CARTESIAN_POINT('',(11.22653919837,10.88591447982,-41.25));
#9617=CARTESIAN_POINT('Origin',(7.833269942894,10.88591447982,-41.25));
#9618=CARTESIAN_POINT('',(7.833269942894,10.88591447982,-41.25));
#9619=CARTESIAN_POINT('Origin',(7.412929015301,11.30625540741,-41.25));
#9620=CARTESIAN_POINT('',(7.412929015301,11.30625540741,-41.25));
#9621=CARTESIAN_POINT('Origin',(7.412929015301,11.99083462344,-41.25));
#9622=CARTESIAN_POINT('',(7.412929015301,11.99083462344,-41.25));
#9623=CARTESIAN_POINT('Origin',(7.704244874271,12.28215048241,-41.25));
#9624=CARTESIAN_POINT('',(7.704244874271,12.28215048241,-41.25));
#9625=CARTESIAN_POINT('Origin',(10.87579505042,12.28215048241,-41.25));
#9626=CARTESIAN_POINT('',(10.87579505042,12.28215048241,-41.25));
#9627=CARTESIAN_POINT('Origin',(10.87579505042,13.41383929782,-41.25));
#9628=CARTESIAN_POINT('',(10.87579505042,13.41383929782,-41.25));
#9629=CARTESIAN_POINT('Origin',(7.704244874271,13.41383929782,-41.25));
#9630=CARTESIAN_POINT('',(7.704244874271,13.41383929782,-41.25));
#9631=CARTESIAN_POINT('Origin',(7.408561359728,13.70952281236,-41.25));
#9632=CARTESIAN_POINT('',(7.408561359728,13.70952281236,-41.25));
#9633=CARTESIAN_POINT('Origin',(7.408561359728,14.50845210215,-41.25));
#9634=CARTESIAN_POINT('',(7.408561359728,14.50845210215,-41.25));
#9635=CARTESIAN_POINT('Origin',(7.795944736864,14.89583547928,-41.25));
#9636=CARTESIAN_POINT('',(7.795944736864,14.89583547928,-41.25));
#9637=CARTESIAN_POINT('Origin',(11.32491753587,14.89583547928,-41.25));
#9638=CARTESIAN_POINT('',(11.32491753587,14.89583547928,-41.25));
#9639=CARTESIAN_POINT('Origin',(11.32491753587,11.23809889666,-41.25));
#9640=CARTESIAN_POINT('',(11.32491753587,11.23809889666,-41.25));
#9641=CARTESIAN_POINT('Origin',(12.51318050513,10.0498359274,-41.25));
#9642=CARTESIAN_POINT('',(12.51318050513,10.0498359274,-41.25));
#9643=CARTESIAN_POINT('Origin',(12.51318050513,14.48188456126,-41.25));
#9644=CARTESIAN_POINT('',(12.51318050513,14.48188456126,-41.25));
#9645=CARTESIAN_POINT('Origin',(10.95653420131,16.03853086507,-41.25));
#9646=CARTESIAN_POINT('',(10.95653420131,16.03853086507,-41.25));
#9647=CARTESIAN_POINT('Origin',(7.346505272267,16.03853086507,-41.25));
#9648=CARTESIAN_POINT('',(7.346505272267,16.03853086507,-41.25));
#9649=CARTESIAN_POINT('Origin',(6.208601504933,14.90062709774,-41.25));
#9650=CARTESIAN_POINT('Origin',(-1.098462493341,14.76494163393,-41.25));
#9651=CARTESIAN_POINT('',(-1.098462493341,14.42646728939,-41.25));
#9652=CARTESIAN_POINT('',(-1.098462493341,14.76494163393,-41.25));
#9653=CARTESIAN_POINT('Origin',(-2.28108665642,15.94756579701,-41.25));
#9654=CARTESIAN_POINT('',(-2.28108665642,15.94756579701,-41.25));
#9655=CARTESIAN_POINT('Origin',(-2.28108665642,14.42646728939,-41.25));
#9656=CARTESIAN_POINT('',(-2.28108665642,14.42646728939,-41.25));
#9657=CARTESIAN_POINT('Origin',(-4.324362370552,14.42646728939,-41.25));
#9658=CARTESIAN_POINT('',(-4.324362370552,14.42646728939,-41.25));
#9659=CARTESIAN_POINT('Origin',(-3.196743982499,13.29884890134,-41.25));
#9660=CARTESIAN_POINT('',(-3.196743982499,13.29884890134,-41.25));
#9661=CARTESIAN_POINT('Origin',(-2.28108665642,13.29884890134,-41.25));
#9662=CARTESIAN_POINT('Origin',(-1.098462493341,14.42646728939,-41.25));
#9663=CARTESIAN_POINT('',(-0.4844701487316,14.42646728939,-41.25));
#9664=CARTESIAN_POINT('Origin',(-0.4844701487316,14.42646728939,-41.25));
#9665=CARTESIAN_POINT('',(-0.4844701487316,13.29884890134,-41.25));
#9666=CARTESIAN_POINT('Origin',(-0.4844701487316,13.29884890134,-41.25));
#9667=CARTESIAN_POINT('',(-1.098462493341,13.29884890134,-41.25));
#9668=CARTESIAN_POINT('Origin',(-1.098462493341,13.29884890134,-41.25));
#9669=CARTESIAN_POINT('',(-1.098462493341,10.75188085133,-41.25));
#9670=CARTESIAN_POINT('Origin',(-1.098462493341,10.75188085133,-41.25));
#9671=CARTESIAN_POINT('',(-2.074472736443,9.775870608232,-41.25));
#9672=CARTESIAN_POINT('Origin',(-2.074472736443,9.775870608232,-41.25));
#9673=CARTESIAN_POINT('',(-3.183134136112,9.775870608232,-41.25));
#9674=CARTESIAN_POINT('Origin',(-3.183134136112,9.775870608232,-41.25));
#9675=CARTESIAN_POINT('',(-4.261461468073,10.85419794019,-41.25));
#9676=CARTESIAN_POINT('Origin',(-4.261461468073,10.85419794019,-41.25));
#9677=CARTESIAN_POINT('',(-2.577836465382,10.85419794019,-41.25));
#9678=CARTESIAN_POINT('Origin',(-2.577836465382,10.85419794019,-41.25));
#9679=CARTESIAN_POINT('Origin',(-6.458541875914,13.56846360983,-41.25));
#9680=CARTESIAN_POINT('',(-6.458541875914,12.22305099205,-41.25));
#9681=CARTESIAN_POINT('',(-6.458541875914,13.56846360983,-41.25));
#9682=CARTESIAN_POINT('Origin',(-7.803954493702,13.56846360983,-41.25));
#9683=CARTESIAN_POINT('',(-7.803954493702,13.56846360983,-41.25));
#9684=CARTESIAN_POINT('Origin',(-6.458541875914,12.22305099205,-41.25));
#9685=CARTESIAN_POINT('Origin',(-9.967051683162,13.56846360983,-41.25));
#9686=CARTESIAN_POINT('',(-6.458541875914,10.05995380259,-41.25));
#9687=CARTESIAN_POINT('',(-9.967051683162,13.56846360983,-41.25));
#9688=CARTESIAN_POINT('Origin',(-11.76624146428,13.56846360983,-41.25));
#9689=CARTESIAN_POINT('',(-11.76624146428,13.56846360983,-41.25));
#9690=CARTESIAN_POINT('Origin',(-8.257731657027,10.05995380259,-41.25));
#9691=CARTESIAN_POINT('',(-8.257731657027,10.05995380259,-41.25));
#9692=CARTESIAN_POINT('Origin',(-6.458541875914,10.05995380259,-41.25));
#9693=CARTESIAN_POINT('Origin',(-13.56543124539,13.56846360983,-41.25));
#9694=CARTESIAN_POINT('',(-10.05692143814,10.05995380259,-41.25));
#9695=CARTESIAN_POINT('',(-13.56543124539,13.56846360983,-41.25));
#9696=CARTESIAN_POINT('Origin',(-15.3646210265,13.56846360983,-41.25));
#9697=CARTESIAN_POINT('',(-15.3646210265,13.56846360983,-41.25));
#9698=CARTESIAN_POINT('Origin',(-11.85611121925,10.05995380259,-41.25));
#9699=CARTESIAN_POINT('',(-11.85611121925,10.05995380259,-41.25));
#9700=CARTESIAN_POINT('Origin',(-10.05692143814,10.05995380259,-41.25));
#9701=CARTESIAN_POINT('Origin',(-17.16381080762,13.56846360983,-41.25));
#9702=CARTESIAN_POINT('',(-13.65530100037,10.05995380259,-41.25));
#9703=CARTESIAN_POINT('',(-17.16381080762,13.56846360983,-41.25));
#9704=CARTESIAN_POINT('Origin',(-18.96300058873,13.56846360983,-41.25));
#9705=CARTESIAN_POINT('',(-18.96300058873,13.56846360983,-41.25));
#9706=CARTESIAN_POINT('Origin',(-15.45449078148,10.05995380259,-41.25));
#9707=CARTESIAN_POINT('',(-15.45449078148,10.05995380259,-41.25));
#9708=CARTESIAN_POINT('Origin',(-13.65530100037,10.05995380259,-41.25));
#9709=CARTESIAN_POINT('Origin',(-20.76219036984,13.56846360983,-41.25));
#9710=CARTESIAN_POINT('',(-17.25368056259,10.05995380259,-41.25));
#9711=CARTESIAN_POINT('',(-20.76219036984,13.56846360983,-41.25));
#9712=CARTESIAN_POINT('Origin',(-22.56138015096,13.56846360983,-41.25));
#9713=CARTESIAN_POINT('',(-22.56138015096,13.56846360983,-41.25));
#9714=CARTESIAN_POINT('Origin',(-19.05287034371,10.05995380259,-41.25));
#9715=CARTESIAN_POINT('',(-19.05287034371,10.05995380259,-41.25));
#9716=CARTESIAN_POINT('Origin',(-17.25368056259,10.05995380259,-41.25));
#9717=CARTESIAN_POINT('Origin',(-24.36056993207,13.56846360983,-41.25));
#9718=CARTESIAN_POINT('',(-20.85206012482,10.05995380259,-41.25));
#9719=CARTESIAN_POINT('',(-24.36056993207,13.56846360983,-41.25));
#9720=CARTESIAN_POINT('Origin',(-26.15975971318,13.56846360983,-41.25));
#9721=CARTESIAN_POINT('',(-26.15975971318,13.56846360983,-41.25));
#9722=CARTESIAN_POINT('Origin',(-22.65124990594,10.05995380259,-41.25));
#9723=CARTESIAN_POINT('',(-22.65124990594,10.05995380259,-41.25));
#9724=CARTESIAN_POINT('Origin',(-20.85206012482,10.05995380259,-41.25));
#9725=CARTESIAN_POINT('Origin',(-27.9589494943,13.56846360983,-41.25));
#9726=CARTESIAN_POINT('',(-24.45043968705,10.05995380259,-41.25));
#9727=CARTESIAN_POINT('',(-27.9589494943,13.56846360983,-41.25));
#9728=CARTESIAN_POINT('Origin',(-29.75813927541,13.56846360983,-41.25));
#9729=CARTESIAN_POINT('',(-29.75813927541,13.56846360983,-41.25));
#9730=CARTESIAN_POINT('Origin',(-26.24962946816,10.05995380259,-41.25));
#9731=CARTESIAN_POINT('',(-26.24962946816,10.05995380259,-41.25));
#9732=CARTESIAN_POINT('Origin',(-24.45043968705,10.05995380259,-41.25));
#9733=CARTESIAN_POINT('Origin',(-28.41588067872,10.05995380259,-41.25));
#9734=CARTESIAN_POINT('',(-29.75813927541,10.05995380259,-41.25));
#9735=CARTESIAN_POINT('',(-28.41588067872,10.05995380259,-41.25));
#9736=CARTESIAN_POINT('Origin',(-29.75813927541,11.40221239928,-41.25));
#9737=CARTESIAN_POINT('',(-29.75813927541,11.40221239928,-41.25));
#9738=CARTESIAN_POINT('Origin',(-29.75813927541,10.05995380259,-41.25));
#9739=CARTESIAN_POINT('Origin',(0.,0.,-40.25));
#9740=CARTESIAN_POINT('',(-17.5,70.,-40.25));
#9741=CARTESIAN_POINT('Origin',(-20.,70.,-40.25));
#9742=CARTESIAN_POINT('Origin',(-20.,70.,-40.25));
#9743=CARTESIAN_POINT('',(-17.5,70.,-37.25));
#9744=CARTESIAN_POINT('',(-17.5,70.,-40.25));
#9745=CARTESIAN_POINT('Origin',(-20.,70.,-37.25));
#9746=CARTESIAN_POINT('Origin',(0.,0.,-37.25));
#9747=UNCERTAINTY_MEASURE_WITH_UNIT(LENGTH_MEASURE(0.01),#9751,
'DISTANCE_ACCURACY_VALUE',
'Maximum model space distance between geometric entities at asserted c
onnectivities');
#9748=UNCERTAINTY_MEASURE_WITH_UNIT(LENGTH_MEASURE(0.01),#9751,
'DISTANCE_ACCURACY_VALUE',
'Maximum model space distance between geometric entities at asserted c
onnectivities');
#9749=(
GEOMETRIC_REPRESENTATION_CONTEXT(3)
GLOBAL_UNCERTAINTY_ASSIGNED_CONTEXT((#9747))
GLOBAL_UNIT_ASSIGNED_CONTEXT((#9751,#9753,#9754))
REPRESENTATION_CONTEXT('','3D')
);
#9750=(
GEOMETRIC_REPRESENTATION_CONTEXT(3)
GLOBAL_UNCERTAINTY_ASSIGNED_CONTEXT((#9748))
GLOBAL_UNIT_ASSIGNED_CONTEXT((#9751,#9753,#9754))
REPRESENTATION_CONTEXT('','3D')
);
#9751=(
LENGTH_UNIT()
NAMED_UNIT(*)
SI_UNIT(.MILLI.,.METRE.)
);
#9752=(
LENGTH_UNIT()
NAMED_UNIT(*)
SI_UNIT($,.METRE.)
);
#9753=(
NAMED_UNIT(*)
PLANE_ANGLE_UNIT()
SI_UNIT($,.RADIAN.)
);
#9754=(
NAMED_UNIT(*)
SI_UNIT($,.STERADIAN.)
SOLID_ANGLE_UNIT()
);
#9755=SHAPE_DEFINITION_REPRESENTATION(#9756,#9757);
#9756=PRODUCT_DEFINITION_SHAPE('',$,#9759);
#9757=SHAPE_REPRESENTATION('',(#5962),#9749);
#9758=PRODUCT_DEFINITION_CONTEXT('part definition',#9763,'design');
#9759=PRODUCT_DEFINITION('2026-07-07-17-41-51-945','2-RSM-ROTOR-R',#9760,
#9758);
#9760=PRODUCT_DEFINITION_FORMATION('',$,#9765);
#9761=PRODUCT_RELATED_PRODUCT_CATEGORY('2-RSM-ROTOR-R','2-RSM-ROTOR-R',
(#9765));
#9762=APPLICATION_PROTOCOL_DEFINITION('international standard',
'automotive_design',2009,#9763);
#9763=APPLICATION_CONTEXT(
'Core Data for Automotive Mechanical Design Process');
#9764=PRODUCT_CONTEXT('part definition',#9763,'mechanical');
#9765=PRODUCT('2026-07-07-17-41-51-945','2-RSM-ROTOR-R','NOT SPECIFIED',
(#9764));
#9766=PRESENTATION_STYLE_ASSIGNMENT((#9767));
#9767=SURFACE_STYLE_USAGE(.BOTH.,#9768);
#9768=SURFACE_SIDE_STYLE('',(#9769));
#9769=SURFACE_STYLE_FILL_AREA(#9770);
#9770=FILL_AREA_STYLE('\X2\94A2\X0\ - \X2\7F0E5149\X0\',(#9771));
#9771=FILL_AREA_STYLE_COLOUR('\X2\94A2\X0\ - \X2\7F0E5149\X0\',#9772);
#9772=COLOUR_RGB('\X2\94A2\X0\ - \X2\7F0E5149\X0\',0.627450980392157,0.627450980392157,
0.627450980392157);
ENDSEC;
END-ISO-10303-21;
