ISO-10303-21;
HEADER;
/* Generated by software containing ST-Developer
 * from STEP Tools, Inc. (www.steptools.com) 
 */

FILE_DESCRIPTION(
/* description */ ('NOT SPECIFIED'),
/* implementation_level */ '2;1');

FILE_NAME(
/* name */ '2-RSM2-STATOR-1.step',
/* time_stamp */ '2026-07-07T17:42:27+08:00',
/* author */ (''),
/* organization */ (''),
/* preprocessor_version */ 'ST-DEVELOPER v20.1',
/* originating_system */ 'Autodesk Translation Framework v15.8.0.0',
/* authorisation */ '');

FILE_SCHEMA (('AUTOMOTIVE_DESIGN { 1 0 10303 214 3 1 1 }'));
ENDSEC;

DATA;
#10=MECHANICAL_DESIGN_GEOMETRIC_PRESENTATION_REPRESENTATION('',(#13),#3182);
#11=SHAPE_REPRESENTATION_RELATIONSHIP('SRR','None',#3189,#12);
#12=ADVANCED_BREP_SHAPE_REPRESENTATION('',(#14),#3181);
#13=STYLED_ITEM('',(#3198),#14);
#14=MANIFOLD_SOLID_BREP('\X2\5B9E4F53\X0\1',#1780);
#15=CYLINDRICAL_SURFACE('',#1831,1.7);
#16=CYLINDRICAL_SURFACE('',#1870,1.25);
#17=CYLINDRICAL_SURFACE('',#1876,1.25);
#18=CYLINDRICAL_SURFACE('',#1882,1.25);
#19=CYLINDRICAL_SURFACE('',#1888,1.25);
#20=CYLINDRICAL_SURFACE('',#1894,1.25);
#21=CYLINDRICAL_SURFACE('',#1900,1.25);
#22=CYLINDRICAL_SURFACE('',#1906,1.6);
#23=CYLINDRICAL_SURFACE('',#1912,1.7);
#24=CYLINDRICAL_SURFACE('',#1918,1.7);
#25=CYLINDRICAL_SURFACE('',#1925,26.05);
#26=CYLINDRICAL_SURFACE('',#1931,0.6);
#27=CYLINDRICAL_SURFACE('',#1936,41.);
#28=CYLINDRICAL_SURFACE('',#1939,41.);
#29=CYLINDRICAL_SURFACE('',#1942,41.);
#30=CYLINDRICAL_SURFACE('',#1945,41.);
#31=CYLINDRICAL_SURFACE('',#1948,41.);
#32=CYLINDRICAL_SURFACE('',#1953,0.6);
#33=CYLINDRICAL_SURFACE('',#1959,0.6);
#34=CYLINDRICAL_SURFACE('',#1964,3.);
#35=CYLINDRICAL_SURFACE('',#1966,0.6);
#36=CYLINDRICAL_SURFACE('',#1975,3.);
#37=CYLINDRICAL_SURFACE('',#1980,0.6);
#38=CYLINDRICAL_SURFACE('',#1986,0.6);
#39=CYLINDRICAL_SURFACE('',#1991,3.);
#40=CYLINDRICAL_SURFACE('',#1996,0.6);
#41=CYLINDRICAL_SURFACE('',#2002,1.);
#42=CYLINDRICAL_SURFACE('',#2011,1.);
#43=CYLINDRICAL_SURFACE('',#2016,43.5);
#44=CYLINDRICAL_SURFACE('',#2021,1.);
#45=CYLINDRICAL_SURFACE('',#2029,1.);
#46=CYLINDRICAL_SURFACE('',#2035,0.6);
#47=CYLINDRICAL_SURFACE('',#2040,3.);
#48=CONICAL_SURFACE('',#1828,1.950000000553,0.785398163397448);
#49=CONICAL_SURFACE('',#1833,1.81,0.785398163397448);
#50=CONICAL_SURFACE('',#1868,1.405,0.785398163397448);
#51=CONICAL_SURFACE('',#1873,1.549999987184,0.785398163397448);
#52=CONICAL_SURFACE('',#1874,1.405,0.785398163397448);
#53=CONICAL_SURFACE('',#1879,1.549999987184,0.785398163397448);
#54=CONICAL_SURFACE('',#1880,1.405,0.785398163397448);
#55=CONICAL_SURFACE('',#1885,1.549999987184,0.785398163397448);
#56=CONICAL_SURFACE('',#1886,1.405,0.785398163397448);
#57=CONICAL_SURFACE('',#1891,1.549999987184,0.785398163397448);
#58=CONICAL_SURFACE('',#1892,1.405,0.785398163397448);
#59=CONICAL_SURFACE('',#1897,1.549999987184,0.785398163397448);
#60=CONICAL_SURFACE('',#1898,1.405,0.785398163397448);
#61=CONICAL_SURFACE('',#1903,1.549999987184,0.785398163397448);
#62=CONICAL_SURFACE('',#1904,1.76,0.785398163397448);
#63=CONICAL_SURFACE('',#1909,1.899999996374,0.785398163397448);
#64=CONICAL_SURFACE('',#1910,1.81,0.785398163397448);
#65=CONICAL_SURFACE('',#1915,1.950000000553,0.785398163397448);
#66=CONICAL_SURFACE('',#1916,1.81,0.785398163397448);
#67=CONICAL_SURFACE('',#1921,1.950000000553,0.785398163397448);
#68=CONICAL_SURFACE('',#1922,26.34999999979,0.785398163397448);
#69=CONICAL_SURFACE('',#1928,26.34999999979,0.785398163397448);
#70=CONICAL_SURFACE('',#1929,0.8999999999747,0.785398163397448);
#71=CONICAL_SURFACE('',#1933,0.8999999999747,0.785398163397448);
#72=CONICAL_SURFACE('',#1934,40.7,0.785398163397448);
#73=CONICAL_SURFACE('',#1950,40.7,0.785398163397448);
#74=CONICAL_SURFACE('',#1951,0.8999999999747,0.785398163397448);
#75=CONICAL_SURFACE('',#1955,0.8999999999747,0.785398163397448);
#76=CONICAL_SURFACE('',#1956,40.7,0.785398163397448);
#77=CONICAL_SURFACE('',#1957,0.8999999999747,0.785398163397448);
#78=CONICAL_SURFACE('',#1961,0.8999999999747,0.785398163397448);
#79=CONICAL_SURFACE('',#1962,2.699999998091,0.785398163397448);
#80=CONICAL_SURFACE('',#1969,0.8999999999747,0.785398163397448);
#81=CONICAL_SURFACE('',#1970,0.8999999999747,0.785398163397448);
#82=CONICAL_SURFACE('',#1971,40.7,0.785398163397448);
#83=CONICAL_SURFACE('',#1972,2.699999998091,0.785398163397448);
#84=CONICAL_SURFACE('',#1973,2.699999998091,0.785398163397448);
#85=CONICAL_SURFACE('',#1977,2.699999998091,0.785398163397448);
#86=CONICAL_SURFACE('',#1978,0.8999999999747,0.785398163397448);
#87=CONICAL_SURFACE('',#1982,0.8999999999747,0.785398163397448);
#88=CONICAL_SURFACE('',#1983,40.69999999997,0.785398163397448);
#89=CONICAL_SURFACE('',#1984,0.8999999999747,0.785398163397448);
#90=CONICAL_SURFACE('',#1988,0.8999999999747,0.785398163397448);
#91=CONICAL_SURFACE('',#1989,2.699999998091,0.785398163397448);
#92=CONICAL_SURFACE('',#1993,2.699999998091,0.785398163397448);
#93=CONICAL_SURFACE('',#1994,0.8999999999747,0.785398163397448);
#94=CONICAL_SURFACE('',#1998,0.8999999999747,0.785398163397448);
#95=CONICAL_SURFACE('',#1999,40.69999999997,0.785398163397448);
#96=CONICAL_SURFACE('',#2000,1.299999999282,0.785398163397448);
#97=CONICAL_SURFACE('',#2004,1.299999999282,0.785398163397448);
#98=CONICAL_SURFACE('',#2005,40.69999999997,0.785398163397448);
#99=CONICAL_SURFACE('',#2009,0.6999999992656,0.785398163397448);
#100=CONICAL_SURFACE('',#2013,0.6999999992656,0.785398163397448);
#101=CONICAL_SURFACE('',#2014,43.2,0.785398163397448);
#102=CONICAL_SURFACE('',#2018,43.2,0.785398163397448);
#103=CONICAL_SURFACE('',#2019,0.6999999991641,0.785398163397448);
#104=CONICAL_SURFACE('',#2023,0.6999999991641,0.785398163397448);
#105=CONICAL_SURFACE('',#2027,1.299999999282,0.785398163397448);
#106=CONICAL_SURFACE('',#2031,1.299999999282,0.785398163397448);
#107=CONICAL_SURFACE('',#2032,40.7,0.785398163397448);
#108=CONICAL_SURFACE('',#2033,0.8999999999747,0.785398163397448);
#109=CONICAL_SURFACE('',#2037,0.8999999999747,0.785398163397448);
#110=CONICAL_SURFACE('',#2038,2.699999998091,0.785398163397448);
#111=CONICAL_SURFACE('',#2042,2.699999998091,0.785398163397448);
#112=CONICAL_SURFACE('',#2043,40.7,0.785398163397448);
#113=CONICAL_SURFACE('',#2044,40.69999999997,0.785398163397448);
#114=FACE_BOUND('',#244,.T.);
#115=FACE_BOUND('',#245,.T.);
#116=FACE_BOUND('',#246,.T.);
#117=FACE_BOUND('',#247,.T.);
#118=FACE_BOUND('',#248,.T.);
#119=FACE_BOUND('',#249,.T.);
#120=FACE_BOUND('',#250,.T.);
#121=FACE_BOUND('',#251,.T.);
#122=FACE_BOUND('',#252,.T.);
#123=FACE_BOUND('',#253,.T.);
#124=FACE_BOUND('',#254,.T.);
#125=FACE_BOUND('',#259,.T.);
#126=FACE_BOUND('',#260,.T.);
#127=FACE_BOUND('',#261,.T.);
#128=FACE_BOUND('',#262,.T.);
#129=FACE_BOUND('',#263,.T.);
#130=FACE_BOUND('',#264,.T.);
#131=FACE_BOUND('',#265,.T.);
#132=FACE_BOUND('',#266,.T.);
#133=FACE_BOUND('',#267,.T.);
#134=FACE_BOUND('',#268,.T.);
#135=FACE_BOUND('',#269,.T.);
#136=FACE_OUTER_BOUND('',#243,.T.);
#137=FACE_OUTER_BOUND('',#255,.T.);
#138=FACE_OUTER_BOUND('',#256,.T.);
#139=FACE_OUTER_BOUND('',#257,.T.);
#140=FACE_OUTER_BOUND('',#258,.T.);
#141=FACE_OUTER_BOUND('',#270,.T.);
#142=FACE_OUTER_BOUND('',#271,.T.);
#143=FACE_OUTER_BOUND('',#272,.T.);
#144=FACE_OUTER_BOUND('',#273,.T.);
#145=FACE_OUTER_BOUND('',#274,.T.);
#146=FACE_OUTER_BOUND('',#275,.T.);
#147=FACE_OUTER_BOUND('',#276,.T.);
#148=FACE_OUTER_BOUND('',#277,.T.);
#149=FACE_OUTER_BOUND('',#278,.T.);
#150=FACE_OUTER_BOUND('',#279,.T.);
#151=FACE_OUTER_BOUND('',#280,.T.);
#152=FACE_OUTER_BOUND('',#281,.T.);
#153=FACE_OUTER_BOUND('',#282,.T.);
#154=FACE_OUTER_BOUND('',#283,.T.);
#155=FACE_OUTER_BOUND('',#284,.T.);
#156=FACE_OUTER_BOUND('',#285,.T.);
#157=FACE_OUTER_BOUND('',#286,.T.);
#158=FACE_OUTER_BOUND('',#287,.T.);
#159=FACE_OUTER_BOUND('',#288,.T.);
#160=FACE_OUTER_BOUND('',#289,.T.);
#161=FACE_OUTER_BOUND('',#290,.T.);
#162=FACE_OUTER_BOUND('',#291,.T.);
#163=FACE_OUTER_BOUND('',#292,.T.);
#164=FACE_OUTER_BOUND('',#293,.T.);
#165=FACE_OUTER_BOUND('',#294,.T.);
#166=FACE_OUTER_BOUND('',#295,.T.);
#167=FACE_OUTER_BOUND('',#296,.T.);
#168=FACE_OUTER_BOUND('',#297,.T.);
#169=FACE_OUTER_BOUND('',#298,.T.);
#170=FACE_OUTER_BOUND('',#299,.T.);
#171=FACE_OUTER_BOUND('',#300,.T.);
#172=FACE_OUTER_BOUND('',#301,.T.);
#173=FACE_OUTER_BOUND('',#302,.T.);
#174=FACE_OUTER_BOUND('',#303,.T.);
#175=FACE_OUTER_BOUND('',#304,.T.);
#176=FACE_OUTER_BOUND('',#305,.T.);
#177=FACE_OUTER_BOUND('',#306,.T.);
#178=FACE_OUTER_BOUND('',#307,.T.);
#179=FACE_OUTER_BOUND('',#308,.T.);
#180=FACE_OUTER_BOUND('',#309,.T.);
#181=FACE_OUTER_BOUND('',#310,.T.);
#182=FACE_OUTER_BOUND('',#311,.T.);
#183=FACE_OUTER_BOUND('',#312,.T.);
#184=FACE_OUTER_BOUND('',#313,.T.);
#185=FACE_OUTER_BOUND('',#314,.T.);
#186=FACE_OUTER_BOUND('',#315,.T.);
#187=FACE_OUTER_BOUND('',#316,.T.);
#188=FACE_OUTER_BOUND('',#317,.T.);
#189=FACE_OUTER_BOUND('',#318,.T.);
#190=FACE_OUTER_BOUND('',#319,.T.);
#191=FACE_OUTER_BOUND('',#320,.T.);
#192=FACE_OUTER_BOUND('',#321,.T.);
#193=FACE_OUTER_BOUND('',#322,.T.);
#194=FACE_OUTER_BOUND('',#323,.T.);
#195=FACE_OUTER_BOUND('',#324,.T.);
#196=FACE_OUTER_BOUND('',#325,.T.);
#197=FACE_OUTER_BOUND('',#326,.T.);
#198=FACE_OUTER_BOUND('',#327,.T.);
#199=FACE_OUTER_BOUND('',#328,.T.);
#200=FACE_OUTER_BOUND('',#329,.T.);
#201=FACE_OUTER_BOUND('',#330,.T.);
#202=FACE_OUTER_BOUND('',#331,.T.);
#203=FACE_OUTER_BOUND('',#332,.T.);
#204=FACE_OUTER_BOUND('',#333,.T.);
#205=FACE_OUTER_BOUND('',#334,.T.);
#206=FACE_OUTER_BOUND('',#335,.T.);
#207=FACE_OUTER_BOUND('',#336,.T.);
#208=FACE_OUTER_BOUND('',#337,.T.);
#209=FACE_OUTER_BOUND('',#338,.T.);
#210=FACE_OUTER_BOUND('',#339,.T.);
#211=FACE_OUTER_BOUND('',#340,.T.);
#212=FACE_OUTER_BOUND('',#341,.T.);
#213=FACE_OUTER_BOUND('',#342,.T.);
#214=FACE_OUTER_BOUND('',#343,.T.);
#215=FACE_OUTER_BOUND('',#344,.T.);
#216=FACE_OUTER_BOUND('',#345,.T.);
#217=FACE_OUTER_BOUND('',#346,.T.);
#218=FACE_OUTER_BOUND('',#347,.T.);
#219=FACE_OUTER_BOUND('',#348,.T.);
#220=FACE_OUTER_BOUND('',#349,.T.);
#221=FACE_OUTER_BOUND('',#350,.T.);
#222=FACE_OUTER_BOUND('',#351,.T.);
#223=FACE_OUTER_BOUND('',#352,.T.);
#224=FACE_OUTER_BOUND('',#353,.T.);
#225=FACE_OUTER_BOUND('',#354,.T.);
#226=FACE_OUTER_BOUND('',#355,.T.);
#227=FACE_OUTER_BOUND('',#356,.T.);
#228=FACE_OUTER_BOUND('',#357,.T.);
#229=FACE_OUTER_BOUND('',#358,.T.);
#230=FACE_OUTER_BOUND('',#359,.T.);
#231=FACE_OUTER_BOUND('',#360,.T.);
#232=FACE_OUTER_BOUND('',#361,.T.);
#233=FACE_OUTER_BOUND('',#362,.T.);
#234=FACE_OUTER_BOUND('',#363,.T.);
#235=FACE_OUTER_BOUND('',#364,.T.);
#236=FACE_OUTER_BOUND('',#365,.T.);
#237=FACE_OUTER_BOUND('',#366,.T.);
#238=FACE_OUTER_BOUND('',#367,.T.);
#239=FACE_OUTER_BOUND('',#368,.T.);
#240=FACE_OUTER_BOUND('',#369,.T.);
#241=FACE_OUTER_BOUND('',#370,.T.);
#242=FACE_OUTER_BOUND('',#371,.T.);
#243=EDGE_LOOP('',(#1151,#1152,#1153,#1154,#1155,#1156,#1157,#1158,#1159,
#1160,#1161,#1162,#1163,#1164,#1165,#1166,#1167,#1168,#1169,#1170,#1171,
#1172,#1173,#1174));
#244=EDGE_LOOP('',(#1175));
#245=EDGE_LOOP('',(#1176));
#246=EDGE_LOOP('',(#1177));
#247=EDGE_LOOP('',(#1178));
#248=EDGE_LOOP('',(#1179));
#249=EDGE_LOOP('',(#1180));
#250=EDGE_LOOP('',(#1181));
#251=EDGE_LOOP('',(#1182));
#252=EDGE_LOOP('',(#1183));
#253=EDGE_LOOP('',(#1184));
#254=EDGE_LOOP('',(#1185));
#255=EDGE_LOOP('',(#1186,#1187,#1188,#1189,#1190));
#256=EDGE_LOOP('',(#1191,#1192,#1193,#1194,#1195));
#257=EDGE_LOOP('',(#1196,#1197,#1198,#1199));
#258=EDGE_LOOP('',(#1200,#1201,#1202,#1203,#1204,#1205,#1206,#1207,#1208,
#1209,#1210,#1211,#1212,#1213,#1214,#1215,#1216,#1217,#1218,#1219,#1220,
#1221,#1222,#1223));
#259=EDGE_LOOP('',(#1224));
#260=EDGE_LOOP('',(#1225));
#261=EDGE_LOOP('',(#1226));
#262=EDGE_LOOP('',(#1227));
#263=EDGE_LOOP('',(#1228));
#264=EDGE_LOOP('',(#1229));
#265=EDGE_LOOP('',(#1230));
#266=EDGE_LOOP('',(#1231));
#267=EDGE_LOOP('',(#1232));
#268=EDGE_LOOP('',(#1233));
#269=EDGE_LOOP('',(#1234));
#270=EDGE_LOOP('',(#1235,#1236,#1237,#1238));
#271=EDGE_LOOP('',(#1239,#1240,#1241,#1242,#1243));
#272=EDGE_LOOP('',(#1244,#1245,#1246,#1247,#1248));
#273=EDGE_LOOP('',(#1249,#1250,#1251,#1252));
#274=EDGE_LOOP('',(#1253,#1254,#1255,#1256,#1257));
#275=EDGE_LOOP('',(#1258,#1259,#1260,#1261,#1262));
#276=EDGE_LOOP('',(#1263,#1264,#1265,#1266));
#277=EDGE_LOOP('',(#1267,#1268,#1269,#1270,#1271));
#278=EDGE_LOOP('',(#1272,#1273,#1274,#1275,#1276));
#279=EDGE_LOOP('',(#1277,#1278,#1279,#1280));
#280=EDGE_LOOP('',(#1281,#1282,#1283,#1284,#1285));
#281=EDGE_LOOP('',(#1286,#1287,#1288,#1289,#1290));
#282=EDGE_LOOP('',(#1291,#1292,#1293,#1294));
#283=EDGE_LOOP('',(#1295,#1296,#1297,#1298,#1299));
#284=EDGE_LOOP('',(#1300,#1301,#1302,#1303,#1304));
#285=EDGE_LOOP('',(#1305,#1306,#1307,#1308));
#286=EDGE_LOOP('',(#1309,#1310,#1311,#1312,#1313));
#287=EDGE_LOOP('',(#1314,#1315,#1316,#1317,#1318));
#288=EDGE_LOOP('',(#1319,#1320,#1321,#1322));
#289=EDGE_LOOP('',(#1323,#1324,#1325,#1326,#1327));
#290=EDGE_LOOP('',(#1328,#1329,#1330,#1331,#1332));
#291=EDGE_LOOP('',(#1333,#1334,#1335,#1336));
#292=EDGE_LOOP('',(#1337,#1338,#1339,#1340,#1341));
#293=EDGE_LOOP('',(#1342,#1343,#1344,#1345,#1346));
#294=EDGE_LOOP('',(#1347,#1348,#1349,#1350));
#295=EDGE_LOOP('',(#1351,#1352,#1353,#1354,#1355));
#296=EDGE_LOOP('',(#1356,#1357,#1358,#1359,#1360));
#297=EDGE_LOOP('',(#1361,#1362,#1363,#1364,#1365));
#298=EDGE_LOOP('',(#1366,#1367,#1368,#1369,#1370,#1371));
#299=EDGE_LOOP('',(#1372,#1373,#1374,#1375,#1376));
#300=EDGE_LOOP('',(#1377,#1378,#1379,#1380));
#301=EDGE_LOOP('',(#1381,#1382,#1383,#1384));
#302=EDGE_LOOP('',(#1385,#1386,#1387,#1388));
#303=EDGE_LOOP('',(#1389,#1390,#1391,#1392));
#304=EDGE_LOOP('',(#1393,#1394,#1395,#1396));
#305=EDGE_LOOP('',(#1397,#1398,#1399,#1400));
#306=EDGE_LOOP('',(#1401,#1402,#1403,#1404));
#307=EDGE_LOOP('',(#1405,#1406,#1407,#1408));
#308=EDGE_LOOP('',(#1409,#1410,#1411,#1412));
#309=EDGE_LOOP('',(#1413,#1414,#1415,#1416));
#310=EDGE_LOOP('',(#1417,#1418,#1419,#1420));
#311=EDGE_LOOP('',(#1421,#1422,#1423,#1424));
#312=EDGE_LOOP('',(#1425,#1426,#1427,#1428));
#313=EDGE_LOOP('',(#1429,#1430,#1431,#1432));
#314=EDGE_LOOP('',(#1433,#1434,#1435,#1436));
#315=EDGE_LOOP('',(#1437,#1438,#1439,#1440));
#316=EDGE_LOOP('',(#1441,#1442,#1443,#1444));
#317=EDGE_LOOP('',(#1445,#1446,#1447,#1448));
#318=EDGE_LOOP('',(#1449,#1450,#1451,#1452));
#319=EDGE_LOOP('',(#1453,#1454,#1455,#1456));
#320=EDGE_LOOP('',(#1457,#1458,#1459,#1460));
#321=EDGE_LOOP('',(#1461,#1462,#1463,#1464));
#322=EDGE_LOOP('',(#1465,#1466,#1467,#1468));
#323=EDGE_LOOP('',(#1469,#1470,#1471,#1472));
#324=EDGE_LOOP('',(#1473,#1474,#1475,#1476));
#325=EDGE_LOOP('',(#1477,#1478,#1479,#1480));
#326=EDGE_LOOP('',(#1481,#1482,#1483,#1484));
#327=EDGE_LOOP('',(#1485,#1486,#1487,#1488));
#328=EDGE_LOOP('',(#1489,#1490,#1491,#1492));
#329=EDGE_LOOP('',(#1493,#1494,#1495,#1496));
#330=EDGE_LOOP('',(#1497,#1498,#1499,#1500));
#331=EDGE_LOOP('',(#1501,#1502,#1503,#1504));
#332=EDGE_LOOP('',(#1505,#1506,#1507,#1508));
#333=EDGE_LOOP('',(#1509,#1510,#1511,#1512));
#334=EDGE_LOOP('',(#1513,#1514,#1515,#1516));
#335=EDGE_LOOP('',(#1517,#1518,#1519,#1520));
#336=EDGE_LOOP('',(#1521,#1522,#1523,#1524));
#337=EDGE_LOOP('',(#1525,#1526,#1527,#1528));
#338=EDGE_LOOP('',(#1529,#1530,#1531,#1532));
#339=EDGE_LOOP('',(#1533,#1534,#1535,#1536));
#340=EDGE_LOOP('',(#1537,#1538,#1539,#1540));
#341=EDGE_LOOP('',(#1541,#1542,#1543,#1544));
#342=EDGE_LOOP('',(#1545,#1546,#1547,#1548));
#343=EDGE_LOOP('',(#1549,#1550,#1551,#1552));
#344=EDGE_LOOP('',(#1553,#1554,#1555,#1556));
#345=EDGE_LOOP('',(#1557,#1558,#1559,#1560));
#346=EDGE_LOOP('',(#1561,#1562,#1563,#1564));
#347=EDGE_LOOP('',(#1565,#1566,#1567,#1568));
#348=EDGE_LOOP('',(#1569,#1570,#1571,#1572));
#349=EDGE_LOOP('',(#1573,#1574,#1575,#1576));
#350=EDGE_LOOP('',(#1577,#1578,#1579,#1580));
#351=EDGE_LOOP('',(#1581,#1582,#1583,#1584));
#352=EDGE_LOOP('',(#1585,#1586,#1587,#1588));
#353=EDGE_LOOP('',(#1589,#1590,#1591,#1592));
#354=EDGE_LOOP('',(#1593,#1594,#1595,#1596));
#355=EDGE_LOOP('',(#1597,#1598,#1599,#1600));
#356=EDGE_LOOP('',(#1601,#1602,#1603,#1604));
#357=EDGE_LOOP('',(#1605,#1606,#1607,#1608));
#358=EDGE_LOOP('',(#1609,#1610,#1611,#1612));
#359=EDGE_LOOP('',(#1613,#1614,#1615,#1616));
#360=EDGE_LOOP('',(#1617,#1618,#1619,#1620));
#361=EDGE_LOOP('',(#1621,#1622,#1623,#1624));
#362=EDGE_LOOP('',(#1625,#1626,#1627,#1628));
#363=EDGE_LOOP('',(#1629,#1630,#1631,#1632));
#364=EDGE_LOOP('',(#1633,#1634,#1635,#1636));
#365=EDGE_LOOP('',(#1637,#1638,#1639,#1640));
#366=EDGE_LOOP('',(#1641,#1642,#1643,#1644));
#367=EDGE_LOOP('',(#1645,#1646,#1647,#1648));
#368=EDGE_LOOP('',(#1649,#1650,#1651,#1652));
#369=EDGE_LOOP('',(#1653,#1654,#1655,#1656));
#370=EDGE_LOOP('',(#1657,#1658,#1659,#1660));
#371=EDGE_LOOP('',(#1661,#1662,#1663,#1664));
#372=LINE('',#2680,#485);
#373=LINE('',#2688,#486);
#374=LINE('',#2739,#487);
#375=LINE('',#2742,#488);
#376=LINE('',#2746,#489);
#377=LINE('',#2781,#490);
#378=LINE('',#2789,#491);
#379=LINE('',#2820,#492);
#380=LINE('',#2826,#493);
#381=LINE('',#2828,#494);
#382=LINE('',#2832,#495);
#383=LINE('',#2838,#496);
#384=LINE('',#2840,#497);
#385=LINE('',#2844,#498);
#386=LINE('',#2850,#499);
#387=LINE('',#2852,#500);
#388=LINE('',#2856,#501);
#389=LINE('',#2862,#502);
#390=LINE('',#2864,#503);
#391=LINE('',#2868,#504);
#392=LINE('',#2874,#505);
#393=LINE('',#2876,#506);
#394=LINE('',#2880,#507);
#395=LINE('',#2886,#508);
#396=LINE('',#2888,#509);
#397=LINE('',#2892,#510);
#398=LINE('',#2898,#511);
#399=LINE('',#2900,#512);
#400=LINE('',#2904,#513);
#401=LINE('',#2910,#514);
#402=LINE('',#2912,#515);
#403=LINE('',#2916,#516);
#404=LINE('',#2922,#517);
#405=LINE('',#2924,#518);
#406=LINE('',#2929,#519);
#407=LINE('',#2933,#520);
#408=LINE('',#2938,#521);
#409=LINE('',#2943,#522);
#410=LINE('',#2944,#523);
#411=LINE('',#2949,#524);
#412=LINE('',#2950,#525);
#413=LINE('',#2952,#526);
#414=LINE('',#2953,#527);
#415=LINE('',#2957,#528);
#416=LINE('',#2963,#529);
#417=LINE('',#2966,#530);
#418=LINE('',#2972,#531);
#419=LINE('',#2975,#532);
#420=LINE('',#2981,#533);
#421=LINE('',#2984,#534);
#422=LINE('',#2990,#535);
#423=LINE('',#2993,#536);
#424=LINE('',#2996,#537);
#425=LINE('',#2999,#538);
#426=LINE('',#3000,#539);
#427=LINE('',#3004,#540);
#428=LINE('',#3007,#541);
#429=LINE('',#3010,#542);
#430=LINE('',#3011,#543);
#431=LINE('',#3013,#544);
#432=LINE('',#3017,#545);
#433=LINE('',#3021,#546);
#434=LINE('',#3023,#547);
#435=LINE('',#3027,#548);
#436=LINE('',#3031,#549);
#437=LINE('',#3037,#550);
#438=LINE('',#3038,#551);
#439=LINE('',#3044,#552);
#440=LINE('',#3048,#553);
#441=LINE('',#3050,#554);
#442=LINE('',#3053,#555);
#443=LINE('',#3057,#556);
#444=LINE('',#3059,#557);
#445=LINE('',#3063,#558);
#446=LINE('',#3067,#559);
#447=LINE('',#3069,#560);
#448=LINE('',#3070,#561);
#449=LINE('',#3074,#562);
#450=LINE('',#3077,#563);
#451=LINE('',#3080,#564);
#452=LINE('',#3083,#565);
#453=LINE('',#3087,#566);
#454=LINE('',#3089,#567);
#455=LINE('',#3093,#568);
#456=LINE('',#3096,#569);
#457=LINE('',#3099,#570);
#458=LINE('',#3100,#571);
#459=LINE('',#3104,#572);
#460=LINE('',#3105,#573);
#461=LINE('',#3108,#574);
#462=LINE('',#3109,#575);
#463=LINE('',#3111,#576);
#464=LINE('',#3115,#577);
#465=LINE('',#3118,#578);
#466=LINE('',#3121,#579);
#467=LINE('',#3125,#580);
#468=LINE('',#3129,#581);
#469=LINE('',#3131,#582);
#470=LINE('',#3135,#583);
#471=LINE('',#3138,#584);
#472=LINE('',#3141,#585);
#473=LINE('',#3144,#586);
#474=LINE('',#3145,#587);
#475=LINE('',#3148,#588);
#476=LINE('',#3149,#589);
#477=LINE('',#3151,#590);
#478=LINE('',#3154,#591);
#479=LINE('',#3158,#592);
#480=LINE('',#3160,#593);
#481=LINE('',#3164,#594);
#482=LINE('',#3168,#595);
#483=LINE('',#3170,#596);
#484=LINE('',#3171,#597);
#485=VECTOR('',#2063,0.8432827349347);
#486=VECTOR('',#2070,0.8432827347417);
#487=VECTOR('',#2123,1.950000000553);
#488=VECTOR('',#2126,1.7);
#489=VECTOR('',#2131,1.81);
#490=VECTOR('',#2166,0.8432827347417);
#491=VECTOR('',#2173,0.8432827349347);
#492=VECTOR('',#2206,1.405);
#493=VECTOR('',#2213,1.25);
#494=VECTOR('',#2216,1.549999987184);
#495=VECTOR('',#2221,1.405);
#496=VECTOR('',#2228,1.25);
#497=VECTOR('',#2231,1.549999987184);
#498=VECTOR('',#2236,1.405);
#499=VECTOR('',#2243,1.25);
#500=VECTOR('',#2246,1.549999987184);
#501=VECTOR('',#2251,1.405);
#502=VECTOR('',#2258,1.25);
#503=VECTOR('',#2261,1.549999987184);
#504=VECTOR('',#2266,1.405);
#505=VECTOR('',#2273,1.25);
#506=VECTOR('',#2276,1.549999987184);
#507=VECTOR('',#2281,1.405);
#508=VECTOR('',#2288,1.25);
#509=VECTOR('',#2291,1.549999987184);
#510=VECTOR('',#2296,1.76);
#511=VECTOR('',#2303,1.6);
#512=VECTOR('',#2306,1.899999996374);
#513=VECTOR('',#2311,1.81);
#514=VECTOR('',#2318,1.7);
#515=VECTOR('',#2321,1.950000000553);
#516=VECTOR('',#2326,1.81);
#517=VECTOR('',#2333,1.7);
#518=VECTOR('',#2336,1.950000000553);
#519=VECTOR('',#2341,26.34999999979);
#520=VECTOR('',#2346,26.05);
#521=VECTOR('',#2353,26.34999999979);
#522=VECTOR('',#2358,0.848528137394531);
#523=VECTOR('',#2359,0.848528137541939);
#524=VECTOR('',#2364,3.799999999977);
#525=VECTOR('',#2365,3.800000002508);
#526=VECTOR('',#2368,0.848528137541837);
#527=VECTOR('',#2369,0.848528137394471);
#528=VECTOR('',#2374,0.84852813739414);
#529=VECTOR('',#2379,3.799999999975);
#530=VECTOR('',#2382,3.799999999975);
#531=VECTOR('',#2387,3.800000000003);
#532=VECTOR('',#2390,3.799999999977);
#533=VECTOR('',#2395,3.799999999157);
#534=VECTOR('',#2398,3.800000000007);
#535=VECTOR('',#2403,3.799999999975);
#536=VECTOR('',#2406,3.799999999155);
#537=VECTOR('',#2409,3.799999999975);
#538=VECTOR('',#2414,0.848528137394072);
#539=VECTOR('',#2415,0.848528137394106);
#540=VECTOR('',#2420,0.848528137551584);
#541=VECTOR('',#2423,3.800000002713);
#542=VECTOR('',#2428,0.848528137551584);
#543=VECTOR('',#2429,0.848528137394046);
#544=VECTOR('',#2432,0.848528137394072);
#545=VECTOR('',#2437,0.848528137541893);
#546=VECTOR('',#2442,3.800000002508);
#547=VECTOR('',#2445,0.848528137541893);
#548=VECTOR('',#2450,0.848528137551644);
#549=VECTOR('',#2455,3.800000002713);
#550=VECTOR('',#2466,0.848528137551644);
#551=VECTOR('',#2467,0.84852813739408);
#552=VECTOR('',#2476,0.848528137541895);
#553=VECTOR('',#2481,3.800000002508);
#554=VECTOR('',#2484,0.848528137541995);
#555=VECTOR('',#2489,0.848528137394515);
#556=VECTOR('',#2496,0.848528137394515);
#557=VECTOR('',#2499,0.848528137400339);
#558=VECTOR('',#2504,0.848528137551644);
#559=VECTOR('',#2509,3.800000002713);
#560=VECTOR('',#2512,0.848528137400339);
#561=VECTOR('',#2513,0.848528137551543);
#562=VECTOR('',#2518,0.848528137541893);
#563=VECTOR('',#2521,3.800000002508);
#564=VECTOR('',#2526,0.848528137541893);
#565=VECTOR('',#2531,0.848528137401295);
#566=VECTOR('',#2538,0.848528137401393);
#567=VECTOR('',#2541,0.848528136746957);
#568=VECTOR('',#2546,0.848528136744043);
#569=VECTOR('',#2549,3.799999999152);
#570=VECTOR('',#2554,0.848528136744043);
#571=VECTOR('',#2555,0.848528136746957);
#572=VECTOR('',#2560,0.843282725284);
#573=VECTOR('',#2561,0.848528137413143);
#574=VECTOR('',#2564,0.843282725284);
#575=VECTOR('',#2565,3.800000000032);
#576=VECTOR('',#2568,0.848528137413143);
#577=VECTOR('',#2573,0.848528136626643);
#578=VECTOR('',#2576,3.800000002421);
#579=VECTOR('',#2581,0.848528136626583);
#580=VECTOR('',#2586,0.848528136516155);
#581=VECTOR('',#2591,3.800000002755);
#582=VECTOR('',#2594,0.848528136516215);
#583=VECTOR('',#2599,0.848528137397343);
#584=VECTOR('',#2602,3.80000000008);
#585=VECTOR('',#2607,0.848528137397343);
#586=VECTOR('',#2610,0.8432827256458);
#587=VECTOR('',#2611,0.848528136744043);
#588=VECTOR('',#2614,0.8432827256458);
#589=VECTOR('',#2615,3.799999999152);
#590=VECTOR('',#2618,0.848528136744043);
#591=VECTOR('',#2623,0.84852813674656);
#592=VECTOR('',#2630,0.84852813674656);
#593=VECTOR('',#2633,0.848528137394047);
#594=VECTOR('',#2638,0.848528137551532);
#595=VECTOR('',#2643,3.800000002713);
#596=VECTOR('',#2646,0.848528137394107);
#597=VECTOR('',#2647,0.848528137551584);
#598=CIRCLE('',#1795,1.2);
#599=CIRCLE('',#1796,40.4);
#600=CIRCLE('',#1797,1.2);
#601=CIRCLE('',#1798,2.4);
#602=CIRCLE('',#1799,1.2);
#603=CIRCLE('',#1800,40.4);
#604=CIRCLE('',#1801,1.6);
#605=CIRCLE('',#1802,0.4);
#606=CIRCLE('',#1803,42.90000000001);
#607=CIRCLE('',#1804,0.4);
#608=CIRCLE('',#1805,1.6);
#609=CIRCLE('',#1806,40.4);
#610=CIRCLE('',#1807,1.2);
#611=CIRCLE('',#1808,2.4);
#612=CIRCLE('',#1809,1.2);
#613=CIRCLE('',#1810,40.4);
#614=CIRCLE('',#1811,1.2);
#615=CIRCLE('',#1812,2.4);
#616=CIRCLE('',#1813,1.2);
#617=CIRCLE('',#1814,40.4);
#618=CIRCLE('',#1815,1.2);
#619=CIRCLE('',#1816,2.4);
#620=CIRCLE('',#1817,2.2);
#621=CIRCLE('',#1818,2.2);
#622=CIRCLE('',#1819,2.2);
#623=CIRCLE('',#1820,1.85);
#624=CIRCLE('',#1821,1.85);
#625=CIRCLE('',#1822,1.85);
#626=CIRCLE('',#1823,1.85);
#627=CIRCLE('',#1824,1.85);
#628=CIRCLE('',#1825,1.85);
#629=CIRCLE('',#1826,26.65);
#630=CIRCLE('',#1827,2.2);
#631=CIRCLE('',#1829,1.7);
#632=CIRCLE('',#1830,1.7);
#633=CIRCLE('',#1832,1.7);
#634=CIRCLE('',#1834,1.92);
#635=CIRCLE('',#1836,1.2);
#636=CIRCLE('',#1837,40.4);
#637=CIRCLE('',#1838,1.2);
#638=CIRCLE('',#1839,2.4);
#639=CIRCLE('',#1840,1.2);
#640=CIRCLE('',#1841,40.4);
#641=CIRCLE('',#1842,1.2);
#642=CIRCLE('',#1843,2.4);
#643=CIRCLE('',#1844,1.2);
#644=CIRCLE('',#1845,40.4);
#645=CIRCLE('',#1846,1.2);
#646=CIRCLE('',#1847,2.4);
#647=CIRCLE('',#1848,1.2);
#648=CIRCLE('',#1849,40.4);
#649=CIRCLE('',#1850,1.6);
#650=CIRCLE('',#1851,0.4);
#651=CIRCLE('',#1852,42.90000000001);
#652=CIRCLE('',#1853,0.4);
#653=CIRCLE('',#1854,1.6);
#654=CIRCLE('',#1855,40.4);
#655=CIRCLE('',#1856,1.2);
#656=CIRCLE('',#1857,2.4);
#657=CIRCLE('',#1858,1.56);
#658=CIRCLE('',#1859,1.56);
#659=CIRCLE('',#1860,1.56);
#660=CIRCLE('',#1861,1.56);
#661=CIRCLE('',#1862,1.56);
#662=CIRCLE('',#1863,1.92);
#663=CIRCLE('',#1864,1.92);
#664=CIRCLE('',#1865,1.92);
#665=CIRCLE('',#1866,26.65);
#666=CIRCLE('',#1867,1.56);
#667=CIRCLE('',#1869,1.25);
#668=CIRCLE('',#1871,1.25);
#669=CIRCLE('',#1872,1.25);
#670=CIRCLE('',#1875,1.25);
#671=CIRCLE('',#1877,1.25);
#672=CIRCLE('',#1878,1.25);
#673=CIRCLE('',#1881,1.25);
#674=CIRCLE('',#1883,1.25);
#675=CIRCLE('',#1884,1.25);
#676=CIRCLE('',#1887,1.25);
#677=CIRCLE('',#1889,1.25);
#678=CIRCLE('',#1890,1.25);
#679=CIRCLE('',#1893,1.25);
#680=CIRCLE('',#1895,1.25);
#681=CIRCLE('',#1896,1.25);
#682=CIRCLE('',#1899,1.25);
#683=CIRCLE('',#1901,1.25);
#684=CIRCLE('',#1902,1.25);
#685=CIRCLE('',#1905,1.6);
#686=CIRCLE('',#1907,1.6);
#687=CIRCLE('',#1908,1.6);
#688=CIRCLE('',#1911,1.7);
#689=CIRCLE('',#1913,1.7);
#690=CIRCLE('',#1914,1.7);
#691=CIRCLE('',#1917,1.7);
#692=CIRCLE('',#1919,1.7);
#693=CIRCLE('',#1920,1.7);
#694=CIRCLE('',#1923,26.05);
#695=CIRCLE('',#1924,26.05);
#696=CIRCLE('',#1926,26.05);
#697=CIRCLE('',#1927,26.05);
#698=CIRCLE('',#1930,0.6);
#699=CIRCLE('',#1932,0.6);
#700=CIRCLE('',#1935,41.);
#701=CIRCLE('',#1937,41.);
#702=CIRCLE('',#1938,41.);
#703=CIRCLE('',#1940,41.);
#704=CIRCLE('',#1941,41.);
#705=CIRCLE('',#1943,41.);
#706=CIRCLE('',#1944,41.);
#707=CIRCLE('',#1946,41.);
#708=CIRCLE('',#1947,41.);
#709=CIRCLE('',#1949,41.);
#710=CIRCLE('',#1952,0.6);
#711=CIRCLE('',#1954,0.6);
#712=CIRCLE('',#1958,0.6);
#713=CIRCLE('',#1960,0.6);
#714=CIRCLE('',#1963,3.);
#715=CIRCLE('',#1965,3.);
#716=CIRCLE('',#1967,0.6);
#717=CIRCLE('',#1968,0.6);
#718=CIRCLE('',#1974,3.);
#719=CIRCLE('',#1976,3.);
#720=CIRCLE('',#1979,0.6);
#721=CIRCLE('',#1981,0.6);
#722=CIRCLE('',#1985,0.6);
#723=CIRCLE('',#1987,0.6);
#724=CIRCLE('',#1990,3.);
#725=CIRCLE('',#1992,3.);
#726=CIRCLE('',#1995,0.6);
#727=CIRCLE('',#1997,0.6);
#728=CIRCLE('',#2001,1.);
#729=CIRCLE('',#2003,1.);
#730=CIRCLE('',#2010,1.);
#731=CIRCLE('',#2012,1.);
#732=CIRCLE('',#2015,43.5);
#733=CIRCLE('',#2017,43.5);
#734=CIRCLE('',#2020,1.);
#735=CIRCLE('',#2022,1.);
#736=CIRCLE('',#2028,1.);
#737=CIRCLE('',#2030,1.);
#738=CIRCLE('',#2034,0.6);
#739=CIRCLE('',#2036,0.6);
#740=CIRCLE('',#2039,3.);
#741=CIRCLE('',#2041,3.);
#742=VERTEX_POINT('',#2664);
#743=VERTEX_POINT('',#2665);
#744=VERTEX_POINT('',#2667);
#745=VERTEX_POINT('',#2669);
#746=VERTEX_POINT('',#2671);
#747=VERTEX_POINT('',#2673);
#748=VERTEX_POINT('',#2675);
#749=VERTEX_POINT('',#2677);
#750=VERTEX_POINT('',#2679);
#751=VERTEX_POINT('',#2681);
#752=VERTEX_POINT('',#2683);
#753=VERTEX_POINT('',#2685);
#754=VERTEX_POINT('',#2687);
#755=VERTEX_POINT('',#2689);
#756=VERTEX_POINT('',#2691);
#757=VERTEX_POINT('',#2693);
#758=VERTEX_POINT('',#2695);
#759=VERTEX_POINT('',#2697);
#760=VERTEX_POINT('',#2699);
#761=VERTEX_POINT('',#2701);
#762=VERTEX_POINT('',#2703);
#763=VERTEX_POINT('',#2705);
#764=VERTEX_POINT('',#2707);
#765=VERTEX_POINT('',#2709);
#766=VERTEX_POINT('',#2712);
#767=VERTEX_POINT('',#2714);
#768=VERTEX_POINT('',#2716);
#769=VERTEX_POINT('',#2718);
#770=VERTEX_POINT('',#2720);
#771=VERTEX_POINT('',#2722);
#772=VERTEX_POINT('',#2724);
#773=VERTEX_POINT('',#2726);
#774=VERTEX_POINT('',#2728);
#775=VERTEX_POINT('',#2730);
#776=VERTEX_POINT('',#2732);
#777=VERTEX_POINT('',#2735);
#778=VERTEX_POINT('',#2736);
#779=VERTEX_POINT('',#2741);
#780=VERTEX_POINT('',#2745);
#781=VERTEX_POINT('',#2749);
#782=VERTEX_POINT('',#2750);
#783=VERTEX_POINT('',#2752);
#784=VERTEX_POINT('',#2754);
#785=VERTEX_POINT('',#2756);
#786=VERTEX_POINT('',#2758);
#787=VERTEX_POINT('',#2760);
#788=VERTEX_POINT('',#2762);
#789=VERTEX_POINT('',#2764);
#790=VERTEX_POINT('',#2766);
#791=VERTEX_POINT('',#2768);
#792=VERTEX_POINT('',#2770);
#793=VERTEX_POINT('',#2772);
#794=VERTEX_POINT('',#2774);
#795=VERTEX_POINT('',#2776);
#796=VERTEX_POINT('',#2778);
#797=VERTEX_POINT('',#2780);
#798=VERTEX_POINT('',#2782);
#799=VERTEX_POINT('',#2784);
#800=VERTEX_POINT('',#2786);
#801=VERTEX_POINT('',#2788);
#802=VERTEX_POINT('',#2790);
#803=VERTEX_POINT('',#2792);
#804=VERTEX_POINT('',#2794);
#805=VERTEX_POINT('',#2797);
#806=VERTEX_POINT('',#2799);
#807=VERTEX_POINT('',#2801);
#808=VERTEX_POINT('',#2803);
#809=VERTEX_POINT('',#2805);
#810=VERTEX_POINT('',#2807);
#811=VERTEX_POINT('',#2809);
#812=VERTEX_POINT('',#2811);
#813=VERTEX_POINT('',#2813);
#814=VERTEX_POINT('',#2815);
#815=VERTEX_POINT('',#2818);
#816=VERTEX_POINT('',#2822);
#817=VERTEX_POINT('',#2823);
#818=VERTEX_POINT('',#2830);
#819=VERTEX_POINT('',#2834);
#820=VERTEX_POINT('',#2835);
#821=VERTEX_POINT('',#2842);
#822=VERTEX_POINT('',#2846);
#823=VERTEX_POINT('',#2847);
#824=VERTEX_POINT('',#2854);
#825=VERTEX_POINT('',#2858);
#826=VERTEX_POINT('',#2859);
#827=VERTEX_POINT('',#2866);
#828=VERTEX_POINT('',#2870);
#829=VERTEX_POINT('',#2871);
#830=VERTEX_POINT('',#2878);
#831=VERTEX_POINT('',#2882);
#832=VERTEX_POINT('',#2883);
#833=VERTEX_POINT('',#2890);
#834=VERTEX_POINT('',#2894);
#835=VERTEX_POINT('',#2895);
#836=VERTEX_POINT('',#2902);
#837=VERTEX_POINT('',#2906);
#838=VERTEX_POINT('',#2907);
#839=VERTEX_POINT('',#2914);
#840=VERTEX_POINT('',#2918);
#841=VERTEX_POINT('',#2919);
#842=VERTEX_POINT('',#2926);
#843=VERTEX_POINT('',#2927);
#844=VERTEX_POINT('',#2932);
#845=VERTEX_POINT('',#2934);
#846=VERTEX_POINT('',#2940);
#847=VERTEX_POINT('',#2941);
#848=VERTEX_POINT('',#2946);
#849=VERTEX_POINT('',#2947);
#850=VERTEX_POINT('',#2955);
#851=VERTEX_POINT('',#2959);
#852=VERTEX_POINT('',#2960);
#853=VERTEX_POINT('',#2962);
#854=VERTEX_POINT('',#2964);
#855=VERTEX_POINT('',#2968);
#856=VERTEX_POINT('',#2969);
#857=VERTEX_POINT('',#2971);
#858=VERTEX_POINT('',#2973);
#859=VERTEX_POINT('',#2977);
#860=VERTEX_POINT('',#2978);
#861=VERTEX_POINT('',#2980);
#862=VERTEX_POINT('',#2982);
#863=VERTEX_POINT('',#2986);
#864=VERTEX_POINT('',#2987);
#865=VERTEX_POINT('',#2989);
#866=VERTEX_POINT('',#2991);
#867=VERTEX_POINT('',#2995);
#868=VERTEX_POINT('',#3002);
#869=VERTEX_POINT('',#3006);
#870=VERTEX_POINT('',#3015);
#871=VERTEX_POINT('',#3019);
#872=VERTEX_POINT('',#3025);
#873=VERTEX_POINT('',#3029);
#874=VERTEX_POINT('',#3042);
#875=VERTEX_POINT('',#3046);
#876=VERTEX_POINT('',#3061);
#877=VERTEX_POINT('',#3065);
#878=VERTEX_POINT('',#3072);
#879=VERTEX_POINT('',#3076);
#880=VERTEX_POINT('',#3091);
#881=VERTEX_POINT('',#3095);
#882=VERTEX_POINT('',#3103);
#883=VERTEX_POINT('',#3107);
#884=VERTEX_POINT('',#3113);
#885=VERTEX_POINT('',#3117);
#886=VERTEX_POINT('',#3123);
#887=VERTEX_POINT('',#3127);
#888=VERTEX_POINT('',#3133);
#889=VERTEX_POINT('',#3137);
#890=VERTEX_POINT('',#3143);
#891=VERTEX_POINT('',#3147);
#892=VERTEX_POINT('',#3162);
#893=VERTEX_POINT('',#3166);
#894=EDGE_CURVE('',#742,#743,#598,.T.);
#895=EDGE_CURVE('',#744,#742,#599,.T.);
#896=EDGE_CURVE('',#745,#744,#600,.T.);
#897=EDGE_CURVE('',#746,#745,#601,.T.);
#898=EDGE_CURVE('',#747,#746,#602,.T.);
#899=EDGE_CURVE('',#748,#747,#603,.T.);
#900=EDGE_CURVE('',#749,#748,#604,.T.);
#901=EDGE_CURVE('',#750,#749,#372,.T.);
#902=EDGE_CURVE('',#751,#750,#605,.T.);
#903=EDGE_CURVE('',#752,#751,#606,.T.);
#904=EDGE_CURVE('',#753,#752,#607,.T.);
#905=EDGE_CURVE('',#754,#753,#373,.T.);
#906=EDGE_CURVE('',#755,#754,#608,.T.);
#907=EDGE_CURVE('',#756,#755,#609,.T.);
#908=EDGE_CURVE('',#757,#756,#610,.T.);
#909=EDGE_CURVE('',#758,#757,#611,.T.);
#910=EDGE_CURVE('',#759,#758,#612,.T.);
#911=EDGE_CURVE('',#760,#759,#613,.T.);
#912=EDGE_CURVE('',#761,#760,#614,.T.);
#913=EDGE_CURVE('',#762,#761,#615,.T.);
#914=EDGE_CURVE('',#763,#762,#616,.T.);
#915=EDGE_CURVE('',#764,#763,#617,.T.);
#916=EDGE_CURVE('',#765,#764,#618,.T.);
#917=EDGE_CURVE('',#743,#765,#619,.T.);
#918=EDGE_CURVE('',#766,#766,#620,.T.);
#919=EDGE_CURVE('',#767,#767,#621,.T.);
#920=EDGE_CURVE('',#768,#768,#622,.T.);
#921=EDGE_CURVE('',#769,#769,#623,.T.);
#922=EDGE_CURVE('',#770,#770,#624,.T.);
#923=EDGE_CURVE('',#771,#771,#625,.T.);
#924=EDGE_CURVE('',#772,#772,#626,.T.);
#925=EDGE_CURVE('',#773,#773,#627,.T.);
#926=EDGE_CURVE('',#774,#774,#628,.T.);
#927=EDGE_CURVE('',#775,#775,#629,.T.);
#928=EDGE_CURVE('',#776,#776,#630,.T.);
#929=EDGE_CURVE('',#777,#778,#631,.T.);
#930=EDGE_CURVE('',#778,#777,#632,.T.);
#931=EDGE_CURVE('',#777,#776,#374,.T.);
#932=EDGE_CURVE('',#778,#779,#375,.T.);
#933=EDGE_CURVE('',#779,#779,#633,.T.);
#934=EDGE_CURVE('',#779,#780,#376,.T.);
#935=EDGE_CURVE('',#780,#780,#634,.T.);
#936=EDGE_CURVE('',#781,#782,#635,.T.);
#937=EDGE_CURVE('',#783,#781,#636,.T.);
#938=EDGE_CURVE('',#784,#783,#637,.T.);
#939=EDGE_CURVE('',#785,#784,#638,.T.);
#940=EDGE_CURVE('',#786,#785,#639,.T.);
#941=EDGE_CURVE('',#787,#786,#640,.T.);
#942=EDGE_CURVE('',#788,#787,#641,.T.);
#943=EDGE_CURVE('',#789,#788,#642,.T.);
#944=EDGE_CURVE('',#790,#789,#643,.T.);
#945=EDGE_CURVE('',#791,#790,#644,.T.);
#946=EDGE_CURVE('',#792,#791,#645,.T.);
#947=EDGE_CURVE('',#793,#792,#646,.T.);
#948=EDGE_CURVE('',#794,#793,#647,.T.);
#949=EDGE_CURVE('',#795,#794,#648,.T.);
#950=EDGE_CURVE('',#796,#795,#649,.T.);
#951=EDGE_CURVE('',#797,#796,#377,.T.);
#952=EDGE_CURVE('',#798,#797,#650,.T.);
#953=EDGE_CURVE('',#799,#798,#651,.T.);
#954=EDGE_CURVE('',#800,#799,#652,.T.);
#955=EDGE_CURVE('',#801,#800,#378,.T.);
#956=EDGE_CURVE('',#802,#801,#653,.T.);
#957=EDGE_CURVE('',#803,#802,#654,.T.);
#958=EDGE_CURVE('',#804,#803,#655,.T.);
#959=EDGE_CURVE('',#782,#804,#656,.T.);
#960=EDGE_CURVE('',#805,#805,#657,.T.);
#961=EDGE_CURVE('',#806,#806,#658,.T.);
#962=EDGE_CURVE('',#807,#807,#659,.T.);
#963=EDGE_CURVE('',#808,#808,#660,.T.);
#964=EDGE_CURVE('',#809,#809,#661,.T.);
#965=EDGE_CURVE('',#810,#810,#662,.T.);
#966=EDGE_CURVE('',#811,#811,#663,.T.);
#967=EDGE_CURVE('',#812,#812,#664,.T.);
#968=EDGE_CURVE('',#813,#813,#665,.T.);
#969=EDGE_CURVE('',#814,#814,#666,.T.);
#970=EDGE_CURVE('',#815,#815,#667,.T.);
#971=EDGE_CURVE('',#815,#814,#379,.T.);
#972=EDGE_CURVE('',#816,#817,#668,.T.);
#973=EDGE_CURVE('',#817,#816,#669,.T.);
#974=EDGE_CURVE('',#817,#815,#380,.T.);
#975=EDGE_CURVE('',#816,#774,#381,.T.);
#976=EDGE_CURVE('',#818,#818,#670,.T.);
#977=EDGE_CURVE('',#818,#805,#382,.T.);
#978=EDGE_CURVE('',#819,#820,#671,.T.);
#979=EDGE_CURVE('',#820,#819,#672,.T.);
#980=EDGE_CURVE('',#820,#818,#383,.T.);
#981=EDGE_CURVE('',#819,#773,#384,.T.);
#982=EDGE_CURVE('',#821,#821,#673,.T.);
#983=EDGE_CURVE('',#821,#806,#385,.T.);
#984=EDGE_CURVE('',#822,#823,#674,.T.);
#985=EDGE_CURVE('',#823,#822,#675,.T.);
#986=EDGE_CURVE('',#823,#821,#386,.T.);
#987=EDGE_CURVE('',#822,#772,#387,.T.);
#988=EDGE_CURVE('',#824,#824,#676,.T.);
#989=EDGE_CURVE('',#824,#807,#388,.T.);
#990=EDGE_CURVE('',#825,#826,#677,.T.);
#991=EDGE_CURVE('',#826,#825,#678,.T.);
#992=EDGE_CURVE('',#826,#824,#389,.T.);
#993=EDGE_CURVE('',#825,#771,#390,.T.);
#994=EDGE_CURVE('',#827,#827,#679,.T.);
#995=EDGE_CURVE('',#827,#808,#391,.T.);
#996=EDGE_CURVE('',#828,#829,#680,.T.);
#997=EDGE_CURVE('',#829,#828,#681,.T.);
#998=EDGE_CURVE('',#829,#827,#392,.T.);
#999=EDGE_CURVE('',#828,#770,#393,.T.);
#1000=EDGE_CURVE('',#830,#830,#682,.T.);
#1001=EDGE_CURVE('',#830,#809,#394,.T.);
#1002=EDGE_CURVE('',#831,#832,#683,.T.);
#1003=EDGE_CURVE('',#832,#831,#684,.T.);
#1004=EDGE_CURVE('',#832,#830,#395,.T.);
#1005=EDGE_CURVE('',#831,#769,#396,.T.);
#1006=EDGE_CURVE('',#833,#833,#685,.T.);
#1007=EDGE_CURVE('',#833,#810,#397,.T.);
#1008=EDGE_CURVE('',#834,#835,#686,.T.);
#1009=EDGE_CURVE('',#835,#834,#687,.T.);
#1010=EDGE_CURVE('',#835,#833,#398,.T.);
#1011=EDGE_CURVE('',#834,#768,#399,.T.);
#1012=EDGE_CURVE('',#836,#836,#688,.T.);
#1013=EDGE_CURVE('',#836,#811,#400,.T.);
#1014=EDGE_CURVE('',#837,#838,#689,.T.);
#1015=EDGE_CURVE('',#838,#837,#690,.T.);
#1016=EDGE_CURVE('',#838,#836,#401,.T.);
#1017=EDGE_CURVE('',#837,#767,#402,.T.);
#1018=EDGE_CURVE('',#839,#839,#691,.T.);
#1019=EDGE_CURVE('',#839,#812,#403,.T.);
#1020=EDGE_CURVE('',#840,#841,#692,.T.);
#1021=EDGE_CURVE('',#841,#840,#693,.T.);
#1022=EDGE_CURVE('',#841,#839,#404,.T.);
#1023=EDGE_CURVE('',#840,#766,#405,.T.);
#1024=EDGE_CURVE('',#842,#843,#694,.T.);
#1025=EDGE_CURVE('',#843,#813,#406,.T.);
#1026=EDGE_CURVE('',#843,#842,#695,.T.);
#1027=EDGE_CURVE('',#842,#844,#407,.T.);
#1028=EDGE_CURVE('',#845,#844,#696,.T.);
#1029=EDGE_CURVE('',#844,#845,#697,.T.);
#1030=EDGE_CURVE('',#845,#775,#408,.T.);
#1031=EDGE_CURVE('',#846,#847,#698,.T.);
#1032=EDGE_CURVE('',#846,#781,#409,.T.);
#1033=EDGE_CURVE('',#847,#782,#410,.T.);
#1034=EDGE_CURVE('',#848,#849,#699,.T.);
#1035=EDGE_CURVE('',#849,#846,#411,.T.);
#1036=EDGE_CURVE('',#848,#847,#412,.T.);
#1037=EDGE_CURVE('',#848,#745,#413,.T.);
#1038=EDGE_CURVE('',#849,#744,#414,.T.);
#1039=EDGE_CURVE('',#849,#850,#700,.T.);
#1040=EDGE_CURVE('',#850,#742,#415,.T.);
#1041=EDGE_CURVE('',#851,#852,#701,.T.);
#1042=EDGE_CURVE('',#853,#852,#416,.T.);
#1043=EDGE_CURVE('',#853,#854,#702,.T.);
#1044=EDGE_CURVE('',#851,#854,#417,.T.);
#1045=EDGE_CURVE('',#855,#856,#703,.T.);
#1046=EDGE_CURVE('',#857,#856,#418,.T.);
#1047=EDGE_CURVE('',#857,#858,#704,.T.);
#1048=EDGE_CURVE('',#855,#858,#419,.T.);
#1049=EDGE_CURVE('',#859,#860,#705,.T.);
#1050=EDGE_CURVE('',#861,#860,#420,.T.);
#1051=EDGE_CURVE('',#861,#862,#706,.T.);
#1052=EDGE_CURVE('',#859,#862,#421,.T.);
#1053=EDGE_CURVE('',#863,#864,#707,.T.);
#1054=EDGE_CURVE('',#865,#864,#422,.T.);
#1055=EDGE_CURVE('',#865,#866,#708,.T.);
#1056=EDGE_CURVE('',#863,#866,#423,.T.);
#1057=EDGE_CURVE('',#867,#850,#424,.T.);
#1058=EDGE_CURVE('',#867,#846,#709,.T.);
#1059=EDGE_CURVE('',#851,#764,#425,.T.);
#1060=EDGE_CURVE('',#852,#763,#426,.T.);
#1061=EDGE_CURVE('',#852,#868,#710,.T.);
#1062=EDGE_CURVE('',#868,#762,#427,.T.);
#1063=EDGE_CURVE('',#869,#868,#428,.T.);
#1064=EDGE_CURVE('',#869,#853,#711,.T.);
#1065=EDGE_CURVE('',#869,#788,#429,.T.);
#1066=EDGE_CURVE('',#853,#787,#430,.T.);
#1067=EDGE_CURVE('',#854,#786,#431,.T.);
#1068=EDGE_CURVE('',#854,#870,#712,.T.);
#1069=EDGE_CURVE('',#870,#785,#432,.T.);
#1070=EDGE_CURVE('',#871,#851,#713,.T.);
#1071=EDGE_CURVE('',#871,#870,#433,.T.);
#1072=EDGE_CURVE('',#871,#765,#434,.T.);
#1073=EDGE_CURVE('',#872,#871,#714,.T.);
#1074=EDGE_CURVE('',#872,#743,#435,.T.);
#1075=EDGE_CURVE('',#870,#873,#715,.T.);
#1076=EDGE_CURVE('',#873,#872,#436,.T.);
#1077=EDGE_CURVE('',#850,#872,#716,.T.);
#1078=EDGE_CURVE('',#873,#867,#717,.T.);
#1079=EDGE_CURVE('',#873,#784,#437,.T.);
#1080=EDGE_CURVE('',#867,#783,#438,.T.);
#1081=EDGE_CURVE('',#874,#869,#718,.T.);
#1082=EDGE_CURVE('',#874,#789,#439,.T.);
#1083=EDGE_CURVE('',#868,#875,#719,.T.);
#1084=EDGE_CURVE('',#875,#874,#440,.T.);
#1085=EDGE_CURVE('',#875,#761,#441,.T.);
#1086=EDGE_CURVE('',#875,#855,#720,.T.);
#1087=EDGE_CURVE('',#855,#760,#442,.T.);
#1088=EDGE_CURVE('',#858,#874,#721,.T.);
#1089=EDGE_CURVE('',#858,#790,#443,.T.);
#1090=EDGE_CURVE('',#857,#791,#444,.T.);
#1091=EDGE_CURVE('',#876,#857,#722,.T.);
#1092=EDGE_CURVE('',#876,#792,#445,.T.);
#1093=EDGE_CURVE('',#856,#877,#723,.T.);
#1094=EDGE_CURVE('',#876,#877,#446,.T.);
#1095=EDGE_CURVE('',#856,#759,#447,.T.);
#1096=EDGE_CURVE('',#877,#758,#448,.T.);
#1097=EDGE_CURVE('',#877,#878,#724,.T.);
#1098=EDGE_CURVE('',#878,#757,#449,.T.);
#1099=EDGE_CURVE('',#878,#879,#450,.T.);
#1100=EDGE_CURVE('',#879,#876,#725,.T.);
#1101=EDGE_CURVE('',#879,#793,#451,.T.);
#1102=EDGE_CURVE('',#862,#879,#726,.T.);
#1103=EDGE_CURVE('',#862,#794,#452,.T.);
#1104=EDGE_CURVE('',#878,#859,#727,.T.);
#1105=EDGE_CURVE('',#859,#756,#453,.T.);
#1106=EDGE_CURVE('',#860,#755,#454,.T.);
#1107=EDGE_CURVE('',#860,#880,#728,.T.);
#1108=EDGE_CURVE('',#880,#754,#455,.T.);
#1109=EDGE_CURVE('',#881,#880,#456,.T.);
#1110=EDGE_CURVE('',#881,#861,#729,.T.);
#1111=EDGE_CURVE('',#881,#796,#457,.T.);
#1112=EDGE_CURVE('',#861,#795,#458,.T.);
#1113=EDGE_CURVE('',#882,#881,#459,.T.);
#1114=EDGE_CURVE('',#882,#797,#460,.T.);
#1115=EDGE_CURVE('',#880,#883,#461,.T.);
#1116=EDGE_CURVE('',#882,#883,#462,.T.);
#1117=EDGE_CURVE('',#883,#753,#463,.T.);
#1118=EDGE_CURVE('',#883,#884,#730,.T.);
#1119=EDGE_CURVE('',#884,#752,#464,.T.);
#1120=EDGE_CURVE('',#885,#884,#465,.T.);
#1121=EDGE_CURVE('',#885,#882,#731,.T.);
#1122=EDGE_CURVE('',#885,#798,#466,.T.);
#1123=EDGE_CURVE('',#886,#885,#732,.T.);
#1124=EDGE_CURVE('',#886,#799,#467,.T.);
#1125=EDGE_CURVE('',#884,#887,#733,.T.);
#1126=EDGE_CURVE('',#886,#887,#468,.T.);
#1127=EDGE_CURVE('',#887,#751,#469,.T.);
#1128=EDGE_CURVE('',#887,#888,#734,.T.);
#1129=EDGE_CURVE('',#888,#750,#470,.T.);
#1130=EDGE_CURVE('',#889,#888,#471,.T.);
#1131=EDGE_CURVE('',#889,#886,#735,.T.);
#1132=EDGE_CURVE('',#889,#800,#472,.T.);
#1133=EDGE_CURVE('',#890,#889,#473,.T.);
#1134=EDGE_CURVE('',#890,#801,#474,.T.);
#1135=EDGE_CURVE('',#888,#891,#475,.T.);
#1136=EDGE_CURVE('',#891,#890,#476,.T.);
#1137=EDGE_CURVE('',#891,#749,#477,.T.);
#1138=EDGE_CURVE('',#891,#863,#736,.T.);
#1139=EDGE_CURVE('',#863,#748,#478,.T.);
#1140=EDGE_CURVE('',#866,#890,#737,.T.);
#1141=EDGE_CURVE('',#866,#802,#479,.T.);
#1142=EDGE_CURVE('',#865,#803,#480,.T.);
#1143=EDGE_CURVE('',#892,#865,#738,.T.);
#1144=EDGE_CURVE('',#892,#804,#481,.T.);
#1145=EDGE_CURVE('',#864,#893,#739,.T.);
#1146=EDGE_CURVE('',#892,#893,#482,.T.);
#1147=EDGE_CURVE('',#864,#747,#483,.T.);
#1148=EDGE_CURVE('',#893,#746,#484,.T.);
#1149=EDGE_CURVE('',#893,#848,#740,.T.);
#1150=EDGE_CURVE('',#847,#892,#741,.T.);
#1151=ORIENTED_EDGE('',*,*,#894,.F.);
#1152=ORIENTED_EDGE('',*,*,#895,.F.);
#1153=ORIENTED_EDGE('',*,*,#896,.F.);
#1154=ORIENTED_EDGE('',*,*,#897,.F.);
#1155=ORIENTED_EDGE('',*,*,#898,.F.);
#1156=ORIENTED_EDGE('',*,*,#899,.F.);
#1157=ORIENTED_EDGE('',*,*,#900,.F.);
#1158=ORIENTED_EDGE('',*,*,#901,.F.);
#1159=ORIENTED_EDGE('',*,*,#902,.F.);
#1160=ORIENTED_EDGE('',*,*,#903,.F.);
#1161=ORIENTED_EDGE('',*,*,#904,.F.);
#1162=ORIENTED_EDGE('',*,*,#905,.F.);
#1163=ORIENTED_EDGE('',*,*,#906,.F.);
#1164=ORIENTED_EDGE('',*,*,#907,.F.);
#1165=ORIENTED_EDGE('',*,*,#908,.F.);
#1166=ORIENTED_EDGE('',*,*,#909,.F.);
#1167=ORIENTED_EDGE('',*,*,#910,.F.);
#1168=ORIENTED_EDGE('',*,*,#911,.F.);
#1169=ORIENTED_EDGE('',*,*,#912,.F.);
#1170=ORIENTED_EDGE('',*,*,#913,.F.);
#1171=ORIENTED_EDGE('',*,*,#914,.F.);
#1172=ORIENTED_EDGE('',*,*,#915,.F.);
#1173=ORIENTED_EDGE('',*,*,#916,.F.);
#1174=ORIENTED_EDGE('',*,*,#917,.F.);
#1175=ORIENTED_EDGE('',*,*,#918,.T.);
#1176=ORIENTED_EDGE('',*,*,#919,.T.);
#1177=ORIENTED_EDGE('',*,*,#920,.T.);
#1178=ORIENTED_EDGE('',*,*,#921,.T.);
#1179=ORIENTED_EDGE('',*,*,#922,.T.);
#1180=ORIENTED_EDGE('',*,*,#923,.T.);
#1181=ORIENTED_EDGE('',*,*,#924,.T.);
#1182=ORIENTED_EDGE('',*,*,#925,.T.);
#1183=ORIENTED_EDGE('',*,*,#926,.T.);
#1184=ORIENTED_EDGE('',*,*,#927,.T.);
#1185=ORIENTED_EDGE('',*,*,#928,.T.);
#1186=ORIENTED_EDGE('',*,*,#929,.T.);
#1187=ORIENTED_EDGE('',*,*,#930,.T.);
#1188=ORIENTED_EDGE('',*,*,#931,.T.);
#1189=ORIENTED_EDGE('',*,*,#928,.F.);
#1190=ORIENTED_EDGE('',*,*,#931,.F.);
#1191=ORIENTED_EDGE('',*,*,#929,.F.);
#1192=ORIENTED_EDGE('',*,*,#930,.F.);
#1193=ORIENTED_EDGE('',*,*,#932,.T.);
#1194=ORIENTED_EDGE('',*,*,#933,.T.);
#1195=ORIENTED_EDGE('',*,*,#932,.F.);
#1196=ORIENTED_EDGE('',*,*,#933,.F.);
#1197=ORIENTED_EDGE('',*,*,#934,.T.);
#1198=ORIENTED_EDGE('',*,*,#935,.T.);
#1199=ORIENTED_EDGE('',*,*,#934,.F.);
#1200=ORIENTED_EDGE('',*,*,#936,.F.);
#1201=ORIENTED_EDGE('',*,*,#937,.F.);
#1202=ORIENTED_EDGE('',*,*,#938,.F.);
#1203=ORIENTED_EDGE('',*,*,#939,.F.);
#1204=ORIENTED_EDGE('',*,*,#940,.F.);
#1205=ORIENTED_EDGE('',*,*,#941,.F.);
#1206=ORIENTED_EDGE('',*,*,#942,.F.);
#1207=ORIENTED_EDGE('',*,*,#943,.F.);
#1208=ORIENTED_EDGE('',*,*,#944,.F.);
#1209=ORIENTED_EDGE('',*,*,#945,.F.);
#1210=ORIENTED_EDGE('',*,*,#946,.F.);
#1211=ORIENTED_EDGE('',*,*,#947,.F.);
#1212=ORIENTED_EDGE('',*,*,#948,.F.);
#1213=ORIENTED_EDGE('',*,*,#949,.F.);
#1214=ORIENTED_EDGE('',*,*,#950,.F.);
#1215=ORIENTED_EDGE('',*,*,#951,.F.);
#1216=ORIENTED_EDGE('',*,*,#952,.F.);
#1217=ORIENTED_EDGE('',*,*,#953,.F.);
#1218=ORIENTED_EDGE('',*,*,#954,.F.);
#1219=ORIENTED_EDGE('',*,*,#955,.F.);
#1220=ORIENTED_EDGE('',*,*,#956,.F.);
#1221=ORIENTED_EDGE('',*,*,#957,.F.);
#1222=ORIENTED_EDGE('',*,*,#958,.F.);
#1223=ORIENTED_EDGE('',*,*,#959,.F.);
#1224=ORIENTED_EDGE('',*,*,#960,.F.);
#1225=ORIENTED_EDGE('',*,*,#961,.F.);
#1226=ORIENTED_EDGE('',*,*,#962,.F.);
#1227=ORIENTED_EDGE('',*,*,#963,.F.);
#1228=ORIENTED_EDGE('',*,*,#964,.F.);
#1229=ORIENTED_EDGE('',*,*,#965,.F.);
#1230=ORIENTED_EDGE('',*,*,#966,.F.);
#1231=ORIENTED_EDGE('',*,*,#967,.F.);
#1232=ORIENTED_EDGE('',*,*,#935,.F.);
#1233=ORIENTED_EDGE('',*,*,#968,.T.);
#1234=ORIENTED_EDGE('',*,*,#969,.F.);
#1235=ORIENTED_EDGE('',*,*,#970,.F.);
#1236=ORIENTED_EDGE('',*,*,#971,.T.);
#1237=ORIENTED_EDGE('',*,*,#969,.T.);
#1238=ORIENTED_EDGE('',*,*,#971,.F.);
#1239=ORIENTED_EDGE('',*,*,#972,.F.);
#1240=ORIENTED_EDGE('',*,*,#973,.F.);
#1241=ORIENTED_EDGE('',*,*,#974,.T.);
#1242=ORIENTED_EDGE('',*,*,#970,.T.);
#1243=ORIENTED_EDGE('',*,*,#974,.F.);
#1244=ORIENTED_EDGE('',*,*,#972,.T.);
#1245=ORIENTED_EDGE('',*,*,#973,.T.);
#1246=ORIENTED_EDGE('',*,*,#975,.T.);
#1247=ORIENTED_EDGE('',*,*,#926,.F.);
#1248=ORIENTED_EDGE('',*,*,#975,.F.);
#1249=ORIENTED_EDGE('',*,*,#976,.F.);
#1250=ORIENTED_EDGE('',*,*,#977,.T.);
#1251=ORIENTED_EDGE('',*,*,#960,.T.);
#1252=ORIENTED_EDGE('',*,*,#977,.F.);
#1253=ORIENTED_EDGE('',*,*,#978,.F.);
#1254=ORIENTED_EDGE('',*,*,#979,.F.);
#1255=ORIENTED_EDGE('',*,*,#980,.T.);
#1256=ORIENTED_EDGE('',*,*,#976,.T.);
#1257=ORIENTED_EDGE('',*,*,#980,.F.);
#1258=ORIENTED_EDGE('',*,*,#978,.T.);
#1259=ORIENTED_EDGE('',*,*,#979,.T.);
#1260=ORIENTED_EDGE('',*,*,#981,.T.);
#1261=ORIENTED_EDGE('',*,*,#925,.F.);
#1262=ORIENTED_EDGE('',*,*,#981,.F.);
#1263=ORIENTED_EDGE('',*,*,#982,.F.);
#1264=ORIENTED_EDGE('',*,*,#983,.T.);
#1265=ORIENTED_EDGE('',*,*,#961,.T.);
#1266=ORIENTED_EDGE('',*,*,#983,.F.);
#1267=ORIENTED_EDGE('',*,*,#984,.F.);
#1268=ORIENTED_EDGE('',*,*,#985,.F.);
#1269=ORIENTED_EDGE('',*,*,#986,.T.);
#1270=ORIENTED_EDGE('',*,*,#982,.T.);
#1271=ORIENTED_EDGE('',*,*,#986,.F.);
#1272=ORIENTED_EDGE('',*,*,#984,.T.);
#1273=ORIENTED_EDGE('',*,*,#985,.T.);
#1274=ORIENTED_EDGE('',*,*,#987,.T.);
#1275=ORIENTED_EDGE('',*,*,#924,.F.);
#1276=ORIENTED_EDGE('',*,*,#987,.F.);
#1277=ORIENTED_EDGE('',*,*,#988,.F.);
#1278=ORIENTED_EDGE('',*,*,#989,.T.);
#1279=ORIENTED_EDGE('',*,*,#962,.T.);
#1280=ORIENTED_EDGE('',*,*,#989,.F.);
#1281=ORIENTED_EDGE('',*,*,#990,.F.);
#1282=ORIENTED_EDGE('',*,*,#991,.F.);
#1283=ORIENTED_EDGE('',*,*,#992,.T.);
#1284=ORIENTED_EDGE('',*,*,#988,.T.);
#1285=ORIENTED_EDGE('',*,*,#992,.F.);
#1286=ORIENTED_EDGE('',*,*,#990,.T.);
#1287=ORIENTED_EDGE('',*,*,#991,.T.);
#1288=ORIENTED_EDGE('',*,*,#993,.T.);
#1289=ORIENTED_EDGE('',*,*,#923,.F.);
#1290=ORIENTED_EDGE('',*,*,#993,.F.);
#1291=ORIENTED_EDGE('',*,*,#994,.F.);
#1292=ORIENTED_EDGE('',*,*,#995,.T.);
#1293=ORIENTED_EDGE('',*,*,#963,.T.);
#1294=ORIENTED_EDGE('',*,*,#995,.F.);
#1295=ORIENTED_EDGE('',*,*,#996,.F.);
#1296=ORIENTED_EDGE('',*,*,#997,.F.);
#1297=ORIENTED_EDGE('',*,*,#998,.T.);
#1298=ORIENTED_EDGE('',*,*,#994,.T.);
#1299=ORIENTED_EDGE('',*,*,#998,.F.);
#1300=ORIENTED_EDGE('',*,*,#996,.T.);
#1301=ORIENTED_EDGE('',*,*,#997,.T.);
#1302=ORIENTED_EDGE('',*,*,#999,.T.);
#1303=ORIENTED_EDGE('',*,*,#922,.F.);
#1304=ORIENTED_EDGE('',*,*,#999,.F.);
#1305=ORIENTED_EDGE('',*,*,#1000,.F.);
#1306=ORIENTED_EDGE('',*,*,#1001,.T.);
#1307=ORIENTED_EDGE('',*,*,#964,.T.);
#1308=ORIENTED_EDGE('',*,*,#1001,.F.);
#1309=ORIENTED_EDGE('',*,*,#1002,.F.);
#1310=ORIENTED_EDGE('',*,*,#1003,.F.);
#1311=ORIENTED_EDGE('',*,*,#1004,.T.);
#1312=ORIENTED_EDGE('',*,*,#1000,.T.);
#1313=ORIENTED_EDGE('',*,*,#1004,.F.);
#1314=ORIENTED_EDGE('',*,*,#1002,.T.);
#1315=ORIENTED_EDGE('',*,*,#1003,.T.);
#1316=ORIENTED_EDGE('',*,*,#1005,.T.);
#1317=ORIENTED_EDGE('',*,*,#921,.F.);
#1318=ORIENTED_EDGE('',*,*,#1005,.F.);
#1319=ORIENTED_EDGE('',*,*,#1006,.F.);
#1320=ORIENTED_EDGE('',*,*,#1007,.T.);
#1321=ORIENTED_EDGE('',*,*,#965,.T.);
#1322=ORIENTED_EDGE('',*,*,#1007,.F.);
#1323=ORIENTED_EDGE('',*,*,#1008,.F.);
#1324=ORIENTED_EDGE('',*,*,#1009,.F.);
#1325=ORIENTED_EDGE('',*,*,#1010,.T.);
#1326=ORIENTED_EDGE('',*,*,#1006,.T.);
#1327=ORIENTED_EDGE('',*,*,#1010,.F.);
#1328=ORIENTED_EDGE('',*,*,#1008,.T.);
#1329=ORIENTED_EDGE('',*,*,#1009,.T.);
#1330=ORIENTED_EDGE('',*,*,#1011,.T.);
#1331=ORIENTED_EDGE('',*,*,#920,.F.);
#1332=ORIENTED_EDGE('',*,*,#1011,.F.);
#1333=ORIENTED_EDGE('',*,*,#1012,.F.);
#1334=ORIENTED_EDGE('',*,*,#1013,.T.);
#1335=ORIENTED_EDGE('',*,*,#966,.T.);
#1336=ORIENTED_EDGE('',*,*,#1013,.F.);
#1337=ORIENTED_EDGE('',*,*,#1014,.F.);
#1338=ORIENTED_EDGE('',*,*,#1015,.F.);
#1339=ORIENTED_EDGE('',*,*,#1016,.T.);
#1340=ORIENTED_EDGE('',*,*,#1012,.T.);
#1341=ORIENTED_EDGE('',*,*,#1016,.F.);
#1342=ORIENTED_EDGE('',*,*,#1014,.T.);
#1343=ORIENTED_EDGE('',*,*,#1015,.T.);
#1344=ORIENTED_EDGE('',*,*,#1017,.T.);
#1345=ORIENTED_EDGE('',*,*,#919,.F.);
#1346=ORIENTED_EDGE('',*,*,#1017,.F.);
#1347=ORIENTED_EDGE('',*,*,#1018,.F.);
#1348=ORIENTED_EDGE('',*,*,#1019,.T.);
#1349=ORIENTED_EDGE('',*,*,#967,.T.);
#1350=ORIENTED_EDGE('',*,*,#1019,.F.);
#1351=ORIENTED_EDGE('',*,*,#1020,.F.);
#1352=ORIENTED_EDGE('',*,*,#1021,.F.);
#1353=ORIENTED_EDGE('',*,*,#1022,.T.);
#1354=ORIENTED_EDGE('',*,*,#1018,.T.);
#1355=ORIENTED_EDGE('',*,*,#1022,.F.);
#1356=ORIENTED_EDGE('',*,*,#1020,.T.);
#1357=ORIENTED_EDGE('',*,*,#1021,.T.);
#1358=ORIENTED_EDGE('',*,*,#1023,.T.);
#1359=ORIENTED_EDGE('',*,*,#918,.F.);
#1360=ORIENTED_EDGE('',*,*,#1023,.F.);
#1361=ORIENTED_EDGE('',*,*,#1024,.T.);
#1362=ORIENTED_EDGE('',*,*,#1025,.T.);
#1363=ORIENTED_EDGE('',*,*,#968,.F.);
#1364=ORIENTED_EDGE('',*,*,#1025,.F.);
#1365=ORIENTED_EDGE('',*,*,#1026,.T.);
#1366=ORIENTED_EDGE('',*,*,#1024,.F.);
#1367=ORIENTED_EDGE('',*,*,#1027,.T.);
#1368=ORIENTED_EDGE('',*,*,#1028,.F.);
#1369=ORIENTED_EDGE('',*,*,#1029,.F.);
#1370=ORIENTED_EDGE('',*,*,#1027,.F.);
#1371=ORIENTED_EDGE('',*,*,#1026,.F.);
#1372=ORIENTED_EDGE('',*,*,#1028,.T.);
#1373=ORIENTED_EDGE('',*,*,#1029,.T.);
#1374=ORIENTED_EDGE('',*,*,#1030,.T.);
#1375=ORIENTED_EDGE('',*,*,#927,.F.);
#1376=ORIENTED_EDGE('',*,*,#1030,.F.);
#1377=ORIENTED_EDGE('',*,*,#1031,.F.);
#1378=ORIENTED_EDGE('',*,*,#1032,.T.);
#1379=ORIENTED_EDGE('',*,*,#936,.T.);
#1380=ORIENTED_EDGE('',*,*,#1033,.F.);
#1381=ORIENTED_EDGE('',*,*,#1034,.T.);
#1382=ORIENTED_EDGE('',*,*,#1035,.T.);
#1383=ORIENTED_EDGE('',*,*,#1031,.T.);
#1384=ORIENTED_EDGE('',*,*,#1036,.F.);
#1385=ORIENTED_EDGE('',*,*,#1034,.F.);
#1386=ORIENTED_EDGE('',*,*,#1037,.T.);
#1387=ORIENTED_EDGE('',*,*,#896,.T.);
#1388=ORIENTED_EDGE('',*,*,#1038,.F.);
#1389=ORIENTED_EDGE('',*,*,#1039,.F.);
#1390=ORIENTED_EDGE('',*,*,#1038,.T.);
#1391=ORIENTED_EDGE('',*,*,#895,.T.);
#1392=ORIENTED_EDGE('',*,*,#1040,.F.);
#1393=ORIENTED_EDGE('',*,*,#1041,.T.);
#1394=ORIENTED_EDGE('',*,*,#1042,.F.);
#1395=ORIENTED_EDGE('',*,*,#1043,.T.);
#1396=ORIENTED_EDGE('',*,*,#1044,.F.);
#1397=ORIENTED_EDGE('',*,*,#1045,.T.);
#1398=ORIENTED_EDGE('',*,*,#1046,.F.);
#1399=ORIENTED_EDGE('',*,*,#1047,.T.);
#1400=ORIENTED_EDGE('',*,*,#1048,.F.);
#1401=ORIENTED_EDGE('',*,*,#1049,.T.);
#1402=ORIENTED_EDGE('',*,*,#1050,.F.);
#1403=ORIENTED_EDGE('',*,*,#1051,.T.);
#1404=ORIENTED_EDGE('',*,*,#1052,.F.);
#1405=ORIENTED_EDGE('',*,*,#1053,.T.);
#1406=ORIENTED_EDGE('',*,*,#1054,.F.);
#1407=ORIENTED_EDGE('',*,*,#1055,.T.);
#1408=ORIENTED_EDGE('',*,*,#1056,.F.);
#1409=ORIENTED_EDGE('',*,*,#1039,.T.);
#1410=ORIENTED_EDGE('',*,*,#1057,.F.);
#1411=ORIENTED_EDGE('',*,*,#1058,.T.);
#1412=ORIENTED_EDGE('',*,*,#1035,.F.);
#1413=ORIENTED_EDGE('',*,*,#1041,.F.);
#1414=ORIENTED_EDGE('',*,*,#1059,.T.);
#1415=ORIENTED_EDGE('',*,*,#915,.T.);
#1416=ORIENTED_EDGE('',*,*,#1060,.F.);
#1417=ORIENTED_EDGE('',*,*,#1061,.F.);
#1418=ORIENTED_EDGE('',*,*,#1060,.T.);
#1419=ORIENTED_EDGE('',*,*,#914,.T.);
#1420=ORIENTED_EDGE('',*,*,#1062,.F.);
#1421=ORIENTED_EDGE('',*,*,#1061,.T.);
#1422=ORIENTED_EDGE('',*,*,#1063,.F.);
#1423=ORIENTED_EDGE('',*,*,#1064,.T.);
#1424=ORIENTED_EDGE('',*,*,#1042,.T.);
#1425=ORIENTED_EDGE('',*,*,#1064,.F.);
#1426=ORIENTED_EDGE('',*,*,#1065,.T.);
#1427=ORIENTED_EDGE('',*,*,#942,.T.);
#1428=ORIENTED_EDGE('',*,*,#1066,.F.);
#1429=ORIENTED_EDGE('',*,*,#1043,.F.);
#1430=ORIENTED_EDGE('',*,*,#1066,.T.);
#1431=ORIENTED_EDGE('',*,*,#941,.T.);
#1432=ORIENTED_EDGE('',*,*,#1067,.F.);
#1433=ORIENTED_EDGE('',*,*,#1068,.F.);
#1434=ORIENTED_EDGE('',*,*,#1067,.T.);
#1435=ORIENTED_EDGE('',*,*,#940,.T.);
#1436=ORIENTED_EDGE('',*,*,#1069,.F.);
#1437=ORIENTED_EDGE('',*,*,#1070,.T.);
#1438=ORIENTED_EDGE('',*,*,#1044,.T.);
#1439=ORIENTED_EDGE('',*,*,#1068,.T.);
#1440=ORIENTED_EDGE('',*,*,#1071,.F.);
#1441=ORIENTED_EDGE('',*,*,#1070,.F.);
#1442=ORIENTED_EDGE('',*,*,#1072,.T.);
#1443=ORIENTED_EDGE('',*,*,#916,.T.);
#1444=ORIENTED_EDGE('',*,*,#1059,.F.);
#1445=ORIENTED_EDGE('',*,*,#1073,.F.);
#1446=ORIENTED_EDGE('',*,*,#1074,.T.);
#1447=ORIENTED_EDGE('',*,*,#917,.T.);
#1448=ORIENTED_EDGE('',*,*,#1072,.F.);
#1449=ORIENTED_EDGE('',*,*,#1073,.T.);
#1450=ORIENTED_EDGE('',*,*,#1071,.T.);
#1451=ORIENTED_EDGE('',*,*,#1075,.T.);
#1452=ORIENTED_EDGE('',*,*,#1076,.T.);
#1453=ORIENTED_EDGE('',*,*,#1077,.T.);
#1454=ORIENTED_EDGE('',*,*,#1076,.F.);
#1455=ORIENTED_EDGE('',*,*,#1078,.T.);
#1456=ORIENTED_EDGE('',*,*,#1057,.T.);
#1457=ORIENTED_EDGE('',*,*,#1077,.F.);
#1458=ORIENTED_EDGE('',*,*,#1040,.T.);
#1459=ORIENTED_EDGE('',*,*,#894,.T.);
#1460=ORIENTED_EDGE('',*,*,#1074,.F.);
#1461=ORIENTED_EDGE('',*,*,#1078,.F.);
#1462=ORIENTED_EDGE('',*,*,#1079,.T.);
#1463=ORIENTED_EDGE('',*,*,#938,.T.);
#1464=ORIENTED_EDGE('',*,*,#1080,.F.);
#1465=ORIENTED_EDGE('',*,*,#1058,.F.);
#1466=ORIENTED_EDGE('',*,*,#1080,.T.);
#1467=ORIENTED_EDGE('',*,*,#937,.T.);
#1468=ORIENTED_EDGE('',*,*,#1032,.F.);
#1469=ORIENTED_EDGE('',*,*,#1075,.F.);
#1470=ORIENTED_EDGE('',*,*,#1069,.T.);
#1471=ORIENTED_EDGE('',*,*,#939,.T.);
#1472=ORIENTED_EDGE('',*,*,#1079,.F.);
#1473=ORIENTED_EDGE('',*,*,#1081,.F.);
#1474=ORIENTED_EDGE('',*,*,#1082,.T.);
#1475=ORIENTED_EDGE('',*,*,#943,.T.);
#1476=ORIENTED_EDGE('',*,*,#1065,.F.);
#1477=ORIENTED_EDGE('',*,*,#1083,.T.);
#1478=ORIENTED_EDGE('',*,*,#1084,.T.);
#1479=ORIENTED_EDGE('',*,*,#1081,.T.);
#1480=ORIENTED_EDGE('',*,*,#1063,.T.);
#1481=ORIENTED_EDGE('',*,*,#1083,.F.);
#1482=ORIENTED_EDGE('',*,*,#1062,.T.);
#1483=ORIENTED_EDGE('',*,*,#913,.T.);
#1484=ORIENTED_EDGE('',*,*,#1085,.F.);
#1485=ORIENTED_EDGE('',*,*,#1086,.F.);
#1486=ORIENTED_EDGE('',*,*,#1085,.T.);
#1487=ORIENTED_EDGE('',*,*,#912,.T.);
#1488=ORIENTED_EDGE('',*,*,#1087,.F.);
#1489=ORIENTED_EDGE('',*,*,#1086,.T.);
#1490=ORIENTED_EDGE('',*,*,#1048,.T.);
#1491=ORIENTED_EDGE('',*,*,#1088,.T.);
#1492=ORIENTED_EDGE('',*,*,#1084,.F.);
#1493=ORIENTED_EDGE('',*,*,#1088,.F.);
#1494=ORIENTED_EDGE('',*,*,#1089,.T.);
#1495=ORIENTED_EDGE('',*,*,#944,.T.);
#1496=ORIENTED_EDGE('',*,*,#1082,.F.);
#1497=ORIENTED_EDGE('',*,*,#1047,.F.);
#1498=ORIENTED_EDGE('',*,*,#1090,.T.);
#1499=ORIENTED_EDGE('',*,*,#945,.T.);
#1500=ORIENTED_EDGE('',*,*,#1089,.F.);
#1501=ORIENTED_EDGE('',*,*,#1091,.F.);
#1502=ORIENTED_EDGE('',*,*,#1092,.T.);
#1503=ORIENTED_EDGE('',*,*,#946,.T.);
#1504=ORIENTED_EDGE('',*,*,#1090,.F.);
#1505=ORIENTED_EDGE('',*,*,#1093,.T.);
#1506=ORIENTED_EDGE('',*,*,#1094,.F.);
#1507=ORIENTED_EDGE('',*,*,#1091,.T.);
#1508=ORIENTED_EDGE('',*,*,#1046,.T.);
#1509=ORIENTED_EDGE('',*,*,#1093,.F.);
#1510=ORIENTED_EDGE('',*,*,#1095,.T.);
#1511=ORIENTED_EDGE('',*,*,#910,.T.);
#1512=ORIENTED_EDGE('',*,*,#1096,.F.);
#1513=ORIENTED_EDGE('',*,*,#1097,.F.);
#1514=ORIENTED_EDGE('',*,*,#1096,.T.);
#1515=ORIENTED_EDGE('',*,*,#909,.T.);
#1516=ORIENTED_EDGE('',*,*,#1098,.F.);
#1517=ORIENTED_EDGE('',*,*,#1097,.T.);
#1518=ORIENTED_EDGE('',*,*,#1099,.T.);
#1519=ORIENTED_EDGE('',*,*,#1100,.T.);
#1520=ORIENTED_EDGE('',*,*,#1094,.T.);
#1521=ORIENTED_EDGE('',*,*,#1100,.F.);
#1522=ORIENTED_EDGE('',*,*,#1101,.T.);
#1523=ORIENTED_EDGE('',*,*,#947,.T.);
#1524=ORIENTED_EDGE('',*,*,#1092,.F.);
#1525=ORIENTED_EDGE('',*,*,#1102,.F.);
#1526=ORIENTED_EDGE('',*,*,#1103,.T.);
#1527=ORIENTED_EDGE('',*,*,#948,.T.);
#1528=ORIENTED_EDGE('',*,*,#1101,.F.);
#1529=ORIENTED_EDGE('',*,*,#1104,.T.);
#1530=ORIENTED_EDGE('',*,*,#1052,.T.);
#1531=ORIENTED_EDGE('',*,*,#1102,.T.);
#1532=ORIENTED_EDGE('',*,*,#1099,.F.);
#1533=ORIENTED_EDGE('',*,*,#1104,.F.);
#1534=ORIENTED_EDGE('',*,*,#1098,.T.);
#1535=ORIENTED_EDGE('',*,*,#908,.T.);
#1536=ORIENTED_EDGE('',*,*,#1105,.F.);
#1537=ORIENTED_EDGE('',*,*,#1049,.F.);
#1538=ORIENTED_EDGE('',*,*,#1105,.T.);
#1539=ORIENTED_EDGE('',*,*,#907,.T.);
#1540=ORIENTED_EDGE('',*,*,#1106,.F.);
#1541=ORIENTED_EDGE('',*,*,#1107,.F.);
#1542=ORIENTED_EDGE('',*,*,#1106,.T.);
#1543=ORIENTED_EDGE('',*,*,#906,.T.);
#1544=ORIENTED_EDGE('',*,*,#1108,.F.);
#1545=ORIENTED_EDGE('',*,*,#1107,.T.);
#1546=ORIENTED_EDGE('',*,*,#1109,.F.);
#1547=ORIENTED_EDGE('',*,*,#1110,.T.);
#1548=ORIENTED_EDGE('',*,*,#1050,.T.);
#1549=ORIENTED_EDGE('',*,*,#1110,.F.);
#1550=ORIENTED_EDGE('',*,*,#1111,.T.);
#1551=ORIENTED_EDGE('',*,*,#950,.T.);
#1552=ORIENTED_EDGE('',*,*,#1112,.F.);
#1553=ORIENTED_EDGE('',*,*,#1051,.F.);
#1554=ORIENTED_EDGE('',*,*,#1112,.T.);
#1555=ORIENTED_EDGE('',*,*,#949,.T.);
#1556=ORIENTED_EDGE('',*,*,#1103,.F.);
#1557=ORIENTED_EDGE('',*,*,#1113,.F.);
#1558=ORIENTED_EDGE('',*,*,#1114,.T.);
#1559=ORIENTED_EDGE('',*,*,#951,.T.);
#1560=ORIENTED_EDGE('',*,*,#1111,.F.);
#1561=ORIENTED_EDGE('',*,*,#1115,.T.);
#1562=ORIENTED_EDGE('',*,*,#1116,.F.);
#1563=ORIENTED_EDGE('',*,*,#1113,.T.);
#1564=ORIENTED_EDGE('',*,*,#1109,.T.);
#1565=ORIENTED_EDGE('',*,*,#1115,.F.);
#1566=ORIENTED_EDGE('',*,*,#1108,.T.);
#1567=ORIENTED_EDGE('',*,*,#905,.T.);
#1568=ORIENTED_EDGE('',*,*,#1117,.F.);
#1569=ORIENTED_EDGE('',*,*,#1118,.F.);
#1570=ORIENTED_EDGE('',*,*,#1117,.T.);
#1571=ORIENTED_EDGE('',*,*,#904,.T.);
#1572=ORIENTED_EDGE('',*,*,#1119,.F.);
#1573=ORIENTED_EDGE('',*,*,#1118,.T.);
#1574=ORIENTED_EDGE('',*,*,#1120,.F.);
#1575=ORIENTED_EDGE('',*,*,#1121,.T.);
#1576=ORIENTED_EDGE('',*,*,#1116,.T.);
#1577=ORIENTED_EDGE('',*,*,#1121,.F.);
#1578=ORIENTED_EDGE('',*,*,#1122,.T.);
#1579=ORIENTED_EDGE('',*,*,#952,.T.);
#1580=ORIENTED_EDGE('',*,*,#1114,.F.);
#1581=ORIENTED_EDGE('',*,*,#1123,.F.);
#1582=ORIENTED_EDGE('',*,*,#1124,.T.);
#1583=ORIENTED_EDGE('',*,*,#953,.T.);
#1584=ORIENTED_EDGE('',*,*,#1122,.F.);
#1585=ORIENTED_EDGE('',*,*,#1125,.T.);
#1586=ORIENTED_EDGE('',*,*,#1126,.F.);
#1587=ORIENTED_EDGE('',*,*,#1123,.T.);
#1588=ORIENTED_EDGE('',*,*,#1120,.T.);
#1589=ORIENTED_EDGE('',*,*,#1125,.F.);
#1590=ORIENTED_EDGE('',*,*,#1119,.T.);
#1591=ORIENTED_EDGE('',*,*,#903,.T.);
#1592=ORIENTED_EDGE('',*,*,#1127,.F.);
#1593=ORIENTED_EDGE('',*,*,#1128,.F.);
#1594=ORIENTED_EDGE('',*,*,#1127,.T.);
#1595=ORIENTED_EDGE('',*,*,#902,.T.);
#1596=ORIENTED_EDGE('',*,*,#1129,.F.);
#1597=ORIENTED_EDGE('',*,*,#1128,.T.);
#1598=ORIENTED_EDGE('',*,*,#1130,.F.);
#1599=ORIENTED_EDGE('',*,*,#1131,.T.);
#1600=ORIENTED_EDGE('',*,*,#1126,.T.);
#1601=ORIENTED_EDGE('',*,*,#1131,.F.);
#1602=ORIENTED_EDGE('',*,*,#1132,.T.);
#1603=ORIENTED_EDGE('',*,*,#954,.T.);
#1604=ORIENTED_EDGE('',*,*,#1124,.F.);
#1605=ORIENTED_EDGE('',*,*,#1133,.F.);
#1606=ORIENTED_EDGE('',*,*,#1134,.T.);
#1607=ORIENTED_EDGE('',*,*,#955,.T.);
#1608=ORIENTED_EDGE('',*,*,#1132,.F.);
#1609=ORIENTED_EDGE('',*,*,#1135,.T.);
#1610=ORIENTED_EDGE('',*,*,#1136,.T.);
#1611=ORIENTED_EDGE('',*,*,#1133,.T.);
#1612=ORIENTED_EDGE('',*,*,#1130,.T.);
#1613=ORIENTED_EDGE('',*,*,#1135,.F.);
#1614=ORIENTED_EDGE('',*,*,#1129,.T.);
#1615=ORIENTED_EDGE('',*,*,#901,.T.);
#1616=ORIENTED_EDGE('',*,*,#1137,.F.);
#1617=ORIENTED_EDGE('',*,*,#1138,.F.);
#1618=ORIENTED_EDGE('',*,*,#1137,.T.);
#1619=ORIENTED_EDGE('',*,*,#900,.T.);
#1620=ORIENTED_EDGE('',*,*,#1139,.F.);
#1621=ORIENTED_EDGE('',*,*,#1138,.T.);
#1622=ORIENTED_EDGE('',*,*,#1056,.T.);
#1623=ORIENTED_EDGE('',*,*,#1140,.T.);
#1624=ORIENTED_EDGE('',*,*,#1136,.F.);
#1625=ORIENTED_EDGE('',*,*,#1140,.F.);
#1626=ORIENTED_EDGE('',*,*,#1141,.T.);
#1627=ORIENTED_EDGE('',*,*,#956,.T.);
#1628=ORIENTED_EDGE('',*,*,#1134,.F.);
#1629=ORIENTED_EDGE('',*,*,#1055,.F.);
#1630=ORIENTED_EDGE('',*,*,#1142,.T.);
#1631=ORIENTED_EDGE('',*,*,#957,.T.);
#1632=ORIENTED_EDGE('',*,*,#1141,.F.);
#1633=ORIENTED_EDGE('',*,*,#1143,.F.);
#1634=ORIENTED_EDGE('',*,*,#1144,.T.);
#1635=ORIENTED_EDGE('',*,*,#958,.T.);
#1636=ORIENTED_EDGE('',*,*,#1142,.F.);
#1637=ORIENTED_EDGE('',*,*,#1145,.T.);
#1638=ORIENTED_EDGE('',*,*,#1146,.F.);
#1639=ORIENTED_EDGE('',*,*,#1143,.T.);
#1640=ORIENTED_EDGE('',*,*,#1054,.T.);
#1641=ORIENTED_EDGE('',*,*,#1145,.F.);
#1642=ORIENTED_EDGE('',*,*,#1147,.T.);
#1643=ORIENTED_EDGE('',*,*,#898,.T.);
#1644=ORIENTED_EDGE('',*,*,#1148,.F.);
#1645=ORIENTED_EDGE('',*,*,#1149,.F.);
#1646=ORIENTED_EDGE('',*,*,#1148,.T.);
#1647=ORIENTED_EDGE('',*,*,#897,.T.);
#1648=ORIENTED_EDGE('',*,*,#1037,.F.);
#1649=ORIENTED_EDGE('',*,*,#1149,.T.);
#1650=ORIENTED_EDGE('',*,*,#1036,.T.);
#1651=ORIENTED_EDGE('',*,*,#1150,.T.);
#1652=ORIENTED_EDGE('',*,*,#1146,.T.);
#1653=ORIENTED_EDGE('',*,*,#1150,.F.);
#1654=ORIENTED_EDGE('',*,*,#1033,.T.);
#1655=ORIENTED_EDGE('',*,*,#959,.T.);
#1656=ORIENTED_EDGE('',*,*,#1144,.F.);
#1657=ORIENTED_EDGE('',*,*,#1053,.F.);
#1658=ORIENTED_EDGE('',*,*,#1139,.T.);
#1659=ORIENTED_EDGE('',*,*,#899,.T.);
#1660=ORIENTED_EDGE('',*,*,#1147,.F.);
#1661=ORIENTED_EDGE('',*,*,#1045,.F.);
#1662=ORIENTED_EDGE('',*,*,#1087,.T.);
#1663=ORIENTED_EDGE('',*,*,#911,.T.);
#1664=ORIENTED_EDGE('',*,*,#1095,.F.);
#1665=PLANE('',#1794);
#1666=PLANE('',#1835);
#1667=PLANE('',#2006);
#1668=PLANE('',#2007);
#1669=PLANE('',#2008);
#1670=PLANE('',#2024);
#1671=PLANE('',#2025);
#1672=PLANE('',#2026);
#1673=ADVANCED_FACE('',(#136,#114,#115,#116,#117,#118,#119,#120,#121,#122,
#123,#124),#1665,.F.);
#1674=ADVANCED_FACE('',(#137),#48,.F.);
#1675=ADVANCED_FACE('',(#138),#15,.F.);
#1676=ADVANCED_FACE('',(#139),#49,.F.);
#1677=ADVANCED_FACE('',(#140,#125,#126,#127,#128,#129,#130,#131,#132,#133,
#134,#135),#1666,.T.);
#1678=ADVANCED_FACE('',(#141),#50,.F.);
#1679=ADVANCED_FACE('',(#142),#16,.F.);
#1680=ADVANCED_FACE('',(#143),#51,.F.);
#1681=ADVANCED_FACE('',(#144),#52,.F.);
#1682=ADVANCED_FACE('',(#145),#17,.F.);
#1683=ADVANCED_FACE('',(#146),#53,.F.);
#1684=ADVANCED_FACE('',(#147),#54,.F.);
#1685=ADVANCED_FACE('',(#148),#18,.F.);
#1686=ADVANCED_FACE('',(#149),#55,.F.);
#1687=ADVANCED_FACE('',(#150),#56,.F.);
#1688=ADVANCED_FACE('',(#151),#19,.F.);
#1689=ADVANCED_FACE('',(#152),#57,.F.);
#1690=ADVANCED_FACE('',(#153),#58,.F.);
#1691=ADVANCED_FACE('',(#154),#20,.F.);
#1692=ADVANCED_FACE('',(#155),#59,.F.);
#1693=ADVANCED_FACE('',(#156),#60,.F.);
#1694=ADVANCED_FACE('',(#157),#21,.F.);
#1695=ADVANCED_FACE('',(#158),#61,.F.);
#1696=ADVANCED_FACE('',(#159),#62,.F.);
#1697=ADVANCED_FACE('',(#160),#22,.F.);
#1698=ADVANCED_FACE('',(#161),#63,.F.);
#1699=ADVANCED_FACE('',(#162),#64,.F.);
#1700=ADVANCED_FACE('',(#163),#23,.F.);
#1701=ADVANCED_FACE('',(#164),#65,.F.);
#1702=ADVANCED_FACE('',(#165),#66,.F.);
#1703=ADVANCED_FACE('',(#166),#24,.F.);
#1704=ADVANCED_FACE('',(#167),#67,.F.);
#1705=ADVANCED_FACE('',(#168),#68,.F.);
#1706=ADVANCED_FACE('',(#169),#25,.F.);
#1707=ADVANCED_FACE('',(#170),#69,.F.);
#1708=ADVANCED_FACE('',(#171),#70,.F.);
#1709=ADVANCED_FACE('',(#172),#26,.F.);
#1710=ADVANCED_FACE('',(#173),#71,.F.);
#1711=ADVANCED_FACE('',(#174),#72,.T.);
#1712=ADVANCED_FACE('',(#175),#27,.T.);
#1713=ADVANCED_FACE('',(#176),#28,.T.);
#1714=ADVANCED_FACE('',(#177),#29,.T.);
#1715=ADVANCED_FACE('',(#178),#30,.T.);
#1716=ADVANCED_FACE('',(#179),#31,.T.);
#1717=ADVANCED_FACE('',(#180),#73,.T.);
#1718=ADVANCED_FACE('',(#181),#74,.F.);
#1719=ADVANCED_FACE('',(#182),#32,.F.);
#1720=ADVANCED_FACE('',(#183),#75,.F.);
#1721=ADVANCED_FACE('',(#184),#76,.T.);
#1722=ADVANCED_FACE('',(#185),#77,.F.);
#1723=ADVANCED_FACE('',(#186),#33,.F.);
#1724=ADVANCED_FACE('',(#187),#78,.F.);
#1725=ADVANCED_FACE('',(#188),#79,.T.);
#1726=ADVANCED_FACE('',(#189),#34,.T.);
#1727=ADVANCED_FACE('',(#190),#35,.F.);
#1728=ADVANCED_FACE('',(#191),#80,.F.);
#1729=ADVANCED_FACE('',(#192),#81,.F.);
#1730=ADVANCED_FACE('',(#193),#82,.T.);
#1731=ADVANCED_FACE('',(#194),#83,.T.);
#1732=ADVANCED_FACE('',(#195),#84,.T.);
#1733=ADVANCED_FACE('',(#196),#36,.T.);
#1734=ADVANCED_FACE('',(#197),#85,.T.);
#1735=ADVANCED_FACE('',(#198),#86,.F.);
#1736=ADVANCED_FACE('',(#199),#37,.F.);
#1737=ADVANCED_FACE('',(#200),#87,.F.);
#1738=ADVANCED_FACE('',(#201),#88,.T.);
#1739=ADVANCED_FACE('',(#202),#89,.F.);
#1740=ADVANCED_FACE('',(#203),#38,.F.);
#1741=ADVANCED_FACE('',(#204),#90,.F.);
#1742=ADVANCED_FACE('',(#205),#91,.T.);
#1743=ADVANCED_FACE('',(#206),#39,.T.);
#1744=ADVANCED_FACE('',(#207),#92,.T.);
#1745=ADVANCED_FACE('',(#208),#93,.F.);
#1746=ADVANCED_FACE('',(#209),#40,.F.);
#1747=ADVANCED_FACE('',(#210),#94,.F.);
#1748=ADVANCED_FACE('',(#211),#95,.T.);
#1749=ADVANCED_FACE('',(#212),#96,.F.);
#1750=ADVANCED_FACE('',(#213),#41,.F.);
#1751=ADVANCED_FACE('',(#214),#97,.F.);
#1752=ADVANCED_FACE('',(#215),#98,.T.);
#1753=ADVANCED_FACE('',(#216),#1667,.T.);
#1754=ADVANCED_FACE('',(#217),#1668,.T.);
#1755=ADVANCED_FACE('',(#218),#1669,.T.);
#1756=ADVANCED_FACE('',(#219),#99,.T.);
#1757=ADVANCED_FACE('',(#220),#42,.T.);
#1758=ADVANCED_FACE('',(#221),#100,.T.);
#1759=ADVANCED_FACE('',(#222),#101,.T.);
#1760=ADVANCED_FACE('',(#223),#43,.T.);
#1761=ADVANCED_FACE('',(#224),#102,.T.);
#1762=ADVANCED_FACE('',(#225),#103,.T.);
#1763=ADVANCED_FACE('',(#226),#44,.T.);
#1764=ADVANCED_FACE('',(#227),#104,.T.);
#1765=ADVANCED_FACE('',(#228),#1670,.T.);
#1766=ADVANCED_FACE('',(#229),#1671,.T.);
#1767=ADVANCED_FACE('',(#230),#1672,.T.);
#1768=ADVANCED_FACE('',(#231),#105,.F.);
#1769=ADVANCED_FACE('',(#232),#45,.F.);
#1770=ADVANCED_FACE('',(#233),#106,.F.);
#1771=ADVANCED_FACE('',(#234),#107,.T.);
#1772=ADVANCED_FACE('',(#235),#108,.F.);
#1773=ADVANCED_FACE('',(#236),#46,.F.);
#1774=ADVANCED_FACE('',(#237),#109,.F.);
#1775=ADVANCED_FACE('',(#238),#110,.T.);
#1776=ADVANCED_FACE('',(#239),#47,.T.);
#1777=ADVANCED_FACE('',(#240),#111,.T.);
#1778=ADVANCED_FACE('',(#241),#112,.T.);
#1779=ADVANCED_FACE('',(#242),#113,.T.);
#1780=CLOSED_SHELL('',(#1673,#1674,#1675,#1676,#1677,#1678,#1679,#1680,
#1681,#1682,#1683,#1684,#1685,#1686,#1687,#1688,#1689,#1690,#1691,#1692,
#1693,#1694,#1695,#1696,#1697,#1698,#1699,#1700,#1701,#1702,#1703,#1704,
#1705,#1706,#1707,#1708,#1709,#1710,#1711,#1712,#1713,#1714,#1715,#1716,
#1717,#1718,#1719,#1720,#1721,#1722,#1723,#1724,#1725,#1726,#1727,#1728,
#1729,#1730,#1731,#1732,#1733,#1734,#1735,#1736,#1737,#1738,#1739,#1740,
#1741,#1742,#1743,#1744,#1745,#1746,#1747,#1748,#1749,#1750,#1751,#1752,
#1753,#1754,#1755,#1756,#1757,#1758,#1759,#1760,#1761,#1762,#1763,#1764,
#1765,#1766,#1767,#1768,#1769,#1770,#1771,#1772,#1773,#1774,#1775,#1776,
#1777,#1778,#1779));
#1781=DERIVED_UNIT_ELEMENT(#1783,1.);
#1782=DERIVED_UNIT_ELEMENT(#3184,-3.);
#1783=(
MASS_UNIT()
NAMED_UNIT(*)
SI_UNIT(.KILO.,.GRAM.)
);
#1784=DERIVED_UNIT((#1781,#1782));
#1785=MEASURE_REPRESENTATION_ITEM('density measure',
POSITIVE_RATIO_MEASURE(7850.),#1784);
#1786=PROPERTY_DEFINITION_REPRESENTATION(#1791,#1788);
#1787=PROPERTY_DEFINITION_REPRESENTATION(#1792,#1789);
#1788=REPRESENTATION('material name',(#1790),#3181);
#1789=REPRESENTATION('density',(#1785),#3181);
#1790=DESCRIPTIVE_REPRESENTATION_ITEM('\X2\94A2\X0\','\X2\94A2\X0\');
#1791=PROPERTY_DEFINITION('material property','material name',#3191);
#1792=PROPERTY_DEFINITION('material property','density of part',#3191);
#1793=AXIS2_PLACEMENT_3D('',#2662,#2045,#2046);
#1794=AXIS2_PLACEMENT_3D('',#2663,#2047,#2048);
#1795=AXIS2_PLACEMENT_3D('',#2666,#2049,#2050);
#1796=AXIS2_PLACEMENT_3D('',#2668,#2051,#2052);
#1797=AXIS2_PLACEMENT_3D('',#2670,#2053,#2054);
#1798=AXIS2_PLACEMENT_3D('',#2672,#2055,#2056);
#1799=AXIS2_PLACEMENT_3D('',#2674,#2057,#2058);
#1800=AXIS2_PLACEMENT_3D('',#2676,#2059,#2060);
#1801=AXIS2_PLACEMENT_3D('',#2678,#2061,#2062);
#1802=AXIS2_PLACEMENT_3D('',#2682,#2064,#2065);
#1803=AXIS2_PLACEMENT_3D('',#2684,#2066,#2067);
#1804=AXIS2_PLACEMENT_3D('',#2686,#2068,#2069);
#1805=AXIS2_PLACEMENT_3D('',#2690,#2071,#2072);
#1806=AXIS2_PLACEMENT_3D('',#2692,#2073,#2074);
#1807=AXIS2_PLACEMENT_3D('',#2694,#2075,#2076);
#1808=AXIS2_PLACEMENT_3D('',#2696,#2077,#2078);
#1809=AXIS2_PLACEMENT_3D('',#2698,#2079,#2080);
#1810=AXIS2_PLACEMENT_3D('',#2700,#2081,#2082);
#1811=AXIS2_PLACEMENT_3D('',#2702,#2083,#2084);
#1812=AXIS2_PLACEMENT_3D('',#2704,#2085,#2086);
#1813=AXIS2_PLACEMENT_3D('',#2706,#2087,#2088);
#1814=AXIS2_PLACEMENT_3D('',#2708,#2089,#2090);
#1815=AXIS2_PLACEMENT_3D('',#2710,#2091,#2092);
#1816=AXIS2_PLACEMENT_3D('',#2711,#2093,#2094);
#1817=AXIS2_PLACEMENT_3D('',#2713,#2095,#2096);
#1818=AXIS2_PLACEMENT_3D('',#2715,#2097,#2098);
#1819=AXIS2_PLACEMENT_3D('',#2717,#2099,#2100);
#1820=AXIS2_PLACEMENT_3D('',#2719,#2101,#2102);
#1821=AXIS2_PLACEMENT_3D('',#2721,#2103,#2104);
#1822=AXIS2_PLACEMENT_3D('',#2723,#2105,#2106);
#1823=AXIS2_PLACEMENT_3D('',#2725,#2107,#2108);
#1824=AXIS2_PLACEMENT_3D('',#2727,#2109,#2110);
#1825=AXIS2_PLACEMENT_3D('',#2729,#2111,#2112);
#1826=AXIS2_PLACEMENT_3D('',#2731,#2113,#2114);
#1827=AXIS2_PLACEMENT_3D('',#2733,#2115,#2116);
#1828=AXIS2_PLACEMENT_3D('',#2734,#2117,#2118);
#1829=AXIS2_PLACEMENT_3D('',#2737,#2119,#2120);
#1830=AXIS2_PLACEMENT_3D('',#2738,#2121,#2122);
#1831=AXIS2_PLACEMENT_3D('',#2740,#2124,#2125);
#1832=AXIS2_PLACEMENT_3D('',#2743,#2127,#2128);
#1833=AXIS2_PLACEMENT_3D('',#2744,#2129,#2130);
#1834=AXIS2_PLACEMENT_3D('',#2747,#2132,#2133);
#1835=AXIS2_PLACEMENT_3D('',#2748,#2134,#2135);
#1836=AXIS2_PLACEMENT_3D('',#2751,#2136,#2137);
#1837=AXIS2_PLACEMENT_3D('',#2753,#2138,#2139);
#1838=AXIS2_PLACEMENT_3D('',#2755,#2140,#2141);
#1839=AXIS2_PLACEMENT_3D('',#2757,#2142,#2143);
#1840=AXIS2_PLACEMENT_3D('',#2759,#2144,#2145);
#1841=AXIS2_PLACEMENT_3D('',#2761,#2146,#2147);
#1842=AXIS2_PLACEMENT_3D('',#2763,#2148,#2149);
#1843=AXIS2_PLACEMENT_3D('',#2765,#2150,#2151);
#1844=AXIS2_PLACEMENT_3D('',#2767,#2152,#2153);
#1845=AXIS2_PLACEMENT_3D('',#2769,#2154,#2155);
#1846=AXIS2_PLACEMENT_3D('',#2771,#2156,#2157);
#1847=AXIS2_PLACEMENT_3D('',#2773,#2158,#2159);
#1848=AXIS2_PLACEMENT_3D('',#2775,#2160,#2161);
#1849=AXIS2_PLACEMENT_3D('',#2777,#2162,#2163);
#1850=AXIS2_PLACEMENT_3D('',#2779,#2164,#2165);
#1851=AXIS2_PLACEMENT_3D('',#2783,#2167,#2168);
#1852=AXIS2_PLACEMENT_3D('',#2785,#2169,#2170);
#1853=AXIS2_PLACEMENT_3D('',#2787,#2171,#2172);
#1854=AXIS2_PLACEMENT_3D('',#2791,#2174,#2175);
#1855=AXIS2_PLACEMENT_3D('',#2793,#2176,#2177);
#1856=AXIS2_PLACEMENT_3D('',#2795,#2178,#2179);
#1857=AXIS2_PLACEMENT_3D('',#2796,#2180,#2181);
#1858=AXIS2_PLACEMENT_3D('',#2798,#2182,#2183);
#1859=AXIS2_PLACEMENT_3D('',#2800,#2184,#2185);
#1860=AXIS2_PLACEMENT_3D('',#2802,#2186,#2187);
#1861=AXIS2_PLACEMENT_3D('',#2804,#2188,#2189);
#1862=AXIS2_PLACEMENT_3D('',#2806,#2190,#2191);
#1863=AXIS2_PLACEMENT_3D('',#2808,#2192,#2193);
#1864=AXIS2_PLACEMENT_3D('',#2810,#2194,#2195);
#1865=AXIS2_PLACEMENT_3D('',#2812,#2196,#2197);
#1866=AXIS2_PLACEMENT_3D('',#2814,#2198,#2199);
#1867=AXIS2_PLACEMENT_3D('',#2816,#2200,#2201);
#1868=AXIS2_PLACEMENT_3D('',#2817,#2202,#2203);
#1869=AXIS2_PLACEMENT_3D('',#2819,#2204,#2205);
#1870=AXIS2_PLACEMENT_3D('',#2821,#2207,#2208);
#1871=AXIS2_PLACEMENT_3D('',#2824,#2209,#2210);
#1872=AXIS2_PLACEMENT_3D('',#2825,#2211,#2212);
#1873=AXIS2_PLACEMENT_3D('',#2827,#2214,#2215);
#1874=AXIS2_PLACEMENT_3D('',#2829,#2217,#2218);
#1875=AXIS2_PLACEMENT_3D('',#2831,#2219,#2220);
#1876=AXIS2_PLACEMENT_3D('',#2833,#2222,#2223);
#1877=AXIS2_PLACEMENT_3D('',#2836,#2224,#2225);
#1878=AXIS2_PLACEMENT_3D('',#2837,#2226,#2227);
#1879=AXIS2_PLACEMENT_3D('',#2839,#2229,#2230);
#1880=AXIS2_PLACEMENT_3D('',#2841,#2232,#2233);
#1881=AXIS2_PLACEMENT_3D('',#2843,#2234,#2235);
#1882=AXIS2_PLACEMENT_3D('',#2845,#2237,#2238);
#1883=AXIS2_PLACEMENT_3D('',#2848,#2239,#2240);
#1884=AXIS2_PLACEMENT_3D('',#2849,#2241,#2242);
#1885=AXIS2_PLACEMENT_3D('',#2851,#2244,#2245);
#1886=AXIS2_PLACEMENT_3D('',#2853,#2247,#2248);
#1887=AXIS2_PLACEMENT_3D('',#2855,#2249,#2250);
#1888=AXIS2_PLACEMENT_3D('',#2857,#2252,#2253);
#1889=AXIS2_PLACEMENT_3D('',#2860,#2254,#2255);
#1890=AXIS2_PLACEMENT_3D('',#2861,#2256,#2257);
#1891=AXIS2_PLACEMENT_3D('',#2863,#2259,#2260);
#1892=AXIS2_PLACEMENT_3D('',#2865,#2262,#2263);
#1893=AXIS2_PLACEMENT_3D('',#2867,#2264,#2265);
#1894=AXIS2_PLACEMENT_3D('',#2869,#2267,#2268);
#1895=AXIS2_PLACEMENT_3D('',#2872,#2269,#2270);
#1896=AXIS2_PLACEMENT_3D('',#2873,#2271,#2272);
#1897=AXIS2_PLACEMENT_3D('',#2875,#2274,#2275);
#1898=AXIS2_PLACEMENT_3D('',#2877,#2277,#2278);
#1899=AXIS2_PLACEMENT_3D('',#2879,#2279,#2280);
#1900=AXIS2_PLACEMENT_3D('',#2881,#2282,#2283);
#1901=AXIS2_PLACEMENT_3D('',#2884,#2284,#2285);
#1902=AXIS2_PLACEMENT_3D('',#2885,#2286,#2287);
#1903=AXIS2_PLACEMENT_3D('',#2887,#2289,#2290);
#1904=AXIS2_PLACEMENT_3D('',#2889,#2292,#2293);
#1905=AXIS2_PLACEMENT_3D('',#2891,#2294,#2295);
#1906=AXIS2_PLACEMENT_3D('',#2893,#2297,#2298);
#1907=AXIS2_PLACEMENT_3D('',#2896,#2299,#2300);
#1908=AXIS2_PLACEMENT_3D('',#2897,#2301,#2302);
#1909=AXIS2_PLACEMENT_3D('',#2899,#2304,#2305);
#1910=AXIS2_PLACEMENT_3D('',#2901,#2307,#2308);
#1911=AXIS2_PLACEMENT_3D('',#2903,#2309,#2310);
#1912=AXIS2_PLACEMENT_3D('',#2905,#2312,#2313);
#1913=AXIS2_PLACEMENT_3D('',#2908,#2314,#2315);
#1914=AXIS2_PLACEMENT_3D('',#2909,#2316,#2317);
#1915=AXIS2_PLACEMENT_3D('',#2911,#2319,#2320);
#1916=AXIS2_PLACEMENT_3D('',#2913,#2322,#2323);
#1917=AXIS2_PLACEMENT_3D('',#2915,#2324,#2325);
#1918=AXIS2_PLACEMENT_3D('',#2917,#2327,#2328);
#1919=AXIS2_PLACEMENT_3D('',#2920,#2329,#2330);
#1920=AXIS2_PLACEMENT_3D('',#2921,#2331,#2332);
#1921=AXIS2_PLACEMENT_3D('',#2923,#2334,#2335);
#1922=AXIS2_PLACEMENT_3D('',#2925,#2337,#2338);
#1923=AXIS2_PLACEMENT_3D('',#2928,#2339,#2340);
#1924=AXIS2_PLACEMENT_3D('',#2930,#2342,#2343);
#1925=AXIS2_PLACEMENT_3D('',#2931,#2344,#2345);
#1926=AXIS2_PLACEMENT_3D('',#2935,#2347,#2348);
#1927=AXIS2_PLACEMENT_3D('',#2936,#2349,#2350);
#1928=AXIS2_PLACEMENT_3D('',#2937,#2351,#2352);
#1929=AXIS2_PLACEMENT_3D('',#2939,#2354,#2355);
#1930=AXIS2_PLACEMENT_3D('',#2942,#2356,#2357);
#1931=AXIS2_PLACEMENT_3D('',#2945,#2360,#2361);
#1932=AXIS2_PLACEMENT_3D('',#2948,#2362,#2363);
#1933=AXIS2_PLACEMENT_3D('',#2951,#2366,#2367);
#1934=AXIS2_PLACEMENT_3D('',#2954,#2370,#2371);
#1935=AXIS2_PLACEMENT_3D('',#2956,#2372,#2373);
#1936=AXIS2_PLACEMENT_3D('',#2958,#2375,#2376);
#1937=AXIS2_PLACEMENT_3D('',#2961,#2377,#2378);
#1938=AXIS2_PLACEMENT_3D('',#2965,#2380,#2381);
#1939=AXIS2_PLACEMENT_3D('',#2967,#2383,#2384);
#1940=AXIS2_PLACEMENT_3D('',#2970,#2385,#2386);
#1941=AXIS2_PLACEMENT_3D('',#2974,#2388,#2389);
#1942=AXIS2_PLACEMENT_3D('',#2976,#2391,#2392);
#1943=AXIS2_PLACEMENT_3D('',#2979,#2393,#2394);
#1944=AXIS2_PLACEMENT_3D('',#2983,#2396,#2397);
#1945=AXIS2_PLACEMENT_3D('',#2985,#2399,#2400);
#1946=AXIS2_PLACEMENT_3D('',#2988,#2401,#2402);
#1947=AXIS2_PLACEMENT_3D('',#2992,#2404,#2405);
#1948=AXIS2_PLACEMENT_3D('',#2994,#2407,#2408);
#1949=AXIS2_PLACEMENT_3D('',#2997,#2410,#2411);
#1950=AXIS2_PLACEMENT_3D('',#2998,#2412,#2413);
#1951=AXIS2_PLACEMENT_3D('',#3001,#2416,#2417);
#1952=AXIS2_PLACEMENT_3D('',#3003,#2418,#2419);
#1953=AXIS2_PLACEMENT_3D('',#3005,#2421,#2422);
#1954=AXIS2_PLACEMENT_3D('',#3008,#2424,#2425);
#1955=AXIS2_PLACEMENT_3D('',#3009,#2426,#2427);
#1956=AXIS2_PLACEMENT_3D('',#3012,#2430,#2431);
#1957=AXIS2_PLACEMENT_3D('',#3014,#2433,#2434);
#1958=AXIS2_PLACEMENT_3D('',#3016,#2435,#2436);
#1959=AXIS2_PLACEMENT_3D('',#3018,#2438,#2439);
#1960=AXIS2_PLACEMENT_3D('',#3020,#2440,#2441);
#1961=AXIS2_PLACEMENT_3D('',#3022,#2443,#2444);
#1962=AXIS2_PLACEMENT_3D('',#3024,#2446,#2447);
#1963=AXIS2_PLACEMENT_3D('',#3026,#2448,#2449);
#1964=AXIS2_PLACEMENT_3D('',#3028,#2451,#2452);
#1965=AXIS2_PLACEMENT_3D('',#3030,#2453,#2454);
#1966=AXIS2_PLACEMENT_3D('',#3032,#2456,#2457);
#1967=AXIS2_PLACEMENT_3D('',#3033,#2458,#2459);
#1968=AXIS2_PLACEMENT_3D('',#3034,#2460,#2461);
#1969=AXIS2_PLACEMENT_3D('',#3035,#2462,#2463);
#1970=AXIS2_PLACEMENT_3D('',#3036,#2464,#2465);
#1971=AXIS2_PLACEMENT_3D('',#3039,#2468,#2469);
#1972=AXIS2_PLACEMENT_3D('',#3040,#2470,#2471);
#1973=AXIS2_PLACEMENT_3D('',#3041,#2472,#2473);
#1974=AXIS2_PLACEMENT_3D('',#3043,#2474,#2475);
#1975=AXIS2_PLACEMENT_3D('',#3045,#2477,#2478);
#1976=AXIS2_PLACEMENT_3D('',#3047,#2479,#2480);
#1977=AXIS2_PLACEMENT_3D('',#3049,#2482,#2483);
#1978=AXIS2_PLACEMENT_3D('',#3051,#2485,#2486);
#1979=AXIS2_PLACEMENT_3D('',#3052,#2487,#2488);
#1980=AXIS2_PLACEMENT_3D('',#3054,#2490,#2491);
#1981=AXIS2_PLACEMENT_3D('',#3055,#2492,#2493);
#1982=AXIS2_PLACEMENT_3D('',#3056,#2494,#2495);
#1983=AXIS2_PLACEMENT_3D('',#3058,#2497,#2498);
#1984=AXIS2_PLACEMENT_3D('',#3060,#2500,#2501);
#1985=AXIS2_PLACEMENT_3D('',#3062,#2502,#2503);
#1986=AXIS2_PLACEMENT_3D('',#3064,#2505,#2506);
#1987=AXIS2_PLACEMENT_3D('',#3066,#2507,#2508);
#1988=AXIS2_PLACEMENT_3D('',#3068,#2510,#2511);
#1989=AXIS2_PLACEMENT_3D('',#3071,#2514,#2515);
#1990=AXIS2_PLACEMENT_3D('',#3073,#2516,#2517);
#1991=AXIS2_PLACEMENT_3D('',#3075,#2519,#2520);
#1992=AXIS2_PLACEMENT_3D('',#3078,#2522,#2523);
#1993=AXIS2_PLACEMENT_3D('',#3079,#2524,#2525);
#1994=AXIS2_PLACEMENT_3D('',#3081,#2527,#2528);
#1995=AXIS2_PLACEMENT_3D('',#3082,#2529,#2530);
#1996=AXIS2_PLACEMENT_3D('',#3084,#2532,#2533);
#1997=AXIS2_PLACEMENT_3D('',#3085,#2534,#2535);
#1998=AXIS2_PLACEMENT_3D('',#3086,#2536,#2537);
#1999=AXIS2_PLACEMENT_3D('',#3088,#2539,#2540);
#2000=AXIS2_PLACEMENT_3D('',#3090,#2542,#2543);
#2001=AXIS2_PLACEMENT_3D('',#3092,#2544,#2545);
#2002=AXIS2_PLACEMENT_3D('',#3094,#2547,#2548);
#2003=AXIS2_PLACEMENT_3D('',#3097,#2550,#2551);
#2004=AXIS2_PLACEMENT_3D('',#3098,#2552,#2553);
#2005=AXIS2_PLACEMENT_3D('',#3101,#2556,#2557);
#2006=AXIS2_PLACEMENT_3D('',#3102,#2558,#2559);
#2007=AXIS2_PLACEMENT_3D('',#3106,#2562,#2563);
#2008=AXIS2_PLACEMENT_3D('',#3110,#2566,#2567);
#2009=AXIS2_PLACEMENT_3D('',#3112,#2569,#2570);
#2010=AXIS2_PLACEMENT_3D('',#3114,#2571,#2572);
#2011=AXIS2_PLACEMENT_3D('',#3116,#2574,#2575);
#2012=AXIS2_PLACEMENT_3D('',#3119,#2577,#2578);
#2013=AXIS2_PLACEMENT_3D('',#3120,#2579,#2580);
#2014=AXIS2_PLACEMENT_3D('',#3122,#2582,#2583);
#2015=AXIS2_PLACEMENT_3D('',#3124,#2584,#2585);
#2016=AXIS2_PLACEMENT_3D('',#3126,#2587,#2588);
#2017=AXIS2_PLACEMENT_3D('',#3128,#2589,#2590);
#2018=AXIS2_PLACEMENT_3D('',#3130,#2592,#2593);
#2019=AXIS2_PLACEMENT_3D('',#3132,#2595,#2596);
#2020=AXIS2_PLACEMENT_3D('',#3134,#2597,#2598);
#2021=AXIS2_PLACEMENT_3D('',#3136,#2600,#2601);
#2022=AXIS2_PLACEMENT_3D('',#3139,#2603,#2604);
#2023=AXIS2_PLACEMENT_3D('',#3140,#2605,#2606);
#2024=AXIS2_PLACEMENT_3D('',#3142,#2608,#2609);
#2025=AXIS2_PLACEMENT_3D('',#3146,#2612,#2613);
#2026=AXIS2_PLACEMENT_3D('',#3150,#2616,#2617);
#2027=AXIS2_PLACEMENT_3D('',#3152,#2619,#2620);
#2028=AXIS2_PLACEMENT_3D('',#3153,#2621,#2622);
#2029=AXIS2_PLACEMENT_3D('',#3155,#2624,#2625);
#2030=AXIS2_PLACEMENT_3D('',#3156,#2626,#2627);
#2031=AXIS2_PLACEMENT_3D('',#3157,#2628,#2629);
#2032=AXIS2_PLACEMENT_3D('',#3159,#2631,#2632);
#2033=AXIS2_PLACEMENT_3D('',#3161,#2634,#2635);
#2034=AXIS2_PLACEMENT_3D('',#3163,#2636,#2637);
#2035=AXIS2_PLACEMENT_3D('',#3165,#2639,#2640);
#2036=AXIS2_PLACEMENT_3D('',#3167,#2641,#2642);
#2037=AXIS2_PLACEMENT_3D('',#3169,#2644,#2645);
#2038=AXIS2_PLACEMENT_3D('',#3172,#2648,#2649);
#2039=AXIS2_PLACEMENT_3D('',#3173,#2650,#2651);
#2040=AXIS2_PLACEMENT_3D('',#3174,#2652,#2653);
#2041=AXIS2_PLACEMENT_3D('',#3175,#2654,#2655);
#2042=AXIS2_PLACEMENT_3D('',#3176,#2656,#2657);
#2043=AXIS2_PLACEMENT_3D('',#3177,#2658,#2659);
#2044=AXIS2_PLACEMENT_3D('',#3178,#2660,#2661);
#2045=DIRECTION('axis',(0.,0.,1.));
#2046=DIRECTION('refdir',(1.,0.,0.));
#2047=DIRECTION('center_axis',(0.,0.,1.));
#2048=DIRECTION('ref_axis',(1.,0.,0.));
#2049=DIRECTION('center_axis',(0.,0.,-1.));
#2050=DIRECTION('ref_axis',(-0.460604139464306,-0.887605670727912,0.));
#2051=DIRECTION('center_axis',(0.,0.,1.));
#2052=DIRECTION('ref_axis',(0.460604139464306,-0.887605670727912,0.));
#2053=DIRECTION('center_axis',(0.,0.,-1.));
#2054=DIRECTION('ref_axis',(-0.964197631874373,-0.265184702967293,0.));
#2055=DIRECTION('center_axis',(0.,0.,1.));
#2056=DIRECTION('ref_axis',(-0.86930458563748,-0.494276782167289,0.));
#2057=DIRECTION('center_axis',(0.,0.,-1.));
#2058=DIRECTION('ref_axis',(-0.301935678333487,0.95332829924916,0.));
#2059=DIRECTION('center_axis',(0.,0.,1.));
#2060=DIRECTION('ref_axis',(0.190476190476191,-0.981691815623252,0.));
#2061=DIRECTION('center_axis',(0.,0.,-1.));
#2062=DIRECTION('ref_axis',(-1.,0.,0.));
#2063=DIRECTION('',(1.09834309891E-9,1.,1.098341584879E-9));
#2064=DIRECTION('center_axis',(0.,0.,1.));
#2065=DIRECTION('ref_axis',(0.141176470588195,-0.989984446419367,0.));
#2066=DIRECTION('center_axis',(0.,0.,1.));
#2067=DIRECTION('ref_axis',(-0.141176470588195,-0.989984446419367,0.));
#2068=DIRECTION('center_axis',(0.,0.,1.));
#2069=DIRECTION('ref_axis',(-1.,0.,0.));
#2070=DIRECTION('',(1.083150123927E-9,-1.,-1.083148456299E-9));
#2071=DIRECTION('center_axis',(0.,0.,-1.));
#2072=DIRECTION('ref_axis',(0.190476190476191,0.981691815623252,0.));
#2073=DIRECTION('center_axis',(0.,0.,1.));
#2074=DIRECTION('ref_axis',(-0.301935678333488,-0.953328299249161,0.));
#2075=DIRECTION('center_axis',(0.,0.,-1.));
#2076=DIRECTION('ref_axis',(-0.86930458563748,0.494276782167289,0.));
#2077=DIRECTION('center_axis',(0.,0.,1.));
#2078=DIRECTION('ref_axis',(-0.964197631874373,0.265184702967293,0.));
#2079=DIRECTION('center_axis',(0.,0.,-1.));
#2080=DIRECTION('ref_axis',(0.460604139464306,0.887605670727912,0.));
#2081=DIRECTION('center_axis',(0.,0.,1.));
#2082=DIRECTION('ref_axis',(-0.460604139464306,0.887605670727912,0.));
#2083=DIRECTION('center_axis',(0.,0.,-1.));
#2084=DIRECTION('ref_axis',(0.964197631874347,0.265184702967385,0.));
#2085=DIRECTION('center_axis',(0.,0.,1.));
#2086=DIRECTION('ref_axis',(0.86930458563748,0.494276782167289,0.));
#2087=DIRECTION('center_axis',(0.,0.,-1.));
#2088=DIRECTION('ref_axis',(0.301935678333487,-0.95332829924916,0.));
#2089=DIRECTION('center_axis',(0.,0.,1.));
#2090=DIRECTION('ref_axis',(0.301935678333488,0.953328299249161,0.));
#2091=DIRECTION('center_axis',(0.,0.,-1.));
#2092=DIRECTION('ref_axis',(0.86930458563748,-0.494276782167289,0.));
#2093=DIRECTION('center_axis',(0.,0.,1.));
#2094=DIRECTION('ref_axis',(0.96419763187434,-0.265184702967411,0.));
#2095=DIRECTION('center_axis',(0.,0.,1.));
#2096=DIRECTION('ref_axis',(1.,0.,0.));
#2097=DIRECTION('center_axis',(0.,0.,1.));
#2098=DIRECTION('ref_axis',(1.,0.,0.));
#2099=DIRECTION('center_axis',(0.,0.,1.));
#2100=DIRECTION('ref_axis',(1.,0.,0.));
#2101=DIRECTION('center_axis',(0.,0.,1.));
#2102=DIRECTION('ref_axis',(1.,0.,0.));
#2103=DIRECTION('center_axis',(0.,0.,1.));
#2104=DIRECTION('ref_axis',(1.,0.,0.));
#2105=DIRECTION('center_axis',(0.,0.,1.));
#2106=DIRECTION('ref_axis',(1.,0.,0.));
#2107=DIRECTION('center_axis',(0.,0.,1.));
#2108=DIRECTION('ref_axis',(1.,0.,0.));
#2109=DIRECTION('center_axis',(0.,0.,1.));
#2110=DIRECTION('ref_axis',(1.,0.,0.));
#2111=DIRECTION('center_axis',(0.,0.,1.));
#2112=DIRECTION('ref_axis',(1.,0.,0.));
#2113=DIRECTION('center_axis',(0.,0.,1.));
#2114=DIRECTION('ref_axis',(1.,0.,0.));
#2115=DIRECTION('center_axis',(0.,0.,1.));
#2116=DIRECTION('ref_axis',(1.,0.,0.));
#2117=DIRECTION('center_axis',(0.,0.,-1.));
#2118=DIRECTION('ref_axis',(0.,-1.,0.));
#2119=DIRECTION('center_axis',(0.,0.,1.));
#2120=DIRECTION('ref_axis',(1.,0.,0.));
#2121=DIRECTION('center_axis',(0.,0.,1.));
#2122=DIRECTION('ref_axis',(1.,0.,0.));
#2123=DIRECTION('',(8.65956056235493E-17,0.707106781186548,-0.707106781186548));
#2124=DIRECTION('center_axis',(0.,0.,1.));
#2125=DIRECTION('ref_axis',(-1.,0.,0.));
#2126=DIRECTION('',(0.,0.,1.));
#2127=DIRECTION('center_axis',(0.,0.,1.));
#2128=DIRECTION('ref_axis',(-1.,0.,0.));
#2129=DIRECTION('center_axis',(0.,0.,1.));
#2130=DIRECTION('ref_axis',(-1.,0.,0.));
#2131=DIRECTION('',(0.707106781186548,8.65956056235493E-17,0.707106781186548));
#2132=DIRECTION('center_axis',(0.,0.,1.));
#2133=DIRECTION('ref_axis',(1.,0.,0.));
#2134=DIRECTION('center_axis',(0.,0.,1.));
#2135=DIRECTION('ref_axis',(1.,0.,0.));
#2136=DIRECTION('center_axis',(0.,0.,1.));
#2137=DIRECTION('ref_axis',(-0.460604139464306,0.887605670727912,0.));
#2138=DIRECTION('center_axis',(0.,0.,-1.));
#2139=DIRECTION('ref_axis',(0.460604139464306,0.887605670727912,0.));
#2140=DIRECTION('center_axis',(0.,0.,1.));
#2141=DIRECTION('ref_axis',(-0.964197631874424,0.265184702967107,0.));
#2142=DIRECTION('center_axis',(0.,0.,-1.));
#2143=DIRECTION('ref_axis',(-0.86930458563748,0.494276782167289,0.));
#2144=DIRECTION('center_axis',(0.,0.,1.));
#2145=DIRECTION('ref_axis',(-0.301935678333487,-0.95332829924916,0.));
#2146=DIRECTION('center_axis',(0.,0.,-1.));
#2147=DIRECTION('ref_axis',(-0.301935678333488,0.953328299249161,0.));
#2148=DIRECTION('center_axis',(0.,0.,1.));
#2149=DIRECTION('ref_axis',(-0.869304585637523,-0.494276782167213,0.));
#2150=DIRECTION('center_axis',(0.,0.,-1.));
#2151=DIRECTION('ref_axis',(-0.964197631874373,-0.265184702967293,0.));
#2152=DIRECTION('center_axis',(0.,0.,1.));
#2153=DIRECTION('ref_axis',(0.460604139464306,-0.887605670727912,0.));
#2154=DIRECTION('center_axis',(0.,0.,-1.));
#2155=DIRECTION('ref_axis',(-0.460604139464385,-0.887605670727871,0.));
#2156=DIRECTION('center_axis',(0.,0.,1.));
#2157=DIRECTION('ref_axis',(0.964197631874424,-0.265184702967107,0.));
#2158=DIRECTION('center_axis',(0.,0.,-1.));
#2159=DIRECTION('ref_axis',(0.86930458563748,-0.494276782167289,0.));
#2160=DIRECTION('center_axis',(0.,0.,1.));
#2161=DIRECTION('ref_axis',(0.301935678333487,0.95332829924916,0.));
#2162=DIRECTION('center_axis',(0.,0.,-1.));
#2163=DIRECTION('ref_axis',(-0.190476190476191,-0.981691815623252,0.));
#2164=DIRECTION('center_axis',(0.,0.,1.));
#2165=DIRECTION('ref_axis',(1.,0.,0.));
#2166=DIRECTION('',(-1.083150123927E-9,1.,-1.083149070688E-9));
#2167=DIRECTION('center_axis',(0.,0.,-1.));
#2168=DIRECTION('ref_axis',(-0.141176470588195,-0.989984446419367,0.));
#2169=DIRECTION('center_axis',(0.,0.,-1.));
#2170=DIRECTION('ref_axis',(0.141176470588195,-0.989984446419367,0.));
#2171=DIRECTION('center_axis',(0.,0.,-1.));
#2172=DIRECTION('ref_axis',(1.,0.,0.));
#2173=DIRECTION('',(-1.098342045671E-9,-1.,1.09834309891E-9));
#2174=DIRECTION('center_axis',(0.,0.,1.));
#2175=DIRECTION('ref_axis',(-0.190476190476191,0.981691815623252,0.));
#2176=DIRECTION('center_axis',(0.,0.,-1.));
#2177=DIRECTION('ref_axis',(0.301935678333488,-0.953328299249161,0.));
#2178=DIRECTION('center_axis',(0.,0.,1.));
#2179=DIRECTION('ref_axis',(0.86930458563748,0.494276782167289,0.));
#2180=DIRECTION('center_axis',(0.,0.,-1.));
#2181=DIRECTION('ref_axis',(0.96419763187434,0.265184702967411,0.));
#2182=DIRECTION('center_axis',(0.,0.,1.));
#2183=DIRECTION('ref_axis',(-1.,0.,0.));
#2184=DIRECTION('center_axis',(0.,0.,1.));
#2185=DIRECTION('ref_axis',(-1.,0.,0.));
#2186=DIRECTION('center_axis',(0.,0.,1.));
#2187=DIRECTION('ref_axis',(-1.,0.,0.));
#2188=DIRECTION('center_axis',(0.,0.,1.));
#2189=DIRECTION('ref_axis',(-1.,0.,0.));
#2190=DIRECTION('center_axis',(0.,0.,1.));
#2191=DIRECTION('ref_axis',(-1.,0.,0.));
#2192=DIRECTION('center_axis',(0.,0.,1.));
#2193=DIRECTION('ref_axis',(-1.,0.,0.));
#2194=DIRECTION('center_axis',(0.,0.,1.));
#2195=DIRECTION('ref_axis',(-1.,0.,0.));
#2196=DIRECTION('center_axis',(0.,0.,1.));
#2197=DIRECTION('ref_axis',(-1.,0.,0.));
#2198=DIRECTION('center_axis',(0.,0.,-1.));
#2199=DIRECTION('ref_axis',(1.,0.,0.));
#2200=DIRECTION('center_axis',(0.,0.,1.));
#2201=DIRECTION('ref_axis',(-1.,0.,0.));
#2202=DIRECTION('center_axis',(0.,0.,1.));
#2203=DIRECTION('ref_axis',(-1.,0.,0.));
#2204=DIRECTION('center_axis',(0.,0.,1.));
#2205=DIRECTION('ref_axis',(-1.,0.,0.));
#2206=DIRECTION('',(0.707106781186547,8.65956056235493E-17,0.707106781186547));
#2207=DIRECTION('center_axis',(0.,0.,1.));
#2208=DIRECTION('ref_axis',(-1.,0.,0.));
#2209=DIRECTION('center_axis',(0.,0.,1.));
#2210=DIRECTION('ref_axis',(1.,0.,0.));
#2211=DIRECTION('center_axis',(0.,0.,1.));
#2212=DIRECTION('ref_axis',(1.,0.,0.));
#2213=DIRECTION('',(0.,0.,1.));
#2214=DIRECTION('center_axis',(0.,0.,-1.));
#2215=DIRECTION('ref_axis',(0.,-1.,0.));
#2216=DIRECTION('',(8.65956056235493E-17,0.707106781186547,-0.707106781186547));
#2217=DIRECTION('center_axis',(0.,0.,1.));
#2218=DIRECTION('ref_axis',(-1.,0.,0.));
#2219=DIRECTION('center_axis',(0.,0.,1.));
#2220=DIRECTION('ref_axis',(-1.,0.,0.));
#2221=DIRECTION('',(0.707106781186547,8.65956056235493E-17,0.707106781186547));
#2222=DIRECTION('center_axis',(0.,0.,1.));
#2223=DIRECTION('ref_axis',(-1.,0.,0.));
#2224=DIRECTION('center_axis',(0.,0.,1.));
#2225=DIRECTION('ref_axis',(1.,0.,0.));
#2226=DIRECTION('center_axis',(0.,0.,1.));
#2227=DIRECTION('ref_axis',(1.,0.,0.));
#2228=DIRECTION('',(0.,0.,1.));
#2229=DIRECTION('center_axis',(0.,0.,-1.));
#2230=DIRECTION('ref_axis',(0.,-1.,0.));
#2231=DIRECTION('',(8.65956056235493E-17,0.707106781186547,-0.707106781186547));
#2232=DIRECTION('center_axis',(0.,0.,1.));
#2233=DIRECTION('ref_axis',(-1.,0.,0.));
#2234=DIRECTION('center_axis',(0.,0.,1.));
#2235=DIRECTION('ref_axis',(-1.,0.,0.));
#2236=DIRECTION('',(0.707106781186547,8.65956056235493E-17,0.707106781186547));
#2237=DIRECTION('center_axis',(0.,0.,1.));
#2238=DIRECTION('ref_axis',(-1.,0.,0.));
#2239=DIRECTION('center_axis',(0.,0.,1.));
#2240=DIRECTION('ref_axis',(1.,0.,0.));
#2241=DIRECTION('center_axis',(0.,0.,1.));
#2242=DIRECTION('ref_axis',(1.,0.,0.));
#2243=DIRECTION('',(0.,0.,1.));
#2244=DIRECTION('center_axis',(0.,0.,-1.));
#2245=DIRECTION('ref_axis',(0.,-1.,0.));
#2246=DIRECTION('',(8.65956056235493E-17,0.707106781186547,-0.707106781186547));
#2247=DIRECTION('center_axis',(0.,0.,1.));
#2248=DIRECTION('ref_axis',(-1.,0.,0.));
#2249=DIRECTION('center_axis',(0.,0.,1.));
#2250=DIRECTION('ref_axis',(-1.,0.,0.));
#2251=DIRECTION('',(0.707106781186547,8.65956056235493E-17,0.707106781186547));
#2252=DIRECTION('center_axis',(0.,0.,1.));
#2253=DIRECTION('ref_axis',(-1.,0.,0.));
#2254=DIRECTION('center_axis',(0.,0.,1.));
#2255=DIRECTION('ref_axis',(1.,0.,0.));
#2256=DIRECTION('center_axis',(0.,0.,1.));
#2257=DIRECTION('ref_axis',(1.,0.,0.));
#2258=DIRECTION('',(0.,0.,1.));
#2259=DIRECTION('center_axis',(0.,0.,-1.));
#2260=DIRECTION('ref_axis',(0.,-1.,0.));
#2261=DIRECTION('',(8.65956056235493E-17,0.707106781186547,-0.707106781186547));
#2262=DIRECTION('center_axis',(0.,0.,1.));
#2263=DIRECTION('ref_axis',(-1.,0.,0.));
#2264=DIRECTION('center_axis',(0.,0.,1.));
#2265=DIRECTION('ref_axis',(-1.,0.,0.));
#2266=DIRECTION('',(0.707106781186547,8.65956056235493E-17,0.707106781186547));
#2267=DIRECTION('center_axis',(0.,0.,1.));
#2268=DIRECTION('ref_axis',(-1.,0.,0.));
#2269=DIRECTION('center_axis',(0.,0.,1.));
#2270=DIRECTION('ref_axis',(1.,0.,0.));
#2271=DIRECTION('center_axis',(0.,0.,1.));
#2272=DIRECTION('ref_axis',(1.,0.,0.));
#2273=DIRECTION('',(0.,0.,1.));
#2274=DIRECTION('center_axis',(0.,0.,-1.));
#2275=DIRECTION('ref_axis',(0.,-1.,0.));
#2276=DIRECTION('',(8.65956056235493E-17,0.707106781186547,-0.707106781186547));
#2277=DIRECTION('center_axis',(0.,0.,1.));
#2278=DIRECTION('ref_axis',(-1.,0.,0.));
#2279=DIRECTION('center_axis',(0.,0.,1.));
#2280=DIRECTION('ref_axis',(-1.,0.,0.));
#2281=DIRECTION('',(0.707106781186547,8.65956056235493E-17,0.707106781186547));
#2282=DIRECTION('center_axis',(0.,0.,1.));
#2283=DIRECTION('ref_axis',(-1.,0.,0.));
#2284=DIRECTION('center_axis',(0.,0.,1.));
#2285=DIRECTION('ref_axis',(1.,0.,0.));
#2286=DIRECTION('center_axis',(0.,0.,1.));
#2287=DIRECTION('ref_axis',(1.,0.,0.));
#2288=DIRECTION('',(0.,0.,1.));
#2289=DIRECTION('center_axis',(0.,0.,-1.));
#2290=DIRECTION('ref_axis',(0.,-1.,0.));
#2291=DIRECTION('',(8.65956056235493E-17,0.707106781186547,-0.707106781186547));
#2292=DIRECTION('center_axis',(0.,0.,1.));
#2293=DIRECTION('ref_axis',(-1.,0.,0.));
#2294=DIRECTION('center_axis',(0.,0.,1.));
#2295=DIRECTION('ref_axis',(-1.,0.,0.));
#2296=DIRECTION('',(0.707106781186547,8.65956056235493E-17,0.707106781186547));
#2297=DIRECTION('center_axis',(0.,0.,1.));
#2298=DIRECTION('ref_axis',(-1.,0.,0.));
#2299=DIRECTION('center_axis',(0.,0.,1.));
#2300=DIRECTION('ref_axis',(1.,0.,0.));
#2301=DIRECTION('center_axis',(0.,0.,1.));
#2302=DIRECTION('ref_axis',(1.,0.,0.));
#2303=DIRECTION('',(0.,0.,1.));
#2304=DIRECTION('center_axis',(0.,0.,-1.));
#2305=DIRECTION('ref_axis',(0.,-1.,0.));
#2306=DIRECTION('',(8.65956056235493E-17,0.707106781186548,-0.707106781186548));
#2307=DIRECTION('center_axis',(0.,0.,1.));
#2308=DIRECTION('ref_axis',(-1.,0.,0.));
#2309=DIRECTION('center_axis',(0.,0.,1.));
#2310=DIRECTION('ref_axis',(-1.,0.,0.));
#2311=DIRECTION('',(0.707106781186548,8.65956056235493E-17,0.707106781186548));
#2312=DIRECTION('center_axis',(0.,0.,1.));
#2313=DIRECTION('ref_axis',(-1.,0.,0.));
#2314=DIRECTION('center_axis',(0.,0.,1.));
#2315=DIRECTION('ref_axis',(1.,0.,0.));
#2316=DIRECTION('center_axis',(0.,0.,1.));
#2317=DIRECTION('ref_axis',(1.,0.,0.));
#2318=DIRECTION('',(0.,0.,1.));
#2319=DIRECTION('center_axis',(0.,0.,-1.));
#2320=DIRECTION('ref_axis',(0.,-1.,0.));
#2321=DIRECTION('',(8.65956056235493E-17,0.707106781186548,-0.707106781186548));
#2322=DIRECTION('center_axis',(0.,0.,1.));
#2323=DIRECTION('ref_axis',(-1.,0.,0.));
#2324=DIRECTION('center_axis',(0.,0.,1.));
#2325=DIRECTION('ref_axis',(-1.,0.,0.));
#2326=DIRECTION('',(0.707106781186548,8.65956056235493E-17,0.707106781186548));
#2327=DIRECTION('center_axis',(0.,0.,1.));
#2328=DIRECTION('ref_axis',(-1.,0.,0.));
#2329=DIRECTION('center_axis',(0.,0.,1.));
#2330=DIRECTION('ref_axis',(1.,0.,0.));
#2331=DIRECTION('center_axis',(0.,0.,1.));
#2332=DIRECTION('ref_axis',(1.,0.,0.));
#2333=DIRECTION('',(0.,0.,1.));
#2334=DIRECTION('center_axis',(0.,0.,-1.));
#2335=DIRECTION('ref_axis',(0.,-1.,0.));
#2336=DIRECTION('',(8.65956056235493E-17,0.707106781186548,-0.707106781186548));
#2337=DIRECTION('center_axis',(0.,0.,1.));
#2338=DIRECTION('ref_axis',(0.,-1.,0.));
#2339=DIRECTION('center_axis',(0.,0.,-1.));
#2340=DIRECTION('ref_axis',(1.,0.,0.));
#2341=DIRECTION('',(-8.65956056235493E-17,0.707106781186548,0.707106781186548));
#2342=DIRECTION('center_axis',(0.,0.,-1.));
#2343=DIRECTION('ref_axis',(1.,0.,0.));
#2344=DIRECTION('center_axis',(0.,0.,-1.));
#2345=DIRECTION('ref_axis',(-1.,0.,0.));
#2346=DIRECTION('',(0.,0.,-1.));
#2347=DIRECTION('center_axis',(0.,0.,1.));
#2348=DIRECTION('ref_axis',(1.,0.,0.));
#2349=DIRECTION('center_axis',(0.,0.,1.));
#2350=DIRECTION('ref_axis',(1.,0.,0.));
#2351=DIRECTION('center_axis',(0.,0.,-1.));
#2352=DIRECTION('ref_axis',(0.,-1.,0.));
#2353=DIRECTION('',(8.65956056235493E-17,0.707106781186548,-0.707106781186548));
#2354=DIRECTION('center_axis',(0.,0.,1.));
#2355=DIRECTION('ref_axis',(0.,-1.,0.));
#2356=DIRECTION('center_axis',(0.,0.,1.));
#2357=DIRECTION('ref_axis',(-0.460604139464306,0.887605670727912,0.));
#2358=DIRECTION('',(-0.325696308645288,0.627631989731877,0.707106781186574));
#2359=DIRECTION('',(-0.681790684462769,-0.187513899697491,0.707106781186568));
#2360=DIRECTION('center_axis',(0.,0.,1.));
#2361=DIRECTION('ref_axis',(-0.460604139464306,0.887605670727912,0.));
#2362=DIRECTION('center_axis',(0.,0.,-1.));
#2363=DIRECTION('ref_axis',(-0.964197631874373,-0.265184702967293,0.));
#2364=DIRECTION('',(0.,-1.682864374179E-14,1.));
#2365=DIRECTION('',(0.,0.,1.));
#2366=DIRECTION('center_axis',(0.,0.,-1.));
#2367=DIRECTION('ref_axis',(0.,-1.,0.));
#2368=DIRECTION('',(-0.681790684462751,-0.187513899697614,-0.707106781186553));
#2369=DIRECTION('',(-0.325696308645311,0.627631989731922,-0.707106781186524));
#2370=DIRECTION('center_axis',(0.,0.,1.));
#2371=DIRECTION('ref_axis',(0.,-1.,0.));
#2372=DIRECTION('center_axis',(0.,0.,1.));
#2373=DIRECTION('ref_axis',(0.460604139464306,-0.887605670727912,0.));
#2374=DIRECTION('',(-0.325696308640885,-0.627631989734171,-0.707106781186567));
#2375=DIRECTION('center_axis',(0.,0.,1.));
#2376=DIRECTION('ref_axis',(1.,0.,0.));
#2377=DIRECTION('center_axis',(0.,0.,1.));
#2378=DIRECTION('ref_axis',(0.301935678333488,0.95332829924916,0.));
#2379=DIRECTION('',(0.,0.,-1.));
#2380=DIRECTION('center_axis',(0.,0.,-1.));
#2381=DIRECTION('ref_axis',(-0.301935678333488,0.95332829924916,0.));
#2382=DIRECTION('',(0.,0.,1.));
#2383=DIRECTION('center_axis',(0.,0.,1.));
#2384=DIRECTION('ref_axis',(-1.,-8.21430586812862E-11,0.));
#2385=DIRECTION('center_axis',(0.,0.,1.));
#2386=DIRECTION('ref_axis',(-0.460604139464306,0.887605670727912,0.));
#2387=DIRECTION('',(0.,0.,-1.));
#2388=DIRECTION('center_axis',(0.,0.,-1.));
#2389=DIRECTION('ref_axis',(-0.460604139464306,-0.887605670727912,0.));
#2390=DIRECTION('',(0.,0.,1.));
#2391=DIRECTION('center_axis',(0.,0.,1.));
#2392=DIRECTION('ref_axis',(1.,0.,0.));
#2393=DIRECTION('center_axis',(0.,0.,1.));
#2394=DIRECTION('ref_axis',(-0.301935678333488,-0.95332829924916,0.));
#2395=DIRECTION('',(0.,0.,-1.));
#2396=DIRECTION('center_axis',(0.,0.,-1.));
#2397=DIRECTION('ref_axis',(-0.190476190476191,-0.981691815623252,0.));
#2398=DIRECTION('',(0.,0.,1.));
#2399=DIRECTION('center_axis',(0.,0.,1.));
#2400=DIRECTION('ref_axis',(1.,0.,0.));
#2401=DIRECTION('center_axis',(0.,0.,1.));
#2402=DIRECTION('ref_axis',(0.190476190476191,-0.981691815623252,0.));
#2403=DIRECTION('',(0.,0.,-1.));
#2404=DIRECTION('center_axis',(0.,0.,-1.));
#2405=DIRECTION('ref_axis',(0.301935678333488,-0.95332829924916,0.));
#2406=DIRECTION('',(0.,0.,1.));
#2407=DIRECTION('center_axis',(0.,0.,1.));
#2408=DIRECTION('ref_axis',(1.,0.,0.));
#2409=DIRECTION('',(0.,1.68286437418E-14,-1.));
#2410=DIRECTION('center_axis',(0.,0.,-1.));
#2411=DIRECTION('ref_axis',(0.460604139464306,0.887605670727912,0.));
#2412=DIRECTION('center_axis',(0.,0.,1.));
#2413=DIRECTION('ref_axis',(5.69658835407228E-14,1.,0.));
#2414=DIRECTION('',(-0.213500767583107,-0.674104904478122,-0.707106781186523));
#2415=DIRECTION('',(0.213500767589899,-0.674104904475896,-0.707106781186595));
#2416=DIRECTION('center_axis',(0.,0.,-1.));
#2417=DIRECTION('ref_axis',(0.,-1.,0.));
#2418=DIRECTION('center_axis',(0.,0.,-1.));
#2419=DIRECTION('ref_axis',(0.301935678333487,-0.95332829924916,0.));
#2420=DIRECTION('',(-0.614691166495911,-0.349506466080306,-0.707106781186513));
#2421=DIRECTION('center_axis',(0.,0.,-1.));
#2422=DIRECTION('ref_axis',(0.301935678333516,-0.953328299249151,0.));
#2423=DIRECTION('',(0.,0.,-1.));
#2424=DIRECTION('center_axis',(0.,0.,1.));
#2425=DIRECTION('ref_axis',(-0.86930458563748,-0.494276782167289,0.));
#2426=DIRECTION('center_axis',(0.,0.,1.));
#2427=DIRECTION('ref_axis',(0.,-1.,0.));
#2428=DIRECTION('',(-0.614691166495911,-0.349506466080306,0.707106781186513));
#2429=DIRECTION('',(0.213500767589914,-0.674104904475943,0.707106781186545));
#2430=DIRECTION('center_axis',(0.,0.,-1.));
#2431=DIRECTION('ref_axis',(5.67209541808933E-14,1.,0.));
#2432=DIRECTION('',(-0.213500767583107,-0.674104904478122,0.707106781186523));
#2433=DIRECTION('center_axis',(0.,0.,1.));
#2434=DIRECTION('ref_axis',(0.,-1.,0.));
#2435=DIRECTION('center_axis',(0.,0.,1.));
#2436=DIRECTION('ref_axis',(-0.301935678333487,-0.95332829924916,0.));
#2437=DIRECTION('',(0.614691166376405,-0.349506466290503,0.707106781186505));
#2438=DIRECTION('center_axis',(0.,0.,1.));
#2439=DIRECTION('ref_axis',(-0.301935678333487,-0.95332829924916,0.));
#2440=DIRECTION('center_axis',(0.,0.,-1.));
#2441=DIRECTION('ref_axis',(0.86930458563748,-0.494276782167289,0.));
#2442=DIRECTION('',(0.,0.,1.));
#2443=DIRECTION('center_axis',(0.,0.,-1.));
#2444=DIRECTION('ref_axis',(0.,-1.,0.));
#2445=DIRECTION('',(0.614691166376405,-0.349506466290503,-0.707106781186505));
#2446=DIRECTION('center_axis',(0.,0.,1.));
#2447=DIRECTION('ref_axis',(0.382683431733146,0.923879532773046,0.));
#2448=DIRECTION('center_axis',(0.,0.,1.));
#2449=DIRECTION('ref_axis',(0.964197631874373,-0.265184702967293,0.));
#2450=DIRECTION('',(-0.681790684398664,0.18751389993059,-0.707106781186563));
#2451=DIRECTION('center_axis',(0.,0.,1.));
#2452=DIRECTION('ref_axis',(1.,0.,0.));
#2453=DIRECTION('center_axis',(0.,0.,-1.));
#2454=DIRECTION('ref_axis',(-0.86930458563748,0.494276782167288,0.));
#2455=DIRECTION('',(0.,0.,-1.));
#2456=DIRECTION('center_axis',(0.,0.,-1.));
#2457=DIRECTION('ref_axis',(-0.460604139464306,-0.887605670727912,0.));
#2458=DIRECTION('center_axis',(0.,0.,-1.));
#2459=DIRECTION('ref_axis',(-0.460604139464306,-0.887605670727912,0.));
#2460=DIRECTION('center_axis',(0.,0.,1.));
#2461=DIRECTION('ref_axis',(-0.964197631874373,0.265184702967293,0.));
#2462=DIRECTION('center_axis',(0.,0.,-1.));
#2463=DIRECTION('ref_axis',(0.,-1.,0.));
#2464=DIRECTION('center_axis',(0.,0.,1.));
#2465=DIRECTION('ref_axis',(0.,-1.,0.));
#2466=DIRECTION('',(-0.681790684398664,0.18751389993059,0.707106781186563));
#2467=DIRECTION('',(-0.325696308640908,-0.627631989734215,0.707106781186517));
#2468=DIRECTION('center_axis',(0.,0.,-1.));
#2469=DIRECTION('ref_axis',(0.,-1.,0.));
#2470=DIRECTION('center_axis',(0.,0.,-1.));
#2471=DIRECTION('ref_axis',(0.382683431733146,0.923879532773047,0.));
#2472=DIRECTION('center_axis',(0.,0.,-1.));
#2473=DIRECTION('ref_axis',(-0.382683432996458,0.923879532249766,0.));
#2474=DIRECTION('center_axis',(0.,0.,-1.));
#2475=DIRECTION('ref_axis',(-0.964197631874373,-0.265184702967293,0.));
#2476=DIRECTION('',(0.681790684462804,0.187513899697601,0.707106781186504));
#2477=DIRECTION('center_axis',(0.,0.,1.));
#2478=DIRECTION('ref_axis',(-0.382683432838583,0.923879532315159,0.));
#2479=DIRECTION('center_axis',(0.,0.,1.));
#2480=DIRECTION('ref_axis',(0.86930458563748,0.494276782167288,0.));
#2481=DIRECTION('',(0.,0.,1.));
#2482=DIRECTION('center_axis',(0.,0.,1.));
#2483=DIRECTION('ref_axis',(-0.382683432996457,0.923879532249766,0.));
#2484=DIRECTION('',(0.681790684462804,0.187513899697601,-0.707106781186504));
#2485=DIRECTION('center_axis',(0.,0.,-1.));
#2486=DIRECTION('ref_axis',(0.,-1.,0.));
#2487=DIRECTION('center_axis',(0.,0.,-1.));
#2488=DIRECTION('ref_axis',(0.964197631874373,0.265184702967293,0.));
#2489=DIRECTION('',(0.325696308639094,-0.627631989735189,-0.707106781186488));
#2490=DIRECTION('center_axis',(0.,0.,1.));
#2491=DIRECTION('ref_axis',(0.460604139464306,-0.887605670727912,0.));
#2492=DIRECTION('center_axis',(0.,0.,1.));
#2493=DIRECTION('ref_axis',(0.460604139464306,-0.887605670727912,0.));
#2494=DIRECTION('center_axis',(0.,0.,1.));
#2495=DIRECTION('ref_axis',(0.,-1.,0.));
#2496=DIRECTION('',(0.325696308639094,-0.627631989735189,0.707106781186488));
#2497=DIRECTION('center_axis',(0.,0.,-1.));
#2498=DIRECTION('ref_axis',(0.,-1.,0.));
#2499=DIRECTION('',(0.325696311020785,0.627631988499171,0.707106781186568));
#2500=DIRECTION('center_axis',(0.,0.,1.));
#2501=DIRECTION('ref_axis',(0.,-1.,0.));
#2502=DIRECTION('center_axis',(0.,0.,1.));
#2503=DIRECTION('ref_axis',(0.964197631874373,-0.265184702967293,0.));
#2504=DIRECTION('',(0.681790684398664,-0.18751389993059,0.707106781186563));
#2505=DIRECTION('center_axis',(0.,0.,-1.));
#2506=DIRECTION('ref_axis',(0.460604139464306,0.887605670727912,0.));
#2507=DIRECTION('center_axis',(0.,0.,-1.));
#2508=DIRECTION('ref_axis',(0.460604139464306,0.887605670727912,0.));
#2509=DIRECTION('',(0.,0.,-1.));
#2510=DIRECTION('center_axis',(0.,0.,-1.));
#2511=DIRECTION('ref_axis',(0.,-1.,0.));
#2512=DIRECTION('',(0.325696311020785,0.627631988499171,-0.707106781186568));
#2513=DIRECTION('',(0.681790684398646,-0.187513899930713,-0.707106781186548));
#2514=DIRECTION('center_axis',(0.,0.,1.));
#2515=DIRECTION('ref_axis',(0.,-1.,0.));
#2516=DIRECTION('center_axis',(0.,0.,1.));
#2517=DIRECTION('ref_axis',(-0.964197631874373,0.265184702967293,0.));
#2518=DIRECTION('',(-0.614691166376405,0.349506466290503,-0.707106781186505));
#2519=DIRECTION('center_axis',(0.,0.,1.));
#2520=DIRECTION('ref_axis',(-0.3826834318911,-0.92387953270762,0.));
#2521=DIRECTION('',(0.,0.,1.));
#2522=DIRECTION('center_axis',(0.,0.,-1.));
#2523=DIRECTION('ref_axis',(0.86930458563748,-0.494276782167288,0.));
#2524=DIRECTION('center_axis',(0.,0.,-1.));
#2525=DIRECTION('ref_axis',(0.,-1.,0.));
#2526=DIRECTION('',(-0.614691166376405,0.349506466290503,0.707106781186505));
#2527=DIRECTION('center_axis',(0.,0.,1.));
#2528=DIRECTION('ref_axis',(-0.364909492492241,0.931042997014131,0.));
#2529=DIRECTION('center_axis',(0.,0.,1.));
#2530=DIRECTION('ref_axis',(0.301935678333487,0.95332829924916,0.));
#2531=DIRECTION('',(0.213500764842601,0.674104905346004,0.707106781186604));
#2532=DIRECTION('center_axis',(0.,0.,1.));
#2533=DIRECTION('ref_axis',(0.301935678333487,0.95332829924916,0.));
#2534=DIRECTION('center_axis',(0.,0.,-1.));
#2535=DIRECTION('ref_axis',(-0.86930458563748,0.494276782167289,0.));
#2536=DIRECTION('center_axis',(0.,0.,-1.));
#2537=DIRECTION('ref_axis',(-0.364909492492247,0.931042997014129,0.));
#2538=DIRECTION('',(0.213500764842602,0.674104905346106,-0.707106781186506));
#2539=DIRECTION('center_axis',(0.,0.,1.));
#2540=DIRECTION('ref_axis',(0.,-1.,0.));
#2541=DIRECTION('',(0.134687025467907,0.694160936073635,-0.707106781186535));
#2542=DIRECTION('center_axis',(0.,0.,-1.));
#2543=DIRECTION('ref_axis',(0.,-1.,0.));
#2544=DIRECTION('center_axis',(0.,0.,-1.));
#2545=DIRECTION('ref_axis',(0.190476190476191,0.981691815623252,0.));
#2546=DIRECTION('',(0.707106781186548,1.12600499642408E-8,-0.707106781186548));
#2547=DIRECTION('center_axis',(0.,0.,-1.));
#2548=DIRECTION('ref_axis',(0.190476190476191,0.981691815623252,0.));
#2549=DIRECTION('',(0.,0.,-1.));
#2550=DIRECTION('center_axis',(0.,0.,1.));
#2551=DIRECTION('ref_axis',(1.,0.,0.));
#2552=DIRECTION('center_axis',(0.,0.,1.));
#2553=DIRECTION('ref_axis',(0.,-1.,0.));
#2554=DIRECTION('',(0.707106781186548,1.12600499642408E-8,0.707106781186548));
#2555=DIRECTION('',(0.134687025467907,0.694160936073635,0.707106781186535));
#2556=DIRECTION('center_axis',(0.,0.,-1.));
#2557=DIRECTION('ref_axis',(0.,-1.,0.));
#2558=DIRECTION('center_axis',(-0.707106781186548,0.,0.707106781186548));
#2559=DIRECTION('ref_axis',(0.707106781186548,0.,0.707106781186548));
#2560=DIRECTION('',(-5.220780306582E-10,1.,-5.220811903758E-10));
#2561=DIRECTION('',(0.707106781186548,1.14009647068008E-10,0.707106781186548));
#2562=DIRECTION('center_axis',(-1.,0.,0.));
#2563=DIRECTION('ref_axis',(0.,-1.,0.));
#2564=DIRECTION('',(5.220801371366E-10,-1.,-5.22079610517E-10));
#2565=DIRECTION('',(0.,0.,-1.));
#2566=DIRECTION('center_axis',(-0.707106781186548,0.,-0.707106781186548));
#2567=DIRECTION('ref_axis',(0.707106781186548,0.,-0.707106781186548));
#2568=DIRECTION('',(0.707106781186548,1.14009647068008E-10,-0.707106781186548));
#2569=DIRECTION('center_axis',(0.,0.,1.));
#2570=DIRECTION('ref_axis',(0.,-1.,0.));
#2571=DIRECTION('center_axis',(0.,0.,1.));
#2572=DIRECTION('ref_axis',(-1.,0.,0.));
#2573=DIRECTION('',(0.099826847201995,0.700024714262065,-0.707106781186564));
#2574=DIRECTION('center_axis',(0.,0.,-1.));
#2575=DIRECTION('ref_axis',(-0.141176470588195,-0.989984446419367,0.));
#2576=DIRECTION('',(0.,0.,-1.));
#2577=DIRECTION('center_axis',(0.,0.,-1.));
#2578=DIRECTION('ref_axis',(-0.141176470588195,-0.989984446419367,0.));
#2579=DIRECTION('center_axis',(0.,0.,-1.));
#2580=DIRECTION('ref_axis',(0.,-1.,0.));
#2581=DIRECTION('',(0.099826847202002,0.700024714262114,0.707106781186515));
#2582=DIRECTION('center_axis',(0.,0.,-1.));
#2583=DIRECTION('ref_axis',(0.,-1.,0.));
#2584=DIRECTION('center_axis',(0.,0.,-1.));
#2585=DIRECTION('ref_axis',(0.141176470588195,-0.989984446419367,0.));
#2586=DIRECTION('',(-0.0998268461603353,0.700024714410637,0.707106781186538));
#2587=DIRECTION('center_axis',(0.,0.,1.));
#2588=DIRECTION('ref_axis',(1.,0.,0.));
#2589=DIRECTION('center_axis',(0.,0.,1.));
#2590=DIRECTION('ref_axis',(-0.141176470588195,-0.989984446419367,0.));
#2591=DIRECTION('',(0.,0.,-1.));
#2592=DIRECTION('center_axis',(0.,0.,1.));
#2593=DIRECTION('ref_axis',(0.,-1.,0.));
#2594=DIRECTION('',(-0.0998268461603283,0.700024714410588,-0.707106781186588));
#2595=DIRECTION('center_axis',(0.,0.,1.));
#2596=DIRECTION('ref_axis',(0.,-1.,0.));
#2597=DIRECTION('center_axis',(0.,0.,1.));
#2598=DIRECTION('ref_axis',(0.141176470588195,-0.989984446419367,0.));
#2599=DIRECTION('',(-0.707106781186548,3.13030380225921E-10,-0.707106781186548));
#2600=DIRECTION('center_axis',(0.,0.,-1.));
#2601=DIRECTION('ref_axis',(1.,0.,0.));
#2602=DIRECTION('',(0.,0.,-1.));
#2603=DIRECTION('center_axis',(0.,0.,-1.));
#2604=DIRECTION('ref_axis',(1.,0.,0.));
#2605=DIRECTION('center_axis',(0.,0.,-1.));
#2606=DIRECTION('ref_axis',(0.,-1.,0.));
#2607=DIRECTION('',(-0.707106781186548,3.13022006399421E-10,0.707106781186548));
#2608=DIRECTION('center_axis',(0.707106781186548,0.,0.707106781186548));
#2609=DIRECTION('ref_axis',(-0.707106781186548,0.,0.707106781186548));
#2610=DIRECTION('',(-5.505660441992E-10,-1.,5.505660441992E-10));
#2611=DIRECTION('',(-0.707106781186548,1.12600415904108E-8,0.707106781186548));
#2612=DIRECTION('center_axis',(1.,0.,0.));
#2613=DIRECTION('ref_axis',(0.,1.,0.));
#2614=DIRECTION('',(5.505660441992E-10,1.,5.505655175796E-10));
#2615=DIRECTION('',(0.,0.,1.));
#2616=DIRECTION('center_axis',(0.707106781186548,0.,-0.707106781186548));
#2617=DIRECTION('ref_axis',(-0.707106781186548,0.,-0.707106781186548));
#2618=DIRECTION('',(-0.707106781186548,1.12600415904108E-8,-0.707106781186548));
#2619=DIRECTION('center_axis',(0.,0.,-1.));
#2620=DIRECTION('ref_axis',(0.,-1.,0.));
#2621=DIRECTION('center_axis',(0.,0.,-1.));
#2622=DIRECTION('ref_axis',(-1.,0.,0.));
#2623=DIRECTION('',(-0.134687025256106,0.694160936114732,-0.707106781186533));
#2624=DIRECTION('center_axis',(0.,0.,1.));
#2625=DIRECTION('ref_axis',(-0.190476190476191,0.981691815623252,0.));
#2626=DIRECTION('center_axis',(0.,0.,1.));
#2627=DIRECTION('ref_axis',(-0.190476190476191,0.981691815623252,0.));
#2628=DIRECTION('center_axis',(0.,0.,1.));
#2629=DIRECTION('ref_axis',(0.,-1.,0.));
#2630=DIRECTION('',(-0.134687025256106,0.694160936114732,0.707106781186533));
#2631=DIRECTION('center_axis',(0.,0.,-1.));
#2632=DIRECTION('ref_axis',(0.,-1.,0.));
#2633=DIRECTION('',(-0.213500767587713,0.674104904476642,0.707106781186544));
#2634=DIRECTION('center_axis',(0.,0.,1.));
#2635=DIRECTION('ref_axis',(0.364909490295142,0.931042997875254,0.));
#2636=DIRECTION('center_axis',(0.,0.,1.));
#2637=DIRECTION('ref_axis',(0.86930458563748,0.494276782167289,0.));
#2638=DIRECTION('',(0.614691166495849,0.349506466080328,0.707106781186557));
#2639=DIRECTION('center_axis',(0.,0.,-1.));
#2640=DIRECTION('ref_axis',(-0.301935678333487,0.95332829924916,0.));
#2641=DIRECTION('center_axis',(0.,0.,-1.));
#2642=DIRECTION('ref_axis',(-0.301935678333487,0.95332829924916,0.));
#2643=DIRECTION('',(0.,0.,-1.));
#2644=DIRECTION('center_axis',(0.,0.,-1.));
#2645=DIRECTION('ref_axis',(0.364909490295156,0.931042997875248,0.));
#2646=DIRECTION('',(-0.213500767587698,0.674104904476594,-0.707106781186594));
#2647=DIRECTION('',(0.614691166495911,0.349506466080306,-0.707106781186513));
#2648=DIRECTION('center_axis',(0.,0.,1.));
#2649=DIRECTION('ref_axis',(0.,-1.,0.));
#2650=DIRECTION('center_axis',(0.,0.,1.));
#2651=DIRECTION('ref_axis',(-0.86930458563748,-0.494276782167288,0.));
#2652=DIRECTION('center_axis',(0.,0.,1.));
#2653=DIRECTION('ref_axis',(1.,0.,0.));
#2654=DIRECTION('center_axis',(0.,0.,-1.));
#2655=DIRECTION('ref_axis',(0.964197631874373,0.265184702967293,0.));
#2656=DIRECTION('center_axis',(0.,0.,-1.));
#2657=DIRECTION('ref_axis',(0.,-1.,0.));
#2658=DIRECTION('center_axis',(0.,0.,1.));
#2659=DIRECTION('ref_axis',(0.,-1.,0.));
#2660=DIRECTION('center_axis',(0.,0.,1.));
#2661=DIRECTION('ref_axis',(0.,-1.,0.));
#2662=CARTESIAN_POINT('',(0.,0.,0.));
#2663=CARTESIAN_POINT('Origin',(0.,0.,0.));
#2664=CARTESIAN_POINT('',(18.6084072351786,35.859269096983,3.90983541838826E-13));
#2665=CARTESIAN_POINT('',(18.0040950376761,37.2426175247778,8.06738934914601E-13));
#2666=CARTESIAN_POINT('Origin',(19.16113220172,36.92439590228,0.));
#2667=CARTESIAN_POINT('',(18.6084072351737,-35.8592690969864,-4.58684016694614E-13));
#2668=CARTESIAN_POINT('Origin',(0.,3.19744231092E-13,0.));
#2669=CARTESIAN_POINT('',(18.0040950368591,-37.2426175218035,-1.60936079277955E-13));
#2670=CARTESIAN_POINT('Origin',(19.16113220172,-36.92439590228,0.));
#2671=CARTESIAN_POINT('',(13.6036897106433,-39.0653250911778,-8.41525923019522E-13));
#2672=CARTESIAN_POINT('Origin',(15.69002072697,-37.87906083296,0.));
#2673=CARTESIAN_POINT('',(12.1982014037845,-38.5144632899449,9.86780102074647E-13));
#2674=CARTESIAN_POINT('Origin',(12.56052421867,-39.65845724876,0.));
#2675=CARTESIAN_POINT('',(7.69523806618352,-39.6603493568184,-5.21157191476126E-13));
#2676=CARTESIAN_POINT('Origin',(-3.343991750171E-13,1.261213355974E-12,
0.));
#2677=CARTESIAN_POINT('',(6.40000000060335,-41.2310562381918,6.03247191399307E-10));
#2678=CARTESIAN_POINT('Origin',(8.,-41.23105625618,0.));
#2679=CARTESIAN_POINT('',(6.4,-42.07433897282,0.));
#2680=CARTESIAN_POINT('',(6.399999999979,-42.07433897313,-2.141821905018E-11));
#2681=CARTESIAN_POINT('',(6.05647059423282,-42.470332750535,4.60511258755976E-14));
#2682=CARTESIAN_POINT('Origin',(6.,-42.07433897282,0.));
#2683=CARTESIAN_POINT('',(-6.05647059511144,-42.4703327504092,5.67300835937109E-13));
#2684=CARTESIAN_POINT('Origin',(-1.634248292248E-13,7.712941396676E-12,
0.));
#2685=CARTESIAN_POINT('',(-6.399999999992,-42.07433897293,-8.606652427782E-12));
#2686=CARTESIAN_POINT('Origin',(-6.,-42.07433897282,0.));
#2687=CARTESIAN_POINT('',(-6.40000000045185,-41.2310562397744,4.51810023721274E-10));
#2688=CARTESIAN_POINT('',(-6.400000000905,-41.23105623819,9.047937399309E-10));
#2689=CARTESIAN_POINT('',(-7.6952380654751,-39.660349356956,-4.30118903456863E-13));
#2690=CARTESIAN_POINT('Origin',(-8.,-41.23105625618,0.));
#2691=CARTESIAN_POINT('',(-12.1982014103664,-38.5144632878607,-1.12033068007851E-12));
#2692=CARTESIAN_POINT('Origin',(2.202682480856E-13,6.963318810449E-13,0.));
#2693=CARTESIAN_POINT('',(-13.603689709114,-39.0653250884872,-3.61585761332606E-13));
#2694=CARTESIAN_POINT('Origin',(-12.56052421867,-39.65845724876,0.));
#2695=CARTESIAN_POINT('',(-18.0040950376761,-37.2426175247779,8.11110438074062E-13));
#2696=CARTESIAN_POINT('Origin',(-15.69002072697,-37.87906083296,0.));
#2697=CARTESIAN_POINT('',(-18.6084072295475,-35.8592690999053,-5.3376284873489E-13));
#2698=CARTESIAN_POINT('Origin',(-19.16113220172,-36.92439590228,0.));
#2699=CARTESIAN_POINT('',(-18.608407235179,35.8592690969826,2.80030628315349E-13));
#2700=CARTESIAN_POINT('Origin',(6.163958232719E-13,-3.623767952377E-13,
0.));
#2701=CARTESIAN_POINT('',(-18.0040950368591,37.2426175218034,-1.4731271757995E-13));
#2702=CARTESIAN_POINT('Origin',(-19.16113220172,36.92439590228,0.));
#2703=CARTESIAN_POINT('',(-13.6036897106433,39.0653250911778,-8.41525923019522E-13));
#2704=CARTESIAN_POINT('Origin',(-15.69002072697,37.87906083296,0.));
#2705=CARTESIAN_POINT('',(-12.198201403784,38.5144632899455,9.8631750914772E-13));
#2706=CARTESIAN_POINT('Origin',(-12.56052421867,39.65845724876,0.));
#2707=CARTESIAN_POINT('',(12.1982014037891,38.5144632899444,4.86763407359092E-13));
#2708=CARTESIAN_POINT('Origin',(5.950795411991E-14,-1.95399252334E-13,0.));
#2709=CARTESIAN_POINT('',(13.603689709114,39.0653250884872,-3.61585761332606E-13));
#2710=CARTESIAN_POINT('Origin',(12.56052421867,39.65845724876,0.));
#2711=CARTESIAN_POINT('Origin',(15.69002072697,37.87906083296,0.));
#2712=CARTESIAN_POINT('',(15.69002072697,-35.6790608329602,-1.50816859001424E-13));
#2713=CARTESIAN_POINT('Origin',(15.69002072697,-37.87906083296,0.));
#2714=CARTESIAN_POINT('',(15.69002072697,40.0790608329599,-1.50816859001424E-13));
#2715=CARTESIAN_POINT('Origin',(15.69002072697,37.87906083296,0.));
#2716=CARTESIAN_POINT('',(-15.69002072697,40.0790608329598,-2.00083005719165E-13));
#2717=CARTESIAN_POINT('Origin',(-15.69002072697,37.87906083296,0.));
#2718=CARTESIAN_POINT('',(-25.54774941164,16.6,-3.12250225675825E-16));
#2719=CARTESIAN_POINT('Origin',(-25.54774941164,14.75,0.));
#2720=CARTESIAN_POINT('',(25.54774941164,-12.9,-3.12250225675825E-16));
#2721=CARTESIAN_POINT('Origin',(25.54774941164,-14.75,0.));
#2722=CARTESIAN_POINT('',(2.2655965784226E-16,-27.65,-2.42861286636753E-16));
#2723=CARTESIAN_POINT('Origin',(0.,-29.5,0.));
#2724=CARTESIAN_POINT('',(2.2655965784226E-16,31.35,-2.42861286636753E-16));
#2725=CARTESIAN_POINT('Origin',(0.,29.5,0.));
#2726=CARTESIAN_POINT('',(-25.54774941164,-12.9,-3.12250225675825E-16));
#2727=CARTESIAN_POINT('Origin',(-25.54774941164,-14.75,0.));
#2728=CARTESIAN_POINT('',(25.54774941164,16.6,-3.12250225675825E-16));
#2729=CARTESIAN_POINT('Origin',(25.54774941164,14.75,0.));
#2730=CARTESIAN_POINT('',(3.26368371972778E-15,26.6500000000007,6.48925357893404E-13));
#2731=CARTESIAN_POINT('Origin',(0.,0.,0.));
#2732=CARTESIAN_POINT('',(-15.69002072697,-35.6790608329602,-1.50816859001424E-13));
#2733=CARTESIAN_POINT('Origin',(-15.69002072697,-37.87906083296,0.));
#2734=CARTESIAN_POINT('Origin',(-15.69002072697,-37.87906083296,0.2499999994467));
#2735=CARTESIAN_POINT('',(-15.69002072697,-36.1790608329602,0.49999999999985));
#2736=CARTESIAN_POINT('',(-13.99002072697,-37.87906083296,0.499999999999998));
#2737=CARTESIAN_POINT('Origin',(-15.69002072697,-37.87906083296,0.5));
#2738=CARTESIAN_POINT('Origin',(-15.69002072697,-37.87906083296,0.5));
#2739=CARTESIAN_POINT('',(-15.69002072697,-35.929060832407,0.2499999994467));
#2740=CARTESIAN_POINT('Origin',(-15.69002072697,-37.87906083296,-26.49094583997));
#2741=CARTESIAN_POINT('',(-13.99002072697,-37.87906083296,4.78));
#2742=CARTESIAN_POINT('',(-13.99002072697,-37.87906083296,-26.49094583997));
#2743=CARTESIAN_POINT('Origin',(-15.69002072697,-37.87906083296,4.78));
#2744=CARTESIAN_POINT('Origin',(-15.69002072697,-37.87906083296,4.89));
#2745=CARTESIAN_POINT('',(-13.77002072697,-37.87906083296,5.));
#2746=CARTESIAN_POINT('',(-13.88002072697,-37.87906083296,4.89));
#2747=CARTESIAN_POINT('Origin',(-15.69002072697,-37.87906083296,5.));
#2748=CARTESIAN_POINT('Origin',(0.,0.,5.));
#2749=CARTESIAN_POINT('',(18.6084072351737,-35.8592690969865,5.00000000000041));
#2750=CARTESIAN_POINT('',(18.0040950368591,-37.2426175218034,5.00000000000018));
#2751=CARTESIAN_POINT('Origin',(19.16113220172,-36.92439590228,5.));
#2752=CARTESIAN_POINT('',(18.6084072351785,35.8592690969828,4.99999999999951));
#2753=CARTESIAN_POINT('Origin',(0.,-3.161915174132E-13,5.));
#2754=CARTESIAN_POINT('',(18.0040950376761,37.2426175247778,4.99999999999913));
#2755=CARTESIAN_POINT('Origin',(19.16113220172,36.92439590228,5.));
#2756=CARTESIAN_POINT('',(13.603689709114,39.0653250884872,5.00000000000038));
#2757=CARTESIAN_POINT('Origin',(15.69002072697,37.87906083296,5.));
#2758=CARTESIAN_POINT('',(12.198201403789,38.5144632899442,4.99999999999943));
#2759=CARTESIAN_POINT('Origin',(12.56052421867,39.65845724876,5.));
#2760=CARTESIAN_POINT('',(-12.1982014037839,38.5144632899453,4.99999999999893));
#2761=CARTESIAN_POINT('Origin',(5.861977570021E-14,-5.471179065353E-13,
5.));
#2762=CARTESIAN_POINT('',(-13.6036897106433,39.0653250911777,5.00000000000078));
#2763=CARTESIAN_POINT('Origin',(-12.56052421867,39.65845724876,5.));
#2764=CARTESIAN_POINT('',(-18.0040950368591,37.2426175218034,5.00000000000016));
#2765=CARTESIAN_POINT('Origin',(-15.69002072697,37.87906083296,5.));
#2766=CARTESIAN_POINT('',(-18.608407235179,35.8592690969826,4.99999999999967));
#2767=CARTESIAN_POINT('Origin',(-19.16113220172,36.92439590228,5.));
#2768=CARTESIAN_POINT('',(-18.6084072295475,-35.8592690999052,5.00000000000048));
#2769=CARTESIAN_POINT('Origin',(6.110667527537E-13,-3.588240815589E-13,
5.));
#2770=CARTESIAN_POINT('',(-18.0040950376761,-37.2426175247778,4.99999999999913));
#2771=CARTESIAN_POINT('Origin',(-19.16113220172,-36.92439590228,5.));
#2772=CARTESIAN_POINT('',(-13.603689709114,-39.0653250884872,5.00000000000038));
#2773=CARTESIAN_POINT('Origin',(-15.69002072697,-37.87906083296,5.));
#2774=CARTESIAN_POINT('',(-12.1982014103664,-38.5144632878608,5.00000000000118));
#2775=CARTESIAN_POINT('Origin',(-12.56052421867,-39.65845724876,5.));
#2776=CARTESIAN_POINT('',(-7.69523806547508,-39.660349356956,5.00000000000037));
#2777=CARTESIAN_POINT('Origin',(2.255973186038E-13,7.212008767965E-13,5.));
#2778=CARTESIAN_POINT('',(-6.40000000060347,-41.2310562381918,4.99999999939687));
#2779=CARTESIAN_POINT('Origin',(-8.,-41.23105625618,5.));
#2780=CARTESIAN_POINT('',(-6.4,-42.07433897282,5.));
#2781=CARTESIAN_POINT('',(-6.399999999992,-42.07433897293,5.000000000009));
#2782=CARTESIAN_POINT('',(-6.05647059511145,-42.4703327504093,4.99999999999949));
#2783=CARTESIAN_POINT('Origin',(-6.,-42.07433897282,5.));
#2784=CARTESIAN_POINT('',(6.0564705942328,-42.4703327505349,4.99999999999986));
#2785=CARTESIAN_POINT('Origin',(-1.625366508051E-13,7.744915819785E-12,
5.));
#2786=CARTESIAN_POINT('',(6.399999999979,-42.07433897313,5.000000000021));
#2787=CARTESIAN_POINT('Origin',(6.,-42.07433897282,5.));
#2788=CARTESIAN_POINT('',(6.40000000045188,-41.2310562397744,4.99999999954812));
#2789=CARTESIAN_POINT('',(6.400000000905,-41.23105623819,4.999999999095));
#2790=CARTESIAN_POINT('',(7.6952380661835,-39.6603493568183,5.00000000000044));
#2791=CARTESIAN_POINT('Origin',(8.,-41.23105625618,5.));
#2792=CARTESIAN_POINT('',(12.1982014037845,-38.5144632899449,4.99999999999893));
#2793=CARTESIAN_POINT('Origin',(-3.397282455353E-13,1.282529638047E-12,
5.));
#2794=CARTESIAN_POINT('',(13.6036897106433,-39.0653250911777,5.00000000000079));
#2795=CARTESIAN_POINT('Origin',(12.56052421867,-39.65845724876,5.));
#2796=CARTESIAN_POINT('Origin',(15.69002072697,-37.87906083296,5.));
#2797=CARTESIAN_POINT('',(-23.98774941164,-14.75,5.));
#2798=CARTESIAN_POINT('Origin',(-25.54774941164,-14.75,5.));
#2799=CARTESIAN_POINT('',(1.56,29.5,5.));
#2800=CARTESIAN_POINT('Origin',(0.,29.5,5.));
#2801=CARTESIAN_POINT('',(1.56,-29.5,5.));
#2802=CARTESIAN_POINT('Origin',(0.,-29.5,5.));
#2803=CARTESIAN_POINT('',(27.10774941164,-14.75,5.));
#2804=CARTESIAN_POINT('Origin',(25.54774941164,-14.75,5.));
#2805=CARTESIAN_POINT('',(-23.98774941164,14.75,5.));
#2806=CARTESIAN_POINT('Origin',(-25.54774941164,14.75,5.));
#2807=CARTESIAN_POINT('',(-13.77002072697,37.87906083296,5.));
#2808=CARTESIAN_POINT('Origin',(-15.69002072697,37.87906083296,5.));
#2809=CARTESIAN_POINT('',(17.61002072697,37.87906083296,5.));
#2810=CARTESIAN_POINT('Origin',(15.69002072697,37.87906083296,5.));
#2811=CARTESIAN_POINT('',(17.61002072697,-37.87906083296,5.));
#2812=CARTESIAN_POINT('Origin',(15.69002072697,-37.87906083296,5.));
#2813=CARTESIAN_POINT('',(-3.26368371972776E-15,26.6500000000004,4.9999999999995));
#2814=CARTESIAN_POINT('Origin',(0.,-1.33196372075E-13,5.));
#2815=CARTESIAN_POINT('',(27.10774941164,14.75,5.));
#2816=CARTESIAN_POINT('Origin',(25.54774941164,14.75,5.));
#2817=CARTESIAN_POINT('Origin',(25.54774941164,14.75,4.845));
#2818=CARTESIAN_POINT('',(26.79774941164,14.75,4.69));
#2819=CARTESIAN_POINT('Origin',(25.54774941164,14.75,4.69));
#2820=CARTESIAN_POINT('',(26.95274941164,14.75,4.845));
#2821=CARTESIAN_POINT('Origin',(25.54774941164,14.75,-26.27012956247));
#2822=CARTESIAN_POINT('',(25.54774941164,16.,0.600000000000001));
#2823=CARTESIAN_POINT('',(26.79774941164,14.75,0.600000000000001));
#2824=CARTESIAN_POINT('Origin',(25.54774941164,14.75,0.6));
#2825=CARTESIAN_POINT('Origin',(25.54774941164,14.75,0.6));
#2826=CARTESIAN_POINT('',(26.79774941164,14.75,-26.27012956247));
#2827=CARTESIAN_POINT('Origin',(25.54774941164,14.75,0.300000012816));
#2828=CARTESIAN_POINT('',(25.54774941164,16.299999987184,0.300000012816));
#2829=CARTESIAN_POINT('Origin',(-25.54774941164,-14.75,4.845));
#2830=CARTESIAN_POINT('',(-24.29774941164,-14.75,4.69));
#2831=CARTESIAN_POINT('Origin',(-25.54774941164,-14.75,4.69));
#2832=CARTESIAN_POINT('',(-24.14274941164,-14.75,4.845));
#2833=CARTESIAN_POINT('Origin',(-25.54774941164,-14.75,-26.27012956247));
#2834=CARTESIAN_POINT('',(-25.54774941164,-13.5,0.600000000000001));
#2835=CARTESIAN_POINT('',(-24.29774941164,-14.75,0.600000000000001));
#2836=CARTESIAN_POINT('Origin',(-25.54774941164,-14.75,0.6));
#2837=CARTESIAN_POINT('Origin',(-25.54774941164,-14.75,0.6));
#2838=CARTESIAN_POINT('',(-24.29774941164,-14.75,-26.27012956247));
#2839=CARTESIAN_POINT('Origin',(-25.54774941164,-14.75,0.300000012816));
#2840=CARTESIAN_POINT('',(-25.54774941164,-13.200000012816,0.300000012816));
#2841=CARTESIAN_POINT('Origin',(0.,29.5,4.845));
#2842=CARTESIAN_POINT('',(1.25,29.5,4.69));
#2843=CARTESIAN_POINT('Origin',(0.,29.5,4.69));
#2844=CARTESIAN_POINT('',(1.405,29.5,4.845));
#2845=CARTESIAN_POINT('Origin',(0.,29.5,-26.27012956247));
#2846=CARTESIAN_POINT('',(1.53080849893419E-16,30.75,0.6));
#2847=CARTESIAN_POINT('',(1.25,29.5,0.600000000000001));
#2848=CARTESIAN_POINT('Origin',(0.,29.5,0.6));
#2849=CARTESIAN_POINT('Origin',(0.,29.5,0.6));
#2850=CARTESIAN_POINT('',(1.25,29.5,-26.27012956247));
#2851=CARTESIAN_POINT('Origin',(0.,29.5,0.300000012816));
#2852=CARTESIAN_POINT('',(1.89820252298332E-16,31.049999987184,0.300000012816));
#2853=CARTESIAN_POINT('Origin',(0.,-29.5,4.845));
#2854=CARTESIAN_POINT('',(1.25,-29.5,4.69));
#2855=CARTESIAN_POINT('Origin',(0.,-29.5,4.69));
#2856=CARTESIAN_POINT('',(1.405,-29.5,4.845));
#2857=CARTESIAN_POINT('Origin',(0.,-29.5,-26.27012956247));
#2858=CARTESIAN_POINT('',(1.53080849893419E-16,-28.25,0.6));
#2859=CARTESIAN_POINT('',(1.25,-29.5,0.600000000000001));
#2860=CARTESIAN_POINT('Origin',(0.,-29.5,0.6));
#2861=CARTESIAN_POINT('Origin',(0.,-29.5,0.6));
#2862=CARTESIAN_POINT('',(1.25,-29.5,-26.27012956247));
#2863=CARTESIAN_POINT('Origin',(0.,-29.5,0.300000012816));
#2864=CARTESIAN_POINT('',(1.89820252298332E-16,-27.950000012816,0.300000012816));
#2865=CARTESIAN_POINT('Origin',(25.54774941164,-14.75,4.845));
#2866=CARTESIAN_POINT('',(26.79774941164,-14.75,4.69));
#2867=CARTESIAN_POINT('Origin',(25.54774941164,-14.75,4.69));
#2868=CARTESIAN_POINT('',(26.95274941164,-14.75,4.845));
#2869=CARTESIAN_POINT('Origin',(25.54774941164,-14.75,-26.27012956247));
#2870=CARTESIAN_POINT('',(25.54774941164,-13.5,0.600000000000001));
#2871=CARTESIAN_POINT('',(26.79774941164,-14.75,0.600000000000001));
#2872=CARTESIAN_POINT('Origin',(25.54774941164,-14.75,0.6));
#2873=CARTESIAN_POINT('Origin',(25.54774941164,-14.75,0.6));
#2874=CARTESIAN_POINT('',(26.79774941164,-14.75,-26.27012956247));
#2875=CARTESIAN_POINT('Origin',(25.54774941164,-14.75,0.300000012816));
#2876=CARTESIAN_POINT('',(25.54774941164,-13.200000012816,0.300000012816));
#2877=CARTESIAN_POINT('Origin',(-25.54774941164,14.75,4.845));
#2878=CARTESIAN_POINT('',(-24.29774941164,14.75,4.69));
#2879=CARTESIAN_POINT('Origin',(-25.54774941164,14.75,4.69));
#2880=CARTESIAN_POINT('',(-24.14274941164,14.75,4.845));
#2881=CARTESIAN_POINT('Origin',(-25.54774941164,14.75,-26.27012956247));
#2882=CARTESIAN_POINT('',(-25.54774941164,16.,0.600000000000001));
#2883=CARTESIAN_POINT('',(-24.29774941164,14.75,0.600000000000001));
#2884=CARTESIAN_POINT('Origin',(-25.54774941164,14.75,0.6));
#2885=CARTESIAN_POINT('Origin',(-25.54774941164,14.75,0.6));
#2886=CARTESIAN_POINT('',(-24.29774941164,14.75,-26.27012956247));
#2887=CARTESIAN_POINT('Origin',(-25.54774941164,14.75,0.300000012816));
#2888=CARTESIAN_POINT('',(-25.54774941164,16.299999987184,0.300000012816));
#2889=CARTESIAN_POINT('Origin',(-15.69002072697,37.87906083296,4.84));
#2890=CARTESIAN_POINT('',(-14.09002072697,37.87906083296,4.68));
#2891=CARTESIAN_POINT('Origin',(-15.69002072697,37.87906083296,4.68));
#2892=CARTESIAN_POINT('',(-13.93002072697,37.87906083296,4.84));
#2893=CARTESIAN_POINT('Origin',(-15.69002072697,37.87906083296,-26.49094583997));
#2894=CARTESIAN_POINT('',(-15.69002072697,39.4790608329598,0.5999999999998));
#2895=CARTESIAN_POINT('',(-14.09002072697,37.87906083296,0.600000000000001));
#2896=CARTESIAN_POINT('Origin',(-15.69002072697,37.87906083296,0.6));
#2897=CARTESIAN_POINT('Origin',(-15.69002072697,37.87906083296,0.6));
#2898=CARTESIAN_POINT('',(-14.09002072697,37.87906083296,-26.49094583997));
#2899=CARTESIAN_POINT('Origin',(-15.69002072697,37.87906083296,0.3000000036256));
#2900=CARTESIAN_POINT('',(-15.69002072697,39.779060829334,0.3000000036256));
#2901=CARTESIAN_POINT('Origin',(15.69002072697,37.87906083296,4.89));
#2902=CARTESIAN_POINT('',(17.39002072697,37.87906083296,4.78));
#2903=CARTESIAN_POINT('Origin',(15.69002072697,37.87906083296,4.78));
#2904=CARTESIAN_POINT('',(17.50002072697,37.87906083296,4.89));
#2905=CARTESIAN_POINT('Origin',(15.69002072697,37.87906083296,-26.49094583997));
#2906=CARTESIAN_POINT('',(15.69002072697,39.5790608329599,0.499999999999852));
#2907=CARTESIAN_POINT('',(17.39002072697,37.87906083296,0.499999999999998));
#2908=CARTESIAN_POINT('Origin',(15.69002072697,37.87906083296,0.5));
#2909=CARTESIAN_POINT('Origin',(15.69002072697,37.87906083296,0.5));
#2910=CARTESIAN_POINT('',(17.39002072697,37.87906083296,-26.49094583997));
#2911=CARTESIAN_POINT('Origin',(15.69002072697,37.87906083296,0.2499999994467));
#2912=CARTESIAN_POINT('',(15.69002072697,39.829060833513,0.2499999994467));
#2913=CARTESIAN_POINT('Origin',(15.69002072697,-37.87906083296,4.89));
#2914=CARTESIAN_POINT('',(17.39002072697,-37.87906083296,4.78));
#2915=CARTESIAN_POINT('Origin',(15.69002072697,-37.87906083296,4.78));
#2916=CARTESIAN_POINT('',(17.50002072697,-37.87906083296,4.89));
#2917=CARTESIAN_POINT('Origin',(15.69002072697,-37.87906083296,-26.49094583997));
#2918=CARTESIAN_POINT('',(15.69002072697,-36.1790608329602,0.499999999999852));
#2919=CARTESIAN_POINT('',(17.39002072697,-37.87906083296,0.499999999999998));
#2920=CARTESIAN_POINT('Origin',(15.69002072697,-37.87906083296,0.5));
#2921=CARTESIAN_POINT('Origin',(15.69002072697,-37.87906083296,0.5));
#2922=CARTESIAN_POINT('',(17.39002072697,-37.87906083296,-26.49094583997));
#2923=CARTESIAN_POINT('Origin',(15.69002072697,-37.87906083296,0.2499999994467));
#2924=CARTESIAN_POINT('',(15.69002072697,-35.929060832407,0.2499999994467));
#2925=CARTESIAN_POINT('Origin',(0.,-1.33196372075E-13,4.699999999789));
#2926=CARTESIAN_POINT('',(26.05,-3.19020491177886E-15,4.4));
#2927=CARTESIAN_POINT('',(-3.19020491177891E-15,26.0500000000003,4.39999999999943));
#2928=CARTESIAN_POINT('Origin',(0.,0.,4.4));
#2929=CARTESIAN_POINT('',(-3.22694431572756E-15,26.3499999997899,4.699999999789));
#2930=CARTESIAN_POINT('Origin',(0.,0.,4.4));
#2931=CARTESIAN_POINT('Origin',(0.,0.,5.));
#2932=CARTESIAN_POINT('',(26.05,-3.19020491177886E-15,0.6));
#2933=CARTESIAN_POINT('',(26.05,-3.19020491177886E-15,5.));
#2934=CARTESIAN_POINT('',(3.19020491177893E-15,26.0500000000007,0.60000000000065));
#2935=CARTESIAN_POINT('Origin',(0.,0.,0.6));
#2936=CARTESIAN_POINT('Origin',(0.,0.,0.6));
#2937=CARTESIAN_POINT('Origin',(0.,0.,0.3000000002113));
#2938=CARTESIAN_POINT('',(3.22694431572756E-15,26.34999999979,0.3000000002113));
#2939=CARTESIAN_POINT('Origin',(19.16113220172,-36.92439590228,4.699999999975));
#2940=CARTESIAN_POINT('',(18.8847697184938,-36.3918324996128,4.40000000000097));
#2941=CARTESIAN_POINT('',(18.5826136158985,-37.0835067010989,4.40000000007117));
#2942=CARTESIAN_POINT('Origin',(19.16113220172,-36.92439590228,4.4));
#2943=CARTESIAN_POINT('',(18.88476971895,-36.39183249939,4.399999999988));
#2944=CARTESIAN_POINT('',(18.58261361484,-37.08350670059,4.400000001254));
#2945=CARTESIAN_POINT('Origin',(19.16113220172,-36.92439590228,-6.518));
#2946=CARTESIAN_POINT('',(18.5826136158985,-37.0835067010989,0.599999999928843));
#2947=CARTESIAN_POINT('',(18.8847697184939,-36.3918324996128,0.599999999998984));
#2948=CARTESIAN_POINT('Origin',(19.16113220172,-36.92439590228,0.6));
#2949=CARTESIAN_POINT('',(18.88476971895,-36.39183249939,0.6000000000116));
#2950=CARTESIAN_POINT('',(18.58261361484,-37.08350670059,0.5999999987461));
#2951=CARTESIAN_POINT('Origin',(19.16113220172,-36.92439590228,0.3000000000253));
#2952=CARTESIAN_POINT('',(18.58261361484,-37.08350670059,0.5999999987461));
#2953=CARTESIAN_POINT('',(18.88476971895,-36.39183249939,0.6000000000116));
#2954=CARTESIAN_POINT('Origin',(0.,3.19744231092E-13,0.2999999999981));
#2955=CARTESIAN_POINT('',(18.8847697184991,36.3918324996082,0.599999999999631));
#2956=CARTESIAN_POINT('Origin',(0.,0.,0.6));
#2957=CARTESIAN_POINT('',(18.88476971896,36.39183249938,0.6000000000125));
#2958=CARTESIAN_POINT('Origin',(0.,0.,0.));
#2959=CARTESIAN_POINT('',(12.3793628111783,39.0864602693745,0.600000000000416));
#2960=CARTESIAN_POINT('',(-12.3793628111734,39.0864602693748,0.600000000000806));
#2961=CARTESIAN_POINT('Origin',(0.,0.,0.6));
#2962=CARTESIAN_POINT('',(-12.3793628111733,39.0864602693748,4.39999999999914));
#2963=CARTESIAN_POINT('',(-12.37936281068,39.08646026954,4.399999999987));
#2964=CARTESIAN_POINT('',(12.3793628111782,39.0864602693744,4.39999999999952));
#2965=CARTESIAN_POINT('Origin',(0.,0.,4.4));
#2966=CARTESIAN_POINT('',(12.37936281069,39.08646026954,0.6000000000125));
#2967=CARTESIAN_POINT('Origin',(0.,0.,0.));
#2968=CARTESIAN_POINT('',(-18.8847697184991,36.3918324996083,0.59999999999958));
#2969=CARTESIAN_POINT('',(-18.8847697132098,-36.3918325023509,0.599999999999553));
#2970=CARTESIAN_POINT('Origin',(0.,0.,0.6000000000002));
#2971=CARTESIAN_POINT('',(-18.8847697132098,-36.3918325023508,4.40000000000049));
#2972=CARTESIAN_POINT('',(-18.88476971252,-36.39183250271,4.400000000001));
#2973=CARTESIAN_POINT('',(-18.8847697184991,36.3918324996082,4.40000000000043));
#2974=CARTESIAN_POINT('Origin',(0.,0.,4.4));
#2975=CARTESIAN_POINT('',(-18.88476971896,36.39183249938,0.6000000000117));
#2976=CARTESIAN_POINT('Origin',(0.,0.,0.));
#2977=CARTESIAN_POINT('',(-12.3793628172958,-39.0864602674335,0.599999999999186));
#2978=CARTESIAN_POINT('',(-7.80952379544418,-40.2493644434132,0.60000000002232));
#2979=CARTESIAN_POINT('Origin',(0.,0.,0.6));
#2980=CARTESIAN_POINT('',(-7.80952379544417,-40.2493644434132,4.39999999997761));
#2981=CARTESIAN_POINT('',(-7.809523794561,-40.24936444389,4.399999999578));
#2982=CARTESIAN_POINT('',(-12.3793628172958,-39.0864602674335,4.40000000000085));
#2983=CARTESIAN_POINT('Origin',(0.,0.,4.4));
#2984=CARTESIAN_POINT('',(-12.3793628181,-39.08646026718,0.5999999999962));
#2985=CARTESIAN_POINT('Origin',(0.,0.,0.));
#2986=CARTESIAN_POINT('',(7.80952379598123,-40.2493644433094,0.600000000022338));
#2987=CARTESIAN_POINT('',(12.3793628111734,-39.0864602693748,0.600000000000806));
#2988=CARTESIAN_POINT('Origin',(0.,0.,0.6));
#2989=CARTESIAN_POINT('',(12.3793628111733,-39.0864602693748,4.39999999999914));
#2990=CARTESIAN_POINT('',(12.37936281068,-39.08646026954,4.399999999987));
#2991=CARTESIAN_POINT('',(7.80952379598122,-40.2493644433093,4.39999999997758));
#2992=CARTESIAN_POINT('Origin',(0.,0.,4.4));
#2993=CARTESIAN_POINT('',(7.809523795134,-40.24936444378,0.6000000004225));
#2994=CARTESIAN_POINT('Origin',(0.,0.,0.));
#2995=CARTESIAN_POINT('',(18.884769718499,36.3918324996081,4.40000000000031));
#2996=CARTESIAN_POINT('',(18.88476971896,36.39183249938,4.399999999987));
#2997=CARTESIAN_POINT('Origin',(0.,0.,4.4));
#2998=CARTESIAN_POINT('Origin',(5.950795411991E-14,-1.95399252334E-13,0.2999999999998));
#2999=CARTESIAN_POINT('',(12.37936281069,39.08646026954,0.6000000000125));
#3000=CARTESIAN_POINT('',(-12.37936281068,39.08646026954,0.6000000000126));
#3001=CARTESIAN_POINT('Origin',(-12.56052421867,39.65845724876,0.3000000000253));
#3002=CARTESIAN_POINT('',(-13.082106960053,39.3618911610694,0.599999999922545));
#3003=CARTESIAN_POINT('Origin',(-12.56052421867,39.65845724876,0.6));
#3004=CARTESIAN_POINT('',(-13.08210696055,39.36189116001,0.5999999986436));
#3005=CARTESIAN_POINT('Origin',(-12.56052421867,39.65845724876,11.518));
#3006=CARTESIAN_POINT('',(-13.082106960053,39.3618911610694,4.40000000007739));
#3007=CARTESIAN_POINT('',(-13.08210696055,39.36189116001,4.400000001356));
#3008=CARTESIAN_POINT('Origin',(-12.56052421867,39.65845724876,4.4));
#3009=CARTESIAN_POINT('Origin',(-12.56052421867,39.65845724876,4.699999999975));
#3010=CARTESIAN_POINT('',(-13.08210696055,39.36189116001,4.400000001356));
#3011=CARTESIAN_POINT('',(-12.37936281068,39.08646026954,4.399999999987));
#3012=CARTESIAN_POINT('Origin',(5.861977570021E-14,-5.471179065353E-13,
4.7));
#3013=CARTESIAN_POINT('',(12.37936281069,39.08646026954,4.399999999987));
#3014=CARTESIAN_POINT('Origin',(12.56052421867,39.65845724876,4.699999999975));
#3015=CARTESIAN_POINT('',(13.0821069585521,39.3618911584881,4.40000000007133));
#3016=CARTESIAN_POINT('Origin',(12.56052421867,39.65845724876,4.4));
#3017=CARTESIAN_POINT('',(13.08210695894,39.36189115738,4.400000001254));
#3018=CARTESIAN_POINT('Origin',(12.56052421867,39.65845724876,-6.518));
#3019=CARTESIAN_POINT('',(13.0821069585521,39.3618911584881,0.59999999992869));
#3020=CARTESIAN_POINT('Origin',(12.56052421867,39.65845724876,0.6));
#3021=CARTESIAN_POINT('',(13.08210695894,39.36189115738,0.5999999987461));
#3022=CARTESIAN_POINT('Origin',(12.56052421867,39.65845724876,0.3000000000253));
#3023=CARTESIAN_POINT('',(13.08210695894,39.36189115738,0.5999999987461));
#3024=CARTESIAN_POINT('Origin',(15.69002072697,37.87906083296,0.2999999980909));
#3025=CARTESIAN_POINT('',(18.5826136166562,37.0835067039763,0.599999999923727));
#3026=CARTESIAN_POINT('Origin',(15.69002072697,37.87906083296,0.6));
#3027=CARTESIAN_POINT('',(18.58261361555,37.08350670358,0.5999999986436));
#3028=CARTESIAN_POINT('Origin',(15.69002072697,37.87906083296,0.));
#3029=CARTESIAN_POINT('',(18.5826136166562,37.0835067039763,4.4000000000762));
#3030=CARTESIAN_POINT('Origin',(15.69002072697,37.87906083296,4.4));
#3031=CARTESIAN_POINT('',(18.58261361555,37.08350670358,4.400000001356));
#3032=CARTESIAN_POINT('Origin',(19.16113220172,36.92439590228,11.518));
#3033=CARTESIAN_POINT('Origin',(19.16113220172,36.92439590228,0.6));
#3034=CARTESIAN_POINT('Origin',(19.16113220172,36.92439590228,4.4));
#3035=CARTESIAN_POINT('Origin',(19.16113220172,36.92439590228,0.3000000000253));
#3036=CARTESIAN_POINT('Origin',(19.16113220172,36.92439590228,4.699999999975));
#3037=CARTESIAN_POINT('',(18.58261361555,37.08350670358,4.400000001356));
#3038=CARTESIAN_POINT('',(18.88476971896,36.39183249938,4.399999999987));
#3039=CARTESIAN_POINT('Origin',(0.,-3.161915174132E-13,4.700000000002));
#3040=CARTESIAN_POINT('Origin',(15.69002072697,37.87906083296,4.700000001909));
#3041=CARTESIAN_POINT('Origin',(-15.69002072697,37.87906083296,4.700000001909));
#3042=CARTESIAN_POINT('',(-18.5826136158985,37.0835067010989,4.40000000007117));
#3043=CARTESIAN_POINT('Origin',(-15.69002072697,37.87906083296,4.4));
#3044=CARTESIAN_POINT('',(-18.58261361484,37.08350670059,4.400000001254));
#3045=CARTESIAN_POINT('Origin',(-15.69002072697,37.87906083296,0.));
#3046=CARTESIAN_POINT('',(-18.5826136158985,37.0835067010989,0.599999999928844));
#3047=CARTESIAN_POINT('Origin',(-15.69002072697,37.87906083296,0.6));
#3048=CARTESIAN_POINT('',(-18.58261361484,37.08350670059,0.5999999987461));
#3049=CARTESIAN_POINT('Origin',(-15.69002072697,37.87906083296,0.2999999980909));
#3050=CARTESIAN_POINT('',(-18.58261361484,37.08350670059,0.5999999987461));
#3051=CARTESIAN_POINT('Origin',(-19.16113220172,36.92439590228,0.3000000000253));
#3052=CARTESIAN_POINT('Origin',(-19.16113220172,36.92439590228,0.6));
#3053=CARTESIAN_POINT('',(-18.88476971896,36.39183249938,0.6000000000117));
#3054=CARTESIAN_POINT('Origin',(-19.16113220172,36.92439590228,-6.518));
#3055=CARTESIAN_POINT('Origin',(-19.16113220172,36.92439590228,4.4));
#3056=CARTESIAN_POINT('Origin',(-19.16113220172,36.92439590228,4.699999999975));
#3057=CARTESIAN_POINT('',(-18.88476971896,36.39183249938,4.399999999988));
#3058=CARTESIAN_POINT('Origin',(6.110667527537E-13,-3.588240815589E-13,
4.700000000027));
#3059=CARTESIAN_POINT('',(-18.88476971252,-36.39183250271,4.400000000001));
#3060=CARTESIAN_POINT('Origin',(-19.16113220172,-36.92439590228,4.699999999975));
#3061=CARTESIAN_POINT('',(-18.5826136166562,-37.0835067039763,4.4000000000762));
#3062=CARTESIAN_POINT('Origin',(-19.16113220172,-36.92439590228,4.4));
#3063=CARTESIAN_POINT('',(-18.58261361555,-37.08350670358,4.400000001356));
#3064=CARTESIAN_POINT('Origin',(-19.16113220172,-36.92439590228,11.518));
#3065=CARTESIAN_POINT('',(-18.5826136166562,-37.0835067039763,0.599999999923727));
#3066=CARTESIAN_POINT('Origin',(-19.16113220172,-36.92439590228,0.6));
#3067=CARTESIAN_POINT('',(-18.58261361555,-37.08350670358,4.400000001356));
#3068=CARTESIAN_POINT('Origin',(-19.16113220172,-36.92439590228,0.3000000000253));
#3069=CARTESIAN_POINT('',(-18.88476971252,-36.39183250271,0.5999999999987));
#3070=CARTESIAN_POINT('',(-18.58261361555,-37.08350670358,0.5999999986436));
#3071=CARTESIAN_POINT('Origin',(-15.69002072697,-37.87906083296,0.2999999980909));
#3072=CARTESIAN_POINT('',(-13.0821069585521,-39.3618911584881,0.59999999992869));
#3073=CARTESIAN_POINT('Origin',(-15.69002072697,-37.87906083296,0.6));
#3074=CARTESIAN_POINT('',(-13.08210695894,-39.36189115738,0.5999999987461));
#3075=CARTESIAN_POINT('Origin',(-15.69002072697,-37.87906083296,0.));
#3076=CARTESIAN_POINT('',(-13.0821069585521,-39.3618911584881,4.40000000007133));
#3077=CARTESIAN_POINT('',(-13.08210695894,-39.36189115738,0.5999999987461));
#3078=CARTESIAN_POINT('Origin',(-15.69002072697,-37.87906083296,4.4));
#3079=CARTESIAN_POINT('Origin',(-15.69002072697,-37.87906083296,4.700000001909));
#3080=CARTESIAN_POINT('',(-13.08210695894,-39.36189115738,4.400000001254));
#3081=CARTESIAN_POINT('Origin',(-12.56052421867,-39.65845724876,4.699999999975));
#3082=CARTESIAN_POINT('Origin',(-12.56052421867,-39.65845724876,4.4));
#3083=CARTESIAN_POINT('',(-12.3793628181,-39.08646026718,4.400000000004));
#3084=CARTESIAN_POINT('Origin',(-12.56052421867,-39.65845724876,-6.518));
#3085=CARTESIAN_POINT('Origin',(-12.56052421867,-39.65845724876,0.6));
#3086=CARTESIAN_POINT('Origin',(-12.56052421867,-39.65845724876,0.3000000000253));
#3087=CARTESIAN_POINT('',(-12.3793628181,-39.08646026718,0.5999999999962));
#3088=CARTESIAN_POINT('Origin',(2.202682480856E-13,6.963318810449E-13,0.2999999999677));
#3089=CARTESIAN_POINT('',(-7.809523794561,-40.24936444389,0.6000000004216));
#3090=CARTESIAN_POINT('Origin',(-8.,-41.23105625618,0.3000000007176));
#3091=CARTESIAN_POINT('',(-7.00000000027038,-41.2310562482769,0.600000000214956));
#3092=CARTESIAN_POINT('Origin',(-8.,-41.23105625618,0.6));
#3093=CARTESIAN_POINT('',(-7.000000000424,-41.23105624775,0.6000000004241));
#3094=CARTESIAN_POINT('Origin',(-8.,-41.23105625618,11.518));
#3095=CARTESIAN_POINT('',(-7.000000000424,-41.23105624775,4.399999999576));
#3096=CARTESIAN_POINT('',(-7.000000000424,-41.23105624775,4.399999999576));
#3097=CARTESIAN_POINT('Origin',(-8.,-41.23105625618,4.4));
#3098=CARTESIAN_POINT('Origin',(-8.,-41.23105625618,4.699999999282));
#3099=CARTESIAN_POINT('',(-7.000000000424,-41.23105624775,4.399999999576));
#3100=CARTESIAN_POINT('',(-7.809523794561,-40.24936444389,4.399999999578));
#3101=CARTESIAN_POINT('Origin',(2.255973186038E-13,7.212008767965E-13,4.700000000032));
#3102=CARTESIAN_POINT('Origin',(-6.7,-41.6526976145,4.7));
#3103=CARTESIAN_POINT('',(-7.,-42.07433897282,4.4));
#3104=CARTESIAN_POINT('',(-6.999999999984,-42.07433897303,4.400000000016));
#3105=CARTESIAN_POINT('',(-6.999999999984,-42.07433897303,4.400000000016));
#3106=CARTESIAN_POINT('Origin',(-7.,-40.39801975345,0.));
#3107=CARTESIAN_POINT('',(-6.999999999984,-42.07433897303,0.5999999999839));
#3108=CARTESIAN_POINT('',(-7.000000000424,-41.23105624775,0.6000000004241));
#3109=CARTESIAN_POINT('',(-6.999999999984,-42.07433897303,4.400000000016));
#3110=CARTESIAN_POINT('Origin',(-6.7,-41.6526976145,0.3));
#3111=CARTESIAN_POINT('',(-6.999999999984,-42.07433897303,0.5999999999839));
#3112=CARTESIAN_POINT('Origin',(-6.,-42.07433897282,0.2999999992656));
#3113=CARTESIAN_POINT('',(-6.14117648454162,-43.064323416893,0.599999999935276));
#3114=CARTESIAN_POINT('Origin',(-6.,-42.07433897282,0.6));
#3115=CARTESIAN_POINT('',(-6.141176485354,-43.06432341591,0.5999999987894));
#3116=CARTESIAN_POINT('Origin',(-6.,-42.07433897282,11.518));
#3117=CARTESIAN_POINT('',(-6.14117648454163,-43.064323416893,4.40000000006483));
#3118=CARTESIAN_POINT('',(-6.141176485354,-43.06432341591,4.400000001211));
#3119=CARTESIAN_POINT('Origin',(-6.,-42.07433897282,4.4));
#3120=CARTESIAN_POINT('Origin',(-6.,-42.07433897282,4.700000000734));
#3121=CARTESIAN_POINT('',(-6.141176485354,-43.06432341591,4.400000001211));
#3122=CARTESIAN_POINT('Origin',(-1.625366508051E-13,7.744915819785E-12,
4.700000000003));
#3123=CARTESIAN_POINT('',(6.14117648267972,-43.0643234171105,4.40000000007401));
#3124=CARTESIAN_POINT('Origin',(0.,0.,4.4));
#3125=CARTESIAN_POINT('',(6.141176483352,-43.06432341603,4.400000001377));
#3126=CARTESIAN_POINT('Origin',(0.,0.,0.));
#3127=CARTESIAN_POINT('',(6.14117648267973,-43.0643234171105,0.59999999992595));
#3128=CARTESIAN_POINT('Origin',(0.,0.,0.6000000000001));
#3129=CARTESIAN_POINT('',(6.141176483352,-43.06432341603,4.400000001377));
#3130=CARTESIAN_POINT('Origin',(-1.634248292248E-13,7.712941396676E-12,
0.299999999997));
#3131=CARTESIAN_POINT('',(6.141176483352,-43.06432341603,0.5999999986225));
#3132=CARTESIAN_POINT('Origin',(6.,-42.07433897282,0.2999999991641));
#3133=CARTESIAN_POINT('',(7.,-42.07433897282,0.6));
#3134=CARTESIAN_POINT('Origin',(6.,-42.07433897282,0.6));
#3135=CARTESIAN_POINT('',(6.99999999996,-42.07433897339,0.5999999999598));
#3136=CARTESIAN_POINT('Origin',(6.,-42.07433897282,11.518));
#3137=CARTESIAN_POINT('',(6.99999999996,-42.07433897339,4.40000000004));
#3138=CARTESIAN_POINT('',(6.99999999996,-42.07433897339,4.40000000004));
#3139=CARTESIAN_POINT('Origin',(6.,-42.07433897282,4.4));
#3140=CARTESIAN_POINT('Origin',(6.,-42.07433897282,4.700000000836));
#3141=CARTESIAN_POINT('',(6.99999999996,-42.07433897339,4.40000000004));
#3142=CARTESIAN_POINT('Origin',(6.7,-41.6526976145,4.7));
#3143=CARTESIAN_POINT('',(7.00000000027038,-41.2310562482769,4.3999999997851));
#3144=CARTESIAN_POINT('',(7.000000000424,-41.23105624775,4.399999999576));
#3145=CARTESIAN_POINT('',(7.000000000424,-41.23105624775,4.399999999576));
#3146=CARTESIAN_POINT('Origin',(7.,-42.93308747342,0.));
#3147=CARTESIAN_POINT('',(7.000000000424,-41.23105624775,0.6000000004241));
#3148=CARTESIAN_POINT('',(6.99999999996,-42.07433897339,0.5999999999598));
#3149=CARTESIAN_POINT('',(7.000000000424,-41.23105624775,0.6000000004241));
#3150=CARTESIAN_POINT('Origin',(6.7,-41.6526976145,0.3));
#3151=CARTESIAN_POINT('',(7.000000000424,-41.23105624775,0.6000000004241));
#3152=CARTESIAN_POINT('Origin',(8.,-41.23105625618,0.3000000007176));
#3153=CARTESIAN_POINT('Origin',(8.,-41.23105625618,0.6));
#3154=CARTESIAN_POINT('',(7.809523795134,-40.24936444378,0.6000000004225));
#3155=CARTESIAN_POINT('Origin',(8.,-41.23105625618,-6.518));
#3156=CARTESIAN_POINT('Origin',(8.,-41.23105625618,4.4));
#3157=CARTESIAN_POINT('Origin',(8.,-41.23105625618,4.699999999282));
#3158=CARTESIAN_POINT('',(7.809523795134,-40.24936444378,4.399999999577));
#3159=CARTESIAN_POINT('Origin',(-3.397282455353E-13,1.282529638047E-12,
4.7));
#3160=CARTESIAN_POINT('',(12.37936281068,-39.08646026954,4.399999999987));
#3161=CARTESIAN_POINT('Origin',(12.56052421867,-39.65845724876,4.699999999975));
#3162=CARTESIAN_POINT('',(13.082106960053,-39.3618911610694,4.40000000007739));
#3163=CARTESIAN_POINT('Origin',(12.56052421867,-39.65845724876,4.4));
#3164=CARTESIAN_POINT('',(13.08210696055,-39.36189116001,4.400000001356));
#3165=CARTESIAN_POINT('Origin',(12.56052421867,-39.65845724876,11.518));
#3166=CARTESIAN_POINT('',(13.082106960053,-39.3618911610694,0.599999999922545));
#3167=CARTESIAN_POINT('Origin',(12.56052421867,-39.65845724876,0.6));
#3168=CARTESIAN_POINT('',(13.08210696055,-39.36189116001,4.400000001356));
#3169=CARTESIAN_POINT('Origin',(12.56052421867,-39.65845724876,0.3000000000253));
#3170=CARTESIAN_POINT('',(12.37936281068,-39.08646026954,0.6000000000126));
#3171=CARTESIAN_POINT('',(13.08210696055,-39.36189116001,0.5999999986436));
#3172=CARTESIAN_POINT('Origin',(15.69002072697,-37.87906083296,0.2999999980908));
#3173=CARTESIAN_POINT('Origin',(15.69002072697,-37.87906083296,0.6));
#3174=CARTESIAN_POINT('Origin',(15.69002072697,-37.87906083296,0.));
#3175=CARTESIAN_POINT('Origin',(15.69002072697,-37.87906083296,4.4));
#3176=CARTESIAN_POINT('Origin',(15.69002072697,-37.87906083296,4.700000001909));
#3177=CARTESIAN_POINT('Origin',(-3.343991750171E-13,1.261213355974E-12,
0.2999999999999));
#3178=CARTESIAN_POINT('Origin',(6.163958232719E-13,-3.623767952377E-13,
0.2999999999727));
#3179=UNCERTAINTY_MEASURE_WITH_UNIT(LENGTH_MEASURE(0.01),#3183,
'DISTANCE_ACCURACY_VALUE',
'Maximum model space distance between geometric entities at asserted c
onnectivities');
#3180=UNCERTAINTY_MEASURE_WITH_UNIT(LENGTH_MEASURE(0.01),#3183,
'DISTANCE_ACCURACY_VALUE',
'Maximum model space distance between geometric entities at asserted c
onnectivities');
#3181=(
GEOMETRIC_REPRESENTATION_CONTEXT(3)
GLOBAL_UNCERTAINTY_ASSIGNED_CONTEXT((#3179))
GLOBAL_UNIT_ASSIGNED_CONTEXT((#3183,#3185,#3186))
REPRESENTATION_CONTEXT('','3D')
);
#3182=(
GEOMETRIC_REPRESENTATION_CONTEXT(3)
GLOBAL_UNCERTAINTY_ASSIGNED_CONTEXT((#3180))
GLOBAL_UNIT_ASSIGNED_CONTEXT((#3183,#3185,#3186))
REPRESENTATION_CONTEXT('','3D')
);
#3183=(
LENGTH_UNIT()
NAMED_UNIT(*)
SI_UNIT(.MILLI.,.METRE.)
);
#3184=(
LENGTH_UNIT()
NAMED_UNIT(*)
SI_UNIT($,.METRE.)
);
#3185=(
NAMED_UNIT(*)
PLANE_ANGLE_UNIT()
SI_UNIT($,.RADIAN.)
);
#3186=(
NAMED_UNIT(*)
SI_UNIT($,.STERADIAN.)
SOLID_ANGLE_UNIT()
);
#3187=SHAPE_DEFINITION_REPRESENTATION(#3188,#3189);
#3188=PRODUCT_DEFINITION_SHAPE('',$,#3191);
#3189=SHAPE_REPRESENTATION('',(#1793),#3181);
#3190=PRODUCT_DEFINITION_CONTEXT('part definition',#3195,'design');
#3191=PRODUCT_DEFINITION('2026-07-07-17-42-27-335','2-RSM2-STATOR-1',#3192,
#3190);
#3192=PRODUCT_DEFINITION_FORMATION('',$,#3197);
#3193=PRODUCT_RELATED_PRODUCT_CATEGORY('2-RSM2-STATOR-1',
'2-RSM2-STATOR-1',(#3197));
#3194=APPLICATION_PROTOCOL_DEFINITION('international standard',
'automotive_design',2009,#3195);
#3195=APPLICATION_CONTEXT(
'Core Data for Automotive Mechanical Design Process');
#3196=PRODUCT_CONTEXT('part definition',#3195,'mechanical');
#3197=PRODUCT('2026-07-07-17-42-27-335','2-RSM2-STATOR-1',
'NOT SPECIFIED',(#3196));
#3198=PRESENTATION_STYLE_ASSIGNMENT((#3199));
#3199=SURFACE_STYLE_USAGE(.BOTH.,#3200);
#3200=SURFACE_SIDE_STYLE('',(#3201));
#3201=SURFACE_STYLE_FILL_AREA(#3202);
#3202=FILL_AREA_STYLE('\X2\94A2\X0\ - \X2\7F0E5149\X0\',(#3203));
#3203=FILL_AREA_STYLE_COLOUR('\X2\94A2\X0\ - \X2\7F0E5149\X0\',#3204);
#3204=COLOUR_RGB('\X2\94A2\X0\ - \X2\7F0E5149\X0\',0.627450980392157,0.627450980392157,
0.627450980392157);
ENDSEC;
END-ISO-10303-21;
