ISO-10303-21;
HEADER;
/* Generated by software containing ST-Developer
 * from STEP Tools, Inc. (www.steptools.com) 
 */

FILE_DESCRIPTION(
/* description */ ('NOT SPECIFIED'),
/* implementation_level */ '2;1');

FILE_NAME(
/* name */ '2-SPACE-UP-2.step',
/* time_stamp */ '2026-07-08T20:45:18+08:00',
/* author */ (''),
/* organization */ (''),
/* preprocessor_version */ 'ST-DEVELOPER v20.1',
/* originating_system */ 'Autodesk Translation Framework v15.8.0.0',
/* authorisation */ '');

FILE_SCHEMA (('AUTOMOTIVE_DESIGN { 1 0 10303 214 3 1 1 }'));
ENDSEC;

DATA;
#10=MECHANICAL_DESIGN_GEOMETRIC_PRESENTATION_REPRESENTATION('',(#13),#2465);
#11=SHAPE_REPRESENTATION_RELATIONSHIP('SRR','None',#2472,#12);
#12=ADVANCED_BREP_SHAPE_REPRESENTATION('',(#14),#2464);
#13=STYLED_ITEM('',(#2481),#14);
#14=MANIFOLD_SOLID_BREP('\X2\5B9E4F53\X0\1',#1063);
#15=B_SPLINE_SURFACE_WITH_KNOTS('',3,1,((#1618,#1619),(#1620,#1621),(#1622,
#1623),(#1624,#1625)),.UNSPECIFIED.,.F.,.F.,.F.,(4,4),(2,2),(0.,1.),(156.5675442214,
173.9075442214),.UNSPECIFIED.);
#16=B_SPLINE_SURFACE_WITH_KNOTS('',3,3,((#1700,#1701,#1702,#1703),(#1704,
#1705,#1706,#1707),(#1708,#1709,#1710,#1711),(#1712,#1713,#1714,#1715),
(#1716,#1717,#1718,#1719),(#1720,#1721,#1722,#1723),(#1724,#1725,#1726,
#1727),(#1728,#1729,#1730,#1731),(#1732,#1733,#1734,#1735),(#1736,#1737,
#1738,#1739),(#1740,#1741,#1742,#1743),(#1744,#1745,#1746,#1747),(#1748,
#1749,#1750,#1751),(#1752,#1753,#1754,#1755),(#1756,#1757,#1758,#1759),
(#1760,#1761,#1762,#1763)),.UNSPECIFIED.,.F.,.F.,.F.,(4,1,1,1,1,1,1,1,1,
1,1,1,1,4),(4,4),(-0.007716041061604,0.,0.09090909090909,0.1818181818182,
0.2727272727273,0.3636363636364,0.4545454545455,0.5454545454545,0.6363636363636,
0.7272727272727,0.8181818181818,0.9090909090909,1.,1.007806393258),(-0.2948063624037,
1.294806362404),.UNSPECIFIED.);
#17=B_SPLINE_SURFACE_WITH_KNOTS('',3,3,((#2042,#2043,#2044,#2045),(#2046,
#2047,#2048,#2049),(#2050,#2051,#2052,#2053),(#2054,#2055,#2056,#2057),
(#2058,#2059,#2060,#2061),(#2062,#2063,#2064,#2065),(#2066,#2067,#2068,
#2069),(#2070,#2071,#2072,#2073),(#2074,#2075,#2076,#2077),(#2078,#2079,
#2080,#2081),(#2082,#2083,#2084,#2085),(#2086,#2087,#2088,#2089),(#2090,
#2091,#2092,#2093),(#2094,#2095,#2096,#2097),(#2098,#2099,#2100,#2101),
(#2102,#2103,#2104,#2105)),.UNSPECIFIED.,.F.,.F.,.F.,(4,1,1,1,1,1,1,1,1,
1,1,1,1,4),(4,4),(-0.007717549364507,0.,0.09090909090909,0.1818181818182,
0.2727272727273,0.3636363636364,0.4545454545455,0.5454545454545,0.6363636363636,
0.7272727272727,0.8181818181818,0.9090909090909,1.,1.007803506114),(-0.2948063624037,
1.294806362404),.UNSPECIFIED.);
#18=B_SPLINE_SURFACE_WITH_KNOTS('',3,3,((#2117,#2118,#2119,#2120),(#2121,
#2122,#2123,#2124),(#2125,#2126,#2127,#2128),(#2129,#2130,#2131,#2132),
(#2133,#2134,#2135,#2136),(#2137,#2138,#2139,#2140),(#2141,#2142,#2143,
#2144),(#2145,#2146,#2147,#2148),(#2149,#2150,#2151,#2152),(#2153,#2154,
#2155,#2156),(#2157,#2158,#2159,#2160),(#2161,#2162,#2163,#2164),(#2165,
#2166,#2167,#2168),(#2169,#2170,#2171,#2172),(#2173,#2174,#2175,#2176),
(#2177,#2178,#2179,#2180)),.UNSPECIFIED.,.F.,.F.,.F.,(4,1,1,1,1,1,1,1,1,
1,1,1,1,4),(4,4),(-0.007716041061605,0.,0.09090909090909,0.1818181818182,
0.2727272727273,0.3636363636364,0.4545454545455,0.5454545454545,0.6363636363636,
0.7272727272727,0.8181818181818,0.9090909090909,1.,1.007806393258),(-0.2948063624037,
1.294806362404),.UNSPECIFIED.);
#19=B_SPLINE_SURFACE_WITH_KNOTS('',3,1,((#2307,#2308),(#2309,#2310),(#2311,
#2312),(#2313,#2314)),.UNSPECIFIED.,.F.,.F.,.F.,(4,4),(2,2),(0.,1.),(156.5675442214,
173.9075442214),.UNSPECIFIED.);
#20=B_SPLINE_SURFACE_WITH_KNOTS('',3,3,((#2349,#2350,#2351,#2352),(#2353,
#2354,#2355,#2356),(#2357,#2358,#2359,#2360),(#2361,#2362,#2363,#2364),
(#2365,#2366,#2367,#2368),(#2369,#2370,#2371,#2372),(#2373,#2374,#2375,
#2376),(#2377,#2378,#2379,#2380),(#2381,#2382,#2383,#2384),(#2385,#2386,
#2387,#2388),(#2389,#2390,#2391,#2392),(#2393,#2394,#2395,#2396),(#2397,
#2398,#2399,#2400),(#2401,#2402,#2403,#2404),(#2405,#2406,#2407,#2408),
(#2409,#2410,#2411,#2412)),.UNSPECIFIED.,.F.,.F.,.F.,(4,1,1,1,1,1,1,1,1,
1,1,1,1,4),(4,4),(-0.007717549364507,0.,0.09090909090909,0.1818181818182,
0.2727272727273,0.3636363636364,0.4545454545455,0.5454545454545,0.6363636363636,
0.7272727272727,0.8181818181818,0.9090909090909,1.,1.007803506114),(-0.2948063624037,
1.294806362404),.UNSPECIFIED.);
#21=B_SPLINE_CURVE_WITH_KNOTS('',3,(#1490,#1491,#1492,#1493,#1494,#1495,
#1496,#1497,#1498,#1499,#1500,#1501,#1502,#1503,#1504,#1505,#1506,#1507,
#1508,#1509,#1510,#1511,#1512,#1513,#1514,#1515,#1516,#1517,#1518,#1519,
#1520,#1521,#1522,#1523,#1524,#1525,#1526,#1527,#1528,#1529,#1530,#1531,
#1532,#1533,#1534,#1535,#1536,#1537,#1538,#1539,#1540,#1541,#1542,#1543,
#1544,#1545,#1546,#1547,#1548,#1549,#1550,#1551,#1552,#1553,#1554,#1555,
#1556),.UNSPECIFIED.,.F.,.F.,(4,3,3,3,3,3,3,3,3,3,3,3,3,3,3,3,3,3,3,3,3,
3,4),(0.421838361617776,0.423885920426864,0.447558188242333,0.460983227882946,
0.485679112126186,0.507169731795523,0.536528805310827,0.561621665708697,
0.58682894728389,0.609988540652832,0.631793742246532,0.653578193293382,
0.656956352621143,0.682026713032895,0.706041964776178,0.739162520145501,
0.75998618273043,0.784723743846532,0.806407869527844,0.830082669018003,
0.843600814200162,0.843754382592532,0.846277132600543),.UNSPECIFIED.);
#22=B_SPLINE_CURVE_WITH_KNOTS('',3,(#1557,#1558,#1559,#1560,#1561,#1562,
#1563,#1564,#1565,#1566,#1567,#1568,#1569,#1570,#1571,#1572,#1573,#1574,
#1575,#1576,#1577,#1578,#1579,#1580,#1581,#1582,#1583,#1584,#1585,#1586,
#1587,#1588,#1589,#1590,#1591,#1592,#1593,#1594,#1595,#1596,#1597,#1598,
#1599,#1600,#1601,#1602,#1603,#1604,#1605,#1606,#1607,#1608,#1609,#1610,
#1611,#1612,#1613,#1614,#1615,#1616,#1617),.UNSPECIFIED.,.F.,.F.,(4,3,3,
3,3,3,3,3,3,3,3,3,3,3,3,3,3,3,3,3,4),(0.846277132600543,0.86093402966409,
0.885603187819294,0.897845618587457,0.92690152053407,0.944662827441,0.978261050319783,
0.992613346784442,1.01701280141828,1.04060412345434,1.063755135947,1.08710860019792,
1.09004621428797,1.11640728742475,1.14088000362817,1.18295560904945,1.19125459620881,
1.21733861035965,1.23211890823434,1.25043032191281,1.26559274421031),
 .UNSPECIFIED.);
#23=B_SPLINE_CURVE_WITH_KNOTS('',3,(#1628,#1629,#1630,#1631,#1632,#1633,
#1634,#1635,#1636,#1637,#1638,#1639,#1640,#1641,#1642,#1643,#1644,#1645,
#1646,#1647,#1648,#1649,#1650,#1651,#1652,#1653,#1654,#1655,#1656,#1657,
#1658,#1659,#1660,#1661),.UNSPECIFIED.,.F.,.F.,(4,2,2,2,2,2,2,2,2,2,2,2,
2,2,2,2,4),(-2.91150976195634,-2.69633128218953,-2.49405180882654,-2.12322357675619,
-1.89575801917352,-1.77107375899702,-1.64239477375411,-1.57958503820225,
-1.45580304717133,-1.33202099082609,-1.26921162199394,-1.14053268247741,
-1.01584510877757,-0.788373934858383,-0.417550398279549,-0.215226146509197,
-9.9999996809344E-7),.UNSPECIFIED.);
#24=B_SPLINE_CURVE_WITH_KNOTS('',3,(#1665,#1666,#1667,#1668,#1669,#1670,
#1671,#1672,#1673,#1674,#1675,#1676,#1677,#1678,#1679,#1680,#1681,#1682,
#1683,#1684,#1685,#1686,#1687,#1688,#1689,#1690,#1691,#1692,#1693,#1694,
#1695,#1696,#1697,#1698),.UNSPECIFIED.,.F.,.F.,(4,2,2,2,2,2,2,2,2,2,2,2,
2,2,2,2,4),(-2.91150643539696,-2.69632628133974,-2.49404569796905,-2.12321747659324,
-1.89575196839817,-1.7710677570501,-1.64238897998164,-1.57957936932407,
-1.45579760122429,-1.33201577415469,-1.2692065043561,-1.14052778480315,
-1.01584056214788,-0.78837037268483,-0.417548797983839,-0.215225773794433,
-9.99999968165355E-7),.UNSPECIFIED.);
#25=B_SPLINE_CURVE_WITH_KNOTS('',3,(#1766,#1767,#1768,#1769,#1770,#1771,
#1772,#1773,#1774,#1775,#1776,#1777,#1778,#1779,#1780,#1781,#1782,#1783,
#1784,#1785,#1786,#1787,#1788,#1789,#1790,#1791,#1792,#1793,#1794,#1795,
#1796,#1797,#1798,#1799),.UNSPECIFIED.,.F.,.F.,(4,3,3,3,3,3,3,3,3,3,3,4),
(0.,0.0909090916742061,0.181818182438342,0.272727273202469,0.363636363966595,
0.454545454730721,0.545454545494748,0.636363636258874,0.727272727023,0.818181817787127,
0.909090908551253,1.),.UNSPECIFIED.);
#26=B_SPLINE_CURVE_WITH_KNOTS('',3,(#1814,#1815,#1816,#1817,#1818,#1819,
#1820,#1821,#1822,#1823,#1824,#1825,#1826,#1827,#1828,#1829,#1830,#1831,
#1832,#1833,#1834,#1835,#1836,#1837,#1838,#1839,#1840,#1841,#1842,#1843,
#1844,#1845,#1846,#1847),.UNSPECIFIED.,.F.,.F.,(4,3,3,3,3,3,3,3,3,3,3,4),
(0.,0.0909090916740312,0.181818182438196,0.272727273202352,0.363636363966507,
0.454545454730662,0.545454545494717,0.636363636258872,0.727272727023027,
0.818181817787182,0.909090908551337,1.),.UNSPECIFIED.);
#27=B_SPLINE_CURVE_WITH_KNOTS('',3,(#1944,#1945,#1946,#1947,#1948,#1949,
#1950,#1951,#1952,#1953,#1954,#1955,#1956,#1957,#1958,#1959,#1960,#1961,
#1962,#1963,#1964,#1965,#1966,#1967,#1968,#1969,#1970,#1971,#1972,#1973,
#1974,#1975,#1976,#1977),.UNSPECIFIED.,.F.,.F.,(4,3,3,3,3,3,3,3,3,3,3,4),
(0.,0.09090909143526,0.181818182199023,0.272727272962776,0.363636363726528,
0.454545454490281,0.545454545253934,0.636363636017687,0.727272726781439,
0.818181817545192,0.909090908308945,1.),.UNSPECIFIED.);
#28=B_SPLINE_CURVE_WITH_KNOTS('',3,(#1981,#1982,#1983,#1984,#1985,#1986,
#1987,#1988,#1989,#1990,#1991,#1992,#1993,#1994,#1995,#1996,#1997,#1998,
#1999,#2000,#2001,#2002,#2003,#2004,#2005,#2006,#2007,#2008,#2009,#2010,
#2011,#2012,#2013,#2014),.UNSPECIFIED.,.F.,.F.,(4,3,3,3,3,3,3,3,3,3,3,4),
(0.,0.0909090914353424,0.181818182199087,0.272727272962821,0.363636363726555,
0.454545454490289,0.545454545253923,0.636363636017657,0.727272726781391,
0.818181817545125,0.909090908308859,1.),.UNSPECIFIED.);
#29=B_SPLINE_CURVE_WITH_KNOTS('',3,(#2182,#2183,#2184,#2185,#2186,#2187,
#2188,#2189,#2190,#2191,#2192,#2193,#2194,#2195,#2196,#2197,#2198,#2199,
#2200,#2201,#2202,#2203,#2204,#2205,#2206,#2207,#2208,#2209,#2210,#2211,
#2212,#2213,#2214,#2215),.UNSPECIFIED.,.F.,.F.,(4,2,2,2,2,2,2,2,2,2,2,2,
2,2,2,2,4),(-2.91150976197647,-2.6963313561136,-2.49405195222427,-2.12322384751644,
-1.89575836805785,-1.77107415070476,-1.64239520965737,-1.57958549567778,
-1.45580354716022,-1.3320215333283,-1.26921218606838,-1.14053329074835,
-1.01584575987393,-0.788374664082355,-0.417551254867126,-0.215227072587236,
-9.99999966388998E-7),.UNSPECIFIED.);
#30=B_SPLINE_CURVE_WITH_KNOTS('',3,(#2262,#2263,#2264,#2265,#2266,#2267,
#2268,#2269,#2270,#2271,#2272,#2273,#2274,#2275,#2276,#2277,#2278,#2279,
#2280,#2281,#2282,#2283,#2284,#2285,#2286,#2287,#2288,#2289,#2290,#2291,
#2292,#2293,#2294,#2295,#2296,#2297,#2298,#2299,#2300,#2301,#2302,#2303,
#2304,#2305),.UNSPECIFIED.,.T.,.F.,(4,2,2,2,2,2,2,2,2,2,2,2,2,2,2,2,2,2,
2,2,2,4),(0.,0.0171796403501242,0.0540912505377798,0.100908524203776,0.148859032967555,
0.196849805497947,0.246291896973919,0.29712567995207,0.34750027522336,0.38836451340714,
0.406675901352384,0.423885868546599,0.460983189260622,0.50716974429831,
0.561621628717785,0.609988463291308,0.656956247939684,0.70604185299592,
0.759986060259626,0.80640763729011,0.843600522787739,0.843754049776582),
 .UNSPECIFIED.);
#31=B_SPLINE_CURVE_WITH_KNOTS('',3,(#2315,#2316,#2317,#2318,#2319,#2320,
#2321,#2322,#2323,#2324,#2325,#2326,#2327,#2328,#2329,#2330,#2331,#2332,
#2333,#2334,#2335,#2336,#2337,#2338,#2339,#2340,#2341,#2342,#2343,#2344,
#2345,#2346,#2347,#2348),.UNSPECIFIED.,.F.,.F.,(4,2,2,2,2,2,2,2,2,2,2,2,
2,2,2,2,4),(-2.91150643538333,-2.69632620742125,-2.49404555457609,-2.12321720583711,
-1.89575161951766,-1.7710673653458,-1.64238854408181,-1.57957891185156,
-1.45579710123732,-1.33201523165327,-1.26920594028202,-1.14052717653284,
-1.01583991105211,-0.788369643461396,-0.417547941396755,-0.215224847716735,
-9.99999968461428E-7),.UNSPECIFIED.);
#32=CYLINDRICAL_SURFACE('',#1085,1.3);
#33=CYLINDRICAL_SURFACE('',#1098,1.);
#34=CYLINDRICAL_SURFACE('',#1111,1.);
#35=CYLINDRICAL_SURFACE('',#1116,1.);
#36=CYLINDRICAL_SURFACE('',#1134,1.);
#37=CYLINDRICAL_SURFACE('',#1145,1.3);
#38=CYLINDRICAL_SURFACE('',#1149,1.3);
#39=CYLINDRICAL_SURFACE('',#1153,2.5);
#40=CYLINDRICAL_SURFACE('',#1156,2.5);
#41=CYLINDRICAL_SURFACE('',#1162,1.3);
#42=CYLINDRICAL_SURFACE('',#1166,2.5);
#43=CYLINDRICAL_SURFACE('',#1169,2.5);
#44=CONICAL_SURFACE('',#1082,1.43,0.785398163397448);
#45=CONICAL_SURFACE('',#1093,0.8499999999192,0.785398163397448);
#46=CONICAL_SURFACE('',#1096,0.8499999999192,0.785398163397448);
#47=CONICAL_SURFACE('',#1100,0.8499999999803,0.785398163397448);
#48=CONICAL_SURFACE('',#1109,0.8499999999803,0.785398163397448);
#49=CONICAL_SURFACE('',#1113,0.8499999999192,0.785398163397448);
#50=CONICAL_SURFACE('',#1118,0.8499999999803,0.785398163397448);
#51=CONICAL_SURFACE('',#1132,0.8499999999803,0.785398163397448);
#52=CONICAL_SURFACE('',#1136,0.8499999999192,0.785398163397448);
#53=CONICAL_SURFACE('',#1143,1.43,0.785398163397448);
#54=CONICAL_SURFACE('',#1147,1.43,0.785398163397448);
#55=CONICAL_SURFACE('',#1151,0.703605420132,1.02974425867665);
#56=CONICAL_SURFACE('',#1159,1.43,0.785398163397448);
#57=CONICAL_SURFACE('',#1165,0.703605420132,1.02974425867665);
#58=FACE_BOUND('',#170,.T.);
#59=FACE_BOUND('',#171,.T.);
#60=FACE_BOUND('',#172,.T.);
#61=FACE_BOUND('',#173,.T.);
#62=FACE_BOUND('',#177,.T.);
#63=FACE_BOUND('',#218,.T.);
#64=FACE_BOUND('',#219,.T.);
#65=FACE_BOUND('',#220,.T.);
#66=FACE_BOUND('',#221,.T.);
#67=FACE_BOUND('',#225,.T.);
#68=CIRCLE('',#1078,1.56);
#69=CIRCLE('',#1079,1.56);
#70=CIRCLE('',#1080,2.5);
#71=CIRCLE('',#1081,2.5);
#72=CIRCLE('',#1083,1.3);
#73=CIRCLE('',#1084,1.3);
#74=CIRCLE('',#1089,0.7);
#75=CIRCLE('',#1090,0.7);
#76=CIRCLE('',#1091,0.7);
#77=CIRCLE('',#1092,0.7);
#78=CIRCLE('',#1094,1.);
#79=CIRCLE('',#1097,1.);
#80=CIRCLE('',#1099,1.);
#81=CIRCLE('',#1101,0.7);
#82=CIRCLE('',#1104,0.7);
#83=CIRCLE('',#1105,0.7);
#84=CIRCLE('',#1107,0.7);
#85=CIRCLE('',#1110,1.);
#86=CIRCLE('',#1112,1.);
#87=CIRCLE('',#1117,1.);
#88=CIRCLE('',#1133,1.);
#89=CIRCLE('',#1135,1.);
#90=CIRCLE('',#1139,1.56);
#91=CIRCLE('',#1140,1.56);
#92=CIRCLE('',#1141,2.5);
#93=CIRCLE('',#1142,2.5);
#94=CIRCLE('',#1144,1.3);
#95=CIRCLE('',#1148,1.3);
#96=CIRCLE('',#1150,1.3);
#97=CIRCLE('',#1154,2.5);
#98=CIRCLE('',#1157,2.5);
#99=CIRCLE('',#1160,1.3);
#100=CIRCLE('',#1161,1.3);
#101=CIRCLE('',#1163,1.3);
#102=CIRCLE('',#1164,1.3);
#103=CIRCLE('',#1167,2.5);
#104=CIRCLE('',#1170,2.5);
#105=FACE_OUTER_BOUND('',#169,.T.);
#106=FACE_OUTER_BOUND('',#174,.T.);
#107=FACE_OUTER_BOUND('',#175,.T.);
#108=FACE_OUTER_BOUND('',#176,.T.);
#109=FACE_OUTER_BOUND('',#178,.T.);
#110=FACE_OUTER_BOUND('',#179,.T.);
#111=FACE_OUTER_BOUND('',#180,.T.);
#112=FACE_OUTER_BOUND('',#181,.T.);
#113=FACE_OUTER_BOUND('',#182,.T.);
#114=FACE_OUTER_BOUND('',#183,.T.);
#115=FACE_OUTER_BOUND('',#184,.T.);
#116=FACE_OUTER_BOUND('',#185,.T.);
#117=FACE_OUTER_BOUND('',#186,.T.);
#118=FACE_OUTER_BOUND('',#187,.T.);
#119=FACE_OUTER_BOUND('',#188,.T.);
#120=FACE_OUTER_BOUND('',#189,.T.);
#121=FACE_OUTER_BOUND('',#190,.T.);
#122=FACE_OUTER_BOUND('',#191,.T.);
#123=FACE_OUTER_BOUND('',#192,.T.);
#124=FACE_OUTER_BOUND('',#193,.T.);
#125=FACE_OUTER_BOUND('',#194,.T.);
#126=FACE_OUTER_BOUND('',#195,.T.);
#127=FACE_OUTER_BOUND('',#196,.T.);
#128=FACE_OUTER_BOUND('',#197,.T.);
#129=FACE_OUTER_BOUND('',#198,.T.);
#130=FACE_OUTER_BOUND('',#199,.T.);
#131=FACE_OUTER_BOUND('',#200,.T.);
#132=FACE_OUTER_BOUND('',#201,.T.);
#133=FACE_OUTER_BOUND('',#202,.T.);
#134=FACE_OUTER_BOUND('',#203,.T.);
#135=FACE_OUTER_BOUND('',#204,.T.);
#136=FACE_OUTER_BOUND('',#205,.T.);
#137=FACE_OUTER_BOUND('',#206,.T.);
#138=FACE_OUTER_BOUND('',#207,.T.);
#139=FACE_OUTER_BOUND('',#208,.T.);
#140=FACE_OUTER_BOUND('',#209,.T.);
#141=FACE_OUTER_BOUND('',#210,.T.);
#142=FACE_OUTER_BOUND('',#211,.T.);
#143=FACE_OUTER_BOUND('',#212,.T.);
#144=FACE_OUTER_BOUND('',#213,.T.);
#145=FACE_OUTER_BOUND('',#214,.T.);
#146=FACE_OUTER_BOUND('',#215,.T.);
#147=FACE_OUTER_BOUND('',#216,.T.);
#148=FACE_OUTER_BOUND('',#217,.T.);
#149=FACE_OUTER_BOUND('',#222,.T.);
#150=FACE_OUTER_BOUND('',#223,.T.);
#151=FACE_OUTER_BOUND('',#224,.T.);
#152=FACE_OUTER_BOUND('',#226,.T.);
#153=FACE_OUTER_BOUND('',#227,.T.);
#154=FACE_OUTER_BOUND('',#228,.T.);
#155=FACE_OUTER_BOUND('',#229,.T.);
#156=FACE_OUTER_BOUND('',#230,.T.);
#157=FACE_OUTER_BOUND('',#231,.T.);
#158=FACE_OUTER_BOUND('',#232,.T.);
#159=FACE_OUTER_BOUND('',#233,.T.);
#160=FACE_OUTER_BOUND('',#234,.T.);
#161=FACE_OUTER_BOUND('',#235,.T.);
#162=FACE_OUTER_BOUND('',#236,.T.);
#163=FACE_OUTER_BOUND('',#237,.T.);
#164=FACE_OUTER_BOUND('',#238,.T.);
#165=FACE_OUTER_BOUND('',#239,.T.);
#166=FACE_OUTER_BOUND('',#240,.T.);
#167=FACE_OUTER_BOUND('',#241,.T.);
#168=FACE_OUTER_BOUND('',#242,.T.);
#169=EDGE_LOOP('',(#675,#676,#677,#678));
#170=EDGE_LOOP('',(#679));
#171=EDGE_LOOP('',(#680));
#172=EDGE_LOOP('',(#681));
#173=EDGE_LOOP('',(#682));
#174=EDGE_LOOP('',(#683,#684,#685,#686,#687));
#175=EDGE_LOOP('',(#688,#689,#690,#691,#692,#693));
#176=EDGE_LOOP('',(#694,#695,#696,#697));
#177=EDGE_LOOP('',(#698,#699));
#178=EDGE_LOOP('',(#700,#701,#702,#703));
#179=EDGE_LOOP('',(#704,#705,#706,#707,#708,#709,#710,#711,#712,#713));
#180=EDGE_LOOP('',(#714,#715,#716,#717));
#181=EDGE_LOOP('',(#718,#719,#720,#721,#722,#723,#724,#725));
#182=EDGE_LOOP('',(#726,#727,#728,#729));
#183=EDGE_LOOP('',(#730,#731,#732,#733));
#184=EDGE_LOOP('',(#734,#735,#736,#737));
#185=EDGE_LOOP('',(#738,#739,#740,#741));
#186=EDGE_LOOP('',(#742,#743,#744,#745));
#187=EDGE_LOOP('',(#746,#747,#748,#749,#750));
#188=EDGE_LOOP('',(#751,#752,#753,#754,#755,#756));
#189=EDGE_LOOP('',(#757,#758,#759,#760,#761,#762));
#190=EDGE_LOOP('',(#763,#764,#765,#766,#767));
#191=EDGE_LOOP('',(#768,#769,#770,#771));
#192=EDGE_LOOP('',(#772,#773,#774,#775));
#193=EDGE_LOOP('',(#776,#777,#778,#779));
#194=EDGE_LOOP('',(#780,#781,#782,#783));
#195=EDGE_LOOP('',(#784,#785,#786,#787,#788,#789,#790,#791,#792,#793));
#196=EDGE_LOOP('',(#794,#795,#796,#797));
#197=EDGE_LOOP('',(#798,#799,#800,#801));
#198=EDGE_LOOP('',(#802,#803,#804,#805));
#199=EDGE_LOOP('',(#806,#807,#808,#809,#810));
#200=EDGE_LOOP('',(#811,#812,#813,#814,#815,#816));
#201=EDGE_LOOP('',(#817,#818,#819,#820));
#202=EDGE_LOOP('',(#821,#822,#823,#824,#825));
#203=EDGE_LOOP('',(#826,#827,#828,#829,#830));
#204=EDGE_LOOP('',(#831,#832,#833,#834));
#205=EDGE_LOOP('',(#835,#836,#837,#838));
#206=EDGE_LOOP('',(#839,#840,#841,#842));
#207=EDGE_LOOP('',(#843,#844,#845,#846));
#208=EDGE_LOOP('',(#847,#848,#849,#850));
#209=EDGE_LOOP('',(#851,#852,#853,#854,#855));
#210=EDGE_LOOP('',(#856,#857,#858,#859));
#211=EDGE_LOOP('',(#860,#861,#862,#863,#864,#865));
#212=EDGE_LOOP('',(#866,#867,#868,#869,#870));
#213=EDGE_LOOP('',(#871,#872,#873,#874));
#214=EDGE_LOOP('',(#875,#876,#877,#878));
#215=EDGE_LOOP('',(#879,#880,#881,#882));
#216=EDGE_LOOP('',(#883,#884,#885,#886));
#217=EDGE_LOOP('',(#887,#888,#889,#890));
#218=EDGE_LOOP('',(#891));
#219=EDGE_LOOP('',(#892));
#220=EDGE_LOOP('',(#893));
#221=EDGE_LOOP('',(#894));
#222=EDGE_LOOP('',(#895,#896,#897,#898));
#223=EDGE_LOOP('',(#899,#900,#901,#902));
#224=EDGE_LOOP('',(#903,#904,#905,#906));
#225=EDGE_LOOP('',(#907));
#226=EDGE_LOOP('',(#908,#909,#910,#911));
#227=EDGE_LOOP('',(#912,#913,#914,#915,#916));
#228=EDGE_LOOP('',(#917,#918,#919,#920));
#229=EDGE_LOOP('',(#921,#922,#923,#924));
#230=EDGE_LOOP('',(#925,#926,#927));
#231=EDGE_LOOP('',(#928,#929,#930,#931));
#232=EDGE_LOOP('',(#932,#933,#934,#935));
#233=EDGE_LOOP('',(#936));
#234=EDGE_LOOP('',(#937,#938,#939,#940));
#235=EDGE_LOOP('',(#941));
#236=EDGE_LOOP('',(#942,#943,#944,#945,#946));
#237=EDGE_LOOP('',(#947,#948,#949,#950,#951,#952));
#238=EDGE_LOOP('',(#953,#954,#955,#956));
#239=EDGE_LOOP('',(#957,#958,#959,#960));
#240=EDGE_LOOP('',(#961));
#241=EDGE_LOOP('',(#962,#963,#964,#965));
#242=EDGE_LOOP('',(#966));
#243=LINE('',#1466,#341);
#244=LINE('',#1468,#342);
#245=LINE('',#1470,#343);
#246=LINE('',#1471,#344);
#247=LINE('',#1484,#345);
#248=LINE('',#1488,#346);
#249=LINE('',#1663,#347);
#250=LINE('',#1699,#348);
#251=LINE('',#1800,#349);
#252=LINE('',#1801,#350);
#253=LINE('',#1805,#351);
#254=LINE('',#1807,#352);
#255=LINE('',#1809,#353);
#256=LINE('',#1810,#354);
#257=LINE('',#1812,#355);
#258=LINE('',#1849,#356);
#259=LINE('',#1851,#357);
#260=LINE('',#1852,#358);
#261=LINE('',#1856,#359);
#262=LINE('',#1857,#360);
#263=LINE('',#1858,#361);
#264=LINE('',#1864,#362);
#265=LINE('',#1869,#363);
#266=LINE('',#1872,#364);
#267=LINE('',#1875,#365);
#268=LINE('',#1877,#366);
#269=LINE('',#1879,#367);
#270=LINE('',#1886,#368);
#271=LINE('',#1889,#369);
#272=LINE('',#1892,#370);
#273=LINE('',#1894,#371);
#274=LINE('',#1895,#372);
#275=LINE('',#1899,#373);
#276=LINE('',#1903,#374);
#277=LINE('',#1907,#375);
#278=LINE('',#1908,#376);
#279=LINE('',#1911,#377);
#280=LINE('',#1915,#378);
#281=LINE('',#1916,#379);
#282=LINE('',#1919,#380);
#283=LINE('',#1921,#381);
#284=LINE('',#1923,#382);
#285=LINE('',#1924,#383);
#286=LINE('',#1928,#384);
#287=LINE('',#1933,#385);
#288=LINE('',#1934,#386);
#289=LINE('',#1936,#387);
#290=LINE('',#1937,#388);
#291=LINE('',#1939,#389);
#292=LINE('',#1942,#390);
#293=LINE('',#1979,#391);
#294=LINE('',#2016,#392);
#295=LINE('',#2018,#393);
#296=LINE('',#2019,#394);
#297=LINE('',#2023,#395);
#298=LINE('',#2024,#396);
#299=LINE('',#2028,#397);
#300=LINE('',#2029,#398);
#301=LINE('',#2033,#399);
#302=LINE('',#2034,#400);
#303=LINE('',#2035,#401);
#304=LINE('',#2037,#402);
#305=LINE('',#2038,#403);
#306=LINE('',#2041,#404);
#307=LINE('',#2106,#405);
#308=LINE('',#2109,#406);
#309=LINE('',#2110,#407);
#310=LINE('',#2113,#408);
#311=LINE('',#2114,#409);
#312=LINE('',#2116,#410);
#313=LINE('',#2216,#411);
#314=LINE('',#2219,#412);
#315=LINE('',#2221,#413);
#316=LINE('',#2222,#414);
#317=LINE('',#2225,#415);
#318=LINE('',#2227,#416);
#319=LINE('',#2228,#417);
#320=LINE('',#2230,#418);
#321=LINE('',#2231,#419);
#322=LINE('',#2233,#420);
#323=LINE('',#2237,#421);
#324=LINE('',#2241,#422);
#325=LINE('',#2243,#423);
#326=LINE('',#2245,#424);
#327=LINE('',#2247,#425);
#328=LINE('',#2259,#426);
#329=LINE('',#2306,#427);
#330=LINE('',#2413,#428);
#331=LINE('',#2418,#429);
#332=LINE('',#2422,#430);
#333=LINE('',#2425,#431);
#334=LINE('',#2429,#432);
#335=LINE('',#2434,#433);
#336=LINE('',#2441,#434);
#337=LINE('',#2445,#435);
#338=LINE('',#2451,#436);
#339=LINE('',#2455,#437);
#340=LINE('',#2460,#438);
#341=VECTOR('',#1176,15.60000000249);
#342=VECTOR('',#1177,39.40000000007);
#343=VECTOR('',#1178,15.60000000009);
#344=VECTOR('',#1179,39.40000000001);
#345=VECTOR('',#1192,1.43);
#346=VECTOR('',#1197,1.3);
#347=VECTOR('',#1198,17.);
#348=VECTOR('',#1199,17.);
#349=VECTOR('',#1200,0.424264068711902);
#350=VECTOR('',#1201,0.424264068711902);
#351=VECTOR('',#1204,57.50000000497);
#352=VECTOR('',#1205,39.40000000007);
#353=VECTOR('',#1206,5.950000000092);
#354=VECTOR('',#1207,1.699999965072);
#355=VECTOR('',#1208,8.999999939295);
#356=VECTOR('',#1209,1.699999974223);
#357=VECTOR('',#1210,5.950000000092);
#358=VECTOR('',#1211,39.40000000007);
#359=VECTOR('',#1214,57.50000000464);
#360=VECTOR('',#1215,0.424264068706502);
#361=VECTOR('',#1216,0.424264068706502);
#362=VECTOR('',#1221,15.60000000232);
#363=VECTOR('',#1226,15.60000000232);
#364=VECTOR('',#1229,57.5);
#365=VECTOR('',#1232,0.424264068711401);
#366=VECTOR('',#1235,0.424264068706502);
#367=VECTOR('',#1238,0.424264068711401);
#368=VECTOR('',#1249,0.424264068711901);
#369=VECTOR('',#1252,0.424264068710602);
#370=VECTOR('',#1255,5.950000000086);
#371=VECTOR('',#1256,0.259807621135303);
#372=VECTOR('',#1257,0.259807621135288);
#373=VECTOR('',#1260,5.949999999998);
#374=VECTOR('',#1263,15.60000000008);
#375=VECTOR('',#1266,5.950000000086);
#376=VECTOR('',#1267,17.);
#377=VECTOR('',#1270,15.60000000008);
#378=VECTOR('',#1273,5.949999999998);
#379=VECTOR('',#1274,17.);
#380=VECTOR('',#1277,0.259807621135303);
#381=VECTOR('',#1278,0.259807621135288);
#382=VECTOR('',#1279,5.949999999998);
#383=VECTOR('',#1280,0.424264068711901);
#384=VECTOR('',#1285,0.424264068710602);
#385=VECTOR('',#1290,39.40000000007);
#386=VECTOR('',#1291,39.40000000001);
#387=VECTOR('',#1294,0.424264068706502);
#388=VECTOR('',#1295,0.424264068711401);
#389=VECTOR('',#1298,57.5);
#390=VECTOR('',#1301,1.699999974223);
#391=VECTOR('',#1302,8.999999939295);
#392=VECTOR('',#1303,1.699999965072);
#393=VECTOR('',#1304,5.949999999998);
#394=VECTOR('',#1305,39.40000000001);
#395=VECTOR('',#1312,0.424264068711901);
#396=VECTOR('',#1313,0.424264068710602);
#397=VECTOR('',#1318,0.259807621135288);
#398=VECTOR('',#1319,0.259807621135303);
#399=VECTOR('',#1322,17.);
#400=VECTOR('',#1323,0.259807621135288);
#401=VECTOR('',#1324,0.259807621135303);
#402=VECTOR('',#1327,1.6999999737);
#403=VECTOR('',#1328,1.6999999737);
#404=VECTOR('',#1333,0.424264068711902);
#405=VECTOR('',#1334,0.424264068711902);
#406=VECTOR('',#1337,0.424264068711902);
#407=VECTOR('',#1338,8.999999954301);
#408=VECTOR('',#1341,8.999999954301);
#409=VECTOR('',#1342,17.);
#410=VECTOR('',#1345,0.424264068711902);
#411=VECTOR('',#1346,0.424264068711902);
#412=VECTOR('',#1349,1.699999980601);
#413=VECTOR('',#1350,0.259807621135288);
#414=VECTOR('',#1351,0.259807621135303);
#415=VECTOR('',#1354,17.);
#416=VECTOR('',#1355,1.699999980601);
#417=VECTOR('',#1356,17.);
#418=VECTOR('',#1359,0.259807621135288);
#419=VECTOR('',#1360,0.259807621135303);
#420=VECTOR('',#1363,0.424264068710572);
#421=VECTOR('',#1368,0.424264068711901);
#422=VECTOR('',#1373,39.40000000001);
#423=VECTOR('',#1376,0.424264068711401);
#424=VECTOR('',#1379,15.60000000249);
#425=VECTOR('',#1382,15.60000000009);
#426=VECTOR('',#1395,1.43);
#427=VECTOR('',#1398,1.3);
#428=VECTOR('',#1399,0.424264068711902);
#429=VECTOR('',#1406,1.43);
#430=VECTOR('',#1411,1.3);
#431=VECTOR('',#1414,0.703605420132);
#432=VECTOR('',#1419,2.5);
#433=VECTOR('',#1426,2.5);
#434=VECTOR('',#1435,1.43);
#435=VECTOR('',#1440,1.3);
#436=VECTOR('',#1447,0.703605420132);
#437=VECTOR('',#1452,2.5);
#438=VECTOR('',#1459,2.5);
#439=VERTEX_POINT('',#1464);
#440=VERTEX_POINT('',#1465);
#441=VERTEX_POINT('',#1467);
#442=VERTEX_POINT('',#1469);
#443=VERTEX_POINT('',#1472);
#444=VERTEX_POINT('',#1474);
#445=VERTEX_POINT('',#1476);
#446=VERTEX_POINT('',#1478);
#447=VERTEX_POINT('',#1481);
#448=VERTEX_POINT('',#1482);
#449=VERTEX_POINT('',#1487);
#450=VERTEX_POINT('',#1489);
#451=VERTEX_POINT('',#1626);
#452=VERTEX_POINT('',#1627);
#453=VERTEX_POINT('',#1662);
#454=VERTEX_POINT('',#1664);
#455=VERTEX_POINT('',#1764);
#456=VERTEX_POINT('',#1765);
#457=VERTEX_POINT('',#1803);
#458=VERTEX_POINT('',#1804);
#459=VERTEX_POINT('',#1806);
#460=VERTEX_POINT('',#1808);
#461=VERTEX_POINT('',#1811);
#462=VERTEX_POINT('',#1813);
#463=VERTEX_POINT('',#1848);
#464=VERTEX_POINT('',#1850);
#465=VERTEX_POINT('',#1854);
#466=VERTEX_POINT('',#1855);
#467=VERTEX_POINT('',#1860);
#468=VERTEX_POINT('',#1861);
#469=VERTEX_POINT('',#1863);
#470=VERTEX_POINT('',#1866);
#471=VERTEX_POINT('',#1868);
#472=VERTEX_POINT('',#1870);
#473=VERTEX_POINT('',#1874);
#474=VERTEX_POINT('',#1885);
#475=VERTEX_POINT('',#1887);
#476=VERTEX_POINT('',#1891);
#477=VERTEX_POINT('',#1893);
#478=VERTEX_POINT('',#1897);
#479=VERTEX_POINT('',#1898);
#480=VERTEX_POINT('',#1900);
#481=VERTEX_POINT('',#1902);
#482=VERTEX_POINT('',#1904);
#483=VERTEX_POINT('',#1906);
#484=VERTEX_POINT('',#1910);
#485=VERTEX_POINT('',#1912);
#486=VERTEX_POINT('',#1914);
#487=VERTEX_POINT('',#1918);
#488=VERTEX_POINT('',#1920);
#489=VERTEX_POINT('',#1922);
#490=VERTEX_POINT('',#1926);
#491=VERTEX_POINT('',#1930);
#492=VERTEX_POINT('',#1931);
#493=VERTEX_POINT('',#1941);
#494=VERTEX_POINT('',#1943);
#495=VERTEX_POINT('',#1978);
#496=VERTEX_POINT('',#1980);
#497=VERTEX_POINT('',#2015);
#498=VERTEX_POINT('',#2017);
#499=VERTEX_POINT('',#2027);
#500=VERTEX_POINT('',#2031);
#501=VERTEX_POINT('',#2032);
#502=VERTEX_POINT('',#2108);
#503=VERTEX_POINT('',#2112);
#504=VERTEX_POINT('',#2181);
#505=VERTEX_POINT('',#2218);
#506=VERTEX_POINT('',#2220);
#507=VERTEX_POINT('',#2224);
#508=VERTEX_POINT('',#2226);
#509=VERTEX_POINT('',#2235);
#510=VERTEX_POINT('',#2239);
#511=VERTEX_POINT('',#2248);
#512=VERTEX_POINT('',#2250);
#513=VERTEX_POINT('',#2252);
#514=VERTEX_POINT('',#2254);
#515=VERTEX_POINT('',#2257);
#516=VERTEX_POINT('',#2261);
#517=VERTEX_POINT('',#2416);
#518=VERTEX_POINT('',#2420);
#519=VERTEX_POINT('',#2424);
#520=VERTEX_POINT('',#2428);
#521=VERTEX_POINT('',#2433);
#522=VERTEX_POINT('',#2438);
#523=VERTEX_POINT('',#2439);
#524=VERTEX_POINT('',#2444);
#525=VERTEX_POINT('',#2446);
#526=VERTEX_POINT('',#2450);
#527=VERTEX_POINT('',#2453);
#528=VERTEX_POINT('',#2458);
#529=EDGE_CURVE('',#439,#440,#243,.T.);
#530=EDGE_CURVE('',#441,#439,#244,.T.);
#531=EDGE_CURVE('',#441,#442,#245,.T.);
#532=EDGE_CURVE('',#442,#440,#246,.T.);
#533=EDGE_CURVE('',#443,#443,#68,.T.);
#534=EDGE_CURVE('',#444,#444,#69,.T.);
#535=EDGE_CURVE('',#445,#445,#70,.T.);
#536=EDGE_CURVE('',#446,#446,#71,.T.);
#537=EDGE_CURVE('',#447,#448,#72,.T.);
#538=EDGE_CURVE('',#448,#444,#247,.T.);
#539=EDGE_CURVE('',#448,#447,#73,.T.);
#540=EDGE_CURVE('',#447,#449,#248,.T.);
#541=EDGE_CURVE('',#450,#449,#21,.T.);
#542=EDGE_CURVE('',#449,#450,#22,.T.);
#543=EDGE_CURVE('',#451,#452,#23,.T.);
#544=EDGE_CURVE('',#453,#451,#249,.T.);
#545=EDGE_CURVE('',#454,#453,#24,.T.);
#546=EDGE_CURVE('',#454,#452,#250,.T.);
#547=EDGE_CURVE('',#455,#456,#25,.T.);
#548=EDGE_CURVE('',#455,#451,#251,.T.);
#549=EDGE_CURVE('',#456,#452,#252,.T.);
#550=EDGE_CURVE('',#457,#458,#253,.T.);
#551=EDGE_CURVE('',#459,#457,#254,.T.);
#552=EDGE_CURVE('',#459,#460,#255,.T.);
#553=EDGE_CURVE('',#460,#455,#256,.T.);
#554=EDGE_CURVE('',#456,#461,#257,.T.);
#555=EDGE_CURVE('',#461,#462,#26,.T.);
#556=EDGE_CURVE('',#462,#463,#258,.T.);
#557=EDGE_CURVE('',#463,#464,#259,.T.);
#558=EDGE_CURVE('',#458,#464,#260,.T.);
#559=EDGE_CURVE('',#465,#466,#261,.T.);
#560=EDGE_CURVE('',#465,#457,#262,.T.);
#561=EDGE_CURVE('',#466,#458,#263,.T.);
#562=EDGE_CURVE('',#467,#468,#74,.T.);
#563=EDGE_CURVE('',#468,#469,#264,.T.);
#564=EDGE_CURVE('',#469,#465,#75,.T.);
#565=EDGE_CURVE('',#466,#470,#76,.T.);
#566=EDGE_CURVE('',#470,#471,#265,.T.);
#567=EDGE_CURVE('',#471,#472,#77,.T.);
#568=EDGE_CURVE('',#472,#467,#266,.T.);
#569=EDGE_CURVE('',#467,#473,#267,.T.);
#570=EDGE_CURVE('',#473,#439,#78,.T.);
#571=EDGE_CURVE('',#468,#439,#268,.T.);
#572=EDGE_CURVE('',#469,#440,#269,.T.);
#573=EDGE_CURVE('',#440,#457,#79,.T.);
#574=EDGE_CURVE('',#442,#459,#80,.T.);
#575=EDGE_CURVE('',#442,#474,#270,.T.);
#576=EDGE_CURVE('',#474,#475,#81,.T.);
#577=EDGE_CURVE('',#459,#475,#271,.T.);
#578=EDGE_CURVE('',#475,#476,#272,.T.);
#579=EDGE_CURVE('',#477,#476,#273,.T.);
#580=EDGE_CURVE('',#460,#477,#274,.T.);
#581=EDGE_CURVE('',#478,#479,#275,.T.);
#582=EDGE_CURVE('',#480,#478,#82,.T.);
#583=EDGE_CURVE('',#481,#480,#276,.T.);
#584=EDGE_CURVE('',#482,#481,#83,.T.);
#585=EDGE_CURVE('',#483,#482,#277,.T.);
#586=EDGE_CURVE('',#483,#479,#278,.T.);
#587=EDGE_CURVE('',#484,#474,#279,.T.);
#588=EDGE_CURVE('',#485,#484,#84,.T.);
#589=EDGE_CURVE('',#486,#485,#280,.T.);
#590=EDGE_CURVE('',#486,#476,#281,.T.);
#591=EDGE_CURVE('',#487,#479,#282,.T.);
#592=EDGE_CURVE('',#488,#487,#283,.T.);
#593=EDGE_CURVE('',#489,#488,#284,.T.);
#594=EDGE_CURVE('',#489,#478,#285,.T.);
#595=EDGE_CURVE('',#490,#489,#85,.T.);
#596=EDGE_CURVE('',#490,#480,#286,.T.);
#597=EDGE_CURVE('',#491,#492,#86,.T.);
#598=EDGE_CURVE('',#491,#490,#287,.T.);
#599=EDGE_CURVE('',#492,#489,#288,.T.);
#600=EDGE_CURVE('',#471,#491,#289,.T.);
#601=EDGE_CURVE('',#472,#492,#290,.T.);
#602=EDGE_CURVE('',#492,#473,#291,.T.);
#603=EDGE_CURVE('',#488,#493,#292,.T.);
#604=EDGE_CURVE('',#493,#494,#27,.T.);
#605=EDGE_CURVE('',#494,#495,#293,.T.);
#606=EDGE_CURVE('',#495,#496,#28,.T.);
#607=EDGE_CURVE('',#496,#497,#294,.T.);
#608=EDGE_CURVE('',#497,#498,#295,.T.);
#609=EDGE_CURVE('',#498,#473,#296,.T.);
#610=EDGE_CURVE('',#498,#441,#87,.T.);
#611=EDGE_CURVE('',#498,#485,#297,.T.);
#612=EDGE_CURVE('',#441,#484,#298,.T.);
#613=EDGE_CURVE('',#499,#497,#299,.T.);
#614=EDGE_CURVE('',#486,#499,#300,.T.);
#615=EDGE_CURVE('',#500,#501,#301,.T.);
#616=EDGE_CURVE('',#501,#477,#302,.T.);
#617=EDGE_CURVE('',#500,#499,#303,.T.);
#618=EDGE_CURVE('',#501,#451,#304,.T.);
#619=EDGE_CURVE('',#453,#500,#305,.T.);
#620=EDGE_CURVE('',#496,#453,#306,.T.);
#621=EDGE_CURVE('',#495,#454,#307,.T.);
#622=EDGE_CURVE('',#494,#502,#308,.T.);
#623=EDGE_CURVE('',#502,#454,#309,.T.);
#624=EDGE_CURVE('',#452,#503,#310,.T.);
#625=EDGE_CURVE('',#502,#503,#311,.T.);
#626=EDGE_CURVE('',#461,#503,#312,.T.);
#627=EDGE_CURVE('',#503,#504,#29,.T.);
#628=EDGE_CURVE('',#462,#504,#313,.T.);
#629=EDGE_CURVE('',#504,#505,#314,.T.);
#630=EDGE_CURVE('',#505,#506,#315,.T.);
#631=EDGE_CURVE('',#506,#463,#316,.T.);
#632=EDGE_CURVE('',#507,#504,#317,.T.);
#633=EDGE_CURVE('',#508,#507,#318,.T.);
#634=EDGE_CURVE('',#505,#508,#319,.T.);
#635=EDGE_CURVE('',#508,#487,#320,.T.);
#636=EDGE_CURVE('',#483,#506,#321,.T.);
#637=EDGE_CURVE('',#464,#482,#322,.T.);
#638=EDGE_CURVE('',#464,#509,#88,.T.);
#639=EDGE_CURVE('',#509,#481,#323,.T.);
#640=EDGE_CURVE('',#458,#510,#89,.T.);
#641=EDGE_CURVE('',#510,#509,#324,.T.);
#642=EDGE_CURVE('',#470,#510,#325,.T.);
#643=EDGE_CURVE('',#510,#491,#326,.T.);
#644=EDGE_CURVE('',#509,#490,#327,.T.);
#645=EDGE_CURVE('',#511,#511,#90,.T.);
#646=EDGE_CURVE('',#512,#512,#91,.T.);
#647=EDGE_CURVE('',#513,#513,#92,.T.);
#648=EDGE_CURVE('',#514,#514,#93,.T.);
#649=EDGE_CURVE('',#515,#515,#94,.T.);
#650=EDGE_CURVE('',#515,#512,#328,.T.);
#651=EDGE_CURVE('',#516,#516,#30,.T.);
#652=EDGE_CURVE('',#516,#515,#329,.T.);
#653=EDGE_CURVE('',#507,#502,#31,.T.);
#654=EDGE_CURVE('',#493,#507,#330,.T.);
#655=EDGE_CURVE('',#517,#517,#95,.T.);
#656=EDGE_CURVE('',#517,#511,#331,.T.);
#657=EDGE_CURVE('',#518,#518,#96,.T.);
#658=EDGE_CURVE('',#518,#517,#332,.T.);
#659=EDGE_CURVE('',#519,#518,#333,.T.);
#660=EDGE_CURVE('',#513,#520,#334,.T.);
#661=EDGE_CURVE('',#520,#520,#97,.T.);
#662=EDGE_CURVE('',#514,#521,#335,.T.);
#663=EDGE_CURVE('',#521,#521,#98,.T.);
#664=EDGE_CURVE('',#522,#523,#99,.T.);
#665=EDGE_CURVE('',#523,#443,#336,.T.);
#666=EDGE_CURVE('',#523,#522,#100,.T.);
#667=EDGE_CURVE('',#522,#524,#337,.T.);
#668=EDGE_CURVE('',#524,#525,#101,.T.);
#669=EDGE_CURVE('',#525,#524,#102,.T.);
#670=EDGE_CURVE('',#526,#525,#338,.T.);
#671=EDGE_CURVE('',#527,#527,#103,.T.);
#672=EDGE_CURVE('',#527,#445,#339,.T.);
#673=EDGE_CURVE('',#528,#528,#104,.T.);
#674=EDGE_CURVE('',#528,#446,#340,.T.);
#675=ORIENTED_EDGE('',*,*,#529,.F.);
#676=ORIENTED_EDGE('',*,*,#530,.F.);
#677=ORIENTED_EDGE('',*,*,#531,.T.);
#678=ORIENTED_EDGE('',*,*,#532,.T.);
#679=ORIENTED_EDGE('',*,*,#533,.T.);
#680=ORIENTED_EDGE('',*,*,#534,.T.);
#681=ORIENTED_EDGE('',*,*,#535,.F.);
#682=ORIENTED_EDGE('',*,*,#536,.F.);
#683=ORIENTED_EDGE('',*,*,#537,.T.);
#684=ORIENTED_EDGE('',*,*,#538,.T.);
#685=ORIENTED_EDGE('',*,*,#534,.F.);
#686=ORIENTED_EDGE('',*,*,#538,.F.);
#687=ORIENTED_EDGE('',*,*,#539,.T.);
#688=ORIENTED_EDGE('',*,*,#537,.F.);
#689=ORIENTED_EDGE('',*,*,#540,.T.);
#690=ORIENTED_EDGE('',*,*,#541,.F.);
#691=ORIENTED_EDGE('',*,*,#542,.F.);
#692=ORIENTED_EDGE('',*,*,#540,.F.);
#693=ORIENTED_EDGE('',*,*,#539,.F.);
#694=ORIENTED_EDGE('',*,*,#543,.F.);
#695=ORIENTED_EDGE('',*,*,#544,.F.);
#696=ORIENTED_EDGE('',*,*,#545,.F.);
#697=ORIENTED_EDGE('',*,*,#546,.T.);
#698=ORIENTED_EDGE('',*,*,#541,.T.);
#699=ORIENTED_EDGE('',*,*,#542,.T.);
#700=ORIENTED_EDGE('',*,*,#547,.F.);
#701=ORIENTED_EDGE('',*,*,#548,.T.);
#702=ORIENTED_EDGE('',*,*,#543,.T.);
#703=ORIENTED_EDGE('',*,*,#549,.F.);
#704=ORIENTED_EDGE('',*,*,#550,.F.);
#705=ORIENTED_EDGE('',*,*,#551,.F.);
#706=ORIENTED_EDGE('',*,*,#552,.T.);
#707=ORIENTED_EDGE('',*,*,#553,.T.);
#708=ORIENTED_EDGE('',*,*,#547,.T.);
#709=ORIENTED_EDGE('',*,*,#554,.T.);
#710=ORIENTED_EDGE('',*,*,#555,.T.);
#711=ORIENTED_EDGE('',*,*,#556,.T.);
#712=ORIENTED_EDGE('',*,*,#557,.T.);
#713=ORIENTED_EDGE('',*,*,#558,.F.);
#714=ORIENTED_EDGE('',*,*,#559,.F.);
#715=ORIENTED_EDGE('',*,*,#560,.T.);
#716=ORIENTED_EDGE('',*,*,#550,.T.);
#717=ORIENTED_EDGE('',*,*,#561,.F.);
#718=ORIENTED_EDGE('',*,*,#562,.T.);
#719=ORIENTED_EDGE('',*,*,#563,.T.);
#720=ORIENTED_EDGE('',*,*,#564,.T.);
#721=ORIENTED_EDGE('',*,*,#559,.T.);
#722=ORIENTED_EDGE('',*,*,#565,.T.);
#723=ORIENTED_EDGE('',*,*,#566,.T.);
#724=ORIENTED_EDGE('',*,*,#567,.T.);
#725=ORIENTED_EDGE('',*,*,#568,.T.);
#726=ORIENTED_EDGE('',*,*,#562,.F.);
#727=ORIENTED_EDGE('',*,*,#569,.T.);
#728=ORIENTED_EDGE('',*,*,#570,.T.);
#729=ORIENTED_EDGE('',*,*,#571,.F.);
#730=ORIENTED_EDGE('',*,*,#563,.F.);
#731=ORIENTED_EDGE('',*,*,#571,.T.);
#732=ORIENTED_EDGE('',*,*,#529,.T.);
#733=ORIENTED_EDGE('',*,*,#572,.F.);
#734=ORIENTED_EDGE('',*,*,#564,.F.);
#735=ORIENTED_EDGE('',*,*,#572,.T.);
#736=ORIENTED_EDGE('',*,*,#573,.T.);
#737=ORIENTED_EDGE('',*,*,#560,.F.);
#738=ORIENTED_EDGE('',*,*,#573,.F.);
#739=ORIENTED_EDGE('',*,*,#532,.F.);
#740=ORIENTED_EDGE('',*,*,#574,.T.);
#741=ORIENTED_EDGE('',*,*,#551,.T.);
#742=ORIENTED_EDGE('',*,*,#574,.F.);
#743=ORIENTED_EDGE('',*,*,#575,.T.);
#744=ORIENTED_EDGE('',*,*,#576,.T.);
#745=ORIENTED_EDGE('',*,*,#577,.F.);
#746=ORIENTED_EDGE('',*,*,#578,.T.);
#747=ORIENTED_EDGE('',*,*,#579,.F.);
#748=ORIENTED_EDGE('',*,*,#580,.F.);
#749=ORIENTED_EDGE('',*,*,#552,.F.);
#750=ORIENTED_EDGE('',*,*,#577,.T.);
#751=ORIENTED_EDGE('',*,*,#581,.F.);
#752=ORIENTED_EDGE('',*,*,#582,.F.);
#753=ORIENTED_EDGE('',*,*,#583,.F.);
#754=ORIENTED_EDGE('',*,*,#584,.F.);
#755=ORIENTED_EDGE('',*,*,#585,.F.);
#756=ORIENTED_EDGE('',*,*,#586,.T.);
#757=ORIENTED_EDGE('',*,*,#578,.F.);
#758=ORIENTED_EDGE('',*,*,#576,.F.);
#759=ORIENTED_EDGE('',*,*,#587,.F.);
#760=ORIENTED_EDGE('',*,*,#588,.F.);
#761=ORIENTED_EDGE('',*,*,#589,.F.);
#762=ORIENTED_EDGE('',*,*,#590,.T.);
#763=ORIENTED_EDGE('',*,*,#581,.T.);
#764=ORIENTED_EDGE('',*,*,#591,.F.);
#765=ORIENTED_EDGE('',*,*,#592,.F.);
#766=ORIENTED_EDGE('',*,*,#593,.F.);
#767=ORIENTED_EDGE('',*,*,#594,.T.);
#768=ORIENTED_EDGE('',*,*,#595,.F.);
#769=ORIENTED_EDGE('',*,*,#596,.T.);
#770=ORIENTED_EDGE('',*,*,#582,.T.);
#771=ORIENTED_EDGE('',*,*,#594,.F.);
#772=ORIENTED_EDGE('',*,*,#597,.F.);
#773=ORIENTED_EDGE('',*,*,#598,.T.);
#774=ORIENTED_EDGE('',*,*,#595,.T.);
#775=ORIENTED_EDGE('',*,*,#599,.F.);
#776=ORIENTED_EDGE('',*,*,#567,.F.);
#777=ORIENTED_EDGE('',*,*,#600,.T.);
#778=ORIENTED_EDGE('',*,*,#597,.T.);
#779=ORIENTED_EDGE('',*,*,#601,.F.);
#780=ORIENTED_EDGE('',*,*,#568,.F.);
#781=ORIENTED_EDGE('',*,*,#601,.T.);
#782=ORIENTED_EDGE('',*,*,#602,.T.);
#783=ORIENTED_EDGE('',*,*,#569,.F.);
#784=ORIENTED_EDGE('',*,*,#602,.F.);
#785=ORIENTED_EDGE('',*,*,#599,.T.);
#786=ORIENTED_EDGE('',*,*,#593,.T.);
#787=ORIENTED_EDGE('',*,*,#603,.T.);
#788=ORIENTED_EDGE('',*,*,#604,.T.);
#789=ORIENTED_EDGE('',*,*,#605,.T.);
#790=ORIENTED_EDGE('',*,*,#606,.T.);
#791=ORIENTED_EDGE('',*,*,#607,.T.);
#792=ORIENTED_EDGE('',*,*,#608,.T.);
#793=ORIENTED_EDGE('',*,*,#609,.T.);
#794=ORIENTED_EDGE('',*,*,#570,.F.);
#795=ORIENTED_EDGE('',*,*,#609,.F.);
#796=ORIENTED_EDGE('',*,*,#610,.T.);
#797=ORIENTED_EDGE('',*,*,#530,.T.);
#798=ORIENTED_EDGE('',*,*,#610,.F.);
#799=ORIENTED_EDGE('',*,*,#611,.T.);
#800=ORIENTED_EDGE('',*,*,#588,.T.);
#801=ORIENTED_EDGE('',*,*,#612,.F.);
#802=ORIENTED_EDGE('',*,*,#531,.F.);
#803=ORIENTED_EDGE('',*,*,#612,.T.);
#804=ORIENTED_EDGE('',*,*,#587,.T.);
#805=ORIENTED_EDGE('',*,*,#575,.F.);
#806=ORIENTED_EDGE('',*,*,#608,.F.);
#807=ORIENTED_EDGE('',*,*,#613,.F.);
#808=ORIENTED_EDGE('',*,*,#614,.F.);
#809=ORIENTED_EDGE('',*,*,#589,.T.);
#810=ORIENTED_EDGE('',*,*,#611,.F.);
#811=ORIENTED_EDGE('',*,*,#615,.T.);
#812=ORIENTED_EDGE('',*,*,#616,.T.);
#813=ORIENTED_EDGE('',*,*,#579,.T.);
#814=ORIENTED_EDGE('',*,*,#590,.F.);
#815=ORIENTED_EDGE('',*,*,#614,.T.);
#816=ORIENTED_EDGE('',*,*,#617,.F.);
#817=ORIENTED_EDGE('',*,*,#618,.F.);
#818=ORIENTED_EDGE('',*,*,#615,.F.);
#819=ORIENTED_EDGE('',*,*,#619,.F.);
#820=ORIENTED_EDGE('',*,*,#544,.T.);
#821=ORIENTED_EDGE('',*,*,#553,.F.);
#822=ORIENTED_EDGE('',*,*,#580,.T.);
#823=ORIENTED_EDGE('',*,*,#616,.F.);
#824=ORIENTED_EDGE('',*,*,#618,.T.);
#825=ORIENTED_EDGE('',*,*,#548,.F.);
#826=ORIENTED_EDGE('',*,*,#619,.T.);
#827=ORIENTED_EDGE('',*,*,#617,.T.);
#828=ORIENTED_EDGE('',*,*,#613,.T.);
#829=ORIENTED_EDGE('',*,*,#607,.F.);
#830=ORIENTED_EDGE('',*,*,#620,.T.);
#831=ORIENTED_EDGE('',*,*,#606,.F.);
#832=ORIENTED_EDGE('',*,*,#621,.T.);
#833=ORIENTED_EDGE('',*,*,#545,.T.);
#834=ORIENTED_EDGE('',*,*,#620,.F.);
#835=ORIENTED_EDGE('',*,*,#605,.F.);
#836=ORIENTED_EDGE('',*,*,#622,.T.);
#837=ORIENTED_EDGE('',*,*,#623,.T.);
#838=ORIENTED_EDGE('',*,*,#621,.F.);
#839=ORIENTED_EDGE('',*,*,#624,.F.);
#840=ORIENTED_EDGE('',*,*,#546,.F.);
#841=ORIENTED_EDGE('',*,*,#623,.F.);
#842=ORIENTED_EDGE('',*,*,#625,.T.);
#843=ORIENTED_EDGE('',*,*,#554,.F.);
#844=ORIENTED_EDGE('',*,*,#549,.T.);
#845=ORIENTED_EDGE('',*,*,#624,.T.);
#846=ORIENTED_EDGE('',*,*,#626,.F.);
#847=ORIENTED_EDGE('',*,*,#555,.F.);
#848=ORIENTED_EDGE('',*,*,#626,.T.);
#849=ORIENTED_EDGE('',*,*,#627,.T.);
#850=ORIENTED_EDGE('',*,*,#628,.F.);
#851=ORIENTED_EDGE('',*,*,#629,.T.);
#852=ORIENTED_EDGE('',*,*,#630,.T.);
#853=ORIENTED_EDGE('',*,*,#631,.T.);
#854=ORIENTED_EDGE('',*,*,#556,.F.);
#855=ORIENTED_EDGE('',*,*,#628,.T.);
#856=ORIENTED_EDGE('',*,*,#629,.F.);
#857=ORIENTED_EDGE('',*,*,#632,.F.);
#858=ORIENTED_EDGE('',*,*,#633,.F.);
#859=ORIENTED_EDGE('',*,*,#634,.F.);
#860=ORIENTED_EDGE('',*,*,#634,.T.);
#861=ORIENTED_EDGE('',*,*,#635,.T.);
#862=ORIENTED_EDGE('',*,*,#591,.T.);
#863=ORIENTED_EDGE('',*,*,#586,.F.);
#864=ORIENTED_EDGE('',*,*,#636,.T.);
#865=ORIENTED_EDGE('',*,*,#630,.F.);
#866=ORIENTED_EDGE('',*,*,#557,.F.);
#867=ORIENTED_EDGE('',*,*,#631,.F.);
#868=ORIENTED_EDGE('',*,*,#636,.F.);
#869=ORIENTED_EDGE('',*,*,#585,.T.);
#870=ORIENTED_EDGE('',*,*,#637,.F.);
#871=ORIENTED_EDGE('',*,*,#638,.F.);
#872=ORIENTED_EDGE('',*,*,#637,.T.);
#873=ORIENTED_EDGE('',*,*,#584,.T.);
#874=ORIENTED_EDGE('',*,*,#639,.F.);
#875=ORIENTED_EDGE('',*,*,#640,.F.);
#876=ORIENTED_EDGE('',*,*,#558,.T.);
#877=ORIENTED_EDGE('',*,*,#638,.T.);
#878=ORIENTED_EDGE('',*,*,#641,.F.);
#879=ORIENTED_EDGE('',*,*,#565,.F.);
#880=ORIENTED_EDGE('',*,*,#561,.T.);
#881=ORIENTED_EDGE('',*,*,#640,.T.);
#882=ORIENTED_EDGE('',*,*,#642,.F.);
#883=ORIENTED_EDGE('',*,*,#566,.F.);
#884=ORIENTED_EDGE('',*,*,#642,.T.);
#885=ORIENTED_EDGE('',*,*,#643,.T.);
#886=ORIENTED_EDGE('',*,*,#600,.F.);
#887=ORIENTED_EDGE('',*,*,#643,.F.);
#888=ORIENTED_EDGE('',*,*,#641,.T.);
#889=ORIENTED_EDGE('',*,*,#644,.T.);
#890=ORIENTED_EDGE('',*,*,#598,.F.);
#891=ORIENTED_EDGE('',*,*,#645,.F.);
#892=ORIENTED_EDGE('',*,*,#646,.F.);
#893=ORIENTED_EDGE('',*,*,#647,.T.);
#894=ORIENTED_EDGE('',*,*,#648,.T.);
#895=ORIENTED_EDGE('',*,*,#649,.F.);
#896=ORIENTED_EDGE('',*,*,#650,.T.);
#897=ORIENTED_EDGE('',*,*,#646,.T.);
#898=ORIENTED_EDGE('',*,*,#650,.F.);
#899=ORIENTED_EDGE('',*,*,#651,.F.);
#900=ORIENTED_EDGE('',*,*,#652,.T.);
#901=ORIENTED_EDGE('',*,*,#649,.T.);
#902=ORIENTED_EDGE('',*,*,#652,.F.);
#903=ORIENTED_EDGE('',*,*,#627,.F.);
#904=ORIENTED_EDGE('',*,*,#625,.F.);
#905=ORIENTED_EDGE('',*,*,#653,.F.);
#906=ORIENTED_EDGE('',*,*,#632,.T.);
#907=ORIENTED_EDGE('',*,*,#651,.T.);
#908=ORIENTED_EDGE('',*,*,#604,.F.);
#909=ORIENTED_EDGE('',*,*,#654,.T.);
#910=ORIENTED_EDGE('',*,*,#653,.T.);
#911=ORIENTED_EDGE('',*,*,#622,.F.);
#912=ORIENTED_EDGE('',*,*,#603,.F.);
#913=ORIENTED_EDGE('',*,*,#592,.T.);
#914=ORIENTED_EDGE('',*,*,#635,.F.);
#915=ORIENTED_EDGE('',*,*,#633,.T.);
#916=ORIENTED_EDGE('',*,*,#654,.F.);
#917=ORIENTED_EDGE('',*,*,#655,.F.);
#918=ORIENTED_EDGE('',*,*,#656,.T.);
#919=ORIENTED_EDGE('',*,*,#645,.T.);
#920=ORIENTED_EDGE('',*,*,#656,.F.);
#921=ORIENTED_EDGE('',*,*,#657,.T.);
#922=ORIENTED_EDGE('',*,*,#658,.T.);
#923=ORIENTED_EDGE('',*,*,#655,.T.);
#924=ORIENTED_EDGE('',*,*,#658,.F.);
#925=ORIENTED_EDGE('',*,*,#659,.T.);
#926=ORIENTED_EDGE('',*,*,#657,.F.);
#927=ORIENTED_EDGE('',*,*,#659,.F.);
#928=ORIENTED_EDGE('',*,*,#644,.F.);
#929=ORIENTED_EDGE('',*,*,#639,.T.);
#930=ORIENTED_EDGE('',*,*,#583,.T.);
#931=ORIENTED_EDGE('',*,*,#596,.F.);
#932=ORIENTED_EDGE('',*,*,#647,.F.);
#933=ORIENTED_EDGE('',*,*,#660,.T.);
#934=ORIENTED_EDGE('',*,*,#661,.T.);
#935=ORIENTED_EDGE('',*,*,#660,.F.);
#936=ORIENTED_EDGE('',*,*,#661,.F.);
#937=ORIENTED_EDGE('',*,*,#648,.F.);
#938=ORIENTED_EDGE('',*,*,#662,.T.);
#939=ORIENTED_EDGE('',*,*,#663,.T.);
#940=ORIENTED_EDGE('',*,*,#662,.F.);
#941=ORIENTED_EDGE('',*,*,#663,.F.);
#942=ORIENTED_EDGE('',*,*,#664,.T.);
#943=ORIENTED_EDGE('',*,*,#665,.T.);
#944=ORIENTED_EDGE('',*,*,#533,.F.);
#945=ORIENTED_EDGE('',*,*,#665,.F.);
#946=ORIENTED_EDGE('',*,*,#666,.T.);
#947=ORIENTED_EDGE('',*,*,#664,.F.);
#948=ORIENTED_EDGE('',*,*,#667,.T.);
#949=ORIENTED_EDGE('',*,*,#668,.T.);
#950=ORIENTED_EDGE('',*,*,#669,.T.);
#951=ORIENTED_EDGE('',*,*,#667,.F.);
#952=ORIENTED_EDGE('',*,*,#666,.F.);
#953=ORIENTED_EDGE('',*,*,#670,.T.);
#954=ORIENTED_EDGE('',*,*,#668,.F.);
#955=ORIENTED_EDGE('',*,*,#669,.F.);
#956=ORIENTED_EDGE('',*,*,#670,.F.);
#957=ORIENTED_EDGE('',*,*,#671,.F.);
#958=ORIENTED_EDGE('',*,*,#672,.T.);
#959=ORIENTED_EDGE('',*,*,#535,.T.);
#960=ORIENTED_EDGE('',*,*,#672,.F.);
#961=ORIENTED_EDGE('',*,*,#671,.T.);
#962=ORIENTED_EDGE('',*,*,#673,.F.);
#963=ORIENTED_EDGE('',*,*,#674,.T.);
#964=ORIENTED_EDGE('',*,*,#536,.T.);
#965=ORIENTED_EDGE('',*,*,#674,.F.);
#966=ORIENTED_EDGE('',*,*,#673,.T.);
#967=PLANE('',#1077);
#968=PLANE('',#1086);
#969=PLANE('',#1087);
#970=PLANE('',#1088);
#971=PLANE('',#1095);
#972=PLANE('',#1102);
#973=PLANE('',#1103);
#974=PLANE('',#1106);
#975=PLANE('',#1108);
#976=PLANE('',#1114);
#977=PLANE('',#1115);
#978=PLANE('',#1119);
#979=PLANE('',#1120);
#980=PLANE('',#1121);
#981=PLANE('',#1122);
#982=PLANE('',#1123);
#983=PLANE('',#1124);
#984=PLANE('',#1125);
#985=PLANE('',#1126);
#986=PLANE('',#1127);
#987=PLANE('',#1128);
#988=PLANE('',#1129);
#989=PLANE('',#1130);
#990=PLANE('',#1131);
#991=PLANE('',#1137);
#992=PLANE('',#1138);
#993=PLANE('',#1146);
#994=PLANE('',#1152);
#995=PLANE('',#1155);
#996=PLANE('',#1158);
#997=PLANE('',#1168);
#998=PLANE('',#1171);
#999=ADVANCED_FACE('',(#105,#58,#59,#60,#61),#967,.F.);
#1000=ADVANCED_FACE('',(#106),#44,.F.);
#1001=ADVANCED_FACE('',(#107),#32,.F.);
#1002=ADVANCED_FACE('',(#108,#62),#15,.F.);
#1003=ADVANCED_FACE('',(#109),#16,.F.);
#1004=ADVANCED_FACE('',(#110),#968,.T.);
#1005=ADVANCED_FACE('',(#111),#969,.T.);
#1006=ADVANCED_FACE('',(#112),#970,.T.);
#1007=ADVANCED_FACE('',(#113),#45,.T.);
#1008=ADVANCED_FACE('',(#114),#971,.T.);
#1009=ADVANCED_FACE('',(#115),#46,.T.);
#1010=ADVANCED_FACE('',(#116),#33,.T.);
#1011=ADVANCED_FACE('',(#117),#47,.T.);
#1012=ADVANCED_FACE('',(#118),#972,.T.);
#1013=ADVANCED_FACE('',(#119),#973,.T.);
#1014=ADVANCED_FACE('',(#120),#974,.T.);
#1015=ADVANCED_FACE('',(#121),#975,.T.);
#1016=ADVANCED_FACE('',(#122),#48,.T.);
#1017=ADVANCED_FACE('',(#123),#34,.T.);
#1018=ADVANCED_FACE('',(#124),#49,.T.);
#1019=ADVANCED_FACE('',(#125),#976,.T.);
#1020=ADVANCED_FACE('',(#126),#977,.T.);
#1021=ADVANCED_FACE('',(#127),#35,.T.);
#1022=ADVANCED_FACE('',(#128),#50,.T.);
#1023=ADVANCED_FACE('',(#129),#978,.T.);
#1024=ADVANCED_FACE('',(#130),#979,.T.);
#1025=ADVANCED_FACE('',(#131),#980,.T.);
#1026=ADVANCED_FACE('',(#132),#981,.F.);
#1027=ADVANCED_FACE('',(#133),#982,.T.);
#1028=ADVANCED_FACE('',(#134),#983,.T.);
#1029=ADVANCED_FACE('',(#135),#17,.F.);
#1030=ADVANCED_FACE('',(#136),#984,.T.);
#1031=ADVANCED_FACE('',(#137),#985,.F.);
#1032=ADVANCED_FACE('',(#138),#986,.T.);
#1033=ADVANCED_FACE('',(#139),#18,.F.);
#1034=ADVANCED_FACE('',(#140),#987,.T.);
#1035=ADVANCED_FACE('',(#141),#988,.F.);
#1036=ADVANCED_FACE('',(#142),#989,.T.);
#1037=ADVANCED_FACE('',(#143),#990,.T.);
#1038=ADVANCED_FACE('',(#144),#51,.T.);
#1039=ADVANCED_FACE('',(#145),#36,.T.);
#1040=ADVANCED_FACE('',(#146),#52,.T.);
#1041=ADVANCED_FACE('',(#147),#991,.T.);
#1042=ADVANCED_FACE('',(#148,#63,#64,#65,#66),#992,.T.);
#1043=ADVANCED_FACE('',(#149),#53,.F.);
#1044=ADVANCED_FACE('',(#150),#37,.F.);
#1045=ADVANCED_FACE('',(#151,#67),#19,.F.);
#1046=ADVANCED_FACE('',(#152),#20,.F.);
#1047=ADVANCED_FACE('',(#153),#993,.T.);
#1048=ADVANCED_FACE('',(#154),#54,.F.);
#1049=ADVANCED_FACE('',(#155),#38,.F.);
#1050=ADVANCED_FACE('',(#156),#55,.F.);
#1051=ADVANCED_FACE('',(#157),#994,.T.);
#1052=ADVANCED_FACE('',(#158),#39,.F.);
#1053=ADVANCED_FACE('',(#159),#995,.F.);
#1054=ADVANCED_FACE('',(#160),#40,.F.);
#1055=ADVANCED_FACE('',(#161),#996,.F.);
#1056=ADVANCED_FACE('',(#162),#56,.F.);
#1057=ADVANCED_FACE('',(#163),#41,.F.);
#1058=ADVANCED_FACE('',(#164),#57,.F.);
#1059=ADVANCED_FACE('',(#165),#42,.F.);
#1060=ADVANCED_FACE('',(#166),#997,.T.);
#1061=ADVANCED_FACE('',(#167),#43,.F.);
#1062=ADVANCED_FACE('',(#168),#998,.T.);
#1063=CLOSED_SHELL('',(#999,#1000,#1001,#1002,#1003,#1004,#1005,#1006,#1007,
#1008,#1009,#1010,#1011,#1012,#1013,#1014,#1015,#1016,#1017,#1018,#1019,
#1020,#1021,#1022,#1023,#1024,#1025,#1026,#1027,#1028,#1029,#1030,#1031,
#1032,#1033,#1034,#1035,#1036,#1037,#1038,#1039,#1040,#1041,#1042,#1043,
#1044,#1045,#1046,#1047,#1048,#1049,#1050,#1051,#1052,#1053,#1054,#1055,
#1056,#1057,#1058,#1059,#1060,#1061,#1062));
#1064=DERIVED_UNIT_ELEMENT(#1066,1.);
#1065=DERIVED_UNIT_ELEMENT(#2467,-3.);
#1066=(
MASS_UNIT()
NAMED_UNIT(*)
SI_UNIT(.KILO.,.GRAM.)
);
#1067=DERIVED_UNIT((#1064,#1065));
#1068=MEASURE_REPRESENTATION_ITEM('density measure',
POSITIVE_RATIO_MEASURE(7850.),#1067);
#1069=PROPERTY_DEFINITION_REPRESENTATION(#1074,#1071);
#1070=PROPERTY_DEFINITION_REPRESENTATION(#1075,#1072);
#1071=REPRESENTATION('material name',(#1073),#2464);
#1072=REPRESENTATION('density',(#1068),#2464);
#1073=DESCRIPTIVE_REPRESENTATION_ITEM('\X2\94A2\X0\','\X2\94A2\X0\');
#1074=PROPERTY_DEFINITION('material property','material name',#2474);
#1075=PROPERTY_DEFINITION('material property','density of part',#2474);
#1076=AXIS2_PLACEMENT_3D('',#1462,#1172,#1173);
#1077=AXIS2_PLACEMENT_3D('',#1463,#1174,#1175);
#1078=AXIS2_PLACEMENT_3D('',#1473,#1180,#1181);
#1079=AXIS2_PLACEMENT_3D('',#1475,#1182,#1183);
#1080=AXIS2_PLACEMENT_3D('',#1477,#1184,#1185);
#1081=AXIS2_PLACEMENT_3D('',#1479,#1186,#1187);
#1082=AXIS2_PLACEMENT_3D('',#1480,#1188,#1189);
#1083=AXIS2_PLACEMENT_3D('',#1483,#1190,#1191);
#1084=AXIS2_PLACEMENT_3D('',#1485,#1193,#1194);
#1085=AXIS2_PLACEMENT_3D('',#1486,#1195,#1196);
#1086=AXIS2_PLACEMENT_3D('',#1802,#1202,#1203);
#1087=AXIS2_PLACEMENT_3D('',#1853,#1212,#1213);
#1088=AXIS2_PLACEMENT_3D('',#1859,#1217,#1218);
#1089=AXIS2_PLACEMENT_3D('',#1862,#1219,#1220);
#1090=AXIS2_PLACEMENT_3D('',#1865,#1222,#1223);
#1091=AXIS2_PLACEMENT_3D('',#1867,#1224,#1225);
#1092=AXIS2_PLACEMENT_3D('',#1871,#1227,#1228);
#1093=AXIS2_PLACEMENT_3D('',#1873,#1230,#1231);
#1094=AXIS2_PLACEMENT_3D('',#1876,#1233,#1234);
#1095=AXIS2_PLACEMENT_3D('',#1878,#1236,#1237);
#1096=AXIS2_PLACEMENT_3D('',#1880,#1239,#1240);
#1097=AXIS2_PLACEMENT_3D('',#1881,#1241,#1242);
#1098=AXIS2_PLACEMENT_3D('',#1882,#1243,#1244);
#1099=AXIS2_PLACEMENT_3D('',#1883,#1245,#1246);
#1100=AXIS2_PLACEMENT_3D('',#1884,#1247,#1248);
#1101=AXIS2_PLACEMENT_3D('',#1888,#1250,#1251);
#1102=AXIS2_PLACEMENT_3D('',#1890,#1253,#1254);
#1103=AXIS2_PLACEMENT_3D('',#1896,#1258,#1259);
#1104=AXIS2_PLACEMENT_3D('',#1901,#1261,#1262);
#1105=AXIS2_PLACEMENT_3D('',#1905,#1264,#1265);
#1106=AXIS2_PLACEMENT_3D('',#1909,#1268,#1269);
#1107=AXIS2_PLACEMENT_3D('',#1913,#1271,#1272);
#1108=AXIS2_PLACEMENT_3D('',#1917,#1275,#1276);
#1109=AXIS2_PLACEMENT_3D('',#1925,#1281,#1282);
#1110=AXIS2_PLACEMENT_3D('',#1927,#1283,#1284);
#1111=AXIS2_PLACEMENT_3D('',#1929,#1286,#1287);
#1112=AXIS2_PLACEMENT_3D('',#1932,#1288,#1289);
#1113=AXIS2_PLACEMENT_3D('',#1935,#1292,#1293);
#1114=AXIS2_PLACEMENT_3D('',#1938,#1296,#1297);
#1115=AXIS2_PLACEMENT_3D('',#1940,#1299,#1300);
#1116=AXIS2_PLACEMENT_3D('',#2020,#1306,#1307);
#1117=AXIS2_PLACEMENT_3D('',#2021,#1308,#1309);
#1118=AXIS2_PLACEMENT_3D('',#2022,#1310,#1311);
#1119=AXIS2_PLACEMENT_3D('',#2025,#1314,#1315);
#1120=AXIS2_PLACEMENT_3D('',#2026,#1316,#1317);
#1121=AXIS2_PLACEMENT_3D('',#2030,#1320,#1321);
#1122=AXIS2_PLACEMENT_3D('',#2036,#1325,#1326);
#1123=AXIS2_PLACEMENT_3D('',#2039,#1329,#1330);
#1124=AXIS2_PLACEMENT_3D('',#2040,#1331,#1332);
#1125=AXIS2_PLACEMENT_3D('',#2107,#1335,#1336);
#1126=AXIS2_PLACEMENT_3D('',#2111,#1339,#1340);
#1127=AXIS2_PLACEMENT_3D('',#2115,#1343,#1344);
#1128=AXIS2_PLACEMENT_3D('',#2217,#1347,#1348);
#1129=AXIS2_PLACEMENT_3D('',#2223,#1352,#1353);
#1130=AXIS2_PLACEMENT_3D('',#2229,#1357,#1358);
#1131=AXIS2_PLACEMENT_3D('',#2232,#1361,#1362);
#1132=AXIS2_PLACEMENT_3D('',#2234,#1364,#1365);
#1133=AXIS2_PLACEMENT_3D('',#2236,#1366,#1367);
#1134=AXIS2_PLACEMENT_3D('',#2238,#1369,#1370);
#1135=AXIS2_PLACEMENT_3D('',#2240,#1371,#1372);
#1136=AXIS2_PLACEMENT_3D('',#2242,#1374,#1375);
#1137=AXIS2_PLACEMENT_3D('',#2244,#1377,#1378);
#1138=AXIS2_PLACEMENT_3D('',#2246,#1380,#1381);
#1139=AXIS2_PLACEMENT_3D('',#2249,#1383,#1384);
#1140=AXIS2_PLACEMENT_3D('',#2251,#1385,#1386);
#1141=AXIS2_PLACEMENT_3D('',#2253,#1387,#1388);
#1142=AXIS2_PLACEMENT_3D('',#2255,#1389,#1390);
#1143=AXIS2_PLACEMENT_3D('',#2256,#1391,#1392);
#1144=AXIS2_PLACEMENT_3D('',#2258,#1393,#1394);
#1145=AXIS2_PLACEMENT_3D('',#2260,#1396,#1397);
#1146=AXIS2_PLACEMENT_3D('',#2414,#1400,#1401);
#1147=AXIS2_PLACEMENT_3D('',#2415,#1402,#1403);
#1148=AXIS2_PLACEMENT_3D('',#2417,#1404,#1405);
#1149=AXIS2_PLACEMENT_3D('',#2419,#1407,#1408);
#1150=AXIS2_PLACEMENT_3D('',#2421,#1409,#1410);
#1151=AXIS2_PLACEMENT_3D('',#2423,#1412,#1413);
#1152=AXIS2_PLACEMENT_3D('',#2426,#1415,#1416);
#1153=AXIS2_PLACEMENT_3D('',#2427,#1417,#1418);
#1154=AXIS2_PLACEMENT_3D('',#2430,#1420,#1421);
#1155=AXIS2_PLACEMENT_3D('',#2431,#1422,#1423);
#1156=AXIS2_PLACEMENT_3D('',#2432,#1424,#1425);
#1157=AXIS2_PLACEMENT_3D('',#2435,#1427,#1428);
#1158=AXIS2_PLACEMENT_3D('',#2436,#1429,#1430);
#1159=AXIS2_PLACEMENT_3D('',#2437,#1431,#1432);
#1160=AXIS2_PLACEMENT_3D('',#2440,#1433,#1434);
#1161=AXIS2_PLACEMENT_3D('',#2442,#1436,#1437);
#1162=AXIS2_PLACEMENT_3D('',#2443,#1438,#1439);
#1163=AXIS2_PLACEMENT_3D('',#2447,#1441,#1442);
#1164=AXIS2_PLACEMENT_3D('',#2448,#1443,#1444);
#1165=AXIS2_PLACEMENT_3D('',#2449,#1445,#1446);
#1166=AXIS2_PLACEMENT_3D('',#2452,#1448,#1449);
#1167=AXIS2_PLACEMENT_3D('',#2454,#1450,#1451);
#1168=AXIS2_PLACEMENT_3D('',#2456,#1453,#1454);
#1169=AXIS2_PLACEMENT_3D('',#2457,#1455,#1456);
#1170=AXIS2_PLACEMENT_3D('',#2459,#1457,#1458);
#1171=AXIS2_PLACEMENT_3D('',#2461,#1460,#1461);
#1172=DIRECTION('axis',(0.,0.,1.));
#1173=DIRECTION('refdir',(1.,0.,0.));
#1174=DIRECTION('center_axis',(0.,0.,1.));
#1175=DIRECTION('ref_axis',(1.,0.,0.));
#1176=DIRECTION('',(-1.,-3.36414656762E-12,-3.363463353451E-12));
#1177=DIRECTION('',(6.076637219344E-11,1.,1.10819419067E-12));
#1178=DIRECTION('',(-1.,9.004762747369E-13,-9.002485366806E-13));
#1179=DIRECTION('',(-5.861075866041E-14,1.,1.330013369602E-13));
#1180=DIRECTION('center_axis',(0.,0.,1.));
#1181=DIRECTION('ref_axis',(-1.,0.,0.));
#1182=DIRECTION('center_axis',(0.,0.,1.));
#1183=DIRECTION('ref_axis',(-1.,0.,0.));
#1184=DIRECTION('center_axis',(0.,0.,-1.));
#1185=DIRECTION('ref_axis',(-1.,0.,0.));
#1186=DIRECTION('center_axis',(0.,0.,-1.));
#1187=DIRECTION('ref_axis',(-1.,0.,0.));
#1188=DIRECTION('center_axis',(0.,0.,-1.));
#1189=DIRECTION('ref_axis',(1.,0.,0.));
#1190=DIRECTION('center_axis',(0.,0.,1.));
#1191=DIRECTION('ref_axis',(-1.,0.,0.));
#1192=DIRECTION('',(-0.707106781186548,8.65956056235493E-17,-0.707106781186548));
#1193=DIRECTION('center_axis',(0.,0.,1.));
#1194=DIRECTION('ref_axis',(-1.,0.,0.));
#1195=DIRECTION('center_axis',(0.,0.,1.));
#1196=DIRECTION('ref_axis',(-1.,0.,0.));
#1197=DIRECTION('',(0.,0.,1.));
#1198=DIRECTION('',(-1.,0.,0.));
#1199=DIRECTION('',(-1.,0.,0.));
#1200=DIRECTION('',(0.707106781186498,2.03357872819099E-8,0.707106781186597));
#1201=DIRECTION('',(0.707106781186498,-0.707106781186597,-1.50334636284599E-8));
#1202=DIRECTION('center_axis',(-1.,0.,0.));
#1203=DIRECTION('ref_axis',(0.,-1.,0.));
#1204=DIRECTION('',(0.,0.,1.));
#1205=DIRECTION('',(1.108013849874E-12,1.,-6.076628202304E-11));
#1206=DIRECTION('',(-2.360912585842E-12,2.360912585842E-12,1.));
#1207=DIRECTION('',(0.,1.,0.));
#1208=DIRECTION('',(0.,0.,1.));
#1209=DIRECTION('',(0.,-1.,0.));
#1210=DIRECTION('',(2.360912585842E-12,-2.360912585842E-12,1.));
#1211=DIRECTION('',(-1.108374531465E-12,-1.,-6.076646236383E-11));
#1212=DIRECTION('center_axis',(-0.707106781186548,0.707106781186548,0.));
#1213=DIRECTION('ref_axis',(-0.707106781186548,-0.707106781186548,0.));
#1214=DIRECTION('',(0.,0.,1.));
#1215=DIRECTION('',(-0.707106781186597,-0.707106781186498,-3.90639003725499E-10));
#1216=DIRECTION('',(-0.707106781186597,-0.707106781186498,3.90639003725499E-10));
#1217=DIRECTION('center_axis',(0.,1.,0.));
#1218=DIRECTION('ref_axis',(-1.,0.,0.));
#1219=DIRECTION('center_axis',(0.,1.,0.));
#1220=DIRECTION('ref_axis',(1.,0.,-2.030122102172E-14));
#1221=DIRECTION('',(-1.,-3.139141368032E-12,-3.139141368032E-12));
#1222=DIRECTION('center_axis',(0.,1.,0.));
#1223=DIRECTION('ref_axis',(0.,0.,-1.));
#1224=DIRECTION('center_axis',(0.,1.,0.));
#1225=DIRECTION('ref_axis',(-1.,0.,-1.522591576629E-14));
#1226=DIRECTION('',(1.,3.138230415807E-12,-3.139141368032E-12));
#1227=DIRECTION('center_axis',(0.,1.,0.));
#1228=DIRECTION('ref_axis',(-2.030122102172E-14,0.,1.));
#1229=DIRECTION('',(0.,0.,-1.));
#1230=DIRECTION('center_axis',(0.,-1.,0.));
#1231=DIRECTION('ref_axis',(0.,0.,-1.));
#1232=DIRECTION('',(0.707106781186498,-0.707106781186598,-5.02429586779398E-14));
#1233=DIRECTION('center_axis',(0.,1.,0.));
#1234=DIRECTION('ref_axis',(1.,0.,0.));
#1235=DIRECTION('',(3.90655751378399E-10,-0.707106781186498,-0.707106781186597));
#1236=DIRECTION('center_axis',(0.,0.707106781186598,-0.707106781186498));
#1237=DIRECTION('ref_axis',(0.,-0.707106781186498,-0.707106781186598));
#1238=DIRECTION('',(-6.69906115705898E-14,-0.707106781186498,-0.707106781186598));
#1239=DIRECTION('center_axis',(0.,-1.,0.));
#1240=DIRECTION('ref_axis',(0.,0.,-1.));
#1241=DIRECTION('center_axis',(0.,1.,0.));
#1242=DIRECTION('ref_axis',(0.,0.,-1.));
#1243=DIRECTION('center_axis',(0.,1.,0.));
#1244=DIRECTION('ref_axis',(0.,0.,-1.));
#1245=DIRECTION('center_axis',(0.,1.,0.));
#1246=DIRECTION('ref_axis',(0.,0.,-1.));
#1247=DIRECTION('center_axis',(0.,1.,0.));
#1248=DIRECTION('ref_axis',(0.,0.,-1.));
#1249=DIRECTION('',(-2.84710099174699E-13,-0.707106781186598,0.707106781186498));
#1250=DIRECTION('center_axis',(0.,1.,0.));
#1251=DIRECTION('ref_axis',(0.,0.,-1.));
#1252=DIRECTION('',(0.707106781186598,-0.707106781186498,1.44783459257199E-11));
#1253=DIRECTION('center_axis',(-0.707106781186498,-0.707106781186598,0.));
#1254=DIRECTION('ref_axis',(0.707106781186598,-0.707106781186498,0.));
#1255=DIRECTION('',(-2.204473765032E-12,2.204473765032E-12,1.));
#1256=DIRECTION('',(0.577350269189592,-0.577350269189592,-0.577350269189692));
#1257=DIRECTION('',(0.577350269189626,-0.577350269189626,0.577350269189626));
#1258=DIRECTION('center_axis',(0.,-1.,0.));
#1259=DIRECTION('ref_axis',(1.,0.,0.));
#1260=DIRECTION('',(0.,0.,-1.));
#1261=DIRECTION('center_axis',(0.,1.,0.));
#1262=DIRECTION('ref_axis',(0.,0.,1.));
#1263=DIRECTION('',(1.,-8.408089039783E-13,-8.401256898093E-13));
#1264=DIRECTION('center_axis',(0.,1.,0.));
#1265=DIRECTION('ref_axis',(-1.,0.,0.));
#1266=DIRECTION('',(2.204473765032E-12,-2.204473765032E-12,1.));
#1267=DIRECTION('',(1.,0.,0.));
#1268=DIRECTION('center_axis',(0.,-1.,0.));
#1269=DIRECTION('ref_axis',(1.,0.,0.));
#1270=DIRECTION('',(-1.,8.398979517529E-13,-8.398979517529E-13));
#1271=DIRECTION('center_axis',(0.,1.,0.));
#1272=DIRECTION('ref_axis',(1.,0.,3.5527136788E-14));
#1273=DIRECTION('',(0.,0.,-1.));
#1274=DIRECTION('',(-1.,0.,0.));
#1275=DIRECTION('center_axis',(0.707106781186598,-0.707106781186498,0.));
#1276=DIRECTION('ref_axis',(-0.707106781186498,-0.707106781186598,0.));
#1277=DIRECTION('',(-0.577350269189692,-0.577350269189592,0.577350269189592));
#1278=DIRECTION('',(-0.577350269189626,-0.577350269189626,-0.577350269189626));
#1279=DIRECTION('',(0.,0.,-1.));
#1280=DIRECTION('',(-0.707106781186498,-0.707106781186598,3.18205404959899E-13));
#1281=DIRECTION('center_axis',(0.,1.,0.));
#1282=DIRECTION('ref_axis',(0.,0.,-1.));
#1283=DIRECTION('center_axis',(0.,1.,0.));
#1284=DIRECTION('ref_axis',(0.,0.,1.));
#1285=DIRECTION('',(-1.44532244463799E-11,-0.707106781186598,-0.707106781186498));
#1286=DIRECTION('center_axis',(0.,-1.,0.));
#1287=DIRECTION('ref_axis',(1.,0.,0.));
#1288=DIRECTION('center_axis',(0.,1.,0.));
#1289=DIRECTION('ref_axis',(0.,0.,1.));
#1290=DIRECTION('',(-6.076655253423E-11,-1.,1.108284361067E-12));
#1291=DIRECTION('',(1.329111665622E-13,-1.,-5.879109945628E-14));
#1292=DIRECTION('center_axis',(0.,-1.,0.));
#1293=DIRECTION('ref_axis',(0.,0.,-1.));
#1294=DIRECTION('',(3.90672499031299E-10,-0.707106781186498,0.707106781186597));
#1295=DIRECTION('',(0.707106781186598,-0.707106781186498,5.86167851242598E-14));
#1296=DIRECTION('center_axis',(0.707106781186548,0.707106781186548,0.));
#1297=DIRECTION('ref_axis',(0.707106781186548,-0.707106781186548,0.));
#1298=DIRECTION('',(0.,0.,-1.));
#1299=DIRECTION('center_axis',(1.,0.,0.));
#1300=DIRECTION('ref_axis',(0.,1.,0.));
#1301=DIRECTION('',(0.,1.,0.));
#1302=DIRECTION('',(0.,0.,-1.));
#1303=DIRECTION('',(0.,-1.,0.));
#1304=DIRECTION('',(0.,0.,-1.));
#1305=DIRECTION('',(-1.330915073581E-13,1.,-5.843041786453E-14));
#1306=DIRECTION('center_axis',(0.,1.,0.));
#1307=DIRECTION('ref_axis',(1.,0.,0.));
#1308=DIRECTION('center_axis',(0.,1.,0.));
#1309=DIRECTION('ref_axis',(1.,0.,0.));
#1310=DIRECTION('center_axis',(0.,1.,0.));
#1311=DIRECTION('ref_axis',(0.,0.,-1.));
#1312=DIRECTION('',(-0.707106781186598,-0.707106781186498,-2.76336272728299E-13));
#1313=DIRECTION('',(-1.443647679349E-11,-0.707106781186598,0.707106781186498));
#1314=DIRECTION('center_axis',(0.,-0.707106781186598,-0.707106781186498));
#1315=DIRECTION('ref_axis',(0.,-0.707106781186498,0.707106781186598));
#1316=DIRECTION('center_axis',(0.707106781186498,-0.707106781186598,0.));
#1317=DIRECTION('ref_axis',(-0.707106781186598,-0.707106781186498,0.));
#1318=DIRECTION('',(0.577350269189626,0.577350269189626,-0.577350269189626));
#1319=DIRECTION('',(0.577350269189592,0.577350269189592,0.577350269189692));
#1320=DIRECTION('center_axis',(0.,-0.707106781186598,0.707106781186498));
#1321=DIRECTION('ref_axis',(0.,0.707106781186498,0.707106781186598));
#1322=DIRECTION('',(-1.,0.,0.));
#1323=DIRECTION('',(-0.577350269189626,-0.577350269189626,-0.577350269189626));
#1324=DIRECTION('',(0.577350269189592,-0.577350269189692,-0.577350269189592));
#1325=DIRECTION('center_axis',(0.,0.,-1.));
#1326=DIRECTION('ref_axis',(0.,1.,0.));
#1327=DIRECTION('',(0.,1.,0.));
#1328=DIRECTION('',(0.,-1.,0.));
#1329=DIRECTION('center_axis',(-0.707106781186498,0.,0.707106781186598));
#1330=DIRECTION('ref_axis',(0.707106781186598,0.,0.707106781186498));
#1331=DIRECTION('center_axis',(0.707106781186598,0.,0.707106781186498));
#1332=DIRECTION('ref_axis',(-0.707106781186498,0.,0.707106781186598));
#1333=DIRECTION('',(-0.707106781186597,2.03358375248699E-8,0.707106781186498));
#1334=DIRECTION('',(-0.707106781186597,-0.707106781186498,-1.50334133854999E-8));
#1335=DIRECTION('center_axis',(0.707106781186548,-0.707106781186548,0.));
#1336=DIRECTION('ref_axis',(-0.707106781186548,-0.707106781186548,0.));
#1337=DIRECTION('',(-0.707106781186597,-0.707106781186497,2.03358773005499E-8));
#1338=DIRECTION('',(0.,0.,-1.));
#1339=DIRECTION('center_axis',(0.,1.,0.));
#1340=DIRECTION('ref_axis',(0.,0.,1.));
#1341=DIRECTION('',(0.,0.,1.));
#1342=DIRECTION('',(-1.,0.,0.));
#1343=DIRECTION('center_axis',(-0.707106781186598,-0.707106781186498,0.));
#1344=DIRECTION('ref_axis',(0.707106781186498,-0.707106781186598,0.));
#1345=DIRECTION('',(0.707106781186497,-0.707106781186597,2.03358207772199E-8));
#1346=DIRECTION('',(0.707106781186498,1.50334301331499E-8,-0.707106781186597));
#1347=DIRECTION('center_axis',(-0.707106781186548,0.,-0.707106781186548));
#1348=DIRECTION('ref_axis',(0.707106781186548,0.,-0.707106781186548));
#1349=DIRECTION('',(0.,-1.,0.));
#1350=DIRECTION('',(-0.577350269189626,-0.577350269189626,0.577350269189626));
#1351=DIRECTION('',(-0.577350269189592,0.577350269189692,0.577350269189592));
#1352=DIRECTION('center_axis',(0.,0.,1.));
#1353=DIRECTION('ref_axis',(0.,-1.,0.));
#1354=DIRECTION('',(-1.,0.,0.));
#1355=DIRECTION('',(0.,1.,0.));
#1356=DIRECTION('',(1.,0.,0.));
#1357=DIRECTION('center_axis',(0.,-0.707106781186548,-0.707106781186548));
#1358=DIRECTION('ref_axis',(0.,0.707106781186548,-0.707106781186548));
#1359=DIRECTION('',(0.577350269189626,-0.577350269189626,0.577350269189626));
#1360=DIRECTION('',(-0.577350269189692,0.577350269189592,-0.577350269189592));
#1361=DIRECTION('center_axis',(-0.707106781186498,-0.707106781186598,0.));
#1362=DIRECTION('ref_axis',(0.707106781186598,-0.707106781186498,0.));
#1363=DIRECTION('',(0.707106781186548,-0.707106781186548,-1.4402981487701E-11));
#1364=DIRECTION('center_axis',(0.,1.,0.));
#1365=DIRECTION('ref_axis',(0.,0.,-1.));
#1366=DIRECTION('center_axis',(0.,1.,0.));
#1367=DIRECTION('ref_axis',(-1.,0.,0.));
#1368=DIRECTION('',(-2.84710099174699E-13,-0.707106781186598,-0.707106781186498));
#1369=DIRECTION('center_axis',(0.,-1.,0.));
#1370=DIRECTION('ref_axis',(0.,0.,1.));
#1371=DIRECTION('center_axis',(0.,1.,0.));
#1372=DIRECTION('ref_axis',(-1.,0.,0.));
#1373=DIRECTION('',(5.861075866041E-14,-1.,1.330915073581E-13));
#1374=DIRECTION('center_axis',(0.,-1.,0.));
#1375=DIRECTION('ref_axis',(0.,0.,-1.));
#1376=DIRECTION('',(-6.69906115705898E-14,-0.707106781186498,0.707106781186598));
#1377=DIRECTION('center_axis',(0.,0.707106781186548,0.707106781186548));
#1378=DIRECTION('ref_axis',(0.,-0.707106781186548,0.707106781186548));
#1379=DIRECTION('',(1.,3.36414656762E-12,-3.363235615395E-12));
#1380=DIRECTION('center_axis',(0.,0.,1.));
#1381=DIRECTION('ref_axis',(1.,0.,0.));
#1382=DIRECTION('',(1.,-9.000207986243E-13,-9.004762747369E-13));
#1383=DIRECTION('center_axis',(0.,0.,1.));
#1384=DIRECTION('ref_axis',(-1.,0.,0.));
#1385=DIRECTION('center_axis',(0.,0.,1.));
#1386=DIRECTION('ref_axis',(-1.,0.,0.));
#1387=DIRECTION('center_axis',(0.,0.,-1.));
#1388=DIRECTION('ref_axis',(-1.,0.,0.));
#1389=DIRECTION('center_axis',(0.,0.,-1.));
#1390=DIRECTION('ref_axis',(-1.,0.,0.));
#1391=DIRECTION('center_axis',(0.,0.,1.));
#1392=DIRECTION('ref_axis',(-1.,0.,0.));
#1393=DIRECTION('center_axis',(0.,0.,1.));
#1394=DIRECTION('ref_axis',(-1.,0.,0.));
#1395=DIRECTION('',(0.707106781186548,8.65956056235493E-17,0.707106781186548));
#1396=DIRECTION('center_axis',(0.,0.,1.));
#1397=DIRECTION('ref_axis',(-1.,0.,0.));
#1398=DIRECTION('',(0.,0.,1.));
#1399=DIRECTION('',(-0.707106781186597,1.50333966378399E-8,-0.707106781186498));
#1400=DIRECTION('center_axis',(0.707106781186548,0.,-0.707106781186548));
#1401=DIRECTION('ref_axis',(-0.707106781186548,0.,-0.707106781186548));
#1402=DIRECTION('center_axis',(0.,0.,1.));
#1403=DIRECTION('ref_axis',(-1.,0.,0.));
#1404=DIRECTION('center_axis',(0.,0.,1.));
#1405=DIRECTION('ref_axis',(-1.,0.,0.));
#1406=DIRECTION('',(0.707106781186548,8.65956056235493E-17,0.707106781186548));
#1407=DIRECTION('center_axis',(0.,0.,1.));
#1408=DIRECTION('ref_axis',(-1.,0.,0.));
#1409=DIRECTION('center_axis',(0.,0.,-1.));
#1410=DIRECTION('ref_axis',(-1.,0.,0.));
#1411=DIRECTION('',(0.,0.,1.));
#1412=DIRECTION('center_axis',(0.,0.,1.));
#1413=DIRECTION('ref_axis',(-1.,0.,0.));
#1414=DIRECTION('',(0.857167300702112,1.04972719113862E-16,0.515038074910054));
#1415=DIRECTION('center_axis',(0.,-0.707106781186548,0.707106781186548));
#1416=DIRECTION('ref_axis',(0.,-0.707106781186548,-0.707106781186548));
#1417=DIRECTION('center_axis',(0.,0.,-1.));
#1418=DIRECTION('ref_axis',(-1.,0.,0.));
#1419=DIRECTION('',(0.,0.,-1.));
#1420=DIRECTION('center_axis',(0.,0.,-1.));
#1421=DIRECTION('ref_axis',(-1.,0.,0.));
#1422=DIRECTION('center_axis',(0.,0.,-1.));
#1423=DIRECTION('ref_axis',(-1.,0.,0.));
#1424=DIRECTION('center_axis',(0.,0.,-1.));
#1425=DIRECTION('ref_axis',(-1.,0.,0.));
#1426=DIRECTION('',(0.,0.,-1.));
#1427=DIRECTION('center_axis',(0.,0.,-1.));
#1428=DIRECTION('ref_axis',(-1.,0.,0.));
#1429=DIRECTION('center_axis',(0.,0.,-1.));
#1430=DIRECTION('ref_axis',(-1.,0.,0.));
#1431=DIRECTION('center_axis',(0.,0.,-1.));
#1432=DIRECTION('ref_axis',(1.,0.,0.));
#1433=DIRECTION('center_axis',(0.,0.,1.));
#1434=DIRECTION('ref_axis',(-1.,0.,0.));
#1435=DIRECTION('',(-0.707106781186548,8.65956056235493E-17,-0.707106781186548));
#1436=DIRECTION('center_axis',(0.,0.,1.));
#1437=DIRECTION('ref_axis',(-1.,0.,0.));
#1438=DIRECTION('center_axis',(0.,0.,1.));
#1439=DIRECTION('ref_axis',(-1.,0.,0.));
#1440=DIRECTION('',(0.,0.,1.));
#1441=DIRECTION('center_axis',(0.,0.,1.));
#1442=DIRECTION('ref_axis',(-1.,0.,0.));
#1443=DIRECTION('center_axis',(0.,0.,1.));
#1444=DIRECTION('ref_axis',(-1.,0.,0.));
#1445=DIRECTION('center_axis',(0.,0.,-1.));
#1446=DIRECTION('ref_axis',(1.,0.,0.));
#1447=DIRECTION('',(-0.857167300702112,1.04972719113862E-16,-0.515038074910054));
#1448=DIRECTION('center_axis',(0.,0.,-1.));
#1449=DIRECTION('ref_axis',(-1.,0.,0.));
#1450=DIRECTION('center_axis',(0.,0.,-1.));
#1451=DIRECTION('ref_axis',(1.,0.,0.));
#1452=DIRECTION('',(0.,0.,-1.));
#1453=DIRECTION('center_axis',(0.,0.,-1.));
#1454=DIRECTION('ref_axis',(-1.,0.,0.));
#1455=DIRECTION('center_axis',(0.,0.,-1.));
#1456=DIRECTION('ref_axis',(-1.,0.,0.));
#1457=DIRECTION('center_axis',(0.,0.,-1.));
#1458=DIRECTION('ref_axis',(1.,0.,0.));
#1459=DIRECTION('',(0.,0.,-1.));
#1460=DIRECTION('center_axis',(0.,0.,-1.));
#1461=DIRECTION('ref_axis',(-1.,0.,0.));
#1462=CARTESIAN_POINT('',(0.,0.,0.));
#1463=CARTESIAN_POINT('Origin',(14.,1.732050807569,-29.75));
#1464=CARTESIAN_POINT('',(-34.1999999981363,93.4461339179157,-29.7499999999674));
#1465=CARTESIAN_POINT('',(-49.8,93.4461339179,-29.74999999999));
#1466=CARTESIAN_POINT('',(-34.19999999751,93.44613391795,-29.74999999994));
#1467=CARTESIAN_POINT('',(-34.19999999991,54.04613391788,-29.74999999999));
#1468=CARTESIAN_POINT('',(-34.19999999991,54.04613391788,-29.74999999999));
#1469=CARTESIAN_POINT('',(-49.8,54.04613391789,-29.75));
#1470=CARTESIAN_POINT('',(-34.19999999991,54.04613391788,-29.74999999999));
#1471=CARTESIAN_POINT('',(-49.8,54.04613391789,-29.75));
#1472=CARTESIAN_POINT('',(-43.56,78.24613391789,-29.75));
#1473=CARTESIAN_POINT('Origin',(-42.,78.24613391789,-29.75));
#1474=CARTESIAN_POINT('',(-43.56,63.74613391789,-29.75));
#1475=CARTESIAN_POINT('Origin',(-42.,63.74613391789,-29.75));
#1476=CARTESIAN_POINT('',(-39.5,87.74613391789,-29.75));
#1477=CARTESIAN_POINT('Origin',(-42.,87.74613391789,-29.75));
#1478=CARTESIAN_POINT('',(-39.5,57.74613391789,-29.75));
#1479=CARTESIAN_POINT('Origin',(-42.,57.74613391789,-29.75));
#1480=CARTESIAN_POINT('Origin',(-42.,63.74613391789,-29.62));
#1481=CARTESIAN_POINT('',(-40.7,63.74613391789,-29.49));
#1482=CARTESIAN_POINT('',(-43.3,63.74613391789,-29.49));
#1483=CARTESIAN_POINT('Origin',(-42.,63.74613391789,-29.49));
#1484=CARTESIAN_POINT('',(-43.43,63.74613391789,-29.62));
#1485=CARTESIAN_POINT('Origin',(-42.,63.74613391789,-29.49));
#1486=CARTESIAN_POINT('Origin',(-42.,63.74613391789,-18.42982525503));
#1487=CARTESIAN_POINT('',(-40.7,63.7461339259534,-21.3328157244882));
#1488=CARTESIAN_POINT('',(-40.7,63.74613391789,-18.42982525503));
#1489=CARTESIAN_POINT('',(-43.3,63.74613391789,-21.33281573));
#1490=CARTESIAN_POINT('Ctrl Pts',(-43.3,63.7461339178893,-21.332815729998));
#1491=CARTESIAN_POINT('Ctrl Pts',(-43.2999999992378,63.7525919917335,-21.3306093885706));
#1492=CARTESIAN_POINT('Ctrl Pts',(-43.2999518767448,63.7590491798504,-21.3283991528456));
#1493=CARTESIAN_POINT('Ctrl Pts',(-43.2998556705478,63.7655049205683,-21.3261852074132));
#1494=CARTESIAN_POINT('Ctrl Pts',(-43.2987434091782,63.8401411834615,-21.3005892889052));
#1495=CARTESIAN_POINT('Ctrl Pts',(-43.2912074798183,63.9143982836746,-21.2745570568763));
#1496=CARTESIAN_POINT('Ctrl Pts',(-43.2774054629858,63.9874565403762,-21.2483928336772));
#1497=CARTESIAN_POINT('Ctrl Pts',(-43.2695780497215,64.0288894102617,-21.2335545538658));
#1498=CARTESIAN_POINT('Ctrl Pts',(-43.2597352985417,64.0699373865101,-21.218674508084));
#1499=CARTESIAN_POINT('Ctrl Pts',(-43.247905952285,64.1104562123661,-21.2038134588425));
#1500=CARTESIAN_POINT('Ctrl Pts',(-43.226145408283,64.1849921735102,-21.1764759789074));
#1501=CARTESIAN_POINT('Ctrl Pts',(-43.1977372217282,64.2574817384068,-21.1492933868614));
#1502=CARTESIAN_POINT('Ctrl Pts',(-43.163003762992,64.32702260464,-21.1227014991103));
#1503=CARTESIAN_POINT('Ctrl Pts',(-43.1327783398345,64.3875378019488,-21.099560957135));
#1504=CARTESIAN_POINT('Ctrl Pts',(-43.097763000281,64.4458209320836,-21.0768686190913));
#1505=CARTESIAN_POINT('Ctrl Pts',(-43.058170180369,64.5013000382782,-21.0549343234567));
#1506=CARTESIAN_POINT('Ctrl Pts',(-43.0040810694749,64.5770919503959,-21.0249691289693));
#1507=CARTESIAN_POINT('Ctrl Pts',(-42.9417693896215,64.6471863909286,-20.9966013376579));
#1508=CARTESIAN_POINT('Ctrl Pts',(-42.872164530211,64.7101598618091,-20.9706943276544));
#1509=CARTESIAN_POINT('Ctrl Pts',(-42.8126740623224,64.7639825586578,-20.9485519059936));
#1510=CARTESIAN_POINT('Ctrl Pts',(-42.7478559828563,64.8126052201029,-20.9282088443161));
#1511=CARTESIAN_POINT('Ctrl Pts',(-42.6782905498812,64.855152371272,-20.9102174636367));
#1512=CARTESIAN_POINT('Ctrl Pts',(-42.6084079048141,64.8978935336081,-20.8921440438861));
#1513=CARTESIAN_POINT('Ctrl Pts',(-42.5344289802621,64.9340607793154,-20.8766344150981));
#1514=CARTESIAN_POINT('Ctrl Pts',(-42.4572858796816,64.96304989668,-20.8641235678472));
#1515=CARTESIAN_POINT('Ctrl Pts',(-42.3864094214115,64.9896841122057,-20.8526290267096));
#1516=CARTESIAN_POINT('Ctrl Pts',(-42.3128619841598,65.010259514096,-20.8436663167492));
#1517=CARTESIAN_POINT('Ctrl Pts',(-42.2373664690006,65.0242799030553,-20.8375452011903));
#1518=CARTESIAN_POINT('Ctrl Pts',(-42.1662859927054,65.0374803683143,-20.8317820534262));
#1519=CARTESIAN_POINT('Ctrl Pts',(-42.0943974248364,65.0446932629551,-20.8286158839899));
#1520=CARTESIAN_POINT('Ctrl Pts',(-42.0224219931165,65.0459342901334,-20.8280718506834));
#1521=CARTESIAN_POINT('Ctrl Pts',(-41.9505150555842,65.0471741363094,-20.8275283350969));
#1522=CARTESIAN_POINT('Ctrl Pts',(-41.8785214194474,65.0424534788215,-20.8296019705488));
#1523=CARTESIAN_POINT('Ctrl Pts',(-41.8071602553561,65.0317511760717,-20.8342810431211));
#1524=CARTESIAN_POINT('Ctrl Pts',(-41.7960941338552,65.0300915481203,-20.8350066364638));
#1525=CARTESIAN_POINT('Ctrl Pts',(-41.7850432216237,65.0282880054278,-20.8357948115422));
#1526=CARTESIAN_POINT('Ctrl Pts',(-41.7740102004991,65.0263403897216,-20.83664544524));
#1527=CARTESIAN_POINT('Ctrl Pts',(-41.6921307539763,65.011886533949,-20.8429582597978));
#1528=CARTESIAN_POINT('Ctrl Pts',(-41.6124682572353,64.9897276871856,-20.8526160662094));
#1529=CARTESIAN_POINT('Ctrl Pts',(-41.5359445444988,64.9604841661687,-20.8652305931881));
#1530=CARTESIAN_POINT('Ctrl Pts',(-41.4626414010451,64.932471385038,-20.8773142264522));
#1531=CARTESIAN_POINT('Ctrl Pts',(-41.3922184039859,64.8979565097683,-20.8921097436805));
#1532=CARTESIAN_POINT('Ctrl Pts',(-41.3254858284817,64.8574532385269,-20.9092443128998));
#1533=CARTESIAN_POINT('Ctrl Pts',(-41.2334518166982,64.8015932853552,-20.9328753976213));
#1534=CARTESIAN_POINT('Ctrl Pts',(-41.1496550386978,64.7351129743556,-20.9606236266241));
#1535=CARTESIAN_POINT('Ctrl Pts',(-41.0754393363488,64.6600262402171,-20.9912212053919));
#1536=CARTESIAN_POINT('Ctrl Pts',(-41.0287782001757,64.6128174661229,-21.0104586139762));
#1537=CARTESIAN_POINT('Ctrl Pts',(-40.9859043951936,64.562206549193,-21.0308222654317));
#1538=CARTESIAN_POINT('Ctrl Pts',(-40.9471519061937,64.5087025320937,-21.0520055948233));
#1539=CARTESIAN_POINT('Ctrl Pts',(-40.9011157172608,64.4451422007853,-21.0771704236966));
#1540=CARTESIAN_POINT('Ctrl Pts',(-40.8611263448991,64.3778267971306,-21.1033603246012));
#1541=CARTESIAN_POINT('Ctrl Pts',(-40.8275108979353,64.3076304521894,-21.130103124036));
#1542=CARTESIAN_POINT('Ctrl Pts',(-40.7980447119448,64.2460986641959,-21.153544975126));
#1543=CARTESIAN_POINT('Ctrl Pts',(-40.7734760553041,64.1823534686171,-21.177411876133));
#1544=CARTESIAN_POINT('Ctrl Pts',(-40.7540252446886,64.1170070891046,-21.2014092780348));
#1545=CARTESIAN_POINT('Ctrl Pts',(-40.7327887859073,64.0456616977754,-21.2276097200844));
#1546=CARTESIAN_POINT('Ctrl Pts',(-40.7177230767757,63.9726400112366,-21.2538795715157));
#1547=CARTESIAN_POINT('Ctrl Pts',(-40.7089879421128,63.8987405539915,-21.2798919314654));
#1548=CARTESIAN_POINT('Ctrl Pts',(-40.7040002412199,63.8565444799619,-21.2947448073463));
#1549=CARTESIAN_POINT('Ctrl Pts',(-40.7010765166721,63.8140628863743,-21.3095143951812));
#1550=CARTESIAN_POINT('Ctrl Pts',(-40.7002465218703,63.7714498439086,-21.3241452535596));
#1551=CARTESIAN_POINT('Ctrl Pts',(-40.7002370929904,63.7709657526123,-21.3243114625602));
#1552=CARTESIAN_POINT('Ctrl Pts',(-40.7002279348354,63.7704816702306,-21.3244776448304));
#1553=CARTESIAN_POINT('Ctrl Pts',(-40.7002190469867,63.7699975761182,-21.3246438074623));
#1554=CARTESIAN_POINT('Ctrl Pts',(-40.7000730417216,63.7620451129677,-21.3273734465426));
#1555=CARTESIAN_POINT('Ctrl Pts',(-40.7000000010922,63.7540902175944,-21.3300975335005));
#1556=CARTESIAN_POINT('Ctrl Pts',(-40.7,63.7461339340168,-21.3328157244882));
#1557=CARTESIAN_POINT('Ctrl Pts',(-40.7,63.7461339340168,-21.3328157244882));
#1558=CARTESIAN_POINT('Ctrl Pts',(-40.6999999839191,63.6999088636025,-21.3486080939505));
#1559=CARTESIAN_POINT('Ctrl Pts',(-40.7024654457609,63.6536359238682,-21.3642012180818));
#1560=CARTESIAN_POINT('Ctrl Pts',(-40.7074118142059,63.6075129167919,-21.3795342297661));
#1561=CARTESIAN_POINT('Ctrl Pts',(-40.7157370946988,63.5298828382085,-21.4053413697908));
#1562=CARTESIAN_POINT('Ctrl Pts',(-40.7310616667623,63.4529426072603,-21.4303209037126));
#1563=CARTESIAN_POINT('Ctrl Pts',(-40.7533179969928,63.3776446061644,-21.4542343893306));
#1564=CARTESIAN_POINT('Ctrl Pts',(-40.7643630265916,63.3402768711328,-21.4661018065428));
#1565=CARTESIAN_POINT('Ctrl Pts',(-40.7771151998039,63.3033141795617,-21.4777072762955));
#1566=CARTESIAN_POINT('Ctrl Pts',(-40.7915662627408,63.266876259991,-21.4890249853377));
#1567=CARTESIAN_POINT('Ctrl Pts',(-40.8258640811781,63.1803953447026,-21.5158861741342));
#1568=CARTESIAN_POINT('Ctrl Pts',(-40.8694641988457,63.0975484132955,-21.5409122097276));
#1569=CARTESIAN_POINT('Ctrl Pts',(-40.9217915196909,63.0198636540842,-21.5638621395138));
#1570=CARTESIAN_POINT('Ctrl Pts',(-40.9537781916881,62.9723764739279,-21.5778909845716));
#1571=CARTESIAN_POINT('Ctrl Pts',(-40.9890259042555,62.9268191701408,-21.591145022981));
#1572=CARTESIAN_POINT('Ctrl Pts',(-41.0274032977201,62.8835473108061,-21.6035757272453));
#1573=CARTESIAN_POINT('Ctrl Pts',(-41.0999999949049,62.8016919843977,-21.627090301629));
#1574=CARTESIAN_POINT('Ctrl Pts',(-41.1828877625905,62.7290482539683,-21.6473654630102));
#1575=CARTESIAN_POINT('Ctrl Pts',(-41.2742435853866,62.6675771377827,-21.664249174113));
#1576=CARTESIAN_POINT('Ctrl Pts',(-41.3132684426618,62.6413182583565,-21.6714614611451));
#1577=CARTESIAN_POINT('Ctrl Pts',(-41.3538385325146,62.6170978266791,-21.6780545765943));
#1578=CARTESIAN_POINT('Ctrl Pts',(-41.3958117511736,62.5950663438614,-21.6840143092142));
#1579=CARTESIAN_POINT('Ctrl Pts',(-41.4671678332491,62.5576119778059,-21.6941460833207));
#1580=CARTESIAN_POINT('Ctrl Pts',(-41.5418461145461,62.5268722604558,-21.7023451291213));
#1581=CARTESIAN_POINT('Ctrl Pts',(-41.6188586028758,62.5032551448531,-21.7086110237852));
#1582=CARTESIAN_POINT('Ctrl Pts',(-41.6933203660688,62.4804202500529,-21.7146693861985));
#1583=CARTESIAN_POINT('Ctrl Pts',(-41.7699642747008,62.4642441340498,-21.7189207102924));
#1584=CARTESIAN_POINT('Ctrl Pts',(-41.8478972906664,62.4550627479643,-21.7213318195571));
#1585=CARTESIAN_POINT('Ctrl Pts',(-41.9243757611587,62.4460527237003,-21.7236979277651));
#1586=CARTESIAN_POINT('Ctrl Pts',(-42.0013140754352,62.4438711238597,-21.7242679214516));
#1587=CARTESIAN_POINT('Ctrl Pts',(-42.07779756893,62.4484559542681,-21.7230655992797));
#1588=CARTESIAN_POINT('Ctrl Pts',(-42.1549498978695,62.4530808782567,-21.7218527630001));
#1589=CARTESIAN_POINT('Ctrl Pts',(-42.2316394165818,62.4645910626919,-21.7188364482514));
#1590=CARTESIAN_POINT('Ctrl Pts',(-42.3069272542816,62.4828854623452,-21.7140036731147));
#1591=CARTESIAN_POINT('Ctrl Pts',(-42.3163976527827,62.4851867006374,-21.713395762092));
#1592=CARTESIAN_POINT('Ctrl Pts',(-42.3258458725856,62.4875952372956,-21.7127590615621));
#1593=CARTESIAN_POINT('Ctrl Pts',(-42.3352700450053,62.4901108301555,-21.7120935046377));
#1594=CARTESIAN_POINT('Ctrl Pts',(-42.4198391173187,62.5126848393098,-21.7061210405149));
#1595=CARTESIAN_POINT('Ctrl Pts',(-42.5014658991074,62.5436124644222,-21.6979001262197));
#1596=CARTESIAN_POINT('Ctrl Pts',(-42.5790362497189,62.5822039391992,-21.6874890063574));
#1597=CARTESIAN_POINT('Ctrl Pts',(-42.6510499028226,62.6180309408234,-21.6778236797439));
#1598=CARTESIAN_POINT('Ctrl Pts',(-42.7195674684729,62.6604621324746,-21.6662696987442));
#1599=CARTESIAN_POINT('Ctrl Pts',(-42.7836974960633,62.7089173374864,-21.6528453881177));
#1600=CARTESIAN_POINT('Ctrl Pts',(-42.8939553732078,62.7922257070902,-21.6297651549194));
#1601=CARTESIAN_POINT('Ctrl Pts',(-42.9892593301523,62.8918280589525,-21.601567724927));
#1602=CARTESIAN_POINT('Ctrl Pts',(-43.0669113997003,63.0033686878573,-21.5687269370979));
#1603=CARTESIAN_POINT('Ctrl Pts',(-43.0822274842016,63.0253689475745,-21.5622494242073));
#1604=CARTESIAN_POINT('Ctrl Pts',(-43.0968568472953,63.0478337577455,-21.5555913770048));
#1605=CARTESIAN_POINT('Ctrl Pts',(-43.1107787865752,63.0707299740945,-21.5487567099247));
#1606=CARTESIAN_POINT('Ctrl Pts',(-43.1545359408173,63.1426936028822,-21.5272751062773));
#1607=CARTESIAN_POINT('Ctrl Pts',(-43.1909286962442,63.2182934571041,-21.5042320356056));
#1608=CARTESIAN_POINT('Ctrl Pts',(-43.2197213693718,63.2963786583003,-21.4798342140148));
#1609=CARTESIAN_POINT('Ctrl Pts',(-43.236036507179,63.3406250126616,-21.46600938366));
#1610=CARTESIAN_POINT('Ctrl Pts',(-43.2499113865982,63.3856699613094,-21.4517501568522));
#1611=CARTESIAN_POINT('Ctrl Pts',(-43.261303127565,63.4313094900025,-21.4370995190178));
#1612=CARTESIAN_POINT('Ctrl Pts',(-43.2754164345586,63.4878526190433,-21.4189487420638));
#1613=CARTESIAN_POINT('Ctrl Pts',(-43.2856731512193,63.5451255604763,-21.4002552912366));
#1614=CARTESIAN_POINT('Ctrl Pts',(-43.2920669326024,63.6027357251697,-21.3811215972015));
#1615=CARTESIAN_POINT('Ctrl Pts',(-43.2973611822708,63.6504387317396,-21.3652783039716));
#1616=CARTESIAN_POINT('Ctrl Pts',(-43.3000000140484,63.6983111404292,-21.349153941302));
#1617=CARTESIAN_POINT('Ctrl Pts',(-43.3,63.7461339178893,-21.332815729998));
#1618=CARTESIAN_POINT('Ctrl Pts',(-33.33,73.74495775711,-4.207819412633));
#1619=CARTESIAN_POINT('Ctrl Pts',(-50.67,73.74495775711,-4.207819412633));
#1620=CARTESIAN_POINT('Ctrl Pts',(-33.33,73.84353383718,-16.50118896714));
#1621=CARTESIAN_POINT('Ctrl Pts',(-50.67,73.84353383718,-16.50118896714));
#1622=CARTESIAN_POINT('Ctrl Pts',(-33.33,67.74573542206,-22.59818402647));
#1623=CARTESIAN_POINT('Ctrl Pts',(-50.67,67.74573542206,-22.59818402647));
#1624=CARTESIAN_POINT('Ctrl Pts',(-33.33,55.45156251176,-22.49880459062));
#1625=CARTESIAN_POINT('Ctrl Pts',(-50.67,55.45156251176,-22.49880459062));
#1626=CARTESIAN_POINT('',(-50.5,55.74613389159,-22.5));
#1627=CARTESIAN_POINT('',(-50.5,73.74613391789,-4.499999980601));
#1628=CARTESIAN_POINT('Ctrl Pts',(-50.5000000000018,55.74613389159,-22.5000000000014));
#1629=CARTESIAN_POINT('Ctrl Pts',(-50.4999999999288,56.4627018068487,-22.5000000005248));
#1630=CARTESIAN_POINT('Ctrl Pts',(-50.5022375914165,57.1856212065088,-22.4785019400664));
#1631=CARTESIAN_POINT('Ctrl Pts',(-50.5017345348535,58.5796124225596,-22.3865864250458));
#1632=CARTESIAN_POINT('Ctrl Pts',(-50.4995844725355,59.2543679533216,-22.3190957228091));
#1633=CARTESIAN_POINT('Ctrl Pts',(-50.4973406175658,61.1526970795169,-22.0510864701559));
#1634=CARTESIAN_POINT('Ctrl Pts',(-50.5011917963458,62.373378506564,-21.7853922258639));
#1635=CARTESIAN_POINT('Ctrl Pts',(-50.5007148124445,64.2743003915206,-21.1604116101737));
#1636=CARTESIAN_POINT('Ctrl Pts',(-50.499482270485,64.9810270596529,-20.8769967022676));
#1637=CARTESIAN_POINT('Ctrl Pts',(-50.4995484022867,66.0377953476984,-20.3567237359927));
#1638=CARTESIAN_POINT('Ctrl Pts',(-50.4998922796925,66.4037922458069,-20.1571488296884));
#1639=CARTESIAN_POINT('Ctrl Pts',(-50.5001040251509,67.1287444532314,-19.7183920896014));
#1640=CARTESIAN_POINT('Ctrl Pts',(-50.4999216599562,67.4859096661826,-19.4788633128493));
#1641=CARTESIAN_POINT('Ctrl Pts',(-50.4999306006605,67.9996537777146,-19.096405181063));
#1642=CARTESIAN_POINT('Ctrl Pts',(-50.4999645171665,68.1650634432892,-18.9669845839855));
#1643=CARTESIAN_POINT('Ctrl Pts',(-50.5000308662279,68.647045208802,-18.5705221347073));
#1644=CARTESIAN_POINT('Ctrl Pts',(-50.4998933456315,68.9533859226519,-18.2927479951279));
#1645=CARTESIAN_POINT('Ctrl Pts',(-50.4998902176592,69.5388820641549,-17.7072518538495));
#1646=CARTESIAN_POINT('Ctrl Pts',(-50.5000343142296,69.8166557556146,-17.4009116519867));
#1647=CARTESIAN_POINT('Ctrl Pts',(-50.4999636191007,70.2131178035351,-16.9189303743621));
#1648=CARTESIAN_POINT('Ctrl Pts',(-50.4999232879855,70.3425377848102,-16.753521548548));
#1649=CARTESIAN_POINT('Ctrl Pts',(-50.4999014026453,70.7249961288594,-16.239777385194));
#1650=CARTESIAN_POINT('Ctrl Pts',(-50.5000885665408,70.9645272955592,-15.8826080852863));
#1651=CARTESIAN_POINT('Ctrl Pts',(-50.4999232229319,71.403281827933,-15.1576601592543));
#1652=CARTESIAN_POINT('Ctrl Pts',(-50.4995681886455,71.6028563833973,-14.7916637044865));
#1653=CARTESIAN_POINT('Ctrl Pts',(-50.499474765036,72.1231262420266,-13.7349025926229));
#1654=CARTESIAN_POINT('Ctrl Pts',(-50.5006144289404,72.4065396150915,-13.0281839913253));
#1655=CARTESIAN_POINT('Ctrl Pts',(-50.5010090662353,73.0315184949264,-11.1272686144718));
#1656=CARTESIAN_POINT('Ctrl Pts',(-50.4982333248998,73.2972536296241,-9.90633112403886));
#1657=CARTESIAN_POINT('Ctrl Pts',(-50.4995843504827,73.5652357172869,-8.00818913130465));
#1658=CARTESIAN_POINT('Ctrl Pts',(-50.5012236827606,73.6327391573813,-7.33319934323818));
#1659=CARTESIAN_POINT('Ctrl Pts',(-50.5017507972515,73.7246180714756,-5.93975046585057));
#1660=CARTESIAN_POINT('Ctrl Pts',(-50.4999999999569,73.7461339182788,-5.21741742795647));
#1661=CARTESIAN_POINT('Ctrl Pts',(-50.5000000000002,73.7461339178919,-4.499999980601));
#1662=CARTESIAN_POINT('',(-33.5,55.74613389159,-22.5));
#1663=CARTESIAN_POINT('',(-33.5,55.74613389159,-22.5));
#1664=CARTESIAN_POINT('',(-33.5,73.74613391789,-4.499999980601));
#1665=CARTESIAN_POINT('Ctrl Pts',(-33.4999999999992,73.746133917892,-4.499999980601));
#1666=CARTESIAN_POINT('Ctrl Pts',(-33.5000000000516,73.7461339182783,-5.21657437428397));
#1667=CARTESIAN_POINT('Ctrl Pts',(-33.4977665743974,73.7246357276377,-5.93948908198527));
#1668=CARTESIAN_POINT('Ctrl Pts',(-33.4982706051768,73.6327206314666,-7.33347430093361));
#1669=CARTESIAN_POINT('Ctrl Pts',(-33.500416302812,73.5652298297474,-8.00823257382367));
#1670=CARTESIAN_POINT('Ctrl Pts',(-33.5026485033019,73.2972212483652,-9.90655729266352));
#1671=CARTESIAN_POINT('Ctrl Pts',(-33.4988136145815,73.0315263051415,-11.1272440623256));
#1672=CARTESIAN_POINT('Ctrl Pts',(-33.4992910738392,72.4065455544101,-13.0281664152726));
#1673=CARTESIAN_POINT('Ctrl Pts',(-33.5005153937752,72.1231305143411,-13.7348933564169));
#1674=CARTESIAN_POINT('Ctrl Pts',(-33.5004481388721,71.6028577457271,-14.791661243417));
#1675=CARTESIAN_POINT('Ctrl Pts',(-33.5001057919019,71.4032827701644,-15.1576582952982));
#1676=CARTESIAN_POINT('Ctrl Pts',(-33.4998972659426,70.9645261721547,-15.8826102584276));
#1677=CARTESIAN_POINT('Ctrl Pts',(-33.5000789876268,70.7249972062424,-16.2397757888939));
#1678=CARTESIAN_POINT('Ctrl Pts',(-33.5000693853551,70.3425390327841,-16.7535199449539));
#1679=CARTESIAN_POINT('Ctrl Pts',(-33.5000352974846,70.2131184540764,-16.9189295845181));
#1680=CARTESIAN_POINT('Ctrl Pts',(-33.4999691057063,69.8166560232564,-17.4009113245968));
#1681=CARTESIAN_POINT('Ctrl Pts',(-33.5001069966713,69.5388819094501,-17.7072520085543));
#1682=CARTESIAN_POINT('Ctrl Pts',(-33.5001098077056,68.9533857834209,-18.2927481343589));
#1683=CARTESIAN_POINT('Ctrl Pts',(-33.499965815713,68.6470455800105,-18.570521828061));
#1684=CARTESIAN_POINT('Ctrl Pts',(-33.5000363543605,68.165064279613,-18.9669838967137));
#1685=CARTESIAN_POINT('Ctrl Pts',(-33.5000764138798,67.999655417812,-19.0964039051131));
#1686=CARTESIAN_POINT('Ctrl Pts',(-33.5000975682665,67.4859112037957,-19.4788622807968));
#1687=CARTESIAN_POINT('Ctrl Pts',(-33.4999100955532,67.128741832894,-19.7183934856122));
#1688=CARTESIAN_POINT('Ctrl Pts',(-33.5000785938244,66.4037944092818,-20.1571477042886));
#1689=CARTESIAN_POINT('Ctrl Pts',(-33.500434316417,66.0377981754078,-20.3567221903126));
#1690=CARTESIAN_POINT('Ctrl Pts',(-33.5005254007973,64.9810367728278,-20.8769922003184));
#1691=CARTESIAN_POINT('Ctrl Pts',(-33.4993833420043,64.2743187088989,-21.1604054249942));
#1692=CARTESIAN_POINT('Ctrl Pts',(-33.4989925429146,62.3734028815937,-21.7853844773515));
#1693=CARTESIAN_POINT('Ctrl Pts',(-33.5017707927694,61.1524660846951,-22.0511195530854));
#1694=CARTESIAN_POINT('Ctrl Pts',(-33.500414612271,59.2543233491142,-22.3191017632861));
#1695=CARTESIAN_POINT('Ctrl Pts',(-33.4987721555353,58.5793349969806,-22.3866051210955));
#1696=CARTESIAN_POINT('Ctrl Pts',(-33.4982459745588,57.1858797808695,-22.4784844612698));
#1697=CARTESIAN_POINT('Ctrl Pts',(-33.5000000000562,56.463550297291,-22.5000000005254));
#1698=CARTESIAN_POINT('Ctrl Pts',(-33.4999999999989,55.74613389159,-22.5000000000014));
#1699=CARTESIAN_POINT('',(-33.5,73.74613391789,-4.499999980601));
#1700=CARTESIAN_POINT('Ctrl Pts',(-50.88844190872,55.45034739947,-22.88706244579));
#1701=CARTESIAN_POINT('Ctrl Pts',(-50.72948063624,55.4518641858,-22.7281069841));
#1702=CARTESIAN_POINT('Ctrl Pts',(-50.57051936376,55.45338097214,-22.56915152241));
#1703=CARTESIAN_POINT('Ctrl Pts',(-50.41155809128,55.45489775847,-22.41019606072));
#1704=CARTESIAN_POINT('Ctrl Pts',(-50.88844190872,55.54849153789,-22.88798313107));
#1705=CARTESIAN_POINT('Ctrl Pts',(-50.72948063624,55.54949963379,-22.72902383056));
#1706=CARTESIAN_POINT('Ctrl Pts',(-50.57051936376,55.55050772969,-22.57006453005));
#1707=CARTESIAN_POINT('Ctrl Pts',(-50.41155809128,55.55151582559,-22.41110522955));
#1708=CARTESIAN_POINT('Ctrl Pts',(-50.88844190872,56.80915224816,-22.89384714939));
#1709=CARTESIAN_POINT('Ctrl Pts',(-50.72948063624,56.80370071731,-22.73486264347));
#1710=CARTESIAN_POINT('Ctrl Pts',(-50.57051936376,56.79824918645,-22.57587813755));
#1711=CARTESIAN_POINT('Ctrl Pts',(-50.41155809128,56.79279765559,-22.41689363164));
#1712=CARTESIAN_POINT('Ctrl Pts',(-50.88844190872,59.35245352765,-22.76107464587));
#1713=CARTESIAN_POINT('Ctrl Pts',(-50.72948063624,59.3354218635,-22.60266083821));
#1714=CARTESIAN_POINT('Ctrl Pts',(-50.57051936376,59.31839019935,-22.44424703054));
#1715=CARTESIAN_POINT('Ctrl Pts',(-50.41155809128,59.3013585352,-22.28583322288));
#1716=CARTESIAN_POINT('Ctrl Pts',(-50.88844190872,62.34255839591,-22.21863570067));
#1717=CARTESIAN_POINT('Ctrl Pts',(-50.72948063624,62.30460654367,-22.06371703602));
#1718=CARTESIAN_POINT('Ctrl Pts',(-50.57051936376,62.26665469144,-21.90879837137));
#1719=CARTESIAN_POINT('Ctrl Pts',(-50.41155809128,62.22870283921,-21.75387970672));
#1720=CARTESIAN_POINT('Ctrl Pts',(-50.88844190872,64.91952634743,-21.37506386468));
#1721=CARTESIAN_POINT('Ctrl Pts',(-50.72948063624,64.8592004693,-21.22732506493));
#1722=CARTESIAN_POINT('Ctrl Pts',(-50.57051936376,64.79887459117,-21.07958626518));
#1723=CARTESIAN_POINT('Ctrl Pts',(-50.41155809128,64.73854871305,-20.93184746544));
#1724=CARTESIAN_POINT('Ctrl Pts',(-50.88844190872,67.0329669041,-20.29928998201));
#1725=CARTESIAN_POINT('Ctrl Pts',(-50.72948063624,66.95025503018,-20.16275100605));
#1726=CARTESIAN_POINT('Ctrl Pts',(-50.57051936376,66.86754315626,-20.02621203009));
#1727=CARTESIAN_POINT('Ctrl Pts',(-50.41155809128,66.78483128234,-19.88967305412));
#1728=CARTESIAN_POINT('Ctrl Pts',(-50.88844190872,68.79572460085,-19.02237867842));
#1729=CARTESIAN_POINT('Ctrl Pts',(-50.72948063624,68.69220192055,-18.90082962835));
#1730=CARTESIAN_POINT('Ctrl Pts',(-50.57051936376,68.58867924026,-18.77928057828));
#1731=CARTESIAN_POINT('Ctrl Pts',(-50.41155809128,68.48515655996,-18.6577315282));
#1732=CARTESIAN_POINT('Ctrl Pts',(-50.88844190872,70.29197813643,-17.52194553498));
#1733=CARTESIAN_POINT('Ctrl Pts',(-50.72948063624,70.17014443159,-17.41875934514));
#1734=CARTESIAN_POINT('Ctrl Pts',(-50.57051936376,70.04831072676,-17.31557315529));
#1735=CARTESIAN_POINT('Ctrl Pts',(-50.41155809128,69.92647702193,-17.21238696545));
#1736=CARTESIAN_POINT('Ctrl Pts',(-50.88844190872,71.56458549736,-15.75535730784));
#1737=CARTESIAN_POINT('Ctrl Pts',(-50.72948063624,71.42783304186,-15.67300173998));
#1738=CARTESIAN_POINT('Ctrl Pts',(-50.57051936376,71.29108058635,-15.59064617212));
#1739=CARTESIAN_POINT('Ctrl Pts',(-50.41155809128,71.15432813084,-15.50829060426));
#1740=CARTESIAN_POINT('Ctrl Pts',(-50.88844190872,72.63776962186,-13.63403026323));
#1741=CARTESIAN_POINT('Ctrl Pts',(-50.72948063624,72.4898715108,-13.57408842432));
#1742=CARTESIAN_POINT('Ctrl Pts',(-50.57051936376,72.34197339973,-13.51414658541));
#1743=CARTESIAN_POINT('Ctrl Pts',(-50.41155809128,72.19407528867,-13.45420474651));
#1744=CARTESIAN_POINT('Ctrl Pts',(-50.88844190872,73.48128195788,-11.0358248598));
#1745=CARTESIAN_POINT('Ctrl Pts',(-50.72948063624,73.32623913898,-10.99836630453));
#1746=CARTESIAN_POINT('Ctrl Pts',(-50.57051936376,73.17119632008,-10.96090774927));
#1747=CARTESIAN_POINT('Ctrl Pts',(-50.41155809128,73.01615350118,-10.923449194));
#1748=CARTESIAN_POINT('Ctrl Pts',(-50.88844190872,74.01500679565,-8.020382872515));
#1749=CARTESIAN_POINT('Ctrl Pts',(-50.72948063624,73.85655510462,-8.003815401683));
#1750=CARTESIAN_POINT('Ctrl Pts',(-50.57051936376,73.6981034136,-7.987247930851));
#1751=CARTESIAN_POINT('Ctrl Pts',(-50.41155809128,73.53965172257,-7.970680460018));
#1752=CARTESIAN_POINT('Ctrl Pts',(-50.88844190872,74.13970954244,-5.542542463713));
#1753=CARTESIAN_POINT('Ctrl Pts',(-50.72948063624,73.98072639099,-5.537211067368));
#1754=CARTESIAN_POINT('Ctrl Pts',(-50.57051936376,73.82174323955,-5.531879671022));
#1755=CARTESIAN_POINT('Ctrl Pts',(-50.41155809128,73.66276008811,-5.526548274676));
#1756=CARTESIAN_POINT('Ctrl Pts',(-50.88844190872,74.13413499276,-4.30375414284));
#1757=CARTESIAN_POINT('Ctrl Pts',(-50.72948063624,73.97517559904,-4.304752203704));
#1758=CARTESIAN_POINT('Ctrl Pts',(-50.57051936376,73.81621620531,-4.305750264567));
#1759=CARTESIAN_POINT('Ctrl Pts',(-50.41155809128,73.65725681158,-4.306748325431));
#1760=CARTESIAN_POINT('Ctrl Pts',(-50.88844190872,74.1332528675,-4.206196206766));
#1761=CARTESIAN_POINT('Ctrl Pts',(-50.72948063624,73.97429711354,-4.207698559036));
#1762=CARTESIAN_POINT('Ctrl Pts',(-50.57051936376,73.81534135957,-4.209200911306));
#1763=CARTESIAN_POINT('Ctrl Pts',(-50.41155809128,73.6563856056,-4.210703263576));
#1764=CARTESIAN_POINT('',(-50.8,55.74613388296,-22.8));
#1765=CARTESIAN_POINT('',(-50.8,74.04613391789,-4.499999974223));
#1766=CARTESIAN_POINT('Ctrl Pts',(-50.800000000001,55.74613388296,-22.799999999999));
#1767=CARTESIAN_POINT('Ctrl Pts',(-50.8000000000009,56.9093960159829,-22.8000000012751));
#1768=CARTESIAN_POINT('Ctrl Pts',(-50.8000000000008,58.1261867859341,-22.7364686673745));
#1769=CARTESIAN_POINT('Ctrl Pts',(-50.8000000000008,59.2309930787999,-22.6146206094423));
#1770=CARTESIAN_POINT('Ctrl Pts',(-50.8000000000007,60.3357993606057,-22.4927725527299));
#1771=CARTESIAN_POINT('Ctrl Pts',(-50.8000000000006,61.3286211675683,-22.3126077731537));
#1772=CARTESIAN_POINT('Ctrl Pts',(-50.8000000000005,62.2524520088309,-22.082595858982));
#1773=CARTESIAN_POINT('Ctrl Pts',(-50.8000000000004,63.1762828500934,-21.8525839448104));
#1774=CARTESIAN_POINT('Ctrl Pts',(-50.8000000000004,64.0311227256559,-21.5727248960433));
#1775=CARTESIAN_POINT('Ctrl Pts',(-50.8000000000003,64.8087069254534,-21.2545382728874));
#1776=CARTESIAN_POINT('Ctrl Pts',(-50.8000000000002,65.586291125251,-20.9363516497314));
#1777=CARTESIAN_POINT('Ctrl Pts',(-50.8000000000001,66.2866196492837,-20.5798374521867));
#1778=CARTESIAN_POINT('Ctrl Pts',(-50.8000000000001,66.9286470957184,-20.1901518034919));
#1779=CARTESIAN_POINT('Ctrl Pts',(-50.8,67.5706745421531,-19.8004661547971));
#1780=CARTESIAN_POINT('Ctrl Pts',(-50.7999999999999,68.1544009109899,-19.3776090549523));
#1781=CARTESIAN_POINT('Ctrl Pts',(-50.7999999999998,68.6939417218747,-18.9178110839244));
#1782=CARTESIAN_POINT('Ctrl Pts',(-50.7999999999998,69.233482532759,-18.458013112897));
#1783=CARTESIAN_POINT('Ctrl Pts',(-50.7999999999997,69.7288377856914,-17.9612742706865));
#1784=CARTESIAN_POINT('Ctrl Pts',(-50.7999999999996,70.1872332383098,-17.4204050809123));
#1785=CARTESIAN_POINT('Ctrl Pts',(-50.7999999999995,70.6456286909288,-16.8795358911376));
#1786=CARTESIAN_POINT('Ctrl Pts',(-50.7999999999995,71.0670643432337,-16.2945363537992));
#1787=CARTESIAN_POINT('Ctrl Pts',(-50.7999999999994,71.455612664762,-15.6505604801248));
#1788=CARTESIAN_POINT('Ctrl Pts',(-50.7999999999993,71.8441609862903,-15.0065846064505));
#1789=CARTESIAN_POINT('Ctrl Pts',(-50.7999999999992,72.199821977042,-14.3036323964403));
#1790=CARTESIAN_POINT('Ctrl Pts',(-50.7999999999992,72.5175753402185,-13.5212069096963));
#1791=CARTESIAN_POINT('Ctrl Pts',(-50.7999999999991,72.8353287033949,-12.7387814229523));
#1792=CARTESIAN_POINT('Ctrl Pts',(-50.799999999999,73.1151744389961,-11.8768826594745));
#1793=CARTESIAN_POINT('Ctrl Pts',(-50.7999999999989,73.3437353451582,-10.9452968223314));
#1794=CARTESIAN_POINT('Ctrl Pts',(-50.7999999999989,73.5722962513203,-10.0137109851882));
#1795=CARTESIAN_POINT('Ctrl Pts',(-50.7999999999988,73.7495723280433,-9.01243807437967));
#1796=CARTESIAN_POINT('Ctrl Pts',(-50.7999999999987,73.868031744686,-7.91934174282512));
#1797=CARTESIAN_POINT('Ctrl Pts',(-50.7999999999986,73.9864911622207,-6.82624540303864));
#1798=CARTESIAN_POINT('Ctrl Pts',(-50.7999999999986,74.0461339187893,-5.64132564112315));
#1799=CARTESIAN_POINT('Ctrl Pts',(-50.7999999999985,74.0461339178915,-4.499999974223));
#1800=CARTESIAN_POINT('',(-50.8,55.74613388296,-22.8));
#1801=CARTESIAN_POINT('',(-50.8,74.04613391789,-4.499999974223));
#1802=CARTESIAN_POINT('Origin',(-50.8,93.74613391789,-29.75));
#1803=CARTESIAN_POINT('',(-50.7999999999674,93.4461339179157,-28.7500000018637));
#1804=CARTESIAN_POINT('',(-50.79999999994,93.44613391795,28.75000000249));
#1805=CARTESIAN_POINT('',(-50.79999999994,93.44613391795,-28.75000000249));
#1806=CARTESIAN_POINT('',(-50.79999999999,54.04613391788,-28.75000000009));
#1807=CARTESIAN_POINT('',(-50.79999999999,54.04613391788,-28.75000000009));
#1808=CARTESIAN_POINT('',(-50.8,54.04613391789,-22.8));
#1809=CARTESIAN_POINT('',(-50.79999999999,54.04613391788,-28.75000000009));
#1810=CARTESIAN_POINT('',(-50.8,54.04613391789,-22.8));
#1811=CARTESIAN_POINT('',(-50.8,74.04613391789,4.499999965072));
#1812=CARTESIAN_POINT('',(-50.8,74.04613391789,-4.499999974223));
#1813=CARTESIAN_POINT('',(-50.8,55.74613389212,22.8));
#1814=CARTESIAN_POINT('Ctrl Pts',(-50.7999999999967,74.0461339178933,4.499999965072));
#1815=CARTESIAN_POINT('Ctrl Pts',(-50.7999999999968,74.0461339191616,5.66326209809574));
#1816=CARTESIAN_POINT('Ctrl Pts',(-50.7999999999969,73.9826025852607,6.88005286804351));
#1817=CARTESIAN_POINT('Ctrl Pts',(-50.799999999997,73.8607545273288,7.98485916090618));
#1818=CARTESIAN_POINT('Ctrl Pts',(-50.7999999999971,73.7389064706164,9.08966544271136));
#1819=CARTESIAN_POINT('Ctrl Pts',(-50.7999999999972,73.5587416910404,10.082487249673));
#1820=CARTESIAN_POINT('Ctrl Pts',(-50.7999999999973,73.328729776869,11.0063180909351));
#1821=CARTESIAN_POINT('Ctrl Pts',(-50.7999999999974,73.0987178626978,11.9301489321971));
#1822=CARTESIAN_POINT('Ctrl Pts',(-50.7999999999975,72.8188588139311,12.7849888077595));
#1823=CARTESIAN_POINT('Ctrl Pts',(-50.7999999999976,72.5006721907763,13.5625730075579));
#1824=CARTESIAN_POINT('Ctrl Pts',(-50.7999999999977,72.1824855676215,14.3401572073563));
#1825=CARTESIAN_POINT('Ctrl Pts',(-50.7999999999978,71.8259713700785,15.0404857313907));
#1826=CARTESIAN_POINT('Ctrl Pts',(-50.7999999999979,71.4362857213847,15.6825131778253));
#1827=CARTESIAN_POINT('Ctrl Pts',(-50.799999999998,71.0466000726909,16.3245406242599));
#1828=CARTESIAN_POINT('Ctrl Pts',(-50.7999999999981,70.6237429728463,16.9082669930946));
#1829=CARTESIAN_POINT('Ctrl Pts',(-50.7999999999982,70.1639450018186,17.4478078039786));
#1830=CARTESIAN_POINT('Ctrl Pts',(-50.7999999999983,69.7041470307914,17.987348614862));
#1831=CARTESIAN_POINT('Ctrl Pts',(-50.7999999999984,69.207408188581,18.4827038677948));
#1832=CARTESIAN_POINT('Ctrl Pts',(-50.7999999999985,68.6665389988061,18.9410993204136));
#1833=CARTESIAN_POINT('Ctrl Pts',(-50.7999999999986,68.1256698090307,19.3994947730329));
#1834=CARTESIAN_POINT('Ctrl Pts',(-50.7999999999987,67.5406702716906,19.8209304253383));
#1835=CARTESIAN_POINT('Ctrl Pts',(-50.7999999999988,66.8966943980156,20.209478746867));
#1836=CARTESIAN_POINT('Ctrl Pts',(-50.7999999999989,66.2527185243406,20.5980270683957));
#1837=CARTESIAN_POINT('Ctrl Pts',(-50.799999999999,65.5497663143308,20.9536880591478));
#1838=CARTESIAN_POINT('Ctrl Pts',(-50.7999999999991,64.7673408275874,21.2714414223252));
#1839=CARTESIAN_POINT('Ctrl Pts',(-50.7999999999992,63.9849153408441,21.5891947855025));
#1840=CARTESIAN_POINT('Ctrl Pts',(-50.7999999999993,63.1230165773674,21.8690405211051));
#1841=CARTESIAN_POINT('Ctrl Pts',(-50.7999999999994,62.191430740225,22.0976014272679));
#1842=CARTESIAN_POINT('Ctrl Pts',(-50.7999999999995,61.2598449030826,22.3261623334306));
#1843=CARTESIAN_POINT('Ctrl Pts',(-50.7999999999996,60.2585719922745,22.5034384101535));
#1844=CARTESIAN_POINT('Ctrl Pts',(-50.7999999999997,59.16547566072,22.6218978267965));
#1845=CARTESIAN_POINT('Ctrl Pts',(-50.7999999999998,58.0723793209349,22.7403572443313));
#1846=CARTESIAN_POINT('Ctrl Pts',(-50.7999999999999,56.8874595590206,22.8000000009004));
#1847=CARTESIAN_POINT('Ctrl Pts',(-50.8,55.74613389212,22.8));
#1848=CARTESIAN_POINT('',(-50.8,54.04613391789,22.8));
#1849=CARTESIAN_POINT('',(-50.8,55.74613389212,22.8));
#1850=CARTESIAN_POINT('',(-50.8,54.04613391789,28.75));
#1851=CARTESIAN_POINT('',(-50.8,54.04613391789,22.8));
#1852=CARTESIAN_POINT('',(-50.79999999994,93.44613391795,28.75000000249));
#1853=CARTESIAN_POINT('Origin',(-50.65,93.59613391789,0.));
#1854=CARTESIAN_POINT('',(-50.499999999985,93.7461339179117,-28.7500000007733));
#1855=CARTESIAN_POINT('',(-50.49999999995,93.74613391795,28.75000000232));
#1856=CARTESIAN_POINT('',(-50.49999999995,93.74613391795,-28.75000000232));
#1857=CARTESIAN_POINT('',(-50.49999999995,93.74613391795,-28.75000000232));
#1858=CARTESIAN_POINT('',(-50.49999999995,93.74613391795,28.75000000232));
#1859=CARTESIAN_POINT('Origin',(19.74840398283,93.74613391789,-29.75));
#1860=CARTESIAN_POINT('',(-33.5,93.74613391789,-28.75));
#1861=CARTESIAN_POINT('',(-34.1999999992267,93.7461339179117,-29.449999999985));
#1862=CARTESIAN_POINT('Origin',(-34.2,93.74613391789,-28.75));
#1863=CARTESIAN_POINT('',(-49.8,93.7461339179,-29.45));
#1864=CARTESIAN_POINT('',(-34.19999999768,93.74613391795,-29.44999999995));
#1865=CARTESIAN_POINT('Origin',(-49.8,93.74613391789,-28.75));
#1866=CARTESIAN_POINT('',(-49.8,93.74613391789,29.45));
#1867=CARTESIAN_POINT('Origin',(-49.8,93.74613391789,28.75));
#1868=CARTESIAN_POINT('',(-34.19999999768,93.74613391795,29.44999999995));
#1869=CARTESIAN_POINT('',(-49.8,93.7461339179,29.45));
#1870=CARTESIAN_POINT('',(-33.5,93.74613391789,28.75));
#1871=CARTESIAN_POINT('Origin',(-34.2,93.74613391789,28.75));
#1872=CARTESIAN_POINT('',(-33.5,93.7461339179,28.75));
#1873=CARTESIAN_POINT('Origin',(-34.2,93.59613391797,-28.75));
#1874=CARTESIAN_POINT('',(-33.2,93.44613391789,-28.75));
#1875=CARTESIAN_POINT('',(-33.5,93.7461339179,-28.75));
#1876=CARTESIAN_POINT('Origin',(-34.2,93.44613391789,-28.75));
#1877=CARTESIAN_POINT('',(-34.19999999768,93.74613391795,-29.44999999995));
#1878=CARTESIAN_POINT('Origin',(-42.,93.59613391789,-29.6));
#1879=CARTESIAN_POINT('',(-49.8,93.7461339179,-29.45));
#1880=CARTESIAN_POINT('Origin',(-49.8,93.59613391797,-28.75));
#1881=CARTESIAN_POINT('Origin',(-49.8,93.44613391789,-28.75));
#1882=CARTESIAN_POINT('Origin',(-49.8,1.602133917893,-28.75));
#1883=CARTESIAN_POINT('Origin',(-49.8,54.04613391789,-28.75));
#1884=CARTESIAN_POINT('Origin',(-49.8,53.89613391787,-28.75));
#1885=CARTESIAN_POINT('',(-49.8,53.74613391789,-29.45));
#1886=CARTESIAN_POINT('',(-49.8,54.04613391789,-29.75));
#1887=CARTESIAN_POINT('',(-50.49999999999,53.74613391788,-28.75000000009));
#1888=CARTESIAN_POINT('Origin',(-49.8,53.74613391789,-28.75));
#1889=CARTESIAN_POINT('',(-50.79999999999,54.04613391788,-28.75000000009));
#1890=CARTESIAN_POINT('Origin',(-50.65,53.89613391789,-25.625));
#1891=CARTESIAN_POINT('',(-50.5,53.74613391789,-22.8));
#1892=CARTESIAN_POINT('',(-50.49999999999,53.74613391788,-28.75000000009));
#1893=CARTESIAN_POINT('',(-50.65,53.89613391789,-22.65));
#1894=CARTESIAN_POINT('',(-50.65,53.89613391789,-22.65));
#1895=CARTESIAN_POINT('',(-50.8,54.04613391789,-22.8));
#1896=CARTESIAN_POINT('Origin',(-50.8,53.74613391789,-29.75));
#1897=CARTESIAN_POINT('',(-33.5,53.74613391789,28.75));
#1898=CARTESIAN_POINT('',(-33.5,53.74613391789,22.8));
#1899=CARTESIAN_POINT('',(-33.5,53.74613391789,28.75));
#1900=CARTESIAN_POINT('',(-34.2,53.74613391789,29.45));
#1901=CARTESIAN_POINT('Origin',(-34.2,53.74613391789,28.75));
#1902=CARTESIAN_POINT('',(-49.8,53.74613391789,29.45));
#1903=CARTESIAN_POINT('',(-49.8,53.74613391789,29.45));
#1904=CARTESIAN_POINT('',(-50.5,53.74613391789,28.75));
#1905=CARTESIAN_POINT('Origin',(-49.8,53.74613391789,28.75));
#1906=CARTESIAN_POINT('',(-50.5,53.74613391789,22.8));
#1907=CARTESIAN_POINT('',(-50.5,53.74613391789,22.8));
#1908=CARTESIAN_POINT('',(-50.5,53.74613391789,22.8));
#1909=CARTESIAN_POINT('Origin',(-50.8,53.74613391789,-29.75));
#1910=CARTESIAN_POINT('',(-34.19999999991,53.74613391788,-29.44999999999));
#1911=CARTESIAN_POINT('',(-34.19999999991,53.74613391788,-29.44999999999));
#1912=CARTESIAN_POINT('',(-33.5,53.74613391789,-28.75));
#1913=CARTESIAN_POINT('Origin',(-34.2,53.74613391789,-28.75));
#1914=CARTESIAN_POINT('',(-33.5,53.74613391789,-22.8));
#1915=CARTESIAN_POINT('',(-33.5,53.74613391789,-22.8));
#1916=CARTESIAN_POINT('',(-33.5,53.74613391789,-22.8));
#1917=CARTESIAN_POINT('Origin',(-33.35,53.89613391789,25.625));
#1918=CARTESIAN_POINT('',(-33.35,53.89613391789,22.65));
#1919=CARTESIAN_POINT('',(-33.35,53.89613391789,22.65));
#1920=CARTESIAN_POINT('',(-33.2,54.04613391789,22.8));
#1921=CARTESIAN_POINT('',(-33.2,54.04613391789,22.8));
#1922=CARTESIAN_POINT('',(-33.2,54.04613391789,28.75));
#1923=CARTESIAN_POINT('',(-33.2,54.04613391789,28.75));
#1924=CARTESIAN_POINT('',(-33.2,54.04613391789,28.75));
#1925=CARTESIAN_POINT('Origin',(-34.2,53.89613391787,28.75));
#1926=CARTESIAN_POINT('',(-34.2,54.04613391789,29.75));
#1927=CARTESIAN_POINT('Origin',(-34.2,54.04613391789,28.75));
#1928=CARTESIAN_POINT('',(-34.19999999991,54.04613391788,29.74999999999));
#1929=CARTESIAN_POINT('Origin',(-34.2,145.8901339179,28.75));
#1930=CARTESIAN_POINT('',(-34.19999999751,93.44613391795,29.74999999994));
#1931=CARTESIAN_POINT('',(-33.2,93.44613391789,28.75));
#1932=CARTESIAN_POINT('Origin',(-34.2,93.44613391789,28.75));
#1933=CARTESIAN_POINT('',(-34.19999999751,93.44613391795,29.74999999994));
#1934=CARTESIAN_POINT('',(-33.20000000001,93.4461339179,28.75));
#1935=CARTESIAN_POINT('Origin',(-34.2,93.59613391797,28.75));
#1936=CARTESIAN_POINT('',(-34.19999999768,93.74613391795,29.44999999995));
#1937=CARTESIAN_POINT('',(-33.5,93.7461339179,28.75));
#1938=CARTESIAN_POINT('Origin',(-33.35,93.59613391789,0.));
#1939=CARTESIAN_POINT('',(-33.20000000001,93.4461339179,28.75));
#1940=CARTESIAN_POINT('Origin',(-33.2,53.74613391789,-29.75));
#1941=CARTESIAN_POINT('',(-33.2,55.74613389212,22.8));
#1942=CARTESIAN_POINT('',(-33.2,54.04613391789,22.8));
#1943=CARTESIAN_POINT('',(-33.2,74.04613391789,4.499999965072));
#1944=CARTESIAN_POINT('Ctrl Pts',(-33.2000000000012,55.74613389212,22.8000000000012));
#1945=CARTESIAN_POINT('Ctrl Pts',(-33.2000000000013,56.9091637441091,22.8000000009359));
#1946=CARTESIAN_POINT('Ctrl Pts',(-33.2000000000013,58.12564859148,22.7365066870625));
#1947=CARTESIAN_POINT('Ctrl Pts',(-33.2000000000013,59.2302994022836,22.614698506205));
#1948=CARTESIAN_POINT('Ctrl Pts',(-33.2000000000014,60.3349502049277,22.4928903262471));
#1949=CARTESIAN_POINT('Ctrl Pts',(-33.2000000000014,61.3277669726566,22.3127672801666));
#1950=CARTESIAN_POINT('Ctrl Pts',(-33.2000000000015,62.2515371007793,22.0828222989146));
#1951=CARTESIAN_POINT('Ctrl Pts',(-33.2000000000015,63.1753072289018,21.8528773176626));
#1952=CARTESIAN_POINT('Ctrl Pts',(-33.2000000000016,64.0300307174181,21.5731104012392));
#1953=CARTESIAN_POINT('Ctrl Pts',(-33.2000000000016,64.8075730758607,21.25500333074));
#1954=CARTESIAN_POINT('Ctrl Pts',(-33.2000000000016,65.5851154343033,20.9368962602409));
#1955=CARTESIAN_POINT('Ctrl Pts',(-33.2000000000017,66.2854766626721,20.5804490356662));
#1956=CARTESIAN_POINT('Ctrl Pts',(-33.2000000000017,66.9275439563656,20.1908209639744));
#1957=CARTESIAN_POINT('Ctrl Pts',(-33.2000000000018,67.5696112500591,19.8011928922827));
#1958=CARTESIAN_POINT('Ctrl Pts',(-33.2000000000018,68.1533846090773,19.3783839734739));
#1959=CARTESIAN_POINT('Ctrl Pts',(-33.2000000000019,68.6929635209447,18.9186446324762));
#1960=CARTESIAN_POINT('Ctrl Pts',(-33.2000000000019,69.2325424328115,18.4589052914789));
#1961=CARTESIAN_POINT('Ctrl Pts',(-33.2000000000019,69.7279268975277,17.9622355282928));
#1962=CARTESIAN_POINT('Ctrl Pts',(-33.200000000002,70.1863481904643,17.4214492751361));
#1963=CARTESIAN_POINT('Ctrl Pts',(-33.200000000002,70.6447694834015,16.8806630219789));
#1964=CARTESIAN_POINT('Ctrl Pts',(-33.2000000000021,71.066227604559,16.2957602788511));
#1965=CARTESIAN_POINT('Ctrl Pts',(-33.2000000000021,71.4548021457173,15.6519043064008));
#1966=CARTESIAN_POINT('Ctrl Pts',(-33.2000000000022,71.8433766868757,15.0080483339504));
#1967=CARTESIAN_POINT('Ctrl Pts',(-33.2000000000022,72.199067648035,14.3052391321775));
#1968=CARTESIAN_POINT('Ctrl Pts',(-33.2000000000022,72.5168813713897,13.5229115192334));
#1969=CARTESIAN_POINT('Ctrl Pts',(-33.2000000000023,72.8346950947444,12.7405839062892));
#1970=CARTESIAN_POINT('Ctrl Pts',(-33.2000000000023,73.1146315802946,11.8787378821739));
#1971=CARTESIAN_POINT('Ctrl Pts',(-33.2000000000024,73.3432954788736,10.9470970337232));
#1972=CARTESIAN_POINT('Ctrl Pts',(-33.2000000000024,73.5719593774526,10.0154561852725));
#1973=CARTESIAN_POINT('Ctrl Pts',(-33.2000000000025,73.7493506890603,9.01402051248633));
#1974=CARTESIAN_POINT('Ctrl Pts',(-33.2000000000025,73.8678943241702,7.92059257123973));
#1975=CARTESIAN_POINT('Ctrl Pts',(-33.2000000000025,73.9864379604893,6.8271646188398));
#1976=CARTESIAN_POINT('Ctrl Pts',(-33.2000000000026,74.04613391911,5.6417443961027));
#1977=CARTESIAN_POINT('Ctrl Pts',(-33.2000000000026,74.0461339178926,4.499999965072));
#1978=CARTESIAN_POINT('',(-33.2,74.04613391789,-4.499999974223));
#1979=CARTESIAN_POINT('',(-33.2,74.04613391789,4.499999965072));
#1980=CARTESIAN_POINT('',(-33.2,55.74613388296,-22.8));
#1981=CARTESIAN_POINT('Ctrl Pts',(-33.2000000000012,74.0461339178912,-4.499999974223));
#1982=CARTESIAN_POINT('Ctrl Pts',(-33.2000000000012,74.0461339188265,-5.66302982621267));
#1983=CARTESIAN_POINT('Ctrl Pts',(-33.2000000000012,73.9826406049575,-6.87951467358544));
#1984=CARTESIAN_POINT('Ctrl Pts',(-33.2000000000012,73.8608324241011,-7.98416548439093));
#1985=CARTESIAN_POINT('Ctrl Pts',(-33.2000000000012,73.7390242441446,-9.08881628703572));
#1986=CARTESIAN_POINT('Ctrl Pts',(-33.2000000000011,73.5589011980623,-10.0816330547656));
#1987=CARTESIAN_POINT('Ctrl Pts',(-33.2000000000011,73.3289562168099,-11.0054031828879));
#1988=CARTESIAN_POINT('Ctrl Pts',(-33.2000000000011,73.0990112355575,-11.9291733110101));
#1989=CARTESIAN_POINT('Ctrl Pts',(-33.2000000000011,72.819244319135,-12.7838967995246));
#1990=CARTESIAN_POINT('Ctrl Pts',(-33.2000000000011,72.5011372486353,-13.5614391579671));
#1991=CARTESIAN_POINT('Ctrl Pts',(-33.2000000000011,72.1830301781357,-14.3389815164096));
#1992=CARTESIAN_POINT('Ctrl Pts',(-33.200000000001,71.8265829535588,-15.03934274478));
#1993=CARTESIAN_POINT('Ctrl Pts',(-33.200000000001,71.4369548818667,-15.6814100384736));
#1994=CARTESIAN_POINT('Ctrl Pts',(-33.200000000001,71.0473268101745,-16.3234773321671));
#1995=CARTESIAN_POINT('Ctrl Pts',(-33.200000000001,70.624517891367,-16.9072506911838));
#1996=CARTESIAN_POINT('Ctrl Pts',(-33.200000000001,70.1647785503693,-17.4468296030498));
#1997=CARTESIAN_POINT('Ctrl Pts',(-33.2000000000009,69.7050392093721,-17.9864085149152));
#1998=CARTESIAN_POINT('Ctrl Pts',(-33.2000000000009,69.2083694461847,-18.48179297963));
#1999=CARTESIAN_POINT('Ctrl Pts',(-33.2000000000009,68.6675831930275,-18.9402142725667));
#2000=CARTESIAN_POINT('Ctrl Pts',(-33.2000000000009,68.1267969398696,-19.3986355655039));
#2001=CARTESIAN_POINT('Ctrl Pts',(-33.2000000000009,67.5418941967419,-19.820093686663));
#2002=CARTESIAN_POINT('Ctrl Pts',(-33.2000000000009,66.8980382242915,-20.2086682278231));
#2003=CARTESIAN_POINT('Ctrl Pts',(-33.2000000000008,66.2541822518411,-20.5972427689833));
#2004=CARTESIAN_POINT('Ctrl Pts',(-33.2000000000008,65.5513730500681,-20.9529337301444));
#2005=CARTESIAN_POINT('Ctrl Pts',(-33.2000000000008,64.7690454371239,-21.2707474535001));
#2006=CARTESIAN_POINT('Ctrl Pts',(-33.2000000000008,63.9867178241797,-21.5885611768558));
#2007=CARTESIAN_POINT('Ctrl Pts',(-33.2000000000008,63.1248718000644,-21.8684976624061));
#2008=CARTESIAN_POINT('Ctrl Pts',(-33.2000000000008,62.1932309516139,-22.0971615609843));
#2009=CARTESIAN_POINT('Ctrl Pts',(-33.2000000000007,61.2615901031635,-22.3258254595624));
#2010=CARTESIAN_POINT('Ctrl Pts',(-33.2000000000007,60.260154430378,-22.5032167711685));
#2011=CARTESIAN_POINT('Ctrl Pts',(-33.2000000000007,59.166726489132,-22.6217604062775));
#2012=CARTESIAN_POINT('Ctrl Pts',(-33.2000000000007,58.0732985367314,-22.7403040425959));
#2013=CARTESIAN_POINT('Ctrl Pts',(-33.2000000000007,56.8878783139934,-22.8000000012166));
#2014=CARTESIAN_POINT('Ctrl Pts',(-33.2000000000006,55.74613388296,-22.8000000000007));
#2015=CARTESIAN_POINT('',(-33.2,54.04613391789,-22.8));
#2016=CARTESIAN_POINT('',(-33.2,55.74613388296,-22.8));
#2017=CARTESIAN_POINT('',(-33.2,54.04613391789,-28.75));
#2018=CARTESIAN_POINT('',(-33.2,54.04613391789,-22.8));
#2019=CARTESIAN_POINT('',(-33.2,54.04613391789,-28.75));
#2020=CARTESIAN_POINT('Origin',(-34.2,1.602133917893,-28.75));
#2021=CARTESIAN_POINT('Origin',(-34.2,54.04613391789,-28.75));
#2022=CARTESIAN_POINT('Origin',(-34.2,53.89613391787,-28.75));
#2023=CARTESIAN_POINT('',(-33.2,54.04613391789,-28.75));
#2024=CARTESIAN_POINT('',(-34.19999999991,54.04613391788,-29.74999999999));
#2025=CARTESIAN_POINT('Origin',(-42.,53.89613391789,-29.6));
#2026=CARTESIAN_POINT('Origin',(-33.35,53.89613391789,-25.625));
#2027=CARTESIAN_POINT('',(-33.35,53.89613391789,-22.65));
#2028=CARTESIAN_POINT('',(-33.35,53.89613391789,-22.65));
#2029=CARTESIAN_POINT('',(-33.5,53.74613391789,-22.8));
#2030=CARTESIAN_POINT('Origin',(-42.,53.89613391789,-22.65));
#2031=CARTESIAN_POINT('',(-33.5,54.04613391789,-22.5));
#2032=CARTESIAN_POINT('',(-50.5,54.04613391789,-22.5));
#2033=CARTESIAN_POINT('',(-33.5,54.04613391789,-22.5));
#2034=CARTESIAN_POINT('',(-50.5,54.04613391789,-22.5));
#2035=CARTESIAN_POINT('',(-33.5,54.04613391789,-22.5));
#2036=CARTESIAN_POINT('Origin',(-33.2,53.74613391789,-22.5));
#2037=CARTESIAN_POINT('',(-50.5,54.04613391789,-22.5));
#2038=CARTESIAN_POINT('',(-33.5,55.74613389159,-22.5));
#2039=CARTESIAN_POINT('Origin',(-50.65,54.74613391789,-22.65));
#2040=CARTESIAN_POINT('Origin',(-33.35,54.74613391789,-22.65));
#2041=CARTESIAN_POINT('',(-33.2,55.74613388296,-22.8));
#2042=CARTESIAN_POINT('Ctrl Pts',(-33.11155809128,74.13319667019,-4.204213545521));
#2043=CARTESIAN_POINT('Ctrl Pts',(-33.27051936376,73.97424120654,-4.205730286406));
#2044=CARTESIAN_POINT('Ctrl Pts',(-33.42948063624,73.81528574288,-4.20724702729));
#2045=CARTESIAN_POINT('Ctrl Pts',(-33.58844190872,73.65633027923,-4.208763768175));
#2046=CARTESIAN_POINT('Ctrl Pts',(-33.11155809128,74.13411714436,-4.302358096138));
#2047=CARTESIAN_POINT('Ctrl Pts',(-33.27051936376,73.97515784324,-4.303366158596));
#2048=CARTESIAN_POINT('Ctrl Pts',(-33.42948063624,73.81619854212,-4.304374221055));
#2049=CARTESIAN_POINT('Ctrl Pts',(-33.58844190872,73.657239241,-4.305382283513));
#2050=CARTESIAN_POINT('Ctrl Pts',(-33.11155809128,74.13997888718,-5.562791095777));
#2051=CARTESIAN_POINT('Ctrl Pts',(-33.27051936376,73.980994393,-5.557340892176));
#2052=CARTESIAN_POINT('Ctrl Pts',(-33.42948063624,73.82200989882,-5.551890688574));
#2053=CARTESIAN_POINT('Ctrl Pts',(-33.58844190872,73.66302540464,-5.546440484973));
#2054=CARTESIAN_POINT('Ctrl Pts',(-33.11155809128,74.00728481715,-8.105472963988));
#2055=CARTESIAN_POINT('Ctrl Pts',(-33.27051936376,73.84887062601,-8.088445845926));
#2056=CARTESIAN_POINT('Ctrl Pts',(-33.42948063624,73.69045643487,-8.071418727865));
#2057=CARTESIAN_POINT('Ctrl Pts',(-33.58844190872,73.53204224373,-8.054391609803));
#2058=CARTESIAN_POINT('Ctrl Pts',(-33.11155809128,73.46497164576,-11.09556158451));
#2059=CARTESIAN_POINT('Ctrl Pts',(-33.27051936376,73.31005156716,-11.05761630944));
#2060=CARTESIAN_POINT('Ctrl Pts',(-33.42948063624,73.15513148855,-11.01967103437));
#2061=CARTESIAN_POINT('Ctrl Pts',(-33.58844190872,73.00021140995,-10.9817257593));
#2062=CARTESIAN_POINT('Ctrl Pts',(-33.11155809128,72.62167790081,-13.67217760189));
#2063=CARTESIAN_POINT('Ctrl Pts',(-33.27051936376,72.47393464238,-13.61186328498));
#2064=CARTESIAN_POINT('Ctrl Pts',(-33.42948063624,72.32619138396,-13.55154896807));
#2065=CARTESIAN_POINT('Ctrl Pts',(-33.58844190872,72.17844812553,-13.49123465116));
#2066=CARTESIAN_POINT('Ctrl Pts',(-33.11155809128,71.54610669414,-15.78571565011));
#2067=CARTESIAN_POINT('Ctrl Pts',(-33.27051936376,71.40956010138,-15.7030164544));
#2068=CARTESIAN_POINT('Ctrl Pts',(-33.42948063624,71.27301350862,-15.62031725868));
#2069=CARTESIAN_POINT('Ctrl Pts',(-33.58844190872,71.13646691586,-15.53761806297));
#2070=CARTESIAN_POINT('Ctrl Pts',(-33.11155809128,70.26934128865,-17.54861476473));
#2071=CARTESIAN_POINT('Ctrl Pts',(-33.27051936376,70.14778218639,-17.44510395863));
#2072=CARTESIAN_POINT('Ctrl Pts',(-33.42948063624,70.02622308412,-17.34159315253));
#2073=CARTESIAN_POINT('Ctrl Pts',(-33.58844190872,69.90466398185,-17.23808234642));
#2074=CARTESIAN_POINT('Ctrl Pts',(-33.11155809128,68.76911681785,-19.04495654734));
#2075=CARTESIAN_POINT('Ctrl Pts',(-33.27051936376,68.66591799559,-18.92313361729));
#2076=CARTESIAN_POINT('Ctrl Pts',(-33.42948063624,68.56271917333,-18.80131068724));
#2077=CARTESIAN_POINT('Ctrl Pts',(-33.58844190872,68.45952035107,-18.67948775719));
#2078=CARTESIAN_POINT('Ctrl Pts',(-33.11155809128,67.00282035014,-20.31763220227));
#2079=CARTESIAN_POINT('Ctrl Pts',(-33.27051936376,66.92044967527,-20.18088892652));
#2080=CARTESIAN_POINT('Ctrl Pts',(-33.42948063624,66.8380790004,-20.04414565076));
#2081=CARTESIAN_POINT('Ctrl Pts',(-33.58844190872,66.75570832554,-19.90740237501));
#2082=CARTESIAN_POINT('Ctrl Pts',(-33.11155809128,64.88192343949,-21.39090751404));
#2083=CARTESIAN_POINT('Ctrl Pts',(-33.27051936376,64.82196449986,-21.24301628923));
#2084=CARTESIAN_POINT('Ctrl Pts',(-33.42948063624,64.76200556023,-21.09512506443));
#2085=CARTESIAN_POINT('Ctrl Pts',(-33.58844190872,64.7020466206,-20.94723383962));
#2086=CARTESIAN_POINT('Ctrl Pts',(-33.11155809128,62.2838748877,-22.23469413123));
#2087=CARTESIAN_POINT('Ctrl Pts',(-33.27051936376,62.2464016877,-22.07965454758));
#2088=CARTESIAN_POINT('Ctrl Pts',(-33.42948063624,62.20892848769,-21.92461496393));
#2089=CARTESIAN_POINT('Ctrl Pts',(-33.58844190872,62.17145528769,-21.76957538028));
#2090=CARTESIAN_POINT('Ctrl Pts',(-33.11155809128,59.26794054815,-22.76876621943));
#2091=CARTESIAN_POINT('Ctrl Pts',(-33.27051936376,59.25136574122,-22.61031498534));
#2092=CARTESIAN_POINT('Ctrl Pts',(-33.42948063624,59.23479093429,-22.45186375124));
#2093=CARTESIAN_POINT('Ctrl Pts',(-33.58844190872,59.21821612736,-22.29341251714));
#2094=CARTESIAN_POINT('Ctrl Pts',(-33.11155809128,56.78909116067,-22.89357830357));
#2095=CARTESIAN_POINT('Ctrl Pts',(-33.27051936376,56.78375734703,-22.73459514061));
#2096=CARTESIAN_POINT('Ctrl Pts',(-33.42948063624,56.77842353338,-22.57561197765));
#2097=CARTESIAN_POINT('Ctrl Pts',(-33.58844190872,56.77308971973,-22.41662881468));
#2098=CARTESIAN_POINT('Ctrl Pts',(-33.11155809128,55.54988899836,-22.88800100795));
#2099=CARTESIAN_POINT('Ctrl Pts',(-33.27051936376,55.55088711069,-22.72904161451));
#2100=CARTESIAN_POINT('Ctrl Pts',(-33.42948063624,55.55188522302,-22.57008222108));
#2101=CARTESIAN_POINT('Ctrl Pts',(-33.58844190872,55.55288333534,-22.41112282765));
#2102=CARTESIAN_POINT('Ctrl Pts',(-33.11155809128,55.45233214303,-22.88711873535));
#2103=CARTESIAN_POINT('Ctrl Pts',(-33.27051936376,55.45383456851,-22.72816298233));
#2104=CARTESIAN_POINT('Ctrl Pts',(-33.42948063624,55.45533699398,-22.5692072293));
#2105=CARTESIAN_POINT('Ctrl Pts',(-33.58844190872,55.45683941945,-22.41025147627));
#2106=CARTESIAN_POINT('',(-33.2,74.04613391789,-4.499999974223));
#2107=CARTESIAN_POINT('Origin',(-33.35,73.89613391789,0.));
#2108=CARTESIAN_POINT('',(-33.5,73.74613391789,4.4999999737));
#2109=CARTESIAN_POINT('',(-33.2,74.04613391789,4.499999965072));
#2110=CARTESIAN_POINT('',(-33.5,73.74613391789,4.4999999737));
#2111=CARTESIAN_POINT('Origin',(-33.2,73.74613391789,-22.5));
#2112=CARTESIAN_POINT('',(-50.5,73.74613391789,4.4999999737));
#2113=CARTESIAN_POINT('',(-50.5,73.74613391789,-4.499999980601));
#2114=CARTESIAN_POINT('',(-33.5,73.74613391789,4.4999999737));
#2115=CARTESIAN_POINT('Origin',(-50.65,73.89613391789,0.));
#2116=CARTESIAN_POINT('',(-50.8,74.04613391789,4.499999965072));
#2117=CARTESIAN_POINT('Ctrl Pts',(-50.88844190872,74.13319636368,4.204213481574));
#2118=CARTESIAN_POINT('Ctrl Pts',(-50.72948063624,73.97424090199,4.205730267908));
#2119=CARTESIAN_POINT('Ctrl Pts',(-50.57051936376,73.8152854403,4.207247054243));
#2120=CARTESIAN_POINT('Ctrl Pts',(-50.41155809128,73.65632997861,4.208763840578));
#2121=CARTESIAN_POINT('Ctrl Pts',(-50.88844190872,74.13411704897,4.302357619993));
#2122=CARTESIAN_POINT('Ctrl Pts',(-50.72948063624,73.97515774846,4.303365715894));
#2123=CARTESIAN_POINT('Ctrl Pts',(-50.57051936376,73.81619844795,4.304373811795));
#2124=CARTESIAN_POINT('Ctrl Pts',(-50.41155809128,73.65723914744,4.305381907696));
#2125=CARTESIAN_POINT('Ctrl Pts',(-50.88844190872,74.13998106728,5.563018330271));
#2126=CARTESIAN_POINT('Ctrl Pts',(-50.72948063624,73.98099656136,5.557566799413));
#2127=CARTESIAN_POINT('Ctrl Pts',(-50.57051936376,73.82201205545,5.552115268555));
#2128=CARTESIAN_POINT('Ctrl Pts',(-50.41155809128,73.66302754953,5.546663737697));
#2129=CARTESIAN_POINT('Ctrl Pts',(-50.88844190872,74.00720856376,8.106319609756));
#2130=CARTESIAN_POINT('Ctrl Pts',(-50.72948063624,73.8487947561,8.089287945608));
#2131=CARTESIAN_POINT('Ctrl Pts',(-50.57051936376,73.69038094843,8.072256281459));
#2132=CARTESIAN_POINT('Ctrl Pts',(-50.41155809128,73.53196714077,8.05522461731));
#2133=CARTESIAN_POINT('Ctrl Pts',(-50.88844190872,73.46476961856,11.09642447801));
#2134=CARTESIAN_POINT('Ctrl Pts',(-50.72948063624,73.30985095391,11.05847262578));
#2135=CARTESIAN_POINT('Ctrl Pts',(-50.57051936376,73.15493228926,11.02052077355));
#2136=CARTESIAN_POINT('Ctrl Pts',(-50.41155809128,73.00001362461,10.98256892132));
#2137=CARTESIAN_POINT('Ctrl Pts',(-50.88844190872,72.62119778257,13.67339242953));
#2138=CARTESIAN_POINT('Ctrl Pts',(-50.72948063624,72.47345898282,13.61306655141));
#2139=CARTESIAN_POINT('Ctrl Pts',(-50.57051936376,72.32572018308,13.55274067328));
#2140=CARTESIAN_POINT('Ctrl Pts',(-50.41155809128,72.17798138333,13.49241479515));
#2141=CARTESIAN_POINT('Ctrl Pts',(-50.88844190872,71.54542389991,15.78683298621));
#2142=CARTESIAN_POINT('Ctrl Pts',(-50.72948063624,71.40888492394,15.70412111229));
#2143=CARTESIAN_POINT('Ctrl Pts',(-50.57051936376,71.27234594798,15.62140923837));
#2144=CARTESIAN_POINT('Ctrl Pts',(-50.41155809128,71.13580697201,15.53869736445));
#2145=CARTESIAN_POINT('Ctrl Pts',(-50.88844190872,70.26851259632,17.54959068295));
#2146=CARTESIAN_POINT('Ctrl Pts',(-50.72948063624,70.14696354624,17.44606800266));
#2147=CARTESIAN_POINT('Ctrl Pts',(-50.57051936376,70.02541449617,17.34254532236));
#2148=CARTESIAN_POINT('Ctrl Pts',(-50.41155809128,69.9038654461,17.23902264207));
#2149=CARTESIAN_POINT('Ctrl Pts',(-50.88844190872,68.76807945288,19.04584421853));
#2150=CARTESIAN_POINT('Ctrl Pts',(-50.72948063624,68.66489326303,18.9240105137));
#2151=CARTESIAN_POINT('Ctrl Pts',(-50.57051936376,68.56170707318,18.80217680887));
#2152=CARTESIAN_POINT('Ctrl Pts',(-50.41155809128,68.45852088334,18.68034310404));
#2153=CARTESIAN_POINT('Ctrl Pts',(-50.88844190872,67.00149122573,20.31845157947));
#2154=CARTESIAN_POINT('Ctrl Pts',(-50.72948063624,66.91913565787,20.18169912396));
#2155=CARTESIAN_POINT('Ctrl Pts',(-50.57051936376,66.83678009001,20.04494666845));
#2156=CARTESIAN_POINT('Ctrl Pts',(-50.41155809128,66.75442452215,19.90819421295));
#2157=CARTESIAN_POINT('Ctrl Pts',(-50.88844190872,64.88016418112,21.39163570397));
#2158=CARTESIAN_POINT('Ctrl Pts',(-50.72948063624,64.82022234221,21.2437375929));
#2159=CARTESIAN_POINT('Ctrl Pts',(-50.57051936376,64.76028050331,21.09583948184));
#2160=CARTESIAN_POINT('Ctrl Pts',(-50.41155809128,64.7003386644,20.94794137077));
#2161=CARTESIAN_POINT('Ctrl Pts',(-50.88844190872,62.28195877769,22.23514803999));
#2162=CARTESIAN_POINT('Ctrl Pts',(-50.72948063624,62.24450022243,22.08010522109));
#2163=CARTESIAN_POINT('Ctrl Pts',(-50.57051936376,62.20704166716,21.92506240219));
#2164=CARTESIAN_POINT('Ctrl Pts',(-50.41155809128,62.16958311189,21.77001958328));
#2165=CARTESIAN_POINT('Ctrl Pts',(-50.88844190872,59.26651679041,22.76887287776));
#2166=CARTESIAN_POINT('Ctrl Pts',(-50.72948063624,59.24994931958,22.61042118673));
#2167=CARTESIAN_POINT('Ctrl Pts',(-50.57051936376,59.23338184874,22.4519694957));
#2168=CARTESIAN_POINT('Ctrl Pts',(-50.41155809128,59.21681437791,22.29351780468));
#2169=CARTESIAN_POINT('Ctrl Pts',(-50.88844190872,56.78867638161,22.89357562455));
#2170=CARTESIAN_POINT('Ctrl Pts',(-50.72948063624,56.78334498526,22.7345924731));
#2171=CARTESIAN_POINT('Ctrl Pts',(-50.57051936376,56.77801358891,22.57560932166));
#2172=CARTESIAN_POINT('Ctrl Pts',(-50.41155809128,56.77268219257,22.41662617021));
#2173=CARTESIAN_POINT('Ctrl Pts',(-50.88844190872,55.54988806073,22.88800107487));
#2174=CARTESIAN_POINT('Ctrl Pts',(-50.72948063624,55.5508861216,22.72904168114));
#2175=CARTESIAN_POINT('Ctrl Pts',(-50.57051936376,55.55188418246,22.57008228742));
#2176=CARTESIAN_POINT('Ctrl Pts',(-50.41155809128,55.55288224332,22.41112289369));
#2177=CARTESIAN_POINT('Ctrl Pts',(-50.88844190872,55.45233012466,22.88711894961));
#2178=CARTESIAN_POINT('Ctrl Pts',(-50.72948063624,55.45383247693,22.72816319564));
#2179=CARTESIAN_POINT('Ctrl Pts',(-50.57051936376,55.4553348292,22.56920744168));
#2180=CARTESIAN_POINT('Ctrl Pts',(-50.41155809128,55.45683718147,22.41025168771));
#2181=CARTESIAN_POINT('',(-50.5,55.74613389849,22.5));
#2182=CARTESIAN_POINT('Ctrl Pts',(-50.4999999999974,73.7461339178914,4.4999999737));
#2183=CARTESIAN_POINT('Ctrl Pts',(-50.499999999925,73.7461339184148,5.21656788895957));
#2184=CARTESIAN_POINT('Ctrl Pts',(-50.5022375914137,73.7246358579564,5.93948728861941));
#2185=CARTESIAN_POINT('Ctrl Pts',(-50.5017345348524,73.6327203429359,7.33347850467061));
#2186=CARTESIAN_POINT('Ctrl Pts',(-50.4995844725352,73.5652296406993,8.00823403543266));
#2187=CARTESIAN_POINT('Ctrl Pts',(-50.4973406175666,73.2972203880463,9.90656316162774));
#2188=CARTESIAN_POINT('Ctrl Pts',(-50.501191796346,73.0315261437544,11.1272445886752));
#2189=CARTESIAN_POINT('Ctrl Pts',(-50.5007148124445,72.4065455280644,13.0281664736318));
#2190=CARTESIAN_POINT('Ctrl Pts',(-50.4994822704854,72.1231306201584,13.734893141764));
#2191=CARTESIAN_POINT('Ctrl Pts',(-50.4995484022875,71.6028576538836,14.7916614298093));
#2192=CARTESIAN_POINT('Ctrl Pts',(-50.4998922796934,71.4032827475794,15.1576583279178));
#2193=CARTESIAN_POINT('Ctrl Pts',(-50.5001040251514,70.9645260074925,15.8826105353419));
#2194=CARTESIAN_POINT('Ctrl Pts',(-50.4999216599563,70.7249972307407,16.2397757482927));
#2195=CARTESIAN_POINT('Ctrl Pts',(-50.4999306006604,70.3425390989546,16.7535198598242));
#2196=CARTESIAN_POINT('Ctrl Pts',(-50.4999645171663,70.2131185018773,16.9189295253986));
#2197=CARTESIAN_POINT('Ctrl Pts',(-50.5000308662276,69.8166560525995,17.4009112909107));
#2198=CARTESIAN_POINT('Ctrl Pts',(-50.4998933456314,69.5388819130203,17.7072520047604));
#2199=CARTESIAN_POINT('Ctrl Pts',(-50.4998902176596,68.9533857717421,18.292748146263));
#2200=CARTESIAN_POINT('Ctrl Pts',(-50.5000343142301,68.6470455698794,18.5705218377226));
#2201=CARTESIAN_POINT('Ctrl Pts',(-50.4999636191017,68.1650642922561,18.9669838856419));
#2202=CARTESIAN_POINT('Ctrl Pts',(-50.4999232879867,67.9996554664429,19.0964038669165));
#2203=CARTESIAN_POINT('Ctrl Pts',(-50.4999014026471,67.4859113030874,19.4788622109667));
#2204=CARTESIAN_POINT('Ctrl Pts',(-50.5000885665431,67.1287420031796,19.7183933776665));
#2205=CARTESIAN_POINT('Ctrl Pts',(-50.4999232229347,66.4037940771482,20.1571479100399));
#2206=CARTESIAN_POINT('Ctrl Pts',(-50.4995681886483,66.0377976223803,20.3567224655042));
#2207=CARTESIAN_POINT('Ctrl Pts',(-50.4994747650389,64.9810365105166,20.8769923241335));
#2208=CARTESIAN_POINT('Ctrl Pts',(-50.5006144289434,64.2743179092189,21.1604056971985));
#2209=CARTESIAN_POINT('Ctrl Pts',(-50.5010090662382,62.3734025323647,21.7853845770336));
#2210=CARTESIAN_POINT('Ctrl Pts',(-50.498233324902,61.1524650419314,22.0511197117315));
#2211=CARTESIAN_POINT('Ctrl Pts',(-50.4995843504851,59.2543230491956,22.3191017993951));
#2212=CARTESIAN_POINT('Ctrl Pts',(-50.5012236827634,58.5793332611283,22.3866052394897));
#2213=CARTESIAN_POINT('Ctrl Pts',(-50.5017507985172,57.1858810465351,22.4784843736277));
#2214=CARTESIAN_POINT('Ctrl Pts',(-50.4999999999602,56.463554633503,22.5000000003882));
#2215=CARTESIAN_POINT('Ctrl Pts',(-50.5000000000015,55.74613389849,22.5000000000017));
#2216=CARTESIAN_POINT('',(-50.8,55.74613389212,22.8));
#2217=CARTESIAN_POINT('Origin',(-50.65,54.74613391789,22.65));
#2218=CARTESIAN_POINT('',(-50.5,54.04613391789,22.5));
#2219=CARTESIAN_POINT('',(-50.5,55.74613389849,22.5));
#2220=CARTESIAN_POINT('',(-50.65,53.89613391789,22.65));
#2221=CARTESIAN_POINT('',(-50.5,54.04613391789,22.5));
#2222=CARTESIAN_POINT('',(-50.65,53.89613391789,22.65));
#2223=CARTESIAN_POINT('Origin',(-33.2,73.74613391789,22.5));
#2224=CARTESIAN_POINT('',(-33.5,55.74613389849,22.5));
#2225=CARTESIAN_POINT('',(-33.5,55.74613389849,22.5));
#2226=CARTESIAN_POINT('',(-33.5,54.04613391789,22.5));
#2227=CARTESIAN_POINT('',(-33.5,54.04613391789,22.5));
#2228=CARTESIAN_POINT('',(-50.5,54.04613391789,22.5));
#2229=CARTESIAN_POINT('Origin',(-42.,53.89613391789,22.65));
#2230=CARTESIAN_POINT('',(-33.5,54.04613391789,22.5));
#2231=CARTESIAN_POINT('',(-50.5,53.74613391789,22.8));
#2232=CARTESIAN_POINT('Origin',(-50.65,53.89613391789,25.625));
#2233=CARTESIAN_POINT('',(-50.79999999999,54.04613391788,28.75000000009));
#2234=CARTESIAN_POINT('Origin',(-49.8,53.89613391787,28.75));
#2235=CARTESIAN_POINT('',(-49.8,54.04613391789,29.75));
#2236=CARTESIAN_POINT('Origin',(-49.8,54.04613391789,28.75));
#2237=CARTESIAN_POINT('',(-49.8,54.04613391789,29.75));
#2238=CARTESIAN_POINT('Origin',(-49.8,145.8901339179,28.75));
#2239=CARTESIAN_POINT('',(-49.8,93.44613391789,29.75));
#2240=CARTESIAN_POINT('Origin',(-49.8,93.44613391789,28.75));
#2241=CARTESIAN_POINT('',(-49.8,93.4461339179,29.74999999999));
#2242=CARTESIAN_POINT('Origin',(-49.8,93.59613391797,28.75));
#2243=CARTESIAN_POINT('',(-49.8,93.7461339179,29.45));
#2244=CARTESIAN_POINT('Origin',(-42.,93.59613391789,29.6));
#2245=CARTESIAN_POINT('',(-49.8,93.4461339179,29.74999999999));
#2246=CARTESIAN_POINT('Origin',(14.,1.732050807569,29.75));
#2247=CARTESIAN_POINT('',(-49.8,54.04613391789,29.75));
#2248=CARTESIAN_POINT('',(-40.44,78.24613391789,29.75));
#2249=CARTESIAN_POINT('Origin',(-42.,78.24613391789,29.75));
#2250=CARTESIAN_POINT('',(-40.44,63.74613391789,29.75));
#2251=CARTESIAN_POINT('Origin',(-42.,63.74613391789,29.75));
#2252=CARTESIAN_POINT('',(-39.5,87.74613391789,29.75));
#2253=CARTESIAN_POINT('Origin',(-42.,87.74613391789,29.75));
#2254=CARTESIAN_POINT('',(-39.5,57.74613391789,29.75));
#2255=CARTESIAN_POINT('Origin',(-42.,57.74613391789,29.75));
#2256=CARTESIAN_POINT('Origin',(-42.,63.74613391789,29.62));
#2257=CARTESIAN_POINT('',(-40.7,63.74613391789,29.49));
#2258=CARTESIAN_POINT('Origin',(-42.,63.74613391789,29.49));
#2259=CARTESIAN_POINT('',(-40.57,63.74613391789,29.62));
#2260=CARTESIAN_POINT('Origin',(-42.,63.74613391789,18.42982525503));
#2261=CARTESIAN_POINT('',(-40.7,63.74613391789,21.33281573));
#2262=CARTESIAN_POINT('Ctrl Pts',(-43.2997809814181,63.7699960289394,21.3246443385241));
#2263=CARTESIAN_POINT('Ctrl Pts',(-43.300775197394,63.7158405933973,21.3432328872049));
#2264=CARTESIAN_POINT('Ctrl Pts',(-43.298385827527,63.6615731385009,21.3615625965089));
#2265=CARTESIAN_POINT('Ctrl Pts',(-43.280131062324,63.4913562296718,21.4181490433116));
#2266=CARTESIAN_POINT('Ctrl Pts',(-43.252004009986,63.3767369618223,21.4549019873791));
#2267=CARTESIAN_POINT('Ctrl Pts',(-43.1531694214058,63.127529495644,21.5323064251649));
#2268=CARTESIAN_POINT('Ctrl Pts',(-43.0737548220039,62.9976062144889,21.5708100455798));
#2269=CARTESIAN_POINT('Ctrl Pts',(-42.8689867328584,62.7667238708711,21.6371355767675));
#2270=CARTESIAN_POINT('Ctrl Pts',(-42.7444172889201,62.6686713658017,21.6641034321426));
#2271=CARTESIAN_POINT('Ctrl Pts',(-42.4638371622462,62.5213972607606,21.7039425154574));
#2272=CARTESIAN_POINT('Ctrl Pts',(-42.3106359648621,62.4737394421462,21.7164271627698));
#2273=CARTESIAN_POINT('Ctrl Pts',(-41.9887701451618,62.4358206505155,21.7263849559941));
#2274=CARTESIAN_POINT('Ctrl Pts',(-41.8233427898035,62.44777199315,21.7232952020907));
#2275=CARTESIAN_POINT('Ctrl Pts',(-41.5016474333324,62.533642769488,21.7005761449666));
#2276=CARTESIAN_POINT('Ctrl Pts',(-41.3495086590509,62.6082693442442,21.680729500264));
#2277=CARTESIAN_POINT('Ctrl Pts',(-41.0842954568272,62.8086593079167,21.6252122858637));
#2278=CARTESIAN_POINT('Ctrl Pts',(-40.9737252552581,62.9317527836221,21.5902423102986));
#2279=CARTESIAN_POINT('Ctrl Pts',(-40.8206683425666,63.1834735208309,21.5151020237967));
#2280=CARTESIAN_POINT('Ctrl Pts',(-40.7701917915999,63.3051283143507,21.4776046582985));
#2281=CARTESIAN_POINT('Ctrl Pts',(-40.724583159215,63.487854639944,21.4189480858747));
#2282=CARTESIAN_POINT('Ctrl Pts',(-40.7143265430625,63.5451275338993,21.4002546430839));
#2283=CARTESIAN_POINT('Ctrl Pts',(-40.7019237425243,63.6568825389982,21.3631381568197));
#2284=CARTESIAN_POINT('Ctrl Pts',(-40.6993356545006,63.7112454761037,21.3447930633198));
#2285=CARTESIAN_POINT('Ctrl Pts',(-40.7018875738206,63.8824709166458,21.2860726256826));
#2286=CARTESIAN_POINT('Ctrl Pts',(-40.7194064942867,63.9984928643744,21.2448781602765));
#2287=CARTESIAN_POINT('Ctrl Pts',(-40.7927917372878,64.2498563540913,21.1526857880277));
#2288=CARTESIAN_POINT('Ctrl Pts',(-40.8567402697413,64.3820695730128,21.1020734648117));
#2289=CARTESIAN_POINT('Ctrl Pts',(-41.0421501952286,64.6418724713748,20.9993573886591));
#2290=CARTESIAN_POINT('Ctrl Pts',(-41.1707534247306,64.7628260738534,20.9492583385465));
#2291=CARTESIAN_POINT('Ctrl Pts',(-41.4558003466094,64.9371637779689,20.875538318482));
#2292=CARTESIAN_POINT('Ctrl Pts',(-41.6049700018539,64.9950002932442,20.8503282910078));
#2293=CARTESIAN_POINT('Ctrl Pts',(-41.9157415839902,65.0527135178275,20.825131461604));
#2294=CARTESIAN_POINT('Ctrl Pts',(-42.0725962234429,65.0534186716343,20.8248188323116));
#2295=CARTESIAN_POINT('Ctrl Pts',(-42.3863053107516,64.9980401915038,20.849005737938));
#2296=CARTESIAN_POINT('Ctrl Pts',(-42.5381196551226,64.940238158962,20.8742228562238));
#2297=CARTESIAN_POINT('Ctrl Pts',(-42.8244143505347,64.7664710295644,20.9477335627895));
#2298=CARTESIAN_POINT('Ctrl Pts',(-42.9524608308169,64.6473038940451,20.9971305198098));
#2299=CARTESIAN_POINT('Ctrl Pts',(-43.139239399821,64.3894249233934,21.0992300061359));
#2300=CARTESIAN_POINT('Ctrl Pts',(-43.2043351263944,64.2568992571622,21.1500361611553));
#2301=CARTESIAN_POINT('Ctrl Pts',(-43.2793374985285,64.0049218808089,21.2425707425154));
#2302=CARTESIAN_POINT('Ctrl Pts',(-43.2974700988598,63.8886905673175,21.2838915737236));
#2303=CARTESIAN_POINT('Ctrl Pts',(-43.2997629415045,63.770963944457,21.3243120833143));
#2304=CARTESIAN_POINT('Ctrl Pts',(-43.2997720965415,63.7704799925602,21.3244782207331));
#2305=CARTESIAN_POINT('Ctrl Pts',(-43.2997809814181,63.7699960289394,21.3246443385241));
#2306=CARTESIAN_POINT('',(-40.7,63.74613391789,18.42982525503));
#2307=CARTESIAN_POINT('Ctrl Pts',(-33.33,55.45395333053,22.49882383922));
#2308=CARTESIAN_POINT('Ctrl Pts',(-50.67,55.45395333053,22.49882383922));
#2309=CARTESIAN_POINT('Ctrl Pts',(-33.33,67.74732288504,22.59739991928));
#2310=CARTESIAN_POINT('Ctrl Pts',(-50.67,67.74732288504,22.59739991928));
#2311=CARTESIAN_POINT('Ctrl Pts',(-33.33,73.84431794436,16.49960150417));
#2312=CARTESIAN_POINT('Ctrl Pts',(-50.67,73.84431794436,16.49960150417));
#2313=CARTESIAN_POINT('Ctrl Pts',(-33.33,73.74493850851,4.20542859387));
#2314=CARTESIAN_POINT('Ctrl Pts',(-50.67,73.74493850851,4.20542859387));
#2315=CARTESIAN_POINT('Ctrl Pts',(-33.4999999999995,55.74613389849,22.5000000000017));
#2316=CARTESIAN_POINT('Ctrl Pts',(-33.5000000000523,56.4627082921732,22.5000000003877));
#2317=CARTESIAN_POINT('Ctrl Pts',(-33.4977665743985,57.1856229998753,22.4785018097467));
#2318=CARTESIAN_POINT('Ctrl Pts',(-33.4982706051783,58.579608218825,22.3865867135749));
#2319=CARTESIAN_POINT('Ctrl Pts',(-33.5004163028137,59.2543664917153,22.3190959118554));
#2320=CARTESIAN_POINT('Ctrl Pts',(-33.5026485033041,61.1526912105559,22.0510873304727));
#2321=CARTESIAN_POINT('Ctrl Pts',(-33.4988136145832,62.3733779802186,21.7853923872488));
#2322=CARTESIAN_POINT('Ctrl Pts',(-33.4992910738388,64.2743003331664,21.160411636517));
#2323=CARTESIAN_POINT('Ctrl Pts',(-33.5005153937746,64.9810272743107,20.876996596448));
#2324=CARTESIAN_POINT('Ctrl Pts',(-33.5004481388728,66.0377951613117,20.3567238278336));
#2325=CARTESIAN_POINT('Ctrl Pts',(-33.5001057919031,66.4037922131925,20.157148852271));
#2326=CARTESIAN_POINT('Ctrl Pts',(-33.4998972659447,67.1287441763206,19.7183922542621));
#2327=CARTESIAN_POINT('Ctrl Pts',(-33.5000789876291,67.4859097067873,19.4788632883498));
#2328=CARTESIAN_POINT('Ctrl Pts',(-33.5000693853578,67.9996538628485,19.0964051148906));
#2329=CARTESIAN_POINT('Ctrl Pts',(-33.5000352974874,68.1650635024121,18.9669845361834));
#2330=CARTESIAN_POINT('Ctrl Pts',(-33.4999691057097,68.6470452424896,18.5705221053644));
#2331=CARTESIAN_POINT('Ctrl Pts',(-33.5001069966751,68.953385926447,18.2927479915582));
#2332=CARTESIAN_POINT('Ctrl Pts',(-33.5001098077104,69.5388820522514,17.7072518655294));
#2333=CARTESIAN_POINT('Ctrl Pts',(-33.4999658157178,69.8166557459533,17.4009116621192));
#2334=CARTESIAN_POINT('Ctrl Pts',(-33.5000363543639,70.2131178146055,16.9189303617224));
#2335=CARTESIAN_POINT('Ctrl Pts',(-33.5000764138827,70.3425378230047,16.7535214999217));
#2336=CARTESIAN_POINT('Ctrl Pts',(-33.5000975682672,70.7249961986882,16.2397772859057));
#2337=CARTESIAN_POINT('Ctrl Pts',(-33.4999100955524,70.9645274035034,15.8826079150044));
#2338=CARTESIAN_POINT('Ctrl Pts',(-33.500078593822,71.4032816221796,15.1576604913928));
#2339=CARTESIAN_POINT('Ctrl Pts',(-33.5004343164146,71.6028561082034,14.7916642575188));
#2340=CARTESIAN_POINT('Ctrl Pts',(-33.5005254007955,72.1231261182091,13.7349028549391));
#2341=CARTESIAN_POINT('Ctrl Pts',(-33.499383342003,72.4065393428849,13.0281847910103));
#2342=CARTESIAN_POINT('Ctrl Pts',(-33.4989925429138,73.0315183952421,11.127268963705));
#2343=CARTESIAN_POINT('Ctrl Pts',(-33.5017707927682,73.2972534709758,9.90633216680608));
#2344=CARTESIAN_POINT('Ctrl Pts',(-33.5004146122715,73.5652356811763,8.00818943122532));
#2345=CARTESIAN_POINT('Ctrl Pts',(-33.4987721555371,73.6327390389856,7.33320107909145));
#2346=CARTESIAN_POINT('Ctrl Pts',(-33.4982459758225,73.7246181591149,5.93974920021282));
#2347=CARTESIAN_POINT('Ctrl Pts',(-33.50000000006,73.7461339184154,5.21741309181486));
#2348=CARTESIAN_POINT('Ctrl Pts',(-33.5000000000004,73.7461339178914,4.4999999737));
#2349=CARTESIAN_POINT('Ctrl Pts',(-33.11155809128,55.45034746341,22.8870627523));
#2350=CARTESIAN_POINT('Ctrl Pts',(-33.27051936376,55.4518642043,22.72810728864));
#2351=CARTESIAN_POINT('Ctrl Pts',(-33.42948063624,55.45338094518,22.56915182499));
#2352=CARTESIAN_POINT('Ctrl Pts',(-33.58844190872,55.45489768607,22.41019636133));
#2353=CARTESIAN_POINT('Ctrl Pts',(-33.11155809128,55.54849201403,22.88798322647));
#2354=CARTESIAN_POINT('Ctrl Pts',(-33.27051936376,55.54950007649,22.72902392535));
#2355=CARTESIAN_POINT('Ctrl Pts',(-33.42948063624,55.55050813895,22.57006462423));
#2356=CARTESIAN_POINT('Ctrl Pts',(-33.58844190872,55.55151620141,22.41110532311));
#2357=CARTESIAN_POINT('Ctrl Pts',(-33.11155809128,56.80892501367,22.89384496929));
#2358=CARTESIAN_POINT('Ctrl Pts',(-33.27051936376,56.80347481007,22.73486047511));
#2359=CARTESIAN_POINT('Ctrl Pts',(-33.42948063624,56.79802460647,22.57587598093));
#2360=CARTESIAN_POINT('Ctrl Pts',(-33.58844190872,56.79257440287,22.41689148675));
#2361=CARTESIAN_POINT('Ctrl Pts',(-33.11155809128,59.35160688188,22.76115089925));
#2362=CARTESIAN_POINT('Ctrl Pts',(-33.27051936376,59.33457976382,22.60273670811));
#2363=CARTESIAN_POINT('Ctrl Pts',(-33.42948063624,59.31755264576,22.44432251698));
#2364=CARTESIAN_POINT('Ctrl Pts',(-33.58844190872,59.3005255277,22.28590832584));
#2365=CARTESIAN_POINT('Ctrl Pts',(-33.11155809128,62.3416955024,22.21883772787));
#2366=CARTESIAN_POINT('Ctrl Pts',(-33.27051936376,62.30375022733,22.06391764926));
#2367=CARTESIAN_POINT('Ctrl Pts',(-33.42948063624,62.26580495226,21.90899757066));
#2368=CARTESIAN_POINT('Ctrl Pts',(-33.58844190872,62.2278596772,21.75407749206));
#2369=CARTESIAN_POINT('Ctrl Pts',(-33.11155809128,64.91831151979,21.37554398291));
#2370=CARTESIAN_POINT('Ctrl Pts',(-33.27051936376,64.85799720287,21.22780072449));
#2371=CARTESIAN_POINT('Ctrl Pts',(-33.42948063624,64.79768288596,21.08005746606));
#2372=CARTESIAN_POINT('Ctrl Pts',(-33.58844190872,64.73736856905,20.93231420764));
#2373=CARTESIAN_POINT('Ctrl Pts',(-33.11155809128,67.031849568,20.29997277625));
#2374=CARTESIAN_POINT('Ctrl Pts',(-33.27051936376,66.94915037229,20.16342618349));
#2375=CARTESIAN_POINT('Ctrl Pts',(-33.42948063624,66.86645117658,20.02687959073));
#2376=CARTESIAN_POINT('Ctrl Pts',(-33.58844190872,66.78375198086,19.89033299797));
#2377=CARTESIAN_POINT('Ctrl Pts',(-33.11155809128,68.79474868263,19.02320737076));
#2378=CARTESIAN_POINT('Ctrl Pts',(-33.27051936376,68.69123787652,18.90164826849));
#2379=CARTESIAN_POINT('Ctrl Pts',(-33.42948063624,68.58772707042,18.78008916623));
#2380=CARTESIAN_POINT('Ctrl Pts',(-33.58844190872,68.48421626432,18.65853006396));
#2381=CARTESIAN_POINT('Ctrl Pts',(-33.11155809128,70.29109046524,17.52298289996));
#2382=CARTESIAN_POINT('Ctrl Pts',(-33.27051936376,70.16926753519,17.4197840777));
#2383=CARTESIAN_POINT('Ctrl Pts',(-33.42948063624,70.04744460514,17.31658525544));
#2384=CARTESIAN_POINT('Ctrl Pts',(-33.58844190872,69.92562167509,17.21338643318));
#2385=CARTESIAN_POINT('Ctrl Pts',(-33.11155809128,71.56376612017,15.75668643225));
#2386=CARTESIAN_POINT('Ctrl Pts',(-33.27051936376,71.42702284441,15.67431575738));
#2387=CARTESIAN_POINT('Ctrl Pts',(-33.42948063624,71.29027956865,15.59194508251));
#2388=CARTESIAN_POINT('Ctrl Pts',(-33.58844190872,71.1535362929,15.50957440764));
#2389=CARTESIAN_POINT('Ctrl Pts',(-33.11155809128,72.63704143193,13.6357895216));
#2390=CARTESIAN_POINT('Ctrl Pts',(-33.27051936376,72.48915020712,13.57583058197));
#2391=CARTESIAN_POINT('Ctrl Pts',(-33.42948063624,72.34125898232,13.51587164234));
#2392=CARTESIAN_POINT('Ctrl Pts',(-33.58844190872,72.19336775751,13.45591270271));
#2393=CARTESIAN_POINT('Ctrl Pts',(-33.11155809128,73.48082804912,11.03774096981));
#2394=CARTESIAN_POINT('Ctrl Pts',(-33.27051936376,73.32578846547,11.00026776981));
#2395=CARTESIAN_POINT('Ctrl Pts',(-33.42948063624,73.17074888182,10.9627945698));
#2396=CARTESIAN_POINT('Ctrl Pts',(-33.58844190872,73.01570929817,10.9253213698));
#2397=CARTESIAN_POINT('Ctrl Pts',(-33.11155809128,74.01490013733,8.021806630258));
#2398=CARTESIAN_POINT('Ctrl Pts',(-33.27051936376,73.85644890323,8.005231823328));
#2399=CARTESIAN_POINT('Ctrl Pts',(-33.42948063624,73.69799766913,7.988657016397));
#2400=CARTESIAN_POINT('Ctrl Pts',(-33.58844190872,73.53954643503,7.972082209466));
#2401=CARTESIAN_POINT('Ctrl Pts',(-33.11155809128,74.13971222147,5.542957242779));
#2402=CARTESIAN_POINT('Ctrl Pts',(-33.27051936376,73.9807290585,5.537623429133));
#2403=CARTESIAN_POINT('Ctrl Pts',(-33.42948063624,73.82174589554,5.532289615487));
#2404=CARTESIAN_POINT('Ctrl Pts',(-33.58844190872,73.66276273258,5.526955801841));
#2405=CARTESIAN_POINT('Ctrl Pts',(-33.11155809128,74.13413492584,4.30375508047));
#2406=CARTESIAN_POINT('Ctrl Pts',(-33.27051936376,73.97517553241,4.304753192797));
#2407=CARTESIAN_POINT('Ctrl Pts',(-33.42948063624,73.81621613897,4.305751305123));
#2408=CARTESIAN_POINT('Ctrl Pts',(-33.58844190872,73.65725674554,4.30674941745));
#2409=CARTESIAN_POINT('Ctrl Pts',(-33.11155809128,74.13325265325,4.206198225138));
#2410=CARTESIAN_POINT('Ctrl Pts',(-33.27051936376,73.97429690022,4.207700650612));
#2411=CARTESIAN_POINT('Ctrl Pts',(-33.42948063624,73.81534114719,4.209203076086));
#2412=CARTESIAN_POINT('Ctrl Pts',(-33.58844190872,73.65638539416,4.21070550156));
#2413=CARTESIAN_POINT('',(-33.2,55.74613389212,22.8));
#2414=CARTESIAN_POINT('Origin',(-33.35,54.74613391789,22.65));
#2415=CARTESIAN_POINT('Origin',(-42.,78.24613391789,29.62));
#2416=CARTESIAN_POINT('',(-40.7,78.24613391789,29.49));
#2417=CARTESIAN_POINT('Origin',(-42.,78.24613391789,29.49));
#2418=CARTESIAN_POINT('',(-40.57,78.24613391789,29.62));
#2419=CARTESIAN_POINT('Origin',(-42.,78.24613391789,18.42982525503));
#2420=CARTESIAN_POINT('',(-40.7,78.24613391789,19.75));
#2421=CARTESIAN_POINT('Origin',(-42.,78.24613391789,19.75));
#2422=CARTESIAN_POINT('',(-40.7,78.24613391789,18.42982525503));
#2423=CARTESIAN_POINT('Origin',(-42.,78.24613391789,19.39164998356));
#2424=CARTESIAN_POINT('',(-42.,78.24613391789,18.96888119526));
#2425=CARTESIAN_POINT('',(-41.296394579868,78.24613391789,19.39164998356));
#2426=CARTESIAN_POINT('Origin',(-42.,53.89613391789,29.6));
#2427=CARTESIAN_POINT('Origin',(-42.,87.74613391789,29.75));
#2428=CARTESIAN_POINT('',(-39.5,87.74613391789,24.75));
#2429=CARTESIAN_POINT('',(-39.5,87.74613391789,29.75));
#2430=CARTESIAN_POINT('Origin',(-42.,87.74613391789,24.75));
#2431=CARTESIAN_POINT('Origin',(-42.,87.74613391789,24.75));
#2432=CARTESIAN_POINT('Origin',(-42.,57.74613391789,29.75));
#2433=CARTESIAN_POINT('',(-39.5,57.74613391789,24.75));
#2434=CARTESIAN_POINT('',(-39.5,57.74613391789,29.75));
#2435=CARTESIAN_POINT('Origin',(-42.,57.74613391789,24.75));
#2436=CARTESIAN_POINT('Origin',(-42.,57.74613391789,24.75));
#2437=CARTESIAN_POINT('Origin',(-42.,78.24613391789,-29.62));
#2438=CARTESIAN_POINT('',(-40.7,78.24613391789,-29.49));
#2439=CARTESIAN_POINT('',(-43.3,78.24613391789,-29.49));
#2440=CARTESIAN_POINT('Origin',(-42.,78.24613391789,-29.49));
#2441=CARTESIAN_POINT('',(-43.43,78.24613391789,-29.62));
#2442=CARTESIAN_POINT('Origin',(-42.,78.24613391789,-29.49));
#2443=CARTESIAN_POINT('Origin',(-42.,78.24613391789,-18.42982525503));
#2444=CARTESIAN_POINT('',(-40.7,78.24613391789,-19.75));
#2445=CARTESIAN_POINT('',(-40.7,78.24613391789,-18.42982525503));
#2446=CARTESIAN_POINT('',(-43.2999999999982,78.24613391789,-19.7500000000031));
#2447=CARTESIAN_POINT('Origin',(-42.,78.24613391789,-19.75));
#2448=CARTESIAN_POINT('Origin',(-42.,78.24613391789,-19.75));
#2449=CARTESIAN_POINT('Origin',(-42.,78.24613391789,-19.39164998356));
#2450=CARTESIAN_POINT('',(-42.,78.24613391789,-18.96888119526));
#2451=CARTESIAN_POINT('',(-42.703605420132,78.24613391789,-19.39164998356));
#2452=CARTESIAN_POINT('Origin',(-42.,87.74613391789,-29.75));
#2453=CARTESIAN_POINT('',(-39.5,87.74613391789,-24.75));
#2454=CARTESIAN_POINT('Origin',(-42.,87.74613391789,-24.75));
#2455=CARTESIAN_POINT('',(-39.5,87.74613391789,-29.75));
#2456=CARTESIAN_POINT('Origin',(-42.,87.74613391789,-24.75));
#2457=CARTESIAN_POINT('Origin',(-42.,57.74613391789,-29.75));
#2458=CARTESIAN_POINT('',(-39.5,57.74613391789,-24.75));
#2459=CARTESIAN_POINT('Origin',(-42.,57.74613391789,-24.75));
#2460=CARTESIAN_POINT('',(-39.5,57.74613391789,-29.75));
#2461=CARTESIAN_POINT('Origin',(-42.,57.74613391789,-24.75));
#2462=UNCERTAINTY_MEASURE_WITH_UNIT(LENGTH_MEASURE(0.01),#2466,
'DISTANCE_ACCURACY_VALUE',
'Maximum model space distance between geometric entities at asserted c
onnectivities');
#2463=UNCERTAINTY_MEASURE_WITH_UNIT(LENGTH_MEASURE(0.01),#2466,
'DISTANCE_ACCURACY_VALUE',
'Maximum model space distance between geometric entities at asserted c
onnectivities');
#2464=(
GEOMETRIC_REPRESENTATION_CONTEXT(3)
GLOBAL_UNCERTAINTY_ASSIGNED_CONTEXT((#2462))
GLOBAL_UNIT_ASSIGNED_CONTEXT((#2466,#2468,#2469))
REPRESENTATION_CONTEXT('','3D')
);
#2465=(
GEOMETRIC_REPRESENTATION_CONTEXT(3)
GLOBAL_UNCERTAINTY_ASSIGNED_CONTEXT((#2463))
GLOBAL_UNIT_ASSIGNED_CONTEXT((#2466,#2468,#2469))
REPRESENTATION_CONTEXT('','3D')
);
#2466=(
LENGTH_UNIT()
NAMED_UNIT(*)
SI_UNIT(.MILLI.,.METRE.)
);
#2467=(
LENGTH_UNIT()
NAMED_UNIT(*)
SI_UNIT($,.METRE.)
);
#2468=(
NAMED_UNIT(*)
PLANE_ANGLE_UNIT()
SI_UNIT($,.RADIAN.)
);
#2469=(
NAMED_UNIT(*)
SI_UNIT($,.STERADIAN.)
SOLID_ANGLE_UNIT()
);
#2470=SHAPE_DEFINITION_REPRESENTATION(#2471,#2472);
#2471=PRODUCT_DEFINITION_SHAPE('',$,#2474);
#2472=SHAPE_REPRESENTATION('',(#1076),#2464);
#2473=PRODUCT_DEFINITION_CONTEXT('part definition',#2478,'design');
#2474=PRODUCT_DEFINITION('2026-07-08-20-45-18-420','2-SPACE-UP-2',#2475,
#2473);
#2475=PRODUCT_DEFINITION_FORMATION('',$,#2480);
#2476=PRODUCT_RELATED_PRODUCT_CATEGORY('2-SPACE-UP-2','2-SPACE-UP-2',(#2480));
#2477=APPLICATION_PROTOCOL_DEFINITION('international standard',
'automotive_design',2009,#2478);
#2478=APPLICATION_CONTEXT(
'Core Data for Automotive Mechanical Design Process');
#2479=PRODUCT_CONTEXT('part definition',#2478,'mechanical');
#2480=PRODUCT('2026-07-08-20-45-18-420','2-SPACE-UP-2','NOT SPECIFIED',
(#2479));
#2481=PRESENTATION_STYLE_ASSIGNMENT((#2482));
#2482=SURFACE_STYLE_USAGE(.BOTH.,#2483);
#2483=SURFACE_SIDE_STYLE('',(#2484));
#2484=SURFACE_STYLE_FILL_AREA(#2485);
#2485=FILL_AREA_STYLE('\X2\94A2\X0\ - \X2\7F0E5149\X0\',(#2486));
#2486=FILL_AREA_STYLE_COLOUR('\X2\94A2\X0\ - \X2\7F0E5149\X0\',#2487);
#2487=COLOUR_RGB('\X2\94A2\X0\ - \X2\7F0E5149\X0\',0.627450980392157,0.627450980392157,
0.627450980392157);
ENDSEC;
END-ISO-10303-21;
