ISO-10303-21;
HEADER;
FILE_DESCRIPTION((''),'2;1');
FILE_NAME('2-STOPER-L','2026-05-23T17:28:59',('Administrator'),(''),
'CREO PARAMETRIC BY PTC INC, 2021284','CREO PARAMETRIC BY PTC INC, 2021284','');
FILE_SCHEMA(('CONFIG_CONTROL_DESIGN'));
ENDSEC;
DATA;
#2=CARTESIAN_POINT('',(5.7E1,1.75E1,4.1E1));
#3=DIRECTION('',(0.E0,0.E0,1.E0));
#4=DIRECTION('',(-1.E0,0.E0,0.E0));
#5=AXIS2_PLACEMENT_3D('',#2,#3,#4);
#7=CARTESIAN_POINT('',(5.7E1,1.75E1,4.1E1));
#8=DIRECTION('',(0.E0,0.E0,1.E0));
#9=DIRECTION('',(1.E0,0.E0,0.E0));
#10=AXIS2_PLACEMENT_3D('',#7,#8,#9);
#12=CARTESIAN_POINT('',(5.7E1,-6.5E0,4.1E1));
#13=DIRECTION('',(0.E0,0.E0,1.E0));
#14=DIRECTION('',(-1.E0,0.E0,0.E0));
#15=AXIS2_PLACEMENT_3D('',#12,#13,#14);
#17=CARTESIAN_POINT('',(5.7E1,-6.5E0,4.1E1));
#18=DIRECTION('',(0.E0,0.E0,1.E0));
#19=DIRECTION('',(1.E0,0.E0,0.E0));
#20=AXIS2_PLACEMENT_3D('',#17,#18,#19);
#22=CARTESIAN_POINT('',(4.064923931632E1,5.351573881020E0,4.1E1));
#23=DIRECTION('',(0.E0,0.E0,-1.E0));
#24=DIRECTION('',(1.E0,0.E0,0.E0));
#25=AXIS2_PLACEMENT_3D('',#22,#23,#24);
#27=CARTESIAN_POINT('',(4.064923931632E1,5.351573881020E0,4.1E1));
#28=DIRECTION('',(0.E0,0.E0,-1.E0));
#29=DIRECTION('',(-1.E0,0.E0,0.E0));
#30=AXIS2_PLACEMENT_3D('',#27,#28,#29);
#32=DIRECTION('',(3.698608898392E-1,9.290871445496E-1,0.E0));
#33=VECTOR('',#32,2.586682647972E1);
#34=CARTESIAN_POINT('',(5.952667153388E1,1.756505780444E0,4.1E1));
#35=LINE('',#34,#33);
#36=DIRECTION('',(-1.E0,0.E0,0.E0));
#37=VECTOR('',#36,2.754912386458E1);
#38=CARTESIAN_POINT('',(6.881507284962E1,2.56E1,4.1E1));
#39=LINE('',#38,#37);
#40=DIRECTION('',(-3.698608898392E-1,-9.290871445496E-1,0.E0));
#41=VECTOR('',#40,2.611196774235E1);
#42=CARTESIAN_POINT('',(4.067910047108E1,2.646525879972E1,4.1E1));
#43=LINE('',#42,#41);
#44=CARTESIAN_POINT('',(3.380856628009E1,1.095382581897E0,4.1E1));
#45=DIRECTION('',(0.E0,0.E0,-1.E0));
#46=DIRECTION('',(-9.030077405807E-1,-4.296242782377E-1,0.E0));
#47=AXIS2_PLACEMENT_3D('',#44,#45,#46);
#49=DIRECTION('',(4.296242782377E-1,-9.030077405807E-1,0.E0));
#50=VECTOR('',#49,1.695391611806E1);
#51=CARTESIAN_POINT('',(3.109954305835E1,-1.934902528164E-1,4.1E1));
#52=LINE('',#51,#50);
#53=DIRECTION('',(-1.E0,0.E0,0.E0));
#54=VECTOR('',#53,2.745680291943E1);
#55=CARTESIAN_POINT('',(6.641053567507E1,-1.46E1,4.1E1));
#56=LINE('',#55,#54);
#57=DIRECTION('',(-4.296242782377E-1,9.030077405807E-1,0.E0));
#58=VECTOR('',#57,1.653213753319E1);
#59=CARTESIAN_POINT('',(6.668143799724E1,-1.477111271653E1,4.1E1));
#60=LINE('',#59,#58);
#61=DIRECTION('',(0.E0,-1.E0,0.E0));
#62=VECTOR('',#61,1.E1);
#63=CARTESIAN_POINT('',(5.361753587131E1,1.203710347023E1,4.1E1));
#64=LINE('',#63,#62);
#65=DIRECTION('',(-1.E0,0.E0,0.E0));
#66=VECTOR('',#65,7.5E0);
#67=CARTESIAN_POINT('',(5.361753587131E1,2.037103470228E0,4.1E1));
#68=LINE('',#67,#66);
#69=DIRECTION('',(0.E0,1.E0,0.E0));
#70=VECTOR('',#69,1.276595741510E0);
#71=CARTESIAN_POINT('',(4.611753587131E1,2.037103470228E0,4.1E1));
#72=LINE('',#71,#70);
#73=DIRECTION('',(1.E0,0.E0,0.E0));
#74=VECTOR('',#73,6.25E0);
#75=CARTESIAN_POINT('',(4.611753587131E1,3.313699211738E0,4.1E1));
#76=LINE('',#75,#74);
#77=DIRECTION('',(0.E0,1.E0,0.E0));
#78=VECTOR('',#77,8.723404258490E0);
#79=CARTESIAN_POINT('',(5.236753587131E1,3.313699211738E0,4.1E1));
#80=LINE('',#79,#78);
#81=DIRECTION('',(1.E0,0.E0,0.E0));
#82=VECTOR('',#81,1.25E0);
#83=CARTESIAN_POINT('',(5.236753587131E1,1.203710347023E1,4.1E1));
#84=LINE('',#83,#82);
#85=DIRECTION('',(0.E0,0.E0,1.E0));
#86=VECTOR('',#85,1.1E0);
#87=CARTESIAN_POINT('',(5.54E1,1.75E1,4.1E1));
#88=LINE('',#87,#86);
#89=DIRECTION('',(0.E0,0.E0,1.E0));
#90=VECTOR('',#89,1.1E0);
#91=CARTESIAN_POINT('',(5.86E1,1.75E1,4.1E1));
#92=LINE('',#91,#90);
#93=DIRECTION('',(-7.071067811865E-1,0.E0,7.071067811865E-1));
#94=VECTOR('',#93,1.979898987322E0);
#95=CARTESIAN_POINT('',(5.54E1,1.75E1,4.21E1));
#96=LINE('',#95,#94);
#97=DIRECTION('',(7.071067811865E-1,0.E0,7.071067811865E-1));
#98=VECTOR('',#97,1.979898987322E0);
#99=CARTESIAN_POINT('',(5.86E1,1.75E1,4.21E1));
#100=LINE('',#99,#98);
#101=CARTESIAN_POINT('',(5.7E1,1.75E1,4.21E1));
#102=DIRECTION('',(0.E0,0.E0,-1.E0));
#103=DIRECTION('',(-1.E0,0.E0,0.E0));
#104=AXIS2_PLACEMENT_3D('',#101,#102,#103);
#106=CARTESIAN_POINT('',(5.7E1,1.75E1,4.21E1));
#107=DIRECTION('',(0.E0,0.E0,1.E0));
#108=DIRECTION('',(-1.E0,0.E0,0.E0));
#109=AXIS2_PLACEMENT_3D('',#106,#107,#108);
#111=CARTESIAN_POINT('',(5.7E1,1.75E1,4.35E1));
#112=DIRECTION('',(0.E0,0.E0,-1.E0));
#113=DIRECTION('',(-1.E0,0.E0,0.E0));
#114=AXIS2_PLACEMENT_3D('',#111,#112,#113);
#116=CARTESIAN_POINT('',(5.7E1,1.75E1,4.35E1));
#117=DIRECTION('',(0.E0,0.E0,1.E0));
#118=DIRECTION('',(-1.E0,0.E0,0.E0));
#119=AXIS2_PLACEMENT_3D('',#116,#117,#118);
#121=CARTESIAN_POINT('',(5.7E1,1.75E1,4.35E1));
#122=DIRECTION('',(0.E0,0.E0,1.E0));
#123=DIRECTION('',(-1.E0,0.E0,0.E0));
#124=AXIS2_PLACEMENT_3D('',#121,#122,#123);
#126=CARTESIAN_POINT('',(5.7E1,1.75E1,4.75E1));
#127=DIRECTION('',(0.E0,0.E0,1.E0));
#128=DIRECTION('',(-1.E0,0.E0,0.E0));
#129=AXIS2_PLACEMENT_3D('',#126,#127,#128);
#131=CARTESIAN_POINT('',(5.7E1,1.75E1,4.75E1));
#132=DIRECTION('',(0.E0,0.E0,1.E0));
#133=DIRECTION('',(1.E0,0.E0,0.E0));
#134=AXIS2_PLACEMENT_3D('',#131,#132,#133);
#136=CARTESIAN_POINT('',(5.7E1,-6.5E0,4.75E1));
#137=DIRECTION('',(0.E0,0.E0,1.E0));
#138=DIRECTION('',(-1.E0,0.E0,0.E0));
#139=AXIS2_PLACEMENT_3D('',#136,#137,#138);
#141=CARTESIAN_POINT('',(5.7E1,-6.5E0,4.75E1));
#142=DIRECTION('',(0.E0,0.E0,1.E0));
#143=DIRECTION('',(1.E0,0.E0,0.E0));
#144=AXIS2_PLACEMENT_3D('',#141,#142,#143);
#146=CARTESIAN_POINT('',(4.909539245154E1,1.E1,4.75E1));
#147=DIRECTION('',(0.E0,0.E0,-1.E0));
#148=DIRECTION('',(9.290871445496E-1,3.698608898392E-1,0.E0));
#149=AXIS2_PLACEMENT_3D('',#146,#147,#148);
#151=DIRECTION('',(3.698608898875E-1,-9.290871445304E-1,5.205943194005E-11));
#152=VECTOR('',#151,1.223590871900E1);
#153=CARTESIAN_POINT('',(4.642798265590E1,2.210794726249E1,4.749999999826E1));
#154=LINE('',#153,#152);
#155=CARTESIAN_POINT('',(4.456980838536E1,2.136822544089E1,4.75E1));
#156=DIRECTION('',(0.E0,0.E0,-1.E0));
#157=DIRECTION('',(-9.290871445496E-1,3.698608898392E-1,0.E0));
#158=AXIS2_PLACEMENT_3D('',#155,#156,#157);
#160=DIRECTION('',(3.698608900897E-1,9.290871444499E-1,-2.696482181960E-10));
#161=VECTOR('',#160,1.223590871366E1);
#162=CARTESIAN_POINT('',(3.818605002576E1,1.073972176736E1,4.749999999947E1));
#163=LINE('',#162,#161);
#164=CARTESIAN_POINT('',(4.004422431919E1,1.E1,4.75E1));
#165=DIRECTION('',(0.E0,0.E0,-1.E0));
#166=DIRECTION('',(0.E0,-1.E0,0.E0));
#167=AXIS2_PLACEMENT_3D('',#164,#165,#166);
#169=DIRECTION('',(-1.E0,-5.447754152035E-10,5.447738451460E-10));
#170=VECTOR('',#169,9.051168260831E0);
#171=CARTESIAN_POINT('',(4.909539256999E1,8.000000006045E0,4.749999999395E1));
#172=LINE('',#171,#170);
#173=CARTESIAN_POINT('',(5.171939076474E1,3.E0,4.75E1));
#174=DIRECTION('',(0.E0,0.E0,-1.E0));
#175=DIRECTION('',(0.E0,1.E0,0.E0));
#176=AXIS2_PLACEMENT_3D('',#173,#174,#175);
#178=DIRECTION('',(1.E0,-1.336091905251E-9,-1.336090942188E-9));
#179=VECTOR('',#178,1.383363919010E1);
#180=CARTESIAN_POINT('',(3.788575175541E1,4.999999997056E0,4.749999999706E1));
#181=LINE('',#180,#179);
#182=CARTESIAN_POINT('',(3.788575183562E1,3.E0,4.75E1));
#183=DIRECTION('',(0.E0,0.E0,-1.E0));
#184=DIRECTION('',(-9.030077405807E-1,-4.296242782377E-1,0.E0));
#185=AXIS2_PLACEMENT_3D('',#182,#183,#184);
#187=DIRECTION('',(-4.296242782790E-1,9.030077405611E-1,4.573819584222E-11));
#188=VECTOR('',#187,1.609969415377E1);
#189=CARTESIAN_POINT('',(4.299655583424E1,-1.239739699399E1,4.749999999894E1));
#190=LINE('',#189,#188);
#191=CARTESIAN_POINT('',(4.480257130018E1,-1.153814840800E1,4.75E1));
#192=DIRECTION('',(0.E0,0.E0,-1.E0));
#193=DIRECTION('',(9.030077405807E-1,-4.296242782377E-1,0.E0));
#194=AXIS2_PLACEMENT_3D('',#191,#192,#193);
#196=DIRECTION('',(-4.296242783827E-1,-9.030077405118E-1,-1.605362788878E-10));
#197=VECTOR('',#196,1.609969415250E1);
#198=CARTESIAN_POINT('',(5.352540624750E1,2.140751447143E0,4.749999999988E1));
#199=LINE('',#198,#197);
#200=CARTESIAN_POINT('',(4.241781217225E1,-1.7E1,4.75E1));
#201=DIRECTION('',(0.E0,0.E0,1.E0));
#202=DIRECTION('',(-9.030077405807E-1,-4.296242782377E-1,0.E0));
#203=AXIS2_PLACEMENT_3D('',#200,#201,#202);
#205=DIRECTION('',(4.296242782253E-1,-9.030077405866E-1,-1.376053024778E-11));
#206=VECTOR('',#205,2.003901157357E1);
#207=CARTESIAN_POINT('',(3.200255080567E1,2.361340121967E-1,4.750000000040E1));
#208=LINE('',#207,#206);
#209=CARTESIAN_POINT('',(3.380856628009E1,1.095382581897E0,4.75E1));
#210=DIRECTION('',(0.E0,0.E0,1.E0));
#211=DIRECTION('',(-9.290871445496E-1,3.698608898392E-1,0.E0));
#212=AXIS2_PLACEMENT_3D('',#209,#210,#211);
#214=DIRECTION('',(-3.698608898340E-1,-9.290871445517E-1,5.541091505998E-12));
#215=VECTOR('',#214,2.841995775671E1);
#216=CARTESIAN_POINT('',(4.246182286067E1,2.823972177231E1,4.750000000045E1));
#217=LINE('',#216,#215);
#218=CARTESIAN_POINT('',(4.431999715223E1,2.75E1,4.75E1));
#219=DIRECTION('',(0.E0,0.E0,1.E0));
#220=DIRECTION('',(0.E0,1.E0,0.E0));
#221=AXIS2_PLACEMENT_3D('',#218,#219,#220);
#223=DIRECTION('',(-1.E0,2.338459724927E-12,-2.338459724927E-12));
#224=VECTOR('',#223,2.370035831642E1);
#225=CARTESIAN_POINT('',(6.802035547946E1,2.949999999964E1,4.750000000036E1));
#226=LINE('',#225,#224);
#227=CARTESIAN_POINT('',(6.802035548565E1,2.85E1,4.75E1));
#228=DIRECTION('',(0.E0,0.E0,1.E0));
#229=DIRECTION('',(9.290871445496E-1,-3.698608898392E-1,0.E0));
#230=AXIS2_PLACEMENT_3D('',#227,#228,#229);
#232=DIRECTION('',(3.698608896862E-1,9.290871446105E-1,1.646398686443E-10));
#233=VECTOR('',#232,2.798851820492E1);
#234=CARTESIAN_POINT('',(5.859758438486E1,2.126366647823E0,4.749999999584E1));
#235=LINE('',#234,#233);
#236=CARTESIAN_POINT('',(6.138484582298E1,1.016784000765E0,4.75E1));
#237=DIRECTION('',(0.E0,0.E0,-1.E0));
#238=DIRECTION('',(-9.030077405807E-1,-4.296242782377E-1,0.E0));
#239=AXIS2_PLACEMENT_3D('',#236,#237,#238);
#241=DIRECTION('',(-4.296242780217E-1,9.030077406835E-1,-2.391720061768E-10));
#242=VECTOR('',#241,1.915629963428E1);
#243=CARTESIAN_POINT('',(6.690583402133E1,-1.757037571955E1,4.750000000056E1));
#244=LINE('',#243,#242);
#245=CARTESIAN_POINT('',(6.600282628243E1,-1.8E1,4.75E1));
#246=DIRECTION('',(0.E0,0.E0,1.E0));
#247=DIRECTION('',(0.E0,-1.E0,0.E0));
#248=AXIS2_PLACEMENT_3D('',#245,#246,#247);
#250=DIRECTION('',(1.E0,1.096557940873E-11,1.096618194620E-11));
#251=VECTOR('',#250,2.358501409930E1);
#252=CARTESIAN_POINT('',(4.241781217517E1,-1.899999999982E1,4.750000000018E1));
#253=LINE('',#252,#251);
#254=DIRECTION('',(0.E0,0.E0,1.E0));
#255=VECTOR('',#254,4.E0);
#256=CARTESIAN_POINT('',(6.025E1,1.75E1,4.35E1));
#257=LINE('',#256,#255);
#258=CARTESIAN_POINT('',(5.7E1,1.75E1,4.35E1));
#259=DIRECTION('',(0.E0,0.E0,-1.E0));
#260=DIRECTION('',(-1.E0,0.E0,0.E0));
#261=AXIS2_PLACEMENT_3D('',#258,#259,#260);
#263=DIRECTION('',(0.E0,0.E0,1.E0));
#264=VECTOR('',#263,4.E0);
#265=CARTESIAN_POINT('',(5.375E1,1.75E1,4.35E1));
#266=LINE('',#265,#264);
#267=CARTESIAN_POINT('',(5.7E1,-6.5E0,4.35E1));
#268=DIRECTION('',(0.E0,0.E0,1.E0));
#269=DIRECTION('',(-1.E0,0.E0,0.E0));
#270=AXIS2_PLACEMENT_3D('',#267,#268,#269);
#272=DIRECTION('',(0.E0,0.E0,1.E0));
#273=VECTOR('',#272,4.E0);
#274=CARTESIAN_POINT('',(6.025E1,-6.5E0,4.35E1));
#275=LINE('',#274,#273);
#276=CARTESIAN_POINT('',(5.7E1,-6.5E0,4.35E1));
#277=DIRECTION('',(0.E0,0.E0,-1.E0));
#278=DIRECTION('',(-1.E0,0.E0,0.E0));
#279=AXIS2_PLACEMENT_3D('',#276,#277,#278);
#281=DIRECTION('',(0.E0,0.E0,1.E0));
#282=VECTOR('',#281,4.E0);
#283=CARTESIAN_POINT('',(5.375E1,-6.5E0,4.35E1));
#284=LINE('',#283,#282);
#285=CARTESIAN_POINT('',(5.7E1,-6.5E0,4.35E1));
#286=DIRECTION('',(0.E0,0.E0,-1.E0));
#287=DIRECTION('',(-1.E0,0.E0,0.E0));
#288=AXIS2_PLACEMENT_3D('',#285,#286,#287);
#290=CARTESIAN_POINT('',(5.7E1,-6.5E0,4.35E1));
#291=DIRECTION('',(0.E0,0.E0,1.E0));
#292=DIRECTION('',(-1.E0,0.E0,0.E0));
#293=AXIS2_PLACEMENT_3D('',#290,#291,#292);
#295=DIRECTION('',(-7.071067811865E-1,0.E0,7.071067811865E-1));
#296=VECTOR('',#295,1.979898987322E0);
#297=CARTESIAN_POINT('',(5.54E1,-6.5E0,4.21E1));
#298=LINE('',#297,#296);
#299=DIRECTION('',(7.071067811865E-1,0.E0,7.071067811865E-1));
#300=VECTOR('',#299,1.979898987322E0);
#301=CARTESIAN_POINT('',(5.86E1,-6.5E0,4.21E1));
#302=LINE('',#301,#300);
#303=CARTESIAN_POINT('',(5.7E1,-6.5E0,4.21E1));
#304=DIRECTION('',(0.E0,0.E0,-1.E0));
#305=DIRECTION('',(-1.E0,0.E0,0.E0));
#306=AXIS2_PLACEMENT_3D('',#303,#304,#305);
#308=CARTESIAN_POINT('',(5.7E1,-6.5E0,4.21E1));
#309=DIRECTION('',(0.E0,0.E0,1.E0));
#310=DIRECTION('',(-1.E0,0.E0,0.E0));
#311=AXIS2_PLACEMENT_3D('',#308,#309,#310);
#313=DIRECTION('',(0.E0,0.E0,1.E0));
#314=VECTOR('',#313,1.1E0);
#315=CARTESIAN_POINT('',(5.54E1,-6.5E0,4.1E1));
#316=LINE('',#315,#314);
#317=DIRECTION('',(0.E0,0.E0,1.E0));
#318=VECTOR('',#317,1.1E0);
#319=CARTESIAN_POINT('',(5.86E1,-6.5E0,4.1E1));
#320=LINE('',#319,#318);
#321=DIRECTION('',(-6.569638218529E-1,-2.615311392099E-1,-7.071067811865E-1));
#322=VECTOR('',#321,1.414213561399E0);
#323=CARTESIAN_POINT('',(5.095356674330E1,1.073972177001E1,4.749999999890E1));
#324=LINE('',#323,#322);
#325=DIRECTION('',(-5.235181160456E-8,7.071067811865E-1,-7.071067811865E-1));
#326=VECTOR('',#325,1.414213557030E0);
#327=CARTESIAN_POINT('',(4.909539256999E1,8.000000006045E0,4.749999999395E1));
#328=LINE('',#327,#326);
#329=DIRECTION('',(4.432433817649E-9,7.071067811866E-1,-7.071067811865E-1));
#330=VECTOR('',#329,1.414213561388E0);
#331=CARTESIAN_POINT('',(4.004422430916E1,8.000000001114E0,4.749999999889E1));
#332=LINE('',#331,#330);
#333=DIRECTION('',(6.569638223568E-1,-2.615311379441E-1,-7.071067811865E-1));
#334=VECTOR('',#333,1.414213561902E0);
#335=CARTESIAN_POINT('',(3.818605002576E1,1.073972176736E1,4.749999999947E1));
#336=LINE('',#335,#334);
#337=DIRECTION('',(6.569638141132E-1,-2.615311586521E-1,-7.071067811865E-1));
#338=VECTOR('',#337,1.414213558986E0);
#339=CARTESIAN_POINT('',(4.271163411365E1,2.210794725388E1,4.749999999617E1));
#340=LINE('',#339,#338);
#341=DIRECTION('',(-6.569638127358E-1,-2.615311621119E-1,-7.071067811865E-1));
#342=VECTOR('',#341,1.414213560836E0);
#343=CARTESIAN_POINT('',(4.642798265590E1,2.210794726249E1,4.749999999826E1));
#344=LINE('',#343,#342);
#345=DIRECTION('',(3.698608898573E-1,-9.290871445424E-1,1.952206926956E-11));
#346=VECTOR('',#345,1.223590868414E1);
#347=CARTESIAN_POINT('',(4.549889552295E1,2.173808634645E1,4.649999999935E1));
#348=LINE('',#347,#346);
#349=DIRECTION('',(-9.979288510781E-10,3.624244017507E-9,-1.E0));
#350=VECTOR('',#349,9.999999995867E-1);
#351=CARTESIAN_POINT('',(5.002447959708E1,1.036986088621E1,4.649999999959E1));
#352=LINE('',#351,#350);
#353=DIRECTION('',(6.960092950968E-9,-1.572037789858E-8,-1.E0));
#354=VECTOR('',#353,9.999999993478E-1);
#355=CARTESIAN_POINT('',(4.549889552295E1,2.173808634645E1,4.649999999935E1));
#356=LINE('',#355,#354);
#357=CARTESIAN_POINT('',(4.909539245154E1,1.E1,4.65E1));
#358=DIRECTION('',(0.E0,0.E0,-1.E0));
#359=DIRECTION('',(9.290871445496E-1,3.698608898392E-1,0.E0));
#360=AXIS2_PLACEMENT_3D('',#357,#358,#359);
#362=DIRECTION('',(-1.E0,-2.042909787711E-10,2.042911750282E-10));
#363=VECTOR('',#362,9.051168180526E0);
#364=CARTESIAN_POINT('',(4.909539249596E1,9.000000002267E0,4.649999999773E1));
#365=LINE('',#364,#363);
#366=DIRECTION('',(3.761023494215E-9,-4.178328795815E-10,-1.E0));
#367=VECTOR('',#366,9.999999995822E-1);
#368=CARTESIAN_POINT('',(4.004422431543E1,9.000000000418E0,4.649999999958E1));
#369=LINE('',#368,#367);
#370=DIRECTION('',(-4.442198796662E-8,-2.266904891167E-9,-1.E0));
#371=VECTOR('',#370,9.999999977331E-1);
#372=CARTESIAN_POINT('',(4.909539249596E1,9.000000002267E0,4.649999999773E1));
#373=LINE('',#372,#371);
#374=CARTESIAN_POINT('',(4.004422431919E1,1.E1,4.65E1));
#375=DIRECTION('',(0.E0,0.E0,-1.E0));
#376=DIRECTION('',(0.E0,-1.E0,0.E0));
#377=AXIS2_PLACEMENT_3D('',#374,#375,#376);
#379=DIRECTION('',(3.698608899331E-1,9.290871445122E-1,-1.011183724354E-10));
#380=VECTOR('',#379,1.223590868214E1);
#381=CARTESIAN_POINT('',(3.911513717302E1,1.036986088522E1,4.649999999980E1));
#382=LINE('',#381,#380);
#383=DIRECTION('',(-6.520728855143E-9,-1.249429717040E-8,-1.E0));
#384=VECTOR('',#383,9.999999985628E-1);
#385=CARTESIAN_POINT('',(4.364072124733E1,2.173808634322E1,4.649999999856E1));
#386=LINE('',#385,#384);
#387=DIRECTION('',(1.623789103502E-9,4.619414185427E-9,-1.E0));
#388=VECTOR('',#387,9.999999998001E-1);
#389=CARTESIAN_POINT('',(3.911513717302E1,1.036986088522E1,4.649999999980E1));
#390=LINE('',#389,#388);
#391=CARTESIAN_POINT('',(4.456980838536E1,2.136822544089E1,4.65E1));
#392=DIRECTION('',(0.E0,0.E0,-1.E0));
#393=DIRECTION('',(-9.290871445496E-1,3.698608898392E-1,0.E0));
#394=AXIS2_PLACEMENT_3D('',#391,#392,#393);
#396=CARTESIAN_POINT('',(5.171939076474E1,3.E0,4.55E1));
#397=DIRECTION('',(0.E0,0.E0,1.E0));
#398=DIRECTION('',(9.030077405807E-1,-4.296242782377E-1,0.E0));
#399=AXIS2_PLACEMENT_3D('',#396,#397,#398);
#401=DIRECTION('',(4.296242782377E-1,9.030077405807E-1,0.E0));
#402=VECTOR('',#401,1.609969411630E1);
#403=CARTESIAN_POINT('',(4.570557904076E1,-1.196777268623E1,4.55E1));
#404=LINE('',#403,#402);
#405=CARTESIAN_POINT('',(4.480257130018E1,-1.153814840800E1,4.55E1));
#406=DIRECTION('',(0.E0,0.E0,1.E0));
#407=DIRECTION('',(-9.030077405807E-1,-4.296242782377E-1,0.E0));
#408=AXIS2_PLACEMENT_3D('',#405,#406,#407);
#410=DIRECTION('',(4.296242782377E-1,-9.030077405807E-1,0.E0));
#411=VECTOR('',#410,1.609969411630E1);
#412=CARTESIAN_POINT('',(3.698274409504E1,2.570375721762E0,4.55E1));
#413=LINE('',#412,#411);
#414=CARTESIAN_POINT('',(3.788575183562E1,3.E0,4.55E1));
#415=DIRECTION('',(0.E0,0.E0,1.E0));
#416=DIRECTION('',(0.E0,1.E0,0.E0));
#417=AXIS2_PLACEMENT_3D('',#414,#415,#416);
#419=DIRECTION('',(-1.E0,0.E0,0.E0));
#420=VECTOR('',#419,1.383363892912E1);
#421=CARTESIAN_POINT('',(5.171939076474E1,4.E0,4.55E1));
#422=LINE('',#421,#420);
#423=CARTESIAN_POINT('',(4.909539245154E1,1.E1,4.55E1));
#424=DIRECTION('',(0.E0,0.E0,1.E0));
#425=DIRECTION('',(0.E0,-1.E0,0.E0));
#426=AXIS2_PLACEMENT_3D('',#423,#424,#425);
#428=DIRECTION('',(1.E0,0.E0,0.E0));
#429=VECTOR('',#428,9.051168132343E0);
#430=CARTESIAN_POINT('',(4.004422431919E1,9.E0,4.55E1));
#431=LINE('',#430,#429);
#432=CARTESIAN_POINT('',(4.004422431919E1,1.E1,4.55E1));
#433=DIRECTION('',(0.E0,0.E0,1.E0));
#434=DIRECTION('',(-9.290871445496E-1,3.698608898392E-1,0.E0));
#435=AXIS2_PLACEMENT_3D('',#432,#433,#434);
#437=DIRECTION('',(-3.698608898392E-1,-9.290871445496E-1,0.E0));
#438=VECTOR('',#437,1.223590866323E1);
#439=CARTESIAN_POINT('',(4.364072124081E1,2.173808633073E1,4.55E1));
#440=LINE('',#439,#438);
#441=CARTESIAN_POINT('',(4.456980838536E1,2.136822544089E1,4.55E1));
#442=DIRECTION('',(0.E0,0.E0,1.E0));
#443=DIRECTION('',(9.290871445496E-1,3.698608898392E-1,0.E0));
#444=AXIS2_PLACEMENT_3D('',#441,#442,#443);
#446=DIRECTION('',(-3.698608898392E-1,9.290871445496E-1,0.E0));
#447=VECTOR('',#446,1.223590866323E1);
#448=CARTESIAN_POINT('',(5.002447959608E1,1.036986088984E1,4.55E1));
#449=LINE('',#448,#447);
#450=CARTESIAN_POINT('',(5.171939076474E1,3.E0,4.65E1));
#451=DIRECTION('',(0.E0,0.E0,-1.E0));
#452=DIRECTION('',(0.E0,1.E0,0.E0));
#453=AXIS2_PLACEMENT_3D('',#450,#451,#452);
#455=DIRECTION('',(-7.988677765148E-8,-7.071067811865E-1,-7.071067811865E-1));
#456=VECTOR('',#455,1.414213543434E0);
#457=CARTESIAN_POINT('',(5.171939094551E1,4.999999978573E0,4.749999997857E1));
#458=LINE('',#457,#456);
#459=DIRECTION('',(-6.385228975787E-1,3.037902389277E-1,-7.071067811865E-1));
#460=VECTOR('',#459,1.414213562268E0);
#461=CARTESIAN_POINT('',(5.352540624750E1,2.140751447143E0,4.749999999988E1));
#462=LINE('',#461,#460);
#463=DIRECTION('',(-6.385228907053E-1,3.037902533744E-1,-7.071067811865E-1));
#464=VECTOR('',#463,1.414213559983E0);
#465=CARTESIAN_POINT('',(4.660858676505E1,-1.239739699243E1,4.749999999730E1));
#466=LINE('',#465,#464);
#467=DIRECTION('',(6.385228905270E-1,3.037902537493E-1,-7.071067811865E-1));
#468=VECTOR('',#467,1.414213561435E0);
#469=CARTESIAN_POINT('',(4.299655583424E1,-1.239739699399E1,4.749999999894E1));
#470=LINE('',#469,#468);
#471=DIRECTION('',(6.385228976424E-1,3.037902387937E-1,-7.071067811865E-1));
#472=VECTOR('',#471,1.414213562086E0);
#473=CARTESIAN_POINT('',(3.607973635291E1,2.140751447535E0,4.749999999968E1));
#474=LINE('',#473,#472);
#475=DIRECTION('',(3.545070820974E-8,-7.071067811865E-1,-7.071067811865E-1));
#476=VECTOR('',#475,1.414213559771E0);
#477=CARTESIAN_POINT('',(3.788575175541E1,4.999999997056E0,4.749999999706E1));
#478=LINE('',#477,#476);
#479=DIRECTION('',(1.E0,-5.010344302493E-10,-5.010340450238E-10));
#480=VECTOR('',#479,1.383363902699E1);
#481=CARTESIAN_POINT('',(3.788575180554E1,3.999999998896E0,4.649999999890E1));
#482=LINE('',#481,#480);
#483=DIRECTION('',(-6.778615412384E-8,8.035165930569E-9,-1.E0));
#484=VECTOR('',#483,9.999999919648E-1);
#485=CARTESIAN_POINT('',(5.171939083253E1,3.999999991965E0,4.649999999196E1));
#486=LINE('',#485,#484);
#487=DIRECTION('',(3.008092622760E-8,1.104035974972E-9,-1.E0));
#488=VECTOR('',#487,9.999999988960E-1);
#489=CARTESIAN_POINT('',(3.788575180554E1,3.999999998896E0,4.649999999890E1));
#490=LINE('',#489,#488);
#491=CARTESIAN_POINT('',(3.788575183562E1,3.E0,4.65E1));
#492=DIRECTION('',(0.E0,0.E0,-1.E0));
#493=DIRECTION('',(-9.030077405807E-1,-4.296242782377E-1,0.E0));
#494=AXIS2_PLACEMENT_3D('',#491,#492,#493);
#496=DIRECTION('',(-4.296242782532E-1,9.030077405734E-1,1.715132695910E-11));
#497=VECTOR('',#496,1.609969413035E1);
#498=CARTESIAN_POINT('',(4.389956356531E1,-1.196777269730E1,4.649999999960E1));
#499=LINE('',#498,#497);
#500=DIRECTION('',(5.806626291612E-10,-1.503798863395E-9,-1.E0));
#501=VECTOR('',#500,9.999999998783E-1);
#502=CARTESIAN_POINT('',(3.698274409446E1,2.570375723266E0,4.649999999988E1));
#503=LINE('',#502,#501);
#504=DIRECTION('',(-5.706347396878E-9,1.106784353496E-8,-1.E0));
#505=VECTOR('',#504,9.999999996021E-1);
#506=CARTESIAN_POINT('',(4.389956356531E1,-1.196777269730E1,4.649999999960E1));
#507=LINE('',#506,#505);
#508=CARTESIAN_POINT('',(4.480257130018E1,-1.153814840800E1,4.65E1));
#509=DIRECTION('',(0.E0,0.E0,-1.E0));
#510=DIRECTION('',(9.030077405807E-1,-4.296242782377E-1,0.E0));
#511=AXIS2_PLACEMENT_3D('',#508,#509,#510);
#513=DIRECTION('',(-4.296242782921E-1,-9.030077405549E-1,-6.020088399787E-11));
#514=VECTOR('',#513,1.609969412987E1);
#515=CARTESIAN_POINT('',(5.262239850592E1,2.570375723119E0,4.649999999996E1));
#516=LINE('',#515,#514);
#517=DIRECTION('',(6.111356760187E-9,1.048507770560E-8,-1.E0));
#518=VECTOR('',#517,9.999999989860E-1);
#519=CARTESIAN_POINT('',(4.570557903465E1,-1.196777269672E1,4.649999999899E1));
#520=LINE('',#519,#518);
#521=DIRECTION('',(-5.960600902011E-10,-1.356961654214E-9,-1.E0));
#522=VECTOR('',#521,9.999999999553E-1);
#523=CARTESIAN_POINT('',(5.262239850592E1,2.570375723119E0,4.649999999996E1));
#524=LINE('',#523,#522);
#525=DIRECTION('',(-6.385228969958E-1,-3.037902401528E-1,-7.071067811865E-1));
#526=VECTOR('',#525,1.414213562350E0);
#527=CARTESIAN_POINT('',(4.061179668931E1,-1.785924855244E1,4.750000000013E1));
#528=LINE('',#527,#526);
#529=DIRECTION('',(2.578569125326E-10,-7.071067811866E-1,-7.071067811865E-1));
#530=VECTOR('',#529,1.414213562340E0);
#531=CARTESIAN_POINT('',(4.241781217517E1,-1.899999999982E1,4.750000000018E1));
#532=LINE('',#531,#530);
#533=DIRECTION('',(-2.812450098536E-9,-7.071067811865E-1,-7.071067811865E-1));
#534=VECTOR('',#533,1.414213562059E0);
#535=CARTESIAN_POINT('',(6.600282627447E1,-1.899999999956E1,4.750000000044E1));
#536=LINE('',#535,#534);
#537=DIRECTION('',(6.385228964164E-1,3.037902413706E-1,-7.071067811865E-1));
#538=VECTOR('',#537,1.414213561974E0);
#539=CARTESIAN_POINT('',(6.690583402133E1,-1.757037571955E1,4.750000000056E1));
#540=LINE('',#539,#538);
#541=DIRECTION('',(6.385228909871E-1,3.037902527823E-1,-7.071067811865E-1));
#542=VECTOR('',#541,1.414213559533E0);
#543=CARTESIAN_POINT('',(5.867582262139E1,-2.720888669494E-1,4.749999999598E1));
#544=LINE('',#543,#542);
#545=DIRECTION('',(6.569638231690E-1,-2.615311359040E-1,-7.071067811865E-1));
#546=VECTOR('',#545,1.414213559433E0);
#547=CARTESIAN_POINT('',(5.859758438486E1,2.126366647823E0,4.749999999584E1));
#548=LINE('',#547,#546);
#549=DIRECTION('',(6.569638199970E-1,-2.615311438719E-1,-7.071067811865E-1));
#550=VECTOR('',#549,1.414213562055E0);
#551=CARTESIAN_POINT('',(6.894944262913E1,2.813013910871E1,4.750000000045E1));
#552=LINE('',#551,#550);
#553=DIRECTION('',(-2.186955408542E-9,7.071067811865E-1,-7.071067811865E-1));
#554=VECTOR('',#553,1.414213562118E0);
#555=CARTESIAN_POINT('',(6.802035547946E1,2.949999999964E1,4.750000000036E1));
#556=LINE('',#555,#554);
#557=DIRECTION('',(9.561385765641E-10,7.071067811866E-1,-7.071067811865E-1));
#558=VECTOR('',#557,1.414213562319E0);
#559=CARTESIAN_POINT('',(4.431999716304E1,2.949999999969E1,4.750000000031E1));
#560=LINE('',#559,#558);
#561=DIRECTION('',(-6.569638204776E-1,2.615311426647E-1,-7.071067811865E-1));
#562=VECTOR('',#561,1.414213562294E0);
#563=CARTESIAN_POINT('',(4.246182286067E1,2.823972177231E1,4.750000000045E1));
#564=LINE('',#563,#562);
#565=DIRECTION('',(-6.569638198547E-1,2.615311442293E-1,-7.071067811865E-1));
#566=VECTOR('',#565,1.414213562266E0);
#567=CARTESIAN_POINT('',(3.195039199573E1,1.835104371855E0,4.750000000060E1));
#568=LINE('',#567,#566);
#569=DIRECTION('',(-6.385228962651E-1,-3.037902416886E-1,-7.071067811866E-1));
#570=VECTOR('',#569,1.414213562302E0);
#571=CARTESIAN_POINT('',(3.200255080567E1,2.361340121967E-1,4.750000000040E1));
#572=LINE('',#571,#570);
#573=DIRECTION('',(4.296242782237E-1,-9.030077405874E-1,-1.548024195088E-11));
#574=VECTOR('',#573,2.003901157117E1);
#575=CARTESIAN_POINT('',(3.109954306593E1,-1.934902676941E-1,4.650000000046E1));
#576=LINE('',#575,#574);
#577=DIRECTION('',(1.238855720956E-9,-2.828344479957E-9,1.E0));
#578=VECTOR('',#577,1.220000000147E1);
#579=CARTESIAN_POINT('',(3.970878893340E1,-1.828887279567E1,3.429999999868E1));
#580=LINE('',#579,#578);
#581=DIRECTION('',(-4.296242786246E-1,9.030077403967E-1,4.284543802313E-10));
#582=VECTOR('',#581,3.085095432146E0);
#583=CARTESIAN_POINT('',(3.970878893340E1,-1.828887279567E1,3.429999999868E1));
#584=LINE('',#583,#582);
#585=DIRECTION('',(0.E0,0.E0,1.E0));
#586=VECTOR('',#585,6.7E0);
#587=CARTESIAN_POINT('',(3.838335703387E1,-1.550300774058E1,3.43E1));
#588=LINE('',#587,#586);
#589=DIRECTION('',(-1.378714516177E-9,2.705044612324E-9,-1.E0));
#590=VECTOR('',#589,5.500000000456E0);
#591=CARTESIAN_POINT('',(3.109954306593E1,-1.934902676941E-1,4.650000000046E1));
#592=LINE('',#591,#590);
#593=CARTESIAN_POINT('',(4.241781217225E1,-1.7E1,4.65E1));
#594=DIRECTION('',(0.E0,0.E0,1.E0));
#595=DIRECTION('',(-9.030077405807E-1,-4.296242782377E-1,0.E0));
#596=AXIS2_PLACEMENT_3D('',#593,#594,#595);
#598=CARTESIAN_POINT('',(4.241781217225E1,-1.7E1,3.43E1));
#599=DIRECTION('',(0.E0,0.E0,-1.E0));
#600=DIRECTION('',(0.E0,-1.E0,0.E0));
#601=AXIS2_PLACEMENT_3D('',#598,#599,#600);
#603=DIRECTION('',(1.E0,1.938905323691E-11,1.938935450564E-11));
#604=VECTOR('',#603,2.358501409496E1);
#605=CARTESIAN_POINT('',(4.241781217553E1,-1.999999999979E1,4.650000000021E1));
#606=LINE('',#605,#604);
#607=DIRECTION('',(1.255682770640E-9,-7.949604543272E-11,1.E0));
#608=VECTOR('',#607,1.220000000230E1);
#609=CARTESIAN_POINT('',(6.600282625517E1,-1.999999999836E1,3.429999999836E1));
#610=LINE('',#609,#608);
#611=DIRECTION('',(-1.E0,8.656354571972E-12,-8.656354571972E-12));
#612=VECTOR('',#611,2.358501405742E1);
#613=CARTESIAN_POINT('',(6.600282625517E1,-1.999999999836E1,3.429999999836E1));
#614=LINE('',#613,#612);
#615=DIRECTION('',(-1.821729652069E-9,-1.337127858121E-10,1.E0));
#616=VECTOR('',#615,1.220000000205E1);
#617=CARTESIAN_POINT('',(4.241781219776E1,-1.999999999816E1,3.429999999816E1));
#618=LINE('',#617,#616);
#619=CARTESIAN_POINT('',(6.600282628243E1,-1.8E1,4.65E1));
#620=DIRECTION('',(0.E0,0.E0,1.E0));
#621=DIRECTION('',(0.E0,-1.E0,0.E0));
#622=AXIS2_PLACEMENT_3D('',#619,#620,#621);
#624=CARTESIAN_POINT('',(6.600282628243E1,-1.8E1,3.43E1));
#625=DIRECTION('',(0.E0,0.E0,-1.E0));
#626=DIRECTION('',(9.030077405807E-1,4.296242782377E-1,0.E0));
#627=AXIS2_PLACEMENT_3D('',#624,#625,#626);
#629=DIRECTION('',(-4.296242781031E-1,9.030077406448E-1,-1.490588219795E-10));
#630=VECTOR('',#629,1.915629965215E1);
#631=CARTESIAN_POINT('',(6.780884176107E1,-1.714075144021E1,4.650000000085E1));
#632=LINE('',#631,#630);
#633=DIRECTION('',(-1.831794676209E-9,3.000145350420E-9,-1.E0));
#634=VECTOR('',#633,5.499999997991E0);
#635=CARTESIAN_POINT('',(5.957883035189E1,1.575354277891E-1,4.649999999799E1));
#636=LINE('',#635,#634);
#637=DIRECTION('',(0.E0,0.E0,-1.E0));
#638=VECTOR('',#637,6.7E0);
#639=CARTESIAN_POINT('',(6.668143799724E1,-1.477111271653E1,4.1E1));
#640=LINE('',#639,#638);
#641=DIRECTION('',(4.296242775422E-1,-9.030077409116E-1,-7.702116042977E-10));
#642=VECTOR('',#641,2.624162135281E0);
#643=CARTESIAN_POINT('',(6.668143799724E1,-1.477111271653E1,3.43E1));
#644=LINE('',#643,#642);
#645=DIRECTION('',(1.892058822469E-10,-1.736426666891E-10,1.E0));
#646=VECTOR('',#645,1.220000000287E1);
#647=CARTESIAN_POINT('',(6.780884175877E1,-1.714075143809E1,3.429999999798E1));
#648=LINE('',#647,#646);
#649=CARTESIAN_POINT('',(6.138484582298E1,1.016784000765E0,4.65E1));
#650=DIRECTION('',(0.E0,0.E0,-1.E0));
#651=DIRECTION('',(-9.030077405807E-1,-4.296242782377E-1,0.E0));
#652=AXIS2_PLACEMENT_3D('',#649,#650,#651);
#654=CARTESIAN_POINT('',(6.138484582298E1,1.016784000765E0,4.1E1));
#655=DIRECTION('',(0.E0,0.E0,1.E0));
#656=DIRECTION('',(-9.290871445496E-1,3.698608898392E-1,0.E0));
#657=AXIS2_PLACEMENT_3D('',#654,#655,#656);
#659=DIRECTION('',(3.698608897477E-1,9.290871445860E-1,9.840382801520E-11));
#660=VECTOR('',#659,2.798851819279E1);
#661=CARTESIAN_POINT('',(5.952667153165E1,1.756505769214E0,4.649999999792E1));
#662=LINE('',#661,#660);
#663=DIRECTION('',(-1.104241652377E-10,-8.148294423856E-11,-1.E0));
#664=VECTOR('',#663,1.220000000223E1);
#665=CARTESIAN_POINT('',(6.987852977315E1,2.776027821815E1,4.650000000068E1));
#666=LINE('',#665,#664);
#667=DIRECTION('',(-3.698608891564E-1,-9.290871448214E-1,7.348822935883E-10));
#668=VECTOR('',#667,2.121691700390E0);
#669=CARTESIAN_POINT('',(6.987852977181E1,2.776027821715E1,3.429999999844E1));
#670=LINE('',#669,#668);
#671=DIRECTION('',(0.E0,0.E0,1.E0));
#672=VECTOR('',#671,6.7E0);
#673=CARTESIAN_POINT('',(6.909379899298E1,2.578904173305E1,3.43E1));
#674=LINE('',#673,#672);
#675=DIRECTION('',(4.059808652409E-10,2.041792513613E-9,-1.E0));
#676=VECTOR('',#675,5.499999997921E0);
#677=CARTESIAN_POINT('',(5.952667153165E1,1.756505769214E0,4.649999999792E1));
#678=LINE('',#677,#676);
#679=CARTESIAN_POINT('',(6.802035548565E1,2.85E1,4.65E1));
#680=DIRECTION('',(0.E0,0.E0,1.E0));
#681=DIRECTION('',(9.290871445496E-1,-3.698608898392E-1,0.E0));
#682=AXIS2_PLACEMENT_3D('',#679,#680,#681);
#684=CARTESIAN_POINT('',(6.802035548565E1,2.85E1,3.43E1));
#685=DIRECTION('',(0.E0,0.E0,-1.E0));
#686=DIRECTION('',(0.E0,1.E0,0.E0));
#687=AXIS2_PLACEMENT_3D('',#684,#685,#686);
#689=DIRECTION('',(-1.E0,8.334960007020E-12,-8.334810105756E-12));
#690=VECTOR('',#689,2.370035831197E1);
#691=CARTESIAN_POINT('',(6.802035547637E1,3.049999999946E1,4.650000000054E1));
#692=LINE('',#691,#690);
#693=DIRECTION('',(-1.096635350737E-9,3.201169747940E-11,1.E0));
#694=VECTOR('',#693,1.220000000108E1);
#695=CARTESIAN_POINT('',(4.431999717777E1,3.049999999927E1,3.429999999927E1));
#696=LINE('',#695,#694);
#697=DIRECTION('',(1.E0,-2.320021872247E-11,-2.320051852500E-11));
#698=VECTOR('',#697,2.370035828738E1);
#699=CARTESIAN_POINT('',(4.431999717777E1,3.049999999927E1,3.429999999927E1));
#700=LINE('',#699,#698);
#701=DIRECTION('',(-9.195343210445E-10,-6.089030917910E-11,-1.E0));
#702=VECTOR('',#701,1.220000000182E1);
#703=CARTESIAN_POINT('',(6.802035547637E1,3.049999999946E1,4.650000000054E1));
#704=LINE('',#703,#702);
#705=CARTESIAN_POINT('',(4.431999715223E1,2.75E1,4.65E1));
#706=DIRECTION('',(0.E0,0.E0,1.E0));
#707=DIRECTION('',(0.E0,1.E0,0.E0));
#708=AXIS2_PLACEMENT_3D('',#705,#706,#707);
#710=CARTESIAN_POINT('',(4.431999715223E1,2.75E1,3.43E1));
#711=DIRECTION('',(0.E0,0.E0,-1.E0));
#712=DIRECTION('',(-9.290871445496E-1,3.698608898392E-1,0.E0));
#713=AXIS2_PLACEMENT_3D('',#710,#711,#712);
#715=DIRECTION('',(-3.698608898334E-1,-9.290871445519E-1,6.233384173583E-12));
#716=VECTOR('',#715,2.841995775433E1);
#717=CARTESIAN_POINT('',(4.153273571582E1,2.860958266123E1,4.650000000050E1));
#718=LINE('',#717,#716);
#719=DIRECTION('',(-9.700025831866E-10,-2.102697086895E-9,-1.E0));
#720=VECTOR('',#719,5.500000000679E0);
#721=CARTESIAN_POINT('',(3.102130485178E1,2.204965262979E0,4.650000000068E1));
#722=LINE('',#721,#720);
#723=DIRECTION('',(0.E0,0.E0,1.E0));
#724=VECTOR('',#723,6.7E0);
#725=CARTESIAN_POINT('',(4.067910047108E1,2.646525879972E1,3.43E1));
#726=LINE('',#725,#724);
#727=DIRECTION('',(3.698608902672E-1,9.290871443792E-1,-4.606725856141E-10));
#728=VECTOR('',#727,2.307990015652E0);
#729=CARTESIAN_POINT('',(4.067910047108E1,2.646525879972E1,3.43E1));
#730=LINE('',#729,#728);
#731=DIRECTION('',(2.314930760447E-10,7.058508239652E-10,1.E0));
#732=VECTOR('',#731,1.220000000157E1);
#733=CARTESIAN_POINT('',(4.153273571299E1,2.860958265262E1,3.429999999894E1));
#734=LINE('',#733,#732);
#735=CARTESIAN_POINT('',(3.380856628009E1,1.095382581897E0,4.65E1));
#736=DIRECTION('',(0.E0,0.E0,1.E0));
#737=DIRECTION('',(-9.290871445496E-1,3.698608898392E-1,0.E0));
#738=AXIS2_PLACEMENT_3D('',#735,#736,#737);
#740=DIRECTION('',(-5.613105691864E-1,8.276052470348E-1,0.E0));
#741=VECTOR('',#740,1.045496996090E0);
#742=CARTESIAN_POINT('',(4.126594898504E1,2.56E1,3.43E1));
#743=LINE('',#742,#741);
#744=DIRECTION('',(5.613105691864E-1,-8.276052470348E-1,0.E0));
#745=VECTOR('',#744,1.045496996090E0);
#746=CARTESIAN_POINT('',(4.067910047108E1,2.646525879972E1,4.1E1));
#747=LINE('',#746,#745);
#748=DIRECTION('',(7.449826288669E-1,8.119047256030E-2,-6.621246029654E-1));
#749=VECTOR('',#748,4.530869245100E-1);
#750=CARTESIAN_POINT('',(4.067910047108E1,2.646525879972E1,3.43E1));
#751=LINE('',#750,#749);
#752=DIRECTION('',(-4.324264307625E-1,6.375764197247E-1,-6.375764197247E-1));
#753=VECTOR('',#752,3.222815761671E-1);
#754=CARTESIAN_POINT('',(6.895443592130E1,2.569452086652E1,3.420547913348E1));
#755=LINE('',#754,#753);
#756=DIRECTION('',(3.509729623431E-1,6.621246029654E-1,-6.621246029654E-1));
#757=VECTOR('',#756,4.530869245100E-1);
#758=CARTESIAN_POINT('',(4.126594898504E1,2.56E1,3.43E1));
#759=LINE('',#758,#757);
#760=DIRECTION('',(0.E0,0.E0,1.E0));
#761=VECTOR('',#760,6.7E0);
#762=CARTESIAN_POINT('',(6.881507284962E1,2.56E1,3.43E1));
#763=LINE('',#762,#761);
#764=DIRECTION('',(-1.E0,0.E0,0.E0));
#765=VECTOR('',#764,2.754912386458E1);
#766=CARTESIAN_POINT('',(6.881507284962E1,2.56E1,3.43E1));
#767=LINE('',#766,#765);
#768=DIRECTION('',(0.E0,0.E0,1.E0));
#769=VECTOR('',#768,6.7E0);
#770=CARTESIAN_POINT('',(4.126594898504E1,2.56E1,3.43E1));
#771=LINE('',#770,#769);
#772=DIRECTION('',(7.216869856438E-1,4.894731324355E-1,-4.894731324354E-1));
#773=VECTOR('',#772,1.931073643487E-1);
#774=CARTESIAN_POINT('',(6.881507284962E1,2.56E1,3.43E1));
#775=LINE('',#774,#773);
#776=DIRECTION('',(8.276052470348E-1,5.613105691865E-1,0.E0));
#777=VECTOR('',#776,3.367863415118E-1);
#778=CARTESIAN_POINT('',(6.881507284962E1,2.56E1,4.1E1));
#779=LINE('',#778,#777);
#780=DIRECTION('',(6.569638206926E-1,-2.615311421245E-1,7.071067811865E-1));
#781=VECTOR('',#780,4.242640690060E-1);
#782=CARTESIAN_POINT('',(6.959980362805E1,2.787123648368E1,3.399999999823E1));
#783=LINE('',#782,#781);
#784=DIRECTION('',(-7.216869856437E-1,-4.894731324355E-1,-4.894731324355E-1));
#785=VECTOR('',#784,1.931073643487E-1);
#786=CARTESIAN_POINT('',(6.909379899298E1,2.578904173305E1,3.43E1));
#787=LINE('',#786,#785);
#788=DIRECTION('',(6.441549242499E-9,7.071067811865E-1,7.071067811865E-1));
#789=VECTOR('',#788,4.242640689540E-1);
#790=CARTESIAN_POINT('',(6.802035546242E1,3.019999999855E1,3.399999999855E1));
#791=LINE('',#790,#789);
#792=DIRECTION('',(5.340298314525E-1,8.454656344990E-1,0.E0));
#793=VECTOR('',#792,7.373754934718E-1);
#794=CARTESIAN_POINT('',(3.872529432986E1,-1.552342563945E1,3.4E1));
#795=LINE('',#794,#793);
#796=DIRECTION('',(-4.296242787283E-1,9.030077403473E-1,5.432582454953E-10));
#797=VECTOR('',#796,2.919753338908E0);
#798=CARTESIAN_POINT('',(3.997969125215E1,-1.815998550439E1,3.399999999841E1));
#799=LINE('',#798,#797);
#800=CARTESIAN_POINT('',(4.241781217225E1,-1.7E1,3.4E1));
#801=DIRECTION('',(0.E0,0.E0,-1.E0));
#802=DIRECTION('',(0.E0,-1.E0,0.E0));
#803=AXIS2_PLACEMENT_3D('',#800,#801,#802);
#805=DIRECTION('',(-1.E0,1.500981093671E-11,-1.500981093671E-11));
#806=VECTOR('',#805,2.358501404868E1);
#807=CARTESIAN_POINT('',(6.600282625154E1,-1.969999999815E1,3.399999999815E1));
#808=LINE('',#807,#806);
#809=CARTESIAN_POINT('',(6.600282628243E1,-1.8E1,3.4E1));
#810=DIRECTION('',(0.E0,0.E0,-1.E0));
#811=DIRECTION('',(9.030077405807E-1,4.296242782377E-1,0.E0));
#812=AXIS2_PLACEMENT_3D('',#809,#810,#811);
#814=DIRECTION('',(4.296242774495E-1,-9.030077409558E-1,-8.729063046672E-10));
#815=VECTOR('',#814,2.624162134351E0);
#816=CARTESIAN_POINT('',(6.641053567507E1,-1.49E1,3.4E1));
#817=LINE('',#816,#815);
#818=DIRECTION('',(1.E0,0.E0,0.E0));
#819=VECTOR('',#818,2.729146083472E1);
#820=CARTESIAN_POINT('',(3.911907484035E1,-1.49E1,3.4E1));
#821=LINE('',#820,#819);
#822=DIRECTION('',(-5.613105691864E-1,8.276052470348E-1,0.E0));
#823=VECTOR('',#822,7.274544759019E-1);
#824=CARTESIAN_POINT('',(4.142497024513E1,2.59E1,3.4E1));
#825=LINE('',#824,#823);
#826=DIRECTION('',(-1.E0,0.E0,0.E0));
#827=VECTOR('',#826,2.739010260449E1);
#828=CARTESIAN_POINT('',(6.881507284962E1,2.59E1,3.4E1));
#829=LINE('',#828,#827);
#830=DIRECTION('',(-3.698608890654E-1,-9.290871448577E-1,8.328757533921E-10));
#831=VECTOR('',#830,2.121691699853E0);
#832=CARTESIAN_POINT('',(6.959980362805E1,2.787123648368E1,3.399999999823E1));
#833=LINE('',#832,#831);
#834=CARTESIAN_POINT('',(6.802035548565E1,2.85E1,3.4E1));
#835=DIRECTION('',(0.E0,0.E0,-1.E0));
#836=DIRECTION('',(0.E0,1.E0,0.E0));
#837=AXIS2_PLACEMENT_3D('',#834,#835,#836);
#839=DIRECTION('',(1.E0,-2.422944081324E-11,-2.422974061577E-11));
#840=VECTOR('',#839,2.370035827953E1);
#841=CARTESIAN_POINT('',(4.431999718288E1,3.019999999912E1,3.399999999912E1));
#842=LINE('',#841,#840);
#843=CARTESIAN_POINT('',(4.431999715223E1,2.75E1,3.4E1));
#844=DIRECTION('',(0.E0,0.E0,-1.E0));
#845=DIRECTION('',(-9.290871445496E-1,3.698608898392E-1,0.E0));
#846=AXIS2_PLACEMENT_3D('',#843,#844,#845);
#848=DIRECTION('',(3.698608903908E-1,9.290871443300E-1,-5.937135434949E-10));
#849=VECTOR('',#848,2.148968752005E0);
#850=CARTESIAN_POINT('',(4.101664235920E1,2.650204514124E1,3.4E1));
#851=LINE('',#850,#849);
#852=DIRECTION('',(3.631148008191E-1,-6.588427890727E-1,-6.588427890727E-1));
#853=VECTOR('',#852,4.553438316025E-1);
#854=CARTESIAN_POINT('',(3.895373275563E1,-1.46E1,3.43E1));
#855=LINE('',#854,#853);
#856=DIRECTION('',(-7.457832966062E-1,4.710664892047E-1,4.710664892047E-1));
#857=VECTOR('',#856,1.816226800781E-1);
#858=CARTESIAN_POINT('',(6.654598683616E1,-1.468555635826E1,3.421444364174E1));
#859=LINE('',#858,#857);
#860=DIRECTION('',(1.E0,0.E0,0.E0));
#861=VECTOR('',#860,2.745680291943E1);
#862=CARTESIAN_POINT('',(3.895373275563E1,-1.46E1,3.43E1));
#863=LINE('',#862,#861);
#864=DIRECTION('',(0.E0,0.E0,-1.E0));
#865=VECTOR('',#864,6.7E0);
#866=CARTESIAN_POINT('',(6.641053567507E1,-1.46E1,4.1E1));
#867=LINE('',#866,#865);
#868=DIRECTION('',(0.E0,0.E0,1.E0));
#869=VECTOR('',#868,6.7E0);
#870=CARTESIAN_POINT('',(3.895373275563E1,-1.46E1,3.43E1));
#871=LINE('',#870,#869);
#872=DIRECTION('',(-7.457832966062E-1,4.710664892046E-1,-4.710664892047E-1));
#873=VECTOR('',#872,1.816226800781E-1);
#874=CARTESIAN_POINT('',(6.668143799724E1,-1.477111271653E1,3.43E1));
#875=LINE('',#874,#873);
#876=DIRECTION('',(-8.454656344990E-1,5.340298314525E-1,0.E0));
#877=VECTOR('',#876,3.204178988715E-1);
#878=CARTESIAN_POINT('',(6.668143799724E1,-1.477111271653E1,4.1E1));
#879=LINE('',#878,#877);
#880=DIRECTION('',(4.078094105136E-1,6.456359208937E-1,6.456359208937E-1));
#881=VECTOR('',#880,3.321432943799E-1);
#882=CARTESIAN_POINT('',(6.641053567507E1,-1.49E1,3.4E1));
#883=LINE('',#882,#881);
#884=DIRECTION('',(6.385228977704E-1,3.037902385248E-1,7.071067811865E-1));
#885=VECTOR('',#884,4.242640690930E-1);
#886=CARTESIAN_POINT('',(6.753793943595E1,-1.726963872084E1,3.399999999771E1));
#887=LINE('',#886,#885);
#888=DIRECTION('',(8.564381234701E-9,-7.071067811865E-1,7.071067811866E-1));
#889=VECTOR('',#888,4.242640690203E-1);
#890=CARTESIAN_POINT('',(6.600282625154E1,-1.969999999815E1,3.399999999815E1));
#891=LINE('',#890,#889);
#892=DIRECTION('',(-1.202414485605E-8,-7.071067811865E-1,7.071067811865E-1));
#893=VECTOR('',#892,4.242640692322E-1);
#894=CARTESIAN_POINT('',(4.241781220286E1,-1.969999999779E1,3.399999999779E1));
#895=LINE('',#894,#893);
#896=DIRECTION('',(-6.385228881996E-1,-3.037902586412E-1,7.071067811865E-1));
#897=VECTOR('',#896,4.242640690858E-1);
#898=CARTESIAN_POINT('',(3.997969125215E1,-1.815998550439E1,3.399999999841E1));
#899=LINE('',#898,#897);
#900=DIRECTION('',(7.509430725778E-1,-4.484061813161E-2,-6.588427890727E-1));
#901=VECTOR('',#900,4.553438316025E-1);
#902=CARTESIAN_POINT('',(3.838335703387E1,-1.550300774058E1,3.43E1));
#903=LINE('',#902,#901);
#904=DIRECTION('',(5.340298314525E-1,8.454656344990E-1,0.E0));
#905=VECTOR('',#904,1.068059662905E0);
#906=CARTESIAN_POINT('',(3.838335703387E1,-1.550300774058E1,3.43E1));
#907=LINE('',#906,#905);
#908=DIRECTION('',(-5.340298314525E-1,-8.454656344990E-1,0.E0));
#909=VECTOR('',#908,1.068059662905E0);
#910=CARTESIAN_POINT('',(3.895373275563E1,-1.46E1,4.1E1));
#911=LINE('',#910,#909);
#912=DIRECTION('',(-1.204368937582E-8,7.071067811865E-1,7.071067811865E-1));
#913=VECTOR('',#912,4.242640689195E-1);
#914=CARTESIAN_POINT('',(4.431999718288E1,3.019999999912E1,3.399999999912E1));
#915=LINE('',#914,#913);
#916=DIRECTION('',(-6.569638171273E-1,2.615311510804E-1,7.071067811866E-1));
#917=VECTOR('',#916,4.242640690127E-1);
#918=CARTESIAN_POINT('',(4.181146185524E1,2.849862438229E1,3.399999999872E1));
#919=LINE('',#918,#917);
#920=CARTESIAN_POINT('',(4.064923931632E1,5.351573881020E0,3.83E1));
#921=DIRECTION('',(0.E0,0.E0,-1.E0));
#922=DIRECTION('',(1.E0,0.E0,0.E0));
#923=AXIS2_PLACEMENT_3D('',#920,#921,#922);
#925=DIRECTION('',(-8.694279856394E-10,3.135268502996E-9,-1.E0));
#926=VECTOR('',#925,2.700000002347E0);
#927=CARTESIAN_POINT('',(4.409923931632E1,5.351573881020E0,4.1E1));
#928=LINE('',#927,#926);
#929=DIRECTION('',(7.071067811865E-1,-4.337549979721E-9,7.071067811866E-1));
#930=VECTOR('',#929,4.242640694336E-1);
#931=CARTESIAN_POINT('',(4.379923931347E1,5.351573891325E0,3.799999999714E1));
#932=LINE('',#931,#930);
#933=CARTESIAN_POINT('',(4.064923931632E1,5.351573881020E0,3.8E1));
#934=DIRECTION('',(0.E0,0.E0,-1.E0));
#935=DIRECTION('',(1.E0,0.E0,0.E0));
#936=AXIS2_PLACEMENT_3D('',#933,#934,#935);
#938=CARTESIAN_POINT('',(4.064923931632E1,5.351573881020E0,3.8E1));
#939=DIRECTION('',(0.E0,0.E0,-1.E0));
#940=DIRECTION('',(-1.E0,0.E0,0.E0));
#941=AXIS2_PLACEMENT_3D('',#938,#939,#940);
#943=DIRECTION('',(-7.071067811865E-1,4.337545792808E-9,7.071067811866E-1));
#944=VECTOR('',#943,4.242640694336E-1);
#945=CARTESIAN_POINT('',(3.749923931918E1,5.351573870714E0,3.799999999714E1));
#946=LINE('',#945,#944);
#947=CARTESIAN_POINT('',(4.064923931632E1,5.351573881020E0,3.83E1));
#948=DIRECTION('',(0.E0,0.E0,-1.E0));
#949=DIRECTION('',(-1.E0,0.E0,0.E0));
#950=AXIS2_PLACEMENT_3D('',#947,#948,#949);
#952=DIRECTION('',(8.694306172792E-10,-3.135268174041E-9,-1.E0));
#953=VECTOR('',#952,2.700000002347E0);
#954=CARTESIAN_POINT('',(3.719923931632E1,5.351573881020E0,4.1E1));
#955=LINE('',#954,#953);
#956=DIRECTION('',(0.E0,0.E0,1.E0));
#957=VECTOR('',#956,3.E-1);
#958=CARTESIAN_POINT('',(5.361753587131E1,1.203710347023E1,4.1E1));
#959=LINE('',#958,#957);
#960=DIRECTION('',(0.E0,0.E0,1.E0));
#961=VECTOR('',#960,3.E-1);
#962=CARTESIAN_POINT('',(5.236753587131E1,1.203710347023E1,4.1E1));
#963=LINE('',#962,#961);
#964=DIRECTION('',(0.E0,0.E0,1.E0));
#965=VECTOR('',#964,3.E-1);
#966=CARTESIAN_POINT('',(5.236753587131E1,3.313699211738E0,4.1E1));
#967=LINE('',#966,#965);
#968=DIRECTION('',(0.E0,0.E0,1.E0));
#969=VECTOR('',#968,3.E-1);
#970=CARTESIAN_POINT('',(4.611753587131E1,3.313699211738E0,4.1E1));
#971=LINE('',#970,#969);
#972=DIRECTION('',(0.E0,0.E0,1.E0));
#973=VECTOR('',#972,3.E-1);
#974=CARTESIAN_POINT('',(4.611753587131E1,2.037103470228E0,4.1E1));
#975=LINE('',#974,#973);
#976=DIRECTION('',(0.E0,0.E0,1.E0));
#977=VECTOR('',#976,3.E-1);
#978=CARTESIAN_POINT('',(5.361753587131E1,2.037103470228E0,4.1E1));
#979=LINE('',#978,#977);
#980=DIRECTION('',(0.E0,-1.E0,0.E0));
#981=VECTOR('',#980,1.E1);
#982=CARTESIAN_POINT('',(5.361753587131E1,1.203710347023E1,4.13E1));
#983=LINE('',#982,#981);
#984=DIRECTION('',(1.E0,0.E0,0.E0));
#985=VECTOR('',#984,1.25E0);
#986=CARTESIAN_POINT('',(5.236753587131E1,1.203710347023E1,4.13E1));
#987=LINE('',#986,#985);
#988=DIRECTION('',(0.E0,1.E0,0.E0));
#989=VECTOR('',#988,8.723404258490E0);
#990=CARTESIAN_POINT('',(5.236753587131E1,3.313699211738E0,4.13E1));
#991=LINE('',#990,#989);
#992=DIRECTION('',(1.E0,0.E0,0.E0));
#993=VECTOR('',#992,6.25E0);
#994=CARTESIAN_POINT('',(4.611753587131E1,3.313699211738E0,4.13E1));
#995=LINE('',#994,#993);
#996=DIRECTION('',(0.E0,1.E0,0.E0));
#997=VECTOR('',#996,1.276595741510E0);
#998=CARTESIAN_POINT('',(4.611753587131E1,2.037103470228E0,4.13E1));
#999=LINE('',#998,#997);
#1000=DIRECTION('',(-1.E0,0.E0,0.E0));
#1001=VECTOR('',#1000,7.5E0);
#1002=CARTESIAN_POINT('',(5.361753587131E1,2.037103470228E0,4.13E1));
#1003=LINE('',#1002,#1001);
#1004=CARTESIAN_POINT('',(5.54E1,1.75E1,4.21E1));
#1005=CARTESIAN_POINT('',(5.4E1,1.75E1,4.35E1));
#1006=VERTEX_POINT('',#1004);
#1007=VERTEX_POINT('',#1005);
#1008=CARTESIAN_POINT('',(5.86E1,1.75E1,4.21E1));
#1009=CARTESIAN_POINT('',(6.E1,1.75E1,4.35E1));
#1010=VERTEX_POINT('',#1008);
#1011=VERTEX_POINT('',#1009);
#1012=CARTESIAN_POINT('',(5.375E1,1.75E1,4.35E1));
#1013=CARTESIAN_POINT('',(6.025E1,1.75E1,4.35E1));
#1014=VERTEX_POINT('',#1012);
#1015=VERTEX_POINT('',#1013);
#1016=CARTESIAN_POINT('',(5.54E1,-6.5E0,4.21E1));
#1017=CARTESIAN_POINT('',(5.4E1,-6.5E0,4.35E1));
#1018=VERTEX_POINT('',#1016);
#1019=VERTEX_POINT('',#1017);
#1020=CARTESIAN_POINT('',(5.86E1,-6.5E0,4.21E1));
#1021=CARTESIAN_POINT('',(6.E1,-6.5E0,4.35E1));
#1022=VERTEX_POINT('',#1020);
#1023=VERTEX_POINT('',#1021);
#1024=CARTESIAN_POINT('',(5.375E1,-6.5E0,4.35E1));
#1025=CARTESIAN_POINT('',(6.025E1,-6.5E0,4.35E1));
#1026=VERTEX_POINT('',#1024);
#1027=VERTEX_POINT('',#1025);
#1028=CARTESIAN_POINT('',(5.375E1,1.75E1,4.75E1));
#1029=CARTESIAN_POINT('',(6.025E1,1.75E1,4.75E1));
#1030=VERTEX_POINT('',#1028);
#1031=VERTEX_POINT('',#1029);
#1032=CARTESIAN_POINT('',(5.54E1,1.75E1,4.1E1));
#1033=CARTESIAN_POINT('',(5.86E1,1.75E1,4.1E1));
#1034=VERTEX_POINT('',#1032);
#1035=VERTEX_POINT('',#1033);
#1036=CARTESIAN_POINT('',(5.375E1,-6.5E0,4.75E1));
#1037=CARTESIAN_POINT('',(6.025E1,-6.5E0,4.75E1));
#1038=VERTEX_POINT('',#1036);
#1039=VERTEX_POINT('',#1037);
#1040=CARTESIAN_POINT('',(5.54E1,-6.5E0,4.1E1));
#1041=CARTESIAN_POINT('',(5.86E1,-6.5E0,4.1E1));
#1042=VERTEX_POINT('',#1040);
#1043=VERTEX_POINT('',#1041);
#1044=CARTESIAN_POINT('',(4.409923931632E1,5.351573881020E0,4.1E1));
#1045=CARTESIAN_POINT('',(3.719923931632E1,5.351573881020E0,4.1E1));
#1046=VERTEX_POINT('',#1044);
#1047=VERTEX_POINT('',#1045);
#1048=CARTESIAN_POINT('',(3.895373275563E1,-1.46E1,4.1E1));
#1049=CARTESIAN_POINT('',(3.838335703387E1,-1.550300774058E1,4.1E1));
#1050=VERTEX_POINT('',#1048);
#1051=VERTEX_POINT('',#1049);
#1052=CARTESIAN_POINT('',(4.067910047108E1,2.646525879972E1,4.1E1));
#1053=CARTESIAN_POINT('',(4.126594898504E1,2.56E1,4.1E1));
#1054=VERTEX_POINT('',#1052);
#1055=VERTEX_POINT('',#1053);
#1056=CARTESIAN_POINT('',(5.361753587131E1,1.203710347023E1,4.13E1));
#1057=CARTESIAN_POINT('',(5.361753587131E1,2.037103470228E0,4.13E1));
#1058=VERTEX_POINT('',#1056);
#1059=VERTEX_POINT('',#1057);
#1060=CARTESIAN_POINT('',(4.611753587131E1,2.037103470228E0,4.13E1));
#1061=VERTEX_POINT('',#1060);
#1062=CARTESIAN_POINT('',(4.611753587131E1,3.313699211738E0,4.13E1));
#1063=VERTEX_POINT('',#1062);
#1064=CARTESIAN_POINT('',(5.236753587131E1,3.313699211738E0,4.13E1));
#1065=VERTEX_POINT('',#1064);
#1066=CARTESIAN_POINT('',(5.236753587131E1,1.203710347023E1,4.13E1));
#1067=VERTEX_POINT('',#1066);
#1068=CARTESIAN_POINT('',(5.361753587131E1,1.203710347023E1,4.1E1));
#1069=CARTESIAN_POINT('',(5.361753587131E1,2.037103470228E0,4.1E1));
#1070=VERTEX_POINT('',#1068);
#1071=VERTEX_POINT('',#1069);
#1072=CARTESIAN_POINT('',(4.611753587131E1,2.037103470228E0,4.1E1));
#1073=VERTEX_POINT('',#1072);
#1074=CARTESIAN_POINT('',(4.611753587131E1,3.313699211738E0,4.1E1));
#1075=VERTEX_POINT('',#1074);
#1076=CARTESIAN_POINT('',(5.236753587131E1,3.313699211738E0,4.1E1));
#1077=VERTEX_POINT('',#1076);
#1078=CARTESIAN_POINT('',(5.236753587131E1,1.203710347023E1,4.1E1));
#1079=VERTEX_POINT('',#1078);
#1080=CARTESIAN_POINT('',(3.109954305835E1,-1.934902528164E-1,4.1E1));
#1081=CARTESIAN_POINT('',(3.102130484644E1,2.204965251414E0,4.1E1));
#1082=VERTEX_POINT('',#1080);
#1083=VERTEX_POINT('',#1081);
#1084=CARTESIAN_POINT('',(5.262239850533E1,2.570375721762E0,4.55E1));
#1085=CARTESIAN_POINT('',(5.171939076474E1,4.E0,4.55E1));
#1086=VERTEX_POINT('',#1084);
#1087=VERTEX_POINT('',#1085);
#1088=CARTESIAN_POINT('',(4.389956355960E1,-1.196777268623E1,4.55E1));
#1089=CARTESIAN_POINT('',(4.570557904076E1,-1.196777268623E1,4.55E1));
#1090=VERTEX_POINT('',#1088);
#1091=VERTEX_POINT('',#1089);
#1092=CARTESIAN_POINT('',(3.788575183562E1,4.E0,4.55E1));
#1093=CARTESIAN_POINT('',(3.698274409504E1,2.570375721762E0,4.55E1));
#1094=VERTEX_POINT('',#1092);
#1095=VERTEX_POINT('',#1093);
#1096=CARTESIAN_POINT('',(4.909539245154E1,9.E0,4.55E1));
#1097=CARTESIAN_POINT('',(5.002447959608E1,1.036986088984E1,4.55E1));
#1098=VERTEX_POINT('',#1096);
#1099=VERTEX_POINT('',#1097);
#1100=CARTESIAN_POINT('',(3.911513717464E1,1.036986088984E1,4.55E1));
#1101=CARTESIAN_POINT('',(4.004422431919E1,9.E0,4.55E1));
#1102=VERTEX_POINT('',#1100);
#1103=VERTEX_POINT('',#1101);
#1104=CARTESIAN_POINT('',(4.549889552991E1,2.173808633073E1,4.55E1));
#1105=CARTESIAN_POINT('',(4.364072124081E1,2.173808633073E1,4.55E1));
#1106=VERTEX_POINT('',#1104);
#1107=VERTEX_POINT('',#1105);
#1108=CARTESIAN_POINT('',(5.952667153388E1,1.756505780444E0,4.1E1));
#1109=CARTESIAN_POINT('',(5.957883034182E1,1.575354442899E-1,4.1E1));
#1110=VERTEX_POINT('',#1108);
#1111=VERTEX_POINT('',#1109);
#1112=CARTESIAN_POINT('',(5.095356674063E1,1.073972177968E1,4.75E1));
#1113=CARTESIAN_POINT('',(4.909539245154E1,8.E0,4.75E1));
#1114=VERTEX_POINT('',#1112);
#1115=VERTEX_POINT('',#1113);
#1116=CARTESIAN_POINT('',(5.002447959608E1,1.036986088984E1,4.65E1));
#1117=CARTESIAN_POINT('',(4.909539245154E1,9.E0,4.65E1));
#1118=VERTEX_POINT('',#1116);
#1119=VERTEX_POINT('',#1117);
#1120=CARTESIAN_POINT('',(4.004422430916E1,8.000000001114E0,4.749999999889E1));
#1121=VERTEX_POINT('',#1120);
#1122=CARTESIAN_POINT('',(4.004422431543E1,9.000000000418E0,4.649999999958E1));
#1123=VERTEX_POINT('',#1122);
#1124=CARTESIAN_POINT('',(3.818605003009E1,1.073972177968E1,4.75E1));
#1125=VERTEX_POINT('',#1124);
#1126=CARTESIAN_POINT('',(3.911513717464E1,1.036986088984E1,4.65E1));
#1127=VERTEX_POINT('',#1126);
#1128=CARTESIAN_POINT('',(4.271163411365E1,2.210794725388E1,4.749999999617E1));
#1129=VERTEX_POINT('',#1128);
#1130=CARTESIAN_POINT('',(4.364072124733E1,2.173808634322E1,4.649999999856E1));
#1131=VERTEX_POINT('',#1130);
#1132=CARTESIAN_POINT('',(4.642798267446E1,2.210794722056E1,4.75E1));
#1133=VERTEX_POINT('',#1132);
#1134=CARTESIAN_POINT('',(4.549889552991E1,2.173808633073E1,4.65E1));
#1135=VERTEX_POINT('',#1134);
#1136=CARTESIAN_POINT('',(5.171939076474E1,5.E0,4.75E1));
#1137=CARTESIAN_POINT('',(5.352540624591E1,2.140751443525E0,4.75E1));
#1138=VERTEX_POINT('',#1136);
#1139=VERTEX_POINT('',#1137);
#1140=CARTESIAN_POINT('',(5.171939076474E1,4.E0,4.65E1));
#1141=CARTESIAN_POINT('',(5.262239850533E1,2.570375721762E0,4.65E1));
#1142=VERTEX_POINT('',#1140);
#1143=VERTEX_POINT('',#1141);
#1144=CARTESIAN_POINT('',(4.660858676505E1,-1.239739699243E1,4.749999999730E1));
#1145=VERTEX_POINT('',#1144);
#1146=CARTESIAN_POINT('',(4.570557903465E1,-1.196777269672E1,4.649999999899E1));
#1147=VERTEX_POINT('',#1146);
#1148=CARTESIAN_POINT('',(4.299655581902E1,-1.239739696447E1,4.75E1));
#1149=VERTEX_POINT('',#1148);
#1150=CARTESIAN_POINT('',(4.389956355960E1,-1.196777268623E1,4.65E1));
#1151=VERTEX_POINT('',#1150);
#1152=CARTESIAN_POINT('',(3.607973635291E1,2.140751447535E0,4.749999999968E1));
#1153=VERTEX_POINT('',#1152);
#1154=CARTESIAN_POINT('',(3.698274409446E1,2.570375723266E0,4.649999999988E1));
#1155=VERTEX_POINT('',#1154);
#1156=CARTESIAN_POINT('',(3.788575183562E1,5.E0,4.75E1));
#1157=VERTEX_POINT('',#1156);
#1158=CARTESIAN_POINT('',(3.788575183562E1,4.E0,4.65E1));
#1159=VERTEX_POINT('',#1158);
#1160=CARTESIAN_POINT('',(4.061179669109E1,-1.785924855648E1,4.75E1));
#1161=CARTESIAN_POINT('',(4.241781217225E1,-1.9E1,4.75E1));
#1162=VERTEX_POINT('',#1160);
#1163=VERTEX_POINT('',#1161);
#1164=CARTESIAN_POINT('',(3.970878895051E1,-1.828887283471E1,4.65E1));
#1165=CARTESIAN_POINT('',(4.241781217225E1,-2.E1,4.65E1));
#1166=VERTEX_POINT('',#1164);
#1167=VERTEX_POINT('',#1165);
#1168=CARTESIAN_POINT('',(6.600282627447E1,-1.899999999956E1,4.750000000044E1));
#1169=VERTEX_POINT('',#1168);
#1170=CARTESIAN_POINT('',(6.600282627049E1,-1.999999999933E1,4.650000000067E1));
#1171=VERTEX_POINT('',#1170);
#1172=CARTESIAN_POINT('',(6.690583402301E1,-1.757037572176E1,4.75E1));
#1173=VERTEX_POINT('',#1172);
#1174=CARTESIAN_POINT('',(6.780884176359E1,-1.714075144352E1,4.65E1));
#1175=VERTEX_POINT('',#1174);
#1176=CARTESIAN_POINT('',(5.867582262139E1,-2.720888669494E-1,
4.749999999598E1));
#1177=VERTEX_POINT('',#1176);
#1178=CARTESIAN_POINT('',(5.957883035189E1,1.575354277891E-1,4.649999999799E1));
#1179=VERTEX_POINT('',#1178);
#1180=CARTESIAN_POINT('',(5.859758438933E1,2.126366670283E0,4.75E1));
#1181=VERTEX_POINT('',#1180);
#1182=CARTESIAN_POINT('',(5.952667153388E1,1.756505780444E0,4.65E1));
#1183=VERTEX_POINT('',#1182);
#1184=CARTESIAN_POINT('',(6.894944262913E1,2.813013910871E1,4.750000000045E1));
#1185=VERTEX_POINT('',#1184);
#1186=CARTESIAN_POINT('',(6.987852977315E1,2.776027821815E1,4.650000000068E1));
#1187=VERTEX_POINT('',#1186);
#1188=CARTESIAN_POINT('',(6.802035548565E1,2.95E1,4.75E1));
#1189=VERTEX_POINT('',#1188);
#1190=CARTESIAN_POINT('',(6.802035548565E1,3.05E1,4.65E1));
#1191=VERTEX_POINT('',#1190);
#1192=CARTESIAN_POINT('',(4.431999716304E1,2.949999999969E1,4.750000000031E1));
#1193=VERTEX_POINT('',#1192);
#1194=CARTESIAN_POINT('',(4.431999716439E1,3.049999999966E1,4.650000000034E1));
#1195=VERTEX_POINT('',#1194);
#1196=CARTESIAN_POINT('',(4.246182286313E1,2.823972177968E1,4.75E1));
#1197=VERTEX_POINT('',#1196);
#1198=CARTESIAN_POINT('',(4.153273571858E1,2.860958266952E1,4.65E1));
#1199=VERTEX_POINT('',#1198);
#1200=CARTESIAN_POINT('',(3.195039199573E1,1.835104371855E0,4.750000000060E1));
#1201=VERTEX_POINT('',#1200);
#1202=CARTESIAN_POINT('',(3.102130485178E1,2.204965262979E0,4.650000000068E1));
#1203=VERTEX_POINT('',#1202);
#1204=CARTESIAN_POINT('',(3.200255079893E1,2.361340254213E-1,4.75E1));
#1205=VERTEX_POINT('',#1204);
#1206=CARTESIAN_POINT('',(3.109954305835E1,-1.934902528164E-1,4.65E1));
#1207=VERTEX_POINT('',#1206);
#1208=CARTESIAN_POINT('',(6.987852977181E1,2.776027821715E1,3.429999999844E1));
#1209=VERTEX_POINT('',#1208);
#1210=CARTESIAN_POINT('',(6.802035546515E1,3.049999999872E1,3.429999999872E1));
#1211=VERTEX_POINT('',#1210);
#1212=CARTESIAN_POINT('',(4.241781219776E1,-1.999999999816E1,3.429999999816E1));
#1213=VERTEX_POINT('',#1212);
#1214=CARTESIAN_POINT('',(3.970878893340E1,-1.828887279567E1,3.429999999868E1));
#1215=VERTEX_POINT('',#1214);
#1216=CARTESIAN_POINT('',(4.153273571299E1,2.860958265262E1,3.429999999894E1));
#1217=VERTEX_POINT('',#1216);
#1218=CARTESIAN_POINT('',(4.431999717777E1,3.049999999927E1,3.429999999927E1));
#1219=VERTEX_POINT('',#1218);
#1220=CARTESIAN_POINT('',(6.780884175877E1,-1.714075143809E1,3.429999999798E1));
#1221=VERTEX_POINT('',#1220);
#1222=CARTESIAN_POINT('',(6.600282625517E1,-1.999999999836E1,3.429999999836E1));
#1223=VERTEX_POINT('',#1222);
#1224=CARTESIAN_POINT('',(4.379923931632E1,5.351573881020E0,3.8E1));
#1225=CARTESIAN_POINT('',(3.749923931632E1,5.351573881020E0,3.8E1));
#1226=VERTEX_POINT('',#1224);
#1227=VERTEX_POINT('',#1225);
#1228=CARTESIAN_POINT('',(4.409923931632E1,5.351573881020E0,3.83E1));
#1229=CARTESIAN_POINT('',(3.719923931632E1,5.351573881020E0,3.83E1));
#1230=VERTEX_POINT('',#1228);
#1231=VERTEX_POINT('',#1229);
#1232=CARTESIAN_POINT('',(3.872529432986E1,-1.552342563945E1,3.4E1));
#1233=CARTESIAN_POINT('',(3.911907484035E1,-1.49E1,3.4E1));
#1234=VERTEX_POINT('',#1232);
#1235=VERTEX_POINT('',#1233);
#1236=CARTESIAN_POINT('',(3.838335703387E1,-1.550300774058E1,3.43E1));
#1237=CARTESIAN_POINT('',(3.895373275563E1,-1.46E1,3.43E1));
#1238=VERTEX_POINT('',#1236);
#1239=VERTEX_POINT('',#1237);
#1240=CARTESIAN_POINT('',(6.641053567507E1,-1.46E1,3.43E1));
#1241=VERTEX_POINT('',#1240);
#1242=CARTESIAN_POINT('',(6.641053567507E1,-1.49E1,3.4E1));
#1243=VERTEX_POINT('',#1242);
#1244=CARTESIAN_POINT('',(6.641053567507E1,-1.46E1,4.1E1));
#1245=VERTEX_POINT('',#1244);
#1246=CARTESIAN_POINT('',(6.668143799724E1,-1.477111271653E1,4.1E1));
#1247=CARTESIAN_POINT('',(6.668143799724E1,-1.477111271653E1,3.43E1));
#1248=VERTEX_POINT('',#1246);
#1249=VERTEX_POINT('',#1247);
#1250=CARTESIAN_POINT('',(3.997969125215E1,-1.815998550439E1,3.399999999841E1));
#1251=VERTEX_POINT('',#1250);
#1252=CARTESIAN_POINT('',(4.241781217225E1,-1.97E1,3.4E1));
#1253=VERTEX_POINT('',#1252);
#1254=CARTESIAN_POINT('',(6.600282625154E1,-1.969999999815E1,3.399999999815E1));
#1255=VERTEX_POINT('',#1254);
#1256=CARTESIAN_POINT('',(6.753793944141E1,-1.726963872700E1,3.4E1));
#1257=VERTEX_POINT('',#1256);
#1258=CARTESIAN_POINT('',(6.909379899298E1,2.578904173305E1,3.43E1));
#1259=CARTESIAN_POINT('',(6.909379899298E1,2.578904173305E1,4.1E1));
#1260=VERTEX_POINT('',#1258);
#1261=VERTEX_POINT('',#1259);
#1262=CARTESIAN_POINT('',(6.881507284962E1,2.56E1,3.43E1));
#1263=CARTESIAN_POINT('',(6.881507284962E1,2.56E1,4.1E1));
#1264=VERTEX_POINT('',#1262);
#1265=VERTEX_POINT('',#1263);
#1266=CARTESIAN_POINT('',(4.126594898504E1,2.56E1,3.43E1));
#1267=CARTESIAN_POINT('',(4.067910047108E1,2.646525879972E1,3.43E1));
#1268=VERTEX_POINT('',#1266);
#1269=VERTEX_POINT('',#1267);
#1270=CARTESIAN_POINT('',(4.142497024513E1,2.59E1,3.4E1));
#1271=CARTESIAN_POINT('',(4.101664235920E1,2.650204514124E1,3.4E1));
#1272=VERTEX_POINT('',#1270);
#1273=VERTEX_POINT('',#1271);
#1274=CARTESIAN_POINT('',(4.181146185524E1,2.849862438229E1,3.399999999872E1));
#1275=VERTEX_POINT('',#1274);
#1276=CARTESIAN_POINT('',(4.431999715223E1,3.02E1,3.4E1));
#1277=VERTEX_POINT('',#1276);
#1278=CARTESIAN_POINT('',(6.802035546242E1,3.019999999855E1,3.399999999855E1));
#1279=VERTEX_POINT('',#1278);
#1280=CARTESIAN_POINT('',(6.959980363138E1,2.787123648727E1,3.4E1));
#1281=VERTEX_POINT('',#1280);
#1282=CARTESIAN_POINT('',(6.881507284962E1,2.59E1,3.4E1));
#1283=VERTEX_POINT('',#1282);
#1284=CARTESIAN_POINT('',(6.654598683616E1,-1.468555635826E1,3.421444364174E1));
#1285=VERTEX_POINT('',#1284);
#1286=CARTESIAN_POINT('',(6.895443592130E1,2.569452086652E1,3.420547913348E1));
#1287=VERTEX_POINT('',#1286);
#1288=CARTESIAN_POINT('',(0.E0,-1.568466388008E-14,4.1E1));
#1289=DIRECTION('',(0.E0,0.E0,1.E0));
#1290=DIRECTION('',(1.E0,0.E0,0.E0));
#1291=AXIS2_PLACEMENT_3D('',#1288,#1289,#1290);
#1292=PLANE('',#1291);
#1294=ORIENTED_EDGE('',*,*,#1293,.T.);
#1296=ORIENTED_EDGE('',*,*,#1295,.F.);
#1298=ORIENTED_EDGE('',*,*,#1297,.T.);
#1300=ORIENTED_EDGE('',*,*,#1299,.F.);
#1302=ORIENTED_EDGE('',*,*,#1301,.T.);
#1304=ORIENTED_EDGE('',*,*,#1303,.F.);
#1306=ORIENTED_EDGE('',*,*,#1305,.T.);
#1308=ORIENTED_EDGE('',*,*,#1307,.F.);
#1310=ORIENTED_EDGE('',*,*,#1309,.F.);
#1312=ORIENTED_EDGE('',*,*,#1311,.F.);
#1314=ORIENTED_EDGE('',*,*,#1313,.T.);
#1316=ORIENTED_EDGE('',*,*,#1315,.F.);
#1317=EDGE_LOOP('',(#1294,#1296,#1298,#1300,#1302,#1304,#1306,#1308,#1310,#1312,
#1314,#1316));
#1318=FACE_OUTER_BOUND('',#1317,.F.);
#1320=ORIENTED_EDGE('',*,*,#1319,.F.);
#1322=ORIENTED_EDGE('',*,*,#1321,.F.);
#1323=EDGE_LOOP('',(#1320,#1322));
#1324=FACE_BOUND('',#1323,.F.);
#1326=ORIENTED_EDGE('',*,*,#1325,.T.);
#1328=ORIENTED_EDGE('',*,*,#1327,.T.);
#1329=EDGE_LOOP('',(#1326,#1328));
#1330=FACE_BOUND('',#1329,.F.);
#1332=ORIENTED_EDGE('',*,*,#1331,.F.);
#1334=ORIENTED_EDGE('',*,*,#1333,.F.);
#1335=EDGE_LOOP('',(#1332,#1334));
#1336=FACE_BOUND('',#1335,.F.);
#1338=ORIENTED_EDGE('',*,*,#1337,.T.);
#1340=ORIENTED_EDGE('',*,*,#1339,.T.);
#1342=ORIENTED_EDGE('',*,*,#1341,.T.);
#1344=ORIENTED_EDGE('',*,*,#1343,.T.);
#1346=ORIENTED_EDGE('',*,*,#1345,.T.);
#1348=ORIENTED_EDGE('',*,*,#1347,.T.);
#1349=EDGE_LOOP('',(#1338,#1340,#1342,#1344,#1346,#1348));
#1350=FACE_BOUND('',#1349,.F.);
#1351=ADVANCED_FACE('',(#1318,#1324,#1330,#1336,#1350),#1292,.F.);
#1352=CARTESIAN_POINT('',(5.7E1,1.75E1,2.934405416003E1));
#1353=DIRECTION('',(0.E0,0.E0,1.E0));
#1354=DIRECTION('',(-1.E0,0.E0,0.E0));
#1355=AXIS2_PLACEMENT_3D('',#1352,#1353,#1354);
#1356=CYLINDRICAL_SURFACE('',#1355,1.6E0);
#1357=ORIENTED_EDGE('',*,*,#1331,.T.);
#1359=ORIENTED_EDGE('',*,*,#1358,.T.);
#1361=ORIENTED_EDGE('',*,*,#1360,.F.);
#1363=ORIENTED_EDGE('',*,*,#1362,.F.);
#1364=EDGE_LOOP('',(#1357,#1359,#1361,#1363));
#1365=FACE_OUTER_BOUND('',#1364,.F.);
#1366=ADVANCED_FACE('',(#1365),#1356,.F.);
#1367=CARTESIAN_POINT('',(5.7E1,1.75E1,2.934405416003E1));
#1368=DIRECTION('',(0.E0,0.E0,1.E0));
#1369=DIRECTION('',(-1.E0,0.E0,0.E0));
#1370=AXIS2_PLACEMENT_3D('',#1367,#1368,#1369);
#1371=CYLINDRICAL_SURFACE('',#1370,1.6E0);
#1372=ORIENTED_EDGE('',*,*,#1333,.T.);
#1373=ORIENTED_EDGE('',*,*,#1362,.T.);
#1375=ORIENTED_EDGE('',*,*,#1374,.T.);
#1376=ORIENTED_EDGE('',*,*,#1358,.F.);
#1377=EDGE_LOOP('',(#1372,#1373,#1375,#1376));
#1378=FACE_OUTER_BOUND('',#1377,.F.);
#1379=ADVANCED_FACE('',(#1378),#1371,.F.);
#1380=CARTESIAN_POINT('',(5.7E1,1.75E1,4.28E1));
#1381=DIRECTION('',(0.E0,0.E0,1.E0));
#1382=DIRECTION('',(-1.E0,0.E0,0.E0));
#1383=AXIS2_PLACEMENT_3D('',#1380,#1381,#1382);
#1384=CONICAL_SURFACE('',#1383,2.3E0,4.5E1);
#1386=ORIENTED_EDGE('',*,*,#1385,.T.);
#1388=ORIENTED_EDGE('',*,*,#1387,.T.);
#1390=ORIENTED_EDGE('',*,*,#1389,.F.);
#1391=ORIENTED_EDGE('',*,*,#1374,.F.);
#1392=EDGE_LOOP('',(#1386,#1388,#1390,#1391));
#1393=FACE_OUTER_BOUND('',#1392,.F.);
#1394=ADVANCED_FACE('',(#1393),#1384,.F.);
#1395=CARTESIAN_POINT('',(5.7E1,1.75E1,4.28E1));
#1396=DIRECTION('',(0.E0,0.E0,1.E0));
#1397=DIRECTION('',(-1.E0,0.E0,0.E0));
#1398=AXIS2_PLACEMENT_3D('',#1395,#1396,#1397);
#1399=CONICAL_SURFACE('',#1398,2.3E0,4.5E1);
#1400=ORIENTED_EDGE('',*,*,#1385,.F.);
#1401=ORIENTED_EDGE('',*,*,#1360,.T.);
#1402=ORIENTED_EDGE('',*,*,#1389,.T.);
#1404=ORIENTED_EDGE('',*,*,#1403,.F.);
#1405=EDGE_LOOP('',(#1400,#1401,#1402,#1404));
#1406=FACE_OUTER_BOUND('',#1405,.F.);
#1407=ADVANCED_FACE('',(#1406),#1399,.F.);
#1408=CARTESIAN_POINT('',(5.7E1,1.75E1,4.35E1));
#1409=DIRECTION('',(0.E0,0.E0,1.E0));
#1410=DIRECTION('',(-1.E0,0.E0,0.E0));
#1411=AXIS2_PLACEMENT_3D('',#1408,#1409,#1410);
#1412=PLANE('',#1411);
#1414=ORIENTED_EDGE('',*,*,#1413,.F.);
#1416=ORIENTED_EDGE('',*,*,#1415,.T.);
#1417=EDGE_LOOP('',(#1414,#1416));
#1418=FACE_OUTER_BOUND('',#1417,.F.);
#1419=ORIENTED_EDGE('',*,*,#1387,.F.);
#1420=ORIENTED_EDGE('',*,*,#1403,.T.);
#1421=EDGE_LOOP('',(#1419,#1420));
#1422=FACE_BOUND('',#1421,.F.);
#1423=ADVANCED_FACE('',(#1418,#1422),#1412,.T.);
#1424=CARTESIAN_POINT('',(5.7E1,1.75E1,2.934405416003E1));
#1425=DIRECTION('',(0.E0,0.E0,1.E0));
#1426=DIRECTION('',(-1.E0,0.E0,0.E0));
#1427=AXIS2_PLACEMENT_3D('',#1424,#1425,#1426);
#1428=CYLINDRICAL_SURFACE('',#1427,3.25E0);
#1430=ORIENTED_EDGE('',*,*,#1429,.F.);
#1432=ORIENTED_EDGE('',*,*,#1431,.F.);
#1433=ORIENTED_EDGE('',*,*,#1413,.T.);
#1435=ORIENTED_EDGE('',*,*,#1434,.T.);
#1436=EDGE_LOOP('',(#1430,#1432,#1433,#1435));
#1437=FACE_OUTER_BOUND('',#1436,.F.);
#1438=ADVANCED_FACE('',(#1437),#1428,.F.);
#1439=CARTESIAN_POINT('',(0.E0,0.E0,4.75E1));
#1440=DIRECTION('',(0.E0,0.E0,1.E0));
#1441=DIRECTION('',(1.E0,0.E0,0.E0));
#1442=AXIS2_PLACEMENT_3D('',#1439,#1440,#1441);
#1443=PLANE('',#1442);
#1445=ORIENTED_EDGE('',*,*,#1444,.F.);
#1447=ORIENTED_EDGE('',*,*,#1446,.F.);
#1449=ORIENTED_EDGE('',*,*,#1448,.F.);
#1451=ORIENTED_EDGE('',*,*,#1450,.F.);
#1453=ORIENTED_EDGE('',*,*,#1452,.F.);
#1455=ORIENTED_EDGE('',*,*,#1454,.F.);
#1457=ORIENTED_EDGE('',*,*,#1456,.F.);
#1459=ORIENTED_EDGE('',*,*,#1458,.F.);
#1461=ORIENTED_EDGE('',*,*,#1460,.F.);
#1463=ORIENTED_EDGE('',*,*,#1462,.F.);
#1465=ORIENTED_EDGE('',*,*,#1464,.F.);
#1467=ORIENTED_EDGE('',*,*,#1466,.F.);
#1468=EDGE_LOOP('',(#1445,#1447,#1449,#1451,#1453,#1455,#1457,#1459,#1461,#1463,
#1465,#1467));
#1469=FACE_OUTER_BOUND('',#1468,.F.);
#1471=ORIENTED_EDGE('',*,*,#1470,.T.);
#1473=ORIENTED_EDGE('',*,*,#1472,.T.);
#1474=EDGE_LOOP('',(#1471,#1473));
#1475=FACE_BOUND('',#1474,.F.);
#1477=ORIENTED_EDGE('',*,*,#1476,.F.);
#1479=ORIENTED_EDGE('',*,*,#1478,.F.);
#1481=ORIENTED_EDGE('',*,*,#1480,.F.);
#1483=ORIENTED_EDGE('',*,*,#1482,.F.);
#1485=ORIENTED_EDGE('',*,*,#1484,.F.);
#1487=ORIENTED_EDGE('',*,*,#1486,.F.);
#1488=EDGE_LOOP('',(#1477,#1479,#1481,#1483,#1485,#1487));
#1489=FACE_BOUND('',#1488,.F.);
#1491=ORIENTED_EDGE('',*,*,#1490,.F.);
#1493=ORIENTED_EDGE('',*,*,#1492,.F.);
#1495=ORIENTED_EDGE('',*,*,#1494,.F.);
#1497=ORIENTED_EDGE('',*,*,#1496,.F.);
#1499=ORIENTED_EDGE('',*,*,#1498,.F.);
#1501=ORIENTED_EDGE('',*,*,#1500,.F.);
#1502=EDGE_LOOP('',(#1491,#1493,#1495,#1497,#1499,#1501));
#1503=FACE_BOUND('',#1502,.F.);
#1504=ORIENTED_EDGE('',*,*,#1429,.T.);
#1506=ORIENTED_EDGE('',*,*,#1505,.T.);
#1507=EDGE_LOOP('',(#1504,#1506));
#1508=FACE_BOUND('',#1507,.F.);
#1509=ADVANCED_FACE('',(#1469,#1475,#1489,#1503,#1508),#1443,.T.);
#1510=CARTESIAN_POINT('',(5.7E1,1.75E1,2.934405416003E1));
#1511=DIRECTION('',(0.E0,0.E0,1.E0));
#1512=DIRECTION('',(-1.E0,0.E0,0.E0));
#1513=AXIS2_PLACEMENT_3D('',#1510,#1511,#1512);
#1514=CYLINDRICAL_SURFACE('',#1513,3.25E0);
#1515=ORIENTED_EDGE('',*,*,#1505,.F.);
#1516=ORIENTED_EDGE('',*,*,#1434,.F.);
#1517=ORIENTED_EDGE('',*,*,#1415,.F.);
#1518=ORIENTED_EDGE('',*,*,#1431,.T.);
#1519=EDGE_LOOP('',(#1515,#1516,#1517,#1518));
#1520=FACE_OUTER_BOUND('',#1519,.F.);
#1521=ADVANCED_FACE('',(#1520),#1514,.F.);
#1522=CARTESIAN_POINT('',(5.7E1,-6.5E0,2.934405416003E1));
#1523=DIRECTION('',(0.E0,0.E0,1.E0));
#1524=DIRECTION('',(-1.E0,0.E0,0.E0));
#1525=AXIS2_PLACEMENT_3D('',#1522,#1523,#1524);
#1526=CYLINDRICAL_SURFACE('',#1525,3.25E0);
#1527=ORIENTED_EDGE('',*,*,#1470,.F.);
#1529=ORIENTED_EDGE('',*,*,#1528,.F.);
#1531=ORIENTED_EDGE('',*,*,#1530,.T.);
#1533=ORIENTED_EDGE('',*,*,#1532,.T.);
#1534=EDGE_LOOP('',(#1527,#1529,#1531,#1533));
#1535=FACE_OUTER_BOUND('',#1534,.F.);
#1536=ADVANCED_FACE('',(#1535),#1526,.F.);
#1537=CARTESIAN_POINT('',(5.7E1,-6.5E0,2.934405416003E1));
#1538=DIRECTION('',(0.E0,0.E0,1.E0));
#1539=DIRECTION('',(-1.E0,0.E0,0.E0));
#1540=AXIS2_PLACEMENT_3D('',#1537,#1538,#1539);
#1541=CYLINDRICAL_SURFACE('',#1540,3.25E0);
#1542=ORIENTED_EDGE('',*,*,#1472,.F.);
#1543=ORIENTED_EDGE('',*,*,#1532,.F.);
#1545=ORIENTED_EDGE('',*,*,#1544,.F.);
#1546=ORIENTED_EDGE('',*,*,#1528,.T.);
#1547=EDGE_LOOP('',(#1542,#1543,#1545,#1546));
#1548=FACE_OUTER_BOUND('',#1547,.F.);
#1549=ADVANCED_FACE('',(#1548),#1541,.F.);
#1550=CARTESIAN_POINT('',(5.7E1,-6.5E0,4.35E1));
#1551=DIRECTION('',(0.E0,0.E0,1.E0));
#1552=DIRECTION('',(-1.E0,0.E0,0.E0));
#1553=AXIS2_PLACEMENT_3D('',#1550,#1551,#1552);
#1554=PLANE('',#1553);
#1555=ORIENTED_EDGE('',*,*,#1530,.F.);
#1556=ORIENTED_EDGE('',*,*,#1544,.T.);
#1557=EDGE_LOOP('',(#1555,#1556));
#1558=FACE_OUTER_BOUND('',#1557,.F.);
#1560=ORIENTED_EDGE('',*,*,#1559,.F.);
#1562=ORIENTED_EDGE('',*,*,#1561,.T.);
#1563=EDGE_LOOP('',(#1560,#1562));
#1564=FACE_BOUND('',#1563,.F.);
#1565=ADVANCED_FACE('',(#1558,#1564),#1554,.T.);
#1566=CARTESIAN_POINT('',(5.7E1,-6.5E0,4.28E1));
#1567=DIRECTION('',(0.E0,0.E0,1.E0));
#1568=DIRECTION('',(-1.E0,0.E0,0.E0));
#1569=AXIS2_PLACEMENT_3D('',#1566,#1567,#1568);
#1570=CONICAL_SURFACE('',#1569,2.3E0,4.5E1);
#1572=ORIENTED_EDGE('',*,*,#1571,.T.);
#1573=ORIENTED_EDGE('',*,*,#1559,.T.);
#1575=ORIENTED_EDGE('',*,*,#1574,.F.);
#1577=ORIENTED_EDGE('',*,*,#1576,.F.);
#1578=EDGE_LOOP('',(#1572,#1573,#1575,#1577));
#1579=FACE_OUTER_BOUND('',#1578,.F.);
#1580=ADVANCED_FACE('',(#1579),#1570,.F.);
#1581=CARTESIAN_POINT('',(5.7E1,-6.5E0,4.28E1));
#1582=DIRECTION('',(0.E0,0.E0,1.E0));
#1583=DIRECTION('',(-1.E0,0.E0,0.E0));
#1584=AXIS2_PLACEMENT_3D('',#1581,#1582,#1583);
#1585=CONICAL_SURFACE('',#1584,2.3E0,4.5E1);
#1586=ORIENTED_EDGE('',*,*,#1571,.F.);
#1588=ORIENTED_EDGE('',*,*,#1587,.T.);
#1589=ORIENTED_EDGE('',*,*,#1574,.T.);
#1590=ORIENTED_EDGE('',*,*,#1561,.F.);
#1591=EDGE_LOOP('',(#1586,#1588,#1589,#1590));
#1592=FACE_OUTER_BOUND('',#1591,.F.);
#1593=ADVANCED_FACE('',(#1592),#1585,.F.);
#1594=CARTESIAN_POINT('',(5.7E1,-6.5E0,2.934405416003E1));
#1595=DIRECTION('',(0.E0,0.E0,1.E0));
#1596=DIRECTION('',(-1.E0,0.E0,0.E0));
#1597=AXIS2_PLACEMENT_3D('',#1594,#1595,#1596);
#1598=CYLINDRICAL_SURFACE('',#1597,1.6E0);
#1599=ORIENTED_EDGE('',*,*,#1319,.T.);
#1601=ORIENTED_EDGE('',*,*,#1600,.T.);
#1602=ORIENTED_EDGE('',*,*,#1587,.F.);
#1604=ORIENTED_EDGE('',*,*,#1603,.F.);
#1605=EDGE_LOOP('',(#1599,#1601,#1602,#1604));
#1606=FACE_OUTER_BOUND('',#1605,.F.);
#1607=ADVANCED_FACE('',(#1606),#1598,.F.);
#1608=CARTESIAN_POINT('',(5.7E1,-6.5E0,2.934405416003E1));
#1609=DIRECTION('',(0.E0,0.E0,1.E0));
#1610=DIRECTION('',(-1.E0,0.E0,0.E0));
#1611=AXIS2_PLACEMENT_3D('',#1608,#1609,#1610);
#1612=CYLINDRICAL_SURFACE('',#1611,1.6E0);
#1613=ORIENTED_EDGE('',*,*,#1321,.T.);
#1614=ORIENTED_EDGE('',*,*,#1603,.T.);
#1615=ORIENTED_EDGE('',*,*,#1576,.T.);
#1616=ORIENTED_EDGE('',*,*,#1600,.F.);
#1617=EDGE_LOOP('',(#1613,#1614,#1615,#1616));
#1618=FACE_OUTER_BOUND('',#1617,.F.);
#1619=ADVANCED_FACE('',(#1618),#1612,.F.);
#1620=CARTESIAN_POINT('',(4.909539245154E1,1.E1,4.699999999634E1));
#1621=DIRECTION('',(0.E0,0.E0,1.E0));
#1622=DIRECTION('',(0.E0,-1.E0,0.E0));
#1623=AXIS2_PLACEMENT_3D('',#1620,#1621,#1622);
#1624=CONICAL_SURFACE('',#1623,1.499999996339E0,4.5E1);
#1625=ORIENTED_EDGE('',*,*,#1476,.T.);
#1627=ORIENTED_EDGE('',*,*,#1626,.T.);
#1629=ORIENTED_EDGE('',*,*,#1628,.F.);
#1631=ORIENTED_EDGE('',*,*,#1630,.F.);
#1632=EDGE_LOOP('',(#1625,#1627,#1629,#1631));
#1633=FACE_OUTER_BOUND('',#1632,.F.);
#1634=ADVANCED_FACE('',(#1633),#1624,.F.);
#1635=CARTESIAN_POINT('',(4.456980838536E1,8.5E0,4.7E1));
#1636=DIRECTION('',(0.E0,7.071067811865E-1,7.071067811865E-1));
#1637=DIRECTION('',(0.E0,7.071067811865E-1,-7.071067811865E-1));
#1638=AXIS2_PLACEMENT_3D('',#1635,#1636,#1637);
#1639=PLANE('',#1638);
#1640=ORIENTED_EDGE('',*,*,#1486,.T.);
#1642=ORIENTED_EDGE('',*,*,#1641,.T.);
#1644=ORIENTED_EDGE('',*,*,#1643,.F.);
#1645=ORIENTED_EDGE('',*,*,#1626,.F.);
#1646=EDGE_LOOP('',(#1640,#1642,#1644,#1645));
#1647=FACE_OUTER_BOUND('',#1646,.F.);
#1648=ADVANCED_FACE('',(#1647),#1639,.T.);
#1649=CARTESIAN_POINT('',(4.004422431919E1,1.E1,4.699999999933E1));
#1650=DIRECTION('',(0.E0,0.E0,1.E0));
#1651=DIRECTION('',(0.E0,-1.E0,0.E0));
#1652=AXIS2_PLACEMENT_3D('',#1649,#1650,#1651);
#1653=CONICAL_SURFACE('',#1652,1.499999999325E0,4.5E1);
#1654=ORIENTED_EDGE('',*,*,#1484,.T.);
#1656=ORIENTED_EDGE('',*,*,#1655,.T.);
#1658=ORIENTED_EDGE('',*,*,#1657,.F.);
#1659=ORIENTED_EDGE('',*,*,#1641,.F.);
#1660=EDGE_LOOP('',(#1654,#1656,#1658,#1659));
#1661=FACE_OUTER_BOUND('',#1660,.F.);
#1662=ADVANCED_FACE('',(#1661),#1653,.F.);
#1663=CARTESIAN_POINT('',(4.091338563545E1,1.623890405520E1,4.7E1));
#1664=DIRECTION('',(6.569638202243E-1,-2.615311433010E-1,7.071067811865E-1));
#1665=DIRECTION('',(6.569638202243E-1,-2.615311433010E-1,-7.071067811865E-1));
#1666=AXIS2_PLACEMENT_3D('',#1663,#1664,#1665);
#1667=PLANE('',#1666);
#1668=ORIENTED_EDGE('',*,*,#1482,.T.);
#1670=ORIENTED_EDGE('',*,*,#1669,.T.);
#1672=ORIENTED_EDGE('',*,*,#1671,.F.);
#1673=ORIENTED_EDGE('',*,*,#1655,.F.);
#1674=EDGE_LOOP('',(#1668,#1670,#1672,#1673));
#1675=FACE_OUTER_BOUND('',#1674,.F.);
#1676=ADVANCED_FACE('',(#1675),#1667,.T.);
#1677=CARTESIAN_POINT('',(4.456980838536E1,2.136822544089E1,4.699999999768E1));
#1678=DIRECTION('',(0.E0,0.E0,1.E0));
#1679=DIRECTION('',(0.E0,-1.E0,0.E0));
#1680=AXIS2_PLACEMENT_3D('',#1677,#1678,#1679);
#1681=CONICAL_SURFACE('',#1680,1.499999997679E0,4.5E1);
#1682=ORIENTED_EDGE('',*,*,#1480,.T.);
#1684=ORIENTED_EDGE('',*,*,#1683,.T.);
#1686=ORIENTED_EDGE('',*,*,#1685,.F.);
#1687=ORIENTED_EDGE('',*,*,#1669,.F.);
#1688=EDGE_LOOP('',(#1682,#1684,#1686,#1687));
#1689=FACE_OUTER_BOUND('',#1688,.F.);
#1690=ADVANCED_FACE('',(#1689),#1681,.F.);
#1691=CARTESIAN_POINT('',(4.822623113527E1,1.623890405520E1,4.7E1));
#1692=DIRECTION('',(-6.569638202243E-1,-2.615311433010E-1,7.071067811865E-1));
#1693=DIRECTION('',(-6.569638202243E-1,-2.615311433010E-1,-7.071067811865E-1));
#1694=AXIS2_PLACEMENT_3D('',#1691,#1692,#1693);
#1695=PLANE('',#1694);
#1696=ORIENTED_EDGE('',*,*,#1478,.T.);
#1697=ORIENTED_EDGE('',*,*,#1630,.T.);
#1699=ORIENTED_EDGE('',*,*,#1698,.F.);
#1700=ORIENTED_EDGE('',*,*,#1683,.F.);
#1701=EDGE_LOOP('',(#1696,#1697,#1699,#1700));
#1702=FACE_OUTER_BOUND('',#1701,.F.);
#1703=ADVANCED_FACE('',(#1702),#1695,.T.);
#1704=CARTESIAN_POINT('',(5.056980838536E1,9.E0,4.75E1));
#1705=DIRECTION('',(9.290871445496E-1,3.698608898392E-1,0.E0));
#1706=DIRECTION('',(-3.698608898392E-1,9.290871445496E-1,0.E0));
#1707=AXIS2_PLACEMENT_3D('',#1704,#1705,#1706);
#1708=PLANE('',#1707);
#1709=ORIENTED_EDGE('',*,*,#1698,.T.);
#1711=ORIENTED_EDGE('',*,*,#1710,.T.);
#1713=ORIENTED_EDGE('',*,*,#1712,.T.);
#1715=ORIENTED_EDGE('',*,*,#1714,.F.);
#1716=EDGE_LOOP('',(#1709,#1711,#1713,#1715));
#1717=FACE_OUTER_BOUND('',#1716,.F.);
#1718=ADVANCED_FACE('',(#1717),#1708,.F.);
#1719=CARTESIAN_POINT('',(4.909539245154E1,1.E1,6.50986E1));
#1720=DIRECTION('',(0.E0,0.E0,-1.E0));
#1721=DIRECTION('',(9.290871445496E-1,3.698608898392E-1,0.E0));
#1722=AXIS2_PLACEMENT_3D('',#1719,#1720,#1721);
#1723=CYLINDRICAL_SURFACE('',#1722,1.E0);
#1724=ORIENTED_EDGE('',*,*,#1628,.T.);
#1726=ORIENTED_EDGE('',*,*,#1725,.T.);
#1728=ORIENTED_EDGE('',*,*,#1727,.T.);
#1729=ORIENTED_EDGE('',*,*,#1710,.F.);
#1730=EDGE_LOOP('',(#1724,#1726,#1728,#1729));
#1731=FACE_OUTER_BOUND('',#1730,.F.);
#1732=ADVANCED_FACE('',(#1731),#1723,.F.);
#1733=CARTESIAN_POINT('',(3.856980838536E1,9.E0,4.75E1));
#1734=DIRECTION('',(0.E0,-1.E0,0.E0));
#1735=DIRECTION('',(1.E0,0.E0,0.E0));
#1736=AXIS2_PLACEMENT_3D('',#1733,#1734,#1735);
#1737=PLANE('',#1736);
#1738=ORIENTED_EDGE('',*,*,#1643,.T.);
#1740=ORIENTED_EDGE('',*,*,#1739,.T.);
#1742=ORIENTED_EDGE('',*,*,#1741,.T.);
#1743=ORIENTED_EDGE('',*,*,#1725,.F.);
#1744=EDGE_LOOP('',(#1738,#1740,#1742,#1743));
#1745=FACE_OUTER_BOUND('',#1744,.F.);
#1746=ADVANCED_FACE('',(#1745),#1737,.F.);
#1747=CARTESIAN_POINT('',(4.004422431919E1,1.E1,6.50986E1));
#1748=DIRECTION('',(0.E0,0.E0,-1.E0));
#1749=DIRECTION('',(0.E0,-1.E0,0.E0));
#1750=AXIS2_PLACEMENT_3D('',#1747,#1748,#1749);
#1751=CYLINDRICAL_SURFACE('',#1750,1.E0);
#1752=ORIENTED_EDGE('',*,*,#1657,.T.);
#1754=ORIENTED_EDGE('',*,*,#1753,.T.);
#1756=ORIENTED_EDGE('',*,*,#1755,.T.);
#1757=ORIENTED_EDGE('',*,*,#1739,.F.);
#1758=EDGE_LOOP('',(#1752,#1754,#1756,#1757));
#1759=FACE_OUTER_BOUND('',#1758,.F.);
#1760=ADVANCED_FACE('',(#1759),#1751,.F.);
#1761=CARTESIAN_POINT('',(4.456980838536E1,2.407194467012E1,4.75E1));
#1762=DIRECTION('',(-9.290871445496E-1,3.698608898392E-1,0.E0));
#1763=DIRECTION('',(-3.698608898392E-1,-9.290871445496E-1,0.E0));
#1764=AXIS2_PLACEMENT_3D('',#1761,#1762,#1763);
#1765=PLANE('',#1764);
#1766=ORIENTED_EDGE('',*,*,#1671,.T.);
#1768=ORIENTED_EDGE('',*,*,#1767,.T.);
#1770=ORIENTED_EDGE('',*,*,#1769,.T.);
#1771=ORIENTED_EDGE('',*,*,#1753,.F.);
#1772=EDGE_LOOP('',(#1766,#1768,#1770,#1771));
#1773=FACE_OUTER_BOUND('',#1772,.F.);
#1774=ADVANCED_FACE('',(#1773),#1765,.F.);
#1775=CARTESIAN_POINT('',(4.456980838536E1,2.136822544089E1,6.50986E1));
#1776=DIRECTION('',(0.E0,0.E0,-1.E0));
#1777=DIRECTION('',(-9.290871445496E-1,3.698608898392E-1,0.E0));
#1778=AXIS2_PLACEMENT_3D('',#1775,#1776,#1777);
#1779=CYLINDRICAL_SURFACE('',#1778,1.E0);
#1780=ORIENTED_EDGE('',*,*,#1685,.T.);
#1781=ORIENTED_EDGE('',*,*,#1714,.T.);
#1783=ORIENTED_EDGE('',*,*,#1782,.T.);
#1784=ORIENTED_EDGE('',*,*,#1767,.F.);
#1785=EDGE_LOOP('',(#1780,#1781,#1783,#1784));
#1786=FACE_OUTER_BOUND('',#1785,.F.);
#1787=ADVANCED_FACE('',(#1786),#1779,.F.);
#1788=CARTESIAN_POINT('',(0.E0,0.E0,4.55E1));
#1789=DIRECTION('',(0.E0,0.E0,1.E0));
#1790=DIRECTION('',(1.E0,0.E0,0.E0));
#1791=AXIS2_PLACEMENT_3D('',#1788,#1789,#1790);
#1792=PLANE('',#1791);
#1794=ORIENTED_EDGE('',*,*,#1793,.F.);
#1796=ORIENTED_EDGE('',*,*,#1795,.F.);
#1798=ORIENTED_EDGE('',*,*,#1797,.F.);
#1800=ORIENTED_EDGE('',*,*,#1799,.F.);
#1802=ORIENTED_EDGE('',*,*,#1801,.F.);
#1804=ORIENTED_EDGE('',*,*,#1803,.F.);
#1805=EDGE_LOOP('',(#1794,#1796,#1798,#1800,#1802,#1804));
#1806=FACE_OUTER_BOUND('',#1805,.F.);
#1807=ADVANCED_FACE('',(#1806),#1792,.T.);
#1808=CARTESIAN_POINT('',(0.E0,0.E0,4.55E1));
#1809=DIRECTION('',(0.E0,0.E0,1.E0));
#1810=DIRECTION('',(1.E0,0.E0,0.E0));
#1811=AXIS2_PLACEMENT_3D('',#1808,#1809,#1810);
#1812=PLANE('',#1811);
#1813=ORIENTED_EDGE('',*,*,#1727,.F.);
#1814=ORIENTED_EDGE('',*,*,#1741,.F.);
#1815=ORIENTED_EDGE('',*,*,#1755,.F.);
#1816=ORIENTED_EDGE('',*,*,#1769,.F.);
#1817=ORIENTED_EDGE('',*,*,#1782,.F.);
#1818=ORIENTED_EDGE('',*,*,#1712,.F.);
#1819=EDGE_LOOP('',(#1813,#1814,#1815,#1816,#1817,#1818));
#1820=FACE_OUTER_BOUND('',#1819,.F.);
#1821=ADVANCED_FACE('',(#1820),#1812,.T.);
#1822=CARTESIAN_POINT('',(5.171939076474E1,3.E0,6.50986E1));
#1823=DIRECTION('',(0.E0,0.E0,-1.E0));
#1824=DIRECTION('',(0.E0,1.E0,0.E0));
#1825=AXIS2_PLACEMENT_3D('',#1822,#1823,#1824);
#1826=CYLINDRICAL_SURFACE('',#1825,1.E0);
#1828=ORIENTED_EDGE('',*,*,#1827,.T.);
#1830=ORIENTED_EDGE('',*,*,#1829,.T.);
#1831=ORIENTED_EDGE('',*,*,#1793,.T.);
#1833=ORIENTED_EDGE('',*,*,#1832,.F.);
#1834=EDGE_LOOP('',(#1828,#1830,#1831,#1833));
#1835=FACE_OUTER_BOUND('',#1834,.F.);
#1836=ADVANCED_FACE('',(#1835),#1826,.F.);
#1837=CARTESIAN_POINT('',(5.171939076474E1,3.E0,4.699999998702E1));
#1838=DIRECTION('',(0.E0,0.E0,1.E0));
#1839=DIRECTION('',(0.E0,-1.E0,0.E0));
#1840=AXIS2_PLACEMENT_3D('',#1837,#1838,#1839);
#1841=CONICAL_SURFACE('',#1840,1.499999987025E0,4.5E1);
#1842=ORIENTED_EDGE('',*,*,#1490,.T.);
#1844=ORIENTED_EDGE('',*,*,#1843,.T.);
#1845=ORIENTED_EDGE('',*,*,#1827,.F.);
#1847=ORIENTED_EDGE('',*,*,#1846,.F.);
#1848=EDGE_LOOP('',(#1842,#1844,#1845,#1847));
#1849=FACE_OUTER_BOUND('',#1848,.F.);
#1850=ADVANCED_FACE('',(#1849),#1841,.F.);
#1851=CARTESIAN_POINT('',(4.961549264333E1,-4.913510621355E0,4.7E1));
#1852=DIRECTION('',(-6.385228968286E-1,3.037902405043E-1,7.071067811865E-1));
#1853=DIRECTION('',(-6.385228968286E-1,3.037902405043E-1,-7.071067811865E-1));
#1854=AXIS2_PLACEMENT_3D('',#1851,#1852,#1853);
#1855=PLANE('',#1854);
#1856=ORIENTED_EDGE('',*,*,#1500,.T.);
#1858=ORIENTED_EDGE('',*,*,#1857,.T.);
#1860=ORIENTED_EDGE('',*,*,#1859,.F.);
#1861=ORIENTED_EDGE('',*,*,#1843,.F.);
#1862=EDGE_LOOP('',(#1856,#1858,#1860,#1861));
#1863=FACE_OUTER_BOUND('',#1862,.F.);
#1864=ADVANCED_FACE('',(#1863),#1855,.T.);
#1865=CARTESIAN_POINT('',(4.480257130018E1,-1.153814840800E1,4.699999999836E1));
#1866=DIRECTION('',(0.E0,0.E0,1.E0));
#1867=DIRECTION('',(0.E0,-1.E0,0.E0));
#1868=AXIS2_PLACEMENT_3D('',#1865,#1866,#1867);
#1869=CONICAL_SURFACE('',#1868,1.499999998363E0,4.5E1);
#1870=ORIENTED_EDGE('',*,*,#1498,.T.);
#1872=ORIENTED_EDGE('',*,*,#1871,.T.);
#1874=ORIENTED_EDGE('',*,*,#1873,.F.);
#1875=ORIENTED_EDGE('',*,*,#1857,.F.);
#1876=EDGE_LOOP('',(#1870,#1872,#1874,#1875));
#1877=FACE_OUTER_BOUND('',#1876,.F.);
#1878=ADVANCED_FACE('',(#1877),#1869,.F.);
#1879=CARTESIAN_POINT('',(3.998964995703E1,-4.913510621355E0,4.7E1));
#1880=DIRECTION('',(6.385228968286E-1,3.037902405043E-1,7.071067811865E-1));
#1881=DIRECTION('',(6.385228968286E-1,3.037902405043E-1,-7.071067811865E-1));
#1882=AXIS2_PLACEMENT_3D('',#1879,#1880,#1881);
#1883=PLANE('',#1882);
#1884=ORIENTED_EDGE('',*,*,#1496,.T.);
#1886=ORIENTED_EDGE('',*,*,#1885,.T.);
#1888=ORIENTED_EDGE('',*,*,#1887,.F.);
#1889=ORIENTED_EDGE('',*,*,#1871,.F.);
#1890=EDGE_LOOP('',(#1884,#1886,#1888,#1889));
#1891=FACE_OUTER_BOUND('',#1890,.F.);
#1892=ADVANCED_FACE('',(#1891),#1883,.T.);
#1893=CARTESIAN_POINT('',(3.788575183562E1,3.E0,4.699999999822E1));
#1894=DIRECTION('',(0.E0,0.E0,1.E0));
#1895=DIRECTION('',(0.E0,-1.E0,0.E0));
#1896=AXIS2_PLACEMENT_3D('',#1893,#1894,#1895);
#1897=CONICAL_SURFACE('',#1896,1.499999998217E0,4.5E1);
#1898=ORIENTED_EDGE('',*,*,#1494,.T.);
#1900=ORIENTED_EDGE('',*,*,#1899,.T.);
#1902=ORIENTED_EDGE('',*,*,#1901,.F.);
#1903=ORIENTED_EDGE('',*,*,#1885,.F.);
#1904=EDGE_LOOP('',(#1898,#1900,#1902,#1903));
#1905=FACE_OUTER_BOUND('',#1904,.F.);
#1906=ADVANCED_FACE('',(#1905),#1897,.F.);
#1907=CARTESIAN_POINT('',(4.480257130018E1,4.5E0,4.7E1));
#1908=DIRECTION('',(0.E0,-7.071067811865E-1,7.071067811865E-1));
#1909=DIRECTION('',(0.E0,-7.071067811865E-1,-7.071067811865E-1));
#1910=AXIS2_PLACEMENT_3D('',#1907,#1908,#1909);
#1911=PLANE('',#1910);
#1912=ORIENTED_EDGE('',*,*,#1492,.T.);
#1913=ORIENTED_EDGE('',*,*,#1846,.T.);
#1915=ORIENTED_EDGE('',*,*,#1914,.F.);
#1916=ORIENTED_EDGE('',*,*,#1899,.F.);
#1917=EDGE_LOOP('',(#1912,#1913,#1915,#1916));
#1918=FACE_OUTER_BOUND('',#1917,.F.);
#1919=ADVANCED_FACE('',(#1918),#1911,.T.);
#1920=CARTESIAN_POINT('',(5.330257130018E1,4.E0,4.75E1));
#1921=DIRECTION('',(0.E0,1.E0,0.E0));
#1922=DIRECTION('',(-1.E0,0.E0,0.E0));
#1923=AXIS2_PLACEMENT_3D('',#1920,#1921,#1922);
#1924=PLANE('',#1923);
#1925=ORIENTED_EDGE('',*,*,#1914,.T.);
#1926=ORIENTED_EDGE('',*,*,#1832,.T.);
#1927=ORIENTED_EDGE('',*,*,#1803,.T.);
#1929=ORIENTED_EDGE('',*,*,#1928,.F.);
#1930=EDGE_LOOP('',(#1925,#1926,#1927,#1929));
#1931=FACE_OUTER_BOUND('',#1930,.F.);
#1932=ADVANCED_FACE('',(#1931),#1924,.F.);
#1933=CARTESIAN_POINT('',(3.788575183562E1,3.E0,6.50986E1));
#1934=DIRECTION('',(0.E0,0.E0,-1.E0));
#1935=DIRECTION('',(-9.030077405807E-1,-4.296242782377E-1,0.E0));
#1936=AXIS2_PLACEMENT_3D('',#1933,#1934,#1935);
#1937=CYLINDRICAL_SURFACE('',#1936,1.E0);
#1938=ORIENTED_EDGE('',*,*,#1901,.T.);
#1939=ORIENTED_EDGE('',*,*,#1928,.T.);
#1940=ORIENTED_EDGE('',*,*,#1801,.T.);
#1942=ORIENTED_EDGE('',*,*,#1941,.F.);
#1943=EDGE_LOOP('',(#1938,#1939,#1940,#1942));
#1944=FACE_OUTER_BOUND('',#1943,.F.);
#1945=ADVANCED_FACE('',(#1944),#1937,.F.);
#1946=CARTESIAN_POINT('',(3.630257130018E1,4.E0,4.75E1));
#1947=DIRECTION('',(-9.030077405807E-1,-4.296242782377E-1,0.E0));
#1948=DIRECTION('',(4.296242782377E-1,-9.030077405807E-1,0.E0));
#1949=AXIS2_PLACEMENT_3D('',#1946,#1947,#1948);
#1950=PLANE('',#1949);
#1951=ORIENTED_EDGE('',*,*,#1887,.T.);
#1952=ORIENTED_EDGE('',*,*,#1941,.T.);
#1953=ORIENTED_EDGE('',*,*,#1799,.T.);
#1955=ORIENTED_EDGE('',*,*,#1954,.F.);
#1956=EDGE_LOOP('',(#1951,#1952,#1953,#1955));
#1957=FACE_OUTER_BOUND('',#1956,.F.);
#1958=ADVANCED_FACE('',(#1957),#1950,.F.);
#1959=CARTESIAN_POINT('',(4.480257130018E1,-1.153814840800E1,6.50986E1));
#1960=DIRECTION('',(0.E0,0.E0,-1.E0));
#1961=DIRECTION('',(9.030077405807E-1,-4.296242782377E-1,0.E0));
#1962=AXIS2_PLACEMENT_3D('',#1959,#1960,#1961);
#1963=CYLINDRICAL_SURFACE('',#1962,1.E0);
#1964=ORIENTED_EDGE('',*,*,#1873,.T.);
#1965=ORIENTED_EDGE('',*,*,#1954,.T.);
#1966=ORIENTED_EDGE('',*,*,#1797,.T.);
#1968=ORIENTED_EDGE('',*,*,#1967,.F.);
#1969=EDGE_LOOP('',(#1964,#1965,#1966,#1968));
#1970=FACE_OUTER_BOUND('',#1969,.F.);
#1971=ADVANCED_FACE('',(#1970),#1963,.F.);
#1972=CARTESIAN_POINT('',(4.480257130018E1,-1.386576360726E1,4.75E1));
#1973=DIRECTION('',(9.030077405807E-1,-4.296242782377E-1,0.E0));
#1974=DIRECTION('',(4.296242782377E-1,9.030077405807E-1,0.E0));
#1975=AXIS2_PLACEMENT_3D('',#1972,#1973,#1974);
#1976=PLANE('',#1975);
#1977=ORIENTED_EDGE('',*,*,#1859,.T.);
#1978=ORIENTED_EDGE('',*,*,#1967,.T.);
#1979=ORIENTED_EDGE('',*,*,#1795,.T.);
#1980=ORIENTED_EDGE('',*,*,#1829,.F.);
#1981=EDGE_LOOP('',(#1977,#1978,#1979,#1980));
#1982=FACE_OUTER_BOUND('',#1981,.F.);
#1983=ADVANCED_FACE('',(#1982),#1976,.F.);
#1984=CARTESIAN_POINT('',(4.241781217225E1,-1.7E1,4.700000000028E1));
#1985=DIRECTION('',(0.E0,0.E0,-1.E0));
#1986=DIRECTION('',(0.E0,-1.E0,0.E0));
#1987=AXIS2_PLACEMENT_3D('',#1984,#1985,#1986);
#1988=CONICAL_SURFACE('',#1987,2.499999999723E0,4.5E1);
#1989=ORIENTED_EDGE('',*,*,#1444,.T.);
#1991=ORIENTED_EDGE('',*,*,#1990,.T.);
#1993=ORIENTED_EDGE('',*,*,#1992,.F.);
#1995=ORIENTED_EDGE('',*,*,#1994,.F.);
#1996=EDGE_LOOP('',(#1989,#1991,#1993,#1995));
#1997=FACE_OUTER_BOUND('',#1996,.F.);
#1998=ADVANCED_FACE('',(#1997),#1988,.T.);
#1999=CARTESIAN_POINT('',(5.421031922734E1,-1.95E1,4.7E1));
#2000=DIRECTION('',(0.E0,-7.071067811865E-1,7.071067811865E-1));
#2001=DIRECTION('',(0.E0,-7.071067811865E-1,-7.071067811865E-1));
#2002=AXIS2_PLACEMENT_3D('',#1999,#2000,#2001);
#2003=PLANE('',#2002);
#2004=ORIENTED_EDGE('',*,*,#1466,.T.);
#2006=ORIENTED_EDGE('',*,*,#2005,.T.);
#2008=ORIENTED_EDGE('',*,*,#2007,.F.);
#2009=ORIENTED_EDGE('',*,*,#1990,.F.);
#2010=EDGE_LOOP('',(#2004,#2006,#2008,#2009));
#2011=FACE_OUTER_BOUND('',#2010,.F.);
#2012=ADVANCED_FACE('',(#2011),#2003,.T.);
#2013=CARTESIAN_POINT('',(6.600282628243E1,-1.8E1,4.700000000068E1));
#2014=DIRECTION('',(0.E0,0.E0,-1.E0));
#2015=DIRECTION('',(0.E0,-1.E0,0.E0));
#2016=AXIS2_PLACEMENT_3D('',#2013,#2014,#2015);
#2017=CONICAL_SURFACE('',#2016,1.499999999316E0,4.5E1);
#2018=ORIENTED_EDGE('',*,*,#1464,.T.);
#2020=ORIENTED_EDGE('',*,*,#2019,.T.);
#2022=ORIENTED_EDGE('',*,*,#2021,.F.);
#2023=ORIENTED_EDGE('',*,*,#2005,.F.);
#2024=EDGE_LOOP('',(#2018,#2020,#2022,#2023));
#2025=FACE_OUTER_BOUND('',#2024,.F.);
#2026=ADVANCED_FACE('',(#2025),#2017,.T.);
#2027=CARTESIAN_POINT('',(6.324233218241E1,-8.706420138736E0,4.7E1));
#2028=DIRECTION('',(6.385228968286E-1,3.037902405043E-1,7.071067811865E-1));
#2029=DIRECTION('',(6.385228968286E-1,3.037902405043E-1,-7.071067811865E-1));
#2030=AXIS2_PLACEMENT_3D('',#2027,#2028,#2029);
#2031=PLANE('',#2030);
#2032=ORIENTED_EDGE('',*,*,#1462,.T.);
#2034=ORIENTED_EDGE('',*,*,#2033,.T.);
#2036=ORIENTED_EDGE('',*,*,#2035,.F.);
#2037=ORIENTED_EDGE('',*,*,#2019,.F.);
#2038=EDGE_LOOP('',(#2032,#2034,#2036,#2037));
#2039=FACE_OUTER_BOUND('',#2038,.F.);
#2040=ADVANCED_FACE('',(#2039),#2031,.T.);
#2041=CARTESIAN_POINT('',(6.138484582298E1,1.016784000765E0,4.699999999644E1));
#2042=DIRECTION('',(0.E0,0.E0,1.E0));
#2043=DIRECTION('',(0.E0,-1.E0,0.E0));
#2044=AXIS2_PLACEMENT_3D('',#2041,#2042,#2043);
#2045=CONICAL_SURFACE('',#2044,2.499999996443E0,4.5E1);
#2046=ORIENTED_EDGE('',*,*,#1460,.T.);
#2048=ORIENTED_EDGE('',*,*,#2047,.T.);
#2050=ORIENTED_EDGE('',*,*,#2049,.F.);
#2051=ORIENTED_EDGE('',*,*,#2033,.F.);
#2052=EDGE_LOOP('',(#2046,#2048,#2050,#2051));
#2053=FACE_OUTER_BOUND('',#2052,.F.);
#2054=ADVANCED_FACE('',(#2053),#2045,.F.);
#2055=CARTESIAN_POINT('',(6.423805708204E1,1.494332244530E1,4.7E1));
#2056=DIRECTION('',(6.569638202243E-1,-2.615311433010E-1,7.071067811865E-1));
#2057=DIRECTION('',(6.569638202243E-1,-2.615311433010E-1,-7.071067811865E-1));
#2058=AXIS2_PLACEMENT_3D('',#2055,#2056,#2057);
#2059=PLANE('',#2058);
#2060=ORIENTED_EDGE('',*,*,#1458,.T.);
#2062=ORIENTED_EDGE('',*,*,#2061,.T.);
#2064=ORIENTED_EDGE('',*,*,#2063,.F.);
#2065=ORIENTED_EDGE('',*,*,#2047,.F.);
#2066=EDGE_LOOP('',(#2060,#2062,#2064,#2065));
#2067=FACE_OUTER_BOUND('',#2066,.F.);
#2068=ADVANCED_FACE('',(#2067),#2059,.T.);
#2069=CARTESIAN_POINT('',(6.802035548565E1,2.85E1,4.700000000055E1));
#2070=DIRECTION('',(0.E0,0.E0,-1.E0));
#2071=DIRECTION('',(0.E0,-1.E0,0.E0));
#2072=AXIS2_PLACEMENT_3D('',#2069,#2070,#2071);
#2073=CONICAL_SURFACE('',#2072,1.499999999455E0,4.5E1);
#2074=ORIENTED_EDGE('',*,*,#1456,.T.);
#2076=ORIENTED_EDGE('',*,*,#2075,.T.);
#2078=ORIENTED_EDGE('',*,*,#2077,.F.);
#2079=ORIENTED_EDGE('',*,*,#2061,.F.);
#2080=EDGE_LOOP('',(#2074,#2076,#2078,#2079));
#2081=FACE_OUTER_BOUND('',#2080,.F.);
#2082=ADVANCED_FACE('',(#2081),#2073,.T.);
#2083=CARTESIAN_POINT('',(5.617017631894E1,3.E1,4.7E1));
#2084=DIRECTION('',(0.E0,7.071067811865E-1,7.071067811865E-1));
#2085=DIRECTION('',(0.E0,7.071067811865E-1,-7.071067811865E-1));
#2086=AXIS2_PLACEMENT_3D('',#2083,#2084,#2085);
#2087=PLANE('',#2086);
#2088=ORIENTED_EDGE('',*,*,#1454,.T.);
#2090=ORIENTED_EDGE('',*,*,#2089,.T.);
#2092=ORIENTED_EDGE('',*,*,#2091,.F.);
#2093=ORIENTED_EDGE('',*,*,#2075,.F.);
#2094=EDGE_LOOP('',(#2088,#2090,#2092,#2093));
#2095=FACE_OUTER_BOUND('',#2094,.F.);
#2096=ADVANCED_FACE('',(#2095),#2087,.T.);
#2097=CARTESIAN_POINT('',(4.431999715223E1,2.75E1,4.700000000057E1));
#2098=DIRECTION('',(0.E0,0.E0,-1.E0));
#2099=DIRECTION('',(0.E0,-1.E0,0.E0));
#2100=AXIS2_PLACEMENT_3D('',#2097,#2098,#2099);
#2101=CONICAL_SURFACE('',#2100,2.499999999427E0,4.5E1);
#2102=ORIENTED_EDGE('',*,*,#1452,.T.);
#2104=ORIENTED_EDGE('',*,*,#2103,.T.);
#2106=ORIENTED_EDGE('',*,*,#2105,.F.);
#2107=ORIENTED_EDGE('',*,*,#2089,.F.);
#2108=EDGE_LOOP('',(#2102,#2104,#2106,#2107));
#2109=FACE_OUTER_BOUND('',#2108,.F.);
#2110=ADVANCED_FACE('',(#2109),#2101,.T.);
#2111=CARTESIAN_POINT('',(3.674156385478E1,1.522234351555E1,4.7E1));
#2112=DIRECTION('',(-6.569638202243E-1,2.615311433010E-1,7.071067811865E-1));
#2113=DIRECTION('',(-6.569638202243E-1,2.615311433010E-1,-7.071067811865E-1));
#2114=AXIS2_PLACEMENT_3D('',#2111,#2112,#2113);
#2115=PLANE('',#2114);
#2116=ORIENTED_EDGE('',*,*,#1450,.T.);
#2118=ORIENTED_EDGE('',*,*,#2117,.T.);
#2120=ORIENTED_EDGE('',*,*,#2119,.F.);
#2121=ORIENTED_EDGE('',*,*,#2103,.F.);
#2122=EDGE_LOOP('',(#2116,#2118,#2120,#2121));
#2123=FACE_OUTER_BOUND('',#2122,.F.);
#2124=ADVANCED_FACE('',(#2123),#2115,.T.);
#2125=CARTESIAN_POINT('',(3.380856628009E1,1.095382581897E0,4.700000000077E1));
#2126=DIRECTION('',(0.E0,0.E0,-1.E0));
#2127=DIRECTION('',(0.E0,-1.E0,0.E0));
#2128=AXIS2_PLACEMENT_3D('',#2125,#2126,#2127);
#2129=CONICAL_SURFACE('',#2128,2.499999999225E0,4.5E1);
#2130=ORIENTED_EDGE('',*,*,#1448,.T.);
#2132=ORIENTED_EDGE('',*,*,#2131,.T.);
#2134=ORIENTED_EDGE('',*,*,#2133,.F.);
#2135=ORIENTED_EDGE('',*,*,#2117,.F.);
#2136=EDGE_LOOP('',(#2130,#2132,#2134,#2135));
#2137=FACE_OUTER_BOUND('',#2136,.F.);
#2138=ADVANCED_FACE('',(#2137),#2129,.T.);
#2139=CARTESIAN_POINT('',(3.585566987472E1,-9.026369404646E0,4.7E1));
#2140=DIRECTION('',(-6.385228968286E-1,-3.037902405043E-1,7.071067811865E-1));
#2141=DIRECTION('',(-6.385228968286E-1,-3.037902405043E-1,-7.071067811865E-1));
#2142=AXIS2_PLACEMENT_3D('',#2139,#2140,#2141);
#2143=PLANE('',#2142);
#2144=ORIENTED_EDGE('',*,*,#1446,.T.);
#2145=ORIENTED_EDGE('',*,*,#1994,.T.);
#2147=ORIENTED_EDGE('',*,*,#2146,.F.);
#2148=ORIENTED_EDGE('',*,*,#2131,.F.);
#2149=EDGE_LOOP('',(#2144,#2145,#2147,#2148));
#2150=FACE_OUTER_BOUND('',#2149,.F.);
#2151=ADVANCED_FACE('',(#2150),#2143,.T.);
#2152=CARTESIAN_POINT('',(2.434270386805E1,1.400840288909E1,4.1E1));
#2153=DIRECTION('',(-9.030077405807E-1,-4.296242782377E-1,0.E0));
#2154=DIRECTION('',(4.296242782377E-1,-9.030077405807E-1,0.E0));
#2155=AXIS2_PLACEMENT_3D('',#2152,#2153,#2154);
#2156=PLANE('',#2155);
#2157=ORIENTED_EDGE('',*,*,#2146,.T.);
#2159=ORIENTED_EDGE('',*,*,#2158,.F.);
#2161=ORIENTED_EDGE('',*,*,#2160,.T.);
#2163=ORIENTED_EDGE('',*,*,#2162,.T.);
#2164=ORIENTED_EDGE('',*,*,#1305,.F.);
#2166=ORIENTED_EDGE('',*,*,#2165,.F.);
#2167=EDGE_LOOP('',(#2157,#2159,#2161,#2163,#2164,#2166));
#2168=FACE_OUTER_BOUND('',#2167,.F.);
#2169=ADVANCED_FACE('',(#2168),#2156,.T.);
#2170=CARTESIAN_POINT('',(4.241781217225E1,-1.7E1,1.64014E1));
#2171=DIRECTION('',(0.E0,0.E0,1.E0));
#2172=DIRECTION('',(-9.030077405807E-1,-4.296242782377E-1,0.E0));
#2173=AXIS2_PLACEMENT_3D('',#2170,#2171,#2172);
#2174=CYLINDRICAL_SURFACE('',#2173,3.E0);
#2175=ORIENTED_EDGE('',*,*,#1992,.T.);
#2177=ORIENTED_EDGE('',*,*,#2176,.F.);
#2179=ORIENTED_EDGE('',*,*,#2178,.T.);
#2180=ORIENTED_EDGE('',*,*,#2158,.T.);
#2181=EDGE_LOOP('',(#2175,#2177,#2179,#2180));
#2182=FACE_OUTER_BOUND('',#2181,.F.);
#2183=ADVANCED_FACE('',(#2182),#2174,.T.);
#2184=CARTESIAN_POINT('',(3.996918735330E1,-2.E1,4.1E1));
#2185=DIRECTION('',(0.E0,-1.E0,0.E0));
#2186=DIRECTION('',(1.E0,0.E0,0.E0));
#2187=AXIS2_PLACEMENT_3D('',#2184,#2185,#2186);
#2188=PLANE('',#2187);
#2189=ORIENTED_EDGE('',*,*,#2007,.T.);
#2191=ORIENTED_EDGE('',*,*,#2190,.F.);
#2193=ORIENTED_EDGE('',*,*,#2192,.T.);
#2194=ORIENTED_EDGE('',*,*,#2176,.T.);
#2195=EDGE_LOOP('',(#2189,#2191,#2193,#2194));
#2196=FACE_OUTER_BOUND('',#2195,.F.);
#2197=ADVANCED_FACE('',(#2196),#2188,.T.);
#2198=CARTESIAN_POINT('',(6.600282628243E1,-1.8E1,1.64014E1));
#2199=DIRECTION('',(0.E0,0.E0,1.E0));
#2200=DIRECTION('',(0.E0,-1.E0,0.E0));
#2201=AXIS2_PLACEMENT_3D('',#2198,#2199,#2200);
#2202=CYLINDRICAL_SURFACE('',#2201,2.E0);
#2203=ORIENTED_EDGE('',*,*,#2021,.T.);
#2205=ORIENTED_EDGE('',*,*,#2204,.F.);
#2207=ORIENTED_EDGE('',*,*,#2206,.T.);
#2208=ORIENTED_EDGE('',*,*,#2190,.T.);
#2209=EDGE_LOOP('',(#2203,#2205,#2207,#2208));
#2210=FACE_OUTER_BOUND('',#2209,.F.);
#2211=ADVANCED_FACE('',(#2210),#2202,.T.);
#2212=CARTESIAN_POINT('',(5.920387351935E1,9.456401446658E-1,4.75E1));
#2213=DIRECTION('',(-9.030077405807E-1,-4.296242782377E-1,0.E0));
#2214=DIRECTION('',(4.296242782377E-1,-9.030077405807E-1,0.E0));
#2215=AXIS2_PLACEMENT_3D('',#2212,#2213,#2214);
#2216=PLANE('',#2215);
#2217=ORIENTED_EDGE('',*,*,#2035,.T.);
#2219=ORIENTED_EDGE('',*,*,#2218,.T.);
#2220=ORIENTED_EDGE('',*,*,#1313,.F.);
#2222=ORIENTED_EDGE('',*,*,#2221,.T.);
#2224=ORIENTED_EDGE('',*,*,#2223,.T.);
#2225=ORIENTED_EDGE('',*,*,#2204,.T.);
#2226=EDGE_LOOP('',(#2217,#2219,#2220,#2222,#2224,#2225));
#2227=FACE_OUTER_BOUND('',#2226,.F.);
#2228=ADVANCED_FACE('',(#2227),#2216,.F.);
#2229=CARTESIAN_POINT('',(6.138484582298E1,1.016784000765E0,6.50986E1));
#2230=DIRECTION('',(0.E0,0.E0,-1.E0));
#2231=DIRECTION('',(-9.030077405807E-1,-4.296242782377E-1,0.E0));
#2232=AXIS2_PLACEMENT_3D('',#2229,#2230,#2231);
#2233=CYLINDRICAL_SURFACE('',#2232,2.E0);
#2234=ORIENTED_EDGE('',*,*,#2049,.T.);
#2236=ORIENTED_EDGE('',*,*,#2235,.T.);
#2237=ORIENTED_EDGE('',*,*,#1315,.T.);
#2238=ORIENTED_EDGE('',*,*,#2218,.F.);
#2239=EDGE_LOOP('',(#2234,#2236,#2237,#2238));
#2240=FACE_OUTER_BOUND('',#2239,.F.);
#2241=ADVANCED_FACE('',(#2240),#2233,.F.);
#2242=CARTESIAN_POINT('',(7.096918735330E1,3.05E1,4.75E1));
#2243=DIRECTION('',(-9.290871445496E-1,3.698608898392E-1,0.E0));
#2244=DIRECTION('',(-3.698608898392E-1,-9.290871445496E-1,0.E0));
#2245=AXIS2_PLACEMENT_3D('',#2242,#2243,#2244);
#2246=PLANE('',#2245);
#2247=ORIENTED_EDGE('',*,*,#2063,.T.);
#2249=ORIENTED_EDGE('',*,*,#2248,.T.);
#2251=ORIENTED_EDGE('',*,*,#2250,.T.);
#2253=ORIENTED_EDGE('',*,*,#2252,.T.);
#2254=ORIENTED_EDGE('',*,*,#1293,.F.);
#2255=ORIENTED_EDGE('',*,*,#2235,.F.);
#2256=EDGE_LOOP('',(#2247,#2249,#2251,#2253,#2254,#2255));
#2257=FACE_OUTER_BOUND('',#2256,.F.);
#2258=ADVANCED_FACE('',(#2257),#2246,.F.);
#2259=CARTESIAN_POINT('',(6.802035548565E1,2.85E1,6.50986E1));
#2260=DIRECTION('',(0.E0,0.E0,-1.E0));
#2261=DIRECTION('',(0.E0,1.E0,0.E0));
#2262=AXIS2_PLACEMENT_3D('',#2259,#2260,#2261);
#2263=CYLINDRICAL_SURFACE('',#2262,2.E0);
#2264=ORIENTED_EDGE('',*,*,#2077,.T.);
#2266=ORIENTED_EDGE('',*,*,#2265,.T.);
#2268=ORIENTED_EDGE('',*,*,#2267,.T.);
#2269=ORIENTED_EDGE('',*,*,#2248,.F.);
#2270=EDGE_LOOP('',(#2264,#2266,#2268,#2269));
#2271=FACE_OUTER_BOUND('',#2270,.F.);
#2272=ADVANCED_FACE('',(#2271),#2263,.T.);
#2273=CARTESIAN_POINT('',(7.096918735330E1,3.05E1,4.1E1));
#2274=DIRECTION('',(0.E0,1.E0,0.E0));
#2275=DIRECTION('',(-1.E0,0.E0,0.E0));
#2276=AXIS2_PLACEMENT_3D('',#2273,#2274,#2275);
#2277=PLANE('',#2276);
#2278=ORIENTED_EDGE('',*,*,#2091,.T.);
#2280=ORIENTED_EDGE('',*,*,#2279,.F.);
#2282=ORIENTED_EDGE('',*,*,#2281,.T.);
#2283=ORIENTED_EDGE('',*,*,#2265,.F.);
#2284=EDGE_LOOP('',(#2278,#2280,#2282,#2283));
#2285=FACE_OUTER_BOUND('',#2284,.F.);
#2286=ADVANCED_FACE('',(#2285),#2277,.T.);
#2287=CARTESIAN_POINT('',(4.431999715223E1,2.75E1,1.64014E1));
#2288=DIRECTION('',(0.E0,0.E0,1.E0));
#2289=DIRECTION('',(0.E0,1.E0,0.E0));
#2290=AXIS2_PLACEMENT_3D('',#2287,#2288,#2289);
#2291=CYLINDRICAL_SURFACE('',#2290,3.E0);
#2292=ORIENTED_EDGE('',*,*,#2105,.T.);
#2294=ORIENTED_EDGE('',*,*,#2293,.F.);
#2296=ORIENTED_EDGE('',*,*,#2295,.T.);
#2297=ORIENTED_EDGE('',*,*,#2279,.T.);
#2298=EDGE_LOOP('',(#2292,#2294,#2296,#2297));
#2299=FACE_OUTER_BOUND('',#2298,.F.);
#2300=ADVANCED_FACE('',(#2299),#2291,.T.);
#2301=CARTESIAN_POINT('',(3.468068933731E1,1.139730534693E1,4.425E1));
#2302=DIRECTION('',(-9.290871445496E-1,3.698608898392E-1,0.E0));
#2303=DIRECTION('',(3.698608898392E-1,9.290871445496E-1,0.E0));
#2304=AXIS2_PLACEMENT_3D('',#2301,#2302,#2303);
#2305=PLANE('',#2304);
#2306=ORIENTED_EDGE('',*,*,#2119,.T.);
#2308=ORIENTED_EDGE('',*,*,#2307,.T.);
#2309=ORIENTED_EDGE('',*,*,#1301,.F.);
#2311=ORIENTED_EDGE('',*,*,#2310,.F.);
#2313=ORIENTED_EDGE('',*,*,#2312,.T.);
#2314=ORIENTED_EDGE('',*,*,#2293,.T.);
#2315=EDGE_LOOP('',(#2306,#2308,#2309,#2311,#2313,#2314));
#2316=FACE_OUTER_BOUND('',#2315,.F.);
#2317=ADVANCED_FACE('',(#2316),#2305,.T.);
#2318=CARTESIAN_POINT('',(3.380856628009E1,1.095382581897E0,6.50986E1));
#2319=DIRECTION('',(0.E0,0.E0,-1.E0));
#2320=DIRECTION('',(-9.030077405807E-1,-4.296242782377E-1,0.E0));
#2321=AXIS2_PLACEMENT_3D('',#2318,#2319,#2320);
#2322=CYLINDRICAL_SURFACE('',#2321,3.E0);
#2323=ORIENTED_EDGE('',*,*,#2133,.T.);
#2324=ORIENTED_EDGE('',*,*,#2165,.T.);
#2325=ORIENTED_EDGE('',*,*,#1303,.T.);
#2326=ORIENTED_EDGE('',*,*,#2307,.F.);
#2327=EDGE_LOOP('',(#2323,#2324,#2325,#2326));
#2328=FACE_OUTER_BOUND('',#2327,.F.);
#2329=ADVANCED_FACE('',(#2328),#2322,.T.);
#2330=CARTESIAN_POINT('',(4.097252472806E1,2.603262939986E1,3.75E1));
#2331=DIRECTION('',(-8.276052470348E-1,-5.613105691864E-1,0.E0));
#2332=DIRECTION('',(5.613105691864E-1,-8.276052470348E-1,0.E0));
#2333=AXIS2_PLACEMENT_3D('',#2330,#2331,#2332);
#2334=PLANE('',#2333);
#2336=ORIENTED_EDGE('',*,*,#2335,.T.);
#2337=ORIENTED_EDGE('',*,*,#2310,.T.);
#2338=ORIENTED_EDGE('',*,*,#1299,.T.);
#2340=ORIENTED_EDGE('',*,*,#2339,.F.);
#2341=EDGE_LOOP('',(#2336,#2337,#2338,#2340));
#2342=FACE_OUTER_BOUND('',#2341,.F.);
#2343=ADVANCED_FACE('',(#2342),#2334,.T.);
#2344=CARTESIAN_POINT('',(4.109666551511E1,2.611682598524E1,3.415E1));
#2345=DIRECTION('',(-5.852052823239E-1,-3.969065098234E-1,-7.071067811866E-1));
#2346=DIRECTION('',(-5.852052823239E-1,-3.969065098234E-1,7.071067811865E-1));
#2347=AXIS2_PLACEMENT_3D('',#2344,#2345,#2346);
#2348=PLANE('',#2347);
#2349=ORIENTED_EDGE('',*,*,#2335,.F.);
#2351=ORIENTED_EDGE('',*,*,#2350,.T.);
#2353=ORIENTED_EDGE('',*,*,#2352,.T.);
#2355=ORIENTED_EDGE('',*,*,#2354,.F.);
#2356=EDGE_LOOP('',(#2349,#2351,#2353,#2355));
#2357=FACE_OUTER_BOUND('',#2356,.F.);
#2358=ADVANCED_FACE('',(#2357),#2348,.T.);
#2359=CARTESIAN_POINT('',(5.514224611739E1,2.575E1,3.415E1));
#2360=DIRECTION('',(0.E0,-7.071067811866E-1,-7.071067811865E-1));
#2361=DIRECTION('',(0.E0,-7.071067811865E-1,7.071067811866E-1));
#2362=AXIS2_PLACEMENT_3D('',#2359,#2360,#2361);
#2363=PLANE('',#2362);
#2365=ORIENTED_EDGE('',*,*,#2364,.F.);
#2367=ORIENTED_EDGE('',*,*,#2366,.T.);
#2369=ORIENTED_EDGE('',*,*,#2368,.T.);
#2371=ORIENTED_EDGE('',*,*,#2370,.T.);
#2372=ORIENTED_EDGE('',*,*,#2350,.F.);
#2373=EDGE_LOOP('',(#2365,#2367,#2369,#2371,#2372));
#2374=FACE_OUTER_BOUND('',#2373,.F.);
#2375=ADVANCED_FACE('',(#2374),#2363,.T.);
#2376=CARTESIAN_POINT('',(7.096918735330E1,2.56E1,4.1E1));
#2377=DIRECTION('',(0.E0,-1.E0,0.E0));
#2378=DIRECTION('',(-1.E0,0.E0,0.E0));
#2379=AXIS2_PLACEMENT_3D('',#2376,#2377,#2378);
#2380=PLANE('',#2379);
#2382=ORIENTED_EDGE('',*,*,#2381,.F.);
#2383=ORIENTED_EDGE('',*,*,#2364,.T.);
#2384=ORIENTED_EDGE('',*,*,#2339,.T.);
#2385=ORIENTED_EDGE('',*,*,#1297,.F.);
#2386=EDGE_LOOP('',(#2382,#2383,#2384,#2385));
#2387=FACE_OUTER_BOUND('',#2386,.F.);
#2388=ADVANCED_FACE('',(#2387),#2380,.T.);
#2389=CARTESIAN_POINT('',(6.895443592130E1,2.569452086652E1,3.75E1));
#2390=DIRECTION('',(5.613105691865E-1,-8.276052470348E-1,0.E0));
#2391=DIRECTION('',(8.276052470348E-1,5.613105691865E-1,0.E0));
#2392=AXIS2_PLACEMENT_3D('',#2389,#2390,#2391);
#2393=PLANE('',#2392);
#2394=ORIENTED_EDGE('',*,*,#2252,.F.);
#2396=ORIENTED_EDGE('',*,*,#2395,.T.);
#2397=ORIENTED_EDGE('',*,*,#2366,.F.);
#2398=ORIENTED_EDGE('',*,*,#2381,.T.);
#2399=ORIENTED_EDGE('',*,*,#1295,.T.);
#2400=EDGE_LOOP('',(#2394,#2396,#2397,#2398,#2399));
#2401=FACE_OUTER_BOUND('',#2400,.F.);
#2402=ADVANCED_FACE('',(#2401),#2393,.T.);
#2403=CARTESIAN_POINT('',(6.930917344056E1,2.673561824364E1,3.415E1));
#2404=DIRECTION('',(6.569638202243E-1,-2.615311433010E-1,-7.071067811865E-1));
#2405=DIRECTION('',(6.569638202243E-1,-2.615311433010E-1,7.071067811866E-1));
#2406=AXIS2_PLACEMENT_3D('',#2403,#2404,#2405);
#2407=PLANE('',#2406);
#2408=ORIENTED_EDGE('',*,*,#2250,.F.);
#2410=ORIENTED_EDGE('',*,*,#2409,.F.);
#2412=ORIENTED_EDGE('',*,*,#2411,.T.);
#2413=ORIENTED_EDGE('',*,*,#2368,.F.);
#2414=ORIENTED_EDGE('',*,*,#2395,.F.);
#2415=EDGE_LOOP('',(#2408,#2410,#2412,#2413,#2414));
#2416=FACE_OUTER_BOUND('',#2415,.F.);
#2417=ADVANCED_FACE('',(#2416),#2407,.T.);
#2418=CARTESIAN_POINT('',(6.802035548565E1,2.85E1,3.414999999765E1));
#2419=DIRECTION('',(0.E0,0.E0,1.E0));
#2420=DIRECTION('',(0.E0,-1.E0,0.E0));
#2421=AXIS2_PLACEMENT_3D('',#2418,#2419,#2420);
#2422=CONICAL_SURFACE('',#2421,1.849999997650E0,4.5E1);
#2424=ORIENTED_EDGE('',*,*,#2423,.T.);
#2425=ORIENTED_EDGE('',*,*,#2409,.T.);
#2426=ORIENTED_EDGE('',*,*,#2267,.F.);
#2428=ORIENTED_EDGE('',*,*,#2427,.F.);
#2429=EDGE_LOOP('',(#2424,#2425,#2426,#2428));
#2430=FACE_OUTER_BOUND('',#2429,.F.);
#2431=ADVANCED_FACE('',(#2430),#2422,.T.);
#2432=CARTESIAN_POINT('',(0.E0,0.E0,3.4E1));
#2433=DIRECTION('',(0.E0,0.E0,-1.E0));
#2434=DIRECTION('',(-1.E0,0.E0,0.E0));
#2435=AXIS2_PLACEMENT_3D('',#2432,#2433,#2434);
#2436=PLANE('',#2435);
#2438=ORIENTED_EDGE('',*,*,#2437,.F.);
#2440=ORIENTED_EDGE('',*,*,#2439,.F.);
#2442=ORIENTED_EDGE('',*,*,#2441,.F.);
#2444=ORIENTED_EDGE('',*,*,#2443,.F.);
#2446=ORIENTED_EDGE('',*,*,#2445,.F.);
#2448=ORIENTED_EDGE('',*,*,#2447,.F.);
#2450=ORIENTED_EDGE('',*,*,#2449,.F.);
#2451=EDGE_LOOP('',(#2438,#2440,#2442,#2444,#2446,#2448,#2450));
#2452=FACE_OUTER_BOUND('',#2451,.F.);
#2453=ADVANCED_FACE('',(#2452),#2436,.T.);
#2454=CARTESIAN_POINT('',(0.E0,0.E0,3.4E1));
#2455=DIRECTION('',(0.E0,0.E0,-1.E0));
#2456=DIRECTION('',(-1.E0,0.E0,0.E0));
#2457=AXIS2_PLACEMENT_3D('',#2454,#2455,#2456);
#2458=PLANE('',#2457);
#2459=ORIENTED_EDGE('',*,*,#2352,.F.);
#2460=ORIENTED_EDGE('',*,*,#2370,.F.);
#2461=ORIENTED_EDGE('',*,*,#2411,.F.);
#2462=ORIENTED_EDGE('',*,*,#2423,.F.);
#2464=ORIENTED_EDGE('',*,*,#2463,.F.);
#2466=ORIENTED_EDGE('',*,*,#2465,.F.);
#2468=ORIENTED_EDGE('',*,*,#2467,.F.);
#2469=EDGE_LOOP('',(#2459,#2460,#2461,#2462,#2464,#2466,#2468));
#2470=FACE_OUTER_BOUND('',#2469,.F.);
#2471=ADVANCED_FACE('',(#2470),#2458,.T.);
#2472=CARTESIAN_POINT('',(3.879536473993E1,-1.513160834501E1,3.415E1));
#2473=DIRECTION('',(-5.978344834144E-1,3.776161151759E-1,-7.071067811866E-1));
#2474=DIRECTION('',(-5.978344834145E-1,3.776161151759E-1,7.071067811865E-1));
#2475=AXIS2_PLACEMENT_3D('',#2472,#2473,#2474);
#2476=PLANE('',#2475);
#2477=ORIENTED_EDGE('',*,*,#2437,.T.);
#2479=ORIENTED_EDGE('',*,*,#2478,.F.);
#2481=ORIENTED_EDGE('',*,*,#2480,.F.);
#2483=ORIENTED_EDGE('',*,*,#2482,.T.);
#2484=EDGE_LOOP('',(#2477,#2479,#2481,#2483));
#2485=FACE_OUTER_BOUND('',#2484,.F.);
#2486=ADVANCED_FACE('',(#2485),#2476,.T.);
#2487=CARTESIAN_POINT('',(5.277688020082E1,-1.475E1,3.415E1));
#2488=DIRECTION('',(0.E0,7.071067811866E-1,-7.071067811865E-1));
#2489=DIRECTION('',(0.E0,7.071067811865E-1,7.071067811866E-1));
#2490=AXIS2_PLACEMENT_3D('',#2487,#2488,#2489);
#2491=PLANE('',#2490);
#2493=ORIENTED_EDGE('',*,*,#2492,.F.);
#2494=ORIENTED_EDGE('',*,*,#2478,.T.);
#2495=ORIENTED_EDGE('',*,*,#2449,.T.);
#2497=ORIENTED_EDGE('',*,*,#2496,.T.);
#2499=ORIENTED_EDGE('',*,*,#2498,.T.);
#2500=EDGE_LOOP('',(#2493,#2494,#2495,#2497,#2499));
#2501=FACE_OUTER_BOUND('',#2500,.F.);
#2502=ADVANCED_FACE('',(#2501),#2491,.T.);
#2503=CARTESIAN_POINT('',(3.740002764600E1,-1.46E1,4.1E1));
#2504=DIRECTION('',(0.E0,1.E0,0.E0));
#2505=DIRECTION('',(1.E0,0.E0,0.E0));
#2506=AXIS2_PLACEMENT_3D('',#2503,#2504,#2505);
#2507=PLANE('',#2506);
#2508=ORIENTED_EDGE('',*,*,#2492,.T.);
#2510=ORIENTED_EDGE('',*,*,#2509,.F.);
#2511=ORIENTED_EDGE('',*,*,#1309,.T.);
#2513=ORIENTED_EDGE('',*,*,#2512,.F.);
#2514=EDGE_LOOP('',(#2508,#2510,#2511,#2513));
#2515=FACE_OUTER_BOUND('',#2514,.F.);
#2516=ADVANCED_FACE('',(#2515),#2507,.T.);
#2517=CARTESIAN_POINT('',(6.654598683616E1,-1.468555635826E1,3.75E1));
#2518=DIRECTION('',(5.340298314524E-1,8.454656344990E-1,0.E0));
#2519=DIRECTION('',(8.454656344990E-1,-5.340298314524E-1,0.E0));
#2520=AXIS2_PLACEMENT_3D('',#2517,#2518,#2519);
#2521=PLANE('',#2520);
#2522=ORIENTED_EDGE('',*,*,#2509,.T.);
#2523=ORIENTED_EDGE('',*,*,#2498,.F.);
#2525=ORIENTED_EDGE('',*,*,#2524,.F.);
#2526=ORIENTED_EDGE('',*,*,#2221,.F.);
#2527=ORIENTED_EDGE('',*,*,#1311,.T.);
#2528=EDGE_LOOP('',(#2522,#2523,#2525,#2526,#2527));
#2529=FACE_OUTER_BOUND('',#2528,.F.);
#2530=ADVANCED_FACE('',(#2529),#2521,.T.);
#2531=CARTESIAN_POINT('',(6.706898354371E1,-1.593481936350E1,3.415E1));
#2532=DIRECTION('',(6.385228968286E-1,3.037902405043E-1,-7.071067811866E-1));
#2533=DIRECTION('',(6.385228968286E-1,3.037902405043E-1,7.071067811865E-1));
#2534=AXIS2_PLACEMENT_3D('',#2531,#2532,#2533);
#2535=PLANE('',#2534);
#2536=ORIENTED_EDGE('',*,*,#2447,.T.);
#2538=ORIENTED_EDGE('',*,*,#2537,.T.);
#2539=ORIENTED_EDGE('',*,*,#2223,.F.);
#2540=ORIENTED_EDGE('',*,*,#2524,.T.);
#2541=ORIENTED_EDGE('',*,*,#2496,.F.);
#2542=EDGE_LOOP('',(#2536,#2538,#2539,#2540,#2541));
#2543=FACE_OUTER_BOUND('',#2542,.F.);
#2544=ADVANCED_FACE('',(#2543),#2535,.T.);
#2545=CARTESIAN_POINT('',(6.600282628243E1,-1.8E1,3.414999999695E1));
#2546=DIRECTION('',(0.E0,0.E0,1.E0));
#2547=DIRECTION('',(0.E0,-1.E0,0.E0));
#2548=AXIS2_PLACEMENT_3D('',#2545,#2546,#2547);
#2549=CONICAL_SURFACE('',#2548,1.849999996953E0,4.5E1);
#2550=ORIENTED_EDGE('',*,*,#2445,.T.);
#2552=ORIENTED_EDGE('',*,*,#2551,.T.);
#2553=ORIENTED_EDGE('',*,*,#2206,.F.);
#2554=ORIENTED_EDGE('',*,*,#2537,.F.);
#2555=EDGE_LOOP('',(#2550,#2552,#2553,#2554));
#2556=FACE_OUTER_BOUND('',#2555,.F.);
#2557=ADVANCED_FACE('',(#2556),#2549,.T.);
#2558=CARTESIAN_POINT('',(5.421031922734E1,-1.985E1,3.415E1));
#2559=DIRECTION('',(0.E0,-7.071067811865E-1,-7.071067811866E-1));
#2560=DIRECTION('',(0.E0,-7.071067811866E-1,7.071067811865E-1));
#2561=AXIS2_PLACEMENT_3D('',#2558,#2559,#2560);
#2562=PLANE('',#2561);
#2563=ORIENTED_EDGE('',*,*,#2443,.T.);
#2565=ORIENTED_EDGE('',*,*,#2564,.T.);
#2566=ORIENTED_EDGE('',*,*,#2192,.F.);
#2567=ORIENTED_EDGE('',*,*,#2551,.F.);
#2568=EDGE_LOOP('',(#2563,#2565,#2566,#2567));
#2569=FACE_OUTER_BOUND('',#2568,.F.);
#2570=ADVANCED_FACE('',(#2569),#2562,.T.);
#2571=CARTESIAN_POINT('',(4.241781217225E1,-1.7E1,3.414999999704E1));
#2572=DIRECTION('',(0.E0,0.E0,1.E0));
#2573=DIRECTION('',(0.E0,-1.E0,0.E0));
#2574=AXIS2_PLACEMENT_3D('',#2571,#2572,#2573);
#2575=CONICAL_SURFACE('',#2574,2.849999997043E0,4.5E1);
#2576=ORIENTED_EDGE('',*,*,#2441,.T.);
#2578=ORIENTED_EDGE('',*,*,#2577,.T.);
#2579=ORIENTED_EDGE('',*,*,#2178,.F.);
#2580=ORIENTED_EDGE('',*,*,#2564,.F.);
#2581=EDGE_LOOP('',(#2576,#2578,#2579,#2580));
#2582=FACE_OUTER_BOUND('',#2581,.F.);
#2583=ADVANCED_FACE('',(#2582),#2575,.T.);
#2584=CARTESIAN_POINT('',(3.918152415328E1,-1.683149664591E1,3.415E1));
#2585=DIRECTION('',(-6.385228968286E-1,-3.037902405043E-1,-7.071067811866E-1));
#2586=DIRECTION('',(-6.385228968286E-1,-3.037902405043E-1,7.071067811865E-1));
#2587=AXIS2_PLACEMENT_3D('',#2584,#2585,#2586);
#2588=PLANE('',#2587);
#2589=ORIENTED_EDGE('',*,*,#2160,.F.);
#2590=ORIENTED_EDGE('',*,*,#2577,.F.);
#2591=ORIENTED_EDGE('',*,*,#2439,.T.);
#2592=ORIENTED_EDGE('',*,*,#2482,.F.);
#2593=EDGE_LOOP('',(#2589,#2590,#2591,#2592));
#2594=FACE_OUTER_BOUND('',#2593,.F.);
#2595=ADVANCED_FACE('',(#2594),#2588,.T.);
#2596=CARTESIAN_POINT('',(3.866854489475E1,-1.505150387029E1,3.75E1));
#2597=DIRECTION('',(-8.454656344990E-1,5.340298314525E-1,0.E0));
#2598=DIRECTION('',(-5.340298314525E-1,-8.454656344990E-1,0.E0));
#2599=AXIS2_PLACEMENT_3D('',#2596,#2597,#2598);
#2600=PLANE('',#2599);
#2601=ORIENTED_EDGE('',*,*,#2480,.T.);
#2602=ORIENTED_EDGE('',*,*,#2512,.T.);
#2603=ORIENTED_EDGE('',*,*,#1307,.T.);
#2604=ORIENTED_EDGE('',*,*,#2162,.F.);
#2605=EDGE_LOOP('',(#2601,#2602,#2603,#2604));
#2606=FACE_OUTER_BOUND('',#2605,.F.);
#2607=ADVANCED_FACE('',(#2606),#2600,.T.);
#2608=CARTESIAN_POINT('',(5.617017631894E1,3.035E1,3.415E1));
#2609=DIRECTION('',(0.E0,7.071067811865E-1,-7.071067811866E-1));
#2610=DIRECTION('',(0.E0,7.071067811866E-1,7.071067811865E-1));
#2611=AXIS2_PLACEMENT_3D('',#2608,#2609,#2610);
#2612=PLANE('',#2611);
#2613=ORIENTED_EDGE('',*,*,#2463,.T.);
#2614=ORIENTED_EDGE('',*,*,#2427,.T.);
#2615=ORIENTED_EDGE('',*,*,#2281,.F.);
#2617=ORIENTED_EDGE('',*,*,#2616,.F.);
#2618=EDGE_LOOP('',(#2613,#2614,#2615,#2617));
#2619=FACE_OUTER_BOUND('',#2618,.F.);
#2620=ADVANCED_FACE('',(#2619),#2612,.T.);
#2621=CARTESIAN_POINT('',(4.431999715223E1,2.75E1,3.414999999829E1));
#2622=DIRECTION('',(0.E0,0.E0,1.E0));
#2623=DIRECTION('',(0.E0,-1.E0,0.E0));
#2624=AXIS2_PLACEMENT_3D('',#2621,#2622,#2623);
#2625=CONICAL_SURFACE('',#2624,2.849999998291E0,4.5E1);
#2626=ORIENTED_EDGE('',*,*,#2465,.T.);
#2627=ORIENTED_EDGE('',*,*,#2616,.T.);
#2628=ORIENTED_EDGE('',*,*,#2295,.F.);
#2630=ORIENTED_EDGE('',*,*,#2629,.F.);
#2631=EDGE_LOOP('',(#2626,#2627,#2628,#2630));
#2632=FACE_OUTER_BOUND('',#2631,.F.);
#2633=ADVANCED_FACE('',(#2632),#2625,.T.);
#2634=CARTESIAN_POINT('',(4.124528116651E1,2.748194160114E1,3.415E1));
#2635=DIRECTION('',(-6.569638202243E-1,2.615311433010E-1,-7.071067811865E-1));
#2636=DIRECTION('',(-6.569638202243E-1,2.615311433010E-1,7.071067811865E-1));
#2637=AXIS2_PLACEMENT_3D('',#2634,#2635,#2636);
#2638=PLANE('',#2637);
#2639=ORIENTED_EDGE('',*,*,#2467,.T.);
#2640=ORIENTED_EDGE('',*,*,#2629,.T.);
#2641=ORIENTED_EDGE('',*,*,#2312,.F.);
#2642=ORIENTED_EDGE('',*,*,#2354,.T.);
#2643=EDGE_LOOP('',(#2639,#2640,#2641,#2642));
#2644=FACE_OUTER_BOUND('',#2643,.F.);
#2645=ADVANCED_FACE('',(#2644),#2638,.T.);
#2646=CARTESIAN_POINT('',(4.064923931632E1,5.351573881020E0,4.1E1));
#2647=DIRECTION('',(0.E0,0.E0,-1.E0));
#2648=DIRECTION('',(1.E0,0.E0,0.E0));
#2649=AXIS2_PLACEMENT_3D('',#2646,#2647,#2648);
#2650=CYLINDRICAL_SURFACE('',#2649,3.45E0);
#2652=ORIENTED_EDGE('',*,*,#2651,.T.);
#2654=ORIENTED_EDGE('',*,*,#2653,.F.);
#2655=ORIENTED_EDGE('',*,*,#1325,.F.);
#2657=ORIENTED_EDGE('',*,*,#2656,.T.);
#2658=EDGE_LOOP('',(#2652,#2654,#2655,#2657));
#2659=FACE_OUTER_BOUND('',#2658,.F.);
#2660=ADVANCED_FACE('',(#2659),#2650,.T.);
#2661=CARTESIAN_POINT('',(4.064923931632E1,5.351573881020E0,3.814999999770E1));
#2662=DIRECTION('',(0.E0,0.E0,1.E0));
#2663=DIRECTION('',(0.E0,-1.E0,0.E0));
#2664=AXIS2_PLACEMENT_3D('',#2661,#2662,#2663);
#2665=CONICAL_SURFACE('',#2664,3.299999997695E0,4.5E1);
#2667=ORIENTED_EDGE('',*,*,#2666,.T.);
#2669=ORIENTED_EDGE('',*,*,#2668,.T.);
#2670=ORIENTED_EDGE('',*,*,#2651,.F.);
#2672=ORIENTED_EDGE('',*,*,#2671,.F.);
#2673=EDGE_LOOP('',(#2667,#2669,#2670,#2672));
#2674=FACE_OUTER_BOUND('',#2673,.F.);
#2675=ADVANCED_FACE('',(#2674),#2665,.T.);
#2676=CARTESIAN_POINT('',(0.E0,0.E0,3.8E1));
#2677=DIRECTION('',(0.E0,0.E0,-1.E0));
#2678=DIRECTION('',(1.E0,0.E0,0.E0));
#2679=AXIS2_PLACEMENT_3D('',#2676,#2677,#2678);
#2680=PLANE('',#2679);
#2681=ORIENTED_EDGE('',*,*,#2666,.F.);
#2683=ORIENTED_EDGE('',*,*,#2682,.F.);
#2684=EDGE_LOOP('',(#2681,#2683));
#2685=FACE_OUTER_BOUND('',#2684,.F.);
#2686=ADVANCED_FACE('',(#2685),#2680,.T.);
#2687=CARTESIAN_POINT('',(4.064923931632E1,5.351573881020E0,3.814999999770E1));
#2688=DIRECTION('',(0.E0,0.E0,1.E0));
#2689=DIRECTION('',(0.E0,-1.E0,0.E0));
#2690=AXIS2_PLACEMENT_3D('',#2687,#2688,#2689);
#2691=CONICAL_SURFACE('',#2690,3.299999997695E0,4.5E1);
#2692=ORIENTED_EDGE('',*,*,#2682,.T.);
#2693=ORIENTED_EDGE('',*,*,#2671,.T.);
#2695=ORIENTED_EDGE('',*,*,#2694,.F.);
#2696=ORIENTED_EDGE('',*,*,#2668,.F.);
#2697=EDGE_LOOP('',(#2692,#2693,#2695,#2696));
#2698=FACE_OUTER_BOUND('',#2697,.F.);
#2699=ADVANCED_FACE('',(#2698),#2691,.T.);
#2700=CARTESIAN_POINT('',(4.064923931632E1,5.351573881020E0,4.1E1));
#2701=DIRECTION('',(0.E0,0.E0,-1.E0));
#2702=DIRECTION('',(1.E0,0.E0,0.E0));
#2703=AXIS2_PLACEMENT_3D('',#2700,#2701,#2702);
#2704=CYLINDRICAL_SURFACE('',#2703,3.45E0);
#2705=ORIENTED_EDGE('',*,*,#2694,.T.);
#2706=ORIENTED_EDGE('',*,*,#2656,.F.);
#2707=ORIENTED_EDGE('',*,*,#1327,.F.);
#2708=ORIENTED_EDGE('',*,*,#2653,.T.);
#2709=EDGE_LOOP('',(#2705,#2706,#2707,#2708));
#2710=FACE_OUTER_BOUND('',#2709,.F.);
#2711=ADVANCED_FACE('',(#2710),#2704,.T.);
#2712=CARTESIAN_POINT('',(5.361753587131E1,1.203710347023E1,4.1E1));
#2713=DIRECTION('',(1.E0,0.E0,0.E0));
#2714=DIRECTION('',(0.E0,-1.E0,0.E0));
#2715=AXIS2_PLACEMENT_3D('',#2712,#2713,#2714);
#2716=PLANE('',#2715);
#2717=ORIENTED_EDGE('',*,*,#1337,.F.);
#2719=ORIENTED_EDGE('',*,*,#2718,.T.);
#2721=ORIENTED_EDGE('',*,*,#2720,.T.);
#2723=ORIENTED_EDGE('',*,*,#2722,.F.);
#2724=EDGE_LOOP('',(#2717,#2719,#2721,#2723));
#2725=FACE_OUTER_BOUND('',#2724,.F.);
#2726=ADVANCED_FACE('',(#2725),#2716,.F.);
#2727=CARTESIAN_POINT('',(5.236753587131E1,1.203710347023E1,4.1E1));
#2728=DIRECTION('',(0.E0,1.E0,0.E0));
#2729=DIRECTION('',(1.E0,0.E0,0.E0));
#2730=AXIS2_PLACEMENT_3D('',#2727,#2728,#2729);
#2731=PLANE('',#2730);
#2732=ORIENTED_EDGE('',*,*,#1347,.F.);
#2734=ORIENTED_EDGE('',*,*,#2733,.T.);
#2736=ORIENTED_EDGE('',*,*,#2735,.T.);
#2737=ORIENTED_EDGE('',*,*,#2718,.F.);
#2738=EDGE_LOOP('',(#2732,#2734,#2736,#2737));
#2739=FACE_OUTER_BOUND('',#2738,.F.);
#2740=ADVANCED_FACE('',(#2739),#2731,.F.);
#2741=CARTESIAN_POINT('',(5.236753587131E1,3.313699211738E0,4.1E1));
#2742=DIRECTION('',(-1.E0,0.E0,0.E0));
#2743=DIRECTION('',(0.E0,1.E0,0.E0));
#2744=AXIS2_PLACEMENT_3D('',#2741,#2742,#2743);
#2745=PLANE('',#2744);
#2746=ORIENTED_EDGE('',*,*,#1345,.F.);
#2748=ORIENTED_EDGE('',*,*,#2747,.T.);
#2750=ORIENTED_EDGE('',*,*,#2749,.T.);
#2751=ORIENTED_EDGE('',*,*,#2733,.F.);
#2752=EDGE_LOOP('',(#2746,#2748,#2750,#2751));
#2753=FACE_OUTER_BOUND('',#2752,.F.);
#2754=ADVANCED_FACE('',(#2753),#2745,.F.);
#2755=CARTESIAN_POINT('',(4.611753587131E1,3.313699211738E0,4.1E1));
#2756=DIRECTION('',(0.E0,1.E0,0.E0));
#2757=DIRECTION('',(1.E0,0.E0,0.E0));
#2758=AXIS2_PLACEMENT_3D('',#2755,#2756,#2757);
#2759=PLANE('',#2758);
#2760=ORIENTED_EDGE('',*,*,#1343,.F.);
#2762=ORIENTED_EDGE('',*,*,#2761,.T.);
#2764=ORIENTED_EDGE('',*,*,#2763,.T.);
#2765=ORIENTED_EDGE('',*,*,#2747,.F.);
#2766=EDGE_LOOP('',(#2760,#2762,#2764,#2765));
#2767=FACE_OUTER_BOUND('',#2766,.F.);
#2768=ADVANCED_FACE('',(#2767),#2759,.F.);
#2769=CARTESIAN_POINT('',(4.611753587131E1,2.037103470228E0,4.1E1));
#2770=DIRECTION('',(-1.E0,0.E0,0.E0));
#2771=DIRECTION('',(0.E0,1.E0,0.E0));
#2772=AXIS2_PLACEMENT_3D('',#2769,#2770,#2771);
#2773=PLANE('',#2772);
#2774=ORIENTED_EDGE('',*,*,#1341,.F.);
#2776=ORIENTED_EDGE('',*,*,#2775,.T.);
#2778=ORIENTED_EDGE('',*,*,#2777,.T.);
#2779=ORIENTED_EDGE('',*,*,#2761,.F.);
#2780=EDGE_LOOP('',(#2774,#2776,#2778,#2779));
#2781=FACE_OUTER_BOUND('',#2780,.F.);
#2782=ADVANCED_FACE('',(#2781),#2773,.F.);
#2783=CARTESIAN_POINT('',(5.361753587131E1,2.037103470228E0,4.1E1));
#2784=DIRECTION('',(0.E0,-1.E0,0.E0));
#2785=DIRECTION('',(-1.E0,0.E0,0.E0));
#2786=AXIS2_PLACEMENT_3D('',#2783,#2784,#2785);
#2787=PLANE('',#2786);
#2788=ORIENTED_EDGE('',*,*,#1339,.F.);
#2789=ORIENTED_EDGE('',*,*,#2722,.T.);
#2791=ORIENTED_EDGE('',*,*,#2790,.T.);
#2792=ORIENTED_EDGE('',*,*,#2775,.F.);
#2793=EDGE_LOOP('',(#2788,#2789,#2791,#2792));
#2794=FACE_OUTER_BOUND('',#2793,.F.);
#2795=ADVANCED_FACE('',(#2794),#2787,.F.);
#2796=CARTESIAN_POINT('',(0.E0,0.E0,4.13E1));
#2797=DIRECTION('',(0.E0,0.E0,-1.E0));
#2798=DIRECTION('',(-1.E0,0.E0,0.E0));
#2799=AXIS2_PLACEMENT_3D('',#2796,#2797,#2798);
#2800=PLANE('',#2799);
#2801=ORIENTED_EDGE('',*,*,#2720,.F.);
#2802=ORIENTED_EDGE('',*,*,#2735,.F.);
#2803=ORIENTED_EDGE('',*,*,#2749,.F.);
#2804=ORIENTED_EDGE('',*,*,#2763,.F.);
#2805=ORIENTED_EDGE('',*,*,#2777,.F.);
#2806=ORIENTED_EDGE('',*,*,#2790,.F.);
#2807=EDGE_LOOP('',(#2801,#2802,#2803,#2804,#2805,#2806));
#2808=FACE_OUTER_BOUND('',#2807,.F.);
#2809=ADVANCED_FACE('',(#2808),#2800,.T.);
#2813=DIMENSIONAL_EXPONENTS(0.E0,0.E0,0.E0,0.E0,0.E0,0.E0,0.E0);
#2815=PLANE_ANGLE_MEASURE_WITH_UNIT(PLANE_ANGLE_MEASURE(1.745329251994E-2),
#2814);
#2816=(CONVERSION_BASED_UNIT('DEGREE',#2815)NAMED_UNIT(*)PLANE_ANGLE_UNIT());
#2818=UNCERTAINTY_MEASURE_WITH_UNIT(LENGTH_MEASURE(6.934300393112E-3),#2812,
'closure',
'Maximum model space distance between geometric entities at asserted connectivities');
#2819=(GEOMETRIC_REPRESENTATION_CONTEXT(3)GLOBAL_UNCERTAINTY_ASSIGNED_CONTEXT((
#2818))GLOBAL_UNIT_ASSIGNED_CONTEXT((#2812,#2816,#2817))REPRESENTATION_CONTEXT(
'ID1','3'));
#2821=APPLICATION_CONTEXT(
'CONFIGURATION CONTROLLED 3D DESIGNS OF MECHANICAL PARTS AND ASSEMBLIES');
#2822=APPLICATION_PROTOCOL_DEFINITION('international standard',
'config_control_design',1994,#2821);
#2823=DESIGN_CONTEXT('',#2821,'design');
#2824=MECHANICAL_CONTEXT('',#2821,'mechanical');
#2825=PRODUCT('2-STOPER-L','2-STOPER-L','NOT SPECIFIED',(#2824));
#2826=PRODUCT_DEFINITION_FORMATION_WITH_SPECIFIED_SOURCE('14','LAST_VERSION',
#2825,.MADE.);
#2830=PRODUCT_CATEGORY('part','');
#2831=PRODUCT_RELATED_PRODUCT_CATEGORY('detail','',(#2825));
#2832=PRODUCT_CATEGORY_RELATIONSHIP('','',#2830,#2831);
#2833=SECURITY_CLASSIFICATION_LEVEL('unclassified');
#2834=SECURITY_CLASSIFICATION('','',#2833);
#2835=CC_DESIGN_SECURITY_CLASSIFICATION(#2834,(#2826));
#2836=APPROVAL_STATUS('approved');
#2837=APPROVAL(#2836,'');
#2838=CC_DESIGN_APPROVAL(#2837,(#2834,#2826,#2827));
#2839=CALENDAR_DATE(126,23,5);
#2840=COORDINATED_UNIVERSAL_TIME_OFFSET(8,0,.AHEAD.);
#2841=LOCAL_TIME(17,28,5.9E1,#2840);
#2842=DATE_AND_TIME(#2839,#2841);
#2843=APPROVAL_DATE_TIME(#2842,#2837);
#2844=DATE_TIME_ROLE('creation_date');
#2845=CC_DESIGN_DATE_AND_TIME_ASSIGNMENT(#2842,#2844,(#2827));
#2846=DATE_TIME_ROLE('classification_date');
#2847=CC_DESIGN_DATE_AND_TIME_ASSIGNMENT(#2842,#2846,(#2834));
#2848=PERSON('UNSPECIFIED','UNSPECIFIED',$,$,$,$);
#2849=ORGANIZATION('UNSPECIFIED','UNSPECIFIED','UNSPECIFIED');
#2850=PERSON_AND_ORGANIZATION(#2848,#2849);
#2851=APPROVAL_ROLE('approver');
#2852=APPROVAL_PERSON_ORGANIZATION(#2850,#2837,#2851);
#2853=PERSON_AND_ORGANIZATION_ROLE('creator');
#2854=CC_DESIGN_PERSON_AND_ORGANIZATION_ASSIGNMENT(#2850,#2853,(#2826,#2827));
#2855=PERSON_AND_ORGANIZATION_ROLE('design_supplier');
#2856=CC_DESIGN_PERSON_AND_ORGANIZATION_ASSIGNMENT(#2850,#2855,(#2826));
#2857=PERSON_AND_ORGANIZATION_ROLE('classification_officer');
#2858=CC_DESIGN_PERSON_AND_ORGANIZATION_ASSIGNMENT(#2850,#2857,(#2834));
#2859=PERSON_AND_ORGANIZATION_ROLE('design_owner');
#2860=CC_DESIGN_PERSON_AND_ORGANIZATION_ASSIGNMENT(#2850,#2859,(#2825));
#6=CIRCLE('',#5,1.6E0);
#11=CIRCLE('',#10,1.6E0);
#16=CIRCLE('',#15,1.6E0);
#21=CIRCLE('',#20,1.6E0);
#26=CIRCLE('',#25,3.45E0);
#31=CIRCLE('',#30,3.45E0);
#48=CIRCLE('',#47,3.E0);
#105=CIRCLE('',#104,1.6E0);
#110=CIRCLE('',#109,1.6E0);
#115=CIRCLE('',#114,3.E0);
#120=CIRCLE('',#119,3.E0);
#125=CIRCLE('',#124,3.25E0);
#130=CIRCLE('',#129,3.25E0);
#135=CIRCLE('',#134,3.25E0);
#140=CIRCLE('',#139,3.25E0);
#145=CIRCLE('',#144,3.25E0);
#150=CIRCLE('',#149,2.E0);
#159=CIRCLE('',#158,2.E0);
#168=CIRCLE('',#167,2.E0);
#177=CIRCLE('',#176,2.E0);
#186=CIRCLE('',#185,2.E0);
#195=CIRCLE('',#194,2.E0);
#204=CIRCLE('',#203,2.E0);
#213=CIRCLE('',#212,2.E0);
#222=CIRCLE('',#221,2.E0);
#231=CIRCLE('',#230,1.E0);
#240=CIRCLE('',#239,3.E0);
#249=CIRCLE('',#248,1.E0);
#262=CIRCLE('',#261,3.25E0);
#271=CIRCLE('',#270,3.25E0);
#280=CIRCLE('',#279,3.25E0);
#289=CIRCLE('',#288,3.E0);
#294=CIRCLE('',#293,3.E0);
#307=CIRCLE('',#306,1.6E0);
#312=CIRCLE('',#311,1.6E0);
#361=CIRCLE('',#360,1.E0);
#378=CIRCLE('',#377,1.E0);
#395=CIRCLE('',#394,1.E0);
#400=CIRCLE('',#399,1.E0);
#409=CIRCLE('',#408,1.E0);
#418=CIRCLE('',#417,1.E0);
#427=CIRCLE('',#426,1.E0);
#436=CIRCLE('',#435,1.E0);
#445=CIRCLE('',#444,1.E0);
#454=CIRCLE('',#453,1.E0);
#495=CIRCLE('',#494,1.E0);
#512=CIRCLE('',#511,1.E0);
#597=CIRCLE('',#596,3.E0);
#602=CIRCLE('',#601,3.E0);
#623=CIRCLE('',#622,2.E0);
#628=CIRCLE('',#627,2.E0);
#653=CIRCLE('',#652,2.E0);
#658=CIRCLE('',#657,2.E0);
#683=CIRCLE('',#682,2.E0);
#688=CIRCLE('',#687,2.E0);
#709=CIRCLE('',#708,3.E0);
#714=CIRCLE('',#713,3.E0);
#739=CIRCLE('',#738,3.E0);
#804=CIRCLE('',#803,2.7E0);
#813=CIRCLE('',#812,1.7E0);
#838=CIRCLE('',#837,1.7E0);
#847=CIRCLE('',#846,2.7E0);
#924=CIRCLE('',#923,3.45E0);
#937=CIRCLE('',#936,3.15E0);
#942=CIRCLE('',#941,3.15E0);
#951=CIRCLE('',#950,3.45E0);
#1293=EDGE_CURVE('',#1110,#1261,#35,.T.);
#1295=EDGE_CURVE('',#1265,#1261,#779,.T.);
#1297=EDGE_CURVE('',#1265,#1055,#39,.T.);
#1299=EDGE_CURVE('',#1054,#1055,#747,.T.);
#1301=EDGE_CURVE('',#1054,#1083,#43,.T.);
#1303=EDGE_CURVE('',#1082,#1083,#48,.T.);
#1305=EDGE_CURVE('',#1082,#1051,#52,.T.);
#1307=EDGE_CURVE('',#1050,#1051,#911,.T.);
#1309=EDGE_CURVE('',#1245,#1050,#56,.T.);
#1311=EDGE_CURVE('',#1248,#1245,#879,.T.);
#1313=EDGE_CURVE('',#1248,#1111,#60,.T.);
#1315=EDGE_CURVE('',#1110,#1111,#658,.T.);
#1319=EDGE_CURVE('',#1042,#1043,#16,.T.);
#1321=EDGE_CURVE('',#1043,#1042,#21,.T.);
#1325=EDGE_CURVE('',#1046,#1047,#26,.T.);
#1327=EDGE_CURVE('',#1047,#1046,#31,.T.);
#1331=EDGE_CURVE('',#1034,#1035,#6,.T.);
#1333=EDGE_CURVE('',#1035,#1034,#11,.T.);
#1337=EDGE_CURVE('',#1070,#1071,#64,.T.);
#1339=EDGE_CURVE('',#1071,#1073,#68,.T.);
#1341=EDGE_CURVE('',#1073,#1075,#72,.T.);
#1343=EDGE_CURVE('',#1075,#1077,#76,.T.);
#1345=EDGE_CURVE('',#1077,#1079,#80,.T.);
#1347=EDGE_CURVE('',#1079,#1070,#84,.T.);
#1358=EDGE_CURVE('',#1035,#1010,#92,.T.);
#1360=EDGE_CURVE('',#1006,#1010,#110,.T.);
#1362=EDGE_CURVE('',#1034,#1006,#88,.T.);
#1374=EDGE_CURVE('',#1006,#1010,#105,.T.);
#1385=EDGE_CURVE('',#1006,#1007,#96,.T.);
#1387=EDGE_CURVE('',#1007,#1011,#115,.T.);
#1389=EDGE_CURVE('',#1010,#1011,#100,.T.);
#1403=EDGE_CURVE('',#1007,#1011,#120,.T.);
#1413=EDGE_CURVE('',#1014,#1015,#125,.T.);
#1415=EDGE_CURVE('',#1014,#1015,#262,.T.);
#1429=EDGE_CURVE('',#1030,#1031,#130,.T.);
#1431=EDGE_CURVE('',#1014,#1030,#266,.T.);
#1434=EDGE_CURVE('',#1015,#1031,#257,.T.);
#1444=EDGE_CURVE('',#1162,#1163,#204,.T.);
#1446=EDGE_CURVE('',#1205,#1162,#208,.T.);
#1448=EDGE_CURVE('',#1201,#1205,#213,.T.);
#1450=EDGE_CURVE('',#1197,#1201,#217,.T.);
#1452=EDGE_CURVE('',#1193,#1197,#222,.T.);
#1454=EDGE_CURVE('',#1189,#1193,#226,.T.);
#1456=EDGE_CURVE('',#1185,#1189,#231,.T.);
#1458=EDGE_CURVE('',#1181,#1185,#235,.T.);
#1460=EDGE_CURVE('',#1177,#1181,#240,.T.);
#1462=EDGE_CURVE('',#1173,#1177,#244,.T.);
#1464=EDGE_CURVE('',#1169,#1173,#249,.T.);
#1466=EDGE_CURVE('',#1163,#1169,#253,.T.);
#1470=EDGE_CURVE('',#1038,#1039,#140,.T.);
#1472=EDGE_CURVE('',#1039,#1038,#145,.T.);
#1476=EDGE_CURVE('',#1114,#1115,#150,.T.);
#1478=EDGE_CURVE('',#1133,#1114,#154,.T.);
#1480=EDGE_CURVE('',#1129,#1133,#159,.T.);
#1482=EDGE_CURVE('',#1125,#1129,#163,.T.);
#1484=EDGE_CURVE('',#1121,#1125,#168,.T.);
#1486=EDGE_CURVE('',#1115,#1121,#172,.T.);
#1490=EDGE_CURVE('',#1138,#1139,#177,.T.);
#1492=EDGE_CURVE('',#1157,#1138,#181,.T.);
#1494=EDGE_CURVE('',#1153,#1157,#186,.T.);
#1496=EDGE_CURVE('',#1149,#1153,#190,.T.);
#1498=EDGE_CURVE('',#1145,#1149,#195,.T.);
#1500=EDGE_CURVE('',#1139,#1145,#199,.T.);
#1505=EDGE_CURVE('',#1031,#1030,#135,.T.);
#1528=EDGE_CURVE('',#1026,#1038,#284,.T.);
#1530=EDGE_CURVE('',#1026,#1027,#271,.T.);
#1532=EDGE_CURVE('',#1027,#1039,#275,.T.);
#1544=EDGE_CURVE('',#1026,#1027,#280,.T.);
#1559=EDGE_CURVE('',#1019,#1023,#289,.T.);
#1561=EDGE_CURVE('',#1019,#1023,#294,.T.);
#1571=EDGE_CURVE('',#1018,#1019,#298,.T.);
#1574=EDGE_CURVE('',#1022,#1023,#302,.T.);
#1576=EDGE_CURVE('',#1018,#1022,#307,.T.);
#1587=EDGE_CURVE('',#1018,#1022,#312,.T.);
#1600=EDGE_CURVE('',#1043,#1022,#320,.T.);
#1603=EDGE_CURVE('',#1042,#1018,#316,.T.);
#1626=EDGE_CURVE('',#1115,#1119,#328,.T.);
#1628=EDGE_CURVE('',#1118,#1119,#361,.T.);
#1630=EDGE_CURVE('',#1114,#1118,#324,.T.);
#1641=EDGE_CURVE('',#1121,#1123,#332,.T.);
#1643=EDGE_CURVE('',#1119,#1123,#365,.T.);
#1655=EDGE_CURVE('',#1125,#1127,#336,.T.);
#1657=EDGE_CURVE('',#1123,#1127,#378,.T.);
#1669=EDGE_CURVE('',#1129,#1131,#340,.T.);
#1671=EDGE_CURVE('',#1127,#1131,#382,.T.);
#1683=EDGE_CURVE('',#1133,#1135,#344,.T.);
#1685=EDGE_CURVE('',#1131,#1135,#395,.T.);
#1698=EDGE_CURVE('',#1135,#1118,#348,.T.);
#1710=EDGE_CURVE('',#1118,#1099,#352,.T.);
#1712=EDGE_CURVE('',#1099,#1106,#449,.T.);
#1714=EDGE_CURVE('',#1135,#1106,#356,.T.);
#1725=EDGE_CURVE('',#1119,#1098,#373,.T.);
#1727=EDGE_CURVE('',#1098,#1099,#427,.T.);
#1739=EDGE_CURVE('',#1123,#1103,#369,.T.);
#1741=EDGE_CURVE('',#1103,#1098,#431,.T.);
#1753=EDGE_CURVE('',#1127,#1102,#390,.T.);
#1755=EDGE_CURVE('',#1102,#1103,#436,.T.);
#1767=EDGE_CURVE('',#1131,#1107,#386,.T.);
#1769=EDGE_CURVE('',#1107,#1102,#440,.T.);
#1782=EDGE_CURVE('',#1106,#1107,#445,.T.);
#1793=EDGE_CURVE('',#1086,#1087,#400,.T.);
#1795=EDGE_CURVE('',#1091,#1086,#404,.T.);
#1797=EDGE_CURVE('',#1090,#1091,#409,.T.);
#1799=EDGE_CURVE('',#1095,#1090,#413,.T.);
#1801=EDGE_CURVE('',#1094,#1095,#418,.T.);
#1803=EDGE_CURVE('',#1087,#1094,#422,.T.);
#1827=EDGE_CURVE('',#1142,#1143,#454,.T.);
#1829=EDGE_CURVE('',#1143,#1086,#524,.T.);
#1832=EDGE_CURVE('',#1142,#1087,#486,.T.);
#1843=EDGE_CURVE('',#1139,#1143,#462,.T.);
#1846=EDGE_CURVE('',#1138,#1142,#458,.T.);
#1857=EDGE_CURVE('',#1145,#1147,#466,.T.);
#1859=EDGE_CURVE('',#1143,#1147,#516,.T.);
#1871=EDGE_CURVE('',#1149,#1151,#470,.T.);
#1873=EDGE_CURVE('',#1147,#1151,#512,.T.);
#1885=EDGE_CURVE('',#1153,#1155,#474,.T.);
#1887=EDGE_CURVE('',#1151,#1155,#499,.T.);
#1899=EDGE_CURVE('',#1157,#1159,#478,.T.);
#1901=EDGE_CURVE('',#1155,#1159,#495,.T.);
#1914=EDGE_CURVE('',#1159,#1142,#482,.T.);
#1928=EDGE_CURVE('',#1159,#1094,#490,.T.);
#1941=EDGE_CURVE('',#1155,#1095,#503,.T.);
#1954=EDGE_CURVE('',#1151,#1090,#507,.T.);
#1967=EDGE_CURVE('',#1147,#1091,#520,.T.);
#1990=EDGE_CURVE('',#1163,#1167,#532,.T.);
#1992=EDGE_CURVE('',#1166,#1167,#597,.T.);
#1994=EDGE_CURVE('',#1162,#1166,#528,.T.);
#2005=EDGE_CURVE('',#1169,#1171,#536,.T.);
#2007=EDGE_CURVE('',#1167,#1171,#606,.T.);
#2019=EDGE_CURVE('',#1173,#1175,#540,.T.);
#2021=EDGE_CURVE('',#1171,#1175,#623,.T.);
#2033=EDGE_CURVE('',#1177,#1179,#544,.T.);
#2035=EDGE_CURVE('',#1175,#1179,#632,.T.);
#2047=EDGE_CURVE('',#1181,#1183,#548,.T.);
#2049=EDGE_CURVE('',#1179,#1183,#653,.T.);
#2061=EDGE_CURVE('',#1185,#1187,#552,.T.);
#2063=EDGE_CURVE('',#1183,#1187,#662,.T.);
#2075=EDGE_CURVE('',#1189,#1191,#556,.T.);
#2077=EDGE_CURVE('',#1187,#1191,#683,.T.);
#2089=EDGE_CURVE('',#1193,#1195,#560,.T.);
#2091=EDGE_CURVE('',#1191,#1195,#692,.T.);
#2103=EDGE_CURVE('',#1197,#1199,#564,.T.);
#2105=EDGE_CURVE('',#1195,#1199,#709,.T.);
#2117=EDGE_CURVE('',#1201,#1203,#568,.T.);
#2119=EDGE_CURVE('',#1199,#1203,#718,.T.);
#2131=EDGE_CURVE('',#1205,#1207,#572,.T.);
#2133=EDGE_CURVE('',#1203,#1207,#739,.T.);
#2146=EDGE_CURVE('',#1207,#1166,#576,.T.);
#2158=EDGE_CURVE('',#1215,#1166,#580,.T.);
#2160=EDGE_CURVE('',#1215,#1238,#584,.T.);
#2162=EDGE_CURVE('',#1238,#1051,#588,.T.);
#2165=EDGE_CURVE('',#1207,#1082,#592,.T.);
#2176=EDGE_CURVE('',#1213,#1167,#618,.T.);
#2178=EDGE_CURVE('',#1213,#1215,#602,.T.);
#2190=EDGE_CURVE('',#1223,#1171,#610,.T.);
#2192=EDGE_CURVE('',#1223,#1213,#614,.T.);
#2204=EDGE_CURVE('',#1221,#1175,#648,.T.);
#2206=EDGE_CURVE('',#1221,#1223,#628,.T.);
#2218=EDGE_CURVE('',#1179,#1111,#636,.T.);
#2221=EDGE_CURVE('',#1248,#1249,#640,.T.);
#2223=EDGE_CURVE('',#1249,#1221,#644,.T.);
#2235=EDGE_CURVE('',#1183,#1110,#678,.T.);
#2248=EDGE_CURVE('',#1187,#1209,#666,.T.);
#2250=EDGE_CURVE('',#1209,#1260,#670,.T.);
#2252=EDGE_CURVE('',#1260,#1261,#674,.T.);
#2265=EDGE_CURVE('',#1191,#1211,#704,.T.);
#2267=EDGE_CURVE('',#1211,#1209,#688,.T.);
#2279=EDGE_CURVE('',#1219,#1195,#696,.T.);
#2281=EDGE_CURVE('',#1219,#1211,#700,.T.);
#2293=EDGE_CURVE('',#1217,#1199,#734,.T.);
#2295=EDGE_CURVE('',#1217,#1219,#714,.T.);
#2307=EDGE_CURVE('',#1203,#1083,#722,.T.);
#2310=EDGE_CURVE('',#1269,#1054,#726,.T.);
#2312=EDGE_CURVE('',#1269,#1217,#730,.T.);
#2335=EDGE_CURVE('',#1268,#1269,#743,.T.);
#2339=EDGE_CURVE('',#1268,#1055,#771,.T.);
#2350=EDGE_CURVE('',#1268,#1272,#759,.T.);
#2352=EDGE_CURVE('',#1272,#1273,#825,.T.);
#2354=EDGE_CURVE('',#1269,#1273,#751,.T.);
#2364=EDGE_CURVE('',#1264,#1268,#767,.T.);
#2366=EDGE_CURVE('',#1264,#1287,#775,.T.);
#2368=EDGE_CURVE('',#1287,#1283,#755,.T.);
#2370=EDGE_CURVE('',#1283,#1272,#829,.T.);
#2381=EDGE_CURVE('',#1264,#1265,#763,.T.);
#2395=EDGE_CURVE('',#1260,#1287,#787,.T.);
#2409=EDGE_CURVE('',#1281,#1209,#783,.T.);
#2411=EDGE_CURVE('',#1281,#1283,#833,.T.);
#2423=EDGE_CURVE('',#1279,#1281,#838,.T.);
#2427=EDGE_CURVE('',#1279,#1211,#791,.T.);
#2437=EDGE_CURVE('',#1234,#1235,#795,.T.);
#2439=EDGE_CURVE('',#1251,#1234,#799,.T.);
#2441=EDGE_CURVE('',#1253,#1251,#804,.T.);
#2443=EDGE_CURVE('',#1255,#1253,#808,.T.);
#2445=EDGE_CURVE('',#1257,#1255,#813,.T.);
#2447=EDGE_CURVE('',#1243,#1257,#817,.T.);
#2449=EDGE_CURVE('',#1235,#1243,#821,.T.);
#2463=EDGE_CURVE('',#1277,#1279,#842,.T.);
#2465=EDGE_CURVE('',#1275,#1277,#847,.T.);
#2467=EDGE_CURVE('',#1273,#1275,#851,.T.);
#2478=EDGE_CURVE('',#1239,#1235,#855,.T.);
#2480=EDGE_CURVE('',#1238,#1239,#907,.T.);
#2482=EDGE_CURVE('',#1238,#1234,#903,.T.);
#2492=EDGE_CURVE('',#1239,#1241,#863,.T.);
#2496=EDGE_CURVE('',#1243,#1285,#883,.T.);
#2498=EDGE_CURVE('',#1285,#1241,#859,.T.);
#2509=EDGE_CURVE('',#1245,#1241,#867,.T.);
#2512=EDGE_CURVE('',#1239,#1050,#871,.T.);
#2524=EDGE_CURVE('',#1249,#1285,#875,.T.);
#2537=EDGE_CURVE('',#1257,#1221,#887,.T.);
#2551=EDGE_CURVE('',#1255,#1223,#891,.T.);
#2564=EDGE_CURVE('',#1253,#1213,#895,.T.);
#2577=EDGE_CURVE('',#1251,#1215,#899,.T.);
#2616=EDGE_CURVE('',#1277,#1219,#915,.T.);
#2629=EDGE_CURVE('',#1275,#1217,#919,.T.);
#2651=EDGE_CURVE('',#1230,#1231,#924,.T.);
#2653=EDGE_CURVE('',#1047,#1231,#955,.T.);
#2656=EDGE_CURVE('',#1046,#1230,#928,.T.);
#2666=EDGE_CURVE('',#1226,#1227,#937,.T.);
#2668=EDGE_CURVE('',#1227,#1231,#946,.T.);
#2671=EDGE_CURVE('',#1226,#1230,#932,.T.);
#2682=EDGE_CURVE('',#1227,#1226,#942,.T.);
#2694=EDGE_CURVE('',#1231,#1230,#951,.T.);
#2718=EDGE_CURVE('',#1070,#1058,#959,.T.);
#2720=EDGE_CURVE('',#1058,#1059,#983,.T.);
#2722=EDGE_CURVE('',#1071,#1059,#979,.T.);
#2733=EDGE_CURVE('',#1079,#1067,#963,.T.);
#2735=EDGE_CURVE('',#1067,#1058,#987,.T.);
#2747=EDGE_CURVE('',#1077,#1065,#967,.T.);
#2749=EDGE_CURVE('',#1065,#1067,#991,.T.);
#2761=EDGE_CURVE('',#1075,#1063,#971,.T.);
#2763=EDGE_CURVE('',#1063,#1065,#995,.T.);
#2775=EDGE_CURVE('',#1073,#1061,#975,.T.);
#2777=EDGE_CURVE('',#1061,#1063,#999,.T.);
#2790=EDGE_CURVE('',#1059,#1061,#1003,.T.);
#2810=CLOSED_SHELL('',(#1351,#1366,#1379,#1394,#1407,#1423,#1438,#1509,#1521,
#1536,#1549,#1565,#1580,#1593,#1607,#1619,#1634,#1648,#1662,#1676,#1690,#1703,
#1718,#1732,#1746,#1760,#1774,#1787,#1807,#1821,#1836,#1850,#1864,#1878,#1892,
#1906,#1919,#1932,#1945,#1958,#1971,#1983,#1998,#2012,#2026,#2040,#2054,#2068,
#2082,#2096,#2110,#2124,#2138,#2151,#2169,#2183,#2197,#2211,#2228,#2241,#2258,
#2272,#2286,#2300,#2317,#2329,#2343,#2358,#2375,#2388,#2402,#2417,#2431,#2453,
#2471,#2486,#2502,#2516,#2530,#2544,#2557,#2570,#2583,#2595,#2607,#2620,#2633,
#2645,#2660,#2675,#2686,#2699,#2711,#2726,#2740,#2754,#2768,#2782,#2795,#2809));
#2811=MANIFOLD_SOLID_BREP('',#2810);
#2812=(LENGTH_UNIT()NAMED_UNIT(*)SI_UNIT(.MILLI.,.METRE.));
#2814=(NAMED_UNIT(*)PLANE_ANGLE_UNIT()SI_UNIT($,.RADIAN.));
#2817=(NAMED_UNIT(*)SI_UNIT($,.STERADIAN.)SOLID_ANGLE_UNIT());
#2820=ADVANCED_BREP_SHAPE_REPRESENTATION('',(#2811),#2819);
#2827=PRODUCT_DEFINITION('design','',#2826,#2823);
#2828=PRODUCT_DEFINITION_SHAPE('','SHAPE FOR 2-STOPER-L.',#2827);
#2829=SHAPE_DEFINITION_REPRESENTATION(#2828,#2820);
ENDSEC;
END-ISO-10303-21;
