ISO-10303-21;
HEADER;
/* Generated by software containing ST-Developer
 * from STEP Tools, Inc. (www.steptools.com) 
 */

FILE_DESCRIPTION(
/* description */ ('NOT SPECIFIED'),
/* implementation_level */ '2;1');

FILE_NAME(
/* name */ '1-CLIP.step',
/* time_stamp */ '2026-07-07T17:52:21+08:00',
/* author */ (''),
/* organization */ (''),
/* preprocessor_version */ 'ST-DEVELOPER v20.1',
/* originating_system */ 'Autodesk Translation Framework v15.8.0.0',
/* authorisation */ '');

FILE_SCHEMA (('AUTOMOTIVE_DESIGN { 1 0 10303 214 3 1 1 }'));
ENDSEC;

DATA;
#10=MECHANICAL_DESIGN_GEOMETRIC_PRESENTATION_REPRESENTATION('',(#13),#2878);
#11=SHAPE_REPRESENTATION_RELATIONSHIP('SRR','None',#2885,#12);
#12=ADVANCED_BREP_SHAPE_REPRESENTATION('',(#14),#2877);
#13=STYLED_ITEM('',(#2894),#14);
#14=MANIFOLD_SOLID_BREP('\X2\5B9E4F53\X0\1',#1586);
#15=B_SPLINE_SURFACE_WITH_KNOTS('',3,3,((#2535,#2536,#2537,#2538),(#2539,
#2540,#2541,#2542),(#2543,#2544,#2545,#2546),(#2547,#2548,#2549,#2550),
(#2551,#2552,#2553,#2554),(#2555,#2556,#2557,#2558),(#2559,#2560,#2561,
#2562),(#2563,#2564,#2565,#2566),(#2567,#2568,#2569,#2570)),
 .UNSPECIFIED.,.F.,.F.,.F.,(4,1,1,1,1,1,4),(4,4),(-0.01280760689897,0.,
0.9999956680848,0.999996992333,0.9999984815949,1.,1.015407505399),(-0.01474350472801,
1.01462005639),.UNSPECIFIED.);
#16=B_SPLINE_SURFACE_WITH_KNOTS('',3,3,((#2616,#2617,#2618,#2619),(#2620,
#2621,#2622,#2623),(#2624,#2625,#2626,#2627),(#2628,#2629,#2630,#2631),
(#2632,#2633,#2634,#2635),(#2636,#2637,#2638,#2639)),.UNSPECIFIED.,.F.,
 .F.,.F.,(4,1,1,4),(4,4),(-0.01542654168296,0.,1.,1.015667881971),(-0.01480063850908,
1.014800638508),.UNSPECIFIED.);
#17=B_SPLINE_SURFACE_WITH_KNOTS('',3,3,((#2669,#2670,#2671,#2672),(#2673,
#2674,#2675,#2676),(#2677,#2678,#2679,#2680),(#2681,#2682,#2683,#2684),
(#2685,#2686,#2687,#2688),(#2689,#2690,#2691,#2692)),.UNSPECIFIED.,.F.,
 .F.,.F.,(4,1,1,4),(4,4),(-0.01542654168536,0.,1.,1.015667881971),(-0.01480063850986,
1.01480063851),.UNSPECIFIED.);
#18=B_SPLINE_SURFACE_WITH_KNOTS('',3,3,((#2730,#2731,#2732,#2733),(#2734,
#2735,#2736,#2737),(#2738,#2739,#2740,#2741),(#2742,#2743,#2744,#2745)),
 .UNSPECIFIED.,.F.,.F.,.F.,(4,4),(4,4),(4.809326590969E-13,0.9999984650277),
(0.06884700697804,0.9311701750551),.UNSPECIFIED.);
#19=B_SPLINE_CURVE_WITH_KNOTS('',3,(#2519,#2520,#2521,#2522,#2523,#2524,
#2525,#2526,#2527,#2528,#2529,#2530,#2531,#2532,#2533,#2534),
 .UNSPECIFIED.,.F.,.F.,(4,2,2,2,2,2,2,4),(-0.478026885956766,-0.45375481565743,
-0.43907821249802,-0.409726493333025,-0.351028572330657,-0.23370624835567,
-0.116685997207961,-1.00000003139256E-6),.UNSPECIFIED.);
#20=B_SPLINE_CURVE_WITH_KNOTS('',3,(#2572,#2573,#2574,#2575,#2576,#2577,
#2578,#2579,#2580,#2581,#2582,#2583,#2584,#2585,#2586,#2587,#2588,#2589,
#2590,#2591,#2592,#2593),.UNSPECIFIED.,.F.,.F.,(4,2,2,2,2,2,2,2,2,2,4),
(-0.272505238910252,-0.205306083569692,-0.138227872576926,-0.0692785426818503,
-0.0348027923208384,-0.0175677699032322,-0.00895024532150423,-0.00464126855775011,
-0.00248669105286098,-0.00140937493080293,-9.99553784492716E-7),
 .UNSPECIFIED.);
#21=B_SPLINE_CURVE_WITH_KNOTS('',3,(#2599,#2600,#2601,#2602,#2603,#2604,
#2605,#2606,#2607,#2608),.UNSPECIFIED.,.F.,.F.,(4,2,2,2,4),(1.00000000799852E-6,
0.0975071730219938,0.19499938910784,0.289644366239257,0.384493324224475),
 .UNSPECIFIED.);
#22=B_SPLINE_CURVE_WITH_KNOTS('',3,(#2642,#2643,#2644,#2645,#2646,#2647,
#2648,#2649,#2650,#2651),.UNSPECIFIED.,.F.,.F.,(4,2,2,2,4),(-0.474712991364012,
-0.355883577531278,-0.23761530805759,-0.118687888749673,-1.00000001657108E-6),
 .UNSPECIFIED.);
#23=B_SPLINE_CURVE_WITH_KNOTS('',3,(#2659,#2660,#2661,#2662,#2663,#2664,
#2665,#2666,#2667,#2668),.UNSPECIFIED.,.F.,.F.,(4,2,2,2,4),(1.00000001523624E-6,
0.118686197861329,0.237611916685058,0.355881881766299,0.474712999178692),
 .UNSPECIFIED.);
#24=B_SPLINE_CURVE_WITH_KNOTS('',3,(#2695,#2696,#2697,#2698,#2699,#2700,
#2701,#2702,#2703,#2704),.UNSPECIFIED.,.F.,.F.,(4,2,2,2,4),(1.00000004009415E-6,
0.0948738723898462,0.189542738491056,0.287021861556911,0.384514914115266),
 .UNSPECIFIED.);
#25=B_SPLINE_CURVE_WITH_KNOTS('',3,(#2711,#2712,#2713,#2714,#2715,#2716,
#2717,#2718,#2719,#2720),.UNSPECIFIED.,.F.,.F.,(4,2,2,2,4),(-0.553450195924549,
-0.413525938999011,-0.273614838104186,-0.13693046469352,0.),
 .UNSPECIFIED.);
#26=B_SPLINE_CURVE_WITH_KNOTS('',3,(#2748,#2749,#2750,#2751,#2752,#2753,
#2754,#2755,#2756,#2757,#2758,#2759,#2760,#2761,#2762,#2763,#2764,#2765,
#2766,#2767,#2768,#2769,#2770,#2771,#2772,#2773,#2774,#2775,#2776,#2777,
#2778,#2779,#2780,#2781,#2782,#2783,#2784,#2785,#2786,#2787,#2788,#2789,
#2790,#2791,#2792,#2793,#2794,#2795,#2796,#2797,#2798,#2799),
 .UNSPECIFIED.,.F.,.F.,(4,3,3,3,3,3,3,3,3,3,3,3,3,3,3,3,3,4),(0.,0.0796751383640135,
0.158488366050355,0.2,0.254849139369413,0.309979817469697,0.365628546120898,
0.4,0.487271107291251,0.576371963950397,0.6,0.657973722547357,0.715893146245511,
0.773253035927118,0.8,0.876734718202295,0.953483042580254,1.),
 .UNSPECIFIED.);
#27=CONICAL_SURFACE('',#1662,2.299999993474,0.510488321916829);
#28=CONICAL_SURFACE('',#1676,2.299999993474,0.510488321916829);
#29=CONICAL_SURFACE('',#1680,2.299999993474,0.510488321916829);
#30=CONICAL_SURFACE('',#1684,2.299999993474,0.510488321916829);
#31=FACE_BOUND('',#186,.T.);
#32=FACE_BOUND('',#187,.T.);
#33=FACE_BOUND('',#188,.T.);
#34=FACE_BOUND('',#189,.T.);
#35=FACE_BOUND('',#190,.T.);
#36=FACE_BOUND('',#191,.T.);
#37=FACE_BOUND('',#222,.T.);
#38=FACE_BOUND('',#223,.T.);
#39=FACE_BOUND('',#224,.T.);
#40=FACE_BOUND('',#225,.T.);
#41=FACE_BOUND('',#229,.T.);
#42=FACE_BOUND('',#230,.T.);
#43=FACE_BOUND('',#231,.T.);
#44=FACE_BOUND('',#232,.T.);
#45=FACE_BOUND('',#242,.T.);
#46=FACE_BOUND('',#243,.T.);
#47=PLANE('',#1603);
#48=PLANE('',#1617);
#49=PLANE('',#1620);
#50=PLANE('',#1621);
#51=PLANE('',#1624);
#52=PLANE('',#1627);
#53=PLANE('',#1628);
#54=PLANE('',#1631);
#55=PLANE('',#1634);
#56=PLANE('',#1635);
#57=PLANE('',#1638);
#58=PLANE('',#1641);
#59=PLANE('',#1642);
#60=PLANE('',#1645);
#61=PLANE('',#1648);
#62=PLANE('',#1649);
#63=PLANE('',#1650);
#64=PLANE('',#1653);
#65=PLANE('',#1654);
#66=PLANE('',#1655);
#67=PLANE('',#1667);
#68=PLANE('',#1686);
#69=PLANE('',#1687);
#70=PLANE('',#1696);
#71=PLANE('',#1698);
#72=PLANE('',#1699);
#73=PLANE('',#1700);
#74=PLANE('',#1701);
#75=PLANE('',#1704);
#76=PLANE('',#1705);
#77=PLANE('',#1706);
#78=PLANE('',#1707);
#79=PLANE('',#1708);
#80=PLANE('',#1710);
#81=PLANE('',#1711);
#82=PLANE('',#1712);
#83=PLANE('',#1713);
#84=PLANE('',#1714);
#85=PLANE('',#1715);
#86=PLANE('',#1716);
#87=PLANE('',#1719);
#88=PLANE('',#1722);
#89=PLANE('',#1726);
#90=PLANE('',#1732);
#91=PLANE('',#1734);
#92=PLANE('',#1736);
#93=PLANE('',#1738);
#94=PLANE('',#1740);
#95=PLANE('',#1742);
#96=PLANE('',#1744);
#97=FACE_OUTER_BOUND('',#184,.T.);
#98=FACE_OUTER_BOUND('',#185,.T.);
#99=FACE_OUTER_BOUND('',#192,.T.);
#100=FACE_OUTER_BOUND('',#193,.T.);
#101=FACE_OUTER_BOUND('',#194,.T.);
#102=FACE_OUTER_BOUND('',#195,.T.);
#103=FACE_OUTER_BOUND('',#196,.T.);
#104=FACE_OUTER_BOUND('',#197,.T.);
#105=FACE_OUTER_BOUND('',#198,.T.);
#106=FACE_OUTER_BOUND('',#199,.T.);
#107=FACE_OUTER_BOUND('',#200,.T.);
#108=FACE_OUTER_BOUND('',#201,.T.);
#109=FACE_OUTER_BOUND('',#202,.T.);
#110=FACE_OUTER_BOUND('',#203,.T.);
#111=FACE_OUTER_BOUND('',#204,.T.);
#112=FACE_OUTER_BOUND('',#205,.T.);
#113=FACE_OUTER_BOUND('',#206,.T.);
#114=FACE_OUTER_BOUND('',#207,.T.);
#115=FACE_OUTER_BOUND('',#208,.T.);
#116=FACE_OUTER_BOUND('',#209,.T.);
#117=FACE_OUTER_BOUND('',#210,.T.);
#118=FACE_OUTER_BOUND('',#211,.T.);
#119=FACE_OUTER_BOUND('',#212,.T.);
#120=FACE_OUTER_BOUND('',#213,.T.);
#121=FACE_OUTER_BOUND('',#214,.T.);
#122=FACE_OUTER_BOUND('',#215,.T.);
#123=FACE_OUTER_BOUND('',#216,.T.);
#124=FACE_OUTER_BOUND('',#217,.T.);
#125=FACE_OUTER_BOUND('',#218,.T.);
#126=FACE_OUTER_BOUND('',#219,.T.);
#127=FACE_OUTER_BOUND('',#220,.T.);
#128=FACE_OUTER_BOUND('',#221,.T.);
#129=FACE_OUTER_BOUND('',#226,.T.);
#130=FACE_OUTER_BOUND('',#227,.T.);
#131=FACE_OUTER_BOUND('',#228,.T.);
#132=FACE_OUTER_BOUND('',#233,.T.);
#133=FACE_OUTER_BOUND('',#234,.T.);
#134=FACE_OUTER_BOUND('',#235,.T.);
#135=FACE_OUTER_BOUND('',#236,.T.);
#136=FACE_OUTER_BOUND('',#237,.T.);
#137=FACE_OUTER_BOUND('',#238,.T.);
#138=FACE_OUTER_BOUND('',#239,.T.);
#139=FACE_OUTER_BOUND('',#240,.T.);
#140=FACE_OUTER_BOUND('',#241,.T.);
#141=FACE_OUTER_BOUND('',#244,.T.);
#142=FACE_OUTER_BOUND('',#245,.T.);
#143=FACE_OUTER_BOUND('',#246,.T.);
#144=FACE_OUTER_BOUND('',#247,.T.);
#145=FACE_OUTER_BOUND('',#248,.T.);
#146=FACE_OUTER_BOUND('',#249,.T.);
#147=FACE_OUTER_BOUND('',#250,.T.);
#148=FACE_OUTER_BOUND('',#251,.T.);
#149=FACE_OUTER_BOUND('',#252,.T.);
#150=FACE_OUTER_BOUND('',#253,.T.);
#151=FACE_OUTER_BOUND('',#254,.T.);
#152=FACE_OUTER_BOUND('',#255,.T.);
#153=FACE_OUTER_BOUND('',#256,.T.);
#154=FACE_OUTER_BOUND('',#257,.T.);
#155=FACE_OUTER_BOUND('',#258,.T.);
#156=FACE_OUTER_BOUND('',#259,.T.);
#157=FACE_OUTER_BOUND('',#260,.T.);
#158=FACE_OUTER_BOUND('',#261,.T.);
#159=FACE_OUTER_BOUND('',#262,.T.);
#160=FACE_OUTER_BOUND('',#263,.T.);
#161=FACE_OUTER_BOUND('',#264,.T.);
#162=FACE_OUTER_BOUND('',#265,.T.);
#163=FACE_OUTER_BOUND('',#266,.T.);
#164=FACE_OUTER_BOUND('',#267,.T.);
#165=FACE_OUTER_BOUND('',#268,.T.);
#166=FACE_OUTER_BOUND('',#269,.T.);
#167=FACE_OUTER_BOUND('',#270,.T.);
#168=FACE_OUTER_BOUND('',#271,.T.);
#169=FACE_OUTER_BOUND('',#272,.T.);
#170=FACE_OUTER_BOUND('',#273,.T.);
#171=FACE_OUTER_BOUND('',#274,.T.);
#172=FACE_OUTER_BOUND('',#275,.T.);
#173=FACE_OUTER_BOUND('',#276,.T.);
#174=FACE_OUTER_BOUND('',#277,.T.);
#175=FACE_OUTER_BOUND('',#278,.T.);
#176=FACE_OUTER_BOUND('',#279,.T.);
#177=FACE_OUTER_BOUND('',#280,.T.);
#178=FACE_OUTER_BOUND('',#281,.T.);
#179=FACE_OUTER_BOUND('',#282,.T.);
#180=FACE_OUTER_BOUND('',#283,.T.);
#181=FACE_OUTER_BOUND('',#284,.T.);
#182=FACE_OUTER_BOUND('',#285,.T.);
#183=FACE_OUTER_BOUND('',#286,.T.);
#184=EDGE_LOOP('',(#1024,#1025,#1026,#1027));
#185=EDGE_LOOP('',(#1028,#1029,#1030,#1031,#1032,#1033,#1034,#1035,#1036,
#1037));
#186=EDGE_LOOP('',(#1038,#1039,#1040,#1041));
#187=EDGE_LOOP('',(#1042,#1043,#1044,#1045));
#188=EDGE_LOOP('',(#1046,#1047,#1048,#1049));
#189=EDGE_LOOP('',(#1050,#1051,#1052,#1053));
#190=EDGE_LOOP('',(#1054,#1055,#1056,#1057));
#191=EDGE_LOOP('',(#1058,#1059,#1060,#1061));
#192=EDGE_LOOP('',(#1062,#1063,#1064,#1065));
#193=EDGE_LOOP('',(#1066,#1067,#1068,#1069));
#194=EDGE_LOOP('',(#1070,#1071,#1072,#1073));
#195=EDGE_LOOP('',(#1074,#1075,#1076,#1077));
#196=EDGE_LOOP('',(#1078,#1079,#1080,#1081));
#197=EDGE_LOOP('',(#1082,#1083,#1084,#1085));
#198=EDGE_LOOP('',(#1086,#1087,#1088,#1089));
#199=EDGE_LOOP('',(#1090,#1091,#1092,#1093));
#200=EDGE_LOOP('',(#1094,#1095,#1096,#1097));
#201=EDGE_LOOP('',(#1098,#1099,#1100,#1101));
#202=EDGE_LOOP('',(#1102,#1103,#1104,#1105));
#203=EDGE_LOOP('',(#1106,#1107,#1108,#1109));
#204=EDGE_LOOP('',(#1110,#1111,#1112,#1113));
#205=EDGE_LOOP('',(#1114,#1115,#1116,#1117));
#206=EDGE_LOOP('',(#1118,#1119,#1120,#1121));
#207=EDGE_LOOP('',(#1122,#1123,#1124,#1125));
#208=EDGE_LOOP('',(#1126,#1127,#1128,#1129));
#209=EDGE_LOOP('',(#1130,#1131,#1132,#1133));
#210=EDGE_LOOP('',(#1134,#1135,#1136,#1137));
#211=EDGE_LOOP('',(#1138,#1139,#1140,#1141));
#212=EDGE_LOOP('',(#1142,#1143,#1144,#1145));
#213=EDGE_LOOP('',(#1146,#1147,#1148,#1149));
#214=EDGE_LOOP('',(#1150,#1151,#1152,#1153));
#215=EDGE_LOOP('',(#1154,#1155,#1156,#1157));
#216=EDGE_LOOP('',(#1158,#1159,#1160,#1161));
#217=EDGE_LOOP('',(#1162,#1163,#1164,#1165));
#218=EDGE_LOOP('',(#1166,#1167,#1168,#1169));
#219=EDGE_LOOP('',(#1170,#1171,#1172,#1173));
#220=EDGE_LOOP('',(#1174,#1175,#1176,#1177));
#221=EDGE_LOOP('',(#1178,#1179,#1180,#1181,#1182,#1183,#1184,#1185,#1186,
#1187,#1188,#1189));
#222=EDGE_LOOP('',(#1190));
#223=EDGE_LOOP('',(#1191));
#224=EDGE_LOOP('',(#1192));
#225=EDGE_LOOP('',(#1193));
#226=EDGE_LOOP('',(#1194,#1195,#1196,#1197,#1198));
#227=EDGE_LOOP('',(#1199,#1200,#1201,#1202,#1203));
#228=EDGE_LOOP('',(#1204,#1205,#1206,#1207,#1208,#1209));
#229=EDGE_LOOP('',(#1210));
#230=EDGE_LOOP('',(#1211));
#231=EDGE_LOOP('',(#1212));
#232=EDGE_LOOP('',(#1213));
#233=EDGE_LOOP('',(#1214,#1215,#1216,#1217,#1218));
#234=EDGE_LOOP('',(#1219,#1220,#1221,#1222,#1223));
#235=EDGE_LOOP('',(#1224,#1225,#1226,#1227,#1228));
#236=EDGE_LOOP('',(#1229,#1230,#1231,#1232,#1233));
#237=EDGE_LOOP('',(#1234,#1235,#1236,#1237,#1238));
#238=EDGE_LOOP('',(#1239,#1240,#1241,#1242,#1243));
#239=EDGE_LOOP('',(#1244,#1245,#1246,#1247));
#240=EDGE_LOOP('',(#1248,#1249,#1250,#1251,#1252,#1253));
#241=EDGE_LOOP('',(#1254,#1255,#1256,#1257,#1258,#1259,#1260,#1261));
#242=EDGE_LOOP('',(#1262,#1263,#1264,#1265,#1266,#1267,#1268,#1269));
#243=EDGE_LOOP('',(#1270,#1271,#1272,#1273,#1274,#1275,#1276,#1277));
#244=EDGE_LOOP('',(#1278,#1279,#1280,#1281,#1282,#1283));
#245=EDGE_LOOP('',(#1284,#1285,#1286,#1287));
#246=EDGE_LOOP('',(#1288,#1289,#1290,#1291));
#247=EDGE_LOOP('',(#1292,#1293,#1294,#1295,#1296));
#248=EDGE_LOOP('',(#1297,#1298,#1299,#1300));
#249=EDGE_LOOP('',(#1301,#1302,#1303,#1304));
#250=EDGE_LOOP('',(#1305,#1306,#1307,#1308));
#251=EDGE_LOOP('',(#1309,#1310,#1311,#1312));
#252=EDGE_LOOP('',(#1313,#1314,#1315,#1316,#1317,#1318,#1319,#1320));
#253=EDGE_LOOP('',(#1321,#1322,#1323,#1324));
#254=EDGE_LOOP('',(#1325,#1326,#1327,#1328));
#255=EDGE_LOOP('',(#1329,#1330,#1331,#1332));
#256=EDGE_LOOP('',(#1333,#1334,#1335,#1336));
#257=EDGE_LOOP('',(#1337,#1338,#1339,#1340));
#258=EDGE_LOOP('',(#1341,#1342,#1343,#1344));
#259=EDGE_LOOP('',(#1345,#1346,#1347,#1348));
#260=EDGE_LOOP('',(#1349,#1350,#1351,#1352,#1353,#1354,#1355,#1356));
#261=EDGE_LOOP('',(#1357,#1358,#1359,#1360));
#262=EDGE_LOOP('',(#1361,#1362,#1363,#1364));
#263=EDGE_LOOP('',(#1365,#1366,#1367,#1368));
#264=EDGE_LOOP('',(#1369,#1370,#1371,#1372));
#265=EDGE_LOOP('',(#1373,#1374,#1375,#1376,#1377));
#266=EDGE_LOOP('',(#1378,#1379,#1380,#1381));
#267=EDGE_LOOP('',(#1382,#1383,#1384,#1385));
#268=EDGE_LOOP('',(#1386,#1387,#1388,#1389));
#269=EDGE_LOOP('',(#1390,#1391,#1392,#1393));
#270=EDGE_LOOP('',(#1394,#1395,#1396,#1397));
#271=EDGE_LOOP('',(#1398,#1399,#1400,#1401,#1402,#1403,#1404,#1405));
#272=EDGE_LOOP('',(#1406,#1407,#1408,#1409,#1410,#1411,#1412,#1413));
#273=EDGE_LOOP('',(#1414,#1415,#1416,#1417));
#274=EDGE_LOOP('',(#1418,#1419,#1420,#1421));
#275=EDGE_LOOP('',(#1422,#1423,#1424,#1425));
#276=EDGE_LOOP('',(#1426,#1427,#1428,#1429));
#277=EDGE_LOOP('',(#1430,#1431,#1432,#1433));
#278=EDGE_LOOP('',(#1434,#1435,#1436,#1437));
#279=EDGE_LOOP('',(#1438,#1439,#1440,#1441));
#280=EDGE_LOOP('',(#1442,#1443,#1444,#1445));
#281=EDGE_LOOP('',(#1446,#1447,#1448,#1449));
#282=EDGE_LOOP('',(#1450,#1451,#1452,#1453));
#283=EDGE_LOOP('',(#1454,#1455,#1456,#1457));
#284=EDGE_LOOP('',(#1458,#1459,#1460,#1461));
#285=EDGE_LOOP('',(#1462,#1463,#1464,#1465));
#286=EDGE_LOOP('',(#1466,#1467,#1468,#1469));
#287=LINE('',#2196,#440);
#288=LINE('',#2199,#441);
#289=LINE('',#2203,#442);
#290=LINE('',#2205,#443);
#291=LINE('',#2207,#444);
#292=LINE('',#2209,#445);
#293=LINE('',#2211,#446);
#294=LINE('',#2213,#447);
#295=LINE('',#2215,#448);
#296=LINE('',#2217,#449);
#297=LINE('',#2219,#450);
#298=LINE('',#2220,#451);
#299=LINE('',#2225,#452);
#300=LINE('',#2228,#453);
#301=LINE('',#2233,#454);
#302=LINE('',#2236,#455);
#303=LINE('',#2241,#456);
#304=LINE('',#2244,#457);
#305=LINE('',#2249,#458);
#306=LINE('',#2252,#459);
#307=LINE('',#2254,#460);
#308=LINE('',#2257,#461);
#309=LINE('',#2262,#462);
#310=LINE('',#2265,#463);
#311=LINE('',#2268,#464);
#312=LINE('',#2271,#465);
#313=LINE('',#2274,#466);
#314=LINE('',#2275,#467);
#315=LINE('',#2279,#468);
#316=LINE('',#2281,#469);
#317=LINE('',#2285,#470);
#318=LINE('',#2288,#471);
#319=LINE('',#2291,#472);
#320=LINE('',#2292,#473);
#321=LINE('',#2296,#474);
#322=LINE('',#2298,#475);
#323=LINE('',#2302,#476);
#324=LINE('',#2305,#477);
#325=LINE('',#2308,#478);
#326=LINE('',#2309,#479);
#327=LINE('',#2313,#480);
#328=LINE('',#2315,#481);
#329=LINE('',#2319,#482);
#330=LINE('',#2322,#483);
#331=LINE('',#2325,#484);
#332=LINE('',#2326,#485);
#333=LINE('',#2330,#486);
#334=LINE('',#2332,#487);
#335=LINE('',#2336,#488);
#336=LINE('',#2339,#489);
#337=LINE('',#2342,#490);
#338=LINE('',#2343,#491);
#339=LINE('',#2347,#492);
#340=LINE('',#2349,#493);
#341=LINE('',#2353,#494);
#342=LINE('',#2354,#495);
#343=LINE('',#2358,#496);
#344=LINE('',#2360,#497);
#345=LINE('',#2367,#498);
#346=LINE('',#2371,#499);
#347=LINE('',#2373,#500);
#348=LINE('',#2375,#501);
#349=LINE('',#2376,#502);
#350=LINE('',#2378,#503);
#351=LINE('',#2380,#504);
#352=LINE('',#2382,#505);
#353=LINE('',#2383,#506);
#354=LINE('',#2396,#507);
#355=LINE('',#2401,#508);
#356=LINE('',#2407,#509);
#357=LINE('',#2409,#510);
#358=LINE('',#2411,#511);
#359=LINE('',#2414,#512);
#360=LINE('',#2423,#513);
#361=LINE('',#2428,#514);
#362=LINE('',#2431,#515);
#363=LINE('',#2436,#516);
#364=LINE('',#2439,#517);
#365=LINE('',#2444,#518);
#366=LINE('',#2446,#519);
#367=LINE('',#2447,#520);
#368=LINE('',#2450,#521);
#369=LINE('',#2452,#522);
#370=LINE('',#2453,#523);
#371=LINE('',#2456,#524);
#372=LINE('',#2458,#525);
#373=LINE('',#2460,#526);
#374=LINE('',#2462,#527);
#375=LINE('',#2464,#528);
#376=LINE('',#2465,#529);
#377=LINE('',#2468,#530);
#378=LINE('',#2472,#531);
#379=LINE('',#2476,#532);
#380=LINE('',#2480,#533);
#381=LINE('',#2484,#534);
#382=LINE('',#2488,#535);
#383=LINE('',#2492,#536);
#384=LINE('',#2496,#537);
#385=LINE('',#2499,#538);
#386=LINE('',#2501,#539);
#387=LINE('',#2502,#540);
#388=LINE('',#2504,#541);
#389=LINE('',#2508,#542);
#390=LINE('',#2510,#543);
#391=LINE('',#2511,#544);
#392=LINE('',#2514,#545);
#393=LINE('',#2515,#546);
#394=LINE('',#2594,#547);
#395=LINE('',#2597,#548);
#396=LINE('',#2610,#549);
#397=LINE('',#2611,#550);
#398=LINE('',#2613,#551);
#399=LINE('',#2615,#552);
#400=LINE('',#2641,#553);
#401=LINE('',#2653,#554);
#402=LINE('',#2656,#555);
#403=LINE('',#2657,#556);
#404=LINE('',#2705,#557);
#405=LINE('',#2706,#558);
#406=LINE('',#2709,#559);
#407=LINE('',#2722,#560);
#408=LINE('',#2723,#561);
#409=LINE('',#2724,#562);
#410=LINE('',#2727,#563);
#411=LINE('',#2729,#564);
#412=LINE('',#2747,#565);
#413=LINE('',#2801,#566);
#414=LINE('',#2804,#567);
#415=LINE('',#2805,#568);
#416=LINE('',#2811,#569);
#417=LINE('',#2813,#570);
#418=LINE('',#2814,#571);
#419=LINE('',#2818,#572);
#420=LINE('',#2824,#573);
#421=LINE('',#2828,#574);
#422=LINE('',#2830,#575);
#423=LINE('',#2836,#576);
#424=LINE('',#2840,#577);
#425=LINE('',#2844,#578);
#426=LINE('',#2847,#579);
#427=LINE('',#2849,#580);
#428=LINE('',#2850,#581);
#429=LINE('',#2852,#582);
#430=LINE('',#2854,#583);
#431=LINE('',#2856,#584);
#432=LINE('',#2860,#585);
#433=LINE('',#2861,#586);
#434=LINE('',#2863,#587);
#435=LINE('',#2865,#588);
#436=LINE('',#2867,#589);
#437=LINE('',#2869,#590);
#438=LINE('',#2871,#591);
#439=LINE('',#2873,#592);
#440=VECTOR('',#1751,1.);
#441=VECTOR('',#1754,1.);
#442=VECTOR('',#1757,21.19798634457);
#443=VECTOR('',#1758,14.28359430638);
#444=VECTOR('',#1759,3.44943497719807);
#445=VECTOR('',#1760,13.1219717082201);
#446=VECTOR('',#1761,21.7868384098997);
#447=VECTOR('',#1762,7.086587100911);
#448=VECTOR('',#1763,21.7756673162711);
#449=VECTOR('',#1764,13.1331527207199);
#450=VECTOR('',#1765,3.45280197227491);
#451=VECTOR('',#1766,14.28359430638);
#452=VECTOR('',#1769,8.95272090235903);
#453=VECTOR('',#1772,8.95272090239703);
#454=VECTOR('',#1775,15.0335330895301);
#455=VECTOR('',#1778,15.0335330895001);
#456=VECTOR('',#1781,18.4111341874601);
#457=VECTOR('',#1784,18.4111341875901);
#458=VECTOR('',#1787,12.80264116059);
#459=VECTOR('',#1790,12.80264116061);
#460=VECTOR('',#1791,7.19414813373202);
#461=VECTOR('',#1794,7.19414813364503);
#462=VECTOR('',#1797,2.87190871518301);
#463=VECTOR('',#1800,2.87190871532001);
#464=VECTOR('',#1803,1.);
#465=VECTOR('',#1806,1.);
#466=VECTOR('',#1809,2.87190871521901);
#467=VECTOR('',#1810,1.);
#468=VECTOR('',#1815,1.);
#469=VECTOR('',#1818,2.87190871532901);
#470=VECTOR('',#1823,1.);
#471=VECTOR('',#1826,1.);
#472=VECTOR('',#1829,8.95272090234303);
#473=VECTOR('',#1830,1.);
#474=VECTOR('',#1835,1.);
#475=VECTOR('',#1838,8.95272090236903);
#476=VECTOR('',#1843,1.);
#477=VECTOR('',#1846,1.);
#478=VECTOR('',#1849,15.0335330895201);
#479=VECTOR('',#1850,1.);
#480=VECTOR('',#1855,1.);
#481=VECTOR('',#1858,15.0335330895201);
#482=VECTOR('',#1863,1.);
#483=VECTOR('',#1866,1.);
#484=VECTOR('',#1869,18.4111341875101);
#485=VECTOR('',#1870,1.);
#486=VECTOR('',#1875,1.);
#487=VECTOR('',#1878,18.4111341875901);
#488=VECTOR('',#1883,1.);
#489=VECTOR('',#1886,1.);
#490=VECTOR('',#1889,12.80264116058);
#491=VECTOR('',#1890,1.);
#492=VECTOR('',#1895,1.);
#493=VECTOR('',#1898,12.80264116059);
#494=VECTOR('',#1903,7.19414813365103);
#495=VECTOR('',#1904,1.);
#496=VECTOR('',#1909,1.);
#497=VECTOR('',#1912,7.19414813366603);
#498=VECTOR('',#1919,34.41393803608);
#499=VECTOR('',#1922,3.596101930941);
#500=VECTOR('',#1923,0.732086131373385);
#501=VECTOR('',#1924,8.202492999855);
#502=VECTOR('',#1925,14.65048141301);
#503=VECTOR('',#1926,14.65048141301);
#504=VECTOR('',#1927,8.205856552659);
#505=VECTOR('',#1928,0.732086131360586);
#506=VECTOR('',#1929,3.596101930927);
#507=VECTOR('',#1942,2.299999993474);
#508=VECTOR('',#1949,1.6);
#509=VECTOR('',#1954,29.37753138794);
#510=VECTOR('',#1955,38.41393803608);
#511=VECTOR('',#1956,29.37753138794);
#512=VECTOR('',#1959,34.41393803608);
#513=VECTOR('',#1968,1.6);
#514=VECTOR('',#1975,2.299999993474);
#515=VECTOR('',#1978,1.6);
#516=VECTOR('',#1985,2.299999993474);
#517=VECTOR('',#1988,1.6);
#518=VECTOR('',#1995,2.299999993474);
#519=VECTOR('',#1998,5.918005630113);
#520=VECTOR('',#1999,5.918005630113);
#521=VECTOR('',#2002,2.50762894425002);
#522=VECTOR('',#2003,23.61740692558);
#523=VECTOR('',#2004,7.184974219097);
#524=VECTOR('',#2007,59.4303688968774);
#525=VECTOR('',#2008,1.45025255705799);
#526=VECTOR('',#2009,0.4473161211187);
#527=VECTOR('',#2010,1.45025255705895);
#528=VECTOR('',#2011,59.4303688968674);
#529=VECTOR('',#2012,7.1849742191);
#530=VECTOR('',#2013,24.4);
#531=VECTOR('',#2016,3.4);
#532=VECTOR('',#2019,24.4);
#533=VECTOR('',#2022,3.4);
#534=VECTOR('',#2025,3.4);
#535=VECTOR('',#2028,24.4);
#536=VECTOR('',#2031,3.4);
#537=VECTOR('',#2034,24.4);
#538=VECTOR('',#2039,5.918005630113);
#539=VECTOR('',#2040,23.61740692556);
#540=VECTOR('',#2041,2.50762894425689);
#541=VECTOR('',#2044,5.918005630113);
#542=VECTOR('',#2049,14.0038369126705);
#543=VECTOR('',#2050,1.23806948501903);
#544=VECTOR('',#2051,16.8206192215206);
#545=VECTOR('',#2054,16.4970560346994);
#546=VECTOR('',#2055,4.919145137838);
#547=VECTOR('',#2062,1.41421456525202);
#548=VECTOR('',#2065,11.6400537273102);
#549=VECTOR('',#2066,21.786842691219);
#550=VECTOR('',#2067,13.1219947135507);
#551=VECTOR('',#2070,1.41421356237798);
#552=VECTOR('',#2073,1.41421356236604);
#553=VECTOR('',#2074,1.23235698198698);
#554=VECTOR('',#2077,12.4045985253598);
#555=VECTOR('',#2080,12.4045985253598);
#556=VECTOR('',#2081,5.067792071194);
#557=VECTOR('',#2084,1.414213562364);
#558=VECTOR('',#2085,1.23235698198105);
#559=VECTOR('',#2088,14.0038369127003);
#560=VECTOR('',#2089,13.1331700884994);
#561=VECTOR('',#2090,21.775667316269);
#562=VECTOR('',#2091,11.64005372728);
#563=VECTOR('',#2096,1.41421356237301);
#564=VECTOR('',#2099,1.41421427961306);
#565=VECTOR('',#2100,1.23806948501205);
#566=VECTOR('',#2103,16.8206192215199);
#567=VECTOR('',#2106,16.4970560346994);
#568=VECTOR('',#2107,4.92250869064);
#569=VECTOR('',#2116,1.85);
#570=VECTOR('',#2117,24.4);
#571=VECTOR('',#2118,1.85);
#572=VECTOR('',#2123,1.85);
#573=VECTOR('',#2128,24.4);
#574=VECTOR('',#2131,3.4);
#575=VECTOR('',#2134,3.4);
#576=VECTOR('',#2139,24.4);
#577=VECTOR('',#2142,3.4);
#578=VECTOR('',#2145,24.4);
#579=VECTOR('',#2148,3.4);
#580=VECTOR('',#2151,1.85);
#581=VECTOR('',#2152,1.85);
#582=VECTOR('',#2155,1.85);
#583=VECTOR('',#2158,1.85);
#584=VECTOR('',#2161,1.85);
#585=VECTOR('',#2168,1.85);
#586=VECTOR('',#2169,1.85);
#587=VECTOR('',#2172,1.85);
#588=VECTOR('',#2175,1.85);
#589=VECTOR('',#2178,1.85);
#590=VECTOR('',#2181,1.85);
#591=VECTOR('',#2184,1.85);
#592=VECTOR('',#2187,1.85);
#593=CIRCLE('',#1601,1.);
#594=CIRCLE('',#1602,1.);
#595=CIRCLE('',#1604,1.);
#596=CIRCLE('',#1605,1.);
#597=CIRCLE('',#1606,1.);
#598=CIRCLE('',#1607,1.);
#599=CIRCLE('',#1608,1.);
#600=CIRCLE('',#1609,1.);
#601=CIRCLE('',#1610,1.);
#602=CIRCLE('',#1611,1.);
#603=CIRCLE('',#1612,1.);
#604=CIRCLE('',#1613,0.9999999999999);
#605=CIRCLE('',#1614,1.);
#606=CIRCLE('',#1616,0.9999999999999);
#607=CIRCLE('',#1619,1.);
#608=CIRCLE('',#1623,1.);
#609=CIRCLE('',#1626,1.);
#610=CIRCLE('',#1630,1.);
#611=CIRCLE('',#1633,1.);
#612=CIRCLE('',#1637,1.);
#613=CIRCLE('',#1640,1.);
#614=CIRCLE('',#1644,1.);
#615=CIRCLE('',#1647,1.);
#616=CIRCLE('',#1652,1.);
#617=CIRCLE('',#1656,2.);
#618=CIRCLE('',#1657,2.);
#619=CIRCLE('',#1658,3.);
#620=CIRCLE('',#1659,3.);
#621=CIRCLE('',#1660,3.);
#622=CIRCLE('',#1661,3.);
#623=CIRCLE('',#1663,1.6);
#624=CIRCLE('',#1664,1.6);
#625=CIRCLE('',#1666,1.6);
#626=CIRCLE('',#1668,2.);
#627=CIRCLE('',#1669,2.);
#628=CIRCLE('',#1670,1.6);
#629=CIRCLE('',#1671,1.6);
#630=CIRCLE('',#1672,1.6);
#631=CIRCLE('',#1674,1.6);
#632=CIRCLE('',#1675,1.6);
#633=CIRCLE('',#1678,1.6);
#634=CIRCLE('',#1679,1.6);
#635=CIRCLE('',#1682,1.6);
#636=CIRCLE('',#1683,1.6);
#637=CIRCLE('',#1688,3.);
#638=CIRCLE('',#1689,3.);
#639=CIRCLE('',#1690,3.);
#640=CIRCLE('',#1691,3.);
#641=CIRCLE('',#1692,3.);
#642=CIRCLE('',#1693,3.);
#643=CIRCLE('',#1694,3.);
#644=CIRCLE('',#1695,3.);
#645=CIRCLE('',#1702,5.);
#646=CIRCLE('',#1717,5.);
#647=CIRCLE('',#1721,3.);
#648=CIRCLE('',#1723,3.);
#649=CIRCLE('',#1724,3.);
#650=CIRCLE('',#1725,3.);
#651=CIRCLE('',#1727,3.);
#652=CIRCLE('',#1728,3.);
#653=CIRCLE('',#1729,3.);
#654=CIRCLE('',#1730,3.);
#655=VERTEX_POINT('',#2192);
#656=VERTEX_POINT('',#2193);
#657=VERTEX_POINT('',#2195);
#658=VERTEX_POINT('',#2197);
#659=VERTEX_POINT('',#2201);
#660=VERTEX_POINT('',#2202);
#661=VERTEX_POINT('',#2204);
#662=VERTEX_POINT('',#2206);
#663=VERTEX_POINT('',#2208);
#664=VERTEX_POINT('',#2210);
#665=VERTEX_POINT('',#2212);
#666=VERTEX_POINT('',#2214);
#667=VERTEX_POINT('',#2216);
#668=VERTEX_POINT('',#2218);
#669=VERTEX_POINT('',#2221);
#670=VERTEX_POINT('',#2222);
#671=VERTEX_POINT('',#2224);
#672=VERTEX_POINT('',#2226);
#673=VERTEX_POINT('',#2229);
#674=VERTEX_POINT('',#2230);
#675=VERTEX_POINT('',#2232);
#676=VERTEX_POINT('',#2234);
#677=VERTEX_POINT('',#2237);
#678=VERTEX_POINT('',#2238);
#679=VERTEX_POINT('',#2240);
#680=VERTEX_POINT('',#2242);
#681=VERTEX_POINT('',#2245);
#682=VERTEX_POINT('',#2246);
#683=VERTEX_POINT('',#2248);
#684=VERTEX_POINT('',#2250);
#685=VERTEX_POINT('',#2253);
#686=VERTEX_POINT('',#2255);
#687=VERTEX_POINT('',#2258);
#688=VERTEX_POINT('',#2259);
#689=VERTEX_POINT('',#2261);
#690=VERTEX_POINT('',#2263);
#691=VERTEX_POINT('',#2267);
#692=VERTEX_POINT('',#2269);
#693=VERTEX_POINT('',#2273);
#694=VERTEX_POINT('',#2277);
#695=VERTEX_POINT('',#2284);
#696=VERTEX_POINT('',#2286);
#697=VERTEX_POINT('',#2290);
#698=VERTEX_POINT('',#2294);
#699=VERTEX_POINT('',#2301);
#700=VERTEX_POINT('',#2303);
#701=VERTEX_POINT('',#2307);
#702=VERTEX_POINT('',#2311);
#703=VERTEX_POINT('',#2318);
#704=VERTEX_POINT('',#2320);
#705=VERTEX_POINT('',#2324);
#706=VERTEX_POINT('',#2328);
#707=VERTEX_POINT('',#2335);
#708=VERTEX_POINT('',#2337);
#709=VERTEX_POINT('',#2341);
#710=VERTEX_POINT('',#2345);
#711=VERTEX_POINT('',#2352);
#712=VERTEX_POINT('',#2356);
#713=VERTEX_POINT('',#2363);
#714=VERTEX_POINT('',#2364);
#715=VERTEX_POINT('',#2366);
#716=VERTEX_POINT('',#2368);
#717=VERTEX_POINT('',#2370);
#718=VERTEX_POINT('',#2372);
#719=VERTEX_POINT('',#2374);
#720=VERTEX_POINT('',#2377);
#721=VERTEX_POINT('',#2379);
#722=VERTEX_POINT('',#2381);
#723=VERTEX_POINT('',#2384);
#724=VERTEX_POINT('',#2386);
#725=VERTEX_POINT('',#2388);
#726=VERTEX_POINT('',#2390);
#727=VERTEX_POINT('',#2393);
#728=VERTEX_POINT('',#2394);
#729=VERTEX_POINT('',#2399);
#730=VERTEX_POINT('',#2403);
#731=VERTEX_POINT('',#2404);
#732=VERTEX_POINT('',#2406);
#733=VERTEX_POINT('',#2408);
#734=VERTEX_POINT('',#2410);
#735=VERTEX_POINT('',#2412);
#736=VERTEX_POINT('',#2415);
#737=VERTEX_POINT('',#2417);
#738=VERTEX_POINT('',#2419);
#739=VERTEX_POINT('',#2422);
#740=VERTEX_POINT('',#2424);
#741=VERTEX_POINT('',#2430);
#742=VERTEX_POINT('',#2432);
#743=VERTEX_POINT('',#2438);
#744=VERTEX_POINT('',#2440);
#745=VERTEX_POINT('',#2449);
#746=VERTEX_POINT('',#2451);
#747=VERTEX_POINT('',#2455);
#748=VERTEX_POINT('',#2457);
#749=VERTEX_POINT('',#2459);
#750=VERTEX_POINT('',#2461);
#751=VERTEX_POINT('',#2463);
#752=VERTEX_POINT('',#2466);
#753=VERTEX_POINT('',#2467);
#754=VERTEX_POINT('',#2469);
#755=VERTEX_POINT('',#2471);
#756=VERTEX_POINT('',#2473);
#757=VERTEX_POINT('',#2475);
#758=VERTEX_POINT('',#2477);
#759=VERTEX_POINT('',#2479);
#760=VERTEX_POINT('',#2482);
#761=VERTEX_POINT('',#2483);
#762=VERTEX_POINT('',#2485);
#763=VERTEX_POINT('',#2487);
#764=VERTEX_POINT('',#2489);
#765=VERTEX_POINT('',#2491);
#766=VERTEX_POINT('',#2493);
#767=VERTEX_POINT('',#2495);
#768=VERTEX_POINT('',#2500);
#769=VERTEX_POINT('',#2507);
#770=VERTEX_POINT('',#2509);
#771=VERTEX_POINT('',#2513);
#772=VERTEX_POINT('',#2571);
#773=VERTEX_POINT('',#2596);
#774=VERTEX_POINT('',#2598);
#775=VERTEX_POINT('',#2609);
#776=VERTEX_POINT('',#2640);
#777=VERTEX_POINT('',#2655);
#778=VERTEX_POINT('',#2693);
#779=VERTEX_POINT('',#2694);
#780=VERTEX_POINT('',#2708);
#781=VERTEX_POINT('',#2710);
#782=VERTEX_POINT('',#2721);
#783=VERTEX_POINT('',#2746);
#784=VERTEX_POINT('',#2803);
#785=VERTEX_POINT('',#2810);
#786=VERTEX_POINT('',#2812);
#787=VERTEX_POINT('',#2816);
#788=VERTEX_POINT('',#2820);
#789=VERTEX_POINT('',#2821);
#790=VERTEX_POINT('',#2823);
#791=VERTEX_POINT('',#2825);
#792=VERTEX_POINT('',#2827);
#793=VERTEX_POINT('',#2832);
#794=VERTEX_POINT('',#2833);
#795=VERTEX_POINT('',#2835);
#796=VERTEX_POINT('',#2837);
#797=VERTEX_POINT('',#2839);
#798=VERTEX_POINT('',#2841);
#799=VERTEX_POINT('',#2843);
#800=VERTEX_POINT('',#2845);
#801=EDGE_CURVE('',#655,#656,#593,.T.);
#802=EDGE_CURVE('',#657,#656,#287,.T.);
#803=EDGE_CURVE('',#657,#658,#594,.T.);
#804=EDGE_CURVE('',#655,#658,#288,.T.);
#805=EDGE_CURVE('',#659,#660,#289,.T.);
#806=EDGE_CURVE('',#659,#661,#290,.T.);
#807=EDGE_CURVE('',#662,#661,#291,.T.);
#808=EDGE_CURVE('',#663,#662,#292,.T.);
#809=EDGE_CURVE('',#664,#663,#293,.T.);
#810=EDGE_CURVE('',#664,#665,#294,.T.);
#811=EDGE_CURVE('',#666,#665,#295,.T.);
#812=EDGE_CURVE('',#667,#666,#296,.T.);
#813=EDGE_CURVE('',#668,#667,#297,.T.);
#814=EDGE_CURVE('',#660,#668,#298,.T.);
#815=EDGE_CURVE('',#669,#670,#595,.T.);
#816=EDGE_CURVE('',#671,#669,#299,.T.);
#817=EDGE_CURVE('',#672,#671,#596,.T.);
#818=EDGE_CURVE('',#670,#672,#300,.T.);
#819=EDGE_CURVE('',#673,#674,#597,.T.);
#820=EDGE_CURVE('',#675,#673,#301,.T.);
#821=EDGE_CURVE('',#676,#675,#598,.T.);
#822=EDGE_CURVE('',#674,#676,#302,.T.);
#823=EDGE_CURVE('',#677,#678,#599,.T.);
#824=EDGE_CURVE('',#679,#677,#303,.T.);
#825=EDGE_CURVE('',#680,#679,#600,.T.);
#826=EDGE_CURVE('',#678,#680,#304,.T.);
#827=EDGE_CURVE('',#681,#682,#601,.T.);
#828=EDGE_CURVE('',#683,#681,#305,.T.);
#829=EDGE_CURVE('',#684,#683,#602,.T.);
#830=EDGE_CURVE('',#682,#684,#306,.T.);
#831=EDGE_CURVE('',#685,#655,#307,.T.);
#832=EDGE_CURVE('',#686,#685,#603,.T.);
#833=EDGE_CURVE('',#656,#686,#308,.T.);
#834=EDGE_CURVE('',#687,#688,#604,.T.);
#835=EDGE_CURVE('',#689,#687,#309,.T.);
#836=EDGE_CURVE('',#690,#689,#605,.T.);
#837=EDGE_CURVE('',#688,#690,#310,.T.);
#838=EDGE_CURVE('',#691,#688,#311,.T.);
#839=EDGE_CURVE('',#691,#692,#606,.T.);
#840=EDGE_CURVE('',#687,#692,#312,.T.);
#841=EDGE_CURVE('',#693,#692,#313,.T.);
#842=EDGE_CURVE('',#693,#689,#314,.T.);
#843=EDGE_CURVE('',#693,#694,#607,.T.);
#844=EDGE_CURVE('',#690,#694,#315,.T.);
#845=EDGE_CURVE('',#691,#694,#316,.T.);
#846=EDGE_CURVE('',#695,#670,#317,.T.);
#847=EDGE_CURVE('',#695,#696,#608,.T.);
#848=EDGE_CURVE('',#669,#696,#318,.T.);
#849=EDGE_CURVE('',#697,#696,#319,.T.);
#850=EDGE_CURVE('',#697,#671,#320,.T.);
#851=EDGE_CURVE('',#697,#698,#609,.T.);
#852=EDGE_CURVE('',#672,#698,#321,.T.);
#853=EDGE_CURVE('',#695,#698,#322,.T.);
#854=EDGE_CURVE('',#699,#674,#323,.T.);
#855=EDGE_CURVE('',#699,#700,#610,.T.);
#856=EDGE_CURVE('',#673,#700,#324,.T.);
#857=EDGE_CURVE('',#701,#700,#325,.T.);
#858=EDGE_CURVE('',#701,#675,#326,.T.);
#859=EDGE_CURVE('',#701,#702,#611,.T.);
#860=EDGE_CURVE('',#676,#702,#327,.T.);
#861=EDGE_CURVE('',#699,#702,#328,.T.);
#862=EDGE_CURVE('',#703,#678,#329,.T.);
#863=EDGE_CURVE('',#703,#704,#612,.T.);
#864=EDGE_CURVE('',#677,#704,#330,.T.);
#865=EDGE_CURVE('',#705,#704,#331,.T.);
#866=EDGE_CURVE('',#705,#679,#332,.T.);
#867=EDGE_CURVE('',#705,#706,#613,.T.);
#868=EDGE_CURVE('',#680,#706,#333,.T.);
#869=EDGE_CURVE('',#703,#706,#334,.T.);
#870=EDGE_CURVE('',#707,#682,#335,.T.);
#871=EDGE_CURVE('',#707,#708,#614,.T.);
#872=EDGE_CURVE('',#681,#708,#336,.T.);
#873=EDGE_CURVE('',#709,#708,#337,.T.);
#874=EDGE_CURVE('',#709,#683,#338,.T.);
#875=EDGE_CURVE('',#709,#710,#615,.T.);
#876=EDGE_CURVE('',#684,#710,#339,.T.);
#877=EDGE_CURVE('',#707,#710,#340,.T.);
#878=EDGE_CURVE('',#711,#658,#341,.T.);
#879=EDGE_CURVE('',#711,#685,#342,.T.);
#880=EDGE_CURVE('',#711,#712,#616,.T.);
#881=EDGE_CURVE('',#686,#712,#343,.T.);
#882=EDGE_CURVE('',#657,#712,#344,.T.);
#883=EDGE_CURVE('',#713,#714,#617,.T.);
#884=EDGE_CURVE('',#714,#715,#345,.T.);
#885=EDGE_CURVE('',#715,#716,#618,.T.);
#886=EDGE_CURVE('',#717,#716,#346,.T.);
#887=EDGE_CURVE('',#717,#718,#347,.T.);
#888=EDGE_CURVE('',#718,#719,#348,.T.);
#889=EDGE_CURVE('',#719,#659,#349,.T.);
#890=EDGE_CURVE('',#660,#720,#350,.T.);
#891=EDGE_CURVE('',#720,#721,#351,.T.);
#892=EDGE_CURVE('',#721,#722,#352,.T.);
#893=EDGE_CURVE('',#722,#713,#353,.T.);
#894=EDGE_CURVE('',#723,#723,#619,.T.);
#895=EDGE_CURVE('',#724,#724,#620,.T.);
#896=EDGE_CURVE('',#725,#725,#621,.T.);
#897=EDGE_CURVE('',#726,#726,#622,.T.);
#898=EDGE_CURVE('',#727,#728,#623,.T.);
#899=EDGE_CURVE('',#728,#726,#354,.T.);
#900=EDGE_CURVE('',#728,#727,#624,.T.);
#901=EDGE_CURVE('',#729,#729,#625,.T.);
#902=EDGE_CURVE('',#729,#727,#355,.T.);
#903=EDGE_CURVE('',#730,#731,#626,.T.);
#904=EDGE_CURVE('',#731,#732,#356,.T.);
#905=EDGE_CURVE('',#733,#732,#357,.T.);
#906=EDGE_CURVE('',#734,#733,#358,.T.);
#907=EDGE_CURVE('',#734,#735,#627,.T.);
#908=EDGE_CURVE('',#730,#735,#359,.T.);
#909=EDGE_CURVE('',#736,#736,#628,.T.);
#910=EDGE_CURVE('',#737,#737,#629,.T.);
#911=EDGE_CURVE('',#738,#738,#630,.T.);
#912=EDGE_CURVE('',#738,#739,#360,.T.);
#913=EDGE_CURVE('',#740,#739,#631,.T.);
#914=EDGE_CURVE('',#739,#740,#632,.T.);
#915=EDGE_CURVE('',#740,#723,#361,.T.);
#916=EDGE_CURVE('',#736,#741,#362,.T.);
#917=EDGE_CURVE('',#742,#741,#633,.T.);
#918=EDGE_CURVE('',#741,#742,#634,.T.);
#919=EDGE_CURVE('',#742,#724,#363,.T.);
#920=EDGE_CURVE('',#737,#743,#364,.T.);
#921=EDGE_CURVE('',#744,#743,#635,.T.);
#922=EDGE_CURVE('',#743,#744,#636,.T.);
#923=EDGE_CURVE('',#744,#725,#365,.T.);
#924=EDGE_CURVE('',#714,#730,#366,.T.);
#925=EDGE_CURVE('',#713,#731,#367,.T.);
#926=EDGE_CURVE('',#745,#722,#368,.T.);
#927=EDGE_CURVE('',#745,#746,#369,.T.);
#928=EDGE_CURVE('',#732,#746,#370,.T.);
#929=EDGE_CURVE('',#747,#746,#371,.T.);
#930=EDGE_CURVE('',#747,#748,#372,.T.);
#931=EDGE_CURVE('',#748,#749,#373,.T.);
#932=EDGE_CURVE('',#749,#750,#374,.T.);
#933=EDGE_CURVE('',#751,#750,#375,.T.);
#934=EDGE_CURVE('',#733,#751,#376,.T.);
#935=EDGE_CURVE('',#752,#753,#377,.T.);
#936=EDGE_CURVE('',#752,#754,#637,.T.);
#937=EDGE_CURVE('',#755,#754,#378,.T.);
#938=EDGE_CURVE('',#755,#756,#638,.T.);
#939=EDGE_CURVE('',#757,#756,#379,.T.);
#940=EDGE_CURVE('',#757,#758,#639,.T.);
#941=EDGE_CURVE('',#759,#758,#380,.T.);
#942=EDGE_CURVE('',#759,#753,#640,.T.);
#943=EDGE_CURVE('',#760,#761,#381,.T.);
#944=EDGE_CURVE('',#760,#762,#641,.T.);
#945=EDGE_CURVE('',#763,#762,#382,.T.);
#946=EDGE_CURVE('',#763,#764,#642,.T.);
#947=EDGE_CURVE('',#765,#764,#383,.T.);
#948=EDGE_CURVE('',#765,#766,#643,.T.);
#949=EDGE_CURVE('',#767,#766,#384,.T.);
#950=EDGE_CURVE('',#767,#761,#644,.T.);
#951=EDGE_CURVE('',#734,#716,#385,.T.);
#952=EDGE_CURVE('',#751,#768,#386,.T.);
#953=EDGE_CURVE('',#717,#768,#387,.T.);
#954=EDGE_CURVE('',#735,#715,#388,.T.);
#955=EDGE_CURVE('',#768,#769,#389,.T.);
#956=EDGE_CURVE('',#769,#770,#390,.T.);
#957=EDGE_CURVE('',#770,#718,#391,.T.);
#958=EDGE_CURVE('',#719,#771,#392,.T.);
#959=EDGE_CURVE('',#770,#771,#393,.T.);
#960=EDGE_CURVE('',#661,#771,#645,.T.);
#961=EDGE_CURVE('',#662,#770,#19,.T.);
#962=EDGE_CURVE('',#769,#772,#20,.T.);
#963=EDGE_CURVE('',#772,#662,#394,.T.);
#964=EDGE_CURVE('',#773,#750,#395,.T.);
#965=EDGE_CURVE('',#774,#773,#21,.T.);
#966=EDGE_CURVE('',#775,#774,#396,.T.);
#967=EDGE_CURVE('',#772,#775,#397,.T.);
#968=EDGE_CURVE('',#663,#775,#398,.T.);
#969=EDGE_CURVE('',#774,#664,#399,.T.);
#970=EDGE_CURVE('',#776,#773,#400,.T.);
#971=EDGE_CURVE('',#776,#664,#22,.T.);
#972=EDGE_CURVE('',#749,#776,#401,.T.);
#973=EDGE_CURVE('',#777,#748,#402,.T.);
#974=EDGE_CURVE('',#777,#776,#403,.T.);
#975=EDGE_CURVE('',#665,#777,#23,.T.);
#976=EDGE_CURVE('',#778,#779,#24,.T.);
#977=EDGE_CURVE('',#665,#779,#404,.T.);
#978=EDGE_CURVE('',#778,#777,#405,.T.);
#979=EDGE_CURVE('',#780,#745,#406,.T.);
#980=EDGE_CURVE('',#781,#780,#25,.T.);
#981=EDGE_CURVE('',#782,#781,#407,.T.);
#982=EDGE_CURVE('',#779,#782,#408,.T.);
#983=EDGE_CURVE('',#747,#778,#409,.T.);
#984=EDGE_CURVE('',#782,#666,#410,.T.);
#985=EDGE_CURVE('',#667,#781,#411,.T.);
#986=EDGE_CURVE('',#783,#780,#412,.T.);
#987=EDGE_CURVE('',#783,#667,#26,.T.);
#988=EDGE_CURVE('',#721,#783,#413,.T.);
#989=EDGE_CURVE('',#720,#784,#414,.T.);
#990=EDGE_CURVE('',#784,#783,#415,.T.);
#991=EDGE_CURVE('',#668,#784,#646,.T.);
#992=EDGE_CURVE('',#753,#785,#416,.T.);
#993=EDGE_CURVE('',#786,#785,#417,.T.);
#994=EDGE_CURVE('',#752,#786,#418,.T.);
#995=EDGE_CURVE('',#785,#787,#647,.T.);
#996=EDGE_CURVE('',#759,#787,#419,.T.);
#997=EDGE_CURVE('',#788,#789,#648,.T.);
#998=EDGE_CURVE('',#789,#790,#420,.T.);
#999=EDGE_CURVE('',#790,#791,#649,.T.);
#1000=EDGE_CURVE('',#791,#792,#421,.T.);
#1001=EDGE_CURVE('',#792,#786,#650,.T.);
#1002=EDGE_CURVE('',#787,#788,#422,.T.);
#1003=EDGE_CURVE('',#793,#794,#651,.T.);
#1004=EDGE_CURVE('',#794,#795,#423,.T.);
#1005=EDGE_CURVE('',#795,#796,#652,.T.);
#1006=EDGE_CURVE('',#796,#797,#424,.T.);
#1007=EDGE_CURVE('',#797,#798,#653,.T.);
#1008=EDGE_CURVE('',#798,#799,#425,.T.);
#1009=EDGE_CURVE('',#799,#800,#654,.T.);
#1010=EDGE_CURVE('',#800,#793,#426,.T.);
#1011=EDGE_CURVE('',#758,#788,#427,.T.);
#1012=EDGE_CURVE('',#757,#789,#428,.T.);
#1013=EDGE_CURVE('',#756,#790,#429,.T.);
#1014=EDGE_CURVE('',#755,#791,#430,.T.);
#1015=EDGE_CURVE('',#754,#792,#431,.T.);
#1016=EDGE_CURVE('',#761,#793,#432,.T.);
#1017=EDGE_CURVE('',#767,#794,#433,.T.);
#1018=EDGE_CURVE('',#766,#795,#434,.T.);
#1019=EDGE_CURVE('',#765,#796,#435,.T.);
#1020=EDGE_CURVE('',#764,#797,#436,.T.);
#1021=EDGE_CURVE('',#763,#798,#437,.T.);
#1022=EDGE_CURVE('',#762,#799,#438,.T.);
#1023=EDGE_CURVE('',#760,#800,#439,.T.);
#1024=ORIENTED_EDGE('',*,*,#801,.T.);
#1025=ORIENTED_EDGE('',*,*,#802,.F.);
#1026=ORIENTED_EDGE('',*,*,#803,.T.);
#1027=ORIENTED_EDGE('',*,*,#804,.F.);
#1028=ORIENTED_EDGE('',*,*,#805,.F.);
#1029=ORIENTED_EDGE('',*,*,#806,.T.);
#1030=ORIENTED_EDGE('',*,*,#807,.F.);
#1031=ORIENTED_EDGE('',*,*,#808,.F.);
#1032=ORIENTED_EDGE('',*,*,#809,.F.);
#1033=ORIENTED_EDGE('',*,*,#810,.T.);
#1034=ORIENTED_EDGE('',*,*,#811,.F.);
#1035=ORIENTED_EDGE('',*,*,#812,.F.);
#1036=ORIENTED_EDGE('',*,*,#813,.F.);
#1037=ORIENTED_EDGE('',*,*,#814,.F.);
#1038=ORIENTED_EDGE('',*,*,#815,.F.);
#1039=ORIENTED_EDGE('',*,*,#816,.F.);
#1040=ORIENTED_EDGE('',*,*,#817,.F.);
#1041=ORIENTED_EDGE('',*,*,#818,.F.);
#1042=ORIENTED_EDGE('',*,*,#819,.F.);
#1043=ORIENTED_EDGE('',*,*,#820,.F.);
#1044=ORIENTED_EDGE('',*,*,#821,.F.);
#1045=ORIENTED_EDGE('',*,*,#822,.F.);
#1046=ORIENTED_EDGE('',*,*,#823,.F.);
#1047=ORIENTED_EDGE('',*,*,#824,.F.);
#1048=ORIENTED_EDGE('',*,*,#825,.F.);
#1049=ORIENTED_EDGE('',*,*,#826,.F.);
#1050=ORIENTED_EDGE('',*,*,#827,.F.);
#1051=ORIENTED_EDGE('',*,*,#828,.F.);
#1052=ORIENTED_EDGE('',*,*,#829,.F.);
#1053=ORIENTED_EDGE('',*,*,#830,.F.);
#1054=ORIENTED_EDGE('',*,*,#801,.F.);
#1055=ORIENTED_EDGE('',*,*,#831,.F.);
#1056=ORIENTED_EDGE('',*,*,#832,.F.);
#1057=ORIENTED_EDGE('',*,*,#833,.F.);
#1058=ORIENTED_EDGE('',*,*,#834,.F.);
#1059=ORIENTED_EDGE('',*,*,#835,.F.);
#1060=ORIENTED_EDGE('',*,*,#836,.F.);
#1061=ORIENTED_EDGE('',*,*,#837,.F.);
#1062=ORIENTED_EDGE('',*,*,#834,.T.);
#1063=ORIENTED_EDGE('',*,*,#838,.F.);
#1064=ORIENTED_EDGE('',*,*,#839,.T.);
#1065=ORIENTED_EDGE('',*,*,#840,.F.);
#1066=ORIENTED_EDGE('',*,*,#835,.T.);
#1067=ORIENTED_EDGE('',*,*,#840,.T.);
#1068=ORIENTED_EDGE('',*,*,#841,.F.);
#1069=ORIENTED_EDGE('',*,*,#842,.T.);
#1070=ORIENTED_EDGE('',*,*,#836,.T.);
#1071=ORIENTED_EDGE('',*,*,#842,.F.);
#1072=ORIENTED_EDGE('',*,*,#843,.T.);
#1073=ORIENTED_EDGE('',*,*,#844,.F.);
#1074=ORIENTED_EDGE('',*,*,#837,.T.);
#1075=ORIENTED_EDGE('',*,*,#844,.T.);
#1076=ORIENTED_EDGE('',*,*,#845,.F.);
#1077=ORIENTED_EDGE('',*,*,#838,.T.);
#1078=ORIENTED_EDGE('',*,*,#839,.F.);
#1079=ORIENTED_EDGE('',*,*,#845,.T.);
#1080=ORIENTED_EDGE('',*,*,#843,.F.);
#1081=ORIENTED_EDGE('',*,*,#841,.T.);
#1082=ORIENTED_EDGE('',*,*,#815,.T.);
#1083=ORIENTED_EDGE('',*,*,#846,.F.);
#1084=ORIENTED_EDGE('',*,*,#847,.T.);
#1085=ORIENTED_EDGE('',*,*,#848,.F.);
#1086=ORIENTED_EDGE('',*,*,#816,.T.);
#1087=ORIENTED_EDGE('',*,*,#848,.T.);
#1088=ORIENTED_EDGE('',*,*,#849,.F.);
#1089=ORIENTED_EDGE('',*,*,#850,.T.);
#1090=ORIENTED_EDGE('',*,*,#817,.T.);
#1091=ORIENTED_EDGE('',*,*,#850,.F.);
#1092=ORIENTED_EDGE('',*,*,#851,.T.);
#1093=ORIENTED_EDGE('',*,*,#852,.F.);
#1094=ORIENTED_EDGE('',*,*,#818,.T.);
#1095=ORIENTED_EDGE('',*,*,#852,.T.);
#1096=ORIENTED_EDGE('',*,*,#853,.F.);
#1097=ORIENTED_EDGE('',*,*,#846,.T.);
#1098=ORIENTED_EDGE('',*,*,#847,.F.);
#1099=ORIENTED_EDGE('',*,*,#853,.T.);
#1100=ORIENTED_EDGE('',*,*,#851,.F.);
#1101=ORIENTED_EDGE('',*,*,#849,.T.);
#1102=ORIENTED_EDGE('',*,*,#819,.T.);
#1103=ORIENTED_EDGE('',*,*,#854,.F.);
#1104=ORIENTED_EDGE('',*,*,#855,.T.);
#1105=ORIENTED_EDGE('',*,*,#856,.F.);
#1106=ORIENTED_EDGE('',*,*,#820,.T.);
#1107=ORIENTED_EDGE('',*,*,#856,.T.);
#1108=ORIENTED_EDGE('',*,*,#857,.F.);
#1109=ORIENTED_EDGE('',*,*,#858,.T.);
#1110=ORIENTED_EDGE('',*,*,#821,.T.);
#1111=ORIENTED_EDGE('',*,*,#858,.F.);
#1112=ORIENTED_EDGE('',*,*,#859,.T.);
#1113=ORIENTED_EDGE('',*,*,#860,.F.);
#1114=ORIENTED_EDGE('',*,*,#822,.T.);
#1115=ORIENTED_EDGE('',*,*,#860,.T.);
#1116=ORIENTED_EDGE('',*,*,#861,.F.);
#1117=ORIENTED_EDGE('',*,*,#854,.T.);
#1118=ORIENTED_EDGE('',*,*,#855,.F.);
#1119=ORIENTED_EDGE('',*,*,#861,.T.);
#1120=ORIENTED_EDGE('',*,*,#859,.F.);
#1121=ORIENTED_EDGE('',*,*,#857,.T.);
#1122=ORIENTED_EDGE('',*,*,#823,.T.);
#1123=ORIENTED_EDGE('',*,*,#862,.F.);
#1124=ORIENTED_EDGE('',*,*,#863,.T.);
#1125=ORIENTED_EDGE('',*,*,#864,.F.);
#1126=ORIENTED_EDGE('',*,*,#824,.T.);
#1127=ORIENTED_EDGE('',*,*,#864,.T.);
#1128=ORIENTED_EDGE('',*,*,#865,.F.);
#1129=ORIENTED_EDGE('',*,*,#866,.T.);
#1130=ORIENTED_EDGE('',*,*,#825,.T.);
#1131=ORIENTED_EDGE('',*,*,#866,.F.);
#1132=ORIENTED_EDGE('',*,*,#867,.T.);
#1133=ORIENTED_EDGE('',*,*,#868,.F.);
#1134=ORIENTED_EDGE('',*,*,#826,.T.);
#1135=ORIENTED_EDGE('',*,*,#868,.T.);
#1136=ORIENTED_EDGE('',*,*,#869,.F.);
#1137=ORIENTED_EDGE('',*,*,#862,.T.);
#1138=ORIENTED_EDGE('',*,*,#863,.F.);
#1139=ORIENTED_EDGE('',*,*,#869,.T.);
#1140=ORIENTED_EDGE('',*,*,#867,.F.);
#1141=ORIENTED_EDGE('',*,*,#865,.T.);
#1142=ORIENTED_EDGE('',*,*,#827,.T.);
#1143=ORIENTED_EDGE('',*,*,#870,.F.);
#1144=ORIENTED_EDGE('',*,*,#871,.T.);
#1145=ORIENTED_EDGE('',*,*,#872,.F.);
#1146=ORIENTED_EDGE('',*,*,#828,.T.);
#1147=ORIENTED_EDGE('',*,*,#872,.T.);
#1148=ORIENTED_EDGE('',*,*,#873,.F.);
#1149=ORIENTED_EDGE('',*,*,#874,.T.);
#1150=ORIENTED_EDGE('',*,*,#829,.T.);
#1151=ORIENTED_EDGE('',*,*,#874,.F.);
#1152=ORIENTED_EDGE('',*,*,#875,.T.);
#1153=ORIENTED_EDGE('',*,*,#876,.F.);
#1154=ORIENTED_EDGE('',*,*,#830,.T.);
#1155=ORIENTED_EDGE('',*,*,#876,.T.);
#1156=ORIENTED_EDGE('',*,*,#877,.F.);
#1157=ORIENTED_EDGE('',*,*,#870,.T.);
#1158=ORIENTED_EDGE('',*,*,#871,.F.);
#1159=ORIENTED_EDGE('',*,*,#877,.T.);
#1160=ORIENTED_EDGE('',*,*,#875,.F.);
#1161=ORIENTED_EDGE('',*,*,#873,.T.);
#1162=ORIENTED_EDGE('',*,*,#831,.T.);
#1163=ORIENTED_EDGE('',*,*,#804,.T.);
#1164=ORIENTED_EDGE('',*,*,#878,.F.);
#1165=ORIENTED_EDGE('',*,*,#879,.T.);
#1166=ORIENTED_EDGE('',*,*,#832,.T.);
#1167=ORIENTED_EDGE('',*,*,#879,.F.);
#1168=ORIENTED_EDGE('',*,*,#880,.T.);
#1169=ORIENTED_EDGE('',*,*,#881,.F.);
#1170=ORIENTED_EDGE('',*,*,#833,.T.);
#1171=ORIENTED_EDGE('',*,*,#881,.T.);
#1172=ORIENTED_EDGE('',*,*,#882,.F.);
#1173=ORIENTED_EDGE('',*,*,#802,.T.);
#1174=ORIENTED_EDGE('',*,*,#803,.F.);
#1175=ORIENTED_EDGE('',*,*,#882,.T.);
#1176=ORIENTED_EDGE('',*,*,#880,.F.);
#1177=ORIENTED_EDGE('',*,*,#878,.T.);
#1178=ORIENTED_EDGE('',*,*,#883,.T.);
#1179=ORIENTED_EDGE('',*,*,#884,.T.);
#1180=ORIENTED_EDGE('',*,*,#885,.T.);
#1181=ORIENTED_EDGE('',*,*,#886,.F.);
#1182=ORIENTED_EDGE('',*,*,#887,.T.);
#1183=ORIENTED_EDGE('',*,*,#888,.T.);
#1184=ORIENTED_EDGE('',*,*,#889,.T.);
#1185=ORIENTED_EDGE('',*,*,#805,.T.);
#1186=ORIENTED_EDGE('',*,*,#890,.T.);
#1187=ORIENTED_EDGE('',*,*,#891,.T.);
#1188=ORIENTED_EDGE('',*,*,#892,.T.);
#1189=ORIENTED_EDGE('',*,*,#893,.T.);
#1190=ORIENTED_EDGE('',*,*,#894,.T.);
#1191=ORIENTED_EDGE('',*,*,#895,.T.);
#1192=ORIENTED_EDGE('',*,*,#896,.T.);
#1193=ORIENTED_EDGE('',*,*,#897,.T.);
#1194=ORIENTED_EDGE('',*,*,#898,.T.);
#1195=ORIENTED_EDGE('',*,*,#899,.T.);
#1196=ORIENTED_EDGE('',*,*,#897,.F.);
#1197=ORIENTED_EDGE('',*,*,#899,.F.);
#1198=ORIENTED_EDGE('',*,*,#900,.T.);
#1199=ORIENTED_EDGE('',*,*,#901,.F.);
#1200=ORIENTED_EDGE('',*,*,#902,.T.);
#1201=ORIENTED_EDGE('',*,*,#900,.F.);
#1202=ORIENTED_EDGE('',*,*,#898,.F.);
#1203=ORIENTED_EDGE('',*,*,#902,.F.);
#1204=ORIENTED_EDGE('',*,*,#903,.T.);
#1205=ORIENTED_EDGE('',*,*,#904,.T.);
#1206=ORIENTED_EDGE('',*,*,#905,.F.);
#1207=ORIENTED_EDGE('',*,*,#906,.F.);
#1208=ORIENTED_EDGE('',*,*,#907,.T.);
#1209=ORIENTED_EDGE('',*,*,#908,.F.);
#1210=ORIENTED_EDGE('',*,*,#901,.T.);
#1211=ORIENTED_EDGE('',*,*,#909,.T.);
#1212=ORIENTED_EDGE('',*,*,#910,.T.);
#1213=ORIENTED_EDGE('',*,*,#911,.T.);
#1214=ORIENTED_EDGE('',*,*,#911,.F.);
#1215=ORIENTED_EDGE('',*,*,#912,.T.);
#1216=ORIENTED_EDGE('',*,*,#913,.F.);
#1217=ORIENTED_EDGE('',*,*,#914,.F.);
#1218=ORIENTED_EDGE('',*,*,#912,.F.);
#1219=ORIENTED_EDGE('',*,*,#913,.T.);
#1220=ORIENTED_EDGE('',*,*,#914,.T.);
#1221=ORIENTED_EDGE('',*,*,#915,.T.);
#1222=ORIENTED_EDGE('',*,*,#894,.F.);
#1223=ORIENTED_EDGE('',*,*,#915,.F.);
#1224=ORIENTED_EDGE('',*,*,#909,.F.);
#1225=ORIENTED_EDGE('',*,*,#916,.T.);
#1226=ORIENTED_EDGE('',*,*,#917,.F.);
#1227=ORIENTED_EDGE('',*,*,#918,.F.);
#1228=ORIENTED_EDGE('',*,*,#916,.F.);
#1229=ORIENTED_EDGE('',*,*,#917,.T.);
#1230=ORIENTED_EDGE('',*,*,#918,.T.);
#1231=ORIENTED_EDGE('',*,*,#919,.T.);
#1232=ORIENTED_EDGE('',*,*,#895,.F.);
#1233=ORIENTED_EDGE('',*,*,#919,.F.);
#1234=ORIENTED_EDGE('',*,*,#910,.F.);
#1235=ORIENTED_EDGE('',*,*,#920,.T.);
#1236=ORIENTED_EDGE('',*,*,#921,.F.);
#1237=ORIENTED_EDGE('',*,*,#922,.F.);
#1238=ORIENTED_EDGE('',*,*,#920,.F.);
#1239=ORIENTED_EDGE('',*,*,#921,.T.);
#1240=ORIENTED_EDGE('',*,*,#922,.T.);
#1241=ORIENTED_EDGE('',*,*,#923,.T.);
#1242=ORIENTED_EDGE('',*,*,#896,.F.);
#1243=ORIENTED_EDGE('',*,*,#923,.F.);
#1244=ORIENTED_EDGE('',*,*,#903,.F.);
#1245=ORIENTED_EDGE('',*,*,#924,.F.);
#1246=ORIENTED_EDGE('',*,*,#883,.F.);
#1247=ORIENTED_EDGE('',*,*,#925,.T.);
#1248=ORIENTED_EDGE('',*,*,#925,.F.);
#1249=ORIENTED_EDGE('',*,*,#893,.F.);
#1250=ORIENTED_EDGE('',*,*,#926,.F.);
#1251=ORIENTED_EDGE('',*,*,#927,.T.);
#1252=ORIENTED_EDGE('',*,*,#928,.F.);
#1253=ORIENTED_EDGE('',*,*,#904,.F.);
#1254=ORIENTED_EDGE('',*,*,#928,.T.);
#1255=ORIENTED_EDGE('',*,*,#929,.F.);
#1256=ORIENTED_EDGE('',*,*,#930,.T.);
#1257=ORIENTED_EDGE('',*,*,#931,.T.);
#1258=ORIENTED_EDGE('',*,*,#932,.T.);
#1259=ORIENTED_EDGE('',*,*,#933,.F.);
#1260=ORIENTED_EDGE('',*,*,#934,.F.);
#1261=ORIENTED_EDGE('',*,*,#905,.T.);
#1262=ORIENTED_EDGE('',*,*,#935,.F.);
#1263=ORIENTED_EDGE('',*,*,#936,.T.);
#1264=ORIENTED_EDGE('',*,*,#937,.F.);
#1265=ORIENTED_EDGE('',*,*,#938,.T.);
#1266=ORIENTED_EDGE('',*,*,#939,.F.);
#1267=ORIENTED_EDGE('',*,*,#940,.T.);
#1268=ORIENTED_EDGE('',*,*,#941,.F.);
#1269=ORIENTED_EDGE('',*,*,#942,.T.);
#1270=ORIENTED_EDGE('',*,*,#943,.F.);
#1271=ORIENTED_EDGE('',*,*,#944,.T.);
#1272=ORIENTED_EDGE('',*,*,#945,.F.);
#1273=ORIENTED_EDGE('',*,*,#946,.T.);
#1274=ORIENTED_EDGE('',*,*,#947,.F.);
#1275=ORIENTED_EDGE('',*,*,#948,.T.);
#1276=ORIENTED_EDGE('',*,*,#949,.F.);
#1277=ORIENTED_EDGE('',*,*,#950,.T.);
#1278=ORIENTED_EDGE('',*,*,#951,.F.);
#1279=ORIENTED_EDGE('',*,*,#906,.T.);
#1280=ORIENTED_EDGE('',*,*,#934,.T.);
#1281=ORIENTED_EDGE('',*,*,#952,.T.);
#1282=ORIENTED_EDGE('',*,*,#953,.F.);
#1283=ORIENTED_EDGE('',*,*,#886,.T.);
#1284=ORIENTED_EDGE('',*,*,#885,.F.);
#1285=ORIENTED_EDGE('',*,*,#954,.F.);
#1286=ORIENTED_EDGE('',*,*,#907,.F.);
#1287=ORIENTED_EDGE('',*,*,#951,.T.);
#1288=ORIENTED_EDGE('',*,*,#924,.T.);
#1289=ORIENTED_EDGE('',*,*,#908,.T.);
#1290=ORIENTED_EDGE('',*,*,#954,.T.);
#1291=ORIENTED_EDGE('',*,*,#884,.F.);
#1292=ORIENTED_EDGE('',*,*,#953,.T.);
#1293=ORIENTED_EDGE('',*,*,#955,.T.);
#1294=ORIENTED_EDGE('',*,*,#956,.T.);
#1295=ORIENTED_EDGE('',*,*,#957,.T.);
#1296=ORIENTED_EDGE('',*,*,#887,.F.);
#1297=ORIENTED_EDGE('',*,*,#958,.F.);
#1298=ORIENTED_EDGE('',*,*,#888,.F.);
#1299=ORIENTED_EDGE('',*,*,#957,.F.);
#1300=ORIENTED_EDGE('',*,*,#959,.T.);
#1301=ORIENTED_EDGE('',*,*,#960,.F.);
#1302=ORIENTED_EDGE('',*,*,#806,.F.);
#1303=ORIENTED_EDGE('',*,*,#889,.F.);
#1304=ORIENTED_EDGE('',*,*,#958,.T.);
#1305=ORIENTED_EDGE('',*,*,#960,.T.);
#1306=ORIENTED_EDGE('',*,*,#959,.F.);
#1307=ORIENTED_EDGE('',*,*,#961,.F.);
#1308=ORIENTED_EDGE('',*,*,#807,.T.);
#1309=ORIENTED_EDGE('',*,*,#962,.T.);
#1310=ORIENTED_EDGE('',*,*,#963,.T.);
#1311=ORIENTED_EDGE('',*,*,#961,.T.);
#1312=ORIENTED_EDGE('',*,*,#956,.F.);
#1313=ORIENTED_EDGE('',*,*,#952,.F.);
#1314=ORIENTED_EDGE('',*,*,#933,.T.);
#1315=ORIENTED_EDGE('',*,*,#964,.F.);
#1316=ORIENTED_EDGE('',*,*,#965,.F.);
#1317=ORIENTED_EDGE('',*,*,#966,.F.);
#1318=ORIENTED_EDGE('',*,*,#967,.F.);
#1319=ORIENTED_EDGE('',*,*,#962,.F.);
#1320=ORIENTED_EDGE('',*,*,#955,.F.);
#1321=ORIENTED_EDGE('',*,*,#967,.T.);
#1322=ORIENTED_EDGE('',*,*,#968,.F.);
#1323=ORIENTED_EDGE('',*,*,#808,.T.);
#1324=ORIENTED_EDGE('',*,*,#963,.F.);
#1325=ORIENTED_EDGE('',*,*,#969,.T.);
#1326=ORIENTED_EDGE('',*,*,#809,.T.);
#1327=ORIENTED_EDGE('',*,*,#968,.T.);
#1328=ORIENTED_EDGE('',*,*,#966,.T.);
#1329=ORIENTED_EDGE('',*,*,#970,.F.);
#1330=ORIENTED_EDGE('',*,*,#971,.T.);
#1331=ORIENTED_EDGE('',*,*,#969,.F.);
#1332=ORIENTED_EDGE('',*,*,#965,.T.);
#1333=ORIENTED_EDGE('',*,*,#972,.T.);
#1334=ORIENTED_EDGE('',*,*,#970,.T.);
#1335=ORIENTED_EDGE('',*,*,#964,.T.);
#1336=ORIENTED_EDGE('',*,*,#932,.F.);
#1337=ORIENTED_EDGE('',*,*,#931,.F.);
#1338=ORIENTED_EDGE('',*,*,#973,.F.);
#1339=ORIENTED_EDGE('',*,*,#974,.T.);
#1340=ORIENTED_EDGE('',*,*,#972,.F.);
#1341=ORIENTED_EDGE('',*,*,#974,.F.);
#1342=ORIENTED_EDGE('',*,*,#975,.F.);
#1343=ORIENTED_EDGE('',*,*,#810,.F.);
#1344=ORIENTED_EDGE('',*,*,#971,.F.);
#1345=ORIENTED_EDGE('',*,*,#976,.T.);
#1346=ORIENTED_EDGE('',*,*,#977,.F.);
#1347=ORIENTED_EDGE('',*,*,#975,.T.);
#1348=ORIENTED_EDGE('',*,*,#978,.F.);
#1349=ORIENTED_EDGE('',*,*,#927,.F.);
#1350=ORIENTED_EDGE('',*,*,#979,.F.);
#1351=ORIENTED_EDGE('',*,*,#980,.F.);
#1352=ORIENTED_EDGE('',*,*,#981,.F.);
#1353=ORIENTED_EDGE('',*,*,#982,.F.);
#1354=ORIENTED_EDGE('',*,*,#976,.F.);
#1355=ORIENTED_EDGE('',*,*,#983,.F.);
#1356=ORIENTED_EDGE('',*,*,#929,.T.);
#1357=ORIENTED_EDGE('',*,*,#930,.F.);
#1358=ORIENTED_EDGE('',*,*,#983,.T.);
#1359=ORIENTED_EDGE('',*,*,#978,.T.);
#1360=ORIENTED_EDGE('',*,*,#973,.T.);
#1361=ORIENTED_EDGE('',*,*,#982,.T.);
#1362=ORIENTED_EDGE('',*,*,#984,.T.);
#1363=ORIENTED_EDGE('',*,*,#811,.T.);
#1364=ORIENTED_EDGE('',*,*,#977,.T.);
#1365=ORIENTED_EDGE('',*,*,#985,.F.);
#1366=ORIENTED_EDGE('',*,*,#812,.T.);
#1367=ORIENTED_EDGE('',*,*,#984,.F.);
#1368=ORIENTED_EDGE('',*,*,#981,.T.);
#1369=ORIENTED_EDGE('',*,*,#986,.F.);
#1370=ORIENTED_EDGE('',*,*,#987,.T.);
#1371=ORIENTED_EDGE('',*,*,#985,.T.);
#1372=ORIENTED_EDGE('',*,*,#980,.T.);
#1373=ORIENTED_EDGE('',*,*,#926,.T.);
#1374=ORIENTED_EDGE('',*,*,#892,.F.);
#1375=ORIENTED_EDGE('',*,*,#988,.T.);
#1376=ORIENTED_EDGE('',*,*,#986,.T.);
#1377=ORIENTED_EDGE('',*,*,#979,.T.);
#1378=ORIENTED_EDGE('',*,*,#989,.T.);
#1379=ORIENTED_EDGE('',*,*,#990,.T.);
#1380=ORIENTED_EDGE('',*,*,#988,.F.);
#1381=ORIENTED_EDGE('',*,*,#891,.F.);
#1382=ORIENTED_EDGE('',*,*,#989,.F.);
#1383=ORIENTED_EDGE('',*,*,#890,.F.);
#1384=ORIENTED_EDGE('',*,*,#814,.T.);
#1385=ORIENTED_EDGE('',*,*,#991,.T.);
#1386=ORIENTED_EDGE('',*,*,#991,.F.);
#1387=ORIENTED_EDGE('',*,*,#813,.T.);
#1388=ORIENTED_EDGE('',*,*,#987,.F.);
#1389=ORIENTED_EDGE('',*,*,#990,.F.);
#1390=ORIENTED_EDGE('',*,*,#992,.T.);
#1391=ORIENTED_EDGE('',*,*,#993,.F.);
#1392=ORIENTED_EDGE('',*,*,#994,.F.);
#1393=ORIENTED_EDGE('',*,*,#935,.T.);
#1394=ORIENTED_EDGE('',*,*,#995,.F.);
#1395=ORIENTED_EDGE('',*,*,#992,.F.);
#1396=ORIENTED_EDGE('',*,*,#942,.F.);
#1397=ORIENTED_EDGE('',*,*,#996,.T.);
#1398=ORIENTED_EDGE('',*,*,#997,.T.);
#1399=ORIENTED_EDGE('',*,*,#998,.T.);
#1400=ORIENTED_EDGE('',*,*,#999,.T.);
#1401=ORIENTED_EDGE('',*,*,#1000,.T.);
#1402=ORIENTED_EDGE('',*,*,#1001,.T.);
#1403=ORIENTED_EDGE('',*,*,#993,.T.);
#1404=ORIENTED_EDGE('',*,*,#995,.T.);
#1405=ORIENTED_EDGE('',*,*,#1002,.T.);
#1406=ORIENTED_EDGE('',*,*,#1003,.T.);
#1407=ORIENTED_EDGE('',*,*,#1004,.T.);
#1408=ORIENTED_EDGE('',*,*,#1005,.T.);
#1409=ORIENTED_EDGE('',*,*,#1006,.T.);
#1410=ORIENTED_EDGE('',*,*,#1007,.T.);
#1411=ORIENTED_EDGE('',*,*,#1008,.T.);
#1412=ORIENTED_EDGE('',*,*,#1009,.T.);
#1413=ORIENTED_EDGE('',*,*,#1010,.T.);
#1414=ORIENTED_EDGE('',*,*,#997,.F.);
#1415=ORIENTED_EDGE('',*,*,#1011,.F.);
#1416=ORIENTED_EDGE('',*,*,#940,.F.);
#1417=ORIENTED_EDGE('',*,*,#1012,.T.);
#1418=ORIENTED_EDGE('',*,*,#1012,.F.);
#1419=ORIENTED_EDGE('',*,*,#939,.T.);
#1420=ORIENTED_EDGE('',*,*,#1013,.T.);
#1421=ORIENTED_EDGE('',*,*,#998,.F.);
#1422=ORIENTED_EDGE('',*,*,#999,.F.);
#1423=ORIENTED_EDGE('',*,*,#1013,.F.);
#1424=ORIENTED_EDGE('',*,*,#938,.F.);
#1425=ORIENTED_EDGE('',*,*,#1014,.T.);
#1426=ORIENTED_EDGE('',*,*,#1015,.T.);
#1427=ORIENTED_EDGE('',*,*,#1000,.F.);
#1428=ORIENTED_EDGE('',*,*,#1014,.F.);
#1429=ORIENTED_EDGE('',*,*,#937,.T.);
#1430=ORIENTED_EDGE('',*,*,#1001,.F.);
#1431=ORIENTED_EDGE('',*,*,#1015,.F.);
#1432=ORIENTED_EDGE('',*,*,#936,.F.);
#1433=ORIENTED_EDGE('',*,*,#994,.T.);
#1434=ORIENTED_EDGE('',*,*,#1011,.T.);
#1435=ORIENTED_EDGE('',*,*,#1002,.F.);
#1436=ORIENTED_EDGE('',*,*,#996,.F.);
#1437=ORIENTED_EDGE('',*,*,#941,.T.);
#1438=ORIENTED_EDGE('',*,*,#1003,.F.);
#1439=ORIENTED_EDGE('',*,*,#1016,.F.);
#1440=ORIENTED_EDGE('',*,*,#950,.F.);
#1441=ORIENTED_EDGE('',*,*,#1017,.T.);
#1442=ORIENTED_EDGE('',*,*,#1017,.F.);
#1443=ORIENTED_EDGE('',*,*,#949,.T.);
#1444=ORIENTED_EDGE('',*,*,#1018,.T.);
#1445=ORIENTED_EDGE('',*,*,#1004,.F.);
#1446=ORIENTED_EDGE('',*,*,#1005,.F.);
#1447=ORIENTED_EDGE('',*,*,#1018,.F.);
#1448=ORIENTED_EDGE('',*,*,#948,.F.);
#1449=ORIENTED_EDGE('',*,*,#1019,.T.);
#1450=ORIENTED_EDGE('',*,*,#1019,.F.);
#1451=ORIENTED_EDGE('',*,*,#947,.T.);
#1452=ORIENTED_EDGE('',*,*,#1020,.T.);
#1453=ORIENTED_EDGE('',*,*,#1006,.F.);
#1454=ORIENTED_EDGE('',*,*,#1007,.F.);
#1455=ORIENTED_EDGE('',*,*,#1020,.F.);
#1456=ORIENTED_EDGE('',*,*,#946,.F.);
#1457=ORIENTED_EDGE('',*,*,#1021,.T.);
#1458=ORIENTED_EDGE('',*,*,#1021,.F.);
#1459=ORIENTED_EDGE('',*,*,#945,.T.);
#1460=ORIENTED_EDGE('',*,*,#1022,.T.);
#1461=ORIENTED_EDGE('',*,*,#1008,.F.);
#1462=ORIENTED_EDGE('',*,*,#1009,.F.);
#1463=ORIENTED_EDGE('',*,*,#1022,.F.);
#1464=ORIENTED_EDGE('',*,*,#944,.F.);
#1465=ORIENTED_EDGE('',*,*,#1023,.T.);
#1466=ORIENTED_EDGE('',*,*,#1016,.T.);
#1467=ORIENTED_EDGE('',*,*,#1010,.F.);
#1468=ORIENTED_EDGE('',*,*,#1023,.F.);
#1469=ORIENTED_EDGE('',*,*,#943,.T.);
#1470=CYLINDRICAL_SURFACE('',#1600,1.);
#1471=CYLINDRICAL_SURFACE('',#1615,0.9999999999999);
#1472=CYLINDRICAL_SURFACE('',#1618,1.);
#1473=CYLINDRICAL_SURFACE('',#1622,1.);
#1474=CYLINDRICAL_SURFACE('',#1625,1.);
#1475=CYLINDRICAL_SURFACE('',#1629,1.);
#1476=CYLINDRICAL_SURFACE('',#1632,1.);
#1477=CYLINDRICAL_SURFACE('',#1636,1.);
#1478=CYLINDRICAL_SURFACE('',#1639,1.);
#1479=CYLINDRICAL_SURFACE('',#1643,1.);
#1480=CYLINDRICAL_SURFACE('',#1646,1.);
#1481=CYLINDRICAL_SURFACE('',#1651,1.);
#1482=CYLINDRICAL_SURFACE('',#1665,1.6);
#1483=CYLINDRICAL_SURFACE('',#1673,1.6);
#1484=CYLINDRICAL_SURFACE('',#1677,1.6);
#1485=CYLINDRICAL_SURFACE('',#1681,1.6);
#1486=CYLINDRICAL_SURFACE('',#1685,2.);
#1487=CYLINDRICAL_SURFACE('',#1697,2.);
#1488=CYLINDRICAL_SURFACE('',#1703,5.);
#1489=CYLINDRICAL_SURFACE('',#1709,5.);
#1490=CYLINDRICAL_SURFACE('',#1718,5.);
#1491=CYLINDRICAL_SURFACE('',#1720,3.);
#1492=CYLINDRICAL_SURFACE('',#1731,3.);
#1493=CYLINDRICAL_SURFACE('',#1733,3.);
#1494=CYLINDRICAL_SURFACE('',#1735,3.);
#1495=CYLINDRICAL_SURFACE('',#1737,3.);
#1496=CYLINDRICAL_SURFACE('',#1739,3.);
#1497=CYLINDRICAL_SURFACE('',#1741,3.);
#1498=CYLINDRICAL_SURFACE('',#1743,3.);
#1499=ADVANCED_FACE('',(#97),#1470,.T.);
#1500=ADVANCED_FACE('',(#98,#31,#32,#33,#34,#35,#36),#47,.F.);
#1501=ADVANCED_FACE('',(#99),#1471,.T.);
#1502=ADVANCED_FACE('',(#100),#48,.F.);
#1503=ADVANCED_FACE('',(#101),#1472,.T.);
#1504=ADVANCED_FACE('',(#102),#49,.T.);
#1505=ADVANCED_FACE('',(#103),#50,.F.);
#1506=ADVANCED_FACE('',(#104),#1473,.T.);
#1507=ADVANCED_FACE('',(#105),#51,.T.);
#1508=ADVANCED_FACE('',(#106),#1474,.T.);
#1509=ADVANCED_FACE('',(#107),#52,.F.);
#1510=ADVANCED_FACE('',(#108),#53,.F.);
#1511=ADVANCED_FACE('',(#109),#1475,.T.);
#1512=ADVANCED_FACE('',(#110),#54,.T.);
#1513=ADVANCED_FACE('',(#111),#1476,.T.);
#1514=ADVANCED_FACE('',(#112),#55,.F.);
#1515=ADVANCED_FACE('',(#113),#56,.F.);
#1516=ADVANCED_FACE('',(#114),#1477,.T.);
#1517=ADVANCED_FACE('',(#115),#57,.F.);
#1518=ADVANCED_FACE('',(#116),#1478,.T.);
#1519=ADVANCED_FACE('',(#117),#58,.T.);
#1520=ADVANCED_FACE('',(#118),#59,.F.);
#1521=ADVANCED_FACE('',(#119),#1479,.T.);
#1522=ADVANCED_FACE('',(#120),#60,.T.);
#1523=ADVANCED_FACE('',(#121),#1480,.T.);
#1524=ADVANCED_FACE('',(#122),#61,.F.);
#1525=ADVANCED_FACE('',(#123),#62,.F.);
#1526=ADVANCED_FACE('',(#124),#63,.T.);
#1527=ADVANCED_FACE('',(#125),#1481,.T.);
#1528=ADVANCED_FACE('',(#126),#64,.F.);
#1529=ADVANCED_FACE('',(#127),#65,.F.);
#1530=ADVANCED_FACE('',(#128,#37,#38,#39,#40),#66,.T.);
#1531=ADVANCED_FACE('',(#129),#27,.F.);
#1532=ADVANCED_FACE('',(#130),#1482,.F.);
#1533=ADVANCED_FACE('',(#131,#41,#42,#43,#44),#67,.F.);
#1534=ADVANCED_FACE('',(#132),#1483,.F.);
#1535=ADVANCED_FACE('',(#133),#28,.F.);
#1536=ADVANCED_FACE('',(#134),#1484,.F.);
#1537=ADVANCED_FACE('',(#135),#29,.F.);
#1538=ADVANCED_FACE('',(#136),#1485,.F.);
#1539=ADVANCED_FACE('',(#137),#30,.F.);
#1540=ADVANCED_FACE('',(#138),#1486,.T.);
#1541=ADVANCED_FACE('',(#139),#68,.F.);
#1542=ADVANCED_FACE('',(#140,#45,#46),#69,.T.);
#1543=ADVANCED_FACE('',(#141),#70,.F.);
#1544=ADVANCED_FACE('',(#142),#1487,.T.);
#1545=ADVANCED_FACE('',(#143),#71,.F.);
#1546=ADVANCED_FACE('',(#144),#72,.T.);
#1547=ADVANCED_FACE('',(#145),#73,.T.);
#1548=ADVANCED_FACE('',(#146),#74,.F.);
#1549=ADVANCED_FACE('',(#147),#1488,.F.);
#1550=ADVANCED_FACE('',(#148),#15,.T.);
#1551=ADVANCED_FACE('',(#149),#75,.F.);
#1552=ADVANCED_FACE('',(#150),#76,.F.);
#1553=ADVANCED_FACE('',(#151),#77,.F.);
#1554=ADVANCED_FACE('',(#152),#16,.F.);
#1555=ADVANCED_FACE('',(#153),#78,.T.);
#1556=ADVANCED_FACE('',(#154),#79,.T.);
#1557=ADVANCED_FACE('',(#155),#1489,.T.);
#1558=ADVANCED_FACE('',(#156),#17,.T.);
#1559=ADVANCED_FACE('',(#157),#80,.T.);
#1560=ADVANCED_FACE('',(#158),#81,.T.);
#1561=ADVANCED_FACE('',(#159),#82,.T.);
#1562=ADVANCED_FACE('',(#160),#83,.T.);
#1563=ADVANCED_FACE('',(#161),#18,.F.);
#1564=ADVANCED_FACE('',(#162),#84,.T.);
#1565=ADVANCED_FACE('',(#163),#85,.T.);
#1566=ADVANCED_FACE('',(#164),#86,.F.);
#1567=ADVANCED_FACE('',(#165),#1490,.F.);
#1568=ADVANCED_FACE('',(#166),#87,.F.);
#1569=ADVANCED_FACE('',(#167),#1491,.F.);
#1570=ADVANCED_FACE('',(#168),#88,.T.);
#1571=ADVANCED_FACE('',(#169),#89,.T.);
#1572=ADVANCED_FACE('',(#170),#1492,.F.);
#1573=ADVANCED_FACE('',(#171),#90,.F.);
#1574=ADVANCED_FACE('',(#172),#1493,.F.);
#1575=ADVANCED_FACE('',(#173),#91,.F.);
#1576=ADVANCED_FACE('',(#174),#1494,.F.);
#1577=ADVANCED_FACE('',(#175),#92,.F.);
#1578=ADVANCED_FACE('',(#176),#1495,.F.);
#1579=ADVANCED_FACE('',(#177),#93,.F.);
#1580=ADVANCED_FACE('',(#178),#1496,.F.);
#1581=ADVANCED_FACE('',(#179),#94,.F.);
#1582=ADVANCED_FACE('',(#180),#1497,.F.);
#1583=ADVANCED_FACE('',(#181),#95,.F.);
#1584=ADVANCED_FACE('',(#182),#1498,.F.);
#1585=ADVANCED_FACE('',(#183),#96,.F.);
#1586=CLOSED_SHELL('',(#1499,#1500,#1501,#1502,#1503,#1504,#1505,#1506,
#1507,#1508,#1509,#1510,#1511,#1512,#1513,#1514,#1515,#1516,#1517,#1518,
#1519,#1520,#1521,#1522,#1523,#1524,#1525,#1526,#1527,#1528,#1529,#1530,
#1531,#1532,#1533,#1534,#1535,#1536,#1537,#1538,#1539,#1540,#1541,#1542,
#1543,#1544,#1545,#1546,#1547,#1548,#1549,#1550,#1551,#1552,#1553,#1554,
#1555,#1556,#1557,#1558,#1559,#1560,#1561,#1562,#1563,#1564,#1565,#1566,
#1567,#1568,#1569,#1570,#1571,#1572,#1573,#1574,#1575,#1576,#1577,#1578,
#1579,#1580,#1581,#1582,#1583,#1584,#1585));
#1587=DERIVED_UNIT_ELEMENT(#1589,1.);
#1588=DERIVED_UNIT_ELEMENT(#2880,-3.);
#1589=(
MASS_UNIT()
NAMED_UNIT(*)
SI_UNIT(.KILO.,.GRAM.)
);
#1590=DERIVED_UNIT((#1587,#1588));
#1591=MEASURE_REPRESENTATION_ITEM('density measure',
POSITIVE_RATIO_MEASURE(7850.),#1590);
#1592=PROPERTY_DEFINITION_REPRESENTATION(#1597,#1594);
#1593=PROPERTY_DEFINITION_REPRESENTATION(#1598,#1595);
#1594=REPRESENTATION('material name',(#1596),#2877);
#1595=REPRESENTATION('density',(#1591),#2877);
#1596=DESCRIPTIVE_REPRESENTATION_ITEM('\X2\94A2\X0\','\X2\94A2\X0\');
#1597=PROPERTY_DEFINITION('material property','material name',#2887);
#1598=PROPERTY_DEFINITION('material property','density of part',#2887);
#1599=AXIS2_PLACEMENT_3D('',#2190,#1745,#1746);
#1600=AXIS2_PLACEMENT_3D('',#2191,#1747,#1748);
#1601=AXIS2_PLACEMENT_3D('',#2194,#1749,#1750);
#1602=AXIS2_PLACEMENT_3D('',#2198,#1752,#1753);
#1603=AXIS2_PLACEMENT_3D('',#2200,#1755,#1756);
#1604=AXIS2_PLACEMENT_3D('',#2223,#1767,#1768);
#1605=AXIS2_PLACEMENT_3D('',#2227,#1770,#1771);
#1606=AXIS2_PLACEMENT_3D('',#2231,#1773,#1774);
#1607=AXIS2_PLACEMENT_3D('',#2235,#1776,#1777);
#1608=AXIS2_PLACEMENT_3D('',#2239,#1779,#1780);
#1609=AXIS2_PLACEMENT_3D('',#2243,#1782,#1783);
#1610=AXIS2_PLACEMENT_3D('',#2247,#1785,#1786);
#1611=AXIS2_PLACEMENT_3D('',#2251,#1788,#1789);
#1612=AXIS2_PLACEMENT_3D('',#2256,#1792,#1793);
#1613=AXIS2_PLACEMENT_3D('',#2260,#1795,#1796);
#1614=AXIS2_PLACEMENT_3D('',#2264,#1798,#1799);
#1615=AXIS2_PLACEMENT_3D('',#2266,#1801,#1802);
#1616=AXIS2_PLACEMENT_3D('',#2270,#1804,#1805);
#1617=AXIS2_PLACEMENT_3D('',#2272,#1807,#1808);
#1618=AXIS2_PLACEMENT_3D('',#2276,#1811,#1812);
#1619=AXIS2_PLACEMENT_3D('',#2278,#1813,#1814);
#1620=AXIS2_PLACEMENT_3D('',#2280,#1816,#1817);
#1621=AXIS2_PLACEMENT_3D('',#2282,#1819,#1820);
#1622=AXIS2_PLACEMENT_3D('',#2283,#1821,#1822);
#1623=AXIS2_PLACEMENT_3D('',#2287,#1824,#1825);
#1624=AXIS2_PLACEMENT_3D('',#2289,#1827,#1828);
#1625=AXIS2_PLACEMENT_3D('',#2293,#1831,#1832);
#1626=AXIS2_PLACEMENT_3D('',#2295,#1833,#1834);
#1627=AXIS2_PLACEMENT_3D('',#2297,#1836,#1837);
#1628=AXIS2_PLACEMENT_3D('',#2299,#1839,#1840);
#1629=AXIS2_PLACEMENT_3D('',#2300,#1841,#1842);
#1630=AXIS2_PLACEMENT_3D('',#2304,#1844,#1845);
#1631=AXIS2_PLACEMENT_3D('',#2306,#1847,#1848);
#1632=AXIS2_PLACEMENT_3D('',#2310,#1851,#1852);
#1633=AXIS2_PLACEMENT_3D('',#2312,#1853,#1854);
#1634=AXIS2_PLACEMENT_3D('',#2314,#1856,#1857);
#1635=AXIS2_PLACEMENT_3D('',#2316,#1859,#1860);
#1636=AXIS2_PLACEMENT_3D('',#2317,#1861,#1862);
#1637=AXIS2_PLACEMENT_3D('',#2321,#1864,#1865);
#1638=AXIS2_PLACEMENT_3D('',#2323,#1867,#1868);
#1639=AXIS2_PLACEMENT_3D('',#2327,#1871,#1872);
#1640=AXIS2_PLACEMENT_3D('',#2329,#1873,#1874);
#1641=AXIS2_PLACEMENT_3D('',#2331,#1876,#1877);
#1642=AXIS2_PLACEMENT_3D('',#2333,#1879,#1880);
#1643=AXIS2_PLACEMENT_3D('',#2334,#1881,#1882);
#1644=AXIS2_PLACEMENT_3D('',#2338,#1884,#1885);
#1645=AXIS2_PLACEMENT_3D('',#2340,#1887,#1888);
#1646=AXIS2_PLACEMENT_3D('',#2344,#1891,#1892);
#1647=AXIS2_PLACEMENT_3D('',#2346,#1893,#1894);
#1648=AXIS2_PLACEMENT_3D('',#2348,#1896,#1897);
#1649=AXIS2_PLACEMENT_3D('',#2350,#1899,#1900);
#1650=AXIS2_PLACEMENT_3D('',#2351,#1901,#1902);
#1651=AXIS2_PLACEMENT_3D('',#2355,#1905,#1906);
#1652=AXIS2_PLACEMENT_3D('',#2357,#1907,#1908);
#1653=AXIS2_PLACEMENT_3D('',#2359,#1910,#1911);
#1654=AXIS2_PLACEMENT_3D('',#2361,#1913,#1914);
#1655=AXIS2_PLACEMENT_3D('',#2362,#1915,#1916);
#1656=AXIS2_PLACEMENT_3D('',#2365,#1917,#1918);
#1657=AXIS2_PLACEMENT_3D('',#2369,#1920,#1921);
#1658=AXIS2_PLACEMENT_3D('',#2385,#1930,#1931);
#1659=AXIS2_PLACEMENT_3D('',#2387,#1932,#1933);
#1660=AXIS2_PLACEMENT_3D('',#2389,#1934,#1935);
#1661=AXIS2_PLACEMENT_3D('',#2391,#1936,#1937);
#1662=AXIS2_PLACEMENT_3D('',#2392,#1938,#1939);
#1663=AXIS2_PLACEMENT_3D('',#2395,#1940,#1941);
#1664=AXIS2_PLACEMENT_3D('',#2397,#1943,#1944);
#1665=AXIS2_PLACEMENT_3D('',#2398,#1945,#1946);
#1666=AXIS2_PLACEMENT_3D('',#2400,#1947,#1948);
#1667=AXIS2_PLACEMENT_3D('',#2402,#1950,#1951);
#1668=AXIS2_PLACEMENT_3D('',#2405,#1952,#1953);
#1669=AXIS2_PLACEMENT_3D('',#2413,#1957,#1958);
#1670=AXIS2_PLACEMENT_3D('',#2416,#1960,#1961);
#1671=AXIS2_PLACEMENT_3D('',#2418,#1962,#1963);
#1672=AXIS2_PLACEMENT_3D('',#2420,#1964,#1965);
#1673=AXIS2_PLACEMENT_3D('',#2421,#1966,#1967);
#1674=AXIS2_PLACEMENT_3D('',#2425,#1969,#1970);
#1675=AXIS2_PLACEMENT_3D('',#2426,#1971,#1972);
#1676=AXIS2_PLACEMENT_3D('',#2427,#1973,#1974);
#1677=AXIS2_PLACEMENT_3D('',#2429,#1976,#1977);
#1678=AXIS2_PLACEMENT_3D('',#2433,#1979,#1980);
#1679=AXIS2_PLACEMENT_3D('',#2434,#1981,#1982);
#1680=AXIS2_PLACEMENT_3D('',#2435,#1983,#1984);
#1681=AXIS2_PLACEMENT_3D('',#2437,#1986,#1987);
#1682=AXIS2_PLACEMENT_3D('',#2441,#1989,#1990);
#1683=AXIS2_PLACEMENT_3D('',#2442,#1991,#1992);
#1684=AXIS2_PLACEMENT_3D('',#2443,#1993,#1994);
#1685=AXIS2_PLACEMENT_3D('',#2445,#1996,#1997);
#1686=AXIS2_PLACEMENT_3D('',#2448,#2000,#2001);
#1687=AXIS2_PLACEMENT_3D('',#2454,#2005,#2006);
#1688=AXIS2_PLACEMENT_3D('',#2470,#2014,#2015);
#1689=AXIS2_PLACEMENT_3D('',#2474,#2017,#2018);
#1690=AXIS2_PLACEMENT_3D('',#2478,#2020,#2021);
#1691=AXIS2_PLACEMENT_3D('',#2481,#2023,#2024);
#1692=AXIS2_PLACEMENT_3D('',#2486,#2026,#2027);
#1693=AXIS2_PLACEMENT_3D('',#2490,#2029,#2030);
#1694=AXIS2_PLACEMENT_3D('',#2494,#2032,#2033);
#1695=AXIS2_PLACEMENT_3D('',#2497,#2035,#2036);
#1696=AXIS2_PLACEMENT_3D('',#2498,#2037,#2038);
#1697=AXIS2_PLACEMENT_3D('',#2503,#2042,#2043);
#1698=AXIS2_PLACEMENT_3D('',#2505,#2045,#2046);
#1699=AXIS2_PLACEMENT_3D('',#2506,#2047,#2048);
#1700=AXIS2_PLACEMENT_3D('',#2512,#2052,#2053);
#1701=AXIS2_PLACEMENT_3D('',#2516,#2056,#2057);
#1702=AXIS2_PLACEMENT_3D('',#2517,#2058,#2059);
#1703=AXIS2_PLACEMENT_3D('',#2518,#2060,#2061);
#1704=AXIS2_PLACEMENT_3D('',#2595,#2063,#2064);
#1705=AXIS2_PLACEMENT_3D('',#2612,#2068,#2069);
#1706=AXIS2_PLACEMENT_3D('',#2614,#2071,#2072);
#1707=AXIS2_PLACEMENT_3D('',#2652,#2075,#2076);
#1708=AXIS2_PLACEMENT_3D('',#2654,#2078,#2079);
#1709=AXIS2_PLACEMENT_3D('',#2658,#2082,#2083);
#1710=AXIS2_PLACEMENT_3D('',#2707,#2086,#2087);
#1711=AXIS2_PLACEMENT_3D('',#2725,#2092,#2093);
#1712=AXIS2_PLACEMENT_3D('',#2726,#2094,#2095);
#1713=AXIS2_PLACEMENT_3D('',#2728,#2097,#2098);
#1714=AXIS2_PLACEMENT_3D('',#2800,#2101,#2102);
#1715=AXIS2_PLACEMENT_3D('',#2802,#2104,#2105);
#1716=AXIS2_PLACEMENT_3D('',#2806,#2108,#2109);
#1717=AXIS2_PLACEMENT_3D('',#2807,#2110,#2111);
#1718=AXIS2_PLACEMENT_3D('',#2808,#2112,#2113);
#1719=AXIS2_PLACEMENT_3D('',#2809,#2114,#2115);
#1720=AXIS2_PLACEMENT_3D('',#2815,#2119,#2120);
#1721=AXIS2_PLACEMENT_3D('',#2817,#2121,#2122);
#1722=AXIS2_PLACEMENT_3D('',#2819,#2124,#2125);
#1723=AXIS2_PLACEMENT_3D('',#2822,#2126,#2127);
#1724=AXIS2_PLACEMENT_3D('',#2826,#2129,#2130);
#1725=AXIS2_PLACEMENT_3D('',#2829,#2132,#2133);
#1726=AXIS2_PLACEMENT_3D('',#2831,#2135,#2136);
#1727=AXIS2_PLACEMENT_3D('',#2834,#2137,#2138);
#1728=AXIS2_PLACEMENT_3D('',#2838,#2140,#2141);
#1729=AXIS2_PLACEMENT_3D('',#2842,#2143,#2144);
#1730=AXIS2_PLACEMENT_3D('',#2846,#2146,#2147);
#1731=AXIS2_PLACEMENT_3D('',#2848,#2149,#2150);
#1732=AXIS2_PLACEMENT_3D('',#2851,#2153,#2154);
#1733=AXIS2_PLACEMENT_3D('',#2853,#2156,#2157);
#1734=AXIS2_PLACEMENT_3D('',#2855,#2159,#2160);
#1735=AXIS2_PLACEMENT_3D('',#2857,#2162,#2163);
#1736=AXIS2_PLACEMENT_3D('',#2858,#2164,#2165);
#1737=AXIS2_PLACEMENT_3D('',#2859,#2166,#2167);
#1738=AXIS2_PLACEMENT_3D('',#2862,#2170,#2171);
#1739=AXIS2_PLACEMENT_3D('',#2864,#2173,#2174);
#1740=AXIS2_PLACEMENT_3D('',#2866,#2176,#2177);
#1741=AXIS2_PLACEMENT_3D('',#2868,#2179,#2180);
#1742=AXIS2_PLACEMENT_3D('',#2870,#2182,#2183);
#1743=AXIS2_PLACEMENT_3D('',#2872,#2185,#2186);
#1744=AXIS2_PLACEMENT_3D('',#2874,#2188,#2189);
#1745=DIRECTION('axis',(0.,0.,1.));
#1746=DIRECTION('refdir',(1.,0.,0.));
#1747=DIRECTION('center_axis',(-1.,0.,0.));
#1748=DIRECTION('ref_axis',(0.,-0.707106781186498,-0.707106781186598));
#1749=DIRECTION('center_axis',(-1.,0.,0.));
#1750=DIRECTION('ref_axis',(0.,-0.707106781226298,-0.707106781146797));
#1751=DIRECTION('',(1.,-6.890932269243E-12,-8.505196547048E-12));
#1752=DIRECTION('center_axis',(1.,0.,0.));
#1753=DIRECTION('ref_axis',(0.,-0.707106781211498,-0.707106781161598));
#1754=DIRECTION('',(-1.,2.435784907107E-11,2.275157839904E-11));
#1755=DIRECTION('center_axis',(1.,0.,0.));
#1756=DIRECTION('ref_axis',(0.,2.147312807648E-14,-1.));
#1757=DIRECTION('',(0.,1.,0.));
#1758=DIRECTION('',(0.,0.,1.));
#1759=DIRECTION('',(4.06246090462892E-8,0.999999999972381,-7.43217428430186E-6));
#1760=DIRECTION('',(-1.067921778867E-8,-0.300978873717199,-0.953630807795096));
#1761=DIRECTION('',(1.28211403481502E-14,-0.300978966579404,-0.953630778486514));
#1762=DIRECTION('',(0.,1.,3.218534040874E-13));
#1763=DIRECTION('',(6.88699565382965E-14,-0.300978966579285,0.953630778486551));
#1764=DIRECTION('',(6.20839890418707E-9,-0.300978908590803,0.95363079678851));
#1765=DIRECTION('',(-2.36147974466506E-8,0.999999999988826,4.72720183326413E-6));
#1766=DIRECTION('',(0.,0.,1.));
#1767=DIRECTION('center_axis',(-1.,0.,0.));
#1768=DIRECTION('ref_axis',(0.,0.707106781185498,-0.707106781187598));
#1769=DIRECTION('',(0.,-0.707106781186398,-0.707106781186698));
#1770=DIRECTION('center_axis',(-1.,0.,0.));
#1771=DIRECTION('ref_axis',(0.,-0.707106781162398,0.707106781210697));
#1772=DIRECTION('',(0.,0.707106781186398,0.707106781186698));
#1773=DIRECTION('center_axis',(-1.,0.,0.));
#1774=DIRECTION('ref_axis',(0.,0.707106781171198,-0.707106781201898));
#1775=DIRECTION('',(0.,-0.707106781186498,-0.707106781186598));
#1776=DIRECTION('center_axis',(-1.,0.,0.));
#1777=DIRECTION('ref_axis',(0.,-0.707106781199498,0.707106781173598));
#1778=DIRECTION('',(0.,0.707106781186498,0.707106781186597));
#1779=DIRECTION('center_axis',(-1.,0.,0.));
#1780=DIRECTION('ref_axis',(0.,-0.707106781237298,0.707106781135798));
#1781=DIRECTION('',(0.,0.707106781186498,0.707106781186597));
#1782=DIRECTION('center_axis',(-1.,0.,0.));
#1783=DIRECTION('ref_axis',(0.,0.707106781136798,-0.707106781236298));
#1784=DIRECTION('',(0.,-0.707106781186498,-0.707106781186597));
#1785=DIRECTION('center_axis',(-1.,0.,0.));
#1786=DIRECTION('ref_axis',(0.,0.707106781158698,-0.707106781214398));
#1787=DIRECTION('',(0.,-0.707106781186398,-0.707106781186697));
#1788=DIRECTION('center_axis',(-1.,0.,0.));
#1789=DIRECTION('ref_axis',(0.,-0.707106781152598,0.707106781220498));
#1790=DIRECTION('',(0.,0.707106781186397,0.707106781186697));
#1791=DIRECTION('',(0.,-0.707106781186398,-0.707106781186698));
#1792=DIRECTION('center_axis',(-1.,0.,0.));
#1793=DIRECTION('ref_axis',(0.,-0.707106781196198,0.707106781176898));
#1794=DIRECTION('',(0.,0.707106781186398,0.707106781186698));
#1795=DIRECTION('center_axis',(-1.,0.,0.));
#1796=DIRECTION('ref_axis',(0.,-0.707106781232498,0.707106781140598));
#1797=DIRECTION('',(0.,0.707106781186697,0.707106781186397));
#1798=DIRECTION('center_axis',(-1.,0.,0.));
#1799=DIRECTION('ref_axis',(0.,0.707106781125798,-0.707106781247298));
#1800=DIRECTION('',(0.,-0.707106781186698,-0.707106781186398));
#1801=DIRECTION('center_axis',(-1.,0.,0.));
#1802=DIRECTION('ref_axis',(0.,-0.707106781186498,0.707106781186598));
#1803=DIRECTION('',(1.,-2.454925152051E-11,-2.259881171085E-11));
#1804=DIRECTION('center_axis',(1.,0.,0.));
#1805=DIRECTION('ref_axis',(0.,0.707106781133898,0.707106781239198));
#1806=DIRECTION('',(-1.,7.386091738226E-12,7.005951374595E-12));
#1807=DIRECTION('center_axis',(0.,0.707106781186548,-0.707106781186548));
#1808=DIRECTION('ref_axis',(0.,0.707106781186548,0.707106781186548));
#1809=DIRECTION('',(0.,0.707106781186698,0.707106781186398));
#1810=DIRECTION('',(1.,1.769073776359E-11,1.806910177038E-11));
#1811=DIRECTION('center_axis',(-1.,0.,0.));
#1812=DIRECTION('ref_axis',(0.,0.707106781186498,-0.707106781186598));
#1813=DIRECTION('center_axis',(1.,0.,0.));
#1814=DIRECTION('ref_axis',(0.,-0.707106781182197,0.707106781190898));
#1815=DIRECTION('',(-1.,1.873168287148E-11,1.677236127762E-11));
#1816=DIRECTION('center_axis',(0.,0.707106781186598,-0.707106781186498));
#1817=DIRECTION('ref_axis',(0.,-0.707106781186498,-0.707106781186598));
#1818=DIRECTION('',(0.,-0.707106781186697,-0.707106781186397));
#1819=DIRECTION('center_axis',(1.,0.,0.));
#1820=DIRECTION('ref_axis',(0.,0.707106781186548,0.707106781186548));
#1821=DIRECTION('center_axis',(-1.,0.,0.));
#1822=DIRECTION('ref_axis',(0.,0.707106781186498,-0.707106781186598));
#1823=DIRECTION('',(1.,-2.337563476118E-11,-2.344791028008E-11));
#1824=DIRECTION('center_axis',(1.,0.,0.));
#1825=DIRECTION('ref_axis',(0.,-0.707106781214147,-0.707106781158948));
#1826=DIRECTION('',(-1.,-1.120437076452E-12,-3.232969447708E-12));
#1827=DIRECTION('center_axis',(0.,0.707106781186598,-0.707106781186498));
#1828=DIRECTION('ref_axis',(0.,-0.707106781186498,-0.707106781186598));
#1829=DIRECTION('',(0.,-0.707106781186397,-0.707106781186697));
#1830=DIRECTION('',(1.,1.269206961751E-11,1.479349975853E-11));
#1831=DIRECTION('center_axis',(-1.,0.,0.));
#1832=DIRECTION('ref_axis',(0.,-0.707106781186598,0.707106781186498));
#1833=DIRECTION('center_axis',(1.,0.,0.));
#1834=DIRECTION('ref_axis',(0.,0.707106781132548,-0.707106781240547));
#1835=DIRECTION('',(-1.,3.242739410325E-12,3.311129148642E-12));
#1836=DIRECTION('center_axis',(0.,0.707106781186598,-0.707106781186498));
#1837=DIRECTION('ref_axis',(0.,0.707106781186498,0.707106781186598));
#1838=DIRECTION('',(0.,0.707106781186397,0.707106781186697));
#1839=DIRECTION('center_axis',(1.,0.,0.));
#1840=DIRECTION('ref_axis',(0.,-0.707106781186498,-0.707106781186598));
#1841=DIRECTION('center_axis',(-1.,0.,0.));
#1842=DIRECTION('ref_axis',(0.,0.707106781186498,-0.707106781186598));
#1843=DIRECTION('',(1.,2.672528864878E-12,4.174438572591E-12));
#1844=DIRECTION('center_axis',(1.,0.,0.));
#1845=DIRECTION('ref_axis',(0.,-0.707106781188398,-0.707106781184698));
#1846=DIRECTION('',(-1.,1.749267397599E-12,1.580957587066E-12));
#1847=DIRECTION('center_axis',(0.,0.707106781186598,-0.707106781186498));
#1848=DIRECTION('ref_axis',(0.,-0.707106781186498,-0.707106781186598));
#1849=DIRECTION('',(0.,-0.707106781186498,-0.707106781186597));
#1850=DIRECTION('',(1.,6.258105145207E-12,6.423306331271E-12));
#1851=DIRECTION('center_axis',(-1.,0.,0.));
#1852=DIRECTION('ref_axis',(0.,-0.707106781186498,0.707106781186598));
#1853=DIRECTION('center_axis',(1.,0.,0.));
#1854=DIRECTION('ref_axis',(0.,0.707106781187698,-0.707106781185398));
#1855=DIRECTION('',(-1.,1.182787201515E-11,1.031708052324E-11));
#1856=DIRECTION('center_axis',(0.,0.707106781186598,-0.707106781186498));
#1857=DIRECTION('ref_axis',(0.,0.707106781186498,0.707106781186598));
#1858=DIRECTION('',(0.,0.707106781186498,0.707106781186597));
#1859=DIRECTION('center_axis',(1.,0.,0.));
#1860=DIRECTION('ref_axis',(0.,-0.707106781186498,-0.707106781186598));
#1861=DIRECTION('center_axis',(-1.,0.,0.));
#1862=DIRECTION('ref_axis',(0.,-0.707106781186498,0.707106781186598));
#1863=DIRECTION('',(1.,-1.273114946798E-11,-1.334399257757E-11));
#1864=DIRECTION('center_axis',(1.,0.,0.));
#1865=DIRECTION('ref_axis',(0.,0.707106781156898,0.707106781216198));
#1866=DIRECTION('',(-1.,1.32818200882E-11,1.23350218928E-11));
#1867=DIRECTION('center_axis',(0.,0.707106781186598,-0.707106781186498));
#1868=DIRECTION('ref_axis',(0.,0.707106781186498,0.707106781186598));
#1869=DIRECTION('',(0.,0.707106781186498,0.707106781186598));
#1870=DIRECTION('',(1.,2.413891309061E-11,2.508571128601E-11));
#1871=DIRECTION('center_axis',(-1.,0.,0.));
#1872=DIRECTION('ref_axis',(0.,0.707106781186548,-0.707106781186548));
#1873=DIRECTION('center_axis',(1.,0.,0.));
#1874=DIRECTION('ref_axis',(0.,-0.707106781186798,0.707106781186298));
#1875=DIRECTION('',(-1.,1.893152301591E-11,1.954703066076E-11));
#1876=DIRECTION('center_axis',(0.,0.707106781186598,-0.707106781186498));
#1877=DIRECTION('ref_axis',(0.,-0.707106781186498,-0.707106781186598));
#1878=DIRECTION('',(0.,-0.707106781186498,-0.707106781186597));
#1879=DIRECTION('center_axis',(1.,0.,0.));
#1880=DIRECTION('ref_axis',(0.,-0.707106781186498,-0.707106781186598));
#1881=DIRECTION('center_axis',(-1.,0.,0.));
#1882=DIRECTION('ref_axis',(0.,0.707106781186598,-0.707106781186498));
#1883=DIRECTION('',(1.,-1.064215382485E-11,-1.102051783164E-11));
#1884=DIRECTION('center_axis',(1.,0.,0.));
#1885=DIRECTION('ref_axis',(0.,-0.707106781213098,-0.707106781159997));
#1886=DIRECTION('',(-1.,7.531752999057E-12,7.815970093361E-12));
#1887=DIRECTION('center_axis',(0.,0.707106781186598,-0.707106781186498));
#1888=DIRECTION('ref_axis',(0.,-0.707106781186498,-0.707106781186598));
#1889=DIRECTION('',(0.,-0.707106781186398,-0.707106781186698));
#1890=DIRECTION('',(1.,-3.517186542012E-13,-6.252776074689E-13));
#1891=DIRECTION('center_axis',(-1.,0.,0.));
#1892=DIRECTION('ref_axis',(0.,-0.707106781186598,0.707106781186498));
#1893=DIRECTION('center_axis',(1.,0.,0.));
#1894=DIRECTION('ref_axis',(0.,0.707106781136798,-0.707106781236298));
#1895=DIRECTION('',(-1.,-2.965627743379E-12,-2.572164703452E-12));
#1896=DIRECTION('center_axis',(0.,0.707106781186598,-0.707106781186498));
#1897=DIRECTION('ref_axis',(0.,0.707106781186498,0.707106781186598));
#1898=DIRECTION('',(0.,0.707106781186398,0.707106781186697));
#1899=DIRECTION('center_axis',(1.,0.,0.));
#1900=DIRECTION('ref_axis',(0.,-0.707106781186498,-0.707106781186598));
#1901=DIRECTION('center_axis',(0.,0.707106781186598,-0.707106781186498));
#1902=DIRECTION('ref_axis',(0.,-0.707106781186498,-0.707106781186598));
#1903=DIRECTION('',(0.,-0.707106781186398,-0.707106781186698));
#1904=DIRECTION('',(1.,3.274180926383E-11,3.4354741274E-11));
#1905=DIRECTION('center_axis',(-1.,0.,0.));
#1906=DIRECTION('ref_axis',(0.,-0.707106781186598,0.707106781186498));
#1907=DIRECTION('center_axis',(1.,0.,0.));
#1908=DIRECTION('ref_axis',(0.,0.707106781129198,-0.707106781243898));
#1909=DIRECTION('',(-1.,2.174549429412E-11,2.336264515179E-11));
#1910=DIRECTION('center_axis',(0.,0.707106781186598,-0.707106781186498));
#1911=DIRECTION('ref_axis',(0.,0.707106781186498,0.707106781186598));
#1912=DIRECTION('',(0.,0.707106781186397,0.707106781186698));
#1913=DIRECTION('center_axis',(1.,0.,0.));
#1914=DIRECTION('ref_axis',(0.,0.707106781186498,0.707106781186598));
#1915=DIRECTION('center_axis',(0.,0.,1.));
#1916=DIRECTION('ref_axis',(-1.,0.,0.));
#1917=DIRECTION('center_axis',(0.,0.,1.));
#1918=DIRECTION('ref_axis',(0.,1.,0.));
#1919=DIRECTION('',(0.,-1.,0.));
#1920=DIRECTION('center_axis',(0.,0.,1.));
#1921=DIRECTION('ref_axis',(-1.,0.,0.));
#1922=DIRECTION('',(-1.,0.,0.));
#1923=DIRECTION('',(-0.834124704377717,0.551575903703911,-1.98360773955004E-12));
#1924=DIRECTION('',(6.226187469305E-13,1.,1.770402871707E-13));
#1925=DIRECTION('',(1.,0.,0.));
#1926=DIRECTION('',(-1.,0.,0.));
#1927=DIRECTION('',(-6.652254438579E-13,1.,0.));
#1928=DIRECTION('',(0.834124704373816,0.551575903709811,0.));
#1929=DIRECTION('',(-1.,0.,0.));
#1930=DIRECTION('center_axis',(0.,0.,-1.));
#1931=DIRECTION('ref_axis',(-1.,0.,0.));
#1932=DIRECTION('center_axis',(0.,0.,-1.));
#1933=DIRECTION('ref_axis',(1.,0.,0.));
#1934=DIRECTION('center_axis',(0.,0.,-1.));
#1935=DIRECTION('ref_axis',(1.,0.,0.));
#1936=DIRECTION('center_axis',(0.,0.,-1.));
#1937=DIRECTION('ref_axis',(1.,0.,0.));
#1938=DIRECTION('center_axis',(0.,0.,1.));
#1939=DIRECTION('ref_axis',(0.,-1.,0.));
#1940=DIRECTION('center_axis',(0.,0.,-1.));
#1941=DIRECTION('ref_axis',(1.,0.,0.));
#1942=DIRECTION('',(-5.98366551815052E-17,0.488603368931889,0.872506015949694));
#1943=DIRECTION('center_axis',(0.,0.,-1.));
#1944=DIRECTION('ref_axis',(1.,0.,0.));
#1945=DIRECTION('center_axis',(0.,0.,1.));
#1946=DIRECTION('ref_axis',(1.,0.,0.));
#1947=DIRECTION('center_axis',(0.,0.,1.));
#1948=DIRECTION('ref_axis',(1.,0.,0.));
#1949=DIRECTION('',(0.,0.,1.));
#1950=DIRECTION('center_axis',(0.,0.,1.));
#1951=DIRECTION('ref_axis',(1.,0.,0.));
#1952=DIRECTION('center_axis',(0.,0.,-1.));
#1953=DIRECTION('ref_axis',(-1.,0.,0.));
#1954=DIRECTION('',(1.,0.,0.));
#1955=DIRECTION('',(0.,1.,0.));
#1956=DIRECTION('',(1.,0.,0.));
#1957=DIRECTION('center_axis',(0.,0.,-1.));
#1958=DIRECTION('ref_axis',(0.,-1.,0.));
#1959=DIRECTION('',(0.,-1.,0.));
#1960=DIRECTION('center_axis',(0.,0.,1.));
#1961=DIRECTION('ref_axis',(1.,0.,0.));
#1962=DIRECTION('center_axis',(0.,0.,1.));
#1963=DIRECTION('ref_axis',(1.,0.,0.));
#1964=DIRECTION('center_axis',(0.,0.,1.));
#1965=DIRECTION('ref_axis',(1.,0.,0.));
#1966=DIRECTION('center_axis',(0.,0.,1.));
#1967=DIRECTION('ref_axis',(1.,0.,0.));
#1968=DIRECTION('',(0.,0.,1.));
#1969=DIRECTION('center_axis',(0.,0.,-1.));
#1970=DIRECTION('ref_axis',(-1.,0.,0.));
#1971=DIRECTION('center_axis',(0.,0.,-1.));
#1972=DIRECTION('ref_axis',(-1.,0.,0.));
#1973=DIRECTION('center_axis',(0.,0.,1.));
#1974=DIRECTION('ref_axis',(0.,-1.,0.));
#1975=DIRECTION('',(-5.98366551815052E-17,0.488603368931889,0.872506015949694));
#1976=DIRECTION('center_axis',(0.,0.,1.));
#1977=DIRECTION('ref_axis',(1.,0.,0.));
#1978=DIRECTION('',(0.,0.,1.));
#1979=DIRECTION('center_axis',(0.,0.,-1.));
#1980=DIRECTION('ref_axis',(-1.,0.,0.));
#1981=DIRECTION('center_axis',(0.,0.,-1.));
#1982=DIRECTION('ref_axis',(-1.,0.,0.));
#1983=DIRECTION('center_axis',(0.,0.,1.));
#1984=DIRECTION('ref_axis',(0.,-1.,0.));
#1985=DIRECTION('',(-5.98366551815052E-17,0.488603368931889,0.872506015949694));
#1986=DIRECTION('center_axis',(0.,0.,1.));
#1987=DIRECTION('ref_axis',(1.,0.,0.));
#1988=DIRECTION('',(0.,0.,1.));
#1989=DIRECTION('center_axis',(0.,0.,-1.));
#1990=DIRECTION('ref_axis',(-1.,0.,0.));
#1991=DIRECTION('center_axis',(0.,0.,-1.));
#1992=DIRECTION('ref_axis',(-1.,0.,0.));
#1993=DIRECTION('center_axis',(0.,0.,1.));
#1994=DIRECTION('ref_axis',(0.,-1.,0.));
#1995=DIRECTION('',(-5.98366551815052E-17,0.488603368931889,0.872506015949694));
#1996=DIRECTION('center_axis',(0.,0.,-1.));
#1997=DIRECTION('ref_axis',(-1.,0.,0.));
#1998=DIRECTION('',(0.,0.,-1.));
#1999=DIRECTION('',(0.,0.,-1.));
#2000=DIRECTION('center_axis',(0.,-1.,0.));
#2001=DIRECTION('ref_axis',(-1.,0.,0.));
#2002=DIRECTION('',(-0.862975575552793,0.,-0.505245639267996));
#2003=DIRECTION('',(1.,0.,0.));
#2004=DIRECTION('',(0.,0.,1.));
#2005=DIRECTION('center_axis',(1.,0.,0.));
#2006=DIRECTION('ref_axis',(0.,-1.,0.));
#2007=DIRECTION('',(0.,0.300978966579313,-0.953630778486542));
#2008=DIRECTION('',(-1.42083799382101E-13,-0.755744189614507,0.654866948214606));
#2009=DIRECTION('',(1.072208945742E-13,-1.,1.207227850021E-12));
#2010=DIRECTION('',(2.9519134181951E-13,-0.755744189614926,-0.654866948214123));
#2011=DIRECTION('',(0.,0.300978966579313,0.953630778486542));
#2012=DIRECTION('',(0.,0.,1.));
#2013=DIRECTION('',(0.,0.,1.));
#2014=DIRECTION('center_axis',(-1.,0.,0.));
#2015=DIRECTION('ref_axis',(0.,1.,0.));
#2016=DIRECTION('',(0.,1.,0.));
#2017=DIRECTION('center_axis',(-1.,0.,0.));
#2018=DIRECTION('ref_axis',(0.,0.,-1.));
#2019=DIRECTION('',(0.,0.,-1.));
#2020=DIRECTION('center_axis',(-1.,0.,0.));
#2021=DIRECTION('ref_axis',(0.,-1.,0.));
#2022=DIRECTION('',(0.,-1.,0.));
#2023=DIRECTION('center_axis',(-1.,0.,0.));
#2024=DIRECTION('ref_axis',(0.,0.,1.));
#2025=DIRECTION('',(0.,0.,1.));
#2026=DIRECTION('center_axis',(-1.,0.,0.));
#2027=DIRECTION('ref_axis',(0.,1.,0.));
#2028=DIRECTION('',(0.,1.,0.));
#2029=DIRECTION('center_axis',(-1.,0.,0.));
#2030=DIRECTION('ref_axis',(0.,0.,-1.));
#2031=DIRECTION('',(0.,0.,-1.));
#2032=DIRECTION('center_axis',(-1.,0.,0.));
#2033=DIRECTION('ref_axis',(0.,-1.,0.));
#2034=DIRECTION('',(0.,-1.,0.));
#2035=DIRECTION('center_axis',(-1.,0.,0.));
#2036=DIRECTION('ref_axis',(0.,0.,1.));
#2037=DIRECTION('center_axis',(0.,1.,0.));
#2038=DIRECTION('ref_axis',(1.,0.,0.));
#2039=DIRECTION('',(0.,0.,1.));
#2040=DIRECTION('',(-1.,0.,0.));
#2041=DIRECTION('',(0.862975575552837,0.,0.505245639267921));
#2042=DIRECTION('center_axis',(0.,0.,1.));
#2043=DIRECTION('ref_axis',(-1.,0.,0.));
#2044=DIRECTION('',(0.,0.,1.));
#2045=DIRECTION('center_axis',(1.,0.,0.));
#2046=DIRECTION('ref_axis',(0.,0.,-1.));
#2047=DIRECTION('center_axis',(-0.401470644487287,-0.607126925596781,0.685724593280978));
#2048=DIRECTION('ref_axis',(-0.761178025582024,-0.195197799723018,-0.618470559003696));
#2049=DIRECTION('',(0.761178025582176,0.195197799722794,0.61847055900358));
#2050=DIRECTION('',(-0.509342060882288,0.770256265926982,0.383765488047591));
#2051=DIRECTION('',(-0.761178025582072,-0.195197799722893,-0.618470559003677));
#2052=DIRECTION('center_axis',(-0.630600863016624,0.,0.776107306731929));
#2053=DIRECTION('ref_axis',(0.,-1.,0.));
#2054=DIRECTION('',(0.776107306731929,0.,0.630600863016624));
#2055=DIRECTION('',(-1.602880927468E-13,1.,-5.633329759167E-13));
#2056=DIRECTION('center_axis',(0.,-1.,0.));
#2057=DIRECTION('ref_axis',(1.,0.,0.));
#2058=DIRECTION('center_axis',(0.,1.,0.));
#2059=DIRECTION('ref_axis',(1.,0.,0.));
#2060=DIRECTION('center_axis',(0.,1.,0.));
#2061=DIRECTION('ref_axis',(0.630600863016624,0.,-0.776107306731929));
#2062=DIRECTION('',(-0.707106378834692,0.674324980915692,-0.212805989399597));
#2063=DIRECTION('center_axis',(0.,0.953630778486542,-0.300978966579313));
#2064=DIRECTION('ref_axis',(0.,-0.300978966579313,-0.953630778486542));
#2065=DIRECTION('',(0.785562541647385,0.186240447066696,0.590089814381589));
#2066=DIRECTION('',(-4.65902618998321E-13,0.300978966579313,0.953630778486542));
#2067=DIRECTION('',(4.98509121813475E-14,0.300978966579285,0.953630778486551));
#2068=DIRECTION('center_axis',(0.707106781186601,0.674318790216001,-0.2128242682627));
#2069=DIRECTION('ref_axis',(-2.26763052779677E-14,0.300978966579285,0.953630778486551));
#2070=DIRECTION('',(0.707106781183311,-0.674319701381411,0.212821381288303));
#2071=DIRECTION('center_axis',(0.707106781186601,0.674318790216001,-0.2128242682627));
#2072=DIRECTION('ref_axis',(-0.707106781186494,0.674318790216083,-0.212824268262795));
#2073=DIRECTION('',(-0.70710678118238,0.674318790219481,-0.212824268265694));
#2074=DIRECTION('',(0.487356961939508,-0.773826733995313,-0.404568136910507));
#2075=DIRECTION('center_axis',(-0.381280323138487,-0.605397953111379,0.698654874423676));
#2076=DIRECTION('ref_axis',(0.487356961936122,-0.773826733994824,-0.404568136915522));
#2077=DIRECTION('',(-0.78556254164761,-0.186240447066002,-0.590089814381508));
#2078=DIRECTION('center_axis',(-0.600597754761882,-1.09782974787997E-14,
0.799551334796576));
#2079=DIRECTION('ref_axis',(0.799551334796576,0.,0.600597754761882));
#2080=DIRECTION('',(0.78556254164761,-0.186240447066002,0.590089814381508));
#2081=DIRECTION('',(-7.331102534225E-13,-1.,-5.538198424133E-13));
#2082=DIRECTION('center_axis',(1.814892295071E-14,1.,0.));
#2083=DIRECTION('ref_axis',(-0.600597754761882,1.09002023755428E-14,0.799551334796576));
#2084=DIRECTION('',(0.707106781183099,0.674318790219799,0.2128242682623));
#2085=DIRECTION('',(-0.487356961953478,-0.773826733991966,0.404568136900082));
#2086=DIRECTION('center_axis',(0.,0.953630778486542,0.300978966579313));
#2087=DIRECTION('ref_axis',(1.,0.,0.));
#2088=DIRECTION('',(-0.761178025582384,0.195197799722596,-0.618470559003387));
#2089=DIRECTION('',(5.10302821474824E-9,0.300978971446014,-0.953630776950545));
#2090=DIRECTION('',(4.4784845886322E-13,0.300978966579313,-0.953630778486542));
#2091=DIRECTION('',(-0.785562541647598,0.1862404470664,-0.590089814381399));
#2092=DIRECTION('center_axis',(-0.381280323138487,0.605397953111379,0.698654874423676));
#2093=DIRECTION('ref_axis',(0.785562541647575,-0.186240447066306,0.590089814381459));
#2094=DIRECTION('center_axis',(-0.707106781186536,0.674318790216034,0.212824268262811));
#2095=DIRECTION('ref_axis',(6.52256026967289E-15,0.300978966579398,-0.953630778486516));
#2096=DIRECTION('',(-0.707106781186496,-0.674318790216396,-0.212824268261799));
#2097=DIRECTION('center_axis',(-0.707106781186488,0.674318790216089,0.212824268262796));
#2098=DIRECTION('ref_axis',(-0.707106781186607,-0.674318790215995,-0.212824268262698));
#2099=DIRECTION('',(0.707106527610472,0.674322728216674,0.212812633133192));
#2100=DIRECTION('',(0.509342060882981,0.770256265927971,-0.383765488044686));
#2101=DIRECTION('center_axis',(-0.401470644487396,0.607126925596693,0.685724593280992));
#2102=DIRECTION('ref_axis',(0.509342060884369,0.770256265926362,-0.383765488046074));
#2103=DIRECTION('',(0.761178025582104,-0.195197799723001,0.618470559003603));
#2104=DIRECTION('center_axis',(-0.630600863016624,0.,0.776107306731929));
#2105=DIRECTION('ref_axis',(0.,-1.,0.));
#2106=DIRECTION('',(0.776107306731929,0.,0.630600863016624));
#2107=DIRECTION('',(7.084214045123E-13,1.,1.177860535793E-12));
#2108=DIRECTION('center_axis',(0.,1.,0.));
#2109=DIRECTION('ref_axis',(-1.,0.,0.));
#2110=DIRECTION('center_axis',(1.527172395521E-14,1.,0.));
#2111=DIRECTION('ref_axis',(1.,-1.527172395521E-14,2.202682480856E-14));
#2112=DIRECTION('center_axis',(1.527172395521E-14,1.,0.));
#2113=DIRECTION('ref_axis',(0.630600863016624,-9.63036230590708E-15,-0.776107306731929));
#2114=DIRECTION('center_axis',(0.,1.,0.));
#2115=DIRECTION('ref_axis',(0.,0.,1.));
#2116=DIRECTION('',(-1.,0.,0.));
#2117=DIRECTION('',(0.,0.,1.));
#2118=DIRECTION('',(-1.,0.,0.));
#2119=DIRECTION('center_axis',(-1.,0.,0.));
#2120=DIRECTION('ref_axis',(0.,0.,1.));
#2121=DIRECTION('center_axis',(1.,0.,0.));
#2122=DIRECTION('ref_axis',(0.,1.,0.));
#2123=DIRECTION('',(-1.,0.,0.));
#2124=DIRECTION('center_axis',(1.,0.,0.));
#2125=DIRECTION('ref_axis',(0.,1.,0.));
#2126=DIRECTION('center_axis',(1.,0.,0.));
#2127=DIRECTION('ref_axis',(0.,0.,1.));
#2128=DIRECTION('',(0.,0.,-1.));
#2129=DIRECTION('center_axis',(1.,0.,0.));
#2130=DIRECTION('ref_axis',(0.,-1.,0.));
#2131=DIRECTION('',(0.,1.,0.));
#2132=DIRECTION('center_axis',(1.,0.,0.));
#2133=DIRECTION('ref_axis',(0.,0.,-1.));
#2134=DIRECTION('',(0.,-1.,0.));
#2135=DIRECTION('center_axis',(1.,0.,0.));
#2136=DIRECTION('ref_axis',(0.,1.,0.));
#2137=DIRECTION('center_axis',(1.,0.,0.));
#2138=DIRECTION('ref_axis',(0.,1.,0.));
#2139=DIRECTION('',(0.,-1.,0.));
#2140=DIRECTION('center_axis',(1.,0.,0.));
#2141=DIRECTION('ref_axis',(0.,0.,1.));
#2142=DIRECTION('',(0.,0.,-1.));
#2143=DIRECTION('center_axis',(1.,0.,0.));
#2144=DIRECTION('ref_axis',(0.,-1.,0.));
#2145=DIRECTION('',(0.,1.,0.));
#2146=DIRECTION('center_axis',(1.,0.,0.));
#2147=DIRECTION('ref_axis',(0.,0.,-1.));
#2148=DIRECTION('',(0.,0.,1.));
#2149=DIRECTION('center_axis',(-1.,0.,0.));
#2150=DIRECTION('ref_axis',(0.,-1.,0.));
#2151=DIRECTION('',(-1.,0.,0.));
#2152=DIRECTION('',(-1.,0.,0.));
#2153=DIRECTION('center_axis',(0.,-1.,0.));
#2154=DIRECTION('ref_axis',(0.,0.,-1.));
#2155=DIRECTION('',(-1.,0.,0.));
#2156=DIRECTION('center_axis',(-1.,0.,0.));
#2157=DIRECTION('ref_axis',(0.,0.,-1.));
#2158=DIRECTION('',(-1.,0.,0.));
#2159=DIRECTION('center_axis',(0.,0.,-1.));
#2160=DIRECTION('ref_axis',(0.,1.,0.));
#2161=DIRECTION('',(-1.,0.,0.));
#2162=DIRECTION('center_axis',(-1.,0.,0.));
#2163=DIRECTION('ref_axis',(0.,1.,0.));
#2164=DIRECTION('center_axis',(0.,0.,1.));
#2165=DIRECTION('ref_axis',(0.,-1.,0.));
#2166=DIRECTION('center_axis',(-1.,0.,0.));
#2167=DIRECTION('ref_axis',(0.,0.,1.));
#2168=DIRECTION('',(-1.,0.,0.));
#2169=DIRECTION('',(-1.,0.,0.));
#2170=DIRECTION('center_axis',(0.,0.,1.));
#2171=DIRECTION('ref_axis',(0.,-1.,0.));
#2172=DIRECTION('',(-1.,0.,0.));
#2173=DIRECTION('center_axis',(-1.,0.,0.));
#2174=DIRECTION('ref_axis',(0.,-1.,0.));
#2175=DIRECTION('',(-1.,0.,0.));
#2176=DIRECTION('center_axis',(0.,-1.,0.));
#2177=DIRECTION('ref_axis',(0.,0.,-1.));
#2178=DIRECTION('',(-1.,0.,0.));
#2179=DIRECTION('center_axis',(-1.,0.,0.));
#2180=DIRECTION('ref_axis',(0.,0.,-1.));
#2181=DIRECTION('',(-1.,0.,0.));
#2182=DIRECTION('center_axis',(0.,0.,-1.));
#2183=DIRECTION('ref_axis',(0.,1.,0.));
#2184=DIRECTION('',(-1.,0.,0.));
#2185=DIRECTION('center_axis',(-1.,0.,0.));
#2186=DIRECTION('ref_axis',(0.,1.,0.));
#2187=DIRECTION('',(-1.,0.,0.));
#2188=DIRECTION('center_axis',(0.,1.,0.));
#2189=DIRECTION('ref_axis',(0.,0.,1.));
#2190=CARTESIAN_POINT('',(0.,0.,0.));
#2191=CARTESIAN_POINT('Origin',(1.78501616912,-2.516142240694,44.23055218003));
#2192=CARTESIAN_POINT('',(2.28501616912,-1.809035459564,43.52344539879));
#2193=CARTESIAN_POINT('',(2.28501616912,-3.223249021855,44.93765896124));
#2194=CARTESIAN_POINT('Origin',(2.28501616912,-2.516142240694,44.23055218003));
#2195=CARTESIAN_POINT('',(1.28501616912,-3.223249021836,44.93765896126));
#2196=CARTESIAN_POINT('',(1.28501616912,-3.223249021853,44.93765896125));
#2197=CARTESIAN_POINT('',(1.28501616912,-1.80903545951,43.52344539884));
#2198=CARTESIAN_POINT('Origin',(1.28501616912,-2.516142240694,44.23055218003));
#2199=CARTESIAN_POINT('',(2.28501616912,-1.809035459535,43.52344539882));
#2200=CARTESIAN_POINT('Origin',(2.28501616912,0.6052872416394,35.65676083541));
#2201=CARTESIAN_POINT('',(2.28501616912,-9.993705930644,5.918005630113));
#2202=CARTESIAN_POINT('',(2.28501616912,11.20428041392,5.918005630113));
#2203=CARTESIAN_POINT('',(2.28501616912,-9.993705930644,5.918005630113));
#2204=CARTESIAN_POINT('',(2.28501616912,-9.993705930644,20.20159993649));
#2205=CARTESIAN_POINT('',(2.28501616912,-9.993705930644,5.918005630113));
#2206=CARTESIAN_POINT('',(2.28501606330895,-13.4431408665192,20.2016255595729));
#2207=CARTESIAN_POINT('',(2.285016028988,-13.44314090775,20.20162557329));
#2208=CARTESIAN_POINT('',(2.28501616912,-9.493704642057,32.71514205327));
#2209=CARTESIAN_POINT('',(2.28501616912,-9.493704642057,32.71514205327));
#2210=CARTESIAN_POINT('',(2.28501616912,-2.936324532414,53.49174172686));
#2211=CARTESIAN_POINT('',(2.28501616912,-2.936324532414,53.49174172686));
#2212=CARTESIAN_POINT('',(2.28501616912,4.150262568497,53.49174172686));
#2213=CARTESIAN_POINT('',(2.28501616912,-2.936324532414,53.49174172686));
#2214=CARTESIAN_POINT('',(2.285016169119,10.70428041392,32.72579515199));
#2215=CARTESIAN_POINT('',(2.285016169119,10.70428041392,32.72579515199));
#2216=CARTESIAN_POINT('',(2.28501608758296,14.6570841482831,20.2016106754151));
#2217=CARTESIAN_POINT('',(2.285016087583,14.65708238616,20.20161625858));
#2218=CARTESIAN_POINT('',(2.28501616912,11.20428041392,20.20159993649));
#2219=CARTESIAN_POINT('',(2.28501616912,11.20428041392,20.20159993649));
#2220=CARTESIAN_POINT('',(2.28501616912,11.20428041392,5.918005630113));
#2221=CARTESIAN_POINT('',(2.28501616912,2.375748677928,25.08081253831));
#2222=CARTESIAN_POINT('',(2.28501616912,0.9615351155453,26.49502610068));
#2223=CARTESIAN_POINT('Origin',(2.28501616912,1.668641896742,25.7879193195));
#2224=CARTESIAN_POINT('',(2.28501616912,8.706278338054,31.41134219844));
#2225=CARTESIAN_POINT('',(2.28501616912,8.706278338056,31.41134219845));
#2226=CARTESIAN_POINT('',(2.28501616912,7.292064775711,32.82555576085));
#2227=CARTESIAN_POINT('Origin',(2.28501616912,7.999171556887,32.11844897965));
#2228=CARTESIAN_POINT('',(2.28501616912,0.9615351155574,26.49502610069));
#2229=CARTESIAN_POINT('',(2.28501616912,-3.281105571579,25.0808125383));
#2230=CARTESIAN_POINT('',(2.28501616912,-4.695319133935,26.49502610069));
#2231=CARTESIAN_POINT('Origin',(2.28501616912,-3.98821235275,25.7879193195));
#2232=CARTESIAN_POINT('',(2.28501616912,7.349207621237,35.71112573112));
#2233=CARTESIAN_POINT('',(2.28501616912,7.34920762123,35.71112573111));
#2234=CARTESIAN_POINT('',(2.28501616912,5.934994058845,37.12533929347));
#2235=CARTESIAN_POINT('Origin',(2.28501616912,6.642100840038,36.41823251229));
#2236=CARTESIAN_POINT('',(2.28501616912,-4.695319133934,26.49502610069));
#2237=CARTESIAN_POINT('',(2.28501616912,4.577923341952,41.42512282607));
#2238=CARTESIAN_POINT('',(2.28501616912,5.992136904395,40.01090926376));
#2239=CARTESIAN_POINT('Origin',(2.28501616912,5.285030123189,40.71801604493));
#2240=CARTESIAN_POINT('',(2.28501616912,-8.440714491283,28.40648499283));
#2241=CARTESIAN_POINT('',(2.28501616912,-8.440714491308,28.40648499281));
#2242=CARTESIAN_POINT('',(2.28501616912,-7.02650092899,26.99227143038));
#2243=CARTESIAN_POINT('Origin',(2.28501616912,-7.733607710151,27.69937821159));
#2244=CARTESIAN_POINT('',(2.28501616912,5.992136904393,40.01090926376));
#2245=CARTESIAN_POINT('',(2.28501616912,-4.417768194263,35.2578584146));
#2246=CARTESIAN_POINT('',(2.28501616912,-5.831981756574,36.67207197703));
#2247=CARTESIAN_POINT('Origin',(2.28501616912,-5.124874975422,35.96496519581));
#2248=CARTESIAN_POINT('',(2.28501616912,4.635066187475,44.31069279634));
#2249=CARTESIAN_POINT('',(2.28501616912,4.635066187496,44.31069279636));
#2250=CARTESIAN_POINT('',(2.28501616912,3.220852625171,45.72490635878));
#2251=CARTESIAN_POINT('Origin',(2.28501616912,3.92795940634,45.01779957758));
#2252=CARTESIAN_POINT('',(2.28501616912,-5.83198175659,36.67207197702));
#2253=CARTESIAN_POINT('',(2.28501616912,3.277995470697,48.61047632905));
#2254=CARTESIAN_POINT('',(2.28501616912,3.277995470686,48.61047632904));
#2255=CARTESIAN_POINT('',(2.28501616912,1.8637819083,50.0246898914));
#2256=CARTESIAN_POINT('Origin',(2.28501616912,2.570888689491,49.31758311022));
#2257=CARTESIAN_POINT('',(2.28501616912,-3.22324902186,44.93765896124));
#2258=CARTESIAN_POINT('',(2.28501616912,8.649135492504,28.52577222814));
#2259=CARTESIAN_POINT('',(2.28501616912,10.06334905496,27.11155866585));
#2260=CARTESIAN_POINT('Origin',(2.28501616912,9.356242273736,27.818665447));
#2261=CARTESIAN_POINT('',(2.28501616912,6.618389365086,26.49502610073));
#2262=CARTESIAN_POINT('',(2.28501616912,6.618389365072,26.49502610071));
#2263=CARTESIAN_POINT('',(2.28501616912,8.032602927393,25.08081253829));
#2264=CARTESIAN_POINT('Origin',(2.28501616912,7.325496146234,25.7879193195));
#2265=CARTESIAN_POINT('',(2.28501616912,10.06334905495,27.11155866584));
#2266=CARTESIAN_POINT('Origin',(1.78501616912,9.356242273736,27.818665447));
#2267=CARTESIAN_POINT('',(1.28501616912,10.06334905497,27.11155866586));
#2268=CARTESIAN_POINT('',(1.28501616912,10.06334905497,27.11155866586));
#2269=CARTESIAN_POINT('',(1.28501616912,8.649135492535,28.52577222817));
#2270=CARTESIAN_POINT('Origin',(1.28501616912,9.356242273736,27.818665447));
#2271=CARTESIAN_POINT('',(2.28501616912,8.649135492528,28.52577222817));
#2272=CARTESIAN_POINT('Origin',(1.78501616912,7.633762428799,27.51039916444));
#2273=CARTESIAN_POINT('',(1.28501616912,6.618389365054,26.49502610069));
#2274=CARTESIAN_POINT('',(1.28501616912,6.618389365054,26.49502610069));
#2275=CARTESIAN_POINT('',(1.28501616912,6.618389365054,26.49502610069));
#2276=CARTESIAN_POINT('Origin',(1.78501616912,7.325496146234,25.7879193195));
#2277=CARTESIAN_POINT('',(1.28501616912,8.032602927412,25.08081253831));
#2278=CARTESIAN_POINT('Origin',(1.28501616912,7.325496146234,25.7879193195));
#2279=CARTESIAN_POINT('',(2.28501616912,8.032602927393,25.08081253829));
#2280=CARTESIAN_POINT('Origin',(1.78501616912,9.047975991172,26.09618560207));
#2281=CARTESIAN_POINT('',(1.28501616912,10.06334905497,27.11155866586));
#2282=CARTESIAN_POINT('Origin',(1.28501616912,8.340872627588,26.80329580086));
#2283=CARTESIAN_POINT('Origin',(1.78501616912,1.668641896742,25.7879193195));
#2284=CARTESIAN_POINT('',(1.28501616912,0.9615351155808,26.49502610071));
#2285=CARTESIAN_POINT('',(1.28501616912,0.9615351155808,26.49502610071));
#2286=CARTESIAN_POINT('',(1.28501616912,2.375748677928,25.08081253831));
#2287=CARTESIAN_POINT('Origin',(1.28501616912,1.668641896742,25.7879193195));
#2288=CARTESIAN_POINT('',(2.28501616912,2.375748677929,25.08081253832));
#2289=CARTESIAN_POINT('Origin',(1.78501616912,5.541013508001,28.24607736839));
#2290=CARTESIAN_POINT('',(1.28501616912,8.706278338043,31.41134219843));
#2291=CARTESIAN_POINT('',(1.28501616912,8.706278338043,31.41134219843));
#2292=CARTESIAN_POINT('',(1.28501616912,8.706278338043,31.41134219843));
#2293=CARTESIAN_POINT('Origin',(1.78501616912,7.999171556887,32.11844897965));
#2294=CARTESIAN_POINT('',(1.28501616912,7.292064775715,32.82555576085));
#2295=CARTESIAN_POINT('Origin',(1.28501616912,7.999171556887,32.11844897965));
#2296=CARTESIAN_POINT('',(2.28501616912,7.292064775711,32.82555576085));
#2297=CARTESIAN_POINT('Origin',(1.78501616912,4.126799945628,29.66029093076));
#2298=CARTESIAN_POINT('',(1.28501616912,0.9615351155808,26.49502610071));
#2299=CARTESIAN_POINT('Origin',(1.28501616912,4.833903309212,28.95318073197));
#2300=CARTESIAN_POINT('Origin',(1.78501616912,-3.98821235275,25.7879193195));
#2301=CARTESIAN_POINT('',(1.28501616912,-4.695319133937,26.49502610068));
#2302=CARTESIAN_POINT('',(1.28501616912,-4.695319133937,26.49502610068));
#2303=CARTESIAN_POINT('',(1.28501616912,-3.281105571569,25.08081253831));
#2304=CARTESIAN_POINT('Origin',(1.28501616912,-3.98821235275,25.7879193195));
#2305=CARTESIAN_POINT('',(2.28501616912,-3.28110557157,25.08081253831));
#2306=CARTESIAN_POINT('Origin',(1.78501616912,2.03405102483,30.39596913471));
#2307=CARTESIAN_POINT('',(1.28501616912,7.349207621224,35.7111257311));
#2308=CARTESIAN_POINT('',(1.28501616912,7.349207621224,35.7111257311));
#2309=CARTESIAN_POINT('',(1.28501616912,7.349207621224,35.7111257311));
#2310=CARTESIAN_POINT('Origin',(1.78501616912,6.642100840038,36.41823251229));
#2311=CARTESIAN_POINT('',(1.28501616912,5.934994058857,37.12533929348));
#2312=CARTESIAN_POINT('Origin',(1.28501616912,6.642100840038,36.41823251229));
#2313=CARTESIAN_POINT('',(2.28501616912,5.934994058845,37.12533929347));
#2314=CARTESIAN_POINT('Origin',(1.78501616912,0.6198374624573,31.81018269708));
#2315=CARTESIAN_POINT('',(1.28501616912,-4.695319133937,26.49502610068));
#2316=CARTESIAN_POINT('Origin',(1.28501616912,1.326940826041,31.10307249829));
#2317=CARTESIAN_POINT('Origin',(1.78501616912,5.285030123189,40.71801604493));
#2318=CARTESIAN_POINT('',(1.28501616912,5.992136904406,40.01090926378));
#2319=CARTESIAN_POINT('',(1.28501616912,5.992136904406,40.01090926378));
#2320=CARTESIAN_POINT('',(1.28501616912,4.577923341992,41.42512282611));
#2321=CARTESIAN_POINT('Origin',(1.28501616912,5.285030123189,40.71801604493));
#2322=CARTESIAN_POINT('',(2.28501616912,4.577923341979,41.4251228261));
#2323=CARTESIAN_POINT('Origin',(1.78501616912,-1.931395574667,34.91580390945));
#2324=CARTESIAN_POINT('',(1.28501616912,-8.440714491332,28.40648499278));
#2325=CARTESIAN_POINT('',(1.28501616912,-8.440714491332,28.40648499278));
#2326=CARTESIAN_POINT('',(1.28501616912,-8.440714491332,28.40648499278));
#2327=CARTESIAN_POINT('Origin',(1.78501616912,-7.733607710151,27.69937821159));
#2328=CARTESIAN_POINT('',(1.28501616912,-7.026500928971,26.9922714304));
#2329=CARTESIAN_POINT('Origin',(1.28501616912,-7.733607710151,27.69937821159));
#2330=CARTESIAN_POINT('',(2.28501616912,-7.02650092899,26.99227143038));
#2331=CARTESIAN_POINT('Origin',(1.78501616912,-0.5171820122941,33.50159034708));
#2332=CARTESIAN_POINT('',(1.28501616912,5.992136904406,40.01090926378));
#2333=CARTESIAN_POINT('Origin',(1.28501616912,-1.224285375878,34.20870054587));
#2334=CARTESIAN_POINT('Origin',(1.78501616912,-5.124874975422,35.96496519581));
#2335=CARTESIAN_POINT('',(1.28501616912,-5.831981756579,36.67207197703));
#2336=CARTESIAN_POINT('',(1.28501616912,-5.831981756579,36.67207197703));
#2337=CARTESIAN_POINT('',(1.28501616912,-4.417768194243,35.25785841462));
#2338=CARTESIAN_POINT('Origin',(1.28501616912,-5.124874975422,35.96496519581));
#2339=CARTESIAN_POINT('',(2.28501616912,-4.41776819425,35.25785841461));
#2340=CARTESIAN_POINT('Origin',(1.78501616912,0.1086489966455,39.78427560551));
#2341=CARTESIAN_POINT('',(1.28501616912,4.635066187497,44.31069279636));
#2342=CARTESIAN_POINT('',(1.28501616912,4.635066187497,44.31069279636));
#2343=CARTESIAN_POINT('',(1.28501616912,4.635066187497,44.31069279636));
#2344=CARTESIAN_POINT('Origin',(1.78501616912,3.92795940634,45.01779957758));
#2345=CARTESIAN_POINT('',(1.28501616912,3.220852625168,45.72490635878));
#2346=CARTESIAN_POINT('Origin',(1.28501616912,3.92795940634,45.01779957758));
#2347=CARTESIAN_POINT('',(2.28501616912,3.220852625171,45.72490635878));
#2348=CARTESIAN_POINT('Origin',(1.78501616912,-1.305564565728,41.19848916788));
#2349=CARTESIAN_POINT('',(1.28501616912,-5.831981756579,36.67207197703));
#2350=CARTESIAN_POINT('Origin',(1.28501616912,-0.598461202144,40.49137896909));
#2351=CARTESIAN_POINT('Origin',(1.78501616912,0.7344800055851,46.06696086394));
#2352=CARTESIAN_POINT('',(1.28501616912,3.277995470653,48.61047632901));
#2353=CARTESIAN_POINT('',(1.28501616912,3.277995470653,48.61047632901));
#2354=CARTESIAN_POINT('',(1.28501616912,3.277995470653,48.61047632901));
#2355=CARTESIAN_POINT('Origin',(1.78501616912,2.570888689491,49.31758311022));
#2356=CARTESIAN_POINT('',(1.28501616912,1.863781908322,50.02468989142));
#2357=CARTESIAN_POINT('Origin',(1.28501616912,2.570888689491,49.31758311022));
#2358=CARTESIAN_POINT('',(2.28501616912,1.8637819083,50.0246898914));
#2359=CARTESIAN_POINT('Origin',(1.78501616912,-0.6797335567879,47.48117442631));
#2360=CARTESIAN_POINT('',(1.28501616912,-3.223249021853,44.93765896125));
#2361=CARTESIAN_POINT('Origin',(1.28501616912,0.02737084308478,46.77406526381));
#2362=CARTESIAN_POINT('Origin',(-7.532949938905,0.6069690180421,5.918005630113));
#2363=CARTESIAN_POINT('',(-15.35091604693,19.81393803608,5.918005630113));
#2364=CARTESIAN_POINT('',(-17.35091604693,17.81393803608,5.918005630113));
#2365=CARTESIAN_POINT('Origin',(-15.35091604693,17.81393803608,5.918005630113));
#2366=CARTESIAN_POINT('',(-17.35091604693,-16.6,5.918005630113));
#2367=CARTESIAN_POINT('',(-17.35091604693,17.81393803608,5.918005630113));
#2368=CARTESIAN_POINT('',(-15.35091604693,-18.6,5.918005630113));
#2369=CARTESIAN_POINT('Origin',(-15.35091604693,-16.6,5.918005630113));
#2370=CARTESIAN_POINT('',(-11.75481411599,-18.6,5.918005630113));
#2371=CARTESIAN_POINT('',(-11.75481411599,-18.6,5.918005630113));
#2372=CARTESIAN_POINT('',(-12.3654652439,-18.1961989305,5.918005630112));
#2373=CARTESIAN_POINT('',(-11.75481411599,-18.6,5.918005630113));
#2374=CARTESIAN_POINT('',(-12.36546524389,-9.993705930644,5.918005630113));
#2375=CARTESIAN_POINT('',(-12.3654652439,-18.1961989305,5.918005630112));
#2376=CARTESIAN_POINT('',(-12.36546524389,-9.993705930644,5.918005630113));
#2377=CARTESIAN_POINT('',(-12.36546524389,11.20428041392,5.918005630113));
#2378=CARTESIAN_POINT('',(2.28501616912,11.20428041392,5.918005630113));
#2379=CARTESIAN_POINT('',(-12.3654652439,19.41013696658,5.918005630113));
#2380=CARTESIAN_POINT('',(-12.36546524389,11.20428041392,5.918005630113));
#2381=CARTESIAN_POINT('',(-11.754814116,19.81393803608,5.918005630113));
#2382=CARTESIAN_POINT('',(-12.3654652439,19.41013696658,5.918005630113));
#2383=CARTESIAN_POINT('',(-11.754814116,19.81393803608,5.918005630113));
#2384=CARTESIAN_POINT('',(-0.8009160468297,11.1199999999998,5.9180056301131));
#2385=CARTESIAN_POINT('Origin',(-0.8009160468297,8.12,5.918005630113));
#2386=CARTESIAN_POINT('',(-10.80091604683,-3.88000000000018,5.9180056301131));
#2387=CARTESIAN_POINT('Origin',(-10.80091604683,-6.88,5.918005630113));
#2388=CARTESIAN_POINT('',(-0.8009160468297,-3.88000000000018,5.9180056301131));
#2389=CARTESIAN_POINT('Origin',(-0.8009160468297,-6.88,5.918005630113));
#2390=CARTESIAN_POINT('',(-10.80091604683,11.1199999999998,5.9180056301131));
#2391=CARTESIAN_POINT('Origin',(-10.80091604683,8.12,5.918005630113));
#2392=CARTESIAN_POINT('Origin',(-10.80091604683,8.12,4.66800561846));
#2393=CARTESIAN_POINT('',(-12.40091604683,8.12,3.418005630113));
#2394=CARTESIAN_POINT('',(-10.80091604683,9.71999999999969,3.41800563011317));
#2395=CARTESIAN_POINT('Origin',(-10.80091604683,8.12,3.418005630113));
#2396=CARTESIAN_POINT('',(-10.80091604683,10.419999993474,4.66800561846));
#2397=CARTESIAN_POINT('Origin',(-10.80091604683,8.12,3.418005630113));
#2398=CARTESIAN_POINT('Origin',(-10.80091604683,8.12,5.918005630113));
#2399=CARTESIAN_POINT('',(-12.40091604683,8.12,2.98649993624167E-13));
#2400=CARTESIAN_POINT('Origin',(-10.80091604683,8.12,2.984279490192E-13));
#2401=CARTESIAN_POINT('',(-12.40091604683,8.12,5.918005630113));
#2402=CARTESIAN_POINT('Origin',(-1.662150352958,0.6069690180421,2.983717811707E-13));
#2403=CARTESIAN_POINT('',(-17.35091604693,17.81393803608,2.84217094304E-13));
#2404=CARTESIAN_POINT('',(-15.35091604693,19.81393803608,2.84217094304E-13));
#2405=CARTESIAN_POINT('Origin',(-15.35091604693,17.81393803608,2.84217094304E-13));
#2406=CARTESIAN_POINT('',(14.02661534101,19.81393803608,2.983905037869E-13));
#2407=CARTESIAN_POINT('',(-15.35091604693,19.81393803608,2.936535522151E-13));
#2408=CARTESIAN_POINT('',(14.02661534101,-18.6,2.983905037869E-13));
#2409=CARTESIAN_POINT('',(14.02661534101,-18.6,2.983905037869E-13));
#2410=CARTESIAN_POINT('',(-15.35091604693,-18.6,2.983905037869E-13));
#2411=CARTESIAN_POINT('',(-15.35091604693,-18.6,2.983905037869E-13));
#2412=CARTESIAN_POINT('',(-17.35091604693,-16.6,2.984279490192E-13));
#2413=CARTESIAN_POINT('Origin',(-15.35091604693,-16.6,2.984279490192E-13));
#2414=CARTESIAN_POINT('',(-17.35091604693,17.81393803608,3.031461779748E-13));
#2415=CARTESIAN_POINT('',(-12.40091604683,-6.88,2.98649993624167E-13));
#2416=CARTESIAN_POINT('Origin',(-10.80091604683,-6.88,2.984279490192E-13));
#2417=CARTESIAN_POINT('',(-2.4009160468297,-6.88,2.98649993624167E-13));
#2418=CARTESIAN_POINT('Origin',(-0.8009160468297,-6.88,2.984279490192E-13));
#2419=CARTESIAN_POINT('',(-2.4009160468297,8.12,2.98649993624167E-13));
#2420=CARTESIAN_POINT('Origin',(-0.8009160468297,8.12,2.984279490192E-13));
#2421=CARTESIAN_POINT('Origin',(-0.8009160468297,8.12,5.918005630113));
#2422=CARTESIAN_POINT('',(-2.4009160468297,8.12,3.418005630113));
#2423=CARTESIAN_POINT('',(-2.4009160468297,8.12,5.918005630113));
#2424=CARTESIAN_POINT('',(-0.8009160468297,9.71999999999969,3.41800563011317));
#2425=CARTESIAN_POINT('Origin',(-0.8009160468297,8.12,3.418005630113));
#2426=CARTESIAN_POINT('Origin',(-0.8009160468297,8.12,3.418005630113));
#2427=CARTESIAN_POINT('Origin',(-0.8009160468297,8.12,4.66800561846));
#2428=CARTESIAN_POINT('',(-0.8009160468297,10.419999993474,4.66800561846));
#2429=CARTESIAN_POINT('Origin',(-10.80091604683,-6.88,5.918005630113));
#2430=CARTESIAN_POINT('',(-12.40091604683,-6.88,3.418005630113));
#2431=CARTESIAN_POINT('',(-12.40091604683,-6.88,5.918005630113));
#2432=CARTESIAN_POINT('',(-10.80091604683,-5.28000000000031,3.41800563011317));
#2433=CARTESIAN_POINT('Origin',(-10.80091604683,-6.88,3.418005630113));
#2434=CARTESIAN_POINT('Origin',(-10.80091604683,-6.88,3.418005630113));
#2435=CARTESIAN_POINT('Origin',(-10.80091604683,-6.88,4.66800561846));
#2436=CARTESIAN_POINT('',(-10.80091604683,-4.580000006526,4.66800561846));
#2437=CARTESIAN_POINT('Origin',(-0.8009160468297,-6.88,5.918005630113));
#2438=CARTESIAN_POINT('',(-2.4009160468297,-6.88,3.418005630113));
#2439=CARTESIAN_POINT('',(-2.4009160468297,-6.88,5.918005630113));
#2440=CARTESIAN_POINT('',(-0.8009160468297,-5.28000000000031,3.41800563011317));
#2441=CARTESIAN_POINT('Origin',(-0.8009160468297,-6.88,3.418005630113));
#2442=CARTESIAN_POINT('Origin',(-0.8009160468297,-6.88,3.418005630113));
#2443=CARTESIAN_POINT('Origin',(-0.8009160468297,-6.88,4.66800561846));
#2444=CARTESIAN_POINT('',(-0.8009160468297,-4.580000006526,4.66800561846));
#2445=CARTESIAN_POINT('Origin',(-15.35091604693,17.81393803608,149.2947625493));
#2446=CARTESIAN_POINT('',(-17.35091604693,17.81393803608,5.918005630113));
#2447=CARTESIAN_POINT('',(-15.35091604693,19.81393803608,5.918005630113));
#2448=CARTESIAN_POINT('Origin',(14.02661534101,19.81393803608,2.983717811707E-13));
#2449=CARTESIAN_POINT('',(-9.590791584566,19.81393803608,7.184974219097));
#2450=CARTESIAN_POINT('',(-9.590791584566,19.81393803608,7.184974219097));
#2451=CARTESIAN_POINT('',(14.02661534101,19.81393803608,7.184974219097));
#2452=CARTESIAN_POINT('',(-9.590791584566,19.81393803608,7.184974219097));
#2453=CARTESIAN_POINT('',(14.02661534101,19.81393803608,2.983905037869E-13));
#2454=CARTESIAN_POINT('Origin',(14.02661534101,0.6069690180418,32.40466282108));
#2455=CARTESIAN_POINT('',(14.02661534101,1.926647022071,63.85960317597));
#2456=CARTESIAN_POINT('',(14.02661534101,1.926647022071,63.85960317597));
#2457=CARTESIAN_POINT('',(14.02661534101,0.8306270786009,64.80932564215));
#2458=CARTESIAN_POINT('',(14.02661534101,1.926647022071,63.85960317597));
#2459=CARTESIAN_POINT('',(14.02661534101,0.3833109574822,64.80932564215));
#2460=CARTESIAN_POINT('',(14.02661534101,0.8306270786009,64.80932564215));
#2461=CARTESIAN_POINT('',(14.02661534101,-0.7127089859894,63.85960317597));
#2462=CARTESIAN_POINT('',(14.02661534101,0.3833109574822,64.80932564215));
#2463=CARTESIAN_POINT('',(14.02661534101,-18.6,7.184974219101));
#2464=CARTESIAN_POINT('',(14.02661534101,-18.6,7.184974219101));
#2465=CARTESIAN_POINT('',(14.02661534101,-18.6,2.983905037869E-13));
#2466=CARTESIAN_POINT('',(14.02661534101,5.306969018042,22.40932564215));
#2467=CARTESIAN_POINT('',(14.02661534101,5.306969018042,46.80932564215));
#2468=CARTESIAN_POINT('',(14.02661534101,5.306969018042,22.40932564215));
#2469=CARTESIAN_POINT('',(14.02661534101,2.306969018042,19.40932564215));
#2470=CARTESIAN_POINT('Origin',(14.02661534101,2.306969018042,22.40932564215));
#2471=CARTESIAN_POINT('',(14.02661534101,-1.093030981958,19.40932564215));
#2472=CARTESIAN_POINT('',(14.02661534101,-1.093030981958,19.40932564215));
#2473=CARTESIAN_POINT('',(14.02661534101,-4.093030981958,22.40932564215));
#2474=CARTESIAN_POINT('Origin',(14.02661534101,-1.093030981958,22.40932564215));
#2475=CARTESIAN_POINT('',(14.02661534101,-4.093030981958,46.80932564215));
#2476=CARTESIAN_POINT('',(14.02661534101,-4.093030981958,46.80932564215));
#2477=CARTESIAN_POINT('',(14.02661534101,-1.093030981958,49.80932564215));
#2478=CARTESIAN_POINT('Origin',(14.02661534101,-1.093030981958,46.80932564215));
#2479=CARTESIAN_POINT('',(14.02661534101,2.306969018042,49.80932564215));
#2480=CARTESIAN_POINT('',(14.02661534101,2.306969018042,49.80932564215));
#2481=CARTESIAN_POINT('Origin',(14.02661534101,2.306969018042,46.80932564215));
#2482=CARTESIAN_POINT('',(14.02661534101,15.80696901804,9.009325642151));
#2483=CARTESIAN_POINT('',(14.02661534101,15.80696901804,12.40932564215));
#2484=CARTESIAN_POINT('',(14.02661534101,15.80696901804,9.009325642151));
#2485=CARTESIAN_POINT('',(14.02661534101,12.80696901804,6.009325642151));
#2486=CARTESIAN_POINT('Origin',(14.02661534101,12.80696901804,9.009325642151));
#2487=CARTESIAN_POINT('',(14.02661534101,-11.59303098196,6.009325642151));
#2488=CARTESIAN_POINT('',(14.02661534101,-11.59303098196,6.009325642151));
#2489=CARTESIAN_POINT('',(14.02661534101,-14.59303098196,9.009325642151));
#2490=CARTESIAN_POINT('Origin',(14.02661534101,-11.59303098196,9.009325642151));
#2491=CARTESIAN_POINT('',(14.02661534101,-14.59303098196,12.40932564215));
#2492=CARTESIAN_POINT('',(14.02661534101,-14.59303098196,12.40932564215));
#2493=CARTESIAN_POINT('',(14.02661534101,-11.59303098196,15.40932564215));
#2494=CARTESIAN_POINT('Origin',(14.02661534101,-11.59303098196,12.40932564215));
#2495=CARTESIAN_POINT('',(14.02661534101,12.80696901804,15.40932564215));
#2496=CARTESIAN_POINT('',(14.02661534101,12.80696901804,15.40932564215));
#2497=CARTESIAN_POINT('Origin',(14.02661534101,12.80696901804,12.40932564215));
#2498=CARTESIAN_POINT('Origin',(-17.35091604693,-18.6,2.983717811707E-13));
#2499=CARTESIAN_POINT('',(-15.35091604693,-18.6,2.983905037869E-13));
#2500=CARTESIAN_POINT('',(-9.590791584546,-18.6,7.184974219101));
#2501=CARTESIAN_POINT('',(14.02661534101,-18.6,7.184974219101));
#2502=CARTESIAN_POINT('',(-11.75481411599,-18.6,5.918005630113));
#2503=CARTESIAN_POINT('Origin',(-15.35091604693,-16.6,-84.48543690711));
#2504=CARTESIAN_POINT('',(-17.35091604693,-16.6,2.984092264031E-13));
#2505=CARTESIAN_POINT('Origin',(-17.35091604693,0.6069690180421,2.959002815057));
#2506=CARTESIAN_POINT('Origin',(-5.648421948338,-17.03134038873,10.8819703464));
#2507=CARTESIAN_POINT('',(1.068621347216,-15.86648184697,15.84593506268));
#2508=CARTESIAN_POINT('',(-9.590791584546,-18.6,7.184974219101));
#2509=CARTESIAN_POINT('',(0.4380204842016,-14.91285106848,16.32106340283));
#2510=CARTESIAN_POINT('',(1.068621347216,-15.86648184697,15.84593506268));
#2511=CARTESIAN_POINT('',(0.4380204842016,-14.91285106848,16.32106340283));
#2512=CARTESIAN_POINT('Origin',(-5.963722379847,-13.84495243057,11.11953451647));
#2513=CARTESIAN_POINT('',(0.4380204841949,-9.993705930644,16.32106340282));
#2514=CARTESIAN_POINT('',(-12.36546524389,-9.993705930644,5.918005630113));
#2515=CARTESIAN_POINT('',(0.4380204842016,-14.91285106848,16.32106340283));
#2516=CARTESIAN_POINT('Origin',(-12.3654652439,-9.993705930644,5.918005630113));
#2517=CARTESIAN_POINT('Origin',(-2.71498383088,-9.993705930644,20.20159993649));
#2518=CARTESIAN_POINT('Origin',(-2.71498383088,-12.60511537509,20.20159993649));
#2519=CARTESIAN_POINT('Ctrl Pts',(2.28501616905451,-13.4431407802451,20.2016255273465));
#2520=CARTESIAN_POINT('Ctrl Pts',(2.28501620033927,-13.4454240442723,20.1955130398127));
#2521=CARTESIAN_POINT('Ctrl Pts',(2.28520970074688,-13.4661867711804,20.1399001147869));
#2522=CARTESIAN_POINT('Ctrl Pts',(2.28186700961782,-13.5117893471324,20.0183482372979));
#2523=CARTESIAN_POINT('Ctrl Pts',(2.27997806981041,-13.5289984209199,19.9725721062251));
#2524=CARTESIAN_POINT('Ctrl Pts',(2.27242691586727,-13.5806681533562,19.8353681268553));
#2525=CARTESIAN_POINT('Ctrl Pts',(2.26488051234998,-13.6151718112365,19.7440625836255));
#2526=CARTESIAN_POINT('Ctrl Pts',(2.23473483106969,-13.718610142994,19.4709590637258));
#2527=CARTESIAN_POINT('Ctrl Pts',(2.20463265347982,-13.7874604390736,19.289988798349));
#2528=CARTESIAN_POINT('Ctrl Pts',(2.08462045445247,-13.9918822334937,18.7530575662613));
#2529=CARTESIAN_POINT('Ctrl Pts',(1.96514960117061,-14.125067222689,18.4034492556986));
#2530=CARTESIAN_POINT('Ctrl Pts',(1.64977578390261,-14.3783469975402,17.7347874641724));
#2531=CARTESIAN_POINT('Ctrl Pts',(1.45481606641804,-14.4979024873113,17.4172341187635));
#2532=CARTESIAN_POINT('Ctrl Pts',(0.994765255876571,-14.7196070082086,16.8286360605629));
#2533=CARTESIAN_POINT('Ctrl Pts',(0.731386023358956,-14.8211478091434,16.5594280729816));
#2534=CARTESIAN_POINT('Ctrl Pts',(0.438020484204548,-14.9128510684933,16.3210634028315));
#2535=CARTESIAN_POINT('Ctrl Pts',(1.074276325187,-15.97265653305,15.75568994503));
#2536=CARTESIAN_POINT('Ctrl Pts',(0.8269231869792,-15.59311816411,15.94767183575));
#2537=CARTESIAN_POINT('Ctrl Pts',(0.5795700487716,-15.21357979516,16.13965372648));
#2538=CARTESIAN_POINT('Ctrl Pts',(0.332216910564,-14.83404142622,16.33163561721));
#2539=CARTESIAN_POINT('Ctrl Pts',(1.092869590664,-15.96811450456,15.77031356969));
#2540=CARTESIAN_POINT('Ctrl Pts',(0.8443027319921,-15.58857613624,15.96134086784));
#2541=CARTESIAN_POINT('Ctrl Pts',(0.59573587332,-15.20903776791,16.15236816598));
#2542=CARTESIAN_POINT('Ctrl Pts',(0.3471690146478,-14.82949939959,16.34339546413));
#2543=CARTESIAN_POINT('Ctrl Pts',(2.55530074113,-15.60637416345,16.93498169788));
#2544=CARTESIAN_POINT('Ctrl Pts',(2.21127014562,-15.22683581345,17.049982461));
#2545=CARTESIAN_POINT('Ctrl Pts',(1.867239550109,-14.84729746345,17.16498322412));
#2546=CARTESIAN_POINT('Ctrl Pts',(1.5232089546,-14.46775911345,17.27998398726));
#2547=CARTESIAN_POINT('Ctrl Pts',(3.390730425483,-15.04438808607,18.74438066874));
#2548=CARTESIAN_POINT('Ctrl Pts',(2.992165121716,-14.66484727431,18.74126864132));
#2549=CARTESIAN_POINT('Ctrl Pts',(2.593599818065,-14.28530646209,18.73815661483));
#2550=CARTESIAN_POINT('Ctrl Pts',(2.195034514181,-13.90576565033,18.73504458554));
#2551=CARTESIAN_POINT('Ctrl Pts',(3.381963208921,-14.48923053599,20.5317653296));
#2552=CARTESIAN_POINT('Ctrl Pts',(2.983970217751,-14.10969216775,20.41197732693));
#2553=CARTESIAN_POINT('Ctrl Pts',(2.58597722658,-13.7301537995,20.29218932426));
#2554=CARTESIAN_POINT('Ctrl Pts',(2.18798423541,-13.35061543125,20.17240132159));
#2555=CARTESIAN_POINT('Ctrl Pts',(3.381963170968,-14.48922813119,20.53177307249));
#2556=CARTESIAN_POINT('Ctrl Pts',(2.983970182275,-14.10968976289,20.41198456439));
#2557=CARTESIAN_POINT('Ctrl Pts',(2.585977193581,-13.73015139458,20.29219605628));
#2558=CARTESIAN_POINT('Ctrl Pts',(2.187984204888,-13.35061302628,20.17240754817));
#2559=CARTESIAN_POINT('Ctrl Pts',(3.381828365074,-14.48067293871,20.55931895099));
#2560=CARTESIAN_POINT('Ctrl Pts',(2.983844141055,-14.10113434636,20.43773240645));
#2561=CARTESIAN_POINT('Ctrl Pts',(2.585859917033,-13.72159575405,20.31614586187));
#2562=CARTESIAN_POINT('Ctrl Pts',(2.187875693011,-13.34205716171,20.19455931734));
#2563=CARTESIAN_POINT('Ctrl Pts',(3.383108831546,-14.47311695162,20.58920899692));
#2564=CARTESIAN_POINT('Ctrl Pts',(2.984459380195,-14.09242777453,20.46540608162));
#2565=CARTESIAN_POINT('Ctrl Pts',(2.585809928845,-13.71173859744,20.34160316633));
#2566=CARTESIAN_POINT('Ctrl Pts',(2.187160477494,-13.33104942035,20.21780025103));
#2567=CARTESIAN_POINT('Ctrl Pts',(3.382121025281,-14.46914332138,20.61965173253));
#2568=CARTESIAN_POINT('Ctrl Pts',(2.983770455483,-14.08787811974,20.48891120065));
#2569=CARTESIAN_POINT('Ctrl Pts',(2.585419885685,-13.70661291809,20.35817066878));
#2570=CARTESIAN_POINT('Ctrl Pts',(2.187069315888,-13.32534771645,20.22743013691));
#2571=CARTESIAN_POINT('',(3.285016169118,-14.39678111747,20.50257890307));
#2572=CARTESIAN_POINT('Ctrl Pts',(1.06862134721689,-15.8664818469671,15.845935062678));
#2573=CARTESIAN_POINT('Ctrl Pts',(1.41642698236564,-15.7779682669514,16.1263841424804));
#2574=CARTESIAN_POINT('Ctrl Pts',(1.72855290372364,-15.6774388729782,16.444904487357));
#2575=CARTESIAN_POINT('Ctrl Pts',(2.27351338329685,-15.4580666815048,17.1399699137244));
#2576=CARTESIAN_POINT('Ctrl Pts',(2.50570519781008,-15.3395727043982,17.5154097822255));
#2577=CARTESIAN_POINT('Ctrl Pts',(2.8889365070172,-15.087196364513,18.3150465416031));
#2578=CARTESIAN_POINT('Ctrl Pts',(3.03759503956112,-14.9529354890209,18.7404427235055));
#2579=CARTESIAN_POINT('Ctrl Pts',(3.18693279341421,-14.7467985688789,19.3935731195063));
#2580=CARTESIAN_POINT('Ctrl Pts',(3.22444866031416,-14.6772781670898,19.6138436441622));
#2581=CARTESIAN_POINT('Ctrl Pts',(3.26164024532914,-14.5723873368636,19.9461828943816));
#2582=CARTESIAN_POINT('Ctrl Pts',(3.27085650304794,-14.5373266116769,20.0572703468839));
#2583=CARTESIAN_POINT('Ctrl Pts',(3.27982744707583,-14.4846583503908,20.2241460444871));
#2584=CARTESIAN_POINT('Ctrl Pts',(3.28200874575114,-14.4670900253605,20.2798100520613));
#2585=CARTESIAN_POINT('Ctrl Pts',(3.28405695326127,-14.4407280542138,20.3633361115491));
#2586=CARTESIAN_POINT('Ctrl Pts',(3.28453572021689,-14.4319390445771,20.3911834731013));
#2587=CARTESIAN_POINT('Ctrl Pts',(3.28494663193495,-14.4187544162047,20.4329580447989));
#2588=CARTESIAN_POINT('Ctrl Pts',(3.28503239413655,-14.4143592800437,20.4468837259401));
#2589=CARTESIAN_POINT('Ctrl Pts',(3.2850840642382,-14.4077664565369,20.4677726255354));
#2590=CARTESIAN_POINT('Ctrl Pts',(3.28508845828741,-14.4055688032221,20.4747357361637));
#2591=CARTESIAN_POINT('Ctrl Pts',(3.28506896521926,-14.4004981662689,20.4908016942605));
#2592=CARTESIAN_POINT('Ctrl Pts',(3.28503813569594,-14.398195337279,20.4980980466524));
#2593=CARTESIAN_POINT('Ctrl Pts',(3.28501616912521,-14.3967811174733,20.5025789030711));
#2594=CARTESIAN_POINT('',(3.285016169118,-14.39678111747,20.50257890307));
#2595=CARTESIAN_POINT('Origin',(1.438255809729,-9.856290833771,34.88880440304));
#2596=CARTESIAN_POINT('',(4.882625150075,-2.880557796043,56.99092603263));
#2597=CARTESIAN_POINT('',(4.882625150075,-2.880557796043,56.99092603263));
#2598=CARTESIAN_POINT('',(3.285016169109,-3.8899553109,53.79272069344));
#2599=CARTESIAN_POINT('Ctrl Pts',(3.2850161690981,-3.88995531090092,53.7927206934402));
#2600=CARTESIAN_POINT('Ctrl Pts',(3.28329407509882,-3.79213181788559,54.1026675806221));
#2601=CARTESIAN_POINT('Ctrl Pts',(3.31997654342165,-3.69433730925675,54.4125226328044));
#2602=CARTESIAN_POINT('Ctrl Pts',(3.46446672061639,-3.50359593919317,55.0168733065097));
#2603=CARTESIAN_POINT('Ctrl Pts',(3.57228356883377,-3.41062492087192,55.3114454674359));
#2604=CARTESIAN_POINT('Ctrl Pts',(3.84940277054362,-3.23683986791557,55.8620712378131));
#2605=CARTESIAN_POINT('Ctrl Pts',(4.01686715278925,-3.15571920442448,56.119096379323));
#2606=CARTESIAN_POINT('Ctrl Pts',(4.40914258531162,-3.00671749301095,56.5911978675633));
#2607=CARTESIAN_POINT('Ctrl Pts',(4.63340279777322,-2.93912092654187,56.8053728547305));
#2608=CARTESIAN_POINT('Ctrl Pts',(4.88262515006812,-2.88055779603897,56.990926032638));
#2609=CARTESIAN_POINT('',(3.285016169119,-10.44733670913,33.01611693705));
#2610=CARTESIAN_POINT('',(3.285016169119,-10.44733670913,33.01611693705));
#2611=CARTESIAN_POINT('',(3.285016169118,-14.39678111747,20.50257890307));
#2612=CARTESIAN_POINT('Origin',(2.78501616912,-11.94524352406,26.60885843677));
#2613=CARTESIAN_POINT('',(2.28501616912,-9.493704642057,32.71514205327));
#2614=CARTESIAN_POINT('Origin',(2.78501616912,-6.691830620772,43.25392933195));
#2615=CARTESIAN_POINT('',(3.285016169109,-3.8899553109,53.79272069344));
#2616=CARTESIAN_POINT('Ctrl Pts',(4.987196385309,-2.962497550975,56.97614265772));
#2617=CARTESIAN_POINT('Ctrl Pts',(4.752709977261,-2.582712009746,57.17814599927));
#2618=CARTESIAN_POINT('Ctrl Pts',(4.518223569214,-2.202926468518,57.38014934081));
#2619=CARTESIAN_POINT('Ctrl Pts',(4.283737161167,-1.82314092729,57.58215268236));
#2620=CARTESIAN_POINT('Ctrl Pts',(4.971736360019,-2.966103244222,56.96499639294));
#2621=CARTESIAN_POINT('Ctrl Pts',(4.735672297439,-2.586317702994,57.16586228776));
#2622=CARTESIAN_POINT('Ctrl Pts',(4.499608234858,-2.206532161765,57.36672818258));
#2623=CARTESIAN_POINT('Ctrl Pts',(4.263544172278,-1.826746620537,57.5675940774));
#2624=CARTESIAN_POINT('Ctrl Pts',(3.960543233486,-3.205781537405,56.22407986592));
#2625=CARTESIAN_POINT('Ctrl Pts',(3.621289597144,-2.825995996175,56.34933719636));
#2626=CARTESIAN_POINT('Ctrl Pts',(3.282035960803,-2.446210454946,56.4745945268));
#2627=CARTESIAN_POINT('Ctrl Pts',(2.942782324462,-2.066424913716,56.59985185724));
#2628=CARTESIAN_POINT('Ctrl Pts',(3.366746899688,-3.603157801428,54.99567224694));
#2629=CARTESIAN_POINT('Ctrl Pts',(2.966897924041,-3.223372260201,54.99557384139));
#2630=CARTESIAN_POINT('Ctrl Pts',(2.567048948394,-2.843586718973,54.99547543583));
#2631=CARTESIAN_POINT('Ctrl Pts',(2.167199972747,-2.463801177746,54.99537703027));
#2632=CARTESIAN_POINT('Ctrl Pts',(3.382745029894,-3.994904472649,53.78466736516));
#2633=CARTESIAN_POINT('Ctrl Pts',(2.984528620982,-3.615118931421,53.66098912672));
#2634=CARTESIAN_POINT('Ctrl Pts',(2.58631221207,-3.235333390192,53.53731088827));
#2635=CARTESIAN_POINT('Ctrl Pts',(2.188095803158,-2.855547848964,53.41363264983));
#2636=CARTESIAN_POINT('Ctrl Pts',(3.383135466853,-4.000947140359,53.76598769119));
#2637=CARTESIAN_POINT('Ctrl Pts',(2.984958900996,-3.621161599131,53.64040324161));
#2638=CARTESIAN_POINT('Ctrl Pts',(2.58678233514,-3.241376057903,53.51481879204));
#2639=CARTESIAN_POINT('Ctrl Pts',(2.188605769283,-2.861590516675,53.38923434247));
#2640=CARTESIAN_POINT('',(4.282027395309,-1.926927017556,57.48949840084));
#2641=CARTESIAN_POINT('',(4.282027395309,-1.926927017556,57.48949840084));
#2642=CARTESIAN_POINT('Ctrl Pts',(4.28202739530784,-1.92692701755344,57.4894984008409));
#2643=CARTESIAN_POINT('Ctrl Pts',(3.96909828369355,-1.98809674937355,57.2544359181008));
#2644=CARTESIAN_POINT('Ctrl Pts',(3.68582277405372,-2.05580546689001,56.9841885470626));
#2645=CARTESIAN_POINT('Ctrl Pts',(3.19006526906874,-2.20511407268878,56.386794178016));
#2646=CARTESIAN_POINT('Ctrl Pts',(2.97913213902453,-2.28618218025596,56.0622123132713));
#2647=CARTESIAN_POINT('Ctrl Pts',(2.63567779093491,-2.46060790313813,55.371439248474));
#2648=CARTESIAN_POINT('Ctrl Pts',(2.50470276912632,-2.55349602609524,55.0072310222307));
#2649=CARTESIAN_POINT('Ctrl Pts',(2.32926931115784,-2.74419999685391,54.2586045645438));
#2650=CARTESIAN_POINT('Ctrl Pts',(2.28501616911988,-2.8415360186029,53.8758432562719));
#2651=CARTESIAN_POINT('Ctrl Pts',(2.28501616911994,-2.93632453241102,53.4917417268593));
#2652=CARTESIAN_POINT('Origin',(9.454620245543,-1.248623419278,60.90012583739));
#2653=CARTESIAN_POINT('',(14.02661534101,0.3833109574822,64.80932564215));
#2654=CARTESIAN_POINT('Origin',(9.154321368162,0.6069690180416,61.1494120215));
#2655=CARTESIAN_POINT('',(4.282027395312,3.140865053638,57.48949840084));
#2656=CARTESIAN_POINT('',(4.282027395312,3.140865053638,57.48949840084));
#2657=CARTESIAN_POINT('',(4.282027395312,3.140865053638,57.48949840084));
#2658=CARTESIAN_POINT('Origin',(7.28501616912,0.6069690180417,53.49174172686));
#2659=CARTESIAN_POINT('Ctrl Pts',(2.28501616912006,4.15026256849806,53.4917417268603));
#2660=CARTESIAN_POINT('Ctrl Pts',(2.28501616912009,4.05547540510707,53.8758377841201));
#2661=CARTESIAN_POINT('Ctrl Pts',(2.32926805054155,3.95814080066062,54.258593668245));
#2662=CARTESIAN_POINT('Ctrl Pts',(2.50469654260771,3.76743943053604,55.0072099796538));
#2663=CARTESIAN_POINT('Ctrl Pts',(2.635667874314,3.67455246667371,55.3714135665006));
#2664=CARTESIAN_POINT('Ctrl Pts',(2.97911758719275,3.50012612371092,56.0621887509102));
#2665=CARTESIAN_POINT('Ctrl Pts',(3.19005210863739,3.41905657147552,56.3867763000856));
#2666=CARTESIAN_POINT('Ctrl Pts',(3.68581467925412,3.26974543941347,56.984180821652));
#2667=CARTESIAN_POINT('Ctrl Pts',(3.96909380281168,3.20203566135542,57.2544325522038));
#2668=CARTESIAN_POINT('Ctrl Pts',(4.28202739531011,3.14086505363788,57.4894984008425));
#2669=CARTESIAN_POINT('Ctrl Pts',(4.98719638533,4.176435587053,56.97614265773));
#2670=CARTESIAN_POINT('Ctrl Pts',(4.752709977284,3.796650045824,57.17814599928));
#2671=CARTESIAN_POINT('Ctrl Pts',(4.518223569239,3.416864504595,57.38014934083));
#2672=CARTESIAN_POINT('Ctrl Pts',(4.283737161194,3.037078963367,57.58215268238));
#2673=CARTESIAN_POINT('Ctrl Pts',(4.971736360038,4.1800412803,56.96499639295));
#2674=CARTESIAN_POINT('Ctrl Pts',(4.735672297459,3.800255739072,57.16586228777));
#2675=CARTESIAN_POINT('Ctrl Pts',(4.49960823488,3.420470197843,57.3667281826));
#2676=CARTESIAN_POINT('Ctrl Pts',(4.263544172301,3.040684656614,57.56759407742));
#2677=CARTESIAN_POINT('Ctrl Pts',(3.960543233489,4.419719573481,56.22407986594));
#2678=CARTESIAN_POINT('Ctrl Pts',(3.621289597149,4.039934032253,56.34933719638));
#2679=CARTESIAN_POINT('Ctrl Pts',(3.282035960809,3.660148491024,56.47459452681));
#2680=CARTESIAN_POINT('Ctrl Pts',(2.942782324468,3.280362949795,56.59985185725));
#2681=CARTESIAN_POINT('Ctrl Pts',(3.366746899688,4.817095837511,54.99567224694));
#2682=CARTESIAN_POINT('Ctrl Pts',(2.966897924041,4.437310296283,54.99557384138));
#2683=CARTESIAN_POINT('Ctrl Pts',(2.567048948394,4.057524755056,54.99547543583));
#2684=CARTESIAN_POINT('Ctrl Pts',(2.167199972747,3.677739213828,54.99537703027));
#2685=CARTESIAN_POINT('Ctrl Pts',(3.382745029893,5.208842508731,53.78466736515));
#2686=CARTESIAN_POINT('Ctrl Pts',(2.984528620982,4.829056967503,53.66098912672));
#2687=CARTESIAN_POINT('Ctrl Pts',(2.58631221207,4.449271426275,53.53731088828));
#2688=CARTESIAN_POINT('Ctrl Pts',(2.188095803158,4.069485885047,53.41363264985));
#2689=CARTESIAN_POINT('Ctrl Pts',(3.383135466853,5.214885176442,53.76598769118));
#2690=CARTESIAN_POINT('Ctrl Pts',(2.984958900996,4.835099635214,53.64040324162));
#2691=CARTESIAN_POINT('Ctrl Pts',(2.58678233514,4.455314093986,53.51481879205));
#2692=CARTESIAN_POINT('Ctrl Pts',(2.188605769284,4.075528552757,53.38923434248));
#2693=CARTESIAN_POINT('',(4.882625150093,4.094495832117,56.99092603265));
#2694=CARTESIAN_POINT('',(3.285016169109,5.103893346982,53.79272069344));
#2695=CARTESIAN_POINT('Ctrl Pts',(4.88263303232761,4.0944939799226,56.9909319011893));
#2696=CARTESIAN_POINT('Ctrl Pts',(4.63336180547398,4.15306859513645,56.8053423347795));
#2697=CARTESIAN_POINT('Ctrl Pts',(4.40905474551854,4.22068201501397,56.5911139487677));
#2698=CARTESIAN_POINT('Ctrl Pts',(4.01672457755008,4.36971826455098,56.1189030289018));
#2699=CARTESIAN_POINT('Ctrl Pts',(3.84924455303522,4.45085837333287,55.8618162763499));
#2700=CARTESIAN_POINT('Ctrl Pts',(3.57217466294839,4.62465058319684,55.311167829812));
#2701=CARTESIAN_POINT('Ctrl Pts',(3.46439812814591,4.71760571987284,55.0166459887667));
#2702=CARTESIAN_POINT('Ctrl Pts',(3.31996256199256,4.90831261991532,54.4124045309094));
#2703=CARTESIAN_POINT('Ctrl Pts',(3.2832944033112,5.00608849813332,54.1026085078791));
#2704=CARTESIAN_POINT('Ctrl Pts',(3.28501616909663,5.10389334698019,53.7927206934394));
#2705=CARTESIAN_POINT('',(2.28501616912,4.150262568497,53.49174172686));
#2706=CARTESIAN_POINT('',(4.882625150093,4.094495832117,56.99092603265));
#2707=CARTESIAN_POINT('Origin',(1.438255809729,11.07022886985,34.88880440304));
#2708=CARTESIAN_POINT('',(1.068621347217,17.08041988305,15.84593506268));
#2709=CARTESIAN_POINT('',(1.068621347217,17.08041988305,15.84593506268));
#2710=CARTESIAN_POINT('',(3.28501620250315,15.6107191854404,20.5025789129857));
#2711=CARTESIAN_POINT('Ctrl Pts',(3.2850161691066,15.6107191536423,20.502578902786));
#2712=CARTESIAN_POINT('Ctrl Pts',(3.28719715204739,15.7510923487158,20.0578162643266));
#2713=CARTESIAN_POINT('Ctrl Pts',(3.23692806849483,15.8914348773479,19.6131507903927));
#2714=CARTESIAN_POINT('Ctrl Pts',(3.0386187632372,16.1657535655355,18.7439912370099));
#2715=CARTESIAN_POINT('Ctrl Pts',(2.89056179861006,16.2997641257693,18.3193881614204));
#2716=CARTESIAN_POINT('Ctrl Pts',(2.50807410945354,16.5522420931587,17.5194294024125));
#2717=CARTESIAN_POINT('Ctrl Pts',(2.27565246092554,16.6710374070861,17.1430347692458));
#2718=CARTESIAN_POINT('Ctrl Pts',(1.72987797104726,16.8909498937532,16.4462574553934));
#2719=CARTESIAN_POINT('Ctrl Pts',(1.41716242134014,16.9917191427078,16.1269771468561));
#2720=CARTESIAN_POINT('Ctrl Pts',(1.06862134721461,17.0804198830451,15.8459350626814));
#2721=CARTESIAN_POINT('',(3.285016169118,11.65791119241,33.02677411856));
#2722=CARTESIAN_POINT('',(3.285016169118,11.65791119241,33.02677411856));
#2723=CARTESIAN_POINT('',(3.285016169109,5.103893346982,53.79272069344));
#2724=CARTESIAN_POINT('',(14.02661534101,1.926647022071,63.85960317597));
#2725=CARTESIAN_POINT('Origin',(9.454620245543,2.462561455361,60.90012583739));
#2726=CARTESIAN_POINT('Origin',(2.78501616912,7.904086880453,43.25925792271));
#2727=CARTESIAN_POINT('',(3.285016169118,11.65791119241,33.02677411856));
#2728=CARTESIAN_POINT('Origin',(2.78501616912,13.15749978374,26.61418702753));
#2729=CARTESIAN_POINT('',(2.285016087583,14.65708238616,20.20161625858));
#2730=CARTESIAN_POINT('Ctrl Pts',(1.068621486214,17.08042009325,15.84593495795));
#2731=CARTESIAN_POINT('Ctrl Pts',(0.8584024714631,16.76251484693,16.00432518132));
#2732=CARTESIAN_POINT('Ctrl Pts',(0.6481834567125,16.4446096006,16.16271540468));
#2733=CARTESIAN_POINT('Ctrl Pts',(0.4379644419619,16.12670435427,16.32110562805));
#2734=CARTESIAN_POINT('Ctrl Pts',(2.481897013751,16.72075349929,16.98551341586));
#2735=CARTESIAN_POINT('Ctrl Pts',(2.193155699747,16.40284825296,17.08058808684));
#2736=CARTESIAN_POINT('Ctrl Pts',(1.904414385743,16.08494300663,17.17566275783));
#2737=CARTESIAN_POINT('Ctrl Pts',(1.615673071738,15.7670377603,17.27073742881));
#2738=CARTESIAN_POINT('Ctrl Pts',(3.293643965127,16.16587027172,18.74362212804));
#2739=CARTESIAN_POINT('Ctrl Pts',(2.959801582269,15.8479650254,18.74101539433));
#2740=CARTESIAN_POINT('Ctrl Pts',(2.625959199411,15.53005977907,18.73840866062));
#2741=CARTESIAN_POINT('Ctrl Pts',(2.292116816553,15.21215453275,18.73580192691));
#2742=CARTESIAN_POINT('Ctrl Pts',(3.285016355185,15.61071715326,20.50258597323));
#2743=CARTESIAN_POINT('Ctrl Pts',(2.951653326563,15.29281190693,20.40225032367));
#2744=CARTESIAN_POINT('Ctrl Pts',(2.618290297941,14.97490666061,20.30191467411));
#2745=CARTESIAN_POINT('Ctrl Pts',(2.284927269318,14.65700141429,20.20157902455));
#2746=CARTESIAN_POINT('',(0.4380204842042,16.12678910456,16.32106340283));
#2747=CARTESIAN_POINT('',(0.4380204842042,16.12678910456,16.32106340283));
#2748=CARTESIAN_POINT('Ctrl Pts',(0.438020484204272,16.1267891045619,16.3210634028341));
#2749=CARTESIAN_POINT('Ctrl Pts',(0.528563443549333,16.0990976279012,16.3941064998554));
#2750=CARTESIAN_POINT('Ctrl Pts',(0.616700103033579,16.0700988157175,16.4706287521306));
#2751=CARTESIAN_POINT('Ctrl Pts',(0.70235786486027,16.0397867060971,16.5506357043793));
#2752=CARTESIAN_POINT('Ctrl Pts',(0.787088997112668,16.0098025071837,16.62977715645));
#2753=CARTESIAN_POINT('Ctrl Pts',(0.869394760431891,15.9785330892453,16.7123288165048));
#2754=CARTESIAN_POINT('Ctrl Pts',(0.949156657765294,15.9459669015564,16.7983104801211));
#2755=CARTESIAN_POINT('Ctrl Pts',(0.991167964527282,15.9288139983933,16.8435977935735));
#2756=CARTESIAN_POINT('Ctrl Pts',(1.03247272048523,15.9113012616277,16.8898368645197));
#2757=CARTESIAN_POINT('Ctrl Pts',(1.07304785155999,15.8934266115472,16.9370315065063));
#2758=CARTESIAN_POINT('Ctrl Pts',(1.12665959379955,15.8698089150085,16.9993895794011));
#2759=CARTESIAN_POINT('Ctrl Pts',(1.17901321725085,15.8455671466874,17.0634247319396));
#2760=CARTESIAN_POINT('Ctrl Pts',(1.22986724668547,15.820790786712,17.1288972838219));
#2761=CARTESIAN_POINT('Ctrl Pts',(1.28098230809017,15.7958872505398,17.1947059040432));
#2762=CARTESIAN_POINT('Ctrl Pts',(1.33058212965759,15.7704437310789,17.2619664312476));
#2763=CARTESIAN_POINT('Ctrl Pts',(1.37846079515429,15.7445635843228,17.3304022409787));
#2764=CARTESIAN_POINT('Ctrl Pts',(1.42678936567471,15.7184402476633,17.3994811265825));
#2765=CARTESIAN_POINT('Ctrl Pts',(1.47336406805966,15.6918721635279,17.4697571636096));
#2766=CARTESIAN_POINT('Ctrl Pts',(1.5180163328531,15.6649765556973,17.5409166669244));
#2767=CARTESIAN_POINT('Ctrl Pts',(1.54559581754474,15.6483644754845,17.5848683554091));
#2768=CARTESIAN_POINT('Ctrl Pts',(1.57244277322982,15.6316276556961,17.6291565227343));
#2769=CARTESIAN_POINT('Ctrl Pts',(1.59852608053427,15.6147954379827,17.6737026375171));
#2770=CARTESIAN_POINT('Ctrl Pts',(1.66475310480518,15.5720574646873,17.7868077967081));
#2771=CARTESIAN_POINT('Ctrl Pts',(1.72599254191027,15.5285973267305,17.9016232846483));
#2772=CARTESIAN_POINT('Ctrl Pts',(1.78236035255508,15.484600547298,18.0177624707692));
#2773=CARTESIAN_POINT('Ctrl Pts',(1.83990998578812,15.4396813196252,18.1363366621168));
#2774=CARTESIAN_POINT('Ctrl Pts',(1.89238187807091,15.3942026241192,18.2562907541143));
#2775=CARTESIAN_POINT('Ctrl Pts',(1.93989271333977,15.3483477147325,18.3772651645982));
#2776=CARTESIAN_POINT('Ctrl Pts',(1.95249178107683,15.3361877704552,18.4093455265518));
#2777=CARTESIAN_POINT('Ctrl Pts',(1.96474192692606,15.3240012982738,18.44149791122));
#2778=CARTESIAN_POINT('Ctrl Pts',(1.97664520709903,15.3117915652962,18.4737161898019));
#2779=CARTESIAN_POINT('Ctrl Pts',(2.00585108187857,15.2818337782617,18.5527669217178));
#2780=CARTESIAN_POINT('Ctrl Pts',(2.03294239485771,15.2517150139169,18.6322016198924));
#2781=CARTESIAN_POINT('Ctrl Pts',(2.0580043850253,15.2213914155831,18.71216063505));
#2782=CARTESIAN_POINT('Ctrl Pts',(2.08304290184728,15.191096218677,18.7920447596828));
#2783=CARTESIAN_POINT('Ctrl Pts',(2.10605603353982,15.1605964210689,18.8724526129694));
#2784=CARTESIAN_POINT('Ctrl Pts',(2.12707999500893,15.1298426489595,18.9535410114931));
#2785=CARTESIAN_POINT('Ctrl Pts',(2.14790085325544,15.0993859754836,19.0338460507493));
#2786=CARTESIAN_POINT('Ctrl Pts',(2.16677089936845,15.0686800645831,19.1148189332968));
#2787=CARTESIAN_POINT('Ctrl Pts',(2.18367569874796,15.0376736366549,19.1966227202908));
#2788=CARTESIAN_POINT('Ctrl Pts',(2.1915584207018,15.0232153136276,19.2347678939287));
#2789=CARTESIAN_POINT('Ctrl Pts',(2.1990131087996,15.0086916132939,19.2730938544982));
#2790=CARTESIAN_POINT('Ctrl Pts',(2.20603443238684,14.9940972215835,19.3116175904142));
#2791=CARTESIAN_POINT('Ctrl Pts',(2.2261780002851,14.9522271786068,19.4221388447724));
#2792=CARTESIAN_POINT('Ctrl Pts',(2.24271826973875,14.9097470344341,19.5342814034872));
#2793=CARTESIAN_POINT('Ctrl Pts',(2.25535687814592,14.866813035372,19.6476429764925));
#2794=CARTESIAN_POINT('Ctrl Pts',(2.26799772756121,14.8238714234906,19.7610246501448));
#2795=CARTESIAN_POINT('Ctrl Pts',(2.27673523509187,14.7804759797141,19.8756252839611));
#2796=CARTESIAN_POINT('Ctrl Pts',(2.28131532295778,14.7367929197541,19.9910172572615));
#2797=CARTESIAN_POINT('Ctrl Pts',(2.28409130215947,14.7103167320771,20.0609560285911));
#2798=CARTESIAN_POINT('Ctrl Pts',(2.28534091790586,14.683735067723,20.1311850449573));
#2799=CARTESIAN_POINT('Ctrl Pts',(2.28501622979979,14.657086249744,20.2016057998879));
#2800=CARTESIAN_POINT('Origin',(-5.648421948338,18.24527842482,10.8819703464));
#2801=CARTESIAN_POINT('',(-12.3654652439,19.41013696658,5.918005630113));
#2802=CARTESIAN_POINT('Origin',(-5.963722379847,15.05720869025,11.11953451647));
#2803=CARTESIAN_POINT('',(0.4380204842007,11.20428041392,16.32106340283));
#2804=CARTESIAN_POINT('',(-12.36546524389,11.20428041392,5.918005630113));
#2805=CARTESIAN_POINT('',(0.4380204842007,11.20428041392,16.32106340283));
#2806=CARTESIAN_POINT('Origin',(2.28501616912,11.20428041392,5.918005630113));
#2807=CARTESIAN_POINT('Origin',(-2.71498383088,11.20428041392,20.20159993649));
#2808=CARTESIAN_POINT('Origin',(-2.71498383088,13.81737163477,20.20159993649));
#2809=CARTESIAN_POINT('Origin',(14.02661534101,5.306969018042,19.40932564215));
#2810=CARTESIAN_POINT('',(12.17661534101,5.306969018042,46.80932564215));
#2811=CARTESIAN_POINT('',(14.02661534101,5.306969018042,46.80932564215));
#2812=CARTESIAN_POINT('',(12.17661534101,5.306969018042,22.40932564215));
#2813=CARTESIAN_POINT('',(12.17661534101,5.306969018042,22.40932564215));
#2814=CARTESIAN_POINT('',(14.02661534101,5.306969018042,22.40932564215));
#2815=CARTESIAN_POINT('Origin',(56.3139022462,2.306969018042,46.80932564215));
#2816=CARTESIAN_POINT('',(12.17661534101,2.306969018042,49.80932564215));
#2817=CARTESIAN_POINT('Origin',(12.17661534101,2.306969018042,46.80932564215));
#2818=CARTESIAN_POINT('',(14.02661534101,2.306969018042,49.80932564215));
#2819=CARTESIAN_POINT('Origin',(12.17661534101,0.,0.));
#2820=CARTESIAN_POINT('',(12.17661534101,-1.093030981958,49.80932564215));
#2821=CARTESIAN_POINT('',(12.17661534101,-4.093030981958,46.80932564215));
#2822=CARTESIAN_POINT('Origin',(12.17661534101,-1.093030981958,46.80932564215));
#2823=CARTESIAN_POINT('',(12.17661534101,-4.093030981958,22.40932564215));
#2824=CARTESIAN_POINT('',(12.17661534101,-4.093030981958,46.80932564215));
#2825=CARTESIAN_POINT('',(12.17661534101,-1.093030981958,19.40932564215));
#2826=CARTESIAN_POINT('Origin',(12.17661534101,-1.093030981958,22.40932564215));
#2827=CARTESIAN_POINT('',(12.17661534101,2.306969018042,19.40932564215));
#2828=CARTESIAN_POINT('',(12.17661534101,-1.093030981958,19.40932564215));
#2829=CARTESIAN_POINT('Origin',(12.17661534101,2.306969018042,22.40932564215));
#2830=CARTESIAN_POINT('',(12.17661534101,2.306969018042,49.80932564215));
#2831=CARTESIAN_POINT('Origin',(12.17661534101,0.,0.));
#2832=CARTESIAN_POINT('',(12.17661534101,15.80696901804,12.40932564215));
#2833=CARTESIAN_POINT('',(12.17661534101,12.80696901804,15.40932564215));
#2834=CARTESIAN_POINT('Origin',(12.17661534101,12.80696901804,12.40932564215));
#2835=CARTESIAN_POINT('',(12.17661534101,-11.59303098196,15.40932564215));
#2836=CARTESIAN_POINT('',(12.17661534101,12.80696901804,15.40932564215));
#2837=CARTESIAN_POINT('',(12.17661534101,-14.59303098196,12.40932564215));
#2838=CARTESIAN_POINT('Origin',(12.17661534101,-11.59303098196,12.40932564215));
#2839=CARTESIAN_POINT('',(12.17661534101,-14.59303098196,9.009325642151));
#2840=CARTESIAN_POINT('',(12.17661534101,-14.59303098196,12.40932564215));
#2841=CARTESIAN_POINT('',(12.17661534101,-11.59303098196,6.009325642151));
#2842=CARTESIAN_POINT('Origin',(12.17661534101,-11.59303098196,9.009325642151));
#2843=CARTESIAN_POINT('',(12.17661534101,12.80696901804,6.009325642151));
#2844=CARTESIAN_POINT('',(12.17661534101,-11.59303098196,6.009325642151));
#2845=CARTESIAN_POINT('',(12.17661534101,15.80696901804,9.009325642151));
#2846=CARTESIAN_POINT('Origin',(12.17661534101,12.80696901804,9.009325642151));
#2847=CARTESIAN_POINT('',(12.17661534101,15.80696901804,9.009325642151));
#2848=CARTESIAN_POINT('Origin',(56.3139022462,-1.093030981958,46.80932564215));
#2849=CARTESIAN_POINT('',(14.02661534101,-1.093030981958,49.80932564215));
#2850=CARTESIAN_POINT('',(14.02661534101,-4.093030981958,46.80932564215));
#2851=CARTESIAN_POINT('Origin',(14.02661534101,-4.093030981958,49.80932564215));
#2852=CARTESIAN_POINT('',(14.02661534101,-4.093030981958,22.40932564215));
#2853=CARTESIAN_POINT('Origin',(56.3139022462,-1.093030981958,22.40932564215));
#2854=CARTESIAN_POINT('',(14.02661534101,-1.093030981958,19.40932564215));
#2855=CARTESIAN_POINT('Origin',(14.02661534101,-4.093030981958,19.40932564215));
#2856=CARTESIAN_POINT('',(14.02661534101,2.306969018042,19.40932564215));
#2857=CARTESIAN_POINT('Origin',(56.3139022462,2.306969018042,22.40932564215));
#2858=CARTESIAN_POINT('Origin',(14.02661534101,5.306969018042,49.80932564215));
#2859=CARTESIAN_POINT('Origin',(56.3139022462,12.80696901804,12.40932564215));
#2860=CARTESIAN_POINT('',(14.02661534101,15.80696901804,12.40932564215));
#2861=CARTESIAN_POINT('',(14.02661534101,12.80696901804,15.40932564215));
#2862=CARTESIAN_POINT('Origin',(14.02661534101,15.80696901804,15.40932564215));
#2863=CARTESIAN_POINT('',(14.02661534101,-11.59303098196,15.40932564215));
#2864=CARTESIAN_POINT('Origin',(56.3139022462,-11.59303098196,12.40932564215));
#2865=CARTESIAN_POINT('',(14.02661534101,-14.59303098196,12.40932564215));
#2866=CARTESIAN_POINT('Origin',(14.02661534101,-14.59303098196,15.40932564215));
#2867=CARTESIAN_POINT('',(14.02661534101,-14.59303098196,9.009325642151));
#2868=CARTESIAN_POINT('Origin',(56.3139022462,-11.59303098196,9.009325642151));
#2869=CARTESIAN_POINT('',(14.02661534101,-11.59303098196,6.009325642151));
#2870=CARTESIAN_POINT('Origin',(14.02661534101,-14.59303098196,6.009325642151));
#2871=CARTESIAN_POINT('',(14.02661534101,12.80696901804,6.009325642151));
#2872=CARTESIAN_POINT('Origin',(56.3139022462,12.80696901804,9.009325642151));
#2873=CARTESIAN_POINT('',(14.02661534101,15.80696901804,9.009325642151));
#2874=CARTESIAN_POINT('Origin',(14.02661534101,15.80696901804,6.009325642151));
#2875=UNCERTAINTY_MEASURE_WITH_UNIT(LENGTH_MEASURE(0.01),#2879,
'DISTANCE_ACCURACY_VALUE',
'Maximum model space distance between geometric entities at asserted c
onnectivities');
#2876=UNCERTAINTY_MEASURE_WITH_UNIT(LENGTH_MEASURE(0.01),#2879,
'DISTANCE_ACCURACY_VALUE',
'Maximum model space distance between geometric entities at asserted c
onnectivities');
#2877=(
GEOMETRIC_REPRESENTATION_CONTEXT(3)
GLOBAL_UNCERTAINTY_ASSIGNED_CONTEXT((#2875))
GLOBAL_UNIT_ASSIGNED_CONTEXT((#2879,#2881,#2882))
REPRESENTATION_CONTEXT('','3D')
);
#2878=(
GEOMETRIC_REPRESENTATION_CONTEXT(3)
GLOBAL_UNCERTAINTY_ASSIGNED_CONTEXT((#2876))
GLOBAL_UNIT_ASSIGNED_CONTEXT((#2879,#2881,#2882))
REPRESENTATION_CONTEXT('','3D')
);
#2879=(
LENGTH_UNIT()
NAMED_UNIT(*)
SI_UNIT(.MILLI.,.METRE.)
);
#2880=(
LENGTH_UNIT()
NAMED_UNIT(*)
SI_UNIT($,.METRE.)
);
#2881=(
NAMED_UNIT(*)
PLANE_ANGLE_UNIT()
SI_UNIT($,.RADIAN.)
);
#2882=(
NAMED_UNIT(*)
SI_UNIT($,.STERADIAN.)
SOLID_ANGLE_UNIT()
);
#2883=SHAPE_DEFINITION_REPRESENTATION(#2884,#2885);
#2884=PRODUCT_DEFINITION_SHAPE('',$,#2887);
#2885=SHAPE_REPRESENTATION('',(#1599),#2877);
#2886=PRODUCT_DEFINITION_CONTEXT('part definition',#2891,'design');
#2887=PRODUCT_DEFINITION('2026-07-07-17-52-20-992','1-CLIP',#2888,#2886);
#2888=PRODUCT_DEFINITION_FORMATION('',$,#2893);
#2889=PRODUCT_RELATED_PRODUCT_CATEGORY('1-CLIP','1-CLIP',(#2893));
#2890=APPLICATION_PROTOCOL_DEFINITION('international standard',
'automotive_design',2009,#2891);
#2891=APPLICATION_CONTEXT(
'Core Data for Automotive Mechanical Design Process');
#2892=PRODUCT_CONTEXT('part definition',#2891,'mechanical');
#2893=PRODUCT('2026-07-07-17-52-20-992','1-CLIP','NOT SPECIFIED',(#2892));
#2894=PRESENTATION_STYLE_ASSIGNMENT((#2895));
#2895=SURFACE_STYLE_USAGE(.BOTH.,#2896);
#2896=SURFACE_SIDE_STYLE('',(#2897));
#2897=SURFACE_STYLE_FILL_AREA(#2898);
#2898=FILL_AREA_STYLE('\X2\94A2\X0\ - \X2\7F0E5149\X0\',(#2899));
#2899=FILL_AREA_STYLE_COLOUR('\X2\94A2\X0\ - \X2\7F0E5149\X0\',#2900);
#2900=COLOUR_RGB('\X2\94A2\X0\ - \X2\7F0E5149\X0\',0.627450980392157,0.627450980392157,
0.627450980392157);
ENDSEC;
END-ISO-10303-21;
