ISO-10303-21;
HEADER;
/* Generated by software containing ST-Developer
 * from STEP Tools, Inc. (www.steptools.com) 
 */

FILE_DESCRIPTION(
/* description */ ('NOT SPECIFIED'),
/* implementation_level */ '2;1');

FILE_NAME(
/* name */ '1-COVER.step',
/* time_stamp */ '2026-07-07T17:51:42+08:00',
/* author */ (''),
/* organization */ (''),
/* preprocessor_version */ 'ST-DEVELOPER v20.1',
/* originating_system */ 'Autodesk Translation Framework v15.8.0.0',
/* authorisation */ '');

FILE_SCHEMA (('AUTOMOTIVE_DESIGN { 1 0 10303 214 3 1 1 }'));
ENDSEC;

DATA;
#10=MECHANICAL_DESIGN_GEOMETRIC_PRESENTATION_REPRESENTATION('',(#13),#5803);
#11=SHAPE_REPRESENTATION_RELATIONSHIP('SRR','None',#5810,#12);
#12=ADVANCED_BREP_SHAPE_REPRESENTATION('',(#14),#5802);
#13=STYLED_ITEM('',(#5819),#14);
#14=MANIFOLD_SOLID_BREP('\X2\5B9E4F53\X0\1',#2893);
#15=(
BOUNDED_SURFACE()
B_SPLINE_SURFACE(3,3,((#4399,#4400,#4401,#4402,#4403,#4404,#4405,#4406,
#4407,#4408,#4409,#4410,#4411,#4412,#4413),(#4414,#4415,#4416,#4417,#4418,
#4419,#4420,#4421,#4422,#4423,#4424,#4425,#4426,#4427,#4428),(#4429,#4430,
#4431,#4432,#4433,#4434,#4435,#4436,#4437,#4438,#4439,#4440,#4441,#4442,
#4443),(#4444,#4445,#4446,#4447,#4448,#4449,#4450,#4451,#4452,#4453,#4454,
#4455,#4456,#4457,#4458)),.UNSPECIFIED.,.F.,.F.,.F.)
B_SPLINE_SURFACE_WITH_KNOTS((4,4),(4,1,1,1,1,1,1,1,1,1,1,1,4),(0.,1.),(-0.02404561228135,
0.,0.07643607763468,0.1602149492215,0.2543342223932,0.3552806277713,0.4600642013166,
0.5664947277111,0.671884060515,0.7750480829458,0.8819079675532,1.,1.02422984357),
 .UNSPECIFIED.)
GEOMETRIC_REPRESENTATION_ITEM()
RATIONAL_B_SPLINE_SURFACE(((1.712664118254,1.712664118254,1.712664118254,
1.712664118254,1.712664118254,1.712664118254,1.712664118254,1.712664118254,
1.712664118254,1.712664118254,1.712664118254,1.712664118254,1.712664118254,
1.712664118254,1.712664118254),(0.7624452939152,0.7624452939152,0.7624452939152,
0.7624452939152,0.7624452939152,0.7624452939152,0.7624452939152,0.7624452939152,
0.7624452939152,0.7624452939152,0.7624452939152,0.7624452939152,0.7624452939152,
0.7624452939152,0.7624452939152),(0.7624452939152,0.7624452939152,0.7624452939152,
0.7624452939152,0.7624452939152,0.7624452939152,0.7624452939152,0.7624452939152,
0.7624452939152,0.7624452939152,0.7624452939152,0.7624452939152,0.7624452939152,
0.7624452939152,0.7624452939152),(1.712664118254,1.712664118254,1.712664118254,
1.712664118254,1.712664118254,1.712664118254,1.712664118254,1.712664118254,
1.712664118254,1.712664118254,1.712664118254,1.712664118254,1.712664118254,
1.712664118254,1.712664118254)))
REPRESENTATION_ITEM('')
SURFACE()
);
#16=(
BOUNDED_SURFACE()
B_SPLINE_SURFACE(3,3,((#4534,#4535,#4536,#4537,#4538,#4539,#4540,#4541,
#4542,#4543,#4544,#4545,#4546,#4547,#4548),(#4549,#4550,#4551,#4552,#4553,
#4554,#4555,#4556,#4557,#4558,#4559,#4560,#4561,#4562,#4563),(#4564,#4565,
#4566,#4567,#4568,#4569,#4570,#4571,#4572,#4573,#4574,#4575,#4576,#4577,
#4578),(#4579,#4580,#4581,#4582,#4583,#4584,#4585,#4586,#4587,#4588,#4589,
#4590,#4591,#4592,#4593)),.UNSPECIFIED.,.F.,.F.,.F.)
B_SPLINE_SURFACE_WITH_KNOTS((4,4),(4,1,1,1,1,1,1,1,1,1,1,1,4),(0.,1.),(-0.02424418464937,
0.,0.0966368342697,0.1982746253902,0.3037021133579,0.4103037132909,0.5158433189168,
0.6183068304251,0.7146425506984,0.8052773329606,0.8978348038672,1.,1.024043382407),
 .UNSPECIFIED.)
GEOMETRIC_REPRESENTATION_ITEM()
RATIONAL_B_SPLINE_SURFACE(((1.712664117802,1.712664117802,1.712664117802,
1.712664117802,1.712664117802,1.712664117802,1.712664117802,1.712664117802,
1.712664117802,1.712664117802,1.712664117802,1.712664117802,1.712664117802,
1.712664117802,1.712664117802),(0.7624452940661,0.7624452940661,0.7624452940661,
0.7624452940661,0.7624452940661,0.7624452940661,0.7624452940661,0.7624452940661,
0.7624452940661,0.7624452940661,0.7624452940661,0.7624452940661,0.7624452940661,
0.7624452940661,0.7624452940661),(0.7624452940661,0.7624452940661,0.7624452940661,
0.7624452940661,0.7624452940661,0.7624452940661,0.7624452940661,0.7624452940661,
0.7624452940661,0.7624452940661,0.7624452940661,0.7624452940661,0.7624452940661,
0.7624452940661,0.7624452940661),(1.712664117802,1.712664117802,1.712664117802,
1.712664117802,1.712664117802,1.712664117802,1.712664117802,1.712664117802,
1.712664117802,1.712664117802,1.712664117802,1.712664117802,1.712664117802,
1.712664117802,1.712664117802)))
REPRESENTATION_ITEM('')
SURFACE()
);
#17=(
BOUNDED_SURFACE()
B_SPLINE_SURFACE(3,3,((#4699,#4700,#4701,#4702,#4703,#4704,#4705,#4706,
#4707,#4708),(#4709,#4710,#4711,#4712,#4713,#4714,#4715,#4716,#4717,#4718),
(#4719,#4720,#4721,#4722,#4723,#4724,#4725,#4726,#4727,#4728),(#4729,#4730,
#4731,#4732,#4733,#4734,#4735,#4736,#4737,#4738)),.UNSPECIFIED.,.F.,.F.,
 .F.)
B_SPLINE_SURFACE_WITH_KNOTS((4,4),(4,1,1,1,1,1,1,4),(0.,1.),(-0.02345399687337,
0.,0.1800322396357,0.3639508050686,0.5612272090338,0.7744552643487,1.,1.023165134512),
 .UNSPECIFIED.)
GEOMETRIC_REPRESENTATION_ITEM()
RATIONAL_B_SPLINE_SURFACE(((1.927413817455,1.927413817455,1.927413817455,
1.927413817455,1.927413817455,1.927413817455,1.927413817455,1.927413817455,
1.927413817455,1.927413817455),(0.6908620608485,0.6908620608485,0.6908620608485,
0.6908620608485,0.6908620608485,0.6908620608485,0.6908620608485,0.6908620608485,
0.6908620608485,0.6908620608485),(0.6908620608485,0.6908620608485,0.6908620608485,
0.6908620608485,0.6908620608485,0.6908620608485,0.6908620608485,0.6908620608485,
0.6908620608485,0.6908620608485),(1.927413817455,1.927413817455,1.927413817455,
1.927413817455,1.927413817455,1.927413817455,1.927413817455,1.927413817455,
1.927413817455,1.927413817455)))
REPRESENTATION_ITEM('')
SURFACE()
);
#18=(
BOUNDED_SURFACE()
B_SPLINE_SURFACE(3,3,((#4739,#4740,#4741,#4742,#4743,#4744,#4745,#4746,
#4747,#4748,#4749,#4750,#4751),(#4752,#4753,#4754,#4755,#4756,#4757,#4758,
#4759,#4760,#4761,#4762,#4763,#4764),(#4765,#4766,#4767,#4768,#4769,#4770,
#4771,#4772,#4773,#4774,#4775,#4776,#4777),(#4778,#4779,#4780,#4781,#4782,
#4783,#4784,#4785,#4786,#4787,#4788,#4789,#4790)),.UNSPECIFIED.,.F.,.F.,
 .F.)
B_SPLINE_SURFACE_WITH_KNOTS((4,4),(4,1,1,1,1,1,1,1,1,1,4),(0.,1.),(-0.04627239637029,
0.,0.178059327525,0.3367126272885,0.4782659693669,0.6051534834291,0.7189696967135,
0.8214550822001,0.9144936518186,1.,1.023419019419),.UNSPECIFIED.)
GEOMETRIC_REPRESENTATION_ITEM()
RATIONAL_B_SPLINE_SURFACE(((1.927413814892,1.927413814892,1.927413814892,
1.927413814892,1.927413814892,1.927413814892,1.927413814892,1.927413814892,
1.927413814892,1.927413814892,1.927413814892,1.927413814892,1.927413814892),
(0.6908620617028,0.6908620617028,0.6908620617028,0.6908620617028,0.6908620617028,
0.6908620617028,0.6908620617028,0.6908620617028,0.6908620617028,0.6908620617028,
0.6908620617028,0.6908620617028,0.6908620617028),(0.6908620617028,0.6908620617028,
0.6908620617028,0.6908620617028,0.6908620617028,0.6908620617028,0.6908620617028,
0.6908620617028,0.6908620617028,0.6908620617028,0.6908620617028,0.6908620617028,
0.6908620617028),(1.927413814892,1.927413814892,1.927413814892,1.927413814892,
1.927413814892,1.927413814892,1.927413814892,1.927413814892,1.927413814892,
1.927413814892,1.927413814892,1.927413814892,1.927413814892)))
REPRESENTATION_ITEM('')
SURFACE()
);
#19=(
BOUNDED_SURFACE()
B_SPLINE_SURFACE(3,3,((#5223,#5224,#5225,#5226,#5227,#5228,#5229,#5230,
#5231,#5232,#5233,#5234,#5235,#5236,#5237),(#5238,#5239,#5240,#5241,#5242,
#5243,#5244,#5245,#5246,#5247,#5248,#5249,#5250,#5251,#5252),(#5253,#5254,
#5255,#5256,#5257,#5258,#5259,#5260,#5261,#5262,#5263,#5264,#5265,#5266,
#5267),(#5268,#5269,#5270,#5271,#5272,#5273,#5274,#5275,#5276,#5277,#5278,
#5279,#5280,#5281,#5282)),.UNSPECIFIED.,.F.,.F.,.F.)
B_SPLINE_SURFACE_WITH_KNOTS((4,4),(4,1,1,1,1,1,1,1,1,1,1,1,4),(0.,1.),(-0.0240457215312,
0.,0.07642671920388,0.1608637862502,0.2552585507085,0.3561414043173,0.4606761926261,
0.5667458000212,0.6716172930743,0.7745349299646,0.8815493903053,1.,1.024229949598),
 .UNSPECIFIED.)
GEOMETRIC_REPRESENTATION_ITEM()
RATIONAL_B_SPLINE_SURFACE(((1.712664118825,1.712664118825,1.712664118825,
1.712664118825,1.712664118825,1.712664118825,1.712664118825,1.712664118825,
1.712664118825,1.712664118825,1.712664118825,1.712664118825,1.712664118825,
1.712664118825,1.712664118825),(0.7624452937249,0.7624452937249,0.7624452937249,
0.7624452937249,0.7624452937249,0.7624452937249,0.7624452937249,0.7624452937249,
0.7624452937249,0.7624452937249,0.7624452937249,0.7624452937249,0.7624452937249,
0.7624452937249,0.7624452937249),(0.7624452937249,0.7624452937249,0.7624452937249,
0.7624452937249,0.7624452937249,0.7624452937249,0.7624452937249,0.7624452937249,
0.7624452937249,0.7624452937249,0.7624452937249,0.7624452937249,0.7624452937249,
0.7624452937249,0.7624452937249),(1.712664118825,1.712664118825,1.712664118825,
1.712664118825,1.712664118825,1.712664118825,1.712664118825,1.712664118825,
1.712664118825,1.712664118825,1.712664118825,1.712664118825,1.712664118825,
1.712664118825,1.712664118825)))
REPRESENTATION_ITEM('')
SURFACE()
);
#20=(
BOUNDED_SURFACE()
B_SPLINE_SURFACE(3,3,((#5290,#5291,#5292,#5293,#5294,#5295,#5296,#5297,
#5298,#5299,#5300,#5301,#5302,#5303,#5304),(#5305,#5306,#5307,#5308,#5309,
#5310,#5311,#5312,#5313,#5314,#5315,#5316,#5317,#5318,#5319),(#5320,#5321,
#5322,#5323,#5324,#5325,#5326,#5327,#5328,#5329,#5330,#5331,#5332,#5333,
#5334),(#5335,#5336,#5337,#5338,#5339,#5340,#5341,#5342,#5343,#5344,#5345,
#5346,#5347,#5348,#5349)),.UNSPECIFIED.,.F.,.F.,.F.)
B_SPLINE_SURFACE_WITH_KNOTS((4,4),(4,1,1,1,1,1,1,1,1,1,1,1,4),(0.,1.),(-0.0242441902311,
0.,0.09675677523685,0.1981478410627,0.3034919287294,0.4100761198142,0.5157205134439,
0.6183976569497,0.7151894596423,0.8060002216963,0.8983254688768,1.,1.024043389793),
 .UNSPECIFIED.)
GEOMETRIC_REPRESENTATION_ITEM()
RATIONAL_B_SPLINE_SURFACE(((1.712664118411,1.712664118411,1.712664118411,
1.712664118411,1.712664118411,1.712664118411,1.712664118411,1.712664118411,
1.712664118411,1.712664118411,1.712664118411,1.712664118411,1.712664118411,
1.712664118411,1.712664118411),(0.7624452938629,0.7624452938629,0.7624452938629,
0.7624452938629,0.7624452938629,0.7624452938629,0.7624452938629,0.7624452938629,
0.7624452938629,0.7624452938629,0.7624452938629,0.7624452938629,0.7624452938629,
0.7624452938629,0.7624452938629),(0.7624452938629,0.7624452938629,0.7624452938629,
0.7624452938629,0.7624452938629,0.7624452938629,0.7624452938629,0.7624452938629,
0.7624452938629,0.7624452938629,0.7624452938629,0.7624452938629,0.7624452938629,
0.7624452938629,0.7624452938629),(1.712664118411,1.712664118411,1.712664118411,
1.712664118411,1.712664118411,1.712664118411,1.712664118411,1.712664118411,
1.712664118411,1.712664118411,1.712664118411,1.712664118411,1.712664118411,
1.712664118411,1.712664118411)))
REPRESENTATION_ITEM('')
SURFACE()
);
#21=(
BOUNDED_SURFACE()
B_SPLINE_SURFACE(3,3,((#5361,#5362,#5363,#5364,#5365,#5366,#5367,#5368,
#5369,#5370,#5371,#5372,#5373),(#5374,#5375,#5376,#5377,#5378,#5379,#5380,
#5381,#5382,#5383,#5384,#5385,#5386),(#5387,#5388,#5389,#5390,#5391,#5392,
#5393,#5394,#5395,#5396,#5397,#5398,#5399),(#5400,#5401,#5402,#5403,#5404,
#5405,#5406,#5407,#5408,#5409,#5410,#5411,#5412)),.UNSPECIFIED.,.F.,.F.,
 .F.)
B_SPLINE_SURFACE_WITH_KNOTS((4,4),(4,1,1,1,1,1,1,1,1,1,4),(0.,1.),(-0.04627256763232,
0.,0.1789490742762,0.3381823733976,0.4800316348947,0.6069110117481,0.7204688105242,
0.8225281977368,0.9150455653783,1.,1.023419255),.UNSPECIFIED.)
GEOMETRIC_REPRESENTATION_ITEM()
RATIONAL_B_SPLINE_SURFACE(((1.927413815756,1.927413815756,1.927413815756,
1.927413815756,1.927413815756,1.927413815756,1.927413815756,1.927413815756,
1.927413815756,1.927413815756,1.927413815756,1.927413815756,1.927413815756),
(0.6908620614147,0.6908620614147,0.6908620614147,0.6908620614147,0.6908620614147,
0.6908620614147,0.6908620614147,0.6908620614147,0.6908620614147,0.6908620614147,
0.6908620614147,0.6908620614147,0.6908620614147),(0.6908620614147,0.6908620614147,
0.6908620614147,0.6908620614147,0.6908620614147,0.6908620614147,0.6908620614147,
0.6908620614147,0.6908620614147,0.6908620614147,0.6908620614147,0.6908620614147,
0.6908620614147),(1.927413815756,1.927413815756,1.927413815756,1.927413815756,
1.927413815756,1.927413815756,1.927413815756,1.927413815756,1.927413815756,
1.927413815756,1.927413815756,1.927413815756,1.927413815756)))
REPRESENTATION_ITEM('')
SURFACE()
);
#22=(
BOUNDED_SURFACE()
B_SPLINE_SURFACE(3,3,((#5459,#5460,#5461,#5462,#5463,#5464,#5465,#5466,
#5467,#5468),(#5469,#5470,#5471,#5472,#5473,#5474,#5475,#5476,#5477,#5478),
(#5479,#5480,#5481,#5482,#5483,#5484,#5485,#5486,#5487,#5488),(#5489,#5490,
#5491,#5492,#5493,#5494,#5495,#5496,#5497,#5498)),.UNSPECIFIED.,.F.,.F.,
 .F.)
B_SPLINE_SURFACE_WITH_KNOTS((4,4),(4,1,1,1,1,1,1,4),(0.,1.),(-0.02345395942771,
0.,0.180429260179,0.3646051908597,0.5608160994129,0.7717250296673,1.,1.023165014166),
 .UNSPECIFIED.)
GEOMETRIC_REPRESENTATION_ITEM()
RATIONAL_B_SPLINE_SURFACE(((1.927413819339,1.927413819339,1.927413819339,
1.927413819339,1.927413819339,1.927413819339,1.927413819339,1.927413819339,
1.927413819339,1.927413819339),(0.6908620602204,0.6908620602204,0.6908620602204,
0.6908620602204,0.6908620602204,0.6908620602204,0.6908620602204,0.6908620602204,
0.6908620602204,0.6908620602204),(0.6908620602204,0.6908620602204,0.6908620602204,
0.6908620602204,0.6908620602204,0.6908620602204,0.6908620602204,0.6908620602204,
0.6908620602204,0.6908620602204),(1.927413819339,1.927413819339,1.927413819339,
1.927413819339,1.927413819339,1.927413819339,1.927413819339,1.927413819339,
1.927413819339,1.927413819339)))
REPRESENTATION_ITEM('')
SURFACE()
);
#23=TOROIDAL_SURFACE('',#2966,1.5,0.5);
#24=TOROIDAL_SURFACE('',#2971,1.5,0.5);
#25=TOROIDAL_SURFACE('',#3198,1.5,0.5);
#26=TOROIDAL_SURFACE('',#3205,1.5,0.5);
#27=CONICAL_SURFACE('',#2946,2.35,0.785398163397448);
#28=CONICAL_SURFACE('',#2954,2.35,0.785398163397448);
#29=CONICAL_SURFACE('',#3030,1.249999998197,0.785398163397448);
#30=CONICAL_SURFACE('',#3033,1.249999998741,0.785398163397448);
#31=CONICAL_SURFACE('',#3036,1.249999999424,0.785398163397448);
#32=CONICAL_SURFACE('',#3098,1.249999998197,0.785398163397448);
#33=CONICAL_SURFACE('',#3101,1.249999999424,0.785398163397448);
#34=CONICAL_SURFACE('',#3104,1.249999998741,0.785398163397448);
#35=CONICAL_SURFACE('',#3110,1.249999998741,0.785398163397448);
#36=CONICAL_SURFACE('',#3113,1.249999999424,0.785398163397448);
#37=CONICAL_SURFACE('',#3116,1.249999998197,0.785398163397448);
#38=CONICAL_SURFACE('',#3128,1.249999998741,0.785398163397448);
#39=CONICAL_SURFACE('',#3130,1.249999998197,0.785398163397448);
#40=CONICAL_SURFACE('',#3133,1.249999999424,0.785398163397448);
#41=CONICAL_SURFACE('',#3138,1.249999998197,0.785398163397448);
#42=CONICAL_SURFACE('',#3141,1.249999999424,0.785398163397448);
#43=CONICAL_SURFACE('',#3144,1.249999998741,0.785398163397448);
#44=CONICAL_SURFACE('',#3150,1.249999998741,0.785398163397448);
#45=CONICAL_SURFACE('',#3153,1.249999999424,0.785398163397448);
#46=CONICAL_SURFACE('',#3156,1.249999998197,0.785398163397448);
#47=CONICAL_SURFACE('',#3168,1.249999998741,0.785398163397448);
#48=CONICAL_SURFACE('',#3171,1.249999998197,0.785398163397448);
#49=CONICAL_SURFACE('',#3174,1.249999999424,0.785398163397448);
#50=CONICAL_SURFACE('',#3180,1.249999999424,0.785398163397448);
#51=CONICAL_SURFACE('',#3183,1.249999998197,0.785398163397448);
#52=CONICAL_SURFACE('',#3186,1.249999998741,0.785398163397448);
#53=B_SPLINE_CURVE_WITH_KNOTS('',3,(#4171,#4172,#4173,#4174,#4175,#4176,
#4177,#4178,#4179,#4180,#4181,#4182,#4183,#4184,#4185,#4186,#4187,#4188,
#4189,#4190,#4191,#4192,#4193,#4194,#4195,#4196,#4197,#4198,#4199,#4200,
#4201,#4202,#4203,#4204,#4205,#4206,#4207,#4208,#4209,#4210,#4211,#4212,
#4213,#4214,#4215,#4216,#4217,#4218,#4219,#4220,#4221,#4222),
 .UNSPECIFIED.,.F.,.F.,(4,3,3,3,3,3,3,3,3,3,3,3,3,3,3,3,3,4),(0.,0.0660227174727214,
0.133011358736361,0.2,0.261326082242748,0.322893527091069,0.384180567393483,
0.4,0.474196206639893,0.545595178826046,0.6,0.660812911193328,0.722292863859629,
0.785061792966901,0.8,0.867517186466179,0.935910559152439,0.999999930595141),
 .UNSPECIFIED.);
#54=B_SPLINE_CURVE_WITH_KNOTS('',3,(#4319,#4320,#4321,#4322,#4323,#4324,
#4325,#4326,#4327,#4328,#4329,#4330,#4331,#4332,#4333,#4334,#4335,#4336,
#4337,#4338,#4339,#4340,#4341,#4342,#4343,#4344,#4345,#4346,#4347,#4348,
#4349,#4350,#4351,#4352,#4353,#4354,#4355,#4356,#4357,#4358,#4359,#4360,
#4361,#4362,#4363,#4364,#4365,#4366,#4367),.UNSPECIFIED.,.F.,.F.,(4,3,3,
3,3,3,3,3,3,3,3,3,3,3,3,3,4),(0.,0.064917400005979,0.13245870000299,0.2,
0.263229981350445,0.326697903541326,0.389853163251417,0.4,0.478335513720021,
0.55427489020297,0.6,0.68506744025011,0.765807617388276,0.8,0.874453271661382,
0.946380280024933,0.999999931640999),.UNSPECIFIED.);
#55=B_SPLINE_CURVE_WITH_KNOTS('',3,(#4462,#4463,#4464,#4465,#4466,#4467,
#4468,#4469,#4470,#4471,#4472,#4473,#4474,#4475,#4476,#4477,#4478,#4479,
#4480,#4481,#4482,#4483,#4484,#4485,#4486,#4487,#4488,#4489,#4490,#4491,
#4492,#4493,#4494,#4495,#4496,#4497,#4498,#4499,#4500,#4501,#4502,#4503,
#4504,#4505,#4506,#4507,#4508,#4509,#4510,#4511,#4512,#4513,#4514,#4515,
#4516,#4517,#4518,#4519,#4520,#4521,#4522,#4523,#4524,#4525,#4526,#4527,
#4528),.UNSPECIFIED.,.F.,.F.,(4,3,3,3,3,3,3,3,3,3,3,3,3,3,3,3,3,3,3,3,3,
3,4),(0.,0.0769594024707533,0.1,0.150108590053291,0.2,0.252520566756326,
0.3,0.365304096662946,0.4,0.466640284184502,0.5,0.558723633030261,0.6,0.657115998947685,
0.7,0.746133268646825,0.79146859208845,0.8,0.840270259944252,0.878955499228803,
0.9,0.95661551221843,1.),.UNSPECIFIED.);
#56=B_SPLINE_CURVE_WITH_KNOTS('',3,(#4604,#4605,#4606,#4607,#4608,#4609,
#4610,#4611,#4612,#4613,#4614,#4615,#4616,#4617,#4618,#4619,#4620,#4621,
#4622,#4623,#4624,#4625,#4626,#4627,#4628,#4629,#4630,#4631,#4632,#4633,
#4634,#4635,#4636,#4637,#4638,#4639,#4640,#4641,#4642,#4643,#4644,#4645,
#4646,#4647,#4648,#4649),.UNSPECIFIED.,.F.,.F.,(4,3,3,3,3,3,3,3,3,3,3,3,
3,3,3,4),(0.,0.0820134505393506,0.164053329869896,0.2,0.268327206070985,
0.336306226015275,0.4,0.490235746893609,0.579974250901521,0.6,0.666447693332223,
0.733223846666112,0.8,0.888227009838848,0.976275150824743,1.),
 .UNSPECIFIED.);
#57=B_SPLINE_CURVE_WITH_KNOTS('',3,(#4650,#4651,#4652,#4653,#4654,#4655,
#4656,#4657,#4658,#4659,#4660,#4661,#4662,#4663,#4664,#4665,#4666,#4667,
#4668,#4669,#4670,#4671,#4672,#4673,#4674,#4675,#4676,#4677,#4678,#4679,
#4680,#4681,#4682,#4683,#4684,#4685,#4686,#4687,#4688,#4689,#4690,#4691,
#4692,#4693,#4694,#4695,#4696,#4697,#4698),.UNSPECIFIED.,.F.,.F.,(4,3,3,
3,3,3,3,3,3,3,3,3,3,3,3,3,4),(0.,0.0625,0.125,0.189971145959789,0.25,0.317872234280756,
0.375,0.449374094829434,0.5,0.57412239023129,0.625,0.70062870633411,0.75,
0.820806896196581,0.875,0.968857056864881,1.),.UNSPECIFIED.);
#58=B_SPLINE_CURVE_WITH_KNOTS('',3,(#4794,#4795,#4796,#4797,#4798,#4799,
#4800,#4801,#4802,#4803,#4804,#4805,#4806,#4807,#4808,#4809,#4810,#4811,
#4812,#4813,#4814,#4815,#4816,#4817,#4818,#4819,#4820,#4821,#4822,#4823,
#4824,#4825,#4826,#4827,#4828,#4829,#4830,#4831,#4832,#4833,#4834,#4835,
#4836,#4837,#4838,#4839,#4840,#4841,#4842,#4843,#4844,#4845,#4846,#4847,
#4848,#4849,#4850,#4851),.UNSPECIFIED.,.F.,.F.,(4,3,3,3,3,3,3,3,3,3,3,3,
3,3,3,3,3,3,3,4),(5.6667654763155E-8,0.0529256356556501,0.108809485209247,
0.125,0.181578738105707,0.241153688032382,0.25,0.306857544842067,0.366187885698798,
0.375,0.4375,0.5,0.5625,0.625,0.688450322798437,0.75,0.813490605124121,
0.875,0.949519298921923,1.),.UNSPECIFIED.);
#59=B_SPLINE_CURVE_WITH_KNOTS('',3,(#5093,#5094,#5095,#5096,#5097,#5098,
#5099,#5100,#5101,#5102,#5103,#5104,#5105,#5106,#5107,#5108,#5109,#5110,
#5111,#5112,#5113,#5114,#5115,#5116,#5117,#5118,#5119,#5120,#5121,#5122,
#5123,#5124,#5125,#5126,#5127,#5128,#5129,#5130,#5131,#5132,#5133,#5134,
#5135,#5136,#5137,#5138,#5139,#5140,#5141,#5142,#5143,#5144,#5145,#5146,
#5147,#5148,#5149,#5150),.UNSPECIFIED.,.F.,.F.,(4,3,3,3,3,3,3,3,3,3,3,3,
3,3,3,3,3,3,3,4),(5.67055830727125E-8,0.0525643503578203,0.108076628242319,
0.125,0.18122281287523,0.240433519742369,0.25,0.306649770587756,0.365826830465445,
0.375,0.4375,0.5,0.5625,0.625,0.688076551464866,0.75,0.813045992580678,
0.875,0.950122586558206,1.),.UNSPECIFIED.);
#60=B_SPLINE_CURVE_WITH_KNOTS('',3,(#5153,#5154,#5155,#5156,#5157,#5158,
#5159,#5160,#5161,#5162,#5163,#5164,#5165,#5166,#5167,#5168,#5169,#5170,
#5171,#5172,#5173,#5174,#5175,#5176,#5177,#5178,#5179,#5180,#5181,#5182,
#5183,#5184,#5185,#5186,#5187,#5188,#5189,#5190,#5191,#5192,#5193,#5194,
#5195,#5196,#5197,#5198,#5199,#5200,#5201,#5202,#5203,#5204,#5205,#5206,
#5207,#5208,#5209,#5210,#5211,#5212,#5213,#5214,#5215,#5216,#5217,#5218,
#5219),.UNSPECIFIED.,.F.,.F.,(4,3,3,3,3,3,3,3,3,3,3,3,3,3,3,3,3,3,3,3,3,
3,4),(0.,0.0890874789801737,0.1,0.153652538838601,0.2,0.253568248204649,
0.3,0.365618127268583,0.4,0.468161301241775,0.5,0.557343568216456,0.6,0.660952554749306,
0.7,0.745953055534065,0.791058354326132,0.8,0.840521970661637,0.879422987263377,
0.9,0.956148750218395,1.),.UNSPECIFIED.);
#61=B_SPLINE_CURVE_WITH_KNOTS('',3,(#5419,#5420,#5421,#5422,#5423,#5424,
#5425,#5426,#5427,#5428,#5429,#5430,#5431,#5432,#5433,#5434,#5435,#5436,
#5437,#5438,#5439,#5440,#5441,#5442,#5443,#5444,#5445,#5446,#5447,#5448,
#5449,#5450,#5451,#5452,#5453,#5454,#5455,#5456,#5457,#5458),
 .UNSPECIFIED.,.F.,.F.,(4,3,3,3,3,3,3,3,3,3,3,3,3,4),(0.,0.0842864191795689,
0.168603488553162,0.2,0.271223681913058,0.342128494097076,0.4,0.481822789318853,
0.563345019048642,0.6,0.71410990990354,0.8,0.903155180794184,1.),
 .UNSPECIFIED.);
#62=ELLIPSE('',#2929,4.94693876999546,3.49699210736427);
#63=ELLIPSE('',#2930,4.24264068711929,3.);
#64=ELLIPSE('',#2931,2.82842712474619,2.);
#65=ELLIPSE('',#2960,4.94859831641493,3.4992258443465);
#66=ELLIPSE('',#2961,4.24264068711929,3.);
#67=ELLIPSE('',#2962,2.82842712474619,2.);
#68=ELLIPSE('',#2976,5.31397633371021,3.9985000269144);
#69=ELLIPSE('',#2979,5.31569776929459,4.00087390545921);
#70=ELLIPSE('',#3018,4.24264068711929,3.);
#71=ELLIPSE('',#3020,2.82842712474619,2.);
#72=ELLIPSE('',#3061,4.24264068711929,3.);
#73=ELLIPSE('',#3064,2.82842712474619,2.);
#74=ELLIPSE('',#3070,5.31392474527212,3.99843597271558);
#75=ELLIPSE('',#3072,5.31618621456872,4.00152754138611);
#76=ELLIPSE('',#3079,6.72686768139412,5.00002053507433);
#77=CYLINDRICAL_SURFACE('',#2922,0.5);
#78=CYLINDRICAL_SURFACE('',#2932,0.5);
#79=CYLINDRICAL_SURFACE('',#2942,3.25);
#80=CYLINDRICAL_SURFACE('',#2958,3.25);
#81=CYLINDRICAL_SURFACE('',#2963,0.5);
#82=CYLINDRICAL_SURFACE('',#2969,0.5);
#83=CYLINDRICAL_SURFACE('',#2974,0.5);
#84=CYLINDRICAL_SURFACE('',#2978,4.);
#85=CYLINDRICAL_SURFACE('',#2981,0.5);
#86=CYLINDRICAL_SURFACE('',#2984,5.);
#87=CYLINDRICAL_SURFACE('',#2987,0.5);
#88=CYLINDRICAL_SURFACE('',#2992,9.8);
#89=CYLINDRICAL_SURFACE('',#2994,9.8);
#90=CYLINDRICAL_SURFACE('',#2999,10.2);
#91=CYLINDRICAL_SURFACE('',#3001,10.2);
#92=CYLINDRICAL_SURFACE('',#3017,3.);
#93=CYLINDRICAL_SURFACE('',#3022,2.);
#94=CYLINDRICAL_SURFACE('',#3023,1.);
#95=CYLINDRICAL_SURFACE('',#3025,1.);
#96=CYLINDRICAL_SURFACE('',#3026,0.5);
#97=CYLINDRICAL_SURFACE('',#3038,1.);
#98=CYLINDRICAL_SURFACE('',#3041,1.);
#99=CYLINDRICAL_SURFACE('',#3044,1.);
#100=CYLINDRICAL_SURFACE('',#3045,1.);
#101=CYLINDRICAL_SURFACE('',#3060,3.);
#102=CYLINDRICAL_SURFACE('',#3063,2.);
#103=CYLINDRICAL_SURFACE('',#3066,0.5);
#104=CYLINDRICAL_SURFACE('',#3071,4.);
#105=CYLINDRICAL_SURFACE('',#3074,0.5);
#106=CYLINDRICAL_SURFACE('',#3077,0.5);
#107=CYLINDRICAL_SURFACE('',#3081,5.);
#108=CYLINDRICAL_SURFACE('',#3083,0.5);
#109=CYLINDRICAL_SURFACE('',#3097,0.5);
#110=CYLINDRICAL_SURFACE('',#3118,1.);
#111=CYLINDRICAL_SURFACE('',#3121,1.);
#112=CYLINDRICAL_SURFACE('',#3124,1.);
#113=CYLINDRICAL_SURFACE('',#3125,1.);
#114=CYLINDRICAL_SURFACE('',#3126,1.);
#115=CYLINDRICAL_SURFACE('',#3127,1.);
#116=CYLINDRICAL_SURFACE('',#3136,1.);
#117=CYLINDRICAL_SURFACE('',#3137,1.);
#118=CYLINDRICAL_SURFACE('',#3158,1.);
#119=CYLINDRICAL_SURFACE('',#3161,1.);
#120=CYLINDRICAL_SURFACE('',#3164,1.);
#121=CYLINDRICAL_SURFACE('',#3165,1.);
#122=CYLINDRICAL_SURFACE('',#3166,1.);
#123=CYLINDRICAL_SURFACE('',#3167,1.);
#124=CYLINDRICAL_SURFACE('',#3188,1.);
#125=CYLINDRICAL_SURFACE('',#3191,1.);
#126=CYLINDRICAL_SURFACE('',#3194,1.);
#127=CYLINDRICAL_SURFACE('',#3195,1.);
#128=CYLINDRICAL_SURFACE('',#3196,1.);
#129=CYLINDRICAL_SURFACE('',#3197,1.);
#130=CYLINDRICAL_SURFACE('',#3201,1.);
#131=CYLINDRICAL_SURFACE('',#3203,0.5);
#132=CYLINDRICAL_SURFACE('',#3207,1.);
#133=FACE_BOUND('',#322,.T.);
#134=FACE_BOUND('',#323,.T.);
#135=FACE_BOUND('',#324,.T.);
#136=FACE_BOUND('',#325,.T.);
#137=FACE_BOUND('',#332,.T.);
#138=FACE_BOUND('',#333,.T.);
#139=FACE_BOUND('',#336,.T.);
#140=FACE_BOUND('',#339,.T.);
#141=FACE_BOUND('',#340,.T.);
#142=FACE_BOUND('',#343,.T.);
#143=FACE_BOUND('',#369,.T.);
#144=FACE_BOUND('',#370,.T.);
#145=FACE_BOUND('',#371,.T.);
#146=FACE_BOUND('',#372,.T.);
#147=FACE_BOUND('',#398,.T.);
#148=FACE_BOUND('',#399,.T.);
#149=FACE_BOUND('',#400,.T.);
#150=FACE_BOUND('',#401,.T.);
#151=FACE_BOUND('',#418,.T.);
#152=FACE_BOUND('',#419,.T.);
#153=FACE_BOUND('',#420,.T.);
#154=FACE_BOUND('',#421,.T.);
#155=FACE_OUTER_BOUND('',#321,.T.);
#156=FACE_OUTER_BOUND('',#326,.T.);
#157=FACE_OUTER_BOUND('',#327,.T.);
#158=FACE_OUTER_BOUND('',#328,.T.);
#159=FACE_OUTER_BOUND('',#329,.T.);
#160=FACE_OUTER_BOUND('',#330,.T.);
#161=FACE_OUTER_BOUND('',#331,.T.);
#162=FACE_OUTER_BOUND('',#334,.T.);
#163=FACE_OUTER_BOUND('',#335,.T.);
#164=FACE_OUTER_BOUND('',#337,.T.);
#165=FACE_OUTER_BOUND('',#338,.T.);
#166=FACE_OUTER_BOUND('',#341,.T.);
#167=FACE_OUTER_BOUND('',#342,.T.);
#168=FACE_OUTER_BOUND('',#344,.T.);
#169=FACE_OUTER_BOUND('',#345,.T.);
#170=FACE_OUTER_BOUND('',#346,.T.);
#171=FACE_OUTER_BOUND('',#347,.T.);
#172=FACE_OUTER_BOUND('',#348,.T.);
#173=FACE_OUTER_BOUND('',#349,.T.);
#174=FACE_OUTER_BOUND('',#350,.T.);
#175=FACE_OUTER_BOUND('',#351,.T.);
#176=FACE_OUTER_BOUND('',#352,.T.);
#177=FACE_OUTER_BOUND('',#353,.T.);
#178=FACE_OUTER_BOUND('',#354,.T.);
#179=FACE_OUTER_BOUND('',#355,.T.);
#180=FACE_OUTER_BOUND('',#356,.T.);
#181=FACE_OUTER_BOUND('',#357,.T.);
#182=FACE_OUTER_BOUND('',#358,.T.);
#183=FACE_OUTER_BOUND('',#359,.T.);
#184=FACE_OUTER_BOUND('',#360,.T.);
#185=FACE_OUTER_BOUND('',#361,.T.);
#186=FACE_OUTER_BOUND('',#362,.T.);
#187=FACE_OUTER_BOUND('',#363,.T.);
#188=FACE_OUTER_BOUND('',#364,.T.);
#189=FACE_OUTER_BOUND('',#365,.T.);
#190=FACE_OUTER_BOUND('',#366,.T.);
#191=FACE_OUTER_BOUND('',#367,.T.);
#192=FACE_OUTER_BOUND('',#368,.T.);
#193=FACE_OUTER_BOUND('',#373,.T.);
#194=FACE_OUTER_BOUND('',#374,.T.);
#195=FACE_OUTER_BOUND('',#375,.T.);
#196=FACE_OUTER_BOUND('',#376,.T.);
#197=FACE_OUTER_BOUND('',#377,.T.);
#198=FACE_OUTER_BOUND('',#378,.T.);
#199=FACE_OUTER_BOUND('',#379,.T.);
#200=FACE_OUTER_BOUND('',#380,.T.);
#201=FACE_OUTER_BOUND('',#381,.T.);
#202=FACE_OUTER_BOUND('',#382,.T.);
#203=FACE_OUTER_BOUND('',#383,.T.);
#204=FACE_OUTER_BOUND('',#384,.T.);
#205=FACE_OUTER_BOUND('',#385,.T.);
#206=FACE_OUTER_BOUND('',#386,.T.);
#207=FACE_OUTER_BOUND('',#387,.T.);
#208=FACE_OUTER_BOUND('',#388,.T.);
#209=FACE_OUTER_BOUND('',#389,.T.);
#210=FACE_OUTER_BOUND('',#390,.T.);
#211=FACE_OUTER_BOUND('',#391,.T.);
#212=FACE_OUTER_BOUND('',#392,.T.);
#213=FACE_OUTER_BOUND('',#393,.T.);
#214=FACE_OUTER_BOUND('',#394,.T.);
#215=FACE_OUTER_BOUND('',#395,.T.);
#216=FACE_OUTER_BOUND('',#396,.T.);
#217=FACE_OUTER_BOUND('',#397,.T.);
#218=FACE_OUTER_BOUND('',#402,.T.);
#219=FACE_OUTER_BOUND('',#403,.T.);
#220=FACE_OUTER_BOUND('',#404,.T.);
#221=FACE_OUTER_BOUND('',#405,.T.);
#222=FACE_OUTER_BOUND('',#406,.T.);
#223=FACE_OUTER_BOUND('',#407,.T.);
#224=FACE_OUTER_BOUND('',#408,.T.);
#225=FACE_OUTER_BOUND('',#409,.T.);
#226=FACE_OUTER_BOUND('',#410,.T.);
#227=FACE_OUTER_BOUND('',#411,.T.);
#228=FACE_OUTER_BOUND('',#412,.T.);
#229=FACE_OUTER_BOUND('',#413,.T.);
#230=FACE_OUTER_BOUND('',#414,.T.);
#231=FACE_OUTER_BOUND('',#415,.T.);
#232=FACE_OUTER_BOUND('',#416,.T.);
#233=FACE_OUTER_BOUND('',#417,.T.);
#234=FACE_OUTER_BOUND('',#422,.T.);
#235=FACE_OUTER_BOUND('',#423,.T.);
#236=FACE_OUTER_BOUND('',#424,.T.);
#237=FACE_OUTER_BOUND('',#425,.T.);
#238=FACE_OUTER_BOUND('',#426,.T.);
#239=FACE_OUTER_BOUND('',#427,.T.);
#240=FACE_OUTER_BOUND('',#428,.T.);
#241=FACE_OUTER_BOUND('',#429,.T.);
#242=FACE_OUTER_BOUND('',#430,.T.);
#243=FACE_OUTER_BOUND('',#431,.T.);
#244=FACE_OUTER_BOUND('',#432,.T.);
#245=FACE_OUTER_BOUND('',#433,.T.);
#246=FACE_OUTER_BOUND('',#434,.T.);
#247=FACE_OUTER_BOUND('',#435,.T.);
#248=FACE_OUTER_BOUND('',#436,.T.);
#249=FACE_OUTER_BOUND('',#437,.T.);
#250=FACE_OUTER_BOUND('',#438,.T.);
#251=FACE_OUTER_BOUND('',#439,.T.);
#252=FACE_OUTER_BOUND('',#440,.T.);
#253=FACE_OUTER_BOUND('',#441,.T.);
#254=FACE_OUTER_BOUND('',#442,.T.);
#255=FACE_OUTER_BOUND('',#443,.T.);
#256=FACE_OUTER_BOUND('',#444,.T.);
#257=FACE_OUTER_BOUND('',#445,.T.);
#258=FACE_OUTER_BOUND('',#446,.T.);
#259=FACE_OUTER_BOUND('',#447,.T.);
#260=FACE_OUTER_BOUND('',#448,.T.);
#261=FACE_OUTER_BOUND('',#449,.T.);
#262=FACE_OUTER_BOUND('',#450,.T.);
#263=FACE_OUTER_BOUND('',#451,.T.);
#264=FACE_OUTER_BOUND('',#452,.T.);
#265=FACE_OUTER_BOUND('',#453,.T.);
#266=FACE_OUTER_BOUND('',#454,.T.);
#267=FACE_OUTER_BOUND('',#455,.T.);
#268=FACE_OUTER_BOUND('',#456,.T.);
#269=FACE_OUTER_BOUND('',#457,.T.);
#270=FACE_OUTER_BOUND('',#458,.T.);
#271=FACE_OUTER_BOUND('',#459,.T.);
#272=FACE_OUTER_BOUND('',#460,.T.);
#273=FACE_OUTER_BOUND('',#461,.T.);
#274=FACE_OUTER_BOUND('',#462,.T.);
#275=FACE_OUTER_BOUND('',#463,.T.);
#276=FACE_OUTER_BOUND('',#464,.T.);
#277=FACE_OUTER_BOUND('',#465,.T.);
#278=FACE_OUTER_BOUND('',#466,.T.);
#279=FACE_OUTER_BOUND('',#467,.T.);
#280=FACE_OUTER_BOUND('',#468,.T.);
#281=FACE_OUTER_BOUND('',#469,.T.);
#282=FACE_OUTER_BOUND('',#470,.T.);
#283=FACE_OUTER_BOUND('',#471,.T.);
#284=FACE_OUTER_BOUND('',#472,.T.);
#285=FACE_OUTER_BOUND('',#473,.T.);
#286=FACE_OUTER_BOUND('',#474,.T.);
#287=FACE_OUTER_BOUND('',#475,.T.);
#288=FACE_OUTER_BOUND('',#476,.T.);
#289=FACE_OUTER_BOUND('',#477,.T.);
#290=FACE_OUTER_BOUND('',#478,.T.);
#291=FACE_OUTER_BOUND('',#479,.T.);
#292=FACE_OUTER_BOUND('',#480,.T.);
#293=FACE_OUTER_BOUND('',#481,.T.);
#294=FACE_OUTER_BOUND('',#482,.T.);
#295=FACE_OUTER_BOUND('',#483,.T.);
#296=FACE_OUTER_BOUND('',#484,.T.);
#297=FACE_OUTER_BOUND('',#485,.T.);
#298=FACE_OUTER_BOUND('',#486,.T.);
#299=FACE_OUTER_BOUND('',#487,.T.);
#300=FACE_OUTER_BOUND('',#488,.T.);
#301=FACE_OUTER_BOUND('',#489,.T.);
#302=FACE_OUTER_BOUND('',#490,.T.);
#303=FACE_OUTER_BOUND('',#491,.T.);
#304=FACE_OUTER_BOUND('',#492,.T.);
#305=FACE_OUTER_BOUND('',#493,.T.);
#306=FACE_OUTER_BOUND('',#494,.T.);
#307=FACE_OUTER_BOUND('',#495,.T.);
#308=FACE_OUTER_BOUND('',#496,.T.);
#309=FACE_OUTER_BOUND('',#497,.T.);
#310=FACE_OUTER_BOUND('',#498,.T.);
#311=FACE_OUTER_BOUND('',#499,.T.);
#312=FACE_OUTER_BOUND('',#500,.T.);
#313=FACE_OUTER_BOUND('',#501,.T.);
#314=FACE_OUTER_BOUND('',#502,.T.);
#315=FACE_OUTER_BOUND('',#503,.T.);
#316=FACE_OUTER_BOUND('',#504,.T.);
#317=FACE_OUTER_BOUND('',#505,.T.);
#318=FACE_OUTER_BOUND('',#506,.T.);
#319=FACE_OUTER_BOUND('',#507,.T.);
#320=FACE_OUTER_BOUND('',#508,.T.);
#321=EDGE_LOOP('',(#1827,#1828,#1829,#1830,#1831,#1832,#1833,#1834));
#322=EDGE_LOOP('',(#1835,#1836,#1837,#1838,#1839,#1840));
#323=EDGE_LOOP('',(#1841,#1842,#1843,#1844,#1845,#1846));
#324=EDGE_LOOP('',(#1847,#1848,#1849,#1850,#1851,#1852));
#325=EDGE_LOOP('',(#1853,#1854,#1855,#1856,#1857,#1858));
#326=EDGE_LOOP('',(#1859,#1860,#1861,#1862));
#327=EDGE_LOOP('',(#1863,#1864,#1865,#1866,#1867));
#328=EDGE_LOOP('',(#1868,#1869,#1870,#1871,#1872));
#329=EDGE_LOOP('',(#1873,#1874,#1875,#1876,#1877,#1878,#1879,#1880,#1881,
#1882,#1883,#1884));
#330=EDGE_LOOP('',(#1885,#1886,#1887,#1888));
#331=EDGE_LOOP('',(#1889,#1890,#1891,#1892,#1893,#1894,#1895,#1896,#1897,
#1898,#1899,#1900));
#332=EDGE_LOOP('',(#1901));
#333=EDGE_LOOP('',(#1902));
#334=EDGE_LOOP('',(#1903,#1904,#1905,#1906));
#335=EDGE_LOOP('',(#1907));
#336=EDGE_LOOP('',(#1908));
#337=EDGE_LOOP('',(#1909,#1910,#1911,#1912));
#338=EDGE_LOOP('',(#1913,#1914,#1915,#1916,#1917,#1918,#1919,#1920,#1921,
#1922,#1923,#1924));
#339=EDGE_LOOP('',(#1925));
#340=EDGE_LOOP('',(#1926));
#341=EDGE_LOOP('',(#1927,#1928,#1929,#1930));
#342=EDGE_LOOP('',(#1931));
#343=EDGE_LOOP('',(#1932));
#344=EDGE_LOOP('',(#1933,#1934,#1935,#1936));
#345=EDGE_LOOP('',(#1937,#1938,#1939,#1940,#1941,#1942,#1943,#1944,#1945,
#1946,#1947,#1948));
#346=EDGE_LOOP('',(#1949,#1950,#1951,#1952));
#347=EDGE_LOOP('',(#1953,#1954,#1955,#1956));
#348=EDGE_LOOP('',(#1957,#1958,#1959,#1960));
#349=EDGE_LOOP('',(#1961,#1962,#1963,#1964));
#350=EDGE_LOOP('',(#1965,#1966,#1967,#1968));
#351=EDGE_LOOP('',(#1969,#1970,#1971,#1972));
#352=EDGE_LOOP('',(#1973,#1974,#1975,#1976));
#353=EDGE_LOOP('',(#1977,#1978,#1979,#1980));
#354=EDGE_LOOP('',(#1981,#1982,#1983,#1984));
#355=EDGE_LOOP('',(#1985,#1986,#1987,#1988));
#356=EDGE_LOOP('',(#1989,#1990,#1991,#1992));
#357=EDGE_LOOP('',(#1993,#1994,#1995,#1996));
#358=EDGE_LOOP('',(#1997,#1998,#1999,#2000));
#359=EDGE_LOOP('',(#2001,#2002,#2003,#2004));
#360=EDGE_LOOP('',(#2005,#2006,#2007,#2008,#2009));
#361=EDGE_LOOP('',(#2010,#2011,#2012,#2013,#2014));
#362=EDGE_LOOP('',(#2015,#2016,#2017,#2018));
#363=EDGE_LOOP('',(#2019,#2020,#2021,#2022));
#364=EDGE_LOOP('',(#2023,#2024,#2025,#2026));
#365=EDGE_LOOP('',(#2027,#2028,#2029,#2030));
#366=EDGE_LOOP('',(#2031,#2032,#2033,#2034));
#367=EDGE_LOOP('',(#2035,#2036,#2037,#2038));
#368=EDGE_LOOP('',(#2039,#2040,#2041,#2042,#2043,#2044,#2045,#2046));
#369=EDGE_LOOP('',(#2047,#2048,#2049,#2050,#2051,#2052));
#370=EDGE_LOOP('',(#2053,#2054,#2055,#2056,#2057,#2058));
#371=EDGE_LOOP('',(#2059,#2060,#2061,#2062,#2063,#2064));
#372=EDGE_LOOP('',(#2065,#2066,#2067,#2068,#2069,#2070));
#373=EDGE_LOOP('',(#2071,#2072,#2073,#2074));
#374=EDGE_LOOP('',(#2075,#2076,#2077,#2078,#2079,#2080,#2081,#2082,#2083,
#2084,#2085,#2086));
#375=EDGE_LOOP('',(#2087,#2088,#2089,#2090));
#376=EDGE_LOOP('',(#2091,#2092,#2093,#2094));
#377=EDGE_LOOP('',(#2095,#2096,#2097,#2098));
#378=EDGE_LOOP('',(#2099,#2100,#2101,#2102));
#379=EDGE_LOOP('',(#2103,#2104,#2105,#2106));
#380=EDGE_LOOP('',(#2107,#2108,#2109,#2110));
#381=EDGE_LOOP('',(#2111,#2112,#2113,#2114));
#382=EDGE_LOOP('',(#2115,#2116,#2117,#2118));
#383=EDGE_LOOP('',(#2119,#2120,#2121,#2122));
#384=EDGE_LOOP('',(#2123,#2124,#2125,#2126));
#385=EDGE_LOOP('',(#2127,#2128,#2129,#2130));
#386=EDGE_LOOP('',(#2131,#2132,#2133,#2134));
#387=EDGE_LOOP('',(#2135,#2136,#2137,#2138));
#388=EDGE_LOOP('',(#2139,#2140,#2141,#2142));
#389=EDGE_LOOP('',(#2143,#2144,#2145,#2146));
#390=EDGE_LOOP('',(#2147,#2148,#2149,#2150));
#391=EDGE_LOOP('',(#2151,#2152,#2153,#2154));
#392=EDGE_LOOP('',(#2155,#2156,#2157,#2158));
#393=EDGE_LOOP('',(#2159,#2160,#2161,#2162));
#394=EDGE_LOOP('',(#2163,#2164,#2165,#2166));
#395=EDGE_LOOP('',(#2167,#2168,#2169,#2170));
#396=EDGE_LOOP('',(#2171,#2172,#2173,#2174));
#397=EDGE_LOOP('',(#2175,#2176,#2177,#2178,#2179,#2180,#2181,#2182));
#398=EDGE_LOOP('',(#2183,#2184,#2185,#2186,#2187,#2188));
#399=EDGE_LOOP('',(#2189,#2190,#2191,#2192,#2193,#2194));
#400=EDGE_LOOP('',(#2195,#2196,#2197,#2198,#2199,#2200));
#401=EDGE_LOOP('',(#2201,#2202,#2203,#2204,#2205,#2206));
#402=EDGE_LOOP('',(#2207,#2208,#2209,#2210));
#403=EDGE_LOOP('',(#2211,#2212,#2213,#2214));
#404=EDGE_LOOP('',(#2215,#2216,#2217,#2218));
#405=EDGE_LOOP('',(#2219,#2220,#2221,#2222,#2223,#2224,#2225,#2226,#2227,
#2228,#2229,#2230));
#406=EDGE_LOOP('',(#2231,#2232,#2233,#2234));
#407=EDGE_LOOP('',(#2235,#2236,#2237,#2238));
#408=EDGE_LOOP('',(#2239,#2240,#2241,#2242));
#409=EDGE_LOOP('',(#2243,#2244,#2245,#2246));
#410=EDGE_LOOP('',(#2247,#2248,#2249,#2250));
#411=EDGE_LOOP('',(#2251,#2252,#2253,#2254));
#412=EDGE_LOOP('',(#2255,#2256,#2257,#2258));
#413=EDGE_LOOP('',(#2259,#2260,#2261,#2262));
#414=EDGE_LOOP('',(#2263,#2264,#2265,#2266));
#415=EDGE_LOOP('',(#2267,#2268,#2269,#2270));
#416=EDGE_LOOP('',(#2271,#2272,#2273,#2274));
#417=EDGE_LOOP('',(#2275,#2276,#2277,#2278,#2279,#2280,#2281,#2282));
#418=EDGE_LOOP('',(#2283,#2284,#2285,#2286,#2287,#2288));
#419=EDGE_LOOP('',(#2289,#2290,#2291,#2292,#2293,#2294));
#420=EDGE_LOOP('',(#2295,#2296,#2297,#2298,#2299,#2300));
#421=EDGE_LOOP('',(#2301,#2302,#2303,#2304,#2305,#2306));
#422=EDGE_LOOP('',(#2307,#2308,#2309,#2310));
#423=EDGE_LOOP('',(#2311,#2312,#2313,#2314));
#424=EDGE_LOOP('',(#2315,#2316,#2317,#2318));
#425=EDGE_LOOP('',(#2319,#2320,#2321,#2322));
#426=EDGE_LOOP('',(#2323,#2324,#2325,#2326));
#427=EDGE_LOOP('',(#2327,#2328,#2329,#2330));
#428=EDGE_LOOP('',(#2331,#2332,#2333,#2334));
#429=EDGE_LOOP('',(#2335,#2336,#2337,#2338));
#430=EDGE_LOOP('',(#2339,#2340,#2341,#2342));
#431=EDGE_LOOP('',(#2343,#2344,#2345,#2346));
#432=EDGE_LOOP('',(#2347,#2348,#2349,#2350));
#433=EDGE_LOOP('',(#2351,#2352,#2353,#2354));
#434=EDGE_LOOP('',(#2355,#2356,#2357,#2358));
#435=EDGE_LOOP('',(#2359,#2360,#2361,#2362));
#436=EDGE_LOOP('',(#2363,#2364,#2365,#2366));
#437=EDGE_LOOP('',(#2367,#2368,#2369,#2370));
#438=EDGE_LOOP('',(#2371,#2372,#2373,#2374));
#439=EDGE_LOOP('',(#2375,#2376,#2377,#2378));
#440=EDGE_LOOP('',(#2379,#2380,#2381,#2382));
#441=EDGE_LOOP('',(#2383,#2384,#2385,#2386));
#442=EDGE_LOOP('',(#2387,#2388,#2389,#2390));
#443=EDGE_LOOP('',(#2391,#2392,#2393,#2394));
#444=EDGE_LOOP('',(#2395,#2396,#2397,#2398));
#445=EDGE_LOOP('',(#2399,#2400,#2401,#2402));
#446=EDGE_LOOP('',(#2403,#2404,#2405,#2406));
#447=EDGE_LOOP('',(#2407,#2408,#2409,#2410));
#448=EDGE_LOOP('',(#2411,#2412,#2413,#2414));
#449=EDGE_LOOP('',(#2415,#2416,#2417,#2418));
#450=EDGE_LOOP('',(#2419,#2420,#2421,#2422));
#451=EDGE_LOOP('',(#2423,#2424,#2425,#2426));
#452=EDGE_LOOP('',(#2427,#2428,#2429,#2430));
#453=EDGE_LOOP('',(#2431,#2432,#2433,#2434));
#454=EDGE_LOOP('',(#2435,#2436,#2437,#2438));
#455=EDGE_LOOP('',(#2439,#2440,#2441,#2442));
#456=EDGE_LOOP('',(#2443,#2444,#2445,#2446));
#457=EDGE_LOOP('',(#2447,#2448,#2449,#2450));
#458=EDGE_LOOP('',(#2451,#2452,#2453,#2454));
#459=EDGE_LOOP('',(#2455,#2456,#2457,#2458));
#460=EDGE_LOOP('',(#2459,#2460,#2461,#2462));
#461=EDGE_LOOP('',(#2463,#2464,#2465,#2466));
#462=EDGE_LOOP('',(#2467,#2468,#2469,#2470));
#463=EDGE_LOOP('',(#2471,#2472,#2473,#2474));
#464=EDGE_LOOP('',(#2475,#2476,#2477,#2478));
#465=EDGE_LOOP('',(#2479,#2480,#2481,#2482));
#466=EDGE_LOOP('',(#2483,#2484,#2485,#2486));
#467=EDGE_LOOP('',(#2487,#2488,#2489,#2490));
#468=EDGE_LOOP('',(#2491,#2492,#2493,#2494));
#469=EDGE_LOOP('',(#2495,#2496,#2497,#2498));
#470=EDGE_LOOP('',(#2499,#2500,#2501,#2502));
#471=EDGE_LOOP('',(#2503,#2504,#2505,#2506));
#472=EDGE_LOOP('',(#2507,#2508,#2509,#2510));
#473=EDGE_LOOP('',(#2511,#2512,#2513,#2514));
#474=EDGE_LOOP('',(#2515,#2516,#2517,#2518));
#475=EDGE_LOOP('',(#2519,#2520,#2521,#2522));
#476=EDGE_LOOP('',(#2523,#2524,#2525,#2526));
#477=EDGE_LOOP('',(#2527,#2528,#2529,#2530));
#478=EDGE_LOOP('',(#2531,#2532,#2533,#2534));
#479=EDGE_LOOP('',(#2535,#2536,#2537,#2538));
#480=EDGE_LOOP('',(#2539,#2540,#2541,#2542));
#481=EDGE_LOOP('',(#2543,#2544,#2545,#2546));
#482=EDGE_LOOP('',(#2547,#2548,#2549,#2550));
#483=EDGE_LOOP('',(#2551,#2552,#2553,#2554));
#484=EDGE_LOOP('',(#2555,#2556,#2557,#2558));
#485=EDGE_LOOP('',(#2559,#2560,#2561,#2562));
#486=EDGE_LOOP('',(#2563,#2564,#2565,#2566));
#487=EDGE_LOOP('',(#2567,#2568,#2569,#2570));
#488=EDGE_LOOP('',(#2571,#2572,#2573,#2574));
#489=EDGE_LOOP('',(#2575,#2576,#2577,#2578));
#490=EDGE_LOOP('',(#2579,#2580,#2581,#2582));
#491=EDGE_LOOP('',(#2583,#2584,#2585,#2586));
#492=EDGE_LOOP('',(#2587,#2588,#2589,#2590));
#493=EDGE_LOOP('',(#2591,#2592,#2593,#2594));
#494=EDGE_LOOP('',(#2595,#2596,#2597,#2598));
#495=EDGE_LOOP('',(#2599,#2600,#2601,#2602));
#496=EDGE_LOOP('',(#2603,#2604,#2605,#2606));
#497=EDGE_LOOP('',(#2607,#2608,#2609,#2610));
#498=EDGE_LOOP('',(#2611,#2612,#2613,#2614));
#499=EDGE_LOOP('',(#2615,#2616,#2617,#2618));
#500=EDGE_LOOP('',(#2619,#2620,#2621,#2622));
#501=EDGE_LOOP('',(#2623,#2624,#2625,#2626));
#502=EDGE_LOOP('',(#2627,#2628,#2629,#2630));
#503=EDGE_LOOP('',(#2631,#2632,#2633,#2634));
#504=EDGE_LOOP('',(#2635,#2636,#2637,#2638));
#505=EDGE_LOOP('',(#2639,#2640,#2641,#2642));
#506=EDGE_LOOP('',(#2643,#2644,#2645,#2646));
#507=EDGE_LOOP('',(#2647,#2648,#2649,#2650));
#508=EDGE_LOOP('',(#2651,#2652,#2653,#2654));
#509=CIRCLE('',#2908,9.8);
#510=CIRCLE('',#2909,10.2);
#511=CIRCLE('',#2910,1.5);
#512=CIRCLE('',#2911,1.5);
#513=CIRCLE('',#2912,1.5);
#514=CIRCLE('',#2913,1.5);
#515=CIRCLE('',#2914,1.5);
#516=CIRCLE('',#2915,1.5);
#517=CIRCLE('',#2916,1.5);
#518=CIRCLE('',#2917,1.5);
#519=CIRCLE('',#2918,1.5);
#520=CIRCLE('',#2919,1.5);
#521=CIRCLE('',#2920,1.5);
#522=CIRCLE('',#2921,1.5);
#523=CIRCLE('',#2923,0.5);
#524=CIRCLE('',#2924,0.5);
#525=CIRCLE('',#2927,0.5);
#526=CIRCLE('',#2933,0.5);
#527=CIRCLE('',#2934,0.5);
#528=CIRCLE('',#2936,1.5);
#529=CIRCLE('',#2937,1.5);
#530=CIRCLE('',#2938,1.5);
#531=CIRCLE('',#2939,1.5);
#532=CIRCLE('',#2940,3.25);
#533=CIRCLE('',#2941,3.25);
#534=CIRCLE('',#2943,3.25);
#535=CIRCLE('',#2945,3.);
#536=CIRCLE('',#2947,1.7);
#537=CIRCLE('',#2949,1.);
#538=CIRCLE('',#2950,1.);
#539=CIRCLE('',#2951,1.);
#540=CIRCLE('',#2952,1.);
#541=CIRCLE('',#2953,1.7);
#542=CIRCLE('',#2955,3.);
#543=CIRCLE('',#2957,3.25);
#544=CIRCLE('',#2964,0.5);
#545=CIRCLE('',#2965,0.5);
#546=CIRCLE('',#2967,1.);
#547=CIRCLE('',#2968,0.5);
#548=CIRCLE('',#2970,0.5);
#549=CIRCLE('',#2972,1.);
#550=CIRCLE('',#2973,0.5);
#551=CIRCLE('',#2975,0.5);
#552=CIRCLE('',#2977,0.5);
#553=CIRCLE('',#2980,0.5);
#554=CIRCLE('',#2982,0.5);
#555=CIRCLE('',#2985,0.5);
#556=CIRCLE('',#2986,0.5);
#557=CIRCLE('',#2988,0.5);
#558=CIRCLE('',#2991,0.5);
#559=CIRCLE('',#2993,9.8);
#560=CIRCLE('',#2995,9.8);
#561=CIRCLE('',#2996,9.8);
#562=CIRCLE('',#3000,10.2);
#563=CIRCLE('',#3002,10.2);
#564=CIRCLE('',#3003,10.2);
#565=CIRCLE('',#3005,1.);
#566=CIRCLE('',#3006,1.);
#567=CIRCLE('',#3007,1.);
#568=CIRCLE('',#3008,1.);
#569=CIRCLE('',#3009,1.);
#570=CIRCLE('',#3010,1.);
#571=CIRCLE('',#3011,1.);
#572=CIRCLE('',#3012,1.);
#573=CIRCLE('',#3013,1.);
#574=CIRCLE('',#3014,1.);
#575=CIRCLE('',#3015,1.);
#576=CIRCLE('',#3016,1.);
#577=CIRCLE('',#3031,1.);
#578=CIRCLE('',#3034,1.);
#579=CIRCLE('',#3037,1.);
#580=CIRCLE('',#3046,1.);
#581=CIRCLE('',#3047,1.);
#582=CIRCLE('',#3049,1.);
#583=CIRCLE('',#3050,1.);
#584=CIRCLE('',#3051,1.);
#585=CIRCLE('',#3052,1.);
#586=CIRCLE('',#3053,1.);
#587=CIRCLE('',#3054,1.);
#588=CIRCLE('',#3055,1.);
#589=CIRCLE('',#3056,1.);
#590=CIRCLE('',#3057,1.);
#591=CIRCLE('',#3058,1.);
#592=CIRCLE('',#3059,1.);
#593=CIRCLE('',#3067,0.5);
#594=CIRCLE('',#3068,0.5);
#595=CIRCLE('',#3069,0.5);
#596=CIRCLE('',#3073,0.5);
#597=CIRCLE('',#3075,0.5);
#598=CIRCLE('',#3078,0.5);
#599=CIRCLE('',#3080,0.5);
#600=CIRCLE('',#3082,0.5);
#601=CIRCLE('',#3085,1.5);
#602=CIRCLE('',#3086,1.5);
#603=CIRCLE('',#3087,1.5);
#604=CIRCLE('',#3088,1.5);
#605=CIRCLE('',#3089,1.5);
#606=CIRCLE('',#3090,1.5);
#607=CIRCLE('',#3091,1.5);
#608=CIRCLE('',#3092,1.5);
#609=CIRCLE('',#3093,1.5);
#610=CIRCLE('',#3094,1.5);
#611=CIRCLE('',#3095,1.5);
#612=CIRCLE('',#3096,1.5);
#613=CIRCLE('',#3099,1.);
#614=CIRCLE('',#3102,1.);
#615=CIRCLE('',#3105,1.);
#616=CIRCLE('',#3111,1.);
#617=CIRCLE('',#3114,1.);
#618=CIRCLE('',#3117,1.);
#619=CIRCLE('',#3131,1.);
#620=CIRCLE('',#3134,1.);
#621=CIRCLE('',#3139,1.);
#622=CIRCLE('',#3142,1.);
#623=CIRCLE('',#3145,1.);
#624=CIRCLE('',#3151,1.);
#625=CIRCLE('',#3154,1.);
#626=CIRCLE('',#3157,1.);
#627=CIRCLE('',#3169,1.);
#628=CIRCLE('',#3172,1.);
#629=CIRCLE('',#3175,1.);
#630=CIRCLE('',#3181,1.);
#631=CIRCLE('',#3184,1.);
#632=CIRCLE('',#3187,1.);
#633=CIRCLE('',#3199,0.5);
#634=CIRCLE('',#3200,1.);
#635=CIRCLE('',#3204,0.5);
#636=CIRCLE('',#3206,1.);
#637=LINE('',#4078,#899);
#638=LINE('',#4080,#900);
#639=LINE('',#4082,#901);
#640=LINE('',#4084,#902);
#641=LINE('',#4088,#903);
#642=LINE('',#4091,#904);
#643=LINE('',#4096,#905);
#644=LINE('',#4100,#906);
#645=LINE('',#4103,#907);
#646=LINE('',#4108,#908);
#647=LINE('',#4112,#909);
#648=LINE('',#4115,#910);
#649=LINE('',#4120,#911);
#650=LINE('',#4124,#912);
#651=LINE('',#4127,#913);
#652=LINE('',#4132,#914);
#653=LINE('',#4136,#915);
#654=LINE('',#4139,#916);
#655=LINE('',#4144,#917);
#656=LINE('',#4148,#918);
#657=LINE('',#4150,#919);
#658=LINE('',#4151,#920);
#659=LINE('',#4155,#921);
#660=LINE('',#4157,#922);
#661=LINE('',#4159,#923);
#662=LINE('',#4161,#924);
#663=LINE('',#4166,#925);
#664=LINE('',#4170,#926);
#665=LINE('',#4224,#927);
#666=LINE('',#4228,#928);
#667=LINE('',#4232,#929);
#668=LINE('',#4233,#930);
#669=LINE('',#4237,#931);
#670=LINE('',#4243,#932);
#671=LINE('',#4245,#933);
#672=LINE('',#4247,#934);
#673=LINE('',#4251,#935);
#674=LINE('',#4255,#936);
#675=LINE('',#4256,#937);
#676=LINE('',#4260,#938);
#677=LINE('',#4269,#939);
#678=LINE('',#4276,#940);
#679=LINE('',#4280,#941);
#680=LINE('',#4282,#942);
#681=LINE('',#4284,#943);
#682=LINE('',#4288,#944);
#683=LINE('',#4291,#945);
#684=LINE('',#4293,#946);
#685=LINE('',#4297,#947);
#686=LINE('',#4303,#948);
#687=LINE('',#4309,#949);
#688=LINE('',#4313,#950);
#689=LINE('',#4317,#951);
#690=LINE('',#4369,#952);
#691=LINE('',#4371,#953);
#692=LINE('',#4373,#954);
#693=LINE('',#4377,#955);
#694=LINE('',#4379,#956);
#695=LINE('',#4389,#957);
#696=LINE('',#4397,#958);
#697=LINE('',#4533,#959);
#698=LINE('',#4597,#960);
#699=LINE('',#4601,#961);
#700=LINE('',#4602,#962);
#701=LINE('',#4856,#963);
#702=LINE('',#4859,#964);
#703=LINE('',#4861,#965);
#704=LINE('',#4862,#966);
#705=LINE('',#4867,#967);
#706=LINE('',#4869,#968);
#707=LINE('',#4870,#969);
#708=LINE('',#4874,#970);
#709=LINE('',#4878,#971);
#710=LINE('',#4883,#972);
#711=LINE('',#4884,#973);
#712=LINE('',#4888,#974);
#713=LINE('',#4889,#975);
#714=LINE('',#4890,#976);
#715=LINE('',#4898,#977);
#716=LINE('',#4899,#978);
#717=LINE('',#4902,#979);
#718=LINE('',#4906,#980);
#719=LINE('',#4910,#981);
#720=LINE('',#4914,#982);
#721=LINE('',#4918,#983);
#722=LINE('',#4922,#984);
#723=LINE('',#4926,#985);
#724=LINE('',#4930,#986);
#725=LINE('',#4934,#987);
#726=LINE('',#4938,#988);
#727=LINE('',#4942,#989);
#728=LINE('',#4946,#990);
#729=LINE('',#4951,#991);
#730=LINE('',#4953,#992);
#731=LINE('',#4954,#993);
#732=LINE('',#4957,#994);
#733=LINE('',#4959,#995);
#734=LINE('',#4962,#996);
#735=LINE('',#4964,#997);
#736=LINE('',#4970,#998);
#737=LINE('',#4971,#999);
#738=LINE('',#4972,#1000);
#739=LINE('',#4976,#1001);
#740=LINE('',#4978,#1002);
#741=LINE('',#4980,#1003);
#742=LINE('',#4981,#1004);
#743=LINE('',#4983,#1005);
#744=LINE('',#4984,#1006);
#745=LINE('',#4988,#1007);
#746=LINE('',#4991,#1008);
#747=LINE('',#4992,#1009);
#748=LINE('',#4996,#1010);
#749=LINE('',#4999,#1011);
#750=LINE('',#5000,#1012);
#751=LINE('',#5004,#1013);
#752=LINE('',#5006,#1014);
#753=LINE('',#5010,#1015);
#754=LINE('',#5012,#1016);
#755=LINE('',#5014,#1017);
#756=LINE('',#5015,#1018);
#757=LINE('',#5017,#1019);
#758=LINE('',#5019,#1020);
#759=LINE('',#5023,#1021);
#760=LINE('',#5025,#1022);
#761=LINE('',#5027,#1023);
#762=LINE('',#5028,#1024);
#763=LINE('',#5035,#1025);
#764=LINE('',#5036,#1026);
#765=LINE('',#5041,#1027);
#766=LINE('',#5045,#1028);
#767=LINE('',#5049,#1029);
#768=LINE('',#5053,#1030);
#769=LINE('',#5057,#1031);
#770=LINE('',#5061,#1032);
#771=LINE('',#5065,#1033);
#772=LINE('',#5069,#1034);
#773=LINE('',#5073,#1035);
#774=LINE('',#5078,#1036);
#775=LINE('',#5081,#1037);
#776=LINE('',#5082,#1038);
#777=LINE('',#5088,#1039);
#778=LINE('',#5089,#1040);
#779=LINE('',#5091,#1041);
#780=LINE('',#5152,#1042);
#781=LINE('',#5288,#1043);
#782=LINE('',#5353,#1044);
#783=LINE('',#5357,#1045);
#784=LINE('',#5358,#1046);
#785=LINE('',#5418,#1047);
#786=LINE('',#5501,#1048);
#787=LINE('',#5503,#1049);
#788=LINE('',#5508,#1050);
#789=LINE('',#5512,#1051);
#790=LINE('',#5515,#1052);
#791=LINE('',#5520,#1053);
#792=LINE('',#5524,#1054);
#793=LINE('',#5527,#1055);
#794=LINE('',#5532,#1056);
#795=LINE('',#5536,#1057);
#796=LINE('',#5539,#1058);
#797=LINE('',#5544,#1059);
#798=LINE('',#5548,#1060);
#799=LINE('',#5551,#1061);
#800=LINE('',#5555,#1062);
#801=LINE('',#5558,#1063);
#802=LINE('',#5561,#1064);
#803=LINE('',#5562,#1065);
#804=LINE('',#5566,#1066);
#805=LINE('',#5569,#1067);
#806=LINE('',#5570,#1068);
#807=LINE('',#5574,#1069);
#808=LINE('',#5576,#1070);
#809=LINE('',#5580,#1071);
#810=LINE('',#5581,#1072);
#811=LINE('',#5582,#1073);
#812=LINE('',#5584,#1074);
#813=LINE('',#5585,#1075);
#814=LINE('',#5587,#1076);
#815=LINE('',#5588,#1077);
#816=LINE('',#5592,#1078);
#817=LINE('',#5595,#1079);
#818=LINE('',#5596,#1080);
#819=LINE('',#5600,#1081);
#820=LINE('',#5603,#1082);
#821=LINE('',#5604,#1083);
#822=LINE('',#5608,#1084);
#823=LINE('',#5610,#1085);
#824=LINE('',#5612,#1086);
#825=LINE('',#5613,#1087);
#826=LINE('',#5615,#1088);
#827=LINE('',#5617,#1089);
#828=LINE('',#5619,#1090);
#829=LINE('',#5620,#1091);
#830=LINE('',#5626,#1092);
#831=LINE('',#5627,#1093);
#832=LINE('',#5629,#1094);
#833=LINE('',#5632,#1095);
#834=LINE('',#5634,#1096);
#835=LINE('',#5637,#1097);
#836=LINE('',#5643,#1098);
#837=LINE('',#5646,#1099);
#838=LINE('',#5649,#1100);
#839=LINE('',#5650,#1101);
#840=LINE('',#5654,#1102);
#841=LINE('',#5657,#1103);
#842=LINE('',#5658,#1104);
#843=LINE('',#5662,#1105);
#844=LINE('',#5664,#1106);
#845=LINE('',#5668,#1107);
#846=LINE('',#5669,#1108);
#847=LINE('',#5670,#1109);
#848=LINE('',#5672,#1110);
#849=LINE('',#5673,#1111);
#850=LINE('',#5675,#1112);
#851=LINE('',#5676,#1113);
#852=LINE('',#5680,#1114);
#853=LINE('',#5683,#1115);
#854=LINE('',#5684,#1116);
#855=LINE('',#5688,#1117);
#856=LINE('',#5691,#1118);
#857=LINE('',#5692,#1119);
#858=LINE('',#5696,#1120);
#859=LINE('',#5698,#1121);
#860=LINE('',#5700,#1122);
#861=LINE('',#5701,#1123);
#862=LINE('',#5703,#1124);
#863=LINE('',#5705,#1125);
#864=LINE('',#5707,#1126);
#865=LINE('',#5708,#1127);
#866=LINE('',#5715,#1128);
#867=LINE('',#5718,#1129);
#868=LINE('',#5721,#1130);
#869=LINE('',#5722,#1131);
#870=LINE('',#5726,#1132);
#871=LINE('',#5729,#1133);
#872=LINE('',#5730,#1134);
#873=LINE('',#5734,#1135);
#874=LINE('',#5736,#1136);
#875=LINE('',#5740,#1137);
#876=LINE('',#5741,#1138);
#877=LINE('',#5742,#1139);
#878=LINE('',#5744,#1140);
#879=LINE('',#5745,#1141);
#880=LINE('',#5747,#1142);
#881=LINE('',#5748,#1143);
#882=LINE('',#5752,#1144);
#883=LINE('',#5755,#1145);
#884=LINE('',#5756,#1146);
#885=LINE('',#5760,#1147);
#886=LINE('',#5763,#1148);
#887=LINE('',#5764,#1149);
#888=LINE('',#5768,#1150);
#889=LINE('',#5770,#1151);
#890=LINE('',#5772,#1152);
#891=LINE('',#5773,#1153);
#892=LINE('',#5775,#1154);
#893=LINE('',#5777,#1155);
#894=LINE('',#5779,#1156);
#895=LINE('',#5780,#1157);
#896=LINE('',#5790,#1158);
#897=LINE('',#5793,#1159);
#898=LINE('',#5794,#1160);
#899=VECTOR('',#3212,3.457359215341);
#900=VECTOR('',#3213,93.02010101156);
#901=VECTOR('',#3214,20.95735920473);
#902=VECTOR('',#3215,27.58507217013);
#903=VECTOR('',#3218,16.4644660940689);
#904=VECTOR('',#3221,39.65075759508);
#905=VECTOR('',#3224,7.71751447099203);
#906=VECTOR('',#3227,7.71751447363103);
#907=VECTOR('',#3230,10.91421354787);
#908=VECTOR('',#3233,4.71751447363102);
#909=VECTOR('',#3236,6.671572860753);
#910=VECTOR('',#3239,4.71751447099202);
#911=VECTOR('',#3242,4.71751447099202);
#912=VECTOR('',#3245,4.71751447363102);
#913=VECTOR('',#3248,6.671572860753);
#914=VECTOR('',#3251,4.71751447363102);
#915=VECTOR('',#3254,6.671572860753);
#916=VECTOR('',#3257,4.71751447099202);
#917=VECTOR('',#3262,3.457359540768);
#918=VECTOR('',#3267,2.);
#919=VECTOR('',#3268,38.85786437627);
#920=VECTOR('',#3269,1.62132034355989);
#921=VECTOR('',#3272,1.62132034355989);
#922=VECTOR('',#3273,38.85786437627);
#923=VECTOR('',#3274,2.);
#924=VECTOR('',#3275,39.65075759508);
#925=VECTOR('',#3280,10.8078210496293);
#926=VECTOR('',#3283,5.43090373470707);
#927=VECTOR('',#3284,3.457359312881);
#928=VECTOR('',#3287,5.43090403392976);
#929=VECTOR('',#3290,11.3078210486792);
#930=VECTOR('',#3291,1.5);
#931=VECTOR('',#3294,10.80782104938);
#932=VECTOR('',#3301,10.8078210487);
#933=VECTOR('',#3302,79.16324676319);
#934=VECTOR('',#3303,10.80782104938);
#935=VECTOR('',#3306,33.23725830092);
#936=VECTOR('',#3309,10.8078210487);
#937=VECTOR('',#3310,79.16324676319);
#938=VECTOR('',#3313,33.23725830092);
#939=VECTOR('',#3324,3.25);
#940=VECTOR('',#3333,2.35);
#941=VECTOR('',#3336,11.3078210486792);
#942=VECTOR('',#3337,80.57746032556);
#943=VECTOR('',#3338,11.3078210486792);
#944=VECTOR('',#3341,33.2372583002);
#945=VECTOR('',#3344,80.57746032556);
#946=VECTOR('',#3345,11.3078210486792);
#947=VECTOR('',#3348,33.2372583002);
#948=VECTOR('',#3355,2.35);
#949=VECTOR('',#3364,3.25);
#950=VECTOR('',#3367,10.8078210496293);
#951=VECTOR('',#3370,5.43090373461707);
#952=VECTOR('',#3371,20.9573596211);
#953=VECTOR('',#3372,1.62132034355989);
#954=VECTOR('',#3373,20.95735931288);
#955=VECTOR('',#3376,5.43090403392976);
#956=VECTOR('',#3379,1.5);
#957=VECTOR('',#3394,33.23725830118);
#958=VECTOR('',#3405,10.8078210487093);
#959=VECTOR('',#3416,84.11299424541);
#960=VECTOR('',#3421,5.43090427470107);
#961=VECTOR('',#3426,5.43090428723507);
#962=VECTOR('',#3427,90.38406232377);
#963=VECTOR('',#3438,20.95735943925);
#964=VECTOR('',#3441,1.62132034355989);
#965=VECTOR('',#3442,26.79217895132);
#966=VECTOR('',#3443,2.);
#967=VECTOR('',#3448,27.58507217013);
#968=VECTOR('',#3449,2.);
#969=VECTOR('',#3450,26.79217895132);
#970=VECTOR('',#3455,2.);
#971=VECTOR('',#3458,2.);
#972=VECTOR('',#3465,16.4644660940689);
#973=VECTOR('',#3466,2.);
#974=VECTOR('',#3469,2.);
#975=VECTOR('',#3470,16.4644660940689);
#976=VECTOR('',#3471,16.4644660940689);
#977=VECTOR('',#3484,20.95735931288);
#978=VECTOR('',#3485,91.43431457505);
#979=VECTOR('',#3486,4.71751442127168);
#980=VECTOR('',#3489,6.671572875254);
#981=VECTOR('',#3492,4.71751442127168);
#982=VECTOR('',#3495,7.71751442127148);
#983=VECTOR('',#3498,7.71751442127148);
#984=VECTOR('',#3501,10.91421356237);
#985=VECTOR('',#3504,6.671572875254);
#986=VECTOR('',#3507,4.71751442127168);
#987=VECTOR('',#3510,4.71751442127168);
#988=VECTOR('',#3513,4.71751442127168);
#989=VECTOR('',#3516,4.71751442127168);
#990=VECTOR('',#3519,6.671572875254);
#991=VECTOR('',#3526,89.67695526217);
#992=VECTOR('',#3529,5.43090371913376);
#993=VECTOR('',#3530,1.5);
#994=VECTOR('',#3533,5.43090403392976);
#995=VECTOR('',#3536,83.4058874503);
#996=VECTOR('',#3541,1.5);
#997=VECTOR('',#3544,1.5);
#998=VECTOR('',#3551,4.71751444613202);
#999=VECTOR('',#3552,1.499999999664);
#1000=VECTOR('',#3553,1.499999998946);
#1001=VECTOR('',#3556,1.499999998946);
#1002=VECTOR('',#3557,4.71751442127168);
#1003=VECTOR('',#3558,1.499999999664);
#1004=VECTOR('',#3559,4.71751444613202);
#1005=VECTOR('',#3562,0.707106780710776);
#1006=VECTOR('',#3563,0.707106779696177);
#1007=VECTOR('',#3568,0.707106781005412);
#1008=VECTOR('',#3571,4.71751444745202);
#1009=VECTOR('',#3572,0.707106780146027);
#1010=VECTOR('',#3577,0.707106780711003);
#1011=VECTOR('',#3580,6.671572868003);
#1012=VECTOR('',#3581,0.707106781096503);
#1013=VECTOR('',#3588,1.499999999936);
#1014=VECTOR('',#3591,1.499999999664);
#1015=VECTOR('',#3594,1.499999999664);
#1016=VECTOR('',#3595,6.671572868003);
#1017=VECTOR('',#3596,1.499999999936);
#1018=VECTOR('',#3597,6.671572875254);
#1019=VECTOR('',#3600,1.499999999264);
#1020=VECTOR('',#3603,1.499999999872);
#1021=VECTOR('',#3606,1.499999999264);
#1022=VECTOR('',#3607,4.71751442127168);
#1023=VECTOR('',#3608,1.499999999872);
#1024=VECTOR('',#3609,4.71751444745202);
#1025=VECTOR('',#3620,3.457359312881);
#1026=VECTOR('',#3621,91.43431457505);
#1027=VECTOR('',#3626,10.91421356237);
#1028=VECTOR('',#3629,7.71751442127148);
#1029=VECTOR('',#3632,7.71751442127148);
#1030=VECTOR('',#3635,4.71751442127168);
#1031=VECTOR('',#3638,4.71751442127168);
#1032=VECTOR('',#3641,6.671572875254);
#1033=VECTOR('',#3644,6.671572875254);
#1034=VECTOR('',#3647,4.71751442127168);
#1035=VECTOR('',#3650,4.71751442127168);
#1036=VECTOR('',#3657,89.67695526217);
#1037=VECTOR('',#3660,5.43090403392976);
#1038=VECTOR('',#3661,83.4058874503);
#1039=VECTOR('',#3668,10.8078210487093);
#1040=VECTOR('',#3669,1.5);
#1041=VECTOR('',#3670,3.45735947919);
#1042=VECTOR('',#3671,5.43090371897676);
#1043=VECTOR('',#3684,84.11299424713);
#1044=VECTOR('',#3691,5.43090427472376);
#1045=VECTOR('',#3696,5.43090428731507);
#1046=VECTOR('',#3697,90.38406232559);
#1047=VECTOR('',#3708,93.02010101119);
#1048=VECTOR('',#3713,20.95735918198);
#1049=VECTOR('',#3716,3.457359171591);
#1050=VECTOR('',#3719,7.71751447099203);
#1051=VECTOR('',#3722,10.91421354787);
#1052=VECTOR('',#3725,7.71751447363103);
#1053=VECTOR('',#3728,4.71751447363102);
#1054=VECTOR('',#3731,4.71751447099202);
#1055=VECTOR('',#3734,6.671572860753);
#1056=VECTOR('',#3737,4.71751447099202);
#1057=VECTOR('',#3740,6.671572860753);
#1058=VECTOR('',#3743,4.71751447363102);
#1059=VECTOR('',#3746,4.71751447363102);
#1060=VECTOR('',#3749,4.71751447099202);
#1061=VECTOR('',#3752,6.671572860753);
#1062=VECTOR('',#3757,0.707106781005376);
#1063=VECTOR('',#3760,0.707106779696077);
#1064=VECTOR('',#3763,7.71751444613203);
#1065=VECTOR('',#3764,0.707106780710712);
#1066=VECTOR('',#3769,0.707106781096503);
#1067=VECTOR('',#3772,10.91421355512);
#1068=VECTOR('',#3773,0.707106780711003);
#1069=VECTOR('',#3778,0.707106780145977);
#1070=VECTOR('',#3781,7.71751444745203);
#1071=VECTOR('',#3784,7.71751444745203);
#1072=VECTOR('',#3785,1.499999999872);
#1073=VECTOR('',#3786,1.499999999264);
#1074=VECTOR('',#3789,1.499999999264);
#1075=VECTOR('',#3790,1.499999999872);
#1076=VECTOR('',#3793,0.707106781005376);
#1077=VECTOR('',#3794,0.707106780145977);
#1078=VECTOR('',#3799,0.707106780711003);
#1079=VECTOR('',#3802,10.91421355512);
#1080=VECTOR('',#3803,0.707106781096503);
#1081=VECTOR('',#3808,0.707106780710776);
#1082=VECTOR('',#3811,7.71751444613203);
#1083=VECTOR('',#3812,0.707106779696227);
#1084=VECTOR('',#3819,1.499999998946);
#1085=VECTOR('',#3822,1.499999999664);
#1086=VECTOR('',#3825,1.499999998946);
#1087=VECTOR('',#3826,1.499999999664);
#1088=VECTOR('',#3829,1.499999999936);
#1089=VECTOR('',#3832,1.499999999664);
#1090=VECTOR('',#3835,1.499999999664);
#1091=VECTOR('',#3836,1.499999999936);
#1092=VECTOR('',#3847,0.707106780711003);
#1093=VECTOR('',#3848,0.707106780145977);
#1094=VECTOR('',#3851,0.707106781005376);
#1095=VECTOR('',#3856,0.707106779696077);
#1096=VECTOR('',#3859,0.707106780710776);
#1097=VECTOR('',#3864,0.707106781096503);
#1098=VECTOR('',#3873,0.707106781005376);
#1099=VECTOR('',#3876,0.707106779696077);
#1100=VECTOR('',#3879,4.71751444613202);
#1101=VECTOR('',#3880,0.707106780710776);
#1102=VECTOR('',#3885,0.707106781096503);
#1103=VECTOR('',#3888,6.671572868003);
#1104=VECTOR('',#3889,0.707106780711003);
#1105=VECTOR('',#3894,0.707106780145977);
#1106=VECTOR('',#3897,4.71751444745202);
#1107=VECTOR('',#3900,4.71751444745202);
#1108=VECTOR('',#3901,1.499999999872);
#1109=VECTOR('',#3902,1.499999999264);
#1110=VECTOR('',#3905,1.499999999264);
#1111=VECTOR('',#3906,1.499999999872);
#1112=VECTOR('',#3909,0.707106781005376);
#1113=VECTOR('',#3910,0.707106780145977);
#1114=VECTOR('',#3915,0.707106780711003);
#1115=VECTOR('',#3918,6.671572868003);
#1116=VECTOR('',#3919,0.707106781096453);
#1117=VECTOR('',#3924,0.707106780710776);
#1118=VECTOR('',#3927,4.71751444613202);
#1119=VECTOR('',#3928,0.707106779696177);
#1120=VECTOR('',#3935,1.499999998946);
#1121=VECTOR('',#3938,1.499999999664);
#1122=VECTOR('',#3941,1.499999998946);
#1123=VECTOR('',#3942,1.499999999664);
#1124=VECTOR('',#3945,1.499999999936);
#1125=VECTOR('',#3948,1.499999999664);
#1126=VECTOR('',#3951,1.499999999664);
#1127=VECTOR('',#3952,1.499999999936);
#1128=VECTOR('',#3963,0.707106780711003);
#1129=VECTOR('',#3966,0.707106780145977);
#1130=VECTOR('',#3969,4.71751444745202);
#1131=VECTOR('',#3970,0.707106781005376);
#1132=VECTOR('',#3975,0.707106779696077);
#1133=VECTOR('',#3978,4.71751444613202);
#1134=VECTOR('',#3979,0.707106780710776);
#1135=VECTOR('',#3984,0.707106781096503);
#1136=VECTOR('',#3987,6.671572868003);
#1137=VECTOR('',#3990,6.671572868003);
#1138=VECTOR('',#3991,1.499999999664);
#1139=VECTOR('',#3992,1.499999999936);
#1140=VECTOR('',#3995,1.499999999936);
#1141=VECTOR('',#3996,1.499999999664);
#1142=VECTOR('',#3999,0.707106780711003);
#1143=VECTOR('',#4000,0.707106781096453);
#1144=VECTOR('',#4005,0.707106780710776);
#1145=VECTOR('',#4008,4.71751444613202);
#1146=VECTOR('',#4009,0.707106779696177);
#1147=VECTOR('',#4014,0.707106781005412);
#1148=VECTOR('',#4017,4.71751444745202);
#1149=VECTOR('',#4018,0.707106780145977);
#1150=VECTOR('',#4025,1.499999999264);
#1151=VECTOR('',#4028,1.499999999872);
#1152=VECTOR('',#4031,1.499999999264);
#1153=VECTOR('',#4032,1.499999999872);
#1154=VECTOR('',#4035,1.499999998946);
#1155=VECTOR('',#4038,1.499999999664);
#1156=VECTOR('',#4041,1.499999999664);
#1157=VECTOR('',#4042,1.499999998946);
#1158=VECTOR('',#4059,1.5);
#1159=VECTOR('',#4062,33.23725830118);
#1160=VECTOR('',#4063,1.5);
#1161=VERTEX_POINT('',#4076);
#1162=VERTEX_POINT('',#4077);
#1163=VERTEX_POINT('',#4079);
#1164=VERTEX_POINT('',#4081);
#1165=VERTEX_POINT('',#4083);
#1166=VERTEX_POINT('',#4085);
#1167=VERTEX_POINT('',#4087);
#1168=VERTEX_POINT('',#4089);
#1169=VERTEX_POINT('',#4092);
#1170=VERTEX_POINT('',#4093);
#1171=VERTEX_POINT('',#4095);
#1172=VERTEX_POINT('',#4097);
#1173=VERTEX_POINT('',#4099);
#1174=VERTEX_POINT('',#4101);
#1175=VERTEX_POINT('',#4104);
#1176=VERTEX_POINT('',#4105);
#1177=VERTEX_POINT('',#4107);
#1178=VERTEX_POINT('',#4109);
#1179=VERTEX_POINT('',#4111);
#1180=VERTEX_POINT('',#4113);
#1181=VERTEX_POINT('',#4116);
#1182=VERTEX_POINT('',#4117);
#1183=VERTEX_POINT('',#4119);
#1184=VERTEX_POINT('',#4121);
#1185=VERTEX_POINT('',#4123);
#1186=VERTEX_POINT('',#4125);
#1187=VERTEX_POINT('',#4128);
#1188=VERTEX_POINT('',#4129);
#1189=VERTEX_POINT('',#4131);
#1190=VERTEX_POINT('',#4133);
#1191=VERTEX_POINT('',#4135);
#1192=VERTEX_POINT('',#4137);
#1193=VERTEX_POINT('',#4141);
#1194=VERTEX_POINT('',#4143);
#1195=VERTEX_POINT('',#4147);
#1196=VERTEX_POINT('',#4149);
#1197=VERTEX_POINT('',#4153);
#1198=VERTEX_POINT('',#4154);
#1199=VERTEX_POINT('',#4156);
#1200=VERTEX_POINT('',#4158);
#1201=VERTEX_POINT('',#4160);
#1202=VERTEX_POINT('',#4164);
#1203=VERTEX_POINT('',#4165);
#1204=VERTEX_POINT('',#4167);
#1205=VERTEX_POINT('',#4169);
#1206=VERTEX_POINT('',#4223);
#1207=VERTEX_POINT('',#4225);
#1208=VERTEX_POINT('',#4227);
#1209=VERTEX_POINT('',#4229);
#1210=VERTEX_POINT('',#4231);
#1211=VERTEX_POINT('',#4235);
#1212=VERTEX_POINT('',#4236);
#1213=VERTEX_POINT('',#4241);
#1214=VERTEX_POINT('',#4242);
#1215=VERTEX_POINT('',#4244);
#1216=VERTEX_POINT('',#4246);
#1217=VERTEX_POINT('',#4248);
#1218=VERTEX_POINT('',#4250);
#1219=VERTEX_POINT('',#4252);
#1220=VERTEX_POINT('',#4254);
#1221=VERTEX_POINT('',#4257);
#1222=VERTEX_POINT('',#4259);
#1223=VERTEX_POINT('',#4262);
#1224=VERTEX_POINT('',#4264);
#1225=VERTEX_POINT('',#4267);
#1226=VERTEX_POINT('',#4271);
#1227=VERTEX_POINT('',#4274);
#1228=VERTEX_POINT('',#4278);
#1229=VERTEX_POINT('',#4279);
#1230=VERTEX_POINT('',#4281);
#1231=VERTEX_POINT('',#4283);
#1232=VERTEX_POINT('',#4285);
#1233=VERTEX_POINT('',#4287);
#1234=VERTEX_POINT('',#4290);
#1235=VERTEX_POINT('',#4292);
#1236=VERTEX_POINT('',#4294);
#1237=VERTEX_POINT('',#4296);
#1238=VERTEX_POINT('',#4299);
#1239=VERTEX_POINT('',#4302);
#1240=VERTEX_POINT('',#4306);
#1241=VERTEX_POINT('',#4311);
#1242=VERTEX_POINT('',#4312);
#1243=VERTEX_POINT('',#4314);
#1244=VERTEX_POINT('',#4316);
#1245=VERTEX_POINT('',#4318);
#1246=VERTEX_POINT('',#4368);
#1247=VERTEX_POINT('',#4370);
#1248=VERTEX_POINT('',#4372);
#1249=VERTEX_POINT('',#4374);
#1250=VERTEX_POINT('',#4376);
#1251=VERTEX_POINT('',#4384);
#1252=VERTEX_POINT('',#4388);
#1253=VERTEX_POINT('',#4392);
#1254=VERTEX_POINT('',#4396);
#1255=VERTEX_POINT('',#4459);
#1256=VERTEX_POINT('',#4461);
#1257=VERTEX_POINT('',#4531);
#1258=VERTEX_POINT('',#4596);
#1259=VERTEX_POINT('',#4600);
#1260=VERTEX_POINT('',#4791);
#1261=VERTEX_POINT('',#4793);
#1262=VERTEX_POINT('',#4854);
#1263=VERTEX_POINT('',#4858);
#1264=VERTEX_POINT('',#4860);
#1265=VERTEX_POINT('',#4864);
#1266=VERTEX_POINT('',#4866);
#1267=VERTEX_POINT('',#4868);
#1268=VERTEX_POINT('',#4872);
#1269=VERTEX_POINT('',#4876);
#1270=VERTEX_POINT('',#4877);
#1271=VERTEX_POINT('',#4882);
#1272=VERTEX_POINT('',#4886);
#1273=VERTEX_POINT('',#4887);
#1274=VERTEX_POINT('',#4897);
#1275=VERTEX_POINT('',#4900);
#1276=VERTEX_POINT('',#4901);
#1277=VERTEX_POINT('',#4903);
#1278=VERTEX_POINT('',#4905);
#1279=VERTEX_POINT('',#4907);
#1280=VERTEX_POINT('',#4909);
#1281=VERTEX_POINT('',#4912);
#1282=VERTEX_POINT('',#4913);
#1283=VERTEX_POINT('',#4915);
#1284=VERTEX_POINT('',#4917);
#1285=VERTEX_POINT('',#4919);
#1286=VERTEX_POINT('',#4921);
#1287=VERTEX_POINT('',#4924);
#1288=VERTEX_POINT('',#4925);
#1289=VERTEX_POINT('',#4927);
#1290=VERTEX_POINT('',#4929);
#1291=VERTEX_POINT('',#4931);
#1292=VERTEX_POINT('',#4933);
#1293=VERTEX_POINT('',#4936);
#1294=VERTEX_POINT('',#4937);
#1295=VERTEX_POINT('',#4939);
#1296=VERTEX_POINT('',#4941);
#1297=VERTEX_POINT('',#4943);
#1298=VERTEX_POINT('',#4945);
#1299=VERTEX_POINT('',#4949);
#1300=VERTEX_POINT('',#4955);
#1301=VERTEX_POINT('',#4968);
#1302=VERTEX_POINT('',#4969);
#1303=VERTEX_POINT('',#4974);
#1304=VERTEX_POINT('',#4975);
#1305=VERTEX_POINT('',#4977);
#1306=VERTEX_POINT('',#4979);
#1307=VERTEX_POINT('',#4986);
#1308=VERTEX_POINT('',#4990);
#1309=VERTEX_POINT('',#4994);
#1310=VERTEX_POINT('',#4998);
#1311=VERTEX_POINT('',#5008);
#1312=VERTEX_POINT('',#5009);
#1313=VERTEX_POINT('',#5011);
#1314=VERTEX_POINT('',#5013);
#1315=VERTEX_POINT('',#5021);
#1316=VERTEX_POINT('',#5022);
#1317=VERTEX_POINT('',#5024);
#1318=VERTEX_POINT('',#5026);
#1319=VERTEX_POINT('',#5034);
#1320=VERTEX_POINT('',#5039);
#1321=VERTEX_POINT('',#5040);
#1322=VERTEX_POINT('',#5042);
#1323=VERTEX_POINT('',#5044);
#1324=VERTEX_POINT('',#5046);
#1325=VERTEX_POINT('',#5048);
#1326=VERTEX_POINT('',#5051);
#1327=VERTEX_POINT('',#5052);
#1328=VERTEX_POINT('',#5054);
#1329=VERTEX_POINT('',#5056);
#1330=VERTEX_POINT('',#5058);
#1331=VERTEX_POINT('',#5060);
#1332=VERTEX_POINT('',#5063);
#1333=VERTEX_POINT('',#5064);
#1334=VERTEX_POINT('',#5066);
#1335=VERTEX_POINT('',#5068);
#1336=VERTEX_POINT('',#5070);
#1337=VERTEX_POINT('',#5072);
#1338=VERTEX_POINT('',#5076);
#1339=VERTEX_POINT('',#5080);
#1340=VERTEX_POINT('',#5086);
#1341=VERTEX_POINT('',#5087);
#1342=VERTEX_POINT('',#5090);
#1343=VERTEX_POINT('',#5092);
#1344=VERTEX_POINT('',#5151);
#1345=VERTEX_POINT('',#5283);
#1346=VERTEX_POINT('',#5287);
#1347=VERTEX_POINT('',#5352);
#1348=VERTEX_POINT('',#5356);
#1349=VERTEX_POINT('',#5413);
#1350=VERTEX_POINT('',#5417);
#1351=VERTEX_POINT('',#5504);
#1352=VERTEX_POINT('',#5505);
#1353=VERTEX_POINT('',#5507);
#1354=VERTEX_POINT('',#5509);
#1355=VERTEX_POINT('',#5511);
#1356=VERTEX_POINT('',#5513);
#1357=VERTEX_POINT('',#5516);
#1358=VERTEX_POINT('',#5517);
#1359=VERTEX_POINT('',#5519);
#1360=VERTEX_POINT('',#5521);
#1361=VERTEX_POINT('',#5523);
#1362=VERTEX_POINT('',#5525);
#1363=VERTEX_POINT('',#5528);
#1364=VERTEX_POINT('',#5529);
#1365=VERTEX_POINT('',#5531);
#1366=VERTEX_POINT('',#5533);
#1367=VERTEX_POINT('',#5535);
#1368=VERTEX_POINT('',#5537);
#1369=VERTEX_POINT('',#5540);
#1370=VERTEX_POINT('',#5541);
#1371=VERTEX_POINT('',#5543);
#1372=VERTEX_POINT('',#5545);
#1373=VERTEX_POINT('',#5547);
#1374=VERTEX_POINT('',#5549);
#1375=VERTEX_POINT('',#5554);
#1376=VERTEX_POINT('',#5556);
#1377=VERTEX_POINT('',#5560);
#1378=VERTEX_POINT('',#5564);
#1379=VERTEX_POINT('',#5568);
#1380=VERTEX_POINT('',#5572);
#1381=VERTEX_POINT('',#5578);
#1382=VERTEX_POINT('',#5579);
#1383=VERTEX_POINT('',#5590);
#1384=VERTEX_POINT('',#5594);
#1385=VERTEX_POINT('',#5598);
#1386=VERTEX_POINT('',#5602);
#1387=VERTEX_POINT('',#5642);
#1388=VERTEX_POINT('',#5644);
#1389=VERTEX_POINT('',#5648);
#1390=VERTEX_POINT('',#5652);
#1391=VERTEX_POINT('',#5656);
#1392=VERTEX_POINT('',#5660);
#1393=VERTEX_POINT('',#5666);
#1394=VERTEX_POINT('',#5667);
#1395=VERTEX_POINT('',#5678);
#1396=VERTEX_POINT('',#5682);
#1397=VERTEX_POINT('',#5686);
#1398=VERTEX_POINT('',#5690);
#1399=VERTEX_POINT('',#5714);
#1400=VERTEX_POINT('',#5716);
#1401=VERTEX_POINT('',#5720);
#1402=VERTEX_POINT('',#5724);
#1403=VERTEX_POINT('',#5728);
#1404=VERTEX_POINT('',#5732);
#1405=VERTEX_POINT('',#5738);
#1406=VERTEX_POINT('',#5739);
#1407=VERTEX_POINT('',#5750);
#1408=VERTEX_POINT('',#5754);
#1409=VERTEX_POINT('',#5758);
#1410=VERTEX_POINT('',#5762);
#1411=VERTEX_POINT('',#5786);
#1412=VERTEX_POINT('',#5792);
#1413=EDGE_CURVE('',#1161,#1162,#637,.T.);
#1414=EDGE_CURVE('',#1162,#1163,#638,.T.);
#1415=EDGE_CURVE('',#1163,#1164,#639,.T.);
#1416=EDGE_CURVE('',#1164,#1165,#640,.T.);
#1417=EDGE_CURVE('',#1165,#1166,#509,.T.);
#1418=EDGE_CURVE('',#1167,#1166,#641,.T.);
#1419=EDGE_CURVE('',#1168,#1167,#510,.T.);
#1420=EDGE_CURVE('',#1168,#1161,#642,.T.);
#1421=EDGE_CURVE('',#1169,#1170,#511,.T.);
#1422=EDGE_CURVE('',#1170,#1171,#643,.T.);
#1423=EDGE_CURVE('',#1171,#1172,#512,.T.);
#1424=EDGE_CURVE('',#1172,#1173,#644,.T.);
#1425=EDGE_CURVE('',#1173,#1174,#513,.T.);
#1426=EDGE_CURVE('',#1174,#1169,#645,.T.);
#1427=EDGE_CURVE('',#1175,#1176,#514,.T.);
#1428=EDGE_CURVE('',#1176,#1177,#646,.T.);
#1429=EDGE_CURVE('',#1177,#1178,#515,.T.);
#1430=EDGE_CURVE('',#1178,#1179,#647,.T.);
#1431=EDGE_CURVE('',#1179,#1180,#516,.T.);
#1432=EDGE_CURVE('',#1180,#1175,#648,.T.);
#1433=EDGE_CURVE('',#1181,#1182,#517,.T.);
#1434=EDGE_CURVE('',#1182,#1183,#649,.T.);
#1435=EDGE_CURVE('',#1183,#1184,#518,.T.);
#1436=EDGE_CURVE('',#1184,#1185,#650,.T.);
#1437=EDGE_CURVE('',#1185,#1186,#519,.T.);
#1438=EDGE_CURVE('',#1186,#1181,#651,.T.);
#1439=EDGE_CURVE('',#1187,#1188,#520,.T.);
#1440=EDGE_CURVE('',#1188,#1189,#652,.T.);
#1441=EDGE_CURVE('',#1189,#1190,#521,.T.);
#1442=EDGE_CURVE('',#1190,#1191,#653,.T.);
#1443=EDGE_CURVE('',#1191,#1192,#522,.T.);
#1444=EDGE_CURVE('',#1192,#1187,#654,.T.);
#1445=EDGE_CURVE('',#1193,#1161,#523,.T.);
#1446=EDGE_CURVE('',#1193,#1194,#655,.T.);
#1447=EDGE_CURVE('',#1162,#1194,#524,.T.);
#1448=EDGE_CURVE('',#1195,#1168,#656,.T.);
#1449=EDGE_CURVE('',#1196,#1195,#657,.T.);
#1450=EDGE_CURVE('',#1193,#1196,#658,.T.);
#1451=EDGE_CURVE('',#1197,#1198,#659,.T.);
#1452=EDGE_CURVE('',#1197,#1199,#660,.T.);
#1453=EDGE_CURVE('',#1200,#1199,#661,.T.);
#1454=EDGE_CURVE('',#1201,#1200,#662,.T.);
#1455=EDGE_CURVE('',#1201,#1198,#525,.T.);
#1456=EDGE_CURVE('',#1202,#1203,#663,.T.);
#1457=EDGE_CURVE('',#1204,#1202,#62,.T.);
#1458=EDGE_CURVE('',#1205,#1204,#664,.T.);
#1459=EDGE_CURVE('',#1194,#1205,#53,.T.);
#1460=EDGE_CURVE('',#1206,#1196,#665,.T.);
#1461=EDGE_CURVE('',#1206,#1207,#63,.T.);
#1462=EDGE_CURVE('',#1208,#1207,#666,.T.);
#1463=EDGE_CURVE('',#1208,#1209,#64,.T.);
#1464=EDGE_CURVE('',#1209,#1210,#667,.T.);
#1465=EDGE_CURVE('',#1203,#1210,#668,.T.);
#1466=EDGE_CURVE('',#1211,#1212,#669,.T.);
#1467=EDGE_CURVE('',#1211,#1202,#526,.T.);
#1468=EDGE_CURVE('',#1212,#1203,#527,.T.);
#1469=EDGE_CURVE('',#1213,#1214,#670,.T.);
#1470=EDGE_CURVE('',#1214,#1215,#671,.T.);
#1471=EDGE_CURVE('',#1215,#1216,#672,.T.);
#1472=EDGE_CURVE('',#1216,#1217,#528,.T.);
#1473=EDGE_CURVE('',#1217,#1218,#673,.T.);
#1474=EDGE_CURVE('',#1218,#1219,#529,.T.);
#1475=EDGE_CURVE('',#1219,#1220,#674,.T.);
#1476=EDGE_CURVE('',#1211,#1220,#675,.T.);
#1477=EDGE_CURVE('',#1212,#1221,#530,.T.);
#1478=EDGE_CURVE('',#1221,#1222,#676,.T.);
#1479=EDGE_CURVE('',#1222,#1213,#531,.T.);
#1480=EDGE_CURVE('',#1223,#1223,#532,.T.);
#1481=EDGE_CURVE('',#1224,#1224,#533,.T.);
#1482=EDGE_CURVE('',#1225,#1225,#534,.T.);
#1483=EDGE_CURVE('',#1225,#1224,#677,.T.);
#1484=EDGE_CURVE('',#1226,#1226,#535,.T.);
#1485=EDGE_CURVE('',#1227,#1227,#536,.T.);
#1486=EDGE_CURVE('',#1227,#1226,#678,.T.);
#1487=EDGE_CURVE('',#1228,#1229,#679,.T.);
#1488=EDGE_CURVE('',#1230,#1228,#680,.T.);
#1489=EDGE_CURVE('',#1230,#1231,#681,.T.);
#1490=EDGE_CURVE('',#1231,#1232,#537,.T.);
#1491=EDGE_CURVE('',#1233,#1232,#682,.T.);
#1492=EDGE_CURVE('',#1233,#1210,#538,.T.);
#1493=EDGE_CURVE('',#1209,#1234,#683,.T.);
#1494=EDGE_CURVE('',#1234,#1235,#684,.T.);
#1495=EDGE_CURVE('',#1235,#1236,#539,.T.);
#1496=EDGE_CURVE('',#1237,#1236,#685,.T.);
#1497=EDGE_CURVE('',#1237,#1229,#540,.T.);
#1498=EDGE_CURVE('',#1238,#1238,#541,.T.);
#1499=EDGE_CURVE('',#1238,#1239,#686,.T.);
#1500=EDGE_CURVE('',#1239,#1239,#542,.T.);
#1501=EDGE_CURVE('',#1240,#1240,#543,.T.);
#1502=EDGE_CURVE('',#1240,#1223,#687,.T.);
#1503=EDGE_CURVE('',#1241,#1242,#688,.T.);
#1504=EDGE_CURVE('',#1243,#1241,#65,.T.);
#1505=EDGE_CURVE('',#1244,#1243,#689,.T.);
#1506=EDGE_CURVE('',#1245,#1244,#54,.T.);
#1507=EDGE_CURVE('',#1246,#1245,#690,.T.);
#1508=EDGE_CURVE('',#1246,#1247,#691,.T.);
#1509=EDGE_CURVE('',#1247,#1248,#692,.T.);
#1510=EDGE_CURVE('',#1249,#1248,#66,.T.);
#1511=EDGE_CURVE('',#1249,#1250,#693,.T.);
#1512=EDGE_CURVE('',#1228,#1250,#67,.T.);
#1513=EDGE_CURVE('',#1242,#1229,#694,.T.);
#1514=EDGE_CURVE('',#1215,#1241,#544,.T.);
#1515=EDGE_CURVE('',#1216,#1242,#545,.T.);
#1516=EDGE_CURVE('',#1242,#1251,#546,.T.);
#1517=EDGE_CURVE('',#1217,#1251,#547,.T.);
#1518=EDGE_CURVE('',#1251,#1252,#695,.T.);
#1519=EDGE_CURVE('',#1218,#1252,#548,.T.);
#1520=EDGE_CURVE('',#1252,#1253,#549,.T.);
#1521=EDGE_CURVE('',#1219,#1253,#550,.T.);
#1522=EDGE_CURVE('',#1253,#1254,#696,.T.);
#1523=EDGE_CURVE('',#1220,#1254,#551,.T.);
#1524=EDGE_CURVE('',#1220,#1255,#68,.T.);
#1525=EDGE_CURVE('',#1254,#1256,#55,.T.);
#1526=EDGE_CURVE('',#1255,#1256,#552,.T.);
#1527=EDGE_CURVE('',#1257,#1211,#69,.T.);
#1528=EDGE_CURVE('',#1257,#1255,#697,.T.);
#1529=EDGE_CURVE('',#1257,#1204,#553,.T.);
#1530=EDGE_CURVE('',#1258,#1257,#698,.T.);
#1531=EDGE_CURVE('',#1258,#1205,#554,.T.);
#1532=EDGE_CURVE('',#1255,#1259,#699,.T.);
#1533=EDGE_CURVE('',#1258,#1259,#700,.T.);
#1534=EDGE_CURVE('',#1162,#1258,#56,.T.);
#1535=EDGE_CURVE('',#1259,#1163,#57,.T.);
#1536=EDGE_CURVE('',#1259,#1260,#555,.T.);
#1537=EDGE_CURVE('',#1260,#1261,#58,.T.);
#1538=EDGE_CURVE('',#1163,#1261,#556,.T.);
#1539=EDGE_CURVE('',#1164,#1262,#557,.T.);
#1540=EDGE_CURVE('',#1261,#1262,#701,.T.);
#1541=EDGE_CURVE('',#1263,#1262,#702,.T.);
#1542=EDGE_CURVE('',#1263,#1264,#703,.T.);
#1543=EDGE_CURVE('',#1264,#1165,#704,.T.);
#1544=EDGE_CURVE('',#1246,#1265,#558,.T.);
#1545=EDGE_CURVE('',#1266,#1265,#705,.T.);
#1546=EDGE_CURVE('',#1266,#1267,#706,.T.);
#1547=EDGE_CURVE('',#1247,#1267,#707,.T.);
#1548=EDGE_CURVE('',#1264,#1268,#559,.T.);
#1549=EDGE_CURVE('',#1268,#1166,#708,.T.);
#1550=EDGE_CURVE('',#1269,#1270,#709,.T.);
#1551=EDGE_CURVE('',#1267,#1270,#560,.T.);
#1552=EDGE_CURVE('',#1266,#1269,#561,.T.);
#1553=EDGE_CURVE('',#1271,#1268,#710,.T.);
#1554=EDGE_CURVE('',#1271,#1167,#711,.T.);
#1555=EDGE_CURVE('',#1272,#1273,#712,.T.);
#1556=EDGE_CURVE('',#1273,#1270,#713,.T.);
#1557=EDGE_CURVE('',#1272,#1269,#714,.T.);
#1558=EDGE_CURVE('',#1195,#1271,#562,.T.);
#1559=EDGE_CURVE('',#1199,#1273,#563,.T.);
#1560=EDGE_CURVE('',#1200,#1272,#564,.T.);
#1561=EDGE_CURVE('',#1274,#1263,#715,.T.);
#1562=EDGE_CURVE('',#1206,#1274,#716,.T.);
#1563=EDGE_CURVE('',#1275,#1276,#717,.T.);
#1564=EDGE_CURVE('',#1276,#1277,#565,.T.);
#1565=EDGE_CURVE('',#1277,#1278,#718,.T.);
#1566=EDGE_CURVE('',#1278,#1279,#566,.T.);
#1567=EDGE_CURVE('',#1279,#1280,#719,.T.);
#1568=EDGE_CURVE('',#1280,#1275,#567,.T.);
#1569=EDGE_CURVE('',#1281,#1282,#720,.T.);
#1570=EDGE_CURVE('',#1282,#1283,#568,.T.);
#1571=EDGE_CURVE('',#1283,#1284,#721,.T.);
#1572=EDGE_CURVE('',#1284,#1285,#569,.T.);
#1573=EDGE_CURVE('',#1285,#1286,#722,.T.);
#1574=EDGE_CURVE('',#1286,#1281,#570,.T.);
#1575=EDGE_CURVE('',#1287,#1288,#723,.T.);
#1576=EDGE_CURVE('',#1288,#1289,#571,.T.);
#1577=EDGE_CURVE('',#1289,#1290,#724,.T.);
#1578=EDGE_CURVE('',#1290,#1291,#572,.T.);
#1579=EDGE_CURVE('',#1291,#1292,#725,.T.);
#1580=EDGE_CURVE('',#1292,#1287,#573,.T.);
#1581=EDGE_CURVE('',#1293,#1294,#726,.T.);
#1582=EDGE_CURVE('',#1294,#1295,#574,.T.);
#1583=EDGE_CURVE('',#1295,#1296,#727,.T.);
#1584=EDGE_CURVE('',#1296,#1297,#575,.T.);
#1585=EDGE_CURVE('',#1297,#1298,#728,.T.);
#1586=EDGE_CURVE('',#1298,#1293,#576,.T.);
#1587=EDGE_CURVE('',#1274,#1299,#70,.T.);
#1588=EDGE_CURVE('',#1207,#1299,#729,.T.);
#1589=EDGE_CURVE('',#1256,#1260,#730,.T.);
#1590=EDGE_CURVE('',#1253,#1235,#731,.T.);
#1591=EDGE_CURVE('',#1300,#1234,#71,.T.);
#1592=EDGE_CURVE('',#1300,#1299,#732,.T.);
#1593=EDGE_CURVE('',#1208,#1300,#733,.T.);
#1594=EDGE_CURVE('',#1252,#1236,#734,.T.);
#1595=EDGE_CURVE('',#1251,#1237,#735,.T.);
#1596=EDGE_CURVE('',#1301,#1302,#736,.T.);
#1597=EDGE_CURVE('',#1301,#1276,#737,.T.);
#1598=EDGE_CURVE('',#1302,#1275,#738,.T.);
#1599=EDGE_CURVE('',#1303,#1304,#739,.T.);
#1600=EDGE_CURVE('',#1303,#1305,#740,.T.);
#1601=EDGE_CURVE('',#1305,#1306,#741,.T.);
#1602=EDGE_CURVE('',#1304,#1306,#742,.T.);
#1603=EDGE_CURVE('',#1180,#1301,#743,.T.);
#1604=EDGE_CURVE('',#1175,#1302,#744,.T.);
#1605=EDGE_CURVE('',#1302,#1307,#577,.T.);
#1606=EDGE_CURVE('',#1176,#1307,#745,.T.);
#1607=EDGE_CURVE('',#1307,#1308,#746,.T.);
#1608=EDGE_CURVE('',#1177,#1308,#747,.T.);
#1609=EDGE_CURVE('',#1308,#1309,#578,.T.);
#1610=EDGE_CURVE('',#1178,#1309,#748,.T.);
#1611=EDGE_CURVE('',#1309,#1310,#749,.T.);
#1612=EDGE_CURVE('',#1179,#1310,#750,.T.);
#1613=EDGE_CURVE('',#1310,#1301,#579,.T.);
#1614=EDGE_CURVE('',#1310,#1277,#751,.T.);
#1615=EDGE_CURVE('',#1309,#1278,#752,.T.);
#1616=EDGE_CURVE('',#1311,#1312,#753,.T.);
#1617=EDGE_CURVE('',#1313,#1312,#754,.T.);
#1618=EDGE_CURVE('',#1314,#1313,#755,.T.);
#1619=EDGE_CURVE('',#1314,#1311,#756,.T.);
#1620=EDGE_CURVE('',#1308,#1279,#757,.T.);
#1621=EDGE_CURVE('',#1307,#1280,#758,.T.);
#1622=EDGE_CURVE('',#1315,#1316,#759,.T.);
#1623=EDGE_CURVE('',#1315,#1317,#760,.T.);
#1624=EDGE_CURVE('',#1317,#1318,#761,.T.);
#1625=EDGE_CURVE('',#1316,#1318,#762,.T.);
#1626=EDGE_CURVE('',#1312,#1316,#580,.T.);
#1627=EDGE_CURVE('',#1315,#1311,#581,.T.);
#1628=EDGE_CURVE('',#1197,#1319,#763,.T.);
#1629=EDGE_CURVE('',#1319,#1248,#764,.T.);
#1630=EDGE_CURVE('',#1314,#1305,#582,.T.);
#1631=EDGE_CURVE('',#1303,#1317,#583,.T.);
#1632=EDGE_CURVE('',#1320,#1321,#765,.T.);
#1633=EDGE_CURVE('',#1320,#1322,#584,.T.);
#1634=EDGE_CURVE('',#1323,#1322,#766,.T.);
#1635=EDGE_CURVE('',#1323,#1324,#585,.T.);
#1636=EDGE_CURVE('',#1325,#1324,#767,.T.);
#1637=EDGE_CURVE('',#1325,#1321,#586,.T.);
#1638=EDGE_CURVE('',#1326,#1327,#768,.T.);
#1639=EDGE_CURVE('',#1326,#1328,#587,.T.);
#1640=EDGE_CURVE('',#1329,#1328,#769,.T.);
#1641=EDGE_CURVE('',#1329,#1330,#588,.T.);
#1642=EDGE_CURVE('',#1331,#1330,#770,.T.);
#1643=EDGE_CURVE('',#1331,#1327,#589,.T.);
#1644=EDGE_CURVE('',#1332,#1333,#771,.T.);
#1645=EDGE_CURVE('',#1332,#1334,#590,.T.);
#1646=EDGE_CURVE('',#1335,#1334,#772,.T.);
#1647=EDGE_CURVE('',#1335,#1336,#591,.T.);
#1648=EDGE_CURVE('',#1337,#1336,#773,.T.);
#1649=EDGE_CURVE('',#1337,#1333,#592,.T.);
#1650=EDGE_CURVE('',#1338,#1319,#72,.T.);
#1651=EDGE_CURVE('',#1338,#1249,#774,.T.);
#1652=EDGE_CURVE('',#1338,#1339,#775,.T.);
#1653=EDGE_CURVE('',#1339,#1250,#776,.T.);
#1654=EDGE_CURVE('',#1230,#1339,#73,.T.);
#1655=EDGE_CURVE('',#1340,#1341,#777,.T.);
#1656=EDGE_CURVE('',#1340,#1231,#778,.T.);
#1657=EDGE_CURVE('',#1342,#1198,#779,.T.);
#1658=EDGE_CURVE('',#1343,#1342,#59,.T.);
#1659=EDGE_CURVE('',#1344,#1343,#780,.T.);
#1660=EDGE_CURVE('',#1341,#1344,#60,.T.);
#1661=EDGE_CURVE('',#1213,#1340,#593,.T.);
#1662=EDGE_CURVE('',#1214,#1341,#594,.T.);
#1663=EDGE_CURVE('',#1345,#1344,#595,.T.);
#1664=EDGE_CURVE('',#1214,#1345,#74,.T.);
#1665=EDGE_CURVE('',#1345,#1346,#781,.T.);
#1666=EDGE_CURVE('',#1346,#1215,#75,.T.);
#1667=EDGE_CURVE('',#1346,#1243,#596,.T.);
#1668=EDGE_CURVE('',#1347,#1346,#782,.T.);
#1669=EDGE_CURVE('',#1347,#1244,#597,.T.);
#1670=EDGE_CURVE('',#1345,#1348,#783,.T.);
#1671=EDGE_CURVE('',#1348,#1347,#784,.T.);
#1672=EDGE_CURVE('',#1348,#1343,#598,.T.);
#1673=EDGE_CURVE('',#1348,#1349,#76,.T.);
#1674=EDGE_CURVE('',#1349,#1342,#599,.T.);
#1675=EDGE_CURVE('',#1349,#1350,#785,.T.);
#1676=EDGE_CURVE('',#1350,#1347,#61,.T.);
#1677=EDGE_CURVE('',#1350,#1245,#600,.T.);
#1678=EDGE_CURVE('',#1265,#1350,#786,.T.);
#1679=EDGE_CURVE('',#1349,#1201,#787,.T.);
#1680=EDGE_CURVE('',#1351,#1352,#601,.T.);
#1681=EDGE_CURVE('',#1352,#1353,#788,.T.);
#1682=EDGE_CURVE('',#1353,#1354,#602,.T.);
#1683=EDGE_CURVE('',#1354,#1355,#789,.T.);
#1684=EDGE_CURVE('',#1355,#1356,#603,.T.);
#1685=EDGE_CURVE('',#1356,#1351,#790,.T.);
#1686=EDGE_CURVE('',#1357,#1358,#604,.T.);
#1687=EDGE_CURVE('',#1358,#1359,#791,.T.);
#1688=EDGE_CURVE('',#1359,#1360,#605,.T.);
#1689=EDGE_CURVE('',#1360,#1361,#792,.T.);
#1690=EDGE_CURVE('',#1361,#1362,#606,.T.);
#1691=EDGE_CURVE('',#1362,#1357,#793,.T.);
#1692=EDGE_CURVE('',#1363,#1364,#607,.T.);
#1693=EDGE_CURVE('',#1364,#1365,#794,.T.);
#1694=EDGE_CURVE('',#1365,#1366,#608,.T.);
#1695=EDGE_CURVE('',#1366,#1367,#795,.T.);
#1696=EDGE_CURVE('',#1367,#1368,#609,.T.);
#1697=EDGE_CURVE('',#1368,#1363,#796,.T.);
#1698=EDGE_CURVE('',#1369,#1370,#610,.T.);
#1699=EDGE_CURVE('',#1370,#1371,#797,.T.);
#1700=EDGE_CURVE('',#1371,#1372,#611,.T.);
#1701=EDGE_CURVE('',#1372,#1373,#798,.T.);
#1702=EDGE_CURVE('',#1373,#1374,#612,.T.);
#1703=EDGE_CURVE('',#1374,#1369,#799,.T.);
#1704=EDGE_CURVE('',#1351,#1375,#800,.T.);
#1705=EDGE_CURVE('',#1375,#1376,#613,.T.);
#1706=EDGE_CURVE('',#1352,#1376,#801,.T.);
#1707=EDGE_CURVE('',#1376,#1377,#802,.T.);
#1708=EDGE_CURVE('',#1353,#1377,#803,.T.);
#1709=EDGE_CURVE('',#1377,#1378,#614,.T.);
#1710=EDGE_CURVE('',#1354,#1378,#804,.T.);
#1711=EDGE_CURVE('',#1378,#1379,#805,.T.);
#1712=EDGE_CURVE('',#1355,#1379,#806,.T.);
#1713=EDGE_CURVE('',#1379,#1380,#615,.T.);
#1714=EDGE_CURVE('',#1356,#1380,#807,.T.);
#1715=EDGE_CURVE('',#1380,#1375,#808,.T.);
#1716=EDGE_CURVE('',#1381,#1382,#809,.T.);
#1717=EDGE_CURVE('',#1381,#1282,#810,.T.);
#1718=EDGE_CURVE('',#1382,#1281,#811,.T.);
#1719=EDGE_CURVE('',#1325,#1380,#812,.T.);
#1720=EDGE_CURVE('',#1324,#1375,#813,.T.);
#1721=EDGE_CURVE('',#1172,#1381,#814,.T.);
#1722=EDGE_CURVE('',#1173,#1382,#815,.T.);
#1723=EDGE_CURVE('',#1382,#1383,#616,.T.);
#1724=EDGE_CURVE('',#1174,#1383,#816,.T.);
#1725=EDGE_CURVE('',#1383,#1384,#817,.T.);
#1726=EDGE_CURVE('',#1169,#1384,#818,.T.);
#1727=EDGE_CURVE('',#1384,#1385,#617,.T.);
#1728=EDGE_CURVE('',#1170,#1385,#819,.T.);
#1729=EDGE_CURVE('',#1385,#1386,#820,.T.);
#1730=EDGE_CURVE('',#1171,#1386,#821,.T.);
#1731=EDGE_CURVE('',#1386,#1381,#618,.T.);
#1732=EDGE_CURVE('',#1386,#1283,#822,.T.);
#1733=EDGE_CURVE('',#1385,#1284,#823,.T.);
#1734=EDGE_CURVE('',#1323,#1376,#824,.T.);
#1735=EDGE_CURVE('',#1322,#1377,#825,.T.);
#1736=EDGE_CURVE('',#1384,#1285,#826,.T.);
#1737=EDGE_CURVE('',#1383,#1286,#827,.T.);
#1738=EDGE_CURVE('',#1321,#1379,#828,.T.);
#1739=EDGE_CURVE('',#1320,#1378,#829,.T.);
#1740=EDGE_CURVE('',#1357,#1312,#830,.T.);
#1741=EDGE_CURVE('',#1358,#1316,#831,.T.);
#1742=EDGE_CURVE('',#1359,#1318,#832,.T.);
#1743=EDGE_CURVE('',#1318,#1304,#619,.T.);
#1744=EDGE_CURVE('',#1360,#1304,#833,.T.);
#1745=EDGE_CURVE('',#1361,#1306,#834,.T.);
#1746=EDGE_CURVE('',#1306,#1313,#620,.T.);
#1747=EDGE_CURVE('',#1362,#1313,#835,.T.);
#1748=EDGE_CURVE('',#1363,#1387,#836,.T.);
#1749=EDGE_CURVE('',#1387,#1388,#621,.T.);
#1750=EDGE_CURVE('',#1364,#1388,#837,.T.);
#1751=EDGE_CURVE('',#1388,#1389,#838,.T.);
#1752=EDGE_CURVE('',#1365,#1389,#839,.T.);
#1753=EDGE_CURVE('',#1389,#1390,#622,.T.);
#1754=EDGE_CURVE('',#1366,#1390,#840,.T.);
#1755=EDGE_CURVE('',#1390,#1391,#841,.T.);
#1756=EDGE_CURVE('',#1367,#1391,#842,.T.);
#1757=EDGE_CURVE('',#1391,#1392,#623,.T.);
#1758=EDGE_CURVE('',#1368,#1392,#843,.T.);
#1759=EDGE_CURVE('',#1392,#1387,#844,.T.);
#1760=EDGE_CURVE('',#1393,#1394,#845,.T.);
#1761=EDGE_CURVE('',#1393,#1294,#846,.T.);
#1762=EDGE_CURVE('',#1394,#1293,#847,.T.);
#1763=EDGE_CURVE('',#1337,#1392,#848,.T.);
#1764=EDGE_CURVE('',#1336,#1387,#849,.T.);
#1765=EDGE_CURVE('',#1184,#1393,#850,.T.);
#1766=EDGE_CURVE('',#1185,#1394,#851,.T.);
#1767=EDGE_CURVE('',#1394,#1395,#624,.T.);
#1768=EDGE_CURVE('',#1186,#1395,#852,.T.);
#1769=EDGE_CURVE('',#1395,#1396,#853,.T.);
#1770=EDGE_CURVE('',#1181,#1396,#854,.T.);
#1771=EDGE_CURVE('',#1396,#1397,#625,.T.);
#1772=EDGE_CURVE('',#1182,#1397,#855,.T.);
#1773=EDGE_CURVE('',#1397,#1398,#856,.T.);
#1774=EDGE_CURVE('',#1183,#1398,#857,.T.);
#1775=EDGE_CURVE('',#1398,#1393,#626,.T.);
#1776=EDGE_CURVE('',#1398,#1295,#858,.T.);
#1777=EDGE_CURVE('',#1397,#1296,#859,.T.);
#1778=EDGE_CURVE('',#1335,#1388,#860,.T.);
#1779=EDGE_CURVE('',#1334,#1389,#861,.T.);
#1780=EDGE_CURVE('',#1396,#1297,#862,.T.);
#1781=EDGE_CURVE('',#1395,#1298,#863,.T.);
#1782=EDGE_CURVE('',#1333,#1391,#864,.T.);
#1783=EDGE_CURVE('',#1332,#1390,#865,.T.);
#1784=EDGE_CURVE('',#1369,#1399,#866,.T.);
#1785=EDGE_CURVE('',#1399,#1400,#627,.T.);
#1786=EDGE_CURVE('',#1370,#1400,#867,.T.);
#1787=EDGE_CURVE('',#1400,#1401,#868,.T.);
#1788=EDGE_CURVE('',#1371,#1401,#869,.T.);
#1789=EDGE_CURVE('',#1401,#1402,#628,.T.);
#1790=EDGE_CURVE('',#1372,#1402,#870,.T.);
#1791=EDGE_CURVE('',#1402,#1403,#871,.T.);
#1792=EDGE_CURVE('',#1373,#1403,#872,.T.);
#1793=EDGE_CURVE('',#1403,#1404,#629,.T.);
#1794=EDGE_CURVE('',#1374,#1404,#873,.T.);
#1795=EDGE_CURVE('',#1404,#1399,#874,.T.);
#1796=EDGE_CURVE('',#1405,#1406,#875,.T.);
#1797=EDGE_CURVE('',#1405,#1288,#876,.T.);
#1798=EDGE_CURVE('',#1406,#1287,#877,.T.);
#1799=EDGE_CURVE('',#1331,#1404,#878,.T.);
#1800=EDGE_CURVE('',#1330,#1399,#879,.T.);
#1801=EDGE_CURVE('',#1190,#1405,#880,.T.);
#1802=EDGE_CURVE('',#1191,#1406,#881,.T.);
#1803=EDGE_CURVE('',#1406,#1407,#630,.T.);
#1804=EDGE_CURVE('',#1192,#1407,#882,.T.);
#1805=EDGE_CURVE('',#1407,#1408,#883,.T.);
#1806=EDGE_CURVE('',#1187,#1408,#884,.T.);
#1807=EDGE_CURVE('',#1408,#1409,#631,.T.);
#1808=EDGE_CURVE('',#1188,#1409,#885,.T.);
#1809=EDGE_CURVE('',#1409,#1410,#886,.T.);
#1810=EDGE_CURVE('',#1189,#1410,#887,.T.);
#1811=EDGE_CURVE('',#1410,#1405,#632,.T.);
#1812=EDGE_CURVE('',#1410,#1289,#888,.T.);
#1813=EDGE_CURVE('',#1409,#1290,#889,.T.);
#1814=EDGE_CURVE('',#1329,#1400,#890,.T.);
#1815=EDGE_CURVE('',#1328,#1401,#891,.T.);
#1816=EDGE_CURVE('',#1408,#1291,#892,.T.);
#1817=EDGE_CURVE('',#1407,#1292,#893,.T.);
#1818=EDGE_CURVE('',#1327,#1403,#894,.T.);
#1819=EDGE_CURVE('',#1326,#1402,#895,.T.);
#1820=EDGE_CURVE('',#1222,#1411,#633,.T.);
#1821=EDGE_CURVE('',#1411,#1340,#634,.T.);
#1822=EDGE_CURVE('',#1411,#1232,#896,.T.);
#1823=EDGE_CURVE('',#1412,#1411,#897,.T.);
#1824=EDGE_CURVE('',#1412,#1233,#898,.T.);
#1825=EDGE_CURVE('',#1221,#1412,#635,.T.);
#1826=EDGE_CURVE('',#1203,#1412,#636,.T.);
#1827=ORIENTED_EDGE('',*,*,#1413,.T.);
#1828=ORIENTED_EDGE('',*,*,#1414,.T.);
#1829=ORIENTED_EDGE('',*,*,#1415,.T.);
#1830=ORIENTED_EDGE('',*,*,#1416,.T.);
#1831=ORIENTED_EDGE('',*,*,#1417,.T.);
#1832=ORIENTED_EDGE('',*,*,#1418,.F.);
#1833=ORIENTED_EDGE('',*,*,#1419,.F.);
#1834=ORIENTED_EDGE('',*,*,#1420,.T.);
#1835=ORIENTED_EDGE('',*,*,#1421,.T.);
#1836=ORIENTED_EDGE('',*,*,#1422,.T.);
#1837=ORIENTED_EDGE('',*,*,#1423,.T.);
#1838=ORIENTED_EDGE('',*,*,#1424,.T.);
#1839=ORIENTED_EDGE('',*,*,#1425,.T.);
#1840=ORIENTED_EDGE('',*,*,#1426,.T.);
#1841=ORIENTED_EDGE('',*,*,#1427,.T.);
#1842=ORIENTED_EDGE('',*,*,#1428,.T.);
#1843=ORIENTED_EDGE('',*,*,#1429,.T.);
#1844=ORIENTED_EDGE('',*,*,#1430,.T.);
#1845=ORIENTED_EDGE('',*,*,#1431,.T.);
#1846=ORIENTED_EDGE('',*,*,#1432,.T.);
#1847=ORIENTED_EDGE('',*,*,#1433,.T.);
#1848=ORIENTED_EDGE('',*,*,#1434,.T.);
#1849=ORIENTED_EDGE('',*,*,#1435,.T.);
#1850=ORIENTED_EDGE('',*,*,#1436,.T.);
#1851=ORIENTED_EDGE('',*,*,#1437,.T.);
#1852=ORIENTED_EDGE('',*,*,#1438,.T.);
#1853=ORIENTED_EDGE('',*,*,#1439,.T.);
#1854=ORIENTED_EDGE('',*,*,#1440,.T.);
#1855=ORIENTED_EDGE('',*,*,#1441,.T.);
#1856=ORIENTED_EDGE('',*,*,#1442,.T.);
#1857=ORIENTED_EDGE('',*,*,#1443,.T.);
#1858=ORIENTED_EDGE('',*,*,#1444,.T.);
#1859=ORIENTED_EDGE('',*,*,#1445,.F.);
#1860=ORIENTED_EDGE('',*,*,#1446,.T.);
#1861=ORIENTED_EDGE('',*,*,#1447,.F.);
#1862=ORIENTED_EDGE('',*,*,#1413,.F.);
#1863=ORIENTED_EDGE('',*,*,#1445,.T.);
#1864=ORIENTED_EDGE('',*,*,#1420,.F.);
#1865=ORIENTED_EDGE('',*,*,#1448,.F.);
#1866=ORIENTED_EDGE('',*,*,#1449,.F.);
#1867=ORIENTED_EDGE('',*,*,#1450,.F.);
#1868=ORIENTED_EDGE('',*,*,#1451,.F.);
#1869=ORIENTED_EDGE('',*,*,#1452,.T.);
#1870=ORIENTED_EDGE('',*,*,#1453,.F.);
#1871=ORIENTED_EDGE('',*,*,#1454,.F.);
#1872=ORIENTED_EDGE('',*,*,#1455,.T.);
#1873=ORIENTED_EDGE('',*,*,#1456,.F.);
#1874=ORIENTED_EDGE('',*,*,#1457,.F.);
#1875=ORIENTED_EDGE('',*,*,#1458,.F.);
#1876=ORIENTED_EDGE('',*,*,#1459,.F.);
#1877=ORIENTED_EDGE('',*,*,#1446,.F.);
#1878=ORIENTED_EDGE('',*,*,#1450,.T.);
#1879=ORIENTED_EDGE('',*,*,#1460,.F.);
#1880=ORIENTED_EDGE('',*,*,#1461,.T.);
#1881=ORIENTED_EDGE('',*,*,#1462,.F.);
#1882=ORIENTED_EDGE('',*,*,#1463,.T.);
#1883=ORIENTED_EDGE('',*,*,#1464,.T.);
#1884=ORIENTED_EDGE('',*,*,#1465,.F.);
#1885=ORIENTED_EDGE('',*,*,#1466,.F.);
#1886=ORIENTED_EDGE('',*,*,#1467,.T.);
#1887=ORIENTED_EDGE('',*,*,#1456,.T.);
#1888=ORIENTED_EDGE('',*,*,#1468,.F.);
#1889=ORIENTED_EDGE('',*,*,#1469,.T.);
#1890=ORIENTED_EDGE('',*,*,#1470,.T.);
#1891=ORIENTED_EDGE('',*,*,#1471,.T.);
#1892=ORIENTED_EDGE('',*,*,#1472,.T.);
#1893=ORIENTED_EDGE('',*,*,#1473,.T.);
#1894=ORIENTED_EDGE('',*,*,#1474,.T.);
#1895=ORIENTED_EDGE('',*,*,#1475,.T.);
#1896=ORIENTED_EDGE('',*,*,#1476,.F.);
#1897=ORIENTED_EDGE('',*,*,#1466,.T.);
#1898=ORIENTED_EDGE('',*,*,#1477,.T.);
#1899=ORIENTED_EDGE('',*,*,#1478,.T.);
#1900=ORIENTED_EDGE('',*,*,#1479,.T.);
#1901=ORIENTED_EDGE('',*,*,#1480,.F.);
#1902=ORIENTED_EDGE('',*,*,#1481,.F.);
#1903=ORIENTED_EDGE('',*,*,#1482,.F.);
#1904=ORIENTED_EDGE('',*,*,#1483,.T.);
#1905=ORIENTED_EDGE('',*,*,#1481,.T.);
#1906=ORIENTED_EDGE('',*,*,#1483,.F.);
#1907=ORIENTED_EDGE('',*,*,#1482,.T.);
#1908=ORIENTED_EDGE('',*,*,#1484,.T.);
#1909=ORIENTED_EDGE('',*,*,#1485,.F.);
#1910=ORIENTED_EDGE('',*,*,#1486,.T.);
#1911=ORIENTED_EDGE('',*,*,#1484,.F.);
#1912=ORIENTED_EDGE('',*,*,#1486,.F.);
#1913=ORIENTED_EDGE('',*,*,#1487,.F.);
#1914=ORIENTED_EDGE('',*,*,#1488,.F.);
#1915=ORIENTED_EDGE('',*,*,#1489,.T.);
#1916=ORIENTED_EDGE('',*,*,#1490,.T.);
#1917=ORIENTED_EDGE('',*,*,#1491,.F.);
#1918=ORIENTED_EDGE('',*,*,#1492,.T.);
#1919=ORIENTED_EDGE('',*,*,#1464,.F.);
#1920=ORIENTED_EDGE('',*,*,#1493,.T.);
#1921=ORIENTED_EDGE('',*,*,#1494,.T.);
#1922=ORIENTED_EDGE('',*,*,#1495,.T.);
#1923=ORIENTED_EDGE('',*,*,#1496,.F.);
#1924=ORIENTED_EDGE('',*,*,#1497,.T.);
#1925=ORIENTED_EDGE('',*,*,#1498,.T.);
#1926=ORIENTED_EDGE('',*,*,#1485,.T.);
#1927=ORIENTED_EDGE('',*,*,#1498,.F.);
#1928=ORIENTED_EDGE('',*,*,#1499,.T.);
#1929=ORIENTED_EDGE('',*,*,#1500,.T.);
#1930=ORIENTED_EDGE('',*,*,#1499,.F.);
#1931=ORIENTED_EDGE('',*,*,#1501,.T.);
#1932=ORIENTED_EDGE('',*,*,#1500,.F.);
#1933=ORIENTED_EDGE('',*,*,#1501,.F.);
#1934=ORIENTED_EDGE('',*,*,#1502,.T.);
#1935=ORIENTED_EDGE('',*,*,#1480,.T.);
#1936=ORIENTED_EDGE('',*,*,#1502,.F.);
#1937=ORIENTED_EDGE('',*,*,#1503,.F.);
#1938=ORIENTED_EDGE('',*,*,#1504,.F.);
#1939=ORIENTED_EDGE('',*,*,#1505,.F.);
#1940=ORIENTED_EDGE('',*,*,#1506,.F.);
#1941=ORIENTED_EDGE('',*,*,#1507,.F.);
#1942=ORIENTED_EDGE('',*,*,#1508,.T.);
#1943=ORIENTED_EDGE('',*,*,#1509,.T.);
#1944=ORIENTED_EDGE('',*,*,#1510,.F.);
#1945=ORIENTED_EDGE('',*,*,#1511,.T.);
#1946=ORIENTED_EDGE('',*,*,#1512,.F.);
#1947=ORIENTED_EDGE('',*,*,#1487,.T.);
#1948=ORIENTED_EDGE('',*,*,#1513,.F.);
#1949=ORIENTED_EDGE('',*,*,#1471,.F.);
#1950=ORIENTED_EDGE('',*,*,#1514,.T.);
#1951=ORIENTED_EDGE('',*,*,#1503,.T.);
#1952=ORIENTED_EDGE('',*,*,#1515,.F.);
#1953=ORIENTED_EDGE('',*,*,#1472,.F.);
#1954=ORIENTED_EDGE('',*,*,#1515,.T.);
#1955=ORIENTED_EDGE('',*,*,#1516,.T.);
#1956=ORIENTED_EDGE('',*,*,#1517,.F.);
#1957=ORIENTED_EDGE('',*,*,#1473,.F.);
#1958=ORIENTED_EDGE('',*,*,#1517,.T.);
#1959=ORIENTED_EDGE('',*,*,#1518,.T.);
#1960=ORIENTED_EDGE('',*,*,#1519,.F.);
#1961=ORIENTED_EDGE('',*,*,#1474,.F.);
#1962=ORIENTED_EDGE('',*,*,#1519,.T.);
#1963=ORIENTED_EDGE('',*,*,#1520,.T.);
#1964=ORIENTED_EDGE('',*,*,#1521,.F.);
#1965=ORIENTED_EDGE('',*,*,#1475,.F.);
#1966=ORIENTED_EDGE('',*,*,#1521,.T.);
#1967=ORIENTED_EDGE('',*,*,#1522,.T.);
#1968=ORIENTED_EDGE('',*,*,#1523,.F.);
#1969=ORIENTED_EDGE('',*,*,#1524,.F.);
#1970=ORIENTED_EDGE('',*,*,#1523,.T.);
#1971=ORIENTED_EDGE('',*,*,#1525,.T.);
#1972=ORIENTED_EDGE('',*,*,#1526,.F.);
#1973=ORIENTED_EDGE('',*,*,#1527,.T.);
#1974=ORIENTED_EDGE('',*,*,#1476,.T.);
#1975=ORIENTED_EDGE('',*,*,#1524,.T.);
#1976=ORIENTED_EDGE('',*,*,#1528,.F.);
#1977=ORIENTED_EDGE('',*,*,#1527,.F.);
#1978=ORIENTED_EDGE('',*,*,#1529,.T.);
#1979=ORIENTED_EDGE('',*,*,#1457,.T.);
#1980=ORIENTED_EDGE('',*,*,#1467,.F.);
#1981=ORIENTED_EDGE('',*,*,#1530,.F.);
#1982=ORIENTED_EDGE('',*,*,#1531,.T.);
#1983=ORIENTED_EDGE('',*,*,#1458,.T.);
#1984=ORIENTED_EDGE('',*,*,#1529,.F.);
#1985=ORIENTED_EDGE('',*,*,#1530,.T.);
#1986=ORIENTED_EDGE('',*,*,#1528,.T.);
#1987=ORIENTED_EDGE('',*,*,#1532,.T.);
#1988=ORIENTED_EDGE('',*,*,#1533,.F.);
#1989=ORIENTED_EDGE('',*,*,#1534,.T.);
#1990=ORIENTED_EDGE('',*,*,#1533,.T.);
#1991=ORIENTED_EDGE('',*,*,#1535,.T.);
#1992=ORIENTED_EDGE('',*,*,#1414,.F.);
#1993=ORIENTED_EDGE('',*,*,#1534,.F.);
#1994=ORIENTED_EDGE('',*,*,#1447,.T.);
#1995=ORIENTED_EDGE('',*,*,#1459,.T.);
#1996=ORIENTED_EDGE('',*,*,#1531,.F.);
#1997=ORIENTED_EDGE('',*,*,#1535,.F.);
#1998=ORIENTED_EDGE('',*,*,#1536,.T.);
#1999=ORIENTED_EDGE('',*,*,#1537,.T.);
#2000=ORIENTED_EDGE('',*,*,#1538,.F.);
#2001=ORIENTED_EDGE('',*,*,#1539,.F.);
#2002=ORIENTED_EDGE('',*,*,#1415,.F.);
#2003=ORIENTED_EDGE('',*,*,#1538,.T.);
#2004=ORIENTED_EDGE('',*,*,#1540,.T.);
#2005=ORIENTED_EDGE('',*,*,#1539,.T.);
#2006=ORIENTED_EDGE('',*,*,#1541,.F.);
#2007=ORIENTED_EDGE('',*,*,#1542,.T.);
#2008=ORIENTED_EDGE('',*,*,#1543,.T.);
#2009=ORIENTED_EDGE('',*,*,#1416,.F.);
#2010=ORIENTED_EDGE('',*,*,#1508,.F.);
#2011=ORIENTED_EDGE('',*,*,#1544,.T.);
#2012=ORIENTED_EDGE('',*,*,#1545,.F.);
#2013=ORIENTED_EDGE('',*,*,#1546,.T.);
#2014=ORIENTED_EDGE('',*,*,#1547,.F.);
#2015=ORIENTED_EDGE('',*,*,#1417,.F.);
#2016=ORIENTED_EDGE('',*,*,#1543,.F.);
#2017=ORIENTED_EDGE('',*,*,#1548,.T.);
#2018=ORIENTED_EDGE('',*,*,#1549,.T.);
#2019=ORIENTED_EDGE('',*,*,#1550,.T.);
#2020=ORIENTED_EDGE('',*,*,#1551,.F.);
#2021=ORIENTED_EDGE('',*,*,#1546,.F.);
#2022=ORIENTED_EDGE('',*,*,#1552,.T.);
#2023=ORIENTED_EDGE('',*,*,#1418,.T.);
#2024=ORIENTED_EDGE('',*,*,#1549,.F.);
#2025=ORIENTED_EDGE('',*,*,#1553,.F.);
#2026=ORIENTED_EDGE('',*,*,#1554,.T.);
#2027=ORIENTED_EDGE('',*,*,#1555,.T.);
#2028=ORIENTED_EDGE('',*,*,#1556,.T.);
#2029=ORIENTED_EDGE('',*,*,#1550,.F.);
#2030=ORIENTED_EDGE('',*,*,#1557,.F.);
#2031=ORIENTED_EDGE('',*,*,#1419,.T.);
#2032=ORIENTED_EDGE('',*,*,#1554,.F.);
#2033=ORIENTED_EDGE('',*,*,#1558,.F.);
#2034=ORIENTED_EDGE('',*,*,#1448,.T.);
#2035=ORIENTED_EDGE('',*,*,#1453,.T.);
#2036=ORIENTED_EDGE('',*,*,#1559,.T.);
#2037=ORIENTED_EDGE('',*,*,#1555,.F.);
#2038=ORIENTED_EDGE('',*,*,#1560,.F.);
#2039=ORIENTED_EDGE('',*,*,#1449,.T.);
#2040=ORIENTED_EDGE('',*,*,#1558,.T.);
#2041=ORIENTED_EDGE('',*,*,#1553,.T.);
#2042=ORIENTED_EDGE('',*,*,#1548,.F.);
#2043=ORIENTED_EDGE('',*,*,#1542,.F.);
#2044=ORIENTED_EDGE('',*,*,#1561,.F.);
#2045=ORIENTED_EDGE('',*,*,#1562,.F.);
#2046=ORIENTED_EDGE('',*,*,#1460,.T.);
#2047=ORIENTED_EDGE('',*,*,#1563,.T.);
#2048=ORIENTED_EDGE('',*,*,#1564,.T.);
#2049=ORIENTED_EDGE('',*,*,#1565,.T.);
#2050=ORIENTED_EDGE('',*,*,#1566,.T.);
#2051=ORIENTED_EDGE('',*,*,#1567,.T.);
#2052=ORIENTED_EDGE('',*,*,#1568,.T.);
#2053=ORIENTED_EDGE('',*,*,#1569,.T.);
#2054=ORIENTED_EDGE('',*,*,#1570,.T.);
#2055=ORIENTED_EDGE('',*,*,#1571,.T.);
#2056=ORIENTED_EDGE('',*,*,#1572,.T.);
#2057=ORIENTED_EDGE('',*,*,#1573,.T.);
#2058=ORIENTED_EDGE('',*,*,#1574,.T.);
#2059=ORIENTED_EDGE('',*,*,#1575,.T.);
#2060=ORIENTED_EDGE('',*,*,#1576,.T.);
#2061=ORIENTED_EDGE('',*,*,#1577,.T.);
#2062=ORIENTED_EDGE('',*,*,#1578,.T.);
#2063=ORIENTED_EDGE('',*,*,#1579,.T.);
#2064=ORIENTED_EDGE('',*,*,#1580,.T.);
#2065=ORIENTED_EDGE('',*,*,#1581,.T.);
#2066=ORIENTED_EDGE('',*,*,#1582,.T.);
#2067=ORIENTED_EDGE('',*,*,#1583,.T.);
#2068=ORIENTED_EDGE('',*,*,#1584,.T.);
#2069=ORIENTED_EDGE('',*,*,#1585,.T.);
#2070=ORIENTED_EDGE('',*,*,#1586,.T.);
#2071=ORIENTED_EDGE('',*,*,#1587,.T.);
#2072=ORIENTED_EDGE('',*,*,#1588,.F.);
#2073=ORIENTED_EDGE('',*,*,#1461,.F.);
#2074=ORIENTED_EDGE('',*,*,#1562,.T.);
#2075=ORIENTED_EDGE('',*,*,#1540,.F.);
#2076=ORIENTED_EDGE('',*,*,#1537,.F.);
#2077=ORIENTED_EDGE('',*,*,#1589,.F.);
#2078=ORIENTED_EDGE('',*,*,#1525,.F.);
#2079=ORIENTED_EDGE('',*,*,#1522,.F.);
#2080=ORIENTED_EDGE('',*,*,#1590,.T.);
#2081=ORIENTED_EDGE('',*,*,#1494,.F.);
#2082=ORIENTED_EDGE('',*,*,#1591,.F.);
#2083=ORIENTED_EDGE('',*,*,#1592,.T.);
#2084=ORIENTED_EDGE('',*,*,#1587,.F.);
#2085=ORIENTED_EDGE('',*,*,#1561,.T.);
#2086=ORIENTED_EDGE('',*,*,#1541,.T.);
#2087=ORIENTED_EDGE('',*,*,#1592,.F.);
#2088=ORIENTED_EDGE('',*,*,#1593,.F.);
#2089=ORIENTED_EDGE('',*,*,#1462,.T.);
#2090=ORIENTED_EDGE('',*,*,#1588,.T.);
#2091=ORIENTED_EDGE('',*,*,#1591,.T.);
#2092=ORIENTED_EDGE('',*,*,#1493,.F.);
#2093=ORIENTED_EDGE('',*,*,#1463,.F.);
#2094=ORIENTED_EDGE('',*,*,#1593,.T.);
#2095=ORIENTED_EDGE('',*,*,#1520,.F.);
#2096=ORIENTED_EDGE('',*,*,#1594,.T.);
#2097=ORIENTED_EDGE('',*,*,#1495,.F.);
#2098=ORIENTED_EDGE('',*,*,#1590,.F.);
#2099=ORIENTED_EDGE('',*,*,#1518,.F.);
#2100=ORIENTED_EDGE('',*,*,#1595,.T.);
#2101=ORIENTED_EDGE('',*,*,#1496,.T.);
#2102=ORIENTED_EDGE('',*,*,#1594,.F.);
#2103=ORIENTED_EDGE('',*,*,#1516,.F.);
#2104=ORIENTED_EDGE('',*,*,#1513,.T.);
#2105=ORIENTED_EDGE('',*,*,#1497,.F.);
#2106=ORIENTED_EDGE('',*,*,#1595,.F.);
#2107=ORIENTED_EDGE('',*,*,#1532,.F.);
#2108=ORIENTED_EDGE('',*,*,#1526,.T.);
#2109=ORIENTED_EDGE('',*,*,#1589,.T.);
#2110=ORIENTED_EDGE('',*,*,#1536,.F.);
#2111=ORIENTED_EDGE('',*,*,#1596,.F.);
#2112=ORIENTED_EDGE('',*,*,#1597,.T.);
#2113=ORIENTED_EDGE('',*,*,#1563,.F.);
#2114=ORIENTED_EDGE('',*,*,#1598,.F.);
#2115=ORIENTED_EDGE('',*,*,#1599,.F.);
#2116=ORIENTED_EDGE('',*,*,#1600,.T.);
#2117=ORIENTED_EDGE('',*,*,#1601,.T.);
#2118=ORIENTED_EDGE('',*,*,#1602,.F.);
#2119=ORIENTED_EDGE('',*,*,#1432,.F.);
#2120=ORIENTED_EDGE('',*,*,#1603,.T.);
#2121=ORIENTED_EDGE('',*,*,#1596,.T.);
#2122=ORIENTED_EDGE('',*,*,#1604,.F.);
#2123=ORIENTED_EDGE('',*,*,#1427,.F.);
#2124=ORIENTED_EDGE('',*,*,#1604,.T.);
#2125=ORIENTED_EDGE('',*,*,#1605,.T.);
#2126=ORIENTED_EDGE('',*,*,#1606,.F.);
#2127=ORIENTED_EDGE('',*,*,#1428,.F.);
#2128=ORIENTED_EDGE('',*,*,#1606,.T.);
#2129=ORIENTED_EDGE('',*,*,#1607,.T.);
#2130=ORIENTED_EDGE('',*,*,#1608,.F.);
#2131=ORIENTED_EDGE('',*,*,#1429,.F.);
#2132=ORIENTED_EDGE('',*,*,#1608,.T.);
#2133=ORIENTED_EDGE('',*,*,#1609,.T.);
#2134=ORIENTED_EDGE('',*,*,#1610,.F.);
#2135=ORIENTED_EDGE('',*,*,#1430,.F.);
#2136=ORIENTED_EDGE('',*,*,#1610,.T.);
#2137=ORIENTED_EDGE('',*,*,#1611,.T.);
#2138=ORIENTED_EDGE('',*,*,#1612,.F.);
#2139=ORIENTED_EDGE('',*,*,#1431,.F.);
#2140=ORIENTED_EDGE('',*,*,#1612,.T.);
#2141=ORIENTED_EDGE('',*,*,#1613,.T.);
#2142=ORIENTED_EDGE('',*,*,#1603,.F.);
#2143=ORIENTED_EDGE('',*,*,#1613,.F.);
#2144=ORIENTED_EDGE('',*,*,#1614,.T.);
#2145=ORIENTED_EDGE('',*,*,#1564,.F.);
#2146=ORIENTED_EDGE('',*,*,#1597,.F.);
#2147=ORIENTED_EDGE('',*,*,#1611,.F.);
#2148=ORIENTED_EDGE('',*,*,#1615,.T.);
#2149=ORIENTED_EDGE('',*,*,#1565,.F.);
#2150=ORIENTED_EDGE('',*,*,#1614,.F.);
#2151=ORIENTED_EDGE('',*,*,#1616,.T.);
#2152=ORIENTED_EDGE('',*,*,#1617,.F.);
#2153=ORIENTED_EDGE('',*,*,#1618,.F.);
#2154=ORIENTED_EDGE('',*,*,#1619,.T.);
#2155=ORIENTED_EDGE('',*,*,#1609,.F.);
#2156=ORIENTED_EDGE('',*,*,#1620,.T.);
#2157=ORIENTED_EDGE('',*,*,#1566,.F.);
#2158=ORIENTED_EDGE('',*,*,#1615,.F.);
#2159=ORIENTED_EDGE('',*,*,#1607,.F.);
#2160=ORIENTED_EDGE('',*,*,#1621,.T.);
#2161=ORIENTED_EDGE('',*,*,#1567,.F.);
#2162=ORIENTED_EDGE('',*,*,#1620,.F.);
#2163=ORIENTED_EDGE('',*,*,#1622,.F.);
#2164=ORIENTED_EDGE('',*,*,#1623,.T.);
#2165=ORIENTED_EDGE('',*,*,#1624,.T.);
#2166=ORIENTED_EDGE('',*,*,#1625,.F.);
#2167=ORIENTED_EDGE('',*,*,#1605,.F.);
#2168=ORIENTED_EDGE('',*,*,#1598,.T.);
#2169=ORIENTED_EDGE('',*,*,#1568,.F.);
#2170=ORIENTED_EDGE('',*,*,#1621,.F.);
#2171=ORIENTED_EDGE('',*,*,#1622,.T.);
#2172=ORIENTED_EDGE('',*,*,#1626,.F.);
#2173=ORIENTED_EDGE('',*,*,#1616,.F.);
#2174=ORIENTED_EDGE('',*,*,#1627,.F.);
#2175=ORIENTED_EDGE('',*,*,#1452,.F.);
#2176=ORIENTED_EDGE('',*,*,#1628,.T.);
#2177=ORIENTED_EDGE('',*,*,#1629,.T.);
#2178=ORIENTED_EDGE('',*,*,#1509,.F.);
#2179=ORIENTED_EDGE('',*,*,#1547,.T.);
#2180=ORIENTED_EDGE('',*,*,#1551,.T.);
#2181=ORIENTED_EDGE('',*,*,#1556,.F.);
#2182=ORIENTED_EDGE('',*,*,#1559,.F.);
#2183=ORIENTED_EDGE('',*,*,#1623,.F.);
#2184=ORIENTED_EDGE('',*,*,#1627,.T.);
#2185=ORIENTED_EDGE('',*,*,#1619,.F.);
#2186=ORIENTED_EDGE('',*,*,#1630,.T.);
#2187=ORIENTED_EDGE('',*,*,#1600,.F.);
#2188=ORIENTED_EDGE('',*,*,#1631,.T.);
#2189=ORIENTED_EDGE('',*,*,#1632,.F.);
#2190=ORIENTED_EDGE('',*,*,#1633,.T.);
#2191=ORIENTED_EDGE('',*,*,#1634,.F.);
#2192=ORIENTED_EDGE('',*,*,#1635,.T.);
#2193=ORIENTED_EDGE('',*,*,#1636,.F.);
#2194=ORIENTED_EDGE('',*,*,#1637,.T.);
#2195=ORIENTED_EDGE('',*,*,#1638,.F.);
#2196=ORIENTED_EDGE('',*,*,#1639,.T.);
#2197=ORIENTED_EDGE('',*,*,#1640,.F.);
#2198=ORIENTED_EDGE('',*,*,#1641,.T.);
#2199=ORIENTED_EDGE('',*,*,#1642,.F.);
#2200=ORIENTED_EDGE('',*,*,#1643,.T.);
#2201=ORIENTED_EDGE('',*,*,#1644,.F.);
#2202=ORIENTED_EDGE('',*,*,#1645,.T.);
#2203=ORIENTED_EDGE('',*,*,#1646,.F.);
#2204=ORIENTED_EDGE('',*,*,#1647,.T.);
#2205=ORIENTED_EDGE('',*,*,#1648,.F.);
#2206=ORIENTED_EDGE('',*,*,#1649,.T.);
#2207=ORIENTED_EDGE('',*,*,#1510,.T.);
#2208=ORIENTED_EDGE('',*,*,#1629,.F.);
#2209=ORIENTED_EDGE('',*,*,#1650,.F.);
#2210=ORIENTED_EDGE('',*,*,#1651,.T.);
#2211=ORIENTED_EDGE('',*,*,#1511,.F.);
#2212=ORIENTED_EDGE('',*,*,#1651,.F.);
#2213=ORIENTED_EDGE('',*,*,#1652,.T.);
#2214=ORIENTED_EDGE('',*,*,#1653,.T.);
#2215=ORIENTED_EDGE('',*,*,#1512,.T.);
#2216=ORIENTED_EDGE('',*,*,#1653,.F.);
#2217=ORIENTED_EDGE('',*,*,#1654,.F.);
#2218=ORIENTED_EDGE('',*,*,#1488,.T.);
#2219=ORIENTED_EDGE('',*,*,#1655,.F.);
#2220=ORIENTED_EDGE('',*,*,#1656,.T.);
#2221=ORIENTED_EDGE('',*,*,#1489,.F.);
#2222=ORIENTED_EDGE('',*,*,#1654,.T.);
#2223=ORIENTED_EDGE('',*,*,#1652,.F.);
#2224=ORIENTED_EDGE('',*,*,#1650,.T.);
#2225=ORIENTED_EDGE('',*,*,#1628,.F.);
#2226=ORIENTED_EDGE('',*,*,#1451,.T.);
#2227=ORIENTED_EDGE('',*,*,#1657,.F.);
#2228=ORIENTED_EDGE('',*,*,#1658,.F.);
#2229=ORIENTED_EDGE('',*,*,#1659,.F.);
#2230=ORIENTED_EDGE('',*,*,#1660,.F.);
#2231=ORIENTED_EDGE('',*,*,#1469,.F.);
#2232=ORIENTED_EDGE('',*,*,#1661,.T.);
#2233=ORIENTED_EDGE('',*,*,#1655,.T.);
#2234=ORIENTED_EDGE('',*,*,#1662,.F.);
#2235=ORIENTED_EDGE('',*,*,#1662,.T.);
#2236=ORIENTED_EDGE('',*,*,#1660,.T.);
#2237=ORIENTED_EDGE('',*,*,#1663,.F.);
#2238=ORIENTED_EDGE('',*,*,#1664,.F.);
#2239=ORIENTED_EDGE('',*,*,#1664,.T.);
#2240=ORIENTED_EDGE('',*,*,#1665,.T.);
#2241=ORIENTED_EDGE('',*,*,#1666,.T.);
#2242=ORIENTED_EDGE('',*,*,#1470,.F.);
#2243=ORIENTED_EDGE('',*,*,#1514,.F.);
#2244=ORIENTED_EDGE('',*,*,#1666,.F.);
#2245=ORIENTED_EDGE('',*,*,#1667,.T.);
#2246=ORIENTED_EDGE('',*,*,#1504,.T.);
#2247=ORIENTED_EDGE('',*,*,#1668,.F.);
#2248=ORIENTED_EDGE('',*,*,#1669,.T.);
#2249=ORIENTED_EDGE('',*,*,#1505,.T.);
#2250=ORIENTED_EDGE('',*,*,#1667,.F.);
#2251=ORIENTED_EDGE('',*,*,#1670,.T.);
#2252=ORIENTED_EDGE('',*,*,#1671,.T.);
#2253=ORIENTED_EDGE('',*,*,#1668,.T.);
#2254=ORIENTED_EDGE('',*,*,#1665,.F.);
#2255=ORIENTED_EDGE('',*,*,#1670,.F.);
#2256=ORIENTED_EDGE('',*,*,#1663,.T.);
#2257=ORIENTED_EDGE('',*,*,#1659,.T.);
#2258=ORIENTED_EDGE('',*,*,#1672,.F.);
#2259=ORIENTED_EDGE('',*,*,#1673,.F.);
#2260=ORIENTED_EDGE('',*,*,#1672,.T.);
#2261=ORIENTED_EDGE('',*,*,#1658,.T.);
#2262=ORIENTED_EDGE('',*,*,#1674,.F.);
#2263=ORIENTED_EDGE('',*,*,#1673,.T.);
#2264=ORIENTED_EDGE('',*,*,#1675,.T.);
#2265=ORIENTED_EDGE('',*,*,#1676,.T.);
#2266=ORIENTED_EDGE('',*,*,#1671,.F.);
#2267=ORIENTED_EDGE('',*,*,#1676,.F.);
#2268=ORIENTED_EDGE('',*,*,#1677,.T.);
#2269=ORIENTED_EDGE('',*,*,#1506,.T.);
#2270=ORIENTED_EDGE('',*,*,#1669,.F.);
#2271=ORIENTED_EDGE('',*,*,#1544,.F.);
#2272=ORIENTED_EDGE('',*,*,#1507,.T.);
#2273=ORIENTED_EDGE('',*,*,#1677,.F.);
#2274=ORIENTED_EDGE('',*,*,#1678,.F.);
#2275=ORIENTED_EDGE('',*,*,#1679,.T.);
#2276=ORIENTED_EDGE('',*,*,#1454,.T.);
#2277=ORIENTED_EDGE('',*,*,#1560,.T.);
#2278=ORIENTED_EDGE('',*,*,#1557,.T.);
#2279=ORIENTED_EDGE('',*,*,#1552,.F.);
#2280=ORIENTED_EDGE('',*,*,#1545,.T.);
#2281=ORIENTED_EDGE('',*,*,#1678,.T.);
#2282=ORIENTED_EDGE('',*,*,#1675,.F.);
#2283=ORIENTED_EDGE('',*,*,#1680,.T.);
#2284=ORIENTED_EDGE('',*,*,#1681,.T.);
#2285=ORIENTED_EDGE('',*,*,#1682,.T.);
#2286=ORIENTED_EDGE('',*,*,#1683,.T.);
#2287=ORIENTED_EDGE('',*,*,#1684,.T.);
#2288=ORIENTED_EDGE('',*,*,#1685,.T.);
#2289=ORIENTED_EDGE('',*,*,#1686,.T.);
#2290=ORIENTED_EDGE('',*,*,#1687,.T.);
#2291=ORIENTED_EDGE('',*,*,#1688,.T.);
#2292=ORIENTED_EDGE('',*,*,#1689,.T.);
#2293=ORIENTED_EDGE('',*,*,#1690,.T.);
#2294=ORIENTED_EDGE('',*,*,#1691,.T.);
#2295=ORIENTED_EDGE('',*,*,#1692,.T.);
#2296=ORIENTED_EDGE('',*,*,#1693,.T.);
#2297=ORIENTED_EDGE('',*,*,#1694,.T.);
#2298=ORIENTED_EDGE('',*,*,#1695,.T.);
#2299=ORIENTED_EDGE('',*,*,#1696,.T.);
#2300=ORIENTED_EDGE('',*,*,#1697,.T.);
#2301=ORIENTED_EDGE('',*,*,#1698,.T.);
#2302=ORIENTED_EDGE('',*,*,#1699,.T.);
#2303=ORIENTED_EDGE('',*,*,#1700,.T.);
#2304=ORIENTED_EDGE('',*,*,#1701,.T.);
#2305=ORIENTED_EDGE('',*,*,#1702,.T.);
#2306=ORIENTED_EDGE('',*,*,#1703,.T.);
#2307=ORIENTED_EDGE('',*,*,#1455,.F.);
#2308=ORIENTED_EDGE('',*,*,#1679,.F.);
#2309=ORIENTED_EDGE('',*,*,#1674,.T.);
#2310=ORIENTED_EDGE('',*,*,#1657,.T.);
#2311=ORIENTED_EDGE('',*,*,#1680,.F.);
#2312=ORIENTED_EDGE('',*,*,#1704,.T.);
#2313=ORIENTED_EDGE('',*,*,#1705,.T.);
#2314=ORIENTED_EDGE('',*,*,#1706,.F.);
#2315=ORIENTED_EDGE('',*,*,#1681,.F.);
#2316=ORIENTED_EDGE('',*,*,#1706,.T.);
#2317=ORIENTED_EDGE('',*,*,#1707,.T.);
#2318=ORIENTED_EDGE('',*,*,#1708,.F.);
#2319=ORIENTED_EDGE('',*,*,#1682,.F.);
#2320=ORIENTED_EDGE('',*,*,#1708,.T.);
#2321=ORIENTED_EDGE('',*,*,#1709,.T.);
#2322=ORIENTED_EDGE('',*,*,#1710,.F.);
#2323=ORIENTED_EDGE('',*,*,#1683,.F.);
#2324=ORIENTED_EDGE('',*,*,#1710,.T.);
#2325=ORIENTED_EDGE('',*,*,#1711,.T.);
#2326=ORIENTED_EDGE('',*,*,#1712,.F.);
#2327=ORIENTED_EDGE('',*,*,#1684,.F.);
#2328=ORIENTED_EDGE('',*,*,#1712,.T.);
#2329=ORIENTED_EDGE('',*,*,#1713,.T.);
#2330=ORIENTED_EDGE('',*,*,#1714,.F.);
#2331=ORIENTED_EDGE('',*,*,#1685,.F.);
#2332=ORIENTED_EDGE('',*,*,#1714,.T.);
#2333=ORIENTED_EDGE('',*,*,#1715,.T.);
#2334=ORIENTED_EDGE('',*,*,#1704,.F.);
#2335=ORIENTED_EDGE('',*,*,#1716,.F.);
#2336=ORIENTED_EDGE('',*,*,#1717,.T.);
#2337=ORIENTED_EDGE('',*,*,#1569,.F.);
#2338=ORIENTED_EDGE('',*,*,#1718,.F.);
#2339=ORIENTED_EDGE('',*,*,#1719,.F.);
#2340=ORIENTED_EDGE('',*,*,#1636,.T.);
#2341=ORIENTED_EDGE('',*,*,#1720,.T.);
#2342=ORIENTED_EDGE('',*,*,#1715,.F.);
#2343=ORIENTED_EDGE('',*,*,#1424,.F.);
#2344=ORIENTED_EDGE('',*,*,#1721,.T.);
#2345=ORIENTED_EDGE('',*,*,#1716,.T.);
#2346=ORIENTED_EDGE('',*,*,#1722,.F.);
#2347=ORIENTED_EDGE('',*,*,#1425,.F.);
#2348=ORIENTED_EDGE('',*,*,#1722,.T.);
#2349=ORIENTED_EDGE('',*,*,#1723,.T.);
#2350=ORIENTED_EDGE('',*,*,#1724,.F.);
#2351=ORIENTED_EDGE('',*,*,#1426,.F.);
#2352=ORIENTED_EDGE('',*,*,#1724,.T.);
#2353=ORIENTED_EDGE('',*,*,#1725,.T.);
#2354=ORIENTED_EDGE('',*,*,#1726,.F.);
#2355=ORIENTED_EDGE('',*,*,#1421,.F.);
#2356=ORIENTED_EDGE('',*,*,#1726,.T.);
#2357=ORIENTED_EDGE('',*,*,#1727,.T.);
#2358=ORIENTED_EDGE('',*,*,#1728,.F.);
#2359=ORIENTED_EDGE('',*,*,#1422,.F.);
#2360=ORIENTED_EDGE('',*,*,#1728,.T.);
#2361=ORIENTED_EDGE('',*,*,#1729,.T.);
#2362=ORIENTED_EDGE('',*,*,#1730,.F.);
#2363=ORIENTED_EDGE('',*,*,#1423,.F.);
#2364=ORIENTED_EDGE('',*,*,#1730,.T.);
#2365=ORIENTED_EDGE('',*,*,#1731,.T.);
#2366=ORIENTED_EDGE('',*,*,#1721,.F.);
#2367=ORIENTED_EDGE('',*,*,#1731,.F.);
#2368=ORIENTED_EDGE('',*,*,#1732,.T.);
#2369=ORIENTED_EDGE('',*,*,#1570,.F.);
#2370=ORIENTED_EDGE('',*,*,#1717,.F.);
#2371=ORIENTED_EDGE('',*,*,#1729,.F.);
#2372=ORIENTED_EDGE('',*,*,#1733,.T.);
#2373=ORIENTED_EDGE('',*,*,#1571,.F.);
#2374=ORIENTED_EDGE('',*,*,#1732,.F.);
#2375=ORIENTED_EDGE('',*,*,#1734,.F.);
#2376=ORIENTED_EDGE('',*,*,#1634,.T.);
#2377=ORIENTED_EDGE('',*,*,#1735,.T.);
#2378=ORIENTED_EDGE('',*,*,#1707,.F.);
#2379=ORIENTED_EDGE('',*,*,#1727,.F.);
#2380=ORIENTED_EDGE('',*,*,#1736,.T.);
#2381=ORIENTED_EDGE('',*,*,#1572,.F.);
#2382=ORIENTED_EDGE('',*,*,#1733,.F.);
#2383=ORIENTED_EDGE('',*,*,#1725,.F.);
#2384=ORIENTED_EDGE('',*,*,#1737,.T.);
#2385=ORIENTED_EDGE('',*,*,#1573,.F.);
#2386=ORIENTED_EDGE('',*,*,#1736,.F.);
#2387=ORIENTED_EDGE('',*,*,#1738,.T.);
#2388=ORIENTED_EDGE('',*,*,#1711,.F.);
#2389=ORIENTED_EDGE('',*,*,#1739,.F.);
#2390=ORIENTED_EDGE('',*,*,#1632,.T.);
#2391=ORIENTED_EDGE('',*,*,#1723,.F.);
#2392=ORIENTED_EDGE('',*,*,#1718,.T.);
#2393=ORIENTED_EDGE('',*,*,#1574,.F.);
#2394=ORIENTED_EDGE('',*,*,#1737,.F.);
#2395=ORIENTED_EDGE('',*,*,#1719,.T.);
#2396=ORIENTED_EDGE('',*,*,#1713,.F.);
#2397=ORIENTED_EDGE('',*,*,#1738,.F.);
#2398=ORIENTED_EDGE('',*,*,#1637,.F.);
#2399=ORIENTED_EDGE('',*,*,#1739,.T.);
#2400=ORIENTED_EDGE('',*,*,#1709,.F.);
#2401=ORIENTED_EDGE('',*,*,#1735,.F.);
#2402=ORIENTED_EDGE('',*,*,#1633,.F.);
#2403=ORIENTED_EDGE('',*,*,#1734,.T.);
#2404=ORIENTED_EDGE('',*,*,#1705,.F.);
#2405=ORIENTED_EDGE('',*,*,#1720,.F.);
#2406=ORIENTED_EDGE('',*,*,#1635,.F.);
#2407=ORIENTED_EDGE('',*,*,#1686,.F.);
#2408=ORIENTED_EDGE('',*,*,#1740,.T.);
#2409=ORIENTED_EDGE('',*,*,#1626,.T.);
#2410=ORIENTED_EDGE('',*,*,#1741,.F.);
#2411=ORIENTED_EDGE('',*,*,#1687,.F.);
#2412=ORIENTED_EDGE('',*,*,#1741,.T.);
#2413=ORIENTED_EDGE('',*,*,#1625,.T.);
#2414=ORIENTED_EDGE('',*,*,#1742,.F.);
#2415=ORIENTED_EDGE('',*,*,#1688,.F.);
#2416=ORIENTED_EDGE('',*,*,#1742,.T.);
#2417=ORIENTED_EDGE('',*,*,#1743,.T.);
#2418=ORIENTED_EDGE('',*,*,#1744,.F.);
#2419=ORIENTED_EDGE('',*,*,#1689,.F.);
#2420=ORIENTED_EDGE('',*,*,#1744,.T.);
#2421=ORIENTED_EDGE('',*,*,#1602,.T.);
#2422=ORIENTED_EDGE('',*,*,#1745,.F.);
#2423=ORIENTED_EDGE('',*,*,#1690,.F.);
#2424=ORIENTED_EDGE('',*,*,#1745,.T.);
#2425=ORIENTED_EDGE('',*,*,#1746,.T.);
#2426=ORIENTED_EDGE('',*,*,#1747,.F.);
#2427=ORIENTED_EDGE('',*,*,#1691,.F.);
#2428=ORIENTED_EDGE('',*,*,#1747,.T.);
#2429=ORIENTED_EDGE('',*,*,#1617,.T.);
#2430=ORIENTED_EDGE('',*,*,#1740,.F.);
#2431=ORIENTED_EDGE('',*,*,#1618,.T.);
#2432=ORIENTED_EDGE('',*,*,#1746,.F.);
#2433=ORIENTED_EDGE('',*,*,#1601,.F.);
#2434=ORIENTED_EDGE('',*,*,#1630,.F.);
#2435=ORIENTED_EDGE('',*,*,#1599,.T.);
#2436=ORIENTED_EDGE('',*,*,#1743,.F.);
#2437=ORIENTED_EDGE('',*,*,#1624,.F.);
#2438=ORIENTED_EDGE('',*,*,#1631,.F.);
#2439=ORIENTED_EDGE('',*,*,#1692,.F.);
#2440=ORIENTED_EDGE('',*,*,#1748,.T.);
#2441=ORIENTED_EDGE('',*,*,#1749,.T.);
#2442=ORIENTED_EDGE('',*,*,#1750,.F.);
#2443=ORIENTED_EDGE('',*,*,#1693,.F.);
#2444=ORIENTED_EDGE('',*,*,#1750,.T.);
#2445=ORIENTED_EDGE('',*,*,#1751,.T.);
#2446=ORIENTED_EDGE('',*,*,#1752,.F.);
#2447=ORIENTED_EDGE('',*,*,#1694,.F.);
#2448=ORIENTED_EDGE('',*,*,#1752,.T.);
#2449=ORIENTED_EDGE('',*,*,#1753,.T.);
#2450=ORIENTED_EDGE('',*,*,#1754,.F.);
#2451=ORIENTED_EDGE('',*,*,#1695,.F.);
#2452=ORIENTED_EDGE('',*,*,#1754,.T.);
#2453=ORIENTED_EDGE('',*,*,#1755,.T.);
#2454=ORIENTED_EDGE('',*,*,#1756,.F.);
#2455=ORIENTED_EDGE('',*,*,#1696,.F.);
#2456=ORIENTED_EDGE('',*,*,#1756,.T.);
#2457=ORIENTED_EDGE('',*,*,#1757,.T.);
#2458=ORIENTED_EDGE('',*,*,#1758,.F.);
#2459=ORIENTED_EDGE('',*,*,#1697,.F.);
#2460=ORIENTED_EDGE('',*,*,#1758,.T.);
#2461=ORIENTED_EDGE('',*,*,#1759,.T.);
#2462=ORIENTED_EDGE('',*,*,#1748,.F.);
#2463=ORIENTED_EDGE('',*,*,#1760,.F.);
#2464=ORIENTED_EDGE('',*,*,#1761,.T.);
#2465=ORIENTED_EDGE('',*,*,#1581,.F.);
#2466=ORIENTED_EDGE('',*,*,#1762,.F.);
#2467=ORIENTED_EDGE('',*,*,#1763,.F.);
#2468=ORIENTED_EDGE('',*,*,#1648,.T.);
#2469=ORIENTED_EDGE('',*,*,#1764,.T.);
#2470=ORIENTED_EDGE('',*,*,#1759,.F.);
#2471=ORIENTED_EDGE('',*,*,#1436,.F.);
#2472=ORIENTED_EDGE('',*,*,#1765,.T.);
#2473=ORIENTED_EDGE('',*,*,#1760,.T.);
#2474=ORIENTED_EDGE('',*,*,#1766,.F.);
#2475=ORIENTED_EDGE('',*,*,#1437,.F.);
#2476=ORIENTED_EDGE('',*,*,#1766,.T.);
#2477=ORIENTED_EDGE('',*,*,#1767,.T.);
#2478=ORIENTED_EDGE('',*,*,#1768,.F.);
#2479=ORIENTED_EDGE('',*,*,#1438,.F.);
#2480=ORIENTED_EDGE('',*,*,#1768,.T.);
#2481=ORIENTED_EDGE('',*,*,#1769,.T.);
#2482=ORIENTED_EDGE('',*,*,#1770,.F.);
#2483=ORIENTED_EDGE('',*,*,#1433,.F.);
#2484=ORIENTED_EDGE('',*,*,#1770,.T.);
#2485=ORIENTED_EDGE('',*,*,#1771,.T.);
#2486=ORIENTED_EDGE('',*,*,#1772,.F.);
#2487=ORIENTED_EDGE('',*,*,#1434,.F.);
#2488=ORIENTED_EDGE('',*,*,#1772,.T.);
#2489=ORIENTED_EDGE('',*,*,#1773,.T.);
#2490=ORIENTED_EDGE('',*,*,#1774,.F.);
#2491=ORIENTED_EDGE('',*,*,#1435,.F.);
#2492=ORIENTED_EDGE('',*,*,#1774,.T.);
#2493=ORIENTED_EDGE('',*,*,#1775,.T.);
#2494=ORIENTED_EDGE('',*,*,#1765,.F.);
#2495=ORIENTED_EDGE('',*,*,#1775,.F.);
#2496=ORIENTED_EDGE('',*,*,#1776,.T.);
#2497=ORIENTED_EDGE('',*,*,#1582,.F.);
#2498=ORIENTED_EDGE('',*,*,#1761,.F.);
#2499=ORIENTED_EDGE('',*,*,#1773,.F.);
#2500=ORIENTED_EDGE('',*,*,#1777,.T.);
#2501=ORIENTED_EDGE('',*,*,#1583,.F.);
#2502=ORIENTED_EDGE('',*,*,#1776,.F.);
#2503=ORIENTED_EDGE('',*,*,#1778,.F.);
#2504=ORIENTED_EDGE('',*,*,#1646,.T.);
#2505=ORIENTED_EDGE('',*,*,#1779,.T.);
#2506=ORIENTED_EDGE('',*,*,#1751,.F.);
#2507=ORIENTED_EDGE('',*,*,#1771,.F.);
#2508=ORIENTED_EDGE('',*,*,#1780,.T.);
#2509=ORIENTED_EDGE('',*,*,#1584,.F.);
#2510=ORIENTED_EDGE('',*,*,#1777,.F.);
#2511=ORIENTED_EDGE('',*,*,#1769,.F.);
#2512=ORIENTED_EDGE('',*,*,#1781,.T.);
#2513=ORIENTED_EDGE('',*,*,#1585,.F.);
#2514=ORIENTED_EDGE('',*,*,#1780,.F.);
#2515=ORIENTED_EDGE('',*,*,#1782,.T.);
#2516=ORIENTED_EDGE('',*,*,#1755,.F.);
#2517=ORIENTED_EDGE('',*,*,#1783,.F.);
#2518=ORIENTED_EDGE('',*,*,#1644,.T.);
#2519=ORIENTED_EDGE('',*,*,#1767,.F.);
#2520=ORIENTED_EDGE('',*,*,#1762,.T.);
#2521=ORIENTED_EDGE('',*,*,#1586,.F.);
#2522=ORIENTED_EDGE('',*,*,#1781,.F.);
#2523=ORIENTED_EDGE('',*,*,#1763,.T.);
#2524=ORIENTED_EDGE('',*,*,#1757,.F.);
#2525=ORIENTED_EDGE('',*,*,#1782,.F.);
#2526=ORIENTED_EDGE('',*,*,#1649,.F.);
#2527=ORIENTED_EDGE('',*,*,#1783,.T.);
#2528=ORIENTED_EDGE('',*,*,#1753,.F.);
#2529=ORIENTED_EDGE('',*,*,#1779,.F.);
#2530=ORIENTED_EDGE('',*,*,#1645,.F.);
#2531=ORIENTED_EDGE('',*,*,#1778,.T.);
#2532=ORIENTED_EDGE('',*,*,#1749,.F.);
#2533=ORIENTED_EDGE('',*,*,#1764,.F.);
#2534=ORIENTED_EDGE('',*,*,#1647,.F.);
#2535=ORIENTED_EDGE('',*,*,#1698,.F.);
#2536=ORIENTED_EDGE('',*,*,#1784,.T.);
#2537=ORIENTED_EDGE('',*,*,#1785,.T.);
#2538=ORIENTED_EDGE('',*,*,#1786,.F.);
#2539=ORIENTED_EDGE('',*,*,#1699,.F.);
#2540=ORIENTED_EDGE('',*,*,#1786,.T.);
#2541=ORIENTED_EDGE('',*,*,#1787,.T.);
#2542=ORIENTED_EDGE('',*,*,#1788,.F.);
#2543=ORIENTED_EDGE('',*,*,#1700,.F.);
#2544=ORIENTED_EDGE('',*,*,#1788,.T.);
#2545=ORIENTED_EDGE('',*,*,#1789,.T.);
#2546=ORIENTED_EDGE('',*,*,#1790,.F.);
#2547=ORIENTED_EDGE('',*,*,#1701,.F.);
#2548=ORIENTED_EDGE('',*,*,#1790,.T.);
#2549=ORIENTED_EDGE('',*,*,#1791,.T.);
#2550=ORIENTED_EDGE('',*,*,#1792,.F.);
#2551=ORIENTED_EDGE('',*,*,#1702,.F.);
#2552=ORIENTED_EDGE('',*,*,#1792,.T.);
#2553=ORIENTED_EDGE('',*,*,#1793,.T.);
#2554=ORIENTED_EDGE('',*,*,#1794,.F.);
#2555=ORIENTED_EDGE('',*,*,#1703,.F.);
#2556=ORIENTED_EDGE('',*,*,#1794,.T.);
#2557=ORIENTED_EDGE('',*,*,#1795,.T.);
#2558=ORIENTED_EDGE('',*,*,#1784,.F.);
#2559=ORIENTED_EDGE('',*,*,#1796,.F.);
#2560=ORIENTED_EDGE('',*,*,#1797,.T.);
#2561=ORIENTED_EDGE('',*,*,#1575,.F.);
#2562=ORIENTED_EDGE('',*,*,#1798,.F.);
#2563=ORIENTED_EDGE('',*,*,#1799,.F.);
#2564=ORIENTED_EDGE('',*,*,#1642,.T.);
#2565=ORIENTED_EDGE('',*,*,#1800,.T.);
#2566=ORIENTED_EDGE('',*,*,#1795,.F.);
#2567=ORIENTED_EDGE('',*,*,#1442,.F.);
#2568=ORIENTED_EDGE('',*,*,#1801,.T.);
#2569=ORIENTED_EDGE('',*,*,#1796,.T.);
#2570=ORIENTED_EDGE('',*,*,#1802,.F.);
#2571=ORIENTED_EDGE('',*,*,#1443,.F.);
#2572=ORIENTED_EDGE('',*,*,#1802,.T.);
#2573=ORIENTED_EDGE('',*,*,#1803,.T.);
#2574=ORIENTED_EDGE('',*,*,#1804,.F.);
#2575=ORIENTED_EDGE('',*,*,#1444,.F.);
#2576=ORIENTED_EDGE('',*,*,#1804,.T.);
#2577=ORIENTED_EDGE('',*,*,#1805,.T.);
#2578=ORIENTED_EDGE('',*,*,#1806,.F.);
#2579=ORIENTED_EDGE('',*,*,#1439,.F.);
#2580=ORIENTED_EDGE('',*,*,#1806,.T.);
#2581=ORIENTED_EDGE('',*,*,#1807,.T.);
#2582=ORIENTED_EDGE('',*,*,#1808,.F.);
#2583=ORIENTED_EDGE('',*,*,#1440,.F.);
#2584=ORIENTED_EDGE('',*,*,#1808,.T.);
#2585=ORIENTED_EDGE('',*,*,#1809,.T.);
#2586=ORIENTED_EDGE('',*,*,#1810,.F.);
#2587=ORIENTED_EDGE('',*,*,#1441,.F.);
#2588=ORIENTED_EDGE('',*,*,#1810,.T.);
#2589=ORIENTED_EDGE('',*,*,#1811,.T.);
#2590=ORIENTED_EDGE('',*,*,#1801,.F.);
#2591=ORIENTED_EDGE('',*,*,#1811,.F.);
#2592=ORIENTED_EDGE('',*,*,#1812,.T.);
#2593=ORIENTED_EDGE('',*,*,#1576,.F.);
#2594=ORIENTED_EDGE('',*,*,#1797,.F.);
#2595=ORIENTED_EDGE('',*,*,#1809,.F.);
#2596=ORIENTED_EDGE('',*,*,#1813,.T.);
#2597=ORIENTED_EDGE('',*,*,#1577,.F.);
#2598=ORIENTED_EDGE('',*,*,#1812,.F.);
#2599=ORIENTED_EDGE('',*,*,#1814,.F.);
#2600=ORIENTED_EDGE('',*,*,#1640,.T.);
#2601=ORIENTED_EDGE('',*,*,#1815,.T.);
#2602=ORIENTED_EDGE('',*,*,#1787,.F.);
#2603=ORIENTED_EDGE('',*,*,#1807,.F.);
#2604=ORIENTED_EDGE('',*,*,#1816,.T.);
#2605=ORIENTED_EDGE('',*,*,#1578,.F.);
#2606=ORIENTED_EDGE('',*,*,#1813,.F.);
#2607=ORIENTED_EDGE('',*,*,#1805,.F.);
#2608=ORIENTED_EDGE('',*,*,#1817,.T.);
#2609=ORIENTED_EDGE('',*,*,#1579,.F.);
#2610=ORIENTED_EDGE('',*,*,#1816,.F.);
#2611=ORIENTED_EDGE('',*,*,#1818,.T.);
#2612=ORIENTED_EDGE('',*,*,#1791,.F.);
#2613=ORIENTED_EDGE('',*,*,#1819,.F.);
#2614=ORIENTED_EDGE('',*,*,#1638,.T.);
#2615=ORIENTED_EDGE('',*,*,#1803,.F.);
#2616=ORIENTED_EDGE('',*,*,#1798,.T.);
#2617=ORIENTED_EDGE('',*,*,#1580,.F.);
#2618=ORIENTED_EDGE('',*,*,#1817,.F.);
#2619=ORIENTED_EDGE('',*,*,#1799,.T.);
#2620=ORIENTED_EDGE('',*,*,#1793,.F.);
#2621=ORIENTED_EDGE('',*,*,#1818,.F.);
#2622=ORIENTED_EDGE('',*,*,#1643,.F.);
#2623=ORIENTED_EDGE('',*,*,#1819,.T.);
#2624=ORIENTED_EDGE('',*,*,#1789,.F.);
#2625=ORIENTED_EDGE('',*,*,#1815,.F.);
#2626=ORIENTED_EDGE('',*,*,#1639,.F.);
#2627=ORIENTED_EDGE('',*,*,#1814,.T.);
#2628=ORIENTED_EDGE('',*,*,#1785,.F.);
#2629=ORIENTED_EDGE('',*,*,#1800,.F.);
#2630=ORIENTED_EDGE('',*,*,#1641,.F.);
#2631=ORIENTED_EDGE('',*,*,#1479,.F.);
#2632=ORIENTED_EDGE('',*,*,#1820,.T.);
#2633=ORIENTED_EDGE('',*,*,#1821,.T.);
#2634=ORIENTED_EDGE('',*,*,#1661,.F.);
#2635=ORIENTED_EDGE('',*,*,#1821,.F.);
#2636=ORIENTED_EDGE('',*,*,#1822,.T.);
#2637=ORIENTED_EDGE('',*,*,#1490,.F.);
#2638=ORIENTED_EDGE('',*,*,#1656,.F.);
#2639=ORIENTED_EDGE('',*,*,#1823,.F.);
#2640=ORIENTED_EDGE('',*,*,#1824,.T.);
#2641=ORIENTED_EDGE('',*,*,#1491,.T.);
#2642=ORIENTED_EDGE('',*,*,#1822,.F.);
#2643=ORIENTED_EDGE('',*,*,#1478,.F.);
#2644=ORIENTED_EDGE('',*,*,#1825,.T.);
#2645=ORIENTED_EDGE('',*,*,#1823,.T.);
#2646=ORIENTED_EDGE('',*,*,#1820,.F.);
#2647=ORIENTED_EDGE('',*,*,#1477,.F.);
#2648=ORIENTED_EDGE('',*,*,#1468,.T.);
#2649=ORIENTED_EDGE('',*,*,#1826,.T.);
#2650=ORIENTED_EDGE('',*,*,#1825,.F.);
#2651=ORIENTED_EDGE('',*,*,#1826,.F.);
#2652=ORIENTED_EDGE('',*,*,#1465,.T.);
#2653=ORIENTED_EDGE('',*,*,#1492,.F.);
#2654=ORIENTED_EDGE('',*,*,#1824,.F.);
#2655=PLANE('',#2907);
#2656=PLANE('',#2925);
#2657=PLANE('',#2926);
#2658=PLANE('',#2928);
#2659=PLANE('',#2935);
#2660=PLANE('',#2944);
#2661=PLANE('',#2948);
#2662=PLANE('',#2956);
#2663=PLANE('',#2959);
#2664=PLANE('',#2983);
#2665=PLANE('',#2989);
#2666=PLANE('',#2990);
#2667=PLANE('',#2997);
#2668=PLANE('',#2998);
#2669=PLANE('',#3004);
#2670=PLANE('',#3019);
#2671=PLANE('',#3021);
#2672=PLANE('',#3024);
#2673=PLANE('',#3027);
#2674=PLANE('',#3028);
#2675=PLANE('',#3029);
#2676=PLANE('',#3032);
#2677=PLANE('',#3035);
#2678=PLANE('',#3039);
#2679=PLANE('',#3040);
#2680=PLANE('',#3042);
#2681=PLANE('',#3043);
#2682=PLANE('',#3048);
#2683=PLANE('',#3062);
#2684=PLANE('',#3065);
#2685=PLANE('',#3076);
#2686=PLANE('',#3084);
#2687=PLANE('',#3100);
#2688=PLANE('',#3103);
#2689=PLANE('',#3106);
#2690=PLANE('',#3107);
#2691=PLANE('',#3108);
#2692=PLANE('',#3109);
#2693=PLANE('',#3112);
#2694=PLANE('',#3115);
#2695=PLANE('',#3119);
#2696=PLANE('',#3120);
#2697=PLANE('',#3122);
#2698=PLANE('',#3123);
#2699=PLANE('',#3129);
#2700=PLANE('',#3132);
#2701=PLANE('',#3135);
#2702=PLANE('',#3140);
#2703=PLANE('',#3143);
#2704=PLANE('',#3146);
#2705=PLANE('',#3147);
#2706=PLANE('',#3148);
#2707=PLANE('',#3149);
#2708=PLANE('',#3152);
#2709=PLANE('',#3155);
#2710=PLANE('',#3159);
#2711=PLANE('',#3160);
#2712=PLANE('',#3162);
#2713=PLANE('',#3163);
#2714=PLANE('',#3170);
#2715=PLANE('',#3173);
#2716=PLANE('',#3176);
#2717=PLANE('',#3177);
#2718=PLANE('',#3178);
#2719=PLANE('',#3179);
#2720=PLANE('',#3182);
#2721=PLANE('',#3185);
#2722=PLANE('',#3189);
#2723=PLANE('',#3190);
#2724=PLANE('',#3192);
#2725=PLANE('',#3193);
#2726=PLANE('',#3202);
#2727=ADVANCED_FACE('',(#155,#133,#134,#135,#136),#2655,.T.);
#2728=ADVANCED_FACE('',(#156),#77,.T.);
#2729=ADVANCED_FACE('',(#157),#2656,.F.);
#2730=ADVANCED_FACE('',(#158),#2657,.F.);
#2731=ADVANCED_FACE('',(#159),#2658,.F.);
#2732=ADVANCED_FACE('',(#160),#78,.T.);
#2733=ADVANCED_FACE('',(#161,#137,#138),#2659,.T.);
#2734=ADVANCED_FACE('',(#162),#79,.F.);
#2735=ADVANCED_FACE('',(#163,#139),#2660,.T.);
#2736=ADVANCED_FACE('',(#164),#27,.F.);
#2737=ADVANCED_FACE('',(#165,#140,#141),#2661,.T.);
#2738=ADVANCED_FACE('',(#166),#28,.F.);
#2739=ADVANCED_FACE('',(#167,#142),#2662,.T.);
#2740=ADVANCED_FACE('',(#168),#80,.F.);
#2741=ADVANCED_FACE('',(#169),#2663,.F.);
#2742=ADVANCED_FACE('',(#170),#81,.T.);
#2743=ADVANCED_FACE('',(#171),#23,.T.);
#2744=ADVANCED_FACE('',(#172),#82,.T.);
#2745=ADVANCED_FACE('',(#173),#24,.T.);
#2746=ADVANCED_FACE('',(#174),#83,.T.);
#2747=ADVANCED_FACE('',(#175),#15,.T.);
#2748=ADVANCED_FACE('',(#176),#84,.T.);
#2749=ADVANCED_FACE('',(#177),#16,.T.);
#2750=ADVANCED_FACE('',(#178),#85,.T.);
#2751=ADVANCED_FACE('',(#179),#2664,.T.);
#2752=ADVANCED_FACE('',(#180),#86,.T.);
#2753=ADVANCED_FACE('',(#181),#17,.T.);
#2754=ADVANCED_FACE('',(#182),#18,.T.);
#2755=ADVANCED_FACE('',(#183),#87,.T.);
#2756=ADVANCED_FACE('',(#184),#2665,.F.);
#2757=ADVANCED_FACE('',(#185),#2666,.F.);
#2758=ADVANCED_FACE('',(#186),#88,.T.);
#2759=ADVANCED_FACE('',(#187),#89,.T.);
#2760=ADVANCED_FACE('',(#188),#2667,.F.);
#2761=ADVANCED_FACE('',(#189),#2668,.F.);
#2762=ADVANCED_FACE('',(#190),#90,.F.);
#2763=ADVANCED_FACE('',(#191),#91,.F.);
#2764=ADVANCED_FACE('',(#192,#143,#144,#145,#146),#2669,.T.);
#2765=ADVANCED_FACE('',(#193),#92,.F.);
#2766=ADVANCED_FACE('',(#194),#2670,.F.);
#2767=ADVANCED_FACE('',(#195),#2671,.T.);
#2768=ADVANCED_FACE('',(#196),#93,.F.);
#2769=ADVANCED_FACE('',(#197),#94,.F.);
#2770=ADVANCED_FACE('',(#198),#2672,.F.);
#2771=ADVANCED_FACE('',(#199),#95,.F.);
#2772=ADVANCED_FACE('',(#200),#96,.T.);
#2773=ADVANCED_FACE('',(#201),#2673,.F.);
#2774=ADVANCED_FACE('',(#202),#2674,.F.);
#2775=ADVANCED_FACE('',(#203),#2675,.T.);
#2776=ADVANCED_FACE('',(#204),#29,.F.);
#2777=ADVANCED_FACE('',(#205),#2676,.T.);
#2778=ADVANCED_FACE('',(#206),#30,.F.);
#2779=ADVANCED_FACE('',(#207),#2677,.T.);
#2780=ADVANCED_FACE('',(#208),#31,.F.);
#2781=ADVANCED_FACE('',(#209),#97,.F.);
#2782=ADVANCED_FACE('',(#210),#2678,.F.);
#2783=ADVANCED_FACE('',(#211),#2679,.F.);
#2784=ADVANCED_FACE('',(#212),#98,.F.);
#2785=ADVANCED_FACE('',(#213),#2680,.F.);
#2786=ADVANCED_FACE('',(#214),#2681,.F.);
#2787=ADVANCED_FACE('',(#215),#99,.F.);
#2788=ADVANCED_FACE('',(#216),#100,.F.);
#2789=ADVANCED_FACE('',(#217,#147,#148,#149,#150),#2682,.T.);
#2790=ADVANCED_FACE('',(#218),#101,.F.);
#2791=ADVANCED_FACE('',(#219),#2683,.T.);
#2792=ADVANCED_FACE('',(#220),#102,.F.);
#2793=ADVANCED_FACE('',(#221),#2684,.F.);
#2794=ADVANCED_FACE('',(#222),#103,.T.);
#2795=ADVANCED_FACE('',(#223),#19,.T.);
#2796=ADVANCED_FACE('',(#224),#104,.T.);
#2797=ADVANCED_FACE('',(#225),#20,.T.);
#2798=ADVANCED_FACE('',(#226),#105,.T.);
#2799=ADVANCED_FACE('',(#227),#2685,.T.);
#2800=ADVANCED_FACE('',(#228),#106,.T.);
#2801=ADVANCED_FACE('',(#229),#21,.T.);
#2802=ADVANCED_FACE('',(#230),#107,.T.);
#2803=ADVANCED_FACE('',(#231),#22,.T.);
#2804=ADVANCED_FACE('',(#232),#108,.T.);
#2805=ADVANCED_FACE('',(#233,#151,#152,#153,#154),#2686,.T.);
#2806=ADVANCED_FACE('',(#234),#109,.T.);
#2807=ADVANCED_FACE('',(#235),#32,.F.);
#2808=ADVANCED_FACE('',(#236),#2687,.T.);
#2809=ADVANCED_FACE('',(#237),#33,.F.);
#2810=ADVANCED_FACE('',(#238),#2688,.T.);
#2811=ADVANCED_FACE('',(#239),#34,.F.);
#2812=ADVANCED_FACE('',(#240),#2689,.T.);
#2813=ADVANCED_FACE('',(#241),#2690,.F.);
#2814=ADVANCED_FACE('',(#242),#2691,.F.);
#2815=ADVANCED_FACE('',(#243),#2692,.T.);
#2816=ADVANCED_FACE('',(#244),#35,.F.);
#2817=ADVANCED_FACE('',(#245),#2693,.T.);
#2818=ADVANCED_FACE('',(#246),#36,.F.);
#2819=ADVANCED_FACE('',(#247),#2694,.T.);
#2820=ADVANCED_FACE('',(#248),#37,.F.);
#2821=ADVANCED_FACE('',(#249),#110,.F.);
#2822=ADVANCED_FACE('',(#250),#2695,.F.);
#2823=ADVANCED_FACE('',(#251),#2696,.F.);
#2824=ADVANCED_FACE('',(#252),#111,.F.);
#2825=ADVANCED_FACE('',(#253),#2697,.F.);
#2826=ADVANCED_FACE('',(#254),#2698,.F.);
#2827=ADVANCED_FACE('',(#255),#112,.F.);
#2828=ADVANCED_FACE('',(#256),#113,.F.);
#2829=ADVANCED_FACE('',(#257),#114,.F.);
#2830=ADVANCED_FACE('',(#258),#115,.F.);
#2831=ADVANCED_FACE('',(#259),#38,.F.);
#2832=ADVANCED_FACE('',(#260),#2699,.T.);
#2833=ADVANCED_FACE('',(#261),#39,.F.);
#2834=ADVANCED_FACE('',(#262),#2700,.T.);
#2835=ADVANCED_FACE('',(#263),#40,.F.);
#2836=ADVANCED_FACE('',(#264),#2701,.T.);
#2837=ADVANCED_FACE('',(#265),#116,.F.);
#2838=ADVANCED_FACE('',(#266),#117,.F.);
#2839=ADVANCED_FACE('',(#267),#41,.F.);
#2840=ADVANCED_FACE('',(#268),#2702,.T.);
#2841=ADVANCED_FACE('',(#269),#42,.F.);
#2842=ADVANCED_FACE('',(#270),#2703,.T.);
#2843=ADVANCED_FACE('',(#271),#43,.F.);
#2844=ADVANCED_FACE('',(#272),#2704,.T.);
#2845=ADVANCED_FACE('',(#273),#2705,.F.);
#2846=ADVANCED_FACE('',(#274),#2706,.F.);
#2847=ADVANCED_FACE('',(#275),#2707,.T.);
#2848=ADVANCED_FACE('',(#276),#44,.F.);
#2849=ADVANCED_FACE('',(#277),#2708,.T.);
#2850=ADVANCED_FACE('',(#278),#45,.F.);
#2851=ADVANCED_FACE('',(#279),#2709,.T.);
#2852=ADVANCED_FACE('',(#280),#46,.F.);
#2853=ADVANCED_FACE('',(#281),#118,.F.);
#2854=ADVANCED_FACE('',(#282),#2710,.F.);
#2855=ADVANCED_FACE('',(#283),#2711,.F.);
#2856=ADVANCED_FACE('',(#284),#119,.F.);
#2857=ADVANCED_FACE('',(#285),#2712,.F.);
#2858=ADVANCED_FACE('',(#286),#2713,.F.);
#2859=ADVANCED_FACE('',(#287),#120,.F.);
#2860=ADVANCED_FACE('',(#288),#121,.F.);
#2861=ADVANCED_FACE('',(#289),#122,.F.);
#2862=ADVANCED_FACE('',(#290),#123,.F.);
#2863=ADVANCED_FACE('',(#291),#47,.F.);
#2864=ADVANCED_FACE('',(#292),#2714,.T.);
#2865=ADVANCED_FACE('',(#293),#48,.F.);
#2866=ADVANCED_FACE('',(#294),#2715,.T.);
#2867=ADVANCED_FACE('',(#295),#49,.F.);
#2868=ADVANCED_FACE('',(#296),#2716,.T.);
#2869=ADVANCED_FACE('',(#297),#2717,.F.);
#2870=ADVANCED_FACE('',(#298),#2718,.F.);
#2871=ADVANCED_FACE('',(#299),#2719,.T.);
#2872=ADVANCED_FACE('',(#300),#50,.F.);
#2873=ADVANCED_FACE('',(#301),#2720,.T.);
#2874=ADVANCED_FACE('',(#302),#51,.F.);
#2875=ADVANCED_FACE('',(#303),#2721,.T.);
#2876=ADVANCED_FACE('',(#304),#52,.F.);
#2877=ADVANCED_FACE('',(#305),#124,.F.);
#2878=ADVANCED_FACE('',(#306),#2722,.F.);
#2879=ADVANCED_FACE('',(#307),#2723,.F.);
#2880=ADVANCED_FACE('',(#308),#125,.F.);
#2881=ADVANCED_FACE('',(#309),#2724,.F.);
#2882=ADVANCED_FACE('',(#310),#2725,.F.);
#2883=ADVANCED_FACE('',(#311),#126,.F.);
#2884=ADVANCED_FACE('',(#312),#127,.F.);
#2885=ADVANCED_FACE('',(#313),#128,.F.);
#2886=ADVANCED_FACE('',(#314),#129,.F.);
#2887=ADVANCED_FACE('',(#315),#25,.T.);
#2888=ADVANCED_FACE('',(#316),#130,.F.);
#2889=ADVANCED_FACE('',(#317),#2726,.F.);
#2890=ADVANCED_FACE('',(#318),#131,.T.);
#2891=ADVANCED_FACE('',(#319),#26,.T.);
#2892=ADVANCED_FACE('',(#320),#132,.F.);
#2893=CLOSED_SHELL('',(#2727,#2728,#2729,#2730,#2731,#2732,#2733,#2734,
#2735,#2736,#2737,#2738,#2739,#2740,#2741,#2742,#2743,#2744,#2745,#2746,
#2747,#2748,#2749,#2750,#2751,#2752,#2753,#2754,#2755,#2756,#2757,#2758,
#2759,#2760,#2761,#2762,#2763,#2764,#2765,#2766,#2767,#2768,#2769,#2770,
#2771,#2772,#2773,#2774,#2775,#2776,#2777,#2778,#2779,#2780,#2781,#2782,
#2783,#2784,#2785,#2786,#2787,#2788,#2789,#2790,#2791,#2792,#2793,#2794,
#2795,#2796,#2797,#2798,#2799,#2800,#2801,#2802,#2803,#2804,#2805,#2806,
#2807,#2808,#2809,#2810,#2811,#2812,#2813,#2814,#2815,#2816,#2817,#2818,
#2819,#2820,#2821,#2822,#2823,#2824,#2825,#2826,#2827,#2828,#2829,#2830,
#2831,#2832,#2833,#2834,#2835,#2836,#2837,#2838,#2839,#2840,#2841,#2842,
#2843,#2844,#2845,#2846,#2847,#2848,#2849,#2850,#2851,#2852,#2853,#2854,
#2855,#2856,#2857,#2858,#2859,#2860,#2861,#2862,#2863,#2864,#2865,#2866,
#2867,#2868,#2869,#2870,#2871,#2872,#2873,#2874,#2875,#2876,#2877,#2878,
#2879,#2880,#2881,#2882,#2883,#2884,#2885,#2886,#2887,#2888,#2889,#2890,
#2891,#2892));
#2894=DERIVED_UNIT_ELEMENT(#2896,1.);
#2895=DERIVED_UNIT_ELEMENT(#5805,-3.);
#2896=(
MASS_UNIT()
NAMED_UNIT(*)
SI_UNIT(.KILO.,.GRAM.)
);
#2897=DERIVED_UNIT((#2894,#2895));
#2898=MEASURE_REPRESENTATION_ITEM('density measure',
POSITIVE_RATIO_MEASURE(7850.),#2897);
#2899=PROPERTY_DEFINITION_REPRESENTATION(#2904,#2901);
#2900=PROPERTY_DEFINITION_REPRESENTATION(#2905,#2902);
#2901=REPRESENTATION('material name',(#2903),#5802);
#2902=REPRESENTATION('density',(#2898),#5802);
#2903=DESCRIPTIVE_REPRESENTATION_ITEM('\X2\94A2\X0\','\X2\94A2\X0\');
#2904=PROPERTY_DEFINITION('material property','material name',#5812);
#2905=PROPERTY_DEFINITION('material property','density of part',#5812);
#2906=AXIS2_PLACEMENT_3D('',#4074,#3208,#3209);
#2907=AXIS2_PLACEMENT_3D('',#4075,#3210,#3211);
#2908=AXIS2_PLACEMENT_3D('',#4086,#3216,#3217);
#2909=AXIS2_PLACEMENT_3D('',#4090,#3219,#3220);
#2910=AXIS2_PLACEMENT_3D('',#4094,#3222,#3223);
#2911=AXIS2_PLACEMENT_3D('',#4098,#3225,#3226);
#2912=AXIS2_PLACEMENT_3D('',#4102,#3228,#3229);
#2913=AXIS2_PLACEMENT_3D('',#4106,#3231,#3232);
#2914=AXIS2_PLACEMENT_3D('',#4110,#3234,#3235);
#2915=AXIS2_PLACEMENT_3D('',#4114,#3237,#3238);
#2916=AXIS2_PLACEMENT_3D('',#4118,#3240,#3241);
#2917=AXIS2_PLACEMENT_3D('',#4122,#3243,#3244);
#2918=AXIS2_PLACEMENT_3D('',#4126,#3246,#3247);
#2919=AXIS2_PLACEMENT_3D('',#4130,#3249,#3250);
#2920=AXIS2_PLACEMENT_3D('',#4134,#3252,#3253);
#2921=AXIS2_PLACEMENT_3D('',#4138,#3255,#3256);
#2922=AXIS2_PLACEMENT_3D('',#4140,#3258,#3259);
#2923=AXIS2_PLACEMENT_3D('',#4142,#3260,#3261);
#2924=AXIS2_PLACEMENT_3D('',#4145,#3263,#3264);
#2925=AXIS2_PLACEMENT_3D('',#4146,#3265,#3266);
#2926=AXIS2_PLACEMENT_3D('',#4152,#3270,#3271);
#2927=AXIS2_PLACEMENT_3D('',#4162,#3276,#3277);
#2928=AXIS2_PLACEMENT_3D('',#4163,#3278,#3279);
#2929=AXIS2_PLACEMENT_3D('',#4168,#3281,#3282);
#2930=AXIS2_PLACEMENT_3D('',#4226,#3285,#3286);
#2931=AXIS2_PLACEMENT_3D('',#4230,#3288,#3289);
#2932=AXIS2_PLACEMENT_3D('',#4234,#3292,#3293);
#2933=AXIS2_PLACEMENT_3D('',#4238,#3295,#3296);
#2934=AXIS2_PLACEMENT_3D('',#4239,#3297,#3298);
#2935=AXIS2_PLACEMENT_3D('',#4240,#3299,#3300);
#2936=AXIS2_PLACEMENT_3D('',#4249,#3304,#3305);
#2937=AXIS2_PLACEMENT_3D('',#4253,#3307,#3308);
#2938=AXIS2_PLACEMENT_3D('',#4258,#3311,#3312);
#2939=AXIS2_PLACEMENT_3D('',#4261,#3314,#3315);
#2940=AXIS2_PLACEMENT_3D('',#4263,#3316,#3317);
#2941=AXIS2_PLACEMENT_3D('',#4265,#3318,#3319);
#2942=AXIS2_PLACEMENT_3D('',#4266,#3320,#3321);
#2943=AXIS2_PLACEMENT_3D('',#4268,#3322,#3323);
#2944=AXIS2_PLACEMENT_3D('',#4270,#3325,#3326);
#2945=AXIS2_PLACEMENT_3D('',#4272,#3327,#3328);
#2946=AXIS2_PLACEMENT_3D('',#4273,#3329,#3330);
#2947=AXIS2_PLACEMENT_3D('',#4275,#3331,#3332);
#2948=AXIS2_PLACEMENT_3D('',#4277,#3334,#3335);
#2949=AXIS2_PLACEMENT_3D('',#4286,#3339,#3340);
#2950=AXIS2_PLACEMENT_3D('',#4289,#3342,#3343);
#2951=AXIS2_PLACEMENT_3D('',#4295,#3346,#3347);
#2952=AXIS2_PLACEMENT_3D('',#4298,#3349,#3350);
#2953=AXIS2_PLACEMENT_3D('',#4300,#3351,#3352);
#2954=AXIS2_PLACEMENT_3D('',#4301,#3353,#3354);
#2955=AXIS2_PLACEMENT_3D('',#4304,#3356,#3357);
#2956=AXIS2_PLACEMENT_3D('',#4305,#3358,#3359);
#2957=AXIS2_PLACEMENT_3D('',#4307,#3360,#3361);
#2958=AXIS2_PLACEMENT_3D('',#4308,#3362,#3363);
#2959=AXIS2_PLACEMENT_3D('',#4310,#3365,#3366);
#2960=AXIS2_PLACEMENT_3D('',#4315,#3368,#3369);
#2961=AXIS2_PLACEMENT_3D('',#4375,#3374,#3375);
#2962=AXIS2_PLACEMENT_3D('',#4378,#3377,#3378);
#2963=AXIS2_PLACEMENT_3D('',#4380,#3380,#3381);
#2964=AXIS2_PLACEMENT_3D('',#4381,#3382,#3383);
#2965=AXIS2_PLACEMENT_3D('',#4382,#3384,#3385);
#2966=AXIS2_PLACEMENT_3D('',#4383,#3386,#3387);
#2967=AXIS2_PLACEMENT_3D('',#4385,#3388,#3389);
#2968=AXIS2_PLACEMENT_3D('',#4386,#3390,#3391);
#2969=AXIS2_PLACEMENT_3D('',#4387,#3392,#3393);
#2970=AXIS2_PLACEMENT_3D('',#4390,#3395,#3396);
#2971=AXIS2_PLACEMENT_3D('',#4391,#3397,#3398);
#2972=AXIS2_PLACEMENT_3D('',#4393,#3399,#3400);
#2973=AXIS2_PLACEMENT_3D('',#4394,#3401,#3402);
#2974=AXIS2_PLACEMENT_3D('',#4395,#3403,#3404);
#2975=AXIS2_PLACEMENT_3D('',#4398,#3406,#3407);
#2976=AXIS2_PLACEMENT_3D('',#4460,#3408,#3409);
#2977=AXIS2_PLACEMENT_3D('',#4529,#3410,#3411);
#2978=AXIS2_PLACEMENT_3D('',#4530,#3412,#3413);
#2979=AXIS2_PLACEMENT_3D('',#4532,#3414,#3415);
#2980=AXIS2_PLACEMENT_3D('',#4594,#3417,#3418);
#2981=AXIS2_PLACEMENT_3D('',#4595,#3419,#3420);
#2982=AXIS2_PLACEMENT_3D('',#4598,#3422,#3423);
#2983=AXIS2_PLACEMENT_3D('',#4599,#3424,#3425);
#2984=AXIS2_PLACEMENT_3D('',#4603,#3428,#3429);
#2985=AXIS2_PLACEMENT_3D('',#4792,#3430,#3431);
#2986=AXIS2_PLACEMENT_3D('',#4852,#3432,#3433);
#2987=AXIS2_PLACEMENT_3D('',#4853,#3434,#3435);
#2988=AXIS2_PLACEMENT_3D('',#4855,#3436,#3437);
#2989=AXIS2_PLACEMENT_3D('',#4857,#3439,#3440);
#2990=AXIS2_PLACEMENT_3D('',#4863,#3444,#3445);
#2991=AXIS2_PLACEMENT_3D('',#4865,#3446,#3447);
#2992=AXIS2_PLACEMENT_3D('',#4871,#3451,#3452);
#2993=AXIS2_PLACEMENT_3D('',#4873,#3453,#3454);
#2994=AXIS2_PLACEMENT_3D('',#4875,#3456,#3457);
#2995=AXIS2_PLACEMENT_3D('',#4879,#3459,#3460);
#2996=AXIS2_PLACEMENT_3D('',#4880,#3461,#3462);
#2997=AXIS2_PLACEMENT_3D('',#4881,#3463,#3464);
#2998=AXIS2_PLACEMENT_3D('',#4885,#3467,#3468);
#2999=AXIS2_PLACEMENT_3D('',#4891,#3472,#3473);
#3000=AXIS2_PLACEMENT_3D('',#4892,#3474,#3475);
#3001=AXIS2_PLACEMENT_3D('',#4893,#3476,#3477);
#3002=AXIS2_PLACEMENT_3D('',#4894,#3478,#3479);
#3003=AXIS2_PLACEMENT_3D('',#4895,#3480,#3481);
#3004=AXIS2_PLACEMENT_3D('',#4896,#3482,#3483);
#3005=AXIS2_PLACEMENT_3D('',#4904,#3487,#3488);
#3006=AXIS2_PLACEMENT_3D('',#4908,#3490,#3491);
#3007=AXIS2_PLACEMENT_3D('',#4911,#3493,#3494);
#3008=AXIS2_PLACEMENT_3D('',#4916,#3496,#3497);
#3009=AXIS2_PLACEMENT_3D('',#4920,#3499,#3500);
#3010=AXIS2_PLACEMENT_3D('',#4923,#3502,#3503);
#3011=AXIS2_PLACEMENT_3D('',#4928,#3505,#3506);
#3012=AXIS2_PLACEMENT_3D('',#4932,#3508,#3509);
#3013=AXIS2_PLACEMENT_3D('',#4935,#3511,#3512);
#3014=AXIS2_PLACEMENT_3D('',#4940,#3514,#3515);
#3015=AXIS2_PLACEMENT_3D('',#4944,#3517,#3518);
#3016=AXIS2_PLACEMENT_3D('',#4947,#3520,#3521);
#3017=AXIS2_PLACEMENT_3D('',#4948,#3522,#3523);
#3018=AXIS2_PLACEMENT_3D('',#4950,#3524,#3525);
#3019=AXIS2_PLACEMENT_3D('',#4952,#3527,#3528);
#3020=AXIS2_PLACEMENT_3D('',#4956,#3531,#3532);
#3021=AXIS2_PLACEMENT_3D('',#4958,#3534,#3535);
#3022=AXIS2_PLACEMENT_3D('',#4960,#3537,#3538);
#3023=AXIS2_PLACEMENT_3D('',#4961,#3539,#3540);
#3024=AXIS2_PLACEMENT_3D('',#4963,#3542,#3543);
#3025=AXIS2_PLACEMENT_3D('',#4965,#3545,#3546);
#3026=AXIS2_PLACEMENT_3D('',#4966,#3547,#3548);
#3027=AXIS2_PLACEMENT_3D('',#4967,#3549,#3550);
#3028=AXIS2_PLACEMENT_3D('',#4973,#3554,#3555);
#3029=AXIS2_PLACEMENT_3D('',#4982,#3560,#3561);
#3030=AXIS2_PLACEMENT_3D('',#4985,#3564,#3565);
#3031=AXIS2_PLACEMENT_3D('',#4987,#3566,#3567);
#3032=AXIS2_PLACEMENT_3D('',#4989,#3569,#3570);
#3033=AXIS2_PLACEMENT_3D('',#4993,#3573,#3574);
#3034=AXIS2_PLACEMENT_3D('',#4995,#3575,#3576);
#3035=AXIS2_PLACEMENT_3D('',#4997,#3578,#3579);
#3036=AXIS2_PLACEMENT_3D('',#5001,#3582,#3583);
#3037=AXIS2_PLACEMENT_3D('',#5002,#3584,#3585);
#3038=AXIS2_PLACEMENT_3D('',#5003,#3586,#3587);
#3039=AXIS2_PLACEMENT_3D('',#5005,#3589,#3590);
#3040=AXIS2_PLACEMENT_3D('',#5007,#3592,#3593);
#3041=AXIS2_PLACEMENT_3D('',#5016,#3598,#3599);
#3042=AXIS2_PLACEMENT_3D('',#5018,#3601,#3602);
#3043=AXIS2_PLACEMENT_3D('',#5020,#3604,#3605);
#3044=AXIS2_PLACEMENT_3D('',#5029,#3610,#3611);
#3045=AXIS2_PLACEMENT_3D('',#5030,#3612,#3613);
#3046=AXIS2_PLACEMENT_3D('',#5031,#3614,#3615);
#3047=AXIS2_PLACEMENT_3D('',#5032,#3616,#3617);
#3048=AXIS2_PLACEMENT_3D('',#5033,#3618,#3619);
#3049=AXIS2_PLACEMENT_3D('',#5037,#3622,#3623);
#3050=AXIS2_PLACEMENT_3D('',#5038,#3624,#3625);
#3051=AXIS2_PLACEMENT_3D('',#5043,#3627,#3628);
#3052=AXIS2_PLACEMENT_3D('',#5047,#3630,#3631);
#3053=AXIS2_PLACEMENT_3D('',#5050,#3633,#3634);
#3054=AXIS2_PLACEMENT_3D('',#5055,#3636,#3637);
#3055=AXIS2_PLACEMENT_3D('',#5059,#3639,#3640);
#3056=AXIS2_PLACEMENT_3D('',#5062,#3642,#3643);
#3057=AXIS2_PLACEMENT_3D('',#5067,#3645,#3646);
#3058=AXIS2_PLACEMENT_3D('',#5071,#3648,#3649);
#3059=AXIS2_PLACEMENT_3D('',#5074,#3651,#3652);
#3060=AXIS2_PLACEMENT_3D('',#5075,#3653,#3654);
#3061=AXIS2_PLACEMENT_3D('',#5077,#3655,#3656);
#3062=AXIS2_PLACEMENT_3D('',#5079,#3658,#3659);
#3063=AXIS2_PLACEMENT_3D('',#5083,#3662,#3663);
#3064=AXIS2_PLACEMENT_3D('',#5084,#3664,#3665);
#3065=AXIS2_PLACEMENT_3D('',#5085,#3666,#3667);
#3066=AXIS2_PLACEMENT_3D('',#5220,#3672,#3673);
#3067=AXIS2_PLACEMENT_3D('',#5221,#3674,#3675);
#3068=AXIS2_PLACEMENT_3D('',#5222,#3676,#3677);
#3069=AXIS2_PLACEMENT_3D('',#5284,#3678,#3679);
#3070=AXIS2_PLACEMENT_3D('',#5285,#3680,#3681);
#3071=AXIS2_PLACEMENT_3D('',#5286,#3682,#3683);
#3072=AXIS2_PLACEMENT_3D('',#5289,#3685,#3686);
#3073=AXIS2_PLACEMENT_3D('',#5350,#3687,#3688);
#3074=AXIS2_PLACEMENT_3D('',#5351,#3689,#3690);
#3075=AXIS2_PLACEMENT_3D('',#5354,#3692,#3693);
#3076=AXIS2_PLACEMENT_3D('',#5355,#3694,#3695);
#3077=AXIS2_PLACEMENT_3D('',#5359,#3698,#3699);
#3078=AXIS2_PLACEMENT_3D('',#5360,#3700,#3701);
#3079=AXIS2_PLACEMENT_3D('',#5414,#3702,#3703);
#3080=AXIS2_PLACEMENT_3D('',#5415,#3704,#3705);
#3081=AXIS2_PLACEMENT_3D('',#5416,#3706,#3707);
#3082=AXIS2_PLACEMENT_3D('',#5499,#3709,#3710);
#3083=AXIS2_PLACEMENT_3D('',#5500,#3711,#3712);
#3084=AXIS2_PLACEMENT_3D('',#5502,#3714,#3715);
#3085=AXIS2_PLACEMENT_3D('',#5506,#3717,#3718);
#3086=AXIS2_PLACEMENT_3D('',#5510,#3720,#3721);
#3087=AXIS2_PLACEMENT_3D('',#5514,#3723,#3724);
#3088=AXIS2_PLACEMENT_3D('',#5518,#3726,#3727);
#3089=AXIS2_PLACEMENT_3D('',#5522,#3729,#3730);
#3090=AXIS2_PLACEMENT_3D('',#5526,#3732,#3733);
#3091=AXIS2_PLACEMENT_3D('',#5530,#3735,#3736);
#3092=AXIS2_PLACEMENT_3D('',#5534,#3738,#3739);
#3093=AXIS2_PLACEMENT_3D('',#5538,#3741,#3742);
#3094=AXIS2_PLACEMENT_3D('',#5542,#3744,#3745);
#3095=AXIS2_PLACEMENT_3D('',#5546,#3747,#3748);
#3096=AXIS2_PLACEMENT_3D('',#5550,#3750,#3751);
#3097=AXIS2_PLACEMENT_3D('',#5552,#3753,#3754);
#3098=AXIS2_PLACEMENT_3D('',#5553,#3755,#3756);
#3099=AXIS2_PLACEMENT_3D('',#5557,#3758,#3759);
#3100=AXIS2_PLACEMENT_3D('',#5559,#3761,#3762);
#3101=AXIS2_PLACEMENT_3D('',#5563,#3765,#3766);
#3102=AXIS2_PLACEMENT_3D('',#5565,#3767,#3768);
#3103=AXIS2_PLACEMENT_3D('',#5567,#3770,#3771);
#3104=AXIS2_PLACEMENT_3D('',#5571,#3774,#3775);
#3105=AXIS2_PLACEMENT_3D('',#5573,#3776,#3777);
#3106=AXIS2_PLACEMENT_3D('',#5575,#3779,#3780);
#3107=AXIS2_PLACEMENT_3D('',#5577,#3782,#3783);
#3108=AXIS2_PLACEMENT_3D('',#5583,#3787,#3788);
#3109=AXIS2_PLACEMENT_3D('',#5586,#3791,#3792);
#3110=AXIS2_PLACEMENT_3D('',#5589,#3795,#3796);
#3111=AXIS2_PLACEMENT_3D('',#5591,#3797,#3798);
#3112=AXIS2_PLACEMENT_3D('',#5593,#3800,#3801);
#3113=AXIS2_PLACEMENT_3D('',#5597,#3804,#3805);
#3114=AXIS2_PLACEMENT_3D('',#5599,#3806,#3807);
#3115=AXIS2_PLACEMENT_3D('',#5601,#3809,#3810);
#3116=AXIS2_PLACEMENT_3D('',#5605,#3813,#3814);
#3117=AXIS2_PLACEMENT_3D('',#5606,#3815,#3816);
#3118=AXIS2_PLACEMENT_3D('',#5607,#3817,#3818);
#3119=AXIS2_PLACEMENT_3D('',#5609,#3820,#3821);
#3120=AXIS2_PLACEMENT_3D('',#5611,#3823,#3824);
#3121=AXIS2_PLACEMENT_3D('',#5614,#3827,#3828);
#3122=AXIS2_PLACEMENT_3D('',#5616,#3830,#3831);
#3123=AXIS2_PLACEMENT_3D('',#5618,#3833,#3834);
#3124=AXIS2_PLACEMENT_3D('',#5621,#3837,#3838);
#3125=AXIS2_PLACEMENT_3D('',#5622,#3839,#3840);
#3126=AXIS2_PLACEMENT_3D('',#5623,#3841,#3842);
#3127=AXIS2_PLACEMENT_3D('',#5624,#3843,#3844);
#3128=AXIS2_PLACEMENT_3D('',#5625,#3845,#3846);
#3129=AXIS2_PLACEMENT_3D('',#5628,#3849,#3850);
#3130=AXIS2_PLACEMENT_3D('',#5630,#3852,#3853);
#3131=AXIS2_PLACEMENT_3D('',#5631,#3854,#3855);
#3132=AXIS2_PLACEMENT_3D('',#5633,#3857,#3858);
#3133=AXIS2_PLACEMENT_3D('',#5635,#3860,#3861);
#3134=AXIS2_PLACEMENT_3D('',#5636,#3862,#3863);
#3135=AXIS2_PLACEMENT_3D('',#5638,#3865,#3866);
#3136=AXIS2_PLACEMENT_3D('',#5639,#3867,#3868);
#3137=AXIS2_PLACEMENT_3D('',#5640,#3869,#3870);
#3138=AXIS2_PLACEMENT_3D('',#5641,#3871,#3872);
#3139=AXIS2_PLACEMENT_3D('',#5645,#3874,#3875);
#3140=AXIS2_PLACEMENT_3D('',#5647,#3877,#3878);
#3141=AXIS2_PLACEMENT_3D('',#5651,#3881,#3882);
#3142=AXIS2_PLACEMENT_3D('',#5653,#3883,#3884);
#3143=AXIS2_PLACEMENT_3D('',#5655,#3886,#3887);
#3144=AXIS2_PLACEMENT_3D('',#5659,#3890,#3891);
#3145=AXIS2_PLACEMENT_3D('',#5661,#3892,#3893);
#3146=AXIS2_PLACEMENT_3D('',#5663,#3895,#3896);
#3147=AXIS2_PLACEMENT_3D('',#5665,#3898,#3899);
#3148=AXIS2_PLACEMENT_3D('',#5671,#3903,#3904);
#3149=AXIS2_PLACEMENT_3D('',#5674,#3907,#3908);
#3150=AXIS2_PLACEMENT_3D('',#5677,#3911,#3912);
#3151=AXIS2_PLACEMENT_3D('',#5679,#3913,#3914);
#3152=AXIS2_PLACEMENT_3D('',#5681,#3916,#3917);
#3153=AXIS2_PLACEMENT_3D('',#5685,#3920,#3921);
#3154=AXIS2_PLACEMENT_3D('',#5687,#3922,#3923);
#3155=AXIS2_PLACEMENT_3D('',#5689,#3925,#3926);
#3156=AXIS2_PLACEMENT_3D('',#5693,#3929,#3930);
#3157=AXIS2_PLACEMENT_3D('',#5694,#3931,#3932);
#3158=AXIS2_PLACEMENT_3D('',#5695,#3933,#3934);
#3159=AXIS2_PLACEMENT_3D('',#5697,#3936,#3937);
#3160=AXIS2_PLACEMENT_3D('',#5699,#3939,#3940);
#3161=AXIS2_PLACEMENT_3D('',#5702,#3943,#3944);
#3162=AXIS2_PLACEMENT_3D('',#5704,#3946,#3947);
#3163=AXIS2_PLACEMENT_3D('',#5706,#3949,#3950);
#3164=AXIS2_PLACEMENT_3D('',#5709,#3953,#3954);
#3165=AXIS2_PLACEMENT_3D('',#5710,#3955,#3956);
#3166=AXIS2_PLACEMENT_3D('',#5711,#3957,#3958);
#3167=AXIS2_PLACEMENT_3D('',#5712,#3959,#3960);
#3168=AXIS2_PLACEMENT_3D('',#5713,#3961,#3962);
#3169=AXIS2_PLACEMENT_3D('',#5717,#3964,#3965);
#3170=AXIS2_PLACEMENT_3D('',#5719,#3967,#3968);
#3171=AXIS2_PLACEMENT_3D('',#5723,#3971,#3972);
#3172=AXIS2_PLACEMENT_3D('',#5725,#3973,#3974);
#3173=AXIS2_PLACEMENT_3D('',#5727,#3976,#3977);
#3174=AXIS2_PLACEMENT_3D('',#5731,#3980,#3981);
#3175=AXIS2_PLACEMENT_3D('',#5733,#3982,#3983);
#3176=AXIS2_PLACEMENT_3D('',#5735,#3985,#3986);
#3177=AXIS2_PLACEMENT_3D('',#5737,#3988,#3989);
#3178=AXIS2_PLACEMENT_3D('',#5743,#3993,#3994);
#3179=AXIS2_PLACEMENT_3D('',#5746,#3997,#3998);
#3180=AXIS2_PLACEMENT_3D('',#5749,#4001,#4002);
#3181=AXIS2_PLACEMENT_3D('',#5751,#4003,#4004);
#3182=AXIS2_PLACEMENT_3D('',#5753,#4006,#4007);
#3183=AXIS2_PLACEMENT_3D('',#5757,#4010,#4011);
#3184=AXIS2_PLACEMENT_3D('',#5759,#4012,#4013);
#3185=AXIS2_PLACEMENT_3D('',#5761,#4015,#4016);
#3186=AXIS2_PLACEMENT_3D('',#5765,#4019,#4020);
#3187=AXIS2_PLACEMENT_3D('',#5766,#4021,#4022);
#3188=AXIS2_PLACEMENT_3D('',#5767,#4023,#4024);
#3189=AXIS2_PLACEMENT_3D('',#5769,#4026,#4027);
#3190=AXIS2_PLACEMENT_3D('',#5771,#4029,#4030);
#3191=AXIS2_PLACEMENT_3D('',#5774,#4033,#4034);
#3192=AXIS2_PLACEMENT_3D('',#5776,#4036,#4037);
#3193=AXIS2_PLACEMENT_3D('',#5778,#4039,#4040);
#3194=AXIS2_PLACEMENT_3D('',#5781,#4043,#4044);
#3195=AXIS2_PLACEMENT_3D('',#5782,#4045,#4046);
#3196=AXIS2_PLACEMENT_3D('',#5783,#4047,#4048);
#3197=AXIS2_PLACEMENT_3D('',#5784,#4049,#4050);
#3198=AXIS2_PLACEMENT_3D('',#5785,#4051,#4052);
#3199=AXIS2_PLACEMENT_3D('',#5787,#4053,#4054);
#3200=AXIS2_PLACEMENT_3D('',#5788,#4055,#4056);
#3201=AXIS2_PLACEMENT_3D('',#5789,#4057,#4058);
#3202=AXIS2_PLACEMENT_3D('',#5791,#4060,#4061);
#3203=AXIS2_PLACEMENT_3D('',#5795,#4064,#4065);
#3204=AXIS2_PLACEMENT_3D('',#5796,#4066,#4067);
#3205=AXIS2_PLACEMENT_3D('',#5797,#4068,#4069);
#3206=AXIS2_PLACEMENT_3D('',#5798,#4070,#4071);
#3207=AXIS2_PLACEMENT_3D('',#5799,#4072,#4073);
#3208=DIRECTION('axis',(0.,0.,1.));
#3209=DIRECTION('refdir',(1.,0.,0.));
#3210=DIRECTION('center_axis',(0.,0.,1.));
#3211=DIRECTION('ref_axis',(0.,-1.,0.));
#3212=DIRECTION('',(2.11788377906E-10,-1.,6.165480861294E-13));
#3213=DIRECTION('',(1.,1.140177709086E-10,-1.756876497097E-14));
#3214=DIRECTION('',(1.861137777703E-11,1.,-2.373294794316E-14));
#3215=DIRECTION('',(-1.,0.,0.));
#3216=DIRECTION('center_axis',(0.,0.,1.));
#3217=DIRECTION('ref_axis',(0.,1.,0.));
#3218=DIRECTION('',(0.707106781186547,0.707106781186547,0.));
#3219=DIRECTION('center_axis',(0.,0.,1.));
#3220=DIRECTION('ref_axis',(0.,-1.,0.));
#3221=DIRECTION('',(-1.,0.,0.));
#3222=DIRECTION('center_axis',(0.,0.,-1.));
#3223=DIRECTION('ref_axis',(0.,1.,0.));
#3224=DIRECTION('',(-0.707106781317998,-0.707106781055098,-1.85923849704099E-10));
#3225=DIRECTION('center_axis',(0.,0.,-1.));
#3226=DIRECTION('ref_axis',(0.707106781186597,-0.707106781186498,0.));
#3227=DIRECTION('',(-0.707106781075198,0.707106781297898,-1.57483779741599E-10));
#3228=DIRECTION('center_axis',(0.,0.,-1.));
#3229=DIRECTION('ref_axis',(-0.707106781186547,-0.707106781186547,0.));
#3230=DIRECTION('',(1.,4.99486421862E-11,4.994795047199E-11));
#3231=DIRECTION('center_axis',(0.,0.,-1.));
#3232=DIRECTION('ref_axis',(-0.707106781186498,0.707106781186597,0.));
#3233=DIRECTION('',(0.707106781004398,-0.707106781368698,-2.57630633860999E-10));
#3234=DIRECTION('center_axis',(0.,0.,-1.));
#3235=DIRECTION('ref_axis',(0.707106781186547,0.707106781186547,0.));
#3236=DIRECTION('',(-1.,-8.171232099767E-11,8.171338602799E-11));
#3237=DIRECTION('center_axis',(0.,0.,-1.));
#3238=DIRECTION('ref_axis',(0.,-1.,0.));
#3239=DIRECTION('',(0.707106781401598,0.707106780971497,-3.04161061989699E-10));
#3240=DIRECTION('center_axis',(0.,0.,-1.));
#3241=DIRECTION('ref_axis',(0.,1.,0.));
#3242=DIRECTION('',(-0.707106781401598,-0.707106780971497,-3.04161061989699E-10));
#3243=DIRECTION('center_axis',(0.,0.,-1.));
#3244=DIRECTION('ref_axis',(0.707106781186547,-0.707106781186547,0.));
#3245=DIRECTION('',(-0.707106781004398,0.707106781368698,-2.57630633860999E-10));
#3246=DIRECTION('center_axis',(0.,0.,-1.));
#3247=DIRECTION('ref_axis',(-0.707106781186597,-0.707106781186498,0.));
#3248=DIRECTION('',(1.,8.171232099767E-11,8.171338602799E-11));
#3249=DIRECTION('center_axis',(0.,0.,-1.));
#3250=DIRECTION('ref_axis',(-0.707106781186498,0.707106781186597,0.));
#3251=DIRECTION('',(0.707106781004398,-0.707106781368698,-2.57629127680699E-10));
#3252=DIRECTION('center_axis',(0.,0.,-1.));
#3253=DIRECTION('ref_axis',(0.707106781186547,0.707106781186547,0.));
#3254=DIRECTION('',(-1.,-8.171232099767E-11,8.171338602799E-11));
#3255=DIRECTION('center_axis',(0.,0.,-1.));
#3256=DIRECTION('ref_axis',(0.,-1.,0.));
#3257=DIRECTION('',(0.707106781401598,0.707106780971497,-3.04161061989699E-10));
#3258=DIRECTION('center_axis',(0.,-1.,0.));
#3259=DIRECTION('ref_axis',(0.,0.,1.));
#3260=DIRECTION('center_axis',(0.,1.,0.));
#3261=DIRECTION('ref_axis',(-0.707106781186598,0.,-0.707106781186498));
#3262=DIRECTION('',(7.747953553077E-12,-1.,-7.747953553077E-12));
#3263=DIRECTION('center_axis',(-9.24408029313392E-8,-0.999999999999992,
9.24408129799392E-8));
#3264=DIRECTION('ref_axis',(2.58211230174148E-11,9.24408129775527E-8,0.999999999999996));
#3265=DIRECTION('center_axis',(0.,-1.,0.));
#3266=DIRECTION('ref_axis',(1.,0.,0.));
#3267=DIRECTION('',(0.,0.,1.));
#3268=DIRECTION('',(1.,0.,0.));
#3269=DIRECTION('',(0.707106781186548,0.,-0.707106781186548));
#3270=DIRECTION('center_axis',(0.,-1.,0.));
#3271=DIRECTION('ref_axis',(1.,0.,0.));
#3272=DIRECTION('',(-0.707106781186548,0.,-0.707106781186548));
#3273=DIRECTION('',(1.,0.,0.));
#3274=DIRECTION('',(0.,0.,1.));
#3275=DIRECTION('',(1.,0.,0.));
#3276=DIRECTION('center_axis',(0.,1.,0.));
#3277=DIRECTION('ref_axis',(1.42108547152E-14,0.,-1.));
#3278=DIRECTION('center_axis',(0.707106781186548,0.,0.707106781186548));
#3279=DIRECTION('ref_axis',(-0.707106781186548,0.,0.707106781186548));
#3280=DIRECTION('',(0.707106781186548,0.,-0.707106781186548));
#3281=DIRECTION('center_axis',(0.707106781186097,-1.76579475845507E-12,
0.707106781186998));
#3282=DIRECTION('ref_axis',(0.70710665712064,-0.000592378778448079,-0.707106657119742));
#3283=DIRECTION('',(0.577350269190292,-0.577350269188292,-0.577350269190292));
#3284=DIRECTION('',(0.,1.,0.));
#3285=DIRECTION('center_axis',(0.707106781186548,0.,0.707106781186548));
#3286=DIRECTION('ref_axis',(0.707106781186548,0.,-0.707106781186548));
#3287=DIRECTION('',(-0.577350269189626,0.577350269189626,0.577350269189626));
#3288=DIRECTION('center_axis',(0.707106781186548,0.,0.707106781186548));
#3289=DIRECTION('ref_axis',(0.707106781186547,0.,-0.707106781186547));
#3290=DIRECTION('',(0.707106781186547,0.,-0.707106781186547));
#3291=DIRECTION('',(-4.467608505365E-10,1.,4.467632190123E-10));
#3292=DIRECTION('center_axis',(0.707106781186548,0.,-0.707106781186548));
#3293=DIRECTION('ref_axis',(0.,-1.,0.));
#3294=DIRECTION('',(0.707106781178898,0.,-0.707106781194197));
#3295=DIRECTION('center_axis',(0.707106781186548,0.,-0.707106781186548));
#3296=DIRECTION('ref_axis',(1.42108547152E-14,-1.,1.42108547152E-14));
#3297=DIRECTION('center_axis',(0.707106781186548,0.,-0.707106781186548));
#3298=DIRECTION('ref_axis',(7.1054273576E-15,-1.,7.1054273576E-15));
#3299=DIRECTION('center_axis',(0.,-1.,0.));
#3300=DIRECTION('ref_axis',(0.,0.,-1.));
#3301=DIRECTION('',(-0.707106781186398,0.,-0.707106781186698));
#3302=DIRECTION('',(1.,0.,0.));
#3303=DIRECTION('',(-0.707106781178898,0.,0.707106781194197));
#3304=DIRECTION('center_axis',(0.,1.,0.));
#3305=DIRECTION('ref_axis',(-0.707106781186547,0.,-0.707106781186547));
#3306=DIRECTION('',(3.451141051073E-12,0.,1.));
#3307=DIRECTION('center_axis',(0.,1.,0.));
#3308=DIRECTION('ref_axis',(-1.,0.,0.));
#3309=DIRECTION('',(0.707106781186398,0.,0.707106781186698));
#3310=DIRECTION('',(1.,0.,0.));
#3311=DIRECTION('center_axis',(0.,1.,0.));
#3312=DIRECTION('ref_axis',(0.707106781186498,0.,0.707106781186597));
#3313=DIRECTION('',(-3.45103416158E-12,0.,-1.));
#3314=DIRECTION('center_axis',(0.,1.,0.));
#3315=DIRECTION('ref_axis',(1.,0.,0.));
#3316=DIRECTION('center_axis',(0.,-1.,0.));
#3317=DIRECTION('ref_axis',(-1.,0.,0.));
#3318=DIRECTION('center_axis',(0.,-1.,0.));
#3319=DIRECTION('ref_axis',(-1.,0.,0.));
#3320=DIRECTION('center_axis',(0.,-1.,0.));
#3321=DIRECTION('ref_axis',(-1.,0.,0.));
#3322=DIRECTION('center_axis',(0.,-1.,0.));
#3323=DIRECTION('ref_axis',(-1.,0.,0.));
#3324=DIRECTION('',(0.,-1.,0.));
#3325=DIRECTION('center_axis',(0.,-1.,0.));
#3326=DIRECTION('ref_axis',(-1.,0.,0.));
#3327=DIRECTION('center_axis',(0.,1.,0.));
#3328=DIRECTION('ref_axis',(-1.,0.,0.));
#3329=DIRECTION('center_axis',(0.,-1.,0.));
#3330=DIRECTION('ref_axis',(-1.,0.,0.));
#3331=DIRECTION('center_axis',(0.,-1.,0.));
#3332=DIRECTION('ref_axis',(1.,0.,0.));
#3333=DIRECTION('',(0.707106781186547,-0.707106781186547,8.65956056235493E-17));
#3334=DIRECTION('center_axis',(0.,1.,0.));
#3335=DIRECTION('ref_axis',(0.,0.,1.));
#3336=DIRECTION('',(-0.707106781186547,0.,0.707106781186547));
#3337=DIRECTION('',(1.,0.,0.));
#3338=DIRECTION('',(0.707106781186547,0.,0.707106781186547));
#3339=DIRECTION('center_axis',(0.,-1.,0.));
#3340=DIRECTION('ref_axis',(0.707106781186598,0.,-0.707106781186498));
#3341=DIRECTION('',(0.,0.,-1.));
#3342=DIRECTION('center_axis',(0.,-1.,0.));
#3343=DIRECTION('ref_axis',(1.,0.,0.));
#3344=DIRECTION('',(1.,0.,0.));
#3345=DIRECTION('',(-0.707106781186547,0.,-0.707106781186547));
#3346=DIRECTION('center_axis',(0.,-1.,0.));
#3347=DIRECTION('ref_axis',(-0.707106781186548,0.,0.707106781186548));
#3348=DIRECTION('',(0.,0.,1.));
#3349=DIRECTION('center_axis',(0.,-1.,0.));
#3350=DIRECTION('ref_axis',(-1.,0.,0.));
#3351=DIRECTION('center_axis',(0.,-1.,0.));
#3352=DIRECTION('ref_axis',(-1.,0.,0.));
#3353=DIRECTION('center_axis',(0.,-1.,0.));
#3354=DIRECTION('ref_axis',(-1.,0.,0.));
#3355=DIRECTION('',(0.707106781186547,-0.707106781186547,8.65956056235493E-17));
#3356=DIRECTION('center_axis',(0.,-1.,0.));
#3357=DIRECTION('ref_axis',(-1.,0.,0.));
#3358=DIRECTION('center_axis',(0.,-1.,0.));
#3359=DIRECTION('ref_axis',(-1.,0.,0.));
#3360=DIRECTION('center_axis',(0.,-1.,0.));
#3361=DIRECTION('ref_axis',(-1.,0.,0.));
#3362=DIRECTION('center_axis',(0.,-1.,0.));
#3363=DIRECTION('ref_axis',(-1.,0.,0.));
#3364=DIRECTION('',(0.,-1.,0.));
#3365=DIRECTION('center_axis',(-0.707106781186548,0.,-0.707106781186548));
#3366=DIRECTION('ref_axis',(0.707106781186548,0.,-0.707106781186548));
#3367=DIRECTION('',(-0.707106781186548,0.,0.707106781186548));
#3368=DIRECTION('center_axis',(-0.707106781184126,-1.07918515925602E-11,
-0.707106781188969));
#3369=DIRECTION('ref_axis',(0.707106740293436,0.000340102962905756,-0.707106740288598));
#3370=DIRECTION('',(-0.577350269190292,-0.577350269188292,0.577350269190292));
#3371=DIRECTION('',(-1.814214313155E-12,-1.,1.813875271048E-12));
#3372=DIRECTION('',(-0.707106781186548,0.,0.707106781186548));
#3373=DIRECTION('',(0.,-1.,0.));
#3374=DIRECTION('center_axis',(0.707106781186548,0.,0.707106781186548));
#3375=DIRECTION('ref_axis',(0.707106781186548,0.,-0.707106781186548));
#3376=DIRECTION('',(-0.577350269189626,-0.577350269189626,0.577350269189626));
#3377=DIRECTION('center_axis',(0.707106781186548,0.,0.707106781186548));
#3378=DIRECTION('ref_axis',(0.707106781186547,0.,-0.707106781186547));
#3379=DIRECTION('',(4.467561135849E-10,1.,-4.467632190123E-10));
#3380=DIRECTION('center_axis',(-0.707106781186548,0.,0.707106781186548));
#3381=DIRECTION('ref_axis',(0.,-1.,0.));
#3382=DIRECTION('center_axis',(-0.707106781186548,0.,0.707106781186548));
#3383=DIRECTION('ref_axis',(0.,-1.,0.));
#3384=DIRECTION('center_axis',(-0.707106781186548,0.,0.707106781186548));
#3385=DIRECTION('ref_axis',(7.1054273576E-15,-1.,7.1054273576E-15));
#3386=DIRECTION('center_axis',(0.,1.,0.));
#3387=DIRECTION('ref_axis',(-0.529439181703717,0.,-0.848347896135129));
#3388=DIRECTION('center_axis',(0.,1.,0.));
#3389=DIRECTION('ref_axis',(-0.707106781186548,0.,-0.707106781186548));
#3390=DIRECTION('center_axis',(0.,0.,1.));
#3391=DIRECTION('ref_axis',(0.,-1.,0.));
#3392=DIRECTION('center_axis',(0.,0.,1.));
#3393=DIRECTION('ref_axis',(0.,-1.,0.));
#3394=DIRECTION('',(0.,0.,1.));
#3395=DIRECTION('center_axis',(0.,0.,1.));
#3396=DIRECTION('ref_axis',(0.,-1.,0.));
#3397=DIRECTION('center_axis',(0.,1.,0.));
#3398=DIRECTION('ref_axis',(-0.974242585771051,0.,-0.225502514553911));
#3399=DIRECTION('center_axis',(0.,1.,0.));
#3400=DIRECTION('ref_axis',(-1.,0.,0.));
#3401=DIRECTION('center_axis',(0.707106781186548,0.,0.707106781186548));
#3402=DIRECTION('ref_axis',(0.,-1.,0.));
#3403=DIRECTION('center_axis',(0.707106781186548,0.,0.707106781186548));
#3404=DIRECTION('ref_axis',(0.,-1.,0.));
#3405=DIRECTION('',(0.707106781186547,0.,0.707106781186547));
#3406=DIRECTION('center_axis',(0.707106781186498,5.91447327821098E-12,0.707106781186598));
#3407=DIRECTION('ref_axis',(4.18926958952761E-12,-1.,4.17505873481161E-12));
#3408=DIRECTION('center_axis',(-0.752576687420399,-3.55094801660167E-8,
0.658504616195922));
#3409=DIRECTION('ref_axis',(0.65850460221878,0.000205996211469277,0.752576671457631));
#3410=DIRECTION('center_axis',(0.577350269189626,0.577350269189626,0.577350269189626));
#3411=DIRECTION('ref_axis',(-4.27990975992996E-14,-0.707106781186526,0.707106781186569));
#3412=DIRECTION('center_axis',(1.,0.,0.));
#3413=DIRECTION('ref_axis',(0.,0.,-1.));
#3414=DIRECTION('center_axis',(0.7525766835452,-5.43828286703761E-8,0.658504620624719));
#3415=DIRECTION('ref_axis',(0.658504616382299,0.000113574344835364,-0.752576678687341));
#3416=DIRECTION('',(1.,8.758726157218E-12,8.759190768552E-12));
#3417=DIRECTION('center_axis',(0.577350269189626,-0.577350269189626,-0.577350269189626));
#3418=DIRECTION('ref_axis',(-4.27990975992996E-14,-0.707106781186569,0.707106781186526));
#3419=DIRECTION('center_axis',(0.577350269189626,-0.577350269189626,-0.577350269189626));
#3420=DIRECTION('ref_axis',(3.33066907387546E-14,-0.707106781186531,0.707106781186564));
#3421=DIRECTION('',(0.577350267513492,-0.577350270028392,-0.577350270026992));
#3422=DIRECTION('center_axis',(0.577350269189626,-0.577350269189626,-0.577350269189626));
#3423=DIRECTION('ref_axis',(0.,-0.707106781186548,0.707106781186548));
#3424=DIRECTION('center_axis',(0.,-0.707106781186548,0.707106781186548));
#3425=DIRECTION('ref_axis',(0.,-0.707106781186548,-0.707106781186548));
#3426=DIRECTION('',(0.577350267411393,0.577350270079192,0.577350270078292));
#3427=DIRECTION('',(1.,9.126270672151E-11,9.12962747799E-11));
#3428=DIRECTION('center_axis',(1.,0.,0.));
#3429=DIRECTION('ref_axis',(0.,-0.382683402623327,0.923879544830728));
#3430=DIRECTION('center_axis',(0.577350269189626,0.577350269189626,0.577350269189626));
#3431=DIRECTION('ref_axis',(-3.33066907387546E-14,-0.707106781186531,0.707106781186564));
#3432=DIRECTION('center_axis',(0.,1.,0.));
#3433=DIRECTION('ref_axis',(1.42108547152E-14,0.,1.));
#3434=DIRECTION('center_axis',(0.,1.,0.));
#3435=DIRECTION('ref_axis',(1.42108547152E-14,0.,1.));
#3436=DIRECTION('center_axis',(0.,1.,0.));
#3437=DIRECTION('ref_axis',(1.42108547152E-14,0.,1.));
#3438=DIRECTION('',(3.254804252925E-14,1.,3.203947936474E-14));
#3439=DIRECTION('center_axis',(0.,-1.,0.));
#3440=DIRECTION('ref_axis',(1.,0.,0.));
#3441=DIRECTION('',(0.707106781186548,0.,0.707106781186548));
#3442=DIRECTION('',(-1.,0.,0.));
#3443=DIRECTION('',(0.,0.,1.));
#3444=DIRECTION('center_axis',(0.,-1.,0.));
#3445=DIRECTION('ref_axis',(1.,0.,0.));
#3446=DIRECTION('center_axis',(0.,1.,0.));
#3447=DIRECTION('ref_axis',(0.707106781186598,0.,0.707106781186498));
#3448=DIRECTION('',(1.,0.,0.));
#3449=DIRECTION('',(0.,0.,1.));
#3450=DIRECTION('',(-1.,0.,0.));
#3451=DIRECTION('center_axis',(0.,0.,1.));
#3452=DIRECTION('ref_axis',(1.,0.,0.));
#3453=DIRECTION('center_axis',(0.,0.,1.));
#3454=DIRECTION('ref_axis',(0.,1.,0.));
#3455=DIRECTION('',(0.,0.,1.));
#3456=DIRECTION('center_axis',(0.,0.,1.));
#3457=DIRECTION('ref_axis',(1.,0.,0.));
#3458=DIRECTION('',(0.,0.,1.));
#3459=DIRECTION('center_axis',(0.,0.,1.));
#3460=DIRECTION('ref_axis',(0.,1.,0.));
#3461=DIRECTION('center_axis',(0.,0.,1.));
#3462=DIRECTION('ref_axis',(0.,1.,0.));
#3463=DIRECTION('center_axis',(0.707106781186548,-0.707106781186548,0.));
#3464=DIRECTION('ref_axis',(0.707106781186548,0.707106781186548,0.));
#3465=DIRECTION('',(0.707106781186547,0.707106781186547,0.));
#3466=DIRECTION('',(0.,0.,1.));
#3467=DIRECTION('center_axis',(0.707106781186548,-0.707106781186548,0.));
#3468=DIRECTION('ref_axis',(0.707106781186548,0.707106781186548,0.));
#3469=DIRECTION('',(0.,0.,1.));
#3470=DIRECTION('',(0.707106781186547,0.707106781186547,0.));
#3471=DIRECTION('',(0.707106781186547,0.707106781186547,0.));
#3472=DIRECTION('center_axis',(0.,0.,1.));
#3473=DIRECTION('ref_axis',(1.,0.,0.));
#3474=DIRECTION('center_axis',(0.,0.,1.));
#3475=DIRECTION('ref_axis',(0.,-1.,0.));
#3476=DIRECTION('center_axis',(0.,0.,1.));
#3477=DIRECTION('ref_axis',(1.,0.,0.));
#3478=DIRECTION('center_axis',(0.,0.,1.));
#3479=DIRECTION('ref_axis',(0.,-1.,0.));
#3480=DIRECTION('center_axis',(0.,0.,1.));
#3481=DIRECTION('ref_axis',(0.,-1.,0.));
#3482=DIRECTION('center_axis',(0.,0.,-1.));
#3483=DIRECTION('ref_axis',(0.,1.,0.));
#3484=DIRECTION('',(0.,1.,0.));
#3485=DIRECTION('',(1.,0.,0.));
#3486=DIRECTION('',(-0.707106781186548,-0.707106781186548,0.));
#3487=DIRECTION('center_axis',(0.,0.,1.));
#3488=DIRECTION('ref_axis',(-0.707106781186598,0.707106781186498,0.));
#3489=DIRECTION('',(1.,0.,0.));
#3490=DIRECTION('center_axis',(0.,0.,1.));
#3491=DIRECTION('ref_axis',(0.,-1.,0.));
#3492=DIRECTION('',(-0.707106781186548,0.707106781186548,0.));
#3493=DIRECTION('center_axis',(0.,0.,1.));
#3494=DIRECTION('ref_axis',(0.707106781186548,0.707106781186548,0.));
#3495=DIRECTION('',(0.707106781186547,-0.707106781186547,0.));
#3496=DIRECTION('center_axis',(0.,0.,1.));
#3497=DIRECTION('ref_axis',(-0.707106781186598,-0.707106781186498,0.));
#3498=DIRECTION('',(0.707106781186547,0.707106781186547,0.));
#3499=DIRECTION('center_axis',(0.,0.,1.));
#3500=DIRECTION('ref_axis',(0.707106781186548,-0.707106781186548,0.));
#3501=DIRECTION('',(-1.,0.,0.));
#3502=DIRECTION('center_axis',(0.,0.,1.));
#3503=DIRECTION('ref_axis',(0.,1.,0.));
#3504=DIRECTION('',(1.,0.,0.));
#3505=DIRECTION('center_axis',(0.,0.,1.));
#3506=DIRECTION('ref_axis',(0.,-1.,0.));
#3507=DIRECTION('',(-0.707106781186548,0.707106781186548,0.));
#3508=DIRECTION('center_axis',(0.,0.,1.));
#3509=DIRECTION('ref_axis',(0.707106781186598,0.707106781186498,0.));
#3510=DIRECTION('',(-0.707106781186548,-0.707106781186548,0.));
#3511=DIRECTION('center_axis',(0.,0.,1.));
#3512=DIRECTION('ref_axis',(-0.707106781186548,0.707106781186548,0.));
#3513=DIRECTION('',(0.707106781186548,-0.707106781186548,0.));
#3514=DIRECTION('center_axis',(0.,0.,1.));
#3515=DIRECTION('ref_axis',(-0.707106781186548,-0.707106781186548,0.));
#3516=DIRECTION('',(0.707106781186548,0.707106781186548,0.));
#3517=DIRECTION('center_axis',(0.,0.,1.));
#3518=DIRECTION('ref_axis',(0.707106781186548,-0.707106781186548,0.));
#3519=DIRECTION('',(-1.,0.,0.));
#3520=DIRECTION('center_axis',(0.,0.,1.));
#3521=DIRECTION('ref_axis',(0.,1.,0.));
#3522=DIRECTION('center_axis',(1.,0.,0.));
#3523=DIRECTION('ref_axis',(0.,0.,-1.));
#3524=DIRECTION('center_axis',(0.707106781186548,0.,-0.707106781186548));
#3525=DIRECTION('ref_axis',(-0.707106781186548,0.,-0.707106781186548));
#3526=DIRECTION('',(1.,0.,0.));
#3527=DIRECTION('center_axis',(-0.707106781186548,0.,0.707106781186548));
#3528=DIRECTION('ref_axis',(-0.707106781186548,0.,-0.707106781186548));
#3529=DIRECTION('',(0.577350269190026,0.577350269188826,0.577350269190026));
#3530=DIRECTION('',(1.318767317571E-11,1.,1.319241012728E-11));
#3531=DIRECTION('center_axis',(0.707106781186548,0.,-0.707106781186548));
#3532=DIRECTION('ref_axis',(-0.707106781186547,0.,-0.707106781186547));
#3533=DIRECTION('',(0.577350269189626,0.577350269189626,0.577350269189626));
#3534=DIRECTION('center_axis',(0.,0.707106781186548,-0.707106781186548));
#3535=DIRECTION('ref_axis',(0.,0.707106781186548,0.707106781186548));
#3536=DIRECTION('',(1.,0.,0.));
#3537=DIRECTION('center_axis',(1.,0.,0.));
#3538=DIRECTION('ref_axis',(0.,0.,-1.));
#3539=DIRECTION('center_axis',(0.,1.,0.));
#3540=DIRECTION('ref_axis',(-1.,0.,0.));
#3541=DIRECTION('',(0.,1.,-6.318169691137E-10));
#3542=DIRECTION('center_axis',(-1.,0.,0.));
#3543=DIRECTION('ref_axis',(0.,0.,-1.));
#3544=DIRECTION('',(0.,1.,1.865411528949E-11));
#3545=DIRECTION('center_axis',(0.,1.,0.));
#3546=DIRECTION('ref_axis',(-0.707106781186548,0.,-0.707106781186548));
#3547=DIRECTION('center_axis',(0.577350269189626,0.577350269189626,0.577350269189626));
#3548=DIRECTION('ref_axis',(0.,-0.707106781186548,0.707106781186548));
#3549=DIRECTION('center_axis',(-0.707106781186548,0.707106781186548,0.));
#3550=DIRECTION('ref_axis',(-0.707106781186548,-0.707106781186548,0.));
#3551=DIRECTION('',(0.707106781294098,0.707106781078998,-1.52079025616E-10));
#3552=DIRECTION('',(-5.072308796344E-9,-4.755118966316E-9,-1.));
#3553=DIRECTION('',(-1.712964823043E-8,-1.613605309763E-8,-1.));
#3554=DIRECTION('center_axis',(-0.707106781186548,0.707106781186548,0.));
#3555=DIRECTION('ref_axis',(-0.707106781186548,-0.707106781186548,0.));
#3556=DIRECTION('',(1.71296505989E-8,1.613605368975E-8,-1.));
#3557=DIRECTION('',(-0.707106781186548,-0.707106781186548,0.));
#3558=DIRECTION('',(5.072306427868E-9,4.755120150554E-9,-1.));
#3559=DIRECTION('',(-0.707106781294098,-0.707106781078998,-1.520820379766E-10));
#3560=DIRECTION('center_axis',(0.499999999999981,-0.499999999999981,0.707106781186574));
#3561=DIRECTION('ref_axis',(0.500000000000019,-0.500000000000019,-0.707106781186521));
#3562=DIRECTION('',(0.499999989576417,-0.500000010423617,-0.707106781186524));
#3563=DIRECTION('',(0.499999964716416,-0.500000035283616,-0.707106781186523));
#3564=DIRECTION('center_axis',(0.,0.,1.));
#3565=DIRECTION('ref_axis',(2.21950699045363E-8,1.,0.));
#3566=DIRECTION('center_axis',(0.,0.,-1.));
#3567=DIRECTION('ref_axis',(-0.707106781186548,0.707106781186548,0.));
#3568=DIRECTION('',(-0.500000007243092,-0.499999992756992,-0.707106781186488));
#3569=DIRECTION('center_axis',(-0.500000000000017,-0.500000000000017,0.707106781186524));
#3570=DIRECTION('ref_axis',(-0.499999999999983,-0.499999999999983,-0.707106781186571));
#3571=DIRECTION('',(0.707106781095498,-0.707106781277598,-1.288160707355E-10));
#3572=DIRECTION('',(-0.500000033422681,-0.499999966577281,-0.707106781186573));
#3573=DIRECTION('center_axis',(0.,0.,1.));
#3574=DIRECTION('ref_axis',(0.,-1.,0.));
#3575=DIRECTION('center_axis',(0.,0.,-1.));
#3576=DIRECTION('ref_axis',(0.707106781186548,0.707106781186548,0.));
#3577=DIRECTION('',(1.47309139393299E-8,0.707106781186597,-0.707106781186498));
#3578=DIRECTION('center_axis',(0.,0.707106781186548,0.707106781186548));
#3579=DIRECTION('ref_axis',(0.,0.707106781186548,-0.707106781186548));
#3580=DIRECTION('',(-1.,-4.085589419686E-11,4.085669296959E-11));
#3581=DIRECTION('',(4.47733092300698E-9,0.707106781186498,-0.707106781186597));
#3582=DIRECTION('center_axis',(0.,0.,1.));
#3583=DIRECTION('ref_axis',(0.,-1.,0.));
#3584=DIRECTION('center_axis',(0.,0.,-1.));
#3585=DIRECTION('ref_axis',(0.,-1.,0.));
#3586=DIRECTION('center_axis',(0.,0.,-1.));
#3587=DIRECTION('ref_axis',(0.,-1.,0.));
#3588=DIRECTION('',(2.110626932577E-9,-4.243598065718E-11,-1.));
#3589=DIRECTION('center_axis',(0.,-1.,0.));
#3590=DIRECTION('ref_axis',(1.,0.,0.));
#3591=DIRECTION('',(6.944219423268E-9,-2.241525484247E-10,-1.));
#3592=DIRECTION('center_axis',(0.,-1.,0.));
#3593=DIRECTION('ref_axis',(1.,0.,0.));
#3594=DIRECTION('',(-6.944219423268E-9,2.241513641868E-10,-1.));
#3595=DIRECTION('',(1.,4.085589419686E-11,4.085562793928E-11));
#3596=DIRECTION('',(-2.110629301052E-9,4.243598065718E-11,-1.));
#3597=DIRECTION('',(1.,0.,0.));
#3598=DIRECTION('center_axis',(0.,0.,-1.));
#3599=DIRECTION('ref_axis',(0.707106781186548,0.707106781186548,0.));
#3600=DIRECTION('',(-1.54087468786E-8,1.610245448881E-8,-1.));
#3601=DIRECTION('center_axis',(0.707106781186548,0.707106781186548,0.));
#3602=DIRECTION('ref_axis',(-0.707106781186548,0.707106781186548,0.));
#3603=DIRECTION('',(-3.354012771507E-9,3.474788457266E-9,-1.));
#3604=DIRECTION('center_axis',(0.707106781186548,0.707106781186548,0.));
#3605=DIRECTION('ref_axis',(-0.707106781186548,0.707106781186548,0.));
#3606=DIRECTION('',(1.54087468786E-8,-1.610245448881E-8,-1.));
#3607=DIRECTION('',(-0.707106781186548,0.707106781186548,0.));
#3608=DIRECTION('',(3.354012771507E-9,-3.474787865148E-9,-1.));
#3609=DIRECTION('',(-0.707106781095498,0.707106781277598,-1.288130583749E-10));
#3610=DIRECTION('center_axis',(0.,0.,-1.));
#3611=DIRECTION('ref_axis',(-0.707106781186548,0.707106781186548,0.));
#3612=DIRECTION('center_axis',(0.,0.,-1.));
#3613=DIRECTION('ref_axis',(0.707106781186548,0.707106781186548,0.));
#3614=DIRECTION('center_axis',(0.,0.,1.));
#3615=DIRECTION('ref_axis',(0.,-1.,0.));
#3616=DIRECTION('center_axis',(0.,0.,-1.));
#3617=DIRECTION('ref_axis',(0.707106781186598,0.707106781186498,0.));
#3618=DIRECTION('center_axis',(0.,0.,1.));
#3619=DIRECTION('ref_axis',(0.,-1.,0.));
#3620=DIRECTION('',(0.,-1.,0.));
#3621=DIRECTION('',(1.,0.,0.));
#3622=DIRECTION('center_axis',(0.,0.,-1.));
#3623=DIRECTION('ref_axis',(0.,-1.,0.));
#3624=DIRECTION('center_axis',(0.,0.,-1.));
#3625=DIRECTION('ref_axis',(-0.707106781186598,0.707106781186498,0.));
#3626=DIRECTION('',(-1.,0.,0.));
#3627=DIRECTION('center_axis',(0.,0.,-1.));
#3628=DIRECTION('ref_axis',(0.,1.,0.));
#3629=DIRECTION('',(0.707106781186547,0.707106781186547,0.));
#3630=DIRECTION('center_axis',(0.,0.,-1.));
#3631=DIRECTION('ref_axis',(0.707106781186598,-0.707106781186498,0.));
#3632=DIRECTION('',(0.707106781186547,-0.707106781186547,0.));
#3633=DIRECTION('center_axis',(0.,0.,-1.));
#3634=DIRECTION('ref_axis',(-0.707106781186598,-0.707106781186498,0.));
#3635=DIRECTION('',(-0.707106781186548,-0.707106781186548,0.));
#3636=DIRECTION('center_axis',(0.,0.,-1.));
#3637=DIRECTION('ref_axis',(-0.707106781186598,0.707106781186498,0.));
#3638=DIRECTION('',(-0.707106781186548,0.707106781186548,0.));
#3639=DIRECTION('center_axis',(0.,0.,-1.));
#3640=DIRECTION('ref_axis',(0.707106781186498,0.707106781186598,0.));
#3641=DIRECTION('',(1.,0.,0.));
#3642=DIRECTION('center_axis',(0.,0.,-1.));
#3643=DIRECTION('ref_axis',(0.,-1.,0.));
#3644=DIRECTION('',(-1.,0.,0.));
#3645=DIRECTION('center_axis',(0.,0.,-1.));
#3646=DIRECTION('ref_axis',(0.,1.,0.));
#3647=DIRECTION('',(0.707106781186548,0.707106781186548,0.));
#3648=DIRECTION('center_axis',(0.,0.,-1.));
#3649=DIRECTION('ref_axis',(0.707106781186548,-0.707106781186548,0.));
#3650=DIRECTION('',(0.707106781186548,-0.707106781186548,0.));
#3651=DIRECTION('center_axis',(0.,0.,-1.));
#3652=DIRECTION('ref_axis',(-0.707106781186548,-0.707106781186548,0.));
#3653=DIRECTION('center_axis',(1.,0.,0.));
#3654=DIRECTION('ref_axis',(0.,0.,-1.));
#3655=DIRECTION('center_axis',(0.707106781186548,0.,-0.707106781186548));
#3656=DIRECTION('ref_axis',(-0.707106781186548,0.,-0.707106781186548));
#3657=DIRECTION('',(1.,0.,0.));
#3658=DIRECTION('center_axis',(0.,0.707106781186548,0.707106781186548));
#3659=DIRECTION('ref_axis',(0.,-0.707106781186548,0.707106781186548));
#3660=DIRECTION('',(0.577350269189626,-0.577350269189626,0.577350269189626));
#3661=DIRECTION('',(1.,0.,0.));
#3662=DIRECTION('center_axis',(1.,0.,0.));
#3663=DIRECTION('ref_axis',(0.,0.,-1.));
#3664=DIRECTION('center_axis',(0.707106781186548,0.,-0.707106781186548));
#3665=DIRECTION('ref_axis',(-0.707106781186547,0.,-0.707106781186547));
#3666=DIRECTION('center_axis',(0.707106781186548,0.,-0.707106781186548));
#3667=DIRECTION('ref_axis',(0.707106781186548,0.,0.707106781186548));
#3668=DIRECTION('',(-0.707106781186547,0.,-0.707106781186547));
#3669=DIRECTION('',(-1.319241012728E-11,1.,-1.319004165149E-11));
#3670=DIRECTION('',(-2.54839856152E-13,1.,-2.517571159566E-13));
#3671=DIRECTION('',(-0.577350269190026,0.577350269188826,-0.577350269190026));
#3672=DIRECTION('center_axis',(-0.707106781186548,0.,-0.707106781186548));
#3673=DIRECTION('ref_axis',(0.,-1.,0.));
#3674=DIRECTION('center_axis',(-0.707106781186548,0.,-0.707106781186548));
#3675=DIRECTION('ref_axis',(-1.42108547152E-14,-1.,1.42108547152E-14));
#3676=DIRECTION('center_axis',(-0.707106781186498,9.77830100461597E-12,
-0.707106781186598));
#3677=DIRECTION('ref_axis',(-6.90719752148968E-12,-1.,-6.92140837620468E-12));
#3678=DIRECTION('center_axis',(-0.577350269189626,0.577350269189626,-0.577350269189626));
#3679=DIRECTION('ref_axis',(-3.33066907387546E-14,-0.707106781186564,-0.707106781186531));
#3680=DIRECTION('center_axis',(0.752576687770092,-3.38003103205998E-8,-0.658504615796273));
#3681=DIRECTION('ref_axis',(0.658504600250344,-0.000217253469733229,0.752576670014467));
#3682=DIRECTION('center_axis',(1.,0.,0.));
#3683=DIRECTION('ref_axis',(0.,0.,-1.));
#3684=DIRECTION('',(1.,-7.957778454557E-12,7.958243065891E-12));
#3685=DIRECTION('center_axis',(-0.752576683785828,-5.32122130587719E-8,
-0.658504620349716));
#3686=DIRECTION('ref_axis',(0.658504605956978,-0.000209138323124634,-0.752576667320086));
#3687=DIRECTION('center_axis',(-0.577350269189626,-0.577350269189626,0.577350269189626));
#3688=DIRECTION('ref_axis',(-3.33066907387546E-14,-0.707106781186531,-0.707106781186564));
#3689=DIRECTION('center_axis',(-0.577350269189626,-0.577350269189626,0.577350269189626));
#3690=DIRECTION('ref_axis',(0.,-0.707106781186548,-0.707106781186548));
#3691=DIRECTION('',(-0.577350267518126,-0.577350270026126,0.577350270024626));
#3692=DIRECTION('center_axis',(-0.577350269189626,-0.577350269189626,0.577350269189626));
#3693=DIRECTION('ref_axis',(4.27990975992996E-14,-0.707106781186569,-0.707106781186526));
#3694=DIRECTION('center_axis',(0.,-0.707106781186548,-0.707106781186548));
#3695=DIRECTION('ref_axis',(0.,0.707106781186548,-0.707106781186548));
#3696=DIRECTION('',(-0.577350267414692,0.577350270077593,-0.577350270076592));
#3697=DIRECTION('',(1.,-9.092789088668E-11,9.09607514216E-11));
#3698=DIRECTION('center_axis',(-0.577350269189626,0.577350269189626,-0.577350269189626));
#3699=DIRECTION('ref_axis',(3.33066907387546E-14,-0.707106781186531,-0.707106781186564));
#3700=DIRECTION('center_axis',(-0.577350269189626,0.577350269189626,-0.577350269189626));
#3701=DIRECTION('ref_axis',(3.33066907387546E-14,-0.707106781186531,-0.707106781186564));
#3702=DIRECTION('center_axis',(0.743294252092968,8.79808221816903E-8,-0.668964614015979));
#3703=DIRECTION('ref_axis',(0.668964614012951,2.91380318561629E-6,0.743294252089987));
#3704=DIRECTION('center_axis',(0.,1.,0.));
#3705=DIRECTION('ref_axis',(1.42108547152E-14,0.,-1.));
#3706=DIRECTION('center_axis',(1.,0.,0.));
#3707=DIRECTION('ref_axis',(0.,0.,-1.));
#3708=DIRECTION('',(1.,-1.117072873505E-10,-2.375602567824E-14));
#3709=DIRECTION('center_axis',(1.24026031483398E-7,-0.999999999999985,-1.24026041531998E-7));
#3710=DIRECTION('ref_axis',(-3.47455397782954E-11,1.2402604152769E-7,-0.999999999999992));
#3711=DIRECTION('center_axis',(0.,-1.,0.));
#3712=DIRECTION('ref_axis',(1.42108547152E-14,0.,-1.));
#3713=DIRECTION('',(-4.698988081002E-11,-1.,-1.362949297644E-13));
#3714=DIRECTION('center_axis',(0.,0.,-1.));
#3715=DIRECTION('ref_axis',(0.,1.,0.));
#3716=DIRECTION('',(-1.464445584309E-10,1.,1.870195884925E-13));
#3717=DIRECTION('center_axis',(0.,0.,1.));
#3718=DIRECTION('ref_axis',(-0.707106781186498,-0.707106781186597,0.));
#3719=DIRECTION('',(0.707106781317998,0.707106781055098,-1.85926611769799E-10));
#3720=DIRECTION('center_axis',(0.,0.,1.));
#3721=DIRECTION('ref_axis',(0.707106781186597,-0.707106781186498,0.));
#3722=DIRECTION('',(-1.,-4.99486421862E-11,4.994860149713E-11));
#3723=DIRECTION('center_axis',(0.,0.,1.));
#3724=DIRECTION('ref_axis',(0.,1.,0.));
#3725=DIRECTION('',(0.707106781075198,-0.707106781297898,-1.57481017675799E-10));
#3726=DIRECTION('center_axis',(0.,0.,1.));
#3727=DIRECTION('ref_axis',(0.,-1.,0.));
#3728=DIRECTION('',(-0.707106781004398,0.707106781368698,-2.57627621500399E-10));
#3729=DIRECTION('center_axis',(0.,0.,1.));
#3730=DIRECTION('ref_axis',(0.707106781186498,0.707106781186597,0.));
#3731=DIRECTION('',(-0.707106781401598,-0.707106780971497,-3.04162568169999E-10));
#3732=DIRECTION('center_axis',(0.,0.,1.));
#3733=DIRECTION('ref_axis',(-0.707106781186547,0.707106781186547,0.));
#3734=DIRECTION('',(1.,8.171232099767E-11,8.171232099767E-11));
#3735=DIRECTION('center_axis',(0.,0.,1.));
#3736=DIRECTION('ref_axis',(-0.707106781186597,-0.707106781186498,0.));
#3737=DIRECTION('',(0.707106781401598,0.707106780971497,-3.04158049629099E-10));
#3738=DIRECTION('center_axis',(0.,0.,1.));
#3739=DIRECTION('ref_axis',(0.707106781186547,-0.707106781186547,0.));
#3740=DIRECTION('',(-1.,-8.17119881757E-11,8.171232099767E-11));
#3741=DIRECTION('center_axis',(0.,0.,1.));
#3742=DIRECTION('ref_axis',(0.,1.,0.));
#3743=DIRECTION('',(0.707106781004398,-0.707106781368698,-2.57632140041299E-10));
#3744=DIRECTION('center_axis',(0.,0.,1.));
#3745=DIRECTION('ref_axis',(0.,-1.,0.));
#3746=DIRECTION('',(-0.707106781004398,0.707106781368698,-2.57632140041299E-10));
#3747=DIRECTION('center_axis',(0.,0.,1.));
#3748=DIRECTION('ref_axis',(0.707106781186597,0.707106781186498,0.));
#3749=DIRECTION('',(-0.707106781401598,-0.707106780971497,-3.04155037268499E-10));
#3750=DIRECTION('center_axis',(0.,0.,1.));
#3751=DIRECTION('ref_axis',(-0.707106781186547,0.707106781186547,0.));
#3752=DIRECTION('',(1.,8.171232099767E-11,8.170912590672E-11));
#3753=DIRECTION('center_axis',(0.,1.,0.));
#3754=DIRECTION('ref_axis',(0.,0.,-1.));
#3755=DIRECTION('center_axis',(0.,0.,-1.));
#3756=DIRECTION('ref_axis',(0.,-1.,0.));
#3757=DIRECTION('',(0.500000007243017,0.499999992757017,0.707106781186524));
#3758=DIRECTION('center_axis',(0.,0.,1.));
#3759=DIRECTION('ref_axis',(-0.707106781186548,-0.707106781186548,0.));
#3760=DIRECTION('',(-0.499999964716416,0.500000035283616,0.707106781186523));
#3761=DIRECTION('center_axis',(-0.500000000000017,0.500000000000017,-0.707106781186524));
#3762=DIRECTION('ref_axis',(-0.499999999999983,0.499999999999983,0.707106781186571));
#3763=DIRECTION('',(0.707106781252298,0.707106781120798,-9.29646872172197E-11));
#3764=DIRECTION('',(-0.499999989576492,0.500000010423592,0.707106781186488));
#3765=DIRECTION('center_axis',(0.,0.,-1.));
#3766=DIRECTION('ref_axis',(0.,-1.,0.));
#3767=DIRECTION('center_axis',(0.,0.,1.));
#3768=DIRECTION('ref_axis',(0.707106781186548,-0.707106781186548,0.));
#3769=DIRECTION('',(-4.47732087441598E-9,-0.707106781186597,0.707106781186498));
#3770=DIRECTION('center_axis',(0.,-0.707106781186548,-0.707106781186548));
#3771=DIRECTION('ref_axis',(0.,-0.707106781186548,0.707106781186548));
#3772=DIRECTION('',(-1.,-2.497438211011E-11,2.497397521941E-11));
#3773=DIRECTION('',(-1.47309139393299E-8,-0.707106781186597,0.707106781186498));
#3774=DIRECTION('center_axis',(0.,0.,-1.));
#3775=DIRECTION('ref_axis',(-0.923879523458774,0.382683454219789,0.));
#3776=DIRECTION('center_axis',(0.,0.,1.));
#3777=DIRECTION('ref_axis',(0.,1.,0.));
#3778=DIRECTION('',(0.500000033422716,0.499999966577316,0.707106781186523));
#3779=DIRECTION('center_axis',(0.500000000000017,0.500000000000017,-0.707106781186524));
#3780=DIRECTION('ref_axis',(0.499999999999983,0.499999999999983,0.707106781186571));
#3781=DIRECTION('',(0.707106781130898,-0.707106781242198,-7.87391280721697E-11));
#3782=DIRECTION('center_axis',(-0.707106781186548,-0.707106781186548,0.));
#3783=DIRECTION('ref_axis',(0.707106781186548,-0.707106781186548,0.));
#3784=DIRECTION('',(-0.707106781130898,0.707106781242198,-7.87418901378897E-11));
#3785=DIRECTION('',(3.354008034556E-9,-3.474786088791E-9,-1.));
#3786=DIRECTION('',(1.540874451012E-8,-1.610245567305E-8,-1.));
#3787=DIRECTION('center_axis',(-0.707106781186548,-0.707106781186548,0.));
#3788=DIRECTION('ref_axis',(0.707106781186548,-0.707106781186548,0.));
#3789=DIRECTION('',(-1.540874451012E-8,1.610245508093E-8,-1.));
#3790=DIRECTION('',(-3.354008034556E-9,3.474787273029E-9,-1.));
#3791=DIRECTION('center_axis',(0.500000000000017,0.500000000000017,0.707106781186524));
#3792=DIRECTION('ref_axis',(0.499999999999983,0.499999999999983,-0.707106781186571));
#3793=DIRECTION('',(0.500000007243117,0.499999992756917,-0.707106781186524));
#3794=DIRECTION('',(0.500000033422716,0.499999966577316,-0.707106781186523));
#3795=DIRECTION('center_axis',(0.,0.,1.));
#3796=DIRECTION('ref_axis',(-0.923879523458868,0.382683454219562,0.));
#3797=DIRECTION('center_axis',(0.,0.,-1.));
#3798=DIRECTION('ref_axis',(-0.707106781186548,-0.707106781186548,0.));
#3799=DIRECTION('',(-1.47309139393299E-8,-0.707106781186597,-0.707106781186498));
#3800=DIRECTION('center_axis',(0.,-0.707106781186548,0.707106781186548));
#3801=DIRECTION('ref_axis',(0.,-0.707106781186548,-0.707106781186548));
#3802=DIRECTION('',(1.,2.497421935383E-11,2.497462624454E-11));
#3803=DIRECTION('',(-4.47732087441498E-9,-0.707106781186597,-0.707106781186498));
#3804=DIRECTION('center_axis',(0.,0.,1.));
#3805=DIRECTION('ref_axis',(0.,-1.,0.));
#3806=DIRECTION('center_axis',(0.,0.,-1.));
#3807=DIRECTION('ref_axis',(0.,1.,0.));
#3808=DIRECTION('',(-0.499999989576417,0.500000010423617,-0.707106781186524));
#3809=DIRECTION('center_axis',(-0.500000000000017,0.500000000000017,0.707106781186524));
#3810=DIRECTION('ref_axis',(-0.499999999999983,0.499999999999983,-0.707106781186571));
#3811=DIRECTION('',(-0.707106781252298,-0.707106781120798,-9.29619251514997E-11));
#3812=DIRECTION('',(-0.499999964716381,0.500000035283581,-0.707106781186573));
#3813=DIRECTION('center_axis',(0.,0.,1.));
#3814=DIRECTION('ref_axis',(0.,-1.,0.));
#3815=DIRECTION('center_axis',(0.,0.,-1.));
#3816=DIRECTION('ref_axis',(0.707106781186548,-0.707106781186548,0.));
#3817=DIRECTION('center_axis',(0.,0.,-1.));
#3818=DIRECTION('ref_axis',(0.707106781186548,-0.707106781186548,0.));
#3819=DIRECTION('',(1.712964586195E-8,1.613605250551E-8,-1.));
#3820=DIRECTION('center_axis',(0.707106781186548,-0.707106781186548,0.));
#3821=DIRECTION('ref_axis',(0.707106781186548,0.707106781186548,0.));
#3822=DIRECTION('',(5.072299322441E-9,4.755120150554E-9,-1.));
#3823=DIRECTION('center_axis',(0.707106781186548,-0.707106781186548,0.));
#3824=DIRECTION('ref_axis',(0.707106781186548,0.707106781186548,0.));
#3825=DIRECTION('',(-1.712964586195E-8,-1.613605250551E-8,-1.));
#3826=DIRECTION('',(-5.072304059393E-9,-4.755121926911E-9,-1.));
#3827=DIRECTION('center_axis',(0.,0.,-1.));
#3828=DIRECTION('ref_axis',(0.,1.,0.));
#3829=DIRECTION('',(-2.110629301052E-9,4.243598065718E-11,-1.));
#3830=DIRECTION('center_axis',(0.,1.,0.));
#3831=DIRECTION('ref_axis',(-1.,0.,0.));
#3832=DIRECTION('',(-6.944219423268E-9,2.241519563058E-10,-1.));
#3833=DIRECTION('center_axis',(0.,1.,0.));
#3834=DIRECTION('ref_axis',(-1.,0.,0.));
#3835=DIRECTION('',(6.944219423268E-9,-2.241519563057E-10,-1.));
#3836=DIRECTION('',(2.110634038004E-9,-4.243538853823E-11,-1.));
#3837=DIRECTION('center_axis',(0.,0.,-1.));
#3838=DIRECTION('ref_axis',(-0.707106781186548,-0.707106781186548,0.));
#3839=DIRECTION('center_axis',(0.,0.,-1.));
#3840=DIRECTION('ref_axis',(-0.707106781186548,-0.707106781186548,0.));
#3841=DIRECTION('center_axis',(0.,0.,-1.));
#3842=DIRECTION('ref_axis',(0.,1.,0.));
#3843=DIRECTION('center_axis',(0.,0.,-1.));
#3844=DIRECTION('ref_axis',(0.707106781186548,-0.707106781186548,0.));
#3845=DIRECTION('center_axis',(0.,0.,-1.));
#3846=DIRECTION('ref_axis',(0.,-1.,0.));
#3847=DIRECTION('',(1.47309089150299E-8,0.707106781186597,0.707106781186498));
#3848=DIRECTION('',(-0.500000033422716,-0.499999966577316,0.707106781186523));
#3849=DIRECTION('center_axis',(-0.500000000000017,-0.500000000000017,-0.707106781186524));
#3850=DIRECTION('ref_axis',(-0.499999999999983,-0.499999999999983,0.707106781186571));
#3851=DIRECTION('',(-0.500000007243017,-0.499999992757017,0.707106781186524));
#3852=DIRECTION('center_axis',(0.,0.,-1.));
#3853=DIRECTION('ref_axis',(2.24703219250318E-8,1.,0.));
#3854=DIRECTION('center_axis',(0.,0.,1.));
#3855=DIRECTION('ref_axis',(0.707106781186548,0.707106781186548,0.));
#3856=DIRECTION('',(0.499999964716416,-0.500000035283616,0.707106781186523));
#3857=DIRECTION('center_axis',(0.499999999999981,-0.499999999999981,-0.707106781186574));
#3858=DIRECTION('ref_axis',(0.500000000000019,-0.500000000000019,0.707106781186521));
#3859=DIRECTION('',(0.499999989576417,-0.500000010423617,0.707106781186524));
#3860=DIRECTION('center_axis',(0.,0.,-1.));
#3861=DIRECTION('ref_axis',(0.,-1.,0.));
#3862=DIRECTION('center_axis',(0.,0.,1.));
#3863=DIRECTION('ref_axis',(-0.707106781186548,0.707106781186548,0.));
#3864=DIRECTION('',(4.47733092300698E-9,0.707106781186597,0.707106781186498));
#3865=DIRECTION('center_axis',(0.,0.707106781186548,-0.707106781186548));
#3866=DIRECTION('ref_axis',(0.,0.707106781186548,0.707106781186548));
#3867=DIRECTION('center_axis',(0.,0.,-1.));
#3868=DIRECTION('ref_axis',(0.,-1.,0.));
#3869=DIRECTION('center_axis',(0.,0.,-1.));
#3870=DIRECTION('ref_axis',(-0.707106781186548,0.707106781186548,0.));
#3871=DIRECTION('center_axis',(0.,0.,-1.));
#3872=DIRECTION('ref_axis',(0.,-1.,0.));
#3873=DIRECTION('',(0.500000007243017,0.499999992757017,0.707106781186524));
#3874=DIRECTION('center_axis',(0.,0.,1.));
#3875=DIRECTION('ref_axis',(-0.707106781186548,-0.707106781186548,0.));
#3876=DIRECTION('',(-0.499999964716416,0.500000035283616,0.707106781186523));
#3877=DIRECTION('center_axis',(-0.500000000000017,0.500000000000017,-0.707106781186524));
#3878=DIRECTION('ref_axis',(-0.499999999999983,0.499999999999983,0.707106781186571));
#3879=DIRECTION('',(0.707106781294098,0.707106781078998,-1.52079025616E-10));
#3880=DIRECTION('',(-0.499999989576417,0.500000010423617,0.707106781186524));
#3881=DIRECTION('center_axis',(0.,0.,-1.));
#3882=DIRECTION('ref_axis',(0.,-1.,0.));
#3883=DIRECTION('center_axis',(0.,0.,1.));
#3884=DIRECTION('ref_axis',(0.707106781186548,-0.707106781186548,0.));
#3885=DIRECTION('',(-4.47730580152798E-9,-0.707106781186597,0.707106781186498));
#3886=DIRECTION('center_axis',(0.,-0.707106781186548,-0.707106781186548));
#3887=DIRECTION('ref_axis',(0.,-0.707106781186548,0.707106781186548));
#3888=DIRECTION('',(-1.,-4.085589419686E-11,4.085669296959E-11));
#3889=DIRECTION('',(-1.47309189636199E-8,-0.707106781186597,0.707106781186498));
#3890=DIRECTION('center_axis',(0.,0.,-1.));
#3891=DIRECTION('ref_axis',(-0.923879523458773,0.382683454219789,0.));
#3892=DIRECTION('center_axis',(0.,0.,1.));
#3893=DIRECTION('ref_axis',(0.,1.,0.));
#3894=DIRECTION('',(0.500000033422716,0.499999966577316,0.707106781186523));
#3895=DIRECTION('center_axis',(0.499999999999981,0.499999999999981,-0.707106781186574));
#3896=DIRECTION('ref_axis',(0.500000000000019,0.500000000000019,0.707106781186521));
#3897=DIRECTION('',(0.707106781095498,-0.707106781277598,-1.288145645552E-10));
#3898=DIRECTION('center_axis',(-0.707106781186548,-0.707106781186548,0.));
#3899=DIRECTION('ref_axis',(0.707106781186548,-0.707106781186548,0.));
#3900=DIRECTION('',(-0.707106781095498,0.707106781277598,-1.288160707355E-10));
#3901=DIRECTION('',(3.354012771507E-9,-3.474790825742E-9,-1.));
#3902=DIRECTION('',(1.540874332589E-8,-1.610245508093E-8,-1.));
#3903=DIRECTION('center_axis',(-0.707106781186548,-0.707106781186548,0.));
#3904=DIRECTION('ref_axis',(0.707106781186548,-0.707106781186548,0.));
#3905=DIRECTION('',(-1.540874332589E-8,1.610245448881E-8,-1.));
#3906=DIRECTION('',(-3.354012771507E-9,3.474789641504E-9,-1.));
#3907=DIRECTION('center_axis',(0.500000000000017,0.500000000000017,0.707106781186524));
#3908=DIRECTION('ref_axis',(0.499999999999983,0.499999999999983,-0.707106781186571));
#3909=DIRECTION('',(0.500000007243017,0.499999992757017,-0.707106781186524));
#3910=DIRECTION('',(0.500000033422716,0.499999966577316,-0.707106781186523));
#3911=DIRECTION('center_axis',(0.,0.,1.));
#3912=DIRECTION('ref_axis',(-0.923879523458868,0.382683454219562,0.));
#3913=DIRECTION('center_axis',(0.,0.,-1.));
#3914=DIRECTION('ref_axis',(-0.707106781186548,-0.707106781186548,0.));
#3915=DIRECTION('',(-1.47309139393299E-8,-0.707106781186597,-0.707106781186498));
#3916=DIRECTION('center_axis',(0.,-0.707106781186548,0.707106781186548));
#3917=DIRECTION('ref_axis',(0.,-0.707106781186548,-0.707106781186548));
#3918=DIRECTION('',(1.,4.085602732565E-11,4.085669296959E-11));
#3919=DIRECTION('',(-4.4773158501203E-9,-0.707106781186547,-0.707106781186547));
#3920=DIRECTION('center_axis',(0.,0.,1.));
#3921=DIRECTION('ref_axis',(0.,-1.,0.));
#3922=DIRECTION('center_axis',(0.,0.,-1.));
#3923=DIRECTION('ref_axis',(0.,1.,0.));
#3924=DIRECTION('',(-0.499999989576417,0.500000010423617,-0.707106781186524));
#3925=DIRECTION('center_axis',(-0.500000000000017,0.500000000000017,0.707106781186524));
#3926=DIRECTION('ref_axis',(-0.499999999999983,0.499999999999983,-0.707106781186571));
#3927=DIRECTION('',(-0.707106781294098,-0.707106781078998,-1.52079025616E-10));
#3928=DIRECTION('',(-0.499999964716416,0.500000035283616,-0.707106781186523));
#3929=DIRECTION('center_axis',(0.,0.,1.));
#3930=DIRECTION('ref_axis',(0.,-1.,0.));
#3931=DIRECTION('center_axis',(0.,0.,-1.));
#3932=DIRECTION('ref_axis',(0.707106781186548,-0.707106781186548,0.));
#3933=DIRECTION('center_axis',(0.,0.,-1.));
#3934=DIRECTION('ref_axis',(0.707106781186548,-0.707106781186548,0.));
#3935=DIRECTION('',(1.712964823043E-8,1.613605250551E-8,-1.));
#3936=DIRECTION('center_axis',(0.707106781186548,-0.707106781186548,0.));
#3937=DIRECTION('ref_axis',(0.707106781186548,0.707106781186548,0.));
#3938=DIRECTION('',(5.072304059393E-9,4.755121334792E-9,-1.));
#3939=DIRECTION('center_axis',(0.707106781186548,-0.707106781186548,0.));
#3940=DIRECTION('ref_axis',(0.707106781186548,0.707106781186548,0.));
#3941=DIRECTION('',(-1.712964349347E-8,-1.613605132127E-8,-1.));
#3942=DIRECTION('',(-5.072306427868E-9,-4.755120742673E-9,-1.));
#3943=DIRECTION('center_axis',(0.,0.,-1.));
#3944=DIRECTION('ref_axis',(0.,1.,0.));
#3945=DIRECTION('',(-2.110634038004E-9,4.243479641929E-11,-1.));
#3946=DIRECTION('center_axis',(0.,1.,0.));
#3947=DIRECTION('ref_axis',(-1.,0.,0.));
#3948=DIRECTION('',(-6.94421823903E-9,2.241507720679E-10,-1.));
#3949=DIRECTION('center_axis',(0.,1.,0.));
#3950=DIRECTION('ref_axis',(-1.,0.,0.));
#3951=DIRECTION('',(6.94421823903E-9,-2.241507720679E-10,-1.));
#3952=DIRECTION('',(2.110631669528E-9,-4.243538853823E-11,-1.));
#3953=DIRECTION('center_axis',(0.,0.,-1.));
#3954=DIRECTION('ref_axis',(-0.707106781186548,-0.707106781186548,0.));
#3955=DIRECTION('center_axis',(0.,0.,-1.));
#3956=DIRECTION('ref_axis',(-0.707106781186548,-0.707106781186548,0.));
#3957=DIRECTION('center_axis',(0.,0.,-1.));
#3958=DIRECTION('ref_axis',(0.,1.,0.));
#3959=DIRECTION('center_axis',(0.,0.,-1.));
#3960=DIRECTION('ref_axis',(0.707106781186548,-0.707106781186548,0.));
#3961=DIRECTION('center_axis',(0.,0.,-1.));
#3962=DIRECTION('ref_axis',(0.,-1.,0.));
#3963=DIRECTION('',(1.47309139393299E-8,0.707106781186597,0.707106781186498));
#3964=DIRECTION('center_axis',(0.,0.,1.));
#3965=DIRECTION('ref_axis',(0.,-1.,0.));
#3966=DIRECTION('',(-0.500000033422716,-0.499999966577316,0.707106781186523));
#3967=DIRECTION('center_axis',(-0.500000000000017,-0.500000000000017,-0.707106781186524));
#3968=DIRECTION('ref_axis',(-0.499999999999983,-0.499999999999983,0.707106781186571));
#3969=DIRECTION('',(-0.707106781095498,0.707106781277598,-1.288145645552E-10));
#3970=DIRECTION('',(-0.500000007243017,-0.499999992757017,0.707106781186524));
#3971=DIRECTION('center_axis',(0.,0.,-1.));
#3972=DIRECTION('ref_axis',(2.24701274139578E-8,1.,0.));
#3973=DIRECTION('center_axis',(0.,0.,1.));
#3974=DIRECTION('ref_axis',(0.707106781186548,0.707106781186548,0.));
#3975=DIRECTION('',(0.499999964716416,-0.500000035283616,0.707106781186523));
#3976=DIRECTION('center_axis',(0.500000000000017,-0.500000000000017,-0.707106781186524));
#3977=DIRECTION('ref_axis',(0.499999999999983,-0.499999999999983,0.707106781186571));
#3978=DIRECTION('',(-0.707106781294098,-0.707106781078998,-1.52077519435599E-10));
#3979=DIRECTION('',(0.499999989576417,-0.500000010423617,0.707106781186524));
#3980=DIRECTION('center_axis',(0.,0.,-1.));
#3981=DIRECTION('ref_axis',(0.,-1.,0.));
#3982=DIRECTION('center_axis',(0.,0.,1.));
#3983=DIRECTION('ref_axis',(-0.707106781186548,0.707106781186548,0.));
#3984=DIRECTION('',(4.47732589871098E-9,0.707106781186597,0.707106781186498));
#3985=DIRECTION('center_axis',(0.,0.707106781186548,-0.707106781186548));
#3986=DIRECTION('ref_axis',(0.,0.707106781186548,0.707106781186548));
#3987=DIRECTION('',(1.,4.085589419686E-11,4.085456290896E-11));
#3988=DIRECTION('center_axis',(0.,-1.,0.));
#3989=DIRECTION('ref_axis',(1.,0.,0.));
#3990=DIRECTION('',(-1.,-4.085589419686E-11,4.085669296959E-11));
#3991=DIRECTION('',(6.944219423268E-9,-2.241513641868E-10,-1.));
#3992=DIRECTION('',(2.110628708933E-9,-4.243598065718E-11,-1.));
#3993=DIRECTION('center_axis',(0.,-1.,0.));
#3994=DIRECTION('ref_axis',(1.,0.,0.));
#3995=DIRECTION('',(-2.110629301052E-9,4.243598065718E-11,-1.));
#3996=DIRECTION('',(-6.944219423268E-9,2.241513641868E-10,-1.));
#3997=DIRECTION('center_axis',(0.,0.707106781186548,0.707106781186548));
#3998=DIRECTION('ref_axis',(0.,0.707106781186548,-0.707106781186548));
#3999=DIRECTION('',(1.47309164514699E-8,0.707106781186597,-0.707106781186498));
#4000=DIRECTION('',(4.4773271547853E-9,0.707106781186547,-0.707106781186547));
#4001=DIRECTION('center_axis',(0.,0.,1.));
#4002=DIRECTION('ref_axis',(0.,-1.,0.));
#4003=DIRECTION('center_axis',(0.,0.,-1.));
#4004=DIRECTION('ref_axis',(0.,-1.,0.));
#4005=DIRECTION('',(0.499999989576417,-0.500000010423617,-0.707106781186524));
#4006=DIRECTION('center_axis',(0.500000000000017,-0.500000000000017,0.707106781186524));
#4007=DIRECTION('ref_axis',(0.499999999999983,-0.499999999999983,-0.707106781186571));
#4008=DIRECTION('',(0.707106781294098,0.707106781078998,-1.52079025616E-10));
#4009=DIRECTION('',(0.499999964716416,-0.500000035283616,-0.707106781186523));
#4010=DIRECTION('center_axis',(0.,0.,1.));
#4011=DIRECTION('ref_axis',(2.21945654191939E-8,1.,0.));
#4012=DIRECTION('center_axis',(0.,0.,-1.));
#4013=DIRECTION('ref_axis',(-0.707106781186548,0.707106781186548,0.));
#4014=DIRECTION('',(-0.500000007243092,-0.499999992756992,-0.707106781186488));
#4015=DIRECTION('center_axis',(-0.500000000000017,-0.500000000000017,0.707106781186524));
#4016=DIRECTION('ref_axis',(-0.499999999999983,-0.499999999999983,-0.707106781186571));
#4017=DIRECTION('',(0.707106781095498,-0.707106781277598,-1.288160707355E-10));
#4018=DIRECTION('',(-0.500000033422716,-0.499999966577316,-0.707106781186523));
#4019=DIRECTION('center_axis',(0.,0.,1.));
#4020=DIRECTION('ref_axis',(0.,-1.,0.));
#4021=DIRECTION('center_axis',(0.,0.,-1.));
#4022=DIRECTION('ref_axis',(0.707106781186548,0.707106781186548,0.));
#4023=DIRECTION('center_axis',(0.,0.,-1.));
#4024=DIRECTION('ref_axis',(0.707106781186548,0.707106781186548,0.));
#4025=DIRECTION('',(-1.54087468786E-8,1.610245448881E-8,-1.));
#4026=DIRECTION('center_axis',(0.707106781186548,0.707106781186548,0.));
#4027=DIRECTION('ref_axis',(-0.707106781186548,0.707106781186548,0.));
#4028=DIRECTION('',(-3.35401158727E-9,3.474787865147E-9,-1.));
#4029=DIRECTION('center_axis',(0.707106781186548,0.707106781186548,0.));
#4030=DIRECTION('ref_axis',(-0.707106781186548,0.707106781186548,0.));
#4031=DIRECTION('',(1.540874451012E-8,-1.610245567305E-8,-1.));
#4032=DIRECTION('',(3.354012771507E-9,-3.474789049385E-9,-1.));
#4033=DIRECTION('center_axis',(0.,0.,-1.));
#4034=DIRECTION('ref_axis',(-0.707106781186548,0.707106781186548,0.));
#4035=DIRECTION('',(-1.712964823043E-8,-1.613605368975E-8,-1.));
#4036=DIRECTION('center_axis',(-0.707106781186548,0.707106781186548,0.));
#4037=DIRECTION('ref_axis',(-0.707106781186548,-0.707106781186548,0.));
#4038=DIRECTION('',(-5.072304651512E-9,-4.755121334792E-9,-1.));
#4039=DIRECTION('center_axis',(-0.707106781186548,0.707106781186548,0.));
#4040=DIRECTION('ref_axis',(-0.707106781186548,-0.707106781186548,0.));
#4041=DIRECTION('',(5.07230524363E-9,4.755121334792E-9,-1.));
#4042=DIRECTION('',(1.712964823043E-8,1.613605368975E-8,-1.));
#4043=DIRECTION('center_axis',(0.,0.,-1.));
#4044=DIRECTION('ref_axis',(0.,-1.,0.));
#4045=DIRECTION('center_axis',(0.,0.,-1.));
#4046=DIRECTION('ref_axis',(0.,-1.,0.));
#4047=DIRECTION('center_axis',(0.,0.,-1.));
#4048=DIRECTION('ref_axis',(-0.707106781186548,0.707106781186548,0.));
#4049=DIRECTION('center_axis',(0.,0.,-1.));
#4050=DIRECTION('ref_axis',(0.707106781186548,0.707106781186548,0.));
#4051=DIRECTION('center_axis',(0.,1.,0.));
#4052=DIRECTION('ref_axis',(0.974242585771051,0.,0.225502514553911));
#4053=DIRECTION('center_axis',(0.,0.,-1.));
#4054=DIRECTION('ref_axis',(0.,-1.,0.));
#4055=DIRECTION('center_axis',(0.,1.,0.));
#4056=DIRECTION('ref_axis',(1.,0.,0.));
#4057=DIRECTION('center_axis',(0.,1.,0.));
#4058=DIRECTION('ref_axis',(1.,0.,0.));
#4059=DIRECTION('',(0.,1.,6.318193375895E-10));
#4060=DIRECTION('center_axis',(1.,0.,0.));
#4061=DIRECTION('ref_axis',(0.,0.,1.));
#4062=DIRECTION('',(0.,0.,-1.));
#4063=DIRECTION('',(0.,1.,-1.86517468137E-11));
#4064=DIRECTION('center_axis',(0.,0.,-1.));
#4065=DIRECTION('ref_axis',(0.,-1.,0.));
#4066=DIRECTION('center_axis',(0.,0.,-1.));
#4067=DIRECTION('ref_axis',(0.,-1.,0.));
#4068=DIRECTION('center_axis',(0.,1.,0.));
#4069=DIRECTION('ref_axis',(0.529439181703717,0.,0.848347896135129));
#4070=DIRECTION('center_axis',(0.,1.,0.));
#4071=DIRECTION('ref_axis',(0.707106781186548,0.,0.707106781186548));
#4072=DIRECTION('center_axis',(0.,1.,0.));
#4073=DIRECTION('ref_axis',(0.707106781186548,0.,0.707106781186548));
#4074=CARTESIAN_POINT('',(0.,0.,0.));
#4075=CARTESIAN_POINT('Origin',(-62.75,5.,32.75));
#4076=CARTESIAN_POINT('',(-46.51005050634,-12.7,32.75));
#4077=CARTESIAN_POINT('',(-46.5100505056089,-16.1573590938952,32.750000000003));
#4078=CARTESIAN_POINT('',(-46.51005050634,-12.7,32.75));
#4079=CARTESIAN_POINT('',(46.51005050595,-16.1573590658804,32.7499999999996));
#4080=CARTESIAN_POINT('',(-46.51005050561,-16.15735921534,32.75));
#4081=CARTESIAN_POINT('',(46.51005050634,4.8,32.75));
#4082=CARTESIAN_POINT('',(46.51005050595,-16.15735920473,32.75));
#4083=CARTESIAN_POINT('',(18.92497833621,4.8,32.75));
#4084=CARTESIAN_POINT('',(46.51005050634,4.8,32.75));
#4085=CARTESIAN_POINT('',(11.99533188058,1.929646455628,32.75));
#4086=CARTESIAN_POINT('Origin',(18.92497833621,-5.,32.75));
#4087=CARTESIAN_POINT('',(0.3531962568465,-9.712489168103,32.75));
#4088=CARTESIAN_POINT('',(0.3531962568465,-9.712489168103,32.75));
#4089=CARTESIAN_POINT('',(-6.859292911256,-12.7,32.75));
#4090=CARTESIAN_POINT('Origin',(-6.859292911256,-2.5,32.75));
#4091=CARTESIAN_POINT('',(-6.859292911256,-12.7,32.75));
#4092=CARTESIAN_POINT('',(43.1068542539444,-3.75000000006043,32.7499999999392));
#4093=CARTESIAN_POINT('',(44.1675144075904,-6.31066018498778,32.7499999996653));
#4094=CARTESIAN_POINT('Origin',(43.10685424949,-5.25,32.75));
#4095=CARTESIAN_POINT('',(38.7104075892822,-11.7677670019522,32.7499999987123));
#4096=CARTESIAN_POINT('',(44.16751440606,-6.310660186045,32.74999999933));
#4097=CARTESIAN_POINT('',(36.5890872877192,-11.7677669439804,32.7499999998701));
#4098=CARTESIAN_POINT('Origin',(37.64974746831,-10.70710678119,32.75));
#4099=CARTESIAN_POINT('',(31.1319804687061,-6.31066012387591,32.7499999990999));
#4100=CARTESIAN_POINT('',(36.58908728646,-11.76776694254,32.74999999974));
#4101=CARTESIAN_POINT('',(32.1926407061213,-3.75000000033571,32.7499999996656));
#4102=CARTESIAN_POINT('Origin',(32.19264068712,-5.25,32.75));
#4103=CARTESIAN_POINT('',(32.19264070795,-3.750000000672,32.74999999933));
#4104=CARTESIAN_POINT('',(25.889339877566,-4.60355334273693,32.7499999989471));
#4105=CARTESIAN_POINT('',(28.0106601805829,-4.60355339957753,32.7499999998704));
#4106=CARTESIAN_POINT('Origin',(26.95,-5.664213562373,32.75));
#4107=CARTESIAN_POINT('',(31.3464466560359,-7.93933987612208,32.7499999990999));
#4108=CARTESIAN_POINT('',(28.01066018184,-4.603553401018,32.74999999974));
#4109=CARTESIAN_POINT('',(30.2857864186196,-10.4999999996655,32.7499999996655));
#4110=CARTESIAN_POINT('Origin',(30.28578643763,-9.,32.75));
#4111=CARTESIAN_POINT('',(23.61421355604,-10.49999999987,32.74999999987));
#4112=CARTESIAN_POINT('',(30.28578641679,-10.49999999933,32.74999999933));
#4113=CARTESIAN_POINT('',(22.5535534042771,-7.93933981501057,32.7499999996659));
#4114=CARTESIAN_POINT('Origin',(23.61421356237,-9.,32.75));
#4115=CARTESIAN_POINT('',(22.55355340581,-7.939339813955,32.74999999933));
#4116=CARTESIAN_POINT('',(21.6642135668244,-3.75000000006043,32.7499999999392));
#4117=CARTESIAN_POINT('',(22.7248737204704,-6.31066018498778,32.7499999996653));
#4118=CARTESIAN_POINT('Origin',(21.66421356237,-5.25,32.75));
#4119=CARTESIAN_POINT('',(19.38908724572,-9.64644665839499,32.7499999987123));
#4120=CARTESIAN_POINT('',(22.72487371894,-6.310660186045,32.74999999933));
#4121=CARTESIAN_POINT('',(17.2677669441599,-9.64644660042104,32.7499999998698));
#4122=CARTESIAN_POINT('Origin',(18.32842712475,-8.585786437627,32.75));
#4123=CARTESIAN_POINT('',(13.9319804687057,-6.31066012387626,32.7499999990999));
#4124=CARTESIAN_POINT('',(17.2677669429,-9.646446598982,32.74999999974));
#4125=CARTESIAN_POINT('',(14.9926407061213,-3.75000000033571,32.7499999996656));
#4126=CARTESIAN_POINT('Origin',(14.99264068712,-5.25,32.75));
#4127=CARTESIAN_POINT('',(14.99264070795,-3.750000000672,32.74999999933));
#4128=CARTESIAN_POINT('',(8.68933987756539,-4.60355334273734,32.749999998947));
#4129=CARTESIAN_POINT('',(10.8106601805829,-4.60355339957753,32.7499999998704));
#4130=CARTESIAN_POINT('Origin',(9.75,-5.664213562373,32.75));
#4131=CARTESIAN_POINT('',(14.1464466560359,-7.93933987612208,32.7499999990999));
#4132=CARTESIAN_POINT('',(10.81066018184,-4.603553401018,32.74999999974));
#4133=CARTESIAN_POINT('',(13.0857864186196,-10.4999999996655,32.7499999996655));
#4134=CARTESIAN_POINT('Origin',(13.08578643763,-9.,32.75));
#4135=CARTESIAN_POINT('',(6.414213556041,-10.49999999987,32.74999999987));
#4136=CARTESIAN_POINT('',(13.08578641679,-10.49999999933,32.74999999933));
#4137=CARTESIAN_POINT('',(5.3535534042778,-7.93933981501107,32.7499999996657));
#4138=CARTESIAN_POINT('Origin',(6.414213562373,-9.,32.75));
#4139=CARTESIAN_POINT('',(5.35355340581,-7.939339813955,32.74999999933));
#4140=CARTESIAN_POINT('Origin',(-46.51005050634,42.34368,32.25));
#4141=CARTESIAN_POINT('',(-46.86360389693,-12.7,31.89644660941));
#4142=CARTESIAN_POINT('Origin',(-46.51005050634,-12.7,32.25));
#4143=CARTESIAN_POINT('',(-46.8636038969053,-16.1573592192616,31.8964466093828));
#4144=CARTESIAN_POINT('',(-46.86360389693,-12.7,31.89644660941));
#4145=CARTESIAN_POINT('Origin',(-46.51005050635,-16.15735889687,32.25000000001));
#4146=CARTESIAN_POINT('Origin',(-50.65839503374,-12.7,-52.));
#4147=CARTESIAN_POINT('',(-6.859292911256,-12.7,30.75));
#4148=CARTESIAN_POINT('',(-6.859292911256,-12.7,30.75));
#4149=CARTESIAN_POINT('',(-45.71715728753,-12.7,30.75));
#4150=CARTESIAN_POINT('',(-45.71715728753,-12.7,30.75));
#4151=CARTESIAN_POINT('',(-46.86360389693,-12.7,31.89644660941));
#4152=CARTESIAN_POINT('Origin',(-50.65839503374,-12.7,-52.));
#4153=CARTESIAN_POINT('',(-45.71715728753,-12.7,-30.75));
#4154=CARTESIAN_POINT('',(-46.86360389693,-12.7,-31.89644660941));
#4155=CARTESIAN_POINT('',(-45.71715728753,-12.7,-30.75));
#4156=CARTESIAN_POINT('',(-6.859292911256,-12.7,-30.75));
#4157=CARTESIAN_POINT('',(-45.71715728753,-12.7,-30.75));
#4158=CARTESIAN_POINT('',(-6.859292911256,-12.7,-32.75));
#4159=CARTESIAN_POINT('',(-6.859292911256,-12.7,-32.75));
#4160=CARTESIAN_POINT('',(-46.51005050634,-12.7,-32.75));
#4161=CARTESIAN_POINT('',(-46.51005050634,-12.7,-32.75));
#4162=CARTESIAN_POINT('Origin',(-46.51005050634,-12.7,-32.25));
#4163=CARTESIAN_POINT('Origin',(-32.,66.765,17.03284271247));
#4164=CARTESIAN_POINT('',(-39.93517677219,-23.5,24.96801948466));
#4165=CARTESIAN_POINT('',(-32.29289321881,-23.5,17.32573593129));
#4166=CARTESIAN_POINT('',(-39.93517677219,-23.5,24.96801948466));
#4167=CARTESIAN_POINT('',(-42.410050501748,-22.4748737387454,27.44289321422));
#4168=CARTESIAN_POINT('Origin',(-39.9367374128117,-20.0030072796152,24.9695801252936));
#4169=CARTESIAN_POINT('',(-45.5455844113438,-19.3393398291596,30.5784271238162));
#4170=CARTESIAN_POINT('',(-45.54558423066,-19.33934000985,30.57842694313));
#4171=CARTESIAN_POINT('Ctrl Pts',(-46.8636038969055,-16.15735954077,31.8964466093845));
#4172=CARTESIAN_POINT('Ctrl Pts',(-46.8636015404094,-16.2332119238394,31.8964442528884));
#4173=CARTESIAN_POINT('Ctrl Pts',(-46.8616585665088,-16.3088159131872,31.8945012789872));
#4174=CARTESIAN_POINT('Ctrl Pts',(-46.8578414343326,-16.3841433442097,31.8906841469851));
#4175=CARTESIAN_POINT('Ctrl Pts',(-46.8539684568516,-16.4605728285938,31.8868111696808));
#4176=CARTESIAN_POINT('Ctrl Pts',(-46.8481660528631,-16.5367182738476,31.8810087660523));
#4177=CARTESIAN_POINT('Ctrl Pts',(-46.8404655111727,-16.6125532859516,31.8733082243653));
#4178=CARTESIAN_POINT('Ctrl Pts',(-46.8327649694824,-16.6883882980557,31.8656076826783));
#4179=CARTESIAN_POINT('Ctrl Pts',(-46.8231661966071,-16.7639135739534,31.8560089090861));
#4180=CARTESIAN_POINT('Ctrl Pts',(-46.8116636865357,-16.83909541145,31.8445063990143));
#4181=CARTESIAN_POINT('Ctrl Pts',(-46.801133485216,-16.907922117926,31.8339761976942));
#4182=CARTESIAN_POINT('Ctrl Pts',(-46.7890029802027,-16.9764428846938,31.8218456937729));
#4183=CARTESIAN_POINT('Ctrl Pts',(-46.7752646215229,-17.0447510943297,31.8081073361099));
#4184=CARTESIAN_POINT('Ctrl Pts',(-46.761472192439,-17.1133281463057,31.7943149080469));
#4185=CARTESIAN_POINT('Ctrl Pts',(-46.7460590144047,-17.1816914466314,31.7789017308115));
#4186=CARTESIAN_POINT('Ctrl Pts',(-46.7289840053812,-17.2499125914649,31.7618267214193));
#4187=CARTESIAN_POINT('Ctrl Pts',(-46.7119867632712,-17.3178230279495,31.7448294789423));
#4188=CARTESIAN_POINT('Ctrl Pts',(-46.6933425492009,-17.385593092814,31.7261852631145));
#4189=CARTESIAN_POINT('Ctrl Pts',(-46.6729812541006,-17.4532635425974,31.7058239670131));
#4190=CARTESIAN_POINT('Ctrl Pts',(-46.6677255893788,-17.4707306631259,31.7005683020329));
#4191=CARTESIAN_POINT('Ctrl Pts',(-46.6623553788665,-17.4881909692902,31.6951980913395));
#4192=CARTESIAN_POINT('Ctrl Pts',(-46.6568691251927,-17.5056447722083,31.6897118376656));
#4193=CARTESIAN_POINT('Ctrl Pts',(-46.6311375315645,-17.5875064925479,31.6639802440368));
#4194=CARTESIAN_POINT('Ctrl Pts',(-46.6028984822979,-17.6692358858171,31.6357411943444));
#4195=CARTESIAN_POINT('Ctrl Pts',(-46.5720799769559,-17.7506702554231,31.6049226895148));
#4196=CARTESIAN_POINT('Ctrl Pts',(-46.5424233448263,-17.8290345081768,31.5752660578782));
#4197=CARTESIAN_POINT('Ctrl Pts',(-46.5103777702819,-17.9071255211487,31.5432204877177));
#4198=CARTESIAN_POINT('Ctrl Pts',(-46.4758894062072,-17.98475318004,31.5087321238798));
#4199=CARTESIAN_POINT('Ctrl Pts',(-46.449609850317,-18.043904156179,31.48245256817));
#4200=CARTESIAN_POINT('Ctrl Pts',(-46.4219121263452,-18.1027852328252,31.4547548388171));
#4201=CARTESIAN_POINT('Ctrl Pts',(-46.3927783804307,-18.16129368844,31.4256210929026));
#4202=CARTESIAN_POINT('Ctrl Pts',(-46.3602131065305,-18.2266935820264,31.3930558190024));
#4203=CARTESIAN_POINT('Ctrl Pts',(-46.3258744644043,-18.2916644937553,31.3587171883435));
#4204=CARTESIAN_POINT('Ctrl Pts',(-46.2898484723184,-18.355956118234,31.3226912052304));
#4205=CARTESIAN_POINT('Ctrl Pts',(-46.2534273202187,-18.4209529413136,31.286270062202));
#4206=CARTESIAN_POINT('Ctrl Pts',(-46.2152817207825,-18.4852553342872,31.2481244683681));
#4207=CARTESIAN_POINT('Ctrl Pts',(-46.1755357879307,-18.5486245027625,31.2083785313776));
#4208=CARTESIAN_POINT('Ctrl Pts',(-46.134956549768,-18.613322256601,31.1677992889894));
#4209=CARTESIAN_POINT('Ctrl Pts',(-46.0927093103054,-18.6770470390176,31.125552033739));
#4210=CARTESIAN_POINT('Ctrl Pts',(-46.0489607698671,-18.7395681242901,31.0818034854539));
#4211=CARTESIAN_POINT('Ctrl Pts',(-46.0385491734968,-18.7544473476418,31.0713918872161));
#4212=CARTESIAN_POINT('Ctrl Pts',(-46.0280526918199,-18.769258506132,31.060895404293));
#4213=CARTESIAN_POINT('Ctrl Pts',(-46.01747383644,-18.7839986990917,31.0503165489133));
#4214=CARTESIAN_POINT('Ctrl Pts',(-45.9696598953362,-18.850620908464,31.0025026078101));
#4215=CARTESIAN_POINT('Ctrl Pts',(-45.920119271926,-18.9157409355132,30.9529619994674));
#4216=CARTESIAN_POINT('Ctrl Pts',(-45.8687987795507,-18.9794825102877,30.9016415069029));
#4217=CARTESIAN_POINT('Ctrl Pts',(-45.8168122892186,-19.044051274292,30.8496550163792));
#4218=CARTESIAN_POINT('Ctrl Pts',(-45.7629988853837,-19.1072058828401,30.7958416047536));
#4219=CARTESIAN_POINT('Ctrl Pts',(-45.7072848729592,-19.1690281150818,30.7401275887387));
#4220=CARTESIAN_POINT('Ctrl Pts',(-45.6550769484689,-19.2269598685534,30.6879196608839));
#4221=CARTESIAN_POINT('Ctrl Pts',(-45.6011994927018,-19.2837214028755,30.6340422051777));
#4222=CARTESIAN_POINT('Ctrl Pts',(-45.5455844113412,-19.339339829156,30.5784271238151));
#4223=CARTESIAN_POINT('',(-45.71715728753,-16.15735931288,30.75));
#4224=CARTESIAN_POINT('',(-45.71715728753,-16.15735931288,30.75));
#4225=CARTESIAN_POINT('',(-44.83847763109,-18.27867965644,29.87132034356));
#4226=CARTESIAN_POINT('Origin',(-42.71715728753,-16.15735931288,27.75));
#4227=CARTESIAN_POINT('',(-41.70294372515,-21.41421356237,26.73578643763));
#4228=CARTESIAN_POINT('',(-41.70294372515,-21.41421356237,26.73578643763));
#4229=CARTESIAN_POINT('',(-40.28873016278,-22.,25.32157287525));
#4230=CARTESIAN_POINT('Origin',(-40.28873016278,-20.,25.32157287525));
#4231=CARTESIAN_POINT('',(-32.29289321881,-22.,17.32573593129));
#4232=CARTESIAN_POINT('',(-40.28873016278,-22.,25.32157287525));
#4233=CARTESIAN_POINT('',(-32.29289321814,-23.5,17.32573593062));
#4234=CARTESIAN_POINT('Origin',(-39.82005218427,-23.5,25.56000167793));
#4235=CARTESIAN_POINT('',(-39.58162338159,-24.,25.32157287525));
#4236=CARTESIAN_POINT('',(-31.93933982822,-24.,17.67928932188));
#4237=CARTESIAN_POINT('',(-39.58162338159,-24.,25.32157287525));
#4238=CARTESIAN_POINT('Origin',(-39.58162338159,-23.5,25.32157287525));
#4239=CARTESIAN_POINT('Origin',(-31.93933982822,-23.5,17.67928932188));
#4240=CARTESIAN_POINT('Origin',(-62.75,-24.,25.32157287525));
#4241=CARTESIAN_POINT('',(-31.93933982821,-24.,-17.67928932187));
#4242=CARTESIAN_POINT('',(-39.58162338159,-24.,-25.32157287525));
#4243=CARTESIAN_POINT('',(-31.93933982821,-24.,-17.67928932187));
#4244=CARTESIAN_POINT('',(39.58162338159,-24.,-25.32157287525));
#4245=CARTESIAN_POINT('',(-39.58162338159,-24.,-25.32157287525));
#4246=CARTESIAN_POINT('',(31.93933982822,-24.,-17.67928932188));
#4247=CARTESIAN_POINT('',(39.58162338159,-24.,-25.32157287525));
#4248=CARTESIAN_POINT('',(31.5,-24.,-16.61862915012));
#4249=CARTESIAN_POINT('Origin',(33.,-24.,-16.6186291501));
#4250=CARTESIAN_POINT('',(31.5,-24.,16.6186291501));
#4251=CARTESIAN_POINT('',(31.5,-24.,-16.61862915012));
#4252=CARTESIAN_POINT('',(31.93933982821,-24.,17.67928932187));
#4253=CARTESIAN_POINT('Origin',(33.,-24.,16.6186291501));
#4254=CARTESIAN_POINT('',(39.58162338159,-24.,25.32157287525));
#4255=CARTESIAN_POINT('',(31.93933982821,-24.,17.67928932187));
#4256=CARTESIAN_POINT('',(-39.58162338159,-24.,25.32157287525));
#4257=CARTESIAN_POINT('',(-31.5,-24.,16.61862915012));
#4258=CARTESIAN_POINT('Origin',(-33.,-24.,16.6186291501));
#4259=CARTESIAN_POINT('',(-31.5,-24.,-16.6186291501));
#4260=CARTESIAN_POINT('',(-31.5,-24.,16.61862915012));
#4261=CARTESIAN_POINT('Origin',(-33.,-24.,-16.6186291501));
#4262=CARTESIAN_POINT('',(23.1086170484,-24.,3.9801020972289E-16));
#4263=CARTESIAN_POINT('Origin',(19.8586170484,-24.,0.));
#4264=CARTESIAN_POINT('',(-16.8913829516,-24.,3.9801020972289E-16));
#4265=CARTESIAN_POINT('Origin',(-20.1413829516,-24.,0.));
#4266=CARTESIAN_POINT('Origin',(-20.1413829516,8.320445839966,0.));
#4267=CARTESIAN_POINT('',(-16.8913829516,-23.3,3.9801020972289E-16));
#4268=CARTESIAN_POINT('Origin',(-20.1413829516,-23.3,0.));
#4269=CARTESIAN_POINT('',(-16.8913829516,8.320445839966,3.9801020972289E-16));
#4270=CARTESIAN_POINT('Origin',(-20.1413829516,-23.3,0.));
#4271=CARTESIAN_POINT('',(-17.1413829516,-23.3,3.67394039744206E-16));
#4272=CARTESIAN_POINT('Origin',(-20.1413829516,-23.3,0.));
#4273=CARTESIAN_POINT('Origin',(-20.1413829516,-22.65,0.));
#4274=CARTESIAN_POINT('',(-18.4413829516,-22.,2.0818995585505E-16));
#4275=CARTESIAN_POINT('Origin',(-20.1413829516,-22.,0.));
#4276=CARTESIAN_POINT('',(-17.7913829516,-22.65,2.87791997799628E-16));
#4277=CARTESIAN_POINT('Origin',(-62.75,-22.,0.));
#4278=CARTESIAN_POINT('',(40.28873016278,-22.,-25.32157287525));
#4279=CARTESIAN_POINT('',(32.29289321881,-22.,-17.32573593129));
#4280=CARTESIAN_POINT('',(40.28873016278,-22.,-25.32157287525));
#4281=CARTESIAN_POINT('',(-40.28873016278,-22.,-25.32157287525));
#4282=CARTESIAN_POINT('',(-40.28873016278,-22.,-25.32157287525));
#4283=CARTESIAN_POINT('',(-32.29289321881,-22.,-17.32573593129));
#4284=CARTESIAN_POINT('',(-40.28873016278,-22.,-25.32157287525));
#4285=CARTESIAN_POINT('',(-32.,-22.,-16.6186291501));
#4286=CARTESIAN_POINT('Origin',(-33.,-22.,-16.6186291501));
#4287=CARTESIAN_POINT('',(-32.,-22.,16.6186291501));
#4288=CARTESIAN_POINT('',(-32.,-22.,16.6186291501));
#4289=CARTESIAN_POINT('Origin',(-33.,-22.,16.6186291501));
#4290=CARTESIAN_POINT('',(40.28873016278,-22.,25.32157287525));
#4291=CARTESIAN_POINT('',(-40.28873016278,-22.,25.32157287525));
#4292=CARTESIAN_POINT('',(32.29289321881,-22.,17.32573593129));
#4293=CARTESIAN_POINT('',(40.28873016278,-22.,25.32157287525));
#4294=CARTESIAN_POINT('',(32.,-22.,16.6186291501));
#4295=CARTESIAN_POINT('Origin',(33.,-22.,16.6186291501));
#4296=CARTESIAN_POINT('',(32.,-22.,-16.6186291501));
#4297=CARTESIAN_POINT('',(32.,-22.,-16.6186291501));
#4298=CARTESIAN_POINT('Origin',(33.,-22.,-16.6186291501));
#4299=CARTESIAN_POINT('',(21.5586170484,-22.,0.));
#4300=CARTESIAN_POINT('Origin',(19.8586170484,-22.,0.));
#4301=CARTESIAN_POINT('Origin',(19.8586170484,-22.65,0.));
#4302=CARTESIAN_POINT('',(22.8586170484,-23.3,0.));
#4303=CARTESIAN_POINT('',(22.2086170484,-22.65,2.87791997799628E-16));
#4304=CARTESIAN_POINT('Origin',(19.8586170484,-23.3,0.));
#4305=CARTESIAN_POINT('Origin',(19.8586170484,-23.3,0.));
#4306=CARTESIAN_POINT('',(23.1086170484,-23.3,3.9801020972289E-16));
#4307=CARTESIAN_POINT('Origin',(19.8586170484,-23.3,0.));
#4308=CARTESIAN_POINT('Origin',(19.8586170484,8.320445839966,0.));
#4309=CARTESIAN_POINT('',(23.1086170484,8.320445839966,3.9801020972289E-16));
#4310=CARTESIAN_POINT('Origin',(32.,66.765,-17.03284271247));
#4311=CARTESIAN_POINT('',(39.93517677219,-23.5,-24.96801948466));
#4312=CARTESIAN_POINT('',(32.29289321881,-23.5,-17.32573593129));
#4313=CARTESIAN_POINT('',(39.93517677219,-23.5,-24.96801948466));
#4314=CARTESIAN_POINT('',(42.4100505011302,-22.4748737393624,-27.4428932136037));
#4315=CARTESIAN_POINT('Origin',(39.9361197951581,-20.0007739547577,-24.9689625076898));
#4316=CARTESIAN_POINT('',(45.5455844113375,-19.339339829166,-30.5784271238098));
#4317=CARTESIAN_POINT('',(45.54558422942,-19.33934001109,-30.57842694189));
#4318=CARTESIAN_POINT('',(46.8636038968936,-16.1573591881131,-31.8964466093683));
#4319=CARTESIAN_POINT('Ctrl Pts',(46.8636038968946,-16.1573596211,-31.8964466093654));
#4320=CARTESIAN_POINT('Ctrl Pts',(46.8636015659575,-16.2321397335777,-31.8964442784283));
#4321=CARTESIAN_POINT('Ctrl Pts',(46.8617137128424,-16.3066575313928,-31.8945564253117));
#4322=CARTESIAN_POINT('Ctrl Pts',(46.8580058380921,-16.380896205852,-31.8908485506788));
#4323=CARTESIAN_POINT('Ctrl Pts',(46.8541480945466,-16.4581355374112,-31.8869908072555));
#4324=CARTESIAN_POINT('Ctrl Pts',(46.8483203636411,-16.5350734344084,-31.8811630766074));
#4325=CARTESIAN_POINT('Ctrl Pts',(46.8405547591587,-16.6116940957108,-31.8733974721316));
#4326=CARTESIAN_POINT('Ctrl Pts',(46.8327891546764,-16.6883147570132,-31.8656318676559));
#4327=CARTESIAN_POINT('Ctrl Pts',(46.8230855687503,-16.7646189586587,-31.8559282812209));
#4328=CARTESIAN_POINT('Ctrl Pts',(46.8114354914326,-16.8405826343283,-31.8442782039032));
#4329=CARTESIAN_POINT('Ctrl Pts',(46.8005290657114,-16.911697371476,-31.833371778182));
#4330=CARTESIAN_POINT('Ctrl Pts',(46.7879169903939,-16.9824957586214,-31.8207597039908));
#4331=CARTESIAN_POINT('Ctrl Pts',(46.7735921128668,-17.0530513920844,-31.8064348283809));
#4332=CARTESIAN_POINT('Ctrl Pts',(46.7592133293709,-17.1238725335606,-31.7920560468094));
#4333=CARTESIAN_POINT('Ctrl Pts',(46.7431085908067,-17.1944495799098,-31.7759513105903));
#4334=CARTESIAN_POINT('Ctrl Pts',(46.7252381487446,-17.2648316639034,-31.7580808681811));
#4335=CARTESIAN_POINT('Ctrl Pts',(46.7074557419695,-17.3348670241312,-31.7402984610606));
#4336=CARTESIAN_POINT('Ctrl Pts',(46.6879247182836,-17.4047098295015,-31.7207674331331));
#4337=CARTESIAN_POINT('Ctrl Pts',(46.6665776167361,-17.4743762215016,-31.6994203297056));
#4338=CARTESIAN_POINT('Ctrl Pts',(46.6631478856979,-17.4855691690049,-31.6959905983653));
#4339=CARTESIAN_POINT('Ctrl Pts',(46.6596712211522,-17.4967574855,-31.6925139336242));
#4340=CARTESIAN_POINT('Ctrl Pts',(46.6561472819231,-17.5079411460117,-31.6889899943952));
#4341=CARTESIAN_POINT('Ctrl Pts',(46.6289417994001,-17.5942811368047,-31.6617845118727));
#4342=CARTESIAN_POINT('Ctrl Pts',(46.5989675159866,-17.6803653268728,-31.6318102347711));
#4343=CARTESIAN_POINT('Ctrl Pts',(46.5662061201852,-17.7659479965372,-31.5990488383755));
#4344=CARTESIAN_POINT('Ctrl Pts',(46.534446834368,-17.8489128519831,-31.5672895519823));
#4345=CARTESIAN_POINT('Ctrl Pts',(46.5000681877977,-17.931406352769,-31.5329109022073));
#4346=CARTESIAN_POINT('Ctrl Pts',(46.4630765499276,-18.0131685588294,-31.4959192631978));
#4347=CARTESIAN_POINT('Ctrl Pts',(46.4408029050609,-18.0623997485297,-31.473645617645));
#4348=CARTESIAN_POINT('Ctrl Pts',(46.4175823585422,-18.1113651089904,-31.4504250710195));
#4349=CARTESIAN_POINT('Ctrl Pts',(46.3934208701396,-18.16000135839,-31.426263582617));
#4350=CARTESIAN_POINT('Ctrl Pts',(46.3484706014545,-18.2504847111508,-31.3813133139321));
#4351=CARTESIAN_POINT('Ctrl Pts',(46.3002594648171,-18.3398423708699,-31.333102177239));
#4352=CARTESIAN_POINT('Ctrl Pts',(46.248817661529,-18.4278549303228,-31.2816603740388));
#4353=CARTESIAN_POINT('Ctrl Pts',(46.1999926316753,-18.5113904125205,-31.2328353442686));
#4354=CARTESIAN_POINT('Ctrl Pts',(46.1482570852806,-18.5937141332875,-31.1810997981566));
#4355=CARTESIAN_POINT('Ctrl Pts',(46.093664637498,-18.6746127731545,-31.126507350205));
#4356=CARTESIAN_POINT('Ctrl Pts',(46.0705454677308,-18.7088722626075,-31.1033881803662));
#4357=CARTESIAN_POINT('Ctrl Pts',(46.046914305837,-18.7428758525759,-31.0797570183123));
#4358=CARTESIAN_POINT('Ctrl Pts',(46.0227769645482,-18.7766058574475,-31.0556196770235));
#4359=CARTESIAN_POINT('Ctrl Pts',(45.9702183567269,-18.8500523102542,-31.0030610692022));
#4360=CARTESIAN_POINT('Ctrl Pts',(45.9152504001211,-18.9221847025735,-30.9480931130907));
#4361=CARTESIAN_POINT('Ctrl Pts',(45.857795916027,-18.9929806749994,-30.8906386289427));
#4362=CARTESIAN_POINT('Ctrl Pts',(45.8022909118043,-19.061374479424,-30.8351336246678));
#4363=CARTESIAN_POINT('Ctrl Pts',(45.7444646217549,-19.1285209524365,-30.777307334371));
#4364=CARTESIAN_POINT('Ctrl Pts',(45.6842508577998,-19.1943527367139,-30.7170935703326));
#4365=CARTESIAN_POINT('Ctrl Pts',(45.6393631150836,-19.2434285625898,-30.6722058275544));
#4366=CARTESIAN_POINT('Ctrl Pts',(45.5931485767145,-19.2917728436054,-30.6259912891894));
#4367=CARTESIAN_POINT('Ctrl Pts',(45.5455844113351,-19.3393398291624,-30.5784271238086));
#4368=CARTESIAN_POINT('',(46.86360389693,4.8,-31.89644660941));
#4369=CARTESIAN_POINT('',(46.86360389693,4.8,-31.89644660941));
#4370=CARTESIAN_POINT('',(45.71715728753,4.8,-30.75));
#4371=CARTESIAN_POINT('',(46.86360389693,4.8,-31.89644660941));
#4372=CARTESIAN_POINT('',(45.71715728753,-16.15735931288,-30.75));
#4373=CARTESIAN_POINT('',(45.71715728753,4.8,-30.75));
#4374=CARTESIAN_POINT('',(44.83847763109,-18.27867965644,-29.87132034356));
#4375=CARTESIAN_POINT('Origin',(42.71715728753,-16.15735931288,-27.75));
#4376=CARTESIAN_POINT('',(41.70294372515,-21.41421356237,-26.73578643763));
#4377=CARTESIAN_POINT('',(44.83847763109,-18.27867965644,-29.87132034356));
#4378=CARTESIAN_POINT('Origin',(40.28873016278,-20.,-25.32157287525));
#4379=CARTESIAN_POINT('',(32.29289321814,-23.5,-17.32573593062));
#4380=CARTESIAN_POINT('Origin',(39.80033104075,-23.5,-25.54028053441));
#4381=CARTESIAN_POINT('Origin',(39.58162338159,-23.5,-25.32157287525));
#4382=CARTESIAN_POINT('Origin',(31.93933982822,-23.5,-17.67928932188));
#4383=CARTESIAN_POINT('Origin',(33.,-23.5,-16.6186291501));
#4384=CARTESIAN_POINT('',(32.,-23.5,-16.61862915013));
#4385=CARTESIAN_POINT('Origin',(33.,-23.5,-16.6186291501));
#4386=CARTESIAN_POINT('Origin',(31.5,-23.5,-16.6186291501));
#4387=CARTESIAN_POINT('Origin',(31.5,-23.5,-16.94174703985));
#4388=CARTESIAN_POINT('',(32.,-23.5,16.6186291501));
#4389=CARTESIAN_POINT('',(32.,-23.5,-16.61862915013));
#4390=CARTESIAN_POINT('Origin',(31.5,-23.5,16.6186291501));
#4391=CARTESIAN_POINT('Origin',(33.,-23.5,16.6186291501));
#4392=CARTESIAN_POINT('',(32.29289321879,-23.5,17.32573593127));
#4393=CARTESIAN_POINT('Origin',(33.,-23.5,16.6186291501));
#4394=CARTESIAN_POINT('Origin',(31.93933982822,-23.5,17.67928932188));
#4395=CARTESIAN_POINT('Origin',(31.71086097726,-23.5,17.45081047092));
#4396=CARTESIAN_POINT('',(39.93517677219,-23.5,24.96801948466));
#4397=CARTESIAN_POINT('',(32.29289321879,-23.5,17.32573593127));
#4398=CARTESIAN_POINT('Origin',(39.58162338162,-23.5,25.32157287528));
#4399=CARTESIAN_POINT('Ctrl Pts',(39.24344593361,-23.81850884533,25.52777195209));
#4400=CARTESIAN_POINT('Ctrl Pts',(39.26544049784,-23.81890531294,25.54976651632));
#4401=CARTESIAN_POINT('Ctrl Pts',(39.35736152045,-23.81973390846,25.64168753894));
#4402=CARTESIAN_POINT('Ctrl Pts',(39.52594268234,-23.81490351456,25.81026870082));
#4403=CARTESIAN_POINT('Ctrl Pts',(39.75825955486,-23.79423537585,26.04258557335));
#4404=CARTESIAN_POINT('Ctrl Pts',(40.01202637877,-23.75442684749,26.29635239725));
#4405=CARTESIAN_POINT('Ctrl Pts',(40.28310085339,-23.69115633588,26.56742687187));
#4406=CARTESIAN_POINT('Ctrl Pts',(40.56243902128,-23.60239397392,26.84676503977));
#4407=CARTESIAN_POINT('Ctrl Pts',(40.84170692369,-23.48790542418,27.12603294217));
#4408=CARTESIAN_POINT('Ctrl Pts',(41.11427103763,-23.34879300688,27.39859705611));
#4409=CARTESIAN_POINT('Ctrl Pts',(41.38059046396,-23.18367835054,27.66491648245));
#4410=CARTESIAN_POINT('Ctrl Pts',(41.64894373453,-22.98376151526,27.93326975301));
#4411=CARTESIAN_POINT('Ctrl Pts',(41.84397857204,-22.80788675011,28.12830459053));
#4412=CARTESIAN_POINT('Ctrl Pts',(41.95121675799,-22.69840442398,28.23554277647));
#4413=CARTESIAN_POINT('Ctrl Pts',(41.96934732505,-22.67950165999,28.25367334354));
#4414=CARTESIAN_POINT('Ctrl Pts',(39.57143313646,-24.38673556812,25.18953683301));
#4415=CARTESIAN_POINT('Ctrl Pts',(39.59513581052,-24.3871627536,25.21323950706));
#4416=CARTESIAN_POINT('Ctrl Pts',(39.69419380282,-24.38805562082,25.31229749937));
#4417=CARTESIAN_POINT('Ctrl Pts',(39.8758640085,-24.38285060023,25.49396770504));
#4418=CARTESIAN_POINT('Ctrl Pts',(40.12630783676,-24.36057202193,25.74441153331));
#4419=CARTESIAN_POINT('Ctrl Pts',(40.4001044805,-24.31762704359,26.01820817704));
#4420=CARTESIAN_POINT('Ctrl Pts',(40.69300884725,-24.24927219172,26.3111125438));
#4421=CARTESIAN_POINT('Ctrl Pts',(40.99552030682,-24.1531639964,26.61362400337));
#4422=CARTESIAN_POINT('Ctrl Pts',(41.29889270283,-24.02881945597,26.91699639938));
#4423=CARTESIAN_POINT('Ctrl Pts',(41.59616862696,-23.87712916085,27.2142723235));
#4424=CARTESIAN_POINT('Ctrl Pts',(41.88806602267,-23.69620143884,27.50616971921));
#4425=CARTESIAN_POINT('Ctrl Pts',(42.1839770023,-23.47582212443,27.80208069885));
#4426=CARTESIAN_POINT('Ctrl Pts',(42.40073795398,-23.28044379062,28.01884165053));
#4427=CARTESIAN_POINT('Ctrl Pts',(42.52062388351,-23.15805337676,28.13872758006));
#4428=CARTESIAN_POINT('Ctrl Pts',(42.54091431259,-23.13689979513,28.15901800913));
#4429=CARTESIAN_POINT('Ctrl Pts',(40.02678146975,-24.01769231569,24.74084416055));
#4430=CARTESIAN_POINT('Ctrl Pts',(40.0493747866,-24.018099551,24.7634374774));
#4431=CARTESIAN_POINT('Ctrl Pts',(40.14379756835,-24.01895067601,24.85786025915));
#4432=CARTESIAN_POINT('Ctrl Pts',(40.31696690087,-24.01398896227,25.03102959167));
#4433=CARTESIAN_POINT('Ctrl Pts',(40.55563790953,-23.99275630779,25.26970060033));
#4434=CARTESIAN_POINT('Ctrl Pts',(40.81642589042,-23.9518483433,25.53048858122));
#4435=CARTESIAN_POINT('Ctrl Pts',(41.09515251074,-23.88679559143,25.80921520154));
#4436=CARTESIAN_POINT('Ctrl Pts',(41.38261373317,-23.79545825627,26.09667642396));
#4437=CARTESIAN_POINT('Ctrl Pts',(41.67033110916,-23.67751483482,26.38439379996));
#4438=CARTESIAN_POINT('Ctrl Pts',(41.95155758253,-23.53399342855,26.66562027333));
#4439=CARTESIAN_POINT('Ctrl Pts',(42.22684298759,-23.36333573601,26.94090567839));
#4440=CARTESIAN_POINT('Ctrl Pts',(42.50485620533,-23.15624608143,27.21891889613));
#4441=CARTESIAN_POINT('Ctrl Pts',(42.70750681071,-22.97353462885,27.42156950151));
#4442=CARTESIAN_POINT('Ctrl Pts',(42.81917847604,-22.85952756355,27.53324116684));
#4443=CARTESIAN_POINT('Ctrl Pts',(42.83806615078,-22.83983580874,27.55212884158));
#4444=CARTESIAN_POINT('Ctrl Pts',(39.85158302851,-23.32563586212,24.92852377572));
#4445=CARTESIAN_POINT('Ctrl Pts',(39.87209599895,-23.32600568543,24.94903674616));
#4446=CARTESIAN_POINT('Ctrl Pts',(39.95782650042,-23.32677853246,25.03476724763));
#4447=CARTESIAN_POINT('Ctrl Pts',(40.11505438411,-23.32227308521,25.19199513132));
#4448=CARTESIAN_POINT('Ctrl Pts',(40.33164815459,-23.30300182231,25.4085889018));
#4449=CARTESIAN_POINT('Ctrl Pts',(40.56804135515,-23.26591381272,25.64498210236));
#4450=CARTESIAN_POINT('Ctrl Pts',(40.8201808455,-23.20705339632,25.89712159271));
#4451=CARTESIAN_POINT('Ctrl Pts',(41.07941878061,-23.12466272132,26.15635952782));
#4452=CARTESIAN_POINT('Ctrl Pts',(41.33777873696,-23.01872313864,26.41471948417));
#4453=CARTESIAN_POINT('Ctrl Pts',(41.58890812577,-22.89052062034,26.66584887299));
#4454=CARTESIAN_POINT('Ctrl Pts',(41.83304153099,-22.73912202582,26.90998227821));
#4455=CARTESIAN_POINT('Ctrl Pts',(42.07749157819,-22.55695409732,27.15443232541));
#4456=CARTESIAN_POINT('Ctrl Pts',(42.25368144719,-22.3979964916,27.3306221944));
#4457=CARTESIAN_POINT('Ctrl Pts',(42.3499491334,-22.29971048457,27.42688988062));
#4458=CARTESIAN_POINT('Ctrl Pts',(42.3662062623,-22.28276005258,27.44314700951));
#4459=CARTESIAN_POINT('',(42.0564971195287,-22.8284271190281,28.1500000057191));
#4460=CARTESIAN_POINT('Origin',(39.5820433351268,-20.0014999080849,25.3220530377552));
#4461=CARTESIAN_POINT('',(42.4100505012996,-22.4748737391884,27.4428932137736));
#4462=CARTESIAN_POINT('Ctrl Pts',(39.9351767721885,-23.5,24.9680194846615));
#4463=CARTESIAN_POINT('Ctrl Pts',(39.9842142158218,-23.4999999731104,25.0170569282949));
#4464=CARTESIAN_POINT('Ctrl Pts',(40.0352934359603,-23.498947297114,25.0681361488595));
#4465=CARTESIAN_POINT('Ctrl Pts',(40.0879982303714,-23.4966494407516,25.1208409430695));
#4466=CARTESIAN_POINT('Ctrl Pts',(40.1037773284011,-23.4959614938351,25.1366200410389));
#4467=CARTESIAN_POINT('Ctrl Pts',(40.119702075658,-23.495162277952,25.152544788131));
#4468=CARTESIAN_POINT('Ctrl Pts',(40.1357611769239,-23.4942475436908,25.1686038893969));
#4469=CARTESIAN_POINT('Ctrl Pts',(40.170686439645,-23.4922581836474,25.203529152118));
#4470=CARTESIAN_POINT('Ctrl Pts',(40.206246164797,-23.4897068383812,25.239088878261));
#4471=CARTESIAN_POINT('Ctrl Pts',(40.2427891558249,-23.4864842808926,25.2756318694199));
#4472=CARTESIAN_POINT('Ctrl Pts',(40.2791737626181,-23.4832756905777,25.3120164763436));
#4473=CARTESIAN_POINT('Ctrl Pts',(40.3165333004051,-23.4794020903532,25.3493760128782));
#4474=CARTESIAN_POINT('Ctrl Pts',(40.3552062851976,-23.4747050534083,25.3880489976707));
#4475=CARTESIAN_POINT('Ctrl Pts',(40.3959172428881,-23.4697604939605,25.4287599553612));
#4476=CARTESIAN_POINT('Ctrl Pts',(40.4380850064372,-23.4639289313474,25.4709277199855));
#4477=CARTESIAN_POINT('Ctrl Pts',(40.4812857160032,-23.4571085849919,25.5141284292871));
#4478=CARTESIAN_POINT('Ctrl Pts',(40.5203398491286,-23.4509428826873,25.5531825621734));
#4479=CARTESIAN_POINT('Ctrl Pts',(40.560237995785,-23.4439693561651,25.593080708258));
#4480=CARTESIAN_POINT('Ctrl Pts',(40.6006659579894,-23.436149610185,25.6335086704623));
#4481=CARTESIAN_POINT('Ctrl Pts',(40.6562713300697,-23.4253941859418,25.6891140425427));
#4482=CARTESIAN_POINT('Ctrl Pts',(40.7128794770741,-23.4130246557415,25.7457221897036));
#4483=CARTESIAN_POINT('Ctrl Pts',(40.7701413753072,-23.398953361408,25.8029840878487));
#4484=CARTESIAN_POINT('Ctrl Pts',(40.8005644787191,-23.3914773178982,25.8334071912138));
#4485=CARTESIAN_POINT('Ctrl Pts',(40.83117209031,-23.3835217465311,25.8640148027829));
#4486=CARTESIAN_POINT('Ctrl Pts',(40.8619119121011,-23.3750795517233,25.8947546245739));
#4487=CARTESIAN_POINT('Ctrl Pts',(40.9209537661217,-23.3588646615772,25.9537964785944));
#4488=CARTESIAN_POINT('Ctrl Pts',(40.9804835677247,-23.3408505745485,26.0133262802008));
#4489=CARTESIAN_POINT('Ctrl Pts',(41.0401808889583,-23.3209880984154,26.0730236014316));
#4490=CARTESIAN_POINT('Ctrl Pts',(41.0700650002833,-23.3110450651991,26.1029077127552));
#4491=CARTESIAN_POINT('Ctrl Pts',(41.0999911076627,-23.3006396267235,26.1328338201346));
#4492=CARTESIAN_POINT('Ctrl Pts',(41.129919316884,-23.2897705469967,26.162762029356));
#4493=CARTESIAN_POINT('Ctrl Pts',(41.1826024148243,-23.2706375348096,26.2154451272962));
#4494=CARTESIAN_POINT('Ctrl Pts',(41.2352931376718,-23.2500689989,26.2681358501543));
#4495=CARTESIAN_POINT('Ctrl Pts',(41.2876989564562,-23.2281125151585,26.3205416689465));
#4496=CARTESIAN_POINT('Ctrl Pts',(41.324534582862,-23.2126794802198,26.3573772953579));
#4497=CARTESIAN_POINT('Ctrl Pts',(41.3612295736968,-23.1965617263886,26.3940722861703));
#4498=CARTESIAN_POINT('Ctrl Pts',(41.3976852967371,-23.1797906873883,26.4305280092112));
#4499=CARTESIAN_POINT('Ctrl Pts',(41.4481307499509,-23.1565838328075,26.4809734624259));
#4500=CARTESIAN_POINT('Ctrl Pts',(41.4981190721605,-23.132124477176,26.5309617849222));
#4501=CARTESIAN_POINT('Ctrl Pts',(41.5473976046233,-23.1065485921214,26.5802403174493));
#4502=CARTESIAN_POINT('Ctrl Pts',(41.5843970562117,-23.0873456314484,26.617239769086));
#4503=CARTESIAN_POINT('Ctrl Pts',(41.6209966394966,-23.0675141894514,26.6538393519754));
#4504=CARTESIAN_POINT('Ctrl Pts',(41.6570958138154,-23.0471289460817,26.6899385262947));
#4505=CARTESIAN_POINT('Ctrl Pts',(41.6959301778184,-23.0251991380943,26.7287728902983));
#4506=CARTESIAN_POINT('Ctrl Pts',(41.7341787093967,-23.0026068300876,26.7670214219843));
#4507=CARTESIAN_POINT('Ctrl Pts',(41.7721056761246,-22.9792152407225,26.8049483886348));
#4508=CARTESIAN_POINT('Ctrl Pts',(41.8093766381484,-22.9562282445527,26.8422193505826));
#4509=CARTESIAN_POINT('Ctrl Pts',(41.846337265974,-22.9324693353692,26.8791799785407));
#4510=CARTESIAN_POINT('Ctrl Pts',(41.8832250615248,-22.9077619918629,26.9160677740313));
#4511=CARTESIAN_POINT('Ctrl Pts',(41.8901667751139,-22.903112451287,26.9230094876091));
#4512=CARTESIAN_POINT('Ctrl Pts',(41.8971058659003,-22.8984291886781,26.9299485783809));
#4513=CARTESIAN_POINT('Ctrl Pts',(41.9040438533814,-22.8937108384517,26.9368865658619));
#4514=CARTESIAN_POINT('Ctrl Pts',(41.9367927926242,-22.8714391111946,26.9696355051048));
#4515=CARTESIAN_POINT('Ctrl Pts',(41.9695123103804,-22.8483804629796,27.0023550233433));
#4516=CARTESIAN_POINT('Ctrl Pts',(42.0024224135189,-22.8242981844264,27.0352651268538));
#4517=CARTESIAN_POINT('Ctrl Pts',(42.0340371887041,-22.8011637743274,27.0668799023966));
#4518=CARTESIAN_POINT('Ctrl Pts',(42.0658279982357,-22.7770847145152,27.0986707119418));
#4519=CARTESIAN_POINT('Ctrl Pts',(42.0979715138301,-22.7518112747136,27.1308142270148));
#4520=CARTESIAN_POINT('Ctrl Pts',(42.1154573624696,-22.7380626994629,27.1483000753707));
#4521=CARTESIAN_POINT('Ctrl Pts',(42.1330472520545,-22.7239599747607,27.1658899645341));
#4522=CARTESIAN_POINT('Ctrl Pts',(42.1507669068704,-22.7094575758042,27.1836096193496));
#4523=CARTESIAN_POINT('Ctrl Pts',(42.1984376663073,-22.6704421221118,27.2312803787857));
#4524=CARTESIAN_POINT('Ctrl Pts',(42.2470644815167,-22.6285843143153,27.2799071947612));
#4525=CARTESIAN_POINT('Ctrl Pts',(42.2962387944704,-22.5836572153645,27.3290815073171));
#4526=CARTESIAN_POINT('Ctrl Pts',(42.3339210885257,-22.5492295629577,27.3667638010676));
#4527=CARTESIAN_POINT('Ctrl Pts',(42.3719241074081,-22.5129997750178,27.4047668198847));
#4528=CARTESIAN_POINT('Ctrl Pts',(42.4100504966157,-22.47487374387,27.4428932090943));
#4529=CARTESIAN_POINT('Origin',(42.05649711575,-22.47487373415,27.79644660941));
#4530=CARTESIAN_POINT('Origin',(-62.75,-20.,25.32157287525));
#4531=CARTESIAN_POINT('',(-42.0564971191977,-22.8284271195348,28.1500000052118));
#4532=CARTESIAN_POINT('Origin',(-39.5813943099748,-19.9991260747939,25.3213114095408));
#4533=CARTESIAN_POINT('',(-42.05649712238,-22.82842711715,28.1500000076));
#4534=CARTESIAN_POINT('Ctrl Pts',(-41.9693804789,-22.67946651304,28.2537064971));
#4535=CARTESIAN_POINT('Ctrl Pts',(-41.95123860926,-22.69838186827,28.23556462746));
#4536=CARTESIAN_POINT('Ctrl Pts',(-41.86015467211,-22.79137385381,28.14448069031));
#4537=CARTESIAN_POINT('Ctrl Pts',(-41.68698412739,-22.95054011663,27.97131014559));
#4538=CARTESIAN_POINT('Ctrl Pts',(-41.44072629845,-23.14174953942,27.72505231665));
#4539=CARTESIAN_POINT('Ctrl Pts',(-41.17772015132,-23.31239687298,27.46204616952));
#4540=CARTESIAN_POINT('Ctrl Pts',(-40.90429701357,-23.45849526434,27.18862303177));
#4541=CARTESIAN_POINT('Ctrl Pts',(-40.62785544354,-23.57781198636,26.91218146175));
#4542=CARTESIAN_POINT('Ctrl Pts',(-40.35635412354,-23.66991832299,26.64068014174));
#4543=CARTESIAN_POINT('Ctrl Pts',(-40.09536343371,-23.73687826123,26.37968945192));
#4544=CARTESIAN_POINT('Ctrl Pts',(-39.84147509973,-23.78316656017,26.12580111793));
#4545=CARTESIAN_POINT('Ctrl Pts',(-39.58107499933,-23.8122812758,25.86540101753));
#4546=CARTESIAN_POINT('Ctrl Pts',(-39.38090059787,-23.81994582311,25.66522661607));
#4547=CARTESIAN_POINT('Ctrl Pts',(-39.26544402575,-23.81890541636,25.54977004395));
#4548=CARTESIAN_POINT('Ctrl Pts',(-39.24345186361,-23.81850913312,25.52777788181));
#4549=CARTESIAN_POINT('Ctrl Pts',(-42.54095125413,-23.13686019079,28.15905495023));
#4550=CARTESIAN_POINT('Ctrl Pts',(-42.52064826195,-23.15802808107,28.13875195806));
#4551=CARTESIAN_POINT('Ctrl Pts',(-42.41882198983,-23.26198435913,28.03692568594));
#4552=CARTESIAN_POINT('Ctrl Pts',(-42.22619411931,-23.43897947178,27.84429781542));
#4553=CARTESIAN_POINT('Ctrl Pts',(-41.95422043471,-23.65009473654,27.57232413082));
#4554=CARTESIAN_POINT('Ctrl Pts',(-41.66556161337,-23.83733605893,27.28366530947));
#4555=CARTESIAN_POINT('Ctrl Pts',(-41.36704144835,-23.99680635494,26.98514514446));
#4556=CARTESIAN_POINT('Ctrl Pts',(-41.06649505841,-24.12650000211,26.68459875452));
#4557=CARTESIAN_POINT('Ctrl Pts',(-40.77227374583,-24.22629616542,26.39037744193));
#4558=CARTESIAN_POINT('Ctrl Pts',(-40.49010626431,-24.29867856697,26.10820996042));
#4559=CARTESIAN_POINT('Ctrl Pts',(-40.21605802032,-24.34863614187,25.83416171642));
#4560=CARTESIAN_POINT('Ctrl Pts',(-39.93527691693,-24.38002555549,25.55338061303));
#4561=CARTESIAN_POINT('Ctrl Pts',(-39.71956051211,-24.38828390431,25.33766420822));
#4562=CARTESIAN_POINT('Ctrl Pts',(-39.59513961226,-24.38716287996,25.21324330837));
#4563=CARTESIAN_POINT('Ctrl Pts',(-39.57143952593,-24.3867359387,25.18954322204));
#4564=CARTESIAN_POINT('Ctrl Pts',(-42.83810063192,-22.839799099,27.5521633229));
#4565=CARTESIAN_POINT('Ctrl Pts',(-42.81920121275,-22.85950404707,27.53326390373));
#4566=CARTESIAN_POINT('Ctrl Pts',(-42.72435170902,-22.95633940312,27.43841440001));
#4567=CARTESIAN_POINT('Ctrl Pts',(-42.54436068664,-23.12175530544,27.25842337763));
#4568=CARTESIAN_POINT('Ctrl Pts',(-42.289088545,-23.3199424266,27.00315123599));
#4569=CARTESIAN_POINT('Ctrl Pts',(-42.0170902325,-23.49640653741,26.73115292348));
#4570=CARTESIAN_POINT('Ctrl Pts',(-41.73486970318,-23.64719225209,26.44893239417));
#4571=CARTESIAN_POINT('Ctrl Pts',(-41.4499785452,-23.77014645168,26.16404123618));
#4572=CARTESIAN_POINT('Ctrl Pts',(-41.17051306797,-23.86494834327,25.88457575895));
#4573=CARTESIAN_POINT('Ctrl Pts',(-40.90209916716,-23.93380904579,25.61616185814));
#4574=CARTESIAN_POINT('Ctrl Pts',(-40.64114407501,-23.98138355513,25.355206766));
#4575=CARTESIAN_POINT('Ctrl Pts',(-40.37359971558,-24.01129563248,25.08766240657));
#4576=CARTESIAN_POINT('Ctrl Pts',(-40.16797729481,-24.01916832812,24.88203998579));
#4577=CARTESIAN_POINT('Ctrl Pts',(-40.04937841024,-24.01809966207,24.76344110123));
#4578=CARTESIAN_POINT('Ctrl Pts',(-40.02678756055,-24.01769263211,24.74085025153));
#4579=CARTESIAN_POINT('Ctrl Pts',(-42.36623613035,-22.2827287713,27.44317687756));
#4580=CARTESIAN_POINT('Ctrl Pts',(-42.34996879225,-22.29969030489,27.42690953946));
#4581=CARTESIAN_POINT('Ctrl Pts',(-42.26820262647,-22.38317199575,27.34514337368));
#4582=CARTESIAN_POINT('Ctrl Pts',(-42.11190913073,-22.52687372995,27.18884987794));
#4583=CARTESIAN_POINT('Ctrl Pts',(-41.88795692383,-22.70081706628,26.96489767104));
#4584=CARTESIAN_POINT('Ctrl Pts',(-41.64720159593,-22.85707097471,26.72414234314));
#4585=CARTESIAN_POINT('Ctrl Pts',(-41.39554731596,-22.99157073777,26.47248806317));
#4586=CARTESIAN_POINT('Ctrl Pts',(-41.14001397506,-23.10188664048,26.21695472227));
#4587=CARTESIAN_POINT('Ctrl Pts',(-40.88821970171,-23.18732291449,25.96516044892));
#4588=CARTESIAN_POINT('Ctrl Pts',(-40.64559750477,-23.24957947367,25.72253825198));
#4589=CARTESIAN_POINT('Ctrl Pts',(-40.4091956328,-23.29268508704,25.48613638001));
#4590=CARTESIAN_POINT('Ctrl Pts',(-40.16647376779,-23.31982675715,25.243414515));
#4591=CARTESIAN_POINT('Ctrl Pts',(-39.97978031198,-23.32697624822,25.05672105919));
#4592=CARTESIAN_POINT('Ctrl Pts',(-39.87209928927,-23.32600576821,24.94904003648));
#4593=CARTESIAN_POINT('Ctrl Pts',(-39.85158855991,-23.32563607735,24.92852930712));
#4594=CARTESIAN_POINT('Origin',(-42.05649711575,-22.47487373415,27.79644660941));
#4595=CARTESIAN_POINT('Origin',(-45.36062564488,-19.17074520502,31.10057513854));
#4596=CARTESIAN_POINT('',(-45.1920310862195,-19.6928931164018,31.2855340083412));
#4597=CARTESIAN_POINT('',(-45.19203115822,-19.69289306765,31.28553405709));
#4598=CARTESIAN_POINT('Origin',(-45.19203102168,-19.33933982822,30.93198051534));
#4599=CARTESIAN_POINT('Origin',(-62.75,-19.69289321881,31.28553390593));
#4600=CARTESIAN_POINT('',(45.1920310896312,-19.6928931107987,31.2855340139464));
#4601=CARTESIAN_POINT('',(42.05649712302,-22.82842711641,28.15000000834));
#4602=CARTESIAN_POINT('',(-45.19203115822,-19.69289306765,31.28553405709));
#4603=CARTESIAN_POINT('Origin',(-62.75,-16.15735931288,27.75));
#4604=CARTESIAN_POINT('Ctrl Pts',(-46.51005050561,-16.15735921534,32.75));
#4605=CARTESIAN_POINT('Ctrl Pts',(-46.5100489707816,-16.2612554512195,32.7500000020268));
#4606=CARTESIAN_POINT('Ctrl Pts',(-46.5070885878362,-16.3652984154237,32.746757331823));
#4607=CARTESIAN_POINT('Ctrl Pts',(-46.5012285184153,-16.4691272453673,32.7402706095234));
#4608=CARTESIAN_POINT('Ctrl Pts',(-46.4953665605901,-16.5729895340966,32.7337817968809));
#4609=CARTESIAN_POINT('Ctrl Pts',(-46.4866030471435,-16.6766370877719,32.7240468704982));
#4610=CARTESIAN_POINT('Ctrl Pts',(-46.4749971969298,-16.7797122193729,32.7111164932684));
#4611=CARTESIAN_POINT('Ctrl Pts',(-46.4699119667635,-16.824875715279,32.705450907108));
#4612=CARTESIAN_POINT('Ctrl Pts',(-46.4642810505621,-16.8699294019334,32.6991725120582));
#4613=CARTESIAN_POINT('Ctrl Pts',(-46.458109429835,-16.9148437502552,32.6922886729869));
#4614=CARTESIAN_POINT('Ctrl Pts',(-46.446378451703,-17.0002166630236,32.6792039146746));
#4615=CARTESIAN_POINT('Ctrl Pts',(-46.4326938989839,-17.085081230945,32.663937408216));
#4616=CARTESIAN_POINT('Ctrl Pts',(-46.4169932810843,-17.1696005630018,32.6464648116322));
#4617=CARTESIAN_POINT('Ctrl Pts',(-46.401372671393,-17.2536891960654,32.6290812530184));
#4618=CARTESIAN_POINT('Ctrl Pts',(-46.3837564913549,-17.3374365595357,32.6095139060582));
#4619=CARTESIAN_POINT('Ctrl Pts',(-46.3640832008474,-17.4209912277003,32.5876889507127));
#4620=CARTESIAN_POINT('Ctrl Pts',(-46.3456500707412,-17.4992787957441,32.567239791926));
#4621=CARTESIAN_POINT('Ctrl Pts',(-46.3254110070224,-17.5773974103036,32.5448081891591));
#4622=CARTESIAN_POINT('Ctrl Pts',(-46.3033153894033,-17.655454178664,32.5202947260218));
#4623=CARTESIAN_POINT('Ctrl Pts',(-46.2720122582777,-17.766038154969,32.4855662036442));
#4624=CARTESIAN_POINT('Ctrl Pts',(-46.2369828870775,-17.8764811860784,32.4466537350059));
#4625=CARTESIAN_POINT('Ctrl Pts',(-46.1981322996239,-17.9863516683978,32.4034704214658));
#4626=CARTESIAN_POINT('Ctrl Pts',(-46.1594957978168,-18.0956167108826,32.360525069002));
#4627=CARTESIAN_POINT('Ctrl Pts',(-46.117080077246,-18.2043150889341,32.3133556790199));
#4628=CARTESIAN_POINT('Ctrl Pts',(-46.0707917231914,-18.3120094114993,32.2619267450303));
#4629=CARTESIAN_POINT('Ctrl Pts',(-46.0604621665008,-18.3360421219491,32.2504500334463));
#4630=CARTESIAN_POINT('Ctrl Pts',(-46.0499397568601,-18.3600247944994,32.2387614033142));
#4631=CARTESIAN_POINT('Ctrl Pts',(-46.039223456155,-18.3839525128442,32.22686081109));
#4632=CARTESIAN_POINT('Ctrl Pts',(-46.0036655621953,-18.4633473800672,32.1873733043458));
#4633=CARTESIAN_POINT('Ctrl Pts',(-45.9659729523971,-18.5421456552904,32.1455432366675));
#4634=CARTESIAN_POINT('Ctrl Pts',(-45.9262846370847,-18.6200175384445,32.1014726776184));
#4635=CARTESIAN_POINT('Ctrl Pts',(-45.8864001370222,-18.6982743529271,32.0571842717913));
#4636=CARTESIAN_POINT('Ctrl Pts',(-45.8445001525927,-18.7755951594156,32.01063327169));
#4637=CARTESIAN_POINT('Ctrl Pts',(-45.8007257657682,-18.8516667949436,31.9619718888065));
#4638=CARTESIAN_POINT('Ctrl Pts',(-45.7569513789437,-18.9277384304715,31.913310505923));
#4639=CARTESIAN_POINT('Ctrl Pts',(-45.7113025897242,-19.0025605071682,31.8625389605108));
#4640=CARTESIAN_POINT('Ctrl Pts',(-45.6639204800817,-19.0758475343564,31.8098554778592));
#4641=CARTESIAN_POINT('Ctrl Pts',(-45.6013175650453,-19.172676940454,31.7402482017555));
#4642=CARTESIAN_POINT('Ctrl Pts',(-45.5356888572467,-19.2668401861595,31.6673086018248));
#4643=CARTESIAN_POINT('Ctrl Pts',(-45.4670770030424,-19.3583126979138,31.5910802421768));
#4644=CARTESIAN_POINT('Ctrl Pts',(-45.3986042504997,-19.4495997609797,31.5150064256701));
#4645=CARTESIAN_POINT('Ctrl Pts',(-45.327160435177,-19.5382075688321,31.4356566634343));
#4646=CARTESIAN_POINT('Ctrl Pts',(-45.2527879445767,-19.6240777215695,31.353035314128));
#4647=CARTESIAN_POINT('Ctrl Pts',(-45.2327480425127,-19.6472157049447,31.3307727310797));
#4648=CARTESIAN_POINT('Ctrl Pts',(-45.2124955039757,-19.6701547029315,31.3082724198696));
#4649=CARTESIAN_POINT('Ctrl Pts',(-45.19203115822,-19.6928930676527,31.2855340570927));
#4650=CARTESIAN_POINT('Ctrl Pts',(45.19203116554,-19.6928930594027,31.2855340653427));
#4651=CARTESIAN_POINT('Ctrl Pts',(45.261882030335,-19.6152805564733,31.3631465612734));
#4652=CARTESIAN_POINT('Ctrl Pts',(45.3282933105775,-19.5363594102952,31.436953031149));
#4653=CARTESIAN_POINT('Ctrl Pts',(45.391320916104,-19.4566110386978,31.5069852341589));
#4654=CARTESIAN_POINT('Ctrl Pts',(45.4543485216304,-19.3768626671004,31.5770174371689));
#4655=CARTESIAN_POINT('Ctrl Pts',(45.5139924524408,-19.296287436601,31.6432756827658));
#4656=CARTESIAN_POINT('Ctrl Pts',(45.5703086183717,-19.215350835089,31.7058422428223));
#4657=CARTESIAN_POINT('Ctrl Pts',(45.6288514317571,-19.1312141350839,31.7708825805125));
#4658=CARTESIAN_POINT('Ctrl Pts',(45.6837981294672,-19.0466908942926,31.8319360831573));
#4659=CARTESIAN_POINT('Ctrl Pts',(45.7353786787894,-18.9621075826421,31.8892495869743));
#4660=CARTESIAN_POINT('Ctrl Pts',(45.7830355458622,-18.8839584412918,31.942203308266));
#4661=CARTESIAN_POINT('Ctrl Pts',(45.8278189056115,-18.8057572622605,31.9919647636088));
#4662=CARTESIAN_POINT('Ctrl Pts',(45.86991013605,-18.727722328424,32.038733375756));
#4663=CARTESIAN_POINT('Ctrl Pts',(45.9175010137899,-18.6394913369097,32.0916127826912));
#4664=CARTESIAN_POINT('Ctrl Pts',(45.9616502938287,-18.5514772434999,32.1406644003472));
#4665=CARTESIAN_POINT('Ctrl Pts',(46.0026148259192,-18.4639391910936,32.1861795799336));
#4666=CARTESIAN_POINT('Ctrl Pts',(46.0370944952105,-18.3902587914076,32.2244895095188));
#4667=CARTESIAN_POINT('Ctrl Pts',(46.0693179247186,-18.3169145427947,32.2602941418288));
#4668=CARTESIAN_POINT('Ctrl Pts',(46.0994382741167,-18.2440325800055,32.2937643728811));
#4669=CARTESIAN_POINT('Ctrl Pts',(46.1386516705137,-18.1491482458539,32.3373389483421));
#4670=CARTESIAN_POINT('Ctrl Pts',(46.1743005168009,-18.0550499814031,32.376953613908));
#4671=CARTESIAN_POINT('Ctrl Pts',(46.2066730329835,-17.9621203118186,32.4129215880937));
#4672=CARTESIAN_POINT('Ctrl Pts',(46.2287087691918,-17.8988637619311,32.4374047264025));
#4673=CARTESIAN_POINT('Ctrl Pts',(46.2492264421438,-17.836147640518,32.4601987194004));
#4674=CARTESIAN_POINT('Ctrl Pts',(46.2683169546783,-17.7740797617097,32.4814072949109));
#4675=CARTESIAN_POINT('Ctrl Pts',(46.2962677521018,-17.6832049513068,32.5124591902782));
#4676=CARTESIAN_POINT('Ctrl Pts',(46.321159221673,-17.5937238983908,32.5401137592441));
#4677=CARTESIAN_POINT('Ctrl Pts',(46.343314724163,-17.505820806546,32.5647327651802));
#4678=CARTESIAN_POINT('Ctrl Pts',(46.3585222614051,-17.4454841229827,32.5816312512248));
#4679=CARTESIAN_POINT('Ctrl Pts',(46.3724407614898,-17.3858897437488,32.5970992701421));
#4680=CARTESIAN_POINT('Ctrl Pts',(46.385174797325,-17.3270838626633,32.6112492712917));
#4681=CARTESIAN_POINT('Ctrl Pts',(46.4041037261998,-17.2396699151224,32.6322830086555));
#4682=CARTESIAN_POINT('Ctrl Pts',(46.4204154250104,-17.1540025832919,32.650405504141));
#4683=CARTESIAN_POINT('Ctrl Pts',(46.4344255294227,-17.0701601502469,32.665973416456));
#4684=CARTESIAN_POINT('Ctrl Pts',(46.4435714875219,-17.015426840844,32.6761363295604));
#4685=CARTESIAN_POINT('Ctrl Pts',(46.4517365914058,-16.9614702508108,32.6852099908825));
#4686=CARTESIAN_POINT('Ctrl Pts',(46.4590086522067,-16.9083024068982,32.6932868083439));
#4687=CARTESIAN_POINT('Ctrl Pts',(46.4694380336555,-16.8320506070083,32.7048703487602));
#4688=CARTESIAN_POINT('Ctrl Pts',(46.4780305616386,-16.7574248253298,32.7144061030251));
#4689=CARTESIAN_POINT('Ctrl Pts',(46.4850034231713,-16.6843048904097,32.7221553031177));
#4690=CARTESIAN_POINT('Ctrl Pts',(46.4903402057327,-16.6283414682563,32.7280862678623));
#4691=CARTESIAN_POINT('Ctrl Pts',(46.4947282148482,-16.5732594504878,32.7329697158398));
#4692=CARTESIAN_POINT('Ctrl Pts',(46.4982648236767,-16.5189950197056,32.7369048131631));
#4693=CARTESIAN_POINT('Ctrl Pts',(46.5043898778372,-16.4250144316193,32.7437200096975));
#4694=CARTESIAN_POINT('Ctrl Pts',(46.5079611747905,-16.3334909026672,32.7476848410603));
#4695=CARTESIAN_POINT('Ctrl Pts',(46.5093607187981,-16.2447570249053,32.7492361056398));
#4696=CARTESIAN_POINT('Ctrl Pts',(46.5098251049711,-16.2153140165518,32.7497508345926));
#4697=CARTESIAN_POINT('Ctrl Pts',(46.510050382178,-16.1861777503179,32.7500000006233));
#4698=CARTESIAN_POINT('Ctrl Pts',(46.51005050595,-16.15735920473,32.75));
#4699=CARTESIAN_POINT('Ctrl Pts',(-46.33528381161,-16.0621925025,32.71786066901));
#4700=CARTESIAN_POINT('Ctrl Pts',(-46.3359236586,-16.09389589045,32.71850051601));
#4701=CARTESIAN_POINT('Ctrl Pts',(-46.33868495812,-16.36915921154,32.72126181553));
#4702=CARTESIAN_POINT('Ctrl Pts',(-46.29821632984,-16.89454195,32.68079318725));
#4703=CARTESIAN_POINT('Ctrl Pts',(-46.12824047015,-17.61792288862,32.51081732756));
#4704=CARTESIAN_POINT('Ctrl Pts',(-45.8445338849,-18.31449430673,32.22711074231));
#4705=CARTESIAN_POINT('Ctrl Pts',(-45.44980496123,-18.96258665636,31.83238181863));
#4706=CARTESIAN_POINT('Ctrl Pts',(-45.1122895911,-19.35604815611,31.4948664485));
#4707=CARTESIAN_POINT('Ctrl Pts',(-44.92018302025,-19.54507307703,31.30275987766));
#4708=CARTESIAN_POINT('Ctrl Pts',(-44.90220444893,-19.56248180984,31.28478130634));
#4709=CARTESIAN_POINT('Ctrl Pts',(-47.20637948165,-16.03849123207,33.04065558427));
#4710=CARTESIAN_POINT('Ctrl Pts',(-47.20718333611,-16.07808818793,33.04145943873));
#4711=CARTESIAN_POINT('Ctrl Pts',(-47.21065101012,-16.4219173712,33.04492711274));
#4712=CARTESIAN_POINT('Ctrl Pts',(-47.15992735024,-17.07809394061,32.99420345286));
#4713=CARTESIAN_POINT('Ctrl Pts',(-46.94973005985,-17.96992987416,32.78400616247));
#4714=CARTESIAN_POINT('Ctrl Pts',(-46.60659285444,-18.81012524267,32.44086895706));
#4715=CARTESIAN_POINT('Ctrl Pts',(-46.14129802453,-19.5723454444,31.97557412715));
#4716=CARTESIAN_POINT('Ctrl Pts',(-45.75285674084,-20.02438111744,31.58713284346));
#4717=CARTESIAN_POINT('Ctrl Pts',(-45.53416173071,-20.23957068226,31.36843783333));
#4718=CARTESIAN_POINT('Ctrl Pts',(-45.5137145358,-20.2593716422,31.34799063842));
#4719=CARTESIAN_POINT('Ctrl Pts',(-47.56210930041,-16.04847138212,32.18220135581));
#4720=CARTESIAN_POINT('Ctrl Pts',(-47.56284409448,-16.08474450804,32.18293614987));
#4721=CARTESIAN_POINT('Ctrl Pts',(-47.56601432775,-16.39970192282,32.18610638314));
#4722=CARTESIAN_POINT('Ctrl Pts',(-47.51960886484,-17.0008037205,32.13970092024));
#4723=CARTESIAN_POINT('Ctrl Pts',(-47.3263480469,-17.82170648904,31.94644010229));
#4724=CARTESIAN_POINT('Ctrl Pts',(-47.00823593491,-18.60142456879,31.62832799031));
#4725=CARTESIAN_POINT('Ctrl Pts',(-46.57265505367,-19.31558772259,31.19274710906));
#4726=CARTESIAN_POINT('Ctrl Pts',(-46.20565769469,-19.74295893554,30.82574975009));
#4727=CARTESIAN_POINT('Ctrl Pts',(-45.998158566,-19.94713107103,30.6182506214));
#4728=CARTESIAN_POINT('Ctrl Pts',(-45.9787508611,-19.96592471004,30.5988429165));
#4729=CARTESIAN_POINT('Ctrl Pts',(-46.71780711845,-16.07292435516,31.79474786566));
#4730=CARTESIAN_POINT('Ctrl Pts',(-46.71837270343,-16.10105356306,31.79531345065));
#4731=CARTESIAN_POINT('Ctrl Pts',(-46.72081415904,-16.3452705007,31.79775490626));
#4732=CARTESIAN_POINT('Ctrl Pts',(-46.68498897333,-16.8114302483,31.76192972055));
#4733=CARTESIAN_POINT('Ctrl Pts',(-46.5332252373,-17.45853535225,31.61016598451));
#4734=CARTESIAN_POINT('Ctrl Pts',(-46.27642862975,-18.09007434613,31.35336937696));
#4735=CARTESIAN_POINT('Ctrl Pts',(-45.91365170251,-18.68649000203,30.99059244972));
#4736=CARTESIAN_POINT('Ctrl Pts',(-45.59919540857,-19.05342932025,30.67613615579));
#4737=CARTESIAN_POINT('Ctrl Pts',(-45.41912799038,-19.23060698159,30.49606873759));
#4738=CARTESIAN_POINT('Ctrl Pts',(-45.40226720322,-19.24693252229,30.47920795043));
#4739=CARTESIAN_POINT('Ctrl Pts',(44.84805773046,-19.61407335217,31.23063458705));
#4740=CARTESIAN_POINT('Ctrl Pts',(44.88433784573,-19.58005475556,31.26691470232));
#4741=CARTESIAN_POINT('Ctrl Pts',(45.05863695165,-19.41133418537,31.44121380824));
#4742=CARTESIAN_POINT('Ctrl Pts',(45.3416222021,-19.09165385769,31.7241990587));
#4743=CARTESIAN_POINT('Ctrl Pts',(45.65737633169,-18.63158048931,32.03995318829));
#4744=CARTESIAN_POINT('Ctrl Pts',(45.90091130906,-18.17199725345,32.28348816565));
#4745=CARTESIAN_POINT('Ctrl Pts',(46.08075404287,-17.72363262344,32.46333089947));
#4746=CARTESIAN_POINT('Ctrl Pts',(46.20583938511,-17.29476925711,32.5884162417));
#4747=CARTESIAN_POINT('Ctrl Pts',(46.28518192471,-16.8911748273,32.6677587813));
#4748=CARTESIAN_POINT('Ctrl Pts',(46.32746345626,-16.51496334555,32.71004031285));
#4749=CARTESIAN_POINT('Ctrl Pts',(46.33739180719,-16.24140148411,32.71996866378));
#4750=CARTESIAN_POINT('Ctrl Pts',(46.33592616668,-16.09395144539,32.71850302327));
#4751=CARTESIAN_POINT('Ctrl Pts',(46.33529465395,-16.0622682268,32.71787151054));
#4752=CARTESIAN_POINT('Ctrl Pts',(45.45219083701,-20.31799884521,31.28646693696));
#4753=CARTESIAN_POINT('Ctrl Pts',(45.49337519418,-20.27937458613,31.32765129414));
#4754=CARTESIAN_POINT('Ctrl Pts',(45.69160839203,-20.08748928551,31.52588449199));
#4755=CARTESIAN_POINT('Ctrl Pts',(46.01657252293,-19.72077511982,31.85084862289));
#4756=CARTESIAN_POINT('Ctrl Pts',(46.38547644831,-19.18385427844,32.21975254827));
#4757=CARTESIAN_POINT('Ctrl Pts',(46.67503335709,-18.63803750728,32.50930945704));
#4758=CARTESIAN_POINT('Ctrl Pts',(46.89239091239,-18.09675014236,32.72666701235));
#4759=CARTESIAN_POINT('Ctrl Pts',(47.04567515167,-17.57175969919,32.87995125162));
#4760=CARTESIAN_POINT('Ctrl Pts',(47.1439154596,-17.07251552669,32.97819155955));
#4761=CARTESIAN_POINT('Ctrl Pts',(47.19661064975,-16.60403723624,33.03088674971));
#4762=CARTESIAN_POINT('Ctrl Pts',(47.20902123116,-16.26233545275,33.04329733111));
#4763=CARTESIAN_POINT('Ctrl Pts',(47.20718888354,-16.07815730414,33.0414649835));
#4764=CARTESIAN_POINT('Ctrl Pts',(47.20639893698,-16.03858643743,33.04067503693));
#4765=CARTESIAN_POINT('Ctrl Pts',(45.92033346495,-20.02158933002,30.54042552154));
#4766=CARTESIAN_POINT('Ctrl Pts',(45.95945273998,-19.98490442701,30.57954479658));
#4767=CARTESIAN_POINT('Ctrl Pts',(46.14760775107,-19.80277334979,30.76769980766));
#4768=CARTESIAN_POINT('Ctrl Pts',(46.45489538108,-19.4558642306,31.07498743768));
#4769=CARTESIAN_POINT('Ctrl Pts',(46.80141894752,-18.95130238522,31.42151100412));
#4770=CARTESIAN_POINT('Ctrl Pts',(47.07159690424,-18.44179690077,31.69168896084));
#4771=CARTESIAN_POINT('Ctrl Pts',(47.27315768821,-17.93963751611,31.89324974481));
#4772=CARTESIAN_POINT('Ctrl Pts',(47.41456791315,-17.4551243401,32.03465996974));
#4773=CARTESIAN_POINT('Ctrl Pts',(47.50485073352,-16.99615643851,32.12494279012));
#4774=CARTESIAN_POINT('Ctrl Pts',(47.5531609319,-16.5665299304,32.1732529885));
#4775=CARTESIAN_POINT('Ctrl Pts',(47.56452629369,-16.25352056033,32.18461835029));
#4776=CARTESIAN_POINT('Ctrl Pts',(47.5628483594,-16.08480791389,32.182940416));
#4777=CARTESIAN_POINT('Ctrl Pts',(47.56212512628,-16.04855838443,32.18221718288));
#4778=CARTESIAN_POINT('Ctrl Pts',(45.35146075467,-19.2953383397,30.42840150188));
#4779=CARTESIAN_POINT('Ctrl Pts',(45.38552024628,-19.26340517102,30.4624609935));
#4780=CARTESIAN_POINT('Ctrl Pts',(45.54898207871,-19.10517351013,30.62592282592));
#4781=CARTESIAN_POINT('Ctrl Pts',(45.81295943825,-18.80678994054,30.88990018546));
#4782=CARTESIAN_POINT('Ctrl Pts',(46.10464752535,-18.38151284038,31.18158827256));
#4783=CARTESIAN_POINT('Ctrl Pts',(46.3273439324,-17.96097584908,31.40428467961));
#4784=CARTESIAN_POINT('Ctrl Pts',(46.49020008566,-17.55468630991,31.56714083287));
#4785=CARTESIAN_POINT('Ctrl Pts',(46.60251706549,-17.1693489493,31.67945781271));
#4786=CARTESIAN_POINT('Ctrl Pts',(46.67330276138,-16.80906438997,31.75024350859));
#4787=CARTESIAN_POINT('Ctrl Pts',(46.71086902458,-16.47463099797,31.78780977179));
#4788=CARTESIAN_POINT('Ctrl Pts',(46.71967343018,-16.23192265599,31.7966141774));
#4789=CARTESIAN_POINT('Ctrl Pts',(46.71837383338,-16.10110297755,31.79531458059));
#4790=CARTESIAN_POINT('Ctrl Pts',(46.71781405894,-16.07299125858,31.79475480615));
#4791=CARTESIAN_POINT('',(45.5455844112893,-19.3393398292039,30.5784271237632));
#4792=CARTESIAN_POINT('Origin',(45.19203102168,-19.33933982822,30.93198051534));
#4793=CARTESIAN_POINT('',(46.8636038969317,-16.1573591139568,31.8964466094083));
#4794=CARTESIAN_POINT('Ctrl Pts',(45.5455844112867,-19.3393398292029,30.5784271237648));
#4795=CARTESIAN_POINT('Ctrl Pts',(45.6048851573386,-19.280037093061,30.637727869814));
#4796=CARTESIAN_POINT('Ctrl Pts',(45.661618251548,-19.2199893093962,30.6944609640222));
#4797=CARTESIAN_POINT('Ctrl Pts',(45.7158603148579,-19.1594205271597,30.748703027332));
#4798=CARTESIAN_POINT('Ctrl Pts',(45.7731342335084,-19.0954662581867,30.8059769459823));
#4799=CARTESIAN_POINT('Ctrl Pts',(45.8276312595499,-19.0309313072898,30.860473972024));
#4800=CARTESIAN_POINT('Ctrl Pts',(45.8794708748833,-18.9660389349794,30.9123135873568));
#4801=CARTESIAN_POINT('Ctrl Pts',(45.8944897052879,-18.9472384958169,30.9273324177613));
#4802=CARTESIAN_POINT('Ctrl Pts',(45.9092856404471,-18.9284077990493,30.9421283529202));
#4803=CARTESIAN_POINT('Ctrl Pts',(45.9238619372421,-18.909551654705,30.9567046497154));
#4804=CARTESIAN_POINT('Ctrl Pts',(45.9747996924388,-18.8436577120893,31.0076424049122));
#4805=CARTESIAN_POINT('Ctrl Pts',(46.0230507299859,-18.7774577871831,31.0558934424748));
#4806=CARTESIAN_POINT('Ctrl Pts',(46.0687349788675,-18.7111766837709,31.1015776913795));
#4807=CARTESIAN_POINT('Ctrl Pts',(46.1168385055753,-18.6413855652505,31.1496812181117));
#4808=CARTESIAN_POINT('Ctrl Pts',(46.1620966326106,-18.5715045735996,31.1949393451251));
#4809=CARTESIAN_POINT('Ctrl Pts',(46.2046736803487,-18.5017507030395,31.2375163928307));
#4810=CARTESIAN_POINT('Ctrl Pts',(46.2109959659304,-18.4913929184222,31.2438386784075));
#4811=CARTESIAN_POINT('Ctrl Pts',(46.2172591696812,-18.4810378570927,31.2501018821547));
#4812=CARTESIAN_POINT('Ctrl Pts',(46.2234638629416,-18.47068614729,31.2563065754151));
#4813=CARTESIAN_POINT('Ctrl Pts',(46.2633430381924,-18.4041530195354,31.2961857506659));
#4814=CARTESIAN_POINT('Ctrl Pts',(46.3007995268231,-18.3377582290576,31.3336422394108));
#4815=CARTESIAN_POINT('Ctrl Pts',(46.3359862707488,-18.2716497631626,31.3688289833464));
#4816=CARTESIAN_POINT('Ctrl Pts',(46.3727033241592,-18.2026661687082,31.4055460367671));
#4817=CARTESIAN_POINT('Ctrl Pts',(46.4069494264241,-18.1339942278122,31.4397921389382));
#4818=CARTESIAN_POINT('Ctrl Pts',(46.4389043890924,-18.0657468120829,31.4717471015737));
#4819=CARTESIAN_POINT('Ctrl Pts',(46.4436505405465,-18.0556102779001,31.4764932530228));
#4820=CARTESIAN_POINT('Ctrl Pts',(46.4483461516339,-18.0454830153521,31.4811888641073));
#4821=CARTESIAN_POINT('Ctrl Pts',(46.4529918117158,-18.0353652986083,31.4858345241892));
#4822=CARTESIAN_POINT('Ctrl Pts',(46.4859411976629,-17.9636053015325,31.5187839101363));
#4823=CARTESIAN_POINT('Ctrl Pts',(46.516379121688,-17.8923349160587,31.5492218342743));
#4824=CARTESIAN_POINT('Ctrl Pts',(46.5444690723285,-17.8217765112296,31.5773117849149));
#4825=CARTESIAN_POINT('Ctrl Pts',(46.5725590229689,-17.7512181064005,31.6054017355556));
#4826=CARTESIAN_POINT('Ctrl Pts',(46.59830142501,-17.6813711843367,31.6311441374841));
#4827=CARTESIAN_POINT('Ctrl Pts',(46.6218704531685,-17.6124077437,31.6547131656432));
#4828=CARTESIAN_POINT('Ctrl Pts',(46.6454394813269,-17.5434443030633,31.6782821938022));
#4829=CARTESIAN_POINT('Ctrl Pts',(46.6668302577689,-17.4753635704546,31.6996729703008));
#4830=CARTESIAN_POINT('Ctrl Pts',(46.6862417035151,-17.4082838092236,31.7190844160292));
#4831=CARTESIAN_POINT('Ctrl Pts',(46.7056531492613,-17.3412040479927,31.7384958617576));
#4832=CARTESIAN_POINT('Ctrl Pts',(46.7230855238495,-17.2751245982433,31.7559282363272));
#4833=CARTESIAN_POINT('Ctrl Pts',(46.7387282388212,-17.2101114171233,31.7715709512988));
#4834=CARTESIAN_POINT('Ctrl Pts',(46.7546088038516,-17.1441096998719,31.7874515163291));
#4835=CARTESIAN_POINT('Ctrl Pts',(46.7686427013789,-17.0792094954523,31.8014854138643));
#4836=CARTESIAN_POINT('Ctrl Pts',(46.7810256387653,-17.0154621453857,31.813868351255));
#4837=CARTESIAN_POINT('Ctrl Pts',(46.7930376469842,-16.9536243383265,31.8258803594778));
#4838=CARTESIAN_POINT('Ctrl Pts',(46.8034961042083,-16.8928705698677,31.836338816683));
#4839=CARTESIAN_POINT('Ctrl Pts',(46.8125620247729,-16.8332080953067,31.8454047372471));
#4840=CARTESIAN_POINT('Ctrl Pts',(46.8219138330816,-16.7716642044967,31.8547565455554));
#4841=CARTESIAN_POINT('Ctrl Pts',(46.8297815675892,-16.711284702189,31.8626242801054));
#4842=CARTESIAN_POINT('Ctrl Pts',(46.8363363114925,-16.6520190887625,31.8691790240131));
#4843=CARTESIAN_POINT('Ctrl Pts',(46.8426865160665,-16.5946028456557,31.8755292285912));
#4844=CARTESIAN_POINT('Ctrl Pts',(46.8478041856899,-16.5382314031302,31.8806468981644));
#4845=CARTESIAN_POINT('Ctrl Pts',(46.8518182287144,-16.4828314498817,31.8846609411898));
#4846=CARTESIAN_POINT('Ctrl Pts',(46.8566812853684,-16.4157138057442,31.8895239978448));
#4847=CARTESIAN_POINT('Ctrl Pts',(46.8599306448205,-16.3500265051334,31.8927733573205));
#4848=CARTESIAN_POINT('Ctrl Pts',(46.8617661776606,-16.2858160779415,31.8946088901484));
#4849=CARTESIAN_POINT('Ctrl Pts',(46.863009600317,-16.2423187902849,31.8958523127966));
#4850=CARTESIAN_POINT('Ctrl Pts',(46.863603668732,-16.1994983088488,31.89644638121));
#4851=CARTESIAN_POINT('Ctrl Pts',(46.8636038969318,-16.15735943925,31.8964466094082));
#4852=CARTESIAN_POINT('Origin',(46.51005050634,-16.15735878777,32.25));
#4853=CARTESIAN_POINT('Origin',(46.51005050634,-16.37606697203,32.25));
#4854=CARTESIAN_POINT('',(46.86360389693,4.8,31.89644660941));
#4855=CARTESIAN_POINT('Origin',(46.51005050634,4.8,32.25));
#4856=CARTESIAN_POINT('',(46.86360389693,-16.15735943925,31.89644660941));
#4857=CARTESIAN_POINT('Origin',(18.92497833621,4.8,-52.));
#4858=CARTESIAN_POINT('',(45.71715728753,4.8,30.75));
#4859=CARTESIAN_POINT('',(45.71715728753,4.8,30.75));
#4860=CARTESIAN_POINT('',(18.92497833621,4.8,30.75));
#4861=CARTESIAN_POINT('',(45.71715728753,4.8,30.75));
#4862=CARTESIAN_POINT('',(18.92497833621,4.8,30.75));
#4863=CARTESIAN_POINT('Origin',(18.92497833621,4.8,-52.));
#4864=CARTESIAN_POINT('',(46.51005050634,4.8,-32.75));
#4865=CARTESIAN_POINT('Origin',(46.51005050634,4.8,-32.25));
#4866=CARTESIAN_POINT('',(18.92497833621,4.8,-32.75));
#4867=CARTESIAN_POINT('',(18.92497833621,4.8,-32.75));
#4868=CARTESIAN_POINT('',(18.92497833621,4.8,-30.75));
#4869=CARTESIAN_POINT('',(18.92497833621,4.8,-32.75));
#4870=CARTESIAN_POINT('',(45.71715728753,4.8,-30.75));
#4871=CARTESIAN_POINT('Origin',(18.92497833621,-5.,-52.));
#4872=CARTESIAN_POINT('',(11.99533188058,1.929646455628,30.75));
#4873=CARTESIAN_POINT('Origin',(18.92497833621,-5.,30.75));
#4874=CARTESIAN_POINT('',(11.99533188058,1.929646455628,30.75));
#4875=CARTESIAN_POINT('Origin',(18.92497833621,-5.,-52.));
#4876=CARTESIAN_POINT('',(11.99533188058,1.929646455628,-32.75));
#4877=CARTESIAN_POINT('',(11.99533188058,1.929646455628,-30.75));
#4878=CARTESIAN_POINT('',(11.99533188058,1.929646455628,-32.75));
#4879=CARTESIAN_POINT('Origin',(18.92497833621,-5.,-30.75));
#4880=CARTESIAN_POINT('Origin',(18.92497833621,-5.,-32.75));
#4881=CARTESIAN_POINT('Origin',(0.3531962568465,-9.712489168103,-52.));
#4882=CARTESIAN_POINT('',(0.3531962568465,-9.712489168103,30.75));
#4883=CARTESIAN_POINT('',(0.3531962568465,-9.712489168103,30.75));
#4884=CARTESIAN_POINT('',(0.3531962568465,-9.712489168103,30.75));
#4885=CARTESIAN_POINT('Origin',(0.3531962568465,-9.712489168103,-52.));
#4886=CARTESIAN_POINT('',(0.3531962568465,-9.712489168103,-32.75));
#4887=CARTESIAN_POINT('',(0.3531962568465,-9.712489168103,-30.75));
#4888=CARTESIAN_POINT('',(0.3531962568465,-9.712489168103,-32.75));
#4889=CARTESIAN_POINT('',(0.3531962568465,-9.712489168103,-30.75));
#4890=CARTESIAN_POINT('',(0.3531962568465,-9.712489168103,-32.75));
#4891=CARTESIAN_POINT('Origin',(-6.859292911256,-2.5,-52.));
#4892=CARTESIAN_POINT('Origin',(-6.859292911256,-2.5,30.75));
#4893=CARTESIAN_POINT('Origin',(-6.859292911256,-2.5,-52.));
#4894=CARTESIAN_POINT('Origin',(-6.859292911256,-2.5,-30.75));
#4895=CARTESIAN_POINT('Origin',(-6.859292911256,-2.5,-32.75));
#4896=CARTESIAN_POINT('Origin',(-62.75,-16.15735931288,30.75));
#4897=CARTESIAN_POINT('',(45.71715728753,-16.15735931288,30.75));
#4898=CARTESIAN_POINT('',(45.71715728753,-16.15735931288,30.75));
#4899=CARTESIAN_POINT('',(-45.71715728753,-16.15735931288,30.75));
#4900=CARTESIAN_POINT('',(26.24289321881,-4.957106781187,30.75));
#4901=CARTESIAN_POINT('',(22.90710678119,-8.292893218813,30.75));
#4902=CARTESIAN_POINT('',(26.24289321881,-4.957106781187,30.75));
#4903=CARTESIAN_POINT('',(23.61421356237,-10.,30.75));
#4904=CARTESIAN_POINT('Origin',(23.61421356237,-9.,30.75));
#4905=CARTESIAN_POINT('',(30.28578643763,-10.,30.75));
#4906=CARTESIAN_POINT('',(23.61421356237,-10.,30.75));
#4907=CARTESIAN_POINT('',(30.99289321881,-8.292893218813,30.75));
#4908=CARTESIAN_POINT('Origin',(30.28578643763,-9.,30.75));
#4909=CARTESIAN_POINT('',(27.65710678119,-4.957106781187,30.75));
#4910=CARTESIAN_POINT('',(30.99289321881,-8.292893218813,30.75));
#4911=CARTESIAN_POINT('Origin',(26.95,-5.664213562373,30.75));
#4912=CARTESIAN_POINT('',(31.48553390593,-5.957106781187,30.75));
#4913=CARTESIAN_POINT('',(36.94264068712,-11.41421356237,30.75));
#4914=CARTESIAN_POINT('',(31.48553390593,-5.957106781187,30.75));
#4915=CARTESIAN_POINT('',(38.35685424949,-11.41421356237,30.75));
#4916=CARTESIAN_POINT('Origin',(37.64974746831,-10.70710678119,30.75));
#4917=CARTESIAN_POINT('',(43.81396103068,-5.957106781187,30.75));
#4918=CARTESIAN_POINT('',(38.35685424949,-11.41421356237,30.75));
#4919=CARTESIAN_POINT('',(43.10685424949,-4.25,30.75));
#4920=CARTESIAN_POINT('Origin',(43.10685424949,-5.25,30.75));
#4921=CARTESIAN_POINT('',(32.19264068712,-4.25,30.75));
#4922=CARTESIAN_POINT('',(43.10685424949,-4.25,30.75));
#4923=CARTESIAN_POINT('Origin',(32.19264068712,-5.25,30.75));
#4924=CARTESIAN_POINT('',(6.414213562373,-10.,30.75));
#4925=CARTESIAN_POINT('',(13.08578643763,-10.,30.75));
#4926=CARTESIAN_POINT('',(6.414213562373,-10.,30.75));
#4927=CARTESIAN_POINT('',(13.79289321881,-8.292893218813,30.75));
#4928=CARTESIAN_POINT('Origin',(13.08578643763,-9.,30.75));
#4929=CARTESIAN_POINT('',(10.45710678119,-4.957106781187,30.75));
#4930=CARTESIAN_POINT('',(13.79289321881,-8.292893218813,30.75));
#4931=CARTESIAN_POINT('',(9.042893218813,-4.957106781187,30.75));
#4932=CARTESIAN_POINT('Origin',(9.75,-5.664213562373,30.75));
#4933=CARTESIAN_POINT('',(5.707106781187,-8.292893218813,30.75));
#4934=CARTESIAN_POINT('',(9.042893218813,-4.957106781187,30.75));
#4935=CARTESIAN_POINT('Origin',(6.414213562373,-9.,30.75));
#4936=CARTESIAN_POINT('',(14.28553390593,-5.957106781187,30.75));
#4937=CARTESIAN_POINT('',(17.62132034356,-9.292893218813,30.75));
#4938=CARTESIAN_POINT('',(14.28553390593,-5.957106781187,30.75));
#4939=CARTESIAN_POINT('',(19.03553390593,-9.292893218813,30.75));
#4940=CARTESIAN_POINT('Origin',(18.32842712475,-8.585786437627,30.75));
#4941=CARTESIAN_POINT('',(22.37132034356,-5.957106781187,30.75));
#4942=CARTESIAN_POINT('',(19.03553390593,-9.292893218813,30.75));
#4943=CARTESIAN_POINT('',(21.66421356237,-4.25,30.75));
#4944=CARTESIAN_POINT('Origin',(21.66421356237,-5.25,30.75));
#4945=CARTESIAN_POINT('',(14.99264068712,-4.25,30.75));
#4946=CARTESIAN_POINT('',(21.66421356237,-4.25,30.75));
#4947=CARTESIAN_POINT('Origin',(14.99264068712,-5.25,30.75));
#4948=CARTESIAN_POINT('Origin',(-62.75,-16.15735931288,27.75));
#4949=CARTESIAN_POINT('',(44.83847763109,-18.27867965644,29.87132034356));
#4950=CARTESIAN_POINT('Origin',(42.71715728753,-16.15735931288,27.75));
#4951=CARTESIAN_POINT('',(-44.83847763109,-18.27867965644,29.87132034356));
#4952=CARTESIAN_POINT('Origin',(64.96715728753,66.765,50.));
#4953=CARTESIAN_POINT('',(42.41005049662,-22.47487374387,27.44289320909));
#4954=CARTESIAN_POINT('',(32.29289321879,-23.5,17.32573593127));
#4955=CARTESIAN_POINT('',(41.70294372515,-21.41421356237,26.73578643763));
#4956=CARTESIAN_POINT('Origin',(40.28873016278,-20.,25.32157287525));
#4957=CARTESIAN_POINT('',(41.70294372515,-21.41421356237,26.73578643763));
#4958=CARTESIAN_POINT('Origin',(-62.75,-21.41421356237,26.73578643763));
#4959=CARTESIAN_POINT('',(-41.70294372515,-21.41421356237,26.73578643763));
#4960=CARTESIAN_POINT('Origin',(-62.75,-20.,25.32157287525));
#4961=CARTESIAN_POINT('Origin',(33.,-61.54368,16.6186291501));
#4962=CARTESIAN_POINT('',(32.,-23.5,16.61862915105));
#4963=CARTESIAN_POINT('Origin',(32.,66.765,17.03284271247));
#4964=CARTESIAN_POINT('',(32.,-23.5,-16.61862915013));
#4965=CARTESIAN_POINT('Origin',(33.,-61.54368,-16.6186291501));
#4966=CARTESIAN_POINT('Origin',(41.90184744686,-22.62952340304,27.64179694052));
#4967=CARTESIAN_POINT('Origin',(26.95,-4.25,-47.25));
#4968=CARTESIAN_POINT('',(22.9071067882508,-8.29289321205557,32.2499999998283));
#4969=CARTESIAN_POINT('',(26.2428932438557,-4.95710675710819,32.2499999994444));
#4970=CARTESIAN_POINT('',(22.9071067888,-8.292893211681,32.24999999966));
#4971=CARTESIAN_POINT('',(22.9071067888,-8.292893211681,32.24999999966));
#4972=CARTESIAN_POINT('',(26.24289324451,-4.957106756982,32.24999999895));
#4973=CARTESIAN_POINT('Origin',(26.95,-4.25,-47.25));
#4974=CARTESIAN_POINT('',(26.24289321881,-4.957106781187,-30.75));
#4975=CARTESIAN_POINT('',(26.2428932442747,-4.95710675674869,-32.2499999992773));
#4976=CARTESIAN_POINT('',(26.24289321881,-4.957106781187,-30.75));
#4977=CARTESIAN_POINT('',(22.90710678119,-8.292893218813,-30.75));
#4978=CARTESIAN_POINT('',(26.24289321881,-4.957106781187,-30.75));
#4979=CARTESIAN_POINT('',(22.9071067888,-8.292893211681,-32.24999999966));
#4980=CARTESIAN_POINT('',(22.90710678119,-8.292893218813,-30.75));
#4981=CARTESIAN_POINT('',(26.24289324451,-4.957106756982,-32.24999999895));
#4982=CARTESIAN_POINT('Origin',(24.3982233047,-6.448223304703,32.5));
#4983=CARTESIAN_POINT('',(22.55355340581,-7.939339813955,32.74999999933));
#4984=CARTESIAN_POINT('',(25.88933987961,-4.603553342185,32.74999999789));
#4985=CARTESIAN_POINT('Origin',(26.95,-5.664213562373,32.4999999982));
#4986=CARTESIAN_POINT('',(27.6571067856126,-4.95710678572429,32.2499999999381));
#4987=CARTESIAN_POINT('Origin',(26.95,-5.664213562373,32.25));
#4988=CARTESIAN_POINT('',(28.01066018184,-4.603553401018,32.74999999974));
#4989=CARTESIAN_POINT('Origin',(29.5017766953,-6.448223304703,32.5));
#4990=CARTESIAN_POINT('',(30.9928932420582,-8.29289324283734,32.2499999994469));
#4991=CARTESIAN_POINT('',(27.65710678622,-4.957106786399,32.24999999987));
#4992=CARTESIAN_POINT('',(31.34644665563,-7.939339876528,32.74999999853));
#4993=CARTESIAN_POINT('Origin',(30.28578643763,-9.,32.49999999874));
#4994=CARTESIAN_POINT('',(30.2857864278595,-9.99999999978551,32.2499999998281));
#4995=CARTESIAN_POINT('Origin',(30.28578643763,-9.,32.25));
#4996=CARTESIAN_POINT('',(30.28578641679,-10.49999999933,32.74999999933));
#4997=CARTESIAN_POINT('Origin',(26.95,-10.25,32.5));
#4998=CARTESIAN_POINT('',(23.61421355921,-9.999999999936,32.24999999994));
#4999=CARTESIAN_POINT('',(30.28578642721,-9.999999999664,32.24999999966));
#5000=CARTESIAN_POINT('',(23.61421355604,-10.49999999987,32.74999999987));
#5001=CARTESIAN_POINT('Origin',(23.61421356237,-9.,32.49999999942));
#5002=CARTESIAN_POINT('Origin',(23.61421356237,-9.,32.25));
#5003=CARTESIAN_POINT('Origin',(23.61421356237,-9.,118.1358));
#5004=CARTESIAN_POINT('',(23.61421355921,-9.999999999936,32.24999999994));
#5005=CARTESIAN_POINT('Origin',(21.2,-10.,-47.25));
#5006=CARTESIAN_POINT('',(30.28578642721,-9.999999999664,32.24999999966));
#5007=CARTESIAN_POINT('Origin',(21.2,-10.,-47.25));
#5008=CARTESIAN_POINT('',(30.28578643763,-10.,-30.75));
#5009=CARTESIAN_POINT('',(30.28578642721,-9.999999999664,-32.24999999966));
#5010=CARTESIAN_POINT('',(30.28578643763,-10.,-30.75));
#5011=CARTESIAN_POINT('',(23.61421355921,-9.999999999936,-32.24999999994));
#5012=CARTESIAN_POINT('',(23.61421355921,-9.999999999936,-32.24999999994));
#5013=CARTESIAN_POINT('',(23.61421356237,-10.,-30.75));
#5014=CARTESIAN_POINT('',(23.61421356237,-10.,-30.75));
#5015=CARTESIAN_POINT('',(23.61421356237,-10.,-30.75));
#5016=CARTESIAN_POINT('Origin',(30.28578643763,-9.,118.1358));
#5017=CARTESIAN_POINT('',(30.99289324193,-8.292893242967,32.24999999926));
#5018=CARTESIAN_POINT('Origin',(32.7,-10.,-47.25));
#5019=CARTESIAN_POINT('',(27.65710678622,-4.957106786399,32.24999999987));
#5020=CARTESIAN_POINT('Origin',(32.7,-10.,-47.25));
#5021=CARTESIAN_POINT('',(30.99289321881,-8.292893218813,-30.75));
#5022=CARTESIAN_POINT('',(30.9928932420566,-8.29289324283713,-32.2499999994463));
#5023=CARTESIAN_POINT('',(30.99289321881,-8.292893218813,-30.75));
#5024=CARTESIAN_POINT('',(27.65710678119,-4.957106781187,-30.75));
#5025=CARTESIAN_POINT('',(30.99289321881,-8.292893218813,-30.75));
#5026=CARTESIAN_POINT('',(27.65710678622,-4.957106786399,-32.24999999987));
#5027=CARTESIAN_POINT('',(27.65710678119,-4.957106781187,-30.75));
#5028=CARTESIAN_POINT('',(30.99289324193,-8.292893242967,-32.24999999926));
#5029=CARTESIAN_POINT('Origin',(26.95,-5.664213562373,118.1358));
#5030=CARTESIAN_POINT('Origin',(30.28578643763,-9.,118.1358));
#5031=CARTESIAN_POINT('Origin',(30.28578643763,-9.,-32.25));
#5032=CARTESIAN_POINT('Origin',(30.28578643763,-9.,-30.75));
#5033=CARTESIAN_POINT('Origin',(-62.75,5.,-30.75));
#5034=CARTESIAN_POINT('',(-45.71715728753,-16.15735931288,-30.75));
#5035=CARTESIAN_POINT('',(-45.71715728753,-12.7,-30.75));
#5036=CARTESIAN_POINT('',(-45.71715728753,-16.15735931288,-30.75));
#5037=CARTESIAN_POINT('Origin',(23.61421356237,-9.,-30.75));
#5038=CARTESIAN_POINT('Origin',(26.95,-5.664213562373,-30.75));
#5039=CARTESIAN_POINT('',(43.10685424949,-4.25,-30.75));
#5040=CARTESIAN_POINT('',(32.19264068712,-4.25,-30.75));
#5041=CARTESIAN_POINT('',(43.10685424949,-4.25,-30.75));
#5042=CARTESIAN_POINT('',(43.81396103068,-5.957106781187,-30.75));
#5043=CARTESIAN_POINT('Origin',(43.10685424949,-5.25,-30.75));
#5044=CARTESIAN_POINT('',(38.35685424949,-11.41421356237,-30.75));
#5045=CARTESIAN_POINT('',(38.35685424949,-11.41421356237,-30.75));
#5046=CARTESIAN_POINT('',(36.94264068712,-11.41421356237,-30.75));
#5047=CARTESIAN_POINT('Origin',(37.64974746831,-10.70710678119,-30.75));
#5048=CARTESIAN_POINT('',(31.48553390593,-5.957106781187,-30.75));
#5049=CARTESIAN_POINT('',(31.48553390593,-5.957106781187,-30.75));
#5050=CARTESIAN_POINT('Origin',(32.19264068712,-5.25,-30.75));
#5051=CARTESIAN_POINT('',(9.042893218813,-4.957106781187,-30.75));
#5052=CARTESIAN_POINT('',(5.707106781187,-8.292893218813,-30.75));
#5053=CARTESIAN_POINT('',(9.042893218813,-4.957106781187,-30.75));
#5054=CARTESIAN_POINT('',(10.45710678119,-4.957106781187,-30.75));
#5055=CARTESIAN_POINT('Origin',(9.75,-5.664213562373,-30.75));
#5056=CARTESIAN_POINT('',(13.79289321881,-8.292893218813,-30.75));
#5057=CARTESIAN_POINT('',(13.79289321881,-8.292893218813,-30.75));
#5058=CARTESIAN_POINT('',(13.08578643763,-10.,-30.75));
#5059=CARTESIAN_POINT('Origin',(13.08578643763,-9.,-30.75));
#5060=CARTESIAN_POINT('',(6.414213562373,-10.,-30.75));
#5061=CARTESIAN_POINT('',(6.414213562373,-10.,-30.75));
#5062=CARTESIAN_POINT('Origin',(6.414213562373,-9.,-30.75));
#5063=CARTESIAN_POINT('',(21.66421356237,-4.25,-30.75));
#5064=CARTESIAN_POINT('',(14.99264068712,-4.25,-30.75));
#5065=CARTESIAN_POINT('',(21.66421356237,-4.25,-30.75));
#5066=CARTESIAN_POINT('',(22.37132034356,-5.957106781187,-30.75));
#5067=CARTESIAN_POINT('Origin',(21.66421356237,-5.25,-30.75));
#5068=CARTESIAN_POINT('',(19.03553390593,-9.292893218813,-30.75));
#5069=CARTESIAN_POINT('',(19.03553390593,-9.292893218813,-30.75));
#5070=CARTESIAN_POINT('',(17.62132034356,-9.292893218813,-30.75));
#5071=CARTESIAN_POINT('Origin',(18.32842712475,-8.585786437627,-30.75));
#5072=CARTESIAN_POINT('',(14.28553390593,-5.957106781187,-30.75));
#5073=CARTESIAN_POINT('',(14.28553390593,-5.957106781187,-30.75));
#5074=CARTESIAN_POINT('Origin',(14.99264068712,-5.25,-30.75));
#5075=CARTESIAN_POINT('Origin',(-62.75,-16.15735931288,-27.75));
#5076=CARTESIAN_POINT('',(-44.83847763109,-18.27867965644,-29.87132034356));
#5077=CARTESIAN_POINT('Origin',(-42.71715728753,-16.15735931288,-27.75));
#5078=CARTESIAN_POINT('',(-44.83847763109,-18.27867965644,-29.87132034356));
#5079=CARTESIAN_POINT('Origin',(-62.75,-18.27867965644,-29.87132034356));
#5080=CARTESIAN_POINT('',(-41.70294372515,-21.41421356237,-26.73578643763));
#5081=CARTESIAN_POINT('',(-44.83847763109,-18.27867965644,-29.87132034356));
#5082=CARTESIAN_POINT('',(-41.70294372515,-21.41421356237,-26.73578643763));
#5083=CARTESIAN_POINT('Origin',(-62.75,-20.,-25.32157287525));
#5084=CARTESIAN_POINT('Origin',(-40.28873016278,-20.,-25.32157287525));
#5085=CARTESIAN_POINT('Origin',(-64.96715728753,66.765,-50.));
#5086=CARTESIAN_POINT('',(-32.29289321879,-23.5,-17.32573593127));
#5087=CARTESIAN_POINT('',(-39.93517677219,-23.5,-24.96801948466));
#5088=CARTESIAN_POINT('',(-32.29289321879,-23.5,-17.32573593127));
#5089=CARTESIAN_POINT('',(-32.29289321879,-23.5,-17.32573593127));
#5090=CARTESIAN_POINT('',(-46.8636038969317,-16.1573590530549,-31.8964466094083));
#5091=CARTESIAN_POINT('',(-46.86360389693,-16.15735947919,-31.89644660941));
#5092=CARTESIAN_POINT('',(-45.5455844112832,-19.33933982921,-30.5784271237569));
#5093=CARTESIAN_POINT('Ctrl Pts',(-45.5455844112808,-19.3393398292089,-30.5784271237583));
#5094=CARTESIAN_POINT('Ctrl Pts',(-45.6048098283291,-19.2801123904183,-30.6376525408048));
#5095=CARTESIAN_POINT('Ctrl Pts',(-45.6614681455941,-19.2201476311548,-30.6943108580696));
#5096=CARTESIAN_POINT('Ctrl Pts',(-45.7156358770695,-19.1596708569934,-30.7484785895457));
#5097=CARTESIAN_POINT('Ctrl Pts',(-45.7728415190197,-19.0958023398014,-30.8056842314966));
#5098=CARTESIAN_POINT('Ctrl Pts',(-45.8272697699704,-19.0313629540255,-30.8601124824486));
#5099=CARTESIAN_POINT('Ctrl Pts',(-45.8790402171479,-18.9665777242319,-30.9118829296262));
#5100=CARTESIAN_POINT('Ctrl Pts',(-45.8948228612229,-18.9468274172731,-30.9276655737013));
#5101=CARTESIAN_POINT('Ctrl Pts',(-45.9103586673136,-18.9270446870756,-30.943201379792));
#5102=CARTESIAN_POINT('Ctrl Pts',(-45.9256514407483,-18.9072351820042,-30.9584941532268));
#5103=CARTESIAN_POINT('Ctrl Pts',(-45.976457081106,-18.8414240592134,-31.0092997935847));
#5104=CARTESIAN_POINT('Ctrl Pts',(-46.0245757254342,-18.7753221042252,-31.0574184379234));
#5105=CARTESIAN_POINT('Ctrl Pts',(-46.0701287249197,-18.7091542943304,-31.1029714374276));
#5106=CARTESIAN_POINT('Ctrl Pts',(-46.1181025839552,-18.6394700754988,-31.1509452964828));
#5107=CARTESIAN_POINT('Ctrl Pts',(-46.1632313017743,-18.5697129467501,-31.196074014287));
#5108=CARTESIAN_POINT('Ctrl Pts',(-46.2056807965536,-18.5001000109185,-31.2385235090371));
#5109=CARTESIAN_POINT('Ctrl Pts',(-46.2125392225923,-18.488852876548,-31.2453819350712));
#5110=CARTESIAN_POINT('Ctrl Pts',(-46.2193277509809,-18.4776094117823,-31.2521704634561));
#5111=CARTESIAN_POINT('Ctrl Pts',(-46.2260471244308,-18.4663704246683,-31.2588898369059));
#5112=CARTESIAN_POINT('Ctrl Pts',(-46.2658371991688,-18.3998165799421,-31.2986799116434));
#5113=CARTESIAN_POINT('Ctrl Pts',(-46.3031968465697,-18.3334199000065,-31.3360395591391));
#5114=CARTESIAN_POINT('Ctrl Pts',(-46.3382790564747,-18.2673348099321,-31.3711217690513));
#5115=CARTESIAN_POINT('Ctrl Pts',(-46.3749263723358,-18.1983014971441,-31.40776908492));
#5116=CARTESIAN_POINT('Ctrl Pts',(-46.4090890211572,-18.1296080891865,-31.4419317336649));
#5117=CARTESIAN_POINT('Ctrl Pts',(-46.4409484163257,-18.0613754256605,-31.4737911288062));
#5118=CARTESIAN_POINT('Ctrl Pts',(-46.4458870130345,-18.0507985265781,-31.4787297255108));
#5119=CARTESIAN_POINT('Ctrl Pts',(-46.4507702697674,-18.0402325971638,-31.483612982241));
#5120=CARTESIAN_POINT('Ctrl Pts',(-46.4555988645698,-18.0296779782883,-31.4884415770435));
#5121=CARTESIAN_POINT('Ctrl Pts',(-46.4884977632566,-17.9577656826275,-31.5213404757301));
#5122=CARTESIAN_POINT('Ctrl Pts',(-46.5188598289218,-17.8863875370377,-31.5517025414914));
#5123=CARTESIAN_POINT('Ctrl Pts',(-46.5468571294188,-17.8157663610516,-31.5796998419921));
#5124=CARTESIAN_POINT('Ctrl Pts',(-46.5748544299158,-17.7451451850655,-31.6076971424928));
#5125=CARTESIAN_POINT('Ctrl Pts',(-46.6004874063062,-17.6752804504275,-31.6333301187797));
#5126=CARTESIAN_POINT('Ctrl Pts',(-46.6239380964937,-17.6063425798817,-31.656780808968));
#5127=CARTESIAN_POINT('Ctrl Pts',(-46.6473887866812,-17.5374047093358,-31.6802314991563));
#5128=CARTESIAN_POINT('Ctrl Pts',(-46.6686521592245,-17.4693930936484,-31.7014948717574));
#5129=CARTESIAN_POINT('Ctrl Pts',(-46.6879340712678,-17.4024210925783,-31.7207767837837));
#5130=CARTESIAN_POINT('Ctrl Pts',(-46.7072159833111,-17.3354490915081,-31.74005869581));
#5131=CARTESIAN_POINT('Ctrl Pts',(-46.7245166961155,-17.2695160139117,-31.7573594085946));
#5132=CARTESIAN_POINT('Ctrl Pts',(-46.7400312087871,-17.2046816052233,-31.7728739212662));
#5133=CARTESIAN_POINT('Ctrl Pts',(-46.7556888400989,-17.1392491105621,-31.788531552578));
#5134=CARTESIAN_POINT('Ctrl Pts',(-46.7695250950046,-17.0749383384025,-31.8023678074933));
#5135=CARTESIAN_POINT('Ctrl Pts',(-46.7817363778224,-17.0117944404518,-31.8145790903156));
#5136=CARTESIAN_POINT('Ctrl Pts',(-46.7937244260837,-16.9498048765924,-31.8265671385813));
#5137=CARTESIAN_POINT('Ctrl Pts',(-46.8041463822173,-16.8889391837794,-31.8369890946928));
#5138=CARTESIAN_POINT('Ctrl Pts',(-46.8131691690334,-16.82919924121,-31.8460118815083));
#5139=CARTESIAN_POINT('Ctrl Pts',(-46.8223555203126,-16.768376337042,-31.8551982327869));
#5140=CARTESIAN_POINT('Ctrl Pts',(-46.8300891172858,-16.7087235335109,-31.862931829809));
#5141=CARTESIAN_POINT('Ctrl Pts',(-46.8365394598117,-16.650182310429,-31.8693821723412));
#5142=CARTESIAN_POINT('Ctrl Pts',(-46.8428780794821,-16.5926550478593,-31.8757207920177));
#5143=CARTESIAN_POINT('Ctrl Pts',(-46.8479773545726,-16.5362005813272,-31.8808200670471));
#5144=CARTESIAN_POINT('Ctrl Pts',(-46.8519697430516,-16.4807353036067,-31.8848124555268));
#5145=CARTESIAN_POINT('Ctrl Pts',(-46.8568107301253,-16.4134806529376,-31.8896534426015));
#5146=CARTESIAN_POINT('Ctrl Pts',(-46.8600311480616,-16.3476850112048,-31.8928738605657));
#5147=CARTESIAN_POINT('Ctrl Pts',(-46.8618344040177,-16.283400879901,-31.8946771165068));
#5148=CARTESIAN_POINT('Ctrl Pts',(-46.8630316703391,-16.2407196259442,-31.8958743828182));
#5149=CARTESIAN_POINT('Ctrl Pts',(-46.8636036758407,-16.1987037634531,-31.8964463883181));
#5150=CARTESIAN_POINT('Ctrl Pts',(-46.8636038969319,-16.15735947919,-31.8964466094081));
#5151=CARTESIAN_POINT('',(-42.4100505007241,-22.4748737397639,-27.442893213198));
#5152=CARTESIAN_POINT('',(-42.41005049551,-22.47487374498,-27.44289320798));
#5153=CARTESIAN_POINT('Ctrl Pts',(-39.9351767721888,-23.5,-24.9680194846612));
#5154=CARTESIAN_POINT('Ctrl Pts',(-39.9916756095555,-23.4999999696924,-25.0245183220277));
#5155=CARTESIAN_POINT('Ctrl Pts',(-40.0510695843965,-23.4986102029022,-25.0839122971313));
#5156=CARTESIAN_POINT('Ctrl Pts',(-40.1129047090566,-23.4954785838816,-25.1457474215803));
#5157=CARTESIAN_POINT('Ctrl Pts',(-40.1204790293241,-23.4950949849878,-25.1533217418219));
#5158=CARTESIAN_POINT('Ctrl Pts',(-40.1280899546892,-23.4946853070322,-25.1609326671615));
#5159=CARTESIAN_POINT('Ctrl Pts',(-40.135736632073,-23.4942489525783,-25.1685793445454));
#5160=CARTESIAN_POINT('Ctrl Pts',(-40.1733323127208,-23.4921035707512,-25.2061750251932));
#5161=CARTESIAN_POINT('Ctrl Pts',(-40.2117914881927,-23.4893010989397,-25.2446342013462));
#5162=CARTESIAN_POINT('Ctrl Pts',(-40.2514159821443,-23.4857067021538,-25.2842586953328));
#5163=CARTESIAN_POINT('Ctrl Pts',(-40.2856453911194,-23.4826017015511,-25.3184881043383));
#5164=CARTESIAN_POINT('Ctrl Pts',(-40.3207443988082,-23.4789052098478,-25.3535871112807));
#5165=CARTESIAN_POINT('Ctrl Pts',(-40.3569032814087,-23.4744994965333,-25.3897459938813));
#5166=CARTESIAN_POINT('Ctrl Pts',(-40.3986956029169,-23.4694073870966,-25.4315383153896));
#5167=CARTESIAN_POINT('Ctrl Pts',(-40.4419050681922,-23.463390271317,-25.4747477813951));
#5168=CARTESIAN_POINT('Ctrl Pts',(-40.486116758544,-23.4563464747426,-25.518959471554));
#5169=CARTESIAN_POINT('Ctrl Pts',(-40.5244384565959,-23.4502410704181,-25.5572811694388));
#5170=CARTESIAN_POINT('Ctrl Pts',(-40.5635129839317,-23.4433648026346,-25.5963556964054));
#5171=CARTESIAN_POINT('Ctrl Pts',(-40.6030692254373,-23.435683290245,-25.635911937911));
#5172=CARTESIAN_POINT('Ctrl Pts',(-40.6589707667106,-23.4248276486182,-25.6918134791844));
#5173=CARTESIAN_POINT('Ctrl Pts',(-40.7158348591372,-23.4123515006988,-25.7486775717037));
#5174=CARTESIAN_POINT('Ctrl Pts',(-40.7733156903296,-23.398170192667,-25.8061584028411));
#5175=CARTESIAN_POINT('Ctrl Pts',(-40.8034338711559,-23.3907396251057,-25.8362765836385));
#5176=CARTESIAN_POINT('Ctrl Pts',(-40.8337213469669,-23.382841746137,-25.8665640594406));
#5177=CARTESIAN_POINT('Ctrl Pts',(-40.8641284325755,-23.3744701528733,-25.8969711450495));
#5178=CARTESIAN_POINT('Ctrl Pts',(-40.9244098063751,-23.357873654632,-25.9572525188498));
#5179=CARTESIAN_POINT('Ctrl Pts',(-40.9851614009636,-23.339410654654,-26.0180041134394));
#5180=CARTESIAN_POINT('Ctrl Pts',(-41.0460634569938,-23.3190268652105,-26.0789061694717));
#5181=CARTESIAN_POINT('Ctrl Pts',(-41.0745113032111,-23.3095054312029,-26.1073540156901));
#5182=CARTESIAN_POINT('Ctrl Pts',(-41.1029919915639,-23.2995656216423,-26.1358347040412));
#5183=CARTESIAN_POINT('Ctrl Pts',(-41.131473147253,-23.289205828615,-26.1643158597303));
#5184=CARTESIAN_POINT('Ctrl Pts',(-41.1827695619258,-23.2705471672583,-26.2156122744031));
#5185=CARTESIAN_POINT('Ctrl Pts',(-41.2340688739135,-23.2505286821675,-26.266911586389));
#5186=CARTESIAN_POINT('Ctrl Pts',(-41.2850775394659,-23.2292064582215,-26.3179202519419));
#5187=CARTESIAN_POINT('Ctrl Pts',(-41.32302159719,-23.2133453944698,-26.3558643096663));
#5188=CARTESIAN_POINT('Ctrl Pts',(-41.360804940571,-23.1967638942958,-26.3936476530452));
#5189=CARTESIAN_POINT('Ctrl Pts',(-41.3983104553906,-23.1795030783267,-26.4311531678644));
#5190=CARTESIAN_POINT('Ctrl Pts',(-41.451902770778,-23.1548387830168,-26.4847454832512));
#5191=CARTESIAN_POINT('Ctrl Pts',(-41.5049279308756,-23.128782053714,-26.5377706435608));
#5192=CARTESIAN_POINT('Ctrl Pts',(-41.557145296327,-23.1014728231817,-26.5899880090524));
#5193=CARTESIAN_POINT('Ctrl Pts',(-41.5905968017968,-23.0839779751243,-26.6234395145481));
#5194=CARTESIAN_POINT('Ctrl Pts',(-41.6237171124423,-23.0659700211676,-26.656559824916));
#5195=CARTESIAN_POINT('Ctrl Pts',(-41.6564469662481,-23.0474955158367,-26.6892896787219));
#5196=CARTESIAN_POINT('Ctrl Pts',(-41.694965153031,-23.0257537613125,-26.7278078655048));
#5197=CARTESIAN_POINT('Ctrl Pts',(-41.7329360389309,-23.0033455161357,-26.7657787514899));
#5198=CARTESIAN_POINT('Ctrl Pts',(-41.7706238844579,-22.9801277555093,-26.8034665969543));
#5199=CARTESIAN_POINT('Ctrl Pts',(-41.8076164524943,-22.9573383235954,-26.8404591649293));
#5200=CARTESIAN_POINT('Ctrl Pts',(-41.8443365273042,-22.9337689299981,-26.8771792398545));
#5201=CARTESIAN_POINT('Ctrl Pts',(-41.8810204447745,-22.9092378915103,-26.9138631572718));
#5202=CARTESIAN_POINT('Ctrl Pts',(-41.8882926411845,-22.9043748740812,-26.9211353536714));
#5203=CARTESIAN_POINT('Ctrl Pts',(-41.8955633676583,-22.899473916907,-26.9284060801311));
#5204=CARTESIAN_POINT('Ctrl Pts',(-41.9028343894053,-22.89453338233,-26.935677101878));
#5205=CARTESIAN_POINT('Ctrl Pts',(-41.9357853853024,-22.8721437457369,-26.9686280977751));
#5206=CARTESIAN_POINT('Ctrl Pts',(-41.9687379121641,-22.8489368780389,-27.0015806250731));
#5207=CARTESIAN_POINT('Ctrl Pts',(-42.0019057670954,-22.8246749735084,-27.0347484803428));
#5208=CARTESIAN_POINT('Ctrl Pts',(-42.0337468462497,-22.8013835902039,-27.066589559822));
#5209=CARTESIAN_POINT('Ctrl Pts',(-42.0657865281556,-22.777119880096,-27.0986292417325));
#5210=CARTESIAN_POINT('Ctrl Pts',(-42.0981954679951,-22.7516337144363,-27.1310381810912));
#5211=CARTESIAN_POINT('Ctrl Pts',(-42.1153384433236,-22.7381525974579,-27.1481811561654));
#5212=CARTESIAN_POINT('Ctrl Pts',(-42.1325844077874,-22.7243287658846,-27.16542712026));
#5213=CARTESIAN_POINT('Ctrl Pts',(-42.1499561287907,-22.7101203666192,-27.1827988412634));
#5214=CARTESIAN_POINT('Ctrl Pts',(-42.1973585596473,-22.6713497310769,-27.2302012721203));
#5215=CARTESIAN_POINT('Ctrl Pts',(-42.2457132063369,-22.629763545213,-27.2785559195183));
#5216=CARTESIAN_POINT('Ctrl Pts',(-42.2946273774927,-22.5851294811876,-27.3274700903141));
#5217=CARTESIAN_POINT('Ctrl Pts',(-42.3328285400986,-22.5502710118051,-27.3656712526388));
#5218=CARTESIAN_POINT('Ctrl Pts',(-42.3713702119912,-22.5135536619934,-27.4042129244676));
#5219=CARTESIAN_POINT('Ctrl Pts',(-42.4100504955058,-22.47487374498,-27.4428932079842));
#5220=CARTESIAN_POINT('Origin',(-31.71086097726,-23.5,-17.45081047092));
#5221=CARTESIAN_POINT('Origin',(-31.93933982822,-23.5,-17.67928932188));
#5222=CARTESIAN_POINT('Origin',(-39.58162338164,-23.5,-25.3215728753));
#5223=CARTESIAN_POINT('Ctrl Pts',(-39.24344560344,-23.81850883832,-25.52777162228));
#5224=CARTESIAN_POINT('Ctrl Pts',(-39.26544028709,-23.81890531008,-25.54976630593));
#5225=CARTESIAN_POINT('Ctrl Pts',(-39.35735288353,-23.8197338349,-25.64167890237));
#5226=CARTESIAN_POINT('Ctrl Pts',(-39.52652763795,-23.81488702205,-25.81085365679));
#5227=CARTESIAN_POINT('Ctrl Pts',(-39.7596878731,-23.79408767963,-26.04401389195));
#5228=CARTESIAN_POINT('Ctrl Pts',(-40.01423616188,-23.75400214972,-26.29856218073));
#5229=CARTESIAN_POINT('Ctrl Pts',(-40.28525698971,-23.69055051012,-26.56958300855));
#5230=CARTESIAN_POINT('Ctrl Pts',(-40.56396784807,-23.60181378204,-26.84829386692));
#5231=CARTESIAN_POINT('Ctrl Pts',(-40.8422209804,-23.48763126278,-27.12654699924));
#5232=CARTESIAN_POINT('Ctrl Pts',(-41.11380957289,-23.34901683179,-27.39813559173));
#5233=CARTESIAN_POINT('Ctrl Pts',(-41.37964059807,-23.18431917942,-27.66396661691));
#5234=CARTESIAN_POINT('Ctrl Pts',(-41.6482532106,-22.98435999417,-27.93257922945));
#5235=CARTESIAN_POINT('Ctrl Pts',(-41.8437084711,-22.80816249902,-28.12803448994));
#5236=CARTESIAN_POINT('Ctrl Pts',(-41.95121692466,-22.69840425805,-28.2355429435));
#5237=CARTESIAN_POINT('Ctrl Pts',(-41.96934756694,-22.67950141856,-28.25367358578));
#5238=CARTESIAN_POINT('Ctrl Pts',(-39.57143278059,-24.38673556041,-25.1895364777));
#5239=CARTESIAN_POINT('Ctrl Pts',(-39.59513558332,-24.38716275093,-25.21323928043));
#5240=CARTESIAN_POINT('Ctrl Pts',(-39.6941844952,-24.38805554306,-25.3122881923));
#5241=CARTESIAN_POINT('Ctrl Pts',(-39.87649438151,-24.38283282669,-25.49459807862));
#5242=CARTESIAN_POINT('Ctrl Pts',(-40.12784772917,-24.3604128254,-25.74595142627));
#5243=CARTESIAN_POINT('Ctrl Pts',(-40.40249006512,-24.31716865988,-26.02059376223));
#5244=CARTESIAN_POINT('Ctrl Pts',(-40.69534131713,-24.24861698435,-26.31344501424));
#5245=CARTESIAN_POINT('Ctrl Pts',(-40.99717921412,-24.15253463018,-26.61528291122));
#5246=CARTESIAN_POINT('Ctrl Pts',(-41.2994538085,-24.02852043778,-26.9175575056));
#5247=CARTESIAN_POINT('Ctrl Pts',(-41.59566596275,-23.87737271562,-27.21376965986));
#5248=CARTESIAN_POINT('Ctrl Pts',(-41.88702225725,-23.69690527018,-27.50512595436));
#5249=CARTESIAN_POINT('Ctrl Pts',(-42.18321092002,-23.47648556971,-27.80131461712));
#5250=CARTESIAN_POINT('Ctrl Pts',(-42.40043599335,-23.28075204602,-28.01853969046));
#5251=CARTESIAN_POINT('Ctrl Pts',(-42.52062407082,-23.1580531931,-28.13872776793));
#5252=CARTESIAN_POINT('Ctrl Pts',(-42.54091458602,-23.13689952987,-28.15901828312));
#5253=CARTESIAN_POINT('Ctrl Pts',(-40.0267811309,-24.01769230893,-24.74084382146));
#5254=CARTESIAN_POINT('Ctrl Pts',(-40.04937457042,-24.0180995487,-24.76343726098));
#5255=CARTESIAN_POINT('Ctrl Pts',(-40.14378869666,-24.01895060147,-24.85785138722));
#5256=CARTESIAN_POINT('Ctrl Pts',(-40.31756777723,-24.01397202121,-25.03163046779));
#5257=CARTESIAN_POINT('Ctrl Pts',(-40.55710533881,-23.9926045808,-25.27116802937));
#5258=CARTESIAN_POINT('Ctrl Pts',(-40.81869729853,-23.95141183791,-25.5327599891));
#5259=CARTESIAN_POINT('Ctrl Pts',(-41.09737045858,-23.88617245616,-25.81143314914));
#5260=CARTESIAN_POINT('Ctrl Pts',(-41.38418815817,-23.79486082754,-26.09825084873));
#5261=CARTESIAN_POINT('Ctrl Pts',(-41.67086165863,-23.67723196071,-26.38492434919));
#5262=CARTESIAN_POINT('Ctrl Pts',(-41.95108167639,-23.53422416993,-26.66514436696));
#5263=CARTESIAN_POINT('Ctrl Pts',(-42.22586020709,-23.36399864991,-26.93992289765));
#5264=CARTESIAN_POINT('Ctrl Pts',(-42.50413919605,-23.15686733376,-27.21820188661));
#5265=CARTESIAN_POINT('Ctrl Pts',(-42.70722554235,-22.97382177284,-27.42128823292));
#5266=CARTESIAN_POINT('Ctrl Pts',(-42.81917865049,-22.8595273918,-27.53324134105));
#5267=CARTESIAN_POINT('Ctrl Pts',(-42.83806640426,-22.83983555935,-27.55212909482));
#5268=CARTESIAN_POINT('Ctrl Pts',(-39.85158272071,-23.32563585666,-24.92852346792));
#5269=CARTESIAN_POINT('Ctrl Pts',(-39.87209580254,-23.32600568336,-24.94903654975));
#5270=CARTESIAN_POINT('Ctrl Pts',(-39.95781844535,-23.32677846348,-25.03475919256));
#5271=CARTESIAN_POINT('Ctrl Pts',(-40.11559994533,-23.3222577048,-25.19254069254));
#5272=CARTESIAN_POINT('Ctrl Pts',(-40.33297969489,-23.30286410228,-25.4099204421));
#5273=CARTESIAN_POINT('Ctrl Pts',(-40.57009865034,-23.26551833466,-25.64703939755));
#5274=CARTESIAN_POINT('Ctrl Pts',(-40.82218403244,-23.20649040451,-25.89912477965));
#5275=CARTESIAN_POINT('Ctrl Pts',(-41.0808347774,-23.12412518359,-26.15777552462));
#5276=CARTESIAN_POINT('Ctrl Pts',(-41.33825198427,-23.01847053862,-26.41519273148));
#5277=CARTESIAN_POINT('Ctrl Pts',(-41.5884823973,-22.89072733269,-26.66542314451));
#5278=CARTESIAN_POINT('Ctrl Pts',(-41.8321731128,-22.73970820799,-26.90911386001));
#5279=CARTESIAN_POINT('Ctrl Pts',(-42.0768665931,-22.557496226,-27.15380734031));
#5280=CARTESIAN_POINT('Ctrl Pts',(-42.25343898141,-22.39824404558,-27.33037972862));
#5281=CARTESIAN_POINT('Ctrl Pts',(-42.34994928265,-22.29971033478,-27.42689002987));
#5282=CARTESIAN_POINT('Ctrl Pts',(-42.36620647731,-22.28275983257,-27.44314722452));
#5283=CARTESIAN_POINT('',(-42.0564971199692,-22.8284271183767,-28.1500000063705));
#5284=CARTESIAN_POINT('Origin',(-42.05649711575,-22.47487373415,-27.79644660941));
#5285=CARTESIAN_POINT('Origin',(-39.5820670107812,-20.0015639549856,-25.3220800852644));
#5286=CARTESIAN_POINT('Origin',(-62.75,-20.,-25.32157287525));
#5287=CARTESIAN_POINT('',(42.0564971196611,-22.8284271188354,-28.1500000059114));
#5288=CARTESIAN_POINT('',(-42.05649712386,-22.82842711546,-28.15000000929));
#5289=CARTESIAN_POINT('Origin',(39.5811982065079,-19.9984723916684,-25.3210872842408));
#5290=CARTESIAN_POINT('Ctrl Pts',(41.96938047286,-22.67946652254,-28.25370649145));
#5291=CARTESIAN_POINT('Ctrl Pts',(41.95123861286,-22.69838186616,-28.23556463145));
#5292=CARTESIAN_POINT('Ctrl Pts',(41.86006432205,-22.79146609233,-28.14439034063));
#5293=CARTESIAN_POINT('Ctrl Pts',(41.68698675949,-22.95052998983,-27.97131277807));
#5294=CARTESIAN_POINT('Ctrl Pts',(41.44090138256,-23.14160822408,-27.72522740114));
#5295=CARTESIAN_POINT('Ctrl Pts',(41.17819949462,-23.31210946708,-27.4625255132));
#5296=CARTESIAN_POINT('Ctrl Pts',(40.90478614351,-23.45826366495,-27.18911216209));
#5297=CARTESIAN_POINT('Ctrl Pts',(40.62808773426,-23.57773570404,-26.91241375284));
#5298=CARTESIAN_POINT('Ctrl Pts',(40.3558953842,-23.67007970762,-26.64022140278));
#5299=CARTESIAN_POINT('Ctrl Pts',(40.09413309893,-23.73716924932,-26.37845911751));
#5300=CARTESIAN_POINT('Ctrl Pts',(39.83987089422,-23.7833995759,-26.12419691281));
#5301=CARTESIAN_POINT('Ctrl Pts',(39.57996423848,-23.81233922803,-25.86429025706));
#5302=CARTESIAN_POINT('Ctrl Pts',(39.38045174332,-23.81994178231,-25.66477776191));
#5303=CARTESIAN_POINT('Ctrl Pts',(39.26544401241,-23.81890541442,-25.54977003099));
#5304=CARTESIAN_POINT('Ctrl Pts',(39.24345183284,-23.81850912849,-25.52777785142));
#5305=CARTESIAN_POINT('Ctrl Pts',(42.5409512493,-23.13686020535,-28.159054946));
#5306=CARTESIAN_POINT('Ctrl Pts',(42.52064826682,-23.15802808061,-28.13875196352));
#5307=CARTESIAN_POINT('Ctrl Pts',(42.41872098244,-23.26208747035,-28.03682467914));
#5308=CARTESIAN_POINT('Ctrl Pts',(42.22619748018,-23.43896777386,-27.84430117688));
#5309=CARTESIAN_POINT('Ctrl Pts',(41.95441407768,-23.64993863577,-27.57251777438));
#5310=CARTESIAN_POINT('Ctrl Pts',(41.66608647632,-23.83702148138,-27.28419017302));
#5311=CARTESIAN_POINT('Ctrl Pts',(41.3675740819,-23.99655425032,-26.9856777786));
#5312=CARTESIAN_POINT('Ctrl Pts',(41.06674665632,-24.12641743818,-26.68485035302));
#5313=CARTESIAN_POINT('Ctrl Pts',(40.77177646598,-24.22647103959,-26.38988016268));
#5314=CARTESIAN_POINT('Ctrl Pts',(40.48877681269,-24.29899291948,-26.10688050939));
#5315=CARTESIAN_POINT('Ctrl Pts',(40.21432756453,-24.34888744456,-25.83243126123));
#5316=CARTESIAN_POINT('Ctrl Pts',(39.93407991431,-24.3800879865,-25.55218361101));
#5317=CARTESIAN_POINT('Ctrl Pts',(39.7190768073,-24.38827955263,-25.337180504));
#5318=CARTESIAN_POINT('Ctrl Pts',(39.59513959779,-24.38716287836,-25.21324329449));
#5319=CARTESIAN_POINT('Ctrl Pts',(39.57143949269,-24.38673593329,-25.18954318939));
#5320=CARTESIAN_POINT('Ctrl Pts',(42.83810062688,-22.8397991107,-27.55216331761));
#5321=CARTESIAN_POINT('Ctrl Pts',(42.81920121737,-22.85950404596,-27.5332639081));
#5322=CARTESIAN_POINT('Ctrl Pts',(42.72425762376,-22.95643545333,-27.43832031449));
#5323=CARTESIAN_POINT('Ctrl Pts',(42.54436357474,-23.12174462836,-27.25842626548));
#5324=CARTESIAN_POINT('Ctrl Pts',(42.28927013517,-23.31979592892,-27.0033328259));
#5325=CARTESIAN_POINT('Ctrl Pts',(42.01758553253,-23.49610960738,-26.73164822326));
#5326=CARTESIAN_POINT('Ctrl Pts',(41.73537408314,-23.64695346539,-26.44943677387));
#5327=CARTESIAN_POINT('Ctrl Pts',(41.45021760422,-23.77006796794,-26.16428029495));
#5328=CARTESIAN_POINT('Ctrl Pts',(41.17004081926,-23.86511445697,-25.88410350999));
#5329=CARTESIAN_POINT('Ctrl Pts',(40.90083408884,-23.93410822445,-25.61489677958));
#5330=CARTESIAN_POINT('Ctrl Pts',(40.63949561473,-23.98162298161,-25.35355830546));
#5331=CARTESIAN_POINT('Ctrl Pts',(40.37245872433,-24.01135515521,-25.08652141506));
#5332=CARTESIAN_POINT('Ctrl Pts',(40.16751622438,-24.01916417888,-24.88157891511));
#5333=CARTESIAN_POINT('Ctrl Pts',(40.04937839685,-24.01809966077,-24.76344108759));
#5334=CARTESIAN_POINT('Ctrl Pts',(40.02678752926,-24.01769262774,-24.74085021999));
#5335=CARTESIAN_POINT('Ctrl Pts',(42.36623612379,-22.28272877723,-27.443176871));
#5336=CARTESIAN_POINT('Ctrl Pts',(42.34996879527,-22.29969030216,-27.42690954249));
#5337=CARTESIAN_POINT('Ctrl Pts',(42.26812152095,-22.38325480426,-27.34506226816));
#5338=CARTESIAN_POINT('Ctrl Pts',(42.11191113117,-22.5268649668,-27.18885187838));
#5339=CARTESIAN_POINT('Ctrl Pts',(41.88811591062,-22.70068857656,-26.96505665783));
#5340=CARTESIAN_POINT('Ctrl Pts',(41.64764145639,-22.85680713811,-26.7245822036));
#5341=CARTESIAN_POINT('Ctrl Pts',(41.39599871171,-22.99135692533,-26.47293945893));
#5342=CARTESIAN_POINT('Ctrl Pts',(41.14022951924,-23.10181580772,-26.21717026645));
#5343=CARTESIAN_POINT('Ctrl Pts',(40.88779439219,-23.18747259944,-25.9647351394));
#5344=CARTESIAN_POINT('Ctrl Pts',(40.64445314294,-23.24985019674,-25.72139389015));
#5345=CARTESIAN_POINT('Ctrl Pts',(40.40770093543,-23.29290224189,-25.48464168264));
#5346=CARTESIAN_POINT('Ctrl Pts',(40.16543781214,-23.31988082555,-25.24237855935));
#5347=CARTESIAN_POINT('Ctrl Pts',(39.97936168624,-23.32697247808,-25.05630243345));
#5348=CARTESIAN_POINT('Ctrl Pts',(39.87209927699,-23.32600576697,-24.94904002421));
#5349=CARTESIAN_POINT('Ctrl Pts',(39.85158853136,-23.32563607441,-24.92852927857));
#5350=CARTESIAN_POINT('Origin',(42.05649711575,-22.47487373415,-27.79644660941));
#5351=CARTESIAN_POINT('Origin',(45.34668069056,-19.18469015934,-31.08663018422));
#5352=CARTESIAN_POINT('',(45.1920310866623,-19.6928931157113,-31.2855340090309));
#5353=CARTESIAN_POINT('',(45.19203115915,-19.69289306663,-31.28553405811));
#5354=CARTESIAN_POINT('Origin',(45.19203102168,-19.33933982822,-30.93198051534));
#5355=CARTESIAN_POINT('Origin',(-62.75,-22.82842712475,-28.15));
#5356=CARTESIAN_POINT('',(-45.1920310533579,-19.692893139644,-31.2855339850985));
#5357=CARTESIAN_POINT('',(-42.05649712386,-22.82842711546,-28.15000000929));
#5358=CARTESIAN_POINT('',(-45.19203116644,-19.69289305841,-31.28553406633));
#5359=CARTESIAN_POINT('Origin',(-41.88790249254,-22.64346835735,-27.62785198621));
#5360=CARTESIAN_POINT('Origin',(-45.19203102168,-19.33933982822,-30.93198051534));
#5361=CARTESIAN_POINT('Ctrl Pts',(-44.84805763384,-19.6140735297,-31.23063449071));
#5362=CARTESIAN_POINT('Ctrl Pts',(-44.88433768268,-19.58005496074,-31.26691453954));
#5363=CARTESIAN_POINT('Ctrl Pts',(-45.05932778753,-19.41066539108,-31.4419046444));
#5364=CARTESIAN_POINT('Ctrl Pts',(-45.34334358258,-19.08962984334,-31.72592043944));
#5365=CARTESIAN_POINT('Ctrl Pts',(-45.65997438417,-18.62742305727,-32.04255124104));
#5366=CARTESIAN_POINT('Ctrl Pts',(-45.90354568745,-18.16638428428,-32.28612254432));
#5367=CARTESIAN_POINT('Ctrl Pts',(-46.0828543639,-17.71752083558,-32.46543122077));
#5368=CARTESIAN_POINT('Ctrl Pts',(-46.20715781422,-17.28920238742,-32.58973467109));
#5369=CARTESIAN_POINT('Ctrl Pts',(-46.28577261219,-16.88701594149,-32.66834946905));
#5370=CARTESIAN_POINT('Ctrl Pts',(-46.3275729065,-16.51275984525,-32.71014976337));
#5371=CARTESIAN_POINT('Ctrl Pts',(-46.33738435191,-16.24065388918,-32.71996120878));
#5372=CARTESIAN_POINT('Ctrl Pts',(-46.33592616747,-16.09395098435,-32.71850302434));
#5373=CARTESIAN_POINT('Ctrl Pts',(-46.3352946731,-16.06226748846,-32.71787152996));
#5374=CARTESIAN_POINT('Ctrl Pts',(-45.45219076352,-20.3179990927,-31.28646686437));
#5375=CARTESIAN_POINT('Ctrl Pts',(-45.49337501569,-20.27937483338,-31.32765111654));
#5376=CARTESIAN_POINT('Ctrl Pts',(-45.69239405301,-20.08672862446,-31.52667015386));
#5377=CARTESIAN_POINT('Ctrl Pts',(-46.01855501264,-19.71844895232,-31.8528311135));
#5378=CARTESIAN_POINT('Ctrl Pts',(-46.38853249595,-19.17897210174,-32.22280859681));
#5379=CARTESIAN_POINT('Ctrl Pts',(-46.67819066751,-18.63132120626,-32.51246676837));
#5380=CARTESIAN_POINT('Ctrl Pts',(-46.89494945391,-18.08931642783,-32.72922555476));
#5381=CARTESIAN_POINT('Ctrl Pts',(-47.04730183215,-17.564901035,-32.88157793301));
#5382=CARTESIAN_POINT('Ctrl Pts',(-47.144650636,-17.06734605943,-32.97892673685));
#5383=CARTESIAN_POINT('Ctrl Pts',(-47.1967475677,-16.60128491087,-33.03102366855));
#5384=CARTESIAN_POINT('Ctrl Pts',(-47.20901189351,-16.26140164042,-33.04328799436));
#5385=CARTESIAN_POINT('Ctrl Pts',(-47.20718889127,-16.07815672713,-33.04146499213));
#5386=CARTESIAN_POINT('Ctrl Pts',(-47.20639898008,-16.03858551555,-33.04067508094));
#5387=CARTESIAN_POINT('Ctrl Pts',(-45.92033338245,-20.02158954851,-30.54042543865));
#5388=CARTESIAN_POINT('Ctrl Pts',(-45.95945256873,-19.98490465701,-30.57954462492));
#5389=CARTESIAN_POINT('Ctrl Pts',(-46.14835348377,-19.80205137251,-30.76844553996));
#5390=CARTESIAN_POINT('Ctrl Pts',(-46.45676792348,-19.4536652944,-31.07685997968));
#5391=CARTESIAN_POINT('Ctrl Pts',(-46.804282143,-18.94672538495,-31.4243741992));
#5392=CARTESIAN_POINT('Ctrl Pts',(-47.07453401887,-18.43554519192,-31.69462607507));
#5393=CARTESIAN_POINT('Ctrl Pts',(-47.27552328275,-17.93276043978,-31.89561533894));
#5394=CARTESIAN_POINT('Ctrl Pts',(-47.41606479578,-17.44880962596,-32.03615685198));
#5395=CARTESIAN_POINT('Ctrl Pts',(-47.50552506931,-16.99141250783,-32.12561712551));
#5396=CARTESIAN_POINT('Ctrl Pts',(-47.55328628463,-16.56400870479,-32.17337834083));
#5397=CARTESIAN_POINT('Ctrl Pts',(-47.56451774959,-16.25266516058,-32.18460980578));
#5398=CARTESIAN_POINT('Ctrl Pts',(-47.56284836512,-16.08480738571,-32.18294042132));
#5399=CARTESIAN_POINT('Ctrl Pts',(-47.56212516021,-16.04855753981,-32.18221721641));
#5400=CARTESIAN_POINT('Ctrl Pts',(-45.35146064793,-19.29533848633,-30.42840139515));
#5401=CARTESIAN_POINT('Ctrl Pts',(-45.38552009058,-19.26340535793,-30.4624608378));
#5402=CARTESIAN_POINT('Ctrl Pts',(-45.5496299785,-19.10454631352,-30.62657072571));
#5403=CARTESIAN_POINT('Ctrl Pts',(-45.8145625898,-18.80490274077,-30.89150333702));
#5404=CARTESIAN_POINT('Ctrl Pts',(-46.1070381997,-18.37768357081,-31.18397894691));
#5405=CARTESIAN_POINT('Ctrl Pts',(-46.32974152954,-17.95586246524,-31.40668227675));
#5406=CARTESIAN_POINT('Ctrl Pts',(-46.49209292663,-17.54917308626,-31.56903367384));
#5407=CARTESIAN_POINT('Ctrl Pts',(-46.60369592006,-17.16436699997,-31.68063666728));
#5408=CARTESIAN_POINT('Ctrl Pts',(-46.67382802542,-16.80536309212,-31.75076877263));
#5409=CARTESIAN_POINT('Ctrl Pts',(-46.71096603818,-16.47267600385,-31.78790678539));
#5410=CARTESIAN_POINT('Ctrl Pts',(-46.71966682789,-16.23125937967,-31.79660757511));
#5411=CARTESIAN_POINT('Ctrl Pts',(-46.71837383168,-16.10110256902,-31.79531457889));
#5412=CARTESIAN_POINT('Ctrl Pts',(-46.71781406788,-16.07299060331,-31.79475481509));
#5413=CARTESIAN_POINT('',(-46.51005050583,-16.1573588995923,-32.7499999999997));
#5414=CARTESIAN_POINT('Origin',(-42.0100140638187,-16.1573507073055,-27.7499579178377));
#5415=CARTESIAN_POINT('Origin',(-46.51005050634,-16.15735862653,-32.25));
#5416=CARTESIAN_POINT('Origin',(-62.75,-16.15735931288,-27.75));
#5417=CARTESIAN_POINT('',(46.5100505053525,-16.1573590190519,-32.7500000000063));
#5418=CARTESIAN_POINT('',(-46.51005050583,-16.15735917159,-32.75));
#5419=CARTESIAN_POINT('Ctrl Pts',(46.51005050535,-16.15735918198,-32.75));
#5420=CARTESIAN_POINT('Ctrl Pts',(46.5100489355449,-16.2644167095414,-32.7500000028028));
#5421=CARTESIAN_POINT('Ctrl Pts',(46.5069094575186,-16.3715901047153,-32.7465572666711));
#5422=CARTESIAN_POINT('Ctrl Pts',(46.5006953634647,-16.478510602895,-32.7396755254146));
#5423=CARTESIAN_POINT('Ctrl Pts',(46.494479009697,-16.5854699820005,-32.7327912816589));
#5424=CARTESIAN_POINT('Ctrl Pts',(46.4851858033679,-16.692175814205,-32.722465567369));
#5425=CARTESIAN_POINT('Ctrl Pts',(46.4728791057435,-16.798263065337,-32.7087541157116));
#5426=CARTESIAN_POINT('Ctrl Pts',(46.4682965535307,-16.8377659752373,-32.7036484858301));
#5427=CARTESIAN_POINT('Ctrl Pts',(46.4632961692916,-16.8771831932033,-32.698073924508));
#5428=CARTESIAN_POINT('Ctrl Pts',(46.457881224335,-16.9164962184971,-32.6920351231583));
#5429=CARTESIAN_POINT('Ctrl Pts',(46.4455973017145,-17.0056786874892,-32.6783359684864));
#5430=CARTESIAN_POINT('Ctrl Pts',(46.431179969721,-17.0943193482728,-32.6622534371719));
#5431=CARTESIAN_POINT('Ctrl Pts',(46.4145687543987,-17.1825589608085,-32.6437680453703));
#5432=CARTESIAN_POINT('Ctrl Pts',(46.3980319077919,-17.2704035229821,-32.6253654130065));
#5433=CARTESIAN_POINT('Ctrl Pts',(46.3793207779944,-17.3578511044697,-32.604581257834));
#5434=CARTESIAN_POINT('Ctrl Pts',(46.3583756996485,-17.445028359755,-32.5813464402504));
#5435=CARTESIAN_POINT('Ctrl Pts',(46.341280622632,-17.5161812038068,-32.5623825104193));
#5436=CARTESIAN_POINT('Ctrl Pts',(46.3226973798438,-17.5871538622422,-32.5417851038911));
#5437=CARTESIAN_POINT('Ctrl Pts',(46.30259353064,-17.6580057010536,-32.5194926792754));
#5438=CARTESIAN_POINT('Ctrl Pts',(46.274169300231,-17.7581809943947,-32.4879740876252));
#5439=CARTESIAN_POINT('Ctrl Pts',(46.2427053342041,-17.8581075396453,-32.4530609903114));
#5440=CARTESIAN_POINT('Ctrl Pts',(46.2082145741197,-17.9574007194305,-32.4147455380442));
#5441=CARTESIAN_POINT('Ctrl Pts',(46.1738505089177,-18.0563291656548,-32.3765708298984));
#5442=CARTESIAN_POINT('Ctrl Pts',(46.1364818454577,-18.1546284323546,-32.3350187311638));
#5443=CARTESIAN_POINT('Ctrl Pts',(46.0961213832085,-18.2519216972068,-32.2901330837502));
#5444=CARTESIAN_POINT('Ctrl Pts',(46.0779740388604,-18.2956678359186,-32.2699510725811));
#5445=CARTESIAN_POINT('Ctrl Pts',(46.0592218464702,-18.339210682551,-32.2490958160769));
#5446=CARTESIAN_POINT('Ctrl Pts',(46.0398659695283,-18.3825165995222,-32.2275746838778));
#5447=CARTESIAN_POINT('Ctrl Pts',(45.9796095646247,-18.5173314092868,-32.1605776648498));
#5448=CARTESIAN_POINT('Ctrl Pts',(45.9135026892589,-18.6498637182471,-32.0871239176124));
#5449=CARTESIAN_POINT('Ctrl Pts',(45.8415654240574,-18.7796130351256,-32.007203943455));
#5450=CARTESIAN_POINT('Ctrl Pts',(45.7874185213503,-18.8772748466726,-31.947048486434));
#5451=CARTESIAN_POINT('Ctrl Pts',(45.7299684025517,-18.9733591029237,-31.8832295587171));
#5452=CARTESIAN_POINT('Ctrl Pts',(45.6692236308667,-19.0676332755198,-31.8157478355625));
#5453=CARTESIAN_POINT('Ctrl Pts',(45.596268323701,-19.1808578548332,-31.7347013569234));
#5454=CARTESIAN_POINT('Ctrl Pts',(45.5185606969551,-19.2914662293126,-31.6483712716229));
#5455=CARTESIAN_POINT('Ctrl Pts',(45.4362027213075,-19.3989376479209,-31.5568582713037));
#5456=CARTESIAN_POINT('Ctrl Pts',(45.3588828697951,-19.4998346656449,-31.470943439856));
#5457=CARTESIAN_POINT('Ctrl Pts',(45.2774642229381,-19.5979664719128,-31.3804606446608));
#5458=CARTESIAN_POINT('Ctrl Pts',(45.19203115915,-19.6928930666327,-31.2855340581127));
#5459=CARTESIAN_POINT('Ctrl Pts',(46.33528374814,-16.06219250719,-32.71786060614));
#5460=CARTESIAN_POINT('Ctrl Pts',(46.33592363951,-16.09389587209,-32.71850049752));
#5461=CARTESIAN_POINT('Ctrl Pts',(46.33869049503,-16.36969663126,-32.72126735303));
#5462=CARTESIAN_POINT('Ctrl Pts',(46.2980614949,-16.89597334052,-32.68063835291));
#5463=CARTESIAN_POINT('Ctrl Pts',(46.12790157288,-17.61868548148,-32.51047843089));
#5464=CARTESIAN_POINT('Ctrl Pts',(45.84566597688,-18.31150721034,-32.22824283488));
#5465=CARTESIAN_POINT('Ctrl Pts',(45.45203002897,-18.95966146402,-31.83460688697));
#5466=CARTESIAN_POINT('Ctrl Pts',(45.11439579039,-19.35397619227,-31.49697264839));
#5467=CARTESIAN_POINT('Ctrl Pts',(44.92018362195,-19.54507242596,-31.30276047996));
#5468=CARTESIAN_POINT('Ctrl Pts',(44.90220563995,-19.56248048951,-31.28478249795));
#5469=CARTESIAN_POINT('Ctrl Pts',(47.20637935963,-16.03849125504,-33.04065546422));
#5470=CARTESIAN_POINT('Ctrl Pts',(47.20718329345,-16.07808817974,-33.04145939804));
#5471=CARTESIAN_POINT('Ctrl Pts',(47.21065806381,-16.42258861876,-33.0449341684));
#5472=CARTESIAN_POINT('Ctrl Pts',(47.15973251762,-17.07988112527,-32.9940086222));
#5473=CARTESIAN_POINT('Ctrl Pts',(46.94931703466,-17.97084649227,-32.78359313924));
#5474=CARTESIAN_POINT('Ctrl Pts',(46.6079732372,-18.80651024105,-32.44224934179));
#5475=CARTESIAN_POINT('Ctrl Pts',(46.14388579292,-19.56896778289,-31.97816189751));
#5476=CARTESIAN_POINT('Ctrl Pts',(45.75525394557,-20.02202222532,-31.58953005016));
#5477=CARTESIAN_POINT('Ctrl Pts',(45.53416249432,-20.23956996306,-31.36843859891));
#5478=CARTESIAN_POINT('Ctrl Pts',(45.51371606059,-20.25937018528,-31.34799216518));
#5479=CARTESIAN_POINT('Ctrl Pts',(47.56210920504,-16.04847139736,-32.18220125955));
#5480=CARTESIAN_POINT('Ctrl Pts',(47.56284406373,-16.08474449555,-32.18293611824));
#5481=CARTESIAN_POINT('Ctrl Pts',(47.56602074474,-16.40031681812,-32.18611279925));
#5482=CARTESIAN_POINT('Ctrl Pts',(47.51943087645,-17.00244108733,-32.13952293096));
#5483=CARTESIAN_POINT('Ctrl Pts',(47.32596623747,-17.82255825058,-31.94605829198));
#5484=CARTESIAN_POINT('Ctrl Pts',(47.00951176902,-18.59807396671,-31.62960382354));
#5485=CARTESIAN_POINT('Ctrl Pts',(46.5750900975,-19.31240058803,-31.19518215202));
#5486=CARTESIAN_POINT('Ctrl Pts',(46.20793236428,-19.74072086437,-30.82802441879));
#5487=CARTESIAN_POINT('Ctrl Pts',(45.99815926305,-19.9471303815,-30.61825131757));
#5488=CARTESIAN_POINT('Ctrl Pts',(45.97875224697,-19.96592331163,-30.59884430148));
#5489=CARTESIAN_POINT('Ctrl Pts',(46.7178070829,-16.07292435151,-31.79474783011));
#5490=CARTESIAN_POINT('Ctrl Pts',(46.71837269643,-16.10105354006,-31.79531344364));
#5491=CARTESIAN_POINT('Ctrl Pts',(46.72081901057,-16.34574732377,-31.79775975778));
#5492=CARTESIAN_POINT('Ctrl Pts',(46.6848522506,-16.81270053691,-31.76179299781));
#5493=CARTESIAN_POINT('Ctrl Pts',(46.53291990619,-17.45922820386,-31.6098606534));
#5494=CARTESIAN_POINT('Ctrl Pts',(46.27744829768,-18.08737156422,-31.3543890449));
#5495=CARTESIAN_POINT('Ctrl Pts',(45.91571254165,-18.68376968762,-30.99265328886));
#5496=CARTESIAN_POINT('Ctrl Pts',(45.60116984247,-19.05148727813,-30.67811058969));
#5497=CARTESIAN_POINT('Ctrl Pts',(45.41912851957,-19.23060636302,-30.49606926678));
#5498=CARTESIAN_POINT('Ctrl Pts',(45.4022682439,-19.24693126547,-30.47920899111));
#5499=CARTESIAN_POINT('Origin',(46.51005050636,-16.15735875473,-32.25000000002));
#5500=CARTESIAN_POINT('Origin',(46.51005050634,42.34368,-32.25));
#5501=CARTESIAN_POINT('',(46.51005050634,4.8,-32.75));
#5502=CARTESIAN_POINT('Origin',(-62.75,-16.15735931288,-32.75));
#5503=CARTESIAN_POINT('',(-46.51005050583,-16.15735917159,-32.75));
#5504=CARTESIAN_POINT('',(36.5890872877187,-11.7677669439809,-32.7499999998723));
#5505=CARTESIAN_POINT('',(38.7104075907451,-11.7677670008193,-32.7499999989454));
#5506=CARTESIAN_POINT('Origin',(37.64974746831,-10.70710678119,-32.75));
#5507=CARTESIAN_POINT('',(44.16751440606,-6.310660186045,-32.74999999933));
#5508=CARTESIAN_POINT('',(38.7104075887,-11.76776700137,-32.74999999789));
#5509=CARTESIAN_POINT('',(43.1068542539444,-3.75000000006087,-32.7499999999371));
#5510=CARTESIAN_POINT('Origin',(43.10685424949,-5.25,-32.75));
#5511=CARTESIAN_POINT('',(32.19264070795,-3.750000000672,-32.74999999933));
#5512=CARTESIAN_POINT('',(43.10685425582,-3.750000000127,-32.74999999987));
#5513=CARTESIAN_POINT('',(31.1319804698201,-6.31066012522107,-32.749999999265));
#5514=CARTESIAN_POINT('Origin',(32.19264068712,-5.25,-32.75));
#5515=CARTESIAN_POINT('',(31.13198046911,-6.310660123472,-32.74999999853));
#5516=CARTESIAN_POINT('',(30.2857864186196,-10.4999999996629,-32.7499999996629));
#5517=CARTESIAN_POINT('',(31.3464466549221,-7.93933987477698,-32.7499999992656));
#5518=CARTESIAN_POINT('Origin',(30.28578643763,-9.,-32.75));
#5519=CARTESIAN_POINT('',(28.01066018184,-4.603553401018,-32.74999999974));
#5520=CARTESIAN_POINT('',(31.34644665563,-7.939339876528,-32.74999999853));
#5521=CARTESIAN_POINT('',(25.8893398775665,-4.60355334273744,-32.7499999989449));
#5522=CARTESIAN_POINT('Origin',(26.95,-5.664213562373,-32.75));
#5523=CARTESIAN_POINT('',(22.55355340581,-7.939339813955,-32.74999999933));
#5524=CARTESIAN_POINT('',(25.88933987961,-4.603553342185,-32.74999999789));
#5525=CARTESIAN_POINT('',(23.6142135579156,-10.4999999999374,-32.7499999999374));
#5526=CARTESIAN_POINT('Origin',(23.61421356237,-9.,-32.75));
#5527=CARTESIAN_POINT('',(23.61421355604,-10.49999999987,-32.74999999987));
#5528=CARTESIAN_POINT('',(17.2677669441599,-9.64644660042106,-32.7499999998719));
#5529=CARTESIAN_POINT('',(19.3890872471835,-9.64644665726256,-32.7499999989449));
#5530=CARTESIAN_POINT('Origin',(18.32842712475,-8.585786437627,-32.75));
#5531=CARTESIAN_POINT('',(22.72487371894,-6.310660186045,-32.74999999933));
#5532=CARTESIAN_POINT('',(19.38908724514,-9.646446657815,-32.74999999789));
#5533=CARTESIAN_POINT('',(21.6642135668244,-3.75000000006087,-32.7499999999371));
#5534=CARTESIAN_POINT('Origin',(21.66421356237,-5.25,-32.75));
#5535=CARTESIAN_POINT('',(14.99264070795,-3.750000000672,-32.74999999933));
#5536=CARTESIAN_POINT('',(21.6642135687,-3.750000000127,-32.74999999987));
#5537=CARTESIAN_POINT('',(13.9319804698201,-6.31066012522106,-32.749999999265));
#5538=CARTESIAN_POINT('Origin',(14.99264068712,-5.25,-32.75));
#5539=CARTESIAN_POINT('',(13.93198046911,-6.310660123472,-32.74999999853));
#5540=CARTESIAN_POINT('',(13.0857864186196,-10.4999999996629,-32.7499999996629));
#5541=CARTESIAN_POINT('',(14.1464466549221,-7.93933987477698,-32.7499999992656));
#5542=CARTESIAN_POINT('Origin',(13.08578643763,-9.,-32.75));
#5543=CARTESIAN_POINT('',(10.81066018184,-4.603553401018,-32.74999999974));
#5544=CARTESIAN_POINT('',(14.14644665563,-7.939339876528,-32.74999999853));
#5545=CARTESIAN_POINT('',(8.68933987756569,-4.60355334273764,-32.7499999989449));
#5546=CARTESIAN_POINT('Origin',(9.75,-5.664213562373,-32.75));
#5547=CARTESIAN_POINT('',(5.35355340581,-7.939339813955,-32.74999999933));
#5548=CARTESIAN_POINT('',(8.689339879609,-4.603553342185,-32.74999999789));
#5549=CARTESIAN_POINT('',(6.41421355791715,-10.4999999999374,-32.7499999999374));
#5550=CARTESIAN_POINT('Origin',(6.414213562373,-9.,-32.75));
#5551=CARTESIAN_POINT('',(6.414213556041,-10.49999999987,-32.74999999987));
#5552=CARTESIAN_POINT('Origin',(-46.51005050634,-16.39578811556,-32.25));
#5553=CARTESIAN_POINT('Origin',(37.64974746831,-10.70710678119,-32.4999999982));
#5554=CARTESIAN_POINT('',(36.94264068209,-11.41421355716,-32.24999999987));
#5555=CARTESIAN_POINT('',(36.58908728646,-11.76776694254,-32.74999999974));
#5556=CARTESIAN_POINT('',(38.3568542240334,-11.4142135868109,-32.2499999992782));
#5557=CARTESIAN_POINT('Origin',(37.64974746831,-10.70710678119,-32.25));
#5558=CARTESIAN_POINT('',(38.7104075887,-11.76776700137,-32.74999999789));
#5559=CARTESIAN_POINT('Origin',(41.26218433538,-8.862436867076,-32.5));
#5560=CARTESIAN_POINT('',(43.81396102307,-5.957106788319,-32.24999999966));
#5561=CARTESIAN_POINT('',(38.3568542238,-11.41421358658,-32.24999999895));
#5562=CARTESIAN_POINT('',(44.16751440606,-6.310660186045,-32.74999999933));
#5563=CARTESIAN_POINT('Origin',(43.10685424949,-5.25,-32.49999999942));
#5564=CARTESIAN_POINT('',(43.10685425266,-4.250000000064,-32.24999999994));
#5565=CARTESIAN_POINT('Origin',(43.10685424949,-5.25,-32.25));
#5566=CARTESIAN_POINT('',(43.10685425582,-3.750000000127,-32.74999999987));
#5567=CARTESIAN_POINT('Origin',(37.64974746831,-4.,-32.5));
#5568=CARTESIAN_POINT('',(32.19264069754,-4.250000000336,-32.24999999966));
#5569=CARTESIAN_POINT('',(43.10685425266,-4.250000000064,-32.24999999994));
#5570=CARTESIAN_POINT('',(32.19264070795,-3.750000000672,-32.74999999933));
#5571=CARTESIAN_POINT('Origin',(32.19264068712,-5.25,-32.49999999874));
#5572=CARTESIAN_POINT('',(31.485533882689,-5.95710675716225,-32.2499999994455));
#5573=CARTESIAN_POINT('Origin',(32.19264068712,-5.25,-32.25));
#5574=CARTESIAN_POINT('',(31.13198046911,-6.310660123472,-32.74999999853));
#5575=CARTESIAN_POINT('Origin',(34.03731060123,-8.862436867076,-32.5));
#5576=CARTESIAN_POINT('',(31.48553388282,-5.957106757033,-32.24999999926));
#5577=CARTESIAN_POINT('Origin',(29.77842712475,-4.25,-48.5));
#5578=CARTESIAN_POINT('',(36.9426406826938,-11.4142135578333,32.2499999999371));
#5579=CARTESIAN_POINT('',(31.48553388269,-5.95710675716192,32.249999999446));
#5580=CARTESIAN_POINT('',(36.94264068209,-11.41421355716,32.24999999987));
#5581=CARTESIAN_POINT('',(36.94264068209,-11.41421355716,32.24999999987));
#5582=CARTESIAN_POINT('',(31.48553388282,-5.957106757033,32.24999999926));
#5583=CARTESIAN_POINT('Origin',(29.77842712475,-4.25,-48.5));
#5584=CARTESIAN_POINT('',(31.48553390593,-5.957106781187,-30.75));
#5585=CARTESIAN_POINT('',(36.94264068712,-11.41421356237,-30.75));
#5586=CARTESIAN_POINT('Origin',(34.03731060123,-8.862436867076,32.5));
#5587=CARTESIAN_POINT('',(36.58908728646,-11.76776694254,32.74999999974));
#5588=CARTESIAN_POINT('',(31.13198046911,-6.310660123472,32.74999999853));
#5589=CARTESIAN_POINT('Origin',(32.19264068712,-5.25,32.49999999874));
#5590=CARTESIAN_POINT('',(32.1926406968858,-4.25000000021473,32.2499999998285));
#5591=CARTESIAN_POINT('Origin',(32.19264068712,-5.25,32.25));
#5592=CARTESIAN_POINT('',(32.19264070795,-3.750000000672,32.74999999933));
#5593=CARTESIAN_POINT('Origin',(37.64974746831,-4.,32.5));
#5594=CARTESIAN_POINT('',(43.1068542518653,-4.25000000003758,32.2499999999724));
#5595=CARTESIAN_POINT('',(32.19264069754,-4.250000000336,32.24999999966));
#5596=CARTESIAN_POINT('',(43.10685425582,-3.750000000127,32.74999999987));
#5597=CARTESIAN_POINT('Origin',(43.10685424949,-5.25,32.49999999942));
#5598=CARTESIAN_POINT('',(43.8139610236178,-5.95710678794298,32.2499999998279));
#5599=CARTESIAN_POINT('Origin',(43.10685424949,-5.25,32.25));
#5600=CARTESIAN_POINT('',(44.16751440606,-6.310660186045,32.74999999933));
#5601=CARTESIAN_POINT('Origin',(41.26218433538,-8.862436867076,32.5));
#5602=CARTESIAN_POINT('',(38.3568542240337,-11.4142135868116,32.2499999992763));
#5603=CARTESIAN_POINT('',(43.81396102307,-5.957106788319,32.24999999966));
#5604=CARTESIAN_POINT('',(38.7104075887,-11.76776700137,32.74999999789));
#5605=CARTESIAN_POINT('Origin',(37.64974746831,-10.70710678119,32.4999999982));
#5606=CARTESIAN_POINT('Origin',(37.64974746831,-10.70710678119,32.25));
#5607=CARTESIAN_POINT('Origin',(37.64974746831,-10.70710678119,118.1358));
#5608=CARTESIAN_POINT('',(38.3568542238,-11.41421358658,32.24999999895));
#5609=CARTESIAN_POINT('Origin',(37.64974746831,-12.12132034356,-48.5));
#5610=CARTESIAN_POINT('',(43.81396102307,-5.957106788319,32.24999999966));
#5611=CARTESIAN_POINT('Origin',(37.64974746831,-12.12132034356,-48.5));
#5612=CARTESIAN_POINT('',(38.35685424949,-11.41421356237,-30.75));
#5613=CARTESIAN_POINT('',(43.81396103068,-5.957106781187,-30.75));
#5614=CARTESIAN_POINT('Origin',(43.10685424949,-5.25,118.1358));
#5615=CARTESIAN_POINT('',(43.10685425266,-4.250000000064,32.24999999994));
#5616=CARTESIAN_POINT('Origin',(41.27842712475,-4.25,-48.5));
#5617=CARTESIAN_POINT('',(32.19264069754,-4.250000000336,32.24999999966));
#5618=CARTESIAN_POINT('Origin',(41.27842712475,-4.25,-48.5));
#5619=CARTESIAN_POINT('',(32.19264068712,-4.25,-30.75));
#5620=CARTESIAN_POINT('',(43.10685424949,-4.25,-30.75));
#5621=CARTESIAN_POINT('Origin',(32.19264068712,-5.25,118.1358));
#5622=CARTESIAN_POINT('Origin',(32.19264068712,-5.25,118.1358));
#5623=CARTESIAN_POINT('Origin',(43.10685424949,-5.25,118.1358));
#5624=CARTESIAN_POINT('Origin',(37.64974746831,-10.70710678119,118.1358));
#5625=CARTESIAN_POINT('Origin',(30.28578643763,-9.,-32.49999999874));
#5626=CARTESIAN_POINT('',(30.28578641679,-10.49999999933,-32.74999999933));
#5627=CARTESIAN_POINT('',(31.34644665563,-7.939339876528,-32.74999999853));
#5628=CARTESIAN_POINT('Origin',(29.5017766953,-6.448223304703,-32.5));
#5629=CARTESIAN_POINT('',(28.01066018184,-4.603553401018,-32.74999999974));
#5630=CARTESIAN_POINT('Origin',(26.95,-5.664213562373,-32.4999999982));
#5631=CARTESIAN_POINT('Origin',(26.95,-5.664213562373,-32.25));
#5632=CARTESIAN_POINT('',(25.88933987961,-4.603553342185,-32.74999999789));
#5633=CARTESIAN_POINT('Origin',(24.3982233047,-6.448223304703,-32.5));
#5634=CARTESIAN_POINT('',(22.55355340581,-7.939339813955,-32.74999999933));
#5635=CARTESIAN_POINT('Origin',(23.61421356237,-9.,-32.49999999942));
#5636=CARTESIAN_POINT('Origin',(23.61421356237,-9.,-32.25));
#5637=CARTESIAN_POINT('',(23.61421355604,-10.49999999987,-32.74999999987));
#5638=CARTESIAN_POINT('Origin',(26.95,-10.25,-32.5));
#5639=CARTESIAN_POINT('Origin',(23.61421356237,-9.,118.1358));
#5640=CARTESIAN_POINT('Origin',(26.95,-5.664213562373,118.1358));
#5641=CARTESIAN_POINT('Origin',(18.32842712475,-8.585786437627,-32.4999999982));
#5642=CARTESIAN_POINT('',(17.62132033853,-9.292893213601,-32.24999999987));
#5643=CARTESIAN_POINT('',(17.2677669429,-9.646446598982,-32.74999999974));
#5644=CARTESIAN_POINT('',(19.0355338804728,-9.29289324325131,-32.2499999992775));
#5645=CARTESIAN_POINT('Origin',(18.32842712475,-8.585786437627,-32.25));
#5646=CARTESIAN_POINT('',(19.38908724514,-9.646446657815,-32.74999999789));
#5647=CARTESIAN_POINT('Origin',(20.88020382004,-7.801776695297,-32.5));
#5648=CARTESIAN_POINT('',(22.37132033595,-5.957106788319,-32.24999999966));
#5649=CARTESIAN_POINT('',(19.03553388024,-9.292893243018,-32.24999999895));
#5650=CARTESIAN_POINT('',(22.72487371894,-6.310660186045,-32.74999999933));
#5651=CARTESIAN_POINT('Origin',(21.66421356237,-5.25,-32.49999999942));
#5652=CARTESIAN_POINT('',(21.66421356554,-4.250000000064,-32.24999999994));
#5653=CARTESIAN_POINT('Origin',(21.66421356237,-5.25,-32.25));
#5654=CARTESIAN_POINT('',(21.6642135687,-3.750000000127,-32.74999999987));
#5655=CARTESIAN_POINT('Origin',(18.32842712475,-4.,-32.5));
#5656=CARTESIAN_POINT('',(14.99264069754,-4.250000000336,-32.24999999966));
#5657=CARTESIAN_POINT('',(21.66421356554,-4.250000000064,-32.24999999994));
#5658=CARTESIAN_POINT('',(14.99264070795,-3.750000000672,-32.74999999933));
#5659=CARTESIAN_POINT('Origin',(14.99264068712,-5.25,-32.49999999874));
#5660=CARTESIAN_POINT('',(14.285533882689,-5.95710675716225,-32.2499999994455));
#5661=CARTESIAN_POINT('Origin',(14.99264068712,-5.25,-32.25));
#5662=CARTESIAN_POINT('',(13.93198046911,-6.310660123472,-32.74999999853));
#5663=CARTESIAN_POINT('Origin',(15.77665042945,-7.801776695297,-32.5));
#5664=CARTESIAN_POINT('',(14.28553388282,-5.957106757033,-32.24999999926));
#5665=CARTESIAN_POINT('Origin',(12.57842712475,-4.25,-48.5));
#5666=CARTESIAN_POINT('',(17.6213203391346,-9.29289321427412,32.2499999999369));
#5667=CARTESIAN_POINT('',(14.2855338826899,-5.95710675716203,32.249999999446));
#5668=CARTESIAN_POINT('',(17.62132033853,-9.292893213601,32.24999999987));
#5669=CARTESIAN_POINT('',(17.62132033853,-9.292893213601,32.24999999987));
#5670=CARTESIAN_POINT('',(14.28553388282,-5.957106757033,32.24999999926));
#5671=CARTESIAN_POINT('Origin',(12.57842712475,-4.25,-48.5));
#5672=CARTESIAN_POINT('',(14.28553390593,-5.957106781187,-30.75));
#5673=CARTESIAN_POINT('',(17.62132034356,-9.292893218813,-30.75));
#5674=CARTESIAN_POINT('Origin',(15.77665042945,-7.801776695297,32.5));
#5675=CARTESIAN_POINT('',(17.2677669429,-9.646446598982,32.74999999974));
#5676=CARTESIAN_POINT('',(13.93198046911,-6.310660123472,32.74999999853));
#5677=CARTESIAN_POINT('Origin',(14.99264068712,-5.25,32.49999999874));
#5678=CARTESIAN_POINT('',(14.9926406968858,-4.25000000021473,32.2499999998285));
#5679=CARTESIAN_POINT('Origin',(14.99264068712,-5.25,32.25));
#5680=CARTESIAN_POINT('',(14.99264070795,-3.750000000672,32.74999999933));
#5681=CARTESIAN_POINT('Origin',(18.32842712475,-4.,32.5));
#5682=CARTESIAN_POINT('',(21.6642135647453,-4.25000000003757,32.2499999999724));
#5683=CARTESIAN_POINT('',(14.99264069754,-4.250000000336,32.24999999966));
#5684=CARTESIAN_POINT('',(21.6642135687,-3.750000000127,32.74999999987));
#5685=CARTESIAN_POINT('Origin',(21.66421356237,-5.25,32.49999999942));
#5686=CARTESIAN_POINT('',(22.3713203364978,-5.95710678794298,32.2499999998279));
#5687=CARTESIAN_POINT('Origin',(21.66421356237,-5.25,32.25));
#5688=CARTESIAN_POINT('',(22.72487371894,-6.310660186045,32.74999999933));
#5689=CARTESIAN_POINT('Origin',(20.88020382004,-7.801776695297,32.5));
#5690=CARTESIAN_POINT('',(19.0355338804735,-9.29289324325107,32.2499999992757));
#5691=CARTESIAN_POINT('',(22.37132033595,-5.957106788319,32.24999999966));
#5692=CARTESIAN_POINT('',(19.38908724514,-9.646446657815,32.74999999789));
#5693=CARTESIAN_POINT('Origin',(18.32842712475,-8.585786437627,32.4999999982));
#5694=CARTESIAN_POINT('Origin',(18.32842712475,-8.585786437627,32.25));
#5695=CARTESIAN_POINT('Origin',(18.32842712475,-8.585786437627,118.1358));
#5696=CARTESIAN_POINT('',(19.03553388024,-9.292893243018,32.24999999895));
#5697=CARTESIAN_POINT('Origin',(18.32842712475,-10.,-48.5));
#5698=CARTESIAN_POINT('',(22.37132033595,-5.957106788319,32.24999999966));
#5699=CARTESIAN_POINT('Origin',(18.32842712475,-10.,-48.5));
#5700=CARTESIAN_POINT('',(19.03553390593,-9.292893218813,-30.75));
#5701=CARTESIAN_POINT('',(22.37132034356,-5.957106781187,-30.75));
#5702=CARTESIAN_POINT('Origin',(21.66421356237,-5.25,118.1358));
#5703=CARTESIAN_POINT('',(21.66421356554,-4.250000000064,32.24999999994));
#5704=CARTESIAN_POINT('Origin',(24.07842712475,-4.25,-48.5));
#5705=CARTESIAN_POINT('',(14.99264069754,-4.250000000336,32.24999999966));
#5706=CARTESIAN_POINT('Origin',(24.07842712475,-4.25,-48.5));
#5707=CARTESIAN_POINT('',(14.99264068712,-4.25,-30.75));
#5708=CARTESIAN_POINT('',(21.66421356237,-4.25,-30.75));
#5709=CARTESIAN_POINT('Origin',(14.99264068712,-5.25,118.1358));
#5710=CARTESIAN_POINT('Origin',(14.99264068712,-5.25,118.1358));
#5711=CARTESIAN_POINT('Origin',(21.66421356237,-5.25,118.1358));
#5712=CARTESIAN_POINT('Origin',(18.32842712475,-8.585786437627,118.1358));
#5713=CARTESIAN_POINT('Origin',(13.08578643763,-9.,-32.49999999874));
#5714=CARTESIAN_POINT('',(13.08578642721,-9.999999999664,-32.24999999966));
#5715=CARTESIAN_POINT('',(13.08578641679,-10.49999999933,-32.74999999933));
#5716=CARTESIAN_POINT('',(13.7928932420566,-8.29289324283713,-32.2499999994463));
#5717=CARTESIAN_POINT('Origin',(13.08578643763,-9.,-32.25));
#5718=CARTESIAN_POINT('',(14.14644665563,-7.939339876528,-32.74999999853));
#5719=CARTESIAN_POINT('Origin',(12.3017766953,-6.448223304703,-32.5));
#5720=CARTESIAN_POINT('',(10.45710678622,-4.957106786399,-32.24999999987));
#5721=CARTESIAN_POINT('',(13.79289324193,-8.292893242967,-32.24999999926));
#5722=CARTESIAN_POINT('',(10.81066018184,-4.603553401018,-32.74999999974));
#5723=CARTESIAN_POINT('Origin',(9.75,-5.664213562373,-32.4999999982));
#5724=CARTESIAN_POINT('',(9.04289324427445,-4.95710675674894,-32.2499999992775));
#5725=CARTESIAN_POINT('Origin',(9.75,-5.664213562373,-32.25));
#5726=CARTESIAN_POINT('',(8.689339879609,-4.603553342185,-32.74999999789));
#5727=CARTESIAN_POINT('Origin',(7.198223304703,-6.448223304703,-32.5));
#5728=CARTESIAN_POINT('',(5.707106788795,-8.292893211681,-32.24999999966));
#5729=CARTESIAN_POINT('',(9.042893244508,-4.957106756982,-32.24999999895));
#5730=CARTESIAN_POINT('',(5.35355340581,-7.939339813955,-32.74999999933));
#5731=CARTESIAN_POINT('Origin',(6.414213562373,-9.,-32.49999999942));
#5732=CARTESIAN_POINT('',(6.414213559207,-9.999999999936,-32.24999999994));
#5733=CARTESIAN_POINT('Origin',(6.414213562373,-9.,-32.25));
#5734=CARTESIAN_POINT('',(6.414213556041,-10.49999999987,-32.74999999987));
#5735=CARTESIAN_POINT('Origin',(9.75,-10.25,-32.5));
#5736=CARTESIAN_POINT('',(6.414213559207,-9.999999999936,-32.24999999994));
#5737=CARTESIAN_POINT('Origin',(4.,-10.,-47.25));
#5738=CARTESIAN_POINT('',(13.0857864278595,-9.99999999978551,32.2499999998281));
#5739=CARTESIAN_POINT('',(6.414213559207,-9.999999999936,32.24999999994));
#5740=CARTESIAN_POINT('',(13.08578642721,-9.999999999664,32.24999999966));
#5741=CARTESIAN_POINT('',(13.08578642721,-9.999999999664,32.24999999966));
#5742=CARTESIAN_POINT('',(6.414213559207,-9.999999999936,32.24999999994));
#5743=CARTESIAN_POINT('Origin',(4.,-10.,-47.25));
#5744=CARTESIAN_POINT('',(6.414213562373,-10.,-30.75));
#5745=CARTESIAN_POINT('',(13.08578643763,-10.,-30.75));
#5746=CARTESIAN_POINT('Origin',(9.75,-10.25,32.5));
#5747=CARTESIAN_POINT('',(13.08578641679,-10.49999999933,32.74999999933));
#5748=CARTESIAN_POINT('',(6.414213556041,-10.49999999987,32.74999999987));
#5749=CARTESIAN_POINT('Origin',(6.414213562373,-9.,32.49999999942));
#5750=CARTESIAN_POINT('',(5.70710678824846,-8.2928932120558,32.2499999998285));
#5751=CARTESIAN_POINT('Origin',(6.414213562373,-9.,32.25));
#5752=CARTESIAN_POINT('',(5.35355340581,-7.939339813955,32.74999999933));
#5753=CARTESIAN_POINT('Origin',(7.198223304703,-6.448223304703,32.5));
#5754=CARTESIAN_POINT('',(9.04289324385386,-4.95710675710782,32.2499999994445));
#5755=CARTESIAN_POINT('',(5.707106788795,-8.292893211681,32.24999999966));
#5756=CARTESIAN_POINT('',(8.689339879609,-4.603553342185,32.74999999789));
#5757=CARTESIAN_POINT('Origin',(9.75,-5.664213562373,32.4999999982));
#5758=CARTESIAN_POINT('',(10.4571067856126,-4.95710678572429,32.2499999999381));
#5759=CARTESIAN_POINT('Origin',(9.75,-5.664213562373,32.25));
#5760=CARTESIAN_POINT('',(10.81066018184,-4.603553401018,32.74999999974));
#5761=CARTESIAN_POINT('Origin',(12.3017766953,-6.448223304703,32.5));
#5762=CARTESIAN_POINT('',(13.7928932420582,-8.29289324283734,32.2499999994469));
#5763=CARTESIAN_POINT('',(10.45710678622,-4.957106786399,32.24999999987));
#5764=CARTESIAN_POINT('',(14.14644665563,-7.939339876528,32.74999999853));
#5765=CARTESIAN_POINT('Origin',(13.08578643763,-9.,32.49999999874));
#5766=CARTESIAN_POINT('Origin',(13.08578643763,-9.,32.25));
#5767=CARTESIAN_POINT('Origin',(13.08578643763,-9.,118.1358));
#5768=CARTESIAN_POINT('',(13.79289324193,-8.292893242967,32.24999999926));
#5769=CARTESIAN_POINT('Origin',(15.5,-10.,-47.25));
#5770=CARTESIAN_POINT('',(10.45710678622,-4.957106786399,32.24999999987));
#5771=CARTESIAN_POINT('Origin',(15.5,-10.,-47.25));
#5772=CARTESIAN_POINT('',(13.79289321881,-8.292893218813,-30.75));
#5773=CARTESIAN_POINT('',(10.45710678119,-4.957106781187,-30.75));
#5774=CARTESIAN_POINT('Origin',(9.75,-5.664213562373,118.1358));
#5775=CARTESIAN_POINT('',(9.042893244508,-4.957106756982,32.24999999895));
#5776=CARTESIAN_POINT('Origin',(9.75,-4.25,-47.25));
#5777=CARTESIAN_POINT('',(5.707106788795,-8.292893211681,32.24999999966));
#5778=CARTESIAN_POINT('Origin',(9.75,-4.25,-47.25));
#5779=CARTESIAN_POINT('',(5.707106781187,-8.292893218813,-30.75));
#5780=CARTESIAN_POINT('',(9.042893218813,-4.957106781187,-30.75));
#5781=CARTESIAN_POINT('Origin',(6.414213562373,-9.,118.1358));
#5782=CARTESIAN_POINT('Origin',(6.414213562373,-9.,118.1358));
#5783=CARTESIAN_POINT('Origin',(9.75,-5.664213562373,118.1358));
#5784=CARTESIAN_POINT('Origin',(13.08578643763,-9.,118.1358));
#5785=CARTESIAN_POINT('Origin',(-33.,-23.5,-16.6186291501));
#5786=CARTESIAN_POINT('',(-32.,-23.5,-16.6186291501));
#5787=CARTESIAN_POINT('Origin',(-31.5,-23.5,-16.6186291501));
#5788=CARTESIAN_POINT('Origin',(-33.,-23.5,-16.6186291501));
#5789=CARTESIAN_POINT('Origin',(-33.,-61.54368,-16.6186291501));
#5790=CARTESIAN_POINT('',(-32.,-23.5,-16.61862915105));
#5791=CARTESIAN_POINT('Origin',(-32.,66.765,-17.03284271247));
#5792=CARTESIAN_POINT('',(-32.,-23.5,16.61862915013));
#5793=CARTESIAN_POINT('',(-32.,-23.5,16.61862915013));
#5794=CARTESIAN_POINT('',(-32.,-23.5,16.61862915013));
#5795=CARTESIAN_POINT('Origin',(-31.5,-23.5,16.94174703985));
#5796=CARTESIAN_POINT('Origin',(-31.5,-23.5,16.6186291501));
#5797=CARTESIAN_POINT('Origin',(-33.,-23.5,16.6186291501));
#5798=CARTESIAN_POINT('Origin',(-33.,-23.5,16.6186291501));
#5799=CARTESIAN_POINT('Origin',(-33.,-61.54368,16.6186291501));
#5800=UNCERTAINTY_MEASURE_WITH_UNIT(LENGTH_MEASURE(0.01),#5804,
'DISTANCE_ACCURACY_VALUE',
'Maximum model space distance between geometric entities at asserted c
onnectivities');
#5801=UNCERTAINTY_MEASURE_WITH_UNIT(LENGTH_MEASURE(0.01),#5804,
'DISTANCE_ACCURACY_VALUE',
'Maximum model space distance between geometric entities at asserted c
onnectivities');
#5802=(
GEOMETRIC_REPRESENTATION_CONTEXT(3)
GLOBAL_UNCERTAINTY_ASSIGNED_CONTEXT((#5800))
GLOBAL_UNIT_ASSIGNED_CONTEXT((#5804,#5806,#5807))
REPRESENTATION_CONTEXT('','3D')
);
#5803=(
GEOMETRIC_REPRESENTATION_CONTEXT(3)
GLOBAL_UNCERTAINTY_ASSIGNED_CONTEXT((#5801))
GLOBAL_UNIT_ASSIGNED_CONTEXT((#5804,#5806,#5807))
REPRESENTATION_CONTEXT('','3D')
);
#5804=(
LENGTH_UNIT()
NAMED_UNIT(*)
SI_UNIT(.MILLI.,.METRE.)
);
#5805=(
LENGTH_UNIT()
NAMED_UNIT(*)
SI_UNIT($,.METRE.)
);
#5806=(
NAMED_UNIT(*)
PLANE_ANGLE_UNIT()
SI_UNIT($,.RADIAN.)
);
#5807=(
NAMED_UNIT(*)
SI_UNIT($,.STERADIAN.)
SOLID_ANGLE_UNIT()
);
#5808=SHAPE_DEFINITION_REPRESENTATION(#5809,#5810);
#5809=PRODUCT_DEFINITION_SHAPE('',$,#5812);
#5810=SHAPE_REPRESENTATION('',(#2906),#5802);
#5811=PRODUCT_DEFINITION_CONTEXT('part definition',#5816,'design');
#5812=PRODUCT_DEFINITION('2026-07-07-17-51-42-358','1-COVER',#5813,#5811);
#5813=PRODUCT_DEFINITION_FORMATION('',$,#5818);
#5814=PRODUCT_RELATED_PRODUCT_CATEGORY('1-COVER','1-COVER',(#5818));
#5815=APPLICATION_PROTOCOL_DEFINITION('international standard',
'automotive_design',2009,#5816);
#5816=APPLICATION_CONTEXT(
'Core Data for Automotive Mechanical Design Process');
#5817=PRODUCT_CONTEXT('part definition',#5816,'mechanical');
#5818=PRODUCT('2026-07-07-17-51-42-358','1-COVER','NOT SPECIFIED',(#5817));
#5819=PRESENTATION_STYLE_ASSIGNMENT((#5820));
#5820=SURFACE_STYLE_USAGE(.BOTH.,#5821);
#5821=SURFACE_SIDE_STYLE('',(#5822));
#5822=SURFACE_STYLE_FILL_AREA(#5823);
#5823=FILL_AREA_STYLE('\X2\94A2\X0\ - \X2\7F0E5149\X0\',(#5824));
#5824=FILL_AREA_STYLE_COLOUR('\X2\94A2\X0\ - \X2\7F0E5149\X0\',#5825);
#5825=COLOUR_RGB('\X2\94A2\X0\ - \X2\7F0E5149\X0\',0.627450980392157,0.627450980392157,
0.627450980392157);
ENDSEC;
END-ISO-10303-21;
