ISO-10303-21;
HEADER;
/* Generated by software containing ST-Developer
 * from STEP Tools, Inc. (www.steptools.com) 
 */

FILE_DESCRIPTION(
/* description */ ('NOT SPECIFIED'),
/* implementation_level */ '2;1');

FILE_NAME(
/* name */ '1-DOWN-DR.step',
/* time_stamp */ '2026-07-09T11:15:19+08:00',
/* author */ (''),
/* organization */ (''),
/* preprocessor_version */ 'ST-DEVELOPER v20.1',
/* originating_system */ 'Autodesk Translation Framework v15.8.0.0',
/* authorisation */ '');

FILE_SCHEMA (('AUTOMOTIVE_DESIGN { 1 0 10303 214 3 1 1 }'));
ENDSEC;

DATA;
#10=MECHANICAL_DESIGN_GEOMETRIC_PRESENTATION_REPRESENTATION('',(#25,#26,
#27,#28,#29,#30,#31,#32),#3818);
#11=SHAPE_REPRESENTATION_RELATIONSHIP('SRR','None',#3825,#12);
#12=ADVANCED_BREP_SHAPE_REPRESENTATION('',(#33,#34,#35,#36,#37,#38,#39,
#40),#3817);
#13=TOROIDAL_SURFACE('',#2381,1.,0.5);
#14=TOROIDAL_SURFACE('',#2390,1.,0.5);
#15=TOROIDAL_SURFACE('',#2401,1.,0.5);
#16=TOROIDAL_SURFACE('',#2410,1.,0.5);
#17=TOROIDAL_SURFACE('',#2421,1.,0.5);
#18=TOROIDAL_SURFACE('',#2430,1.,0.5);
#19=TOROIDAL_SURFACE('',#2441,1.,0.5);
#20=TOROIDAL_SURFACE('',#2450,1.,0.5);
#21=TOROIDAL_SURFACE('',#2461,1.,0.5);
#22=TOROIDAL_SURFACE('',#2470,1.,0.5);
#23=TOROIDAL_SURFACE('',#2480,1.,0.5);
#24=TOROIDAL_SURFACE('',#2489,1.,0.5);
#25=STYLED_ITEM('',(#3834),#33);
#26=STYLED_ITEM('',(#3834),#34);
#27=STYLED_ITEM('',(#3834),#35);
#28=STYLED_ITEM('',(#3834),#36);
#29=STYLED_ITEM('',(#3834),#37);
#30=STYLED_ITEM('',(#3834),#38);
#31=STYLED_ITEM('',(#3834),#39);
#32=STYLED_ITEM('',(#3834),#40);
#33=MANIFOLD_SOLID_BREP('\X2\5B9E4F53\X0\1',#2243);
#34=MANIFOLD_SOLID_BREP('\X2\5B9E4F53\X0\2',#2244);
#35=MANIFOLD_SOLID_BREP('\X2\5B9E4F53\X0\3',#2245);
#36=MANIFOLD_SOLID_BREP('\X2\5B9E4F53\X0\4',#2246);
#37=MANIFOLD_SOLID_BREP('\X2\5B9E4F53\X0\5',#2247);
#38=MANIFOLD_SOLID_BREP('\X2\5B9E4F53\X0\6',#2248);
#39=MANIFOLD_SOLID_BREP('\X2\5B9E4F53\X0\7',#2249);
#40=MANIFOLD_SOLID_BREP('\X2\5B9E4F53\X0\8',#2250);
#41=ELLIPSE('',#2270,4.24264068711929,3.);
#42=ELLIPSE('',#2271,4.24264068711929,3.);
#43=ELLIPSE('',#2273,4.24264068711929,3.);
#44=ELLIPSE('',#2274,4.24264068711929,3.);
#45=ELLIPSE('',#2275,4.24264068711929,3.);
#46=ELLIPSE('',#2284,4.24264068711929,3.);
#47=ELLIPSE('',#2285,4.24264068711929,3.);
#48=ELLIPSE('',#2286,4.24264068711929,3.);
#49=ELLIPSE('',#2296,0.707106781186548,0.5);
#50=ELLIPSE('',#2297,0.707106781186548,0.5);
#51=ELLIPSE('',#2298,0.707106781186548,0.5);
#52=ELLIPSE('',#2299,0.707106781186548,0.5);
#53=ELLIPSE('',#2300,0.707106781186548,0.5);
#54=ELLIPSE('',#2301,0.707106781186548,0.5);
#55=CYLINDRICAL_SURFACE('',#2269,3.);
#56=CYLINDRICAL_SURFACE('',#2276,0.5);
#57=CYLINDRICAL_SURFACE('',#2281,0.5);
#58=CYLINDRICAL_SURFACE('',#2287,3.);
#59=CYLINDRICAL_SURFACE('',#2290,10.);
#60=CYLINDRICAL_SURFACE('',#2294,3.);
#61=CYLINDRICAL_SURFACE('',#2303,0.5);
#62=CYLINDRICAL_SURFACE('',#2306,0.5);
#63=CYLINDRICAL_SURFACE('',#2310,0.5);
#64=CYLINDRICAL_SURFACE('',#2313,0.5);
#65=CYLINDRICAL_SURFACE('',#2317,0.5);
#66=CYLINDRICAL_SURFACE('',#2320,0.5);
#67=CYLINDRICAL_SURFACE('',#2323,3.);
#68=CYLINDRICAL_SURFACE('',#2329,1.35);
#69=CYLINDRICAL_SURFACE('',#2332,1.35);
#70=CYLINDRICAL_SURFACE('',#2335,1.35);
#71=CYLINDRICAL_SURFACE('',#2339,10.);
#72=CYLINDRICAL_SURFACE('',#2375,0.5);
#73=CYLINDRICAL_SURFACE('',#2384,1.5);
#74=CYLINDRICAL_SURFACE('',#2387,1.5);
#75=CYLINDRICAL_SURFACE('',#2392,0.5);
#76=CYLINDRICAL_SURFACE('',#2395,0.5);
#77=CYLINDRICAL_SURFACE('',#2404,0.5);
#78=CYLINDRICAL_SURFACE('',#2407,1.5);
#79=CYLINDRICAL_SURFACE('',#2412,1.5);
#80=CYLINDRICAL_SURFACE('',#2415,0.5);
#81=CYLINDRICAL_SURFACE('',#2424,0.5);
#82=CYLINDRICAL_SURFACE('',#2427,1.5);
#83=CYLINDRICAL_SURFACE('',#2432,1.5);
#84=CYLINDRICAL_SURFACE('',#2435,0.5);
#85=CYLINDRICAL_SURFACE('',#2444,0.5);
#86=CYLINDRICAL_SURFACE('',#2447,1.5);
#87=CYLINDRICAL_SURFACE('',#2452,1.5);
#88=CYLINDRICAL_SURFACE('',#2455,0.5);
#89=CYLINDRICAL_SURFACE('',#2464,0.5);
#90=CYLINDRICAL_SURFACE('',#2467,1.5);
#91=CYLINDRICAL_SURFACE('',#2472,1.5);
#92=CYLINDRICAL_SURFACE('',#2477,1.5);
#93=CYLINDRICAL_SURFACE('',#2486,1.5);
#94=FACE_BOUND('',#320,.T.);
#95=FACE_BOUND('',#321,.T.);
#96=FACE_BOUND('',#336,.T.);
#97=FACE_BOUND('',#337,.T.);
#98=FACE_BOUND('',#338,.T.);
#99=FACE_BOUND('',#357,.T.);
#100=FACE_BOUND('',#358,.T.);
#101=FACE_BOUND('',#359,.T.);
#102=FACE_BOUND('',#378,.T.);
#103=CIRCLE('',#2266,10.);
#104=CIRCLE('',#2267,10.);
#105=CIRCLE('',#2277,0.5);
#106=CIRCLE('',#2278,0.5);
#107=CIRCLE('',#2280,0.5);
#108=CIRCLE('',#2282,0.5);
#109=CIRCLE('',#2291,10.);
#110=CIRCLE('',#2293,10.);
#111=CIRCLE('',#2304,0.5);
#112=CIRCLE('',#2307,0.5);
#113=CIRCLE('',#2311,0.5);
#114=CIRCLE('',#2314,0.5);
#115=CIRCLE('',#2318,0.5);
#116=CIRCLE('',#2321,0.5);
#117=CIRCLE('',#2326,1.35);
#118=CIRCLE('',#2327,1.35);
#119=CIRCLE('',#2328,1.35);
#120=CIRCLE('',#2330,1.35);
#121=CIRCLE('',#2333,1.35);
#122=CIRCLE('',#2336,1.35);
#123=CIRCLE('',#2376,0.5);
#124=CIRCLE('',#2377,0.5);
#125=CIRCLE('',#2379,1.);
#126=CIRCLE('',#2380,1.);
#127=CIRCLE('',#2382,0.5);
#128=CIRCLE('',#2383,1.5);
#129=CIRCLE('',#2385,1.5);
#130=CIRCLE('',#2388,1.5);
#131=CIRCLE('',#2389,1.5);
#132=CIRCLE('',#2391,0.5);
#133=CIRCLE('',#2396,0.5);
#134=CIRCLE('',#2397,0.5);
#135=CIRCLE('',#2399,1.);
#136=CIRCLE('',#2400,1.);
#137=CIRCLE('',#2402,1.5);
#138=CIRCLE('',#2403,0.5);
#139=CIRCLE('',#2405,0.5);
#140=CIRCLE('',#2408,1.5);
#141=CIRCLE('',#2409,1.5);
#142=CIRCLE('',#2413,1.5);
#143=CIRCLE('',#2416,0.5);
#144=CIRCLE('',#2417,0.5);
#145=CIRCLE('',#2419,1.);
#146=CIRCLE('',#2420,1.);
#147=CIRCLE('',#2422,1.5);
#148=CIRCLE('',#2423,0.5);
#149=CIRCLE('',#2425,0.5);
#150=CIRCLE('',#2428,1.5);
#151=CIRCLE('',#2429,1.5);
#152=CIRCLE('',#2433,1.5);
#153=CIRCLE('',#2436,0.5);
#154=CIRCLE('',#2437,0.5);
#155=CIRCLE('',#2439,1.);
#156=CIRCLE('',#2440,1.);
#157=CIRCLE('',#2442,1.5);
#158=CIRCLE('',#2443,0.5);
#159=CIRCLE('',#2445,0.5);
#160=CIRCLE('',#2448,1.5);
#161=CIRCLE('',#2449,1.5);
#162=CIRCLE('',#2453,1.5);
#163=CIRCLE('',#2456,0.5);
#164=CIRCLE('',#2457,0.5);
#165=CIRCLE('',#2459,1.);
#166=CIRCLE('',#2460,1.);
#167=CIRCLE('',#2462,1.5);
#168=CIRCLE('',#2463,0.5);
#169=CIRCLE('',#2465,0.5);
#170=CIRCLE('',#2468,1.5);
#171=CIRCLE('',#2469,1.5);
#172=CIRCLE('',#2473,1.5);
#173=CIRCLE('',#2476,1.5);
#174=CIRCLE('',#2478,1.5);
#175=CIRCLE('',#2479,1.5);
#176=CIRCLE('',#2481,0.5);
#177=CIRCLE('',#2482,1.);
#178=CIRCLE('',#2485,1.5);
#179=CIRCLE('',#2487,1.5);
#180=CIRCLE('',#2488,1.5);
#181=CIRCLE('',#2490,0.5);
#182=CIRCLE('',#2491,1.);
#183=FACE_OUTER_BOUND('',#318,.T.);
#184=FACE_OUTER_BOUND('',#319,.T.);
#185=FACE_OUTER_BOUND('',#322,.T.);
#186=FACE_OUTER_BOUND('',#323,.T.);
#187=FACE_OUTER_BOUND('',#324,.T.);
#188=FACE_OUTER_BOUND('',#325,.T.);
#189=FACE_OUTER_BOUND('',#326,.T.);
#190=FACE_OUTER_BOUND('',#327,.T.);
#191=FACE_OUTER_BOUND('',#328,.T.);
#192=FACE_OUTER_BOUND('',#329,.T.);
#193=FACE_OUTER_BOUND('',#330,.T.);
#194=FACE_OUTER_BOUND('',#331,.T.);
#195=FACE_OUTER_BOUND('',#332,.T.);
#196=FACE_OUTER_BOUND('',#333,.T.);
#197=FACE_OUTER_BOUND('',#334,.T.);
#198=FACE_OUTER_BOUND('',#335,.T.);
#199=FACE_OUTER_BOUND('',#339,.T.);
#200=FACE_OUTER_BOUND('',#340,.T.);
#201=FACE_OUTER_BOUND('',#341,.T.);
#202=FACE_OUTER_BOUND('',#342,.T.);
#203=FACE_OUTER_BOUND('',#343,.T.);
#204=FACE_OUTER_BOUND('',#344,.T.);
#205=FACE_OUTER_BOUND('',#345,.T.);
#206=FACE_OUTER_BOUND('',#346,.T.);
#207=FACE_OUTER_BOUND('',#347,.T.);
#208=FACE_OUTER_BOUND('',#348,.T.);
#209=FACE_OUTER_BOUND('',#349,.T.);
#210=FACE_OUTER_BOUND('',#350,.T.);
#211=FACE_OUTER_BOUND('',#351,.T.);
#212=FACE_OUTER_BOUND('',#352,.T.);
#213=FACE_OUTER_BOUND('',#353,.T.);
#214=FACE_OUTER_BOUND('',#354,.T.);
#215=FACE_OUTER_BOUND('',#355,.T.);
#216=FACE_OUTER_BOUND('',#356,.T.);
#217=FACE_OUTER_BOUND('',#360,.T.);
#218=FACE_OUTER_BOUND('',#361,.T.);
#219=FACE_OUTER_BOUND('',#362,.T.);
#220=FACE_OUTER_BOUND('',#363,.T.);
#221=FACE_OUTER_BOUND('',#364,.T.);
#222=FACE_OUTER_BOUND('',#365,.T.);
#223=FACE_OUTER_BOUND('',#366,.T.);
#224=FACE_OUTER_BOUND('',#367,.T.);
#225=FACE_OUTER_BOUND('',#368,.T.);
#226=FACE_OUTER_BOUND('',#369,.T.);
#227=FACE_OUTER_BOUND('',#370,.T.);
#228=FACE_OUTER_BOUND('',#371,.T.);
#229=FACE_OUTER_BOUND('',#372,.T.);
#230=FACE_OUTER_BOUND('',#373,.T.);
#231=FACE_OUTER_BOUND('',#374,.T.);
#232=FACE_OUTER_BOUND('',#375,.T.);
#233=FACE_OUTER_BOUND('',#376,.T.);
#234=FACE_OUTER_BOUND('',#377,.T.);
#235=FACE_OUTER_BOUND('',#379,.T.);
#236=FACE_OUTER_BOUND('',#380,.T.);
#237=FACE_OUTER_BOUND('',#381,.T.);
#238=FACE_OUTER_BOUND('',#382,.T.);
#239=FACE_OUTER_BOUND('',#383,.T.);
#240=FACE_OUTER_BOUND('',#384,.T.);
#241=FACE_OUTER_BOUND('',#385,.T.);
#242=FACE_OUTER_BOUND('',#386,.T.);
#243=FACE_OUTER_BOUND('',#387,.T.);
#244=FACE_OUTER_BOUND('',#388,.T.);
#245=FACE_OUTER_BOUND('',#389,.T.);
#246=FACE_OUTER_BOUND('',#390,.T.);
#247=FACE_OUTER_BOUND('',#391,.T.);
#248=FACE_OUTER_BOUND('',#392,.T.);
#249=FACE_OUTER_BOUND('',#393,.T.);
#250=FACE_OUTER_BOUND('',#394,.T.);
#251=FACE_OUTER_BOUND('',#395,.T.);
#252=FACE_OUTER_BOUND('',#396,.T.);
#253=FACE_OUTER_BOUND('',#397,.T.);
#254=FACE_OUTER_BOUND('',#398,.T.);
#255=FACE_OUTER_BOUND('',#399,.T.);
#256=FACE_OUTER_BOUND('',#400,.T.);
#257=FACE_OUTER_BOUND('',#401,.T.);
#258=FACE_OUTER_BOUND('',#402,.T.);
#259=FACE_OUTER_BOUND('',#403,.T.);
#260=FACE_OUTER_BOUND('',#404,.T.);
#261=FACE_OUTER_BOUND('',#405,.T.);
#262=FACE_OUTER_BOUND('',#406,.T.);
#263=FACE_OUTER_BOUND('',#407,.T.);
#264=FACE_OUTER_BOUND('',#408,.T.);
#265=FACE_OUTER_BOUND('',#409,.T.);
#266=FACE_OUTER_BOUND('',#410,.T.);
#267=FACE_OUTER_BOUND('',#411,.T.);
#268=FACE_OUTER_BOUND('',#412,.T.);
#269=FACE_OUTER_BOUND('',#413,.T.);
#270=FACE_OUTER_BOUND('',#414,.T.);
#271=FACE_OUTER_BOUND('',#415,.T.);
#272=FACE_OUTER_BOUND('',#416,.T.);
#273=FACE_OUTER_BOUND('',#417,.T.);
#274=FACE_OUTER_BOUND('',#418,.T.);
#275=FACE_OUTER_BOUND('',#419,.T.);
#276=FACE_OUTER_BOUND('',#420,.T.);
#277=FACE_OUTER_BOUND('',#421,.T.);
#278=FACE_OUTER_BOUND('',#422,.T.);
#279=FACE_OUTER_BOUND('',#423,.T.);
#280=FACE_OUTER_BOUND('',#424,.T.);
#281=FACE_OUTER_BOUND('',#425,.T.);
#282=FACE_OUTER_BOUND('',#426,.T.);
#283=FACE_OUTER_BOUND('',#427,.T.);
#284=FACE_OUTER_BOUND('',#428,.T.);
#285=FACE_OUTER_BOUND('',#429,.T.);
#286=FACE_OUTER_BOUND('',#430,.T.);
#287=FACE_OUTER_BOUND('',#431,.T.);
#288=FACE_OUTER_BOUND('',#432,.T.);
#289=FACE_OUTER_BOUND('',#433,.T.);
#290=FACE_OUTER_BOUND('',#434,.T.);
#291=FACE_OUTER_BOUND('',#435,.T.);
#292=FACE_OUTER_BOUND('',#436,.T.);
#293=FACE_OUTER_BOUND('',#437,.T.);
#294=FACE_OUTER_BOUND('',#438,.T.);
#295=FACE_OUTER_BOUND('',#439,.T.);
#296=FACE_OUTER_BOUND('',#440,.T.);
#297=FACE_OUTER_BOUND('',#441,.T.);
#298=FACE_OUTER_BOUND('',#442,.T.);
#299=FACE_OUTER_BOUND('',#443,.T.);
#300=FACE_OUTER_BOUND('',#444,.T.);
#301=FACE_OUTER_BOUND('',#445,.T.);
#302=FACE_OUTER_BOUND('',#446,.T.);
#303=FACE_OUTER_BOUND('',#447,.T.);
#304=FACE_OUTER_BOUND('',#448,.T.);
#305=FACE_OUTER_BOUND('',#449,.T.);
#306=FACE_OUTER_BOUND('',#450,.T.);
#307=FACE_OUTER_BOUND('',#451,.T.);
#308=FACE_OUTER_BOUND('',#452,.T.);
#309=FACE_OUTER_BOUND('',#453,.T.);
#310=FACE_OUTER_BOUND('',#454,.T.);
#311=FACE_OUTER_BOUND('',#455,.T.);
#312=FACE_OUTER_BOUND('',#456,.T.);
#313=FACE_OUTER_BOUND('',#457,.T.);
#314=FACE_OUTER_BOUND('',#458,.T.);
#315=FACE_OUTER_BOUND('',#459,.T.);
#316=FACE_OUTER_BOUND('',#460,.T.);
#317=FACE_OUTER_BOUND('',#461,.T.);
#318=EDGE_LOOP('',(#1404,#1405,#1406,#1407));
#319=EDGE_LOOP('',(#1408,#1409,#1410,#1411,#1412,#1413,#1414,#1415));
#320=EDGE_LOOP('',(#1416,#1417,#1418,#1419,#1420,#1421,#1422));
#321=EDGE_LOOP('',(#1423,#1424,#1425,#1426,#1427,#1428,#1429,#1430,#1431,
#1432,#1433,#1434,#1435,#1436,#1437,#1438));
#322=EDGE_LOOP('',(#1439,#1440,#1441,#1442,#1443,#1444,#1445,#1446,#1447,
#1448));
#323=EDGE_LOOP('',(#1449,#1450,#1451,#1452));
#324=EDGE_LOOP('',(#1453,#1454,#1455,#1456,#1457,#1458,#1459,#1460,#1461,
#1462,#1463,#1464));
#325=EDGE_LOOP('',(#1465,#1466,#1467,#1468));
#326=EDGE_LOOP('',(#1469,#1470,#1471,#1472,#1473,#1474));
#327=EDGE_LOOP('',(#1475,#1476,#1477,#1478));
#328=EDGE_LOOP('',(#1479,#1480,#1481,#1482,#1483,#1484,#1485,#1486,#1487,
#1488,#1489,#1490));
#329=EDGE_LOOP('',(#1491,#1492,#1493,#1494));
#330=EDGE_LOOP('',(#1495,#1496,#1497,#1498));
#331=EDGE_LOOP('',(#1499,#1500,#1501,#1502));
#332=EDGE_LOOP('',(#1503,#1504,#1505,#1506));
#333=EDGE_LOOP('',(#1507,#1508,#1509,#1510,#1511,#1512,#1513,#1514));
#334=EDGE_LOOP('',(#1515,#1516,#1517,#1518));
#335=EDGE_LOOP('',(#1519,#1520,#1521,#1522));
#336=EDGE_LOOP('',(#1523,#1524,#1525,#1526));
#337=EDGE_LOOP('',(#1527,#1528,#1529,#1530));
#338=EDGE_LOOP('',(#1531,#1532,#1533,#1534));
#339=EDGE_LOOP('',(#1535,#1536,#1537,#1538));
#340=EDGE_LOOP('',(#1539,#1540,#1541,#1542));
#341=EDGE_LOOP('',(#1543,#1544,#1545,#1546));
#342=EDGE_LOOP('',(#1547,#1548,#1549,#1550));
#343=EDGE_LOOP('',(#1551,#1552,#1553,#1554));
#344=EDGE_LOOP('',(#1555,#1556,#1557,#1558));
#345=EDGE_LOOP('',(#1559,#1560,#1561,#1562));
#346=EDGE_LOOP('',(#1563,#1564,#1565,#1566));
#347=EDGE_LOOP('',(#1567,#1568,#1569,#1570));
#348=EDGE_LOOP('',(#1571,#1572,#1573,#1574));
#349=EDGE_LOOP('',(#1575,#1576,#1577,#1578));
#350=EDGE_LOOP('',(#1579,#1580,#1581,#1582));
#351=EDGE_LOOP('',(#1583,#1584,#1585,#1586));
#352=EDGE_LOOP('',(#1587,#1588,#1589,#1590));
#353=EDGE_LOOP('',(#1591,#1592,#1593,#1594));
#354=EDGE_LOOP('',(#1595,#1596,#1597,#1598));
#355=EDGE_LOOP('',(#1599,#1600,#1601,#1602,#1603,#1604));
#356=EDGE_LOOP('',(#1605,#1606,#1607,#1608));
#357=EDGE_LOOP('',(#1609));
#358=EDGE_LOOP('',(#1610));
#359=EDGE_LOOP('',(#1611));
#360=EDGE_LOOP('',(#1612,#1613,#1614,#1615));
#361=EDGE_LOOP('',(#1616));
#362=EDGE_LOOP('',(#1617,#1618,#1619,#1620));
#363=EDGE_LOOP('',(#1621));
#364=EDGE_LOOP('',(#1622,#1623,#1624,#1625));
#365=EDGE_LOOP('',(#1626));
#366=EDGE_LOOP('',(#1627,#1628,#1629,#1630));
#367=EDGE_LOOP('',(#1631,#1632,#1633,#1634));
#368=EDGE_LOOP('',(#1635,#1636,#1637,#1638));
#369=EDGE_LOOP('',(#1639,#1640,#1641,#1642));
#370=EDGE_LOOP('',(#1643,#1644,#1645,#1646));
#371=EDGE_LOOP('',(#1647,#1648,#1649,#1650));
#372=EDGE_LOOP('',(#1651,#1652,#1653,#1654));
#373=EDGE_LOOP('',(#1655,#1656,#1657,#1658));
#374=EDGE_LOOP('',(#1659,#1660,#1661,#1662));
#375=EDGE_LOOP('',(#1663,#1664,#1665,#1666));
#376=EDGE_LOOP('',(#1667,#1668,#1669,#1670,#1671,#1672,#1673));
#377=EDGE_LOOP('',(#1674,#1675,#1676,#1677,#1678,#1679,#1680,#1681,#1682,
#1683,#1684,#1685,#1686,#1687,#1688,#1689));
#378=EDGE_LOOP('',(#1690,#1691,#1692,#1693,#1694,#1695,#1696,#1697,#1698,
#1699));
#379=EDGE_LOOP('',(#1700,#1701,#1702,#1703));
#380=EDGE_LOOP('',(#1704,#1705,#1706,#1707));
#381=EDGE_LOOP('',(#1708,#1709,#1710,#1711));
#382=EDGE_LOOP('',(#1712,#1713,#1714,#1715));
#383=EDGE_LOOP('',(#1716,#1717,#1718,#1719));
#384=EDGE_LOOP('',(#1720,#1721,#1722,#1723));
#385=EDGE_LOOP('',(#1724,#1725,#1726,#1727));
#386=EDGE_LOOP('',(#1728,#1729,#1730,#1731));
#387=EDGE_LOOP('',(#1732,#1733,#1734,#1735));
#388=EDGE_LOOP('',(#1736,#1737,#1738,#1739));
#389=EDGE_LOOP('',(#1740,#1741,#1742,#1743));
#390=EDGE_LOOP('',(#1744,#1745,#1746,#1747));
#391=EDGE_LOOP('',(#1748,#1749,#1750,#1751));
#392=EDGE_LOOP('',(#1752,#1753,#1754,#1755));
#393=EDGE_LOOP('',(#1756,#1757,#1758,#1759));
#394=EDGE_LOOP('',(#1760,#1761,#1762,#1763));
#395=EDGE_LOOP('',(#1764,#1765,#1766,#1767));
#396=EDGE_LOOP('',(#1768,#1769,#1770,#1771));
#397=EDGE_LOOP('',(#1772,#1773,#1774,#1775));
#398=EDGE_LOOP('',(#1776,#1777,#1778,#1779));
#399=EDGE_LOOP('',(#1780,#1781,#1782,#1783));
#400=EDGE_LOOP('',(#1784,#1785,#1786,#1787));
#401=EDGE_LOOP('',(#1788,#1789,#1790,#1791));
#402=EDGE_LOOP('',(#1792,#1793,#1794,#1795));
#403=EDGE_LOOP('',(#1796,#1797,#1798,#1799));
#404=EDGE_LOOP('',(#1800,#1801,#1802,#1803));
#405=EDGE_LOOP('',(#1804,#1805,#1806,#1807));
#406=EDGE_LOOP('',(#1808,#1809,#1810,#1811));
#407=EDGE_LOOP('',(#1812,#1813,#1814,#1815));
#408=EDGE_LOOP('',(#1816,#1817,#1818,#1819));
#409=EDGE_LOOP('',(#1820,#1821,#1822,#1823));
#410=EDGE_LOOP('',(#1824,#1825,#1826,#1827));
#411=EDGE_LOOP('',(#1828,#1829,#1830,#1831));
#412=EDGE_LOOP('',(#1832,#1833,#1834,#1835));
#413=EDGE_LOOP('',(#1836,#1837,#1838,#1839));
#414=EDGE_LOOP('',(#1840,#1841,#1842,#1843));
#415=EDGE_LOOP('',(#1844,#1845,#1846,#1847));
#416=EDGE_LOOP('',(#1848,#1849,#1850,#1851));
#417=EDGE_LOOP('',(#1852,#1853,#1854,#1855));
#418=EDGE_LOOP('',(#1856,#1857,#1858,#1859));
#419=EDGE_LOOP('',(#1860,#1861,#1862,#1863));
#420=EDGE_LOOP('',(#1864,#1865,#1866,#1867));
#421=EDGE_LOOP('',(#1868,#1869,#1870,#1871));
#422=EDGE_LOOP('',(#1872,#1873,#1874,#1875));
#423=EDGE_LOOP('',(#1876,#1877,#1878,#1879));
#424=EDGE_LOOP('',(#1880,#1881,#1882,#1883));
#425=EDGE_LOOP('',(#1884,#1885,#1886,#1887));
#426=EDGE_LOOP('',(#1888,#1889,#1890,#1891));
#427=EDGE_LOOP('',(#1892,#1893,#1894,#1895));
#428=EDGE_LOOP('',(#1896,#1897,#1898,#1899));
#429=EDGE_LOOP('',(#1900,#1901,#1902,#1903));
#430=EDGE_LOOP('',(#1904,#1905,#1906,#1907));
#431=EDGE_LOOP('',(#1908,#1909,#1910,#1911));
#432=EDGE_LOOP('',(#1912,#1913,#1914,#1915));
#433=EDGE_LOOP('',(#1916,#1917,#1918,#1919));
#434=EDGE_LOOP('',(#1920,#1921,#1922,#1923));
#435=EDGE_LOOP('',(#1924,#1925,#1926,#1927));
#436=EDGE_LOOP('',(#1928,#1929,#1930,#1931));
#437=EDGE_LOOP('',(#1932,#1933,#1934,#1935));
#438=EDGE_LOOP('',(#1936,#1937,#1938,#1939));
#439=EDGE_LOOP('',(#1940,#1941,#1942,#1943));
#440=EDGE_LOOP('',(#1944,#1945,#1946,#1947));
#441=EDGE_LOOP('',(#1948,#1949,#1950,#1951));
#442=EDGE_LOOP('',(#1952,#1953,#1954,#1955));
#443=EDGE_LOOP('',(#1956,#1957,#1958,#1959));
#444=EDGE_LOOP('',(#1960,#1961,#1962,#1963));
#445=EDGE_LOOP('',(#1964,#1965,#1966,#1967));
#446=EDGE_LOOP('',(#1968,#1969,#1970,#1971));
#447=EDGE_LOOP('',(#1972,#1973,#1974,#1975));
#448=EDGE_LOOP('',(#1976,#1977,#1978,#1979));
#449=EDGE_LOOP('',(#1980,#1981,#1982,#1983));
#450=EDGE_LOOP('',(#1984,#1985,#1986,#1987));
#451=EDGE_LOOP('',(#1988,#1989,#1990,#1991));
#452=EDGE_LOOP('',(#1992,#1993,#1994,#1995));
#453=EDGE_LOOP('',(#1996,#1997,#1998,#1999));
#454=EDGE_LOOP('',(#2000));
#455=EDGE_LOOP('',(#2001,#2002,#2003,#2004,#2005));
#456=EDGE_LOOP('',(#2006,#2007,#2008,#2009,#2010));
#457=EDGE_LOOP('',(#2011));
#458=EDGE_LOOP('',(#2012));
#459=EDGE_LOOP('',(#2013,#2014,#2015,#2016,#2017));
#460=EDGE_LOOP('',(#2018,#2019,#2020,#2021,#2022));
#461=EDGE_LOOP('',(#2023));
#462=LINE('',#3173,#678);
#463=LINE('',#3175,#679);
#464=LINE('',#3177,#680);
#465=LINE('',#3178,#681);
#466=LINE('',#3182,#682);
#467=LINE('',#3184,#683);
#468=LINE('',#3186,#684);
#469=LINE('',#3190,#685);
#470=LINE('',#3194,#686);
#471=LINE('',#3195,#687);
#472=LINE('',#3198,#688);
#473=LINE('',#3200,#689);
#474=LINE('',#3202,#690);
#475=LINE('',#3204,#691);
#476=LINE('',#3206,#692);
#477=LINE('',#3208,#693);
#478=LINE('',#3209,#694);
#479=LINE('',#3212,#695);
#480=LINE('',#3214,#696);
#481=LINE('',#3216,#697);
#482=LINE('',#3218,#698);
#483=LINE('',#3220,#699);
#484=LINE('',#3222,#700);
#485=LINE('',#3224,#701);
#486=LINE('',#3226,#702);
#487=LINE('',#3228,#703);
#488=LINE('',#3230,#704);
#489=LINE('',#3231,#705);
#490=LINE('',#3233,#706);
#491=LINE('',#3235,#707);
#492=LINE('',#3237,#708);
#493=LINE('',#3238,#709);
#494=LINE('',#3242,#710);
#495=LINE('',#3244,#711);
#496=LINE('',#3246,#712);
#497=LINE('',#3248,#713);
#498=LINE('',#3250,#714);
#499=LINE('',#3252,#715);
#500=LINE('',#3254,#716);
#501=LINE('',#3256,#717);
#502=LINE('',#3258,#718);
#503=LINE('',#3259,#719);
#504=LINE('',#3264,#720);
#505=LINE('',#3269,#721);
#506=LINE('',#3271,#722);
#507=LINE('',#3274,#723);
#508=LINE('',#3276,#724);
#509=LINE('',#3278,#725);
#510=LINE('',#3282,#726);
#511=LINE('',#3285,#727);
#512=LINE('',#3291,#728);
#513=LINE('',#3297,#729);
#514=LINE('',#3298,#730);
#515=LINE('',#3299,#731);
#516=LINE('',#3302,#732);
#517=LINE('',#3305,#733);
#518=LINE('',#3308,#734);
#519=LINE('',#3312,#735);
#520=LINE('',#3316,#736);
#521=LINE('',#3317,#737);
#522=LINE('',#3319,#738);
#523=LINE('',#3322,#739);
#524=LINE('',#3326,#740);
#525=LINE('',#3327,#741);
#526=LINE('',#3331,#742);
#527=LINE('',#3333,#743);
#528=LINE('',#3335,#744);
#529=LINE('',#3338,#745);
#530=LINE('',#3340,#746);
#531=LINE('',#3342,#747);
#532=LINE('',#3345,#748);
#533=LINE('',#3349,#749);
#534=LINE('',#3353,#750);
#535=LINE('',#3357,#751);
#536=LINE('',#3361,#752);
#537=LINE('',#3365,#753);
#538=LINE('',#3369,#754);
#539=LINE('',#3371,#755);
#540=LINE('',#3372,#756);
#541=LINE('',#3376,#757);
#542=LINE('',#3379,#758);
#543=LINE('',#3380,#759);
#544=LINE('',#3386,#760);
#545=LINE('',#3388,#761);
#546=LINE('',#3389,#762);
#547=LINE('',#3393,#763);
#548=LINE('',#3396,#764);
#549=LINE('',#3397,#765);
#550=LINE('',#3403,#766);
#551=LINE('',#3405,#767);
#552=LINE('',#3406,#768);
#553=LINE('',#3410,#769);
#554=LINE('',#3413,#770);
#555=LINE('',#3414,#771);
#556=LINE('',#3419,#772);
#557=LINE('',#3421,#773);
#558=LINE('',#3432,#774);
#559=LINE('',#3437,#775);
#560=LINE('',#3442,#776);
#561=LINE('',#3445,#777);
#562=LINE('',#3447,#778);
#563=LINE('',#3451,#779);
#564=LINE('',#3453,#780);
#565=LINE('',#3454,#781);
#566=LINE('',#3457,#782);
#567=LINE('',#3458,#783);
#568=LINE('',#3461,#784);
#569=LINE('',#3462,#785);
#570=LINE('',#3465,#786);
#571=LINE('',#3466,#787);
#572=LINE('',#3469,#788);
#573=LINE('',#3470,#789);
#574=LINE('',#3473,#790);
#575=LINE('',#3474,#791);
#576=LINE('',#3476,#792);
#577=LINE('',#3481,#793);
#578=LINE('',#3483,#794);
#579=LINE('',#3485,#795);
#580=LINE('',#3487,#796);
#581=LINE('',#3488,#797);
#582=LINE('',#3490,#798);
#583=LINE('',#3492,#799);
#584=LINE('',#3494,#800);
#585=LINE('',#3496,#801);
#586=LINE('',#3498,#802);
#587=LINE('',#3500,#803);
#588=LINE('',#3502,#804);
#589=LINE('',#3504,#805);
#590=LINE('',#3506,#806);
#591=LINE('',#3507,#807);
#592=LINE('',#3510,#808);
#593=LINE('',#3512,#809);
#594=LINE('',#3514,#810);
#595=LINE('',#3516,#811);
#596=LINE('',#3518,#812);
#597=LINE('',#3520,#813);
#598=LINE('',#3522,#814);
#599=LINE('',#3524,#815);
#600=LINE('',#3526,#816);
#601=LINE('',#3527,#817);
#602=LINE('',#3529,#818);
#603=LINE('',#3530,#819);
#604=LINE('',#3532,#820);
#605=LINE('',#3534,#821);
#606=LINE('',#3536,#822);
#607=LINE('',#3538,#823);
#608=LINE('',#3540,#824);
#609=LINE('',#3542,#825);
#610=LINE('',#3544,#826);
#611=LINE('',#3546,#827);
#612=LINE('',#3548,#828);
#613=LINE('',#3551,#829);
#614=LINE('',#3553,#830);
#615=LINE('',#3555,#831);
#616=LINE('',#3558,#832);
#617=LINE('',#3559,#833);
#618=LINE('',#3561,#834);
#619=LINE('',#3563,#835);
#620=LINE('',#3565,#836);
#621=LINE('',#3567,#837);
#622=LINE('',#3569,#838);
#623=LINE('',#3571,#839);
#624=LINE('',#3573,#840);
#625=LINE('',#3575,#841);
#626=LINE('',#3580,#842);
#627=LINE('',#3584,#843);
#628=LINE('',#3591,#844);
#629=LINE('',#3598,#845);
#630=LINE('',#3601,#846);
#631=LINE('',#3604,#847);
#632=LINE('',#3605,#848);
#633=LINE('',#3611,#849);
#634=LINE('',#3615,#850);
#635=LINE('',#3617,#851);
#636=LINE('',#3622,#852);
#637=LINE('',#3626,#853);
#638=LINE('',#3632,#854);
#639=LINE('',#3640,#855);
#640=LINE('',#3644,#856);
#641=LINE('',#3646,#857);
#642=LINE('',#3647,#858);
#643=LINE('',#3652,#859);
#644=LINE('',#3656,#860);
#645=LINE('',#3657,#861);
#646=LINE('',#3664,#862);
#647=LINE('',#3668,#863);
#648=LINE('',#3674,#864);
#649=LINE('',#3682,#865);
#650=LINE('',#3686,#866);
#651=LINE('',#3688,#867);
#652=LINE('',#3689,#868);
#653=LINE('',#3694,#869);
#654=LINE('',#3698,#870);
#655=LINE('',#3699,#871);
#656=LINE('',#3706,#872);
#657=LINE('',#3710,#873);
#658=LINE('',#3716,#874);
#659=LINE('',#3724,#875);
#660=LINE('',#3728,#876);
#661=LINE('',#3730,#877);
#662=LINE('',#3731,#878);
#663=LINE('',#3736,#879);
#664=LINE('',#3740,#880);
#665=LINE('',#3741,#881);
#666=LINE('',#3748,#882);
#667=LINE('',#3752,#883);
#668=LINE('',#3758,#884);
#669=LINE('',#3766,#885);
#670=LINE('',#3770,#886);
#671=LINE('',#3772,#887);
#672=LINE('',#3773,#888);
#673=LINE('',#3778,#889);
#674=LINE('',#3782,#890);
#675=LINE('',#3783,#891);
#676=LINE('',#3792,#892);
#677=LINE('',#3806,#893);
#678=VECTOR('',#2497,0.637904469399192);
#679=VECTOR('',#2498,0.5);
#680=VECTOR('',#2499,0.637904469399192);
#681=VECTOR('',#2500,0.5);
#682=VECTOR('',#2503,91.23431457505);
#683=VECTOR('',#2504,3.757359312881);
#684=VECTOR('',#2505,38.75786437627);
#685=VECTOR('',#2508,16.4644660940689);
#686=VECTOR('',#2511,26.69217895132);
#687=VECTOR('',#2512,21.25735931288);
#688=VECTOR('',#2513,6.);
#689=VECTOR('',#2514,0.75);
#690=VECTOR('',#2515,4.978723526001);
#691=VECTOR('',#2516,1.16664148988997);
#692=VECTOR('',#2517,1.021276831627);
#693=VECTOR('',#2518,1.16664121595595);
#694=VECTOR('',#2519,0.75);
#695=VECTOR('',#2520,0.402861809816409);
#696=VECTOR('',#2521,0.633542744482104);
#697=VECTOR('',#2522,0.561415829009283);
#698=VECTOR('',#2523,3.14431559532706);
#699=VECTOR('',#2524,0.8750002384186);
#700=VECTOR('',#2525,2.86128686279711);
#701=VECTOR('',#2526,2.124999940395);
#702=VECTOR('',#2527,2.680851101875);
#703=VECTOR('',#2528,0.75);
#704=VECTOR('',#2529,6.);
#705=VECTOR('',#2530,3.);
#706=VECTOR('',#2531,0.629819456988683);
#707=VECTOR('',#2532,0.633542744482104);
#708=VECTOR('',#2533,0.402861809816409);
#709=VECTOR('',#2534,0.5106385946274);
#710=VECTOR('',#2537,2.374999880791);
#711=VECTOR('',#2538,0.396133769158697);
#712=VECTOR('',#2539,0.357334453805019);
#713=VECTOR('',#2540,0.402861809816409);
#714=VECTOR('',#2541,0.3829790353775);
#715=VECTOR('',#2542,0.402861809816409);
#716=VECTOR('',#2543,0.357334453805019);
#717=VECTOR('',#2544,0.396133769158697);
#718=VECTOR('',#2545,2.374999880791);
#719=VECTOR('',#2546,1.914893746376);
#720=VECTOR('',#2551,89.47695526217);
#721=VECTOR('',#2556,40.);
#722=VECTOR('',#2557,9.91492782986634);
#723=VECTOR('',#2560,4.75039301699579);
#724=VECTOR('',#2561,1.5556349186099);
#725=VECTOR('',#2562,6.757359312881);
#726=VECTOR('',#2565,5.61641842078075);
#727=VECTOR('',#2568,10.7634559672893);
#728=VECTOR('',#2575,40.);
#729=VECTOR('',#2580,9.91492782986634);
#730=VECTOR('',#2581,79.74903320081);
#731=VECTOR('',#2582,65.02010101268);
#732=VECTOR('',#2585,40.);
#733=VECTOR('',#2588,40.);
#734=VECTOR('',#2591,10.7634559672893);
#735=VECTOR('',#2594,5.61641842078075);
#736=VECTOR('',#2597,24.25735931288);
#737=VECTOR('',#2598,1.55563491861001);
#738=VECTOR('',#2599,4.75039301699579);
#739=VECTOR('',#2604,83.99167388793);
#740=VECTOR('',#2609,1.1);
#741=VECTOR('',#2610,39.85786437627);
#742=VECTOR('',#2615,1.1);
#743=VECTOR('',#2618,93.43431457505);
#744=VECTOR('',#2619,27.79217895132);
#745=VECTOR('',#2622,16.4644660940689);
#746=VECTOR('',#2625,91.67695526217);
#747=VECTOR('',#2628,85.19167388793);
#748=VECTOR('',#2629,2.44948974278289);
#749=VECTOR('',#2632,2.44948974278289);
#750=VECTOR('',#2635,2.44948974278289);
#751=VECTOR('',#2638,2.44948974278289);
#752=VECTOR('',#2641,2.44948974278289);
#753=VECTOR('',#2644,2.44948974278289);
#754=VECTOR('',#2649,3.5);
#755=VECTOR('',#2650,2.00000000000001);
#756=VECTOR('',#2651,2.085786437627);
#757=VECTOR('',#2656,1.37867965644);
#758=VECTOR('',#2659,1.99999999999987);
#759=VECTOR('',#2660,2.792893218813);
#760=VECTOR('',#2669,3.5);
#761=VECTOR('',#2670,2.00000000000001);
#762=VECTOR('',#2671,2.085786437627);
#763=VECTOR('',#2676,1.37867965644);
#764=VECTOR('',#2679,2.00000000000001);
#765=VECTOR('',#2680,2.792893218813);
#766=VECTOR('',#2689,3.5);
#767=VECTOR('',#2690,2.00000000000001);
#768=VECTOR('',#2691,2.085786437627);
#769=VECTOR('',#2696,1.37867965644);
#770=VECTOR('',#2699,2.00000000000001);
#771=VECTOR('',#2700,2.792893218813);
#772=VECTOR('',#2709,80.94903320081);
#773=VECTOR('',#2712,65.02010101268);
#774=VECTOR('',#2725,1.35);
#775=VECTOR('',#2732,1.35);
#776=VECTOR('',#2739,1.35);
#777=VECTOR('',#2744,1.1);
#778=VECTOR('',#2747,1.1);
#779=VECTOR('',#2752,0.5);
#780=VECTOR('',#2753,6.);
#781=VECTOR('',#2754,0.5);
#782=VECTOR('',#2757,0.75);
#783=VECTOR('',#2758,0.5);
#784=VECTOR('',#2761,4.978723526001);
#785=VECTOR('',#2762,0.5);
#786=VECTOR('',#2765,1.16664148988997);
#787=VECTOR('',#2766,0.5);
#788=VECTOR('',#2769,1.021276831627);
#789=VECTOR('',#2770,0.5);
#790=VECTOR('',#2773,1.16664121595595);
#791=VECTOR('',#2774,0.5);
#792=VECTOR('',#2777,0.75);
#793=VECTOR('',#2782,0.402861809816409);
#794=VECTOR('',#2783,0.5106385946274);
#795=VECTOR('',#2784,0.402861809816409);
#796=VECTOR('',#2785,0.633542744482104);
#797=VECTOR('',#2786,0.629819456988733);
#798=VECTOR('',#2787,3.);
#799=VECTOR('',#2788,6.);
#800=VECTOR('',#2789,0.75);
#801=VECTOR('',#2790,2.680851101875);
#802=VECTOR('',#2791,2.124999940395);
#803=VECTOR('',#2792,2.86128686279711);
#804=VECTOR('',#2793,0.8750002384186);
#805=VECTOR('',#2794,3.14431559532706);
#806=VECTOR('',#2795,0.561415829009283);
#807=VECTOR('',#2796,0.633542744482104);
#808=VECTOR('',#2797,2.374999880791);
#809=VECTOR('',#2798,1.914893746376);
#810=VECTOR('',#2799,2.374999880791);
#811=VECTOR('',#2800,0.396133769158697);
#812=VECTOR('',#2801,0.357334453805019);
#813=VECTOR('',#2802,0.402861809816409);
#814=VECTOR('',#2803,0.3829790353775);
#815=VECTOR('',#2804,0.402861809816409);
#816=VECTOR('',#2805,0.357334453805019);
#817=VECTOR('',#2806,0.396133769158697);
#818=VECTOR('',#2809,0.5);
#819=VECTOR('',#2810,0.5);
#820=VECTOR('',#2813,0.5);
#821=VECTOR('',#2816,0.5);
#822=VECTOR('',#2819,0.5);
#823=VECTOR('',#2822,0.5);
#824=VECTOR('',#2825,0.5);
#825=VECTOR('',#2828,0.5);
#826=VECTOR('',#2831,0.5);
#827=VECTOR('',#2834,0.5);
#828=VECTOR('',#2837,0.5);
#829=VECTOR('',#2842,0.5);
#830=VECTOR('',#2845,0.5);
#831=VECTOR('',#2848,0.5);
#832=VECTOR('',#2853,0.5);
#833=VECTOR('',#2854,0.5);
#834=VECTOR('',#2857,0.5);
#835=VECTOR('',#2860,0.5);
#836=VECTOR('',#2863,0.5);
#837=VECTOR('',#2866,0.5);
#838=VECTOR('',#2869,0.5);
#839=VECTOR('',#2872,0.5);
#840=VECTOR('',#2875,0.5);
#841=VECTOR('',#2878,0.5);
#842=VECTOR('',#2883,7.99999999999946);
#843=VECTOR('',#2886,7.99999999318446);
#844=VECTOR('',#2895,7.99999999999946);
#845=VECTOR('',#2904,0.500000000000001);
#846=VECTOR('',#2907,0.5);
#847=VECTOR('',#2910,7.99999999999946);
#848=VECTOR('',#2911,0.5);
#849=VECTOR('',#2918,0.5);
#850=VECTOR('',#2925,7.99999997488346);
#851=VECTOR('',#2928,7.99999999999946);
#852=VECTOR('',#2933,7.99999999999946);
#853=VECTOR('',#2936,7.99999999318446);
#854=VECTOR('',#2943,7.99999999999946);
#855=VECTOR('',#2954,7.99999997488346);
#856=VECTOR('',#2959,0.5);
#857=VECTOR('',#2960,7.99999999999946);
#858=VECTOR('',#2961,0.500000000000001);
#859=VECTOR('',#2968,0.5);
#860=VECTOR('',#2973,7.99999999999946);
#861=VECTOR('',#2974,0.5);
#862=VECTOR('',#2983,7.99999999999946);
#863=VECTOR('',#2986,7.99999999318446);
#864=VECTOR('',#2993,7.99999999999946);
#865=VECTOR('',#3004,7.99999997488346);
#866=VECTOR('',#3009,0.5);
#867=VECTOR('',#3010,7.99999999999946);
#868=VECTOR('',#3011,0.500000000000001);
#869=VECTOR('',#3018,0.5);
#870=VECTOR('',#3023,7.99999999999946);
#871=VECTOR('',#3024,0.5);
#872=VECTOR('',#3033,8.00000000000003);
#873=VECTOR('',#3036,7.99999999318446);
#874=VECTOR('',#3043,7.99999999999946);
#875=VECTOR('',#3054,7.99999997488346);
#876=VECTOR('',#3059,0.5);
#877=VECTOR('',#3060,7.99999999999946);
#878=VECTOR('',#3061,0.500000000000001);
#879=VECTOR('',#3068,0.5);
#880=VECTOR('',#3073,7.99999999999946);
#881=VECTOR('',#3074,0.5);
#882=VECTOR('',#3083,7.99999999999946);
#883=VECTOR('',#3086,7.99999999318446);
#884=VECTOR('',#3093,7.99999999999946);
#885=VECTOR('',#3104,7.99999997488346);
#886=VECTOR('',#3109,0.5);
#887=VECTOR('',#3110,7.99999999999946);
#888=VECTOR('',#3111,0.500000000000001);
#889=VECTOR('',#3118,0.5);
#890=VECTOR('',#3123,7.99999999999946);
#891=VECTOR('',#3124,0.5);
#892=VECTOR('',#3137,1.5);
#893=VECTOR('',#3156,1.5);
#894=VERTEX_POINT('',#3171);
#895=VERTEX_POINT('',#3172);
#896=VERTEX_POINT('',#3174);
#897=VERTEX_POINT('',#3176);
#898=VERTEX_POINT('',#3180);
#899=VERTEX_POINT('',#3181);
#900=VERTEX_POINT('',#3183);
#901=VERTEX_POINT('',#3185);
#902=VERTEX_POINT('',#3187);
#903=VERTEX_POINT('',#3189);
#904=VERTEX_POINT('',#3191);
#905=VERTEX_POINT('',#3193);
#906=VERTEX_POINT('',#3196);
#907=VERTEX_POINT('',#3197);
#908=VERTEX_POINT('',#3199);
#909=VERTEX_POINT('',#3201);
#910=VERTEX_POINT('',#3203);
#911=VERTEX_POINT('',#3205);
#912=VERTEX_POINT('',#3207);
#913=VERTEX_POINT('',#3210);
#914=VERTEX_POINT('',#3211);
#915=VERTEX_POINT('',#3213);
#916=VERTEX_POINT('',#3215);
#917=VERTEX_POINT('',#3217);
#918=VERTEX_POINT('',#3219);
#919=VERTEX_POINT('',#3221);
#920=VERTEX_POINT('',#3223);
#921=VERTEX_POINT('',#3225);
#922=VERTEX_POINT('',#3227);
#923=VERTEX_POINT('',#3229);
#924=VERTEX_POINT('',#3232);
#925=VERTEX_POINT('',#3234);
#926=VERTEX_POINT('',#3236);
#927=VERTEX_POINT('',#3240);
#928=VERTEX_POINT('',#3241);
#929=VERTEX_POINT('',#3243);
#930=VERTEX_POINT('',#3245);
#931=VERTEX_POINT('',#3247);
#932=VERTEX_POINT('',#3249);
#933=VERTEX_POINT('',#3251);
#934=VERTEX_POINT('',#3253);
#935=VERTEX_POINT('',#3255);
#936=VERTEX_POINT('',#3257);
#937=VERTEX_POINT('',#3261);
#938=VERTEX_POINT('',#3263);
#939=VERTEX_POINT('',#3267);
#940=VERTEX_POINT('',#3268);
#941=VERTEX_POINT('',#3270);
#942=VERTEX_POINT('',#3272);
#943=VERTEX_POINT('',#3275);
#944=VERTEX_POINT('',#3277);
#945=VERTEX_POINT('',#3279);
#946=VERTEX_POINT('',#3281);
#947=VERTEX_POINT('',#3283);
#948=VERTEX_POINT('',#3287);
#949=VERTEX_POINT('',#3289);
#950=VERTEX_POINT('',#3293);
#951=VERTEX_POINT('',#3294);
#952=VERTEX_POINT('',#3296);
#953=VERTEX_POINT('',#3301);
#954=VERTEX_POINT('',#3303);
#955=VERTEX_POINT('',#3307);
#956=VERTEX_POINT('',#3309);
#957=VERTEX_POINT('',#3311);
#958=VERTEX_POINT('',#3313);
#959=VERTEX_POINT('',#3315);
#960=VERTEX_POINT('',#3318);
#961=VERTEX_POINT('',#3325);
#962=VERTEX_POINT('',#3329);
#963=VERTEX_POINT('',#3334);
#964=VERTEX_POINT('',#3336);
#965=VERTEX_POINT('',#3343);
#966=VERTEX_POINT('',#3344);
#967=VERTEX_POINT('',#3346);
#968=VERTEX_POINT('',#3348);
#969=VERTEX_POINT('',#3351);
#970=VERTEX_POINT('',#3352);
#971=VERTEX_POINT('',#3354);
#972=VERTEX_POINT('',#3356);
#973=VERTEX_POINT('',#3359);
#974=VERTEX_POINT('',#3360);
#975=VERTEX_POINT('',#3362);
#976=VERTEX_POINT('',#3364);
#977=VERTEX_POINT('',#3368);
#978=VERTEX_POINT('',#3370);
#979=VERTEX_POINT('',#3374);
#980=VERTEX_POINT('',#3378);
#981=VERTEX_POINT('',#3385);
#982=VERTEX_POINT('',#3387);
#983=VERTEX_POINT('',#3391);
#984=VERTEX_POINT('',#3395);
#985=VERTEX_POINT('',#3402);
#986=VERTEX_POINT('',#3404);
#987=VERTEX_POINT('',#3408);
#988=VERTEX_POINT('',#3412);
#989=VERTEX_POINT('',#3423);
#990=VERTEX_POINT('',#3425);
#991=VERTEX_POINT('',#3427);
#992=VERTEX_POINT('',#3430);
#993=VERTEX_POINT('',#3435);
#994=VERTEX_POINT('',#3440);
#995=VERTEX_POINT('',#3450);
#996=VERTEX_POINT('',#3452);
#997=VERTEX_POINT('',#3456);
#998=VERTEX_POINT('',#3460);
#999=VERTEX_POINT('',#3464);
#1000=VERTEX_POINT('',#3468);
#1001=VERTEX_POINT('',#3472);
#1002=VERTEX_POINT('',#3479);
#1003=VERTEX_POINT('',#3480);
#1004=VERTEX_POINT('',#3482);
#1005=VERTEX_POINT('',#3484);
#1006=VERTEX_POINT('',#3486);
#1007=VERTEX_POINT('',#3489);
#1008=VERTEX_POINT('',#3491);
#1009=VERTEX_POINT('',#3493);
#1010=VERTEX_POINT('',#3495);
#1011=VERTEX_POINT('',#3497);
#1012=VERTEX_POINT('',#3499);
#1013=VERTEX_POINT('',#3501);
#1014=VERTEX_POINT('',#3503);
#1015=VERTEX_POINT('',#3505);
#1016=VERTEX_POINT('',#3508);
#1017=VERTEX_POINT('',#3509);
#1018=VERTEX_POINT('',#3511);
#1019=VERTEX_POINT('',#3513);
#1020=VERTEX_POINT('',#3515);
#1021=VERTEX_POINT('',#3517);
#1022=VERTEX_POINT('',#3519);
#1023=VERTEX_POINT('',#3521);
#1024=VERTEX_POINT('',#3523);
#1025=VERTEX_POINT('',#3525);
#1026=VERTEX_POINT('',#3578);
#1027=VERTEX_POINT('',#3579);
#1028=VERTEX_POINT('',#3581);
#1029=VERTEX_POINT('',#3583);
#1030=VERTEX_POINT('',#3587);
#1031=VERTEX_POINT('',#3589);
#1032=VERTEX_POINT('',#3593);
#1033=VERTEX_POINT('',#3597);
#1034=VERTEX_POINT('',#3599);
#1035=VERTEX_POINT('',#3603);
#1036=VERTEX_POINT('',#3607);
#1037=VERTEX_POINT('',#3609);
#1038=VERTEX_POINT('',#3620);
#1039=VERTEX_POINT('',#3621);
#1040=VERTEX_POINT('',#3623);
#1041=VERTEX_POINT('',#3625);
#1042=VERTEX_POINT('',#3629);
#1043=VERTEX_POINT('',#3631);
#1044=VERTEX_POINT('',#3635);
#1045=VERTEX_POINT('',#3639);
#1046=VERTEX_POINT('',#3643);
#1047=VERTEX_POINT('',#3645);
#1048=VERTEX_POINT('',#3650);
#1049=VERTEX_POINT('',#3655);
#1050=VERTEX_POINT('',#3662);
#1051=VERTEX_POINT('',#3663);
#1052=VERTEX_POINT('',#3665);
#1053=VERTEX_POINT('',#3667);
#1054=VERTEX_POINT('',#3671);
#1055=VERTEX_POINT('',#3673);
#1056=VERTEX_POINT('',#3677);
#1057=VERTEX_POINT('',#3681);
#1058=VERTEX_POINT('',#3685);
#1059=VERTEX_POINT('',#3687);
#1060=VERTEX_POINT('',#3692);
#1061=VERTEX_POINT('',#3697);
#1062=VERTEX_POINT('',#3704);
#1063=VERTEX_POINT('',#3705);
#1064=VERTEX_POINT('',#3707);
#1065=VERTEX_POINT('',#3709);
#1066=VERTEX_POINT('',#3713);
#1067=VERTEX_POINT('',#3715);
#1068=VERTEX_POINT('',#3719);
#1069=VERTEX_POINT('',#3723);
#1070=VERTEX_POINT('',#3727);
#1071=VERTEX_POINT('',#3729);
#1072=VERTEX_POINT('',#3734);
#1073=VERTEX_POINT('',#3739);
#1074=VERTEX_POINT('',#3746);
#1075=VERTEX_POINT('',#3747);
#1076=VERTEX_POINT('',#3749);
#1077=VERTEX_POINT('',#3751);
#1078=VERTEX_POINT('',#3755);
#1079=VERTEX_POINT('',#3757);
#1080=VERTEX_POINT('',#3761);
#1081=VERTEX_POINT('',#3765);
#1082=VERTEX_POINT('',#3769);
#1083=VERTEX_POINT('',#3771);
#1084=VERTEX_POINT('',#3776);
#1085=VERTEX_POINT('',#3781);
#1086=VERTEX_POINT('',#3788);
#1087=VERTEX_POINT('',#3791);
#1088=VERTEX_POINT('',#3793);
#1089=VERTEX_POINT('',#3797);
#1090=VERTEX_POINT('',#3802);
#1091=VERTEX_POINT('',#3805);
#1092=VERTEX_POINT('',#3807);
#1093=VERTEX_POINT('',#3811);
#1094=EDGE_CURVE('',#894,#895,#462,.T.);
#1095=EDGE_CURVE('',#895,#896,#463,.T.);
#1096=EDGE_CURVE('',#897,#896,#464,.T.);
#1097=EDGE_CURVE('',#894,#897,#465,.T.);
#1098=EDGE_CURVE('',#898,#899,#466,.T.);
#1099=EDGE_CURVE('',#898,#900,#467,.T.);
#1100=EDGE_CURVE('',#901,#900,#468,.T.);
#1101=EDGE_CURVE('',#902,#901,#103,.T.);
#1102=EDGE_CURVE('',#903,#902,#469,.T.);
#1103=EDGE_CURVE('',#904,#903,#104,.T.);
#1104=EDGE_CURVE('',#905,#904,#470,.T.);
#1105=EDGE_CURVE('',#899,#905,#471,.T.);
#1106=EDGE_CURVE('',#906,#907,#472,.T.);
#1107=EDGE_CURVE('',#908,#906,#473,.T.);
#1108=EDGE_CURVE('',#909,#908,#474,.T.);
#1109=EDGE_CURVE('',#910,#909,#475,.T.);
#1110=EDGE_CURVE('',#911,#910,#476,.T.);
#1111=EDGE_CURVE('',#912,#911,#477,.T.);
#1112=EDGE_CURVE('',#907,#912,#478,.T.);
#1113=EDGE_CURVE('',#913,#914,#479,.T.);
#1114=EDGE_CURVE('',#915,#913,#480,.T.);
#1115=EDGE_CURVE('',#916,#915,#481,.T.);
#1116=EDGE_CURVE('',#917,#916,#482,.T.);
#1117=EDGE_CURVE('',#918,#917,#483,.T.);
#1118=EDGE_CURVE('',#919,#918,#484,.T.);
#1119=EDGE_CURVE('',#920,#919,#485,.T.);
#1120=EDGE_CURVE('',#921,#920,#486,.T.);
#1121=EDGE_CURVE('',#922,#921,#487,.T.);
#1122=EDGE_CURVE('',#923,#922,#488,.T.);
#1123=EDGE_CURVE('',#895,#923,#489,.T.);
#1124=EDGE_CURVE('',#924,#894,#490,.T.);
#1125=EDGE_CURVE('',#925,#924,#491,.T.);
#1126=EDGE_CURVE('',#926,#925,#492,.T.);
#1127=EDGE_CURVE('',#914,#926,#493,.T.);
#1128=EDGE_CURVE('',#927,#928,#494,.T.);
#1129=EDGE_CURVE('',#929,#927,#495,.T.);
#1130=EDGE_CURVE('',#930,#929,#496,.T.);
#1131=EDGE_CURVE('',#931,#930,#497,.T.);
#1132=EDGE_CURVE('',#932,#931,#498,.T.);
#1133=EDGE_CURVE('',#933,#932,#499,.T.);
#1134=EDGE_CURVE('',#934,#933,#500,.T.);
#1135=EDGE_CURVE('',#935,#934,#501,.T.);
#1136=EDGE_CURVE('',#936,#935,#502,.T.);
#1137=EDGE_CURVE('',#928,#936,#503,.T.);
#1138=EDGE_CURVE('',#899,#937,#41,.T.);
#1139=EDGE_CURVE('',#938,#937,#504,.T.);
#1140=EDGE_CURVE('',#938,#898,#42,.T.);
#1141=EDGE_CURVE('',#939,#940,#505,.T.);
#1142=EDGE_CURVE('',#941,#940,#506,.T.);
#1143=EDGE_CURVE('',#942,#941,#43,.T.);
#1144=EDGE_CURVE('',#937,#942,#507,.T.);
#1145=EDGE_CURVE('',#943,#905,#508,.T.);
#1146=EDGE_CURVE('',#943,#944,#509,.T.);
#1147=EDGE_CURVE('',#945,#944,#44,.T.);
#1148=EDGE_CURVE('',#946,#945,#510,.T.);
#1149=EDGE_CURVE('',#947,#946,#45,.T.);
#1150=EDGE_CURVE('',#947,#939,#511,.T.);
#1151=EDGE_CURVE('',#948,#940,#105,.T.);
#1152=EDGE_CURVE('',#939,#949,#106,.T.);
#1153=EDGE_CURVE('',#949,#948,#512,.T.);
#1154=EDGE_CURVE('',#950,#951,#107,.T.);
#1155=EDGE_CURVE('',#950,#952,#513,.T.);
#1156=EDGE_CURVE('',#941,#952,#514,.T.);
#1157=EDGE_CURVE('',#948,#951,#515,.T.);
#1158=EDGE_CURVE('',#953,#951,#516,.T.);
#1159=EDGE_CURVE('',#953,#954,#108,.T.);
#1160=EDGE_CURVE('',#954,#950,#517,.T.);
#1161=EDGE_CURVE('',#954,#955,#518,.T.);
#1162=EDGE_CURVE('',#956,#955,#46,.T.);
#1163=EDGE_CURVE('',#957,#956,#519,.T.);
#1164=EDGE_CURVE('',#958,#957,#47,.T.);
#1165=EDGE_CURVE('',#959,#958,#520,.T.);
#1166=EDGE_CURVE('',#959,#900,#521,.T.);
#1167=EDGE_CURVE('',#960,#938,#522,.T.);
#1168=EDGE_CURVE('',#952,#960,#48,.T.);
#1169=EDGE_CURVE('',#942,#960,#523,.T.);
#1170=EDGE_CURVE('',#901,#961,#524,.T.);
#1171=EDGE_CURVE('',#959,#961,#525,.T.);
#1172=EDGE_CURVE('',#961,#962,#109,.T.);
#1173=EDGE_CURVE('',#902,#962,#526,.T.);
#1174=EDGE_CURVE('',#944,#958,#527,.T.);
#1175=EDGE_CURVE('',#943,#963,#528,.T.);
#1176=EDGE_CURVE('',#964,#963,#110,.T.);
#1177=EDGE_CURVE('',#964,#962,#529,.T.);
#1178=EDGE_CURVE('',#945,#957,#530,.T.);
#1179=EDGE_CURVE('',#956,#946,#531,.T.);
#1180=EDGE_CURVE('',#965,#966,#532,.T.);
#1181=EDGE_CURVE('',#966,#967,#49,.T.);
#1182=EDGE_CURVE('',#967,#968,#533,.T.);
#1183=EDGE_CURVE('',#968,#965,#50,.T.);
#1184=EDGE_CURVE('',#969,#970,#534,.T.);
#1185=EDGE_CURVE('',#970,#971,#51,.T.);
#1186=EDGE_CURVE('',#971,#972,#535,.T.);
#1187=EDGE_CURVE('',#972,#969,#52,.T.);
#1188=EDGE_CURVE('',#973,#974,#536,.T.);
#1189=EDGE_CURVE('',#974,#975,#53,.T.);
#1190=EDGE_CURVE('',#975,#976,#537,.T.);
#1191=EDGE_CURVE('',#976,#973,#54,.T.);
#1192=EDGE_CURVE('',#973,#977,#538,.T.);
#1193=EDGE_CURVE('',#977,#978,#539,.T.);
#1194=EDGE_CURVE('',#974,#978,#540,.T.);
#1195=EDGE_CURVE('',#978,#979,#111,.T.);
#1196=EDGE_CURVE('',#975,#979,#541,.T.);
#1197=EDGE_CURVE('',#979,#980,#542,.T.);
#1198=EDGE_CURVE('',#976,#980,#543,.T.);
#1199=EDGE_CURVE('',#980,#977,#112,.T.);
#1200=EDGE_CURVE('',#965,#981,#544,.T.);
#1201=EDGE_CURVE('',#981,#982,#545,.T.);
#1202=EDGE_CURVE('',#966,#982,#546,.T.);
#1203=EDGE_CURVE('',#982,#983,#113,.T.);
#1204=EDGE_CURVE('',#967,#983,#547,.T.);
#1205=EDGE_CURVE('',#983,#984,#548,.T.);
#1206=EDGE_CURVE('',#968,#984,#549,.T.);
#1207=EDGE_CURVE('',#984,#981,#114,.T.);
#1208=EDGE_CURVE('',#969,#985,#550,.T.);
#1209=EDGE_CURVE('',#985,#986,#551,.T.);
#1210=EDGE_CURVE('',#970,#986,#552,.T.);
#1211=EDGE_CURVE('',#986,#987,#115,.T.);
#1212=EDGE_CURVE('',#971,#987,#553,.T.);
#1213=EDGE_CURVE('',#987,#988,#554,.T.);
#1214=EDGE_CURVE('',#972,#988,#555,.T.);
#1215=EDGE_CURVE('',#988,#985,#116,.T.);
#1216=EDGE_CURVE('',#955,#947,#556,.T.);
#1217=EDGE_CURVE('',#949,#953,#557,.T.);
#1218=EDGE_CURVE('',#989,#989,#117,.T.);
#1219=EDGE_CURVE('',#990,#990,#118,.T.);
#1220=EDGE_CURVE('',#991,#991,#119,.T.);
#1221=EDGE_CURVE('',#992,#992,#120,.T.);
#1222=EDGE_CURVE('',#992,#991,#558,.T.);
#1223=EDGE_CURVE('',#993,#993,#121,.T.);
#1224=EDGE_CURVE('',#993,#989,#559,.T.);
#1225=EDGE_CURVE('',#994,#994,#122,.T.);
#1226=EDGE_CURVE('',#994,#990,#560,.T.);
#1227=EDGE_CURVE('',#964,#903,#561,.T.);
#1228=EDGE_CURVE('',#963,#904,#562,.T.);
#1229=EDGE_CURVE('',#907,#995,#563,.T.);
#1230=EDGE_CURVE('',#996,#995,#564,.T.);
#1231=EDGE_CURVE('',#906,#996,#565,.T.);
#1232=EDGE_CURVE('',#997,#996,#566,.T.);
#1233=EDGE_CURVE('',#908,#997,#567,.T.);
#1234=EDGE_CURVE('',#998,#997,#568,.T.);
#1235=EDGE_CURVE('',#909,#998,#569,.T.);
#1236=EDGE_CURVE('',#999,#998,#570,.T.);
#1237=EDGE_CURVE('',#910,#999,#571,.T.);
#1238=EDGE_CURVE('',#1000,#999,#572,.T.);
#1239=EDGE_CURVE('',#911,#1000,#573,.T.);
#1240=EDGE_CURVE('',#1001,#1000,#574,.T.);
#1241=EDGE_CURVE('',#912,#1001,#575,.T.);
#1242=EDGE_CURVE('',#995,#1001,#576,.T.);
#1243=EDGE_CURVE('',#1002,#1003,#577,.T.);
#1244=EDGE_CURVE('',#1003,#1004,#578,.T.);
#1245=EDGE_CURVE('',#1004,#1005,#579,.T.);
#1246=EDGE_CURVE('',#1005,#1006,#580,.T.);
#1247=EDGE_CURVE('',#1006,#897,#581,.T.);
#1248=EDGE_CURVE('',#896,#1007,#582,.T.);
#1249=EDGE_CURVE('',#1007,#1008,#583,.T.);
#1250=EDGE_CURVE('',#1008,#1009,#584,.T.);
#1251=EDGE_CURVE('',#1009,#1010,#585,.T.);
#1252=EDGE_CURVE('',#1010,#1011,#586,.T.);
#1253=EDGE_CURVE('',#1011,#1012,#587,.T.);
#1254=EDGE_CURVE('',#1012,#1013,#588,.T.);
#1255=EDGE_CURVE('',#1013,#1014,#589,.T.);
#1256=EDGE_CURVE('',#1014,#1015,#590,.T.);
#1257=EDGE_CURVE('',#1015,#1002,#591,.T.);
#1258=EDGE_CURVE('',#1016,#1017,#592,.T.);
#1259=EDGE_CURVE('',#1017,#1018,#593,.T.);
#1260=EDGE_CURVE('',#1018,#1019,#594,.T.);
#1261=EDGE_CURVE('',#1019,#1020,#595,.T.);
#1262=EDGE_CURVE('',#1020,#1021,#596,.T.);
#1263=EDGE_CURVE('',#1021,#1022,#597,.T.);
#1264=EDGE_CURVE('',#1022,#1023,#598,.T.);
#1265=EDGE_CURVE('',#1023,#1024,#599,.T.);
#1266=EDGE_CURVE('',#1024,#1025,#600,.T.);
#1267=EDGE_CURVE('',#1025,#1016,#601,.T.);
#1268=EDGE_CURVE('',#914,#1003,#602,.T.);
#1269=EDGE_CURVE('',#913,#1002,#603,.T.);
#1270=EDGE_CURVE('',#915,#1015,#604,.T.);
#1271=EDGE_CURVE('',#916,#1014,#605,.T.);
#1272=EDGE_CURVE('',#917,#1013,#606,.T.);
#1273=EDGE_CURVE('',#918,#1012,#607,.T.);
#1274=EDGE_CURVE('',#919,#1011,#608,.T.);
#1275=EDGE_CURVE('',#920,#1010,#609,.T.);
#1276=EDGE_CURVE('',#921,#1009,#610,.T.);
#1277=EDGE_CURVE('',#922,#1008,#611,.T.);
#1278=EDGE_CURVE('',#923,#1007,#612,.T.);
#1279=EDGE_CURVE('',#926,#1004,#613,.T.);
#1280=EDGE_CURVE('',#925,#1005,#614,.T.);
#1281=EDGE_CURVE('',#924,#1006,#615,.T.);
#1282=EDGE_CURVE('',#928,#1017,#616,.T.);
#1283=EDGE_CURVE('',#927,#1016,#617,.T.);
#1284=EDGE_CURVE('',#929,#1025,#618,.T.);
#1285=EDGE_CURVE('',#930,#1024,#619,.T.);
#1286=EDGE_CURVE('',#931,#1023,#620,.T.);
#1287=EDGE_CURVE('',#932,#1022,#621,.T.);
#1288=EDGE_CURVE('',#933,#1021,#622,.T.);
#1289=EDGE_CURVE('',#934,#1020,#623,.T.);
#1290=EDGE_CURVE('',#935,#1019,#624,.T.);
#1291=EDGE_CURVE('',#936,#1018,#625,.T.);
#1292=EDGE_CURVE('',#1026,#1027,#626,.T.);
#1293=EDGE_CURVE('',#1027,#1028,#123,.T.);
#1294=EDGE_CURVE('',#1029,#1028,#627,.T.);
#1295=EDGE_CURVE('',#1026,#1029,#124,.T.);
#1296=EDGE_CURVE('',#1027,#1030,#125,.T.);
#1297=EDGE_CURVE('',#1031,#1026,#126,.T.);
#1298=EDGE_CURVE('',#1030,#1031,#628,.T.);
#1299=EDGE_CURVE('',#1030,#1032,#127,.T.);
#1300=EDGE_CURVE('',#1028,#1032,#128,.T.);
#1301=EDGE_CURVE('',#1033,#1032,#629,.T.);
#1302=EDGE_CURVE('',#1033,#1034,#129,.T.);
#1303=EDGE_CURVE('',#1034,#1028,#630,.T.);
#1304=EDGE_CURVE('',#1035,#1034,#631,.T.);
#1305=EDGE_CURVE('',#1029,#1035,#632,.T.);
#1306=EDGE_CURVE('',#1036,#1029,#130,.T.);
#1307=EDGE_CURVE('',#1035,#1037,#131,.T.);
#1308=EDGE_CURVE('',#1036,#1037,#633,.T.);
#1309=EDGE_CURVE('',#1031,#1036,#132,.T.);
#1310=EDGE_CURVE('',#1032,#1036,#634,.T.);
#1311=EDGE_CURVE('',#1033,#1037,#635,.T.);
#1312=EDGE_CURVE('',#1038,#1039,#636,.T.);
#1313=EDGE_CURVE('',#1039,#1040,#133,.T.);
#1314=EDGE_CURVE('',#1041,#1040,#637,.T.);
#1315=EDGE_CURVE('',#1038,#1041,#134,.T.);
#1316=EDGE_CURVE('',#1042,#1038,#135,.T.);
#1317=EDGE_CURVE('',#1043,#1042,#638,.T.);
#1318=EDGE_CURVE('',#1039,#1043,#136,.T.);
#1319=EDGE_CURVE('',#1044,#1041,#137,.T.);
#1320=EDGE_CURVE('',#1042,#1044,#138,.T.);
#1321=EDGE_CURVE('',#1045,#1044,#639,.T.);
#1322=EDGE_CURVE('',#1043,#1045,#139,.T.);
#1323=EDGE_CURVE('',#1044,#1046,#640,.T.);
#1324=EDGE_CURVE('',#1047,#1046,#641,.T.);
#1325=EDGE_CURVE('',#1047,#1045,#642,.T.);
#1326=EDGE_CURVE('',#1040,#1045,#140,.T.);
#1327=EDGE_CURVE('',#1047,#1048,#141,.T.);
#1328=EDGE_CURVE('',#1048,#1040,#643,.T.);
#1329=EDGE_CURVE('',#1049,#1048,#644,.T.);
#1330=EDGE_CURVE('',#1041,#1049,#645,.T.);
#1331=EDGE_CURVE('',#1049,#1046,#142,.T.);
#1332=EDGE_CURVE('',#1050,#1051,#646,.T.);
#1333=EDGE_CURVE('',#1051,#1052,#143,.T.);
#1334=EDGE_CURVE('',#1053,#1052,#647,.T.);
#1335=EDGE_CURVE('',#1050,#1053,#144,.T.);
#1336=EDGE_CURVE('',#1054,#1050,#145,.T.);
#1337=EDGE_CURVE('',#1055,#1054,#648,.T.);
#1338=EDGE_CURVE('',#1051,#1055,#146,.T.);
#1339=EDGE_CURVE('',#1056,#1053,#147,.T.);
#1340=EDGE_CURVE('',#1054,#1056,#148,.T.);
#1341=EDGE_CURVE('',#1057,#1056,#649,.T.);
#1342=EDGE_CURVE('',#1055,#1057,#149,.T.);
#1343=EDGE_CURVE('',#1056,#1058,#650,.T.);
#1344=EDGE_CURVE('',#1059,#1058,#651,.T.);
#1345=EDGE_CURVE('',#1059,#1057,#652,.T.);
#1346=EDGE_CURVE('',#1052,#1057,#150,.T.);
#1347=EDGE_CURVE('',#1059,#1060,#151,.T.);
#1348=EDGE_CURVE('',#1060,#1052,#653,.T.);
#1349=EDGE_CURVE('',#1061,#1060,#654,.T.);
#1350=EDGE_CURVE('',#1053,#1061,#655,.T.);
#1351=EDGE_CURVE('',#1061,#1058,#152,.T.);
#1352=EDGE_CURVE('',#1062,#1063,#656,.T.);
#1353=EDGE_CURVE('',#1063,#1064,#153,.T.);
#1354=EDGE_CURVE('',#1065,#1064,#657,.T.);
#1355=EDGE_CURVE('',#1062,#1065,#154,.T.);
#1356=EDGE_CURVE('',#1066,#1062,#155,.T.);
#1357=EDGE_CURVE('',#1067,#1066,#658,.T.);
#1358=EDGE_CURVE('',#1063,#1067,#156,.T.);
#1359=EDGE_CURVE('',#1068,#1065,#157,.T.);
#1360=EDGE_CURVE('',#1066,#1068,#158,.T.);
#1361=EDGE_CURVE('',#1069,#1068,#659,.T.);
#1362=EDGE_CURVE('',#1067,#1069,#159,.T.);
#1363=EDGE_CURVE('',#1068,#1070,#660,.T.);
#1364=EDGE_CURVE('',#1071,#1070,#661,.T.);
#1365=EDGE_CURVE('',#1071,#1069,#662,.T.);
#1366=EDGE_CURVE('',#1064,#1069,#160,.T.);
#1367=EDGE_CURVE('',#1071,#1072,#161,.T.);
#1368=EDGE_CURVE('',#1072,#1064,#663,.T.);
#1369=EDGE_CURVE('',#1073,#1072,#664,.T.);
#1370=EDGE_CURVE('',#1065,#1073,#665,.T.);
#1371=EDGE_CURVE('',#1073,#1070,#162,.T.);
#1372=EDGE_CURVE('',#1074,#1075,#666,.T.);
#1373=EDGE_CURVE('',#1075,#1076,#163,.T.);
#1374=EDGE_CURVE('',#1077,#1076,#667,.T.);
#1375=EDGE_CURVE('',#1074,#1077,#164,.T.);
#1376=EDGE_CURVE('',#1078,#1074,#165,.T.);
#1377=EDGE_CURVE('',#1079,#1078,#668,.T.);
#1378=EDGE_CURVE('',#1075,#1079,#166,.T.);
#1379=EDGE_CURVE('',#1080,#1077,#167,.T.);
#1380=EDGE_CURVE('',#1078,#1080,#168,.T.);
#1381=EDGE_CURVE('',#1081,#1080,#669,.T.);
#1382=EDGE_CURVE('',#1079,#1081,#169,.T.);
#1383=EDGE_CURVE('',#1080,#1082,#670,.T.);
#1384=EDGE_CURVE('',#1083,#1082,#671,.T.);
#1385=EDGE_CURVE('',#1083,#1081,#672,.T.);
#1386=EDGE_CURVE('',#1076,#1081,#170,.T.);
#1387=EDGE_CURVE('',#1083,#1084,#171,.T.);
#1388=EDGE_CURVE('',#1084,#1076,#673,.T.);
#1389=EDGE_CURVE('',#1085,#1084,#674,.T.);
#1390=EDGE_CURVE('',#1077,#1085,#675,.T.);
#1391=EDGE_CURVE('',#1085,#1082,#172,.T.);
#1392=EDGE_CURVE('',#1086,#1086,#173,.T.);
#1393=EDGE_CURVE('',#1086,#1087,#676,.T.);
#1394=EDGE_CURVE('',#1087,#1088,#174,.T.);
#1395=EDGE_CURVE('',#1088,#1087,#175,.T.);
#1396=EDGE_CURVE('',#1088,#1089,#176,.T.);
#1397=EDGE_CURVE('',#1089,#1089,#177,.T.);
#1398=EDGE_CURVE('',#1090,#1090,#178,.T.);
#1399=EDGE_CURVE('',#1090,#1091,#677,.T.);
#1400=EDGE_CURVE('',#1091,#1092,#179,.T.);
#1401=EDGE_CURVE('',#1092,#1091,#180,.T.);
#1402=EDGE_CURVE('',#1092,#1093,#181,.T.);
#1403=EDGE_CURVE('',#1093,#1093,#182,.T.);
#1404=ORIENTED_EDGE('',*,*,#1094,.T.);
#1405=ORIENTED_EDGE('',*,*,#1095,.T.);
#1406=ORIENTED_EDGE('',*,*,#1096,.F.);
#1407=ORIENTED_EDGE('',*,*,#1097,.F.);
#1408=ORIENTED_EDGE('',*,*,#1098,.F.);
#1409=ORIENTED_EDGE('',*,*,#1099,.T.);
#1410=ORIENTED_EDGE('',*,*,#1100,.F.);
#1411=ORIENTED_EDGE('',*,*,#1101,.F.);
#1412=ORIENTED_EDGE('',*,*,#1102,.F.);
#1413=ORIENTED_EDGE('',*,*,#1103,.F.);
#1414=ORIENTED_EDGE('',*,*,#1104,.F.);
#1415=ORIENTED_EDGE('',*,*,#1105,.F.);
#1416=ORIENTED_EDGE('',*,*,#1106,.F.);
#1417=ORIENTED_EDGE('',*,*,#1107,.F.);
#1418=ORIENTED_EDGE('',*,*,#1108,.F.);
#1419=ORIENTED_EDGE('',*,*,#1109,.F.);
#1420=ORIENTED_EDGE('',*,*,#1110,.F.);
#1421=ORIENTED_EDGE('',*,*,#1111,.F.);
#1422=ORIENTED_EDGE('',*,*,#1112,.F.);
#1423=ORIENTED_EDGE('',*,*,#1113,.F.);
#1424=ORIENTED_EDGE('',*,*,#1114,.F.);
#1425=ORIENTED_EDGE('',*,*,#1115,.F.);
#1426=ORIENTED_EDGE('',*,*,#1116,.F.);
#1427=ORIENTED_EDGE('',*,*,#1117,.F.);
#1428=ORIENTED_EDGE('',*,*,#1118,.F.);
#1429=ORIENTED_EDGE('',*,*,#1119,.F.);
#1430=ORIENTED_EDGE('',*,*,#1120,.F.);
#1431=ORIENTED_EDGE('',*,*,#1121,.F.);
#1432=ORIENTED_EDGE('',*,*,#1122,.F.);
#1433=ORIENTED_EDGE('',*,*,#1123,.F.);
#1434=ORIENTED_EDGE('',*,*,#1094,.F.);
#1435=ORIENTED_EDGE('',*,*,#1124,.F.);
#1436=ORIENTED_EDGE('',*,*,#1125,.F.);
#1437=ORIENTED_EDGE('',*,*,#1126,.F.);
#1438=ORIENTED_EDGE('',*,*,#1127,.F.);
#1439=ORIENTED_EDGE('',*,*,#1128,.F.);
#1440=ORIENTED_EDGE('',*,*,#1129,.F.);
#1441=ORIENTED_EDGE('',*,*,#1130,.F.);
#1442=ORIENTED_EDGE('',*,*,#1131,.F.);
#1443=ORIENTED_EDGE('',*,*,#1132,.F.);
#1444=ORIENTED_EDGE('',*,*,#1133,.F.);
#1445=ORIENTED_EDGE('',*,*,#1134,.F.);
#1446=ORIENTED_EDGE('',*,*,#1135,.F.);
#1447=ORIENTED_EDGE('',*,*,#1136,.F.);
#1448=ORIENTED_EDGE('',*,*,#1137,.F.);
#1449=ORIENTED_EDGE('',*,*,#1138,.T.);
#1450=ORIENTED_EDGE('',*,*,#1139,.F.);
#1451=ORIENTED_EDGE('',*,*,#1140,.T.);
#1452=ORIENTED_EDGE('',*,*,#1098,.T.);
#1453=ORIENTED_EDGE('',*,*,#1141,.T.);
#1454=ORIENTED_EDGE('',*,*,#1142,.F.);
#1455=ORIENTED_EDGE('',*,*,#1143,.F.);
#1456=ORIENTED_EDGE('',*,*,#1144,.F.);
#1457=ORIENTED_EDGE('',*,*,#1138,.F.);
#1458=ORIENTED_EDGE('',*,*,#1105,.T.);
#1459=ORIENTED_EDGE('',*,*,#1145,.F.);
#1460=ORIENTED_EDGE('',*,*,#1146,.T.);
#1461=ORIENTED_EDGE('',*,*,#1147,.F.);
#1462=ORIENTED_EDGE('',*,*,#1148,.F.);
#1463=ORIENTED_EDGE('',*,*,#1149,.F.);
#1464=ORIENTED_EDGE('',*,*,#1150,.T.);
#1465=ORIENTED_EDGE('',*,*,#1151,.T.);
#1466=ORIENTED_EDGE('',*,*,#1141,.F.);
#1467=ORIENTED_EDGE('',*,*,#1152,.T.);
#1468=ORIENTED_EDGE('',*,*,#1153,.T.);
#1469=ORIENTED_EDGE('',*,*,#1154,.F.);
#1470=ORIENTED_EDGE('',*,*,#1155,.T.);
#1471=ORIENTED_EDGE('',*,*,#1156,.F.);
#1472=ORIENTED_EDGE('',*,*,#1142,.T.);
#1473=ORIENTED_EDGE('',*,*,#1151,.F.);
#1474=ORIENTED_EDGE('',*,*,#1157,.T.);
#1475=ORIENTED_EDGE('',*,*,#1154,.T.);
#1476=ORIENTED_EDGE('',*,*,#1158,.F.);
#1477=ORIENTED_EDGE('',*,*,#1159,.T.);
#1478=ORIENTED_EDGE('',*,*,#1160,.T.);
#1479=ORIENTED_EDGE('',*,*,#1160,.F.);
#1480=ORIENTED_EDGE('',*,*,#1161,.T.);
#1481=ORIENTED_EDGE('',*,*,#1162,.F.);
#1482=ORIENTED_EDGE('',*,*,#1163,.F.);
#1483=ORIENTED_EDGE('',*,*,#1164,.F.);
#1484=ORIENTED_EDGE('',*,*,#1165,.F.);
#1485=ORIENTED_EDGE('',*,*,#1166,.T.);
#1486=ORIENTED_EDGE('',*,*,#1099,.F.);
#1487=ORIENTED_EDGE('',*,*,#1140,.F.);
#1488=ORIENTED_EDGE('',*,*,#1167,.F.);
#1489=ORIENTED_EDGE('',*,*,#1168,.F.);
#1490=ORIENTED_EDGE('',*,*,#1155,.F.);
#1491=ORIENTED_EDGE('',*,*,#1168,.T.);
#1492=ORIENTED_EDGE('',*,*,#1169,.F.);
#1493=ORIENTED_EDGE('',*,*,#1143,.T.);
#1494=ORIENTED_EDGE('',*,*,#1156,.T.);
#1495=ORIENTED_EDGE('',*,*,#1139,.T.);
#1496=ORIENTED_EDGE('',*,*,#1144,.T.);
#1497=ORIENTED_EDGE('',*,*,#1169,.T.);
#1498=ORIENTED_EDGE('',*,*,#1167,.T.);
#1499=ORIENTED_EDGE('',*,*,#1170,.F.);
#1500=ORIENTED_EDGE('',*,*,#1100,.T.);
#1501=ORIENTED_EDGE('',*,*,#1166,.F.);
#1502=ORIENTED_EDGE('',*,*,#1171,.T.);
#1503=ORIENTED_EDGE('',*,*,#1172,.T.);
#1504=ORIENTED_EDGE('',*,*,#1173,.F.);
#1505=ORIENTED_EDGE('',*,*,#1101,.T.);
#1506=ORIENTED_EDGE('',*,*,#1170,.T.);
#1507=ORIENTED_EDGE('',*,*,#1174,.F.);
#1508=ORIENTED_EDGE('',*,*,#1146,.F.);
#1509=ORIENTED_EDGE('',*,*,#1175,.T.);
#1510=ORIENTED_EDGE('',*,*,#1176,.F.);
#1511=ORIENTED_EDGE('',*,*,#1177,.T.);
#1512=ORIENTED_EDGE('',*,*,#1172,.F.);
#1513=ORIENTED_EDGE('',*,*,#1171,.F.);
#1514=ORIENTED_EDGE('',*,*,#1165,.T.);
#1515=ORIENTED_EDGE('',*,*,#1164,.T.);
#1516=ORIENTED_EDGE('',*,*,#1178,.F.);
#1517=ORIENTED_EDGE('',*,*,#1147,.T.);
#1518=ORIENTED_EDGE('',*,*,#1174,.T.);
#1519=ORIENTED_EDGE('',*,*,#1178,.T.);
#1520=ORIENTED_EDGE('',*,*,#1163,.T.);
#1521=ORIENTED_EDGE('',*,*,#1179,.T.);
#1522=ORIENTED_EDGE('',*,*,#1148,.T.);
#1523=ORIENTED_EDGE('',*,*,#1180,.T.);
#1524=ORIENTED_EDGE('',*,*,#1181,.T.);
#1525=ORIENTED_EDGE('',*,*,#1182,.T.);
#1526=ORIENTED_EDGE('',*,*,#1183,.T.);
#1527=ORIENTED_EDGE('',*,*,#1184,.T.);
#1528=ORIENTED_EDGE('',*,*,#1185,.T.);
#1529=ORIENTED_EDGE('',*,*,#1186,.T.);
#1530=ORIENTED_EDGE('',*,*,#1187,.T.);
#1531=ORIENTED_EDGE('',*,*,#1188,.T.);
#1532=ORIENTED_EDGE('',*,*,#1189,.T.);
#1533=ORIENTED_EDGE('',*,*,#1190,.T.);
#1534=ORIENTED_EDGE('',*,*,#1191,.T.);
#1535=ORIENTED_EDGE('',*,*,#1188,.F.);
#1536=ORIENTED_EDGE('',*,*,#1192,.T.);
#1537=ORIENTED_EDGE('',*,*,#1193,.T.);
#1538=ORIENTED_EDGE('',*,*,#1194,.F.);
#1539=ORIENTED_EDGE('',*,*,#1189,.F.);
#1540=ORIENTED_EDGE('',*,*,#1194,.T.);
#1541=ORIENTED_EDGE('',*,*,#1195,.T.);
#1542=ORIENTED_EDGE('',*,*,#1196,.F.);
#1543=ORIENTED_EDGE('',*,*,#1190,.F.);
#1544=ORIENTED_EDGE('',*,*,#1196,.T.);
#1545=ORIENTED_EDGE('',*,*,#1197,.T.);
#1546=ORIENTED_EDGE('',*,*,#1198,.F.);
#1547=ORIENTED_EDGE('',*,*,#1191,.F.);
#1548=ORIENTED_EDGE('',*,*,#1198,.T.);
#1549=ORIENTED_EDGE('',*,*,#1199,.T.);
#1550=ORIENTED_EDGE('',*,*,#1192,.F.);
#1551=ORIENTED_EDGE('',*,*,#1193,.F.);
#1552=ORIENTED_EDGE('',*,*,#1199,.F.);
#1553=ORIENTED_EDGE('',*,*,#1197,.F.);
#1554=ORIENTED_EDGE('',*,*,#1195,.F.);
#1555=ORIENTED_EDGE('',*,*,#1180,.F.);
#1556=ORIENTED_EDGE('',*,*,#1200,.T.);
#1557=ORIENTED_EDGE('',*,*,#1201,.T.);
#1558=ORIENTED_EDGE('',*,*,#1202,.F.);
#1559=ORIENTED_EDGE('',*,*,#1181,.F.);
#1560=ORIENTED_EDGE('',*,*,#1202,.T.);
#1561=ORIENTED_EDGE('',*,*,#1203,.T.);
#1562=ORIENTED_EDGE('',*,*,#1204,.F.);
#1563=ORIENTED_EDGE('',*,*,#1182,.F.);
#1564=ORIENTED_EDGE('',*,*,#1204,.T.);
#1565=ORIENTED_EDGE('',*,*,#1205,.T.);
#1566=ORIENTED_EDGE('',*,*,#1206,.F.);
#1567=ORIENTED_EDGE('',*,*,#1183,.F.);
#1568=ORIENTED_EDGE('',*,*,#1206,.T.);
#1569=ORIENTED_EDGE('',*,*,#1207,.T.);
#1570=ORIENTED_EDGE('',*,*,#1200,.F.);
#1571=ORIENTED_EDGE('',*,*,#1201,.F.);
#1572=ORIENTED_EDGE('',*,*,#1207,.F.);
#1573=ORIENTED_EDGE('',*,*,#1205,.F.);
#1574=ORIENTED_EDGE('',*,*,#1203,.F.);
#1575=ORIENTED_EDGE('',*,*,#1184,.F.);
#1576=ORIENTED_EDGE('',*,*,#1208,.T.);
#1577=ORIENTED_EDGE('',*,*,#1209,.T.);
#1578=ORIENTED_EDGE('',*,*,#1210,.F.);
#1579=ORIENTED_EDGE('',*,*,#1185,.F.);
#1580=ORIENTED_EDGE('',*,*,#1210,.T.);
#1581=ORIENTED_EDGE('',*,*,#1211,.T.);
#1582=ORIENTED_EDGE('',*,*,#1212,.F.);
#1583=ORIENTED_EDGE('',*,*,#1186,.F.);
#1584=ORIENTED_EDGE('',*,*,#1212,.T.);
#1585=ORIENTED_EDGE('',*,*,#1213,.T.);
#1586=ORIENTED_EDGE('',*,*,#1214,.F.);
#1587=ORIENTED_EDGE('',*,*,#1187,.F.);
#1588=ORIENTED_EDGE('',*,*,#1214,.T.);
#1589=ORIENTED_EDGE('',*,*,#1215,.T.);
#1590=ORIENTED_EDGE('',*,*,#1208,.F.);
#1591=ORIENTED_EDGE('',*,*,#1209,.F.);
#1592=ORIENTED_EDGE('',*,*,#1215,.F.);
#1593=ORIENTED_EDGE('',*,*,#1213,.F.);
#1594=ORIENTED_EDGE('',*,*,#1211,.F.);
#1595=ORIENTED_EDGE('',*,*,#1149,.T.);
#1596=ORIENTED_EDGE('',*,*,#1179,.F.);
#1597=ORIENTED_EDGE('',*,*,#1162,.T.);
#1598=ORIENTED_EDGE('',*,*,#1216,.T.);
#1599=ORIENTED_EDGE('',*,*,#1159,.F.);
#1600=ORIENTED_EDGE('',*,*,#1217,.F.);
#1601=ORIENTED_EDGE('',*,*,#1152,.F.);
#1602=ORIENTED_EDGE('',*,*,#1150,.F.);
#1603=ORIENTED_EDGE('',*,*,#1216,.F.);
#1604=ORIENTED_EDGE('',*,*,#1161,.F.);
#1605=ORIENTED_EDGE('',*,*,#1158,.T.);
#1606=ORIENTED_EDGE('',*,*,#1157,.F.);
#1607=ORIENTED_EDGE('',*,*,#1153,.F.);
#1608=ORIENTED_EDGE('',*,*,#1217,.T.);
#1609=ORIENTED_EDGE('',*,*,#1218,.F.);
#1610=ORIENTED_EDGE('',*,*,#1219,.F.);
#1611=ORIENTED_EDGE('',*,*,#1220,.F.);
#1612=ORIENTED_EDGE('',*,*,#1221,.F.);
#1613=ORIENTED_EDGE('',*,*,#1222,.T.);
#1614=ORIENTED_EDGE('',*,*,#1220,.T.);
#1615=ORIENTED_EDGE('',*,*,#1222,.F.);
#1616=ORIENTED_EDGE('',*,*,#1221,.T.);
#1617=ORIENTED_EDGE('',*,*,#1223,.F.);
#1618=ORIENTED_EDGE('',*,*,#1224,.T.);
#1619=ORIENTED_EDGE('',*,*,#1218,.T.);
#1620=ORIENTED_EDGE('',*,*,#1224,.F.);
#1621=ORIENTED_EDGE('',*,*,#1223,.T.);
#1622=ORIENTED_EDGE('',*,*,#1225,.F.);
#1623=ORIENTED_EDGE('',*,*,#1226,.T.);
#1624=ORIENTED_EDGE('',*,*,#1219,.T.);
#1625=ORIENTED_EDGE('',*,*,#1226,.F.);
#1626=ORIENTED_EDGE('',*,*,#1225,.T.);
#1627=ORIENTED_EDGE('',*,*,#1173,.T.);
#1628=ORIENTED_EDGE('',*,*,#1177,.F.);
#1629=ORIENTED_EDGE('',*,*,#1227,.T.);
#1630=ORIENTED_EDGE('',*,*,#1102,.T.);
#1631=ORIENTED_EDGE('',*,*,#1103,.T.);
#1632=ORIENTED_EDGE('',*,*,#1227,.F.);
#1633=ORIENTED_EDGE('',*,*,#1176,.T.);
#1634=ORIENTED_EDGE('',*,*,#1228,.T.);
#1635=ORIENTED_EDGE('',*,*,#1228,.F.);
#1636=ORIENTED_EDGE('',*,*,#1175,.F.);
#1637=ORIENTED_EDGE('',*,*,#1145,.T.);
#1638=ORIENTED_EDGE('',*,*,#1104,.T.);
#1639=ORIENTED_EDGE('',*,*,#1106,.T.);
#1640=ORIENTED_EDGE('',*,*,#1229,.T.);
#1641=ORIENTED_EDGE('',*,*,#1230,.F.);
#1642=ORIENTED_EDGE('',*,*,#1231,.F.);
#1643=ORIENTED_EDGE('',*,*,#1107,.T.);
#1644=ORIENTED_EDGE('',*,*,#1231,.T.);
#1645=ORIENTED_EDGE('',*,*,#1232,.F.);
#1646=ORIENTED_EDGE('',*,*,#1233,.F.);
#1647=ORIENTED_EDGE('',*,*,#1108,.T.);
#1648=ORIENTED_EDGE('',*,*,#1233,.T.);
#1649=ORIENTED_EDGE('',*,*,#1234,.F.);
#1650=ORIENTED_EDGE('',*,*,#1235,.F.);
#1651=ORIENTED_EDGE('',*,*,#1109,.T.);
#1652=ORIENTED_EDGE('',*,*,#1235,.T.);
#1653=ORIENTED_EDGE('',*,*,#1236,.F.);
#1654=ORIENTED_EDGE('',*,*,#1237,.F.);
#1655=ORIENTED_EDGE('',*,*,#1110,.T.);
#1656=ORIENTED_EDGE('',*,*,#1237,.T.);
#1657=ORIENTED_EDGE('',*,*,#1238,.F.);
#1658=ORIENTED_EDGE('',*,*,#1239,.F.);
#1659=ORIENTED_EDGE('',*,*,#1111,.T.);
#1660=ORIENTED_EDGE('',*,*,#1239,.T.);
#1661=ORIENTED_EDGE('',*,*,#1240,.F.);
#1662=ORIENTED_EDGE('',*,*,#1241,.F.);
#1663=ORIENTED_EDGE('',*,*,#1112,.T.);
#1664=ORIENTED_EDGE('',*,*,#1241,.T.);
#1665=ORIENTED_EDGE('',*,*,#1242,.F.);
#1666=ORIENTED_EDGE('',*,*,#1229,.F.);
#1667=ORIENTED_EDGE('',*,*,#1230,.T.);
#1668=ORIENTED_EDGE('',*,*,#1242,.T.);
#1669=ORIENTED_EDGE('',*,*,#1240,.T.);
#1670=ORIENTED_EDGE('',*,*,#1238,.T.);
#1671=ORIENTED_EDGE('',*,*,#1236,.T.);
#1672=ORIENTED_EDGE('',*,*,#1234,.T.);
#1673=ORIENTED_EDGE('',*,*,#1232,.T.);
#1674=ORIENTED_EDGE('',*,*,#1243,.T.);
#1675=ORIENTED_EDGE('',*,*,#1244,.T.);
#1676=ORIENTED_EDGE('',*,*,#1245,.T.);
#1677=ORIENTED_EDGE('',*,*,#1246,.T.);
#1678=ORIENTED_EDGE('',*,*,#1247,.T.);
#1679=ORIENTED_EDGE('',*,*,#1096,.T.);
#1680=ORIENTED_EDGE('',*,*,#1248,.T.);
#1681=ORIENTED_EDGE('',*,*,#1249,.T.);
#1682=ORIENTED_EDGE('',*,*,#1250,.T.);
#1683=ORIENTED_EDGE('',*,*,#1251,.T.);
#1684=ORIENTED_EDGE('',*,*,#1252,.T.);
#1685=ORIENTED_EDGE('',*,*,#1253,.T.);
#1686=ORIENTED_EDGE('',*,*,#1254,.T.);
#1687=ORIENTED_EDGE('',*,*,#1255,.T.);
#1688=ORIENTED_EDGE('',*,*,#1256,.T.);
#1689=ORIENTED_EDGE('',*,*,#1257,.T.);
#1690=ORIENTED_EDGE('',*,*,#1258,.T.);
#1691=ORIENTED_EDGE('',*,*,#1259,.T.);
#1692=ORIENTED_EDGE('',*,*,#1260,.T.);
#1693=ORIENTED_EDGE('',*,*,#1261,.T.);
#1694=ORIENTED_EDGE('',*,*,#1262,.T.);
#1695=ORIENTED_EDGE('',*,*,#1263,.T.);
#1696=ORIENTED_EDGE('',*,*,#1264,.T.);
#1697=ORIENTED_EDGE('',*,*,#1265,.T.);
#1698=ORIENTED_EDGE('',*,*,#1266,.T.);
#1699=ORIENTED_EDGE('',*,*,#1267,.T.);
#1700=ORIENTED_EDGE('',*,*,#1113,.T.);
#1701=ORIENTED_EDGE('',*,*,#1268,.T.);
#1702=ORIENTED_EDGE('',*,*,#1243,.F.);
#1703=ORIENTED_EDGE('',*,*,#1269,.F.);
#1704=ORIENTED_EDGE('',*,*,#1114,.T.);
#1705=ORIENTED_EDGE('',*,*,#1269,.T.);
#1706=ORIENTED_EDGE('',*,*,#1257,.F.);
#1707=ORIENTED_EDGE('',*,*,#1270,.F.);
#1708=ORIENTED_EDGE('',*,*,#1115,.T.);
#1709=ORIENTED_EDGE('',*,*,#1270,.T.);
#1710=ORIENTED_EDGE('',*,*,#1256,.F.);
#1711=ORIENTED_EDGE('',*,*,#1271,.F.);
#1712=ORIENTED_EDGE('',*,*,#1116,.T.);
#1713=ORIENTED_EDGE('',*,*,#1271,.T.);
#1714=ORIENTED_EDGE('',*,*,#1255,.F.);
#1715=ORIENTED_EDGE('',*,*,#1272,.F.);
#1716=ORIENTED_EDGE('',*,*,#1117,.T.);
#1717=ORIENTED_EDGE('',*,*,#1272,.T.);
#1718=ORIENTED_EDGE('',*,*,#1254,.F.);
#1719=ORIENTED_EDGE('',*,*,#1273,.F.);
#1720=ORIENTED_EDGE('',*,*,#1118,.T.);
#1721=ORIENTED_EDGE('',*,*,#1273,.T.);
#1722=ORIENTED_EDGE('',*,*,#1253,.F.);
#1723=ORIENTED_EDGE('',*,*,#1274,.F.);
#1724=ORIENTED_EDGE('',*,*,#1119,.T.);
#1725=ORIENTED_EDGE('',*,*,#1274,.T.);
#1726=ORIENTED_EDGE('',*,*,#1252,.F.);
#1727=ORIENTED_EDGE('',*,*,#1275,.F.);
#1728=ORIENTED_EDGE('',*,*,#1120,.T.);
#1729=ORIENTED_EDGE('',*,*,#1275,.T.);
#1730=ORIENTED_EDGE('',*,*,#1251,.F.);
#1731=ORIENTED_EDGE('',*,*,#1276,.F.);
#1732=ORIENTED_EDGE('',*,*,#1121,.T.);
#1733=ORIENTED_EDGE('',*,*,#1276,.T.);
#1734=ORIENTED_EDGE('',*,*,#1250,.F.);
#1735=ORIENTED_EDGE('',*,*,#1277,.F.);
#1736=ORIENTED_EDGE('',*,*,#1122,.T.);
#1737=ORIENTED_EDGE('',*,*,#1277,.T.);
#1738=ORIENTED_EDGE('',*,*,#1249,.F.);
#1739=ORIENTED_EDGE('',*,*,#1278,.F.);
#1740=ORIENTED_EDGE('',*,*,#1123,.T.);
#1741=ORIENTED_EDGE('',*,*,#1278,.T.);
#1742=ORIENTED_EDGE('',*,*,#1248,.F.);
#1743=ORIENTED_EDGE('',*,*,#1095,.F.);
#1744=ORIENTED_EDGE('',*,*,#1127,.T.);
#1745=ORIENTED_EDGE('',*,*,#1279,.T.);
#1746=ORIENTED_EDGE('',*,*,#1244,.F.);
#1747=ORIENTED_EDGE('',*,*,#1268,.F.);
#1748=ORIENTED_EDGE('',*,*,#1126,.T.);
#1749=ORIENTED_EDGE('',*,*,#1280,.T.);
#1750=ORIENTED_EDGE('',*,*,#1245,.F.);
#1751=ORIENTED_EDGE('',*,*,#1279,.F.);
#1752=ORIENTED_EDGE('',*,*,#1125,.T.);
#1753=ORIENTED_EDGE('',*,*,#1281,.T.);
#1754=ORIENTED_EDGE('',*,*,#1246,.F.);
#1755=ORIENTED_EDGE('',*,*,#1280,.F.);
#1756=ORIENTED_EDGE('',*,*,#1124,.T.);
#1757=ORIENTED_EDGE('',*,*,#1097,.T.);
#1758=ORIENTED_EDGE('',*,*,#1247,.F.);
#1759=ORIENTED_EDGE('',*,*,#1281,.F.);
#1760=ORIENTED_EDGE('',*,*,#1128,.T.);
#1761=ORIENTED_EDGE('',*,*,#1282,.T.);
#1762=ORIENTED_EDGE('',*,*,#1258,.F.);
#1763=ORIENTED_EDGE('',*,*,#1283,.F.);
#1764=ORIENTED_EDGE('',*,*,#1129,.T.);
#1765=ORIENTED_EDGE('',*,*,#1283,.T.);
#1766=ORIENTED_EDGE('',*,*,#1267,.F.);
#1767=ORIENTED_EDGE('',*,*,#1284,.F.);
#1768=ORIENTED_EDGE('',*,*,#1130,.T.);
#1769=ORIENTED_EDGE('',*,*,#1284,.T.);
#1770=ORIENTED_EDGE('',*,*,#1266,.F.);
#1771=ORIENTED_EDGE('',*,*,#1285,.F.);
#1772=ORIENTED_EDGE('',*,*,#1131,.T.);
#1773=ORIENTED_EDGE('',*,*,#1285,.T.);
#1774=ORIENTED_EDGE('',*,*,#1265,.F.);
#1775=ORIENTED_EDGE('',*,*,#1286,.F.);
#1776=ORIENTED_EDGE('',*,*,#1132,.T.);
#1777=ORIENTED_EDGE('',*,*,#1286,.T.);
#1778=ORIENTED_EDGE('',*,*,#1264,.F.);
#1779=ORIENTED_EDGE('',*,*,#1287,.F.);
#1780=ORIENTED_EDGE('',*,*,#1133,.T.);
#1781=ORIENTED_EDGE('',*,*,#1287,.T.);
#1782=ORIENTED_EDGE('',*,*,#1263,.F.);
#1783=ORIENTED_EDGE('',*,*,#1288,.F.);
#1784=ORIENTED_EDGE('',*,*,#1134,.T.);
#1785=ORIENTED_EDGE('',*,*,#1288,.T.);
#1786=ORIENTED_EDGE('',*,*,#1262,.F.);
#1787=ORIENTED_EDGE('',*,*,#1289,.F.);
#1788=ORIENTED_EDGE('',*,*,#1135,.T.);
#1789=ORIENTED_EDGE('',*,*,#1289,.T.);
#1790=ORIENTED_EDGE('',*,*,#1261,.F.);
#1791=ORIENTED_EDGE('',*,*,#1290,.F.);
#1792=ORIENTED_EDGE('',*,*,#1136,.T.);
#1793=ORIENTED_EDGE('',*,*,#1290,.T.);
#1794=ORIENTED_EDGE('',*,*,#1260,.F.);
#1795=ORIENTED_EDGE('',*,*,#1291,.F.);
#1796=ORIENTED_EDGE('',*,*,#1137,.T.);
#1797=ORIENTED_EDGE('',*,*,#1291,.T.);
#1798=ORIENTED_EDGE('',*,*,#1259,.F.);
#1799=ORIENTED_EDGE('',*,*,#1282,.F.);
#1800=ORIENTED_EDGE('',*,*,#1292,.T.);
#1801=ORIENTED_EDGE('',*,*,#1293,.T.);
#1802=ORIENTED_EDGE('',*,*,#1294,.F.);
#1803=ORIENTED_EDGE('',*,*,#1295,.F.);
#1804=ORIENTED_EDGE('',*,*,#1296,.F.);
#1805=ORIENTED_EDGE('',*,*,#1292,.F.);
#1806=ORIENTED_EDGE('',*,*,#1297,.F.);
#1807=ORIENTED_EDGE('',*,*,#1298,.F.);
#1808=ORIENTED_EDGE('',*,*,#1296,.T.);
#1809=ORIENTED_EDGE('',*,*,#1299,.T.);
#1810=ORIENTED_EDGE('',*,*,#1300,.F.);
#1811=ORIENTED_EDGE('',*,*,#1293,.F.);
#1812=ORIENTED_EDGE('',*,*,#1300,.T.);
#1813=ORIENTED_EDGE('',*,*,#1301,.F.);
#1814=ORIENTED_EDGE('',*,*,#1302,.T.);
#1815=ORIENTED_EDGE('',*,*,#1303,.T.);
#1816=ORIENTED_EDGE('',*,*,#1294,.T.);
#1817=ORIENTED_EDGE('',*,*,#1303,.F.);
#1818=ORIENTED_EDGE('',*,*,#1304,.F.);
#1819=ORIENTED_EDGE('',*,*,#1305,.F.);
#1820=ORIENTED_EDGE('',*,*,#1306,.T.);
#1821=ORIENTED_EDGE('',*,*,#1305,.T.);
#1822=ORIENTED_EDGE('',*,*,#1307,.T.);
#1823=ORIENTED_EDGE('',*,*,#1308,.F.);
#1824=ORIENTED_EDGE('',*,*,#1297,.T.);
#1825=ORIENTED_EDGE('',*,*,#1295,.T.);
#1826=ORIENTED_EDGE('',*,*,#1306,.F.);
#1827=ORIENTED_EDGE('',*,*,#1309,.F.);
#1828=ORIENTED_EDGE('',*,*,#1298,.T.);
#1829=ORIENTED_EDGE('',*,*,#1309,.T.);
#1830=ORIENTED_EDGE('',*,*,#1310,.F.);
#1831=ORIENTED_EDGE('',*,*,#1299,.F.);
#1832=ORIENTED_EDGE('',*,*,#1310,.T.);
#1833=ORIENTED_EDGE('',*,*,#1308,.T.);
#1834=ORIENTED_EDGE('',*,*,#1311,.F.);
#1835=ORIENTED_EDGE('',*,*,#1301,.T.);
#1836=ORIENTED_EDGE('',*,*,#1302,.F.);
#1837=ORIENTED_EDGE('',*,*,#1311,.T.);
#1838=ORIENTED_EDGE('',*,*,#1307,.F.);
#1839=ORIENTED_EDGE('',*,*,#1304,.T.);
#1840=ORIENTED_EDGE('',*,*,#1312,.T.);
#1841=ORIENTED_EDGE('',*,*,#1313,.T.);
#1842=ORIENTED_EDGE('',*,*,#1314,.F.);
#1843=ORIENTED_EDGE('',*,*,#1315,.F.);
#1844=ORIENTED_EDGE('',*,*,#1316,.F.);
#1845=ORIENTED_EDGE('',*,*,#1317,.F.);
#1846=ORIENTED_EDGE('',*,*,#1318,.F.);
#1847=ORIENTED_EDGE('',*,*,#1312,.F.);
#1848=ORIENTED_EDGE('',*,*,#1316,.T.);
#1849=ORIENTED_EDGE('',*,*,#1315,.T.);
#1850=ORIENTED_EDGE('',*,*,#1319,.F.);
#1851=ORIENTED_EDGE('',*,*,#1320,.F.);
#1852=ORIENTED_EDGE('',*,*,#1321,.F.);
#1853=ORIENTED_EDGE('',*,*,#1322,.F.);
#1854=ORIENTED_EDGE('',*,*,#1317,.T.);
#1855=ORIENTED_EDGE('',*,*,#1320,.T.);
#1856=ORIENTED_EDGE('',*,*,#1321,.T.);
#1857=ORIENTED_EDGE('',*,*,#1323,.T.);
#1858=ORIENTED_EDGE('',*,*,#1324,.F.);
#1859=ORIENTED_EDGE('',*,*,#1325,.T.);
#1860=ORIENTED_EDGE('',*,*,#1326,.T.);
#1861=ORIENTED_EDGE('',*,*,#1325,.F.);
#1862=ORIENTED_EDGE('',*,*,#1327,.T.);
#1863=ORIENTED_EDGE('',*,*,#1328,.T.);
#1864=ORIENTED_EDGE('',*,*,#1318,.T.);
#1865=ORIENTED_EDGE('',*,*,#1322,.T.);
#1866=ORIENTED_EDGE('',*,*,#1326,.F.);
#1867=ORIENTED_EDGE('',*,*,#1313,.F.);
#1868=ORIENTED_EDGE('',*,*,#1314,.T.);
#1869=ORIENTED_EDGE('',*,*,#1328,.F.);
#1870=ORIENTED_EDGE('',*,*,#1329,.F.);
#1871=ORIENTED_EDGE('',*,*,#1330,.F.);
#1872=ORIENTED_EDGE('',*,*,#1319,.T.);
#1873=ORIENTED_EDGE('',*,*,#1330,.T.);
#1874=ORIENTED_EDGE('',*,*,#1331,.T.);
#1875=ORIENTED_EDGE('',*,*,#1323,.F.);
#1876=ORIENTED_EDGE('',*,*,#1329,.T.);
#1877=ORIENTED_EDGE('',*,*,#1327,.F.);
#1878=ORIENTED_EDGE('',*,*,#1324,.T.);
#1879=ORIENTED_EDGE('',*,*,#1331,.F.);
#1880=ORIENTED_EDGE('',*,*,#1332,.T.);
#1881=ORIENTED_EDGE('',*,*,#1333,.T.);
#1882=ORIENTED_EDGE('',*,*,#1334,.F.);
#1883=ORIENTED_EDGE('',*,*,#1335,.F.);
#1884=ORIENTED_EDGE('',*,*,#1336,.F.);
#1885=ORIENTED_EDGE('',*,*,#1337,.F.);
#1886=ORIENTED_EDGE('',*,*,#1338,.F.);
#1887=ORIENTED_EDGE('',*,*,#1332,.F.);
#1888=ORIENTED_EDGE('',*,*,#1336,.T.);
#1889=ORIENTED_EDGE('',*,*,#1335,.T.);
#1890=ORIENTED_EDGE('',*,*,#1339,.F.);
#1891=ORIENTED_EDGE('',*,*,#1340,.F.);
#1892=ORIENTED_EDGE('',*,*,#1341,.F.);
#1893=ORIENTED_EDGE('',*,*,#1342,.F.);
#1894=ORIENTED_EDGE('',*,*,#1337,.T.);
#1895=ORIENTED_EDGE('',*,*,#1340,.T.);
#1896=ORIENTED_EDGE('',*,*,#1341,.T.);
#1897=ORIENTED_EDGE('',*,*,#1343,.T.);
#1898=ORIENTED_EDGE('',*,*,#1344,.F.);
#1899=ORIENTED_EDGE('',*,*,#1345,.T.);
#1900=ORIENTED_EDGE('',*,*,#1346,.T.);
#1901=ORIENTED_EDGE('',*,*,#1345,.F.);
#1902=ORIENTED_EDGE('',*,*,#1347,.T.);
#1903=ORIENTED_EDGE('',*,*,#1348,.T.);
#1904=ORIENTED_EDGE('',*,*,#1338,.T.);
#1905=ORIENTED_EDGE('',*,*,#1342,.T.);
#1906=ORIENTED_EDGE('',*,*,#1346,.F.);
#1907=ORIENTED_EDGE('',*,*,#1333,.F.);
#1908=ORIENTED_EDGE('',*,*,#1334,.T.);
#1909=ORIENTED_EDGE('',*,*,#1348,.F.);
#1910=ORIENTED_EDGE('',*,*,#1349,.F.);
#1911=ORIENTED_EDGE('',*,*,#1350,.F.);
#1912=ORIENTED_EDGE('',*,*,#1339,.T.);
#1913=ORIENTED_EDGE('',*,*,#1350,.T.);
#1914=ORIENTED_EDGE('',*,*,#1351,.T.);
#1915=ORIENTED_EDGE('',*,*,#1343,.F.);
#1916=ORIENTED_EDGE('',*,*,#1349,.T.);
#1917=ORIENTED_EDGE('',*,*,#1347,.F.);
#1918=ORIENTED_EDGE('',*,*,#1344,.T.);
#1919=ORIENTED_EDGE('',*,*,#1351,.F.);
#1920=ORIENTED_EDGE('',*,*,#1352,.T.);
#1921=ORIENTED_EDGE('',*,*,#1353,.T.);
#1922=ORIENTED_EDGE('',*,*,#1354,.F.);
#1923=ORIENTED_EDGE('',*,*,#1355,.F.);
#1924=ORIENTED_EDGE('',*,*,#1356,.F.);
#1925=ORIENTED_EDGE('',*,*,#1357,.F.);
#1926=ORIENTED_EDGE('',*,*,#1358,.F.);
#1927=ORIENTED_EDGE('',*,*,#1352,.F.);
#1928=ORIENTED_EDGE('',*,*,#1356,.T.);
#1929=ORIENTED_EDGE('',*,*,#1355,.T.);
#1930=ORIENTED_EDGE('',*,*,#1359,.F.);
#1931=ORIENTED_EDGE('',*,*,#1360,.F.);
#1932=ORIENTED_EDGE('',*,*,#1361,.F.);
#1933=ORIENTED_EDGE('',*,*,#1362,.F.);
#1934=ORIENTED_EDGE('',*,*,#1357,.T.);
#1935=ORIENTED_EDGE('',*,*,#1360,.T.);
#1936=ORIENTED_EDGE('',*,*,#1361,.T.);
#1937=ORIENTED_EDGE('',*,*,#1363,.T.);
#1938=ORIENTED_EDGE('',*,*,#1364,.F.);
#1939=ORIENTED_EDGE('',*,*,#1365,.T.);
#1940=ORIENTED_EDGE('',*,*,#1366,.T.);
#1941=ORIENTED_EDGE('',*,*,#1365,.F.);
#1942=ORIENTED_EDGE('',*,*,#1367,.T.);
#1943=ORIENTED_EDGE('',*,*,#1368,.T.);
#1944=ORIENTED_EDGE('',*,*,#1358,.T.);
#1945=ORIENTED_EDGE('',*,*,#1362,.T.);
#1946=ORIENTED_EDGE('',*,*,#1366,.F.);
#1947=ORIENTED_EDGE('',*,*,#1353,.F.);
#1948=ORIENTED_EDGE('',*,*,#1354,.T.);
#1949=ORIENTED_EDGE('',*,*,#1368,.F.);
#1950=ORIENTED_EDGE('',*,*,#1369,.F.);
#1951=ORIENTED_EDGE('',*,*,#1370,.F.);
#1952=ORIENTED_EDGE('',*,*,#1359,.T.);
#1953=ORIENTED_EDGE('',*,*,#1370,.T.);
#1954=ORIENTED_EDGE('',*,*,#1371,.T.);
#1955=ORIENTED_EDGE('',*,*,#1363,.F.);
#1956=ORIENTED_EDGE('',*,*,#1369,.T.);
#1957=ORIENTED_EDGE('',*,*,#1367,.F.);
#1958=ORIENTED_EDGE('',*,*,#1364,.T.);
#1959=ORIENTED_EDGE('',*,*,#1371,.F.);
#1960=ORIENTED_EDGE('',*,*,#1372,.T.);
#1961=ORIENTED_EDGE('',*,*,#1373,.T.);
#1962=ORIENTED_EDGE('',*,*,#1374,.F.);
#1963=ORIENTED_EDGE('',*,*,#1375,.F.);
#1964=ORIENTED_EDGE('',*,*,#1376,.F.);
#1965=ORIENTED_EDGE('',*,*,#1377,.F.);
#1966=ORIENTED_EDGE('',*,*,#1378,.F.);
#1967=ORIENTED_EDGE('',*,*,#1372,.F.);
#1968=ORIENTED_EDGE('',*,*,#1376,.T.);
#1969=ORIENTED_EDGE('',*,*,#1375,.T.);
#1970=ORIENTED_EDGE('',*,*,#1379,.F.);
#1971=ORIENTED_EDGE('',*,*,#1380,.F.);
#1972=ORIENTED_EDGE('',*,*,#1381,.F.);
#1973=ORIENTED_EDGE('',*,*,#1382,.F.);
#1974=ORIENTED_EDGE('',*,*,#1377,.T.);
#1975=ORIENTED_EDGE('',*,*,#1380,.T.);
#1976=ORIENTED_EDGE('',*,*,#1381,.T.);
#1977=ORIENTED_EDGE('',*,*,#1383,.T.);
#1978=ORIENTED_EDGE('',*,*,#1384,.F.);
#1979=ORIENTED_EDGE('',*,*,#1385,.T.);
#1980=ORIENTED_EDGE('',*,*,#1386,.T.);
#1981=ORIENTED_EDGE('',*,*,#1385,.F.);
#1982=ORIENTED_EDGE('',*,*,#1387,.T.);
#1983=ORIENTED_EDGE('',*,*,#1388,.T.);
#1984=ORIENTED_EDGE('',*,*,#1378,.T.);
#1985=ORIENTED_EDGE('',*,*,#1382,.T.);
#1986=ORIENTED_EDGE('',*,*,#1386,.F.);
#1987=ORIENTED_EDGE('',*,*,#1373,.F.);
#1988=ORIENTED_EDGE('',*,*,#1374,.T.);
#1989=ORIENTED_EDGE('',*,*,#1388,.F.);
#1990=ORIENTED_EDGE('',*,*,#1389,.F.);
#1991=ORIENTED_EDGE('',*,*,#1390,.F.);
#1992=ORIENTED_EDGE('',*,*,#1379,.T.);
#1993=ORIENTED_EDGE('',*,*,#1390,.T.);
#1994=ORIENTED_EDGE('',*,*,#1391,.T.);
#1995=ORIENTED_EDGE('',*,*,#1383,.F.);
#1996=ORIENTED_EDGE('',*,*,#1389,.T.);
#1997=ORIENTED_EDGE('',*,*,#1387,.F.);
#1998=ORIENTED_EDGE('',*,*,#1384,.T.);
#1999=ORIENTED_EDGE('',*,*,#1391,.F.);
#2000=ORIENTED_EDGE('',*,*,#1392,.T.);
#2001=ORIENTED_EDGE('',*,*,#1392,.F.);
#2002=ORIENTED_EDGE('',*,*,#1393,.T.);
#2003=ORIENTED_EDGE('',*,*,#1394,.T.);
#2004=ORIENTED_EDGE('',*,*,#1395,.T.);
#2005=ORIENTED_EDGE('',*,*,#1393,.F.);
#2006=ORIENTED_EDGE('',*,*,#1394,.F.);
#2007=ORIENTED_EDGE('',*,*,#1395,.F.);
#2008=ORIENTED_EDGE('',*,*,#1396,.T.);
#2009=ORIENTED_EDGE('',*,*,#1397,.T.);
#2010=ORIENTED_EDGE('',*,*,#1396,.F.);
#2011=ORIENTED_EDGE('',*,*,#1397,.F.);
#2012=ORIENTED_EDGE('',*,*,#1398,.T.);
#2013=ORIENTED_EDGE('',*,*,#1398,.F.);
#2014=ORIENTED_EDGE('',*,*,#1399,.T.);
#2015=ORIENTED_EDGE('',*,*,#1400,.T.);
#2016=ORIENTED_EDGE('',*,*,#1401,.T.);
#2017=ORIENTED_EDGE('',*,*,#1399,.F.);
#2018=ORIENTED_EDGE('',*,*,#1400,.F.);
#2019=ORIENTED_EDGE('',*,*,#1401,.F.);
#2020=ORIENTED_EDGE('',*,*,#1402,.T.);
#2021=ORIENTED_EDGE('',*,*,#1403,.T.);
#2022=ORIENTED_EDGE('',*,*,#1402,.F.);
#2023=ORIENTED_EDGE('',*,*,#1403,.F.);
#2024=PLANE('',#2264);
#2025=PLANE('',#2265);
#2026=PLANE('',#2268);
#2027=PLANE('',#2272);
#2028=PLANE('',#2279);
#2029=PLANE('',#2283);
#2030=PLANE('',#2288);
#2031=PLANE('',#2289);
#2032=PLANE('',#2292);
#2033=PLANE('',#2295);
#2034=PLANE('',#2302);
#2035=PLANE('',#2305);
#2036=PLANE('',#2308);
#2037=PLANE('',#2309);
#2038=PLANE('',#2312);
#2039=PLANE('',#2315);
#2040=PLANE('',#2316);
#2041=PLANE('',#2319);
#2042=PLANE('',#2322);
#2043=PLANE('',#2324);
#2044=PLANE('',#2325);
#2045=PLANE('',#2331);
#2046=PLANE('',#2334);
#2047=PLANE('',#2337);
#2048=PLANE('',#2338);
#2049=PLANE('',#2340);
#2050=PLANE('',#2341);
#2051=PLANE('',#2342);
#2052=PLANE('',#2343);
#2053=PLANE('',#2344);
#2054=PLANE('',#2345);
#2055=PLANE('',#2346);
#2056=PLANE('',#2347);
#2057=PLANE('',#2348);
#2058=PLANE('',#2349);
#2059=PLANE('',#2350);
#2060=PLANE('',#2351);
#2061=PLANE('',#2352);
#2062=PLANE('',#2353);
#2063=PLANE('',#2354);
#2064=PLANE('',#2355);
#2065=PLANE('',#2356);
#2066=PLANE('',#2357);
#2067=PLANE('',#2358);
#2068=PLANE('',#2359);
#2069=PLANE('',#2360);
#2070=PLANE('',#2361);
#2071=PLANE('',#2362);
#2072=PLANE('',#2363);
#2073=PLANE('',#2364);
#2074=PLANE('',#2365);
#2075=PLANE('',#2366);
#2076=PLANE('',#2367);
#2077=PLANE('',#2368);
#2078=PLANE('',#2369);
#2079=PLANE('',#2370);
#2080=PLANE('',#2371);
#2081=PLANE('',#2372);
#2082=PLANE('',#2373);
#2083=PLANE('',#2374);
#2084=PLANE('',#2378);
#2085=PLANE('',#2386);
#2086=PLANE('',#2393);
#2087=PLANE('',#2394);
#2088=PLANE('',#2398);
#2089=PLANE('',#2406);
#2090=PLANE('',#2411);
#2091=PLANE('',#2414);
#2092=PLANE('',#2418);
#2093=PLANE('',#2426);
#2094=PLANE('',#2431);
#2095=PLANE('',#2434);
#2096=PLANE('',#2438);
#2097=PLANE('',#2446);
#2098=PLANE('',#2451);
#2099=PLANE('',#2454);
#2100=PLANE('',#2458);
#2101=PLANE('',#2466);
#2102=PLANE('',#2471);
#2103=PLANE('',#2474);
#2104=PLANE('',#2475);
#2105=PLANE('',#2483);
#2106=PLANE('',#2484);
#2107=PLANE('',#2492);
#2108=ADVANCED_FACE('',(#183),#2024,.F.);
#2109=ADVANCED_FACE('',(#184,#94,#95),#2025,.F.);
#2110=ADVANCED_FACE('',(#185),#2026,.F.);
#2111=ADVANCED_FACE('',(#186),#55,.T.);
#2112=ADVANCED_FACE('',(#187),#2027,.F.);
#2113=ADVANCED_FACE('',(#188),#56,.T.);
#2114=ADVANCED_FACE('',(#189),#2028,.F.);
#2115=ADVANCED_FACE('',(#190),#57,.T.);
#2116=ADVANCED_FACE('',(#191),#2029,.F.);
#2117=ADVANCED_FACE('',(#192),#58,.T.);
#2118=ADVANCED_FACE('',(#193),#2030,.F.);
#2119=ADVANCED_FACE('',(#194),#2031,.T.);
#2120=ADVANCED_FACE('',(#195),#59,.T.);
#2121=ADVANCED_FACE('',(#196),#2032,.F.);
#2122=ADVANCED_FACE('',(#197),#60,.T.);
#2123=ADVANCED_FACE('',(#198,#96,#97,#98),#2033,.F.);
#2124=ADVANCED_FACE('',(#199),#2034,.T.);
#2125=ADVANCED_FACE('',(#200),#61,.F.);
#2126=ADVANCED_FACE('',(#201),#2035,.T.);
#2127=ADVANCED_FACE('',(#202),#62,.F.);
#2128=ADVANCED_FACE('',(#203),#2036,.F.);
#2129=ADVANCED_FACE('',(#204),#2037,.T.);
#2130=ADVANCED_FACE('',(#205),#63,.F.);
#2131=ADVANCED_FACE('',(#206),#2038,.T.);
#2132=ADVANCED_FACE('',(#207),#64,.F.);
#2133=ADVANCED_FACE('',(#208),#2039,.F.);
#2134=ADVANCED_FACE('',(#209),#2040,.T.);
#2135=ADVANCED_FACE('',(#210),#65,.F.);
#2136=ADVANCED_FACE('',(#211),#2041,.T.);
#2137=ADVANCED_FACE('',(#212),#66,.F.);
#2138=ADVANCED_FACE('',(#213),#2042,.F.);
#2139=ADVANCED_FACE('',(#214),#67,.T.);
#2140=ADVANCED_FACE('',(#215),#2043,.F.);
#2141=ADVANCED_FACE('',(#216,#99,#100,#101),#2044,.F.);
#2142=ADVANCED_FACE('',(#217),#68,.F.);
#2143=ADVANCED_FACE('',(#218),#2045,.T.);
#2144=ADVANCED_FACE('',(#219),#69,.F.);
#2145=ADVANCED_FACE('',(#220),#2046,.T.);
#2146=ADVANCED_FACE('',(#221),#70,.F.);
#2147=ADVANCED_FACE('',(#222),#2047,.T.);
#2148=ADVANCED_FACE('',(#223),#2048,.T.);
#2149=ADVANCED_FACE('',(#224),#71,.F.);
#2150=ADVANCED_FACE('',(#225),#2049,.T.);
#2151=ADVANCED_FACE('',(#226),#2050,.F.);
#2152=ADVANCED_FACE('',(#227),#2051,.F.);
#2153=ADVANCED_FACE('',(#228),#2052,.F.);
#2154=ADVANCED_FACE('',(#229),#2053,.F.);
#2155=ADVANCED_FACE('',(#230),#2054,.F.);
#2156=ADVANCED_FACE('',(#231),#2055,.F.);
#2157=ADVANCED_FACE('',(#232),#2056,.F.);
#2158=ADVANCED_FACE('',(#233),#2057,.T.);
#2159=ADVANCED_FACE('',(#234,#102),#2058,.T.);
#2160=ADVANCED_FACE('',(#235),#2059,.F.);
#2161=ADVANCED_FACE('',(#236),#2060,.F.);
#2162=ADVANCED_FACE('',(#237),#2061,.F.);
#2163=ADVANCED_FACE('',(#238),#2062,.F.);
#2164=ADVANCED_FACE('',(#239),#2063,.F.);
#2165=ADVANCED_FACE('',(#240),#2064,.F.);
#2166=ADVANCED_FACE('',(#241),#2065,.F.);
#2167=ADVANCED_FACE('',(#242),#2066,.F.);
#2168=ADVANCED_FACE('',(#243),#2067,.F.);
#2169=ADVANCED_FACE('',(#244),#2068,.F.);
#2170=ADVANCED_FACE('',(#245),#2069,.F.);
#2171=ADVANCED_FACE('',(#246),#2070,.F.);
#2172=ADVANCED_FACE('',(#247),#2071,.F.);
#2173=ADVANCED_FACE('',(#248),#2072,.F.);
#2174=ADVANCED_FACE('',(#249),#2073,.F.);
#2175=ADVANCED_FACE('',(#250),#2074,.F.);
#2176=ADVANCED_FACE('',(#251),#2075,.F.);
#2177=ADVANCED_FACE('',(#252),#2076,.F.);
#2178=ADVANCED_FACE('',(#253),#2077,.F.);
#2179=ADVANCED_FACE('',(#254),#2078,.F.);
#2180=ADVANCED_FACE('',(#255),#2079,.F.);
#2181=ADVANCED_FACE('',(#256),#2080,.F.);
#2182=ADVANCED_FACE('',(#257),#2081,.F.);
#2183=ADVANCED_FACE('',(#258),#2082,.F.);
#2184=ADVANCED_FACE('',(#259),#2083,.F.);
#2185=ADVANCED_FACE('',(#260),#72,.T.);
#2186=ADVANCED_FACE('',(#261),#2084,.F.);
#2187=ADVANCED_FACE('',(#262),#13,.T.);
#2188=ADVANCED_FACE('',(#263),#73,.T.);
#2189=ADVANCED_FACE('',(#264),#2085,.F.);
#2190=ADVANCED_FACE('',(#265),#74,.T.);
#2191=ADVANCED_FACE('',(#266),#14,.T.);
#2192=ADVANCED_FACE('',(#267),#75,.T.);
#2193=ADVANCED_FACE('',(#268),#2086,.F.);
#2194=ADVANCED_FACE('',(#269),#2087,.T.);
#2195=ADVANCED_FACE('',(#270),#76,.T.);
#2196=ADVANCED_FACE('',(#271),#2088,.F.);
#2197=ADVANCED_FACE('',(#272),#15,.T.);
#2198=ADVANCED_FACE('',(#273),#77,.T.);
#2199=ADVANCED_FACE('',(#274),#2089,.F.);
#2200=ADVANCED_FACE('',(#275),#78,.T.);
#2201=ADVANCED_FACE('',(#276),#16,.T.);
#2202=ADVANCED_FACE('',(#277),#2090,.F.);
#2203=ADVANCED_FACE('',(#278),#79,.T.);
#2204=ADVANCED_FACE('',(#279),#2091,.T.);
#2205=ADVANCED_FACE('',(#280),#80,.T.);
#2206=ADVANCED_FACE('',(#281),#2092,.F.);
#2207=ADVANCED_FACE('',(#282),#17,.T.);
#2208=ADVANCED_FACE('',(#283),#81,.T.);
#2209=ADVANCED_FACE('',(#284),#2093,.F.);
#2210=ADVANCED_FACE('',(#285),#82,.T.);
#2211=ADVANCED_FACE('',(#286),#18,.T.);
#2212=ADVANCED_FACE('',(#287),#2094,.F.);
#2213=ADVANCED_FACE('',(#288),#83,.T.);
#2214=ADVANCED_FACE('',(#289),#2095,.T.);
#2215=ADVANCED_FACE('',(#290),#84,.T.);
#2216=ADVANCED_FACE('',(#291),#2096,.F.);
#2217=ADVANCED_FACE('',(#292),#19,.T.);
#2218=ADVANCED_FACE('',(#293),#85,.T.);
#2219=ADVANCED_FACE('',(#294),#2097,.F.);
#2220=ADVANCED_FACE('',(#295),#86,.T.);
#2221=ADVANCED_FACE('',(#296),#20,.T.);
#2222=ADVANCED_FACE('',(#297),#2098,.F.);
#2223=ADVANCED_FACE('',(#298),#87,.T.);
#2224=ADVANCED_FACE('',(#299),#2099,.T.);
#2225=ADVANCED_FACE('',(#300),#88,.T.);
#2226=ADVANCED_FACE('',(#301),#2100,.F.);
#2227=ADVANCED_FACE('',(#302),#21,.T.);
#2228=ADVANCED_FACE('',(#303),#89,.T.);
#2229=ADVANCED_FACE('',(#304),#2101,.F.);
#2230=ADVANCED_FACE('',(#305),#90,.T.);
#2231=ADVANCED_FACE('',(#306),#22,.T.);
#2232=ADVANCED_FACE('',(#307),#2102,.F.);
#2233=ADVANCED_FACE('',(#308),#91,.T.);
#2234=ADVANCED_FACE('',(#309),#2103,.T.);
#2235=ADVANCED_FACE('',(#310),#2104,.T.);
#2236=ADVANCED_FACE('',(#311),#92,.T.);
#2237=ADVANCED_FACE('',(#312),#23,.T.);
#2238=ADVANCED_FACE('',(#313),#2105,.F.);
#2239=ADVANCED_FACE('',(#314),#2106,.T.);
#2240=ADVANCED_FACE('',(#315),#93,.T.);
#2241=ADVANCED_FACE('',(#316),#24,.T.);
#2242=ADVANCED_FACE('',(#317),#2107,.F.);
#2243=CLOSED_SHELL('',(#2108,#2109,#2110,#2111,#2112,#2113,#2114,#2115,
#2116,#2117,#2118,#2119,#2120,#2121,#2122,#2123,#2124,#2125,#2126,#2127,
#2128,#2129,#2130,#2131,#2132,#2133,#2134,#2135,#2136,#2137,#2138,#2139,
#2140,#2141,#2142,#2143,#2144,#2145,#2146,#2147,#2148,#2149,#2150,#2151,
#2152,#2153,#2154,#2155,#2156,#2157,#2158,#2159,#2160,#2161,#2162,#2163,
#2164,#2165,#2166,#2167,#2168,#2169,#2170,#2171,#2172,#2173,#2174,#2175,
#2176,#2177,#2178,#2179,#2180,#2181,#2182,#2183,#2184));
#2244=CLOSED_SHELL('',(#2185,#2186,#2187,#2188,#2189,#2190,#2191,#2192,
#2193,#2194));
#2245=CLOSED_SHELL('',(#2195,#2196,#2197,#2198,#2199,#2200,#2201,#2202,
#2203,#2204));
#2246=CLOSED_SHELL('',(#2205,#2206,#2207,#2208,#2209,#2210,#2211,#2212,
#2213,#2214));
#2247=CLOSED_SHELL('',(#2215,#2216,#2217,#2218,#2219,#2220,#2221,#2222,
#2223,#2224));
#2248=CLOSED_SHELL('',(#2225,#2226,#2227,#2228,#2229,#2230,#2231,#2232,
#2233,#2234));
#2249=CLOSED_SHELL('',(#2235,#2236,#2237,#2238));
#2250=CLOSED_SHELL('',(#2239,#2240,#2241,#2242));
#2251=DERIVED_UNIT_ELEMENT(#2253,1.);
#2252=DERIVED_UNIT_ELEMENT(#3820,-3.);
#2253=(
MASS_UNIT()
NAMED_UNIT(*)
SI_UNIT(.KILO.,.GRAM.)
);
#2254=DERIVED_UNIT((#2251,#2252));
#2255=MEASURE_REPRESENTATION_ITEM('density measure',
POSITIVE_RATIO_MEASURE(7850.),#2254);
#2256=PROPERTY_DEFINITION_REPRESENTATION(#2261,#2258);
#2257=PROPERTY_DEFINITION_REPRESENTATION(#2262,#2259);
#2258=REPRESENTATION('material name',(#2260),#3817);
#2259=REPRESENTATION('density',(#2255),#3817);
#2260=DESCRIPTIVE_REPRESENTATION_ITEM('\X2\94A2\X0\','\X2\94A2\X0\');
#2261=PROPERTY_DEFINITION('material property','material name',#3827);
#2262=PROPERTY_DEFINITION('material property','density of part',#3827);
#2263=AXIS2_PLACEMENT_3D('',#3169,#2493,#2494);
#2264=AXIS2_PLACEMENT_3D('',#3170,#2495,#2496);
#2265=AXIS2_PLACEMENT_3D('',#3179,#2501,#2502);
#2266=AXIS2_PLACEMENT_3D('',#3188,#2506,#2507);
#2267=AXIS2_PLACEMENT_3D('',#3192,#2509,#2510);
#2268=AXIS2_PLACEMENT_3D('',#3239,#2535,#2536);
#2269=AXIS2_PLACEMENT_3D('',#3260,#2547,#2548);
#2270=AXIS2_PLACEMENT_3D('',#3262,#2549,#2550);
#2271=AXIS2_PLACEMENT_3D('',#3265,#2552,#2553);
#2272=AXIS2_PLACEMENT_3D('',#3266,#2554,#2555);
#2273=AXIS2_PLACEMENT_3D('',#3273,#2558,#2559);
#2274=AXIS2_PLACEMENT_3D('',#3280,#2563,#2564);
#2275=AXIS2_PLACEMENT_3D('',#3284,#2566,#2567);
#2276=AXIS2_PLACEMENT_3D('',#3286,#2569,#2570);
#2277=AXIS2_PLACEMENT_3D('',#3288,#2571,#2572);
#2278=AXIS2_PLACEMENT_3D('',#3290,#2573,#2574);
#2279=AXIS2_PLACEMENT_3D('',#3292,#2576,#2577);
#2280=AXIS2_PLACEMENT_3D('',#3295,#2578,#2579);
#2281=AXIS2_PLACEMENT_3D('',#3300,#2583,#2584);
#2282=AXIS2_PLACEMENT_3D('',#3304,#2586,#2587);
#2283=AXIS2_PLACEMENT_3D('',#3306,#2589,#2590);
#2284=AXIS2_PLACEMENT_3D('',#3310,#2592,#2593);
#2285=AXIS2_PLACEMENT_3D('',#3314,#2595,#2596);
#2286=AXIS2_PLACEMENT_3D('',#3320,#2600,#2601);
#2287=AXIS2_PLACEMENT_3D('',#3321,#2602,#2603);
#2288=AXIS2_PLACEMENT_3D('',#3323,#2605,#2606);
#2289=AXIS2_PLACEMENT_3D('',#3324,#2607,#2608);
#2290=AXIS2_PLACEMENT_3D('',#3328,#2611,#2612);
#2291=AXIS2_PLACEMENT_3D('',#3330,#2613,#2614);
#2292=AXIS2_PLACEMENT_3D('',#3332,#2616,#2617);
#2293=AXIS2_PLACEMENT_3D('',#3337,#2620,#2621);
#2294=AXIS2_PLACEMENT_3D('',#3339,#2623,#2624);
#2295=AXIS2_PLACEMENT_3D('',#3341,#2626,#2627);
#2296=AXIS2_PLACEMENT_3D('',#3347,#2630,#2631);
#2297=AXIS2_PLACEMENT_3D('',#3350,#2633,#2634);
#2298=AXIS2_PLACEMENT_3D('',#3355,#2636,#2637);
#2299=AXIS2_PLACEMENT_3D('',#3358,#2639,#2640);
#2300=AXIS2_PLACEMENT_3D('',#3363,#2642,#2643);
#2301=AXIS2_PLACEMENT_3D('',#3366,#2645,#2646);
#2302=AXIS2_PLACEMENT_3D('',#3367,#2647,#2648);
#2303=AXIS2_PLACEMENT_3D('',#3373,#2652,#2653);
#2304=AXIS2_PLACEMENT_3D('',#3375,#2654,#2655);
#2305=AXIS2_PLACEMENT_3D('',#3377,#2657,#2658);
#2306=AXIS2_PLACEMENT_3D('',#3381,#2661,#2662);
#2307=AXIS2_PLACEMENT_3D('',#3382,#2663,#2664);
#2308=AXIS2_PLACEMENT_3D('',#3383,#2665,#2666);
#2309=AXIS2_PLACEMENT_3D('',#3384,#2667,#2668);
#2310=AXIS2_PLACEMENT_3D('',#3390,#2672,#2673);
#2311=AXIS2_PLACEMENT_3D('',#3392,#2674,#2675);
#2312=AXIS2_PLACEMENT_3D('',#3394,#2677,#2678);
#2313=AXIS2_PLACEMENT_3D('',#3398,#2681,#2682);
#2314=AXIS2_PLACEMENT_3D('',#3399,#2683,#2684);
#2315=AXIS2_PLACEMENT_3D('',#3400,#2685,#2686);
#2316=AXIS2_PLACEMENT_3D('',#3401,#2687,#2688);
#2317=AXIS2_PLACEMENT_3D('',#3407,#2692,#2693);
#2318=AXIS2_PLACEMENT_3D('',#3409,#2694,#2695);
#2319=AXIS2_PLACEMENT_3D('',#3411,#2697,#2698);
#2320=AXIS2_PLACEMENT_3D('',#3415,#2701,#2702);
#2321=AXIS2_PLACEMENT_3D('',#3416,#2703,#2704);
#2322=AXIS2_PLACEMENT_3D('',#3417,#2705,#2706);
#2323=AXIS2_PLACEMENT_3D('',#3418,#2707,#2708);
#2324=AXIS2_PLACEMENT_3D('',#3420,#2710,#2711);
#2325=AXIS2_PLACEMENT_3D('',#3422,#2713,#2714);
#2326=AXIS2_PLACEMENT_3D('',#3424,#2715,#2716);
#2327=AXIS2_PLACEMENT_3D('',#3426,#2717,#2718);
#2328=AXIS2_PLACEMENT_3D('',#3428,#2719,#2720);
#2329=AXIS2_PLACEMENT_3D('',#3429,#2721,#2722);
#2330=AXIS2_PLACEMENT_3D('',#3431,#2723,#2724);
#2331=AXIS2_PLACEMENT_3D('',#3433,#2726,#2727);
#2332=AXIS2_PLACEMENT_3D('',#3434,#2728,#2729);
#2333=AXIS2_PLACEMENT_3D('',#3436,#2730,#2731);
#2334=AXIS2_PLACEMENT_3D('',#3438,#2733,#2734);
#2335=AXIS2_PLACEMENT_3D('',#3439,#2735,#2736);
#2336=AXIS2_PLACEMENT_3D('',#3441,#2737,#2738);
#2337=AXIS2_PLACEMENT_3D('',#3443,#2740,#2741);
#2338=AXIS2_PLACEMENT_3D('',#3444,#2742,#2743);
#2339=AXIS2_PLACEMENT_3D('',#3446,#2745,#2746);
#2340=AXIS2_PLACEMENT_3D('',#3448,#2748,#2749);
#2341=AXIS2_PLACEMENT_3D('',#3449,#2750,#2751);
#2342=AXIS2_PLACEMENT_3D('',#3455,#2755,#2756);
#2343=AXIS2_PLACEMENT_3D('',#3459,#2759,#2760);
#2344=AXIS2_PLACEMENT_3D('',#3463,#2763,#2764);
#2345=AXIS2_PLACEMENT_3D('',#3467,#2767,#2768);
#2346=AXIS2_PLACEMENT_3D('',#3471,#2771,#2772);
#2347=AXIS2_PLACEMENT_3D('',#3475,#2775,#2776);
#2348=AXIS2_PLACEMENT_3D('',#3477,#2778,#2779);
#2349=AXIS2_PLACEMENT_3D('',#3478,#2780,#2781);
#2350=AXIS2_PLACEMENT_3D('',#3528,#2807,#2808);
#2351=AXIS2_PLACEMENT_3D('',#3531,#2811,#2812);
#2352=AXIS2_PLACEMENT_3D('',#3533,#2814,#2815);
#2353=AXIS2_PLACEMENT_3D('',#3535,#2817,#2818);
#2354=AXIS2_PLACEMENT_3D('',#3537,#2820,#2821);
#2355=AXIS2_PLACEMENT_3D('',#3539,#2823,#2824);
#2356=AXIS2_PLACEMENT_3D('',#3541,#2826,#2827);
#2357=AXIS2_PLACEMENT_3D('',#3543,#2829,#2830);
#2358=AXIS2_PLACEMENT_3D('',#3545,#2832,#2833);
#2359=AXIS2_PLACEMENT_3D('',#3547,#2835,#2836);
#2360=AXIS2_PLACEMENT_3D('',#3549,#2838,#2839);
#2361=AXIS2_PLACEMENT_3D('',#3550,#2840,#2841);
#2362=AXIS2_PLACEMENT_3D('',#3552,#2843,#2844);
#2363=AXIS2_PLACEMENT_3D('',#3554,#2846,#2847);
#2364=AXIS2_PLACEMENT_3D('',#3556,#2849,#2850);
#2365=AXIS2_PLACEMENT_3D('',#3557,#2851,#2852);
#2366=AXIS2_PLACEMENT_3D('',#3560,#2855,#2856);
#2367=AXIS2_PLACEMENT_3D('',#3562,#2858,#2859);
#2368=AXIS2_PLACEMENT_3D('',#3564,#2861,#2862);
#2369=AXIS2_PLACEMENT_3D('',#3566,#2864,#2865);
#2370=AXIS2_PLACEMENT_3D('',#3568,#2867,#2868);
#2371=AXIS2_PLACEMENT_3D('',#3570,#2870,#2871);
#2372=AXIS2_PLACEMENT_3D('',#3572,#2873,#2874);
#2373=AXIS2_PLACEMENT_3D('',#3574,#2876,#2877);
#2374=AXIS2_PLACEMENT_3D('',#3576,#2879,#2880);
#2375=AXIS2_PLACEMENT_3D('',#3577,#2881,#2882);
#2376=AXIS2_PLACEMENT_3D('',#3582,#2884,#2885);
#2377=AXIS2_PLACEMENT_3D('',#3585,#2887,#2888);
#2378=AXIS2_PLACEMENT_3D('',#3586,#2889,#2890);
#2379=AXIS2_PLACEMENT_3D('',#3588,#2891,#2892);
#2380=AXIS2_PLACEMENT_3D('',#3590,#2893,#2894);
#2381=AXIS2_PLACEMENT_3D('',#3592,#2896,#2897);
#2382=AXIS2_PLACEMENT_3D('',#3594,#2898,#2899);
#2383=AXIS2_PLACEMENT_3D('',#3595,#2900,#2901);
#2384=AXIS2_PLACEMENT_3D('',#3596,#2902,#2903);
#2385=AXIS2_PLACEMENT_3D('',#3600,#2905,#2906);
#2386=AXIS2_PLACEMENT_3D('',#3602,#2908,#2909);
#2387=AXIS2_PLACEMENT_3D('',#3606,#2912,#2913);
#2388=AXIS2_PLACEMENT_3D('',#3608,#2914,#2915);
#2389=AXIS2_PLACEMENT_3D('',#3610,#2916,#2917);
#2390=AXIS2_PLACEMENT_3D('',#3612,#2919,#2920);
#2391=AXIS2_PLACEMENT_3D('',#3613,#2921,#2922);
#2392=AXIS2_PLACEMENT_3D('',#3614,#2923,#2924);
#2393=AXIS2_PLACEMENT_3D('',#3616,#2926,#2927);
#2394=AXIS2_PLACEMENT_3D('',#3618,#2929,#2930);
#2395=AXIS2_PLACEMENT_3D('',#3619,#2931,#2932);
#2396=AXIS2_PLACEMENT_3D('',#3624,#2934,#2935);
#2397=AXIS2_PLACEMENT_3D('',#3627,#2937,#2938);
#2398=AXIS2_PLACEMENT_3D('',#3628,#2939,#2940);
#2399=AXIS2_PLACEMENT_3D('',#3630,#2941,#2942);
#2400=AXIS2_PLACEMENT_3D('',#3633,#2944,#2945);
#2401=AXIS2_PLACEMENT_3D('',#3634,#2946,#2947);
#2402=AXIS2_PLACEMENT_3D('',#3636,#2948,#2949);
#2403=AXIS2_PLACEMENT_3D('',#3637,#2950,#2951);
#2404=AXIS2_PLACEMENT_3D('',#3638,#2952,#2953);
#2405=AXIS2_PLACEMENT_3D('',#3641,#2955,#2956);
#2406=AXIS2_PLACEMENT_3D('',#3642,#2957,#2958);
#2407=AXIS2_PLACEMENT_3D('',#3648,#2962,#2963);
#2408=AXIS2_PLACEMENT_3D('',#3649,#2964,#2965);
#2409=AXIS2_PLACEMENT_3D('',#3651,#2966,#2967);
#2410=AXIS2_PLACEMENT_3D('',#3653,#2969,#2970);
#2411=AXIS2_PLACEMENT_3D('',#3654,#2971,#2972);
#2412=AXIS2_PLACEMENT_3D('',#3658,#2975,#2976);
#2413=AXIS2_PLACEMENT_3D('',#3659,#2977,#2978);
#2414=AXIS2_PLACEMENT_3D('',#3660,#2979,#2980);
#2415=AXIS2_PLACEMENT_3D('',#3661,#2981,#2982);
#2416=AXIS2_PLACEMENT_3D('',#3666,#2984,#2985);
#2417=AXIS2_PLACEMENT_3D('',#3669,#2987,#2988);
#2418=AXIS2_PLACEMENT_3D('',#3670,#2989,#2990);
#2419=AXIS2_PLACEMENT_3D('',#3672,#2991,#2992);
#2420=AXIS2_PLACEMENT_3D('',#3675,#2994,#2995);
#2421=AXIS2_PLACEMENT_3D('',#3676,#2996,#2997);
#2422=AXIS2_PLACEMENT_3D('',#3678,#2998,#2999);
#2423=AXIS2_PLACEMENT_3D('',#3679,#3000,#3001);
#2424=AXIS2_PLACEMENT_3D('',#3680,#3002,#3003);
#2425=AXIS2_PLACEMENT_3D('',#3683,#3005,#3006);
#2426=AXIS2_PLACEMENT_3D('',#3684,#3007,#3008);
#2427=AXIS2_PLACEMENT_3D('',#3690,#3012,#3013);
#2428=AXIS2_PLACEMENT_3D('',#3691,#3014,#3015);
#2429=AXIS2_PLACEMENT_3D('',#3693,#3016,#3017);
#2430=AXIS2_PLACEMENT_3D('',#3695,#3019,#3020);
#2431=AXIS2_PLACEMENT_3D('',#3696,#3021,#3022);
#2432=AXIS2_PLACEMENT_3D('',#3700,#3025,#3026);
#2433=AXIS2_PLACEMENT_3D('',#3701,#3027,#3028);
#2434=AXIS2_PLACEMENT_3D('',#3702,#3029,#3030);
#2435=AXIS2_PLACEMENT_3D('',#3703,#3031,#3032);
#2436=AXIS2_PLACEMENT_3D('',#3708,#3034,#3035);
#2437=AXIS2_PLACEMENT_3D('',#3711,#3037,#3038);
#2438=AXIS2_PLACEMENT_3D('',#3712,#3039,#3040);
#2439=AXIS2_PLACEMENT_3D('',#3714,#3041,#3042);
#2440=AXIS2_PLACEMENT_3D('',#3717,#3044,#3045);
#2441=AXIS2_PLACEMENT_3D('',#3718,#3046,#3047);
#2442=AXIS2_PLACEMENT_3D('',#3720,#3048,#3049);
#2443=AXIS2_PLACEMENT_3D('',#3721,#3050,#3051);
#2444=AXIS2_PLACEMENT_3D('',#3722,#3052,#3053);
#2445=AXIS2_PLACEMENT_3D('',#3725,#3055,#3056);
#2446=AXIS2_PLACEMENT_3D('',#3726,#3057,#3058);
#2447=AXIS2_PLACEMENT_3D('',#3732,#3062,#3063);
#2448=AXIS2_PLACEMENT_3D('',#3733,#3064,#3065);
#2449=AXIS2_PLACEMENT_3D('',#3735,#3066,#3067);
#2450=AXIS2_PLACEMENT_3D('',#3737,#3069,#3070);
#2451=AXIS2_PLACEMENT_3D('',#3738,#3071,#3072);
#2452=AXIS2_PLACEMENT_3D('',#3742,#3075,#3076);
#2453=AXIS2_PLACEMENT_3D('',#3743,#3077,#3078);
#2454=AXIS2_PLACEMENT_3D('',#3744,#3079,#3080);
#2455=AXIS2_PLACEMENT_3D('',#3745,#3081,#3082);
#2456=AXIS2_PLACEMENT_3D('',#3750,#3084,#3085);
#2457=AXIS2_PLACEMENT_3D('',#3753,#3087,#3088);
#2458=AXIS2_PLACEMENT_3D('',#3754,#3089,#3090);
#2459=AXIS2_PLACEMENT_3D('',#3756,#3091,#3092);
#2460=AXIS2_PLACEMENT_3D('',#3759,#3094,#3095);
#2461=AXIS2_PLACEMENT_3D('',#3760,#3096,#3097);
#2462=AXIS2_PLACEMENT_3D('',#3762,#3098,#3099);
#2463=AXIS2_PLACEMENT_3D('',#3763,#3100,#3101);
#2464=AXIS2_PLACEMENT_3D('',#3764,#3102,#3103);
#2465=AXIS2_PLACEMENT_3D('',#3767,#3105,#3106);
#2466=AXIS2_PLACEMENT_3D('',#3768,#3107,#3108);
#2467=AXIS2_PLACEMENT_3D('',#3774,#3112,#3113);
#2468=AXIS2_PLACEMENT_3D('',#3775,#3114,#3115);
#2469=AXIS2_PLACEMENT_3D('',#3777,#3116,#3117);
#2470=AXIS2_PLACEMENT_3D('',#3779,#3119,#3120);
#2471=AXIS2_PLACEMENT_3D('',#3780,#3121,#3122);
#2472=AXIS2_PLACEMENT_3D('',#3784,#3125,#3126);
#2473=AXIS2_PLACEMENT_3D('',#3785,#3127,#3128);
#2474=AXIS2_PLACEMENT_3D('',#3786,#3129,#3130);
#2475=AXIS2_PLACEMENT_3D('',#3787,#3131,#3132);
#2476=AXIS2_PLACEMENT_3D('',#3789,#3133,#3134);
#2477=AXIS2_PLACEMENT_3D('',#3790,#3135,#3136);
#2478=AXIS2_PLACEMENT_3D('',#3794,#3138,#3139);
#2479=AXIS2_PLACEMENT_3D('',#3795,#3140,#3141);
#2480=AXIS2_PLACEMENT_3D('',#3796,#3142,#3143);
#2481=AXIS2_PLACEMENT_3D('',#3798,#3144,#3145);
#2482=AXIS2_PLACEMENT_3D('',#3799,#3146,#3147);
#2483=AXIS2_PLACEMENT_3D('',#3800,#3148,#3149);
#2484=AXIS2_PLACEMENT_3D('',#3801,#3150,#3151);
#2485=AXIS2_PLACEMENT_3D('',#3803,#3152,#3153);
#2486=AXIS2_PLACEMENT_3D('',#3804,#3154,#3155);
#2487=AXIS2_PLACEMENT_3D('',#3808,#3157,#3158);
#2488=AXIS2_PLACEMENT_3D('',#3809,#3159,#3160);
#2489=AXIS2_PLACEMENT_3D('',#3810,#3161,#3162);
#2490=AXIS2_PLACEMENT_3D('',#3812,#3163,#3164);
#2491=AXIS2_PLACEMENT_3D('',#3813,#3165,#3166);
#2492=AXIS2_PLACEMENT_3D('',#3814,#3167,#3168);
#2493=DIRECTION('axis',(0.,0.,1.));
#2494=DIRECTION('refdir',(1.,0.,0.));
#2495=DIRECTION('center_axis',(-0.200123318418102,0.979770716762512,0.));
#2496=DIRECTION('ref_axis',(0.979770716762512,0.200123318418102,0.));
#2497=DIRECTION('',(0.979770716762512,0.200123318418102,0.));
#2498=DIRECTION('',(0.,0.,1.));
#2499=DIRECTION('',(0.979770716762512,0.200123318418102,0.));
#2500=DIRECTION('',(0.,0.,1.));
#2501=DIRECTION('center_axis',(0.,0.,1.));
#2502=DIRECTION('ref_axis',(1.,0.,0.));
#2503=DIRECTION('',(1.,0.,0.));
#2504=DIRECTION('',(0.,1.,0.));
#2505=DIRECTION('',(-1.,0.,0.));
#2506=DIRECTION('center_axis',(0.,0.,-1.));
#2507=DIRECTION('ref_axis',(0.707106781186548,-0.707106781186548,0.));
#2508=DIRECTION('',(-0.707106781186547,-0.707106781186547,0.));
#2509=DIRECTION('center_axis',(0.,0.,1.));
#2510=DIRECTION('ref_axis',(0.,1.,0.));
#2511=DIRECTION('',(-1.,0.,0.));
#2512=DIRECTION('',(0.,1.,0.));
#2513=DIRECTION('',(0.,1.,0.));
#2514=DIRECTION('',(-1.,0.,0.));
#2515=DIRECTION('',(0.,-1.,0.));
#2516=DIRECTION('',(-0.642871322619119,0.765974191832822,0.));
#2517=DIRECTION('',(0.,-1.,0.));
#2518=DIRECTION('',(0.64287147356883,-0.765974065142836,0.));
#2519=DIRECTION('',(1.,0.,0.));
#2520=DIRECTION('',(-0.310279797550593,0.950645279392878,0.));
#2521=DIRECTION('',(-0.591909548749597,0.806004395831095,0.));
#2522=DIRECTION('',(-0.890605242949827,0.454777199549714,0.));
#2523=DIRECTION('',(0.357788512600894,0.933802645236583,0.));
#2524=DIRECTION('',(-1.,0.,0.));
#2525=DIRECTION('',(-0.349493073692587,-0.936938947552565,0.));
#2526=DIRECTION('',(-1.,0.,0.));
#2527=DIRECTION('',(0.,1.,0.));
#2528=DIRECTION('',(-1.,0.,0.));
#2529=DIRECTION('',(0.,-1.,0.));
#2530=DIRECTION('',(1.,0.,0.));
#2531=DIRECTION('',(0.793878111008622,0.608076923473817,0.));
#2532=DIRECTION('',(0.591909548749597,0.806004395831095,0.));
#2533=DIRECTION('',(0.310279797550593,0.950645279392878,0.));
#2534=DIRECTION('',(0.,1.,0.));
#2535=DIRECTION('center_axis',(0.,0.,1.));
#2536=DIRECTION('ref_axis',(1.,0.,0.));
#2537=DIRECTION('',(1.,0.,0.));
#2538=DIRECTION('',(0.946649917770008,-0.322263763377203,0.));
#2539=DIRECTION('',(0.699625005501663,-0.714510218035262,0.));
#2540=DIRECTION('',(0.310279797550593,-0.950645279392878,0.));
#2541=DIRECTION('',(0.,-1.,0.));
#2542=DIRECTION('',(-0.310279797550593,-0.950645279392878,0.));
#2543=DIRECTION('',(-0.699625005501663,-0.714510218035262,0.));
#2544=DIRECTION('',(-0.946649917770008,-0.322263763377203,0.));
#2545=DIRECTION('',(-1.,0.,0.));
#2546=DIRECTION('',(0.,1.,0.));
#2547=DIRECTION('center_axis',(-1.,0.,0.));
#2548=DIRECTION('ref_axis',(0.,0.,-1.));
#2549=DIRECTION('center_axis',(-0.707106781186548,0.,-0.707106781186548));
#2550=DIRECTION('ref_axis',(0.707106781186548,0.,-0.707106781186548));
#2551=DIRECTION('',(1.,0.,0.));
#2552=DIRECTION('center_axis',(0.707106781186548,0.,-0.707106781186548));
#2553=DIRECTION('ref_axis',(-0.707106781186548,0.,-0.707106781186548));
#2554=DIRECTION('center_axis',(-0.707106781186548,0.,-0.707106781186548));
#2555=DIRECTION('ref_axis',(-0.707106781186548,0.,0.707106781186548));
#2556=DIRECTION('',(0.,-1.,0.));
#2557=DIRECTION('',(-0.707106781186548,0.,0.707106781186548));
#2558=DIRECTION('center_axis',(-0.707106781186548,0.,-0.707106781186548));
#2559=DIRECTION('ref_axis',(0.707106781186548,0.,-0.707106781186548));
#2560=DIRECTION('',(-0.577350269189626,-0.577350269189626,0.577350269189626));
#2561=DIRECTION('',(-0.707106781186548,0.,0.707106781186548));
#2562=DIRECTION('',(0.,1.,0.));
#2563=DIRECTION('center_axis',(-0.707106781186548,0.,-0.707106781186548));
#2564=DIRECTION('ref_axis',(0.707106781186548,0.,-0.707106781186548));
#2565=DIRECTION('',(0.577350269189626,-0.577350269189626,-0.577350269189626));
#2566=DIRECTION('center_axis',(-0.707106781186548,0.,-0.707106781186548));
#2567=DIRECTION('ref_axis',(0.707106781186548,0.,-0.707106781186548));
#2568=DIRECTION('',(-0.707106781186547,0.,0.707106781186547));
#2569=DIRECTION('center_axis',(0.,1.,0.));
#2570=DIRECTION('ref_axis',(0.,0.,1.));
#2571=DIRECTION('center_axis',(0.,1.,0.));
#2572=DIRECTION('ref_axis',(5.684341886081E-14,0.,1.));
#2573=DIRECTION('center_axis',(0.,-1.,0.));
#2574=DIRECTION('ref_axis',(0.707106781186598,0.,0.707106781186498));
#2575=DIRECTION('',(0.,-1.,0.));
#2576=DIRECTION('center_axis',(0.,1.,0.));
#2577=DIRECTION('ref_axis',(-1.,0.,0.));
#2578=DIRECTION('center_axis',(0.,1.,0.));
#2579=DIRECTION('ref_axis',(-0.707106781186498,0.,0.707106781186598));
#2580=DIRECTION('',(-0.707106781186548,0.,-0.707106781186548));
#2581=DIRECTION('',(-1.,0.,0.));
#2582=DIRECTION('',(-1.,0.,0.));
#2583=DIRECTION('center_axis',(0.,1.,0.));
#2584=DIRECTION('ref_axis',(-0.707106781186598,0.,0.707106781186498));
#2585=DIRECTION('',(0.,-1.,0.));
#2586=DIRECTION('center_axis',(0.,-1.,0.));
#2587=DIRECTION('ref_axis',(-2.84217094304E-14,0.,1.));
#2588=DIRECTION('',(0.,-1.,0.));
#2589=DIRECTION('center_axis',(0.707106781186548,0.,-0.707106781186548));
#2590=DIRECTION('ref_axis',(-0.707106781186548,0.,-0.707106781186548));
#2591=DIRECTION('',(-0.707106781186547,0.,-0.707106781186547));
#2592=DIRECTION('center_axis',(0.707106781186548,0.,-0.707106781186548));
#2593=DIRECTION('ref_axis',(-0.707106781186548,0.,-0.707106781186548));
#2594=DIRECTION('',(0.577350269189626,0.577350269189626,0.577350269189626));
#2595=DIRECTION('center_axis',(0.707106781186548,0.,-0.707106781186548));
#2596=DIRECTION('ref_axis',(-0.707106781186548,0.,-0.707106781186548));
#2597=DIRECTION('',(0.,1.,0.));
#2598=DIRECTION('',(0.707106781186498,0.,0.707106781186597));
#2599=DIRECTION('',(-0.577350269189626,0.577350269189626,-0.577350269189626));
#2600=DIRECTION('center_axis',(0.707106781186548,0.,-0.707106781186548));
#2601=DIRECTION('ref_axis',(-0.707106781186548,0.,-0.707106781186548));
#2602=DIRECTION('center_axis',(1.,0.,0.));
#2603=DIRECTION('ref_axis',(0.,-1.,0.));
#2604=DIRECTION('',(-1.,0.,0.));
#2605=DIRECTION('center_axis',(0.,0.707106781186548,0.707106781186548));
#2606=DIRECTION('ref_axis',(0.,0.707106781186548,-0.707106781186548));
#2607=DIRECTION('center_axis',(0.,-1.,0.));
#2608=DIRECTION('ref_axis',(-1.,0.,0.));
#2609=DIRECTION('',(-3.875687649601E-14,0.,-1.));
#2610=DIRECTION('',(1.,0.,0.));
#2611=DIRECTION('center_axis',(0.,0.,1.));
#2612=DIRECTION('ref_axis',(0.,-1.,0.));
#2613=DIRECTION('center_axis',(0.,0.,1.));
#2614=DIRECTION('ref_axis',(0.,-1.,0.));
#2615=DIRECTION('',(0.,0.,-1.));
#2616=DIRECTION('center_axis',(0.,0.,1.));
#2617=DIRECTION('ref_axis',(1.,0.,0.));
#2618=DIRECTION('',(-1.,0.,0.));
#2619=DIRECTION('',(-1.,0.,0.));
#2620=DIRECTION('center_axis',(0.,0.,-1.));
#2621=DIRECTION('ref_axis',(-0.707106781186548,0.707106781186548,0.));
#2622=DIRECTION('',(-0.707106781186547,-0.707106781186547,0.));
#2623=DIRECTION('center_axis',(1.,0.,0.));
#2624=DIRECTION('ref_axis',(0.,0.,-1.));
#2625=DIRECTION('',(-1.,0.,0.));
#2626=DIRECTION('center_axis',(0.,-0.707106781186548,0.707106781186548));
#2627=DIRECTION('ref_axis',(0.,-0.707106781186548,-0.707106781186548));
#2628=DIRECTION('',(1.,0.,0.));
#2629=DIRECTION('',(0.577350269189626,0.577350269189626,0.577350269189626));
#2630=DIRECTION('center_axis',(0.,-0.707106781186548,0.707106781186548));
#2631=DIRECTION('ref_axis',(0.,0.707106781186547,0.707106781186547));
#2632=DIRECTION('',(-0.577350269189626,-0.577350269189626,-0.577350269189626));
#2633=DIRECTION('center_axis',(0.,-0.707106781186548,0.707106781186548));
#2634=DIRECTION('ref_axis',(0.,0.707106781186547,0.707106781186547));
#2635=DIRECTION('',(0.577350269189626,0.577350269189626,0.577350269189626));
#2636=DIRECTION('center_axis',(0.,-0.707106781186548,0.707106781186548));
#2637=DIRECTION('ref_axis',(0.,0.707106781186547,0.707106781186547));
#2638=DIRECTION('',(-0.577350269189626,-0.577350269189626,-0.577350269189626));
#2639=DIRECTION('center_axis',(0.,-0.707106781186548,0.707106781186548));
#2640=DIRECTION('ref_axis',(0.,0.707106781186547,0.707106781186547));
#2641=DIRECTION('',(0.577350269189626,0.577350269189626,0.577350269189626));
#2642=DIRECTION('center_axis',(0.,-0.707106781186548,0.707106781186548));
#2643=DIRECTION('ref_axis',(0.,0.707106781186547,0.707106781186547));
#2644=DIRECTION('',(-0.577350269189626,-0.577350269189626,-0.577350269189626));
#2645=DIRECTION('center_axis',(0.,-0.707106781186548,0.707106781186548));
#2646=DIRECTION('ref_axis',(0.,0.707106781186547,0.707106781186547));
#2647=DIRECTION('center_axis',(-0.707106781186548,0.707106781186548,0.));
#2648=DIRECTION('ref_axis',(0.707106781186548,0.707106781186548,0.));
#2649=DIRECTION('',(0.,0.,1.));
#2650=DIRECTION('',(0.707106781186498,0.707106781186597,0.));
#2651=DIRECTION('',(0.,0.,1.));
#2652=DIRECTION('center_axis',(0.,0.,1.));
#2653=DIRECTION('ref_axis',(1.,0.,0.));
#2654=DIRECTION('center_axis',(0.,0.,1.));
#2655=DIRECTION('ref_axis',(0.707106781186598,-0.707106781186498,0.));
#2656=DIRECTION('',(2.061516560256E-14,0.,1.));
#2657=DIRECTION('center_axis',(0.707106781186548,-0.707106781186548,0.));
#2658=DIRECTION('ref_axis',(-0.707106781186548,-0.707106781186548,0.));
#2659=DIRECTION('',(-0.707106781186548,-0.707106781186548,0.));
#2660=DIRECTION('',(1.526465955033E-14,0.,1.));
#2661=DIRECTION('center_axis',(0.,0.,1.));
#2662=DIRECTION('ref_axis',(-0.707106781186554,-0.707106781186541,0.));
#2663=DIRECTION('center_axis',(0.,0.,1.));
#2664=DIRECTION('ref_axis',(-0.707106781186498,0.707106781186598,0.));
#2665=DIRECTION('center_axis',(0.,0.,1.));
#2666=DIRECTION('ref_axis',(1.,0.,0.));
#2667=DIRECTION('center_axis',(-0.707106781186548,0.707106781186548,0.));
#2668=DIRECTION('ref_axis',(0.707106781186548,0.707106781186548,0.));
#2669=DIRECTION('',(1.218073261303E-14,0.,1.));
#2670=DIRECTION('',(0.707106781186498,0.707106781186597,0.));
#2671=DIRECTION('',(0.,0.,1.));
#2672=DIRECTION('center_axis',(0.,0.,1.));
#2673=DIRECTION('ref_axis',(1.,0.,0.));
#2674=DIRECTION('center_axis',(0.,0.,1.));
#2675=DIRECTION('ref_axis',(0.707106781186598,-0.707106781186498,0.));
#2676=DIRECTION('',(1.030758280128E-14,0.,1.));
#2677=DIRECTION('center_axis',(0.707106781186548,-0.707106781186548,0.));
#2678=DIRECTION('ref_axis',(-0.707106781186548,-0.707106781186548,0.));
#2679=DIRECTION('',(-0.707106781186498,-0.707106781186597,0.));
#2680=DIRECTION('',(1.526465955033E-14,0.,1.));
#2681=DIRECTION('center_axis',(0.,0.,1.));
#2682=DIRECTION('ref_axis',(-0.707106781186546,-0.707106781186549,0.));
#2683=DIRECTION('center_axis',(0.,0.,1.));
#2684=DIRECTION('ref_axis',(-0.707106781186498,0.707106781186598,0.));
#2685=DIRECTION('center_axis',(0.,0.,1.));
#2686=DIRECTION('ref_axis',(1.,0.,0.));
#2687=DIRECTION('center_axis',(-0.707106781186548,0.707106781186548,0.));
#2688=DIRECTION('ref_axis',(0.707106781186548,0.707106781186548,0.));
#2689=DIRECTION('',(0.,0.,1.));
#2690=DIRECTION('',(0.707106781186498,0.707106781186597,0.));
#2691=DIRECTION('',(0.,0.,1.));
#2692=DIRECTION('center_axis',(0.,0.,1.));
#2693=DIRECTION('ref_axis',(1.,0.,0.));
#2694=DIRECTION('center_axis',(0.,0.,1.));
#2695=DIRECTION('ref_axis',(0.707106781186598,-0.707106781186498,0.));
#2696=DIRECTION('',(1.030758280128E-14,0.,1.));
#2697=DIRECTION('center_axis',(0.707106781186548,-0.707106781186548,0.));
#2698=DIRECTION('ref_axis',(-0.707106781186548,-0.707106781186548,0.));
#2699=DIRECTION('',(-0.707106781186498,-0.707106781186597,0.));
#2700=DIRECTION('',(1.526465955033E-14,0.,1.));
#2701=DIRECTION('center_axis',(0.,0.,1.));
#2702=DIRECTION('ref_axis',(-0.707106781186554,-0.707106781186541,0.));
#2703=DIRECTION('center_axis',(0.,0.,1.));
#2704=DIRECTION('ref_axis',(-0.707106781186498,0.707106781186598,0.));
#2705=DIRECTION('center_axis',(0.,0.,1.));
#2706=DIRECTION('ref_axis',(1.,0.,0.));
#2707=DIRECTION('center_axis',(-1.,0.,0.));
#2708=DIRECTION('ref_axis',(0.,1.,0.));
#2709=DIRECTION('',(1.,0.,0.));
#2710=DIRECTION('center_axis',(0.,-1.,0.));
#2711=DIRECTION('ref_axis',(1.,0.,0.));
#2712=DIRECTION('',(-1.,0.,0.));
#2713=DIRECTION('center_axis',(0.,0.,-1.));
#2714=DIRECTION('ref_axis',(-1.,0.,0.));
#2715=DIRECTION('center_axis',(0.,0.,1.));
#2716=DIRECTION('ref_axis',(1.,1.05265590483E-14,0.));
#2717=DIRECTION('center_axis',(0.,0.,1.));
#2718=DIRECTION('ref_axis',(1.,1.184237892934E-14,0.));
#2719=DIRECTION('center_axis',(0.,0.,1.));
#2720=DIRECTION('ref_axis',(1.,1.05265590483E-14,0.));
#2721=DIRECTION('center_axis',(0.,0.,1.));
#2722=DIRECTION('ref_axis',(1.,0.,0.));
#2723=DIRECTION('center_axis',(0.,0.,1.));
#2724=DIRECTION('ref_axis',(1.,0.,0.));
#2725=DIRECTION('',(0.,0.,1.));
#2726=DIRECTION('center_axis',(0.,0.,1.));
#2727=DIRECTION('ref_axis',(1.,0.,0.));
#2728=DIRECTION('center_axis',(0.,0.,1.));
#2729=DIRECTION('ref_axis',(1.,0.,0.));
#2730=DIRECTION('center_axis',(0.,0.,1.));
#2731=DIRECTION('ref_axis',(1.,0.,0.));
#2732=DIRECTION('',(0.,0.,1.));
#2733=DIRECTION('center_axis',(0.,0.,1.));
#2734=DIRECTION('ref_axis',(1.,0.,0.));
#2735=DIRECTION('center_axis',(0.,0.,1.));
#2736=DIRECTION('ref_axis',(1.,0.,0.));
#2737=DIRECTION('center_axis',(0.,0.,1.));
#2738=DIRECTION('ref_axis',(1.,0.,0.));
#2739=DIRECTION('',(0.,0.,1.));
#2740=DIRECTION('center_axis',(0.,0.,1.));
#2741=DIRECTION('ref_axis',(1.,0.,0.));
#2742=DIRECTION('center_axis',(0.707106781186548,-0.707106781186548,0.));
#2743=DIRECTION('ref_axis',(-0.707106781186548,-0.707106781186548,0.));
#2744=DIRECTION('',(0.,0.,1.));
#2745=DIRECTION('center_axis',(0.,0.,-1.));
#2746=DIRECTION('ref_axis',(-0.707106781186548,0.707106781186548,0.));
#2747=DIRECTION('',(0.,0.,1.));
#2748=DIRECTION('center_axis',(0.,-1.,0.));
#2749=DIRECTION('ref_axis',(-1.,0.,0.));
#2750=DIRECTION('center_axis',(-1.,0.,0.));
#2751=DIRECTION('ref_axis',(0.,1.,0.));
#2752=DIRECTION('',(0.,0.,1.));
#2753=DIRECTION('',(0.,1.,0.));
#2754=DIRECTION('',(0.,0.,1.));
#2755=DIRECTION('center_axis',(0.,-1.,0.));
#2756=DIRECTION('ref_axis',(-1.,0.,0.));
#2757=DIRECTION('',(-1.,0.,0.));
#2758=DIRECTION('',(0.,0.,1.));
#2759=DIRECTION('center_axis',(1.,0.,0.));
#2760=DIRECTION('ref_axis',(0.,-1.,0.));
#2761=DIRECTION('',(0.,-1.,0.));
#2762=DIRECTION('',(0.,0.,1.));
#2763=DIRECTION('center_axis',(-0.765974191832822,-0.642871322619119,0.));
#2764=DIRECTION('ref_axis',(-0.642871322619119,0.765974191832822,0.));
#2765=DIRECTION('',(-0.642871322619119,0.765974191832822,0.));
#2766=DIRECTION('',(0.,0.,1.));
#2767=DIRECTION('center_axis',(1.,0.,0.));
#2768=DIRECTION('ref_axis',(0.,-1.,0.));
#2769=DIRECTION('',(0.,-1.,0.));
#2770=DIRECTION('',(0.,1.7763568394E-14,1.));
#2771=DIRECTION('center_axis',(0.765974065142836,0.64287147356883,0.));
#2772=DIRECTION('ref_axis',(0.64287147356883,-0.765974065142836,0.));
#2773=DIRECTION('',(0.64287147356883,-0.765974065142836,0.));
#2774=DIRECTION('',(0.,0.,1.));
#2775=DIRECTION('center_axis',(0.,1.,0.));
#2776=DIRECTION('ref_axis',(1.,0.,0.));
#2777=DIRECTION('',(1.,0.,0.));
#2778=DIRECTION('center_axis',(0.,0.,-1.));
#2779=DIRECTION('ref_axis',(-1.,0.,0.));
#2780=DIRECTION('center_axis',(0.,0.,-1.));
#2781=DIRECTION('ref_axis',(-1.,0.,0.));
#2782=DIRECTION('',(-0.310279797550593,0.950645279392878,0.));
#2783=DIRECTION('',(0.,1.,0.));
#2784=DIRECTION('',(0.310279797550593,0.950645279392878,0.));
#2785=DIRECTION('',(0.591909548749597,0.806004395831095,0.));
#2786=DIRECTION('',(0.793878111008659,0.608076923473769,0.));
#2787=DIRECTION('',(1.,0.,0.));
#2788=DIRECTION('',(0.,-1.,0.));
#2789=DIRECTION('',(-1.,0.,0.));
#2790=DIRECTION('',(0.,1.,0.));
#2791=DIRECTION('',(-1.,0.,0.));
#2792=DIRECTION('',(-0.349493073692587,-0.936938947552565,0.));
#2793=DIRECTION('',(-1.,0.,0.));
#2794=DIRECTION('',(0.357788512600894,0.933802645236583,0.));
#2795=DIRECTION('',(-0.890605242949827,0.454777199549714,0.));
#2796=DIRECTION('',(-0.591909548749597,0.806004395831095,0.));
#2797=DIRECTION('',(1.,0.,0.));
#2798=DIRECTION('',(0.,1.,0.));
#2799=DIRECTION('',(-1.,0.,0.));
#2800=DIRECTION('',(-0.946649917770008,-0.322263763377203,0.));
#2801=DIRECTION('',(-0.699625005501663,-0.714510218035262,0.));
#2802=DIRECTION('',(-0.310279797550593,-0.950645279392878,0.));
#2803=DIRECTION('',(0.,-1.,0.));
#2804=DIRECTION('',(0.310279797550593,-0.950645279392878,0.));
#2805=DIRECTION('',(0.699625005501663,-0.714510218035262,0.));
#2806=DIRECTION('',(0.946649917770008,-0.322263763377203,0.));
#2807=DIRECTION('center_axis',(-0.950645279392878,-0.310279797550593,0.));
#2808=DIRECTION('ref_axis',(-0.310279797550593,0.950645279392878,0.));
#2809=DIRECTION('',(0.,0.,1.));
#2810=DIRECTION('',(0.,0.,1.));
#2811=DIRECTION('center_axis',(-0.806004395831095,-0.591909548749597,0.));
#2812=DIRECTION('ref_axis',(-0.591909548749597,0.806004395831095,0.));
#2813=DIRECTION('',(0.,0.,1.));
#2814=DIRECTION('center_axis',(-0.454777199549714,-0.890605242949827,0.));
#2815=DIRECTION('ref_axis',(-0.890605242949827,0.454777199549714,0.));
#2816=DIRECTION('',(0.,0.,1.));
#2817=DIRECTION('center_axis',(-0.933802645236583,0.357788512600894,0.));
#2818=DIRECTION('ref_axis',(0.357788512600894,0.933802645236583,0.));
#2819=DIRECTION('',(-5.684341886081E-14,0.,1.));
#2820=DIRECTION('center_axis',(0.,-1.,0.));
#2821=DIRECTION('ref_axis',(-1.,0.,0.));
#2822=DIRECTION('',(0.,0.,1.));
#2823=DIRECTION('center_axis',(0.936938947552565,-0.349493073692587,0.));
#2824=DIRECTION('ref_axis',(-0.349493073692587,-0.936938947552565,0.));
#2825=DIRECTION('',(0.,0.,1.));
#2826=DIRECTION('center_axis',(0.,-1.,0.));
#2827=DIRECTION('ref_axis',(-1.,0.,0.));
#2828=DIRECTION('',(0.,0.,1.));
#2829=DIRECTION('center_axis',(-1.,0.,0.));
#2830=DIRECTION('ref_axis',(0.,1.,0.));
#2831=DIRECTION('',(0.,0.,1.));
#2832=DIRECTION('center_axis',(0.,-1.,0.));
#2833=DIRECTION('ref_axis',(-1.,0.,0.));
#2834=DIRECTION('',(0.,0.,1.));
#2835=DIRECTION('center_axis',(1.,0.,0.));
#2836=DIRECTION('ref_axis',(0.,-1.,0.));
#2837=DIRECTION('',(0.,0.,1.));
#2838=DIRECTION('center_axis',(0.,1.,0.));
#2839=DIRECTION('ref_axis',(1.,0.,0.));
#2840=DIRECTION('center_axis',(-1.,0.,0.));
#2841=DIRECTION('ref_axis',(0.,1.,0.));
#2842=DIRECTION('',(0.,0.,1.));
#2843=DIRECTION('center_axis',(-0.950645279392878,0.310279797550593,0.));
#2844=DIRECTION('ref_axis',(0.310279797550593,0.950645279392878,0.));
#2845=DIRECTION('',(0.,0.,1.));
#2846=DIRECTION('center_axis',(-0.806004395831095,0.591909548749597,0.));
#2847=DIRECTION('ref_axis',(0.591909548749597,0.806004395831095,0.));
#2848=DIRECTION('',(0.,0.,1.));
#2849=DIRECTION('center_axis',(-0.608076923473769,0.793878111008659,0.));
#2850=DIRECTION('ref_axis',(0.793878111008659,0.608076923473769,0.));
#2851=DIRECTION('center_axis',(0.,1.,0.));
#2852=DIRECTION('ref_axis',(1.,0.,0.));
#2853=DIRECTION('',(0.,0.,1.));
#2854=DIRECTION('',(0.,0.,1.));
#2855=DIRECTION('center_axis',(0.322263763377203,0.946649917770008,0.));
#2856=DIRECTION('ref_axis',(0.946649917770008,-0.322263763377203,0.));
#2857=DIRECTION('',(0.,0.,1.));
#2858=DIRECTION('center_axis',(0.714510218035262,0.699625005501663,0.));
#2859=DIRECTION('ref_axis',(0.699625005501663,-0.714510218035262,0.));
#2860=DIRECTION('',(0.,0.,1.));
#2861=DIRECTION('center_axis',(0.950645279392878,0.310279797550593,0.));
#2862=DIRECTION('ref_axis',(0.310279797550593,-0.950645279392878,0.));
#2863=DIRECTION('',(0.,0.,1.));
#2864=DIRECTION('center_axis',(1.,0.,0.));
#2865=DIRECTION('ref_axis',(0.,-1.,0.));
#2866=DIRECTION('',(0.,1.06581410364E-14,1.));
#2867=DIRECTION('center_axis',(0.950645279392878,-0.310279797550593,0.));
#2868=DIRECTION('ref_axis',(-0.310279797550593,-0.950645279392878,0.));
#2869=DIRECTION('',(0.,0.,1.));
#2870=DIRECTION('center_axis',(0.714510218035262,-0.699625005501663,0.));
#2871=DIRECTION('ref_axis',(-0.699625005501663,-0.714510218035262,0.));
#2872=DIRECTION('',(0.,0.,1.));
#2873=DIRECTION('center_axis',(0.322263763377203,-0.946649917770008,0.));
#2874=DIRECTION('ref_axis',(-0.946649917770008,-0.322263763377203,0.));
#2875=DIRECTION('',(0.,0.,1.));
#2876=DIRECTION('center_axis',(0.,-1.,0.));
#2877=DIRECTION('ref_axis',(-1.,0.,0.));
#2878=DIRECTION('',(0.,0.,1.));
#2879=DIRECTION('center_axis',(-1.,0.,0.));
#2880=DIRECTION('ref_axis',(0.,1.,0.));
#2881=DIRECTION('center_axis',(-0.707106781186548,-0.707106781186548,0.));
#2882=DIRECTION('ref_axis',(0.,0.,-1.));
#2883=DIRECTION('',(0.707106781186548,0.707106781186548,0.));
#2884=DIRECTION('center_axis',(-0.707106781186548,-0.707106781186548,0.));
#2885=DIRECTION('ref_axis',(-2.84217094304E-14,2.84217094304E-14,-1.));
#2886=DIRECTION('',(0.707106781186548,0.707106781186548,0.));
#2887=DIRECTION('center_axis',(-0.707106781186548,-0.707106781186548,0.));
#2888=DIRECTION('ref_axis',(0.,0.,-1.));
#2889=DIRECTION('center_axis',(0.,0.,1.));
#2890=DIRECTION('ref_axis',(1.,0.,0.));
#2891=DIRECTION('center_axis',(0.,0.,1.));
#2892=DIRECTION('ref_axis',(0.707106781186598,-0.707106781186498,0.));
#2893=DIRECTION('center_axis',(0.,0.,1.));
#2894=DIRECTION('ref_axis',(-0.707106781186498,0.707106781186598,0.));
#2895=DIRECTION('',(-0.707106781186548,-0.707106781186548,0.));
#2896=DIRECTION('center_axis',(0.,0.,1.));
#2897=DIRECTION('ref_axis',(0.707106778537374,0.707106783835721,0.));
#2898=DIRECTION('center_axis',(0.707106781186548,0.707106781186548,0.));
#2899=DIRECTION('ref_axis',(0.,0.,-1.));
#2900=DIRECTION('center_axis',(0.,0.,1.));
#2901=DIRECTION('ref_axis',(0.707106781186498,-0.707106781186597,0.));
#2902=DIRECTION('center_axis',(0.,0.,1.));
#2903=DIRECTION('ref_axis',(0.707106775836032,0.707106786537063,0.));
#2904=DIRECTION('',(-3.597295972213E-8,-3.597291353685E-8,-0.999999999999999));
#2905=DIRECTION('center_axis',(0.,0.,-1.));
#2906=DIRECTION('ref_axis',(-0.707106781186498,0.707106781186597,0.));
#2907=DIRECTION('',(-3.865835651595E-9,-3.865846309736E-9,-1.));
#2908=DIRECTION('center_axis',(-0.707106781186548,0.707106781186548,0.));
#2909=DIRECTION('ref_axis',(0.707106781186548,0.707106781186548,0.));
#2910=DIRECTION('',(0.707106781186548,0.707106781186548,0.));
#2911=DIRECTION('',(-5.772733402409E-9,-5.772717415198E-9,1.));
#2912=DIRECTION('center_axis',(0.,0.,-1.));
#2913=DIRECTION('ref_axis',(-0.707106780224918,-0.707106782148177,0.));
#2914=DIRECTION('center_axis',(0.,0.,1.));
#2915=DIRECTION('ref_axis',(-0.707106781186498,0.707106781186597,0.));
#2916=DIRECTION('center_axis',(0.,0.,-1.));
#2917=DIRECTION('ref_axis',(0.707106781186498,-0.707106781186597,0.));
#2918=DIRECTION('',(4.532125785772E-10,4.53237447573E-10,1.));
#2919=DIRECTION('center_axis',(0.,0.,-1.));
#2920=DIRECTION('ref_axis',(-0.707106780826865,-0.70710678154623,0.));
#2921=DIRECTION('center_axis',(0.707106781186548,0.707106781186548,0.));
#2922=DIRECTION('ref_axis',(0.,0.,-1.));
#2923=DIRECTION('center_axis',(0.707106781186548,0.707106781186548,0.));
#2924=DIRECTION('ref_axis',(0.,0.,-1.));
#2925=DIRECTION('',(-0.707106781186548,-0.707106781186548,0.));
#2926=DIRECTION('center_axis',(0.707106781186548,-0.707106781186548,0.));
#2927=DIRECTION('ref_axis',(-0.707106781186548,-0.707106781186548,0.));
#2928=DIRECTION('',(-0.707106781186548,-0.707106781186548,0.));
#2929=DIRECTION('center_axis',(0.,0.,1.));
#2930=DIRECTION('ref_axis',(1.,0.,0.));
#2931=DIRECTION('center_axis',(-0.707106781186548,-0.707106781186548,0.));
#2932=DIRECTION('ref_axis',(0.,0.,-1.));
#2933=DIRECTION('',(0.707106781186548,0.707106781186548,0.));
#2934=DIRECTION('center_axis',(-0.707106781186548,-0.707106781186548,0.));
#2935=DIRECTION('ref_axis',(-2.84217094304E-14,2.84217094304E-14,-1.));
#2936=DIRECTION('',(0.707106781186548,0.707106781186548,0.));
#2937=DIRECTION('center_axis',(-0.707106781186548,-0.707106781186548,0.));
#2938=DIRECTION('ref_axis',(6.66133814775E-15,-6.66133814775E-15,-1.));
#2939=DIRECTION('center_axis',(0.,0.,1.));
#2940=DIRECTION('ref_axis',(1.,0.,0.));
#2941=DIRECTION('center_axis',(0.,0.,1.));
#2942=DIRECTION('ref_axis',(-0.707106781186498,0.707106781186598,0.));
#2943=DIRECTION('',(-0.707106781186548,-0.707106781186548,0.));
#2944=DIRECTION('center_axis',(0.,0.,1.));
#2945=DIRECTION('ref_axis',(0.707106781186598,-0.707106781186498,0.));
#2946=DIRECTION('center_axis',(0.,0.,-1.));
#2947=DIRECTION('ref_axis',(-0.707106780826865,-0.70710678154623,0.));
#2948=DIRECTION('center_axis',(0.,0.,1.));
#2949=DIRECTION('ref_axis',(-0.707106781186498,0.707106781186597,0.));
#2950=DIRECTION('center_axis',(0.707106781186548,0.707106781186548,0.));
#2951=DIRECTION('ref_axis',(0.,0.,-1.));
#2952=DIRECTION('center_axis',(0.707106781186548,0.707106781186548,0.));
#2953=DIRECTION('ref_axis',(0.,0.,-1.));
#2954=DIRECTION('',(-0.707106781186548,-0.707106781186548,0.));
#2955=DIRECTION('center_axis',(0.707106781186548,0.707106781186548,0.));
#2956=DIRECTION('ref_axis',(0.,0.,-1.));
#2957=DIRECTION('center_axis',(0.707106781186548,-0.707106781186548,0.));
#2958=DIRECTION('ref_axis',(-0.707106781186548,-0.707106781186548,0.));
#2959=DIRECTION('',(4.532125785772E-10,4.532303421456E-10,1.));
#2960=DIRECTION('',(-0.707106781186548,-0.707106781186548,0.));
#2961=DIRECTION('',(-3.597295972213E-8,-3.597290643143E-8,-0.999999999999999));
#2962=DIRECTION('center_axis',(0.,0.,1.));
#2963=DIRECTION('ref_axis',(0.707106775836031,0.707106786537064,0.));
#2964=DIRECTION('center_axis',(0.,0.,1.));
#2965=DIRECTION('ref_axis',(0.707106781186498,-0.707106781186597,0.));
#2966=DIRECTION('center_axis',(0.,0.,-1.));
#2967=DIRECTION('ref_axis',(-0.707106781186498,0.707106781186597,0.));
#2968=DIRECTION('',(-3.865807229886E-9,-3.865846309736E-9,-1.));
#2969=DIRECTION('center_axis',(0.,0.,1.));
#2970=DIRECTION('ref_axis',(0.707106778162579,0.707106784210516,0.));
#2971=DIRECTION('center_axis',(-0.707106781186548,0.707106781186548,0.));
#2972=DIRECTION('ref_axis',(0.707106781186548,0.707106781186548,0.));
#2973=DIRECTION('',(0.707106781186548,0.707106781186548,0.));
#2974=DIRECTION('',(-5.772733402409E-9,-5.772715638841E-9,1.));
#2975=DIRECTION('center_axis',(0.,0.,-1.));
#2976=DIRECTION('ref_axis',(-0.707106780224918,-0.707106782148177,0.));
#2977=DIRECTION('center_axis',(0.,0.,-1.));
#2978=DIRECTION('ref_axis',(0.707106781186498,-0.707106781186597,0.));
#2979=DIRECTION('center_axis',(0.,0.,1.));
#2980=DIRECTION('ref_axis',(1.,0.,0.));
#2981=DIRECTION('center_axis',(-0.707106781186548,-0.707106781186548,0.));
#2982=DIRECTION('ref_axis',(0.,0.,-1.));
#2983=DIRECTION('',(0.707106781186548,0.707106781186548,0.));
#2984=DIRECTION('center_axis',(-0.707106781186548,-0.707106781186548,0.));
#2985=DIRECTION('ref_axis',(-2.30926389122E-14,2.30926389122E-14,-1.));
#2986=DIRECTION('',(0.707106781186548,0.707106781186548,0.));
#2987=DIRECTION('center_axis',(-0.707106781186548,-0.707106781186548,0.));
#2988=DIRECTION('ref_axis',(0.,0.,-1.));
#2989=DIRECTION('center_axis',(0.,0.,1.));
#2990=DIRECTION('ref_axis',(1.,0.,0.));
#2991=DIRECTION('center_axis',(0.,0.,1.));
#2992=DIRECTION('ref_axis',(-0.707106781186498,0.707106781186598,0.));
#2993=DIRECTION('',(-0.707106781186548,-0.707106781186548,0.));
#2994=DIRECTION('center_axis',(0.,0.,1.));
#2995=DIRECTION('ref_axis',(0.707106781186598,-0.707106781186498,0.));
#2996=DIRECTION('center_axis',(0.,0.,-1.));
#2997=DIRECTION('ref_axis',(-0.707106780826865,-0.70710678154623,0.));
#2998=DIRECTION('center_axis',(0.,0.,1.));
#2999=DIRECTION('ref_axis',(-0.707106781186597,0.707106781186498,0.));
#3000=DIRECTION('center_axis',(0.707106781186548,0.707106781186548,0.));
#3001=DIRECTION('ref_axis',(5.3290705182E-15,-5.3290705182E-15,-1.));
#3002=DIRECTION('center_axis',(0.707106781186548,0.707106781186548,0.));
#3003=DIRECTION('ref_axis',(0.,0.,-1.));
#3004=DIRECTION('',(-0.707106781186548,-0.707106781186548,0.));
#3005=DIRECTION('center_axis',(0.707106781186548,0.707106781186548,0.));
#3006=DIRECTION('ref_axis',(0.,0.,-1.));
#3007=DIRECTION('center_axis',(0.707106781186548,-0.707106781186548,0.));
#3008=DIRECTION('ref_axis',(-0.707106781186548,-0.707106781186548,0.));
#3009=DIRECTION('',(4.531841568678E-10,4.53237447573E-10,1.));
#3010=DIRECTION('',(-0.707106781186548,-0.707106781186548,0.));
#3011=DIRECTION('',(-3.597295972213E-8,-3.597293840585E-8,-0.999999999999999));
#3012=DIRECTION('center_axis',(0.,0.,1.));
#3013=DIRECTION('ref_axis',(0.707106775836036,0.707106786537059,0.));
#3014=DIRECTION('center_axis',(0.,0.,1.));
#3015=DIRECTION('ref_axis',(0.707106781186547,-0.707106781186547,0.));
#3016=DIRECTION('center_axis',(0.,0.,-1.));
#3017=DIRECTION('ref_axis',(-0.707106781186498,0.707106781186597,0.));
#3018=DIRECTION('',(-3.865835651595E-9,-3.865856967877E-9,-1.));
#3019=DIRECTION('center_axis',(0.,0.,1.));
#3020=DIRECTION('ref_axis',(0.707106778162587,0.707106784210509,0.));
#3021=DIRECTION('center_axis',(-0.707106781186548,0.707106781186548,0.));
#3022=DIRECTION('ref_axis',(0.707106781186548,0.707106781186548,0.));
#3023=DIRECTION('',(0.707106781186548,0.707106781186548,0.));
#3024=DIRECTION('',(-5.772733402409E-9,-5.772677447169E-9,1.));
#3025=DIRECTION('center_axis',(0.,0.,-1.));
#3026=DIRECTION('ref_axis',(-0.707106780224915,-0.70710678214818,0.));
#3027=DIRECTION('center_axis',(0.,0.,-1.));
#3028=DIRECTION('ref_axis',(0.707106781186597,-0.707106781186498,0.));
#3029=DIRECTION('center_axis',(0.,0.,1.));
#3030=DIRECTION('ref_axis',(1.,0.,0.));
#3031=DIRECTION('center_axis',(-0.707106781186548,-0.707106781186548,0.));
#3032=DIRECTION('ref_axis',(0.,0.,-1.));
#3033=DIRECTION('',(0.707106781186498,0.707106781186597,0.));
#3034=DIRECTION('center_axis',(-0.707106781186548,-0.707106781186548,0.));
#3035=DIRECTION('ref_axis',(-3.5527136788005E-14,3.5527136788005E-14,-1.));
#3036=DIRECTION('',(0.707106781186548,0.707106781186548,0.));
#3037=DIRECTION('center_axis',(-0.707106781186548,-0.707106781186548,0.));
#3038=DIRECTION('ref_axis',(0.,0.,-1.));
#3039=DIRECTION('center_axis',(0.,0.,1.));
#3040=DIRECTION('ref_axis',(1.,0.,0.));
#3041=DIRECTION('center_axis',(0.,0.,1.));
#3042=DIRECTION('ref_axis',(-0.707106781186498,0.707106781186598,0.));
#3043=DIRECTION('',(-0.707106781186548,-0.707106781186548,0.));
#3044=DIRECTION('center_axis',(0.,0.,1.));
#3045=DIRECTION('ref_axis',(0.707106781186598,-0.707106781186498,0.));
#3046=DIRECTION('center_axis',(0.,0.,-1.));
#3047=DIRECTION('ref_axis',(-0.707106780829361,-0.707106781543735,0.));
#3048=DIRECTION('center_axis',(0.,0.,1.));
#3049=DIRECTION('ref_axis',(-0.707106781186498,0.707106781186597,0.));
#3050=DIRECTION('center_axis',(0.707106781186548,0.707106781186548,0.));
#3051=DIRECTION('ref_axis',(0.,0.,-1.));
#3052=DIRECTION('center_axis',(0.707106781186548,0.707106781186548,0.));
#3053=DIRECTION('ref_axis',(0.,0.,-1.));
#3054=DIRECTION('',(-0.707106781186548,-0.707106781186548,0.));
#3055=DIRECTION('center_axis',(0.707106781186548,0.707106781186548,0.));
#3056=DIRECTION('ref_axis',(0.,0.,-1.));
#3057=DIRECTION('center_axis',(0.707106781186548,-0.707106781186548,0.));
#3058=DIRECTION('ref_axis',(-0.707106781186548,-0.707106781186548,0.));
#3059=DIRECTION('',(4.532125785772E-10,4.532427766435E-10,1.));
#3060=DIRECTION('',(-0.707106781186548,-0.707106781186548,0.));
#3061=DIRECTION('',(-3.597295972213E-8,-3.597293130042E-8,-0.999999999999999));
#3062=DIRECTION('center_axis',(0.,0.,1.));
#3063=DIRECTION('ref_axis',(0.707106775846032,0.707106786527063,0.));
#3064=DIRECTION('center_axis',(0.,0.,1.));
#3065=DIRECTION('ref_axis',(0.707106781186547,-0.707106781186547,0.));
#3066=DIRECTION('center_axis',(0.,0.,-1.));
#3067=DIRECTION('ref_axis',(-0.707106781186498,0.707106781186597,0.));
#3068=DIRECTION('',(-3.865835651595E-9,-3.86584986245E-9,-1.));
#3069=DIRECTION('center_axis',(0.,0.,1.));
#3070=DIRECTION('ref_axis',(0.707106778173258,0.707106784199837,0.));
#3071=DIRECTION('center_axis',(-0.707106781186548,0.707106781186548,0.));
#3072=DIRECTION('ref_axis',(0.707106781186548,0.707106781186548,0.));
#3073=DIRECTION('',(0.707106781186548,0.707106781186548,0.));
#3074=DIRECTION('',(-5.77267655899E-9,-5.772673006277E-9,1.));
#3075=DIRECTION('center_axis',(0.,0.,-1.));
#3076=DIRECTION('ref_axis',(-0.707106780228252,-0.707106782144843,0.));
#3077=DIRECTION('center_axis',(0.,0.,-1.));
#3078=DIRECTION('ref_axis',(0.707106781186597,-0.707106781186498,0.));
#3079=DIRECTION('center_axis',(0.,0.,1.));
#3080=DIRECTION('ref_axis',(1.,0.,0.));
#3081=DIRECTION('center_axis',(-0.707106781186548,-0.707106781186548,0.));
#3082=DIRECTION('ref_axis',(0.,0.,-1.));
#3083=DIRECTION('',(0.707106781186548,0.707106781186548,0.));
#3084=DIRECTION('center_axis',(-0.707106781186548,-0.707106781186548,0.));
#3085=DIRECTION('ref_axis',(-2.6645352591E-14,2.6645352591E-14,-1.));
#3086=DIRECTION('',(0.707106781186548,0.707106781186548,0.));
#3087=DIRECTION('center_axis',(-0.707106781186548,-0.707106781186548,0.));
#3088=DIRECTION('ref_axis',(2.39808173319E-14,-2.39808173319E-14,-1.));
#3089=DIRECTION('center_axis',(0.,0.,1.));
#3090=DIRECTION('ref_axis',(1.,0.,0.));
#3091=DIRECTION('center_axis',(0.,0.,1.));
#3092=DIRECTION('ref_axis',(-0.707106781186498,0.707106781186598,0.));
#3093=DIRECTION('',(-0.707106781186548,-0.707106781186548,0.));
#3094=DIRECTION('center_axis',(0.,0.,1.));
#3095=DIRECTION('ref_axis',(0.707106781186598,-0.707106781186498,0.));
#3096=DIRECTION('center_axis',(0.,0.,-1.));
#3097=DIRECTION('ref_axis',(-0.707106780836367,-0.707106781536728,0.));
#3098=DIRECTION('center_axis',(0.,0.,1.));
#3099=DIRECTION('ref_axis',(-0.707106781186498,0.707106781186597,0.));
#3100=DIRECTION('center_axis',(0.707106781186548,0.707106781186548,0.));
#3101=DIRECTION('ref_axis',(3.10862446895E-14,-3.10862446895E-14,-1.));
#3102=DIRECTION('center_axis',(0.707106781186548,0.707106781186548,0.));
#3103=DIRECTION('ref_axis',(0.,0.,-1.));
#3104=DIRECTION('',(-0.707106781186548,-0.707106781186548,0.));
#3105=DIRECTION('center_axis',(0.707106781186548,0.707106781186548,0.));
#3106=DIRECTION('ref_axis',(0.,0.,-1.));
#3107=DIRECTION('center_axis',(0.707106781186548,-0.707106781186548,0.));
#3108=DIRECTION('ref_axis',(-0.707106781186548,-0.707106781186548,0.));
#3109=DIRECTION('',(4.531841568678E-10,4.532267894319E-10,1.));
#3110=DIRECTION('',(-0.707106781186548,-0.707106781186548,0.));
#3111=DIRECTION('',(-3.597293130042E-8,-3.597291353685E-8,-0.999999999999999));
#3112=DIRECTION('center_axis',(0.,0.,1.));
#3113=DIRECTION('ref_axis',(0.707106775846034,0.707106786527061,0.));
#3114=DIRECTION('center_axis',(0.,0.,1.));
#3115=DIRECTION('ref_axis',(0.707106781186547,-0.707106781186547,0.));
#3116=DIRECTION('center_axis',(0.,0.,-1.));
#3117=DIRECTION('ref_axis',(-0.707106781186498,0.707106781186597,0.));
#3118=DIRECTION('',(-3.865807229886E-9,-3.86584986245E-9,-1.));
#3119=DIRECTION('center_axis',(0.,0.,1.));
#3120=DIRECTION('ref_axis',(0.707106778173266,0.707106784199829,0.));
#3121=DIRECTION('center_axis',(-0.707106781186548,0.707106781186548,0.));
#3122=DIRECTION('ref_axis',(0.707106781186548,0.707106781186548,0.));
#3123=DIRECTION('',(0.707106781186548,0.707106781186548,0.));
#3124=DIRECTION('',(-5.772733402409E-9,-5.772687217132E-9,1.));
#3125=DIRECTION('center_axis',(0.,0.,-1.));
#3126=DIRECTION('ref_axis',(-0.707106780232214,-0.707106782140881,0.));
#3127=DIRECTION('center_axis',(0.,0.,-1.));
#3128=DIRECTION('ref_axis',(0.707106781186597,-0.707106781186498,0.));
#3129=DIRECTION('center_axis',(0.,0.,1.));
#3130=DIRECTION('ref_axis',(1.,0.,0.));
#3131=DIRECTION('center_axis',(0.,0.,1.));
#3132=DIRECTION('ref_axis',(1.,0.,0.));
#3133=DIRECTION('center_axis',(0.,0.,1.));
#3134=DIRECTION('ref_axis',(1.,1.06581410364E-14,0.));
#3135=DIRECTION('center_axis',(0.,0.,1.));
#3136=DIRECTION('ref_axis',(1.,0.,0.));
#3137=DIRECTION('',(0.,0.,-1.));
#3138=DIRECTION('center_axis',(0.,0.,1.));
#3139=DIRECTION('ref_axis',(1.,0.,0.));
#3140=DIRECTION('center_axis',(0.,0.,1.));
#3141=DIRECTION('ref_axis',(1.,0.,0.));
#3142=DIRECTION('center_axis',(0.,0.,1.));
#3143=DIRECTION('ref_axis',(0.99441921519175,-0.105500826809194,0.));
#3144=DIRECTION('center_axis',(-0.105500826809194,-0.99441921519175,0.));
#3145=DIRECTION('ref_axis',(-0.99441921519175,0.105500826809194,0.));
#3146=DIRECTION('center_axis',(0.,0.,1.));
#3147=DIRECTION('ref_axis',(1.,1.59872115546E-14,0.));
#3148=DIRECTION('center_axis',(0.,0.,1.));
#3149=DIRECTION('ref_axis',(1.,0.,0.));
#3150=DIRECTION('center_axis',(0.,0.,1.));
#3151=DIRECTION('ref_axis',(1.,0.,0.));
#3152=DIRECTION('center_axis',(0.,0.,1.));
#3153=DIRECTION('ref_axis',(1.,1.06581410364E-14,0.));
#3154=DIRECTION('center_axis',(0.,0.,1.));
#3155=DIRECTION('ref_axis',(1.,0.,0.));
#3156=DIRECTION('',(0.,0.,-1.));
#3157=DIRECTION('center_axis',(0.,0.,1.));
#3158=DIRECTION('ref_axis',(1.,0.,0.));
#3159=DIRECTION('center_axis',(0.,0.,1.));
#3160=DIRECTION('ref_axis',(1.,0.,0.));
#3161=DIRECTION('center_axis',(0.,0.,1.));
#3162=DIRECTION('ref_axis',(0.99441921519175,-0.105500826809194,0.));
#3163=DIRECTION('center_axis',(-0.105500826809195,-0.99441921519175,0.));
#3164=DIRECTION('ref_axis',(-0.99441921519175,0.105500826809195,0.));
#3165=DIRECTION('center_axis',(0.,0.,1.));
#3166=DIRECTION('ref_axis',(1.,1.59872115546E-14,0.));
#3167=DIRECTION('center_axis',(0.,0.,1.));
#3168=DIRECTION('ref_axis',(1.,0.,0.));
#3169=CARTESIAN_POINT('',(0.,0.,0.));
#3170=CARTESIAN_POINT('Origin',(150.3733652305,11.48638487343,-38.9));
#3171=CARTESIAN_POINT('',(150.3733652305,11.48638487343,-38.9));
#3172=CARTESIAN_POINT('',(150.9983653497,11.61404443268,-38.9));
#3173=CARTESIAN_POINT('',(150.3733652305,11.48638487343,-38.9));
#3174=CARTESIAN_POINT('',(150.9983653497,11.61404443268,-38.4));
#3175=CARTESIAN_POINT('',(150.9983653497,11.61404443268,-38.9));
#3176=CARTESIAN_POINT('',(150.3733652305,11.48638487343,-38.4));
#3177=CARTESIAN_POINT('',(150.3733652305,11.48638487343,-38.4));
#3178=CARTESIAN_POINT('',(150.3733652305,11.48638487343,-38.9));
#3179=CARTESIAN_POINT('Origin',(0.,-14.5,-38.9));
#3180=CARTESIAN_POINT('',(72.38284271247,-8.757359312881,-38.9));
#3181=CARTESIAN_POINT('',(163.6171572875,-8.757359312881,-38.9));
#3182=CARTESIAN_POINT('',(72.38284271247,-8.757359312881,-38.9));
#3183=CARTESIAN_POINT('',(72.38284271247,-5.,-38.9));
#3184=CARTESIAN_POINT('',(72.38284271247,-8.757359312881,-38.9));
#3185=CARTESIAN_POINT('',(111.1407070887,-5.,-38.9));
#3186=CARTESIAN_POINT('',(111.1407070887,-5.,-38.9));
#3187=CARTESIAN_POINT('',(118.2117749006,-2.071067811865,-38.9));
#3188=CARTESIAN_POINT('Origin',(111.1407070887,5.,-38.9));
#3189=CARTESIAN_POINT('',(129.8539105243,9.571067811865,-38.9));
#3190=CARTESIAN_POINT('',(129.8539105243,9.571067811865,-38.9));
#3191=CARTESIAN_POINT('',(136.9249783362,12.5,-38.9));
#3192=CARTESIAN_POINT('Origin',(136.9249783362,2.5,-38.9));
#3193=CARTESIAN_POINT('',(163.6171572875,12.5,-38.9));
#3194=CARTESIAN_POINT('',(163.6171572875,12.5,-38.9));
#3195=CARTESIAN_POINT('',(163.6171572875,-8.757359312881,-38.9));
#3196=CARTESIAN_POINT('',(146.7483651113,5.614044432681,-38.9));
#3197=CARTESIAN_POINT('',(146.7483651113,11.61404443268,-38.9));
#3198=CARTESIAN_POINT('',(146.7483651113,5.614044432681,-38.9));
#3199=CARTESIAN_POINT('',(147.4983651113,5.614044432681,-38.9));
#3200=CARTESIAN_POINT('',(147.4983651113,5.614044432681,-38.9));
#3201=CARTESIAN_POINT('',(147.4983651113,10.59276795868,-38.9));
#3202=CARTESIAN_POINT('',(147.4983651113,10.59276795868,-38.9));
#3203=CARTESIAN_POINT('',(148.248365469,9.699150686305,-38.9));
#3204=CARTESIAN_POINT('',(148.248365469,9.699150686305,-38.9));
#3205=CARTESIAN_POINT('',(148.248365469,10.72042751793,-38.9));
#3206=CARTESIAN_POINT('',(148.248365469,10.72042751793,-38.9));
#3207=CARTESIAN_POINT('',(147.4983651113,11.61404443268,-38.9));
#3208=CARTESIAN_POINT('',(147.4983651113,11.61404443268,-38.9));
#3209=CARTESIAN_POINT('',(146.7483651113,11.61404443268,-38.9));
#3210=CARTESIAN_POINT('',(149.4983653497,9.316172008555,-38.9));
#3211=CARTESIAN_POINT('',(149.373365469,9.699150686305,-38.9));
#3212=CARTESIAN_POINT('',(149.4983653497,9.316172008555,-38.9));
#3213=CARTESIAN_POINT('',(149.8733653497,8.805533771556,-38.9));
#3214=CARTESIAN_POINT('',(149.8733653497,8.805533771556,-38.9));
#3215=CARTESIAN_POINT('',(150.3733652305,8.550214653056,-38.9));
#3216=CARTESIAN_POINT('',(150.3733652305,8.550214653056,-38.9));
#3217=CARTESIAN_POINT('',(149.2483652305,5.614044432681,-38.9));
#3218=CARTESIAN_POINT('',(149.2483652305,5.614044432681,-38.9));
#3219=CARTESIAN_POINT('',(150.123365469,5.614044432681,-38.9));
#3220=CARTESIAN_POINT('',(150.123365469,5.614044432681,-38.9));
#3221=CARTESIAN_POINT('',(151.1233654093,8.294895534556,-38.9));
#3222=CARTESIAN_POINT('',(151.1233654093,8.294895534556,-38.9));
#3223=CARTESIAN_POINT('',(153.2483653497,8.294895534556,-38.9));
#3224=CARTESIAN_POINT('',(153.2483653497,8.294895534556,-38.9));
#3225=CARTESIAN_POINT('',(153.2483653497,5.614044432681,-38.9));
#3226=CARTESIAN_POINT('',(153.2483653497,5.614044432681,-38.9));
#3227=CARTESIAN_POINT('',(153.9983653497,5.614044432681,-38.9));
#3228=CARTESIAN_POINT('',(153.9983653497,5.614044432681,-38.9));
#3229=CARTESIAN_POINT('',(153.9983653497,11.61404443268,-38.9));
#3230=CARTESIAN_POINT('',(153.9983653497,11.61404443268,-38.9));
#3231=CARTESIAN_POINT('',(150.9983653497,11.61404443268,-38.9));
#3232=CARTESIAN_POINT('',(149.8733653497,11.10340619568,-38.9));
#3233=CARTESIAN_POINT('',(149.8733653497,11.10340619568,-38.9));
#3234=CARTESIAN_POINT('',(149.4983653497,10.59276795868,-38.9));
#3235=CARTESIAN_POINT('',(149.4983653497,10.59276795868,-38.9));
#3236=CARTESIAN_POINT('',(149.373365469,10.20978928093,-38.9));
#3237=CARTESIAN_POINT('',(149.373365469,10.20978928093,-38.9));
#3238=CARTESIAN_POINT('',(149.373365469,9.699150686305,-38.9));
#3239=CARTESIAN_POINT('Origin',(0.,-14.5,-38.9));
#3240=CARTESIAN_POINT('',(150.873365469,9.060852890055,-38.9));
#3241=CARTESIAN_POINT('',(153.2483653497,9.060852890055,-38.9));
#3242=CARTESIAN_POINT('',(150.873365469,9.060852890055,-38.9));
#3243=CARTESIAN_POINT('',(150.498365469,9.188512449305,-38.9));
#3244=CARTESIAN_POINT('',(150.498365469,9.188512449305,-38.9));
#3245=CARTESIAN_POINT('',(150.2483653497,9.443831567805,-38.9));
#3246=CARTESIAN_POINT('',(150.2483653497,9.443831567805,-38.9));
#3247=CARTESIAN_POINT('',(150.123365469,9.826810245555,-38.9));
#3248=CARTESIAN_POINT('',(150.123365469,9.826810245555,-38.9));
#3249=CARTESIAN_POINT('',(150.123365469,10.20978928093,-38.9));
#3250=CARTESIAN_POINT('',(150.123365469,10.20978928093,-38.9));
#3251=CARTESIAN_POINT('',(150.2483653497,10.59276795868,-38.9));
#3252=CARTESIAN_POINT('',(150.2483653497,10.59276795868,-38.9));
#3253=CARTESIAN_POINT('',(150.498365469,10.84808707718,-38.9));
#3254=CARTESIAN_POINT('',(150.498365469,10.84808707718,-38.9));
#3255=CARTESIAN_POINT('',(150.873365469,10.97574663643,-38.9));
#3256=CARTESIAN_POINT('',(150.873365469,10.97574663643,-38.9));
#3257=CARTESIAN_POINT('',(153.2483653497,10.97574663643,-38.9));
#3258=CARTESIAN_POINT('',(153.2483653497,10.97574663643,-38.9));
#3259=CARTESIAN_POINT('',(153.2483653497,9.060852890055,-38.9));
#3260=CARTESIAN_POINT('Origin',(-50.51812976756,-8.757359312881,-35.9));
#3261=CARTESIAN_POINT('',(162.7384776311,-10.87867965644,-38.02132034356));
#3262=CARTESIAN_POINT('Origin',(160.61715728756,-8.757359312881,-35.9));
#3263=CARTESIAN_POINT('',(73.26152236891,-10.87867965644,-38.02132034356));
#3264=CARTESIAN_POINT('',(73.26152236891,-10.87867965644,-38.02132034356));
#3265=CARTESIAN_POINT('Origin',(75.38284271248,-8.757359312881,-35.9));
#3266=CARTESIAN_POINT('Origin',(164.8585786438,-14.5,-40.14142135624));
#3267=CARTESIAN_POINT('',(150.8636038969,25.5,-26.14644660941));
#3268=CARTESIAN_POINT('',(150.8636038969,-14.5,-26.14644660941));
#3269=CARTESIAN_POINT('',(150.8636038969,25.5,-26.14644660941));
#3270=CARTESIAN_POINT('',(157.8745166004,-14.5,-33.15735931288));
#3271=CARTESIAN_POINT('',(157.8745166004,-14.5,-33.15735931288));
#3272=CARTESIAN_POINT('',(159.995836944,-13.62132034356,-35.27867965644));
#3273=CARTESIAN_POINT('Origin',(157.87451660044,-11.5,-33.15735931288));
#3274=CARTESIAN_POINT('',(162.7384776311,-10.87867965644,-38.02132034356));
#3275=CARTESIAN_POINT('',(164.7171572875,12.5,-40.));
#3276=CARTESIAN_POINT('',(164.7171572875,12.5,-40.));
#3277=CARTESIAN_POINT('',(164.7171572875,19.25735931288,-40.));
#3278=CARTESIAN_POINT('',(164.7171572875,12.5,-40.));
#3279=CARTESIAN_POINT('',(163.8384776311,21.37867965644,-39.12132034356));
#3280=CARTESIAN_POINT('Origin',(161.71715728756,19.25735931288,-37.));
#3281=CARTESIAN_POINT('',(160.595836944,24.62132034356,-35.87867965644));
#3282=CARTESIAN_POINT('',(160.595836944,24.62132034356,-35.87867965644));
#3283=CARTESIAN_POINT('',(158.4745166004,25.5,-33.75735931288));
#3284=CARTESIAN_POINT('Origin',(158.47451660044,22.5,-33.75735931288));
#3285=CARTESIAN_POINT('',(158.4745166004,25.5,-33.75735931288));
#3286=CARTESIAN_POINT('Origin',(150.5100505063,77.644,-26.5));
#3287=CARTESIAN_POINT('',(150.5100505063,-14.5,-26.));
#3288=CARTESIAN_POINT('Origin',(150.5100505063,-14.5,-26.5));
#3289=CARTESIAN_POINT('',(150.5100505063,25.5,-26.));
#3290=CARTESIAN_POINT('Origin',(150.5100505063,25.5,-26.5));
#3291=CARTESIAN_POINT('',(150.5100505063,25.5,-26.));
#3292=CARTESIAN_POINT('Origin',(96.9132851254,-14.5,-24.5));
#3293=CARTESIAN_POINT('',(85.13639610307,-14.5,-26.14644660941));
#3294=CARTESIAN_POINT('',(85.48994949366,-14.5,-26.));
#3295=CARTESIAN_POINT('Origin',(85.48994949366,-14.5,-26.5));
#3296=CARTESIAN_POINT('',(78.12548339959,-14.5,-33.15735931288));
#3297=CARTESIAN_POINT('',(85.13639610307,-14.5,-26.14644660941));
#3298=CARTESIAN_POINT('',(157.8745166004,-14.5,-33.15735931288));
#3299=CARTESIAN_POINT('',(150.5100505063,-14.5,-26.));
#3300=CARTESIAN_POINT('Origin',(85.48994949366,77.644,-26.5));
#3301=CARTESIAN_POINT('',(85.48994949366,25.5,-26.));
#3302=CARTESIAN_POINT('',(85.48994949366,25.5,-26.));
#3303=CARTESIAN_POINT('',(85.13639610307,25.5,-26.14644660941));
#3304=CARTESIAN_POINT('Origin',(85.48994949366,25.5,-26.5));
#3305=CARTESIAN_POINT('',(85.13639610307,25.5,-26.14644660941));
#3306=CARTESIAN_POINT('Origin',(85.14142135624,-14.5,-26.14142135624));
#3307=CARTESIAN_POINT('',(77.52548339959,25.5,-33.75735931288));
#3308=CARTESIAN_POINT('',(85.13639610307,25.5,-26.14644660941));
#3309=CARTESIAN_POINT('',(75.40416305603,24.62132034356,-35.87867965644));
#3310=CARTESIAN_POINT('Origin',(77.5254833996,22.5,-33.75735931288));
#3311=CARTESIAN_POINT('',(72.16152236892,21.37867965644,-39.12132034356));
#3312=CARTESIAN_POINT('',(72.16152236891,21.37867965644,-39.12132034356));
#3313=CARTESIAN_POINT('',(71.28284271247,19.25735931288,-40.));
#3314=CARTESIAN_POINT('Origin',(74.28284271248,19.25735931288,-37.));
#3315=CARTESIAN_POINT('',(71.28284271247,-5.,-40.));
#3316=CARTESIAN_POINT('',(71.28284271247,-5.,-40.));
#3317=CARTESIAN_POINT('',(71.28284271247,-5.,-40.));
#3318=CARTESIAN_POINT('',(76.00416305603,-13.62132034356,-35.27867965644));
#3319=CARTESIAN_POINT('',(76.00416305603,-13.62132034356,-35.27867965644));
#3320=CARTESIAN_POINT('Origin',(78.1254833996,-11.5,-33.15735931288));
#3321=CARTESIAN_POINT('Origin',(286.5181297676,-11.5,-33.15735931288));
#3322=CARTESIAN_POINT('',(159.995836944,-13.62132034356,-35.27867965644));
#3323=CARTESIAN_POINT('Origin',(118.,-12.25,-36.65));
#3324=CARTESIAN_POINT('Origin',(115.2828427125,-5.,-40.));
#3325=CARTESIAN_POINT('',(111.1407070887,-5.,-40.));
#3326=CARTESIAN_POINT('',(111.1407070887,-5.,-38.9));
#3327=CARTESIAN_POINT('',(71.28284271247,-5.,-40.));
#3328=CARTESIAN_POINT('Origin',(111.1407070887,5.,-7.7496));
#3329=CARTESIAN_POINT('',(118.2117749006,-2.071067811865,-40.));
#3330=CARTESIAN_POINT('Origin',(111.1407070887,5.,-40.));
#3331=CARTESIAN_POINT('',(118.2117749006,-2.071067811865,-38.9));
#3332=CARTESIAN_POINT('Origin',(71.,-14.5,-40.));
#3333=CARTESIAN_POINT('',(164.7171572875,19.25735931288,-40.));
#3334=CARTESIAN_POINT('',(136.9249783362,12.5,-40.));
#3335=CARTESIAN_POINT('',(164.7171572875,12.5,-40.));
#3336=CARTESIAN_POINT('',(129.8539105243,9.571067811865,-40.));
#3337=CARTESIAN_POINT('Origin',(136.9249783362,2.5,-40.));
#3338=CARTESIAN_POINT('',(129.8539105243,9.571067811865,-40.));
#3339=CARTESIAN_POINT('Origin',(286.5181297676,19.25735931288,-37.));
#3340=CARTESIAN_POINT('',(163.8384776311,21.37867965644,-39.12132034356));
#3341=CARTESIAN_POINT('Origin',(118.,23.,-37.5));
#3342=CARTESIAN_POINT('',(75.40416305603,24.62132034356,-35.87867965644));
#3343=CARTESIAN_POINT('',(87.,22.,-38.5));
#3344=CARTESIAN_POINT('',(88.41421356237,23.41421356237,-37.08578643763));
#3345=CARTESIAN_POINT('',(87.,22.,-38.5));
#3346=CARTESIAN_POINT('',(87.70710678119,24.12132034356,-36.37867965644));
#3347=CARTESIAN_POINT('Origin',(88.06066017178,23.76776695297,-36.73223304703));
#3348=CARTESIAN_POINT('',(86.29289321881,22.70710678119,-37.79289321881));
#3349=CARTESIAN_POINT('',(87.70710678119,24.12132034356,-36.37867965644));
#3350=CARTESIAN_POINT('Origin',(86.64644660941,22.35355339059,-38.14644660941));
#3351=CARTESIAN_POINT('',(90.,22.,-38.5));
#3352=CARTESIAN_POINT('',(91.41421356237,23.41421356237,-37.08578643763));
#3353=CARTESIAN_POINT('',(90.,22.,-38.5));
#3354=CARTESIAN_POINT('',(90.70710678119,24.12132034356,-36.37867965644));
#3355=CARTESIAN_POINT('Origin',(91.06066017178,23.76776695297,-36.73223304703));
#3356=CARTESIAN_POINT('',(89.29289321881,22.70710678119,-37.79289321881));
#3357=CARTESIAN_POINT('',(90.70710678119,24.12132034356,-36.37867965644));
#3358=CARTESIAN_POINT('Origin',(89.64644660941,22.35355339059,-38.14644660941));
#3359=CARTESIAN_POINT('',(84.,22.,-38.5));
#3360=CARTESIAN_POINT('',(85.41421356237,23.41421356237,-37.08578643763));
#3361=CARTESIAN_POINT('',(84.,22.,-38.5));
#3362=CARTESIAN_POINT('',(84.70710678119,24.12132034356,-36.37867965644));
#3363=CARTESIAN_POINT('Origin',(85.06066017178,23.76776695297,-36.73223304703));
#3364=CARTESIAN_POINT('',(83.29289321881,22.70710678119,-37.79289321881));
#3365=CARTESIAN_POINT('',(84.70710678119,24.12132034356,-36.37867965644));
#3366=CARTESIAN_POINT('Origin',(83.64644660941,22.35355339059,-38.14644660941));
#3367=CARTESIAN_POINT('Origin',(84.,22.,-40.));
#3368=CARTESIAN_POINT('',(84.,22.,-35.));
#3369=CARTESIAN_POINT('',(84.,22.,-38.5));
#3370=CARTESIAN_POINT('',(85.41421356237,23.41421356237,-35.));
#3371=CARTESIAN_POINT('',(84.,22.,-35.));
#3372=CARTESIAN_POINT('',(85.41421356237,23.41421356237,-37.08578643763));
#3373=CARTESIAN_POINT('Origin',(85.06066017178,23.76776695297,-40.));
#3374=CARTESIAN_POINT('',(84.70710678119,24.12132034356,-35.));
#3375=CARTESIAN_POINT('Origin',(85.06066017178,23.76776695297,-35.));
#3376=CARTESIAN_POINT('',(84.70710678119,24.12132034356,-36.37867965644));
#3377=CARTESIAN_POINT('Origin',(84.70710678119,24.12132034356,-40.));
#3378=CARTESIAN_POINT('',(83.29289321881,22.70710678119,-35.));
#3379=CARTESIAN_POINT('',(84.70710678119,24.12132034356,-35.));
#3380=CARTESIAN_POINT('',(83.29289321881,22.70710678119,-37.79289321881));
#3381=CARTESIAN_POINT('Origin',(83.64644660941,22.35355339059,-40.));
#3382=CARTESIAN_POINT('Origin',(83.64644660941,22.35355339059,-35.));
#3383=CARTESIAN_POINT('Origin',(0.,-14.5,-35.));
#3384=CARTESIAN_POINT('Origin',(87.,22.,-40.));
#3385=CARTESIAN_POINT('',(87.,22.,-35.));
#3386=CARTESIAN_POINT('',(87.,22.,-38.5));
#3387=CARTESIAN_POINT('',(88.41421356237,23.41421356237,-35.));
#3388=CARTESIAN_POINT('',(87.,22.,-35.));
#3389=CARTESIAN_POINT('',(88.41421356237,23.41421356237,-37.08578643763));
#3390=CARTESIAN_POINT('Origin',(88.06066017178,23.76776695297,-40.));
#3391=CARTESIAN_POINT('',(87.70710678119,24.12132034356,-35.));
#3392=CARTESIAN_POINT('Origin',(88.06066017178,23.76776695297,-35.));
#3393=CARTESIAN_POINT('',(87.70710678119,24.12132034356,-36.37867965644));
#3394=CARTESIAN_POINT('Origin',(87.70710678119,24.12132034356,-40.));
#3395=CARTESIAN_POINT('',(86.29289321881,22.70710678119,-35.));
#3396=CARTESIAN_POINT('',(87.70710678119,24.12132034356,-35.));
#3397=CARTESIAN_POINT('',(86.29289321881,22.70710678119,-37.79289321881));
#3398=CARTESIAN_POINT('Origin',(86.64644660941,22.35355339059,-40.));
#3399=CARTESIAN_POINT('Origin',(86.64644660941,22.35355339059,-35.));
#3400=CARTESIAN_POINT('Origin',(3.,-14.5,-35.));
#3401=CARTESIAN_POINT('Origin',(90.,22.,-40.));
#3402=CARTESIAN_POINT('',(90.,22.,-35.));
#3403=CARTESIAN_POINT('',(90.,22.,-38.5));
#3404=CARTESIAN_POINT('',(91.41421356237,23.41421356237,-35.));
#3405=CARTESIAN_POINT('',(90.,22.,-35.));
#3406=CARTESIAN_POINT('',(91.41421356237,23.41421356237,-37.08578643763));
#3407=CARTESIAN_POINT('Origin',(91.06066017178,23.76776695297,-40.));
#3408=CARTESIAN_POINT('',(90.70710678119,24.12132034356,-35.));
#3409=CARTESIAN_POINT('Origin',(91.06066017178,23.76776695297,-35.));
#3410=CARTESIAN_POINT('',(90.70710678119,24.12132034356,-36.37867965644));
#3411=CARTESIAN_POINT('Origin',(90.70710678119,24.12132034356,-40.));
#3412=CARTESIAN_POINT('',(89.29289321881,22.70710678119,-35.));
#3413=CARTESIAN_POINT('',(90.70710678119,24.12132034356,-35.));
#3414=CARTESIAN_POINT('',(89.29289321881,22.70710678119,-37.79289321881));
#3415=CARTESIAN_POINT('Origin',(89.64644660941,22.35355339059,-40.));
#3416=CARTESIAN_POINT('Origin',(89.64644660941,22.35355339059,-35.));
#3417=CARTESIAN_POINT('Origin',(6.,-14.5,-35.));
#3418=CARTESIAN_POINT('Origin',(-50.51812976756,22.5,-33.75735931288));
#3419=CARTESIAN_POINT('',(77.52548339959,25.5,-33.75735931288));
#3420=CARTESIAN_POINT('Origin',(96.9132851254,25.5,-24.5));
#3421=CARTESIAN_POINT('',(150.5100505063,25.5,-26.));
#3422=CARTESIAN_POINT('Origin',(151.,-14.5,-26.));
#3423=CARTESIAN_POINT('',(91.65,18.5,-26.));
#3424=CARTESIAN_POINT('Origin',(93.,18.5,-26.));
#3425=CARTESIAN_POINT('',(116.65,-7.5,-26.));
#3426=CARTESIAN_POINT('Origin',(118.,-7.5,-26.));
#3427=CARTESIAN_POINT('',(141.65,18.5,-26.));
#3428=CARTESIAN_POINT('Origin',(143.,18.5,-26.));
#3429=CARTESIAN_POINT('Origin',(143.,18.5,-26.));
#3430=CARTESIAN_POINT('',(141.65,18.5,-37.));
#3431=CARTESIAN_POINT('Origin',(143.,18.5,-37.));
#3432=CARTESIAN_POINT('',(141.65,18.5,-26.));
#3433=CARTESIAN_POINT('Origin',(143.,18.5,-37.));
#3434=CARTESIAN_POINT('Origin',(93.,18.5,-26.));
#3435=CARTESIAN_POINT('',(91.65,18.5,-37.));
#3436=CARTESIAN_POINT('Origin',(93.,18.5,-37.));
#3437=CARTESIAN_POINT('',(91.65,18.5,-26.));
#3438=CARTESIAN_POINT('Origin',(93.,18.5,-37.));
#3439=CARTESIAN_POINT('Origin',(118.,-7.5,-26.));
#3440=CARTESIAN_POINT('',(116.65,-7.5,-37.));
#3441=CARTESIAN_POINT('Origin',(118.,-7.5,-37.));
#3442=CARTESIAN_POINT('',(116.65,-7.5,-26.));
#3443=CARTESIAN_POINT('Origin',(118.,-7.5,-37.));
#3444=CARTESIAN_POINT('Origin',(132.7828427125,12.5,-40.));
#3445=CARTESIAN_POINT('',(129.8539105243,9.571067811865,-40.));
#3446=CARTESIAN_POINT('Origin',(136.9249783362,2.5,-58.2504));
#3447=CARTESIAN_POINT('',(136.9249783362,12.5,-40.));
#3448=CARTESIAN_POINT('Origin',(164.7171572875,12.5,-40.));
#3449=CARTESIAN_POINT('Origin',(146.7483651113,5.614044432681,-38.9));
#3450=CARTESIAN_POINT('',(146.7483651113,11.61404443268,-38.4));
#3451=CARTESIAN_POINT('',(146.7483651113,11.61404443268,-38.9));
#3452=CARTESIAN_POINT('',(146.7483651113,5.614044432681,-38.4));
#3453=CARTESIAN_POINT('',(146.7483651113,5.614044432681,-38.4));
#3454=CARTESIAN_POINT('',(146.7483651113,5.614044432681,-38.9));
#3455=CARTESIAN_POINT('Origin',(147.4983651113,5.614044432681,-38.9));
#3456=CARTESIAN_POINT('',(147.4983651113,5.614044432681,-38.4));
#3457=CARTESIAN_POINT('',(147.4983651113,5.614044432681,-38.4));
#3458=CARTESIAN_POINT('',(147.4983651113,5.614044432681,-38.9));
#3459=CARTESIAN_POINT('Origin',(147.4983651113,10.59276795868,-38.9));
#3460=CARTESIAN_POINT('',(147.4983651113,10.59276795868,-38.4));
#3461=CARTESIAN_POINT('',(147.4983651113,10.59276795868,-38.4));
#3462=CARTESIAN_POINT('',(147.4983651113,10.59276795868,-38.9));
#3463=CARTESIAN_POINT('Origin',(148.248365469,9.699150686305,-38.9));
#3464=CARTESIAN_POINT('',(148.248365469,9.699150686305,-38.4));
#3465=CARTESIAN_POINT('',(148.248365469,9.699150686305,-38.4));
#3466=CARTESIAN_POINT('',(148.248365469,9.699150686305,-38.9));
#3467=CARTESIAN_POINT('Origin',(148.248365469,10.72042751793,-38.9));
#3468=CARTESIAN_POINT('',(148.248365469,10.72042751793,-38.4));
#3469=CARTESIAN_POINT('',(148.248365469,10.72042751793,-38.4));
#3470=CARTESIAN_POINT('',(148.248365469,10.72042751793,-38.9));
#3471=CARTESIAN_POINT('Origin',(147.4983651113,11.61404443268,-38.9));
#3472=CARTESIAN_POINT('',(147.4983651113,11.61404443268,-38.4));
#3473=CARTESIAN_POINT('',(147.4983651113,11.61404443268,-38.4));
#3474=CARTESIAN_POINT('',(147.4983651113,11.61404443268,-38.9));
#3475=CARTESIAN_POINT('Origin',(146.7483651113,11.61404443268,-38.9));
#3476=CARTESIAN_POINT('',(146.7483651113,11.61404443268,-38.4));
#3477=CARTESIAN_POINT('Origin',(0.,0.,-38.4));
#3478=CARTESIAN_POINT('Origin',(0.,0.,-38.4));
#3479=CARTESIAN_POINT('',(149.4983653497,9.316172008555,-38.4));
#3480=CARTESIAN_POINT('',(149.373365469,9.699150686305,-38.4));
#3481=CARTESIAN_POINT('',(149.4983653497,9.316172008555,-38.4));
#3482=CARTESIAN_POINT('',(149.373365469,10.20978928093,-38.4));
#3483=CARTESIAN_POINT('',(149.373365469,9.699150686305,-38.4));
#3484=CARTESIAN_POINT('',(149.4983653497,10.59276795868,-38.4));
#3485=CARTESIAN_POINT('',(149.373365469,10.20978928093,-38.4));
#3486=CARTESIAN_POINT('',(149.8733653497,11.10340619568,-38.4));
#3487=CARTESIAN_POINT('',(149.4983653497,10.59276795868,-38.4));
#3488=CARTESIAN_POINT('',(149.8733653497,11.10340619568,-38.4));
#3489=CARTESIAN_POINT('',(153.9983653497,11.61404443268,-38.4));
#3490=CARTESIAN_POINT('',(150.9983653497,11.61404443268,-38.4));
#3491=CARTESIAN_POINT('',(153.9983653497,5.614044432681,-38.4));
#3492=CARTESIAN_POINT('',(153.9983653497,11.61404443268,-38.4));
#3493=CARTESIAN_POINT('',(153.2483653497,5.614044432681,-38.4));
#3494=CARTESIAN_POINT('',(153.9983653497,5.614044432681,-38.4));
#3495=CARTESIAN_POINT('',(153.2483653497,8.294895534556,-38.4));
#3496=CARTESIAN_POINT('',(153.2483653497,5.614044432681,-38.4));
#3497=CARTESIAN_POINT('',(151.1233654093,8.294895534556,-38.4));
#3498=CARTESIAN_POINT('',(153.2483653497,8.294895534556,-38.4));
#3499=CARTESIAN_POINT('',(150.123365469,5.614044432681,-38.4));
#3500=CARTESIAN_POINT('',(151.1233654093,8.294895534556,-38.4));
#3501=CARTESIAN_POINT('',(149.2483652305,5.614044432681,-38.4));
#3502=CARTESIAN_POINT('',(150.123365469,5.614044432681,-38.4));
#3503=CARTESIAN_POINT('',(150.3733652305,8.550214653056,-38.4));
#3504=CARTESIAN_POINT('',(149.2483652305,5.614044432681,-38.4));
#3505=CARTESIAN_POINT('',(149.8733653497,8.805533771556,-38.4));
#3506=CARTESIAN_POINT('',(150.3733652305,8.550214653056,-38.4));
#3507=CARTESIAN_POINT('',(149.8733653497,8.805533771556,-38.4));
#3508=CARTESIAN_POINT('',(150.873365469,9.060852890055,-38.4));
#3509=CARTESIAN_POINT('',(153.2483653497,9.060852890055,-38.4));
#3510=CARTESIAN_POINT('',(150.873365469,9.060852890055,-38.4));
#3511=CARTESIAN_POINT('',(153.2483653497,10.97574663643,-38.4));
#3512=CARTESIAN_POINT('',(153.2483653497,9.060852890055,-38.4));
#3513=CARTESIAN_POINT('',(150.873365469,10.97574663643,-38.4));
#3514=CARTESIAN_POINT('',(153.2483653497,10.97574663643,-38.4));
#3515=CARTESIAN_POINT('',(150.498365469,10.84808707718,-38.4));
#3516=CARTESIAN_POINT('',(150.873365469,10.97574663643,-38.4));
#3517=CARTESIAN_POINT('',(150.2483653497,10.59276795868,-38.4));
#3518=CARTESIAN_POINT('',(150.498365469,10.84808707718,-38.4));
#3519=CARTESIAN_POINT('',(150.123365469,10.20978928093,-38.4));
#3520=CARTESIAN_POINT('',(150.2483653497,10.59276795868,-38.4));
#3521=CARTESIAN_POINT('',(150.123365469,9.826810245555,-38.4));
#3522=CARTESIAN_POINT('',(150.123365469,10.20978928093,-38.4));
#3523=CARTESIAN_POINT('',(150.2483653497,9.443831567805,-38.4));
#3524=CARTESIAN_POINT('',(150.123365469,9.826810245555,-38.4));
#3525=CARTESIAN_POINT('',(150.498365469,9.188512449305,-38.4));
#3526=CARTESIAN_POINT('',(150.2483653497,9.443831567805,-38.4));
#3527=CARTESIAN_POINT('',(150.498365469,9.188512449305,-38.4));
#3528=CARTESIAN_POINT('Origin',(149.4983653497,9.316172008555,-38.9));
#3529=CARTESIAN_POINT('',(149.373365469,9.699150686305,-38.9));
#3530=CARTESIAN_POINT('',(149.4983653497,9.316172008555,-38.9));
#3531=CARTESIAN_POINT('Origin',(149.8733653497,8.805533771556,-38.9));
#3532=CARTESIAN_POINT('',(149.8733653497,8.805533771556,-38.9));
#3533=CARTESIAN_POINT('Origin',(150.3733652305,8.550214653056,-38.9));
#3534=CARTESIAN_POINT('',(150.3733652305,8.550214653056,-38.9));
#3535=CARTESIAN_POINT('Origin',(149.2483652305,5.614044432681,-38.9));
#3536=CARTESIAN_POINT('',(149.2483652305,5.614044432681,-38.9));
#3537=CARTESIAN_POINT('Origin',(150.123365469,5.614044432681,-38.9));
#3538=CARTESIAN_POINT('',(150.123365469,5.614044432681,-38.9));
#3539=CARTESIAN_POINT('Origin',(151.1233654093,8.294895534556,-38.9));
#3540=CARTESIAN_POINT('',(151.1233654093,8.294895534556,-38.9));
#3541=CARTESIAN_POINT('Origin',(153.2483653497,8.294895534556,-38.9));
#3542=CARTESIAN_POINT('',(153.2483653497,8.294895534556,-38.9));
#3543=CARTESIAN_POINT('Origin',(153.2483653497,5.614044432681,-38.9));
#3544=CARTESIAN_POINT('',(153.2483653497,5.614044432681,-38.9));
#3545=CARTESIAN_POINT('Origin',(153.9983653497,5.614044432681,-38.9));
#3546=CARTESIAN_POINT('',(153.9983653497,5.614044432681,-38.9));
#3547=CARTESIAN_POINT('Origin',(153.9983653497,11.61404443268,-38.9));
#3548=CARTESIAN_POINT('',(153.9983653497,11.61404443268,-38.9));
#3549=CARTESIAN_POINT('Origin',(150.9983653497,11.61404443268,-38.9));
#3550=CARTESIAN_POINT('Origin',(149.373365469,9.699150686305,-38.9));
#3551=CARTESIAN_POINT('',(149.373365469,10.20978928093,-38.9));
#3552=CARTESIAN_POINT('Origin',(149.373365469,10.20978928093,-38.9));
#3553=CARTESIAN_POINT('',(149.4983653497,10.59276795868,-38.9));
#3554=CARTESIAN_POINT('Origin',(149.4983653497,10.59276795868,-38.9));
#3555=CARTESIAN_POINT('',(149.8733653497,11.10340619568,-38.9));
#3556=CARTESIAN_POINT('Origin',(149.8733653497,11.10340619568,-38.9));
#3557=CARTESIAN_POINT('Origin',(150.873365469,9.060852890055,-38.9));
#3558=CARTESIAN_POINT('',(153.2483653497,9.060852890055,-38.9));
#3559=CARTESIAN_POINT('',(150.873365469,9.060852890055,-38.9));
#3560=CARTESIAN_POINT('Origin',(150.498365469,9.188512449305,-38.9));
#3561=CARTESIAN_POINT('',(150.498365469,9.188512449305,-38.9));
#3562=CARTESIAN_POINT('Origin',(150.2483653497,9.443831567805,-38.9));
#3563=CARTESIAN_POINT('',(150.2483653497,9.443831567805,-38.9));
#3564=CARTESIAN_POINT('Origin',(150.123365469,9.826810245555,-38.9));
#3565=CARTESIAN_POINT('',(150.123365469,9.826810245555,-38.9));
#3566=CARTESIAN_POINT('Origin',(150.123365469,10.20978928093,-38.9));
#3567=CARTESIAN_POINT('',(150.123365469,10.20978928093,-38.9));
#3568=CARTESIAN_POINT('Origin',(150.2483653497,10.59276795868,-38.9));
#3569=CARTESIAN_POINT('',(150.2483653497,10.59276795868,-38.9));
#3570=CARTESIAN_POINT('Origin',(150.498365469,10.84808707718,-38.9));
#3571=CARTESIAN_POINT('',(150.498365469,10.84808707718,-38.9));
#3572=CARTESIAN_POINT('Origin',(150.873365469,10.97574663643,-38.9));
#3573=CARTESIAN_POINT('',(150.873365469,10.97574663643,-38.9));
#3574=CARTESIAN_POINT('Origin',(153.2483653497,10.97574663643,-38.9));
#3575=CARTESIAN_POINT('',(153.2483653497,10.97574663643,-38.9));
#3576=CARTESIAN_POINT('Origin',(153.2483653497,9.060852890055,-38.9));
#3577=CARTESIAN_POINT('Origin',(81.7665705013,3.852356938929,-40.5));
#3578=CARTESIAN_POINT('',(81.87867965644,3.964466094067,-41.));
#3579=CARTESIAN_POINT('',(87.53553390593,9.62132034356,-41.));
#3580=CARTESIAN_POINT('',(81.87867965644,3.964466094067,-41.));
#3581=CARTESIAN_POINT('',(87.889087296044,9.267766952484,-40.5));
#3582=CARTESIAN_POINT('Origin',(87.53553390593,9.62132034356,-40.5));
#3583=CARTESIAN_POINT('',(82.232233048115,3.61091270455616,-40.5));
#3584=CARTESIAN_POINT('',(82.23223304992,3.61091270636,-40.5));
#3585=CARTESIAN_POINT('Origin',(81.87867965644,3.964466094067,-40.5));
#3586=CARTESIAN_POINT('Origin',(0.,-14.5,-41.));
#3587=CARTESIAN_POINT('',(86.12132034356,11.03553390593,-41.));
#3588=CARTESIAN_POINT('Origin',(86.82842712475,10.32842712475,-41.));
#3589=CARTESIAN_POINT('',(80.46446609407,5.37867965644,-41.));
#3590=CARTESIAN_POINT('Origin',(81.17157287525,4.671572875254,-41.));
#3591=CARTESIAN_POINT('',(86.12132034356,11.03553390593,-41.));
#3592=CARTESIAN_POINT('Origin',(86.82842712475,10.32842712475,-40.5));
#3593=CARTESIAN_POINT('',(85.767766944537,11.389087288096,-40.5));
#3594=CARTESIAN_POINT('Origin',(86.12132034356,11.03553390593,-40.5));
#3595=CARTESIAN_POINT('Origin',(86.82842712475,10.32842712475,-40.5));
#3596=CARTESIAN_POINT('Origin',(86.82842712475,10.32842712475,-14.54783867408));
#3597=CARTESIAN_POINT('',(85.76776695297,11.38908729653,-40.));
#3598=CARTESIAN_POINT('',(85.76776695297,11.38908729653,-40.));
#3599=CARTESIAN_POINT('',(87.88908729653,9.267766952966,-40.));
#3600=CARTESIAN_POINT('Origin',(86.82842712475,10.32842712475,-40.));
#3601=CARTESIAN_POINT('',(87.88908729653,9.267766952966,-40.));
#3602=CARTESIAN_POINT('Origin',(81.17157287525,2.550252531694,-40.));
#3603=CARTESIAN_POINT('',(82.23223304703,3.610912703474,-40.));
#3604=CARTESIAN_POINT('',(82.23223304703,3.610912703474,-40.));
#3605=CARTESIAN_POINT('',(82.23223304992,3.61091270636,-40.5));
#3606=CARTESIAN_POINT('Origin',(81.17157287525,4.671572875254,-60.554));
#3607=CARTESIAN_POINT('',(80.11091270325,5.732233046807,-40.5));
#3608=CARTESIAN_POINT('Origin',(81.17157287525,4.671572875254,-40.5));
#3609=CARTESIAN_POINT('',(80.11091270347,5.732233047034,-40.));
#3610=CARTESIAN_POINT('Origin',(81.17157287525,4.671572875254,-40.));
#3611=CARTESIAN_POINT('',(80.11091270325,5.732233046807,-40.5));
#3612=CARTESIAN_POINT('Origin',(81.17157287525,4.671572875254,-40.5));
#3613=CARTESIAN_POINT('Origin',(80.46446609407,5.37867965644,-40.5));
#3614=CARTESIAN_POINT('Origin',(86.2334294987,11.14764306107,-40.5));
#3615=CARTESIAN_POINT('',(85.76776693498,11.38908727854,-40.5));
#3616=CARTESIAN_POINT('Origin',(86.82842712475,12.44974746831,-40.));
#3617=CARTESIAN_POINT('',(85.76776695297,11.38908729653,-40.));
#3618=CARTESIAN_POINT('Origin',(0.,-14.5,-40.));
#3619=CARTESIAN_POINT('Origin',(87.7665705013,3.852356938929,-40.5));
#3620=CARTESIAN_POINT('',(87.87867965644,3.964466094067,-41.));
#3621=CARTESIAN_POINT('',(93.53553390593,9.62132034356,-41.));
#3622=CARTESIAN_POINT('',(87.87867965644,3.964466094067,-41.));
#3623=CARTESIAN_POINT('',(93.889087296044,9.267766952484,-40.5));
#3624=CARTESIAN_POINT('Origin',(93.53553390593,9.62132034356,-40.5));
#3625=CARTESIAN_POINT('',(88.2322330481149,3.61091270455616,-40.5));
#3626=CARTESIAN_POINT('',(88.23223304992,3.61091270636,-40.5));
#3627=CARTESIAN_POINT('Origin',(87.87867965644,3.964466094067,-40.5));
#3628=CARTESIAN_POINT('Origin',(6.,-14.5,-41.));
#3629=CARTESIAN_POINT('',(86.46446609407,5.37867965644,-41.));
#3630=CARTESIAN_POINT('Origin',(87.17157287525,4.671572875254,-41.));
#3631=CARTESIAN_POINT('',(92.12132034356,11.03553390593,-41.));
#3632=CARTESIAN_POINT('',(92.12132034356,11.03553390593,-41.));
#3633=CARTESIAN_POINT('Origin',(92.82842712475,10.32842712475,-41.));
#3634=CARTESIAN_POINT('Origin',(87.17157287525,4.671572875254,-40.5));
#3635=CARTESIAN_POINT('',(86.11091270347,5.732233047034,-40.5));
#3636=CARTESIAN_POINT('Origin',(87.17157287525,4.671572875254,-40.5));
#3637=CARTESIAN_POINT('Origin',(86.46446609407,5.37867965644,-40.5));
#3638=CARTESIAN_POINT('Origin',(92.2334294987,11.14764306107,-40.5));
#3639=CARTESIAN_POINT('',(91.7677669434126,11.3890872869717,-40.5));
#3640=CARTESIAN_POINT('',(91.76776693498,11.38908727854,-40.5));
#3641=CARTESIAN_POINT('Origin',(92.12132034356,11.03553390593,-40.5));
#3642=CARTESIAN_POINT('Origin',(92.82842712475,12.44974746831,-40.));
#3643=CARTESIAN_POINT('',(86.11091270347,5.732233047034,-40.));
#3644=CARTESIAN_POINT('',(86.11091270325,5.732233046807,-40.5));
#3645=CARTESIAN_POINT('',(91.76776695297,11.38908729653,-40.));
#3646=CARTESIAN_POINT('',(91.76776695297,11.38908729653,-40.));
#3647=CARTESIAN_POINT('',(91.76776695297,11.38908729653,-40.));
#3648=CARTESIAN_POINT('Origin',(92.82842712475,10.32842712475,-6.777636429923));
#3649=CARTESIAN_POINT('Origin',(92.82842712475,10.32842712475,-40.5));
#3650=CARTESIAN_POINT('',(93.88908729653,9.267766952966,-40.));
#3651=CARTESIAN_POINT('Origin',(92.82842712475,10.32842712475,-40.));
#3652=CARTESIAN_POINT('',(93.88908729653,9.267766952966,-40.));
#3653=CARTESIAN_POINT('Origin',(92.82842712475,10.32842712475,-40.5));
#3654=CARTESIAN_POINT('Origin',(87.17157287525,2.550252531694,-40.));
#3655=CARTESIAN_POINT('',(88.23223304703,3.610912703474,-40.));
#3656=CARTESIAN_POINT('',(88.23223304703,3.610912703474,-40.));
#3657=CARTESIAN_POINT('',(88.23223304992,3.61091270636,-40.5));
#3658=CARTESIAN_POINT('Origin',(87.17157287525,4.671572875254,-60.554));
#3659=CARTESIAN_POINT('Origin',(87.17157287525,4.671572875254,-40.));
#3660=CARTESIAN_POINT('Origin',(6.,-14.5,-40.));
#3661=CARTESIAN_POINT('Origin',(93.7665705013,3.852356938929,-40.5));
#3662=CARTESIAN_POINT('',(93.87867965644,3.964466094067,-41.));
#3663=CARTESIAN_POINT('',(99.53553390593,9.62132034356,-41.));
#3664=CARTESIAN_POINT('',(93.87867965644,3.964466094067,-41.));
#3665=CARTESIAN_POINT('',(99.889087296044,9.26776695248399,-40.5));
#3666=CARTESIAN_POINT('Origin',(99.53553390593,9.62132034356,-40.5));
#3667=CARTESIAN_POINT('',(94.232233048115,3.61091270455616,-40.5));
#3668=CARTESIAN_POINT('',(94.23223304992,3.61091270636,-40.5));
#3669=CARTESIAN_POINT('Origin',(93.87867965644,3.964466094067,-40.5));
#3670=CARTESIAN_POINT('Origin',(12.,-14.5,-41.));
#3671=CARTESIAN_POINT('',(92.46446609407,5.37867965644,-41.));
#3672=CARTESIAN_POINT('Origin',(93.17157287525,4.671572875254,-41.));
#3673=CARTESIAN_POINT('',(98.12132034356,11.03553390593,-41.));
#3674=CARTESIAN_POINT('',(98.12132034356,11.03553390593,-41.));
#3675=CARTESIAN_POINT('Origin',(98.82842712475,10.32842712475,-41.));
#3676=CARTESIAN_POINT('Origin',(93.17157287525,4.671572875254,-40.5));
#3677=CARTESIAN_POINT('',(92.11091270347,5.732233047034,-40.5));
#3678=CARTESIAN_POINT('Origin',(93.17157287525,4.671572875254,-40.5));
#3679=CARTESIAN_POINT('Origin',(92.46446609407,5.37867965644,-40.5));
#3680=CARTESIAN_POINT('Origin',(98.2334294987,11.14764306107,-40.5));
#3681=CARTESIAN_POINT('',(97.7677669434126,11.3890872869717,-40.5));
#3682=CARTESIAN_POINT('',(97.76776693498,11.38908727854,-40.5));
#3683=CARTESIAN_POINT('Origin',(98.12132034356,11.03553390593,-40.5));
#3684=CARTESIAN_POINT('Origin',(98.82842712475,12.44974746831,-40.));
#3685=CARTESIAN_POINT('',(92.11091270347,5.732233047034,-40.));
#3686=CARTESIAN_POINT('',(92.11091270325,5.732233046807,-40.5));
#3687=CARTESIAN_POINT('',(97.76776695297,11.38908729653,-40.));
#3688=CARTESIAN_POINT('',(97.76776695297,11.38908729653,-40.));
#3689=CARTESIAN_POINT('',(97.76776695297,11.38908729653,-40.));
#3690=CARTESIAN_POINT('Origin',(98.82842712475,10.32842712475,-6.446));
#3691=CARTESIAN_POINT('Origin',(98.82842712475,10.32842712475,-40.5));
#3692=CARTESIAN_POINT('',(99.88908729653,9.267766952966,-40.));
#3693=CARTESIAN_POINT('Origin',(98.82842712475,10.32842712475,-40.));
#3694=CARTESIAN_POINT('',(99.88908729653,9.267766952966,-40.));
#3695=CARTESIAN_POINT('Origin',(98.82842712475,10.32842712475,-40.5));
#3696=CARTESIAN_POINT('Origin',(93.17157287525,2.550252531694,-40.));
#3697=CARTESIAN_POINT('',(94.23223304703,3.610912703474,-40.));
#3698=CARTESIAN_POINT('',(94.23223304703,3.610912703474,-40.));
#3699=CARTESIAN_POINT('',(94.23223304992,3.61091270636,-40.5));
#3700=CARTESIAN_POINT('Origin',(93.17157287525,4.671572875254,-60.554));
#3701=CARTESIAN_POINT('Origin',(93.17157287525,4.671572875254,-40.));
#3702=CARTESIAN_POINT('Origin',(12.,-14.5,-40.));
#3703=CARTESIAN_POINT('Origin',(99.7665705013,3.852356938929,-40.5));
#3704=CARTESIAN_POINT('',(99.87867965644,3.964466094067,-41.));
#3705=CARTESIAN_POINT('',(105.5355339059,9.62132034356,-41.));
#3706=CARTESIAN_POINT('',(99.87867965644,3.964466094067,-41.));
#3707=CARTESIAN_POINT('',(105.889087296013,9.26776695248524,-40.5));
#3708=CARTESIAN_POINT('Origin',(105.5355339059,9.62132034356,-40.5));
#3709=CARTESIAN_POINT('',(100.232233048102,3.61091270455367,-40.5));
#3710=CARTESIAN_POINT('',(100.2322330499,3.61091270636,-40.5));
#3711=CARTESIAN_POINT('Origin',(99.87867965644,3.964466094067,-40.5));
#3712=CARTESIAN_POINT('Origin',(18.,-14.5,-41.));
#3713=CARTESIAN_POINT('',(98.46446609407,5.37867965644,-41.));
#3714=CARTESIAN_POINT('Origin',(99.17157287525,4.671572875254,-41.));
#3715=CARTESIAN_POINT('',(104.1213203436,11.03553390593,-41.));
#3716=CARTESIAN_POINT('',(104.1213203436,11.03553390593,-41.));
#3717=CARTESIAN_POINT('Origin',(104.8284271247,10.32842712475,-41.));
#3718=CARTESIAN_POINT('Origin',(99.17157287525,4.671572875254,-40.5));
#3719=CARTESIAN_POINT('',(98.11091270347,5.732233047034,-40.5));
#3720=CARTESIAN_POINT('Origin',(99.17157287525,4.671572875254,-40.5));
#3721=CARTESIAN_POINT('Origin',(98.46446609407,5.37867965644,-40.5));
#3722=CARTESIAN_POINT('Origin',(104.2334294987,11.14764306107,-40.5));
#3723=CARTESIAN_POINT('',(103.767766943435,11.3890872869837,-40.5));
#3724=CARTESIAN_POINT('',(103.767766935,11.38908727854,-40.5));
#3725=CARTESIAN_POINT('Origin',(104.1213203436,11.03553390593,-40.5));
#3726=CARTESIAN_POINT('Origin',(104.8284271247,12.44974746831,-40.));
#3727=CARTESIAN_POINT('',(98.11091270347,5.732233047034,-40.));
#3728=CARTESIAN_POINT('',(98.11091270325,5.732233046807,-40.5));
#3729=CARTESIAN_POINT('',(103.767766953,11.38908729653,-40.));
#3730=CARTESIAN_POINT('',(103.767766953,11.38908729653,-40.));
#3731=CARTESIAN_POINT('',(103.767766953,11.38908729653,-40.));
#3732=CARTESIAN_POINT('Origin',(104.8284271247,10.32842712475,-6.446));
#3733=CARTESIAN_POINT('Origin',(104.8284271247,10.32842712475,-40.5));
#3734=CARTESIAN_POINT('',(105.8890872965,9.267766952966,-40.));
#3735=CARTESIAN_POINT('Origin',(104.8284271247,10.32842712475,-40.));
#3736=CARTESIAN_POINT('',(105.8890872965,9.267766952966,-40.));
#3737=CARTESIAN_POINT('Origin',(104.8284271247,10.32842712475,-40.5));
#3738=CARTESIAN_POINT('Origin',(99.17157287525,2.550252531694,-40.));
#3739=CARTESIAN_POINT('',(100.232233047,3.610912703474,-40.));
#3740=CARTESIAN_POINT('',(100.232233047,3.610912703474,-40.));
#3741=CARTESIAN_POINT('',(100.2322330499,3.61091270636,-40.5));
#3742=CARTESIAN_POINT('Origin',(99.17157287525,4.671572875254,-60.554));
#3743=CARTESIAN_POINT('Origin',(99.17157287525,4.671572875254,-40.));
#3744=CARTESIAN_POINT('Origin',(18.,-14.5,-40.));
#3745=CARTESIAN_POINT('Origin',(105.7665705013,3.852356938929,-40.5));
#3746=CARTESIAN_POINT('',(105.8786796564,3.964466094067,-41.));
#3747=CARTESIAN_POINT('',(111.5355339059,9.62132034356,-41.));
#3748=CARTESIAN_POINT('',(105.8786796564,3.964466094067,-41.));
#3749=CARTESIAN_POINT('',(111.889087296013,9.26776695248524,-40.5));
#3750=CARTESIAN_POINT('Origin',(111.5355339059,9.62132034356,-40.5));
#3751=CARTESIAN_POINT('',(106.232233048096,3.61091270454491,-40.5));
#3752=CARTESIAN_POINT('',(106.2322330499,3.61091270636,-40.5));
#3753=CARTESIAN_POINT('Origin',(105.8786796564,3.964466094067,-40.5));
#3754=CARTESIAN_POINT('Origin',(24.,-14.5,-41.));
#3755=CARTESIAN_POINT('',(104.4644660941,5.37867965644,-41.));
#3756=CARTESIAN_POINT('Origin',(105.1715728753,4.671572875254,-41.));
#3757=CARTESIAN_POINT('',(110.1213203436,11.03553390593,-41.));
#3758=CARTESIAN_POINT('',(110.1213203436,11.03553390593,-41.));
#3759=CARTESIAN_POINT('Origin',(110.8284271247,10.32842712475,-41.));
#3760=CARTESIAN_POINT('Origin',(105.1715728753,4.671572875254,-40.5));
#3761=CARTESIAN_POINT('',(104.1109127035,5.732233047034,-40.5));
#3762=CARTESIAN_POINT('Origin',(105.1715728753,4.671572875254,-40.5));
#3763=CARTESIAN_POINT('Origin',(104.4644660941,5.37867965644,-40.5));
#3764=CARTESIAN_POINT('Origin',(110.2334294987,11.14764306107,-40.5));
#3765=CARTESIAN_POINT('',(109.767766943435,11.3890872869837,-40.5));
#3766=CARTESIAN_POINT('',(109.767766935,11.38908727854,-40.5));
#3767=CARTESIAN_POINT('Origin',(110.1213203436,11.03553390593,-40.5));
#3768=CARTESIAN_POINT('Origin',(110.8284271247,12.44974746831,-40.));
#3769=CARTESIAN_POINT('',(104.1109127035,5.732233047034,-40.));
#3770=CARTESIAN_POINT('',(104.1109127032,5.732233046807,-40.5));
#3771=CARTESIAN_POINT('',(109.767766953,11.38908729653,-40.));
#3772=CARTESIAN_POINT('',(109.767766953,11.38908729653,-40.));
#3773=CARTESIAN_POINT('',(109.767766953,11.38908729653,-40.));
#3774=CARTESIAN_POINT('Origin',(110.8284271247,10.32842712475,-6.446));
#3775=CARTESIAN_POINT('Origin',(110.8284271247,10.32842712475,-40.5));
#3776=CARTESIAN_POINT('',(111.8890872965,9.267766952966,-40.));
#3777=CARTESIAN_POINT('Origin',(110.8284271247,10.32842712475,-40.));
#3778=CARTESIAN_POINT('',(111.8890872965,9.267766952966,-40.));
#3779=CARTESIAN_POINT('Origin',(110.8284271247,10.32842712475,-40.5));
#3780=CARTESIAN_POINT('Origin',(105.1715728753,2.550252531694,-40.));
#3781=CARTESIAN_POINT('',(106.232233047,3.610912703474,-40.));
#3782=CARTESIAN_POINT('',(106.232233047,3.610912703474,-40.));
#3783=CARTESIAN_POINT('',(106.2322330499,3.61091270636,-40.5));
#3784=CARTESIAN_POINT('Origin',(105.1715728753,4.671572875254,-60.554));
#3785=CARTESIAN_POINT('Origin',(105.1715728753,4.671572875254,-40.));
#3786=CARTESIAN_POINT('Origin',(24.,-14.5,-40.));
#3787=CARTESIAN_POINT('Origin',(0.,-14.5,-40.));
#3788=CARTESIAN_POINT('',(79.67157287525,10.32842712475,-40.));
#3789=CARTESIAN_POINT('Origin',(81.17157287525,10.32842712475,-40.));
#3790=CARTESIAN_POINT('Origin',(81.17157287525,10.32842712475,-40.));
#3791=CARTESIAN_POINT('',(79.67157287525,10.32842712475,-40.5));
#3792=CARTESIAN_POINT('',(79.67157287525,10.32842712475,-40.));
#3793=CARTESIAN_POINT('',(79.6799440524624,10.4866783649638,-40.5));
#3794=CARTESIAN_POINT('Origin',(81.17157287525,10.32842712475,-40.5));
#3795=CARTESIAN_POINT('Origin',(81.17157287525,10.32842712475,-40.5));
#3796=CARTESIAN_POINT('Origin',(81.17157287525,10.32842712475,-40.5));
#3797=CARTESIAN_POINT('',(80.1771536600583,10.4339279515592,-41.));
#3798=CARTESIAN_POINT('Origin',(80.1771536600583,10.4339279515592,-40.5));
#3799=CARTESIAN_POINT('Origin',(81.17157287525,10.32842712475,-41.));
#3800=CARTESIAN_POINT('Origin',(0.,-14.5,-41.));
#3801=CARTESIAN_POINT('Origin',(0.,-14.5,-40.));
#3802=CARTESIAN_POINT('',(109.3284271247,4.671572875254,-40.));
#3803=CARTESIAN_POINT('Origin',(110.8284271247,4.671572875254,-40.));
#3804=CARTESIAN_POINT('Origin',(110.8284271247,4.671572875254,-40.));
#3805=CARTESIAN_POINT('',(109.3284271247,4.671572875254,-40.5));
#3806=CARTESIAN_POINT('',(109.3284271247,4.671572875254,-40.));
#3807=CARTESIAN_POINT('',(109.336798301912,4.82982411546779,-40.5));
#3808=CARTESIAN_POINT('Origin',(110.8284271247,4.671572875254,-40.5));
#3809=CARTESIAN_POINT('Origin',(110.8284271247,4.671572875254,-40.5));
#3810=CARTESIAN_POINT('Origin',(110.8284271247,4.671572875254,-40.5));
#3811=CARTESIAN_POINT('',(109.834007909508,4.7770737020632,-41.));
#3812=CARTESIAN_POINT('Origin',(109.834007909508,4.77707370206319,-40.5));
#3813=CARTESIAN_POINT('Origin',(110.8284271247,4.671572875254,-41.));
#3814=CARTESIAN_POINT('Origin',(0.,-14.5,-41.));
#3815=UNCERTAINTY_MEASURE_WITH_UNIT(LENGTH_MEASURE(0.01),#3819,
'DISTANCE_ACCURACY_VALUE',
'Maximum model space distance between geometric entities at asserted c
onnectivities');
#3816=UNCERTAINTY_MEASURE_WITH_UNIT(LENGTH_MEASURE(0.01),#3819,
'DISTANCE_ACCURACY_VALUE',
'Maximum model space distance between geometric entities at asserted c
onnectivities');
#3817=(
GEOMETRIC_REPRESENTATION_CONTEXT(3)
GLOBAL_UNCERTAINTY_ASSIGNED_CONTEXT((#3815))
GLOBAL_UNIT_ASSIGNED_CONTEXT((#3819,#3821,#3822))
REPRESENTATION_CONTEXT('','3D')
);
#3818=(
GEOMETRIC_REPRESENTATION_CONTEXT(3)
GLOBAL_UNCERTAINTY_ASSIGNED_CONTEXT((#3816))
GLOBAL_UNIT_ASSIGNED_CONTEXT((#3819,#3821,#3822))
REPRESENTATION_CONTEXT('','3D')
);
#3819=(
LENGTH_UNIT()
NAMED_UNIT(*)
SI_UNIT(.MILLI.,.METRE.)
);
#3820=(
LENGTH_UNIT()
NAMED_UNIT(*)
SI_UNIT($,.METRE.)
);
#3821=(
NAMED_UNIT(*)
PLANE_ANGLE_UNIT()
SI_UNIT($,.RADIAN.)
);
#3822=(
NAMED_UNIT(*)
SI_UNIT($,.STERADIAN.)
SOLID_ANGLE_UNIT()
);
#3823=SHAPE_DEFINITION_REPRESENTATION(#3824,#3825);
#3824=PRODUCT_DEFINITION_SHAPE('',$,#3827);
#3825=SHAPE_REPRESENTATION('',(#2263),#3817);
#3826=PRODUCT_DEFINITION_CONTEXT('part definition',#3831,'design');
#3827=PRODUCT_DEFINITION('2026-07-09-11-15-19-614','1-DOWN-DR',#3828,#3826);
#3828=PRODUCT_DEFINITION_FORMATION('',$,#3833);
#3829=PRODUCT_RELATED_PRODUCT_CATEGORY('1-DOWN-DR','1-DOWN-DR',(#3833));
#3830=APPLICATION_PROTOCOL_DEFINITION('international standard',
'automotive_design',2009,#3831);
#3831=APPLICATION_CONTEXT(
'Core Data for Automotive Mechanical Design Process');
#3832=PRODUCT_CONTEXT('part definition',#3831,'mechanical');
#3833=PRODUCT('2026-07-09-11-15-19-614','1-DOWN-DR','NOT SPECIFIED',(#3832));
#3834=PRESENTATION_STYLE_ASSIGNMENT((#3835));
#3835=SURFACE_STYLE_USAGE(.BOTH.,#3836);
#3836=SURFACE_SIDE_STYLE('',(#3837));
#3837=SURFACE_STYLE_FILL_AREA(#3838);
#3838=FILL_AREA_STYLE('\X2\94A2\X0\ - \X2\7F0E5149\X0\',(#3839));
#3839=FILL_AREA_STYLE_COLOUR('\X2\94A2\X0\ - \X2\7F0E5149\X0\',#3840);
#3840=COLOUR_RGB('\X2\94A2\X0\ - \X2\7F0E5149\X0\',0.627450980392157,0.627450980392157,
0.627450980392157);
ENDSEC;
END-ISO-10303-21;
