ISO-10303-21;
HEADER;
/* Generated by software containing ST-Developer
 * from STEP Tools, Inc. (www.steptools.com) 
 */

FILE_DESCRIPTION(
/* description */ ('NOT SPECIFIED'),
/* implementation_level */ '2;1');

FILE_NAME(
/* name */ '1-SPACE-UP.step',
/* time_stamp */ '2026-07-07T17:51:30+08:00',
/* author */ (''),
/* organization */ (''),
/* preprocessor_version */ 'ST-DEVELOPER v20.1',
/* originating_system */ 'Autodesk Translation Framework v15.8.0.0',
/* authorisation */ '');

FILE_SCHEMA (('AUTOMOTIVE_DESIGN { 1 0 10303 214 3 1 1 }'));
ENDSEC;

DATA;
#10=MECHANICAL_DESIGN_GEOMETRIC_PRESENTATION_REPRESENTATION('',(#13),#3535);
#11=SHAPE_REPRESENTATION_RELATIONSHIP('SRR','None',#3542,#12);
#12=ADVANCED_BREP_SHAPE_REPRESENTATION('',(#14),#3534);
#13=STYLED_ITEM('',(#3551),#14);
#14=MANIFOLD_SOLID_BREP('\X2\5B9E4F53\X0\1',#2155);
#15=ELLIPSE('',#2218,1.72884354410687,1.35);
#16=ELLIPSE('',#2221,1.72884354410687,1.35);
#17=ELLIPSE('',#2225,1.72884354410687,1.35);
#18=ELLIPSE('',#2228,1.72884354410687,1.35);
#19=ELLIPSE('',#2253,1.72884354410687,1.35);
#20=ELLIPSE('',#2254,1.72884354410687,1.35);
#21=ELLIPSE('',#2257,1.72884354410687,1.35);
#22=ELLIPSE('',#2263,1.72884354410687,1.35);
#23=CYLINDRICAL_SURFACE('',#2217,1.35);
#24=CYLINDRICAL_SURFACE('',#2220,1.35);
#25=CYLINDRICAL_SURFACE('',#2226,1.35);
#26=CYLINDRICAL_SURFACE('',#2227,1.35);
#27=CYLINDRICAL_SURFACE('',#2238,2.);
#28=CYLINDRICAL_SURFACE('',#2241,2.);
#29=CYLINDRICAL_SURFACE('',#2245,2.);
#30=CYLINDRICAL_SURFACE('',#2255,1.35);
#31=CYLINDRICAL_SURFACE('',#2258,1.35);
#32=CYLINDRICAL_SURFACE('',#2264,1.35);
#33=CYLINDRICAL_SURFACE('',#2265,1.35);
#34=CYLINDRICAL_SURFACE('',#2299,2.);
#35=CYLINDRICAL_SURFACE('',#2301,2.);
#36=CYLINDRICAL_SURFACE('',#2306,2.);
#37=CYLINDRICAL_SURFACE('',#2307,2.);
#38=CYLINDRICAL_SURFACE('',#2337,1.35);
#39=CYLINDRICAL_SURFACE('',#2338,1.35);
#40=CYLINDRICAL_SURFACE('',#2339,1.35);
#41=CYLINDRICAL_SURFACE('',#2340,1.35);
#42=CYLINDRICAL_SURFACE('',#2342,2.);
#43=CONICAL_SURFACE('',#2186,1.84999998201,0.785398163397448);
#44=CONICAL_SURFACE('',#2189,1.849999969783,0.785398163397448);
#45=CONICAL_SURFACE('',#2192,1.849999969783,0.785398163397448);
#46=CONICAL_SURFACE('',#2195,1.849999986852,0.785398163397448);
#47=CONICAL_SURFACE('',#2211,1.84999998201,0.785398163397448);
#48=CONICAL_SURFACE('',#2236,1.849999969783,0.785398163397448);
#49=CONICAL_SURFACE('',#2239,1.849999969783,0.785398163397448);
#50=CONICAL_SURFACE('',#2243,1.849999986852,0.785398163397448);
#51=CONICAL_SURFACE('',#2269,1.84999998201,0.785398163397448);
#52=CONICAL_SURFACE('',#2277,1.84999998201,0.785398163397448);
#53=CONICAL_SURFACE('',#2280,1.849999969783,0.785398163397448);
#54=CONICAL_SURFACE('',#2283,1.849999969783,0.785398163397448);
#55=CONICAL_SURFACE('',#2286,1.849999986852,0.785398163397448);
#56=CONICAL_SURFACE('',#2291,1.849999986852,0.785398163397448);
#57=CONICAL_SURFACE('',#2294,1.849999969783,0.785398163397448);
#58=CONICAL_SURFACE('',#2297,1.849999969783,0.785398163397448);
#59=FACE_BOUND('',#208,.T.);
#60=FACE_BOUND('',#209,.T.);
#61=FACE_BOUND('',#227,.T.);
#62=FACE_BOUND('',#228,.T.);
#63=FACE_BOUND('',#232,.T.);
#64=FACE_BOUND('',#233,.T.);
#65=FACE_BOUND('',#234,.T.);
#66=FACE_BOUND('',#238,.T.);
#67=FACE_BOUND('',#239,.T.);
#68=FACE_BOUND('',#240,.T.);
#69=FACE_BOUND('',#242,.T.);
#70=FACE_BOUND('',#243,.T.);
#71=FACE_BOUND('',#247,.T.);
#72=FACE_BOUND('',#248,.T.);
#73=FACE_BOUND('',#250,.T.);
#74=FACE_BOUND('',#251,.T.);
#75=FACE_BOUND('',#254,.T.);
#76=FACE_BOUND('',#266,.T.);
#77=FACE_BOUND('',#267,.T.);
#78=FACE_BOUND('',#270,.T.);
#79=FACE_BOUND('',#271,.T.);
#80=FACE_BOUND('',#275,.T.);
#81=FACE_BOUND('',#276,.T.);
#82=FACE_BOUND('',#277,.T.);
#83=FACE_BOUND('',#279,.T.);
#84=FACE_BOUND('',#280,.T.);
#85=FACE_BOUND('',#284,.T.);
#86=FACE_BOUND('',#285,.T.);
#87=FACE_BOUND('',#286,.T.);
#88=FACE_BOUND('',#312,.T.);
#89=FACE_OUTER_BOUND('',#207,.T.);
#90=FACE_OUTER_BOUND('',#210,.T.);
#91=FACE_OUTER_BOUND('',#211,.T.);
#92=FACE_OUTER_BOUND('',#212,.T.);
#93=FACE_OUTER_BOUND('',#213,.T.);
#94=FACE_OUTER_BOUND('',#214,.T.);
#95=FACE_OUTER_BOUND('',#215,.T.);
#96=FACE_OUTER_BOUND('',#216,.T.);
#97=FACE_OUTER_BOUND('',#217,.T.);
#98=FACE_OUTER_BOUND('',#218,.T.);
#99=FACE_OUTER_BOUND('',#219,.T.);
#100=FACE_OUTER_BOUND('',#220,.T.);
#101=FACE_OUTER_BOUND('',#221,.T.);
#102=FACE_OUTER_BOUND('',#222,.T.);
#103=FACE_OUTER_BOUND('',#223,.T.);
#104=FACE_OUTER_BOUND('',#224,.T.);
#105=FACE_OUTER_BOUND('',#225,.T.);
#106=FACE_OUTER_BOUND('',#226,.T.);
#107=FACE_OUTER_BOUND('',#229,.T.);
#108=FACE_OUTER_BOUND('',#230,.T.);
#109=FACE_OUTER_BOUND('',#231,.T.);
#110=FACE_OUTER_BOUND('',#235,.T.);
#111=FACE_OUTER_BOUND('',#236,.T.);
#112=FACE_OUTER_BOUND('',#237,.T.);
#113=FACE_OUTER_BOUND('',#241,.T.);
#114=FACE_OUTER_BOUND('',#244,.T.);
#115=FACE_OUTER_BOUND('',#245,.T.);
#116=FACE_OUTER_BOUND('',#246,.T.);
#117=FACE_OUTER_BOUND('',#249,.T.);
#118=FACE_OUTER_BOUND('',#252,.T.);
#119=FACE_OUTER_BOUND('',#253,.T.);
#120=FACE_OUTER_BOUND('',#255,.T.);
#121=FACE_OUTER_BOUND('',#256,.T.);
#122=FACE_OUTER_BOUND('',#257,.T.);
#123=FACE_OUTER_BOUND('',#258,.T.);
#124=FACE_OUTER_BOUND('',#259,.T.);
#125=FACE_OUTER_BOUND('',#260,.T.);
#126=FACE_OUTER_BOUND('',#261,.T.);
#127=FACE_OUTER_BOUND('',#262,.T.);
#128=FACE_OUTER_BOUND('',#263,.T.);
#129=FACE_OUTER_BOUND('',#264,.T.);
#130=FACE_OUTER_BOUND('',#265,.T.);
#131=FACE_OUTER_BOUND('',#268,.T.);
#132=FACE_OUTER_BOUND('',#269,.T.);
#133=FACE_OUTER_BOUND('',#272,.T.);
#134=FACE_OUTER_BOUND('',#273,.T.);
#135=FACE_OUTER_BOUND('',#274,.T.);
#136=FACE_OUTER_BOUND('',#278,.T.);
#137=FACE_OUTER_BOUND('',#281,.T.);
#138=FACE_OUTER_BOUND('',#282,.T.);
#139=FACE_OUTER_BOUND('',#283,.T.);
#140=FACE_OUTER_BOUND('',#287,.T.);
#141=FACE_OUTER_BOUND('',#288,.T.);
#142=FACE_OUTER_BOUND('',#289,.T.);
#143=FACE_OUTER_BOUND('',#290,.T.);
#144=FACE_OUTER_BOUND('',#291,.T.);
#145=FACE_OUTER_BOUND('',#292,.T.);
#146=FACE_OUTER_BOUND('',#293,.T.);
#147=FACE_OUTER_BOUND('',#294,.T.);
#148=FACE_OUTER_BOUND('',#295,.T.);
#149=FACE_OUTER_BOUND('',#296,.T.);
#150=FACE_OUTER_BOUND('',#297,.T.);
#151=FACE_OUTER_BOUND('',#298,.T.);
#152=FACE_OUTER_BOUND('',#299,.T.);
#153=FACE_OUTER_BOUND('',#300,.T.);
#154=FACE_OUTER_BOUND('',#301,.T.);
#155=FACE_OUTER_BOUND('',#302,.T.);
#156=FACE_OUTER_BOUND('',#303,.T.);
#157=FACE_OUTER_BOUND('',#304,.T.);
#158=FACE_OUTER_BOUND('',#305,.T.);
#159=FACE_OUTER_BOUND('',#306,.T.);
#160=FACE_OUTER_BOUND('',#307,.T.);
#161=FACE_OUTER_BOUND('',#308,.T.);
#162=FACE_OUTER_BOUND('',#309,.T.);
#163=FACE_OUTER_BOUND('',#310,.T.);
#164=FACE_OUTER_BOUND('',#311,.T.);
#165=FACE_OUTER_BOUND('',#313,.T.);
#166=FACE_OUTER_BOUND('',#314,.T.);
#167=FACE_OUTER_BOUND('',#315,.T.);
#168=FACE_OUTER_BOUND('',#316,.T.);
#169=FACE_OUTER_BOUND('',#317,.T.);
#170=FACE_OUTER_BOUND('',#318,.T.);
#171=FACE_OUTER_BOUND('',#319,.T.);
#172=FACE_OUTER_BOUND('',#320,.T.);
#173=FACE_OUTER_BOUND('',#321,.T.);
#174=FACE_OUTER_BOUND('',#322,.T.);
#175=FACE_OUTER_BOUND('',#323,.T.);
#176=FACE_OUTER_BOUND('',#324,.T.);
#177=FACE_OUTER_BOUND('',#325,.T.);
#178=FACE_OUTER_BOUND('',#326,.T.);
#179=FACE_OUTER_BOUND('',#327,.T.);
#180=FACE_OUTER_BOUND('',#328,.T.);
#181=FACE_OUTER_BOUND('',#329,.T.);
#182=FACE_OUTER_BOUND('',#330,.T.);
#183=FACE_OUTER_BOUND('',#331,.T.);
#184=FACE_OUTER_BOUND('',#332,.T.);
#185=FACE_OUTER_BOUND('',#333,.T.);
#186=FACE_OUTER_BOUND('',#334,.T.);
#187=FACE_OUTER_BOUND('',#335,.T.);
#188=FACE_OUTER_BOUND('',#336,.T.);
#189=FACE_OUTER_BOUND('',#337,.T.);
#190=FACE_OUTER_BOUND('',#338,.T.);
#191=FACE_OUTER_BOUND('',#339,.T.);
#192=FACE_OUTER_BOUND('',#340,.T.);
#193=FACE_OUTER_BOUND('',#341,.T.);
#194=FACE_OUTER_BOUND('',#342,.T.);
#195=FACE_OUTER_BOUND('',#343,.T.);
#196=FACE_OUTER_BOUND('',#344,.T.);
#197=FACE_OUTER_BOUND('',#345,.T.);
#198=FACE_OUTER_BOUND('',#346,.T.);
#199=FACE_OUTER_BOUND('',#347,.T.);
#200=FACE_OUTER_BOUND('',#348,.T.);
#201=FACE_OUTER_BOUND('',#349,.T.);
#202=FACE_OUTER_BOUND('',#350,.T.);
#203=FACE_OUTER_BOUND('',#351,.T.);
#204=FACE_OUTER_BOUND('',#352,.T.);
#205=FACE_OUTER_BOUND('',#353,.T.);
#206=FACE_OUTER_BOUND('',#354,.T.);
#207=EDGE_LOOP('',(#1363,#1364,#1365,#1366,#1367,#1368,#1369,#1370,#1371,
#1372,#1373,#1374,#1375,#1376,#1377,#1378,#1379,#1380,#1381,#1382));
#208=EDGE_LOOP('',(#1383));
#209=EDGE_LOOP('',(#1384));
#210=EDGE_LOOP('',(#1385,#1386,#1387,#1388));
#211=EDGE_LOOP('',(#1389,#1390,#1391,#1392));
#212=EDGE_LOOP('',(#1393,#1394,#1395,#1396));
#213=EDGE_LOOP('',(#1397,#1398,#1399,#1400));
#214=EDGE_LOOP('',(#1401,#1402,#1403,#1404));
#215=EDGE_LOOP('',(#1405,#1406,#1407,#1408));
#216=EDGE_LOOP('',(#1409,#1410,#1411,#1412));
#217=EDGE_LOOP('',(#1413,#1414,#1415,#1416));
#218=EDGE_LOOP('',(#1417,#1418,#1419,#1420));
#219=EDGE_LOOP('',(#1421,#1422,#1423,#1424));
#220=EDGE_LOOP('',(#1425,#1426,#1427,#1428));
#221=EDGE_LOOP('',(#1429,#1430,#1431,#1432));
#222=EDGE_LOOP('',(#1433,#1434,#1435,#1436));
#223=EDGE_LOOP('',(#1437,#1438,#1439,#1440));
#224=EDGE_LOOP('',(#1441,#1442,#1443,#1444));
#225=EDGE_LOOP('',(#1445,#1446,#1447,#1448));
#226=EDGE_LOOP('',(#1449,#1450,#1451,#1452,#1453,#1454,#1455,#1456,#1457,
#1458,#1459,#1460,#1461,#1462,#1463,#1464,#1465,#1466,#1467,#1468));
#227=EDGE_LOOP('',(#1469));
#228=EDGE_LOOP('',(#1470));
#229=EDGE_LOOP('',(#1471,#1472,#1473,#1474));
#230=EDGE_LOOP('',(#1475,#1476,#1477,#1478));
#231=EDGE_LOOP('',(#1479,#1480,#1481,#1482));
#232=EDGE_LOOP('',(#1483));
#233=EDGE_LOOP('',(#1484));
#234=EDGE_LOOP('',(#1485,#1486,#1487,#1488));
#235=EDGE_LOOP('',(#1489,#1490,#1491,#1492));
#236=EDGE_LOOP('',(#1493,#1494,#1495,#1496));
#237=EDGE_LOOP('',(#1497,#1498,#1499,#1500));
#238=EDGE_LOOP('',(#1501));
#239=EDGE_LOOP('',(#1502));
#240=EDGE_LOOP('',(#1503,#1504,#1505,#1506));
#241=EDGE_LOOP('',(#1507,#1508,#1509,#1510,#1511,#1512));
#242=EDGE_LOOP('',(#1513));
#243=EDGE_LOOP('',(#1514));
#244=EDGE_LOOP('',(#1515,#1516,#1517,#1518));
#245=EDGE_LOOP('',(#1519,#1520,#1521,#1522));
#246=EDGE_LOOP('',(#1523,#1524,#1525,#1526,#1527,#1528));
#247=EDGE_LOOP('',(#1529));
#248=EDGE_LOOP('',(#1530));
#249=EDGE_LOOP('',(#1531,#1532,#1533,#1534,#1535,#1536,#1537,#1538));
#250=EDGE_LOOP('',(#1539));
#251=EDGE_LOOP('',(#1540));
#252=EDGE_LOOP('',(#1541,#1542,#1543,#1544,#1545,#1546));
#253=EDGE_LOOP('',(#1547,#1548,#1549,#1550));
#254=EDGE_LOOP('',(#1551,#1552,#1553,#1554));
#255=EDGE_LOOP('',(#1555,#1556,#1557,#1558));
#256=EDGE_LOOP('',(#1559,#1560,#1561,#1562));
#257=EDGE_LOOP('',(#1563,#1564,#1565,#1566));
#258=EDGE_LOOP('',(#1567,#1568,#1569,#1570));
#259=EDGE_LOOP('',(#1571,#1572,#1573,#1574));
#260=EDGE_LOOP('',(#1575,#1576,#1577,#1578));
#261=EDGE_LOOP('',(#1579,#1580,#1581,#1582));
#262=EDGE_LOOP('',(#1583,#1584,#1585,#1586));
#263=EDGE_LOOP('',(#1587,#1588,#1589,#1590));
#264=EDGE_LOOP('',(#1591,#1592,#1593,#1594,#1595,#1596));
#265=EDGE_LOOP('',(#1597,#1598,#1599,#1600,#1601,#1602,#1603,#1604));
#266=EDGE_LOOP('',(#1605));
#267=EDGE_LOOP('',(#1606));
#268=EDGE_LOOP('',(#1607,#1608,#1609,#1610));
#269=EDGE_LOOP('',(#1611,#1612,#1613,#1614,#1615,#1616));
#270=EDGE_LOOP('',(#1617));
#271=EDGE_LOOP('',(#1618));
#272=EDGE_LOOP('',(#1619,#1620,#1621,#1622));
#273=EDGE_LOOP('',(#1623,#1624,#1625,#1626));
#274=EDGE_LOOP('',(#1627,#1628,#1629,#1630));
#275=EDGE_LOOP('',(#1631));
#276=EDGE_LOOP('',(#1632));
#277=EDGE_LOOP('',(#1633,#1634,#1635,#1636));
#278=EDGE_LOOP('',(#1637,#1638,#1639,#1640,#1641,#1642));
#279=EDGE_LOOP('',(#1643));
#280=EDGE_LOOP('',(#1644));
#281=EDGE_LOOP('',(#1645,#1646,#1647,#1648));
#282=EDGE_LOOP('',(#1649,#1650,#1651,#1652));
#283=EDGE_LOOP('',(#1653,#1654,#1655,#1656));
#284=EDGE_LOOP('',(#1657));
#285=EDGE_LOOP('',(#1658));
#286=EDGE_LOOP('',(#1659,#1660,#1661,#1662));
#287=EDGE_LOOP('',(#1663,#1664,#1665,#1666));
#288=EDGE_LOOP('',(#1667,#1668,#1669,#1670));
#289=EDGE_LOOP('',(#1671,#1672,#1673,#1674));
#290=EDGE_LOOP('',(#1675,#1676,#1677,#1678));
#291=EDGE_LOOP('',(#1679,#1680,#1681,#1682));
#292=EDGE_LOOP('',(#1683,#1684,#1685,#1686));
#293=EDGE_LOOP('',(#1687,#1688,#1689,#1690));
#294=EDGE_LOOP('',(#1691,#1692,#1693,#1694));
#295=EDGE_LOOP('',(#1695,#1696,#1697,#1698));
#296=EDGE_LOOP('',(#1699,#1700,#1701,#1702));
#297=EDGE_LOOP('',(#1703,#1704,#1705,#1706));
#298=EDGE_LOOP('',(#1707,#1708,#1709,#1710));
#299=EDGE_LOOP('',(#1711,#1712,#1713,#1714));
#300=EDGE_LOOP('',(#1715,#1716,#1717,#1718));
#301=EDGE_LOOP('',(#1719,#1720,#1721,#1722));
#302=EDGE_LOOP('',(#1723,#1724,#1725,#1726));
#303=EDGE_LOOP('',(#1727,#1728,#1729,#1730));
#304=EDGE_LOOP('',(#1731,#1732,#1733,#1734));
#305=EDGE_LOOP('',(#1735,#1736,#1737,#1738));
#306=EDGE_LOOP('',(#1739,#1740,#1741,#1742));
#307=EDGE_LOOP('',(#1743,#1744,#1745,#1746));
#308=EDGE_LOOP('',(#1747,#1748,#1749,#1750));
#309=EDGE_LOOP('',(#1751,#1752,#1753,#1754));
#310=EDGE_LOOP('',(#1755,#1756,#1757,#1758));
#311=EDGE_LOOP('',(#1759,#1760,#1761,#1762));
#312=EDGE_LOOP('',(#1763,#1764,#1765,#1766));
#313=EDGE_LOOP('',(#1767,#1768,#1769,#1770));
#314=EDGE_LOOP('',(#1771,#1772,#1773,#1774,#1775,#1776));
#315=EDGE_LOOP('',(#1777,#1778,#1779,#1780));
#316=EDGE_LOOP('',(#1781,#1782,#1783,#1784,#1785,#1786));
#317=EDGE_LOOP('',(#1787,#1788,#1789,#1790));
#318=EDGE_LOOP('',(#1791,#1792,#1793,#1794));
#319=EDGE_LOOP('',(#1795,#1796,#1797,#1798));
#320=EDGE_LOOP('',(#1799,#1800,#1801,#1802));
#321=EDGE_LOOP('',(#1803,#1804,#1805,#1806));
#322=EDGE_LOOP('',(#1807,#1808,#1809,#1810,#1811,#1812));
#323=EDGE_LOOP('',(#1813,#1814,#1815,#1816));
#324=EDGE_LOOP('',(#1817,#1818,#1819,#1820));
#325=EDGE_LOOP('',(#1821,#1822,#1823,#1824,#1825,#1826));
#326=EDGE_LOOP('',(#1827,#1828,#1829,#1830));
#327=EDGE_LOOP('',(#1831,#1832,#1833,#1834));
#328=EDGE_LOOP('',(#1835,#1836,#1837,#1838,#1839,#1840));
#329=EDGE_LOOP('',(#1841,#1842,#1843,#1844));
#330=EDGE_LOOP('',(#1845,#1846,#1847,#1848));
#331=EDGE_LOOP('',(#1849,#1850,#1851,#1852,#1853,#1854));
#332=EDGE_LOOP('',(#1855,#1856,#1857,#1858));
#333=EDGE_LOOP('',(#1859,#1860,#1861,#1862));
#334=EDGE_LOOP('',(#1863,#1864,#1865,#1866));
#335=EDGE_LOOP('',(#1867,#1868,#1869,#1870));
#336=EDGE_LOOP('',(#1871,#1872,#1873,#1874));
#337=EDGE_LOOP('',(#1875,#1876,#1877,#1878,#1879,#1880));
#338=EDGE_LOOP('',(#1881,#1882,#1883,#1884));
#339=EDGE_LOOP('',(#1885,#1886,#1887,#1888));
#340=EDGE_LOOP('',(#1889,#1890,#1891,#1892,#1893,#1894));
#341=EDGE_LOOP('',(#1895,#1896,#1897,#1898));
#342=EDGE_LOOP('',(#1899,#1900,#1901,#1902));
#343=EDGE_LOOP('',(#1903,#1904,#1905,#1906,#1907,#1908));
#344=EDGE_LOOP('',(#1909,#1910,#1911,#1912));
#345=EDGE_LOOP('',(#1913,#1914,#1915,#1916));
#346=EDGE_LOOP('',(#1917,#1918,#1919,#1920,#1921,#1922));
#347=EDGE_LOOP('',(#1923,#1924,#1925,#1926));
#348=EDGE_LOOP('',(#1927,#1928,#1929,#1930));
#349=EDGE_LOOP('',(#1931,#1932,#1933,#1934));
#350=EDGE_LOOP('',(#1935,#1936,#1937,#1938));
#351=EDGE_LOOP('',(#1939,#1940,#1941,#1942));
#352=EDGE_LOOP('',(#1943,#1944,#1945,#1946));
#353=EDGE_LOOP('',(#1947,#1948,#1949,#1950));
#354=EDGE_LOOP('',(#1951,#1952,#1953,#1954));
#355=CIRCLE('',#2170,1.7);
#356=CIRCLE('',#2171,1.7);
#357=CIRCLE('',#2172,1.7);
#358=CIRCLE('',#2173,1.7);
#359=CIRCLE('',#2174,1.7);
#360=CIRCLE('',#2175,1.7);
#361=CIRCLE('',#2176,1.7);
#362=CIRCLE('',#2177,1.7);
#363=CIRCLE('',#2178,1.35);
#364=CIRCLE('',#2179,1.35);
#365=CIRCLE('',#2187,2.);
#366=CIRCLE('',#2190,2.);
#367=CIRCLE('',#2193,2.);
#368=CIRCLE('',#2196,2.);
#369=CIRCLE('',#2201,1.7);
#370=CIRCLE('',#2202,1.7);
#371=CIRCLE('',#2203,1.7);
#372=CIRCLE('',#2204,1.7);
#373=CIRCLE('',#2205,1.7);
#374=CIRCLE('',#2206,1.7);
#375=CIRCLE('',#2207,1.7);
#376=CIRCLE('',#2208,1.7);
#377=CIRCLE('',#2209,1.35);
#378=CIRCLE('',#2210,1.35);
#379=CIRCLE('',#2212,2.);
#380=CIRCLE('',#2215,1.35);
#381=CIRCLE('',#2216,1.35);
#382=CIRCLE('',#2219,1.35);
#383=CIRCLE('',#2223,1.35);
#384=CIRCLE('',#2231,1.35);
#385=CIRCLE('',#2232,1.35);
#386=CIRCLE('',#2237,2.);
#387=CIRCLE('',#2240,2.);
#388=CIRCLE('',#2244,2.);
#389=CIRCLE('',#2249,1.35);
#390=CIRCLE('',#2250,1.35);
#391=CIRCLE('',#2256,1.35);
#392=CIRCLE('',#2259,1.35);
#393=CIRCLE('',#2261,1.35);
#394=CIRCLE('',#2266,1.35);
#395=CIRCLE('',#2270,2.);
#396=CIRCLE('',#2278,2.);
#397=CIRCLE('',#2281,2.);
#398=CIRCLE('',#2284,2.);
#399=CIRCLE('',#2287,2.);
#400=CIRCLE('',#2292,2.);
#401=CIRCLE('',#2295,2.);
#402=CIRCLE('',#2298,2.);
#403=LINE('',#2937,#643);
#404=LINE('',#2939,#644);
#405=LINE('',#2943,#645);
#406=LINE('',#2947,#646);
#407=LINE('',#2951,#647);
#408=LINE('',#2955,#648);
#409=LINE('',#2957,#649);
#410=LINE('',#2959,#650);
#411=LINE('',#2963,#651);
#412=LINE('',#2967,#652);
#413=LINE('',#2971,#653);
#414=LINE('',#2974,#654);
#415=LINE('',#2982,#655);
#416=LINE('',#2983,#656);
#417=LINE('',#2984,#657);
#418=LINE('',#2988,#658);
#419=LINE('',#2989,#659);
#420=LINE('',#2990,#660);
#421=LINE('',#2993,#661);
#422=LINE('',#2995,#662);
#423=LINE('',#2996,#663);
#424=LINE('',#2999,#664);
#425=LINE('',#3001,#665);
#426=LINE('',#3002,#666);
#427=LINE('',#3005,#667);
#428=LINE('',#3006,#668);
#429=LINE('',#3008,#669);
#430=LINE('',#3011,#670);
#431=LINE('',#3015,#671);
#432=LINE('',#3016,#672);
#433=LINE('',#3020,#673);
#434=LINE('',#3023,#674);
#435=LINE('',#3024,#675);
#436=LINE('',#3028,#676);
#437=LINE('',#3031,#677);
#438=LINE('',#3032,#678);
#439=LINE('',#3036,#679);
#440=LINE('',#3039,#680);
#441=LINE('',#3040,#681);
#442=LINE('',#3044,#682);
#443=LINE('',#3045,#683);
#444=LINE('',#3046,#684);
#445=LINE('',#3050,#685);
#446=LINE('',#3051,#686);
#447=LINE('',#3052,#687);
#448=LINE('',#3055,#688);
#449=LINE('',#3059,#689);
#450=LINE('',#3063,#690);
#451=LINE('',#3067,#691);
#452=LINE('',#3071,#692);
#453=LINE('',#3072,#693);
#454=LINE('',#3076,#694);
#455=LINE('',#3080,#695);
#456=LINE('',#3084,#696);
#457=LINE('',#3092,#697);
#458=LINE('',#3096,#698);
#459=LINE('',#3097,#699);
#460=LINE('',#3099,#700);
#461=LINE('',#3100,#701);
#462=LINE('',#3107,#702);
#463=LINE('',#3109,#703);
#464=LINE('',#3111,#704);
#465=LINE('',#3112,#705);
#466=LINE('',#3117,#706);
#467=LINE('',#3121,#707);
#468=LINE('',#3126,#708);
#469=LINE('',#3127,#709);
#470=LINE('',#3128,#710);
#471=LINE('',#3133,#711);
#472=LINE('',#3135,#712);
#473=LINE('',#3137,#713);
#474=LINE('',#3138,#714);
#475=LINE('',#3142,#715);
#476=LINE('',#3144,#716);
#477=LINE('',#3146,#717);
#478=LINE('',#3148,#718);
#479=LINE('',#3150,#719);
#480=LINE('',#3151,#720);
#481=LINE('',#3155,#721);
#482=LINE('',#3158,#722);
#483=LINE('',#3163,#723);
#484=LINE('',#3165,#724);
#485=LINE('',#3167,#725);
#486=LINE('',#3169,#726);
#487=LINE('',#3171,#727);
#488=LINE('',#3172,#728);
#489=LINE('',#3174,#729);
#490=LINE('',#3176,#730);
#491=LINE('',#3178,#731);
#492=LINE('',#3180,#732);
#493=LINE('',#3182,#733);
#494=LINE('',#3183,#734);
#495=LINE('',#3191,#735);
#496=LINE('',#3192,#736);
#497=LINE('',#3193,#737);
#498=LINE('',#3197,#738);
#499=LINE('',#3198,#739);
#500=LINE('',#3199,#740);
#501=LINE('',#3201,#741);
#502=LINE('',#3203,#742);
#503=LINE('',#3204,#743);
#504=LINE('',#3206,#744);
#505=LINE('',#3207,#745);
#506=LINE('',#3212,#746);
#507=LINE('',#3216,#747);
#508=LINE('',#3221,#748);
#509=LINE('',#3223,#749);
#510=LINE('',#3224,#750);
#511=LINE('',#3227,#751);
#512=LINE('',#3229,#752);
#513=LINE('',#3231,#753);
#514=LINE('',#3233,#754);
#515=LINE('',#3234,#755);
#516=LINE('',#3240,#756);
#517=LINE('',#3243,#757);
#518=LINE('',#3245,#758);
#519=LINE('',#3246,#759);
#520=LINE('',#3255,#760);
#521=LINE('',#3259,#761);
#522=LINE('',#3264,#762);
#523=LINE('',#3266,#763);
#524=LINE('',#3268,#764);
#525=LINE('',#3269,#765);
#526=LINE('',#3274,#766);
#527=LINE('',#3276,#767);
#528=LINE('',#3278,#768);
#529=LINE('',#3279,#769);
#530=LINE('',#3283,#770);
#531=LINE('',#3284,#771);
#532=LINE('',#3285,#772);
#533=LINE('',#3286,#773);
#534=LINE('',#3290,#774);
#535=LINE('',#3293,#775);
#536=LINE('',#3298,#776);
#537=LINE('',#3300,#777);
#538=LINE('',#3302,#778);
#539=LINE('',#3303,#779);
#540=LINE('',#3306,#780);
#541=LINE('',#3308,#781);
#542=LINE('',#3310,#782);
#543=LINE('',#3311,#783);
#544=LINE('',#3313,#784);
#545=LINE('',#3314,#785);
#546=LINE('',#3318,#786);
#547=LINE('',#3321,#787);
#548=LINE('',#3322,#788);
#549=LINE('',#3325,#789);
#550=LINE('',#3327,#790);
#551=LINE('',#3328,#791);
#552=LINE('',#3330,#792);
#553=LINE('',#3331,#793);
#554=LINE('',#3334,#794);
#555=LINE('',#3336,#795);
#556=LINE('',#3338,#796);
#557=LINE('',#3341,#797);
#558=LINE('',#3345,#798);
#559=LINE('',#3348,#799);
#560=LINE('',#3349,#800);
#561=LINE('',#3352,#801);
#562=LINE('',#3354,#802);
#563=LINE('',#3358,#803);
#564=LINE('',#3360,#804);
#565=LINE('',#3363,#805);
#566=LINE('',#3364,#806);
#567=LINE('',#3366,#807);
#568=LINE('',#3369,#808);
#569=LINE('',#3371,#809);
#570=LINE('',#3375,#810);
#571=LINE('',#3378,#811);
#572=LINE('',#3379,#812);
#573=LINE('',#3383,#813);
#574=LINE('',#3385,#814);
#575=LINE('',#3388,#815);
#576=LINE('',#3390,#816);
#577=LINE('',#3392,#817);
#578=LINE('',#3393,#818);
#579=LINE('',#3396,#819);
#580=LINE('',#3397,#820);
#581=LINE('',#3399,#821);
#582=LINE('',#3401,#822);
#583=LINE('',#3408,#823);
#584=LINE('',#3409,#824);
#585=LINE('',#3410,#825);
#586=LINE('',#3413,#826);
#587=LINE('',#3415,#827);
#588=LINE('',#3416,#828);
#589=LINE('',#3419,#829);
#590=LINE('',#3421,#830);
#591=LINE('',#3422,#831);
#592=LINE('',#3425,#832);
#593=LINE('',#3426,#833);
#594=LINE('',#3429,#834);
#595=LINE('',#3430,#835);
#596=LINE('',#3432,#836);
#597=LINE('',#3437,#837);
#598=LINE('',#3439,#838);
#599=LINE('',#3441,#839);
#600=LINE('',#3442,#840);
#601=LINE('',#3445,#841);
#602=LINE('',#3447,#842);
#603=LINE('',#3448,#843);
#604=LINE('',#3449,#844);
#605=LINE('',#3452,#845);
#606=LINE('',#3453,#846);
#607=LINE('',#3455,#847);
#608=LINE('',#3458,#848);
#609=LINE('',#3459,#849);
#610=LINE('',#3461,#850);
#611=LINE('',#3467,#851);
#612=LINE('',#3468,#852);
#613=LINE('',#3469,#853);
#614=LINE('',#3472,#854);
#615=LINE('',#3474,#855);
#616=LINE('',#3475,#856);
#617=LINE('',#3478,#857);
#618=LINE('',#3480,#858);
#619=LINE('',#3481,#859);
#620=LINE('',#3484,#860);
#621=LINE('',#3485,#861);
#622=LINE('',#3488,#862);
#623=LINE('',#3489,#863);
#624=LINE('',#3491,#864);
#625=LINE('',#3495,#865);
#626=LINE('',#3497,#866);
#627=LINE('',#3499,#867);
#628=LINE('',#3500,#868);
#629=LINE('',#3504,#869);
#630=LINE('',#3505,#870);
#631=LINE('',#3507,#871);
#632=LINE('',#3508,#872);
#633=LINE('',#3511,#873);
#634=LINE('',#3512,#874);
#635=LINE('',#3514,#875);
#636=LINE('',#3517,#876);
#637=LINE('',#3518,#877);
#638=LINE('',#3520,#878);
#639=LINE('',#3523,#879);
#640=LINE('',#3525,#880);
#641=LINE('',#3527,#881);
#642=LINE('',#3529,#882);
#643=VECTOR('',#2347,69.01657541487);
#644=VECTOR('',#2348,20.5090404618601);
#645=VECTOR('',#2351,14.64616638059);
#646=VECTOR('',#2354,55.50000006585);
#647=VECTOR('',#2357,14.64616637843);
#648=VECTOR('',#2360,20.5090404869201);
#649=VECTOR('',#2361,69.29941812734);
#650=VECTOR('',#2362,20.5090404618601);
#651=VECTOR('',#2365,14.64608957132);
#652=VECTOR('',#2368,55.50000006585);
#653=VECTOR('',#2371,14.92893228163);
#654=VECTOR('',#2374,20.5090404869201);
#655=VECTOR('',#2381,68.76804727744);
#656=VECTOR('',#2382,0.442087727462399);
#657=VECTOR('',#2383,0.442087727462429);
#658=VECTOR('',#2386,68.76804727744);
#659=VECTOR('',#2387,39.4);
#660=VECTOR('',#2388,39.4);
#661=VECTOR('',#2391,0.442087727462299);
#662=VECTOR('',#2392,69.01657541487);
#663=VECTOR('',#2393,0.442087727462369);
#664=VECTOR('',#2396,20.3847763834701);
#665=VECTOR('',#2397,20.5090404618601);
#666=VECTOR('',#2398,0.424264070996107);
#667=VECTOR('',#2401,39.40000002423);
#668=VECTOR('',#2402,20.3847763834701);
#669=VECTOR('',#2405,0.424264070996186);
#670=VECTOR('',#2408,0.424264069202002);
#671=VECTOR('',#2413,14.64616636934);
#672=VECTOR('',#2414,0.424264072491801);
#673=VECTOR('',#2419,0.424264069086301);
#674=VECTOR('',#2422,55.5000000581);
#675=VECTOR('',#2423,0.424264072491801);
#676=VECTOR('',#2428,0.424264069086171);
#677=VECTOR('',#2431,14.64616636743);
#678=VECTOR('',#2432,0.424264070427872);
#679=VECTOR('',#2437,0.424264069632886);
#680=VECTOR('',#2440,20.3847764055801);
#681=VECTOR('',#2441,0.442087727462399);
#682=VECTOR('',#2444,20.3847764055801);
#683=VECTOR('',#2445,39.4);
#684=VECTOR('',#2446,39.40000000977);
#685=VECTOR('',#2449,20.5090404869201);
#686=VECTOR('',#2450,0.442087727462399);
#687=VECTOR('',#2451,0.424264069632907);
#688=VECTOR('',#2454,20.5090404869201);
#689=VECTOR('',#2457,14.92893228163);
#690=VECTOR('',#2460,55.50000006585);
#691=VECTOR('',#2463,14.64608957132);
#692=VECTOR('',#2466,20.5090404618601);
#693=VECTOR('',#2467,69.29941812734);
#694=VECTOR('',#2470,14.64616637843);
#695=VECTOR('',#2473,55.50000006585);
#696=VECTOR('',#2476,14.64616638059);
#697=VECTOR('',#2485,0.424264069202002);
#698=VECTOR('',#2490,0.424264072491801);
#699=VECTOR('',#2491,14.64616636934);
#700=VECTOR('',#2494,39.40000004009);
#701=VECTOR('',#2495,39.4000000052);
#702=VECTOR('',#2500,4.);
#703=VECTOR('',#2501,15.);
#704=VECTOR('',#2502,4.);
#705=VECTOR('',#2503,15.);
#706=VECTOR('',#2508,1.35);
#707=VECTOR('',#2513,1.35);
#708=VECTOR('',#2518,14.64616636743);
#709=VECTOR('',#2519,39.4000000182);
#710=VECTOR('',#2520,39.40000000397);
#711=VECTOR('',#2523,4.);
#712=VECTOR('',#2524,15.);
#713=VECTOR('',#2525,4.);
#714=VECTOR('',#2526,15.);
#715=VECTOR('',#2529,27.37481702853);
#716=VECTOR('',#2530,0.304502793451105);
#717=VECTOR('',#2531,18.8251852580493);
#718=VECTOR('',#2532,27.);
#719=VECTOR('',#2533,18.8251852580493);
#720=VECTOR('',#2534,0.304502793451109);
#721=VECTOR('',#2539,1.35);
#722=VECTOR('',#2542,1.35);
#723=VECTOR('',#2547,18.8251852580493);
#724=VECTOR('',#2548,27.);
#725=VECTOR('',#2549,18.8251852580493);
#726=VECTOR('',#2550,0.304502793451105);
#727=VECTOR('',#2551,27.37481702853);
#728=VECTOR('',#2552,0.30450279345109);
#729=VECTOR('',#2555,46.52);
#730=VECTOR('',#2556,104.);
#731=VECTOR('',#2557,18.8251852580493);
#732=VECTOR('',#2558,46.52);
#733=VECTOR('',#2559,18.8251852580493);
#734=VECTOR('',#2560,104.);
#735=VECTOR('',#2567,47.28837490849);
#736=VECTOR('',#2568,0.283252068129999);
#737=VECTOR('',#2569,0.283252068129999);
#738=VECTOR('',#2572,55.5000000581);
#739=VECTOR('',#2573,39.40000004009);
#740=VECTOR('',#2574,39.40000000397);
#741=VECTOR('',#2575,27.6);
#742=VECTOR('',#2576,47.28837490849);
#743=VECTOR('',#2577,27.6);
#744=VECTOR('',#2580,0.424264072491801);
#745=VECTOR('',#2581,0.424264069086201);
#746=VECTOR('',#2590,0.424264069086201);
#747=VECTOR('',#2597,0.424264070427802);
#748=VECTOR('',#2606,0.283252068129998);
#749=VECTOR('',#2609,0.283252068129987);
#750=VECTOR('',#2610,46.52);
#751=VECTOR('',#2613,104.);
#752=VECTOR('',#2614,18.8251852580493);
#753=VECTOR('',#2615,46.52);
#754=VECTOR('',#2616,18.8251852580493);
#755=VECTOR('',#2617,104.);
#756=VECTOR('',#2624,27.);
#757=VECTOR('',#2627,0.304502793451109);
#758=VECTOR('',#2628,27.37481702853);
#759=VECTOR('',#2629,0.304502793451109);
#760=VECTOR('',#2638,1.35);
#761=VECTOR('',#2643,1.35);
#762=VECTOR('',#2648,14.92893227063);
#763=VECTOR('',#2649,39.4000000182);
#764=VECTOR('',#2650,14.92893227063);
#765=VECTOR('',#2651,39.40000000397);
#766=VECTOR('',#2654,4.);
#767=VECTOR('',#2655,15.);
#768=VECTOR('',#2656,4.);
#769=VECTOR('',#2657,15.);
#770=VECTOR('',#2660,27.37481702853);
#771=VECTOR('',#2661,0.304502793451005);
#772=VECTOR('',#2662,27.);
#773=VECTOR('',#2663,0.304502793451009);
#774=VECTOR('',#2668,1.35);
#775=VECTOR('',#2671,1.35);
#776=VECTOR('',#2676,14.64608956007);
#777=VECTOR('',#2677,39.40000004009);
#778=VECTOR('',#2678,14.64608956007);
#779=VECTOR('',#2679,39.4000000052);
#780=VECTOR('',#2680,4.);
#781=VECTOR('',#2681,15.);
#782=VECTOR('',#2682,4.);
#783=VECTOR('',#2683,15.);
#784=VECTOR('',#2686,0.424264072491801);
#785=VECTOR('',#2687,0.424264069202002);
#786=VECTOR('',#2692,0.424264070996086);
#787=VECTOR('',#2695,20.3847763834701);
#788=VECTOR('',#2696,0.442087727462399);
#789=VECTOR('',#2699,39.40000002423);
#790=VECTOR('',#2700,20.3847763834701);
#791=VECTOR('',#2701,39.4);
#792=VECTOR('',#2704,69.05088998992);
#793=VECTOR('',#2705,69.05088998992);
#794=VECTOR('',#2710,0.442087727462429);
#795=VECTOR('',#2713,0.424264070996216);
#796=VECTOR('',#2716,0.424264069202002);
#797=VECTOR('',#2721,0.424264072491801);
#798=VECTOR('',#2726,0.424264069086201);
#799=VECTOR('',#2729,55.5000000581);
#800=VECTOR('',#2730,0.424264072491772);
#801=VECTOR('',#2735,0.424264069086201);
#802=VECTOR('',#2738,0.424264070427902);
#803=VECTOR('',#2743,0.424264069632886);
#804=VECTOR('',#2746,20.3847764055801);
#805=VECTOR('',#2749,20.3847764055801);
#806=VECTOR('',#2750,39.40000000977);
#807=VECTOR('',#2753,0.424264069632916);
#808=VECTOR('',#2758,0.424264070427902);
#809=VECTOR('',#2761,0.424264069086201);
#810=VECTOR('',#2766,0.424264072491801);
#811=VECTOR('',#2769,55.5000000581);
#812=VECTOR('',#2770,0.424264069086201);
#813=VECTOR('',#2777,39.40000000397);
#814=VECTOR('',#2780,39.40000004009);
#815=VECTOR('',#2781,47.28837490849);
#816=VECTOR('',#2782,27.6);
#817=VECTOR('',#2783,47.28837490849);
#818=VECTOR('',#2784,27.6);
#819=VECTOR('',#2789,0.283252068130021);
#820=VECTOR('',#2790,0.28325206813001);
#821=VECTOR('',#2793,0.283252068129987);
#822=VECTOR('',#2796,0.283252068130109);
#823=VECTOR('',#2805,4.);
#824=VECTOR('',#2806,5.65685424949162);
#825=VECTOR('',#2807,5.65685424949162);
#826=VECTOR('',#2810,0.7499999999999);
#827=VECTOR('',#2811,4.);
#828=VECTOR('',#2812,0.7499999999999);
#829=VECTOR('',#2815,7.);
#830=VECTOR('',#2816,0.7499999999999);
#831=VECTOR('',#2817,5.65685424949162);
#832=VECTOR('',#2820,4.);
#833=VECTOR('',#2821,5.65685424949162);
#834=VECTOR('',#2824,4.);
#835=VECTOR('',#2825,0.7499999999999);
#836=VECTOR('',#2828,7.);
#837=VECTOR('',#2833,7.);
#838=VECTOR('',#2834,4.);
#839=VECTOR('',#2835,7.);
#840=VECTOR('',#2836,4.);
#841=VECTOR('',#2839,0.7499999999999);
#842=VECTOR('',#2840,0.7499999999999);
#843=VECTOR('',#2841,5.65685424949162);
#844=VECTOR('',#2842,5.65685424949162);
#845=VECTOR('',#2845,4.);
#846=VECTOR('',#2846,0.7499999999999);
#847=VECTOR('',#2849,5.65685424949162);
#848=VECTOR('',#2852,5.65685424949162);
#849=VECTOR('',#2853,0.7499999999999);
#850=VECTOR('',#2856,4.);
#851=VECTOR('',#2863,4.);
#852=VECTOR('',#2864,5.65685424949162);
#853=VECTOR('',#2865,5.65685424949162);
#854=VECTOR('',#2868,0.7499999999999);
#855=VECTOR('',#2869,4.);
#856=VECTOR('',#2870,0.7499999999999);
#857=VECTOR('',#2873,7.);
#858=VECTOR('',#2874,0.7499999999999);
#859=VECTOR('',#2875,5.65685424949162);
#860=VECTOR('',#2878,4.);
#861=VECTOR('',#2879,5.65685424949162);
#862=VECTOR('',#2882,4.);
#863=VECTOR('',#2883,0.7499999999999);
#864=VECTOR('',#2886,7.);
#865=VECTOR('',#2889,7.);
#866=VECTOR('',#2890,4.);
#867=VECTOR('',#2891,7.);
#868=VECTOR('',#2892,4.);
#869=VECTOR('',#2897,5.65685424949162);
#870=VECTOR('',#2898,0.7499999999999);
#871=VECTOR('',#2899,0.7499999999999);
#872=VECTOR('',#2900,5.65685424949162);
#873=VECTOR('',#2903,4.);
#874=VECTOR('',#2904,5.65685424949162);
#875=VECTOR('',#2907,0.7499999999999);
#876=VECTOR('',#2910,0.7499999999999);
#877=VECTOR('',#2911,5.65685424949162);
#878=VECTOR('',#2914,4.);
#879=VECTOR('',#2919,1.35);
#880=VECTOR('',#2922,1.35);
#881=VECTOR('',#2925,1.35);
#882=VECTOR('',#2928,1.35);
#883=VERTEX_POINT('',#2935);
#884=VERTEX_POINT('',#2936);
#885=VERTEX_POINT('',#2938);
#886=VERTEX_POINT('',#2940);
#887=VERTEX_POINT('',#2942);
#888=VERTEX_POINT('',#2944);
#889=VERTEX_POINT('',#2946);
#890=VERTEX_POINT('',#2948);
#891=VERTEX_POINT('',#2950);
#892=VERTEX_POINT('',#2952);
#893=VERTEX_POINT('',#2954);
#894=VERTEX_POINT('',#2956);
#895=VERTEX_POINT('',#2958);
#896=VERTEX_POINT('',#2960);
#897=VERTEX_POINT('',#2962);
#898=VERTEX_POINT('',#2964);
#899=VERTEX_POINT('',#2966);
#900=VERTEX_POINT('',#2968);
#901=VERTEX_POINT('',#2970);
#902=VERTEX_POINT('',#2972);
#903=VERTEX_POINT('',#2975);
#904=VERTEX_POINT('',#2977);
#905=VERTEX_POINT('',#2980);
#906=VERTEX_POINT('',#2981);
#907=VERTEX_POINT('',#2986);
#908=VERTEX_POINT('',#2987);
#909=VERTEX_POINT('',#2992);
#910=VERTEX_POINT('',#2994);
#911=VERTEX_POINT('',#2998);
#912=VERTEX_POINT('',#3000);
#913=VERTEX_POINT('',#3004);
#914=VERTEX_POINT('',#3010);
#915=VERTEX_POINT('',#3014);
#916=VERTEX_POINT('',#3018);
#917=VERTEX_POINT('',#3022);
#918=VERTEX_POINT('',#3026);
#919=VERTEX_POINT('',#3030);
#920=VERTEX_POINT('',#3034);
#921=VERTEX_POINT('',#3038);
#922=VERTEX_POINT('',#3042);
#923=VERTEX_POINT('',#3043);
#924=VERTEX_POINT('',#3048);
#925=VERTEX_POINT('',#3049);
#926=VERTEX_POINT('',#3054);
#927=VERTEX_POINT('',#3056);
#928=VERTEX_POINT('',#3058);
#929=VERTEX_POINT('',#3060);
#930=VERTEX_POINT('',#3062);
#931=VERTEX_POINT('',#3064);
#932=VERTEX_POINT('',#3066);
#933=VERTEX_POINT('',#3068);
#934=VERTEX_POINT('',#3070);
#935=VERTEX_POINT('',#3073);
#936=VERTEX_POINT('',#3075);
#937=VERTEX_POINT('',#3077);
#938=VERTEX_POINT('',#3079);
#939=VERTEX_POINT('',#3081);
#940=VERTEX_POINT('',#3083);
#941=VERTEX_POINT('',#3086);
#942=VERTEX_POINT('',#3088);
#943=VERTEX_POINT('',#3091);
#944=VERTEX_POINT('',#3095);
#945=VERTEX_POINT('',#3101);
#946=VERTEX_POINT('',#3103);
#947=VERTEX_POINT('',#3105);
#948=VERTEX_POINT('',#3106);
#949=VERTEX_POINT('',#3108);
#950=VERTEX_POINT('',#3110);
#951=VERTEX_POINT('',#3114);
#952=VERTEX_POINT('',#3116);
#953=VERTEX_POINT('',#3120);
#954=VERTEX_POINT('',#3124);
#955=VERTEX_POINT('',#3125);
#956=VERTEX_POINT('',#3129);
#957=VERTEX_POINT('',#3131);
#958=VERTEX_POINT('',#3132);
#959=VERTEX_POINT('',#3134);
#960=VERTEX_POINT('',#3136);
#961=VERTEX_POINT('',#3140);
#962=VERTEX_POINT('',#3141);
#963=VERTEX_POINT('',#3143);
#964=VERTEX_POINT('',#3145);
#965=VERTEX_POINT('',#3147);
#966=VERTEX_POINT('',#3149);
#967=VERTEX_POINT('',#3152);
#968=VERTEX_POINT('',#3157);
#969=VERTEX_POINT('',#3161);
#970=VERTEX_POINT('',#3162);
#971=VERTEX_POINT('',#3164);
#972=VERTEX_POINT('',#3166);
#973=VERTEX_POINT('',#3168);
#974=VERTEX_POINT('',#3170);
#975=VERTEX_POINT('',#3175);
#976=VERTEX_POINT('',#3177);
#977=VERTEX_POINT('',#3179);
#978=VERTEX_POINT('',#3181);
#979=VERTEX_POINT('',#3184);
#980=VERTEX_POINT('',#3186);
#981=VERTEX_POINT('',#3189);
#982=VERTEX_POINT('',#3190);
#983=VERTEX_POINT('',#3195);
#984=VERTEX_POINT('',#3196);
#985=VERTEX_POINT('',#3200);
#986=VERTEX_POINT('',#3202);
#987=VERTEX_POINT('',#3226);
#988=VERTEX_POINT('',#3228);
#989=VERTEX_POINT('',#3230);
#990=VERTEX_POINT('',#3232);
#991=VERTEX_POINT('',#3235);
#992=VERTEX_POINT('',#3237);
#993=VERTEX_POINT('',#3242);
#994=VERTEX_POINT('',#3244);
#995=VERTEX_POINT('',#3247);
#996=VERTEX_POINT('',#3249);
#997=VERTEX_POINT('',#3252);
#998=VERTEX_POINT('',#3254);
#999=VERTEX_POINT('',#3258);
#1000=VERTEX_POINT('',#3262);
#1001=VERTEX_POINT('',#3263);
#1002=VERTEX_POINT('',#3265);
#1003=VERTEX_POINT('',#3267);
#1004=VERTEX_POINT('',#3270);
#1005=VERTEX_POINT('',#3272);
#1006=VERTEX_POINT('',#3273);
#1007=VERTEX_POINT('',#3275);
#1008=VERTEX_POINT('',#3277);
#1009=VERTEX_POINT('',#3281);
#1010=VERTEX_POINT('',#3282);
#1011=VERTEX_POINT('',#3287);
#1012=VERTEX_POINT('',#3292);
#1013=VERTEX_POINT('',#3296);
#1014=VERTEX_POINT('',#3297);
#1015=VERTEX_POINT('',#3299);
#1016=VERTEX_POINT('',#3301);
#1017=VERTEX_POINT('',#3304);
#1018=VERTEX_POINT('',#3305);
#1019=VERTEX_POINT('',#3307);
#1020=VERTEX_POINT('',#3309);
#1021=VERTEX_POINT('',#3316);
#1022=VERTEX_POINT('',#3320);
#1023=VERTEX_POINT('',#3324);
#1024=VERTEX_POINT('',#3326);
#1025=VERTEX_POINT('',#3343);
#1026=VERTEX_POINT('',#3347);
#1027=VERTEX_POINT('',#3356);
#1028=VERTEX_POINT('',#3362);
#1029=VERTEX_POINT('',#3373);
#1030=VERTEX_POINT('',#3377);
#1031=VERTEX_POINT('',#3386);
#1032=VERTEX_POINT('',#3387);
#1033=VERTEX_POINT('',#3389);
#1034=VERTEX_POINT('',#3391);
#1035=VERTEX_POINT('',#3406);
#1036=VERTEX_POINT('',#3407);
#1037=VERTEX_POINT('',#3412);
#1038=VERTEX_POINT('',#3414);
#1039=VERTEX_POINT('',#3418);
#1040=VERTEX_POINT('',#3420);
#1041=VERTEX_POINT('',#3424);
#1042=VERTEX_POINT('',#3428);
#1043=VERTEX_POINT('',#3435);
#1044=VERTEX_POINT('',#3436);
#1045=VERTEX_POINT('',#3438);
#1046=VERTEX_POINT('',#3440);
#1047=VERTEX_POINT('',#3444);
#1048=VERTEX_POINT('',#3446);
#1049=VERTEX_POINT('',#3451);
#1050=VERTEX_POINT('',#3457);
#1051=VERTEX_POINT('',#3465);
#1052=VERTEX_POINT('',#3466);
#1053=VERTEX_POINT('',#3471);
#1054=VERTEX_POINT('',#3473);
#1055=VERTEX_POINT('',#3477);
#1056=VERTEX_POINT('',#3479);
#1057=VERTEX_POINT('',#3483);
#1058=VERTEX_POINT('',#3487);
#1059=VERTEX_POINT('',#3493);
#1060=VERTEX_POINT('',#3494);
#1061=VERTEX_POINT('',#3496);
#1062=VERTEX_POINT('',#3498);
#1063=VERTEX_POINT('',#3503);
#1064=VERTEX_POINT('',#3506);
#1065=VERTEX_POINT('',#3510);
#1066=VERTEX_POINT('',#3516);
#1067=EDGE_CURVE('',#883,#884,#403,.T.);
#1068=EDGE_CURVE('',#884,#885,#404,.T.);
#1069=EDGE_CURVE('',#885,#886,#355,.T.);
#1070=EDGE_CURVE('',#886,#887,#405,.T.);
#1071=EDGE_CURVE('',#887,#888,#356,.T.);
#1072=EDGE_CURVE('',#888,#889,#406,.T.);
#1073=EDGE_CURVE('',#889,#890,#357,.T.);
#1074=EDGE_CURVE('',#890,#891,#407,.T.);
#1075=EDGE_CURVE('',#891,#892,#358,.T.);
#1076=EDGE_CURVE('',#892,#893,#408,.T.);
#1077=EDGE_CURVE('',#893,#894,#409,.T.);
#1078=EDGE_CURVE('',#894,#895,#410,.T.);
#1079=EDGE_CURVE('',#895,#896,#359,.T.);
#1080=EDGE_CURVE('',#896,#897,#411,.T.);
#1081=EDGE_CURVE('',#897,#898,#360,.T.);
#1082=EDGE_CURVE('',#898,#899,#412,.T.);
#1083=EDGE_CURVE('',#899,#900,#361,.T.);
#1084=EDGE_CURVE('',#900,#901,#413,.T.);
#1085=EDGE_CURVE('',#901,#902,#362,.T.);
#1086=EDGE_CURVE('',#902,#883,#414,.T.);
#1087=EDGE_CURVE('',#903,#903,#363,.T.);
#1088=EDGE_CURVE('',#904,#904,#364,.T.);
#1089=EDGE_CURVE('',#905,#906,#415,.T.);
#1090=EDGE_CURVE('',#884,#906,#416,.T.);
#1091=EDGE_CURVE('',#883,#905,#417,.T.);
#1092=EDGE_CURVE('',#907,#908,#418,.T.);
#1093=EDGE_CURVE('',#906,#907,#419,.T.);
#1094=EDGE_CURVE('',#905,#908,#420,.T.);
#1095=EDGE_CURVE('',#909,#908,#421,.T.);
#1096=EDGE_CURVE('',#910,#909,#422,.T.);
#1097=EDGE_CURVE('',#907,#910,#423,.T.);
#1098=EDGE_CURVE('',#911,#907,#424,.T.);
#1099=EDGE_CURVE('',#912,#910,#425,.T.);
#1100=EDGE_CURVE('',#912,#911,#426,.T.);
#1101=EDGE_CURVE('',#911,#913,#427,.T.);
#1102=EDGE_CURVE('',#906,#913,#428,.T.);
#1103=EDGE_CURVE('',#885,#913,#429,.T.);
#1104=EDGE_CURVE('',#886,#914,#430,.T.);
#1105=EDGE_CURVE('',#913,#914,#365,.T.);
#1106=EDGE_CURVE('',#914,#915,#431,.T.);
#1107=EDGE_CURVE('',#887,#915,#432,.T.);
#1108=EDGE_CURVE('',#915,#916,#366,.T.);
#1109=EDGE_CURVE('',#888,#916,#433,.T.);
#1110=EDGE_CURVE('',#916,#917,#434,.T.);
#1111=EDGE_CURVE('',#889,#917,#435,.T.);
#1112=EDGE_CURVE('',#917,#918,#367,.T.);
#1113=EDGE_CURVE('',#890,#918,#436,.T.);
#1114=EDGE_CURVE('',#918,#919,#437,.T.);
#1115=EDGE_CURVE('',#891,#919,#438,.T.);
#1116=EDGE_CURVE('',#919,#920,#368,.T.);
#1117=EDGE_CURVE('',#892,#920,#439,.T.);
#1118=EDGE_CURVE('',#920,#921,#440,.T.);
#1119=EDGE_CURVE('',#921,#893,#441,.T.);
#1120=EDGE_CURVE('',#922,#923,#442,.T.);
#1121=EDGE_CURVE('',#921,#922,#443,.T.);
#1122=EDGE_CURVE('',#923,#920,#444,.T.);
#1123=EDGE_CURVE('',#924,#925,#445,.T.);
#1124=EDGE_CURVE('',#924,#922,#446,.T.);
#1125=EDGE_CURVE('',#925,#923,#447,.T.);
#1126=EDGE_CURVE('',#909,#926,#448,.T.);
#1127=EDGE_CURVE('',#926,#927,#369,.T.);
#1128=EDGE_CURVE('',#927,#928,#449,.T.);
#1129=EDGE_CURVE('',#928,#929,#370,.T.);
#1130=EDGE_CURVE('',#929,#930,#450,.T.);
#1131=EDGE_CURVE('',#930,#931,#371,.T.);
#1132=EDGE_CURVE('',#931,#932,#451,.T.);
#1133=EDGE_CURVE('',#932,#933,#372,.T.);
#1134=EDGE_CURVE('',#933,#934,#452,.T.);
#1135=EDGE_CURVE('',#934,#924,#453,.T.);
#1136=EDGE_CURVE('',#925,#935,#373,.T.);
#1137=EDGE_CURVE('',#935,#936,#454,.T.);
#1138=EDGE_CURVE('',#936,#937,#374,.T.);
#1139=EDGE_CURVE('',#937,#938,#455,.T.);
#1140=EDGE_CURVE('',#938,#939,#375,.T.);
#1141=EDGE_CURVE('',#939,#940,#456,.T.);
#1142=EDGE_CURVE('',#940,#912,#376,.T.);
#1143=EDGE_CURVE('',#941,#941,#377,.T.);
#1144=EDGE_CURVE('',#942,#942,#378,.T.);
#1145=EDGE_CURVE('',#940,#943,#457,.T.);
#1146=EDGE_CURVE('',#943,#911,#379,.T.);
#1147=EDGE_CURVE('',#939,#944,#458,.T.);
#1148=EDGE_CURVE('',#944,#943,#459,.T.);
#1149=EDGE_CURVE('',#944,#915,#460,.T.);
#1150=EDGE_CURVE('',#943,#914,#461,.T.);
#1151=EDGE_CURVE('',#945,#945,#380,.T.);
#1152=EDGE_CURVE('',#946,#946,#381,.T.);
#1153=EDGE_CURVE('',#947,#948,#462,.T.);
#1154=EDGE_CURVE('',#948,#949,#463,.T.);
#1155=EDGE_CURVE('',#949,#950,#464,.T.);
#1156=EDGE_CURVE('',#950,#947,#465,.T.);
#1157=EDGE_CURVE('',#951,#951,#15,.T.);
#1158=EDGE_CURVE('',#951,#952,#466,.T.);
#1159=EDGE_CURVE('',#952,#952,#382,.T.);
#1160=EDGE_CURVE('',#946,#953,#467,.T.);
#1161=EDGE_CURVE('',#953,#953,#16,.T.);
#1162=EDGE_CURVE('',#954,#955,#468,.T.);
#1163=EDGE_CURVE('',#954,#919,#469,.T.);
#1164=EDGE_CURVE('',#955,#918,#470,.T.);
#1165=EDGE_CURVE('',#956,#956,#383,.T.);
#1166=EDGE_CURVE('',#957,#958,#471,.T.);
#1167=EDGE_CURVE('',#958,#959,#472,.T.);
#1168=EDGE_CURVE('',#959,#960,#473,.T.);
#1169=EDGE_CURVE('',#960,#957,#474,.T.);
#1170=EDGE_CURVE('',#961,#962,#475,.T.);
#1171=EDGE_CURVE('',#961,#963,#476,.T.);
#1172=EDGE_CURVE('',#964,#963,#477,.T.);
#1173=EDGE_CURVE('',#964,#965,#478,.T.);
#1174=EDGE_CURVE('',#966,#965,#479,.T.);
#1175=EDGE_CURVE('',#966,#962,#480,.T.);
#1176=EDGE_CURVE('',#967,#967,#17,.T.);
#1177=EDGE_CURVE('',#967,#956,#481,.T.);
#1178=EDGE_CURVE('',#945,#968,#482,.T.);
#1179=EDGE_CURVE('',#968,#968,#18,.T.);
#1180=EDGE_CURVE('',#969,#970,#483,.T.);
#1181=EDGE_CURVE('',#969,#971,#484,.T.);
#1182=EDGE_CURVE('',#972,#971,#485,.T.);
#1183=EDGE_CURVE('',#972,#973,#486,.T.);
#1184=EDGE_CURVE('',#974,#973,#487,.T.);
#1185=EDGE_CURVE('',#974,#970,#488,.T.);
#1186=EDGE_CURVE('',#970,#966,#489,.T.);
#1187=EDGE_CURVE('',#965,#975,#490,.T.);
#1188=EDGE_CURVE('',#975,#976,#491,.T.);
#1189=EDGE_CURVE('',#976,#977,#492,.T.);
#1190=EDGE_CURVE('',#977,#978,#493,.T.);
#1191=EDGE_CURVE('',#969,#978,#494,.T.);
#1192=EDGE_CURVE('',#979,#979,#384,.T.);
#1193=EDGE_CURVE('',#980,#980,#385,.T.);
#1194=EDGE_CURVE('',#981,#982,#495,.T.);
#1195=EDGE_CURVE('',#962,#982,#496,.T.);
#1196=EDGE_CURVE('',#974,#981,#497,.T.);
#1197=EDGE_CURVE('',#983,#984,#498,.T.);
#1198=EDGE_CURVE('',#983,#917,#499,.T.);
#1199=EDGE_CURVE('',#984,#916,#500,.T.);
#1200=EDGE_CURVE('',#981,#985,#501,.T.);
#1201=EDGE_CURVE('',#986,#985,#502,.T.);
#1202=EDGE_CURVE('',#986,#982,#503,.T.);
#1203=EDGE_CURVE('',#937,#983,#504,.T.);
#1204=EDGE_CURVE('',#938,#984,#505,.T.);
#1205=EDGE_CURVE('',#984,#944,#386,.T.);
#1206=EDGE_CURVE('',#936,#955,#506,.T.);
#1207=EDGE_CURVE('',#955,#983,#387,.T.);
#1208=EDGE_CURVE('',#935,#954,#507,.T.);
#1209=EDGE_CURVE('',#923,#954,#388,.T.);
#1210=EDGE_CURVE('',#961,#986,#508,.T.);
#1211=EDGE_CURVE('',#973,#985,#509,.T.);
#1212=EDGE_CURVE('',#963,#972,#510,.T.);
#1213=EDGE_CURVE('',#971,#987,#511,.T.);
#1214=EDGE_CURVE('',#987,#988,#512,.T.);
#1215=EDGE_CURVE('',#988,#989,#513,.T.);
#1216=EDGE_CURVE('',#989,#990,#514,.T.);
#1217=EDGE_CURVE('',#964,#990,#515,.T.);
#1218=EDGE_CURVE('',#991,#991,#389,.T.);
#1219=EDGE_CURVE('',#992,#992,#390,.T.);
#1220=EDGE_CURVE('',#975,#990,#516,.T.);
#1221=EDGE_CURVE('',#989,#993,#517,.T.);
#1222=EDGE_CURVE('',#994,#993,#518,.T.);
#1223=EDGE_CURVE('',#994,#976,#519,.T.);
#1224=EDGE_CURVE('',#995,#995,#19,.T.);
#1225=EDGE_CURVE('',#996,#996,#20,.T.);
#1226=EDGE_CURVE('',#997,#997,#391,.T.);
#1227=EDGE_CURVE('',#997,#998,#520,.T.);
#1228=EDGE_CURVE('',#998,#998,#21,.T.);
#1229=EDGE_CURVE('',#996,#999,#521,.T.);
#1230=EDGE_CURVE('',#999,#999,#392,.T.);
#1231=EDGE_CURVE('',#1000,#1001,#522,.T.);
#1232=EDGE_CURVE('',#1000,#1002,#523,.T.);
#1233=EDGE_CURVE('',#1003,#1002,#524,.T.);
#1234=EDGE_CURVE('',#1001,#1003,#525,.T.);
#1235=EDGE_CURVE('',#1004,#1004,#393,.T.);
#1236=EDGE_CURVE('',#1005,#1006,#526,.T.);
#1237=EDGE_CURVE('',#1006,#1007,#527,.T.);
#1238=EDGE_CURVE('',#1007,#1008,#528,.T.);
#1239=EDGE_CURVE('',#1008,#1005,#529,.T.);
#1240=EDGE_CURVE('',#1009,#1010,#530,.T.);
#1241=EDGE_CURVE('',#1009,#988,#531,.T.);
#1242=EDGE_CURVE('',#987,#978,#532,.T.);
#1243=EDGE_CURVE('',#977,#1010,#533,.T.);
#1244=EDGE_CURVE('',#1011,#1011,#22,.T.);
#1245=EDGE_CURVE('',#1004,#1011,#534,.T.);
#1246=EDGE_CURVE('',#995,#1012,#535,.T.);
#1247=EDGE_CURVE('',#1012,#1012,#394,.T.);
#1248=EDGE_CURVE('',#1013,#1014,#536,.T.);
#1249=EDGE_CURVE('',#1013,#1015,#537,.T.);
#1250=EDGE_CURVE('',#1016,#1015,#538,.T.);
#1251=EDGE_CURVE('',#1014,#1016,#539,.T.);
#1252=EDGE_CURVE('',#1017,#1018,#540,.T.);
#1253=EDGE_CURVE('',#1018,#1019,#541,.T.);
#1254=EDGE_CURVE('',#1019,#1020,#542,.T.);
#1255=EDGE_CURVE('',#1020,#1017,#543,.T.);
#1256=EDGE_CURVE('',#931,#1013,#544,.T.);
#1257=EDGE_CURVE('',#932,#1014,#545,.T.);
#1258=EDGE_CURVE('',#1014,#1021,#395,.T.);
#1259=EDGE_CURVE('',#933,#1021,#546,.T.);
#1260=EDGE_CURVE('',#1021,#1022,#547,.T.);
#1261=EDGE_CURVE('',#1022,#934,#548,.T.);
#1262=EDGE_CURVE('',#1021,#1023,#549,.T.);
#1263=EDGE_CURVE('',#1024,#1023,#550,.T.);
#1264=EDGE_CURVE('',#1024,#1022,#551,.T.);
#1265=EDGE_CURVE('',#1022,#922,#552,.T.);
#1266=EDGE_CURVE('',#921,#1024,#553,.T.);
#1267=EDGE_CURVE('',#894,#1024,#554,.T.);
#1268=EDGE_CURVE('',#895,#1023,#555,.T.);
#1269=EDGE_CURVE('',#896,#1016,#556,.T.);
#1270=EDGE_CURVE('',#1023,#1016,#396,.T.);
#1271=EDGE_CURVE('',#897,#1015,#557,.T.);
#1272=EDGE_CURVE('',#1015,#1025,#397,.T.);
#1273=EDGE_CURVE('',#898,#1025,#558,.T.);
#1274=EDGE_CURVE('',#1025,#1026,#559,.T.);
#1275=EDGE_CURVE('',#899,#1026,#560,.T.);
#1276=EDGE_CURVE('',#1026,#1003,#398,.T.);
#1277=EDGE_CURVE('',#900,#1003,#561,.T.);
#1278=EDGE_CURVE('',#901,#1002,#562,.T.);
#1279=EDGE_CURVE('',#1002,#1027,#399,.T.);
#1280=EDGE_CURVE('',#902,#1027,#563,.T.);
#1281=EDGE_CURVE('',#1027,#905,#564,.T.);
#1282=EDGE_CURVE('',#908,#1028,#565,.T.);
#1283=EDGE_CURVE('',#1028,#1027,#566,.T.);
#1284=EDGE_CURVE('',#926,#1028,#567,.T.);
#1285=EDGE_CURVE('',#1028,#1000,#400,.T.);
#1286=EDGE_CURVE('',#927,#1000,#568,.T.);
#1287=EDGE_CURVE('',#928,#1001,#569,.T.);
#1288=EDGE_CURVE('',#1001,#1029,#401,.T.);
#1289=EDGE_CURVE('',#929,#1029,#570,.T.);
#1290=EDGE_CURVE('',#1029,#1030,#571,.T.);
#1291=EDGE_CURVE('',#930,#1030,#572,.T.);
#1292=EDGE_CURVE('',#1030,#1013,#402,.T.);
#1293=EDGE_CURVE('',#1030,#1025,#573,.T.);
#1294=EDGE_CURVE('',#1029,#1026,#574,.T.);
#1295=EDGE_CURVE('',#1031,#1032,#575,.T.);
#1296=EDGE_CURVE('',#1031,#1033,#576,.T.);
#1297=EDGE_CURVE('',#1034,#1033,#577,.T.);
#1298=EDGE_CURVE('',#1034,#1032,#578,.T.);
#1299=EDGE_CURVE('',#1010,#1032,#579,.T.);
#1300=EDGE_CURVE('',#994,#1031,#580,.T.);
#1301=EDGE_CURVE('',#993,#1033,#581,.T.);
#1302=EDGE_CURVE('',#1009,#1034,#582,.T.);
#1303=EDGE_CURVE('',#1035,#1036,#583,.T.);
#1304=EDGE_CURVE('',#1018,#1036,#584,.T.);
#1305=EDGE_CURVE('',#1035,#1017,#585,.T.);
#1306=EDGE_CURVE('',#1037,#1035,#586,.T.);
#1307=EDGE_CURVE('',#1038,#1037,#587,.T.);
#1308=EDGE_CURVE('',#1038,#1036,#588,.T.);
#1309=EDGE_CURVE('',#1039,#1038,#589,.T.);
#1310=EDGE_CURVE('',#1039,#1040,#590,.T.);
#1311=EDGE_CURVE('',#1040,#1019,#591,.T.);
#1312=EDGE_CURVE('',#1040,#1041,#592,.T.);
#1313=EDGE_CURVE('',#1020,#1041,#593,.T.);
#1314=EDGE_CURVE('',#1042,#1039,#594,.T.);
#1315=EDGE_CURVE('',#1042,#1041,#595,.T.);
#1316=EDGE_CURVE('',#1037,#1042,#596,.T.);
#1317=EDGE_CURVE('',#1043,#1044,#597,.T.);
#1318=EDGE_CURVE('',#1044,#1045,#598,.T.);
#1319=EDGE_CURVE('',#1045,#1046,#599,.T.);
#1320=EDGE_CURVE('',#1046,#1043,#600,.T.);
#1321=EDGE_CURVE('',#1044,#1047,#601,.T.);
#1322=EDGE_CURVE('',#1043,#1048,#602,.T.);
#1323=EDGE_CURVE('',#1048,#957,#603,.T.);
#1324=EDGE_CURVE('',#960,#1047,#604,.T.);
#1325=EDGE_CURVE('',#1049,#1047,#605,.T.);
#1326=EDGE_CURVE('',#1045,#1049,#606,.T.);
#1327=EDGE_CURVE('',#1049,#959,#607,.T.);
#1328=EDGE_CURVE('',#958,#1050,#608,.T.);
#1329=EDGE_CURVE('',#1046,#1050,#609,.T.);
#1330=EDGE_CURVE('',#1048,#1050,#610,.T.);
#1331=EDGE_CURVE('',#1051,#1052,#611,.T.);
#1332=EDGE_CURVE('',#1006,#1052,#612,.T.);
#1333=EDGE_CURVE('',#1051,#1005,#613,.T.);
#1334=EDGE_CURVE('',#1053,#1051,#614,.T.);
#1335=EDGE_CURVE('',#1053,#1054,#615,.T.);
#1336=EDGE_CURVE('',#1054,#1052,#616,.T.);
#1337=EDGE_CURVE('',#1054,#1055,#617,.T.);
#1338=EDGE_CURVE('',#1055,#1056,#618,.T.);
#1339=EDGE_CURVE('',#1056,#1007,#619,.T.);
#1340=EDGE_CURVE('',#1056,#1057,#620,.T.);
#1341=EDGE_CURVE('',#1008,#1057,#621,.T.);
#1342=EDGE_CURVE('',#1055,#1058,#622,.T.);
#1343=EDGE_CURVE('',#1058,#1057,#623,.T.);
#1344=EDGE_CURVE('',#1058,#1053,#624,.T.);
#1345=EDGE_CURVE('',#1059,#1060,#625,.T.);
#1346=EDGE_CURVE('',#1061,#1059,#626,.T.);
#1347=EDGE_CURVE('',#1062,#1061,#627,.T.);
#1348=EDGE_CURVE('',#1060,#1062,#628,.T.);
#1349=EDGE_CURVE('',#948,#1063,#629,.T.);
#1350=EDGE_CURVE('',#1059,#1063,#630,.T.);
#1351=EDGE_CURVE('',#1060,#1064,#631,.T.);
#1352=EDGE_CURVE('',#1064,#949,#632,.T.);
#1353=EDGE_CURVE('',#1064,#1065,#633,.T.);
#1354=EDGE_CURVE('',#950,#1065,#634,.T.);
#1355=EDGE_CURVE('',#1062,#1065,#635,.T.);
#1356=EDGE_CURVE('',#1061,#1066,#636,.T.);
#1357=EDGE_CURVE('',#1066,#947,#637,.T.);
#1358=EDGE_CURVE('',#1066,#1063,#638,.T.);
#1359=EDGE_CURVE('',#991,#903,#639,.T.);
#1360=EDGE_CURVE('',#941,#979,#640,.T.);
#1361=EDGE_CURVE('',#992,#904,#641,.T.);
#1362=EDGE_CURVE('',#942,#980,#642,.T.);
#1363=ORIENTED_EDGE('',*,*,#1067,.T.);
#1364=ORIENTED_EDGE('',*,*,#1068,.T.);
#1365=ORIENTED_EDGE('',*,*,#1069,.T.);
#1366=ORIENTED_EDGE('',*,*,#1070,.T.);
#1367=ORIENTED_EDGE('',*,*,#1071,.T.);
#1368=ORIENTED_EDGE('',*,*,#1072,.T.);
#1369=ORIENTED_EDGE('',*,*,#1073,.T.);
#1370=ORIENTED_EDGE('',*,*,#1074,.T.);
#1371=ORIENTED_EDGE('',*,*,#1075,.T.);
#1372=ORIENTED_EDGE('',*,*,#1076,.T.);
#1373=ORIENTED_EDGE('',*,*,#1077,.T.);
#1374=ORIENTED_EDGE('',*,*,#1078,.T.);
#1375=ORIENTED_EDGE('',*,*,#1079,.T.);
#1376=ORIENTED_EDGE('',*,*,#1080,.T.);
#1377=ORIENTED_EDGE('',*,*,#1081,.T.);
#1378=ORIENTED_EDGE('',*,*,#1082,.T.);
#1379=ORIENTED_EDGE('',*,*,#1083,.T.);
#1380=ORIENTED_EDGE('',*,*,#1084,.T.);
#1381=ORIENTED_EDGE('',*,*,#1085,.T.);
#1382=ORIENTED_EDGE('',*,*,#1086,.T.);
#1383=ORIENTED_EDGE('',*,*,#1087,.F.);
#1384=ORIENTED_EDGE('',*,*,#1088,.F.);
#1385=ORIENTED_EDGE('',*,*,#1089,.T.);
#1386=ORIENTED_EDGE('',*,*,#1090,.F.);
#1387=ORIENTED_EDGE('',*,*,#1067,.F.);
#1388=ORIENTED_EDGE('',*,*,#1091,.T.);
#1389=ORIENTED_EDGE('',*,*,#1092,.F.);
#1390=ORIENTED_EDGE('',*,*,#1093,.F.);
#1391=ORIENTED_EDGE('',*,*,#1089,.F.);
#1392=ORIENTED_EDGE('',*,*,#1094,.T.);
#1393=ORIENTED_EDGE('',*,*,#1092,.T.);
#1394=ORIENTED_EDGE('',*,*,#1095,.F.);
#1395=ORIENTED_EDGE('',*,*,#1096,.F.);
#1396=ORIENTED_EDGE('',*,*,#1097,.F.);
#1397=ORIENTED_EDGE('',*,*,#1098,.T.);
#1398=ORIENTED_EDGE('',*,*,#1097,.T.);
#1399=ORIENTED_EDGE('',*,*,#1099,.F.);
#1400=ORIENTED_EDGE('',*,*,#1100,.T.);
#1401=ORIENTED_EDGE('',*,*,#1098,.F.);
#1402=ORIENTED_EDGE('',*,*,#1101,.T.);
#1403=ORIENTED_EDGE('',*,*,#1102,.F.);
#1404=ORIENTED_EDGE('',*,*,#1093,.T.);
#1405=ORIENTED_EDGE('',*,*,#1068,.F.);
#1406=ORIENTED_EDGE('',*,*,#1090,.T.);
#1407=ORIENTED_EDGE('',*,*,#1102,.T.);
#1408=ORIENTED_EDGE('',*,*,#1103,.F.);
#1409=ORIENTED_EDGE('',*,*,#1104,.F.);
#1410=ORIENTED_EDGE('',*,*,#1069,.F.);
#1411=ORIENTED_EDGE('',*,*,#1103,.T.);
#1412=ORIENTED_EDGE('',*,*,#1105,.T.);
#1413=ORIENTED_EDGE('',*,*,#1070,.F.);
#1414=ORIENTED_EDGE('',*,*,#1104,.T.);
#1415=ORIENTED_EDGE('',*,*,#1106,.T.);
#1416=ORIENTED_EDGE('',*,*,#1107,.F.);
#1417=ORIENTED_EDGE('',*,*,#1071,.F.);
#1418=ORIENTED_EDGE('',*,*,#1107,.T.);
#1419=ORIENTED_EDGE('',*,*,#1108,.T.);
#1420=ORIENTED_EDGE('',*,*,#1109,.F.);
#1421=ORIENTED_EDGE('',*,*,#1072,.F.);
#1422=ORIENTED_EDGE('',*,*,#1109,.T.);
#1423=ORIENTED_EDGE('',*,*,#1110,.T.);
#1424=ORIENTED_EDGE('',*,*,#1111,.F.);
#1425=ORIENTED_EDGE('',*,*,#1073,.F.);
#1426=ORIENTED_EDGE('',*,*,#1111,.T.);
#1427=ORIENTED_EDGE('',*,*,#1112,.T.);
#1428=ORIENTED_EDGE('',*,*,#1113,.F.);
#1429=ORIENTED_EDGE('',*,*,#1074,.F.);
#1430=ORIENTED_EDGE('',*,*,#1113,.T.);
#1431=ORIENTED_EDGE('',*,*,#1114,.T.);
#1432=ORIENTED_EDGE('',*,*,#1115,.F.);
#1433=ORIENTED_EDGE('',*,*,#1075,.F.);
#1434=ORIENTED_EDGE('',*,*,#1115,.T.);
#1435=ORIENTED_EDGE('',*,*,#1116,.T.);
#1436=ORIENTED_EDGE('',*,*,#1117,.F.);
#1437=ORIENTED_EDGE('',*,*,#1118,.T.);
#1438=ORIENTED_EDGE('',*,*,#1119,.T.);
#1439=ORIENTED_EDGE('',*,*,#1076,.F.);
#1440=ORIENTED_EDGE('',*,*,#1117,.T.);
#1441=ORIENTED_EDGE('',*,*,#1120,.F.);
#1442=ORIENTED_EDGE('',*,*,#1121,.F.);
#1443=ORIENTED_EDGE('',*,*,#1118,.F.);
#1444=ORIENTED_EDGE('',*,*,#1122,.F.);
#1445=ORIENTED_EDGE('',*,*,#1123,.F.);
#1446=ORIENTED_EDGE('',*,*,#1124,.T.);
#1447=ORIENTED_EDGE('',*,*,#1120,.T.);
#1448=ORIENTED_EDGE('',*,*,#1125,.F.);
#1449=ORIENTED_EDGE('',*,*,#1096,.T.);
#1450=ORIENTED_EDGE('',*,*,#1126,.T.);
#1451=ORIENTED_EDGE('',*,*,#1127,.T.);
#1452=ORIENTED_EDGE('',*,*,#1128,.T.);
#1453=ORIENTED_EDGE('',*,*,#1129,.T.);
#1454=ORIENTED_EDGE('',*,*,#1130,.T.);
#1455=ORIENTED_EDGE('',*,*,#1131,.T.);
#1456=ORIENTED_EDGE('',*,*,#1132,.T.);
#1457=ORIENTED_EDGE('',*,*,#1133,.T.);
#1458=ORIENTED_EDGE('',*,*,#1134,.T.);
#1459=ORIENTED_EDGE('',*,*,#1135,.T.);
#1460=ORIENTED_EDGE('',*,*,#1123,.T.);
#1461=ORIENTED_EDGE('',*,*,#1136,.T.);
#1462=ORIENTED_EDGE('',*,*,#1137,.T.);
#1463=ORIENTED_EDGE('',*,*,#1138,.T.);
#1464=ORIENTED_EDGE('',*,*,#1139,.T.);
#1465=ORIENTED_EDGE('',*,*,#1140,.T.);
#1466=ORIENTED_EDGE('',*,*,#1141,.T.);
#1467=ORIENTED_EDGE('',*,*,#1142,.T.);
#1468=ORIENTED_EDGE('',*,*,#1099,.T.);
#1469=ORIENTED_EDGE('',*,*,#1143,.T.);
#1470=ORIENTED_EDGE('',*,*,#1144,.T.);
#1471=ORIENTED_EDGE('',*,*,#1145,.T.);
#1472=ORIENTED_EDGE('',*,*,#1146,.T.);
#1473=ORIENTED_EDGE('',*,*,#1100,.F.);
#1474=ORIENTED_EDGE('',*,*,#1142,.F.);
#1475=ORIENTED_EDGE('',*,*,#1141,.F.);
#1476=ORIENTED_EDGE('',*,*,#1147,.T.);
#1477=ORIENTED_EDGE('',*,*,#1148,.T.);
#1478=ORIENTED_EDGE('',*,*,#1145,.F.);
#1479=ORIENTED_EDGE('',*,*,#1148,.F.);
#1480=ORIENTED_EDGE('',*,*,#1149,.T.);
#1481=ORIENTED_EDGE('',*,*,#1106,.F.);
#1482=ORIENTED_EDGE('',*,*,#1150,.F.);
#1483=ORIENTED_EDGE('',*,*,#1151,.T.);
#1484=ORIENTED_EDGE('',*,*,#1152,.T.);
#1485=ORIENTED_EDGE('',*,*,#1153,.T.);
#1486=ORIENTED_EDGE('',*,*,#1154,.T.);
#1487=ORIENTED_EDGE('',*,*,#1155,.T.);
#1488=ORIENTED_EDGE('',*,*,#1156,.T.);
#1489=ORIENTED_EDGE('',*,*,#1157,.F.);
#1490=ORIENTED_EDGE('',*,*,#1158,.T.);
#1491=ORIENTED_EDGE('',*,*,#1159,.T.);
#1492=ORIENTED_EDGE('',*,*,#1158,.F.);
#1493=ORIENTED_EDGE('',*,*,#1152,.F.);
#1494=ORIENTED_EDGE('',*,*,#1160,.T.);
#1495=ORIENTED_EDGE('',*,*,#1161,.T.);
#1496=ORIENTED_EDGE('',*,*,#1160,.F.);
#1497=ORIENTED_EDGE('',*,*,#1162,.F.);
#1498=ORIENTED_EDGE('',*,*,#1163,.T.);
#1499=ORIENTED_EDGE('',*,*,#1114,.F.);
#1500=ORIENTED_EDGE('',*,*,#1164,.F.);
#1501=ORIENTED_EDGE('',*,*,#1165,.F.);
#1502=ORIENTED_EDGE('',*,*,#1159,.F.);
#1503=ORIENTED_EDGE('',*,*,#1166,.T.);
#1504=ORIENTED_EDGE('',*,*,#1167,.T.);
#1505=ORIENTED_EDGE('',*,*,#1168,.T.);
#1506=ORIENTED_EDGE('',*,*,#1169,.T.);
#1507=ORIENTED_EDGE('',*,*,#1170,.F.);
#1508=ORIENTED_EDGE('',*,*,#1171,.T.);
#1509=ORIENTED_EDGE('',*,*,#1172,.F.);
#1510=ORIENTED_EDGE('',*,*,#1173,.T.);
#1511=ORIENTED_EDGE('',*,*,#1174,.F.);
#1512=ORIENTED_EDGE('',*,*,#1175,.T.);
#1513=ORIENTED_EDGE('',*,*,#1176,.T.);
#1514=ORIENTED_EDGE('',*,*,#1157,.T.);
#1515=ORIENTED_EDGE('',*,*,#1176,.F.);
#1516=ORIENTED_EDGE('',*,*,#1177,.T.);
#1517=ORIENTED_EDGE('',*,*,#1165,.T.);
#1518=ORIENTED_EDGE('',*,*,#1177,.F.);
#1519=ORIENTED_EDGE('',*,*,#1151,.F.);
#1520=ORIENTED_EDGE('',*,*,#1178,.T.);
#1521=ORIENTED_EDGE('',*,*,#1179,.T.);
#1522=ORIENTED_EDGE('',*,*,#1178,.F.);
#1523=ORIENTED_EDGE('',*,*,#1180,.F.);
#1524=ORIENTED_EDGE('',*,*,#1181,.T.);
#1525=ORIENTED_EDGE('',*,*,#1182,.F.);
#1526=ORIENTED_EDGE('',*,*,#1183,.T.);
#1527=ORIENTED_EDGE('',*,*,#1184,.F.);
#1528=ORIENTED_EDGE('',*,*,#1185,.T.);
#1529=ORIENTED_EDGE('',*,*,#1179,.F.);
#1530=ORIENTED_EDGE('',*,*,#1161,.F.);
#1531=ORIENTED_EDGE('',*,*,#1186,.T.);
#1532=ORIENTED_EDGE('',*,*,#1174,.T.);
#1533=ORIENTED_EDGE('',*,*,#1187,.T.);
#1534=ORIENTED_EDGE('',*,*,#1188,.T.);
#1535=ORIENTED_EDGE('',*,*,#1189,.T.);
#1536=ORIENTED_EDGE('',*,*,#1190,.T.);
#1537=ORIENTED_EDGE('',*,*,#1191,.F.);
#1538=ORIENTED_EDGE('',*,*,#1180,.T.);
#1539=ORIENTED_EDGE('',*,*,#1192,.F.);
#1540=ORIENTED_EDGE('',*,*,#1193,.F.);
#1541=ORIENTED_EDGE('',*,*,#1194,.T.);
#1542=ORIENTED_EDGE('',*,*,#1195,.F.);
#1543=ORIENTED_EDGE('',*,*,#1175,.F.);
#1544=ORIENTED_EDGE('',*,*,#1186,.F.);
#1545=ORIENTED_EDGE('',*,*,#1185,.F.);
#1546=ORIENTED_EDGE('',*,*,#1196,.T.);
#1547=ORIENTED_EDGE('',*,*,#1197,.F.);
#1548=ORIENTED_EDGE('',*,*,#1198,.T.);
#1549=ORIENTED_EDGE('',*,*,#1110,.F.);
#1550=ORIENTED_EDGE('',*,*,#1199,.F.);
#1551=ORIENTED_EDGE('',*,*,#1194,.F.);
#1552=ORIENTED_EDGE('',*,*,#1200,.T.);
#1553=ORIENTED_EDGE('',*,*,#1201,.F.);
#1554=ORIENTED_EDGE('',*,*,#1202,.T.);
#1555=ORIENTED_EDGE('',*,*,#1139,.F.);
#1556=ORIENTED_EDGE('',*,*,#1203,.T.);
#1557=ORIENTED_EDGE('',*,*,#1197,.T.);
#1558=ORIENTED_EDGE('',*,*,#1204,.F.);
#1559=ORIENTED_EDGE('',*,*,#1140,.F.);
#1560=ORIENTED_EDGE('',*,*,#1204,.T.);
#1561=ORIENTED_EDGE('',*,*,#1205,.T.);
#1562=ORIENTED_EDGE('',*,*,#1147,.F.);
#1563=ORIENTED_EDGE('',*,*,#1205,.F.);
#1564=ORIENTED_EDGE('',*,*,#1199,.T.);
#1565=ORIENTED_EDGE('',*,*,#1108,.F.);
#1566=ORIENTED_EDGE('',*,*,#1149,.F.);
#1567=ORIENTED_EDGE('',*,*,#1138,.F.);
#1568=ORIENTED_EDGE('',*,*,#1206,.T.);
#1569=ORIENTED_EDGE('',*,*,#1207,.T.);
#1570=ORIENTED_EDGE('',*,*,#1203,.F.);
#1571=ORIENTED_EDGE('',*,*,#1207,.F.);
#1572=ORIENTED_EDGE('',*,*,#1164,.T.);
#1573=ORIENTED_EDGE('',*,*,#1112,.F.);
#1574=ORIENTED_EDGE('',*,*,#1198,.F.);
#1575=ORIENTED_EDGE('',*,*,#1137,.F.);
#1576=ORIENTED_EDGE('',*,*,#1208,.T.);
#1577=ORIENTED_EDGE('',*,*,#1162,.T.);
#1578=ORIENTED_EDGE('',*,*,#1206,.F.);
#1579=ORIENTED_EDGE('',*,*,#1136,.F.);
#1580=ORIENTED_EDGE('',*,*,#1125,.T.);
#1581=ORIENTED_EDGE('',*,*,#1209,.T.);
#1582=ORIENTED_EDGE('',*,*,#1208,.F.);
#1583=ORIENTED_EDGE('',*,*,#1209,.F.);
#1584=ORIENTED_EDGE('',*,*,#1122,.T.);
#1585=ORIENTED_EDGE('',*,*,#1116,.F.);
#1586=ORIENTED_EDGE('',*,*,#1163,.F.);
#1587=ORIENTED_EDGE('',*,*,#1170,.T.);
#1588=ORIENTED_EDGE('',*,*,#1195,.T.);
#1589=ORIENTED_EDGE('',*,*,#1202,.F.);
#1590=ORIENTED_EDGE('',*,*,#1210,.F.);
#1591=ORIENTED_EDGE('',*,*,#1201,.T.);
#1592=ORIENTED_EDGE('',*,*,#1211,.F.);
#1593=ORIENTED_EDGE('',*,*,#1183,.F.);
#1594=ORIENTED_EDGE('',*,*,#1212,.F.);
#1595=ORIENTED_EDGE('',*,*,#1171,.F.);
#1596=ORIENTED_EDGE('',*,*,#1210,.T.);
#1597=ORIENTED_EDGE('',*,*,#1212,.T.);
#1598=ORIENTED_EDGE('',*,*,#1182,.T.);
#1599=ORIENTED_EDGE('',*,*,#1213,.T.);
#1600=ORIENTED_EDGE('',*,*,#1214,.T.);
#1601=ORIENTED_EDGE('',*,*,#1215,.T.);
#1602=ORIENTED_EDGE('',*,*,#1216,.T.);
#1603=ORIENTED_EDGE('',*,*,#1217,.F.);
#1604=ORIENTED_EDGE('',*,*,#1172,.T.);
#1605=ORIENTED_EDGE('',*,*,#1218,.T.);
#1606=ORIENTED_EDGE('',*,*,#1219,.T.);
#1607=ORIENTED_EDGE('',*,*,#1173,.F.);
#1608=ORIENTED_EDGE('',*,*,#1217,.T.);
#1609=ORIENTED_EDGE('',*,*,#1220,.F.);
#1610=ORIENTED_EDGE('',*,*,#1187,.F.);
#1611=ORIENTED_EDGE('',*,*,#1188,.F.);
#1612=ORIENTED_EDGE('',*,*,#1220,.T.);
#1613=ORIENTED_EDGE('',*,*,#1216,.F.);
#1614=ORIENTED_EDGE('',*,*,#1221,.T.);
#1615=ORIENTED_EDGE('',*,*,#1222,.F.);
#1616=ORIENTED_EDGE('',*,*,#1223,.T.);
#1617=ORIENTED_EDGE('',*,*,#1224,.T.);
#1618=ORIENTED_EDGE('',*,*,#1225,.T.);
#1619=ORIENTED_EDGE('',*,*,#1226,.F.);
#1620=ORIENTED_EDGE('',*,*,#1227,.T.);
#1621=ORIENTED_EDGE('',*,*,#1228,.T.);
#1622=ORIENTED_EDGE('',*,*,#1227,.F.);
#1623=ORIENTED_EDGE('',*,*,#1225,.F.);
#1624=ORIENTED_EDGE('',*,*,#1229,.T.);
#1625=ORIENTED_EDGE('',*,*,#1230,.T.);
#1626=ORIENTED_EDGE('',*,*,#1229,.F.);
#1627=ORIENTED_EDGE('',*,*,#1231,.F.);
#1628=ORIENTED_EDGE('',*,*,#1232,.T.);
#1629=ORIENTED_EDGE('',*,*,#1233,.F.);
#1630=ORIENTED_EDGE('',*,*,#1234,.F.);
#1631=ORIENTED_EDGE('',*,*,#1235,.T.);
#1632=ORIENTED_EDGE('',*,*,#1226,.T.);
#1633=ORIENTED_EDGE('',*,*,#1236,.T.);
#1634=ORIENTED_EDGE('',*,*,#1237,.T.);
#1635=ORIENTED_EDGE('',*,*,#1238,.T.);
#1636=ORIENTED_EDGE('',*,*,#1239,.T.);
#1637=ORIENTED_EDGE('',*,*,#1240,.F.);
#1638=ORIENTED_EDGE('',*,*,#1241,.T.);
#1639=ORIENTED_EDGE('',*,*,#1214,.F.);
#1640=ORIENTED_EDGE('',*,*,#1242,.T.);
#1641=ORIENTED_EDGE('',*,*,#1190,.F.);
#1642=ORIENTED_EDGE('',*,*,#1243,.T.);
#1643=ORIENTED_EDGE('',*,*,#1244,.F.);
#1644=ORIENTED_EDGE('',*,*,#1228,.F.);
#1645=ORIENTED_EDGE('',*,*,#1235,.F.);
#1646=ORIENTED_EDGE('',*,*,#1245,.T.);
#1647=ORIENTED_EDGE('',*,*,#1244,.T.);
#1648=ORIENTED_EDGE('',*,*,#1245,.F.);
#1649=ORIENTED_EDGE('',*,*,#1224,.F.);
#1650=ORIENTED_EDGE('',*,*,#1246,.T.);
#1651=ORIENTED_EDGE('',*,*,#1247,.T.);
#1652=ORIENTED_EDGE('',*,*,#1246,.F.);
#1653=ORIENTED_EDGE('',*,*,#1248,.F.);
#1654=ORIENTED_EDGE('',*,*,#1249,.T.);
#1655=ORIENTED_EDGE('',*,*,#1250,.F.);
#1656=ORIENTED_EDGE('',*,*,#1251,.F.);
#1657=ORIENTED_EDGE('',*,*,#1247,.F.);
#1658=ORIENTED_EDGE('',*,*,#1230,.F.);
#1659=ORIENTED_EDGE('',*,*,#1252,.T.);
#1660=ORIENTED_EDGE('',*,*,#1253,.T.);
#1661=ORIENTED_EDGE('',*,*,#1254,.T.);
#1662=ORIENTED_EDGE('',*,*,#1255,.T.);
#1663=ORIENTED_EDGE('',*,*,#1132,.F.);
#1664=ORIENTED_EDGE('',*,*,#1256,.T.);
#1665=ORIENTED_EDGE('',*,*,#1248,.T.);
#1666=ORIENTED_EDGE('',*,*,#1257,.F.);
#1667=ORIENTED_EDGE('',*,*,#1257,.T.);
#1668=ORIENTED_EDGE('',*,*,#1258,.T.);
#1669=ORIENTED_EDGE('',*,*,#1259,.F.);
#1670=ORIENTED_EDGE('',*,*,#1133,.F.);
#1671=ORIENTED_EDGE('',*,*,#1260,.T.);
#1672=ORIENTED_EDGE('',*,*,#1261,.T.);
#1673=ORIENTED_EDGE('',*,*,#1134,.F.);
#1674=ORIENTED_EDGE('',*,*,#1259,.T.);
#1675=ORIENTED_EDGE('',*,*,#1260,.F.);
#1676=ORIENTED_EDGE('',*,*,#1262,.T.);
#1677=ORIENTED_EDGE('',*,*,#1263,.F.);
#1678=ORIENTED_EDGE('',*,*,#1264,.T.);
#1679=ORIENTED_EDGE('',*,*,#1265,.F.);
#1680=ORIENTED_EDGE('',*,*,#1264,.F.);
#1681=ORIENTED_EDGE('',*,*,#1266,.F.);
#1682=ORIENTED_EDGE('',*,*,#1121,.T.);
#1683=ORIENTED_EDGE('',*,*,#1265,.T.);
#1684=ORIENTED_EDGE('',*,*,#1124,.F.);
#1685=ORIENTED_EDGE('',*,*,#1135,.F.);
#1686=ORIENTED_EDGE('',*,*,#1261,.F.);
#1687=ORIENTED_EDGE('',*,*,#1077,.F.);
#1688=ORIENTED_EDGE('',*,*,#1119,.F.);
#1689=ORIENTED_EDGE('',*,*,#1266,.T.);
#1690=ORIENTED_EDGE('',*,*,#1267,.F.);
#1691=ORIENTED_EDGE('',*,*,#1078,.F.);
#1692=ORIENTED_EDGE('',*,*,#1267,.T.);
#1693=ORIENTED_EDGE('',*,*,#1263,.T.);
#1694=ORIENTED_EDGE('',*,*,#1268,.F.);
#1695=ORIENTED_EDGE('',*,*,#1269,.F.);
#1696=ORIENTED_EDGE('',*,*,#1079,.F.);
#1697=ORIENTED_EDGE('',*,*,#1268,.T.);
#1698=ORIENTED_EDGE('',*,*,#1270,.T.);
#1699=ORIENTED_EDGE('',*,*,#1080,.F.);
#1700=ORIENTED_EDGE('',*,*,#1269,.T.);
#1701=ORIENTED_EDGE('',*,*,#1250,.T.);
#1702=ORIENTED_EDGE('',*,*,#1271,.F.);
#1703=ORIENTED_EDGE('',*,*,#1081,.F.);
#1704=ORIENTED_EDGE('',*,*,#1271,.T.);
#1705=ORIENTED_EDGE('',*,*,#1272,.T.);
#1706=ORIENTED_EDGE('',*,*,#1273,.F.);
#1707=ORIENTED_EDGE('',*,*,#1082,.F.);
#1708=ORIENTED_EDGE('',*,*,#1273,.T.);
#1709=ORIENTED_EDGE('',*,*,#1274,.T.);
#1710=ORIENTED_EDGE('',*,*,#1275,.F.);
#1711=ORIENTED_EDGE('',*,*,#1083,.F.);
#1712=ORIENTED_EDGE('',*,*,#1275,.T.);
#1713=ORIENTED_EDGE('',*,*,#1276,.T.);
#1714=ORIENTED_EDGE('',*,*,#1277,.F.);
#1715=ORIENTED_EDGE('',*,*,#1084,.F.);
#1716=ORIENTED_EDGE('',*,*,#1277,.T.);
#1717=ORIENTED_EDGE('',*,*,#1233,.T.);
#1718=ORIENTED_EDGE('',*,*,#1278,.F.);
#1719=ORIENTED_EDGE('',*,*,#1085,.F.);
#1720=ORIENTED_EDGE('',*,*,#1278,.T.);
#1721=ORIENTED_EDGE('',*,*,#1279,.T.);
#1722=ORIENTED_EDGE('',*,*,#1280,.F.);
#1723=ORIENTED_EDGE('',*,*,#1281,.T.);
#1724=ORIENTED_EDGE('',*,*,#1091,.F.);
#1725=ORIENTED_EDGE('',*,*,#1086,.F.);
#1726=ORIENTED_EDGE('',*,*,#1280,.T.);
#1727=ORIENTED_EDGE('',*,*,#1282,.F.);
#1728=ORIENTED_EDGE('',*,*,#1094,.F.);
#1729=ORIENTED_EDGE('',*,*,#1281,.F.);
#1730=ORIENTED_EDGE('',*,*,#1283,.F.);
#1731=ORIENTED_EDGE('',*,*,#1126,.F.);
#1732=ORIENTED_EDGE('',*,*,#1095,.T.);
#1733=ORIENTED_EDGE('',*,*,#1282,.T.);
#1734=ORIENTED_EDGE('',*,*,#1284,.F.);
#1735=ORIENTED_EDGE('',*,*,#1127,.F.);
#1736=ORIENTED_EDGE('',*,*,#1284,.T.);
#1737=ORIENTED_EDGE('',*,*,#1285,.T.);
#1738=ORIENTED_EDGE('',*,*,#1286,.F.);
#1739=ORIENTED_EDGE('',*,*,#1128,.F.);
#1740=ORIENTED_EDGE('',*,*,#1286,.T.);
#1741=ORIENTED_EDGE('',*,*,#1231,.T.);
#1742=ORIENTED_EDGE('',*,*,#1287,.F.);
#1743=ORIENTED_EDGE('',*,*,#1129,.F.);
#1744=ORIENTED_EDGE('',*,*,#1287,.T.);
#1745=ORIENTED_EDGE('',*,*,#1288,.T.);
#1746=ORIENTED_EDGE('',*,*,#1289,.F.);
#1747=ORIENTED_EDGE('',*,*,#1130,.F.);
#1748=ORIENTED_EDGE('',*,*,#1289,.T.);
#1749=ORIENTED_EDGE('',*,*,#1290,.T.);
#1750=ORIENTED_EDGE('',*,*,#1291,.F.);
#1751=ORIENTED_EDGE('',*,*,#1131,.F.);
#1752=ORIENTED_EDGE('',*,*,#1291,.T.);
#1753=ORIENTED_EDGE('',*,*,#1292,.T.);
#1754=ORIENTED_EDGE('',*,*,#1256,.F.);
#1755=ORIENTED_EDGE('',*,*,#1292,.F.);
#1756=ORIENTED_EDGE('',*,*,#1293,.T.);
#1757=ORIENTED_EDGE('',*,*,#1272,.F.);
#1758=ORIENTED_EDGE('',*,*,#1249,.F.);
#1759=ORIENTED_EDGE('',*,*,#1290,.F.);
#1760=ORIENTED_EDGE('',*,*,#1294,.T.);
#1761=ORIENTED_EDGE('',*,*,#1274,.F.);
#1762=ORIENTED_EDGE('',*,*,#1293,.F.);
#1763=ORIENTED_EDGE('',*,*,#1295,.F.);
#1764=ORIENTED_EDGE('',*,*,#1296,.T.);
#1765=ORIENTED_EDGE('',*,*,#1297,.F.);
#1766=ORIENTED_EDGE('',*,*,#1298,.T.);
#1767=ORIENTED_EDGE('',*,*,#1288,.F.);
#1768=ORIENTED_EDGE('',*,*,#1234,.T.);
#1769=ORIENTED_EDGE('',*,*,#1276,.F.);
#1770=ORIENTED_EDGE('',*,*,#1294,.F.);
#1771=ORIENTED_EDGE('',*,*,#1295,.T.);
#1772=ORIENTED_EDGE('',*,*,#1299,.F.);
#1773=ORIENTED_EDGE('',*,*,#1243,.F.);
#1774=ORIENTED_EDGE('',*,*,#1189,.F.);
#1775=ORIENTED_EDGE('',*,*,#1223,.F.);
#1776=ORIENTED_EDGE('',*,*,#1300,.T.);
#1777=ORIENTED_EDGE('',*,*,#1296,.F.);
#1778=ORIENTED_EDGE('',*,*,#1300,.F.);
#1779=ORIENTED_EDGE('',*,*,#1222,.T.);
#1780=ORIENTED_EDGE('',*,*,#1301,.T.);
#1781=ORIENTED_EDGE('',*,*,#1297,.T.);
#1782=ORIENTED_EDGE('',*,*,#1301,.F.);
#1783=ORIENTED_EDGE('',*,*,#1221,.F.);
#1784=ORIENTED_EDGE('',*,*,#1215,.F.);
#1785=ORIENTED_EDGE('',*,*,#1241,.F.);
#1786=ORIENTED_EDGE('',*,*,#1302,.T.);
#1787=ORIENTED_EDGE('',*,*,#1240,.T.);
#1788=ORIENTED_EDGE('',*,*,#1299,.T.);
#1789=ORIENTED_EDGE('',*,*,#1298,.F.);
#1790=ORIENTED_EDGE('',*,*,#1302,.F.);
#1791=ORIENTED_EDGE('',*,*,#1285,.F.);
#1792=ORIENTED_EDGE('',*,*,#1283,.T.);
#1793=ORIENTED_EDGE('',*,*,#1279,.F.);
#1794=ORIENTED_EDGE('',*,*,#1232,.F.);
#1795=ORIENTED_EDGE('',*,*,#1258,.F.);
#1796=ORIENTED_EDGE('',*,*,#1251,.T.);
#1797=ORIENTED_EDGE('',*,*,#1270,.F.);
#1798=ORIENTED_EDGE('',*,*,#1262,.F.);
#1799=ORIENTED_EDGE('',*,*,#1303,.T.);
#1800=ORIENTED_EDGE('',*,*,#1304,.F.);
#1801=ORIENTED_EDGE('',*,*,#1252,.F.);
#1802=ORIENTED_EDGE('',*,*,#1305,.F.);
#1803=ORIENTED_EDGE('',*,*,#1303,.F.);
#1804=ORIENTED_EDGE('',*,*,#1306,.F.);
#1805=ORIENTED_EDGE('',*,*,#1307,.F.);
#1806=ORIENTED_EDGE('',*,*,#1308,.T.);
#1807=ORIENTED_EDGE('',*,*,#1253,.F.);
#1808=ORIENTED_EDGE('',*,*,#1304,.T.);
#1809=ORIENTED_EDGE('',*,*,#1308,.F.);
#1810=ORIENTED_EDGE('',*,*,#1309,.F.);
#1811=ORIENTED_EDGE('',*,*,#1310,.T.);
#1812=ORIENTED_EDGE('',*,*,#1311,.T.);
#1813=ORIENTED_EDGE('',*,*,#1312,.T.);
#1814=ORIENTED_EDGE('',*,*,#1313,.F.);
#1815=ORIENTED_EDGE('',*,*,#1254,.F.);
#1816=ORIENTED_EDGE('',*,*,#1311,.F.);
#1817=ORIENTED_EDGE('',*,*,#1312,.F.);
#1818=ORIENTED_EDGE('',*,*,#1310,.F.);
#1819=ORIENTED_EDGE('',*,*,#1314,.F.);
#1820=ORIENTED_EDGE('',*,*,#1315,.T.);
#1821=ORIENTED_EDGE('',*,*,#1315,.F.);
#1822=ORIENTED_EDGE('',*,*,#1316,.F.);
#1823=ORIENTED_EDGE('',*,*,#1306,.T.);
#1824=ORIENTED_EDGE('',*,*,#1305,.T.);
#1825=ORIENTED_EDGE('',*,*,#1255,.F.);
#1826=ORIENTED_EDGE('',*,*,#1313,.T.);
#1827=ORIENTED_EDGE('',*,*,#1314,.T.);
#1828=ORIENTED_EDGE('',*,*,#1309,.T.);
#1829=ORIENTED_EDGE('',*,*,#1307,.T.);
#1830=ORIENTED_EDGE('',*,*,#1316,.T.);
#1831=ORIENTED_EDGE('',*,*,#1317,.T.);
#1832=ORIENTED_EDGE('',*,*,#1318,.T.);
#1833=ORIENTED_EDGE('',*,*,#1319,.T.);
#1834=ORIENTED_EDGE('',*,*,#1320,.T.);
#1835=ORIENTED_EDGE('',*,*,#1321,.F.);
#1836=ORIENTED_EDGE('',*,*,#1317,.F.);
#1837=ORIENTED_EDGE('',*,*,#1322,.T.);
#1838=ORIENTED_EDGE('',*,*,#1323,.T.);
#1839=ORIENTED_EDGE('',*,*,#1169,.F.);
#1840=ORIENTED_EDGE('',*,*,#1324,.T.);
#1841=ORIENTED_EDGE('',*,*,#1325,.F.);
#1842=ORIENTED_EDGE('',*,*,#1326,.F.);
#1843=ORIENTED_EDGE('',*,*,#1318,.F.);
#1844=ORIENTED_EDGE('',*,*,#1321,.T.);
#1845=ORIENTED_EDGE('',*,*,#1325,.T.);
#1846=ORIENTED_EDGE('',*,*,#1324,.F.);
#1847=ORIENTED_EDGE('',*,*,#1168,.F.);
#1848=ORIENTED_EDGE('',*,*,#1327,.F.);
#1849=ORIENTED_EDGE('',*,*,#1167,.F.);
#1850=ORIENTED_EDGE('',*,*,#1328,.T.);
#1851=ORIENTED_EDGE('',*,*,#1329,.F.);
#1852=ORIENTED_EDGE('',*,*,#1319,.F.);
#1853=ORIENTED_EDGE('',*,*,#1326,.T.);
#1854=ORIENTED_EDGE('',*,*,#1327,.T.);
#1855=ORIENTED_EDGE('',*,*,#1330,.F.);
#1856=ORIENTED_EDGE('',*,*,#1322,.F.);
#1857=ORIENTED_EDGE('',*,*,#1320,.F.);
#1858=ORIENTED_EDGE('',*,*,#1329,.T.);
#1859=ORIENTED_EDGE('',*,*,#1330,.T.);
#1860=ORIENTED_EDGE('',*,*,#1328,.F.);
#1861=ORIENTED_EDGE('',*,*,#1166,.F.);
#1862=ORIENTED_EDGE('',*,*,#1323,.F.);
#1863=ORIENTED_EDGE('',*,*,#1181,.F.);
#1864=ORIENTED_EDGE('',*,*,#1191,.T.);
#1865=ORIENTED_EDGE('',*,*,#1242,.F.);
#1866=ORIENTED_EDGE('',*,*,#1213,.F.);
#1867=ORIENTED_EDGE('',*,*,#1331,.T.);
#1868=ORIENTED_EDGE('',*,*,#1332,.F.);
#1869=ORIENTED_EDGE('',*,*,#1236,.F.);
#1870=ORIENTED_EDGE('',*,*,#1333,.F.);
#1871=ORIENTED_EDGE('',*,*,#1331,.F.);
#1872=ORIENTED_EDGE('',*,*,#1334,.F.);
#1873=ORIENTED_EDGE('',*,*,#1335,.T.);
#1874=ORIENTED_EDGE('',*,*,#1336,.T.);
#1875=ORIENTED_EDGE('',*,*,#1237,.F.);
#1876=ORIENTED_EDGE('',*,*,#1332,.T.);
#1877=ORIENTED_EDGE('',*,*,#1336,.F.);
#1878=ORIENTED_EDGE('',*,*,#1337,.T.);
#1879=ORIENTED_EDGE('',*,*,#1338,.T.);
#1880=ORIENTED_EDGE('',*,*,#1339,.T.);
#1881=ORIENTED_EDGE('',*,*,#1340,.T.);
#1882=ORIENTED_EDGE('',*,*,#1341,.F.);
#1883=ORIENTED_EDGE('',*,*,#1238,.F.);
#1884=ORIENTED_EDGE('',*,*,#1339,.F.);
#1885=ORIENTED_EDGE('',*,*,#1340,.F.);
#1886=ORIENTED_EDGE('',*,*,#1338,.F.);
#1887=ORIENTED_EDGE('',*,*,#1342,.T.);
#1888=ORIENTED_EDGE('',*,*,#1343,.T.);
#1889=ORIENTED_EDGE('',*,*,#1343,.F.);
#1890=ORIENTED_EDGE('',*,*,#1344,.T.);
#1891=ORIENTED_EDGE('',*,*,#1334,.T.);
#1892=ORIENTED_EDGE('',*,*,#1333,.T.);
#1893=ORIENTED_EDGE('',*,*,#1239,.F.);
#1894=ORIENTED_EDGE('',*,*,#1341,.T.);
#1895=ORIENTED_EDGE('',*,*,#1345,.F.);
#1896=ORIENTED_EDGE('',*,*,#1346,.F.);
#1897=ORIENTED_EDGE('',*,*,#1347,.F.);
#1898=ORIENTED_EDGE('',*,*,#1348,.F.);
#1899=ORIENTED_EDGE('',*,*,#1335,.F.);
#1900=ORIENTED_EDGE('',*,*,#1344,.F.);
#1901=ORIENTED_EDGE('',*,*,#1342,.F.);
#1902=ORIENTED_EDGE('',*,*,#1337,.F.);
#1903=ORIENTED_EDGE('',*,*,#1154,.F.);
#1904=ORIENTED_EDGE('',*,*,#1349,.T.);
#1905=ORIENTED_EDGE('',*,*,#1350,.F.);
#1906=ORIENTED_EDGE('',*,*,#1345,.T.);
#1907=ORIENTED_EDGE('',*,*,#1351,.T.);
#1908=ORIENTED_EDGE('',*,*,#1352,.T.);
#1909=ORIENTED_EDGE('',*,*,#1353,.T.);
#1910=ORIENTED_EDGE('',*,*,#1354,.F.);
#1911=ORIENTED_EDGE('',*,*,#1155,.F.);
#1912=ORIENTED_EDGE('',*,*,#1352,.F.);
#1913=ORIENTED_EDGE('',*,*,#1353,.F.);
#1914=ORIENTED_EDGE('',*,*,#1351,.F.);
#1915=ORIENTED_EDGE('',*,*,#1348,.T.);
#1916=ORIENTED_EDGE('',*,*,#1355,.T.);
#1917=ORIENTED_EDGE('',*,*,#1355,.F.);
#1918=ORIENTED_EDGE('',*,*,#1347,.T.);
#1919=ORIENTED_EDGE('',*,*,#1356,.T.);
#1920=ORIENTED_EDGE('',*,*,#1357,.T.);
#1921=ORIENTED_EDGE('',*,*,#1156,.F.);
#1922=ORIENTED_EDGE('',*,*,#1354,.T.);
#1923=ORIENTED_EDGE('',*,*,#1358,.T.);
#1924=ORIENTED_EDGE('',*,*,#1349,.F.);
#1925=ORIENTED_EDGE('',*,*,#1153,.F.);
#1926=ORIENTED_EDGE('',*,*,#1357,.F.);
#1927=ORIENTED_EDGE('',*,*,#1358,.F.);
#1928=ORIENTED_EDGE('',*,*,#1356,.F.);
#1929=ORIENTED_EDGE('',*,*,#1346,.T.);
#1930=ORIENTED_EDGE('',*,*,#1350,.T.);
#1931=ORIENTED_EDGE('',*,*,#1218,.F.);
#1932=ORIENTED_EDGE('',*,*,#1359,.T.);
#1933=ORIENTED_EDGE('',*,*,#1087,.T.);
#1934=ORIENTED_EDGE('',*,*,#1359,.F.);
#1935=ORIENTED_EDGE('',*,*,#1143,.F.);
#1936=ORIENTED_EDGE('',*,*,#1360,.T.);
#1937=ORIENTED_EDGE('',*,*,#1192,.T.);
#1938=ORIENTED_EDGE('',*,*,#1360,.F.);
#1939=ORIENTED_EDGE('',*,*,#1219,.F.);
#1940=ORIENTED_EDGE('',*,*,#1361,.T.);
#1941=ORIENTED_EDGE('',*,*,#1088,.T.);
#1942=ORIENTED_EDGE('',*,*,#1361,.F.);
#1943=ORIENTED_EDGE('',*,*,#1144,.F.);
#1944=ORIENTED_EDGE('',*,*,#1362,.T.);
#1945=ORIENTED_EDGE('',*,*,#1193,.T.);
#1946=ORIENTED_EDGE('',*,*,#1362,.F.);
#1947=ORIENTED_EDGE('',*,*,#1200,.F.);
#1948=ORIENTED_EDGE('',*,*,#1196,.F.);
#1949=ORIENTED_EDGE('',*,*,#1184,.T.);
#1950=ORIENTED_EDGE('',*,*,#1211,.T.);
#1951=ORIENTED_EDGE('',*,*,#1146,.F.);
#1952=ORIENTED_EDGE('',*,*,#1150,.T.);
#1953=ORIENTED_EDGE('',*,*,#1105,.F.);
#1954=ORIENTED_EDGE('',*,*,#1101,.F.);
#1955=PLANE('',#2169);
#1956=PLANE('',#2180);
#1957=PLANE('',#2181);
#1958=PLANE('',#2182);
#1959=PLANE('',#2183);
#1960=PLANE('',#2184);
#1961=PLANE('',#2185);
#1962=PLANE('',#2188);
#1963=PLANE('',#2191);
#1964=PLANE('',#2194);
#1965=PLANE('',#2197);
#1966=PLANE('',#2198);
#1967=PLANE('',#2199);
#1968=PLANE('',#2200);
#1969=PLANE('',#2213);
#1970=PLANE('',#2214);
#1971=PLANE('',#2222);
#1972=PLANE('',#2224);
#1973=PLANE('',#2229);
#1974=PLANE('',#2230);
#1975=PLANE('',#2233);
#1976=PLANE('',#2234);
#1977=PLANE('',#2235);
#1978=PLANE('',#2242);
#1979=PLANE('',#2246);
#1980=PLANE('',#2247);
#1981=PLANE('',#2248);
#1982=PLANE('',#2251);
#1983=PLANE('',#2252);
#1984=PLANE('',#2260);
#1985=PLANE('',#2262);
#1986=PLANE('',#2267);
#1987=PLANE('',#2268);
#1988=PLANE('',#2271);
#1989=PLANE('',#2272);
#1990=PLANE('',#2273);
#1991=PLANE('',#2274);
#1992=PLANE('',#2275);
#1993=PLANE('',#2276);
#1994=PLANE('',#2279);
#1995=PLANE('',#2282);
#1996=PLANE('',#2285);
#1997=PLANE('',#2288);
#1998=PLANE('',#2289);
#1999=PLANE('',#2290);
#2000=PLANE('',#2293);
#2001=PLANE('',#2296);
#2002=PLANE('',#2300);
#2003=PLANE('',#2302);
#2004=PLANE('',#2303);
#2005=PLANE('',#2304);
#2006=PLANE('',#2305);
#2007=PLANE('',#2308);
#2008=PLANE('',#2309);
#2009=PLANE('',#2310);
#2010=PLANE('',#2311);
#2011=PLANE('',#2312);
#2012=PLANE('',#2313);
#2013=PLANE('',#2314);
#2014=PLANE('',#2315);
#2015=PLANE('',#2316);
#2016=PLANE('',#2317);
#2017=PLANE('',#2318);
#2018=PLANE('',#2319);
#2019=PLANE('',#2320);
#2020=PLANE('',#2321);
#2021=PLANE('',#2322);
#2022=PLANE('',#2323);
#2023=PLANE('',#2324);
#2024=PLANE('',#2325);
#2025=PLANE('',#2326);
#2026=PLANE('',#2327);
#2027=PLANE('',#2328);
#2028=PLANE('',#2329);
#2029=PLANE('',#2330);
#2030=PLANE('',#2331);
#2031=PLANE('',#2332);
#2032=PLANE('',#2333);
#2033=PLANE('',#2334);
#2034=PLANE('',#2335);
#2035=PLANE('',#2336);
#2036=PLANE('',#2341);
#2037=ADVANCED_FACE('',(#89,#59,#60),#1955,.F.);
#2038=ADVANCED_FACE('',(#90),#1956,.T.);
#2039=ADVANCED_FACE('',(#91),#1957,.T.);
#2040=ADVANCED_FACE('',(#92),#1958,.T.);
#2041=ADVANCED_FACE('',(#93),#1959,.T.);
#2042=ADVANCED_FACE('',(#94),#1960,.T.);
#2043=ADVANCED_FACE('',(#95),#1961,.T.);
#2044=ADVANCED_FACE('',(#96),#43,.T.);
#2045=ADVANCED_FACE('',(#97),#1962,.T.);
#2046=ADVANCED_FACE('',(#98),#44,.T.);
#2047=ADVANCED_FACE('',(#99),#1963,.T.);
#2048=ADVANCED_FACE('',(#100),#45,.T.);
#2049=ADVANCED_FACE('',(#101),#1964,.T.);
#2050=ADVANCED_FACE('',(#102),#46,.T.);
#2051=ADVANCED_FACE('',(#103),#1965,.T.);
#2052=ADVANCED_FACE('',(#104),#1966,.T.);
#2053=ADVANCED_FACE('',(#105),#1967,.T.);
#2054=ADVANCED_FACE('',(#106,#61,#62),#1968,.F.);
#2055=ADVANCED_FACE('',(#107),#47,.T.);
#2056=ADVANCED_FACE('',(#108),#1969,.T.);
#2057=ADVANCED_FACE('',(#109,#63,#64,#65),#1970,.T.);
#2058=ADVANCED_FACE('',(#110),#23,.F.);
#2059=ADVANCED_FACE('',(#111),#24,.F.);
#2060=ADVANCED_FACE('',(#112,#66,#67,#68),#1971,.T.);
#2061=ADVANCED_FACE('',(#113,#69,#70),#1972,.T.);
#2062=ADVANCED_FACE('',(#114),#25,.F.);
#2063=ADVANCED_FACE('',(#115),#26,.F.);
#2064=ADVANCED_FACE('',(#116,#71,#72),#1973,.T.);
#2065=ADVANCED_FACE('',(#117,#73,#74),#1974,.F.);
#2066=ADVANCED_FACE('',(#118),#1975,.T.);
#2067=ADVANCED_FACE('',(#119,#75),#1976,.T.);
#2068=ADVANCED_FACE('',(#120),#1977,.T.);
#2069=ADVANCED_FACE('',(#121),#48,.T.);
#2070=ADVANCED_FACE('',(#122),#27,.T.);
#2071=ADVANCED_FACE('',(#123),#49,.T.);
#2072=ADVANCED_FACE('',(#124),#28,.T.);
#2073=ADVANCED_FACE('',(#125),#1978,.T.);
#2074=ADVANCED_FACE('',(#126),#50,.T.);
#2075=ADVANCED_FACE('',(#127),#29,.T.);
#2076=ADVANCED_FACE('',(#128),#1979,.T.);
#2077=ADVANCED_FACE('',(#129),#1980,.T.);
#2078=ADVANCED_FACE('',(#130,#76,#77),#1981,.F.);
#2079=ADVANCED_FACE('',(#131),#1982,.F.);
#2080=ADVANCED_FACE('',(#132,#78,#79),#1983,.T.);
#2081=ADVANCED_FACE('',(#133),#30,.F.);
#2082=ADVANCED_FACE('',(#134),#31,.F.);
#2083=ADVANCED_FACE('',(#135,#80,#81,#82),#1984,.T.);
#2084=ADVANCED_FACE('',(#136,#83,#84),#1985,.T.);
#2085=ADVANCED_FACE('',(#137),#32,.F.);
#2086=ADVANCED_FACE('',(#138),#33,.F.);
#2087=ADVANCED_FACE('',(#139,#85,#86,#87),#1986,.T.);
#2088=ADVANCED_FACE('',(#140),#1987,.T.);
#2089=ADVANCED_FACE('',(#141),#51,.T.);
#2090=ADVANCED_FACE('',(#142),#1988,.T.);
#2091=ADVANCED_FACE('',(#143),#1989,.T.);
#2092=ADVANCED_FACE('',(#144),#1990,.T.);
#2093=ADVANCED_FACE('',(#145),#1991,.T.);
#2094=ADVANCED_FACE('',(#146),#1992,.T.);
#2095=ADVANCED_FACE('',(#147),#1993,.T.);
#2096=ADVANCED_FACE('',(#148),#52,.T.);
#2097=ADVANCED_FACE('',(#149),#1994,.T.);
#2098=ADVANCED_FACE('',(#150),#53,.T.);
#2099=ADVANCED_FACE('',(#151),#1995,.T.);
#2100=ADVANCED_FACE('',(#152),#54,.T.);
#2101=ADVANCED_FACE('',(#153),#1996,.T.);
#2102=ADVANCED_FACE('',(#154),#55,.T.);
#2103=ADVANCED_FACE('',(#155),#1997,.T.);
#2104=ADVANCED_FACE('',(#156),#1998,.T.);
#2105=ADVANCED_FACE('',(#157),#1999,.T.);
#2106=ADVANCED_FACE('',(#158),#56,.T.);
#2107=ADVANCED_FACE('',(#159),#2000,.T.);
#2108=ADVANCED_FACE('',(#160),#57,.T.);
#2109=ADVANCED_FACE('',(#161),#2001,.T.);
#2110=ADVANCED_FACE('',(#162),#58,.T.);
#2111=ADVANCED_FACE('',(#163),#34,.T.);
#2112=ADVANCED_FACE('',(#164,#88),#2002,.T.);
#2113=ADVANCED_FACE('',(#165),#35,.T.);
#2114=ADVANCED_FACE('',(#166),#2003,.T.);
#2115=ADVANCED_FACE('',(#167),#2004,.T.);
#2116=ADVANCED_FACE('',(#168),#2005,.T.);
#2117=ADVANCED_FACE('',(#169),#2006,.T.);
#2118=ADVANCED_FACE('',(#170),#36,.T.);
#2119=ADVANCED_FACE('',(#171),#37,.T.);
#2120=ADVANCED_FACE('',(#172),#2007,.T.);
#2121=ADVANCED_FACE('',(#173),#2008,.F.);
#2122=ADVANCED_FACE('',(#174),#2009,.F.);
#2123=ADVANCED_FACE('',(#175),#2010,.T.);
#2124=ADVANCED_FACE('',(#176),#2011,.F.);
#2125=ADVANCED_FACE('',(#177),#2012,.F.);
#2126=ADVANCED_FACE('',(#178),#2013,.T.);
#2127=ADVANCED_FACE('',(#179),#2014,.T.);
#2128=ADVANCED_FACE('',(#180),#2015,.F.);
#2129=ADVANCED_FACE('',(#181),#2016,.F.);
#2130=ADVANCED_FACE('',(#182),#2017,.T.);
#2131=ADVANCED_FACE('',(#183),#2018,.F.);
#2132=ADVANCED_FACE('',(#184),#2019,.F.);
#2133=ADVANCED_FACE('',(#185),#2020,.T.);
#2134=ADVANCED_FACE('',(#186),#2021,.F.);
#2135=ADVANCED_FACE('',(#187),#2022,.T.);
#2136=ADVANCED_FACE('',(#188),#2023,.F.);
#2137=ADVANCED_FACE('',(#189),#2024,.F.);
#2138=ADVANCED_FACE('',(#190),#2025,.T.);
#2139=ADVANCED_FACE('',(#191),#2026,.F.);
#2140=ADVANCED_FACE('',(#192),#2027,.F.);
#2141=ADVANCED_FACE('',(#193),#2028,.F.);
#2142=ADVANCED_FACE('',(#194),#2029,.F.);
#2143=ADVANCED_FACE('',(#195),#2030,.F.);
#2144=ADVANCED_FACE('',(#196),#2031,.T.);
#2145=ADVANCED_FACE('',(#197),#2032,.F.);
#2146=ADVANCED_FACE('',(#198),#2033,.F.);
#2147=ADVANCED_FACE('',(#199),#2034,.T.);
#2148=ADVANCED_FACE('',(#200),#2035,.F.);
#2149=ADVANCED_FACE('',(#201),#38,.F.);
#2150=ADVANCED_FACE('',(#202),#39,.F.);
#2151=ADVANCED_FACE('',(#203),#40,.F.);
#2152=ADVANCED_FACE('',(#204),#41,.F.);
#2153=ADVANCED_FACE('',(#205),#2036,.T.);
#2154=ADVANCED_FACE('',(#206),#42,.T.);
#2155=CLOSED_SHELL('',(#2037,#2038,#2039,#2040,#2041,#2042,#2043,#2044,
#2045,#2046,#2047,#2048,#2049,#2050,#2051,#2052,#2053,#2054,#2055,#2056,
#2057,#2058,#2059,#2060,#2061,#2062,#2063,#2064,#2065,#2066,#2067,#2068,
#2069,#2070,#2071,#2072,#2073,#2074,#2075,#2076,#2077,#2078,#2079,#2080,
#2081,#2082,#2083,#2084,#2085,#2086,#2087,#2088,#2089,#2090,#2091,#2092,
#2093,#2094,#2095,#2096,#2097,#2098,#2099,#2100,#2101,#2102,#2103,#2104,
#2105,#2106,#2107,#2108,#2109,#2110,#2111,#2112,#2113,#2114,#2115,#2116,
#2117,#2118,#2119,#2120,#2121,#2122,#2123,#2124,#2125,#2126,#2127,#2128,
#2129,#2130,#2131,#2132,#2133,#2134,#2135,#2136,#2137,#2138,#2139,#2140,
#2141,#2142,#2143,#2144,#2145,#2146,#2147,#2148,#2149,#2150,#2151,#2152,
#2153,#2154));
#2156=DERIVED_UNIT_ELEMENT(#2158,1.);
#2157=DERIVED_UNIT_ELEMENT(#3537,-3.);
#2158=(
MASS_UNIT()
NAMED_UNIT(*)
SI_UNIT(.KILO.,.GRAM.)
);
#2159=DERIVED_UNIT((#2156,#2157));
#2160=MEASURE_REPRESENTATION_ITEM('density measure',
POSITIVE_RATIO_MEASURE(7850.),#2159);
#2161=PROPERTY_DEFINITION_REPRESENTATION(#2166,#2163);
#2162=PROPERTY_DEFINITION_REPRESENTATION(#2167,#2164);
#2163=REPRESENTATION('material name',(#2165),#3534);
#2164=REPRESENTATION('density',(#2160),#3534);
#2165=DESCRIPTIVE_REPRESENTATION_ITEM('\X2\94A2\X0\','\X2\94A2\X0\');
#2166=PROPERTY_DEFINITION('material property','material name',#3544);
#2167=PROPERTY_DEFINITION('material property','density of part',#3544);
#2168=AXIS2_PLACEMENT_3D('',#2933,#2343,#2344);
#2169=AXIS2_PLACEMENT_3D('',#2934,#2345,#2346);
#2170=AXIS2_PLACEMENT_3D('',#2941,#2349,#2350);
#2171=AXIS2_PLACEMENT_3D('',#2945,#2352,#2353);
#2172=AXIS2_PLACEMENT_3D('',#2949,#2355,#2356);
#2173=AXIS2_PLACEMENT_3D('',#2953,#2358,#2359);
#2174=AXIS2_PLACEMENT_3D('',#2961,#2363,#2364);
#2175=AXIS2_PLACEMENT_3D('',#2965,#2366,#2367);
#2176=AXIS2_PLACEMENT_3D('',#2969,#2369,#2370);
#2177=AXIS2_PLACEMENT_3D('',#2973,#2372,#2373);
#2178=AXIS2_PLACEMENT_3D('',#2976,#2375,#2376);
#2179=AXIS2_PLACEMENT_3D('',#2978,#2377,#2378);
#2180=AXIS2_PLACEMENT_3D('',#2979,#2379,#2380);
#2181=AXIS2_PLACEMENT_3D('',#2985,#2384,#2385);
#2182=AXIS2_PLACEMENT_3D('',#2991,#2389,#2390);
#2183=AXIS2_PLACEMENT_3D('',#2997,#2394,#2395);
#2184=AXIS2_PLACEMENT_3D('',#3003,#2399,#2400);
#2185=AXIS2_PLACEMENT_3D('',#3007,#2403,#2404);
#2186=AXIS2_PLACEMENT_3D('',#3009,#2406,#2407);
#2187=AXIS2_PLACEMENT_3D('',#3012,#2409,#2410);
#2188=AXIS2_PLACEMENT_3D('',#3013,#2411,#2412);
#2189=AXIS2_PLACEMENT_3D('',#3017,#2415,#2416);
#2190=AXIS2_PLACEMENT_3D('',#3019,#2417,#2418);
#2191=AXIS2_PLACEMENT_3D('',#3021,#2420,#2421);
#2192=AXIS2_PLACEMENT_3D('',#3025,#2424,#2425);
#2193=AXIS2_PLACEMENT_3D('',#3027,#2426,#2427);
#2194=AXIS2_PLACEMENT_3D('',#3029,#2429,#2430);
#2195=AXIS2_PLACEMENT_3D('',#3033,#2433,#2434);
#2196=AXIS2_PLACEMENT_3D('',#3035,#2435,#2436);
#2197=AXIS2_PLACEMENT_3D('',#3037,#2438,#2439);
#2198=AXIS2_PLACEMENT_3D('',#3041,#2442,#2443);
#2199=AXIS2_PLACEMENT_3D('',#3047,#2447,#2448);
#2200=AXIS2_PLACEMENT_3D('',#3053,#2452,#2453);
#2201=AXIS2_PLACEMENT_3D('',#3057,#2455,#2456);
#2202=AXIS2_PLACEMENT_3D('',#3061,#2458,#2459);
#2203=AXIS2_PLACEMENT_3D('',#3065,#2461,#2462);
#2204=AXIS2_PLACEMENT_3D('',#3069,#2464,#2465);
#2205=AXIS2_PLACEMENT_3D('',#3074,#2468,#2469);
#2206=AXIS2_PLACEMENT_3D('',#3078,#2471,#2472);
#2207=AXIS2_PLACEMENT_3D('',#3082,#2474,#2475);
#2208=AXIS2_PLACEMENT_3D('',#3085,#2477,#2478);
#2209=AXIS2_PLACEMENT_3D('',#3087,#2479,#2480);
#2210=AXIS2_PLACEMENT_3D('',#3089,#2481,#2482);
#2211=AXIS2_PLACEMENT_3D('',#3090,#2483,#2484);
#2212=AXIS2_PLACEMENT_3D('',#3093,#2486,#2487);
#2213=AXIS2_PLACEMENT_3D('',#3094,#2488,#2489);
#2214=AXIS2_PLACEMENT_3D('',#3098,#2492,#2493);
#2215=AXIS2_PLACEMENT_3D('',#3102,#2496,#2497);
#2216=AXIS2_PLACEMENT_3D('',#3104,#2498,#2499);
#2217=AXIS2_PLACEMENT_3D('',#3113,#2504,#2505);
#2218=AXIS2_PLACEMENT_3D('',#3115,#2506,#2507);
#2219=AXIS2_PLACEMENT_3D('',#3118,#2509,#2510);
#2220=AXIS2_PLACEMENT_3D('',#3119,#2511,#2512);
#2221=AXIS2_PLACEMENT_3D('',#3122,#2514,#2515);
#2222=AXIS2_PLACEMENT_3D('',#3123,#2516,#2517);
#2223=AXIS2_PLACEMENT_3D('',#3130,#2521,#2522);
#2224=AXIS2_PLACEMENT_3D('',#3139,#2527,#2528);
#2225=AXIS2_PLACEMENT_3D('',#3153,#2535,#2536);
#2226=AXIS2_PLACEMENT_3D('',#3154,#2537,#2538);
#2227=AXIS2_PLACEMENT_3D('',#3156,#2540,#2541);
#2228=AXIS2_PLACEMENT_3D('',#3159,#2543,#2544);
#2229=AXIS2_PLACEMENT_3D('',#3160,#2545,#2546);
#2230=AXIS2_PLACEMENT_3D('',#3173,#2553,#2554);
#2231=AXIS2_PLACEMENT_3D('',#3185,#2561,#2562);
#2232=AXIS2_PLACEMENT_3D('',#3187,#2563,#2564);
#2233=AXIS2_PLACEMENT_3D('',#3188,#2565,#2566);
#2234=AXIS2_PLACEMENT_3D('',#3194,#2570,#2571);
#2235=AXIS2_PLACEMENT_3D('',#3205,#2578,#2579);
#2236=AXIS2_PLACEMENT_3D('',#3208,#2582,#2583);
#2237=AXIS2_PLACEMENT_3D('',#3209,#2584,#2585);
#2238=AXIS2_PLACEMENT_3D('',#3210,#2586,#2587);
#2239=AXIS2_PLACEMENT_3D('',#3211,#2588,#2589);
#2240=AXIS2_PLACEMENT_3D('',#3213,#2591,#2592);
#2241=AXIS2_PLACEMENT_3D('',#3214,#2593,#2594);
#2242=AXIS2_PLACEMENT_3D('',#3215,#2595,#2596);
#2243=AXIS2_PLACEMENT_3D('',#3217,#2598,#2599);
#2244=AXIS2_PLACEMENT_3D('',#3218,#2600,#2601);
#2245=AXIS2_PLACEMENT_3D('',#3219,#2602,#2603);
#2246=AXIS2_PLACEMENT_3D('',#3220,#2604,#2605);
#2247=AXIS2_PLACEMENT_3D('',#3222,#2607,#2608);
#2248=AXIS2_PLACEMENT_3D('',#3225,#2611,#2612);
#2249=AXIS2_PLACEMENT_3D('',#3236,#2618,#2619);
#2250=AXIS2_PLACEMENT_3D('',#3238,#2620,#2621);
#2251=AXIS2_PLACEMENT_3D('',#3239,#2622,#2623);
#2252=AXIS2_PLACEMENT_3D('',#3241,#2625,#2626);
#2253=AXIS2_PLACEMENT_3D('',#3248,#2630,#2631);
#2254=AXIS2_PLACEMENT_3D('',#3250,#2632,#2633);
#2255=AXIS2_PLACEMENT_3D('',#3251,#2634,#2635);
#2256=AXIS2_PLACEMENT_3D('',#3253,#2636,#2637);
#2257=AXIS2_PLACEMENT_3D('',#3256,#2639,#2640);
#2258=AXIS2_PLACEMENT_3D('',#3257,#2641,#2642);
#2259=AXIS2_PLACEMENT_3D('',#3260,#2644,#2645);
#2260=AXIS2_PLACEMENT_3D('',#3261,#2646,#2647);
#2261=AXIS2_PLACEMENT_3D('',#3271,#2652,#2653);
#2262=AXIS2_PLACEMENT_3D('',#3280,#2658,#2659);
#2263=AXIS2_PLACEMENT_3D('',#3288,#2664,#2665);
#2264=AXIS2_PLACEMENT_3D('',#3289,#2666,#2667);
#2265=AXIS2_PLACEMENT_3D('',#3291,#2669,#2670);
#2266=AXIS2_PLACEMENT_3D('',#3294,#2672,#2673);
#2267=AXIS2_PLACEMENT_3D('',#3295,#2674,#2675);
#2268=AXIS2_PLACEMENT_3D('',#3312,#2684,#2685);
#2269=AXIS2_PLACEMENT_3D('',#3315,#2688,#2689);
#2270=AXIS2_PLACEMENT_3D('',#3317,#2690,#2691);
#2271=AXIS2_PLACEMENT_3D('',#3319,#2693,#2694);
#2272=AXIS2_PLACEMENT_3D('',#3323,#2697,#2698);
#2273=AXIS2_PLACEMENT_3D('',#3329,#2702,#2703);
#2274=AXIS2_PLACEMENT_3D('',#3332,#2706,#2707);
#2275=AXIS2_PLACEMENT_3D('',#3333,#2708,#2709);
#2276=AXIS2_PLACEMENT_3D('',#3335,#2711,#2712);
#2277=AXIS2_PLACEMENT_3D('',#3337,#2714,#2715);
#2278=AXIS2_PLACEMENT_3D('',#3339,#2717,#2718);
#2279=AXIS2_PLACEMENT_3D('',#3340,#2719,#2720);
#2280=AXIS2_PLACEMENT_3D('',#3342,#2722,#2723);
#2281=AXIS2_PLACEMENT_3D('',#3344,#2724,#2725);
#2282=AXIS2_PLACEMENT_3D('',#3346,#2727,#2728);
#2283=AXIS2_PLACEMENT_3D('',#3350,#2731,#2732);
#2284=AXIS2_PLACEMENT_3D('',#3351,#2733,#2734);
#2285=AXIS2_PLACEMENT_3D('',#3353,#2736,#2737);
#2286=AXIS2_PLACEMENT_3D('',#3355,#2739,#2740);
#2287=AXIS2_PLACEMENT_3D('',#3357,#2741,#2742);
#2288=AXIS2_PLACEMENT_3D('',#3359,#2744,#2745);
#2289=AXIS2_PLACEMENT_3D('',#3361,#2747,#2748);
#2290=AXIS2_PLACEMENT_3D('',#3365,#2751,#2752);
#2291=AXIS2_PLACEMENT_3D('',#3367,#2754,#2755);
#2292=AXIS2_PLACEMENT_3D('',#3368,#2756,#2757);
#2293=AXIS2_PLACEMENT_3D('',#3370,#2759,#2760);
#2294=AXIS2_PLACEMENT_3D('',#3372,#2762,#2763);
#2295=AXIS2_PLACEMENT_3D('',#3374,#2764,#2765);
#2296=AXIS2_PLACEMENT_3D('',#3376,#2767,#2768);
#2297=AXIS2_PLACEMENT_3D('',#3380,#2771,#2772);
#2298=AXIS2_PLACEMENT_3D('',#3381,#2773,#2774);
#2299=AXIS2_PLACEMENT_3D('',#3382,#2775,#2776);
#2300=AXIS2_PLACEMENT_3D('',#3384,#2778,#2779);
#2301=AXIS2_PLACEMENT_3D('',#3394,#2785,#2786);
#2302=AXIS2_PLACEMENT_3D('',#3395,#2787,#2788);
#2303=AXIS2_PLACEMENT_3D('',#3398,#2791,#2792);
#2304=AXIS2_PLACEMENT_3D('',#3400,#2794,#2795);
#2305=AXIS2_PLACEMENT_3D('',#3402,#2797,#2798);
#2306=AXIS2_PLACEMENT_3D('',#3403,#2799,#2800);
#2307=AXIS2_PLACEMENT_3D('',#3404,#2801,#2802);
#2308=AXIS2_PLACEMENT_3D('',#3405,#2803,#2804);
#2309=AXIS2_PLACEMENT_3D('',#3411,#2808,#2809);
#2310=AXIS2_PLACEMENT_3D('',#3417,#2813,#2814);
#2311=AXIS2_PLACEMENT_3D('',#3423,#2818,#2819);
#2312=AXIS2_PLACEMENT_3D('',#3427,#2822,#2823);
#2313=AXIS2_PLACEMENT_3D('',#3431,#2826,#2827);
#2314=AXIS2_PLACEMENT_3D('',#3433,#2829,#2830);
#2315=AXIS2_PLACEMENT_3D('',#3434,#2831,#2832);
#2316=AXIS2_PLACEMENT_3D('',#3443,#2837,#2838);
#2317=AXIS2_PLACEMENT_3D('',#3450,#2843,#2844);
#2318=AXIS2_PLACEMENT_3D('',#3454,#2847,#2848);
#2319=AXIS2_PLACEMENT_3D('',#3456,#2850,#2851);
#2320=AXIS2_PLACEMENT_3D('',#3460,#2854,#2855);
#2321=AXIS2_PLACEMENT_3D('',#3462,#2857,#2858);
#2322=AXIS2_PLACEMENT_3D('',#3463,#2859,#2860);
#2323=AXIS2_PLACEMENT_3D('',#3464,#2861,#2862);
#2324=AXIS2_PLACEMENT_3D('',#3470,#2866,#2867);
#2325=AXIS2_PLACEMENT_3D('',#3476,#2871,#2872);
#2326=AXIS2_PLACEMENT_3D('',#3482,#2876,#2877);
#2327=AXIS2_PLACEMENT_3D('',#3486,#2880,#2881);
#2328=AXIS2_PLACEMENT_3D('',#3490,#2884,#2885);
#2329=AXIS2_PLACEMENT_3D('',#3492,#2887,#2888);
#2330=AXIS2_PLACEMENT_3D('',#3501,#2893,#2894);
#2331=AXIS2_PLACEMENT_3D('',#3502,#2895,#2896);
#2332=AXIS2_PLACEMENT_3D('',#3509,#2901,#2902);
#2333=AXIS2_PLACEMENT_3D('',#3513,#2905,#2906);
#2334=AXIS2_PLACEMENT_3D('',#3515,#2908,#2909);
#2335=AXIS2_PLACEMENT_3D('',#3519,#2912,#2913);
#2336=AXIS2_PLACEMENT_3D('',#3521,#2915,#2916);
#2337=AXIS2_PLACEMENT_3D('',#3522,#2917,#2918);
#2338=AXIS2_PLACEMENT_3D('',#3524,#2920,#2921);
#2339=AXIS2_PLACEMENT_3D('',#3526,#2923,#2924);
#2340=AXIS2_PLACEMENT_3D('',#3528,#2926,#2927);
#2341=AXIS2_PLACEMENT_3D('',#3530,#2929,#2930);
#2342=AXIS2_PLACEMENT_3D('',#3531,#2931,#2932);
#2343=DIRECTION('axis',(0.,0.,1.));
#2344=DIRECTION('refdir',(1.,0.,0.));
#2345=DIRECTION('center_axis',(0.,1.,0.));
#2346=DIRECTION('ref_axis',(1.,0.,0.));
#2347=DIRECTION('',(1.,0.,0.));
#2348=DIRECTION('',(0.707106781659897,-6.69415579863498E-10,-0.707106780713198));
#2349=DIRECTION('center_axis',(0.,-1.,0.));
#2350=DIRECTION('ref_axis',(-0.707106781186498,0.,-0.707106781186598));
#2351=DIRECTION('',(1.,-1.350034782E-9,1.350033811722E-9));
#2352=DIRECTION('center_axis',(0.,-1.,0.));
#2353=DIRECTION('ref_axis',(0.,0.,-1.));
#2354=DIRECTION('',(-3.688052221601E-10,-3.688056062372E-10,1.));
#2355=DIRECTION('center_axis',(0.,-1.,0.));
#2356=DIRECTION('ref_axis',(1.,0.,0.));
#2357=DIRECTION('',(-1.,-5.505629706089E-10,-5.505634557479E-10));
#2358=DIRECTION('center_axis',(0.,-1.,0.));
#2359=DIRECTION('ref_axis',(-1.671865260612E-14,0.,1.));
#2360=DIRECTION('',(-0.707106781377398,2.69907660249399E-10,-0.707106780995697));
#2361=DIRECTION('',(-1.,0.,0.));
#2362=DIRECTION('',(-0.707106781659897,-6.69415579863498E-10,0.707106780713198));
#2363=DIRECTION('center_axis',(0.,-1.,0.));
#2364=DIRECTION('ref_axis',(0.707106781186598,0.,0.707106781186498));
#2365=DIRECTION('',(-1.,-1.350041862059E-9,-1.350041619489E-9));
#2366=DIRECTION('center_axis',(0.,-1.,0.));
#2367=DIRECTION('ref_axis',(0.,0.,1.));
#2368=DIRECTION('',(3.688047100572E-10,-3.688056062372E-10,-1.));
#2369=DIRECTION('center_axis',(0.,-1.,0.));
#2370=DIRECTION('ref_axis',(-1.,0.,-2.507797890918E-14));
#2371=DIRECTION('',(1.,-5.401362959857E-10,5.401348681353E-10));
#2372=DIRECTION('center_axis',(0.,-1.,0.));
#2373=DIRECTION('ref_axis',(0.,0.,-1.));
#2374=DIRECTION('',(0.707106781377398,2.69907660249399E-10,0.707106780995697));
#2375=DIRECTION('center_axis',(0.,-1.,0.));
#2376=DIRECTION('ref_axis',(1.,0.,0.));
#2377=DIRECTION('center_axis',(0.,-1.,0.));
#2378=DIRECTION('ref_axis',(1.,0.,0.));
#2379=DIRECTION('center_axis',(0.,-0.707106781186498,-0.707106781186598));
#2380=DIRECTION('ref_axis',(0.,0.707106781186598,-0.707106781186498));
#2381=DIRECTION('',(1.,0.,0.));
#2382=DIRECTION('',(-0.281084637714801,0.678598344545901,-0.678598344545801));
#2383=DIRECTION('',(0.281084637714781,0.678598344545855,-0.678598344545855));
#2384=DIRECTION('center_axis',(0.,0.,-1.));
#2385=DIRECTION('ref_axis',(-1.,0.,0.));
#2386=DIRECTION('',(-1.,0.,0.));
#2387=DIRECTION('',(0.,1.,0.));
#2388=DIRECTION('',(0.,1.,0.));
#2389=DIRECTION('center_axis',(0.,0.707106781186548,-0.707106781186548));
#2390=DIRECTION('ref_axis',(0.,-0.707106781186548,-0.707106781186548));
#2391=DIRECTION('',(0.281084637714801,-0.678598344545801,-0.678598344545901));
#2392=DIRECTION('',(-1.,0.,0.));
#2393=DIRECTION('',(0.28108463771482,0.678598344545847,0.678598344545847));
#2394=DIRECTION('center_axis',(-0.500000000000017,0.707106781186524,-0.500000000000017));
#2395=DIRECTION('ref_axis',(-0.499999999999983,-0.707106781186571,-0.499999999999983));
#2396=DIRECTION('',(-0.707106781606798,-5.94262147670798E-10,0.707106780766298));
#2397=DIRECTION('',(-0.707106781659897,-6.69415233410098E-10,0.707106780713198));
#2398=DIRECTION('',(-0.500000016136792,-0.707106781186488,-0.499999983863292));
#2399=DIRECTION('center_axis',(-0.707106781186548,0.,-0.707106781186548));
#2400=DIRECTION('ref_axis',(-0.707106781186548,0.,0.707106781186548));
#2401=DIRECTION('',(0.,-1.,0.));
#2402=DIRECTION('',(0.707106781606798,-5.94261450539998E-10,-0.707106780766298));
#2403=DIRECTION('center_axis',(-0.499999999999981,-0.707106781186574,-0.499999999999981));
#2404=DIRECTION('ref_axis',(-0.500000000000018,0.707106781186521,-0.500000000000018));
#2405=DIRECTION('',(-0.500000016136817,0.707106781186524,-0.499999983863217));
#2406=DIRECTION('center_axis',(0.,1.,0.));
#2407=DIRECTION('ref_axis',(0.,0.,-1.));
#2408=DIRECTION('',(1.61860705771299E-8,0.707106781186597,-0.707106781186498));
#2409=DIRECTION('center_axis',(0.,-1.,0.));
#2410=DIRECTION('ref_axis',(-0.707106781186548,0.,-0.707106781186548));
#2411=DIRECTION('center_axis',(0.,-0.707106781186548,-0.707106781186548));
#2412=DIRECTION('ref_axis',(0.,0.707106781186548,-0.707106781186548));
#2413=DIRECTION('',(1.,-1.191206562214E-9,1.191206562214E-9));
#2414=DIRECTION('',(-1.034093867234E-8,0.707106781186597,-0.707106781186498));
#2415=DIRECTION('center_axis',(0.,1.,0.));
#2416=DIRECTION('ref_axis',(0.,0.,-1.));
#2417=DIRECTION('center_axis',(0.,-1.,0.));
#2418=DIRECTION('ref_axis',(0.,0.,-1.));
#2419=DIRECTION('',(0.707106781186598,0.707106781186498,7.91943749486997E-9));
#2420=DIRECTION('center_axis',(0.707106781186498,-0.707106781186598,0.));
#2421=DIRECTION('ref_axis',(0.707106781186598,0.707106781186498,0.));
#2422=DIRECTION('',(-3.254164101942E-10,-3.254164101942E-10,1.));
#2423=DIRECTION('',(0.707106781186597,0.707106781186498,-1.034090517703E-8));
#2424=DIRECTION('center_axis',(0.,1.,0.));
#2425=DIRECTION('ref_axis',(0.,0.,-1.));
#2426=DIRECTION('center_axis',(0.,-1.,0.));
#2427=DIRECTION('ref_axis',(1.,0.,0.));
#2428=DIRECTION('',(-7.91944586869753E-9,0.707106781186548,0.707106781186548));
#2429=DIRECTION('center_axis',(0.,-0.707106781186548,0.707106781186548));
#2430=DIRECTION('ref_axis',(0.,0.707106781186548,0.707106781186548));
#2431=DIRECTION('',(-1.,-4.85790114807E-10,-4.857910850852E-10));
#2432=DIRECTION('',(1.80060714581512E-8,0.707106781186547,0.707106781186547));
#2433=DIRECTION('center_axis',(0.,1.,0.));
#2434=DIRECTION('ref_axis',(0.,0.,-1.));
#2435=DIRECTION('center_axis',(0.,-1.,0.));
#2436=DIRECTION('ref_axis',(0.,0.,1.));
#2437=DIRECTION('',(-0.500000021050417,0.707106781186523,0.499999978949617));
#2438=DIRECTION('center_axis',(-0.499999999999981,-0.707106781186574,0.499999999999981));
#2439=DIRECTION('ref_axis',(-0.500000000000018,0.707106781186521,0.500000000000018));
#2440=DIRECTION('',(-0.707106781355997,2.39605237268499E-10,-0.707106781017097));
#2441=DIRECTION('',(0.281084637714801,-0.678598344545801,-0.678598344545901));
#2442=DIRECTION('center_axis',(-0.707106781186548,0.,0.707106781186548));
#2443=DIRECTION('ref_axis',(0.707106781186548,0.,0.707106781186548));
#2444=DIRECTION('',(0.707106781355997,2.39603843006999E-10,0.707106781017097));
#2445=DIRECTION('',(0.,1.,0.));
#2446=DIRECTION('',(0.,-1.,0.));
#2447=DIRECTION('center_axis',(-0.499999999999981,0.707106781186574,0.499999999999981));
#2448=DIRECTION('ref_axis',(-0.500000000000018,-0.707106781186521,0.500000000000018));
#2449=DIRECTION('',(0.707106781377398,2.69906620889199E-10,0.707106780995697));
#2450=DIRECTION('',(-0.281084637714801,-0.678598344545801,0.678598344545901));
#2451=DIRECTION('',(-0.500000021050492,-0.707106781186488,0.499999978949592));
#2452=DIRECTION('center_axis',(0.,-1.,0.));
#2453=DIRECTION('ref_axis',(-1.,0.,0.));
#2454=DIRECTION('',(-0.707106781377398,2.69907313795999E-10,-0.707106780995697));
#2455=DIRECTION('center_axis',(0.,1.,0.));
#2456=DIRECTION('ref_axis',(0.707106781186598,0.,-0.707106781186498));
#2457=DIRECTION('',(-1.,-5.401358200356E-10,-5.401348681353E-10));
#2458=DIRECTION('center_axis',(0.,1.,0.));
#2459=DIRECTION('ref_axis',(0.,0.,-1.));
#2460=DIRECTION('',(-3.688057342629E-10,-3.688054782115E-10,1.));
#2461=DIRECTION('center_axis',(0.,1.,0.));
#2462=DIRECTION('ref_axis',(-1.,0.,0.));
#2463=DIRECTION('',(1.,-1.350041376918E-9,1.35004210463E-9));
#2464=DIRECTION('center_axis',(0.,1.,0.));
#2465=DIRECTION('ref_axis',(0.,0.,1.));
#2466=DIRECTION('',(0.707106781659897,-6.69415233410098E-10,-0.707106780713198));
#2467=DIRECTION('',(1.,0.,0.));
#2468=DIRECTION('center_axis',(0.,1.,0.));
#2469=DIRECTION('ref_axis',(-0.707106781186498,0.,0.707106781186598));
#2470=DIRECTION('',(1.,-5.505629706089E-10,5.505629706089E-10));
#2471=DIRECTION('center_axis',(0.,1.,0.));
#2472=DIRECTION('ref_axis',(0.,0.,1.));
#2473=DIRECTION('',(3.688052221601E-10,-3.688054782115E-10,-1.));
#2474=DIRECTION('center_axis',(0.,1.,0.));
#2475=DIRECTION('ref_axis',(1.,0.,1.671865260612E-14));
#2476=DIRECTION('',(-1.,-1.350034296861E-9,-1.350033811722E-9));
#2477=DIRECTION('center_axis',(0.,1.,0.));
#2478=DIRECTION('ref_axis',(0.,0.,-1.));
#2479=DIRECTION('center_axis',(0.,-1.,0.));
#2480=DIRECTION('ref_axis',(1.,0.,0.));
#2481=DIRECTION('center_axis',(0.,-1.,0.));
#2482=DIRECTION('ref_axis',(1.,0.,0.));
#2483=DIRECTION('center_axis',(0.,-1.,0.));
#2484=DIRECTION('ref_axis',(0.,0.,-1.));
#2485=DIRECTION('',(1.61860705771299E-8,-0.707106781186597,-0.707106781186498));
#2486=DIRECTION('center_axis',(0.,1.,0.));
#2487=DIRECTION('ref_axis',(0.,0.,-1.));
#2488=DIRECTION('center_axis',(0.,0.707106781186548,-0.707106781186548));
#2489=DIRECTION('ref_axis',(0.,-0.707106781186548,-0.707106781186548));
#2490=DIRECTION('',(-1.034093867234E-8,-0.707106781186498,-0.707106781186597));
#2491=DIRECTION('',(-1.,-1.191207532492E-9,-1.191206077075E-9));
#2492=DIRECTION('center_axis',(0.,0.,-1.));
#2493=DIRECTION('ref_axis',(-1.,0.,0.));
#2494=DIRECTION('',(0.,-1.,0.));
#2495=DIRECTION('',(0.,-1.,0.));
#2496=DIRECTION('center_axis',(0.,0.,1.));
#2497=DIRECTION('ref_axis',(-1.,0.,0.));
#2498=DIRECTION('center_axis',(0.,0.,1.));
#2499=DIRECTION('ref_axis',(-1.,0.,0.));
#2500=DIRECTION('',(1.,0.,0.));
#2501=DIRECTION('',(0.,1.,0.));
#2502=DIRECTION('',(-1.,0.,0.));
#2503=DIRECTION('',(0.,-1.,0.));
#2504=DIRECTION('center_axis',(0.,0.,1.));
#2505=DIRECTION('ref_axis',(-1.,0.,0.));
#2506=DIRECTION('center_axis',(-0.624695047554424,0.,0.78086880944303));
#2507=DIRECTION('ref_axis',(-0.78086880944303,0.,-0.624695047554424));
#2508=DIRECTION('',(0.,0.,1.));
#2509=DIRECTION('center_axis',(0.,0.,1.));
#2510=DIRECTION('ref_axis',(-1.,0.,0.));
#2511=DIRECTION('center_axis',(0.,0.,1.));
#2512=DIRECTION('ref_axis',(-1.,0.,0.));
#2513=DIRECTION('',(0.,0.,1.));
#2514=DIRECTION('center_axis',(0.624695047554424,0.,0.78086880944303));
#2515=DIRECTION('ref_axis',(-0.78086880944303,0.,0.624695047554424));
#2516=DIRECTION('center_axis',(0.,0.,1.));
#2517=DIRECTION('ref_axis',(1.,0.,0.));
#2518=DIRECTION('',(1.,-4.85790114807E-10,4.857910850852E-10));
#2519=DIRECTION('',(0.,-1.,0.));
#2520=DIRECTION('',(0.,-1.,0.));
#2521=DIRECTION('center_axis',(0.,0.,1.));
#2522=DIRECTION('ref_axis',(-1.,0.,0.));
#2523=DIRECTION('',(-1.,0.,0.));
#2524=DIRECTION('',(0.,1.,0.));
#2525=DIRECTION('',(1.,0.,0.));
#2526=DIRECTION('',(0.,-1.,0.));
#2527=DIRECTION('center_axis',(0.624695047554424,0.,-0.78086880944303));
#2528=DIRECTION('ref_axis',(-0.78086880944303,0.,-0.624695047554424));
#2529=DIRECTION('',(0.,1.,0.));
#2530=DIRECTION('',(-0.615457454896589,0.615457454896689,-0.492365963917391));
#2531=DIRECTION('',(0.78086880944303,0.,0.624695047554424));
#2532=DIRECTION('',(0.,1.,0.));
#2533=DIRECTION('',(-0.78086880944303,0.,-0.624695047554424));
#2534=DIRECTION('',(0.615457454896682,0.615457454896682,0.492365963917285));
#2535=DIRECTION('center_axis',(-0.624695047554424,0.,0.78086880944303));
#2536=DIRECTION('ref_axis',(-0.78086880944303,0.,-0.624695047554424));
#2537=DIRECTION('center_axis',(0.,0.,1.));
#2538=DIRECTION('ref_axis',(-1.,0.,0.));
#2539=DIRECTION('',(0.,0.,1.));
#2540=DIRECTION('center_axis',(0.,0.,1.));
#2541=DIRECTION('ref_axis',(-1.,0.,0.));
#2542=DIRECTION('',(0.,0.,1.));
#2543=DIRECTION('center_axis',(0.624695047554424,0.,0.78086880944303));
#2544=DIRECTION('ref_axis',(-0.78086880944303,0.,0.624695047554424));
#2545=DIRECTION('center_axis',(0.624695047554424,0.,0.78086880944303));
#2546=DIRECTION('ref_axis',(-0.78086880944303,0.,0.624695047554424));
#2547=DIRECTION('',(0.78086880944303,0.,-0.624695047554424));
#2548=DIRECTION('',(0.,-1.,0.));
#2549=DIRECTION('',(-0.78086880944303,0.,0.624695047554424));
#2550=DIRECTION('',(0.615457454896689,-0.615457454896589,-0.492365963917391));
#2551=DIRECTION('',(0.,-1.,0.));
#2552=DIRECTION('',(-0.61545745489662,-0.61545745489672,0.492365963917316));
#2553=DIRECTION('center_axis',(0.,1.,0.));
#2554=DIRECTION('ref_axis',(0.,0.,1.));
#2555=DIRECTION('',(0.,0.,1.));
#2556=DIRECTION('',(-1.,0.,0.));
#2557=DIRECTION('',(-0.78086880944303,0.,0.624695047554424));
#2558=DIRECTION('',(0.,0.,-1.));
#2559=DIRECTION('',(0.78086880944303,0.,0.624695047554424));
#2560=DIRECTION('',(-1.,0.,0.));
#2561=DIRECTION('center_axis',(0.,-1.,0.));
#2562=DIRECTION('ref_axis',(1.,0.,0.));
#2563=DIRECTION('center_axis',(0.,-1.,0.));
#2564=DIRECTION('ref_axis',(1.,0.,0.));
#2565=DIRECTION('center_axis',(0.707106781186548,-0.707106781186548,0.));
#2566=DIRECTION('ref_axis',(0.707106781186548,0.707106781186548,0.));
#2567=DIRECTION('',(0.,0.,1.));
#2568=DIRECTION('',(0.397495723427502,0.397495723427402,0.827039478933003));
#2569=DIRECTION('',(0.397495723427502,0.397495723427402,-0.827039478933003));
#2570=DIRECTION('center_axis',(1.,0.,0.));
#2571=DIRECTION('ref_axis',(0.,0.,-1.));
#2572=DIRECTION('',(3.254162821685E-10,-3.254162821685E-10,-1.));
#2573=DIRECTION('',(0.,-1.,0.));
#2574=DIRECTION('',(0.,-1.,0.));
#2575=DIRECTION('',(0.,-1.,0.));
#2576=DIRECTION('',(0.,0.,-1.));
#2577=DIRECTION('',(0.,1.,0.));
#2578=DIRECTION('center_axis',(0.707106781186498,0.707106781186598,0.));
#2579=DIRECTION('ref_axis',(0.707106781186598,-0.707106781186498,0.));
#2580=DIRECTION('',(0.707106781186597,-0.707106781186498,-1.034090517703E-8));
#2581=DIRECTION('',(0.707106781186597,-0.707106781186498,7.91942074721697E-9));
#2582=DIRECTION('center_axis',(0.,-1.,0.));
#2583=DIRECTION('ref_axis',(0.,0.,-1.));
#2584=DIRECTION('center_axis',(0.,1.,0.));
#2585=DIRECTION('ref_axis',(1.,0.,0.));
#2586=DIRECTION('center_axis',(0.,-1.,0.));
#2587=DIRECTION('ref_axis',(0.,0.,-1.));
#2588=DIRECTION('center_axis',(0.,-1.,0.));
#2589=DIRECTION('ref_axis',(0.,0.,-1.));
#2590=DIRECTION('',(-7.91942912104397E-9,-0.707106781186498,0.707106781186597));
#2591=DIRECTION('center_axis',(0.,1.,0.));
#2592=DIRECTION('ref_axis',(0.,0.,1.));
#2593=DIRECTION('center_axis',(0.,-1.,0.));
#2594=DIRECTION('ref_axis',(1.,0.,0.));
#2595=DIRECTION('center_axis',(0.,0.707106781186598,0.707106781186498));
#2596=DIRECTION('ref_axis',(0.,-0.707106781186498,0.707106781186598));
#2597=DIRECTION('',(1.80060044675399E-8,-0.707106781186497,0.707106781186597));
#2598=DIRECTION('center_axis',(0.,-1.,0.));
#2599=DIRECTION('ref_axis',(0.,0.,-1.));
#2600=DIRECTION('center_axis',(0.,1.,0.));
#2601=DIRECTION('ref_axis',(-0.707106781186548,0.,0.707106781186548));
#2602=DIRECTION('center_axis',(0.,-1.,0.));
#2603=DIRECTION('ref_axis',(0.,0.,1.));
#2604=DIRECTION('center_axis',(0.901303236306878,0.,-0.433188730489089));
#2605=DIRECTION('ref_axis',(-0.433188730489089,0.,-0.901303236306878));
#2606=DIRECTION('',(0.397495723427503,-0.397495723427603,0.827039478932906));
#2607=DIRECTION('center_axis',(0.707106781186598,0.707106781186498,0.));
#2608=DIRECTION('ref_axis',(0.707106781186498,-0.707106781186598,0.));
#2609=DIRECTION('',(0.397495723427519,-0.397495723427519,-0.827039478932939));
#2610=DIRECTION('',(0.,0.,-1.));
#2611=DIRECTION('center_axis',(0.,-1.,0.));
#2612=DIRECTION('ref_axis',(0.,0.,-1.));
#2613=DIRECTION('',(-1.,0.,0.));
#2614=DIRECTION('',(-0.78086880944303,0.,-0.624695047554424));
#2615=DIRECTION('',(0.,0.,1.));
#2616=DIRECTION('',(0.78086880944303,0.,-0.624695047554424));
#2617=DIRECTION('',(-1.,0.,0.));
#2618=DIRECTION('center_axis',(0.,-1.,0.));
#2619=DIRECTION('ref_axis',(1.,0.,0.));
#2620=DIRECTION('center_axis',(0.,-1.,0.));
#2621=DIRECTION('ref_axis',(1.,0.,0.));
#2622=DIRECTION('center_axis',(0.,0.,1.));
#2623=DIRECTION('ref_axis',(0.,-1.,0.));
#2624=DIRECTION('',(0.,-1.,0.));
#2625=DIRECTION('center_axis',(-0.624695047554424,0.,-0.78086880944303));
#2626=DIRECTION('ref_axis',(0.78086880944303,0.,-0.624695047554424));
#2627=DIRECTION('',(-0.615457454896682,-0.615457454896682,0.492365963917285));
#2628=DIRECTION('',(0.,-1.,0.));
#2629=DIRECTION('',(0.615457454896682,-0.615457454896682,-0.492365963917285));
#2630=DIRECTION('center_axis',(0.624695047554424,0.,0.78086880944303));
#2631=DIRECTION('ref_axis',(-0.78086880944303,0.,0.624695047554424));
#2632=DIRECTION('center_axis',(0.624695047554424,0.,0.78086880944303));
#2633=DIRECTION('ref_axis',(-0.78086880944303,0.,0.624695047554424));
#2634=DIRECTION('center_axis',(0.,0.,1.));
#2635=DIRECTION('ref_axis',(-1.,0.,0.));
#2636=DIRECTION('center_axis',(0.,0.,1.));
#2637=DIRECTION('ref_axis',(-1.,0.,0.));
#2638=DIRECTION('',(0.,0.,1.));
#2639=DIRECTION('center_axis',(-0.624695047554424,0.,0.78086880944303));
#2640=DIRECTION('ref_axis',(-0.78086880944303,0.,-0.624695047554424));
#2641=DIRECTION('center_axis',(0.,0.,1.));
#2642=DIRECTION('ref_axis',(-1.,0.,0.));
#2643=DIRECTION('',(0.,0.,1.));
#2644=DIRECTION('center_axis',(0.,0.,1.));
#2645=DIRECTION('ref_axis',(-1.,0.,0.));
#2646=DIRECTION('center_axis',(0.,0.,-1.));
#2647=DIRECTION('ref_axis',(-1.,0.,0.));
#2648=DIRECTION('',(-1.,-4.765888619585E-10,-4.765898138588E-10));
#2649=DIRECTION('',(0.,-1.,0.));
#2650=DIRECTION('',(1.,-4.765888619585E-10,4.765888619585E-10));
#2651=DIRECTION('',(0.,-1.,0.));
#2652=DIRECTION('center_axis',(0.,0.,1.));
#2653=DIRECTION('ref_axis',(-1.,0.,0.));
#2654=DIRECTION('',(1.,0.,0.));
#2655=DIRECTION('',(0.,1.,0.));
#2656=DIRECTION('',(-1.,0.,0.));
#2657=DIRECTION('',(0.,-1.,0.));
#2658=DIRECTION('center_axis',(-0.624695047554424,0.,0.78086880944303));
#2659=DIRECTION('ref_axis',(0.78086880944303,0.,0.624695047554424));
#2660=DIRECTION('',(0.,1.,0.));
#2661=DIRECTION('',(0.615457454896589,0.61545745489669,0.492365963917392));
#2662=DIRECTION('',(0.,1.,0.));
#2663=DIRECTION('',(-0.615457454896582,0.615457454896782,-0.492365963917285));
#2664=DIRECTION('center_axis',(-0.624695047554424,0.,0.78086880944303));
#2665=DIRECTION('ref_axis',(-0.78086880944303,0.,-0.624695047554424));
#2666=DIRECTION('center_axis',(0.,0.,1.));
#2667=DIRECTION('ref_axis',(-1.,0.,0.));
#2668=DIRECTION('',(0.,0.,1.));
#2669=DIRECTION('center_axis',(0.,0.,1.));
#2670=DIRECTION('ref_axis',(-1.,0.,0.));
#2671=DIRECTION('',(0.,0.,1.));
#2672=DIRECTION('center_axis',(0.,0.,1.));
#2673=DIRECTION('ref_axis',(-1.,0.,0.));
#2674=DIRECTION('center_axis',(0.,0.,1.));
#2675=DIRECTION('ref_axis',(1.,0.,0.));
#2676=DIRECTION('',(1.,-1.191212809322E-9,1.191212809322E-9));
#2677=DIRECTION('',(0.,-1.,0.));
#2678=DIRECTION('',(-1.,-1.191212809322E-9,-1.191213294464E-9));
#2679=DIRECTION('',(0.,-1.,0.));
#2680=DIRECTION('',(1.,0.,0.));
#2681=DIRECTION('',(0.,-1.,0.));
#2682=DIRECTION('',(-1.,0.,0.));
#2683=DIRECTION('',(0.,1.,0.));
#2684=DIRECTION('center_axis',(0.,0.707106781186598,0.707106781186498));
#2685=DIRECTION('ref_axis',(0.,-0.707106781186498,0.707106781186598));
#2686=DIRECTION('',(1.034080469112E-8,-0.707106781186498,0.707106781186597));
#2687=DIRECTION('',(-1.61862045583599E-8,-0.707106781186498,0.707106781186597));
#2688=DIRECTION('center_axis',(0.,-1.,0.));
#2689=DIRECTION('ref_axis',(0.,0.,-1.));
#2690=DIRECTION('center_axis',(0.,1.,0.));
#2691=DIRECTION('ref_axis',(0.,0.,1.));
#2692=DIRECTION('',(0.500000016136817,-0.707106781186524,0.499999983863217));
#2693=DIRECTION('center_axis',(0.499999999999981,0.707106781186574,0.499999999999981));
#2694=DIRECTION('ref_axis',(0.500000000000018,-0.707106781186521,0.500000000000018));
#2695=DIRECTION('',(0.707106781606798,-5.94260753409298E-10,-0.707106780766298));
#2696=DIRECTION('',(-0.281084637714801,0.678598344545801,-0.678598344545901));
#2697=DIRECTION('center_axis',(0.707106781186548,0.,0.707106781186548));
#2698=DIRECTION('ref_axis',(0.707106781186548,0.,-0.707106781186548));
#2699=DIRECTION('',(0.,-1.,0.));
#2700=DIRECTION('',(-0.707106781606798,-5.94261101974598E-10,0.707106780766298));
#2701=DIRECTION('',(0.,1.,0.));
#2702=DIRECTION('center_axis',(0.,0.,1.));
#2703=DIRECTION('ref_axis',(1.,0.,0.));
#2704=DIRECTION('',(1.,0.,0.));
#2705=DIRECTION('',(-1.,0.,0.));
#2706=DIRECTION('center_axis',(0.,0.707106781186598,0.707106781186498));
#2707=DIRECTION('ref_axis',(0.,-0.707106781186498,0.707106781186598));
#2708=DIRECTION('center_axis',(0.,-0.707106781186498,0.707106781186598));
#2709=DIRECTION('ref_axis',(0.,0.707106781186598,0.707106781186498));
#2710=DIRECTION('',(0.281084637714781,0.678598344545855,0.678598344545855));
#2711=DIRECTION('center_axis',(0.500000000000017,-0.707106781186524,0.500000000000017));
#2712=DIRECTION('ref_axis',(0.499999999999983,0.707106781186571,0.499999999999983));
#2713=DIRECTION('',(0.500000016136681,0.707106781186574,0.499999983863281));
#2714=DIRECTION('center_axis',(0.,1.,0.));
#2715=DIRECTION('ref_axis',(0.,0.,-1.));
#2716=DIRECTION('',(-1.61861375677499E-8,0.707106781186597,0.707106781186498));
#2717=DIRECTION('center_axis',(0.,-1.,0.));
#2718=DIRECTION('ref_axis',(0.707106781186598,0.,0.707106781186498));
#2719=DIRECTION('center_axis',(0.,-0.707106781186548,0.707106781186548));
#2720=DIRECTION('ref_axis',(0.,0.707106781186548,0.707106781186548));
#2721=DIRECTION('',(1.034080469112E-8,0.707106781186597,0.707106781186498));
#2722=DIRECTION('center_axis',(0.,1.,0.));
#2723=DIRECTION('ref_axis',(0.,0.,-1.));
#2724=DIRECTION('center_axis',(0.,-1.,0.));
#2725=DIRECTION('ref_axis',(0.,0.,1.));
#2726=DIRECTION('',(-0.707106781186498,0.707106781186597,-7.91942912104397E-9));
#2727=DIRECTION('center_axis',(-0.707106781186598,-0.707106781186498,0.));
#2728=DIRECTION('ref_axis',(-0.707106781186498,0.707106781186598,0.));
#2729=DIRECTION('',(3.254167942714E-10,-3.254162821685E-10,-1.));
#2730=DIRECTION('',(-0.707106781186547,0.707106781186547,1.03409470461707E-8));
#2731=DIRECTION('center_axis',(0.,1.,0.));
#2732=DIRECTION('ref_axis',(0.,0.,-1.));
#2733=DIRECTION('center_axis',(0.,-1.,0.));
#2734=DIRECTION('ref_axis',(-1.,0.,0.));
#2735=DIRECTION('',(7.91949611165498E-9,0.707106781186498,-0.707106781186597));
#2736=DIRECTION('center_axis',(0.,-0.707106781186548,-0.707106781186548));
#2737=DIRECTION('ref_axis',(0.,0.707106781186548,-0.707106781186548));
#2738=DIRECTION('',(-1.80060044675399E-8,0.707106781186597,-0.707106781186497));
#2739=DIRECTION('center_axis',(0.,1.,0.));
#2740=DIRECTION('ref_axis',(0.,0.,-1.));
#2741=DIRECTION('center_axis',(0.,-1.,0.));
#2742=DIRECTION('ref_axis',(0.,0.,-1.));
#2743=DIRECTION('',(0.500000021050417,0.707106781186523,-0.499999978949617));
#2744=DIRECTION('center_axis',(0.500000000000017,-0.707106781186524,-0.500000000000017));
#2745=DIRECTION('ref_axis',(0.499999999999983,0.707106781186571,-0.499999999999983));
#2746=DIRECTION('',(0.707106781355997,2.39605237268499E-10,0.707106781017097));
#2747=DIRECTION('center_axis',(0.707106781186548,0.,-0.707106781186548));
#2748=DIRECTION('ref_axis',(-0.707106781186548,0.,-0.707106781186548));
#2749=DIRECTION('',(-0.707106781355997,2.39603843006999E-10,-0.707106781017097));
#2750=DIRECTION('',(0.,-1.,0.));
#2751=DIRECTION('center_axis',(0.500000000000017,0.707106781186524,-0.500000000000017));
#2752=DIRECTION('ref_axis',(0.499999999999983,-0.707106781186571,-0.499999999999983));
#2753=DIRECTION('',(0.500000021050381,-0.707106781186573,-0.499999978949581));
#2754=DIRECTION('center_axis',(0.,-1.,0.));
#2755=DIRECTION('ref_axis',(0.,0.,-1.));
#2756=DIRECTION('center_axis',(0.,1.,0.));
#2757=DIRECTION('ref_axis',(0.707106781186598,0.,-0.707106781186498));
#2758=DIRECTION('',(-1.80060714581499E-8,-0.707106781186597,-0.707106781186497));
#2759=DIRECTION('center_axis',(0.,0.707106781186548,-0.707106781186548));
#2760=DIRECTION('ref_axis',(0.,-0.707106781186548,-0.707106781186548));
#2761=DIRECTION('',(7.91929513982098E-9,-0.707106781186498,-0.707106781186597));
#2762=DIRECTION('center_axis',(0.,-1.,0.));
#2763=DIRECTION('ref_axis',(0.,0.,-1.));
#2764=DIRECTION('center_axis',(0.,1.,0.));
#2765=DIRECTION('ref_axis',(0.,0.,-1.));
#2766=DIRECTION('',(-0.707106781186597,-0.707106781186498,1.034088005556E-8));
#2767=DIRECTION('center_axis',(-0.707106781186498,0.707106781186598,0.));
#2768=DIRECTION('ref_axis',(-0.707106781186598,-0.707106781186498,0.));
#2769=DIRECTION('',(-3.254162821685E-10,-3.254162821685E-10,1.));
#2770=DIRECTION('',(-0.707106781186597,-0.707106781186498,-7.91942912104397E-9));
#2771=DIRECTION('center_axis',(0.,-1.,0.));
#2772=DIRECTION('ref_axis',(0.,0.,-1.));
#2773=DIRECTION('center_axis',(0.,1.,0.));
#2774=DIRECTION('ref_axis',(-1.,0.,0.));
#2775=DIRECTION('center_axis',(0.,-1.,0.));
#2776=DIRECTION('ref_axis',(0.,0.,1.));
#2777=DIRECTION('',(0.,-1.,0.));
#2778=DIRECTION('center_axis',(-1.,0.,0.));
#2779=DIRECTION('ref_axis',(0.,0.,1.));
#2780=DIRECTION('',(0.,-1.,0.));
#2781=DIRECTION('',(0.,0.,-1.));
#2782=DIRECTION('',(0.,-1.,0.));
#2783=DIRECTION('',(0.,0.,1.));
#2784=DIRECTION('',(0.,1.,0.));
#2785=DIRECTION('center_axis',(0.,-1.,0.));
#2786=DIRECTION('ref_axis',(-1.,0.,0.));
#2787=DIRECTION('center_axis',(-0.707106781186498,-0.707106781186598,0.));
#2788=DIRECTION('ref_axis',(-0.707106781186598,0.707106781186498,0.));
#2789=DIRECTION('',(-0.39749572342767,0.39749572342737,-0.827039478932938));
#2790=DIRECTION('',(-0.397495723427586,0.397495723427386,0.82703947893297));
#2791=DIRECTION('center_axis',(-0.901303236306878,0.,-0.433188730489089));
#2792=DIRECTION('ref_axis',(0.433188730489089,0.,-0.901303236306878));
#2793=DIRECTION('',(-0.397495723427519,-0.397495723427519,0.827039478932939));
#2794=DIRECTION('center_axis',(-0.707106781186498,0.707106781186598,0.));
#2795=DIRECTION('ref_axis',(-0.707106781186598,-0.707106781186498,0.));
#2796=DIRECTION('',(-0.397495723427587,-0.397495723427587,-0.827039478932873));
#2797=DIRECTION('center_axis',(-0.901303236306878,0.,0.433188730489089));
#2798=DIRECTION('ref_axis',(0.433188730489089,0.,0.901303236306878));
#2799=DIRECTION('center_axis',(0.,-1.,0.));
#2800=DIRECTION('ref_axis',(0.,0.,-1.));
#2801=DIRECTION('center_axis',(0.,-1.,0.));
#2802=DIRECTION('ref_axis',(0.707106781186598,0.,0.707106781186498));
#2803=DIRECTION('center_axis',(0.,-0.707106781186548,0.707106781186548));
#2804=DIRECTION('ref_axis',(0.,-0.707106781186548,-0.707106781186548));
#2805=DIRECTION('',(1.,0.,0.));
#2806=DIRECTION('',(0.,-0.707106781186548,-0.707106781186548));
#2807=DIRECTION('',(0.,0.707106781186548,0.707106781186548));
#2808=DIRECTION('center_axis',(0.,1.,0.));
#2809=DIRECTION('ref_axis',(-1.,0.,0.));
#2810=DIRECTION('',(0.,0.,1.));
#2811=DIRECTION('',(-1.,0.,0.));
#2812=DIRECTION('',(0.,0.,1.));
#2813=DIRECTION('center_axis',(1.,0.,0.));
#2814=DIRECTION('ref_axis',(0.,1.,0.));
#2815=DIRECTION('',(0.,1.,0.));
#2816=DIRECTION('',(0.,0.,1.));
#2817=DIRECTION('',(0.,-0.707106781186548,0.707106781186548));
#2818=DIRECTION('center_axis',(0.,0.707106781186548,0.707106781186548));
#2819=DIRECTION('ref_axis',(0.,0.707106781186548,-0.707106781186548));
#2820=DIRECTION('',(-1.,0.,0.));
#2821=DIRECTION('',(0.,0.707106781186548,-0.707106781186548));
#2822=DIRECTION('center_axis',(0.,-1.,0.));
#2823=DIRECTION('ref_axis',(1.,0.,0.));
#2824=DIRECTION('',(1.,0.,0.));
#2825=DIRECTION('',(0.,0.,1.));
#2826=DIRECTION('center_axis',(-1.,0.,0.));
#2827=DIRECTION('ref_axis',(0.,-1.,0.));
#2828=DIRECTION('',(0.,-1.,0.));
#2829=DIRECTION('center_axis',(0.,0.,1.));
#2830=DIRECTION('ref_axis',(1.,0.,0.));
#2831=DIRECTION('center_axis',(0.,0.,1.));
#2832=DIRECTION('ref_axis',(1.,0.,0.));
#2833=DIRECTION('',(0.,1.,0.));
#2834=DIRECTION('',(-1.,0.,0.));
#2835=DIRECTION('',(0.,-1.,0.));
#2836=DIRECTION('',(1.,0.,0.));
#2837=DIRECTION('center_axis',(1.,0.,0.));
#2838=DIRECTION('ref_axis',(0.,1.,0.));
#2839=DIRECTION('',(0.,0.,1.));
#2840=DIRECTION('',(0.,0.,1.));
#2841=DIRECTION('',(0.,-0.707106781186548,0.707106781186548));
#2842=DIRECTION('',(0.,-0.707106781186548,-0.707106781186548));
#2843=DIRECTION('center_axis',(0.,1.,0.));
#2844=DIRECTION('ref_axis',(-1.,0.,0.));
#2845=DIRECTION('',(1.,0.,0.));
#2846=DIRECTION('',(0.,0.,1.));
#2847=DIRECTION('center_axis',(0.,-0.707106781186548,0.707106781186548));
#2848=DIRECTION('ref_axis',(0.,-0.707106781186548,-0.707106781186548));
#2849=DIRECTION('',(0.,0.707106781186548,0.707106781186548));
#2850=DIRECTION('center_axis',(-1.,0.,0.));
#2851=DIRECTION('ref_axis',(0.,-1.,0.));
#2852=DIRECTION('',(0.,0.707106781186548,-0.707106781186548));
#2853=DIRECTION('',(0.,0.,1.));
#2854=DIRECTION('center_axis',(0.,-1.,0.));
#2855=DIRECTION('ref_axis',(1.,0.,0.));
#2856=DIRECTION('',(-1.,0.,0.));
#2857=DIRECTION('center_axis',(0.,0.707106781186548,0.707106781186548));
#2858=DIRECTION('ref_axis',(0.,0.707106781186548,-0.707106781186548));
#2859=DIRECTION('center_axis',(0.,0.,-1.));
#2860=DIRECTION('ref_axis',(0.,1.,0.));
#2861=DIRECTION('center_axis',(0.,0.707106781186548,-0.707106781186548));
#2862=DIRECTION('ref_axis',(0.,0.707106781186548,0.707106781186548));
#2863=DIRECTION('',(1.,0.,0.));
#2864=DIRECTION('',(0.,0.707106781186548,0.707106781186548));
#2865=DIRECTION('',(0.,-0.707106781186548,-0.707106781186548));
#2866=DIRECTION('center_axis',(0.,-1.,0.));
#2867=DIRECTION('ref_axis',(1.,0.,0.));
#2868=DIRECTION('',(0.,0.,-1.));
#2869=DIRECTION('',(1.,0.,0.));
#2870=DIRECTION('',(0.,0.,-1.));
#2871=DIRECTION('center_axis',(1.,0.,0.));
#2872=DIRECTION('ref_axis',(0.,1.,0.));
#2873=DIRECTION('',(0.,1.,0.));
#2874=DIRECTION('',(0.,0.,-1.));
#2875=DIRECTION('',(0.,0.707106781186548,-0.707106781186548));
#2876=DIRECTION('center_axis',(0.,-0.707106781186548,-0.707106781186548));
#2877=DIRECTION('ref_axis',(0.,-0.707106781186548,0.707106781186548));
#2878=DIRECTION('',(-1.,0.,0.));
#2879=DIRECTION('',(0.,-0.707106781186548,0.707106781186548));
#2880=DIRECTION('center_axis',(0.,1.,0.));
#2881=DIRECTION('ref_axis',(-1.,0.,0.));
#2882=DIRECTION('',(-1.,0.,0.));
#2883=DIRECTION('',(0.,0.,-1.));
#2884=DIRECTION('center_axis',(-1.,0.,0.));
#2885=DIRECTION('ref_axis',(0.,-1.,0.));
#2886=DIRECTION('',(0.,-1.,0.));
#2887=DIRECTION('center_axis',(0.,0.,1.));
#2888=DIRECTION('ref_axis',(1.,0.,0.));
#2889=DIRECTION('',(0.,1.,0.));
#2890=DIRECTION('',(1.,0.,0.));
#2891=DIRECTION('',(0.,-1.,0.));
#2892=DIRECTION('',(-1.,0.,0.));
#2893=DIRECTION('center_axis',(0.,0.,1.));
#2894=DIRECTION('ref_axis',(1.,0.,0.));
#2895=DIRECTION('center_axis',(1.,0.,0.));
#2896=DIRECTION('ref_axis',(0.,1.,0.));
#2897=DIRECTION('',(0.,0.707106781186548,0.707106781186548));
#2898=DIRECTION('',(0.,0.,-1.));
#2899=DIRECTION('',(0.,0.,-1.));
#2900=DIRECTION('',(0.,0.707106781186548,-0.707106781186548));
#2901=DIRECTION('center_axis',(0.,-0.707106781186548,-0.707106781186548));
#2902=DIRECTION('ref_axis',(0.,-0.707106781186548,0.707106781186548));
#2903=DIRECTION('',(-1.,0.,0.));
#2904=DIRECTION('',(0.,-0.707106781186548,0.707106781186548));
#2905=DIRECTION('center_axis',(0.,1.,0.));
#2906=DIRECTION('ref_axis',(-1.,0.,0.));
#2907=DIRECTION('',(0.,0.,-1.));
#2908=DIRECTION('center_axis',(-1.,0.,0.));
#2909=DIRECTION('ref_axis',(0.,-1.,0.));
#2910=DIRECTION('',(0.,0.,-1.));
#2911=DIRECTION('',(0.,-0.707106781186548,-0.707106781186548));
#2912=DIRECTION('center_axis',(0.,0.707106781186548,-0.707106781186548));
#2913=DIRECTION('ref_axis',(0.,0.707106781186548,0.707106781186548));
#2914=DIRECTION('',(1.,0.,0.));
#2915=DIRECTION('center_axis',(0.,-1.,0.));
#2916=DIRECTION('ref_axis',(1.,0.,0.));
#2917=DIRECTION('center_axis',(0.,-1.,0.));
#2918=DIRECTION('ref_axis',(1.,0.,0.));
#2919=DIRECTION('',(0.,-1.,0.));
#2920=DIRECTION('center_axis',(0.,-1.,0.));
#2921=DIRECTION('ref_axis',(1.,0.,0.));
#2922=DIRECTION('',(0.,-1.,0.));
#2923=DIRECTION('center_axis',(0.,-1.,0.));
#2924=DIRECTION('ref_axis',(1.,0.,0.));
#2925=DIRECTION('',(0.,-1.,0.));
#2926=DIRECTION('center_axis',(0.,-1.,0.));
#2927=DIRECTION('ref_axis',(1.,0.,0.));
#2928=DIRECTION('',(0.,-1.,0.));
#2929=DIRECTION('center_axis',(0.901303236306878,0.,0.433188730489089));
#2930=DIRECTION('ref_axis',(-0.433188730489089,0.,0.901303236306878));
#2931=DIRECTION('center_axis',(0.,-1.,0.));
#2932=DIRECTION('ref_axis',(-0.707106781186548,0.,-0.707106781186548));
#2933=CARTESIAN_POINT('',(0.,0.,0.));
#2934=CARTESIAN_POINT('Origin',(-186.3786771069,53.74613391789,31.25));
#2935=CARTESIAN_POINT('',(-152.3669047558,53.74613391789,-14.45));
#2936=CARTESIAN_POINT('',(-83.35032934097,53.74613391789,-14.45));
#2937=CARTESIAN_POINT('',(-152.3669047558,53.74613391789,-14.45));
#2938=CARTESIAN_POINT('',(-68.8482477497446,53.7461339107992,-28.9520815811946));
#2939=CARTESIAN_POINT('',(-83.35032934097,53.74613391789,-14.45));
#2940=CARTESIAN_POINT('',(-67.6461663433,53.7461339160933,-29.4499999981967));
#2941=CARTESIAN_POINT('Origin',(-67.64616628493,53.74613391789,-27.75));
#2942=CARTESIAN_POINT('',(-52.99999996271,53.746133906873,-29.4499999889797));
#2943=CARTESIAN_POINT('',(-67.6461663433,53.74613391495,-29.44999999705));
#2944=CARTESIAN_POINT('',(-51.3000000011245,53.7461339167655,-27.7500000268885));
#2945=CARTESIAN_POINT('Origin',(-53.,53.74613391789,-27.75));
#2946=CARTESIAN_POINT('',(-51.300000011019,53.746133906871,27.75000003729));
#2947=CARTESIAN_POINT('',(-51.30000000225,53.74613391564,-27.75000002856));
#2948=CARTESIAN_POINT('',(-52.9999999731115,53.7461339167655,29.4499999988755));
#2949=CARTESIAN_POINT('Origin',(-53.,53.74613391789,27.75));
#2950=CARTESIAN_POINT('',(-67.64616634987,53.7461339125849,29.4499999946949));
#2951=CARTESIAN_POINT('',(-52.99999997144,53.74613391564,29.44999999775));
#2952=CARTESIAN_POINT('',(-68.8482477370507,53.7461339151254,28.9520816000013));
#2953=CARTESIAN_POINT('Origin',(-67.64616628493,53.74613391789,27.75));
#2954=CARTESIAN_POINT('',(-83.35032934097,53.74613391789,14.45));
#2955=CARTESIAN_POINT('',(-68.84824773312,53.74613391236,28.95208160002));
#2956=CARTESIAN_POINT('',(-152.6497474683,53.74613391789,14.45));
#2957=CARTESIAN_POINT('',(-83.35032934097,53.74613391789,14.45));
#2958=CARTESIAN_POINT('',(-167.151829059506,53.7461339107984,28.9520815811941));
#2959=CARTESIAN_POINT('',(-152.6497474683,53.74613391789,14.45));
#2960=CARTESIAN_POINT('',(-168.353910466,53.7461339160933,29.4499999981967));
#2961=CARTESIAN_POINT('Origin',(-168.3539105243,53.74613391789,27.75));
#2962=CARTESIAN_POINT('',(-183.000000029932,53.746133906673,29.4499999887796));
#2963=CARTESIAN_POINT('',(-168.353910466,53.74613391495,29.44999999705));
#2964=CARTESIAN_POINT('',(-184.699999998658,53.746133916515,27.75000002856));
#2965=CARTESIAN_POINT('Origin',(-183.,53.74613391789,27.75));
#2966=CARTESIAN_POINT('',(-184.699999988805,53.7461339066716,-27.7500000299241));
#2967=CARTESIAN_POINT('',(-184.6999999978,53.74613391564,27.75000002856));
#2968=CARTESIAN_POINT('',(-183.0000000286,53.746133916515,-29.449999998625));
#2969=CARTESIAN_POINT('Origin',(-183.,53.74613391789,-27.75));
#2970=CARTESIAN_POINT('',(-168.071067750704,53.7461339127355,-29.4499999948455));
#2971=CARTESIAN_POINT('',(-183.0000000286,53.74613391564,-29.44999999775));
#2972=CARTESIAN_POINT('',(-166.868986361843,53.7461339149882,-28.9520816018774));
#2973=CARTESIAN_POINT('Origin',(-168.0710678119,53.74613391789,-27.75));
#2974=CARTESIAN_POINT('',(-166.8689863637,53.74613391236,-28.95208160002));
#2975=CARTESIAN_POINT('',(-139.2086170484,53.74613391789,-1.65327317884893E-16));
#2976=CARTESIAN_POINT('Origin',(-137.8586170484,53.74613391789,0.));
#2977=CARTESIAN_POINT('',(-99.2086170484,53.74613391789,-1.65327317884893E-16));
#2978=CARTESIAN_POINT('Origin',(-97.8586170484,53.74613391789,0.));
#2979=CARTESIAN_POINT('Origin',(-117.8586170484,53.89613391789,-14.6));
#2980=CARTESIAN_POINT('',(-152.2426406871,54.04613391789,-14.75));
#2981=CARTESIAN_POINT('',(-83.47459340968,54.04613391789,-14.75));
#2982=CARTESIAN_POINT('',(-152.2426406871,54.04613391789,-14.75));
#2983=CARTESIAN_POINT('',(-83.35032934097,53.74613391789,-14.45));
#2984=CARTESIAN_POINT('',(-152.3669047558,53.74613391789,-14.45));
#2985=CARTESIAN_POINT('Origin',(-83.75743612215,53.74613391789,-14.75));
#2986=CARTESIAN_POINT('',(-83.47459340968,93.44613391789,-14.75));
#2987=CARTESIAN_POINT('',(-152.2426406871,93.44613391789,-14.75));
#2988=CARTESIAN_POINT('',(-83.47459340968,93.44613391789,-14.75));
#2989=CARTESIAN_POINT('',(-83.47459340968,54.04613391789,-14.75));
#2990=CARTESIAN_POINT('',(-152.2426406871,54.04613391789,-14.75));
#2991=CARTESIAN_POINT('Origin',(-117.8586170484,93.59613391789,-14.6));
#2992=CARTESIAN_POINT('',(-152.3669047558,93.74613391789,-14.45));
#2993=CARTESIAN_POINT('',(-152.3669047558,93.74613391789,-14.45));
#2994=CARTESIAN_POINT('',(-83.35032934097,93.74613391789,-14.45));
#2995=CARTESIAN_POINT('',(-83.35032934097,93.74613391789,-14.45));
#2996=CARTESIAN_POINT('',(-83.47459340968,93.44613391789,-14.75));
#2997=CARTESIAN_POINT('Origin',(-76.16142061131,93.59613391789,-21.85104076401));
#2998=CARTESIAN_POINT('',(-69.0603797932808,93.446133926979,-29.1642136110408));
#2999=CARTESIAN_POINT('',(-69.06037978739,93.44613393001,-29.16421360515));
#3000=CARTESIAN_POINT('',(-68.8482477497439,93.7461339249811,-28.9520815811939));
#3001=CARTESIAN_POINT('',(-68.84824774505,93.74613393162,-28.9520815765));
#3002=CARTESIAN_POINT('',(-68.84824774505,93.74613393162,-28.9520815765));
#3003=CARTESIAN_POINT('Origin',(-68.61601476592,53.74613391789,-29.60857864376));
#3004=CARTESIAN_POINT('',(-69.0603797932823,54.0461339088063,-29.1642136110423));
#3005=CARTESIAN_POINT('',(-69.06037978739,93.44613393001,-29.16421360515));
#3006=CARTESIAN_POINT('',(-83.47459340968,54.04613391789,-14.75));
#3007=CARTESIAN_POINT('Origin',(-76.16142061131,53.89613391789,-21.85104076401));
#3008=CARTESIAN_POINT('',(-68.84824774505,53.74613390416,-28.9520815765));
#3009=CARTESIAN_POINT('Origin',(-67.64616628493,53.8961338999,-27.75));
#3010=CARTESIAN_POINT('',(-67.6461663364382,54.0461339162663,-29.7499999982925));
#3011=CARTESIAN_POINT('',(-67.6461663433,53.74613391495,-29.44999999705));
#3012=CARTESIAN_POINT('Origin',(-67.64616628493,54.04613391789,-27.75));
#3013=CARTESIAN_POINT('Origin',(-60.32308314247,53.89613391789,-29.6));
#3014=CARTESIAN_POINT('',(-52.9999999670993,54.0461339073985,-29.7499999877055));
#3015=CARTESIAN_POINT('',(-67.64616633644,54.04613391529,-29.7499999974));
#3016=CARTESIAN_POINT('',(-52.99999996271,53.74613389517,-29.44999997728));
#3017=CARTESIAN_POINT('Origin',(-53.,53.89613388768,-27.75));
#3018=CARTESIAN_POINT('',(-51.0000000012791,54.0461339168597,-27.7500000244125));
#3019=CARTESIAN_POINT('Origin',(-53.,54.04613391789,-27.75));
#3020=CARTESIAN_POINT('',(-51.30000000225,53.74613391564,-27.75000002856));
#3021=CARTESIAN_POINT('Origin',(-51.15,53.89613391789,0.));
#3022=CARTESIAN_POINT('',(-51.0000000122955,54.0461339074,27.7500000329007));
#3023=CARTESIAN_POINT('',(-51.00000000199,54.04613391591,-27.7500000252));
#3024=CARTESIAN_POINT('',(-51.30000002272,53.74613389517,27.75000003729));
#3025=CARTESIAN_POINT('Origin',(-53.,53.89613388768,27.75));
#3026=CARTESIAN_POINT('',(-52.9999999755875,54.0461339168597,29.7499999987209));
#3027=CARTESIAN_POINT('Origin',(-53.,54.04613391789,27.75));
#3028=CARTESIAN_POINT('',(-52.99999997144,53.74613391564,29.44999999775));
#3029=CARTESIAN_POINT('Origin',(-60.32308314247,53.89613391789,29.6));
#3030=CARTESIAN_POINT('',(-67.64616634223,54.0461339110645,29.7499999971565));
#3031=CARTESIAN_POINT('',(-52.9999999748,54.04613391591,29.74999999801));
#3032=CARTESIAN_POINT('',(-67.64616634987,53.74613390758,29.44999998969));
#3033=CARTESIAN_POINT('Origin',(-67.64616628493,53.89613390474,27.75));
#3034=CARTESIAN_POINT('',(-69.0603797801936,54.0461339153536,29.1642136250413));
#3035=CARTESIAN_POINT('Origin',(-67.64616628493,54.04613391789,27.75));
#3036=CARTESIAN_POINT('',(-68.84824773312,53.74613391236,28.95208160002));
#3037=CARTESIAN_POINT('Origin',(-76.16142061131,53.89613391789,21.85104076401));
#3038=CARTESIAN_POINT('',(-83.47459340968,54.04613391789,14.75));
#3039=CARTESIAN_POINT('',(-69.06037977687,54.04613391301,29.1642136259));
#3040=CARTESIAN_POINT('',(-83.47459340968,54.04613391789,14.75));
#3041=CARTESIAN_POINT('Origin',(-83.61601476592,53.74613391789,14.60857864376));
#3042=CARTESIAN_POINT('',(-83.47459340968,93.44613391789,14.75));
#3043=CARTESIAN_POINT('',(-69.0603797801945,93.4461339204299,29.1642136250422));
#3044=CARTESIAN_POINT('',(-83.47459340968,93.44613391789,14.75));
#3045=CARTESIAN_POINT('',(-83.47459340968,54.04613391789,14.75));
#3046=CARTESIAN_POINT('',(-69.06037977687,93.44613392278,29.1642136259));
#3047=CARTESIAN_POINT('Origin',(-76.16142061131,93.59613391789,21.85104076401));
#3048=CARTESIAN_POINT('',(-83.35032934097,93.74613391789,14.45));
#3049=CARTESIAN_POINT('',(-68.8482477370519,93.7461339206585,28.9520816000025));
#3050=CARTESIAN_POINT('',(-83.35032934097,93.74613391789,14.45));
#3051=CARTESIAN_POINT('',(-83.35032934097,93.74613391789,14.45));
#3052=CARTESIAN_POINT('',(-68.84824773312,93.74613392343,28.95208160002));
#3053=CARTESIAN_POINT('Origin',(-187.366075566,93.74613391789,31.25));
#3054=CARTESIAN_POINT('',(-166.868986361832,93.7461339207939,-28.9520816018882));
#3055=CARTESIAN_POINT('',(-152.3669047558,93.74613391789,-14.45));
#3056=CARTESIAN_POINT('',(-168.071067750704,93.7461339230485,-29.4499999948482));
#3057=CARTESIAN_POINT('Origin',(-168.0710678119,93.74613391789,-27.75));
#3058=CARTESIAN_POINT('',(-183.0000000286,93.7461339192671,-29.4499999986262));
#3059=CARTESIAN_POINT('',(-168.0710677469,93.74613392821,-29.44999998969));
#3060=CARTESIAN_POINT('',(-184.699999988792,93.7461339291115,-27.7500000299241));
#3061=CARTESIAN_POINT('Origin',(-183.,93.74613391789,-27.75));
#3062=CARTESIAN_POINT('',(-184.699999998648,93.7461339192654,27.75000002856));
#3063=CARTESIAN_POINT('',(-184.6999999773,93.74613394061,-27.75000003729));
#3064=CARTESIAN_POINT('',(-183.000000029932,93.7461339291097,29.4499999887802));
#3065=CARTESIAN_POINT('Origin',(-183.,93.74613391789,27.75));
#3066=CARTESIAN_POINT('',(-168.353910466,93.7461339196918,29.4499999981982));
#3067=CARTESIAN_POINT('',(-183.0000000373,93.74613394061,29.44999997728));
#3068=CARTESIAN_POINT('',(-167.151829059503,93.7461339249819,28.9520815811967));
#3069=CARTESIAN_POINT('Origin',(-168.3539105243,93.74613391789,27.75));
#3070=CARTESIAN_POINT('',(-152.6497474683,93.74613391789,14.45));
#3071=CARTESIAN_POINT('',(-167.1518290642,93.74613393162,28.9520815765));
#3072=CARTESIAN_POINT('',(-152.6497474683,93.74613391789,14.45));
#3073=CARTESIAN_POINT('',(-67.64616634987,93.7461339231993,29.4499999946974));
#3074=CARTESIAN_POINT('Origin',(-67.64616628493,93.74613391789,27.75));
#3075=CARTESIAN_POINT('',(-52.9999999731115,93.7461339190168,29.4499999988765));
#3076=CARTESIAN_POINT('',(-67.64616634987,93.74613392821,29.44999998969));
#3077=CARTESIAN_POINT('',(-51.3000000110194,93.7461339289094,27.75000003729));
#3078=CARTESIAN_POINT('Origin',(-53.,93.74613391789,27.75));
#3079=CARTESIAN_POINT('',(-51.3000000011251,93.7461339190151,-27.7500000268885));
#3080=CARTESIAN_POINT('',(-51.30000002272,93.74613394061,27.75000003729));
#3081=CARTESIAN_POINT('',(-52.99999996271,93.7461339289094,-29.4499999889806));
#3082=CARTESIAN_POINT('Origin',(-53.,93.74613391789,-27.75));
#3083=CARTESIAN_POINT('',(-67.6461663433,93.7461339196918,-29.4499999981982));
#3084=CARTESIAN_POINT('',(-52.99999996271,93.74613394061,-29.44999997728));
#3085=CARTESIAN_POINT('Origin',(-67.64616628493,93.74613391789,-27.75));
#3086=CARTESIAN_POINT('',(-139.2086170484,93.74613391789,0.));
#3087=CARTESIAN_POINT('Origin',(-137.8586170484,93.74613391789,0.));
#3088=CARTESIAN_POINT('',(-99.2086170484,93.74613391789,0.));
#3089=CARTESIAN_POINT('Origin',(-97.8586170484,93.74613391789,0.));
#3090=CARTESIAN_POINT('Origin',(-67.64616628493,93.59613393588,-27.75));
#3091=CARTESIAN_POINT('',(-67.6461663364382,93.4461339195158,-29.7499999982929));
#3092=CARTESIAN_POINT('',(-67.6461663433,93.74613392084,-29.44999999705));
#3093=CARTESIAN_POINT('Origin',(-67.64616628493,93.44613391789,-27.75));
#3094=CARTESIAN_POINT('Origin',(-60.32308314247,93.59613391789,-29.6));
#3095=CARTESIAN_POINT('',(-52.9999999670993,93.4461339283852,-29.7499999877037));
#3096=CARTESIAN_POINT('',(-52.99999996271,93.74613394061,-29.44999997728));
#3097=CARTESIAN_POINT('',(-52.9999999671,93.44613393794,-29.74999997995));
#3098=CARTESIAN_POINT('Origin',(-51.,53.74613391789,-29.75));
#3099=CARTESIAN_POINT('',(-52.9999999671,93.44613393794,-29.74999997995));
#3100=CARTESIAN_POINT('',(-67.64616633644,93.44613392049,-29.7499999974));
#3101=CARTESIAN_POINT('',(-55.65,61.74613391789,-29.75));
#3102=CARTESIAN_POINT('Origin',(-57.,61.74613391789,-29.75));
#3103=CARTESIAN_POINT('',(-55.65,85.74613391789,-29.75));
#3104=CARTESIAN_POINT('Origin',(-57.,85.74613391789,-29.75));
#3105=CARTESIAN_POINT('',(-59.,66.24613391789,-29.75));
#3106=CARTESIAN_POINT('',(-55.,66.24613391789,-29.75));
#3107=CARTESIAN_POINT('',(-59.,66.24613391789,-29.75));
#3108=CARTESIAN_POINT('',(-55.,81.24613391789,-29.75));
#3109=CARTESIAN_POINT('',(-55.,66.24613391789,-29.75));
#3110=CARTESIAN_POINT('',(-59.,81.24613391789,-29.75));
#3111=CARTESIAN_POINT('',(-55.,81.24613391789,-29.75));
#3112=CARTESIAN_POINT('',(-59.,81.24613391789,-29.75));
#3113=CARTESIAN_POINT('Origin',(-57.,85.74613391789,28.35));
#3114=CARTESIAN_POINT('',(-55.65,85.74613391789,19.78));
#3115=CARTESIAN_POINT('Origin',(-57.,85.74613391789,18.7));
#3116=CARTESIAN_POINT('',(-55.65,85.74613391789,29.75));
#3117=CARTESIAN_POINT('',(-55.65,85.74613391789,28.35));
#3118=CARTESIAN_POINT('Origin',(-57.,85.74613391789,29.75));
#3119=CARTESIAN_POINT('Origin',(-57.,85.74613391789,28.35));
#3120=CARTESIAN_POINT('',(-55.65,85.74613391789,-19.78));
#3121=CARTESIAN_POINT('',(-55.65,85.74613391789,28.35));
#3122=CARTESIAN_POINT('Origin',(-57.,85.74613391789,-18.7));
#3123=CARTESIAN_POINT('Origin',(-68.75743612215,53.74613391789,29.75));
#3124=CARTESIAN_POINT('',(-67.64616634223,93.4461339247155,29.7499999971565));
#3125=CARTESIAN_POINT('',(-52.9999999755875,93.4461339189221,29.749999998722));
#3126=CARTESIAN_POINT('',(-67.64616634223,93.44613392699,29.7499999909));
#3127=CARTESIAN_POINT('',(-67.64616634223,93.44613392699,29.7499999909));
#3128=CARTESIAN_POINT('',(-52.9999999748,93.44613391988,29.74999999801));
#3129=CARTESIAN_POINT('',(-55.65,61.74613391789,29.75));
#3130=CARTESIAN_POINT('Origin',(-57.,61.74613391789,29.75));
#3131=CARTESIAN_POINT('',(-55.,66.24613391789,29.75));
#3132=CARTESIAN_POINT('',(-59.,66.24613391789,29.75));
#3133=CARTESIAN_POINT('',(-55.,66.24613391789,29.75));
#3134=CARTESIAN_POINT('',(-59.,81.24613391789,29.75));
#3135=CARTESIAN_POINT('',(-59.,66.24613391789,29.75));
#3136=CARTESIAN_POINT('',(-55.,81.24613391789,29.75));
#3137=CARTESIAN_POINT('',(-59.,81.24613391789,29.75));
#3138=CARTESIAN_POINT('',(-55.,81.24613391789,29.75));
#3139=CARTESIAN_POINT('Origin',(-58.5,73.74613391789,17.5));
#3140=CARTESIAN_POINT('',(-51.11259148573,60.05872540363,23.40992681141));
#3141=CARTESIAN_POINT('',(-51.11259148573,87.43354243216,23.40992681141));
#3142=CARTESIAN_POINT('',(-51.11259148573,60.05872540363,23.40992681141));
#3143=CARTESIAN_POINT('',(-51.3,60.24613391789,23.26));
#3144=CARTESIAN_POINT('',(-51.11259148573,60.05872540363,23.40992681141));
#3145=CARTESIAN_POINT('',(-66.,60.24613391789,11.5));
#3146=CARTESIAN_POINT('',(-66.,60.24613391789,11.5));
#3147=CARTESIAN_POINT('',(-66.,87.24613391789,11.5));
#3148=CARTESIAN_POINT('',(-66.,60.24613391789,11.5));
#3149=CARTESIAN_POINT('',(-51.3,87.24613391789,23.26));
#3150=CARTESIAN_POINT('',(-51.3,87.24613391789,23.26));
#3151=CARTESIAN_POINT('',(-51.3,87.24613391789,23.26));
#3152=CARTESIAN_POINT('',(-55.65,61.74613391789,19.78));
#3153=CARTESIAN_POINT('Origin',(-57.,61.74613391789,18.7));
#3154=CARTESIAN_POINT('Origin',(-57.,61.74613391789,28.35));
#3155=CARTESIAN_POINT('',(-55.65,61.74613391789,28.35));
#3156=CARTESIAN_POINT('Origin',(-57.,61.74613391789,28.35));
#3157=CARTESIAN_POINT('',(-55.65,61.74613391789,-19.78));
#3158=CARTESIAN_POINT('',(-55.65,61.74613391789,28.35));
#3159=CARTESIAN_POINT('Origin',(-57.,61.74613391789,-18.7));
#3160=CARTESIAN_POINT('Origin',(-58.5,73.74613391789,-17.5));
#3161=CARTESIAN_POINT('',(-66.,87.24613391789,-11.5));
#3162=CARTESIAN_POINT('',(-51.3,87.24613391789,-23.26));
#3163=CARTESIAN_POINT('',(-66.,87.24613391789,-11.5));
#3164=CARTESIAN_POINT('',(-66.,60.24613391789,-11.5));
#3165=CARTESIAN_POINT('',(-66.,87.24613391789,-11.5));
#3166=CARTESIAN_POINT('',(-51.3,60.24613391789,-23.26));
#3167=CARTESIAN_POINT('',(-51.3,60.24613391789,-23.26));
#3168=CARTESIAN_POINT('',(-51.11259148573,60.05872540363,-23.40992681141));
#3169=CARTESIAN_POINT('',(-51.3,60.24613391789,-23.26));
#3170=CARTESIAN_POINT('',(-51.11259148573,87.43354243216,-23.40992681141));
#3171=CARTESIAN_POINT('',(-51.11259148573,87.43354243216,-23.40992681141));
#3172=CARTESIAN_POINT('',(-51.11259148573,87.43354243216,-23.40992681141));
#3173=CARTESIAN_POINT('Origin',(0.,87.24613391789,-11.5));
#3174=CARTESIAN_POINT('',(-51.3,87.24613391789,-23.26));
#3175=CARTESIAN_POINT('',(-170.,87.24613391789,11.5));
#3176=CARTESIAN_POINT('',(-66.,87.24613391789,11.5));
#3177=CARTESIAN_POINT('',(-184.7,87.24613391789,23.26));
#3178=CARTESIAN_POINT('',(-170.,87.24613391789,11.5));
#3179=CARTESIAN_POINT('',(-184.7,87.24613391789,-23.26));
#3180=CARTESIAN_POINT('',(-184.7,87.24613391789,23.26));
#3181=CARTESIAN_POINT('',(-170.,87.24613391789,-11.5));
#3182=CARTESIAN_POINT('',(-184.7,87.24613391789,-23.26));
#3183=CARTESIAN_POINT('',(-66.,87.24613391789,-11.5));
#3184=CARTESIAN_POINT('',(-139.2086170484,87.24613391789,0.));
#3185=CARTESIAN_POINT('Origin',(-137.8586170484,87.24613391789,0.));
#3186=CARTESIAN_POINT('',(-99.2086170484,87.24613391789,0.));
#3187=CARTESIAN_POINT('Origin',(-97.8586170484,87.24613391789,0.));
#3188=CARTESIAN_POINT('Origin',(-51.15,87.39613391789,-7.105427357601E-14));
#3189=CARTESIAN_POINT('',(-51.,87.54613391789,-23.64418745425));
#3190=CARTESIAN_POINT('',(-51.,87.54613391789,23.64418745425));
#3191=CARTESIAN_POINT('',(-51.,87.54613391789,-23.64418745425));
#3192=CARTESIAN_POINT('',(-51.11259148573,87.43354243216,23.40992681141));
#3193=CARTESIAN_POINT('',(-51.11259148573,87.43354243216,-23.40992681141));
#3194=CARTESIAN_POINT('Origin',(-51.,53.74613391789,29.75));
#3195=CARTESIAN_POINT('',(-51.0000000122964,93.4461339283852,27.7500000329007));
#3196=CARTESIAN_POINT('',(-51.0000000012795,93.4461339189241,-27.7500000244125));
#3197=CARTESIAN_POINT('',(-51.00000002005,93.44613393794,27.7500000329));
#3198=CARTESIAN_POINT('',(-51.00000002005,93.44613393794,27.7500000329));
#3199=CARTESIAN_POINT('',(-51.00000000199,93.44613391988,-27.7500000252));
#3200=CARTESIAN_POINT('',(-51.,59.94613391789,-23.64418745425));
#3201=CARTESIAN_POINT('',(-51.,87.54613391789,-23.64418745425));
#3202=CARTESIAN_POINT('',(-51.,59.94613391789,23.64418745425));
#3203=CARTESIAN_POINT('',(-51.,59.94613391789,23.64418745425));
#3204=CARTESIAN_POINT('',(-51.,59.94613391789,23.64418745425));
#3205=CARTESIAN_POINT('Origin',(-51.15,93.59613391789,0.));
#3206=CARTESIAN_POINT('',(-51.30000002272,93.74613394061,27.75000003729));
#3207=CARTESIAN_POINT('',(-51.30000000225,93.74613392014,-27.75000002856));
#3208=CARTESIAN_POINT('Origin',(-53.,93.59613394811,-27.75));
#3209=CARTESIAN_POINT('Origin',(-53.,93.44613391789,-27.75));
#3210=CARTESIAN_POINT('Origin',(-53.,145.8901339179,-27.75));
#3211=CARTESIAN_POINT('Origin',(-53.,93.59613394811,27.75));
#3212=CARTESIAN_POINT('',(-52.99999997144,93.74613392014,29.44999999775));
#3213=CARTESIAN_POINT('Origin',(-53.,93.44613391789,27.75));
#3214=CARTESIAN_POINT('Origin',(-53.,145.8901339179,27.75));
#3215=CARTESIAN_POINT('Origin',(-60.32308314247,93.59613391789,29.6));
#3216=CARTESIAN_POINT('',(-67.64616634987,93.74613392821,29.44999998969));
#3217=CARTESIAN_POINT('Origin',(-67.64616628493,93.59613393104,27.75));
#3218=CARTESIAN_POINT('Origin',(-67.64616628493,93.44613391789,27.75));
#3219=CARTESIAN_POINT('Origin',(-67.64616628493,145.8901339179,27.75));
#3220=CARTESIAN_POINT('Origin',(-51.05629574287,73.74613391789,23.52705713283));
#3221=CARTESIAN_POINT('',(-51.11259148573,60.05872540363,23.40992681141));
#3222=CARTESIAN_POINT('Origin',(-51.15,60.09613391789,7.105427357601E-14));
#3223=CARTESIAN_POINT('',(-51.11259148573,60.05872540363,-23.40992681141));
#3224=CARTESIAN_POINT('',(-51.3,60.24613391789,23.26));
#3225=CARTESIAN_POINT('Origin',(0.,60.24613391789,11.5));
#3226=CARTESIAN_POINT('',(-170.,60.24613391789,-11.5));
#3227=CARTESIAN_POINT('',(-66.,60.24613391789,-11.5));
#3228=CARTESIAN_POINT('',(-184.7,60.24613391789,-23.26));
#3229=CARTESIAN_POINT('',(-170.,60.24613391789,-11.5));
#3230=CARTESIAN_POINT('',(-184.7,60.24613391789,23.26));
#3231=CARTESIAN_POINT('',(-184.7,60.24613391789,-23.26));
#3232=CARTESIAN_POINT('',(-170.,60.24613391789,11.5));
#3233=CARTESIAN_POINT('',(-184.7,60.24613391789,23.26));
#3234=CARTESIAN_POINT('',(-66.,60.24613391789,11.5));
#3235=CARTESIAN_POINT('',(-139.2086170484,60.24613391789,-1.65327317884893E-16));
#3236=CARTESIAN_POINT('Origin',(-137.8586170484,60.24613391789,0.));
#3237=CARTESIAN_POINT('',(-99.2086170484,60.24613391789,-1.65327317884893E-16));
#3238=CARTESIAN_POINT('Origin',(-97.8586170484,60.24613391789,0.));
#3239=CARTESIAN_POINT('Origin',(0.,87.24613391789,11.5));
#3240=CARTESIAN_POINT('',(-170.,87.24613391789,11.5));
#3241=CARTESIAN_POINT('Origin',(-177.5,73.74613391789,17.5));
#3242=CARTESIAN_POINT('',(-184.8874085143,60.05872540363,23.40992681141));
#3243=CARTESIAN_POINT('',(-184.7,60.24613391789,23.26));
#3244=CARTESIAN_POINT('',(-184.8874085143,87.43354243216,23.40992681141));
#3245=CARTESIAN_POINT('',(-184.8874085143,87.43354243216,23.40992681141));
#3246=CARTESIAN_POINT('',(-184.8874085143,87.43354243216,23.40992681141));
#3247=CARTESIAN_POINT('',(-177.65,61.74613391789,17.62));
#3248=CARTESIAN_POINT('Origin',(-179.,61.74613391789,18.7));
#3249=CARTESIAN_POINT('',(-177.65,85.74613391789,17.62));
#3250=CARTESIAN_POINT('Origin',(-179.,85.74613391789,18.7));
#3251=CARTESIAN_POINT('Origin',(-179.,85.74613391789,28.35));
#3252=CARTESIAN_POINT('',(-177.65,85.74613391789,-29.75));
#3253=CARTESIAN_POINT('Origin',(-179.,85.74613391789,-29.75));
#3254=CARTESIAN_POINT('',(-177.65,85.74613391789,-17.62));
#3255=CARTESIAN_POINT('',(-177.65,85.74613391789,28.35));
#3256=CARTESIAN_POINT('Origin',(-179.,85.74613391789,-18.7));
#3257=CARTESIAN_POINT('Origin',(-179.,85.74613391789,28.35));
#3258=CARTESIAN_POINT('',(-177.65,85.74613391789,29.75));
#3259=CARTESIAN_POINT('',(-177.65,85.74613391789,28.35));
#3260=CARTESIAN_POINT('Origin',(-179.,85.74613391789,29.75));
#3261=CARTESIAN_POINT('Origin',(-167.2426406871,53.74613391789,-29.75));
#3262=CARTESIAN_POINT('',(-168.071067758153,93.4461339225039,-29.7499999941982));
#3263=CARTESIAN_POINT('',(-183.00000002521,93.446133919257,-29.7499999986331));
#3264=CARTESIAN_POINT('',(-168.0710677546,93.44613392699,-29.7499999909));
#3265=CARTESIAN_POINT('',(-168.071067758153,54.0461339132795,-29.7499999941958));
#3266=CARTESIAN_POINT('',(-168.0710677546,93.44613392699,-29.7499999909));
#3267=CARTESIAN_POINT('',(-183.00000002521,54.0461339165277,-29.7499999986331));
#3268=CARTESIAN_POINT('',(-183.0000000252,54.04613391591,-29.74999999801));
#3269=CARTESIAN_POINT('',(-183.0000000252,93.44613391988,-29.74999999801));
#3270=CARTESIAN_POINT('',(-177.65,61.74613391789,-29.75));
#3271=CARTESIAN_POINT('Origin',(-179.,61.74613391789,-29.75));
#3272=CARTESIAN_POINT('',(-180.7172340968,66.24613391789,-29.75));
#3273=CARTESIAN_POINT('',(-176.7172340968,66.24613391789,-29.75));
#3274=CARTESIAN_POINT('',(-180.7172340968,66.24613391789,-29.75));
#3275=CARTESIAN_POINT('',(-176.7172340968,81.24613391789,-29.75));
#3276=CARTESIAN_POINT('',(-176.7172340968,66.24613391789,-29.75));
#3277=CARTESIAN_POINT('',(-180.7172340968,81.24613391789,-29.75));
#3278=CARTESIAN_POINT('',(-176.7172340968,81.24613391789,-29.75));
#3279=CARTESIAN_POINT('',(-180.7172340968,81.24613391789,-29.75));
#3280=CARTESIAN_POINT('Origin',(-177.5,73.74613391789,-17.5));
#3281=CARTESIAN_POINT('',(-184.8874085143,60.05872540363,-23.40992681141));
#3282=CARTESIAN_POINT('',(-184.8874085143,87.43354243216,-23.40992681141));
#3283=CARTESIAN_POINT('',(-184.8874085143,60.05872540363,-23.40992681141));
#3284=CARTESIAN_POINT('',(-184.8874085143,60.05872540363,-23.40992681141));
#3285=CARTESIAN_POINT('',(-170.,60.24613391789,-11.5));
#3286=CARTESIAN_POINT('',(-184.7,87.24613391789,-23.26));
#3287=CARTESIAN_POINT('',(-177.65,61.74613391789,-17.62));
#3288=CARTESIAN_POINT('Origin',(-179.,61.74613391789,-18.7));
#3289=CARTESIAN_POINT('Origin',(-179.,61.74613391789,28.35));
#3290=CARTESIAN_POINT('',(-177.65,61.74613391789,28.35));
#3291=CARTESIAN_POINT('Origin',(-179.,61.74613391789,28.35));
#3292=CARTESIAN_POINT('',(-177.65,61.74613391789,29.75));
#3293=CARTESIAN_POINT('',(-177.65,61.74613391789,28.35));
#3294=CARTESIAN_POINT('Origin',(-179.,61.74613391789,29.75));
#3295=CARTESIAN_POINT('Origin',(-185.,53.74613391789,29.75));
#3296=CARTESIAN_POINT('',(-183.00000002468,93.4461339260353,29.7499999880953));
#3297=CARTESIAN_POINT('',(-168.353910472817,93.4461339195158,29.7499999982929));
#3298=CARTESIAN_POINT('',(-183.0000000329,93.44613393794,29.74999997995));
#3299=CARTESIAN_POINT('',(-183.00000002468,54.046133909746,29.7499999880964));
#3300=CARTESIAN_POINT('',(-183.0000000329,93.44613393794,29.74999997995));
#3301=CARTESIAN_POINT('',(-168.353910472817,54.0461339162663,29.7499999982925));
#3302=CARTESIAN_POINT('',(-168.3539104728,54.04613391529,29.7499999974));
#3303=CARTESIAN_POINT('',(-168.3539104728,93.44613392049,29.7499999974));
#3304=CARTESIAN_POINT('',(-180.7172340968,81.24613391789,29.75));
#3305=CARTESIAN_POINT('',(-176.7172340968,81.24613391789,29.75));
#3306=CARTESIAN_POINT('',(-180.7172340968,81.24613391789,29.75));
#3307=CARTESIAN_POINT('',(-176.7172340968,66.24613391789,29.75));
#3308=CARTESIAN_POINT('',(-176.7172340968,81.24613391789,29.75));
#3309=CARTESIAN_POINT('',(-180.7172340968,66.24613391789,29.75));
#3310=CARTESIAN_POINT('',(-176.7172340968,66.24613391789,29.75));
#3311=CARTESIAN_POINT('',(-180.7172340968,66.24613391789,29.75));
#3312=CARTESIAN_POINT('Origin',(-175.6769552622,93.59613391789,29.6));
#3313=CARTESIAN_POINT('',(-183.0000000373,93.74613394061,29.44999997728));
#3314=CARTESIAN_POINT('',(-168.353910466,93.74613392084,29.44999999705));
#3315=CARTESIAN_POINT('Origin',(-168.3539105243,93.59613393588,27.75));
#3316=CARTESIAN_POINT('',(-166.939697016002,93.446133926983,29.1642136110481));
#3317=CARTESIAN_POINT('Origin',(-168.3539105243,93.44613391789,27.75));
#3318=CARTESIAN_POINT('',(-167.1518290642,93.74613393162,28.9520815765));
#3319=CARTESIAN_POINT('Origin',(-159.838656198,93.59613391789,21.85104076401));
#3320=CARTESIAN_POINT('',(-152.5254833996,93.44613391789,14.75));
#3321=CARTESIAN_POINT('',(-166.9396970219,93.44613393001,29.16421360515));
#3322=CARTESIAN_POINT('',(-152.5254833996,93.44613391789,14.75));
#3323=CARTESIAN_POINT('Origin',(-167.3840620434,53.74613391789,29.60857864376));
#3324=CARTESIAN_POINT('',(-166.939697016,54.0461339088023,29.1642136110497));
#3325=CARTESIAN_POINT('',(-166.9396970219,93.44613393001,29.16421360515));
#3326=CARTESIAN_POINT('',(-152.5254833996,54.04613391789,14.75));
#3327=CARTESIAN_POINT('',(-152.5254833996,54.04613391789,14.75));
#3328=CARTESIAN_POINT('',(-152.5254833996,54.04613391789,14.75));
#3329=CARTESIAN_POINT('Origin',(-152.2426406871,53.74613391789,14.75));
#3330=CARTESIAN_POINT('',(-152.5254833996,93.44613391789,14.75));
#3331=CARTESIAN_POINT('',(-83.47459340968,54.04613391789,14.75));
#3332=CARTESIAN_POINT('Origin',(-118.0000384046,93.59613391789,14.6));
#3333=CARTESIAN_POINT('Origin',(-118.0000384046,53.89613391789,14.6));
#3334=CARTESIAN_POINT('',(-152.6497474683,53.74613391789,14.45));
#3335=CARTESIAN_POINT('Origin',(-159.838656198,53.89613391789,21.85104076401));
#3336=CARTESIAN_POINT('',(-167.1518290642,53.74613390416,28.9520815765));
#3337=CARTESIAN_POINT('Origin',(-168.3539105243,53.8961338999,27.75));
#3338=CARTESIAN_POINT('',(-168.353910466,53.74613391495,29.44999999705));
#3339=CARTESIAN_POINT('Origin',(-168.3539105243,54.04613391789,27.75));
#3340=CARTESIAN_POINT('Origin',(-175.6769552622,53.89613391789,29.6));
#3341=CARTESIAN_POINT('',(-183.0000000373,53.74613389517,29.44999997728));
#3342=CARTESIAN_POINT('Origin',(-183.,53.89613388768,27.75));
#3343=CARTESIAN_POINT('',(-184.999999998634,54.0461339165202,27.7500000252));
#3344=CARTESIAN_POINT('Origin',(-183.,54.04613391789,27.75));
#3345=CARTESIAN_POINT('',(-184.6999999978,53.74613391564,27.75000002856));
#3346=CARTESIAN_POINT('Origin',(-184.85,53.89613391789,0.));
#3347=CARTESIAN_POINT('',(-184.999999988109,54.046133909746,-27.750000024676));
#3348=CARTESIAN_POINT('',(-184.999999998,54.04613391591,27.7500000252));
#3349=CARTESIAN_POINT('',(-184.6999999773,53.74613389517,-27.75000003729));
#3350=CARTESIAN_POINT('Origin',(-183.,53.89613388768,-27.75));
#3351=CARTESIAN_POINT('Origin',(-183.,54.04613391789,-27.75));
#3352=CARTESIAN_POINT('',(-183.0000000286,53.74613391564,-29.44999999775));
#3353=CARTESIAN_POINT('Origin',(-175.5355339059,53.89613391789,-29.6));
#3354=CARTESIAN_POINT('',(-168.0710677469,53.74613390758,-29.44999998969));
#3355=CARTESIAN_POINT('Origin',(-168.0710678119,53.89613390474,-27.75));
#3356=CARTESIAN_POINT('',(-166.656854318732,54.0461339148452,-29.1642136270825));
#3357=CARTESIAN_POINT('Origin',(-168.0710678119,54.04613391789,-27.75));
#3358=CARTESIAN_POINT('',(-166.8689863637,53.74613391236,-28.95208160002));
#3359=CARTESIAN_POINT('Origin',(-159.5558134855,53.89613391789,-21.85104076401));
#3360=CARTESIAN_POINT('',(-166.6568543199,54.04613391301,-29.1642136259));
#3361=CARTESIAN_POINT('Origin',(-152.2426406871,53.74613391789,-14.75));
#3362=CARTESIAN_POINT('',(-166.656854318733,93.4461339209398,-29.1642136270816));
#3363=CARTESIAN_POINT('',(-152.2426406871,93.44613391789,-14.75));
#3364=CARTESIAN_POINT('',(-166.6568543199,93.44613392278,-29.1642136259));
#3365=CARTESIAN_POINT('Origin',(-159.5558134855,93.59613391789,-21.85104076401));
#3366=CARTESIAN_POINT('',(-166.8689863637,93.74613392343,-28.95208160002));
#3367=CARTESIAN_POINT('Origin',(-168.0710678119,93.59613393104,-27.75));
#3368=CARTESIAN_POINT('Origin',(-168.0710678119,93.44613391789,-27.75));
#3369=CARTESIAN_POINT('',(-168.0710677469,93.74613392821,-29.44999998969));
#3370=CARTESIAN_POINT('Origin',(-175.5355339059,93.59613391789,-29.6));
#3371=CARTESIAN_POINT('',(-183.0000000286,93.74613392014,-29.44999999775));
#3372=CARTESIAN_POINT('Origin',(-183.,93.59613394811,-27.75));
#3373=CARTESIAN_POINT('',(-184.999999988126,93.4461339260353,-27.750000024676));
#3374=CARTESIAN_POINT('Origin',(-183.,93.44613391789,-27.75));
#3375=CARTESIAN_POINT('',(-184.6999999773,93.74613394061,-27.75000003729));
#3376=CARTESIAN_POINT('Origin',(-184.85,93.59613391789,0.));
#3377=CARTESIAN_POINT('',(-184.999999998648,93.4461339192656,27.7500000252));
#3378=CARTESIAN_POINT('',(-184.99999998,93.44613393794,-27.7500000329));
#3379=CARTESIAN_POINT('',(-184.6999999978,93.74613392014,27.75000002856));
#3380=CARTESIAN_POINT('Origin',(-183.,93.59613394811,27.75));
#3381=CARTESIAN_POINT('Origin',(-183.,93.44613391789,27.75));
#3382=CARTESIAN_POINT('Origin',(-183.,145.8901339179,27.75));
#3383=CARTESIAN_POINT('',(-184.999999998,93.44613391988,27.7500000252));
#3384=CARTESIAN_POINT('Origin',(-185.,53.74613391789,-29.75));
#3385=CARTESIAN_POINT('',(-184.99999998,93.44613393794,-27.7500000329));
#3386=CARTESIAN_POINT('',(-185.,87.54613391789,23.64418745425));
#3387=CARTESIAN_POINT('',(-185.,87.54613391789,-23.64418745425));
#3388=CARTESIAN_POINT('',(-185.,87.54613391789,23.64418745425));
#3389=CARTESIAN_POINT('',(-185.,59.94613391789,23.64418745425));
#3390=CARTESIAN_POINT('',(-185.,87.54613391789,23.64418745425));
#3391=CARTESIAN_POINT('',(-185.,59.94613391789,-23.64418745425));
#3392=CARTESIAN_POINT('',(-185.,59.94613391789,-23.64418745425));
#3393=CARTESIAN_POINT('',(-185.,59.94613391789,-23.64418745425));
#3394=CARTESIAN_POINT('Origin',(-183.,145.8901339179,-27.75));
#3395=CARTESIAN_POINT('Origin',(-184.85,87.39613391789,-8.526512829121E-14));
#3396=CARTESIAN_POINT('',(-184.8874085143,87.43354243216,-23.40992681141));
#3397=CARTESIAN_POINT('',(-184.8874085143,87.43354243216,23.40992681141));
#3398=CARTESIAN_POINT('Origin',(-184.9437042571,73.74613391789,23.52705713283));
#3399=CARTESIAN_POINT('',(-184.8874085143,60.05872540363,23.40992681141));
#3400=CARTESIAN_POINT('Origin',(-184.85,60.09613391789,-1.42108547152E-14));
#3401=CARTESIAN_POINT('',(-184.8874085143,60.05872540363,-23.40992681141));
#3402=CARTESIAN_POINT('Origin',(-184.9437042571,73.74613391789,-23.52705713283));
#3403=CARTESIAN_POINT('Origin',(-168.0710678119,145.8901339179,-27.75));
#3404=CARTESIAN_POINT('Origin',(-168.3539105243,145.8901339179,27.75));
#3405=CARTESIAN_POINT('Origin',(-178.7172340968,79.24613391789,27.75));
#3406=CARTESIAN_POINT('',(-180.7172340968,77.24613391789,25.75));
#3407=CARTESIAN_POINT('',(-176.7172340968,77.24613391789,25.75));
#3408=CARTESIAN_POINT('',(-180.7172340968,77.24613391789,25.75));
#3409=CARTESIAN_POINT('',(-176.7172340968,81.24613391789,29.75));
#3410=CARTESIAN_POINT('',(-180.7172340968,77.24613391789,25.75));
#3411=CARTESIAN_POINT('Origin',(-176.7172340968,77.24613391789,25.));
#3412=CARTESIAN_POINT('',(-180.7172340968,77.24613391789,25.));
#3413=CARTESIAN_POINT('',(-180.7172340968,77.24613391789,25.));
#3414=CARTESIAN_POINT('',(-176.7172340968,77.24613391789,25.));
#3415=CARTESIAN_POINT('',(-176.7172340968,77.24613391789,25.));
#3416=CARTESIAN_POINT('',(-176.7172340968,77.24613391789,25.));
#3417=CARTESIAN_POINT('Origin',(-176.7172340968,70.24613391789,25.));
#3418=CARTESIAN_POINT('',(-176.7172340968,70.24613391789,25.));
#3419=CARTESIAN_POINT('',(-176.7172340968,70.24613391789,25.));
#3420=CARTESIAN_POINT('',(-176.7172340968,70.24613391789,25.75));
#3421=CARTESIAN_POINT('',(-176.7172340968,70.24613391789,25.));
#3422=CARTESIAN_POINT('',(-176.7172340968,70.24613391789,25.75));
#3423=CARTESIAN_POINT('Origin',(-178.7172340968,68.24613391789,27.75));
#3424=CARTESIAN_POINT('',(-180.7172340968,70.24613391789,25.75));
#3425=CARTESIAN_POINT('',(-176.7172340968,70.24613391789,25.75));
#3426=CARTESIAN_POINT('',(-180.7172340968,66.24613391789,29.75));
#3427=CARTESIAN_POINT('Origin',(-180.7172340968,70.24613391789,25.));
#3428=CARTESIAN_POINT('',(-180.7172340968,70.24613391789,25.));
#3429=CARTESIAN_POINT('',(-180.7172340968,70.24613391789,25.));
#3430=CARTESIAN_POINT('',(-180.7172340968,70.24613391789,25.));
#3431=CARTESIAN_POINT('Origin',(-180.7172340968,77.24613391789,25.));
#3432=CARTESIAN_POINT('',(-180.7172340968,77.24613391789,25.));
#3433=CARTESIAN_POINT('Origin',(0.,0.,25.));
#3434=CARTESIAN_POINT('Origin',(0.,0.,25.));
#3435=CARTESIAN_POINT('',(-55.,70.24613391789,25.));
#3436=CARTESIAN_POINT('',(-55.,77.24613391789,25.));
#3437=CARTESIAN_POINT('',(-55.,70.24613391789,25.));
#3438=CARTESIAN_POINT('',(-59.,77.24613391789,25.));
#3439=CARTESIAN_POINT('',(-55.,77.24613391789,25.));
#3440=CARTESIAN_POINT('',(-59.,70.24613391789,25.));
#3441=CARTESIAN_POINT('',(-59.,77.24613391789,25.));
#3442=CARTESIAN_POINT('',(-59.,70.24613391789,25.));
#3443=CARTESIAN_POINT('Origin',(-55.,70.24613391789,25.));
#3444=CARTESIAN_POINT('',(-55.,77.24613391789,25.75));
#3445=CARTESIAN_POINT('',(-55.,77.24613391789,25.));
#3446=CARTESIAN_POINT('',(-55.,70.24613391789,25.75));
#3447=CARTESIAN_POINT('',(-55.,70.24613391789,25.));
#3448=CARTESIAN_POINT('',(-55.,70.24613391789,25.75));
#3449=CARTESIAN_POINT('',(-55.,81.24613391789,29.75));
#3450=CARTESIAN_POINT('Origin',(-55.,77.24613391789,25.));
#3451=CARTESIAN_POINT('',(-59.,77.24613391789,25.75));
#3452=CARTESIAN_POINT('',(-59.,77.24613391789,25.75));
#3453=CARTESIAN_POINT('',(-59.,77.24613391789,25.));
#3454=CARTESIAN_POINT('Origin',(-57.,79.24613391789,27.75));
#3455=CARTESIAN_POINT('',(-59.,77.24613391789,25.75));
#3456=CARTESIAN_POINT('Origin',(-59.,77.24613391789,25.));
#3457=CARTESIAN_POINT('',(-59.,70.24613391789,25.75));
#3458=CARTESIAN_POINT('',(-59.,66.24613391789,29.75));
#3459=CARTESIAN_POINT('',(-59.,70.24613391789,25.));
#3460=CARTESIAN_POINT('Origin',(-59.,70.24613391789,25.));
#3461=CARTESIAN_POINT('',(-55.,70.24613391789,25.75));
#3462=CARTESIAN_POINT('Origin',(-57.,68.24613391789,27.75));
#3463=CARTESIAN_POINT('Origin',(0.,60.24613391789,-11.5));
#3464=CARTESIAN_POINT('Origin',(-178.7172340968,68.24613391789,-27.75));
#3465=CARTESIAN_POINT('',(-180.7172340968,70.24613391789,-25.75));
#3466=CARTESIAN_POINT('',(-176.7172340968,70.24613391789,-25.75));
#3467=CARTESIAN_POINT('',(-180.7172340968,70.24613391789,-25.75));
#3468=CARTESIAN_POINT('',(-176.7172340968,66.24613391789,-29.75));
#3469=CARTESIAN_POINT('',(-180.7172340968,70.24613391789,-25.75));
#3470=CARTESIAN_POINT('Origin',(-180.7172340968,70.24613391789,-25.));
#3471=CARTESIAN_POINT('',(-180.7172340968,70.24613391789,-25.));
#3472=CARTESIAN_POINT('',(-180.7172340968,70.24613391789,-25.));
#3473=CARTESIAN_POINT('',(-176.7172340968,70.24613391789,-25.));
#3474=CARTESIAN_POINT('',(-180.7172340968,70.24613391789,-25.));
#3475=CARTESIAN_POINT('',(-176.7172340968,70.24613391789,-25.));
#3476=CARTESIAN_POINT('Origin',(-176.7172340968,70.24613391789,-25.));
#3477=CARTESIAN_POINT('',(-176.7172340968,77.24613391789,-25.));
#3478=CARTESIAN_POINT('',(-176.7172340968,70.24613391789,-25.));
#3479=CARTESIAN_POINT('',(-176.7172340968,77.24613391789,-25.75));
#3480=CARTESIAN_POINT('',(-176.7172340968,77.24613391789,-25.));
#3481=CARTESIAN_POINT('',(-176.7172340968,77.24613391789,-25.75));
#3482=CARTESIAN_POINT('Origin',(-178.7172340968,79.24613391789,-27.75));
#3483=CARTESIAN_POINT('',(-180.7172340968,77.24613391789,-25.75));
#3484=CARTESIAN_POINT('',(-176.7172340968,77.24613391789,-25.75));
#3485=CARTESIAN_POINT('',(-180.7172340968,81.24613391789,-29.75));
#3486=CARTESIAN_POINT('Origin',(-176.7172340968,77.24613391789,-25.));
#3487=CARTESIAN_POINT('',(-180.7172340968,77.24613391789,-25.));
#3488=CARTESIAN_POINT('',(-176.7172340968,77.24613391789,-25.));
#3489=CARTESIAN_POINT('',(-180.7172340968,77.24613391789,-25.));
#3490=CARTESIAN_POINT('Origin',(-180.7172340968,77.24613391789,-25.));
#3491=CARTESIAN_POINT('',(-180.7172340968,77.24613391789,-25.));
#3492=CARTESIAN_POINT('Origin',(0.,0.,-25.));
#3493=CARTESIAN_POINT('',(-55.,70.24613391789,-25.));
#3494=CARTESIAN_POINT('',(-55.,77.24613391789,-25.));
#3495=CARTESIAN_POINT('',(-55.,70.24613391789,-25.));
#3496=CARTESIAN_POINT('',(-59.,70.24613391789,-25.));
#3497=CARTESIAN_POINT('',(-59.,70.24613391789,-25.));
#3498=CARTESIAN_POINT('',(-59.,77.24613391789,-25.));
#3499=CARTESIAN_POINT('',(-59.,77.24613391789,-25.));
#3500=CARTESIAN_POINT('',(-55.,77.24613391789,-25.));
#3501=CARTESIAN_POINT('Origin',(0.,0.,-25.));
#3502=CARTESIAN_POINT('Origin',(-55.,70.24613391789,-25.));
#3503=CARTESIAN_POINT('',(-55.,70.24613391789,-25.75));
#3504=CARTESIAN_POINT('',(-55.,66.24613391789,-29.75));
#3505=CARTESIAN_POINT('',(-55.,70.24613391789,-25.));
#3506=CARTESIAN_POINT('',(-55.,77.24613391789,-25.75));
#3507=CARTESIAN_POINT('',(-55.,77.24613391789,-25.));
#3508=CARTESIAN_POINT('',(-55.,77.24613391789,-25.75));
#3509=CARTESIAN_POINT('Origin',(-57.,79.24613391789,-27.75));
#3510=CARTESIAN_POINT('',(-59.,77.24613391789,-25.75));
#3511=CARTESIAN_POINT('',(-55.,77.24613391789,-25.75));
#3512=CARTESIAN_POINT('',(-59.,81.24613391789,-29.75));
#3513=CARTESIAN_POINT('Origin',(-55.,77.24613391789,-25.));
#3514=CARTESIAN_POINT('',(-59.,77.24613391789,-25.));
#3515=CARTESIAN_POINT('Origin',(-59.,77.24613391789,-25.));
#3516=CARTESIAN_POINT('',(-59.,70.24613391789,-25.75));
#3517=CARTESIAN_POINT('',(-59.,70.24613391789,-25.));
#3518=CARTESIAN_POINT('',(-59.,70.24613391789,-25.75));
#3519=CARTESIAN_POINT('Origin',(-57.,68.24613391789,-27.75));
#3520=CARTESIAN_POINT('',(-59.,70.24613391789,-25.75));
#3521=CARTESIAN_POINT('Origin',(-59.,70.24613391789,-25.));
#3522=CARTESIAN_POINT('Origin',(-137.8586170484,93.74613391789,0.));
#3523=CARTESIAN_POINT('',(-139.2086170484,93.74613391789,-1.65327317884893E-16));
#3524=CARTESIAN_POINT('Origin',(-137.8586170484,93.74613391789,0.));
#3525=CARTESIAN_POINT('',(-139.2086170484,93.74613391789,-1.65327317884893E-16));
#3526=CARTESIAN_POINT('Origin',(-97.8586170484,93.74613391789,0.));
#3527=CARTESIAN_POINT('',(-99.2086170484,93.74613391789,-1.65327317884893E-16));
#3528=CARTESIAN_POINT('Origin',(-97.8586170484,93.74613391789,0.));
#3529=CARTESIAN_POINT('',(-99.2086170484,93.74613391789,-1.65327317884893E-16));
#3530=CARTESIAN_POINT('Origin',(-51.05629574287,73.74613391789,-23.52705713283));
#3531=CARTESIAN_POINT('Origin',(-67.64616628493,145.8901339179,-27.75));
#3532=UNCERTAINTY_MEASURE_WITH_UNIT(LENGTH_MEASURE(0.01),#3536,
'DISTANCE_ACCURACY_VALUE',
'Maximum model space distance between geometric entities at asserted c
onnectivities');
#3533=UNCERTAINTY_MEASURE_WITH_UNIT(LENGTH_MEASURE(0.01),#3536,
'DISTANCE_ACCURACY_VALUE',
'Maximum model space distance between geometric entities at asserted c
onnectivities');
#3534=(
GEOMETRIC_REPRESENTATION_CONTEXT(3)
GLOBAL_UNCERTAINTY_ASSIGNED_CONTEXT((#3532))
GLOBAL_UNIT_ASSIGNED_CONTEXT((#3536,#3538,#3539))
REPRESENTATION_CONTEXT('','3D')
);
#3535=(
GEOMETRIC_REPRESENTATION_CONTEXT(3)
GLOBAL_UNCERTAINTY_ASSIGNED_CONTEXT((#3533))
GLOBAL_UNIT_ASSIGNED_CONTEXT((#3536,#3538,#3539))
REPRESENTATION_CONTEXT('','3D')
);
#3536=(
LENGTH_UNIT()
NAMED_UNIT(*)
SI_UNIT(.MILLI.,.METRE.)
);
#3537=(
LENGTH_UNIT()
NAMED_UNIT(*)
SI_UNIT($,.METRE.)
);
#3538=(
NAMED_UNIT(*)
PLANE_ANGLE_UNIT()
SI_UNIT($,.RADIAN.)
);
#3539=(
NAMED_UNIT(*)
SI_UNIT($,.STERADIAN.)
SOLID_ANGLE_UNIT()
);
#3540=SHAPE_DEFINITION_REPRESENTATION(#3541,#3542);
#3541=PRODUCT_DEFINITION_SHAPE('',$,#3544);
#3542=SHAPE_REPRESENTATION('',(#2168),#3534);
#3543=PRODUCT_DEFINITION_CONTEXT('part definition',#3548,'design');
#3544=PRODUCT_DEFINITION('2026-07-07-17-51-30-125','1-SPACE-UP',#3545,#3543);
#3545=PRODUCT_DEFINITION_FORMATION('',$,#3550);
#3546=PRODUCT_RELATED_PRODUCT_CATEGORY('1-SPACE-UP','1-SPACE-UP',(#3550));
#3547=APPLICATION_PROTOCOL_DEFINITION('international standard',
'automotive_design',2009,#3548);
#3548=APPLICATION_CONTEXT(
'Core Data for Automotive Mechanical Design Process');
#3549=PRODUCT_CONTEXT('part definition',#3548,'mechanical');
#3550=PRODUCT('2026-07-07-17-51-30-125','1-SPACE-UP','NOT SPECIFIED',(#3549));
#3551=PRESENTATION_STYLE_ASSIGNMENT((#3552));
#3552=SURFACE_STYLE_USAGE(.BOTH.,#3553);
#3553=SURFACE_SIDE_STYLE('',(#3554));
#3554=SURFACE_STYLE_FILL_AREA(#3555);
#3555=FILL_AREA_STYLE('\X2\94A2\X0\ - \X2\7F0E5149\X0\',(#3556));
#3556=FILL_AREA_STYLE_COLOUR('\X2\94A2\X0\ - \X2\7F0E5149\X0\',#3557);
#3557=COLOUR_RGB('\X2\94A2\X0\ - \X2\7F0E5149\X0\',0.627450980392157,0.627450980392157,
0.627450980392157);
ENDSEC;
END-ISO-10303-21;
